index,ACCURACY,RUNTIME,transformed_accuracy,transformed_runtime,is_pareto,pareto_layer,recent_samples_size,window_size,ev_threshold,delta,divergence_metric,sample_period,online_scaling
0,0.6,712,0.7125,0.8671752976430045,0,17,4368,250,0.651,0.717,str('kl'),0.035,FALSE
1,0.58,691,0.6875,0.8758032078238642,0,141,549,2494,0.947,0.757,str('intersection'),0.062,FALSE
2,0.58,4743,0.6875,0.3202286925001805,0,520,3362,3057,0.338,0.184,str('kl'),0.032,TRUE
3,0.58,774,0.6875,0.8431111448507427,0,178,2695,1771,0.182,0.035,str('kl'),0.054,FALSE
4,0.58,923,0.6875,0.7923606463194347,0,221,1132,3623,0.541,0.9,str('intersection'),0.085,TRUE
5,0.58,464,0.6875,0.9905367704403449,0,7,1455,817,0.48,0.496,str('intersection'),0.071,FALSE
6,0.58,501,0.6875,0.9684405687258324,0,36,4386,2154,0.382,0.989,str('intersection'),0.026,FALSE
7,0.58,521,0.6875,0.9571655941155429,0,46,685,575,0.211,0.543,str('kl'),0.099,FALSE
8,0.58,1114,0.6875,0.7381328986412714,0,266,2873,4972,0.567,0.399,str('intersection'),0.041,TRUE
9,0.6,538,0.7125,0.9479164614825444,0,7,3573,1102,0.913,0.26,str('intersection'),0.018,FALSE
10,0.58,6281,0.6875,0.2391868364763099,0,542,136,4288,0.301,0.674,str('kl'),0.076,TRUE
11,0.58,815,0.6875,0.8282332959830417,0,194,2293,1471,0.74,0.204,str('kl'),0.08,FALSE
12,0.58,647,0.6875,0.8947630333394079,0,118,3856,3293,0.1,0.855,str('intersection'),0.048,TRUE
13,0.58,756,0.6875,0.8498932423110768,0,168,3817,941,0.369,0.593,str('kl'),0.039,FALSE
14,0.58,2508,0.6875,0.5040675360517339,0,449,2254,4140,0.978,0.473,str('intersection'),0.097,TRUE
15,0.03,6607,0.0,0.22458566822405268,0,702,3887,4198,0.467,0.916,str('kl'),0.065,FALSE
16,0.58,493,0.6875,0.9730768554815978,0,29,18,1315,0.041,0.881,str('intersection'),0.056,FALSE
17,0.58,478,0.6875,0.9819758948536186,0,18,2421,3208,0.433,0.615,str('intersection'),0.02,FALSE
18,0.57,744,0.6749999999999999,0.8545048340757189,0,164,164,1036,0.618,0.021,str('intersection'),0.046,TRUE
19,0.58,2056,0.6875,0.5613943117516133,0,411,3602,4203,0.23,0.921,str('kl'),0.082,FALSE
20,0.58,753,0.6875,0.8510392503446433,0,166,3077,353,0.26,0.798,str('kl'),0.06,TRUE
21,0.58,599,0.6875,0.9169741932884209,0,92,890,4731,0.9,0.136,str('intersection'),0.024,FALSE
22,0.58,600,0.6875,0.9164935892741115,0,93,1838,1932,0.087,0.726,str('intersection'),0.043,TRUE
23,0.58,1086,0.6875,0.7454728710316771,0,260,4650,2524,0.699,0.332,str('kl'),0.097,FALSE
24,0.58,543,0.6875,0.9452515981913607,0,58,4785,726,0.053,0.225,str('intersection'),0.088,TRUE
25,0.58,1845,0.6875,0.5926290470607143,0,390,1347,3884,0.662,0.841,str('kl'),0.051,FALSE
26,0.58,6806,0.6875,0.21602269552826991,0,546,1084,1681,0.349,0.313,str('kl'),0.015,TRUE
27,0.58,792,0.6875,0.8364847726539002,0,185,2646,3552,0.99,0.629,str('intersection'),0.068,FALSE
28,0.58,949,0.6875,0.7843519480732934,0,229,3176,2248,0.52,0.525,str('intersection'),0.091,TRUE
29,0.58,1255,0.6875,0.7037667702316506,0,304,364,2830,0.133,0.408,str('kl'),0.038,FALSE
30,0.58,495,0.6875,0.9719107826067883,0,30,4084,4450,0.459,0.118,str('intersection'),0.066,FALSE
31,0.03,3596,0.0,0.40010827570851193,0,600,4671,1018,0.711,0.189,str('kl'),0.03,FALSE
32,0.58,1535,0.6875,0.6456856132046702,0,354,2912,1998,0.836,0.16,str('kl'),0.047,FALSE
33,0.58,785,0.6875,0.8390436475645807,0,183,724,2616,0.449,0.773,str('intersection'),0.079,TRUE
34,0.58,559,0.6875,0.9368857184096555,0,68,1690,414,0.509,0.37,str('intersection'),0.075,FALSE
35,0.58,4724,0.6875,0.3213868839867775,0,517,4503,4824,0.151,0.688,str('kl'),0.017,TRUE
36,0.58,694,0.6875,0.8745547445479137,0,143,4932,1619,0.598,0.863,str('intersection'),0.03,FALSE
37,0.58,3486,0.6875,0.4090718112037032,0,487,1494,3459,0.242,0.203,str('kl'),0.061,TRUE
38,0.58,547,0.6875,0.9431372836514871,0,61,1249,661,0.801,0.669,str('kl'),0.093,FALSE
39,0.58,1153,0.6875,0.7282108080927254,0,277,2812,3792,0.413,0.273,str('intersection'),0.033,TRUE
40,0.58,1185,0.6875,0.7203169103399769,0,287,2063,2342,0.27,0.08,str('kl'),0.084,FALSE
41,0.58,1603,0.6875,0.6331836714301351,0,362,4251,2893,0.882,0.978,str('intersection'),0.053,TRUE
42,0.58,1932,0.6875,0.5793382995913627,0,396,4201,2413,0.199,0.325,str('kl'),0.067,TRUE
43,0.58,572,0.6875,0.9302625956753939,0,78,2014,2983,0.587,0.741,str('intersection'),0.014,FALSE
44,0.59,791,0.7,0.8368489400762229,0,31,403,165,0.402,0.147,str('intersection'),0.05,TRUE
45,0.58,5253,0.6875,0.29075975660104025,0,528,3215,4604,0.758,0.795,str('kl'),0.087,FALSE
46,0.58,4516,0.6875,0.33437963194700226,0,513,2529,888,0.73,0.922,str('kl'),0.064,TRUE
47,0.59,504,0.7,0.9667209848268349,0,11,967,4038,0.118,0.012,str('intersection'),0.027,FALSE
48,0.58,1510,0.6875,0.6504215685750102,0,349,1308,1846,0.931,0.603,str('intersection'),0.036,TRUE
49,0.58,1705,0.6875,0.6153910472555297,0,373,4745,3705,0.291,0.456,str('kl'),0.089,FALSE
50,0.59,1175,0.7,0.722760639114252,0,39,4532,500,0.959,0.102,str('intersection'),0.081,TRUE
51,0.58,2714,0.6875,0.48129456924781167,0,462,1720,4890,0.317,0.965,str('kl'),0.045,FALSE
52,0.58,469,0.6875,0.9874500817240001,0,11,3038,2682,0.022,0.505,str('intersection'),0.073,FALSE
53,0.58,864,0.6875,0.8114033889458414,0,208,3719,1556,0.491,0.652,str('intersection'),0.095,TRUE
54,0.58,2670,0.6875,0.48601005340438885,0,458,282,3366,0.849,0.283,str('kl'),0.041,FALSE
55,0.58,2095,0.6875,0.5559737319331035,0,415,2460,1183,0.165,0.814,str('kl'),0.022,TRUE
56,0.59,503,0.7,0.9672930417909384,0,10,4022,4362,0.551,0.244,str('intersection'),0.058,FALSE
57,0.58,458,0.6875,0.9942849094062,0,3,4036,445,0.136,0.953,str('intersection'),0.091,FALSE
58,0.58,1154,0.6875,0.7279608274414119,0,278,258,1987,0.465,0.509,str('kl'),0.029,FALSE
59,0.58,1398,0.6875,0.6726480090155764,0,331,3695,2628,0.82,0.425,str('intersection'),0.065,TRUE
60,0.58,475,0.6875,0.9837891111461514,0,15,2985,1264,0.667,0.294,str('intersection'),0.088,FALSE
61,0.58,1547,0.6875,0.6434396668979092,0,356,797,3194,0.056,0.647,str('kl'),0.052,TRUE
62,0.58,4504,0.6875,0.335147362775879,0,512,1783,1011,0.994,0.24,str('kl'),0.015,FALSE
63,0.58,726,0.6875,0.8615634027476531,0,154,4596,4071,0.353,0.826,str('intersection'),0.069,TRUE
64,0.58,1970,0.6875,0.5737198329756648,0,401,4722,2272,0.897,0.745,str('kl'),0.06,FALSE
65,0.59,680,0.7,0.8804276754252658,0,27,1284,2962,0.254,0.313,str('intersection'),0.023,TRUE
66,0.58,501,0.6875,0.9684405687258324,0,36,981,145,0.693,0.783,str('intersection'),0.043,FALSE
67,0.58,2217,0.6875,0.5396460020095992,0,426,2544,4464,0.084,0.15,str('kl'),0.096,TRUE
68,0.6,553,0.7125,0.9399945740789583,0,8,3279,672,0.429,0.008,str('kl'),0.074,FALSE
69,0.58,1829,0.6875,0.5951413819152995,0,388,466,3780,0.786,0.933,str('intersection'),0.021,TRUE
70,0.59,460,0.7,0.9930301133256147,1,1,1960,1589,0.227,0.468,str('intersection'),0.046,FALSE
71,0.61,683,0.725,0.8791590903325994,0,7,4274,1836,0.307,0.191,str('intersection'),0.018,TRUE
72,0.58,4186,0.6875,0.3562740587193203,0,500,2087,3717,0.916,0.867,str('kl'),0.077,FALSE
73,0.58,664,0.6875,0.8872892799061073,0,129,496,918,0.103,0.277,str('kl'),0.079,TRUE
74,0.58,563,0.6875,0.9348315983937039,0,71,3308,4007,0.746,0.657,str('intersection'),0.049,FALSE
75,0.58,929,0.6875,0.7904926615204468,0,223,2749,235,0.773,0.562,str('intersection'),0.026,TRUE
76,0.58,2233,0.6875,0.5375715805437042,0,427,1187,4535,0.386,0.38,str('kl'),0.057,FALSE
77,0.58,8641,0.6875,0.14713828255354477,0,561,1548,2363,0.571,0.974,str('kl'),0.099,TRUE
78,0.58,480,0.6875,0.9807733820976292,0,20,4985,3033,0.214,0.092,str('intersection'),0.04,FALSE
79,0.58,3263,0.6875,0.42814507814324565,0,481,4489,1233,0.535,0.477,str('kl'),0.054,TRUE
80,0.58,522,0.6875,0.9566132443892427,0,47,1676,4313,0.18,0.581,str('intersection'),0.086,FALSE
81,0.58,1640,0.6875,0.626602000786522,0,366,748,1486,0.864,0.049,str('intersection'),0.071,TRUE
82,0.58,3110,0.6875,0.44200066573189767,0,476,2935,3435,0.475,0.885,str('kl'),0.013,FALSE
83,0.58,1157,0.6875,0.7272121820309525,0,280,3509,2053,0.006,0.77,str('kl'),0.035,TRUE
84,0.58,679,0.6875,0.8808517793133379,0,135,72,2713,0.647,0.172,str('intersection'),0.093,FALSE
85,0.58,626,0.6875,0.9042708037809937,0,107,2192,511,0.333,0.7,str('intersection'),0.063,TRUE
86,0.58,6169,0.6875,0.24437867197815333,0,540,3754,4879,0.944,0.366,str('kl'),0.031,FALSE
87,0.61,1032,0.725,0.7601784507852037,0,8,3871,1905,0.714,0.065,str('intersection'),0.011,TRUE
88,0.58,1129,0.6875,0.7342762357636718,0,272,2309,2553,0.071,0.993,str('kl'),0.069,FALSE
89,0.58,2459,0.6875,0.5097596221702996,0,445,111,361,0.884,0.402,str('kl'),0.084,TRUE
90,0.58,504,0.6875,0.9667209848268349,0,38,3548,4722,0.276,0.531,str('intersection'),0.053,FALSE
91,0.58,766,0.6875,0.8461057516812149,0,172,2818,1084,0.245,0.685,str('intersection'),0.03,TRUE
92,0.58,2170,0.6875,0.5458272928686381,0,422,631,4156,0.602,0.256,str('kl'),0.062,FALSE
93,0.58,1844,0.6875,0.5927854288818788,0,389,1637,1338,0.417,0.851,str('kl'),0.092,TRUE
94,0.58,545,0.6875,0.944192504731618,0,60,4449,3275,0.805,0.216,str('intersection'),0.034,FALSE
95,0.6,1037,0.7125,0.7587849056155451,0,20,4868,71,0.444,0.354,str('kl'),0.047,TRUE
96,0.58,648,0.6875,0.8943180021889295,0,119,1430,4383,0.833,0.705,str('intersection'),0.078,FALSE
97,0.59,863,0.7,0.8117372266278287,0,34,1148,2200,0.149,0.173,str('intersection'),0.076,TRUE
98,0.58,2256,0.6875,0.5346154821942264,0,431,2710,2877,0.504,0.761,str('kl'),0.016,FALSE
99,0.59,1361,0.7,0.6803835665053676,0,41,613,3561,0.364,0.046,str('intersection'),0.098,FALSE
100,0.58,1901,0.6875,0.5840042066752069,0,393,2126,754,0.678,0.574,str('intersection'),0.055,TRUE
101,0.58,2455,0.6875,0.510229276698515,0,444,4313,3855,0.037,0.492,str('kl'),0.025,FALSE
102,0.58,525,0.6875,0.9549625097998455,0,49,4109,825,0.851,0.829,str('intersection'),0.095,FALSE
103,0.58,1397,0.6875,0.6728543748762807,0,330,349,1744,0.556,0.633,str('kl'),0.022,FALSE
104,0.58,647,0.6875,0.8947630333394079,0,118,3161,3651,0.167,0.301,str('intersection'),0.059,TRUE
105,0.58,463,0.6875,0.9911580896122828,0,6,2583,2427,0.322,0.42,str('intersection'),0.081,FALSE
106,0.59,832,0.7,0.8222825151810442,0,33,1402,298,0.025,0.114,str('kl'),0.019,FALSE
107,0.58,1156,0.6875,0.727461514784169,0,279,4839,4629,0.636,0.952,str('intersection'),0.072,TRUE
108,0.58,694,0.6875,0.8745547445479137,0,143,4635,1423,0.116,0.619,str('kl'),0.064,FALSE
109,0.58,1276,0.6875,0.6989813028931671,0,310,1822,3341,0.724,0.439,str('intersection'),0.028,TRUE
110,0.58,464,0.6875,0.9905367704403449,0,7,914,1169,0.286,0.909,str('intersection'),0.036,FALSE
111,0.58,659,0.6875,0.8894674234065191,0,127,3656,603,0.583,0.132,str('kl'),0.067,FALSE
112,0.58,794,0.6875,0.8357578134687813,0,186,218,4944,0.195,0.81,str('intersection'),0.013,TRUE
113,0.58,487,0.6875,0.9766036119215393,0,25,2357,2146,0.755,0.344,str('intersection'),0.05,FALSE
114,0.58,6329,0.6875,0.23699004075895902,0,544,3919,2775,0.397,0.722,str('kl'),0.086,TRUE
115,0.61,467,0.725,0.9886807984884062,1,1,3933,635,0.577,0.306,str('intersection'),0.025,FALSE
116,0.58,4819,0.6875,0.3156418538064685,0,521,2370,3822,0.216,0.628,str('kl'),0.056,TRUE
117,0.58,730,0.6875,0.8599798451730206,0,157,213,1631,0.779,0.22,str('kl'),0.098,FALSE
118,0.58,784,0.6875,0.839411060273526,0,182,3650,3453,0.388,0.838,str('intersection'),0.039,TRUE
119,0.58,510,0.6875,0.9633122525554124,0,41,3110,2314,0.109,0.941,str('intersection'),0.017,FALSE
120,0.59,507,0.7,0.9650115860846988,0,12,1811,108,0.313,0.528,str('kl'),0.078,FALSE
121,0.58,1823,0.6875,0.5960891747011222,0,386,4624,4505,0.917,0.413,str('intersection'),0.047,TRUE
122,0.59,1138,0.7,0.7319867360571001,0,38,4811,1301,0.331,0.02,str('kl'),0.033,FALSE
123,0.58,2026,0.6875,0.565634387682877,0,408,1374,3152,0.938,0.914,str('intersection'),0.093,TRUE
124,0.58,532,0.6875,0.9511471218287982,0,52,1051,970,0.004,0.448,str('intersection'),0.061,FALSE
125,0.58,889,0.6875,0.8031805351737855,0,212,3128,403,0.862,0.733,str('kl'),0.053,FALSE
126,0.58,1215,0.6875,0.713107476909441,0,295,316,4830,0.469,0.333,str('intersection'),0.083,TRUE
127,0.58,534,0.6875,0.950066211786623,0,53,1947,2024,0.533,0.803,str('intersection'),0.07,FALSE
128,0.58,6705,0.6875,0.22033697212881687,0,545,4135,2586,0.174,0.139,str('kl'),0.01,TRUE
129,0.58,2183,0.6875,0.5441042868918217,0,423,4320,2095,0.996,0.542,str('intersection'),0.087,TRUE
130,0.58,1421,0.6875,0.667941870840141,0,335,2132,2677,0.359,0.392,str('kl'),0.049,FALSE
131,0.57,9098,0.6749999999999999,0.1322664498232382,0,565,599,474,0.669,0.986,str('kl'),0.014,TRUE
132,0.58,632,0.6875,0.9015221863966763,0,110,3412,4920,0.062,0.072,str('intersection'),0.067,FALSE
133,0.58,960,0.6875,0.7810294319607914,0,233,2721,1197,0.467,0.211,str('intersection'),0.089,TRUE
134,0.58,6018,0.6875,0.25152958325236385,0,538,1158,4354,0.826,0.856,str('kl'),0.037,FALSE
135,0.58,1592,0.6875,0.6351696843238973,0,360,1421,1528,0.138,0.265,str('kl'),0.027,TRUE
136,0.58,492,0.6875,0.9736616634707562,0,28,4859,3399,0.531,0.677,str('intersection'),0.065,FALSE
137,0.58,781,0.6875,0.8405161132275766,0,181,4419,193,0.221,0.75,str('kl'),0.073,TRUE
138,0.58,839,0.6875,0.8198674162013364,0,201,1606,4571,0.612,0.183,str('intersection'),0.018,FALSE
139,0.58,1233,0.6875,0.7088667086959725,0,298,659,2399,0.423,0.712,str('intersection'),0.045,TRUE
140,0.58,2682,0.6875,0.4847163524234537,0,459,2847,2991,0.784,0.347,str('kl'),0.081,FALSE
141,0.58,9447,0.6875,0.12140386145591009,0,565,3523,1872,0.687,0.497,str('kl'),0.058,TRUE
142,0.58,484,0.6875,0.9783832844298351,0,23,85,3675,0.083,0.569,str('intersection'),0.023,FALSE
143,0.58,1171,0.6875,0.7237439540140485,0,285,2341,877,0.891,0.037,str('intersection'),0.041,TRUE
144,0.58,1983,0.6875,0.5718225647669923,0,404,3904,4044,0.253,0.904,str('kl'),0.096,FALSE
145,0.58,748,0.6875,0.8529594346995386,0,164,3787,1714,0.031,0.666,str('intersection'),0.082,TRUE
146,0.58,1623,0.6875,0.6296073847272774,0,364,2224,3524,0.638,0.268,str('kl'),0.046,FALSE
147,0.58,2468,0.6875,0.5087056855982965,0,446,46,717,0.328,0.862,str('kl'),0.02,TRUE
148,0.58,592,0.6875,0.920361019259875,0,89,3484,3897,0.965,0.196,str('intersection'),0.074,FALSE
149,0.6,931,0.7125,0.7898726770845996,0,19,2964,34,0.562,0.085,str('intersection'),0.097,TRUE
150,0.58,2210,0.6875,0.5405582712303831,0,425,776,4424,0.169,0.981,str('kl'),0.043,FALSE
151,0.58,623,0.6875,0.9056549917768271,0,105,4458,2840,0.498,0.551,str('intersection'),0.059,FALSE
152,0.58,5484,0.6875,0.2783419344899202,0,531,4977,1042,0.753,0.876,str('kl'),0.068,TRUE
153,0.59,582,0.7,0.9252693457951985,0,21,1539,4193,0.392,0.058,str('intersection'),0.016,FALSE
154,0.58,1117,0.6875,0.7373574320469078,0,268,1197,1375,0.581,0.586,str('intersection'),0.051,TRUE
155,0.58,1453,0.6875,0.661519293827755,0,343,2760,3234,0.19,0.472,str('kl'),0.088,FALSE
156,0.58,1973,0.6875,0.5732808935086985,0,403,3295,1941,0.284,0.373,str('kl'),0.066,TRUE
157,0.58,565,0.6875,0.9338099950476652,0,73,482,2511,0.923,0.693,str('intersection'),0.028,FALSE
158,0.57,559,0.6749999999999999,0.9368857184096555,0,69,2093,320,0.114,0.161,str('intersection'),0.038,TRUE
159,0.58,4316,0.6875,0.3474496780347084,0,505,4281,4758,0.718,0.78,str('kl'),0.09,FALSE
160,0.57,589,0.6749999999999999,0.9218247720708316,0,88,4174,566,0.419,0.431,str('intersection'),0.032,FALSE
161,0.58,1210,0.6875,0.714296611858757,0,292,433,2188,0.247,0.095,str('kl'),0.094,FALSE
162,0.58,1815,0.6875,0.5973577597937885,0,384,3245,2738,0.608,0.964,str('intersection'),0.034,TRUE
163,0.57,646,0.6749999999999999,0.8952087517969548,0,118,2574,1465,0.886,0.817,str('intersection'),0.012,FALSE
164,0.58,4265,0.6875,0.350879459711924,0,504,1012,3304,0.282,0.249,str('kl'),0.072,TRUE
165,0.58,674,0.6875,0.882981697791681,0,134,1256,1133,0.716,0.652,str('kl'),0.085,FALSE
166,0.58,583,0.6875,0.9247747396006215,0,84,4694,4263,0.077,0.289,str('intersection'),0.055,TRUE
167,0.58,1213,0.6875,0.7135825430972017,0,293,4584,2463,0.672,0.144,str('kl'),0.04,FALSE
168,0.58,560,0.6875,0.9363708161430153,0,69,1772,3082,0.035,0.79,str('intersection'),0.099,TRUE
169,0.59,612,0.7,0.9107879145999187,0,23,806,256,0.969,0.324,str('intersection'),0.057,FALSE
170,0.58,11425,0.6875,0.0665438520075382,0,573,2993,4666,0.362,0.734,str('kl'),0.026,TRUE
171,0.58,645,0.6875,0.8956551596878125,0,117,3689,783,0.143,0.608,str('kl'),0.048,FALSE
172,0.58,921,0.6875,0.7929860044057165,0,220,252,3982,0.502,0.459,str('intersection'),0.08,TRUE
173,0.58,495,0.6875,0.9719107826067883,0,30,2487,1780,0.438,0.928,str('intersection'),0.077,FALSE
174,0.58,5997,0.6875,0.25253826456904727,0,536,3987,2211,0.482,0.786,str('kl'),0.053,TRUE
175,0.58,592,0.6875,0.920361019259875,0,89,2424,2871,0.872,0.155,str('intersection'),0.084,FALSE
176,0.62,594,0.7375,0.9193892922681286,0,4,305,45,0.184,0.746,str('intersection'),0.07,TRUE
177,0.58,4428,0.6875,0.3400576672413438,0,509,3742,4413,0.546,0.32,str('kl'),0.011,FALSE
178,0.58,12169,0.6875,0.04833809110719478,0,578,3017,768,0.949,0.463,str('kl'),0.034,TRUE
179,0.58,595,0.6875,0.9189046529537417,0,90,830,3847,0.343,0.596,str('intersection'),0.092,FALSE
180,0.59,1071,0.7,0.7494831621986267,0,36,1758,1644,0.653,0.001,str('intersection'),0.061,TRUE
181,0.58,1626,0.6875,0.6290747435845816,0,365,4571,3593,0.016,0.932,str('kl'),0.03,FALSE
182,0.58,1087,0.6875,0.7452074892714626,0,261,4747,390,0.734,0.514,str('intersection'),0.016,TRUE
183,0.58,2310,0.6875,0.5277918093467018,0,435,1309,4689,0.098,0.427,str('kl'),0.076,FALSE
184,0.59,546,0.7,0.9436644119147392,0,17,2511,2561,0.3,0.107,str('intersection'),0.048,FALSE
185,0.57,647,0.6749999999999999,0.8947630333394079,0,119,3232,1364,0.205,0.237,str('intersection'),0.025,TRUE
186,0.58,1453,0.6875,0.661519293827755,0,343,419,3245,0.565,0.821,str('kl'),0.055,FALSE
187,0.58,1198,0.6875,0.7171706868367289,0,290,2010,1073,0.376,0.293,str('kl'),0.098,TRUE
188,0.58,522,0.6875,0.9566132443892427,0,47,4198,4162,0.768,0.641,str('intersection'),0.038,FALSE
189,0.58,654,0.6875,0.8916621308948769,0,123,4227,1143,0.093,0.054,str('kl'),0.059,FALSE
190,0.58,1113,0.6875,0.7383918512328014,0,265,2040,4252,0.7,0.888,str('intersection'),0.021,TRUE
191,0.57,467,0.6749999999999999,0.9886807984884062,0,10,545,1435,0.266,0.484,str('intersection'),0.042,FALSE
192,0.58,899,0.6875,0.7999558910801019,0,216,2774,2118,0.624,0.697,str('kl'),0.072,FALSE
193,0.59,624,0.7,0.9051928577406942,0,26,1212,2808,0.232,0.361,str('intersection'),0.02,TRUE
194,0.58,523,0.6875,0.9560619497728997,0,48,1515,617,0.795,0.769,str('intersection'),0.044,FALSE
195,0.59,529,0.7,0.9527761156771003,0,15,4521,1730,0.816,0.279,str('intersection'),0.09,FALSE
196,0.58,11983,0.6875,0.05278299901994632,0,576,1709,3659,0.454,0.662,str('kl'),0.035,TRUE
197,0.58,873,0.6875,0.8084161008655553,0,210,723,853,0.518,0.192,str('kl'),0.028,FALSE
198,0.58,634,0.6875,0.9006117672066761,0,112,2910,3913,0.128,0.874,str('intersection'),0.064,TRUE
199,0.57,469,0.6749999999999999,0.9874500817240001,0,12,3459,287,0.347,0.969,str('intersection'),0.086,FALSE
200,0.58,2308,0.6875,0.5280416817812698,0,434,2239,2453,0.051,0.555,str('kl'),0.013,FALSE
201,0.58,1122,0.6875,0.7360696001736872,0,270,3801,3093,0.657,0.379,str('intersection'),0.067,TRUE
202,0.59,622,0.7,0.9061178670065994,0,25,3840,136,0.933,0.179,str('kl'),0.066,FALSE
203,0.58,698,0.6875,0.8728984837961788,0,144,2277,4477,0.297,0.762,str('intersection'),0.03,TRUE
204,0.57,525,0.6749999999999999,0.9549625097998455,0,50,140,2305,0.732,0.358,str('intersection'),0.037,FALSE
205,0.58,2149,0.6875,0.5486325246386035,0,418,3577,2934,0.124,0.708,str('kl'),0.091,TRUE
206,0.58,714,0.6875,0.8663668863471987,0,150,2871,1583,0.404,0.573,str('kl'),0.068,FALSE
207,0.58,1268,0.6875,0.7007949939770661,0,306,684,3500,0.764,0.485,str('intersection'),0.014,TRUE
208,0.58,469,0.6875,0.9874500817240001,0,11,1591,702,0.201,0.893,str('intersection'),0.052,FALSE
209,0.59,492,0.7,0.9736616634707562,0,8,4913,1956,0.159,0.403,str('intersection'),0.096,FALSE
210,0.58,9932,0.6875,0.1069565665414004,0,569,1476,2653,0.549,0.538,str('kl'),0.044,TRUE
211,0.6,898,0.7125,0.8002767389662859,0,18,1095,451,0.485,0.068,str('kl'),0.023,FALSE
212,0.58,1450,0.6875,0.6621153752318725,0,342,2657,4783,0.847,0.998,str('intersection'),0.06,TRUE
213,0.58,466,0.6875,0.9892981305823938,0,8,3397,978,0.625,0.844,str('intersection'),0.083,FALSE
214,0.58,1914,0.6875,0.5820383440200622,0,394,585,4099,0.02,0.215,str('kl'),0.045,TRUE
215,0.58,2702,0.6875,0.4825729883654811,0,460,2157,1273,0.953,0.68,str('kl'),0.021,FALSE
216,0.58,752,0.6875,0.8514222665175133,0,165,4344,3181,0.315,0.253,str('intersection'),0.074,TRUE
217,0.58,4335,0.6875,0.3461822657969337,0,506,4081,1520,0.515,0.91,str('kl'),0.049,TRUE
218,0.6,518,0.7125,0.9588290145354433,0,6,1893,3408,0.153,0.031,str('intersection'),0.079,FALSE
219,0.58,1147,0.6875,0.7297152562114324,0,275,380,1225,0.841,0.622,str('intersection'),0.077,TRUE
220,0.58,2641,0.6875,0.48916064997589337,0,456,3192,4326,0.451,0.444,str('kl'),0.017,FALSE
221,0.58,732,0.6875,0.8591913128685501,0,158,2628,541,0.047,0.337,str('kl'),0.04,TRUE
222,0.58,736,0.6875,0.8576206823586002,0,160,1066,4853,0.685,0.721,str('intersection'),0.1,FALSE
223,0.58,714,0.6875,0.8663668863471987,0,150,1348,2047,0.375,0.127,str('intersection'),0.057,TRUE
224,0.58,4525,0.6875,0.333805171114828,0,515,4786,2724,0.98,0.807,str('kl'),0.027,FALSE
225,0.58,622,0.6875,0.9061178670065994,0,104,4688,925,0.268,0.64,str('intersection'),0.012,TRUE
226,0.58,3523,0.6875,0.4060256275037305,0,488,1875,3996,0.876,0.302,str('kl'),0.071,FALSE
227,0.58,838,0.6875,0.8202111954485352,0,200,868,1805,0.067,0.834,str('kl'),0.085,TRUE
228,0.58,621,0.6875,0.9065814858113574,0,103,3056,3742,0.703,0.232,str('intersection'),0.054,FALSE
229,0.58,2289,0.6875,0.5304263225429103,0,433,3625,2371,0.799,0.113,str('intersection'),0.032,TRUE
230,0.58,1502,0.6875,0.6519536366395376,0,347,187,3019,0.407,0.945,str('kl'),0.063,FALSE
231,0.58,1001,0.6875,0.7689719388478566,0,241,2385,202,0.596,0.417,str('kl'),0.094,TRUE
232,0.58,502,0.6875,0.9678662349165907,0,37,3948,4562,0.236,0.517,str('intersection'),0.035,FALSE
233,0.63,680,0.75,0.8804276754252658,0,4,3957,215,0.294,0.043,str('intersection'),0.071,TRUE
234,0.58,9848,0.6875,0.10940755914019507,0,568,2394,4554,0.936,0.89,str('kl'),0.012,FALSE
235,0.58,1026,0.6875,0.7618596359891395,0,246,176,2382,0.123,0.487,str('kl'),0.054,TRUE
236,0.58,538,0.6875,0.9479164614825444,0,56,3614,3014,0.733,0.571,str('intersection'),0.086,FALSE
237,0.58,1114,0.6875,0.7381328986412714,0,266,3065,1816,0.763,0.71,str('intersection'),0.063,TRUE
238,0.58,1797,0.6875,0.6002326300463878,0,382,877,3736,0.405,0.356,str('kl'),0.032,FALSE
239,0.58,4730,0.6875,0.3210206369276032,0,519,1864,938,0.59,0.764,str('kl'),0.035,TRUE
240,0.58,578,0.6875,0.9272562909508504,0,81,4677,3988,0.203,0.178,str('intersection'),0.093,FALSE
241,0.58,6226,0.6875,0.24172472882628493,0,541,4797,2033,0.548,0.251,str('kl'),0.079,TRUE
242,0.58,469,0.6875,0.9874500817240001,0,11,1359,2732,0.159,0.683,str('intersection'),0.049,FALSE
243,0.57,1137,0.6749999999999999,0.7322402298317618,0,275,1057,530,0.844,0.213,str('intersection'),0.017,TRUE
244,0.58,2405,0.6875,0.5161653692218164,0,442,2620,4859,0.488,0.846,str('kl'),0.077,FALSE
245,0.58,823,0.6875,0.82541763809948,0,196,3203,1213,0.017,0.996,str('kl'),0.1,TRUE
246,0.58,905,0.6875,0.7980382584840022,0,218,391,4332,0.629,0.071,str('intersection'),0.04,FALSE
247,0.58,794,0.6875,0.8357578134687813,0,186,1884,1506,0.315,0.536,str('intersection'),0.027,TRUE
248,0.58,4169,0.6875,0.3574482244997984,0,499,4072,3416,0.955,0.405,str('kl'),0.057,FALSE
249,0.58,459,0.6875,0.9936568294109785,0,4,4355,1284,0.156,0.805,str('intersection'),0.044,FALSE
250,0.58,12041,0.6875,0.05138959305454116,0,577,2168,3174,0.512,0.129,str('kl'),0.096,TRUE
251,0.58,763,0.6875,0.8472367889638148,0,171,576,991,0.452,0.72,str('kl'),0.061,FALSE
252,0.58,1587,0.6875,0.636076955249951,0,359,3388,4090,0.841,0.339,str('intersection'),0.023,TRUE
253,0.57,555,0.6749999999999999,0.9389545634259365,0,67,2668,464,0.685,0.442,str('intersection'),0.045,FALSE
254,0.58,2277,0.6875,0.5319426271372019,0,432,1106,4774,0.045,0.624,str('kl'),0.083,TRUE
255,0.58,2710,0.6875,0.4817200800420294,0,461,1468,1967,0.983,0.03,str('kl'),0.073,FALSE
256,0.58,961,0.6875,0.7807292731777311,0,234,4905,2647,0.371,0.912,str('intersection'),0.021,TRUE
257,0.59,1296,0.7,0.6944963230633927,0,40,4412,692,0.877,0.519,str('kl'),0.029,FALSE
258,0.58,1333,0.6875,0.6863784957286008,0,320,1600,3761,0.267,0.415,str('intersection'),0.065,TRUE
259,0.58,586,0.6875,0.9232959866955578,0,87,673,1569,0.706,0.947,str('intersection'),0.091,FALSE
260,0.58,1920,0.6875,0.5811355195802697,0,395,2860,3509,0.064,0.111,str('kl'),0.037,TRUE
261,0.58,2138,0.6875,0.5501128865147873,0,417,3585,2292,0.41,0.234,str('kl'),0.015,FALSE
262,0.58,1659,0.6875,0.6232796676813456,0,370,148,2943,0.797,0.832,str('intersection'),0.069,TRUE
263,0.61,471,0.725,0.9862245909488544,0,2,2267,125,0.237,0.304,str('intersection'),0.087,FALSE
264,0.58,517,0.6875,0.9593856254001614,0,43,3790,2447,0.872,0.931,str('intersection'),0.036,FALSE
265,0.58,9792,0.6875,0.11105319521067292,0,567,2228,3104,0.483,0.003,str('kl'),0.09,TRUE
266,0.58,508,0.6875,0.9644440290799606,0,39,31,278,0.544,0.594,str('kl'),0.064,FALSE
267,0.58,720,0.6875,0.8639551510542709,0,151,3468,4649,0.188,0.464,str('intersection'),0.028,TRUE
268,0.59,511,0.7,0.9627480243328873,0,13,2899,845,0.34,0.319,str('intersection'),0.05,FALSE
269,0.58,766,0.6875,0.8461057516812149,0,172,1717,1724,0.014,0.153,str('kl'),0.068,FALSE
270,0.58,1053,0.6875,0.7543702475453636,0,251,4530,3670,0.654,0.788,str('intersection'),0.013,TRUE
271,0.58,898,0.6875,0.8002767389662859,0,215,4944,622,0.095,0.642,str('kl'),0.021,FALSE
272,0.58,1258,0.6875,0.7030782546512617,0,305,1507,4925,0.737,0.291,str('intersection'),0.059,TRUE
273,0.58,476,0.6875,0.9831834390583832,0,16,1223,2126,0.298,0.823,str('intersection'),0.095,FALSE
274,0.03,8887,0.0,0.13903777926534078,0,738,1803,2309,0.561,0.158,str('kl'),0.053,TRUE
275,0.03,493,0.0,0.9730768554815978,0,33,4615,2928,0.17,0.776,str('intersection'),0.083,FALSE
276,0.03,2142,0.0,0.5495736941227369,0,516,4820,974,0.581,0.67,str('kl'),0.098,TRUE
277,0.03,1128,0.0,0.7345317494093109,0,322,1039,1306,0.752,0.866,str('intersection'),0.025,TRUE
278,0.03,2900,0.0,0.4621707330177315,0,565,2602,3146,0.392,0.201,str('kl'),0.056,FALSE
279,0.03,1189,0.0,0.7193451833482307,0,339,3142,2029,0.113,0.082,str('kl'),0.078,TRUE
280,0.03,817,0.0,0.827526802009917,0,208,329,2580,0.72,0.977,str('intersection'),0.047,FALSE
281,0.35,751,0.39999999999999997,0.8518057916821247,0,166,1941,408,0.285,0.386,str('intersection'),0.016,TRUE
282,0.37,515,0.425,0.9605020780261263,0,44,4333,478,0.248,0.148,str('intersection'),0.044,FALSE
283,0.03,2528,0.0,0.5017761175523752,0,546,594,2100,0.419,0.328,str('kl'),0.073,FALSE
284,0.03,1246,0.0,0.7058422276740446,0,359,3406,2670,0.812,0.739,str('intersection'),0.019,TRUE
285,0.03,712,0.0,0.8671752976430045,0,161,2730,1533,0.715,0.604,str('intersection'),0.042,FALSE
286,0.03,1870,0.0,0.588746789919657,0,480,1167,3392,0.078,0.454,str('kl'),0.096,TRUE
287,0.03,4370,0.0,0.3438620299079109,0,635,1411,1201,0.887,0.924,str('kl'),0.058,FALSE
288,0.26,686,0.28750000000000003,0.8778960570524104,0,140,4848,4351,0.28,0.01,str('intersection'),0.022,TRUE
289,0.03,972,0.0,0.7774479674608292,0,268,1618,2994,0.363,0.507,str('intersection'),0.066,TRUE
290,0.52,524,0.6125,0.9555117062432118,0,49,650,188,0.673,0.099,str('intersection'),0.087,FALSE
291,0.03,2255,0.0,0.5347433805539078,0,528,2838,4578,0.034,0.967,str('kl'),0.05,TRUE
292,0.03,1620,0.0,0.6301410107231862,0,446,3529,871,0.439,0.813,str('kl'),0.027,FALSE
293,0.03,1278,0.0,0.6985296554709478,0,369,91,4050,0.83,0.245,str('intersection'),0.065,TRUE
294,0.03,461,0.0,0.9924047552393328,0,6,2328,1868,0.142,0.649,str('intersection'),0.089,FALSE
295,0.33,562,0.3750000000000001,0.9353437593868519,0,71,3773,723,0.78,0.024,str('intersection'),0.051,FALSE
296,0.03,8029,0.0,0.16833600520297998,0,726,2211,3890,0.387,0.918,str('kl'),0.089,TRUE
297,0.03,2278,0.0,0.5318159636969866,0,530,52,1718,0.576,0.451,str('kl'),0.068,FALSE
298,0.03,942,0.0,0.7864863672127554,0,253,3489,3521,0.217,0.615,str('intersection'),0.015,TRUE
299,0.03,583,0.0,0.9247747396006215,0,88,2955,2245,0.312,0.73,str('intersection'),0.038,FALSE
300,0.5,626,0.5875,0.9042708037809937,0,108,1657,40,0.109,0.798,str('kl'),0.066,FALSE
301,0.03,1341,0.0,0.6846529142417166,0,386,4469,4418,0.746,0.135,str('intersection'),0.028,TRUE
302,0.03,1466,0.0,0.6589504070478127,0,419,4965,1369,0.003,0.309,str('kl'),0.021,FALSE
303,0.03,1092,0.0,0.7438842286135067,0,308,1528,3240,0.642,0.632,str('intersection'),0.075,TRUE
304,0.29,500,0.325,0.9690160477677547,0,38,1206,1038,0.332,0.225,str('intersection'),0.082,FALSE
305,0.23,1545,0.25000000000000006,0.6438127796116718,0,356,3288,315,0.535,0.937,str('kl'),0.024,FALSE
306,0.03,669,0.0,0.885127452240502,0,138,476,4762,0.173,0.121,str('intersection'),0.059,TRUE
307,0.03,922,0.0,0.7926731559806124,0,243,2107,1936,0.861,0.525,str('intersection'),0.097,FALSE
308,0.03,5917,0.0,0.256413484174318,0,685,4294,2518,0.47,0.409,str('kl'),0.043,TRUE
309,0.03,1054,0.0,0.7540965608070741,0,291,4168,2182,0.668,0.754,str('intersection'),0.057,TRUE
310,0.03,1884,0.0,0.5865953225467224,0,485,1980,2745,0.063,0.188,str('kl'),0.026,FALSE
311,0.03,8106,0.0,0.16558176683898096,0,727,446,562,0.997,0.716,str('kl'),0.04,TRUE
312,0.03,547,0.0,0.9431372836514871,0,63,3259,4989,0.358,0.35,str('intersection'),0.099,FALSE
313,0.03,559,0.0,0.9368857184096555,0,74,2563,1129,0.139,0.493,str('intersection'),0.076,TRUE
314,0.03,11262,0.0,0.07069062271434823,0,760,1000,4266,0.53,0.566,str('kl'),0.018,FALSE
315,0.03,3170,0.0,0.4364875535989968,0,580,1265,1460,0.465,0.034,str('kl'),0.049,TRUE
316,0.03,965,0.0,0.7795317501155754,0,261,4702,3311,0.827,0.9,str('intersection'),0.08,FALSE
317,0.03,802,0.0,0.832868150840697,0,204,4576,262,0.424,0.546,str('kl'),0.094,TRUE
318,0.03,858,0.0,0.8134122321648009,0,224,1763,4659,0.783,0.395,str('intersection'),0.034,FALSE
319,0.03,650,0.0,0.8934299933532606,0,130,817,2468,0.22,0.99,str('intersection'),0.032,TRUE
320,0.03,6095,0.0,0.24786095711668565,0,689,3005,3079,0.613,0.077,str('kl'),0.062,FALSE
321,0.03,13653,0.0,0.015131871481751213,0,786,3676,1784,0.891,0.207,str('kl'),0.085,TRUE
322,0.03,539,0.0,0.9473815166697038,0,58,238,3607,0.254,0.851,str('intersection'),0.055,FALSE
323,0.31,992,0.3500000000000001,0.7715758901419907,0,239,2493,789,0.688,0.261,str('intersection'),0.012,TRUE
324,0.03,2438,0.0,0.5122338792200922,0,540,4056,3975,0.082,0.673,str('kl'),0.072,FALSE
325,0.52,683,0.6125,0.8791590903325994,0,138,4003,48,0.731,0.399,str('kl'),0.078,FALSE
326,0.03,639,0.0,0.8983482054548645,0,123,2440,4409,0.125,0.535,str('intersection'),0.048,TRUE
327,0.03,1065,0.0,0.7511030129089001,0,297,301,2218,0.934,0.065,str('intersection'),0.016,FALSE
328,0.03,3626,0.0,0.3977112300026132,0,601,3738,2866,0.296,0.994,str('kl'),0.076,TRUE
329,0.03,836,0.0,0.8208999849017297,0,217,3018,1651,0.201,0.847,str('kl'),0.098,FALSE
330,0.03,1019,0.0,0.7638334771050189,0,280,831,3588,0.592,0.219,str('intersection'),0.038,TRUE
331,0.16,521,0.1625,0.9571655941155429,0,47,1740,771,0.403,0.685,str('intersection'),0.025,FALSE
332,0.24,544,0.2625,0.9447215656385288,0,60,4765,1888,0.486,0.176,str('intersection'),0.07,FALSE
333,0.06,612,0.0375,0.9107879145999187,0,103,948,383,0.157,0.354,str('kl'),0.053,FALSE
334,0.03,992,0.0,0.7715758901419907,0,273,2510,4695,0.55,0.704,str('intersection'),0.084,TRUE
335,0.03,1025,0.0,0.7621407881242804,0,281,3235,1066,0.952,0.578,str('intersection'),0.062,FALSE
336,0.03,7166,0.0,0.20114936706247932,0,709,423,4167,0.317,0.489,str('kl'),0.03,TRUE
337,0.03,3333,0.0,0.4220211184318228,0,590,1994,1361,0.627,0.896,str('kl'),0.033,FALSE
338,0.3,593,0.3375000000000001,0.919874746787802,0,90,4182,3249,0.019,0.046,str('intersection'),0.092,TRUE
339,0.03,565,0.0,0.9338099950476652,0,77,2044,3339,0.45,0.297,str('intersection'),0.063,FALSE
340,0.03,885,0.0,0.804480549281406,0,234,529,1137,0.514,0.83,str('intersection'),0.09,TRUE
341,0.03,2740,0.0,0.47854393671761264,0,559,3342,4258,0.154,0.229,str('kl'),0.036,FALSE
342,0.29,2889,0.325,0.4632671353320148,0,471,2793,610,0.373,0.118,str('kl'),0.013,TRUE
343,0.03,1443,0.0,0.663511038405893,0,414,1230,4941,0.981,0.948,str('intersection'),0.068,FALSE
344,0.03,574,0.0,0.9292570105329557,0,83,1514,2115,0.048,0.42,str('intersection'),0.086,TRUE
345,0.03,6289,0.0,0.23881954066612665,0,694,4952,2812,0.683,0.521,str('kl'),0.051,FALSE
346,0.03,551,0.0,0.9410383460806826,0,67,4523,856,0.066,0.906,str('intersection'),0.042,TRUE
347,0.03,12199,0.0,0.0476275384859014,0,777,1710,3909,0.704,0.028,str('kl'),0.094,FALSE
348,0.03,1474,0.0,0.6573808442729105,0,421,704,1736,0.269,0.619,str('kl'),0.059,TRUE
349,0.03,1025,0.0,0.7621407881242804,0,281,2892,3654,0.875,0.44,str('intersection'),0.022,FALSE
350,0.03,1105,0.0,0.7404718792916716,0,316,3476,2459,0.597,0.34,str('intersection'),0.044,TRUE
351,0.03,1620,0.0,0.6301410107231862,0,446,38,3088,0.235,0.726,str('kl'),0.082,FALSE
352,0.04,1938,0.012500000000000004,0.578443869193953,0,398,2235,290,0.799,0.131,str('kl'),0.072,TRUE
353,0.03,659,0.0,0.8894674234065191,0,135,3797,4631,0.408,0.81,str('intersection'),0.02,FALSE
354,0.03,2330,0.0,0.5253049120636253,0,533,3836,2299,0.186,0.511,str('kl'),0.023,TRUE
355,0.03,607,0.0,0.9131515858293391,0,103,2274,2940,0.546,0.423,str('intersection'),0.061,FALSE
356,0.18,658,0.1875,0.8899050317449471,0,127,155,133,0.481,0.955,str('intersection'),0.096,TRUE
357,0.15,6861,0.15,0.21370018019016446,0,547,2853,699,0.652,0.242,str('kl'),0.021,TRUE
358,0.03,479,0.0,0.9813740121664437,0,21,665,3759,0.016,0.825,str('intersection'),0.073,FALSE
359,0.03,1418,0.0,0.6685513803463037,0,409,1592,1576,0.95,0.296,str('intersection'),0.083,TRUE
360,0.03,3453,0.0,0.41181607255182795,0,597,4405,3505,0.342,0.645,str('kl'),0.045,FALSE
361,0.03,1159,0.0,0.7267141618143618,0,327,4912,458,0.906,0.782,str('intersection'),0.037,TRUE
362,0.03,5625,0.0,0.2710167329076608,0,671,1475,4777,0.3,0.152,str('kl'),0.092,FALSE
363,0.03,10240,0.0,0.09814358729940387,0,752,1113,1959,0.735,0.743,str('kl'),0.065,TRUE
364,0.27,490,0.30000000000000004,0.9748348465655448,0,29,2676,2649,0.097,0.316,str('intersection'),0.029,FALSE
365,0.24,695,0.2625,0.8741397874039638,0,144,3381,1276,0.377,0.466,str('intersection'),0.052,TRUE
366,0.03,11461,0.0,0.06563597855872993,0,762,568,3176,0.767,0.6,str('kl'),0.087,FALSE
367,0.18,744,0.1875,0.8545048340757189,0,166,2161,985,0.204,0.006,str('kl'),0.069,TRUE
368,0.03,623,0.0,0.9056549917768271,0,116,4348,4093,0.566,0.936,str('intersection'),0.014,FALSE
369,0.03,694,0.0,0.8745547445479137,0,149,4065,1231,0.265,0.275,str('kl'),0.085,FALSE
370,0.03,1819,0.0,0.5967227702221178,0,475,1877,4320,0.903,0.659,str('intersection'),0.054,TRUE
371,0.46,463,0.5375000000000001,0.9911580896122828,0,7,384,1523,0.094,0.189,str('intersection'),0.012,FALSE
372,0.03,5097,0.0,0.29945864009208256,0,652,2627,2050,0.796,0.973,str('kl'),0.093,FALSE
373,0.26,729,0.28750000000000003,0.8603749207225987,0,157,1065,2720,0.434,0.093,str('intersection'),0.035,TRUE
374,0.25,567,0.275,0.9327919952482516,0,77,1367,548,0.623,0.559,str('intersection'),0.032,FALSE
375,0.03,5634,0.0,0.2705554196409681,0,672,4804,4848,0.233,0.382,str('kl'),0.063,TRUE
376,0.29,536,0.325,0.9489893350002503,0,56,4669,1798,0.519,0.05,str('intersection'),0.077,FALSE
377,0.03,3984,0.0,0.3705446440983837,0,616,1857,3747,0.126,0.883,str('kl'),0.017,TRUE
378,0.03,3342,0.0,0.42124309675498084,0,591,870,921,0.814,0.48,str('kl'),0.049,FALSE
379,0.03,903,0.0,0.7986760546416946,0,239,3057,4001,0.454,0.579,str('intersection'),0.079,TRUE
380,0.33,466,0.3750000000000001,0.9892981305823938,0,9,3621,199,0.05,0.701,str('intersection'),0.057,FALSE
381,0.03,1877,0.0,0.5876690514000582,0,483,2401,2365,0.348,0.772,str('kl'),0.04,FALSE
382,0.03,1601,0.0,0.6335437496351706,0,443,3964,3025,0.984,0.169,str('intersection'),0.1,TRUE
383,0.03,601,0.0,0.9160137842693381,0,99,3955,2378,0.544,0.647,str('intersection'),0.017,FALSE
384,0.03,2154,0.0,0.5479621349204445,0,518,2393,3017,0.186,0.295,str('kl'),0.077,TRUE
385,0.03,1167,0.0,0.7247306306807233,0,330,195,210,0.871,0.827,str('kl'),0.079,FALSE
386,0.03,951,0.0,0.7837450022262535,0,254,3632,4561,0.484,0.239,str('intersection'),0.049,TRUE
387,0.5,545,0.5875,0.944192504731618,0,61,3049,933,0.014,0.105,str('intersection'),0.027,FALSE
388,0.03,1408,0.0,0.670592425938815,0,405,1868,1812,0.341,0.425,str('kl'),0.1,FALSE
389,0.03,1459,0.0,0.6603308118027005,0,418,4680,3739,0.951,0.508,str('intersection'),0.04,TRUE
390,0.03,864,0.0,0.8114033889458414,0,227,4793,535,0.298,0.934,str('kl'),0.054,FALSE
391,0.03,2003,0.0,0.5689278299279585,0,500,1356,4856,0.909,0.008,str('intersection'),0.085,TRUE
392,0.03,549,0.0,0.9420859067368154,0,64,1073,2039,0.096,0.598,str('intersection'),0.071,FALSE
393,0.03,5218,0.0,0.29268874163709,0,658,3185,1512,0.766,0.314,str('kl'),0.035,FALSE
394,0.03,750,0.0,0.8521898271930806,0,180,373,3409,0.378,0.744,str('intersection'),0.094,TRUE
395,0.29,559,0.325,0.9368857184096555,0,71,1886,1218,0.563,0.15,str('intersection'),0.063,FALSE
396,0.03,4664,0.0,0.32507514688521955,0,646,4073,4329,0.207,0.784,str('kl'),0.032,TRUE
397,0.03,1181,0.0,0.7212919201994161,0,337,4337,996,0.904,0.38,str('intersection'),0.091,TRUE
398,0.03,4448,0.0,0.3387573602708027,0,638,2150,4087,0.264,0.561,str('kl'),0.037,FALSE
399,0.03,11267,0.0,0.07056253135194313,0,761,577,1290,0.702,0.091,str('kl'),0.03,TRUE
400,0.03,487,0.0,0.9766036119215393,0,27,3390,3168,0.091,0.975,str('intersection'),0.065,FALSE
401,0.03,830,0.0,0.8229762718706393,0,215,2665,1973,0.437,0.868,str('intersection'),0.088,TRUE
402,0.03,8987,0.0,0.1358088057315251,0,740,1102,2640,0.793,0.191,str('kl'),0.052,FALSE
403,0.23,1620,0.25000000000000006,0.6301410107231862,0,364,1483,469,0.234,0.657,str('kl'),0.014,TRUE
404,0.03,679,0.0,0.8808517793133379,0,142,4921,4771,0.622,0.277,str('intersection'),0.068,FALSE
405,0.03,797,0.0,0.834670796575811,0,202,4397,1565,0.129,0.171,str('kl'),0.06,TRUE
406,0.03,615,0.0,0.9093789485277537,0,110,1584,3512,0.516,0.77,str('intersection'),0.023,FALSE
407,0.26,710,0.28750000000000003,0.8679859797600391,0,149,676,686,0.456,0.367,str('intersection'),0.044,TRUE
408,0.18,955,0.1875,0.7825349264748656,0,231,3584,120,0.659,0.58,str('kl'),0.074,TRUE
409,0.03,484,0.0,0.9783832844298351,0,25,147,4490,0.049,0.478,str('intersection'),0.021,FALSE
410,0.03,1603,0.0,0.6331836714301351,0,445,2285,2288,0.986,0.885,str('intersection'),0.045,TRUE
411,0.03,2664,0.0,0.4866590851109792,0,555,3847,2946,0.345,0.049,str('kl'),0.082,FALSE
412,0.3,561,0.3375000000000001,0.9358568308889114,0,71,3808,284,0.122,0.255,str('intersection'),0.095,TRUE
413,0.03,4623,0.0,0.3276228452901394,0,645,29,2451,0.295,0.217,str('kl'),0.021,TRUE
414,0.03,1061,0.0,0.7521879865322163,0,294,3467,3101,0.935,0.849,str('intersection'),0.059,FALSE
415,0.03,921,0.0,0.7929860044057165,0,242,2903,1728,0.591,0.991,str('intersection'),0.081,TRUE
416,0.03,2055,0.0,0.5615346485615257,0,510,715,3667,0.203,0.067,str('kl'),0.044,FALSE
417,0.03,567,0.0,0.9327919952482516,0,79,4514,3920,0.406,0.401,str('intersection'),0.072,FALSE
418,0.03,567,0.0,0.9327919952482516,0,79,1522,2801,0.487,0.894,str('intersection'),0.028,FALSE
419,0.03,1523,0.0,0.6479491749564817,0,430,4505,3413,0.965,0.357,str('intersection'),0.036,TRUE
420,0.03,891,0.0,0.8025327175192942,0,235,2054,1220,0.414,0.734,str('kl'),0.091,FALSE
421,0.21,483,0.225,0.9789789557329361,0,24,3609,1879,0.136,0.766,str('intersection'),0.02,FALSE
422,0.03,703,0.0,0.8708414355729628,0,154,3016,4248,0.27,0.966,str('intersection'),0.048,TRUE
423,0.03,3709,0.0,0.3911813018721968,0,603,428,1440,0.844,0.091,str('kl'),0.078,FALSE
424,0.03,1189,0.0,0.7193451833482307,0,339,1484,2639,0.054,0.532,str('kl'),0.063,TRUE
425,0.27,564,0.30000000000000004,0.9343203446835697,0,73,3838,467,0.565,0.409,str('intersection'),0.031,FALSE
426,0.03,3182,0.0,0.43539745733074653,0,581,4095,4423,0.119,0.008,str('kl'),0.013,TRUE
427,0.03,584,0.0,0.9242809796103834,0,89,1839,2241,0.512,0.879,str('intersection'),0.068,FALSE
428,0.03,742,0.0,0.855280648101771,0,176,5,3675,0.338,0.494,str('intersection'),0.096,TRUE
429,0.03,3193,0.0,0.4344018066387184,0,582,2808,877,0.795,0.621,str('kl'),0.043,FALSE
430,0.58,520,0.6875,0.9577190029982469,0,45,682,108,0.193,0.304,str('intersection'),0.056,FALSE
431,0.03,1318,0.0,0.6896420357126242,0,377,2441,3982,0.893,0.822,str('intersection'),0.085,TRUE
432,0.03,1805,0.0,0.5989513731411209,0,473,4756,1779,0.475,0.196,str('kl'),0.052,FALSE
433,0.03,609,0.0,0.9122037930435165,0,105,4924,3901,0.538,0.524,str('intersection'),0.059,FALSE
434,0.03,1320,0.0,0.6892047588957915,0,378,2258,1708,0.083,0.402,str('kl'),0.022,TRUE
435,0.03,9239,0.0,0.1278285006817177,0,743,890,3005,0.755,0.974,str('kl'),0.052,FALSE
436,0.27,720,0.30000000000000004,0.8639551510542709,0,152,3165,179,0.361,0.099,str('intersection'),0.087,TRUE
437,0.24,495,0.2625,0.9719107826067883,0,31,2517,3447,0.234,0.167,str('intersection'),0.07,FALSE
438,0.12,10383,0.1125,0.09414156650933714,0,571,300,639,0.651,0.789,str('kl'),0.013,TRUE
439,0.03,7991,0.0,0.1697049879806174,0,725,1588,4650,0.45,0.334,str('kl'),0.039,FALSE
440,0.03,1871,0.0,0.5885925806486101,0,481,4352,2478,0.931,0.71,str('intersection'),0.099,TRUE
441,0.03,2313,0.0,0.5274174058642708,0,531,3967,2723,0.378,0.861,str('kl'),0.083,FALSE
442,0.03,1473,0.0,0.6575765734387021,0,420,1340,542,0.991,0.235,str('intersection'),0.045,TRUE
443,0.03,933,0.0,0.7892540216624957,0,247,519,4163,0.159,0.637,str('intersection'),0.029,FALSE
444,0.03,6123,0.0,0.24653838949456142,0,691,2911,1364,0.708,0.265,str('kl'),0.064,TRUE
445,0.03,770,0.0,0.8446045641930029,0,189,1101,2120,0.312,0.566,str('intersection'),0.035,TRUE
446,0.2,1174,0.21250000000000002,0.7230061539260791,0,286,1999,3182,0.603,0.062,str('intersection'),0.017,FALSE
447,0.03,750,0.0,0.8521898271930806,0,180,4567,979,0.03,0.934,str('kl'),0.077,TRUE
448,0.03,552,0.0,0.9405159882115697,0,68,4642,4790,0.321,0.696,str('intersection'),0.066,FALSE
449,0.03,2014,0.0,0.5673480155412283,0,504,1173,3346,0.105,0.803,str('kl'),0.046,FALSE
450,0.25,812,0.275,0.8292962903483094,0,194,3507,1165,0.529,0.177,str('intersection'),0.08,TRUE
451,0.03,1263,0.0,0.7019343663368806,0,364,2839,2559,0.875,0.121,str('intersection'),0.075,FALSE
452,0.18,2738,0.1875,0.47875459559112477,0,464,603,357,0.489,0.992,str('kl'),0.018,TRUE
453,0.03,12460,0.0,0.04151845104743068,0,779,1265,4308,0.658,0.381,str('kl'),0.034,FALSE
454,0.03,722,0.0,0.8631556972358665,0,163,4048,1492,0.21,0.507,str('intersection'),0.094,TRUE
455,0.03,10625,0.0,0.08749283459595636,0,755,4270,3632,0.73,0.908,str('kl'),0.088,FALSE
456,0.53,570,0.625,0.9312716968569505,0,78,1663,807,0.15,0.032,str('intersection'),0.05,TRUE
457,0.03,1196,0.0,0.7176524943674922,0,343,216,4523,0.951,0.591,str('intersection'),0.024,FALSE
458,0.03,4535,0.0,0.33316821953450426,0,640,2589,2331,0.432,0.468,str('kl'),0.059,TRUE
459,0.03,2663,0.0,0.48676739910883426,0,554,3250,4027,0.037,0.268,str('kl'),0.098,FALSE
460,0.03,963,0.0,0.7801298905242874,0,260,818,1857,0.578,0.644,str('intersection'),0.041,TRUE
461,0.03,693,0.0,0.8749702991825578,0,148,2339,2820,0.257,0.234,str('intersection'),0.01,FALSE
462,0.03,794,0.0,0.8357578134687813,0,201,4828,3053,0.176,0.435,str('intersection'),0.041,TRUE
463,0.03,939,0.0,0.787405972804102,0,251,2357,254,0.694,0.562,str('kl'),0.096,FALSE
464,0.03,7623,0.0,0.18330968053699814,0,716,756,3795,0.392,0.066,str('kl'),0.068,TRUE
465,0.03,1237,0.0,0.7079327187419819,0,357,3305,1614,0.973,0.937,str('intersection'),0.015,FALSE
466,0.03,1169,0.0,0.7242368706904851,0,331,2734,4610,0.62,0.763,str('intersection'),0.054,TRUE
467,0.03,1197,0.0,0.7174114900579563,0,344,87,2407,0.017,0.138,str('kl'),0.084,FALSE
468,0.08,506,0.06250000000000001,0.9655802614290857,0,40,4179,730,0.295,0.363,str('intersection'),0.024,FALSE
469,0.03,493,0.0,0.9730768554815978,0,33,1556,1256,0.347,0.832,str('intersection'),0.074,FALSE
470,0.03,1172,0.0,0.7234978110192576,0,333,346,2786,0.552,0.291,str('intersection'),0.089,TRUE
471,0.03,699,0.0,0.8724858995316327,0,152,3090,593,0.065,0.667,str('kl'),0.037,FALSE
472,0.03,9581,0.0,0.11733939551050154,0,748,3691,3266,0.468,0.599,str('kl'),0.031,TRUE
473,0.03,942,0.0,0.7864863672127554,0,253,1005,1095,0.917,0.476,str('intersection'),0.061,FALSE
474,0.03,717,0.0,0.8651584994713021,0,162,2138,4870,0.249,0.9,str('intersection'),0.08,TRUE
475,0.03,3126,0.0,0.4405201744113957,0,578,4433,2062,0.634,0.025,str('kl'),0.048,FALSE
476,0.03,3037,0.0,0.44885348175667605,0,576,4380,4357,0.203,0.841,str('kl'),0.026,FALSE
477,0.03,1260,0.0,0.7026201551203204,0,363,2183,1559,0.683,0.216,str('intersection'),0.055,TRUE
478,0.03,576,0.0,0.9282549170126236,0,85,970,2529,0.482,0.657,str('intersection'),0.085,FALSE
479,0.03,3812,0.0,0.3832780904023255,0,608,3714,348,0.899,0.285,str('kl'),0.054,TRUE
480,0.03,11679,0.0,0.0601984850430064,0,767,3066,3298,0.508,0.482,str('kl'),0.014,FALSE
481,0.03,552,0.0,0.9405159882115697,0,68,381,1095,0.113,0.609,str('intersection'),0.069,TRUE
482,0.24,1015,0.2625,0.7649674771648007,0,245,1512,4818,0.786,0.019,str('intersection'),0.095,FALSE
483,0.03,2923,0.0,0.4598916273332243,0,568,3807,2003,0.33,0.891,str('kl'),0.043,TRUE
484,0.03,857,0.0,0.8137484030169024,0,223,4204,2887,0.854,0.552,str('intersection'),0.049,FALSE
485,0.29,649,0.325,0.8938736562291004,0,120,1734,62,0.281,0.429,str('kl'),0.078,TRUE
486,0.03,9415,0.0,0.12238300622512843,0,744,130,4019,0.572,0.947,str('kl'),0.062,FALSE
487,0.33,551,0.3750000000000001,0.9410383460806826,0,65,2679,1825,0.06,0.071,str('intersection'),0.03,TRUE
488,0.03,792,0.0,0.8364847726539002,0,200,3359,4454,0.41,0.132,str('intersection'),0.036,FALSE
489,0.03,2053,0.0,0.5618155270692413,0,509,2391,3643,0.127,0.369,str('kl'),0.073,FALSE
490,0.03,1182,0.0,0.7210478587523994,0,338,4803,835,0.74,0.745,str('intersection'),0.021,TRUE
491,0.03,5266,0.0,0.290046547537251,0,659,4894,3557,0.302,0.043,str('kl'),0.093,TRUE
492,0.03,703,0.0,0.8708414355729628,0,154,2286,759,0.812,0.914,str('intersection'),0.035,FALSE
493,0.03,679,0.0,0.8808517793133379,0,142,842,4540,0.023,0.459,str('intersection'),0.016,TRUE
494,0.03,4280,0.0,0.34986646237882446,0,631,3215,2359,0.596,0.585,str('kl'),0.077,FALSE
495,0.03,499,0.0,0.9695926766187171,0,35,192,1583,0.384,0.277,str('intersection'),0.044,FALSE
496,0.03,1101,0.0,0.7415175421888367,0,314,1716,3119,0.717,0.849,str('intersection'),0.029,TRUE
497,0.13,540,0.12500000000000003,0.9468475615795614,0,59,4226,304,0.167,0.224,str('kl'),0.065,FALSE
498,0.03,1456,0.0,0.6609244410361279,0,417,4015,4898,0.641,0.314,str('intersection'),0.069,TRUE
499,0.03,2906,0.0,0.46157444635127665,0,567,1290,2073,0.223,0.691,str('kl'),0.012,FALSE
500,0.03,608,0.0,0.9126773003587547,0,104,2883,1025,0.444,0.809,str('intersection'),0.1,FALSE
501,0.03,649,0.0,0.8938736562291004,0,129,3463,2755,0.087,0.986,str('intersection'),0.06,TRUE
502,0.25,1817,0.275,0.5970400903683217,0,385,1227,584,0.544,0.111,str('kl'),0.022,FALSE
503,0.03,9514,0.0,0.11936447342622214,0,747,1892,4131,0.37,0.513,str('kl'),0.051,TRUE
504,0.03,759,0.0,0.8487517669513163,0,184,4675,1323,0.763,0.39,str('intersection'),0.086,FALSE
505,0.03,11847,0.0,0.056076921950659275,0,770,4591,2591,0.589,0.246,str('kl'),0.098,TRUE
506,0.22,468,0.23750000000000002,0.9880647840733158,0,13,1964,398,0.047,0.867,str('intersection'),0.04,FALSE
507,0.03,1828,0.0,0.595299131382959,0,476,1145,4276,0.867,0.256,str('intersection'),0.011,TRUE
508,0.03,731,0.0,0.8595853097132206,0,168,3538,1450,0.264,0.632,str('kl'),0.072,FALSE
509,0.03,3814,0.0,0.38312675183362555,0,609,2965,4754,0.145,0.571,str('kl'),0.089,TRUE
510,0.03,692,0.0,0.8753864530310138,0,147,474,1945,0.726,0.448,str('intersection'),0.05,FALSE
511,0.03,826,0.0,0.8243688084391553,0,212,1374,3382,0.424,0.927,str('intersection'),0.023,TRUE
512,0.03,5691,0.0,0.26765076888380135,0,676,3943,1211,0.942,0.052,str('kl'),0.058,FALSE
513,0.03,1038,0.0,0.7585070022297022,0,284,4298,3913,0.5,0.392,str('intersection'),0.076,TRUE
514,0.03,2986,0.0,0.45373948553907917,0,572,267,2935,0.217,0.109,str('kl'),0.033,TRUE
515,0.27,559,0.30000000000000004,0.9368857184096555,0,72,2542,136,0.665,0.98,str('intersection'),0.094,FALSE
516,0.03,1233,0.0,0.7088667086959725,0,356,3140,3742,0.803,0.783,str('intersection'),0.065,TRUE
517,0.04,1653,0.012500000000000004,0.6243246995192571,0,370,923,926,0.317,0.157,str('kl'),0.027,FALSE
518,0.23,465,0.25000000000000006,0.9899167860044978,0,8,4978,2211,0.096,0.343,str('intersection'),0.081,FALSE
519,0.34,713,0.3875000000000001,0.8667708089378326,0,150,2465,2448,0.458,0.013,str('intersection'),0.062,TRUE
520,0.03,646,0.0,0.8952087517969548,0,126,629,3514,0.627,0.61,str('intersection'),0.079,FALSE
521,0.03,960,0.0,0.7810294319607914,0,259,3431,689,0.241,0.488,str('kl'),0.047,TRUE
522,0.03,4285,0.0,0.34952958520283905,0,632,2763,3016,0.353,0.311,str('kl'),0.019,FALSE
523,0.09,906,0.075,0.7977198881881777,0,220,58,207,0.777,0.687,str('intersection'),0.073,TRUE
524,0.24,572,0.2625,0.9302625956753939,0,79,1816,3831,0.073,0.191,str('intersection'),0.09,FALSE
525,0.03,6133,0.0,0.2460675089138442,0,692,4130,1660,0.561,0.813,str('kl'),0.038,TRUE
526,0.03,476,0.0,0.9831834390583832,0,18,3881,3151,0.005,0.723,str('intersection'),0.054,FALSE
527,0.03,2575,0.0,0.4964618344840981,0,552,1430,970,0.61,0.351,str('kl'),0.083,TRUE
528,0.03,6440,0.0,0.23197309609003125,0,700,453,4985,0.288,0.775,str('kl'),0.057,FALSE
529,0.03,1298,0.0,0.6940516347721801,0,374,2982,2186,0.829,0.149,str('intersection'),0.025,TRUE
530,0.22,674,0.23750000000000002,0.882981697791681,0,136,3642,4191,0.699,0.086,str('intersection'),0.042,FALSE
531,0.03,955,0.0,0.7825349264748656,0,257,1054,1375,0.181,0.957,str('kl'),0.097,TRUE
532,0.29,704,0.325,0.8704317795156811,0,146,4462,473,0.401,0.542,str('intersection'),0.015,TRUE
533,0.03,628,0.0,0.9033516863038437,0,118,2078,2324,0.169,0.623,str('intersection'),0.045,TRUE
534,0.03,1685,0.0,0.6187944197606942,0,457,1022,3602,0.994,0.002,str('intersection'),0.028,FALSE
535,0.03,1346,0.0,0.6835796417370306,0,387,3668,793,0.39,0.877,str('kl'),0.066,TRUE
536,0.03,1505,0.0,0.6513781575976152,0,426,2991,2850,0.017,0.824,str('kl'),0.094,FALSE
537,0.03,597,0.0,0.9179378090213621,0,97,1417,4056,0.3,0.675,str('intersection'),0.017,FALSE
538,0.03,13346,0.0,0.021694949142585296,0,785,3887,1862,0.818,0.299,str('kl'),0.075,TRUE
539,0.03,559,0.0,0.9368857184096555,0,74,4119,3340,0.372,0.146,str('intersection'),0.059,FALSE
540,0.03,3288,0.0,0.4259430024216413,0,586,65,4777,0.093,0.356,str('kl'),0.05,FALSE
541,0.03,935,0.0,0.7886366895685083,0,248,2750,1961,0.542,0.728,str('intersection'),0.088,TRUE
542,0.03,1353,0.0,0.682083734272924,0,390,3401,4321,0.925,0.538,str('intersection'),0.071,FALSE
543,0.03,11478,0.0,0.06520825127183627,0,763,657,1523,0.438,0.412,str('kl'),0.01,TRUE
544,0.03,5680,0.0,0.2682090437581197,0,675,2491,2566,0.647,0.96,str('kl'),0.04,FALSE
545,0.44,611,0.5125000000000001,0.9112591026946208,0,100,4688,384,0.221,0.089,str('intersection'),0.099,TRUE
546,0.3,493,0.3375000000000001,0.9730768554815978,0,30,2206,625,0.336,0.26,str('intersection'),0.067,FALSE
547,0.03,908,0.0,0.7970841992882198,0,240,917,4089,0.502,0.863,str('intersection'),0.096,TRUE
548,0.03,922,0.0,0.7926731559806124,0,243,3154,1282,0.115,0.241,str('kl'),0.041,FALSE
549,0.03,971,0.0,0.7777447311310888,0,267,238,2036,0.905,0.931,str('intersection'),0.057,FALSE
550,0.03,704,0.0,0.8704317795156811,0,155,1606,3255,0.197,0.445,str('intersection'),0.084,TRUE
551,0.03,1890,0.0,0.5856781523556442,0,487,4331,1062,0.685,0.568,str('kl'),0.055,FALSE
552,0.03,707,0.0,0.8692062887405353,0,157,3915,3828,0.133,0.968,str('intersection'),0.037,TRUE
553,0.03,3209,0.0,0.432959691738508,0,583,1405,1625,0.738,0.097,str('kl'),0.089,FALSE
554,0.03,6670,0.0,0.22184719349178905,0,704,507,3078,0.412,0.53,str('kl'),0.074,TRUE
555,0.22,1057,0.23750000000000002,0.7532770544053193,0,253,2939,263,0.954,0.404,str('intersection'),0.02,FALSE
556,0.03,984,0.0,0.7739104035297123,0,271,3529,3520,0.578,0.332,str('intersection'),0.048,TRUE
557,0.03,626,0.0,0.9042708037809937,0,117,1156,722,0.059,0.705,str('kl'),0.08,FALSE
558,0.03,505,0.0,0.9661500595290767,0,40,4585,2396,0.275,0.795,str('intersection'),0.032,FALSE
559,0.03,2045,0.0,0.5629417827186469,0,508,4666,3706,0.075,0.589,str('kl'),0.02,TRUE
560,0.04,555,0.012500000000000004,0.9389545634259365,0,68,1903,890,0.555,0.462,str('intersection'),0.072,FALSE
561,0.03,748,0.0,0.8529594346995386,0,179,1241,4450,0.358,0.91,str('intersection'),0.091,TRUE
562,0.03,7271,0.0,0.19695187252852542,0,711,3457,2248,0.775,0.038,str('kl'),0.036,FALSE
563,0.03,468,0.0,0.9880647840733158,0,14,579,1773,0.235,0.853,str('intersection'),0.063,FALSE
564,0.03,1372,0.0,0.6780620701977808,0,397,1323,2893,0.911,0.274,str('intersection'),0.078,TRUE
565,0.23,716,0.25000000000000006,0.8655607331864448,0,152,3989,94,0.456,0.646,str('kl'),0.049,FALSE
566,0.03,1495,0.0,0.653300900511538,0,424,4256,4717,0.976,0.796,str('intersection'),0.044,TRUE
567,0.03,1453,0.0,0.661519293827755,0,415,1688,1909,0.403,0.174,str('kl'),0.095,FALSE
568,0.29,467,0.325,0.9886807984884062,0,11,2657,1248,0.187,0.326,str('intersection'),0.013,FALSE
569,0.03,735,0.0,0.8580125393691032,0,170,3226,2632,0.283,0.379,str('intersection'),0.053,TRUE
570,0.03,1347,0.0,0.6833654653680932,0,388,833,439,0.832,0.502,str('kl'),0.085,FALSE
571,0.03,2038,0.0,0.5639308747552016,0,507,2280,4234,0.003,0.122,str('kl'),0.056,TRUE
572,0.03,618,0.0,0.9079768276618801,0,113,4907,1409,0.616,0.998,str('intersection'),0.027,FALSE
573,0.03,6388,0.0,0.2343125223811846,0,698,4772,4155,0.43,0.297,str('kl'),0.087,FALSE
574,0.03,1415,0.0,0.6691621798206372,0,408,2419,1339,0.94,0.67,str('intersection'),0.051,TRUE
575,0.26,483,0.28750000000000003,0.9789789557329361,0,23,739,2712,0.147,0.204,str('intersection'),0.021,FALSE
576,0.03,2678,0.0,0.4851469420503596,0,557,3327,510,0.72,0.83,str('kl'),0.06,TRUE
577,0.48,585,0.5625,0.9237880629339466,0,87,139,1012,0.262,0.03,str('intersection'),0.038,TRUE
578,0.03,681,0.0,0.8800041938468638,0,143,1740,4944,0.591,0.597,str('intersection'),0.012,FALSE
579,0.03,982,0.0,0.7744969944712828,0,270,4191,2145,0.041,0.47,str('kl'),0.07,TRUE
580,0.03,641,0.0,0.8974477284563268,0,124,3815,2979,0.519,0.068,str('intersection'),0.064,FALSE
581,0.22,732,0.23750000000000002,0.8591913128685501,0,159,1501,171,0.102,0.943,str('kl'),0.028,TRUE
582,0.03,708,0.0,0.8687989454916867,0,158,3073,1697,0.319,0.556,str('intersection'),0.083,TRUE
583,0.03,552,0.0,0.9405159882115697,0,68,3742,4683,0.215,0.741,str('intersection'),0.077,FALSE
584,0.03,5885,0.0,0.25797826005179847,0,681,2150,3473,0.494,0.757,str('kl'),0.034,FALSE
585,0.03,1165,0.0,0.7252252368753004,0,329,4406,647,0.887,0.136,str('intersection'),0.092,TRUE
586,0.03,955,0.0,0.7825349264748656,0,257,4439,2960,0.448,0.948,str('intersection'),0.071,TRUE
587,0.45,3951,0.5250000000000001,0.37294452872190365,0,496,2125,145,0.936,0.077,str('kl'),0.011,FALSE
588,0.03,4103,0.0,0.3620525702844841,0,623,994,3946,0.229,0.55,str('kl'),0.04,TRUE
589,0.03,756,0.0,0.8498932423110768,0,181,3699,1743,0.653,0.423,str('intersection'),0.097,FALSE
590,0.03,1403,0.0,0.6716183873601893,0,404,3116,4381,0.753,0.375,str('intersection'),0.058,TRUE
591,0.03,3073,0.0,0.4454536730748243,0,577,313,2200,0.367,0.747,str('kl'),0.023,FALSE
592,0.03,464,0.0,0.9905367704403449,0,9,3782,918,0.084,0.752,str('intersection'),0.088,FALSE
593,0.29,473,0.325,0.9850042819683579,0,15,1793,1476,0.028,0.287,str('intersection'),0.033,FALSE
594,0.03,1260,0.0,0.7026201551203204,0,363,115,2602,0.825,0.835,str('intersection'),0.018,TRUE
595,0.03,691,0.0,0.8758032078238642,0,146,2703,431,0.306,0.214,str('kl'),0.076,FALSE
596,0.03,2456,0.0,0.5101117913950821,0,541,3292,3372,0.164,0.021,str('kl'),0.081,TRUE
597,0.03,679,0.0,0.8808517793133379,0,142,762,1178,0.706,0.896,str('intersection'),0.046,FALSE
598,0.03,805,0.0,0.8317919433391492,0,205,2366,4745,0.38,0.48,str('intersection'),0.027,TRUE
599,0.03,11711,0.0,0.059408874033628156,0,768,4817,1920,0.985,0.603,str('kl'),0.065,FALSE
600,0.24,507,0.2625,0.9650115860846988,0,39,4882,4971,0.048,0.181,str('intersection'),0.047,FALSE
601,0.03,7443,0.0,0.19020521374444166,0,713,2314,2156,0.567,0.807,str('kl'),0.08,TRUE
602,0.03,2810,0.0,0.4712661068745462,0,562,790,3145,0.268,0.32,str('kl'),0.062,FALSE
603,0.03,1218,0.0,0.7123963406714411,0,350,3280,942,0.85,0.693,str('intersection'),0.032,TRUE
604,0.03,780,0.0,0.8408854064883271,0,193,2602,2682,0.742,0.511,str('intersection'),0.038,FALSE
605,0.03,592,0.0,0.920361019259875,0,95,210,501,0.138,0.384,str('kl'),0.09,TRUE
606,0.45,668,0.5250000000000001,0.8855585242308734,0,133,4281,1406,0.42,0.116,str('intersection'),0.019,TRUE
607,0.04,833,0.012500000000000004,0.8219362612176174,0,199,1279,676,0.469,0.58,str('intersection'),0.058,TRUE
608,0.21,816,0.225,0.827879832810999,0,195,614,4614,0.678,0.045,str('intersection'),0.084,FALSE
609,0.03,1643,0.0,0.6260748725232702,0,449,2831,2442,0.191,0.92,str('kl'),0.054,TRUE
610,0.03,6636,0.0,0.22332187206741794,0,703,3481,3860,0.34,0.843,str('kl'),0.014,FALSE
611,0.03,1217,0.0,0.7126331914388566,0,349,1206,1666,0.789,0.221,str('intersection'),0.067,TRUE
612,0.03,521,0.0,0.9571655941155429,0,48,1947,3046,0.124,0.655,str('intersection'),0.097,FALSE
613,0.23,1271,0.25000000000000006,0.7001135234269059,0,308,4613,221,0.51,0.279,str('kl'),0.042,TRUE
614,0.03,885,0.0,0.804480549281406,0,234,4541,3986,0.843,0.103,str('intersection'),0.053,FALSE
615,0.03,2064,0.0,0.5602740671858262,0,512,2032,1815,0.293,0.978,str('kl'),0.086,TRUE
616,0.03,6090,0.0,0.24809776901468406,0,688,1131,2862,0.622,0.398,str('kl'),0.055,FALSE
617,0.68,1004,0.8125000000000001,0.768109150032183,0,2,3563,53,0.011,0.521,str('intersection'),0.026,TRUE
618,0.03,603,0.0,0.9150565606923212,0,100,2905,3669,0.398,0.714,str('intersection'),0.043,FALSE
619,0.03,4968,0.0,0.30685543735048915,0,650,532,843,0.971,0.338,str('kl'),0.095,TRUE
620,0.03,2891,0.0,0.4630674793960702,0,564,1351,4487,0.178,0.785,str('kl'),0.069,FALSE
621,0.03,1177,0.0,0.7222702351833422,0,335,3958,2294,0.688,0.163,str('intersection'),0.014,TRUE
622,0.03,1508,0.0,0.6508038237883735,0,427,4366,2518,0.246,0.254,str('kl'),0.03,FALSE
623,0.08,906,0.06250000000000001,0.7977198881881777,0,221,1582,315,0.639,0.627,str('intersection'),0.063,TRUE
624,0.03,667,0.0,0.8859902410561756,0,137,291,4349,0.462,0.247,str('intersection'),0.079,FALSE
625,0.03,12033,0.0,0.05158138747522223,0,774,3198,4827,0.55,0.921,str('kl'),0.021,FALSE
626,0.45,611,0.5250000000000001,0.9112591026946208,0,99,864,2028,0.071,0.05,str('intersection'),0.073,TRUE
627,0.03,777,0.0,0.8419961300295496,0,191,2230,3309,0.767,0.577,str('intersection'),0.091,FALSE
628,0.03,2007,0.0,0.5683523508860361,0,502,4954,1128,0.349,0.451,str('kl'),0.035,TRUE
629,0.03,1080,0.0,0.7470703067183408,0,302,4743,3224,0.66,0.777,str('intersection'),0.076,TRUE
630,0.19,1422,0.2,0.6677389867235974,0,336,2448,1053,0.204,0.155,str('kl'),0.016,FALSE
631,0.03,583,0.0,0.9247747396006215,0,88,3376,2103,0.487,0.345,str('intersection'),0.093,FALSE
632,0.03,612,0.0,0.9107879145999187,0,107,2775,4118,0.107,0.422,str('intersection'),0.064,TRUE
633,0.03,2559,0.0,0.4982599876150682,0,550,31,1292,0.524,0.545,str('kl'),0.029,FALSE
634,0.03,4170,0.0,0.35737902352982365,0,626,1867,2749,0.327,0.08,str('kl'),0.044,TRUE
635,0.03,658,0.0,0.8899050317449471,0,134,4065,556,0.807,0.955,str('intersection'),0.082,FALSE
636,0.03,5190,0.0,0.29424126680837226,0,656,3864,4568,0.251,0.616,str('kl'),0.099,TRUE
637,0.03,860,0.0,0.8127410629230115,0,226,1452,2365,0.863,0.49,str('intersection'),0.039,FALSE
638,0.03,617,0.0,0.9084434448110594,0,112,397,3588,0.035,0.882,str('intersection'),0.012,TRUE
639,0.22,1057,0.23750000000000002,0.7532770544053193,0,253,3044,772,0.584,0.011,str('kl'),0.069,FALSE
640,0.26,496,0.28750000000000003,0.9713295082030425,0,32,1066,290,0.434,0.818,str('intersection'),0.051,FALSE
641,0.03,1970,0.0,0.5737198329756648,0,498,2043,3758,0.728,0.309,str('intersection'),0.023,TRUE
642,0.03,854,0.0,0.8147592714545767,0,222,4514,1578,0.156,0.681,str('kl'),0.06,FALSE
643,0.03,5213,0.0,0.29296536644873883,0,657,4525,3767,0.291,0.162,str('kl'),0.039,TRUE
644,0.03,812,0.0,0.8292962903483094,0,206,2035,1564,0.841,0.787,str('intersection'),0.1,FALSE
645,0.17,586,0.17500000000000004,0.9232959866955578,0,88,1059,3100,0.012,0.34,str('intersection'),0.069,TRUE
646,0.41,3305,0.47500000000000003,0.4244551310606195,0,483,3627,284,0.624,0.712,str('kl'),0.012,FALSE
647,0.03,478,0.0,0.9819758948536186,0,20,409,778,0.396,0.396,str('intersection'),0.086,FALSE
648,0.03,1110,0.0,0.7391701060250349,0,318,1464,4560,0.69,0.976,str('intersection'),0.06,TRUE
649,0.03,1817,0.0,0.5970400903683217,0,474,3857,2378,0.18,0.105,str('kl'),0.022,FALSE
650,0.03,1063,0.0,0.7516449898642319,0,296,4076,2736,0.638,0.453,str('intersection'),0.016,TRUE
651,0.03,560,0.0,0.9363708161430153,0,75,1859,564,0.244,0.576,str('kl'),0.076,FALSE
652,0.03,550,0.0,0.9415616511087346,0,65,2788,1303,0.464,0.924,str('intersection'),0.035,FALSE
653,0.03,588,0.0,0.9223143441032404,0,91,3368,4918,0.069,0.871,str('intersection'),0.03,TRUE
654,0.03,2656,0.0,0.48752673745603103,0,553,702,2093,0.548,0.249,str('kl'),0.064,FALSE
655,0.03,5272,0.0,0.28971796764153257,0,660,2461,3238,0.351,0.628,str('kl'),0.082,TRUE
656,0.03,730,0.0,0.8599798451730206,0,167,4736,1044,0.769,0.252,str('intersection'),0.044,FALSE
657,0.03,1817,0.0,0.5970400903683217,0,474,4944,3318,0.206,0.953,str('kl'),0.062,FALSE
658,0.21,946,0.225,0.7852647668961507,0,229,2239,1115,0.662,0.081,str('intersection'),0.03,TRUE
659,0.03,596,0.0,0.9184208261113439,0,96,870,4838,0.485,0.546,str('intersection'),0.049,FALSE
660,0.03,9181,0.0,0.12964578530386417,0,742,2537,4338,0.526,0.348,str('kl'),0.073,FALSE
661,0.03,551,0.0,0.9410383460806826,0,67,281,1540,0.109,0.72,str('intersection'),0.021,TRUE
662,0.03,791,0.0,0.8368489400762229,0,199,1568,2509,0.805,0.154,str('intersection'),0.036,FALSE
663,0.03,836,0.0,0.8208999849017297,0,217,4371,328,0.325,0.779,str('kl'),0.091,TRUE
664,0.03,1058,0.0,0.7530044019108808,0,293,3948,4474,0.865,0.682,str('intersection'),0.086,FALSE
665,0.03,1945,0.0,0.5774038585409311,0,494,1360,2302,0.253,0.306,str('kl'),0.053,TRUE
666,0.03,8217,0.0,0.1616570639707562,0,730,538,3662,0.582,0.816,str('kl'),0.026,FALSE
667,0.31,580,0.3500000000000001,0.9262611084340575,0,84,2891,855,0.033,0.194,str('intersection'),0.056,TRUE
668,0.03,631,0.0,0.9019784752567788,0,121,3572,2867,0.436,0.01,str('intersection'),0.095,FALSE
669,0.52,2032,0.6125,0.5647813743213013,0,410,1121,42,0.947,0.885,str('kl'),0.042,TRUE
670,0.03,4113,0.0,0.3613502028317154,0,624,2017,3999,0.154,0.492,str('kl'),0.014,FALSE
671,0.03,1083,0.0,0.74627048363673,0,305,4547,1806,0.727,0.615,str('intersection'),0.069,TRUE
672,0.58,703,0.6875,0.8708414355729628,0,145,1935,227,0.447,0.128,str('intersection'),0.025,TRUE
673,0.03,712,0.0,0.8671752976430045,0,161,1193,3851,0.655,0.749,str('intersection'),0.054,FALSE
674,0.03,1386,0.0,0.6751341921771754,0,400,3487,1680,0.231,0.372,str('kl'),0.084,TRUE
675,0.03,5165,0.0,0.2956345428748962,0,654,2820,4622,0.365,0.425,str('kl'),0.067,FALSE
676,0.03,1197,0.0,0.7174114900579563,0,344,622,2429,0.751,0.548,str('intersection'),0.014,TRUE
677,0.22,491,0.23750000000000002,0.9742476588881187,0,31,1286,3495,0.087,0.076,str('intersection'),0.042,FALSE
678,0.03,1442,0.0,0.663710970969412,0,413,4030,669,0.534,0.951,str('kl'),0.097,TRUE
679,0.03,488,0.0,0.9760128181760297,0,28,4289,4211,0.026,0.604,str('intersection'),0.079,FALSE
680,0.03,5800,0.0,0.26217637030909147,0,680,1642,1395,0.606,0.478,str('kl'),0.047,TRUE
681,0.03,2570,0.0,0.4970225547768553,0,551,196,2695,0.308,0.894,str('kl'),0.032,FALSE
682,0.33,1019,0.3750000000000001,0.7638334771050189,0,245,2609,493,0.827,0.023,str('intersection'),0.062,TRUE
683,0.03,734,0.0,0.8584049291561274,0,169,3269,3132,0.704,0.212,str('intersection'),0.09,FALSE
684,0.03,1165,0.0,0.7252252368753004,0,329,798,951,0.163,0.838,str('kl'),0.038,TRUE
685,0.03,730,0.0,0.8599798451730206,0,167,4870,2167,0.382,0.662,str('intersection'),0.074,TRUE
686,0.03,507,0.0,0.9650115860846988,0,41,2377,1926,0.051,0.99,str('intersection'),0.093,FALSE
687,0.03,1326,0.0,0.6878968896912292,0,381,777,3363,0.847,0.387,str('intersection'),0.075,TRUE
688,0.03,1437,0.0,0.6647127166606802,0,412,3287,1192,0.266,0.509,str('kl'),0.018,FALSE
689,0.03,1797,0.0,0.6002326300463878,0,472,2713,2610,0.14,0.694,str('kl'),0.046,TRUE
690,0.03,656,0.0,0.8907822441038818,0,133,106,418,0.744,0.318,str('intersection'),0.081,FALSE
691,0.03,835,0.0,0.8212449970694146,0,216,1787,4296,0.419,0.804,str('intersection'),0.065,TRUE
692,0.03,982,0.0,0.7744969944712828,0,270,3773,3723,0.471,0.281,str('intersection'),0.011,TRUE
693,0.03,2978,0.0,0.4545134790137737,0,571,1537,907,0.896,0.654,str('kl'),0.071,FALSE
694,0.03,3723,0.0,0.3900942849792265,0,605,328,4394,0.189,0.22,str('kl'),0.097,TRUE
695,0.03,652,0.0,0.8925447084753532,0,131,3111,2191,0.676,0.846,str('intersection'),0.04,FALSE
696,0.03,1337,0.0,0.6855144153109756,0,384,3709,3932,0.791,0.918,str('intersection'),0.023,TRUE
697,0.03,1292,0.0,0.6953877605100465,0,372,984,1752,0.343,0.046,str('kl'),0.058,FALSE
698,0.03,10108,0.0,0.10188767410940958,0,751,2119,2954,0.508,0.581,str('kl'),0.088,TRUE
699,0.45,515,0.5250000000000001,0.9605020780261263,0,43,4453,155,0.123,0.454,str('intersection'),0.051,FALSE
700,0.03,677,0.0,0.8817018613532737,0,141,4399,3467,0.557,0.647,str('intersection'),0.029,FALSE
701,0.03,650,0.0,0.8934299933532606,0,130,2163,658,0.077,0.271,str('kl'),0.064,TRUE
702,0.17,696,0.17500000000000004,0.8737254260350127,0,145,3734,2498,0.356,0.229,str('intersection'),0.045,TRUE
703,0.29,490,0.325,0.9748348465655448,0,28,3086,3882,0.237,0.037,str('intersection'),0.016,FALSE
704,0.03,5494,0.0,0.27781624646862224,0,667,361,1688,0.631,0.912,str('kl'),0.077,TRUE
705,0.03,4095,0.0,0.3626156975731931,0,622,1493,2985,0.454,0.465,str('kl'),0.092,FALSE
706,0.32,1048,0.3625000000000001,0.7557425879528828,0,250,3827,160,0.91,0.587,str('intersection'),0.034,TRUE
707,0.03,9514,0.0,0.11936447342622214,0,747,4184,4954,0.405,0.995,str('kl'),0.052,FALSE
708,0.03,1636,0.0,0.6273063394982816,0,448,1753,2139,0.978,0.124,str('intersection'),0.087,TRUE
709,0.03,478,0.0,0.9819758948536186,0,20,150,3201,0.184,0.503,str('intersection'),0.06,FALSE
710,0.03,11966,0.0,0.05319268928508514,0,772,2660,998,0.696,0.376,str('kl'),0.021,TRUE
711,0.03,11036,0.0,0.07654052681201218,0,758,3339,2704,0.834,0.328,str('kl'),0.038,FALSE
712,0.03,589,0.0,0.9218247720708316,0,92,732,523,0.284,0.7,str('intersection'),0.099,TRUE
713,0.03,662,0.0,0.8881585656353005,0,136,2411,4143,0.614,0.173,str('intersection'),0.07,FALSE
714,0.03,1748,0.0,0.6082069346669814,0,464,4784,1345,0.001,0.799,str('kl'),0.012,TRUE
715,0.03,1577,0.0,0.6379000986716286,0,438,4913,4228,0.938,0.472,str('intersection'),0.095,TRUE
716,0.03,1434,0.0,0.6653154373334094,0,411,2266,1420,0.428,0.595,str('kl'),0.044,FALSE
717,0.05,453,0.02500000000000001,0.9974459776335844,0,3,3235,448,0.148,0.904,str('intersection'),0.068,FALSE
718,0.03,623,0.0,0.9056549917768271,0,116,2642,3433,0.26,0.828,str('intersection'),0.085,TRUE
719,0.03,4591,0.0,0.3296270383716361,0,643,172,1239,0.872,0.206,str('kl'),0.053,FALSE
720,0.03,2258,0.0,0.5343598553892962,0,529,1697,4723,0.043,0.671,str('kl'),0.027,TRUE
721,0.03,614,0.0,0.9098478400100959,0,109,4246,1898,0.593,0.295,str('intersection'),0.056,FALSE
722,0.03,1359,0.0,0.6808076703934398,0,393,3995,2904,0.1,0.134,str('kl'),0.072,TRUE
723,0.5,624,0.5875,0.9051928577406942,0,106,1309,89,0.517,0.76,str('intersection'),0.02,FALSE
724,0.03,710,0.0,0.8679859797600391,0,159,569,3963,0.32,0.367,str('intersection'),0.037,TRUE
725,0.03,4358,0.0,0.34465543973791535,0,634,2864,1760,0.8,0.739,str('kl'),0.091,FALSE
726,0.28,468,0.3125,0.9880647840733158,0,12,1246,2261,0.213,0.431,str('intersection'),0.031,FALSE
727,0.03,1473,0.0,0.6575765734387021,0,420,1912,3694,0.889,0.941,str('intersection'),0.048,TRUE
728,0.03,828,0.0,0.8236717002647167,0,214,4656,896,0.496,0.07,str('kl'),0.078,FALSE
729,0.03,648,0.0,0.8943180021889295,0,128,4571,4590,0.171,0.301,str('intersection'),0.089,TRUE
730,0.03,5909,0.0,0.2568038834815972,0,684,1984,2387,0.713,0.673,str('kl'),0.037,FALSE
731,0.03,9418,0.0,0.12229107015515095,0,745,1164,3527,0.388,0.201,str('kl'),0.02,TRUE
732,0.03,1304,0.0,0.6927216663176219,0,375,3517,711,0.991,0.826,str('intersection'),0.074,FALSE
733,0.03,993,0.0,0.7712853992831443,0,274,2946,3072,0.6,0.875,str('intersection'),0.08,TRUE
734,0.6,606,0.7125,0.9136266520170999,0,10,495,273,0.019,0.003,str('kl'),0.048,FALSE
735,0.03,496,0.0,0.9713295082030425,0,34,3923,1634,0.298,0.497,str('intersection'),0.061,FALSE
736,0.28,533,0.3125,0.9506061607633876,0,53,1612,1075,0.374,0.963,str('intersection'),0.015,FALSE
737,0.03,952,0.0,0.7834420072966929,0,255,246,4851,0.539,0.414,str('intersection'),0.041,TRUE
738,0.03,1062,0.0,0.7519163604943794,0,295,2560,2042,0.091,0.537,str('kl'),0.096,FALSE
739,0.03,11744,0.0,0.05859684406118815,0,769,3161,4101,0.44,0.729,str('kl'),0.056,TRUE
740,0.03,1093,0.0,0.7436203029948409,0,309,905,1275,0.927,0.353,str('intersection'),0.025,FALSE
741,0.03,677,0.0,0.8817018613532737,0,141,2195,2805,0.22,0.769,str('intersection'),0.055,TRUE
742,0.03,1012,0.0,0.7658209109377142,0,277,4997,612,0.645,0.147,str('kl'),0.084,FALSE
743,0.03,562,0.0,0.9353437593868519,0,76,4703,2579,0.334,0.569,str('intersection'),0.024,FALSE
744,0.03,2706,0.0,0.4821462191285305,0,558,2486,376,0.782,0.443,str('kl'),0.059,TRUE
745,0.03,2773,0.0,0.4750900832572772,0,560,648,4327,0.117,0.929,str('kl'),0.088,FALSE
746,0.31,685,0.3500000000000001,0.878316454277362,0,139,3412,1511,0.504,0.058,str('intersection'),0.05,TRUE
747,0.03,1174,0.0,0.7230061539260791,0,334,2744,4771,0.903,0.24,str('intersection'),0.01,FALSE
748,0.03,4080,0.0,0.36367453199029476,0,621,78,1972,0.478,0.865,str('kl'),0.071,TRUE
749,0.03,7840,0.0,0.17520998647060848,0,719,1834,3326,0.687,0.262,str('kl'),0.098,FALSE
750,0.03,585,0.0,0.9237880629339466,0,90,4109,1146,0.199,0.634,str('intersection'),0.041,TRUE
751,0.03,14388,0.0,0.0,0,790,3902,4047,0.735,0.793,str('kl'),0.045,FALSE
752,0.2,612,0.21250000000000002,0.9107879145999187,0,102,1412,1876,0.131,0.171,str('intersection'),0.081,TRUE
753,0.03,1085,0.0,0.7457384970457326,0,306,433,2840,0.955,0.706,str('intersection'),0.066,FALSE
754,0.03,2028,0.0,0.5653497696677996,0,505,3662,3613,0.057,0.406,str('kl'),0.033,FALSE
755,0.03,1000,0.0,0.7692601092601143,0,276,1035,787,0.576,0.529,str('intersection'),0.094,TRUE
756,0.03,613,0.0,0.9103174945383113,0,108,2088,4504,0.278,0.095,str('intersection'),0.075,FALSE
757,0.46,510,0.5375000000000001,0.9633122525554124,0,42,4470,2663,0.045,0.054,str('intersection'),0.083,FALSE
758,0.03,1780,0.0,0.6029743354639499,0,469,2096,481,0.588,0.926,str('kl'),0.054,TRUE
759,0.03,4447,0.0,0.338822236666242,0,637,1041,4185,0.266,0.447,str('kl'),0.025,FALSE
760,0.03,1287,0.0,0.696505943403996,0,371,3649,1387,0.87,0.574,str('intersection'),0.057,TRUE
761,0.03,766,0.0,0.8461057516812149,0,186,2971,4991,0.724,0.63,str('intersection'),0.097,FALSE
762,0.03,1541,0.0,0.6445604552731048,0,434,461,2176,0.142,0.258,str('kl'),0.042,TRUE
763,0.28,687,0.3125,0.8774762713145472,0,140,3869,962,0.426,0.243,str('intersection'),0.066,TRUE
764,0.03,899,0.0,0.7999558910801019,0,237,1803,1647,0.498,0.718,str('intersection'),0.032,TRUE
765,0.03,667,0.0,0.8859902410561756,0,137,45,3026,0.668,0.159,str('intersection'),0.047,FALSE
766,0.03,877,0.0,0.8070982782840344,0,232,2770,202,0.219,0.781,str('kl'),0.079,TRUE
767,0.03,3304,0.0,0.42454244089153736,0,588,3420,3503,0.315,0.982,str('kl'),0.074,FALSE
768,0.27,1083,0.30000000000000004,0.74627048363673,0,259,637,695,0.802,0.106,str('intersection'),0.019,TRUE
769,0.03,629,0.0,0.9028932229129156,0,119,2472,4633,0.098,0.517,str('intersection'),0.038,FALSE
770,0.03,8468,0.0,0.15297428965336968,0,733,4709,2462,0.523,0.394,str('kl'),0.09,TRUE
771,0.03,2666,0.0,0.48644257899137455,0,556,4969,4400,0.46,0.814,str('intersection'),0.018,TRUE
772,0.03,9788,0.0,0.11117110049017942,0,749,2225,2219,0.908,0.188,str('kl'),0.076,FALSE
773,0.03,3836,0.0,0.38146724434273094,0,610,938,3736,0.239,0.685,str('kl'),0.093,TRUE
774,0.27,566,0.30000000000000004,0.9333005462941988,0,75,3135,937,0.626,0.312,str('intersection'),0.033,FALSE
775,0.03,1287,0.0,0.696505943403996,0,371,2552,2940,0.779,0.486,str('intersection'),0.027,TRUE
776,0.18,587,0.1875,0.9228047480341501,0,88,257,125,0.354,0.613,str('kl'),0.065,FALSE
777,0.03,596,0.0,0.9184208261113439,0,96,4311,1723,0.071,0.886,str('intersection'),0.046,FALSE
778,0.03,457,0.0,0.9949143592607291,0,5,1385,1198,0.007,0.417,str('intersection'),0.098,FALSE
779,0.03,1536,0.0,0.6454977819947223,0,433,489,4765,0.828,0.958,str('intersection'),0.072,TRUE
780,0.04,5158,0.012500000000000004,0.2960258685536965,0,526,2959,1939,0.286,0.083,str('kl'),0.011,FALSE
781,0.03,3327,0.0,0.42254096722545165,0,589,3548,4265,0.182,0.152,str('kl'),0.05,TRUE
782,0.03,693,0.0,0.8749702991825578,0,148,1136,1457,0.702,0.773,str('intersection'),0.089,FALSE
783,0.03,799,0.0,0.8339483865768418,0,203,1958,2583,0.399,0.35,str('intersection'),0.058,TRUE
784,0.17,7767,0.17500000000000004,0.17790947351126019,0,556,4604,411,0.98,0.726,str('kl'),0.023,FALSE
785,0.03,1110,0.0,0.7391701060250349,0,318,4686,4137,0.681,0.892,str('intersection'),0.011,TRUE
786,0.21,725,0.225,0.8619606535246174,0,154,1884,1312,0.201,0.017,str('kl'),0.07,FALSE
787,0.14,506,0.13750000000000004,0.9655802614290857,0,39,3476,576,0.484,0.484,str('intersection'),0.039,FALSE
788,0.26,577,0.28750000000000003,0.9277551720498339,0,82,2875,3205,0.112,0.283,str('intersection'),0.022,TRUE
789,0.03,1338,0.0,0.6852987988318409,0,385,561,1034,0.506,0.66,str('kl'),0.06,FALSE
790,0.03,8919,0.0,0.13800057188157733,0,739,1303,4892,0.332,0.218,str('kl'),0.086,TRUE
791,0.03,823,0.0,0.82541763809948,0,211,4008,2084,0.788,0.84,str('intersection'),0.051,FALSE
792,0.03,4040,0.0,0.36651723060881336,0,620,4237,3109,0.28,0.743,str('kl'),0.035,TRUE
793,0.03,738,0.0,0.8568385608937528,0,173,1708,310,0.852,0.371,str('intersection'),0.093,FALSE
794,0.03,575,0.0,0.9287555288361474,0,84,185,3778,0.063,0.755,str('intersection'),0.077,TRUE
795,0.03,5925,0.0,0.2560236122556586,0,686,2636,1597,0.574,0.13,str('kl'),0.016,FALSE
796,0.03,575,0.0,0.9287555288361474,0,84,853,2346,0.408,0.945,str('intersection'),0.082,FALSE
797,0.03,1208,0.0,0.7147736411308301,0,347,2299,3568,0.741,0.428,str('intersection'),0.065,TRUE
798,0.03,925,0.0,0.7917366403597993,0,244,4887,752,0.129,0.555,str('kl'),0.029,FALSE
799,0.03,852,0.0,0.8154351561754278,0,221,4793,3649,0.814,0.226,str('intersection'),0.078,FALSE
800,0.03,1191,0.0,0.7188605440338436,0,340,2400,824,0.304,0.848,str('kl'),0.049,TRUE
801,0.03,10845,0.0,0.08157863903123908,0,757,719,4467,0.594,0.276,str('kl'),0.03,FALSE
802,0.03,567,0.0,0.9327919952482516,0,79,3346,2274,0.021,0.652,str('intersection'),0.062,TRUE
803,0.03,537,0.0,0.9484523996939367,0,57,2688,4005,0.386,0.583,str('intersection'),0.09,FALSE
804,0.03,2208,0.0,0.5408194501114643,0,524,1719,2881,0.165,0.915,str('kl'),0.021,FALSE
805,0.56,953,0.6625000000000001,0.783139330138485,0,230,4210,72,0.715,0.04,str('intersection'),0.073,TRUE
806,0.03,3285,0.0,0.42620636606932993,0,585,3797,4808,0.225,0.389,str('kl'),0.055,FALSE
807,0.03,1041,0.0,0.7576748940783486,0,286,1521,2009,0.643,0.515,str('intersection'),0.026,TRUE
808,0.03,591,0.0,0.9208481124453705,0,94,387,3290,0.442,0.113,str('intersection'),0.053,FALSE
809,0.03,6060,0.0,0.24952273558911553,0,687,3053,1109,0.921,0.984,str('kl'),0.086,TRUE
810,0.03,4001,0.0,0.36931608460038357,0,617,3723,2537,0.545,0.81,str('kl'),0.069,FALSE
811,0.52,577,0.6125,0.9277551720498339,0,81,960,335,0.089,0.184,str('intersection'),0.014,TRUE
812,0.03,828,0.0,0.8236717002647167,0,214,2169,4369,0.761,0.688,str('intersection'),0.043,FALSE
813,0.03,1795,0.0,0.6005538350254511,0,471,4386,1553,0.368,0.316,str('kl'),0.095,TRUE
814,0.03,524,0.0,0.9555117062432118,0,50,2145,2056,0.323,0.382,str('intersection'),0.019,FALSE
815,0.03,938,0.0,0.7877131603199563,0,250,1012,3275,0.528,0.993,str('intersection'),0.037,TRUE
816,0.03,613,0.0,0.9103174945383113,0,108,3679,1081,0.103,0.118,str('kl'),0.089,FALSE
817,0.03,8276,0.0,0.15959248335769616,0,732,3097,2777,0.49,0.179,str('kl'),0.061,TRUE
818,0.12,735,0.1125,0.8580125393691032,0,161,334,606,0.877,0.801,str('intersection'),0.031,FALSE
819,0.03,744,0.0,0.8545048340757189,0,178,1545,4070,0.208,0.322,str('intersection'),0.047,TRUE
820,0.03,1590,0.0,0.6355322505071321,0,440,3762,1262,0.656,0.699,str('kl'),0.08,FALSE
821,0.03,686,0.0,0.8778960570524104,0,144,4166,3540,0.152,0.857,str('intersection'),0.096,TRUE
822,0.03,3031,0.0,0.44942403082664517,0,575,1774,742,0.732,0.231,str('kl'),0.041,FALSE
823,0.03,1049,0.0,0.7554675973233136,0,289,2721,2415,0.949,0.269,str('intersection'),0.067,FALSE
824,0.03,990,0.0,0.7721577505082338,0,272,3312,3808,0.58,0.467,str('intersection'),0.084,TRUE
825,0.03,859,0.0,0.8130764524365244,0,225,744,1605,0.039,0.593,str('kl'),0.055,FALSE
826,0.27,469,0.30000000000000004,0.9874500817240001,0,13,4836,243,0.254,0.906,str('intersection'),0.057,FALSE
827,0.03,6231,0.0,0.24149308691329718,0,693,4864,2831,0.692,0.362,str('kl'),0.05,FALSE
828,0.03,1322,0.0,0.6887681436175122,0,379,809,4036,0.975,0.14,str('intersection'),0.059,FALSE
829,0.03,5127,0.0,0.29776528899568155,0,653,3260,1843,0.394,0.762,str('kl'),0.024,TRUE
830,0.03,2901,0.0,0.46207126631197437,0,566,2583,4515,0.014,0.939,str('kl'),0.041,FALSE
831,0.03,1116,0.0,0.7376156894636025,0,319,229,2344,0.618,0.063,str('intersection'),0.098,TRUE
832,0.03,575,0.0,0.9287555288361474,0,84,1673,3621,0.296,0.56,str('intersection'),0.071,FALSE
833,0.07,604,0.05000000000000002,0.9145791368549133,0,99,4063,4301,0.345,0.027,str('intersection'),0.028,FALSE
834,0.03,7471,0.0,0.18912169490280117,0,714,1260,1503,0.771,0.898,str('kl'),0.066,TRUE
835,0.03,1252,0.0,0.704456932323564,0,361,594,2546,0.067,0.475,str('kl'),0.081,FALSE
836,0.26,759,0.28750000000000003,0.8487517669513163,0,169,2850,365,0.554,0.601,str('intersection'),0.046,TRUE
837,0.03,999,0.0,0.769548567698819,0,275,3501,3360,0.915,0.665,str('intersection'),0.017,FALSE
838,0.03,1771,0.0,0.6044364403615078,0,467,1186,1156,0.466,0.293,str('kl'),0.075,TRUE
839,0.27,634,0.30000000000000004,0.9006117672066761,0,113,4632,1981,0.25,0.208,str('intersection'),0.034,TRUE
840,0.03,5014,0.0,0.3041960191696105,0,651,4560,3173,0.417,0.408,str('kl'),0.045,FALSE
841,0.03,1455,0.0,0.6611225891001407,0,416,2011,992,0.966,0.535,str('intersection'),0.083,TRUE
842,0.28,477,0.3125,0.9825790353947634,0,18,1112,4924,0.134,0.093,str('intersection'),0.064,FALSE
843,0.23,595,0.25000000000000006,0.9189046529537417,0,92,512,1358,0.272,0.141,str('intersection'),0.092,TRUE
844,0.03,618,0.0,0.9079768276618801,0,113,1332,2732,0.562,0.731,str('intersection'),0.077,FALSE
845,0.23,1049,0.25000000000000006,0.7554675973233136,0,251,3978,529,0.052,0.359,str('kl'),0.017,TRUE
846,0.03,630,0.0,0.9024354866648635,0,120,4345,4663,0.514,0.198,str('intersection'),0.022,FALSE
847,0.03,1077,0.0,0.7478723525626465,0,300,1601,2470,0.121,0.82,str('kl'),0.059,TRUE
848,0.03,12444,0.0,0.041889256711736156,0,778,311,3453,0.793,0.303,str('kl'),0.087,FALSE
849,0.04,651,0.012500000000000004,0.8929870114644506,0,122,2509,628,0.337,0.679,str('intersection'),0.052,TRUE
850,0.2,477,0.21250000000000002,0.9825790353947634,0,19,3178,2999,0.195,0.618,str('intersection'),0.013,FALSE
851,0.08,1355,0.06250000000000001,0.6816577524333756,0,327,883,190,0.673,0.496,str('kl'),0.07,TRUE
852,0.03,5794,0.0,0.2624750277802741,0,678,2250,3888,0.473,0.88,str('kl'),0.099,FALSE
853,0.03,1386,0.0,0.6751341921771754,0,400,4936,1717,0.89,0.005,str('intersection'),0.039,TRUE
854,0.03,1832,0.0,0.5946686502061665,0,477,4762,3974,0.081,0.708,str('kl'),0.068,TRUE
855,0.22,640,0.23750000000000002,0.8978976157553759,0,116,2428,1793,0.536,0.336,str('intersection'),0.013,FALSE
856,0.03,802,0.0,0.832868150840697,0,204,672,2913,0.363,0.79,str('intersection'),0.043,TRUE
857,0.25,719,0.275,0.8643557099581246,0,152,3396,114,0.757,0.165,str('kl'),0.096,FALSE
858,0.03,461,0.0,0.9924047552393328,0,6,11,870,0.233,0.972,str('intersection'),0.026,FALSE
859,0.03,1678,0.0,0.6199951457169395,0,456,1848,4431,0.932,0.4,str('intersection'),0.052,TRUE
860,0.03,2527,0.0,0.5018902574169823,0,545,4085,2228,0.453,0.527,str('kl'),0.085,FALSE
861,0.03,1758,0.0,0.6065615331525163,0,465,3844,2652,0.989,0.935,str('intersection'),0.091,TRUE
862,0.3,923,0.3375000000000001,0.7923606463194347,0,222,1471,459,0.377,0.06,str('kl'),0.036,FALSE
863,0.23,471,0.25000000000000006,0.9862245909488544,0,15,3025,1428,0.161,0.441,str('intersection'),0.072,FALSE
864,0.03,758,0.0,0.8491317573207577,0,183,3595,4698,0.31,0.264,str('intersection'),0.078,TRUE
865,0.03,5378,0.0,0.28397390265641065,0,663,1085,1889,0.821,0.64,str('kl'),0.048,FALSE
866,0.03,1524,0.0,0.6477598652455956,0,431,2063,3399,0.032,0.237,str('kl'),0.03,TRUE
867,0.03,591,0.0,0.9208481124453705,0,94,4495,1229,0.604,0.859,str('intersection'),0.063,FALSE
868,0.03,515,0.0,0.9605020780261263,0,45,4501,4699,0.106,0.913,str('intersection'),0.095,FALSE
869,0.03,5795,0.0,0.2624252300674603,0,679,2069,1883,0.53,0.038,str('kl'),0.043,TRUE
870,0.03,6676,0.0,0.2215877364974811,0,705,1093,3418,0.322,0.587,str('kl'),0.013,FALSE
871,0.03,1127,0.0,0.7347874894738058,0,321,3603,1215,0.81,0.464,str('intersection'),0.068,TRUE
872,0.03,677,0.0,0.8817018613532737,0,141,3022,2643,0.659,0.27,str('intersection'),0.085,FALSE
873,0.03,929,0.0,0.7904926615204468,0,245,414,463,0.211,0.646,str('kl'),0.052,TRUE
874,0.03,857,0.0,0.8137484030169024,0,223,3842,1444,0.49,0.852,str('intersection'),0.056,TRUE
875,0.27,692,0.30000000000000004,0.8753864530310138,0,142,1854,871,0.433,0.327,str('intersection'),0.02,TRUE
876,0.03,858,0.0,0.8134122321648009,0,224,19,4417,0.731,0.8,str('intersection'),0.036,FALSE
877,0.03,1522,0.0,0.6481386089271148,0,429,2802,2246,0.151,0.174,str('kl'),0.092,TRUE
878,0.03,4135,0.0,0.35981098508240417,0,625,3393,3977,0.258,0.125,str('kl'),0.063,FALSE
879,0.03,1219,0.0,0.7121596841236184,0,351,668,1784,0.862,0.996,str('intersection'),0.031,TRUE
880,0.24,490,0.2625,0.9748348465655448,0,30,2426,2929,0.038,0.376,str('intersection'),0.048,FALSE
881,0.17,956,0.17500000000000004,0.7822331986440392,0,232,4760,103,0.579,0.502,str('kl'),0.078,TRUE
882,0.03,786,0.0,0.8386767020047875,0,195,4939,3000,0.391,0.207,str('intersection'),0.029,TRUE
883,0.05,1991,0.02500000000000001,0.5706611843510494,0,406,2254,184,0.972,0.829,str('kl'),0.064,FALSE
884,0.03,2946,0.0,0.45763037890274494,0,569,885,3906,0.175,0.294,str('kl'),0.082,TRUE
885,0.03,717,0.0,0.8651584994713021,0,162,3180,1703,0.693,0.67,str('intersection'),0.045,FALSE
886,0.03,1486,0.0,0.6550423900700115,0,422,2503,4655,0.836,0.594,str('intersection'),0.017,TRUE
887,0.03,1874,0.0,0.588130446612477,0,482,305,2474,0.294,0.472,str('kl'),0.077,FALSE
888,0.64,529,0.7625000000000001,0.9527761156771003,1,1,4337,644,0.016,0.03,str('intersection'),0.034,FALSE
889,0.03,450,0.0,0.999359372336513,0,2,1336,1359,0.064,0.557,str('intersection'),0.087,FALSE
890,0.03,1400,0.0,0.6722357194541768,0,403,514,2718,0.772,0.07,str('intersection'),0.059,TRUE
891,0.12,1525,0.1125,0.6475706796315462,0,353,2926,547,0.346,0.942,str('kl'),0.022,FALSE
892,0.03,3073,0.0,0.4454536730748243,0,577,3577,3177,0.248,0.761,str('kl'),0.039,TRUE
893,0.3,559,0.3375000000000001,0.9368857184096555,0,70,1106,984,0.633,0.135,str('intersection'),0.099,FALSE
894,0.03,920,0.0,0.7932991923299924,0,241,2003,4940,0.467,0.739,str('intersection'),0.07,TRUE
895,0.21,1365,0.225,0.6795372238346152,0,327,4636,3341,0.749,0.004,str('intersection'),0.024,TRUE
896,0.03,870,0.0,0.8094084318508854,0,228,1930,1170,0.137,0.875,str('kl'),0.059,FALSE
897,0.03,580,0.0,0.9262611084340575,0,87,3502,1987,0.415,0.623,str('intersection'),0.05,FALSE
898,0.03,619,0.0,0.9075109637287655,0,114,2844,4312,0.055,0.672,str('intersection'),0.011,TRUE
899,0.03,1656,0.0,0.6238017105922709,0,450,588,1487,0.566,0.3,str('kl'),0.071,FALSE
900,0.03,2821,0.0,0.4701389514979436,0,563,1252,2555,0.271,0.827,str('kl'),0.098,TRUE
901,0.28,715,0.3125,0.8659635282886712,0,151,4054,361,0.845,0.201,str('intersection'),0.041,FALSE
902,0.03,8205,0.0,0.16207879221515908,0,729,4264,4528,0.339,0.352,str('kl'),0.046,TRUE
903,0.03,843,0.0,0.8184963796850969,0,219,1677,2325,0.796,0.728,str('intersection'),0.081,FALSE
904,0.16,595,0.1625,0.9189046529537417,0,93,231,3627,0.12,0.148,str('intersection'),0.066,TRUE
905,0.03,2007,0.0,0.5683523508860361,0,502,2584,812,0.513,0.77,str('kl'),0.028,FALSE
906,0.8,3016,0.9625000000000001,0.45085535783335984,1,1,803,17,0.476,0.088,str('intersection'),0.094,FALSE
907,0.03,1081,0.0,0.7468034526596633,0,303,2326,4033,0.673,0.536,str('intersection'),0.075,TRUE
908,0.03,1895,0.0,0.5849160641285618,0,488,4855,1851,0.193,0.413,str('kl'),0.018,FALSE
909,0.03,750,0.0,0.8521898271930806,0,180,4842,3790,0.754,0.866,str('intersection'),0.089,FALSE
910,0.03,2800,0.0,0.4722946277204153,0,561,2352,1619,0.36,0.24,str('kl'),0.037,TRUE
911,0.03,8154,0.0,0.16387804440167342,0,728,752,3057,0.537,0.633,str('kl'),0.019,FALSE
912,0.45,554,0.5250000000000001,0.9394741002789269,0,66,3321,249,0.082,0.261,str('intersection'),0.075,TRUE
913,0.03,566,0.0,0.9333005462941988,0,78,2718,3551,0.45,0.442,str('intersection'),0.08,FALSE
914,0.03,8260,0.0,0.1601509116734614,0,731,91,726,0.93,0.569,str('kl'),0.047,TRUE
915,0.03,3023,0.0,0.45018652174282303,0,574,1772,4605,0.234,0.059,str('kl'),0.031,FALSE
916,0.03,1142,0.0,0.7309749816680611,0,324,4165,2412,0.65,0.93,str('intersection'),0.061,TRUE
917,0.03,1489,0.0,0.6544607251558208,0,423,3768,2791,0.158,0.528,str('kl'),0.067,FALSE
918,0.28,914,0.3125,0.7951854908351977,0,220,1551,587,0.707,0.405,str('intersection'),0.015,TRUE
919,0.03,597,0.0,0.9179378090213621,0,97,342,4076,0.377,0.971,str('intersection'),0.041,FALSE
920,0.03,8531,0.0,0.1508353507920258,0,735,3106,1261,0.99,0.096,str('kl'),0.096,TRUE
921,0.03,549,0.0,0.9420859067368154,0,64,1009,2067,0.029,0.794,str('intersection'),0.024,TRUE
922,0.03,951,0.0,0.7837450022262535,0,254,2143,3271,0.823,0.329,str('intersection'),0.055,FALSE
923,0.03,1358,0.0,0.6810199562756835,0,392,4419,1090,0.311,0.705,str('kl'),0.084,TRUE
924,0.14,463,0.13750000000000004,0.9911580896122828,0,8,2177,353,0.263,0.522,str('intersection'),0.03,FALSE
925,0.03,1019,0.0,0.7638334771050189,0,280,966,4363,0.588,0.105,str('intersection'),0.049,TRUE
926,0.03,779,0.0,0.8412551728988042,0,192,3729,1554,0.046,0.977,str('kl'),0.078,FALSE
927,0.03,1229,0.0,0.7098037310901977,0,354,385,1998,0.941,0.163,str('intersection'),0.021,FALSE
928,0.03,688,0.0,0.8770570952874837,0,145,1518,3293,0.144,0.711,str('intersection'),0.036,TRUE
929,0.03,1725,0.0,0.6120273419999427,0,463,3793,1100,0.725,0.339,str('kl'),0.09,FALSE
930,0.18,634,0.1875,0.9006117672066761,0,114,4218,4024,0.216,0.25,str('intersection'),0.085,TRUE
931,0.03,2964,0.0,0.4558729825420561,0,570,1728,1821,0.664,0.871,str('kl'),0.053,FALSE
932,0.03,11495,0.0,0.06478115696570719,0,764,126,2882,0.499,0.251,str('kl'),0.026,TRUE
933,0.4,700,0.4625,0.872073904252675,0,145,2694,66,0.884,0.627,str('intersection'),0.055,FALSE
934,0.03,1065,0.0,0.7511030129089001,0,297,3344,3638,0.52,0.575,str('intersection'),0.094,TRUE
935,0.03,787,0.0,0.8383102224077351,0,196,717,840,0.095,0.452,str('kl'),0.043,FALSE
936,0.03,525,0.0,0.9549625097998455,0,51,4789,2278,0.316,0.049,str('intersection'),0.069,FALSE
937,0.03,11137,0.0,0.0739115240069117,0,759,4889,4535,0.628,0.719,str('kl'),0.039,FALSE
938,0.08,604,0.06250000000000001,0.9145791368549133,0,98,2301,2364,0.242,0.347,str('intersection'),0.1,TRUE
939,0.03,932,0.0,0.7895631836030383,0,246,857,3562,0.906,0.78,str('intersection'),0.07,FALSE
940,0.25,5556,0.275,0.2745781806653822,0,532,3211,753,0.459,0.155,str('kl'),0.012,TRUE
941,0.03,1669,0.0,0.6215463132582547,0,453,2628,3125,0.074,0.082,str('kl'),0.051,FALSE
942,0.05,779,0.02500000000000001,0.8412551728988042,0,182,177,299,0.562,0.953,str('intersection'),0.087,TRUE
943,0.03,533,0.0,0.9506061607633876,0,55,1702,3781,0.354,0.419,str('intersection'),0.06,FALSE
944,0.03,518,0.0,0.9588290145354433,0,46,4010,3223,0.289,0.886,str('intersection'),0.016,FALSE
945,0.18,4891,0.1875,0.31136265877919633,0,523,1305,1020,0.83,0.01,str('kl'),0.076,TRUE
946,0.03,4583,0.0,0.33013026891569974,0,642,564,4894,0.006,0.614,str('kl'),0.093,FALSE
947,0.03,1081,0.0,0.7468034526596633,0,303,2879,2078,0.611,0.491,str('intersection'),0.035,TRUE
948,0.03,1602,0.0,0.6333636543757241,0,444,3468,4127,0.983,0.305,str('intersection'),0.029,FALSE
949,0.03,1938,0.0,0.578443869193953,0,493,1212,1328,0.402,0.682,str('kl'),0.065,TRUE
950,0.03,7280,0.0,0.19659491188450529,0,712,1878,2760,0.7,0.195,str('kl'),0.082,FALSE
951,0.2,575,0.21250000000000002,0.9287555288361474,0,80,4680,579,0.182,0.817,str('intersection'),0.044,TRUE
952,0.03,8822,0.0,0.14115615271432413,0,737,4606,4271,0.481,0.548,str('kl'),0.033,FALSE
953,0.03,1193,0.0,0.7183767171914457,0,341,1959,1455,0.898,0.425,str('intersection'),0.093,TRUE
954,0.03,502,0.0,0.9678662349165907,0,39,1139,2596,0.202,0.952,str('intersection'),0.076,FALSE
955,0.43,4026,0.5000000000000001,0.3675188273043897,0,497,3552,393,0.682,0.077,str('kl'),0.018,TRUE
956,0.03,12121,0.0,0.04947862666921743,0,775,2951,3388,0.785,0.129,str('kl'),0.046,FALSE
957,0.03,650,0.0,0.8934299933532606,0,130,480,1206,0.329,0.751,str('intersection'),0.082,TRUE
958,0.03,609,0.0,0.9122037930435165,0,105,1379,4748,0.507,0.372,str('intersection'),0.065,FALSE
959,0.03,1225,0.0,0.7107438056800206,0,353,3928,1951,0.112,0.748,str('kl'),0.027,TRUE
960,0.03,655,0.0,0.8912218521765396,0,132,4313,2939,0.571,0.839,str('intersection'),0.011,FALSE
961,0.32,614,0.3625000000000001,0.9098478400100959,0,102,1627,131,0.06,0.213,str('kl'),0.072,TRUE
962,0.23,652,0.25000000000000006,0.8925447084753532,0,123,2556,1737,0.28,0.288,str('intersection'),0.04,TRUE
963,0.03,509,0.0,0.9638775860249171,0,42,3127,4409,0.126,0.477,str('intersection'),0.023,FALSE
964,0.03,12562,0.0,0.03916569907263334,0,780,929,2215,0.739,0.604,str('kl'),0.058,TRUE
965,0.03,5377,0.0,0.28402756123124173,0,662,2219,3746,0.409,0.023,str('kl'),0.088,FALSE
966,0.03,1371,0.0,0.6782723453574638,0,396,4963,922,0.958,0.895,str('intersection'),0.05,TRUE
967,0.03,1664,0.0,0.6224116891507097,0,452,4717,3509,0.023,0.317,str('kl'),0.057,TRUE
968,0.27,589,0.30000000000000004,0.9218247720708316,0,89,2481,694,0.597,0.693,str('intersection'),0.025,FALSE
969,0.03,705,0.0,0.8700227041191999,0,156,643,4647,0.303,0.183,str('intersection'),0.054,TRUE
970,0.03,7949,0.0,0.17122566783106397,0,722,3426,2443,0.813,0.805,str('kl'),0.083,FALSE
971,0.51,470,0.6,0.9868366858631279,0,13,44,1655,0.168,0.116,str('intersection'),0.015,FALSE
972,0.03,1855,0.0,0.5910698717724865,0,479,1800,3011,0.996,0.509,str('intersection'),0.042,TRUE
973,0.04,572,0.012500000000000004,0.9302625956753939,0,80,4134,212,0.385,0.386,str('kl'),0.097,FALSE
974,0.03,1503,0.0,0.6517616827622266,0,425,3877,4990,0.924,0.047,str('intersection'),0.079,TRUE
975,0.03,2488,0.0,0.5063772934295552,0,543,1446,2182,0.445,0.918,str('kl'),0.047,FALSE
976,0.03,456,0.0,0.9955451849630294,0,4,2977,975,0.224,0.58,str('intersection'),0.061,FALSE
977,0.03,768,0.0,0.8453541818713216,0,187,3647,2671,0.371,0.653,str('intersection'),0.09,TRUE
978,0.03,2005,0.0,0.5686399469675312,0,501,1040,478,0.764,0.28,str('kl'),0.038,FALSE
979,0.03,2350,0.0,0.5228392614927794,0,534,2093,4196,0.088,0.847,str('kl'),0.019,TRUE
980,0.25,646,0.275,0.8952087517969548,0,119,4466,1371,0.545,0.221,str('intersection'),0.074,FALSE
981,0.03,6970,0.0,0.20915187696219162,0,707,4474,3597,0.359,0.802,str('kl'),0.049,TRUE
982,0.2,660,0.21250000000000002,0.8890304776093565,0,129,2082,798,0.776,0.18,str('intersection'),0.088,FALSE
983,0.03,575,0.0,0.9287555288361474,0,84,1027,4500,0.076,0.697,str('intersection'),0.059,TRUE
984,0.03,5637,0.0,0.27040181226899374,0,673,3654,2320,0.556,0.321,str('kl'),0.024,FALSE
985,0.03,573,0.0,0.9297593651313303,0,82,437,1858,0.457,0.504,str('intersection'),0.098,FALSE
986,0.03,1040,0.0,0.7579519969742388,0,285,1413,2846,0.63,0.119,str('intersection'),0.071,TRUE
987,0.03,1364,0.0,0.6797485769336971,0,395,4103,4782,0.698,0.592,str('intersection'),0.028,TRUE
988,0.03,976,0.0,0.776263954953388,0,269,1828,1956,0.188,0.466,str('kl'),0.066,FALSE
989,0.52,500,0.6125,0.9690160477677547,0,36,2736,1142,0.404,0.036,str('intersection'),0.045,FALSE
990,0.26,567,0.28750000000000003,0.9327919952482516,0,76,3415,2560,0.004,0.232,str('intersection'),0.017,TRUE
991,0.03,954,0.0,0.782836970085792,0,256,652,389,0.616,0.858,str('kl'),0.075,FALSE
992,0.03,6380,0.0,0.2346741232352526,0,697,2487,4326,0.284,0.268,str('kl'),0.094,TRUE
993,0.03,830,0.0,0.8229762718706393,0,215,4704,1517,0.832,0.64,str('intersection'),0.033,FALSE
994,0.03,2540,0.0,0.5004099486396121,0,548,4994,4085,0.146,0.065,str('kl'),0.074,FALSE
995,0.03,1099,0.0,0.7420417978169171,0,312,2191,1286,0.719,0.94,str('intersection'),0.02,TRUE
996,0.03,560,0.0,0.9363708161430153,0,75,904,2801,0.429,0.436,str('intersection'),0.037,FALSE
997,0.03,3981,0.0,0.37076199265433074,0,615,3160,621,0.939,0.559,str('kl'),0.089,TRUE
998,0.03,6562,0.0,0.2265577537922281,0,701,2566,3260,0.59,0.736,str('kl'),0.061,FALSE
999,0.14,565,0.13750000000000004,0.9338099950476652,0,74,252,1057,0.04,0.36,str('intersection'),0.031,TRUE
1000,0.03,1013,0.0,0.7655361525091876,0,278,1621,4857,0.873,0.763,str('intersection'),0.048,FALSE
1001,0.03,1703,0.0,0.6157295841200348,0,459,4326,2041,0.261,0.141,str('kl'),0.08,TRUE
1002,0.03,827,0.0,0.8240200438723635,0,213,3920,3083,0.796,0.291,str('intersection'),0.096,FALSE
1003,0.09,1002,0.075,0.7686840558874294,0,242,1390,257,0.318,0.664,str('kl'),0.042,TRUE
1004,0.03,11610,0.0,0.061908470933394244,0,766,494,3823,0.518,0.209,str('kl'),0.015,FALSE
1005,0.03,554,0.0,0.9394741002789269,0,69,2945,1630,0.101,0.835,str('intersection'),0.067,TRUE
1006,0.03,609,0.0,0.9122037930435165,0,105,3523,4572,0.493,0.899,str('intersection'),0.084,FALSE
1007,0.03,2190,0.0,0.54318075764327,0,521,1992,3525,0.214,0.6,str('kl'),0.025,FALSE
1008,0.03,932,0.0,0.7895631836030383,0,246,4580,717,0.67,0.473,str('intersection'),0.057,TRUE
1009,0.03,743,0.0,0.8548924803984695,0,177,1908,2252,0.391,0.768,str('intersection'),0.013,TRUE
1010,0.03,711,0.0,0.8675803540518083,0,160,1245,3710,0.712,0.358,str('intersection'),0.043,FALSE
1011,0.03,758,0.0,0.8491317573207577,0,183,3442,885,0.17,0.73,str('kl'),0.095,TRUE
1012,0.03,2555,0.0,0.49871128191171565,0,549,2870,2898,0.301,0.534,str('kl'),0.056,FALSE
1013,0.56,1069,0.6625000000000001,0.7500221028667249,0,257,575,90,0.819,0.407,str('intersection'),0.027,TRUE
1014,0.03,518,0.0,0.9588290145354433,0,46,1318,3949,0.018,0.966,str('intersection'),0.053,FALSE
1015,0.03,5387,0.0,0.28349142389723403,0,664,4004,1778,0.599,0.094,str('kl'),0.085,TRUE
1016,0.03,485,0.0,0.977788840050987,0,26,4242,3424,0.094,0.494,str('intersection'),0.091,FALSE
1017,0.03,4533,0.0,0.33329549743905784,0,639,1693,1243,0.543,0.617,str('kl'),0.037,TRUE
1018,0.03,5564,0.0,0.274162999663878,0,670,170,4712,0.373,0.006,str('kl'),0.02,FALSE
1019,0.03,1153,0.0,0.7282108080927254,0,326,2641,1914,0.759,0.881,str('intersection'),0.072,TRUE
1020,0.03,711,0.0,0.8675803540518083,0,160,3241,4229,0.648,0.821,str('intersection'),0.078,FALSE
1021,0.03,1165,0.0,0.7252252368753004,0,329,829,1414,0.222,0.2,str('kl'),0.048,TRUE
1022,0.31,674,0.3500000000000001,0.882981697791681,0,135,4922,434,0.439,0.302,str('intersection'),0.063,TRUE
1023,0.03,7966,0.0,0.17060918899563038,0,723,4778,2708,0.501,0.974,str('kl'),0.045,TRUE
1024,0.53,457,0.625,0.9949143592607291,0,3,2405,514,0.114,0.102,str('intersection'),0.083,FALSE
1025,0.03,1194,0.0,0.7181351075968427,0,342,724,4159,0.783,0.526,str('intersection'),0.064,TRUE
1026,0.03,1925,0.0,0.5803853173281097,0,492,3331,1334,0.335,0.399,str('kl'),0.029,FALSE
1027,0.03,5666,0.0,0.26892114087909813,0,674,2664,4948,0.196,0.334,str('kl'),0.034,TRUE
1028,0.03,674,0.0,0.882981697791681,0,140,154,2140,0.684,0.707,str('intersection'),0.092,FALSE
1029,0.19,854,0.2,0.8147592714545767,0,204,1754,3188,0.479,0.166,str('intersection'),0.077,TRUE
1030,0.03,13040,0.0,0.02838862565082223,0,784,4185,1016,0.904,0.792,str('kl'),0.016,FALSE
1031,0.03,797,0.0,0.834670796575811,0,202,3821,3873,0.411,0.639,str('intersection'),0.021,TRUE
1032,0.03,7674,0.0,0.1813855300225713,0,718,1487,1692,0.953,0.263,str('kl'),0.06,FALSE
1033,0.03,2189,0.0,0.5433125095943816,0,520,352,2974,0.132,0.861,str('kl'),0.087,TRUE
1034,0.22,571,0.23750000000000002,0.9307667052252215,0,79,3077,176,0.737,0.239,str('intersection'),0.052,FALSE
1035,0.03,2090,0.0,0.5566630149067958,0,514,3738,3468,0.855,0.061,str('intersection'),0.012,TRUE
1036,0.03,743,0.0,0.8548924803984695,0,177,955,653,0.274,0.936,str('kl'),0.07,FALSE
1037,0.03,557,0.0,0.9379182871100487,0,70,4400,2485,0.058,0.562,str('intersection'),0.038,FALSE
1038,0.03,838,0.0,0.8202111954485352,0,218,4445,3941,0.621,0.256,str('intersection'),0.018,FALSE
1039,0.03,936,0.0,0.7883285180027633,0,249,2111,1748,0.01,0.629,str('kl'),0.076,TRUE
1040,0.43,936,0.5000000000000001,0.7883285180027633,0,227,3703,140,0.292,0.87,str('intersection'),0.033,TRUE
1041,0.03,802,0.0,0.832868150840697,0,204,3112,3721,0.177,0.927,str('intersection'),0.027,FALSE
1042,0.03,3788,0.0,0.38510037045121415,0,607,329,913,0.687,0.056,str('kl'),0.065,TRUE
1043,0.03,7641,0.0,0.1826291027828324,0,717,1540,4376,0.397,0.573,str('kl'),0.081,FALSE
1044,0.03,1567,0.0,0.6397348324026729,0,437,3777,2205,0.97,0.446,str('intersection'),0.047,TRUE
1045,0.03,3513,0.0,0.4068457549209289,0,599,4152,2607,0.461,0.108,str('kl'),0.04,FALSE
1046,0.03,1078,0.0,0.747604756211627,0,301,1779,426,0.918,0.983,str('intersection'),0.097,TRUE
1047,0.03,614,0.0,0.9098478400100959,0,109,99,4280,0.245,0.393,str('intersection'),0.071,FALSE
1048,0.03,737,0.0,0.8572293566797997,0,172,778,1924,0.348,0.341,str('intersection'),0.088,TRUE
1049,0.03,610,0.0,0.9117310613343834,0,106,2380,3376,0.549,0.782,str('intersection'),0.058,FALSE
1050,0.03,1107,0.0,0.7399504651590602,0,317,4812,1174,0.07,0.161,str('kl'),0.023,TRUE
1051,0.03,1383,0.0,0.675759098903966,0,399,4869,3140,0.882,0.612,str('intersection'),0.084,TRUE
1052,0.03,1051,0.0,0.7549184008799474,0,290,2320,947,0.488,0.485,str('kl'),0.054,FALSE
1053,0.55,472,0.65,0.9856137914745208,0,14,3265,2151,0.206,0.016,str('intersection'),0.058,FALSE
1054,0.03,703,0.0,0.8708414355729628,0,154,2617,4209,0.328,0.189,str('intersection'),0.097,TRUE
1055,0.03,5316,0.0,0.287319744902481,0,661,205,1401,0.808,0.815,str('kl'),0.042,FALSE
1056,0.03,2360,0.0,0.5216142908765704,0,535,1648,2677,0.108,0.311,str('kl'),0.014,TRUE
1057,0.05,531,0.02500000000000001,0.95168909878413,0,52,4295,506,0.525,0.683,str('intersection'),0.067,FALSE
1058,0.03,2205,0.0,0.5412116621454157,0,523,4029,4618,0.036,0.775,str('kl'),0.062,TRUE
1059,0.03,638,0.0,0.898799499751512,0,122,1285,2437,0.585,0.153,str('intersection'),0.032,FALSE
1060,0.03,697,0.0,0.8733116587327442,0,151,619,3479,0.252,0.725,str('intersection'),0.047,TRUE
1061,0.03,1916,0.0,0.5817370886232949,0,491,2816,680,0.864,0.349,str('kl'),0.079,FALSE
1062,0.48,500,0.5625,0.9690160477677547,0,37,1201,226,0.157,0.539,str('intersection'),0.019,FALSE
1063,0.03,1596,0.0,0.6344459155586166,0,441,1941,3864,0.946,0.084,str('intersection'),0.037,TRUE
1064,0.03,1584,0.0,0.6366226900055031,0,439,4627,1662,0.435,0.959,str('kl'),0.09,FALSE
1065,0.03,626,0.0,0.9042708037809937,0,117,4545,2856,0.228,0.658,str('intersection'),0.079,TRUE
1066,0.13,927,0.12500000000000003,0.7911139806923846,0,223,2016,58,0.652,0.282,str('kl'),0.049,FALSE
1067,0.03,13746,0.0,0.013172808020974092,0,787,1117,3991,0.447,0.841,str('kl'),0.03,TRUE
1068,0.03,1170,0.0,0.7239903071181216,0,332,3568,1810,0.935,0.219,str('intersection'),0.063,FALSE
1069,0.26,899,0.28750000000000003,0.7999558910801019,0,217,2900,4492,0.531,0.018,str('intersection'),0.091,TRUE
1070,0.03,1257,0.0,0.7033075773839457,0,362,547,2289,0.083,0.893,str('kl'),0.036,FALSE
1071,0.03,489,0.0,0.9754232313644464,0,29,3954,848,0.366,0.605,str('intersection'),0.073,FALSE
1072,0.35,491,0.39999999999999997,0.9742476588881187,0,29,1567,1529,0.305,0.075,str('intersection'),0.026,FALSE
1073,0.03,1032,0.0,0.7601784507852037,0,283,277,2513,0.608,0.553,str('intersection'),0.053,TRUE
1074,0.03,521,0.0,0.9571655941155429,0,48,2533,319,0.027,0.427,str('kl'),0.086,FALSE
1075,0.03,6398,0.0,0.2338611575036047,0,699,3193,3304,0.379,0.37,str('kl'),0.069,TRUE
1076,0.03,1361,0.0,0.6803835665053676,0,394,879,1133,0.984,0.742,str('intersection'),0.014,FALSE
1077,0.03,850,0.0,0.8161126274815863,0,220,2245,4832,0.163,0.131,str('intersection'),0.042,TRUE
1078,0.03,4018,0.0,0.36809273282564636,0,619,4950,2024,0.705,0.757,str('kl'),0.095,FALSE
1079,0.03,574,0.0,0.9292570105329557,0,83,4727,4907,0.269,0.459,str('intersection'),0.012,FALSE
1080,0.03,1904,0.0,0.5835493560784589,0,489,696,3229,0.049,0.041,str('kl'),0.1,FALSE
1081,0.03,952,0.0,0.7834420072966929,0,255,3362,1048,0.568,0.916,str('intersection'),0.039,TRUE
1082,0.03,1277,0.0,0.6987553908316138,0,368,2789,2754,0.964,0.849,str('intersection'),0.022,FALSE
1083,0.03,1532,0.0,0.6462498414271953,0,432,25,551,0.421,0.227,str('kl'),0.06,TRUE
1084,0.24,836,0.2625,0.8208999849017297,0,200,4080,1298,0.139,0.274,str('intersection'),0.051,TRUE
1085,0.03,9138,0.0,0.13100050791448836,0,741,3849,3592,0.679,0.186,str('kl'),0.035,FALSE
1086,0.03,667,0.0,0.8859902410561756,0,137,1456,767,0.192,0.811,str('intersection'),0.092,TRUE
1087,0.03,1886,0.0,0.5862892751756268,0,486,403,4563,0.896,0.315,str('intersection'),0.076,FALSE
1088,0.03,14214,0.0,0.003511220770164747,0,789,3030,2370,0.47,0.687,str('kl'),0.016,TRUE
1089,0.03,2381,0.0,0.519058653041632,0,536,3629,3754,0.125,0.514,str('kl'),0.044,FALSE
1090,0.03,1026,0.0,0.7618596359891395,0,282,1060,1582,0.511,0.387,str('intersection'),0.082,TRUE
1091,0.03,621,0.0,0.9065814858113574,0,115,2039,3094,0.341,0.985,str('intersection'),0.064,FALSE
1092,0.24,3570,0.2625,0.402201942463457,0,490,4529,286,0.79,0.114,str('kl'),0.03,TRUE
1093,0.03,7485,0.0,0.18858145714449248,0,715,4520,3105,0.654,0.608,str('kl'),0.092,FALSE
1094,0.14,668,0.13750000000000004,0.8855585242308734,0,134,2049,279,0.23,0.481,str('intersection'),0.035,TRUE
1095,0.03,1071,0.0,0.7494831621986267,0,299,1075,3762,0.933,0.891,str('intersection'),0.016,FALSE
1096,0.03,2390,0.0,0.5179702696879858,0,538,3623,1569,0.446,0.02,str('kl'),0.076,TRUE
1097,0.03,3003,0.0,0.45210160935328403,0,573,3040,4555,0.086,0.217,str('kl'),0.082,FALSE
1098,0.03,1305,0.0,0.6925005995554551,0,376,394,2384,0.533,0.842,str('intersection'),0.044,TRUE
1099,0.03,780,0.0,0.8408854064883271,0,193,1450,3582,0.364,0.284,str('intersection'),0.029,FALSE
1100,0.03,5189,0.0,0.2942968688977261,0,655,3862,773,0.75,0.656,str('kl'),0.064,TRUE
1101,0.03,692,0.0,0.8753864530310138,0,147,4071,4107,0.307,0.755,str('intersection'),0.069,FALSE
1102,0.03,1556,0.0,0.6417666034072261,0,436,39,2740,0.025,0.745,str('kl'),0.039,FALSE
1103,0.22,1284,0.23750000000000002,0.6971789386034007,0,311,2784,560,0.605,0.368,str('intersection'),0.099,TRUE
1104,0.03,1353,0.0,0.682083734272924,0,390,3372,3243,0.986,0.428,str('intersection'),0.06,FALSE
1105,0.03,3384,0.0,0.417639806475003,0,594,687,1040,0.382,0.551,str('kl'),0.023,TRUE
1106,0.03,903,0.0,0.7986760546416946,0,239,4741,2097,0.162,0.947,str('intersection'),0.086,TRUE
1107,0.03,696,0.0,0.8737254260350127,0,150,2233,2017,0.267,0.648,str('intersection'),0.055,FALSE
1108,0.03,1597,0.0,0.6342652566207,0,442,866,3313,0.569,0.224,str('intersection'),0.086,TRUE
1109,0.03,823,0.0,0.82541763809948,0,211,3200,1120,0.052,0.85,str('kl'),0.053,FALSE
1110,0.03,11979,0.0,0.052879344420239116,0,773,2522,2504,0.419,0.915,str('kl'),0.014,TRUE
1111,0.25,920,0.275,0.7932991923299924,0,221,285,333,0.962,0.043,str('intersection'),0.069,FALSE
1112,0.03,677,0.0,0.8817018613532737,0,141,1574,4343,0.141,0.585,str('intersection'),0.095,TRUE
1113,0.03,4322,0.0,0.3470488409648601,0,633,4357,1535,0.745,0.458,str('kl'),0.043,FALSE
1114,0.03,852,0.0,0.8154351561754278,0,221,3962,3658,0.19,0.111,str('intersection'),0.049,TRUE
1115,0.03,1324,0.0,0.6883321878791793,0,380,1354,859,0.677,0.987,str('kl'),0.079,FALSE
1116,0.03,884,0.0,0.8048064698625126,0,233,2907,2298,0.897,0.512,str('intersection'),0.03,FALSE
1117,0.03,967,0.0,0.7789348468130383,0,263,3557,4004,0.509,0.69,str('intersection'),0.035,TRUE
1118,0.03,872,0.0,0.8087464988912202,0,230,1125,1802,0.124,0.314,str('kl'),0.091,FALSE
1119,0.03,1953,0.0,0.5762198460334897,0,495,4617,3856,0.011,0.448,str('kl'),0.032,TRUE
1120,0.03,590,0.0,0.9213360291193142,0,93,1951,1675,0.623,0.571,str('intersection'),0.062,FALSE
1121,0.28,903,0.3125,0.7986760546416946,0,219,1207,3030,0.29,0.053,str('intersection'),0.079,TRUE
1122,0.05,2258,0.02500000000000001,0.5343598553892962,0,432,3482,232,0.84,0.928,str('kl'),0.047,FALSE
1123,0.28,509,0.3125,0.9638775860249171,0,41,608,674,0.179,0.246,str('intersection'),0.074,FALSE
1124,0.03,1769,0.0,0.6047623609426144,0,466,1270,4627,0.969,0.631,str('intersection'),0.09,TRUE
1125,0.03,3374,0.0,0.4184936610738621,0,592,4034,2424,0.395,0.255,str('kl'),0.038,FALSE
1126,0.03,2032,0.0,0.5647813743213013,0,506,4285,2691,0.92,0.158,str('intersection'),0.054,TRUE
1127,0.03,768,0.0,0.8453541818713216,0,187,1658,497,0.463,0.784,str('kl'),0.084,FALSE
1128,0.21,581,0.225,0.925764801099539,0,85,2604,1390,0.243,0.715,str('intersection'),0.025,FALSE
1129,0.03,1078,0.0,0.747604756211627,0,301,3274,4970,0.35,0.518,str('intersection'),0.042,TRUE
1130,0.03,5429,0.0,0.28125046032791345,0,665,784,2162,0.768,0.392,str('kl'),0.097,FALSE
1131,0.03,1409,0.0,0.670387670595783,0,406,2305,3127,0.068,0.981,str('kl'),0.067,TRUE
1132,0.32,540,0.3625000000000001,0.9468475615795614,0,58,4874,956,0.547,0.11,str('intersection'),0.015,FALSE
1133,0.03,4576,0.0,0.33057131659618455,0,641,4823,3368,0.486,0.686,str('kl'),0.097,FALSE
1134,0.03,1691,0.0,0.6177691872654869,0,458,2372,1187,0.88,0.31,str('intersection'),0.04,TRUE
1135,0.03,616,0.0,0.9089108176158706,0,111,771,4729,0.207,0.813,str('intersection'),0.011,FALSE
1136,0.03,7968,0.0,0.17053674857258483,0,724,3300,1931,0.663,0.192,str('kl'),0.071,TRUE
1137,0.03,699,0.0,0.8724858995316327,0,152,111,1475,0.326,0.889,str('intersection'),0.051,TRUE
1138,0.03,604,0.0,0.9145791368549133,0,101,1792,2616,0.527,0.487,str('intersection'),0.023,FALSE
1139,0.03,659,0.0,0.8894674234065191,0,135,4145,412,0.11,0.61,str('kl'),0.058,TRUE
1140,0.03,645,0.0,0.8956551596878125,0,125,3788,4389,0.583,0.958,str('intersection'),0.076,FALSE
1141,0.03,1956,0.0,0.5757770906760339,0,496,1532,2196,0.034,0.086,str('kl'),0.018,TRUE
1142,0.03,728,0.0,0.860770537842668,0,165,3124,902,0.254,0.415,str('intersection'),0.093,TRUE
1143,0.21,491,0.225,0.9742476588881187,0,32,3695,2959,0.155,0.35,str('intersection'),0.065,FALSE
1144,0.27,2155,0.30000000000000004,0.5478282436427484,0,420,990,151,0.727,0.723,str('kl'),0.028,TRUE
1145,0.03,5891,0.0,0.25768421759753124,0,682,2124,3928,0.437,0.15,str('kl'),0.046,FALSE
1146,0.03,1356,0.0,0.681444997065172,0,391,4438,1756,0.948,0.776,str('intersection'),0.081,TRUE
1147,0.19,966,0.2,0.7792331441459487,0,237,4414,4674,0.389,0.092,str('intersection'),0.06,TRUE
1148,0.03,2515,0.0,0.5032634684640476,0,544,946,3462,0.172,0.409,str('kl'),0.052,TRUE
1149,0.03,700,0.0,0.872073904252675,0,153,3748,663,0.714,0.531,str('intersection'),0.087,FALSE
1150,0.03,1267,0.0,0.7010225088835258,0,365,3071,2981,0.817,0.733,str('intersection'),0.07,TRUE
1151,0.45,1438,0.5250000000000001,0.6645120891629255,0,341,366,165,0.299,0.357,str('kl'),0.012,FALSE
1152,0.28,474,0.3125,0.9843960569931917,0,16,3812,1684,0.02,0.145,str('intersection'),0.099,FALSE
1153,0.03,12848,0.0,0.03266925318935321,0,783,4200,3196,0.541,0.304,str('kl'),0.083,TRUE
1154,0.04,449,0.012500000000000004,1.0,1,1,1748,1003,0.092,0.676,str('intersection'),0.045,FALSE
1155,0.03,1212,0.0,0.7138203697640577,0,348,145,4959,0.76,0.197,str('intersection'),0.028,TRUE
1156,0.03,1677,0.0,0.620167086528637,0,455,2674,2134,0.375,0.823,str('kl'),0.064,FALSE
1157,0.03,4432,0.0,0.339797136739428,0,636,3325,4149,0.221,0.88,str('kl'),0.092,TRUE
1158,0.49,613,0.575,0.9103174945383113,0,100,737,1340,0.646,0.008,str('intersection'),0.034,FALSE
1159,0.03,823,0.0,0.82541763809948,0,211,2415,2699,0.441,0.62,str('intersection'),0.017,TRUE
1160,0.03,2150,0.0,0.5484983220582276,0,517,4769,528,0.928,0.493,str('kl'),0.077,FALSE
1161,0.03,480,0.0,0.9807733820976292,0,22,4908,2624,0.116,0.79,str('intersection'),0.036,FALSE
1162,0.03,1057,0.0,0.7532770544053193,0,292,2282,443,0.502,0.168,str('kl'),0.091,TRUE
1163,0.03,4673,0.0,0.32451889362487607,0,647,837,4224,0.333,0.709,str('kl'),0.072,FALSE
1164,0.03,1126,0.0,0.7350434563587869,0,320,3229,1425,0.781,0.333,str('intersection'),0.02,TRUE
1165,0.03,789,0.0,0.837578656378756,0,197,2648,4718,0.686,0.401,str('intersection'),0.049,FALSE
1166,0.03,1244,0.0,0.7063054743929247,0,358,158,1903,0.198,0.524,str('kl'),0.078,TRUE
1167,0.03,859,0.0,0.8130764524365244,0,225,4250,1235,0.477,0.975,str('intersection'),0.031,TRUE
1168,0.03,724,0.0,0.8623584518562372,0,164,1325,1765,0.413,0.438,str('intersection'),0.068,TRUE
1169,0.03,712,0.0,0.8671752976430045,0,161,583,2909,0.734,0.934,str('intersection'),0.095,FALSE
1170,0.51,738,0.6,0.8568385608937528,0,162,2858,83,0.13,0.063,str('kl'),0.044,TRUE
1171,0.03,3862,0.0,0.3795182320675504,0,612,3449,3699,0.277,0.236,str('kl'),0.027,FALSE
1172,0.03,1232,0.0,0.7091006792348493,0,355,1232,891,0.857,0.862,str('intersection'),0.056,TRUE
1173,0.19,520,0.2,0.9577190029982469,0,46,1897,4437,0.056,0.264,str('intersection'),0.085,FALSE
1174,0.03,7890,0.0,0.17337548598976593,0,720,4660,2266,0.575,0.637,str('kl'),0.053,TRUE
1175,0.03,819,0.0,0.8268220332985168,0,210,4586,3531,0.774,0.993,str('intersection'),0.041,FALSE
1176,0.03,922,0.0,0.7926731559806124,0,243,1979,706,0.357,0.122,str('kl'),0.096,TRUE
1177,0.03,10013,0.0,0.1046126609265372,0,750,1160,4586,0.558,0.507,str('kl'),0.067,FALSE
1178,0.28,595,0.3125,0.9189046529537417,0,91,3533,2392,0.078,0.38,str('intersection'),0.016,TRUE
1179,0.03,610,0.0,0.9117310613343834,0,106,2930,3810,0.455,0.323,str('intersection'),0.055,FALSE
1180,0.03,11945,0.0,0.053699581526113316,0,771,499,1638,0.911,0.695,str('kl'),0.084,TRUE
1181,0.03,1673,0.0,0.6208558759818316,0,454,1399,3077,0.238,0.178,str('kl'),0.057,FALSE
1182,0.3,827,0.3375000000000001,0.8240200438723635,0,198,3909,269,0.632,0.803,str('intersection'),0.025,TRUE
1183,0.03,3672,0.0,0.39407399785530617,0,602,4332,4846,0.185,0.643,str('kl'),0.02,FALSE
1184,0.03,1086,0.0,0.7454728710316771,0,307,1607,2048,0.697,0.267,str('intersection'),0.074,TRUE
1185,0.03,580,0.0,0.9262611084340575,0,87,242,3252,0.406,0.856,str('intersection'),0.089,FALSE
1186,0.03,6111,0.0,0.2471044622041204,0,690,3145,2810,0.615,0.033,str('kl'),0.032,FALSE
1187,0.04,544,0.012500000000000004,0.9447215656385288,0,61,909,607,0.002,0.908,str('intersection'),0.061,TRUE
1188,0.03,826,0.0,0.8243688084391553,0,212,2200,4096,0.835,0.467,str('intersection'),0.08,FALSE
1189,0.03,1523,0.0,0.6479491749564817,0,430,4983,1280,0.285,0.59,str('kl'),0.048,TRUE
1190,0.03,1200,0.0,0.7166896823188889,0,346,4697,4332,0.721,0.138,str('intersection'),0.066,TRUE
1191,0.03,1244,0.0,0.7063054743929247,0,358,2499,1507,0.147,0.764,str('kl'),0.028,FALSE
1192,0.03,515,0.0,0.9605020780261263,0,45,3407,381,0.426,0.734,str('intersection'),0.081,FALSE
1193,0.03,667,0.0,0.8859902410561756,0,137,2749,3322,0.042,0.561,str('intersection'),0.075,TRUE
1194,0.03,5907,0.0,0.25690156588019364,0,683,63,1150,0.592,0.435,str('kl'),0.017,FALSE
1195,0.03,7261,0.0,0.19734901397539428,0,710,1820,4775,0.259,0.938,str('kl'),0.034,TRUE
1196,0.25,822,0.275,0.8257680967265136,0,196,4115,1968,0.871,0.067,str('intersection'),0.094,FALSE
1197,0.03,4181,0.0,0.3566189059868977,0,627,3896,2834,0.319,0.475,str('kl'),0.088,TRUE
1198,0.51,744,0.6,0.8545048340757189,0,165,1425,36,0.799,0.598,str('intersection'),0.05,FALSE
1199,0.2,841,0.21250000000000002,0.8191810837877503,0,202,448,4052,0.099,0.025,str('intersection'),0.023,TRUE
1200,0.03,2212,0.0,0.5402973284966046,0,525,2997,1871,0.517,0.901,str('kl'),0.059,FALSE
1201,0.03,671,0.0,0.8842672350793592,0,139,1020,2306,0.495,0.211,str('intersection'),0.04,FALSE
1202,0.03,1104,0.0,0.7407329400456986,0,315,2074,3607,0.668,0.666,str('intersection'),0.01,TRUE
1203,0.03,799,0.0,0.8339483865768418,0,203,4487,792,0.212,0.29,str('kl'),0.071,FALSE
1204,0.03,2318,0.0,0.5267944774033528,0,532,4456,4190,0.9,0.746,str('intersection'),0.047,TRUE
1205,0.03,1779,0.0,0.6031364262538874,0,468,2102,1381,0.483,0.374,str('kl'),0.079,FALSE
1206,0.57,730,0.6749999999999999,0.8599798451730206,0,158,3634,487,0.2,0.128,str('intersection'),0.032,FALSE
1207,0.27,735,0.30000000000000004,0.8580125393691032,0,160,2986,3160,0.331,0.078,str('intersection'),0.038,TRUE
1208,0.03,2193,0.0,0.5427858622878414,0,522,457,967,0.787,0.95,str('kl'),0.09,FALSE
1209,0.03,2487,0.0,0.506493267971561,0,542,1431,4996,0.111,0.422,str('kl'),0.073,TRUE
1210,0.03,626,0.0,0.9042708037809937,0,117,3882,2170,0.505,0.549,str('intersection'),0.019,FALSE
1211,0.03,1657,0.0,0.6236275913448186,0,451,4124,3022,0.062,0.897,str('kl'),0.025,TRUE
1212,0.45,706,0.5250000000000001,0.8696142077397504,0,147,1809,206,0.573,0.022,str('intersection'),0.057,FALSE
1213,0.03,729,0.0,0.8603749207225987,0,166,50,3845,0.279,0.602,str('intersection'),0.083,TRUE
1214,0.03,5531,0.0,0.27587948435760123,0,669,2755,1642,0.851,0.479,str('kl'),0.054,FALSE
1215,0.03,531,0.0,0.95168909878413,0,54,632,2457,0.128,0.662,str('intersection'),0.067,FALSE
1216,0.03,1879,0.0,0.5873618638842037,0,484,2466,3499,0.956,0.215,str('intersection'),0.097,TRUE
1217,0.03,1169,0.0,0.7242368706904851,0,331,4722,700,0.407,0.837,str('kl'),0.042,FALSE
1218,0.03,736,0.0,0.8576206823586002,0,171,4974,3741,0.595,0.383,str('intersection'),0.072,FALSE
1219,0.12,1876,0.1125,0.587822767858498,0,392,2211,932,0.022,0.51,str('kl'),0.011,TRUE
1220,0.03,769,0.0,0.8449791296497309,0,188,3139,2224,0.305,0.989,str('intersection'),0.098,TRUE
1221,0.03,598,0.0,0.9174555989778546,0,98,2548,3921,0.166,0.808,str('intersection'),0.058,FALSE
1222,0.03,3842,0.0,0.38101630261989616,0,611,1640,2946,0.387,0.692,str('kl'),0.05,FALSE
1223,0.22,1549,0.23750000000000002,0.6430670359308446,0,357,4306,120,0.998,0.319,str('intersection'),0.089,TRUE
1224,0.03,10337,0.0,0.09542288524556208,0,754,3939,4760,0.443,0.222,str('kl'),0.094,FALSE
1225,0.03,1884,0.0,0.5865953225467224,0,485,1371,1944,0.922,0.844,str('intersection'),0.033,TRUE
1226,0.29,652,0.325,0.8925447084753532,0,122,473,3396,0.226,0.278,str('intersection'),0.018,FALSE
1227,0.03,4183,0.0,0.3564809176295485,0,628,2963,1193,0.644,0.654,str('kl'),0.076,TRUE
1228,0.03,7914,0.0,0.17249905061374382,0,721,3544,2587,0.762,0.579,str('kl'),0.081,FALSE
1229,0.26,612,0.28750000000000003,0.9107879145999187,0,101,1152,407,0.369,0.456,str('intersection'),0.046,TRUE
1230,0.03,1382,0.0,0.6759677021973975,0,398,1972,4260,0.546,0.921,str('intersection'),0.027,FALSE
1231,0.03,757,0.0,0.8495122486664413,0,182,4599,1461,0.09,0.046,str('kl'),0.066,TRUE
1232,0.03,534,0.0,0.950066211786623,0,56,4671,2774,0.265,0.337,str('intersection'),0.077,FALSE
1233,0.21,14296,0.225,0.0018511841506609894,0,583,1888,571,0.869,0.713,str('kl'),0.016,TRUE
1234,0.03,3220,0.0,0.4319724013703301,0,584,1226,4132,0.044,0.164,str('kl'),0.035,FALSE
1235,0.03,895,0.0,0.8012414283677801,0,236,3462,1317,0.587,0.786,str('intersection'),0.093,TRUE
1236,0.03,1143,0.0,0.7307225963053233,0,325,2889,4887,0.943,0.979,str('intersection'),0.065,FALSE
1237,0.03,5695,0.0,0.2674480272921139,0,677,555,2089,0.425,0.104,str('kl'),0.029,TRUE
1238,0.03,8512,0.0,0.1514787597102083,0,734,1299,3210,0.723,0.52,str('kl'),0.044,FALSE
1239,0.24,557,0.2625,0.9379182871100487,0,68,4024,1029,0.141,0.397,str('intersection'),0.082,TRUE
1240,0.03,9450,0.0,0.12131223672031943,0,746,4222,3773,0.667,0.051,str('kl'),0.1,FALSE
1241,0.03,579,0.0,0.92675827073426,0,86,1712,1602,0.217,0.922,str('intersection'),0.039,TRUE
1242,0.03,956,0.0,0.7822331986440392,0,258,191,3113,0.882,0.449,str('intersection'),0.012,FALSE
1243,0.03,1016,0.0,0.7646835591449547,0,279,2622,305,0.497,0.576,str('kl'),0.07,TRUE
1244,0.03,1989,0.0,0.5709510916018439,0,499,3221,3573,0.097,0.625,str('kl'),0.086,FALSE
1245,0.29,738,0.325,0.8568385608937528,0,163,848,748,0.522,0.253,str('intersection'),0.051,TRUE
1246,0.03,529,0.0,0.9527761156771003,0,53,2295,4544,0.314,0.874,str('intersection'),0.022,FALSE
1247,0.03,1058,0.0,0.7530044019108808,0,293,4797,4473,0.24,0.544,str('intersection'),0.053,TRUE
1248,0.03,3716,0.0,0.3906372816472109,0,604,2385,2269,0.627,0.421,str('kl'),0.085,FALSE
1249,0.03,11581,0.0,0.06263019568092809,0,765,704,3644,0.461,0.956,str('kl'),0.055,TRUE
1250,0.03,1224,0.0,0.7109793035665255,0,352,3351,829,0.909,0.081,str('intersection'),0.026,FALSE
1251,0.03,940,0.0,0.7870991119098041,0,252,2683,2876,0.56,0.156,str('intersection'),0.043,TRUE
1252,0.08,551,0.06250000000000001,0.9410383460806826,0,66,134,78,0.072,0.778,str('kl'),0.095,FALSE
1253,0.03,606,0.0,0.9136266520170999,0,102,4206,1829,0.356,0.72,str('intersection'),0.014,FALSE
1254,0.2,469,0.21250000000000002,0.9874500817240001,0,14,1506,1113,0.287,0.194,str('intersection'),0.062,FALSE
1255,0.03,1819,0.0,0.5967227702221178,0,475,372,4812,0.613,0.68,str('intersection'),0.079,TRUE
1256,0.03,1044,0.0,0.7568451781913917,0,288,3058,2004,0.008,0.308,str('kl'),0.049,FALSE
1257,0.03,12123,0.0,0.0494310142556974,0,776,3718,4373,0.4,0.488,str('kl'),0.021,TRUE
1258,0.03,1198,0.0,0.7171706868367289,0,345,974,1548,0.981,0.615,str('intersection'),0.073,FALSE
1259,0.25,642,0.275,0.8969985413712559,0,117,2184,2532,0.183,0.012,str('intersection'),0.09,TRUE
1260,0.09,1676,0.075,0.6203391298385887,0,371,4381,339,0.703,0.883,str('kl'),0.036,FALSE
1261,0.03,3291,0.0,0.4256798788867173,0,587,4425,3279,0.135,0.203,str('kl'),0.015,FALSE
1262,0.03,1082,0.0,0.7465368451174721,0,304,2130,1077,0.747,0.825,str('intersection'),0.068,TRUE
1263,0.03,647,0.0,0.8947630333394079,0,127,999,4876,0.417,0.297,str('intersection'),0.096,FALSE
1264,0.03,7949,0.0,0.17122566783106397,0,722,3091,4065,0.563,0.621,str('kl'),0.024,FALSE
1265,0.03,601,0.0,0.9160137842693381,0,99,347,1267,0.053,0.499,str('intersection'),0.057,TRUE
1266,0.03,899,0.0,0.7999558910801019,0,237,1560,2782,0.847,0.878,str('intersection'),0.084,FALSE
1267,0.5,902,0.5875,0.7989954820610191,0,218,3757,601,0.273,0.003,str('kl'),0.054,TRUE
1268,0.03,871,0.0,0.8090772755966534,0,229,4171,4591,0.794,0.411,str('intersection'),0.037,FALSE
1269,0.03,3136,0.0,0.4395987092483278,0,579,1759,2420,0.337,0.537,str('kl'),0.089,TRUE
1270,0.03,6335,0.0,0.2367166133165287,0,695,81,3545,0.515,0.09,str('kl'),0.074,FALSE
1271,0.27,564,0.30000000000000004,0.9343203446835697,0,73,2727,736,0.122,0.961,str('intersection'),0.019,TRUE
1272,0.03,544,0.0,0.9447215656385288,0,62,3306,3063,0.474,0.773,str('intersection'),0.047,FALSE
1273,0.06,2066,0.0375,0.5599946841592667,0,413,757,238,0.892,0.147,str('kl'),0.08,TRUE
1274,0.03,2433,0.0,0.5128261278250141,0,539,2361,3803,0.196,0.727,str('kl'),0.061,FALSE
1275,0.03,1086,0.0,0.7454728710316771,0,307,4832,1610,0.675,0.354,str('intersection'),0.031,TRUE
1276,0.03,8653,0.0,0.1467378162859152,0,736,4848,4041,0.362,0.933,str('kl'),0.08,TRUE
1277,0.22,685,0.23750000000000002,0.878316454277362,0,140,2338,1838,0.756,0.057,str('intersection'),0.046,FALSE
1278,0.03,828,0.0,0.8236717002647167,0,214,814,2826,0.08,0.567,str('intersection'),0.028,TRUE
1279,0.04,489,0.012500000000000004,0.9754232313644464,0,28,224,817,0.452,0.635,str('intersection'),0.034,FALSE
1280,0.03,1095,0.0,0.743093174731589,0,310,1669,4520,0.648,0.242,str('intersection'),0.018,TRUE
1281,0.03,1132,0.0,0.7335110493395554,0,323,4276,2339,0.232,0.864,str('kl'),0.075,FALSE
1282,0.03,1200,0.0,0.7166896823188889,0,346,4047,2541,0.709,0.703,str('intersection'),0.059,TRUE
1283,0.28,864,0.3125,0.8114033889458414,0,209,1264,370,0.16,0.331,str('kl'),0.024,FALSE
1284,0.03,507,0.0,0.9650115860846988,0,41,2836,1498,0.376,0.171,str('intersection'),0.088,FALSE
1285,0.26,589,0.28750000000000003,0.9218247720708316,0,90,3515,4801,0.031,0.098,str('intersection'),0.071,TRUE
1286,0.03,12577,0.0,0.03882131816716905,0,781,1181,1976,0.603,0.969,str('kl'),0.01,FALSE
1287,0.03,4613,0.0,0.3282476618232063,0,644,1923,3354,0.309,0.403,str('kl'),0.041,TRUE
1288,0.03,784,0.0,0.839411060273526,0,194,4648,1161,0.82,0.529,str('intersection'),0.098,FALSE
1289,0.29,476,0.325,0.9831834390583832,0,17,1997,2121,0.104,0.229,str('intersection'),0.052,FALSE
1290,0.03,1327,0.0,0.6876794865593683,0,382,1097,3168,0.812,0.645,str('intersection'),0.022,TRUE
1291,0.03,1042,0.0,0.7573980569886345,0,287,3587,997,0.324,0.272,str('kl'),0.06,FALSE
1292,0.03,2536,0.0,0.5008646200907179,0,547,2920,2727,0.209,0.461,str('kl'),0.099,TRUE
1293,0.18,623,0.1875,0.9056549917768271,0,106,527,534,0.657,0.588,str('intersection'),0.039,FALSE
1294,0.03,921,0.0,0.7929860044057165,0,242,1346,4179,0.491,0.039,str('intersection'),0.013,TRUE
1295,0.03,4010,0.0,0.36866778187049065,0,618,3973,1354,0.878,0.911,str('kl'),0.07,FALSE
1296,0.03,815,0.0,0.8282332959830417,0,207,4351,3448,0.431,0.501,str('intersection'),0.063,TRUE
1297,0.03,6343,0.0,0.23635244589420545,0,696,1587,633,0.95,0.378,str('kl'),0.029,FALSE
1298,0.03,3961,0.0,0.37221518124276165,0,614,296,4668,0.153,0.999,str('kl'),0.045,TRUE
1299,0.03,794,0.0,0.8357578134687813,0,201,2513,2465,0.733,0.124,str('intersection'),0.083,FALSE
1300,0.03,1455,0.0,0.6611225891001407,0,416,3174,3893,0.86,0.176,str('intersection'),0.077,TRUE
1301,0.03,1851,0.0,0.5916925314399012,0,478,899,1711,0.255,0.798,str('kl'),0.017,FALSE
1302,0.03,14148,0.0,0.004854318279330805,0,788,2264,2994,0.581,0.325,str('kl'),0.034,TRUE
1303,0.25,470,0.275,0.9868366858631279,0,14,4930,196,0.04,0.701,str('intersection'),0.092,FALSE
1304,0.21,641,0.225,0.8974477284563268,0,117,2433,110,0.393,0.903,str('intersection'),0.073,TRUE
1305,0.03,740,0.0,0.8560585532732791,0,175,676,3969,0.691,0.469,str('intersection'),0.091,FALSE
1306,0.03,1544,0.0,0.6439995170131384,0,435,3381,1797,0.173,0.596,str('kl'),0.036,TRUE
1307,0.03,4901,0.0,0.31077331276288367,0,649,2809,4426,0.295,0.668,str('kl'),0.031,FALSE
1308,0.03,1251,0.0,0.7046873536083773,0,360,6,2233,0.838,0.296,str('intersection'),0.063,TRUE
1309,0.03,539,0.0,0.9473815166697038,0,58,1843,3691,0.013,0.831,str('intersection'),0.078,FALSE
1310,0.03,3466,0.0,0.4107318827575651,0,598,4099,865,0.617,0.206,str('kl'),0.048,TRUE
1311,0.03,526,0.0,0.9544143564652617,0,52,3829,4249,0.066,0.364,str('intersection'),0.043,FALSE
1312,0.03,3383,0.0,0.4177250783455888,0,593,1476,1434,0.553,0.74,str('kl'),0.096,TRUE
1313,0.03,2238,0.0,0.5369263698034796,0,526,422,2657,0.344,0.137,str('kl'),0.068,FALSE
1314,0.31,1232,0.3500000000000001,0.7091006792348493,0,298,3010,454,0.77,0.759,str('intersection'),0.013,TRUE
1315,0.03,790,0.0,0.8372135675964852,0,198,3610,3405,0.635,0.944,str('intersection'),0.052,FALSE
1316,0.03,1082,0.0,0.7465368451174721,0,304,1081,1223,0.249,0.069,str('kl'),0.085,TRUE
1317,0.03,969,0.0,0.778339175509937,0,265,4509,1894,0.465,0.432,str('intersection'),0.026,TRUE
1318,0.19,480,0.2,0.9807733820976292,0,21,2060,1442,0.112,0.906,str('intersection'),0.013,FALSE
1319,0.03,1350,0.0,0.682723888274164,0,389,1084,2646,0.788,0.466,str('intersection'),0.039,TRUE
1320,0.03,628,0.0,0.9033516863038437,0,118,3613,465,0.331,0.593,str('kl'),0.099,FALSE
1321,0.03,3405,0.0,0.41585489266546427,0,596,3011,3416,0.201,0.642,str('kl'),0.059,TRUE
1322,0.04,671,0.012500000000000004,0.8842672350793592,0,135,424,1212,0.681,0.27,str('intersection'),0.022,FALSE
1323,0.03,1100,0.0,0.741779550962073,0,313,1479,4701,0.484,0.858,str('intersection'),0.052,TRUE
1324,0.03,7094,0.0,0.20406334362848455,0,708,3832,1886,0.902,0.232,str('kl'),0.087,FALSE
1325,0.03,884,0.0,0.8048064698625126,0,233,4101,2926,0.407,0.322,str('intersection'),0.092,TRUE
1326,0.33,2412,0.3750000000000001,0.5153269297413546,0,443,1845,101,0.958,0.698,str('kl'),0.035,FALSE
1327,0.03,4227,0.0,0.35346174688741805,0,630,10,3980,0.129,0.179,str('kl'),0.017,TRUE
1328,0.03,757,0.0,0.8495122486664413,0,182,2812,1787,0.741,0.801,str('intersection'),0.077,FALSE
1329,0.03,1399,0.0,0.6724417906117346,0,402,3383,4415,0.853,0.994,str('intersection'),0.083,TRUE
1330,0.03,1715,0.0,0.6137042940970043,0,461,677,2244,0.279,0.119,str('kl'),0.045,FALSE
1331,0.26,471,0.28750000000000003,0.9862245909488544,0,14,4750,874,0.063,0.383,str('intersection'),0.064,FALSE
1332,0.42,636,0.48750000000000004,0.8997042109748298,0,114,2263,641,0.385,0.209,str('intersection'),0.078,TRUE
1333,0.03,775,0.0,0.8427389943879597,0,190,894,4657,0.715,0.665,str('intersection'),0.063,FALSE
1334,0.03,1958,0.0,0.5754822973471361,0,497,3170,2476,0.165,0.293,str('kl'),0.031,TRUE
1335,0.03,4192,0.0,0.3558607851729513,0,629,2513,3904,0.303,0.474,str('kl'),0.036,FALSE
1336,0.03,1162,0.0,0.7259687391600136,0,328,296,1701,0.815,0.601,str('intersection'),0.091,TRUE
1337,0.5,535,0.5875,0.9495272711185248,0,55,1583,3002,0.021,0.027,str('intersection'),0.072,FALSE
1338,0.29,1918,0.325,0.5814361473615134,0,395,4347,187,0.594,0.898,str('kl'),0.02,TRUE
1339,0.03,529,0.0,0.9527761156771003,0,53,3972,4937,0.089,0.56,str('intersection'),0.026,FALSE
1340,0.03,6714,0.0,0.21994990347753518,0,706,1345,2112,0.545,0.437,str('kl'),0.056,TRUE
1341,0.03,2946,0.0,0.45763037890274494,0,569,523,3179,0.368,0.939,str('kl'),0.085,FALSE
1342,0.03,1271,0.0,0.7001135234269059,0,367,2916,986,0.762,0.064,str('intersection'),0.052,TRUE
1343,0.08,769,0.06250000000000001,0.8449791296497309,0,176,3587,2716,0.643,0.14,str('intersection'),0.013,FALSE
1344,0.03,765,0.0,0.8464822718179831,0,185,1097,545,0.226,0.762,str('kl'),0.068,TRUE
1345,0.03,802,0.0,0.832868150840697,0,204,4562,1362,0.442,0.737,str('intersection'),0.043,TRUE
1346,0.03,2071,0.0,0.5592974075603652,0,513,4646,2552,0.143,0.881,str('kl'),0.054,FALSE
1347,0.44,1062,0.5125000000000001,0.7519163604943794,0,256,1921,359,0.723,0.006,str('intersection'),0.084,TRUE
1348,0.03,968,0.0,0.7786368574794935,0,264,1178,4315,0.425,0.619,str('intersection'),0.057,FALSE
1349,0.03,12762,0.0,0.03460740098379356,0,782,2834,4793,0.587,0.302,str('kl'),0.041,FALSE
1350,0.03,1281,0.0,0.6978535068354776,0,370,598,1984,0.046,0.679,str('intersection'),0.096,TRUE
1351,0.03,1334,0.0,0.6861622329654666,0,383,1261,3343,0.87,0.198,str('intersection'),0.068,FALSE
1352,0.03,3401,0.0,0.4161940262460837,0,595,4044,1172,0.265,0.82,str('kl'),0.015,TRUE
1353,0.03,1721,0.0,0.6126969540031133,0,462,4275,4030,0.802,0.732,str('intersection'),0.031,FALSE
1354,0.03,2096,0.0,0.5558360726679616,0,515,1667,1849,0.314,0.359,str('kl'),0.061,TRUE
1355,0.03,5529,0.0,0.27598384257385244,0,668,221,2818,0.522,0.768,str('kl'),0.08,FALSE
1356,0.21,910,0.225,0.7964499075078496,0,220,3244,3625,0.497,0.093,str('intersection'),0.019,FALSE
1357,0.03,5446,0.0,0.28034832758153416,0,666,812,809,0.884,0.964,str('kl'),0.074,TRUE
1358,0.03,3003,0.0,0.45210160935328403,0,573,2335,4531,0.219,0.408,str('kl'),0.089,FALSE
1359,0.03,1165,0.0,0.7252252368753004,0,329,4845,2328,0.667,0.534,str('intersection'),0.037,TRUE
1360,0.03,10248,0.0,0.0979182265118489,0,753,4832,4602,0.354,0.237,str('kl'),0.075,TRUE
1361,0.03,873,0.0,0.8084161008655553,0,231,2362,2409,0.779,0.859,str('intersection'),0.018,FALSE
1362,0.2,1705,0.21250000000000002,0.6153910472555297,0,374,762,3553,0.072,0.263,str('intersection'),0.034,TRUE
1363,0.03,1068,0.0,0.7502919510807724,0,298,3311,728,0.559,0.639,str('kl'),0.094,FALSE
1364,0.24,970,0.2625,0.7780418002709547,0,237,81,246,0.459,0.441,str('intersection'),0.028,FALSE
1365,0.03,1297,0.0,0.6942738932690317,0,373,1763,3792,0.625,0.936,str('intersection'),0.046,TRUE
1366,0.03,901,0.0,0.7993152634166147,0,238,4175,1622,0.24,0.06,str('kl'),0.08,FALSE
1367,0.03,1179,0.0,0.7217806631509334,0,336,3758,3268,0.701,0.4,str('intersection'),0.098,TRUE
1368,0.03,968,0.0,0.7786368574794935,0,264,1561,1087,0.183,0.526,str('kl'),0.041,FALSE
1369,0.03,572,0.0,0.9302625956753939,0,81,3096,2069,0.399,0.972,str('intersection'),0.071,FALSE
1370,0.03,722,0.0,0.8631556972358665,0,163,3685,4074,0.008,0.791,str('intersection'),0.088,TRUE
1371,0.03,1907,0.0,0.5830952212185871,0,490,999,1258,0.611,0.166,str('kl'),0.05,FALSE
1372,0.03,4782,0.0,0.3178658152071988,0,648,2134,2793,0.286,0.708,str('kl'),0.024,TRUE
1373,0.11,778,0.1,0.8416254136729914,0,181,4429,590,0.828,0.336,str('intersection'),0.059,FALSE
1374,0.03,608,0.0,0.9126773003587547,0,104,4385,3296,0.273,0.517,str('intersection'),0.082,FALSE
1375,0.03,10818,0.0,0.08229798132705257,0,756,2187,1103,0.845,0.394,str('kl'),0.044,TRUE
1376,0.03,3743,0.0,0.38854847172871165,0,606,976,4821,0.052,0.982,str('kl'),0.029,FALSE
1377,0.29,1090,0.325,0.7444128050321366,0,262,3720,1996,0.563,0.107,str('intersection'),0.065,TRUE
1378,0.03,1635,0.0,0.6274826930900189,0,447,3061,4365,0.966,0.159,str('intersection'),0.093,FALSE
1379,0.03,3877,0.0,0.3783997602740551,0,613,375,1557,0.417,0.781,str('kl'),0.035,TRUE
1380,0.3,582,0.3375000000000001,0.9252693457951985,0,85,3802,350,0.134,0.718,str('intersection'),0.077,TRUE
1381,0.23,672,0.25000000000000006,0.8838380860874245,0,134,1738,2280,0.194,0.244,str('intersection'),0.022,TRUE
1382,0.03,970,0.0,0.7780418002709547,0,266,136,3636,0.89,0.63,str('intersection'),0.051,FALSE
1383,0.03,1428,0.0,0.666524668057358,0,410,2685,837,0.473,0.258,str('kl'),0.086,TRUE
1384,0.03,1518,0.0,0.6488975906765739,0,428,3354,2884,0.12,0.446,str('kl'),0.069,FALSE
1385,0.04,559,0.012500000000000004,0.9368857184096555,0,73,2386,4022,0.337,0.054,str('intersection'),0.039,FALSE
1386,0.2,715,0.21250000000000002,0.8659635282886712,0,152,4898,3784,0.232,0.349,str('intersection'),0.014,TRUE
1387,0.03,2387,0.0,0.5183326082715476,0,537,2291,1591,0.65,0.725,str('kl'),0.068,FALSE
1388,0.12,881,0.1125,0.8057864458258311,0,212,3220,297,0.932,0.773,str('intersection'),0.043,FALSE
1389,0.03,966,0.0,0.7792331441459487,0,262,2618,3564,0.537,0.959,str('intersection'),0.026,TRUE
1390,0.04,691,0.012500000000000004,0.8758032078238642,0,142,187,756,0.08,0.084,str('kl'),0.055,FALSE
1391,0.03,507,0.0,0.9650115860846988,0,41,4222,2361,0.363,0.418,str('intersection'),0.054,FALSE
1392,0.03,818,0.0,0.827174202523299,0,209,1295,581,0.311,0.886,str('intersection'),0.09,FALSE
1393,0.03,1096,0.0,0.7428299712077395,0,311,554,4124,0.605,0.486,str('intersection'),0.073,TRUE
1394,0.03,1789,0.0,0.6015196004907503,0,470,2888,1326,0.031,0.612,str('kl'),0.021,FALSE
1395,0.03,2155,0.0,0.5478282436427484,0,519,1222,2080,0.989,0.313,str('intersection'),0.078,FALSE
1396,0.03,835,0.0,0.8212449970694146,0,216,1888,3221,0.16,0.815,str('intersection'),0.062,TRUE
1397,0.03,1395,0.0,0.673267549812846,0,401,4596,4752,0.876,0.427,str('intersection'),0.019,TRUE
1398,0.03,2008,0.0,0.5682086602463249,0,503,1969,1952,0.491,0.554,str('kl'),0.073,FALSE
1399,0.03,515,0.0,0.9605020780261263,0,45,3542,1204,0.208,0.945,str('intersection'),0.038,FALSE
1400,0.03,871,0.0,0.8090772755966534,0,229,2960,2598,0.323,0.756,str('intersection'),0.032,TRUE
1401,0.03,1721,0.0,0.6126969540031133,0,462,470,395,0.81,0.13,str('kl'),0.062,FALSE
1402,0.03,2241,0.0,0.5365399346055097,0,527,1369,4269,0.103,0.743,str('kl'),0.079,TRUE
1403,0.03,739,0.0,0.8564482935673476,0,174,3937,1453,0.528,0.371,str('intersection'),0.047,FALSE
1404,0.03,2063,0.0,0.56041386018633,0,511,4303,3750,0.038,0.218,str('kl'),0.042,TRUE
1405,0.03,507,0.0,0.9650115860846988,0,41,1637,924,0.581,0.84,str('intersection'),0.097,FALSE
1406,0.17,700,0.17500000000000004,0.872073904252675,0,146,271,4406,0.255,0.283,str('intersection'),0.066,TRUE
1407,0.24,485,0.2625,0.977788840050987,0,25,919,1739,0.151,0.484,str('intersection'),0.083,FALSE
1408,0.03,1523,0.0,0.6479491749564817,0,430,2209,2937,0.949,0.893,str('intersection'),0.057,TRUE
1409,0.67,1300,0.8,0.6936076306170704,0,3,4973,129,0.431,0.017,str('kl'),0.025,FALSE
1410,0.03,681,0.0,0.8800041938468638,0,143,4727,3013,0.619,0.689,str('intersection'),0.089,FALSE
1411,0.23,687,0.25000000000000006,0.8774762713145472,0,141,2471,215,0.014,0.316,str('kl'),0.05,TRUE
1412,0.26,810,0.28750000000000003,0.830007134658166,0,192,3436,1653,0.297,0.185,str('intersection'),0.058,TRUE
1413,0.26,535,0.28750000000000003,0.9495272711185248,0,56,2759,4648,0.174,0.113,str('intersection'),0.098,FALSE
1414,0.03,1411,0.0,0.6699785951993017,0,407,4124,691,0.975,0.515,str('intersection'),0.072,TRUE
1415,0.03,1269,0.0,0.7005676582867779,0,366,1436,1373,0.914,0.041,str('intersection'),0.027,TRUE
1416,0.03,615,0.0,0.9093789485277537,0,110,457,2669,0.25,0.584,str('intersection'),0.046,FALSE
1417,0.03,1709,0.0,0.6147151625346785,0,460,2987,475,0.636,0.461,str('kl'),0.081,TRUE
1418,0.24,667,0.2625,0.8859902410561756,0,133,1050,978,0.346,0.651,str('intersection'),0.018,TRUE
1419,0.58,2244,0.6875,0.5361540161474283,0,429,2852,423,0.985,0.077,str('intersection'),0.082,TRUE
1420,0.58,1763,0.6875,0.605742336905933,0,379,516,3790,0.111,0.618,str('kl'),0.028,FALSE
1421,0.58,498,0.6875,0.9701704598825637,0,33,4288,3422,0.252,0.965,str('intersection'),0.066,FALSE
1422,0.58,596,0.6875,0.9184208261113439,0,91,4423,1346,0.205,0.758,str('intersection'),0.089,TRUE
1423,0.58,3825,0.6875,0.38229580528841645,0,495,2069,2828,0.828,0.311,str('kl'),0.021,FALSE
1424,0.58,2495,0.6875,0.5055667739370306,0,448,696,823,0.407,0.669,str('kl'),0.037,TRUE
1425,0.58,729,0.6875,0.8603749207225987,0,156,3282,4969,0.532,0.151,str('intersection'),0.073,FALSE
1426,0.58,5183,0.6875,0.29463070657971335,0,526,3449,2094,0.489,0.366,str('kl'),0.06,TRUE
1427,0.58,690,0.6875,0.8762205652991987,0,140,1154,3736,0.614,0.814,str('intersection'),0.05,FALSE
1428,0.64,629,0.7625000000000001,0.9028932229129156,0,3,2215,118,0.131,0.206,str('intersection'),0.023,TRUE
1429,0.58,3676,0.6875,0.3937598724976026,0,490,4903,4095,0.755,0.724,str('kl'),0.088,FALSE
1430,0.58,4560,0.6875,0.3315819637883993,0,516,3810,1142,0.708,0.549,str('kl'),0.067,TRUE
1431,0.61,542,0.725,0.9457826059656307,0,4,1419,4649,0.333,0.008,str('intersection'),0.043,FALSE
1432,0.58,1314,0.6875,0.6905185820019246,0,313,58,1656,0.91,0.896,str('intersection'),0.015,TRUE
1433,0.58,1087,0.6875,0.7452074892714626,0,261,2685,2518,0.037,0.409,str('kl'),0.095,FALSE
1434,0.58,463,0.6875,0.9911580896122828,0,6,2637,1737,0.592,0.64,str('intersection'),0.04,FALSE
1435,0.58,7537,0.6875,0.1865836672870007,0,553,262,2746,0.468,0.162,str('kl'),0.07,TRUE
1436,0.58,559,0.6875,0.9368857184096555,0,68,1389,1060,0.796,0.8,str('kl'),0.098,FALSE
1437,0.58,1010,0.6875,0.7663912720796723,0,243,3995,4421,0.171,0.251,str('intersection'),0.012,TRUE
1438,0.58,477,0.6875,0.9825790353947634,0,17,4794,190,0.374,0.458,str('intersection'),0.053,FALSE
1439,0.58,846,0.6875,0.817472359767829,0,203,1028,2022,0.016,0.111,str('kl'),0.085,FALSE
1440,0.58,1354,0.6875,0.6818706647587072,0,326,3731,3498,0.888,0.567,str('intersection'),0.025,TRUE
1441,0.57,1054,0.6749999999999999,0.7540965608070741,0,252,3273,751,0.089,0.917,str('kl'),0.018,FALSE
1442,0.58,1973,0.6875,0.5732808935086985,0,403,862,4731,0.964,0.406,str('intersection'),0.092,TRUE
1443,0.58,476,0.6875,0.9831834390583832,0,16,2000,1418,0.293,0.515,str('intersection'),0.075,FALSE
1444,0.58,2247,0.6875,0.535768613049115,0,430,4141,2327,0.869,0.235,str('kl'),0.031,FALSE
1445,0.58,660,0.6875,0.8890304776093565,0,128,1868,3194,0.247,0.713,str('intersection'),0.08,TRUE
1446,0.58,482,0.6875,0.9795758590354735,0,21,429,504,0.511,0.325,str('intersection'),0.063,FALSE
1447,0.58,9060,0.6875,0.13347426000767915,0,564,3095,4018,0.385,0.873,str('kl'),0.047,TRUE
1448,0.58,526,0.6875,0.9544143564652617,0,50,2976,2465,0.149,0.594,str('intersection'),0.033,FALSE
1449,0.58,526,0.6875,0.9544143564652617,0,50,1753,333,0.478,0.995,str('kl'),0.093,FALSE
1450,0.58,1164,0.6875,0.7254728582065769,0,283,4105,3841,0.602,0.452,str('intersection'),0.017,TRUE
1451,0.58,628,0.6875,0.9033516863038437,0,108,4606,927,0.929,0.277,str('intersection'),0.048,FALSE
1452,0.58,2348,0.6875,0.5230848807790069,0,438,1881,4903,0.058,0.796,str('kl'),0.062,TRUE
1453,0.58,650,0.6875,0.8934299933532606,0,120,825,1284,0.696,0.187,str('kl'),0.078,FALSE
1454,0.58,768,0.6875,0.8453541818713216,0,174,3157,2928,0.321,0.636,str('intersection'),0.032,TRUE
1455,0.58,712,0.6875,0.8671752976430045,0,149,991,4161,0.279,0.329,str('intersection'),0.099,TRUE
1456,0.58,769,0.6875,0.8449791296497309,0,175,2359,2155,0.981,0.688,str('intersection'),0.071,FALSE
1457,0.58,1690,0.6875,0.6179398066283622,0,372,4754,3636,0.107,0.239,str('kl'),0.038,TRUE
1458,0.58,1108,0.6875,0.7396901109294973,0,263,3958,1600,0.434,0.032,str('kl'),0.027,FALSE
1459,0.58,1185,0.6875,0.7203169103399769,0,287,1275,2613,0.56,0.52,str('intersection'),0.084,TRUE
1460,0.58,453,0.6875,0.9974459776335844,0,2,221,1233,0.201,0.379,str('intersection'),0.056,FALSE
1461,0.58,634,0.6875,0.9006117672066761,0,112,2800,1004,0.304,0.128,str('intersection'),0.086,TRUE
1462,0.58,2164,0.6875,0.5466260091825781,0,420,94,4516,0.678,0.678,str('kl'),0.024,FALSE
1463,0.58,861,0.6875,0.8124060627183655,0,206,1537,1828,0.07,0.288,str('kl'),0.051,TRUE
1464,0.58,591,0.6875,0.9208481124453705,0,88,3851,2695,0.944,0.768,str('intersection'),0.059,FALSE
1465,0.58,959,0.6875,0.7813299032465455,0,232,4938,1917,0.523,0.943,str('intersection'),0.096,TRUE
1466,0.58,2905,0.6875,0.46167374194623434,0,471,2330,3564,0.398,0.486,str('kl'),0.014,FALSE
1467,0.58,3337,0.6875,0.42167507205475463,0,483,1196,251,0.85,0.596,str('kl'),0.041,TRUE
1468,0.58,492,0.6875,0.9736616634707562,0,28,3568,4233,0.226,0.085,str('intersection'),0.069,FALSE
1469,0.58,13360,0.6875,0.021392385312674178,0,581,3402,1522,0.799,0.431,str('kl'),0.065,TRUE
1470,0.58,551,0.6875,0.9410383460806826,0,64,737,3000,0.175,0.888,str('intersection'),0.046,FALSE
1471,0.6,686,0.7125,0.8778960570524104,0,15,2184,689,0.565,0.029,str('intersection'),0.03,TRUE
1472,0.58,2722,0.6875,0.48044542514454425,0,463,4461,4831,0.441,0.541,str('kl'),0.081,FALSE
1473,0.58,681,0.6875,0.8800041938468638,0,136,4330,561,0.02,0.747,str('kl'),0.074,TRUE
1474,0.58,2765,0.6875,0.47592359327749967,0,467,1685,3922,0.893,0.197,str('intersection'),0.035,FALSE
1475,0.58,844,0.6875,0.8181546358394838,0,202,553,2237,0.346,0.837,str('intersection'),0.019,TRUE
1476,0.58,2556,0.6875,0.49859839216104973,0,453,2966,3244,0.721,0.357,str('kl'),0.09,FALSE
1477,0.58,667,0.6875,0.8859902410561756,0,132,2919,1319,0.342,0.875,str('kl'),0.067,FALSE
1478,0.58,3471,0.6875,0.41031596880188503,0,486,605,2951,0.718,0.428,str('intersection'),0.043,TRUE
1479,0.6,484,0.7125,0.9783832844298351,0,4,1651,893,0.048,0.536,str('intersection'),0.015,FALSE
1480,0.58,544,0.6875,0.9447215656385288,0,59,4510,357,0.623,0.194,str('kl'),0.06,FALSE
1481,0.58,1010,0.6875,0.7663912720796723,0,243,2139,3874,0.5,0.735,str('intersection'),0.05,TRUE
1482,0.58,789,0.6875,0.837578656378756,0,184,763,2440,0.765,0.346,str('intersection'),0.022,FALSE
1483,0.58,2511,0.6875,0.5037226613117525,0,450,3371,3293,0.14,0.833,str('kl'),0.088,TRUE
1484,0.58,539,0.6875,0.9473815166697038,0,57,3518,1207,0.837,0.682,str('intersection'),0.09,FALSE
1485,0.58,5349,0.6875,0.28553406614890553,0,529,1241,4565,0.215,0.14,str('kl'),0.021,TRUE
1486,0.58,932,0.6875,0.7895631836030383,0,225,2304,1624,0.543,0.779,str('kl'),0.038,FALSE
1487,0.58,1319,0.6875,0.689423314486621,0,315,4969,2647,0.416,0.292,str('intersection'),0.073,TRUE
1488,0.57,491,0.6749999999999999,0.9742476588881187,0,28,3898,2121,0.12,0.499,str('intersection'),0.082,FALSE
1489,0.75,965,0.9,0.7795317501155754,1,1,127,48,0.262,0.09,str('kl'),0.044,FALSE
1490,0.58,1103,0.6875,0.7409942371607845,0,262,2772,4184,0.635,0.607,str('intersection'),0.065,TRUE
1491,0.59,1107,0.7,0.7399504651590602,0,37,2548,276,0.236,0.341,str('kl'),0.03,TRUE
1492,0.58,620,0.6875,0.9070458505839427,0,102,195,4266,0.859,0.851,str('intersection'),0.08,FALSE
1493,0.58,930,0.6875,0.7901825028190228,0,224,1319,1892,0.376,0.243,str('intersection'),0.062,TRUE
1494,0.58,1717,0.6875,0.6133681232449026,0,374,3909,3531,0.501,0.699,str('kl'),0.047,FALSE
1495,0.58,467,0.6875,0.9886807984884062,0,9,2393,2719,0.08,0.045,str('intersection'),0.093,FALSE
1496,0.58,1061,0.6875,0.7521879865322163,0,254,939,969,0.656,0.933,str('intersection'),0.075,TRUE
1497,0.58,2206,0.6875,0.5410808655676509,0,424,3664,4493,0.283,0.384,str('kl'),0.035,FALSE
1498,0.58,1177,0.6875,0.7222702351833422,0,286,3186,2202,0.739,0.102,str('intersection'),0.053,TRUE
1499,0.58,1428,0.6875,0.666524668057358,0,337,792,3221,0.364,0.581,str('kl'),0.057,FALSE
1500,0.58,3299,0.6875,0.42497938668870006,0,482,1933,595,0.879,0.441,str('kl'),0.085,TRUE
1501,0.58,744,0.6875,0.8545048340757189,0,163,4560,3946,0.006,0.99,str('intersection'),0.024,FALSE
1502,0.58,735,0.6875,0.8580125393691032,0,159,4074,665,0.458,0.784,str('intersection'),0.041,TRUE
1503,0.58,2534,0.6875,0.5010922247112669,0,452,1779,4798,0.583,0.274,str('kl'),0.07,FALSE
1504,0.58,1530,0.6875,0.6466266073343574,0,353,342,1548,0.162,0.632,str('kl'),0.098,TRUE
1505,0.58,537,0.6875,0.9484523996939367,0,55,3025,3033,0.786,0.176,str('intersection'),0.012,FALSE
1506,0.58,8278,0.6875,0.15952275573138486,0,559,3063,797,0.554,0.394,str('kl'),0.026,TRUE
1507,0.58,518,0.6875,0.9588290145354433,0,44,456,4936,0.428,0.913,str('intersection'),0.084,FALSE
1508,0.58,1221,0.6875,0.7116869524144853,0,297,1820,1370,0.819,0.055,str('intersection'),0.055,TRUE
1509,0.58,1270,0.6875,0.7003405015305424,0,307,4195,2861,0.195,0.504,str('kl'),0.055,FALSE
1510,0.58,8923,0.6875,0.1378711826644815,0,563,4674,2375,0.273,0.71,str('kl'),0.01,TRUE
1511,0.58,724,0.6875,0.8623584518562372,0,153,1970,3398,0.647,0.222,str('intersection'),0.1,FALSE
1512,0.58,570,0.6875,0.9312716968569505,0,77,912,458,0.101,0.862,str('intersection'),0.071,TRUE
1513,0.58,5419,0.6875,0.2817824469189112,0,530,3227,3813,0.975,0.32,str('kl'),0.039,FALSE
1514,0.58,584,0.6875,0.9242809796103834,0,85,3706,1691,0.051,0.165,str('intersection'),0.049,TRUE
1515,0.58,3359,0.6875,0.41977919836154043,0,484,1058,2541,0.924,0.653,str('kl'),0.061,FALSE
1516,0.58,1236,0.6875,0.708165933012368,0,299,2429,1108,0.316,0.262,str('kl'),0.078,TRUE
1517,0.58,482,0.6875,0.9795758590354735,0,21,4840,4625,0.69,0.805,str('intersection'),0.031,FALSE
1518,0.58,954,0.6875,0.782836970085792,0,230,4028,143,0.768,0.98,str('intersection'),0.034,TRUE
1519,0.58,1952,0.6875,0.5763675822250434,0,399,1361,4128,0.144,0.461,str('kl'),0.077,FALSE
1520,0.58,7627,0.6875,0.18315830227813923,0,554,310,2069,0.596,0.571,str('kl'),0.094,TRUE
1521,0.58,488,0.6875,0.9760128181760297,0,26,2584,3703,0.472,0.122,str('intersection'),0.016,FALSE
1522,0.58,1324,0.6875,0.6883321878791793,0,317,2731,1987,0.898,0.826,str('kl'),0.074,FALSE
1523,0.58,705,0.6875,0.8700227041191999,0,146,7,3475,0.026,0.37,str('intersection'),0.036,TRUE
1524,0.61,529,0.725,0.9527761156771003,0,3,1449,224,0.728,0.729,str('intersection'),0.019,FALSE
1525,0.58,8162,0.6875,0.16359506593174367,0,558,3785,4357,0.352,0.217,str('kl'),0.091,TRUE
1526,0.6,1583,0.7125,0.6368048311563248,0,21,4850,1036,0.181,0.011,str('kl'),0.064,FALSE
1527,0.58,1944,0.6875,0.5775522022316286,0,398,2264,4387,0.806,0.561,str('intersection'),0.046,TRUE
1528,0.59,467,0.7,0.9886807984884062,0,2,1127,1762,0.447,0.42,str('intersection'),0.029,FALSE
1529,0.58,11927,0.6875,0.05413477031513092,0,575,3481,2779,0.57,0.9,str('kl'),0.081,TRUE
1530,0.58,467,0.6875,0.9886807984884062,0,9,3335,530,0.403,0.615,str('intersection'),0.097,FALSE
1531,0.58,977,0.6875,0.7759687092561316,0,237,2096,2303,0.233,0.954,str('kl'),0.042,FALSE
1532,0.58,1387,0.6875,0.6749261902626595,0,329,4391,3160,0.855,0.474,str('intersection'),0.068,TRUE
1533,0.58,501,0.6875,0.9684405687258324,0,36,4242,1452,0.684,0.298,str('intersection'),0.087,FALSE
1534,0.58,6327,0.6875,0.23708124083679083,0,543,1615,3090,0.311,0.755,str('kl'),0.023,TRUE
1535,0.58,1084,0.6875,0.7460043677636583,0,259,486,716,0.95,0.146,str('kl'),0.052,FALSE
1536,0.58,625,0.6875,0.9047314625282754,0,106,2877,4708,0.075,0.658,str('intersection'),0.058,TRUE
1537,0.58,1763,0.6875,0.605742336905933,0,379,2859,2174,0.662,0.21,str('kl'),0.017,FALSE
1538,0.58,855,0.6875,0.8144219217447477,0,204,508,3657,0.286,0.719,str('intersection'),0.094,TRUE
1539,0.63,969,0.75,0.778339175509937,0,5,1632,33,0.956,0.361,str('intersection'),0.077,FALSE
1540,0.58,1936,0.6875,0.5787417047662043,0,397,4221,4180,0.084,0.817,str('kl'),0.033,TRUE
1541,0.58,872,0.6875,0.8087464988912202,0,209,4413,1213,0.381,0.891,str('kl'),0.032,FALSE
1542,0.58,1826,0.6875,0.5956148892305377,0,387,2080,4579,0.504,0.412,str('intersection'),0.078,TRUE
1543,0.58,475,0.6875,0.9837891111461514,0,15,626,1581,0.239,0.552,str('intersection'),0.061,FALSE
1544,0.58,484,0.6875,0.9783832844298351,0,23,3498,353,0.159,0.483,str('intersection'),0.039,FALSE
1545,0.58,1065,0.6875,0.7511030129089001,0,256,2246,2484,0.453,0.074,str('kl'),0.099,FALSE
1546,0.58,1014,0.6875,0.7652516747691528,0,244,4871,3346,0.579,0.623,str('intersection'),0.011,TRUE
1547,0.58,549,0.6875,0.9420859067368154,0,62,3762,1265,0.876,0.666,str('intersection'),0.054,FALSE
1548,0.58,1413,0.6875,0.6695700988198525,0,333,1466,2908,0.001,0.156,str('kl'),0.056,TRUE
1549,0.58,584,0.6875,0.9242809796103834,0,85,29,907,0.734,0.763,str('kl'),0.083,FALSE
1550,0.58,1329,0.6875,0.6872451709862091,0,319,2714,4884,0.361,0.308,str('intersection'),0.026,TRUE
1551,0.58,4519,0.6875,0.3341880179238754,0,514,2606,669,0.76,0.508,str('kl'),0.059,TRUE
1552,0.58,547,0.6875,0.9431372836514871,0,61,293,4813,0.137,0.06,str('intersection'),0.051,FALSE
1553,0.58,957,0.6875,0.7819317859337204,0,231,1339,1503,0.62,0.918,str('intersection'),0.023,TRUE
1554,0.58,1320,0.6875,0.6892047588957915,0,316,4045,2980,0.495,0.399,str('kl'),0.086,FALSE
1555,0.58,1111,0.6875,0.7389104545060383,0,264,4823,2256,0.043,0.325,str('kl'),0.069,TRUE
1556,0.58,626,0.6875,0.9042708037809937,0,107,2450,3265,0.916,0.866,str('intersection'),0.042,FALSE
1557,0.59,706,0.7,0.8696142077397504,0,29,1075,581,0.34,0.228,str('intersection'),0.014,TRUE
1558,0.58,3759,0.6875,0.38731775496430565,0,494,3684,3941,0.713,0.715,str('kl'),0.096,FALSE
1559,0.58,665,0.6875,0.8868556169486306,0,130,3205,1809,0.265,0.799,str('intersection'),0.081,TRUE
1560,0.58,1443,0.6875,0.663511038405893,0,341,929,2674,0.64,0.258,str('kl'),0.029,FALSE
1561,0.58,812,0.6875,0.8292962903483094,0,193,1993,984,0.125,0.647,str('kl'),0.045,TRUE
1562,0.58,1431,0.6875,0.665919419368773,0,338,4657,4497,0.998,0.161,str('intersection'),0.064,FALSE
1563,0.57,763,0.6749999999999999,0.8472367889638148,0,172,4212,271,0.545,0.118,str('intersection'),0.091,TRUE
1564,0.58,2335,0.6875,0.5246865217608252,0,436,1798,4252,0.421,0.566,str('kl'),0.02,FALSE
1565,0.58,499,0.6875,0.9695926766187171,0,34,3085,3585,0.218,0.975,str('intersection'),0.075,FALSE
1566,0.59,749,0.7,0.8525743744103981,0,30,3043,99,0.45,0.695,str('kl'),0.066,TRUE
1567,0.58,726,0.6875,0.8615634027476531,0,154,320,4074,0.575,0.238,str('intersection'),0.044,FALSE
1568,0.58,728,0.6875,0.860770537842668,0,155,1761,2074,0.185,0.846,str('intersection'),0.028,TRUE
1569,0.58,3145,0.6875,0.4387718986255006,0,477,4096,3717,0.809,0.336,str('kl'),0.082,FALSE
1570,0.58,7683,0.6875,0.18104730174047357,0,555,4537,1676,0.731,0.378,str('kl'),0.073,TRUE
1571,0.58,487,0.6875,0.9766036119215393,0,25,1950,2537,0.357,0.929,str('intersection'),0.037,FALSE
1572,0.58,1338,0.6875,0.6852987988318409,0,322,814,1161,0.903,0.039,str('intersection'),0.021,TRUE
1573,0.58,2364,0.6875,0.5211257547567016,0,440,3169,4670,0.029,0.519,str('kl'),0.089,FALSE
1574,0.58,3825,0.6875,0.38229580528841645,0,495,3647,2389,0.945,0.996,str('intersection'),0.088,TRUE
1575,0.58,1961,0.6875,0.5750406711800157,0,400,961,3403,0.073,0.446,str('kl'),0.022,FALSE
1576,0.58,2444,0.6875,0.5115247814582106,0,443,2410,404,0.68,0.587,str('kl'),0.05,TRUE
1577,0.58,748,0.6875,0.8529594346995386,0,164,4703,3769,0.306,0.106,str('intersection'),0.06,FALSE
1578,0.58,585,0.6875,0.9237880629339466,0,86,3931,842,0.228,0.181,str('intersection'),0.095,TRUE
1579,0.58,5866,0.6875,0.2589113758538788,0,534,1302,4989,0.852,0.637,str('kl'),0.015,FALSE
1580,0.58,2746,0.6875,0.47791288112238073,0,464,173,1366,0.4,0.278,str('kl'),0.043,TRUE
1581,0.58,601,0.6875,0.9160137842693381,0,94,2565,2846,0.524,0.789,str('intersection'),0.067,FALSE
1582,0.58,1778,0.6875,0.603298608131658,0,380,2750,1438,0.098,0.026,str('kl'),0.013,FALSE
1583,0.58,2074,0.6875,0.5588798488033228,0,413,144,3084,0.97,0.546,str('intersection'),0.098,TRUE
1584,0.58,460,0.6875,0.9930301133256147,0,5,1508,770,0.268,0.436,str('intersection'),0.07,FALSE
1585,0.58,935,0.6875,0.7886366895685083,0,226,4987,485,0.815,0.842,str('kl'),0.025,FALSE
1586,0.58,623,0.6875,0.9056549917768271,0,105,2282,3998,0.19,0.354,str('intersection'),0.085,TRUE
1587,0.58,2359,0.6875,0.5217365542310353,0,439,1224,2307,0.549,0.744,str('intersection'),0.057,FALSE
1588,0.58,7863,0.6875,0.17436466771158832,0,556,3540,3175,0.426,0.202,str('kl'),0.052,TRUE
1589,0.58,1115,0.6875,0.7378741781901506,0,267,3393,1079,0.601,0.283,str('intersection'),0.034,FALSE
1590,0.58,895,0.6875,0.8012414283677801,0,214,2117,1757,0.771,0.131,str('kl'),0.092,FALSE
1591,0.58,755,0.6875,0.8502747395826193,0,167,4527,2765,0.149,0.673,str('intersection'),0.018,TRUE
1592,0.58,475,0.6875,0.9837891111461514,0,15,4341,2002,0.32,0.599,str('intersection'),0.047,FALSE
1593,0.58,539,0.6875,0.9473815166697038,0,57,622,171,0.054,0.938,str('kl'),0.079,FALSE
1594,0.58,1432,0.6875,0.6657179515463523,0,339,2897,4312,0.929,0.49,str('intersection'),0.031,TRUE
1595,0.58,563,0.6875,0.9348315983937039,0,71,2949,1128,0.012,0.774,str('intersection'),0.055,TRUE
1596,0.58,4727,0.6875,0.3212037023596198,0,518,575,4644,0.885,0.295,str('kl'),0.056,FALSE
1597,0.58,1985,0.6875,0.5715317812220925,0,405,1702,1709,0.37,0.685,str('kl'),0.084,TRUE
1598,0.59,522,0.7,0.9566132443892427,0,14,4308,2562,0.744,0.135,str('intersection'),0.026,FALSE
1599,0.58,1163,0.6875,0.7257206921796411,0,282,4483,2050,0.791,0.092,str('intersection'),0.039,TRUE
1600,0.58,1820,0.6875,0.5965642408888827,0,385,2166,3683,0.168,0.602,str('kl'),0.071,FALSE
1601,0.58,941,0.6875,0.7867925769432298,0,227,715,123,0.589,0.494,str('kl'),0.099,TRUE
1602,0.58,479,0.6875,0.9813740121664437,0,19,3420,4110,0.464,0.95,str('intersection'),0.01,FALSE
1603,0.58,6003,0.6875,0.252249709993536,0,537,3585,1389,0.514,0.533,str('kl'),0.032,TRUE
1604,0.6,669,0.7125,0.885127452240502,0,13,1174,2882,0.39,0.023,str('intersection'),0.079,FALSE
1605,0.58,1220,0.6875,0.7119232214771269,0,296,2313,818,0.873,0.88,str('intersection'),0.061,TRUE
1606,0.58,2634,0.6875,0.4899263197474426,0,455,4960,4955,0.249,0.425,str('kl'),0.049,FALSE
1607,0.58,1996,0.6875,0.5699376877477855,0,406,3829,438,0.296,0.351,str('kl'),0.016,TRUE
1608,0.58,487,0.6875,0.9766036119215393,0,25,1555,3794,0.671,0.83,str('intersection'),0.094,FALSE
1609,0.58,653,0.6875,0.8921030823082325,0,122,115,2356,0.094,0.191,str('intersection'),0.076,TRUE
1610,0.58,5911,0.6875,0.25670623413405835,0,535,2783,3377,0.967,0.74,str('kl'),0.033,FALSE
1611,0.58,469,0.6875,0.9874500817240001,0,11,2539,2284,0.412,0.442,str('intersection'),0.091,FALSE
1612,0.6,708,0.7125,0.8687989454916867,0,16,1253,510,0.208,0.095,str('kl'),0.036,FALSE
1613,0.58,1275,0.6875,0.6992073919324602,0,309,3976,4032,0.833,0.582,str('intersection'),0.073,TRUE
1614,0.58,508,0.6875,0.9644440290799606,0,39,4737,736,0.63,0.625,str('intersection'),0.082,FALSE
1615,0.58,9462,0.6875,0.12094602838877078,0,566,2381,4726,0.255,0.177,str('kl'),0.029,TRUE
1616,0.58,2342,0.6875,0.5238229953601101,0,437,1008,1471,0.988,0.785,str('kl'),0.047,FALSE
1617,0.58,566,0.6875,0.9333005462941988,0,74,3595,3110,0.116,0.267,str('intersection'),0.064,TRUE
1618,0.6,654,0.7125,0.8916621308948769,0,11,3136,204,0.907,0.25,str('kl'),0.068,FALSE
1619,0.58,584,0.6875,0.9242809796103834,0,85,842,4338,0.033,0.698,str('intersection'),0.042,TRUE
1620,0.6,568,0.7125,0.93228433875166,0,9,1903,1968,0.703,0.34,str('intersection'),0.013,FALSE
1621,0.58,5616,0.6875,0.27147878473544484,0,532,4589,3455,0.33,0.858,str('kl'),0.097,TRUE
1622,0.58,767,0.6875,0.8457297221245683,0,173,4122,1781,0.127,0.932,str('kl'),0.058,FALSE
1623,0.58,1471,0.6875,0.6579684304492053,0,345,1730,2800,0.75,0.391,str('intersection'),0.052,TRUE
1624,0.58,561,0.6875,0.9358568308889114,0,70,369,1056,0.485,0.53,str('intersection'),0.023,FALSE
1625,0.58,596,0.6875,0.9184208261113439,0,91,3112,1604,0.847,0.261,str('intersection'),0.095,FALSE
1626,0.58,5824,0.6875,0.26098482148875757,0,533,407,2628,0.222,0.812,str('kl'),0.014,TRUE
1627,0.58,772,0.6875,0.8438568885315697,0,176,1851,1188,0.518,0.172,str('kl'),0.043,FALSE
1628,0.58,830,0.6875,0.8229762718706393,0,198,4164,4544,0.394,0.652,str('intersection'),0.066,TRUE
1629,0.59,487,0.7,0.9766036119215393,0,7,4627,67,0.067,0.578,str('intersection'),0.089,FALSE
1630,0.58,893,0.6875,0.8018863507454229,0,213,883,2141,0.3,0.979,str('kl'),0.051,FALSE
1631,0.58,1248,0.6875,0.7053797233380448,0,303,3256,3631,0.675,0.468,str('intersection'),0.06,TRUE
1632,0.58,577,0.6875,0.9277551720498339,0,80,3714,874,0.352,0.048,str('kl'),0.072,FALSE
1633,0.58,1435,0.6875,0.6651143905514039,0,340,1050,4859,0.724,0.504,str('intersection'),0.038,TRUE
1634,0.58,563,0.6875,0.9348315983937039,0,71,2496,1299,0.023,0.395,str('intersection'),0.02,FALSE
1635,0.58,1062,0.6875,0.7519163604943794,0,255,4017,2460,0.57,0.863,str('kl'),0.065,FALSE
1636,0.58,821,0.6875,0.8261189814431683,0,195,1372,3312,0.444,0.313,str('intersection'),0.045,TRUE
1637,0.58,502,0.6875,0.9678662349165907,0,37,240,376,0.803,0.704,str('intersection'),0.027,FALSE
1638,0.58,2925,0.6875,0.45969429218440916,0,474,2654,3895,0.18,0.223,str('kl'),0.083,TRUE
1639,0.58,994,0.6875,0.770995200521742,0,239,2663,614,0.7,0.959,str('intersection'),0.048,TRUE
1640,0.58,2392,0.6875,0.5177289631154847,0,441,75,3967,0.326,0.471,str('kl'),0.063,FALSE
1641,0.6,478,0.7125,0.9819758948536186,0,3,3792,3240,0.06,0.07,str('intersection'),0.03,FALSE
1642,0.58,685,0.6875,0.878316454277362,0,138,4920,1527,0.481,0.143,str('intersection'),0.035,TRUE
1643,0.58,1381,0.6875,0.6761764563793005,0,328,2193,3014,0.606,0.663,str('kl'),0.075,FALSE
1644,0.58,737,0.6875,0.8572293566797997,0,161,1137,646,0.154,0.303,str('kl'),0.092,TRUE
1645,0.58,776,0.6875,0.8423673231918424,0,179,3471,4777,0.778,0.752,str('intersection'),0.017,FALSE
1646,0.58,2169,0.6875,0.5459602588437602,0,421,3304,1912,0.197,0.732,str('kl'),0.025,TRUE
1647,0.58,655,0.6875,0.8912218521765396,0,124,2047,295,0.431,0.821,str('intersection'),0.057,TRUE
1648,0.58,2062,0.6875,0.560553720932415,0,412,4440,4286,0.555,0.372,str('kl'),0.053,FALSE
1649,0.58,496,0.6875,0.9713295082030425,0,31,1586,4472,0.104,0.903,str('intersection'),0.098,FALSE
1650,0.58,7166,0.6875,0.20114936706247932,0,549,533,1842,0.649,0.014,str('intersection'),0.069,TRUE
1651,0.58,1505,0.6875,0.6513781575976152,0,348,2830,2700,0.275,0.556,str('kl'),0.04,FALSE
1652,0.58,1576,0.6875,0.6380830480558202,0,358,2815,1853,0.22,0.465,str('kl'),0.086,TRUE
1653,0.58,604,0.6875,0.9145791368549133,0,97,542,2709,0.844,0.976,str('intersection'),0.025,FALSE
1654,0.58,660,0.6875,0.8890304776093565,0,128,1598,940,0.392,0.118,str('intersection'),0.054,TRUE
1655,0.58,8822,0.6875,0.14115615271432413,0,562,4265,4463,0.516,0.575,str('kl'),0.057,FALSE
1656,0.58,2359,0.6875,0.5217365542310353,0,439,4447,305,0.937,0.649,str('kl'),0.098,TRUE
1657,0.58,580,0.6875,0.9262611084340575,0,83,2036,4295,0.064,0.169,str('intersection'),0.011,FALSE
1658,0.58,1208,0.6875,0.7147736411308301,0,291,670,1902,0.673,0.809,str('intersection'),0.04,TRUE
1659,0.58,1746,0.6875,0.6085371436777163,0,377,3318,3540,0.298,0.259,str('kl'),0.069,FALSE
1660,0.58,959,0.6875,0.7813299032465455,0,232,3464,635,0.723,0.226,str('intersection'),0.062,TRUE
1661,0.58,2915,0.6875,0.4606823200028717,0,473,1149,4768,0.349,0.706,str('kl'),0.048,FALSE
1662,0.58,492,0.6875,0.9736616634707562,0,28,4906,3023,0.021,0.866,str('intersection'),0.08,FALSE
1663,0.58,811,0.6875,0.8296514936471756,0,192,3806,2212,0.442,0.909,str('intersection'),0.075,TRUE
1664,0.58,1492,0.6875,0.6538802302020192,0,346,1432,3231,0.567,0.398,str('kl'),0.035,FALSE
1665,0.58,1650,0.6875,0.6248486378971614,0,368,63,625,0.178,0.508,str('kl'),0.017,TRUE
1666,0.58,530,0.6875,0.9522320954521144,0,51,2670,3976,0.801,0.051,str('intersection'),0.093,FALSE
1667,0.58,651,0.6875,0.8929870114644506,0,121,2640,387,0.328,0.751,str('kl'),0.038,FALSE
1668,0.58,1652,0.6875,0.6244992399805176,0,369,249,3904,0.701,0.303,str('intersection'),0.072,TRUE
1669,0.58,550,0.6875,0.9415616511087346,0,63,1383,2450,0.062,0.661,str('intersection'),0.09,FALSE
1670,0.58,800,0.6875,0.8335878585550685,0,188,4779,1310,0.609,0.068,str('kl'),0.045,FALSE
1671,0.58,945,0.6875,0.7855696825546227,0,228,2485,2942,0.483,0.611,str('intersection'),0.065,TRUE
1672,0.58,487,0.6875,0.9766036119215393,0,25,1041,864,0.779,0.47,str('intersection'),0.083,FALSE
1673,0.58,4071,0.6875,0.3643117023202662,0,497,3728,4850,0.157,0.958,str('kl'),0.027,TRUE
1674,0.59,534,0.7,0.950066211786623,0,16,3249,2130,0.823,0.557,str('intersection'),0.014,FALSE
1675,0.58,2750,0.6875,0.4774929426795753,0,465,895,3622,0.198,0.015,str('kl'),0.095,TRUE
1676,0.58,642,0.6875,0.8969985413712559,0,116,2027,77,0.557,0.904,str('kl'),0.066,FALSE
1677,0.58,862,0.6875,0.8120714509198409,0,207,4613,4214,0.433,0.416,str('intersection'),0.043,TRUE
1678,0.59,482,0.7,0.9795758590354735,0,5,4178,1178,0.106,0.374,str('intersection'),0.022,FALSE
1679,0.58,762,0.6875,0.8476147885514445,0,170,395,1615,0.276,0.214,str('kl'),0.06,FALSE
1680,0.58,1060,0.6875,0.7524598684589634,0,253,3119,2637,0.652,0.733,str('intersection'),0.051,TRUE
1681,0.58,1058,0.6875,0.7530044019108808,0,252,2999,1045,0.884,0.951,str('kl'),0.042,FALSE
1682,0.58,577,0.6875,0.9277551720498339,0,80,354,4397,0.009,0.495,str('intersection'),0.068,TRUE
1683,0.58,470,0.6875,0.9868366858631279,0,12,1727,1792,0.742,0.604,str('intersection'),0.097,FALSE
1684,0.58,13170,0.6875,0.025525917629522166,0,580,4140,2809,0.369,0.093,str('kl'),0.013,TRUE
1685,0.58,900,0.6875,0.7996353994936983,0,217,4572,1958,0.166,0.136,str('kl'),0.052,FALSE
1686,0.58,1418,0.6875,0.6685513803463037,0,334,1906,3445,0.789,0.685,str('intersection'),0.058,TRUE
1687,0.58,463,0.6875,0.9911580896122828,0,6,858,215,0.461,0.296,str('intersection'),0.087,FALSE
1688,0.58,472,0.6875,0.9856137914745208,0,13,3613,1481,0.389,0.739,str('intersection'),0.019,FALSE
1689,0.58,11671,0.6875,0.06039622581394688,0,574,1005,3119,0.512,0.19,str('kl'),0.091,TRUE
1690,0.58,653,0.6875,0.8921030823082325,0,122,2366,725,0.247,0.829,str('kl'),0.073,FALSE
1691,0.58,1344,0.6875,0.6840084718960158,0,323,4737,4717,0.872,0.35,str('intersection'),0.036,TRUE
1692,0.58,498,0.6875,0.9701704598825637,0,33,124,4465,0.328,0.487,str('intersection'),0.026,FALSE
1693,0.58,2797,0.6875,0.47260390009567854,0,469,4291,755,0.712,0.588,str('kl'),0.085,TRUE
1694,0.58,1337,0.6875,0.6855144153109756,0,321,3641,2855,0.172,0.202,str('kl'),0.07,FALSE
1695,0.58,1268,0.6875,0.7007949939770661,0,306,2024,1566,0.806,0.85,str('intersection'),0.038,TRUE
1696,0.58,477,0.6875,0.9825790353947634,0,17,1627,3244,0.602,0.916,str('intersection'),0.011,FALSE
1697,0.58,4221,0.6875,0.35387159686479175,0,502,2788,1955,0.498,0.005,str('kl'),0.097,TRUE
1698,0.58,3559,0.6875,0.40309231733398954,0,489,4677,4077,0.883,0.648,str('kl'),0.057,FALSE
1699,0.58,681,0.6875,0.8800041938468638,0,136,988,367,0.03,0.312,str('intersection'),0.054,TRUE
1700,0.58,3175,0.6875,0.4360328463300527,0,479,873,2592,0.938,0.116,str('kl'),0.036,FALSE
1701,0.58,565,0.6875,0.9338099950476652,0,73,4714,1381,0.085,0.965,str('intersection'),0.072,TRUE
1702,0.58,485,0.6875,0.977788840050987,0,24,2824,4729,0.532,0.322,str('intersection'),0.082,FALSE
1703,0.58,3244,0.6875,0.4298299654711104,0,480,1513,940,0.428,0.72,str('kl'),0.03,TRUE
1704,0.58,1884,0.6875,0.5865953225467224,0,392,2377,3873,0.227,0.543,str('kl'),0.045,FALSE
1705,0.58,927,0.6875,0.7911139806923846,0,222,3210,84,0.861,0.38,str('intersection'),0.066,TRUE
1706,0.58,521,0.6875,0.9571655941155429,0,46,3859,3449,0.257,0.766,str('intersection'),0.09,FALSE
1707,0.58,773,0.6875,0.8434837758178073,0,177,315,3715,0.097,0.686,str('intersection'),0.063,TRUE
1708,0.58,3715,0.6875,0.3907149360655181,0,491,4022,2426,0.989,0.272,str('kl'),0.049,FALSE
1709,0.58,13446,0.6875,0.019540705775366374,0,582,3364,3919,0.379,0.877,str('kl'),0.016,TRUE
1710,0.63,562,0.75,0.9353437593868519,0,3,2223,209,0.521,0.042,str('intersection'),0.093,FALSE
1711,0.58,1511,0.6875,0.6502306306627215,0,350,1350,4936,0.816,0.227,str('intersection'),0.075,TRUE
1712,0.58,906,0.6875,0.7977198881881777,0,219,2987,1226,0.206,0.827,str('kl'),0.034,FALSE
1713,0.58,502,0.6875,0.9678662349165907,0,37,719,1408,0.3,0.613,str('intersection'),0.08,FALSE
1714,0.61,596,0.725,0.9184208261113439,0,6,4513,550,0.369,0.143,str('intersection'),0.014,FALSE
1715,0.58,1423,0.6875,0.6675362451319102,0,336,2635,3295,0.762,0.506,str('intersection'),0.052,TRUE
1716,0.58,1036,0.6875,0.7590630768601145,0,248,1780,2085,0.152,0.419,str('kl'),0.059,FALSE
1717,0.58,7914,0.6875,0.17249905061374382,0,557,2188,3058,0.448,0.345,str('kl'),0.089,TRUE
1718,0.59,500,0.7,0.9690160477677547,0,9,3477,1847,0.591,0.695,str('intersection'),0.023,FALSE
1719,0.59,581,0.7,0.925764801099539,0,20,4138,4575,0.043,0.091,str('intersection'),0.042,TRUE
1720,0.58,1137,0.6875,0.7322402298317618,0,274,277,787,0.935,0.988,str('kl'),0.067,FALSE
1721,0.58,1049,0.6875,0.7554675973233136,0,250,210,2907,0.557,0.599,str('intersection'),0.058,TRUE
1722,0.58,807,0.6875,0.8310766947849597,0,190,4205,1697,0.419,0.451,str('kl'),0.051,FALSE
1723,0.58,450,0.6875,0.999359372336513,1,1,2098,634,0.076,0.236,str('intersection'),0.096,FALSE
1724,0.58,724,0.6875,0.8623584518562372,0,153,1870,4186,0.279,0.06,str('intersection'),0.069,TRUE
1725,0.58,658,0.6875,0.8899050317449471,0,126,2545,398,0.636,0.894,str('kl'),0.043,FALSE
1726,0.58,4399,0.6875,0.3419535799771206,0,508,4446,3145,0.248,0.251,str('kl'),0.022,TRUE
1727,0.58,567,0.6875,0.9327919952482516,0,75,1219,1934,0.854,0.664,str('intersection'),0.087,FALSE
1728,0.58,4847,0.6875,0.31397017473684463,0,522,632,4784,0.178,0.97,str('kl'),0.094,TRUE
1729,0.63,522,0.75,0.9566132443892427,1,1,4955,1073,0.784,0.074,str('intersection'),0.017,FALSE
1730,0.58,693,0.6875,0.8749702991825578,0,142,3057,2547,0.334,0.717,str('intersection'),0.047,TRUE
1731,0.58,698,0.6875,0.8728984837961788,0,144,1280,1258,0.69,0.366,str('kl'),0.062,FALSE
1732,0.59,492,0.7,0.9736616634707562,0,8,3294,2276,0.006,0.519,str('intersection'),0.031,FALSE
1733,0.58,1214,0.6875,0.713344912253066,0,294,3936,3766,0.611,0.133,str('intersection'),0.035,TRUE
1734,0.58,615,0.6875,0.9093789485277537,0,101,401,56,0.474,0.796,str('kl'),0.076,FALSE
1735,0.58,555,0.6875,0.9389545634259365,0,66,566,4033,0.771,0.291,str('intersection'),0.028,FALSE
1736,0.58,575,0.6875,0.9287555288361474,0,79,3771,244,0.127,0.626,str('kl'),0.081,TRUE
1737,0.58,3163,0.6875,0.43712534975668893,0,478,3141,3611,0.74,0.022,str('kl'),0.074,FALSE
1738,0.58,835,0.6875,0.8212449970694146,0,199,2446,2401,0.345,0.934,str('intersection'),0.038,TRUE
1739,0.58,535,0.6875,0.9495272711185248,0,54,1444,2754,0.05,0.859,str('intersection'),0.02,FALSE
1740,0.58,2512,0.6875,0.5036077945862967,0,451,4801,4888,0.455,0.575,str('kl'),0.065,FALSE
1741,0.58,1125,0.6875,0.7352996504669537,0,271,786,1100,0.569,0.473,str('intersection'),0.044,TRUE
1742,0.58,1682,0.6875,0.6193084050147981,0,371,1056,3406,0.4,0.171,str('kl'),0.04,FALSE
1743,0.58,1003,0.6875,0.7683964598059342,0,242,4609,2118,0.515,0.756,str('intersection'),0.072,TRUE
1744,0.58,470,0.6875,0.9868366858631279,0,12,2699,4237,0.12,0.393,str('intersection'),0.084,FALSE
1745,0.58,584,0.6875,0.9242809796103834,0,85,1827,1401,0.468,0.512,str('intersection'),0.02,FALSE
1746,0.58,572,0.6875,0.9302625956753939,0,78,4654,188,0.17,0.759,str('kl'),0.056,FALSE
1747,0.58,1598,0.6875,0.6340847107005811,0,361,525,4367,0.983,0.404,str('intersection'),0.037,TRUE
1748,0.59,467,0.7,0.9886807984884062,0,2,975,956,0.501,0.33,str('intersection'),0.031,FALSE
1749,0.58,8352,0.6875,0.15695460559018648,0,560,3849,4512,0.342,0.942,str('kl'),0.096,TRUE
1750,0.58,1747,0.6875,0.608371991945657,0,378,2546,2477,0.862,0.083,str('kl'),0.067,FALSE
1751,0.58,596,0.6875,0.9184208261113439,0,91,2319,3299,0.048,0.687,str('intersection'),0.049,TRUE
1752,0.58,670,0.6875,0.8846970231616148,0,133,2074,493,0.786,0.901,str('kl'),0.04,FALSE
1753,0.58,1170,0.6875,0.7239903071181216,0,284,3102,4048,0.119,0.265,str('intersection'),0.064,TRUE
1754,0.58,474,0.6875,0.9843960569931917,0,14,4250,1702,0.585,0.655,str('intersection'),0.083,FALSE
1755,0.58,7037,0.6875,0.2063912909711425,0,548,888,2522,0.261,0.011,str('kl'),0.01,TRUE
1756,0.58,965,0.6875,0.7795317501155754,0,236,123,2157,0.245,0.195,str('kl'),0.052,FALSE
1757,0.58,1542,0.6875,0.6443733546870394,0,355,4740,3604,0.912,0.58,str('intersection'),0.075,TRUE
1758,0.58,468,0.6875,0.9880647840733158,0,10,3555,632,0.383,0.441,str('intersection'),0.094,FALSE
1759,0.61,564,0.725,0.9343203446835697,0,5,1518,820,0.094,0.099,str('intersection'),0.073,TRUE
1760,0.58,5096,0.6875,0.299515256599159,0,525,3620,4999,0.752,0.734,str('kl'),0.054,FALSE
1761,0.58,3728,0.6875,0.38970705475355283,0,493,4962,2029,0.294,0.346,str('kl'),0.025,TRUE
1762,0.58,509,0.6875,0.9638775860249171,0,40,214,3473,0.609,0.989,str('intersection'),0.091,FALSE
1763,0.58,1346,0.6875,0.6835796417370306,0,324,662,1851,0.875,0.805,str('intersection'),0.062,TRUE
1764,0.58,1238,0.6875,0.7076996927754281,0,300,4165,2670,0.217,0.42,str('kl'),0.043,FALSE
1765,0.58,6963,0.6875,0.20944182582149717,0,547,2860,326,0.737,0.559,str('kl'),0.014,TRUE
1766,0.58,483,0.6875,0.9789789557329361,0,22,2003,3878,0.422,0.165,str('intersection'),0.079,FALSE
1767,0.58,10710,0.6875,0.08519341532417501,0,571,2385,2334,0.662,0.488,str('kl'),0.1,TRUE
1768,0.58,523,0.6875,0.9560619497728997,0,48,2793,3154,0.493,0.85,str('intersection'),0.027,FALSE
1769,0.58,1550,0.6875,0.6428809007138812,0,357,3939,1121,0.96,0.241,str('intersection'),0.046,TRUE
1770,0.58,2800,0.6875,0.4722946277204153,0,470,1197,4674,0.136,0.596,str('kl'),0.069,FALSE
1771,0.59,484,0.7,0.9783832844298351,0,6,4426,4183,0.538,0.058,str('intersection'),0.016,FALSE
1772,0.58,579,0.6875,0.92675827073426,0,82,3239,1527,0.009,0.916,str('intersection'),0.035,TRUE
1773,0.58,2235,0.6875,0.5373133231270096,0,428,1586,2970,0.833,0.313,str('kl'),0.058,FALSE
1774,0.6,679,0.7125,0.8808517793133379,0,14,1666,259,0.562,0.181,str('intersection'),0.072,TRUE
1775,0.58,2153,0.6875,0.548096088343085,0,419,3158,4281,0.279,0.543,str('kl'),0.044,FALSE
1776,0.58,474,0.6875,0.9843960569931917,0,14,354,2912,0.11,0.79,str('intersection'),0.098,FALSE
1777,0.58,801,0.6875,0.8332277803500333,0,189,1117,2393,0.406,0.973,str('intersection'),0.061,TRUE
1778,0.58,1518,0.6875,0.6488975906765739,0,351,4020,3368,0.69,0.361,str('kl'),0.033,FALSE
1779,0.58,2099,0.6875,0.5554234884034155,0,416,2707,1024,0.233,0.719,str('kl'),0.018,TRUE
1780,0.58,614,0.6875,0.9098478400100959,0,100,2470,4420,0.922,0.114,str('intersection'),0.087,FALSE
1781,0.58,1220,0.6875,0.7119232214771269,0,296,1933,1636,0.183,0.297,str('kl'),0.09,TRUE
1782,0.58,744,0.6875,0.8545048340757189,0,163,2931,2612,0.975,0.932,str('intersection'),0.026,FALSE
1783,0.59,810,0.7,0.830007134658166,0,32,4089,579,0.446,0.042,str('intersection'),0.053,TRUE
1784,0.58,2472,0.6875,0.5082385019367508,0,447,737,3976,0.646,0.685,str('kl'),0.073,FALSE
1785,0.58,4392,0.6875,0.3424130861602346,0,507,284,724,0.848,0.612,str('kl'),0.079,TRUE
1786,0.59,562,0.7,0.9353437593868519,0,18,4891,4745,0.056,0.225,str('intersection'),0.015,FALSE
1787,0.58,1045,0.6875,0.7565691354693446,0,249,3696,2088,0.522,0.866,str('intersection'),0.042,TRUE
1788,0.58,2018,0.6875,0.5667756749592073,0,407,1443,3688,0.323,0.472,str('kl'),0.062,FALSE
1789,0.58,637,0.6875,0.8992515008523583,0,114,1357,1943,0.937,0.703,str('intersection'),0.013,FALSE
1790,0.58,2762,0.6875,0.47623678120177515,0,466,3469,3545,0.154,0.068,str('kl'),0.08,TRUE
1791,0.58,737,0.6875,0.8572293566797997,0,161,4821,886,0.674,0.957,str('kl'),0.066,FALSE
1792,0.58,1077,0.6875,0.7478723525626465,0,257,43,4909,0.484,0.315,str('intersection'),0.039,TRUE
1793,0.6,498,0.7125,0.9701704598825637,0,5,804,394,0.032,0.388,str('intersection'),0.024,FALSE
1794,0.58,776,0.6875,0.8423673231918424,0,179,3021,1759,0.357,0.134,str('kl'),0.077,FALSE
1795,0.58,985,0.6875,0.7736175545508581,0,238,2154,2737,0.548,0.528,str('intersection'),0.05,TRUE
1796,0.58,846,0.6875,0.817472359767829,0,203,2244,1211,0.308,0.819,str('kl'),0.036,FALSE
1797,0.58,1136,0.6875,0.7324939464581222,0,273,2622,4609,0.601,0.457,str('intersection'),0.057,TRUE
1798,0.58,492,0.6875,0.9736616634707562,0,28,3778,2263,0.072,0.564,str('intersection'),0.084,FALSE
1799,0.58,825,0.6875,0.8247179949837471,0,197,600,1459,0.723,0.027,str('kl'),0.047,FALSE
1800,0.58,872,0.6875,0.8087464988912202,0,209,4577,3062,0.43,0.639,str('intersection'),0.068,TRUE
1801,0.63,554,0.75,0.9394741002789269,0,2,3380,90,0.897,0.281,str('intersection'),0.096,FALSE
1802,0.58,4496,0.6875,0.3356603202873204,0,511,1757,4114,0.198,0.886,str('kl'),0.031,TRUE
1803,0.58,10863,0.6875,0.08110007166315814,0,572,1791,1091,0.914,0.464,str('kl'),0.051,TRUE
1804,0.58,495,0.6875,0.9719107826067883,0,30,3424,4411,0.239,0.826,str('intersection'),0.076,FALSE
1805,0.58,1191,0.6875,0.7188605440338436,0,288,4534,2382,0.714,0.219,str('intersection'),0.093,TRUE
1806,0.58,2048,0.6875,0.5625189216262962,0,410,566,3437,0.381,0.573,str('kl'),0.022,FALSE
1807,0.58,932,0.6875,0.7895631836030383,0,225,1090,1261,0.117,0.632,str('kl'),0.04,TRUE
1808,0.59,582,0.7,0.9252693457951985,0,21,3812,2942,0.792,0.02,str('intersection'),0.064,FALSE
1809,0.57,614,0.6749999999999999,0.9098478400100959,0,101,2588,287,0.255,0.877,str('intersection'),0.082,TRUE
1810,0.58,4450,0.6875,0.338627651215182,0,510,2200,4233,0.587,0.272,str('kl'),0.011,FALSE
1811,0.59,617,0.7,0.9084434448110594,0,24,2110,2058,0.332,0.077,str('intersection'),0.03,TRUE
1812,0.58,1728,0.6875,0.6115261505965925,0,375,2987,3738,0.514,0.712,str('kl'),0.097,FALSE
1813,0.58,656,0.6875,0.8907822441038818,0,125,4370,771,0.034,0.322,str('kl'),0.067,TRUE
1814,0.58,607,0.6875,0.9131515858293391,0,98,847,4716,0.871,0.964,str('intersection'),0.049,FALSE
1815,0.58,1156,0.6875,0.727461514784169,0,279,9,588,0.637,0.766,str('intersection'),0.019,TRUE
1816,0.58,2088,0.6875,0.5569391897067204,0,414,4777,3909,0.455,0.38,str('kl'),0.086,FALSE
1817,0.58,492,0.6875,0.9736616634707562,0,28,1391,2623,0.16,0.127,str('intersection'),0.038,FALSE
1818,0.58,778,0.6875,0.8416254136729914,0,180,1477,1751,0.54,0.923,str('kl'),0.088,FALSE
1819,0.58,766,0.6875,0.8461057516812149,0,172,3740,2805,0.364,0.288,str('intersection'),0.016,TRUE
1820,0.58,525,0.6875,0.9549625097998455,0,49,4847,465,0.838,0.679,str('intersection'),0.034,FALSE
1821,0.58,1813,0.6875,0.5976757792682795,0,383,250,3784,0.007,0.036,str('kl'),0.059,TRUE
1822,0.58,557,0.6875,0.9379182871100487,0,67,781,917,0.491,0.234,str('kl'),0.099,FALSE
1823,0.58,1325,0.6875,0.6881144567154023,0,318,4123,4859,0.668,0.621,str('intersection'),0.028,TRUE
1824,0.59,476,0.7,0.9831834390583832,0,3,2897,1895,0.13,0.479,str('intersection'),0.045,FALSE
1825,0.59,484,0.7,0.9783832844298351,0,6,2426,140,0.207,0.536,str('intersection'),0.061,FALSE
1826,0.58,1781,0.6875,0.6028123356595851,0,381,4054,1431,0.408,0.781,str('kl'),0.013,FALSE
1827,0.58,1151,0.6875,0.7287114199162492,0,276,1161,3110,0.747,0.427,str('intersection'),0.08,TRUE
1828,0.58,514,0.6875,0.9610619281413554,0,42,320,2196,0.762,0.368,str('intersection'),0.072,FALSE
1829,0.58,1468,0.6875,0.6585572153740551,0,344,4468,3249,0.08,0.98,str('kl'),0.055,TRUE
1830,0.58,1033,0.6875,0.7598992029222001,0,247,3202,1222,0.623,0.123,str('kl'),0.025,FALSE
1831,0.58,723,0.6875,0.8627567992540516,0,152,1700,4540,0.285,0.728,str('intersection'),0.091,TRUE
1832,0.58,1062,0.6875,0.7519163604943794,0,255,1630,2449,0.054,0.858,str('kl'),0.078,FALSE
1833,0.58,1435,0.6875,0.6651143905514039,0,340,3273,3346,0.854,0.495,str('intersection'),0.015,TRUE
1834,0.58,489,0.6875,0.9754232313644464,0,27,4392,1006,0.317,0.605,str('intersection'),0.041,FALSE
1835,0.6,665,0.7125,0.8868556169486306,0,12,1231,199,0.977,0.051,str('kl'),0.089,FALSE
1836,0.58,710,0.6875,0.8679859797600391,0,148,3983,4298,0.177,0.663,str('intersection'),0.026,TRUE
1837,0.58,599,0.6875,0.9169741932884209,0,92,2749,1334,0.652,0.304,str('intersection'),0.052,FALSE
1838,0.58,7184,0.6875,0.20042544700758225,0,550,2351,2855,0.444,0.908,str('kl'),0.075,TRUE
1839,0.58,470,0.6875,0.9868366858631279,0,12,1969,701,0.7,0.744,str('intersection'),0.059,FALSE
1840,0.58,4253,0.6875,0.3516924254435714,0,503,4209,2149,0.935,0.996,str('kl'),0.018,FALSE
1841,0.58,709,0.6875,0.8683921763702288,0,147,696,3671,0.223,0.352,str('intersection'),0.087,TRUE
1842,0.58,572,0.6875,0.9302625956753939,0,78,170,1654,0.269,0.411,str('intersection'),0.071,FALSE
1843,0.58,9984,0.6875,0.1054496510299664,0,570,4928,2550,0.576,0.796,str('kl'),0.045,TRUE
1844,0.58,795,0.6875,0.8353950193997648,0,187,3654,523,0.096,0.159,str('kl'),0.029,FALSE
1845,0.58,1313,0.6875,0.6907381351839836,0,312,1562,3997,0.808,0.552,str('intersection'),0.098,TRUE
1846,0.58,1243,0.6875,0.7065373768914592,0,301,1316,373,0.428,0.257,str('kl'),0.047,TRUE
1847,0.58,603,0.6875,0.9150565606923212,0,96,3589,3850,0.729,0.893,str('intersection'),0.069,FALSE
1848,0.57,614,0.6749999999999999,0.9098478400100959,0,101,4705,1821,0.192,0.004,str('intersection'),0.095,TRUE
1849,0.58,3384,0.6875,0.417639806475003,0,485,79,2720,0.899,0.648,str('kl'),0.032,FALSE
1850,0.58,13148,0.6875,0.026008384167853005,0,579,923,1960,0.603,0.589,str('kl'),0.036,TRUE
1851,0.58,638,0.6875,0.898799499751512,0,115,4294,3485,0.302,0.203,str('intersection'),0.057,FALSE
1852,0.58,1080,0.6875,0.7470703067183408,0,258,3058,829,0.777,0.842,str('intersection'),0.083,TRUE
1853,0.58,2651,0.6875,0.4880703477955042,0,457,2040,4932,0.07,0.448,str('kl'),0.021,FALSE
1854,0.58,1318,0.6875,0.6896420357126242,0,314,2285,1516,0.824,0.143,str('intersection'),0.023,TRUE
1855,0.58,1378,0.6875,0.6768036264426279,0,327,2502,3040,0.019,0.506,str('kl'),0.093,FALSE
1856,0.58,762,0.6875,0.8476147885514445,0,170,3893,73,0.561,0.395,str('kl'),0.077,TRUE
1857,0.58,509,0.6875,0.9638775860249171,0,40,1010,4175,0.348,0.75,str('intersection'),0.05,FALSE
1858,0.58,577,0.6875,0.9277551720498339,0,80,481,1149,0.144,0.949,str('intersection'),0.011,TRUE
1859,0.58,6141,0.6875,0.24569135683205523,0,539,4619,4627,0.95,0.337,str('kl'),0.082,FALSE
1860,0.58,5057,0.6875,0.30173200863247696,0,523,3343,2284,0.47,0.696,str('kl'),0.065,TRUE
1861,0.58,635,0.6875,0.900157632346804,0,113,1871,3184,0.684,0.092,str('intersection'),0.039,FALSE
1862,0.58,633,0.6875,0.901066617803424,0,111,1854,560,0.127,0.649,str('kl'),0.097,TRUE
1863,0.59,588,0.7,0.9223143441032404,0,22,3322,3956,0.965,0.013,str('intersection'),0.03,FALSE
1864,0.58,881,0.6875,0.8057864458258311,0,211,4636,1617,0.488,0.903,str('intersection'),0.044,TRUE
1865,0.58,1161,0.6875,0.7262169995141593,0,281,503,2591,0.67,0.259,str('kl'),0.071,FALSE
1866,0.58,500,0.6875,0.9690160477677547,0,35,3875,3708,0.004,0.828,str('intersection'),0.018,FALSE
1867,0.58,808,0.6875,0.8307197341409396,0,191,2525,743,0.543,0.189,str('intersection'),0.033,TRUE
1868,0.58,2633,0.6875,0.4900358671558175,0,454,2302,4765,0.361,0.582,str('kl'),0.06,FALSE
1869,0.58,964,0.6875,0.7798306653612485,0,235,2057,1292,0.62,0.765,str('intersection'),0.074,TRUE
1870,0.58,1274,0.6875,0.6994336582269962,0,308,3079,2892,0.288,0.402,str('kl'),0.053,FALSE
1871,0.59,3439,0.7,0.41298823459672784,0,43,4278,240,0.759,0.51,str('kl'),0.026,TRUE
1872,0.58,651,0.6875,0.8929870114644506,0,121,901,4261,0.083,0.155,str('intersection'),0.09,FALSE
1873,0.58,784,0.6875,0.839411060273526,0,182,102,1043,0.411,0.082,str('intersection'),0.063,TRUE
1874,0.58,4210,0.6875,0.3546245035132859,0,501,4723,4440,0.744,0.693,str('kl'),0.042,FALSE
1875,0.58,5075,0.6875,0.30070677613727004,0,524,3566,2412,0.21,0.336,str('kl'),0.014,TRUE
1876,0.58,569,0.6875,0.9317775736628955,0,76,1299,3388,0.886,0.94,str('intersection'),0.079,FALSE
1877,0.58,1195,0.6875,0.717893700101464,0,289,1541,2243,0.252,0.235,str('kl'),0.038,FALSE
1878,0.58,995,0.6875,0.7707052932709475,0,240,3638,3221,0.59,0.598,str('intersection'),0.066,TRUE
1879,0.58,472,0.6875,0.9856137914745208,0,13,4949,1191,0.114,0.489,str('intersection'),0.081,FALSE
1880,0.58,648,0.6875,0.8943180021889295,0,119,678,110,0.717,0.918,str('kl'),0.049,FALSE
1881,0.58,776,0.6875,0.8423673231918424,0,179,4186,4133,0.378,0.307,str('intersection'),0.077,TRUE
1882,0.58,689,0.6875,0.8766385272026598,0,139,2834,1479,0.917,0.664,str('intersection'),0.092,FALSE
1883,0.58,4130,0.6875,0.3601600871497659,0,498,1991,3081,0.236,0.06,str('kl'),0.023,TRUE
1884,0.58,740,0.6875,0.8560585532732791,0,162,2373,866,0.994,0.351,str('intersection'),0.021,FALSE
1885,0.58,4039,0.6875,0.36658865806714036,0,496,2765,4890,0.163,0.987,str('kl'),0.084,TRUE
1886,0.58,858,0.6875,0.8134122321648009,0,205,3962,1923,0.634,0.097,str('kl'),0.056,FALSE
1887,0.58,893,0.6875,0.8018863507454229,0,213,1215,3526,0.457,0.74,str('intersection'),0.037,TRUE
1888,0.58,472,0.6875,0.9856137914745208,0,13,413,1779,0.037,0.557,str('intersection'),0.032,FALSE
1889,0.58,630,0.6875,0.9024354866648635,0,109,3255,415,0.335,0.811,str('kl'),0.068,FALSE
1890,0.58,1353,0.6875,0.682083734272924,0,325,1607,3813,0.511,0.418,str('intersection'),0.048,TRUE
1891,0.58,1024,0.6875,0.7624222144204937,0,245,1684,1681,0.78,0.045,str('kl'),0.037,FALSE
1892,0.58,564,0.6875,0.9343203446835697,0,72,3180,2503,0.067,0.679,str('intersection'),0.056,TRUE
1893,0.58,468,0.6875,0.9880647840733158,0,10,4484,473,0.606,0.291,str('intersection'),0.085,FALSE
1894,0.58,7326,0.6875,0.19477730981714447,0,551,341,4029,0.299,0.934,str('kl'),0.019,TRUE
1895,0.58,666,0.6875,0.8864226046484989,0,131,1138,652,0.189,0.86,str('kl'),0.048,FALSE
1896,0.58,1617,0.6875,0.6306756252210415,0,363,4036,4831,0.902,0.474,str('intersection'),0.067,TRUE
1897,0.58,497,0.6875,0.9707494021908456,0,32,2695,2177,0.425,0.614,str('intersection'),0.096,FALSE
1898,0.64,608,0.7625000000000001,0.9126773003587547,0,2,1905,168,0.473,0.433,str('intersection'),0.01,FALSE
1899,0.58,723,0.6875,0.8627567992540516,0,152,4107,1381,0.147,0.187,str('kl'),0.064,FALSE
1900,0.58,1518,0.6875,0.6488975906765739,0,351,760,2827,0.947,0.541,str('intersection'),0.041,TRUE
1901,0.58,475,0.6875,0.9837891111461514,0,15,273,2497,0.558,0.725,str('intersection'),0.022,FALSE
1902,0.58,5238,0.6875,0.2915848862317134,0,527,4865,3318,0.351,0.113,str('kl'),0.094,TRUE
1903,0.58,760,0.6875,0.8483722762406243,0,169,3718,976,0.822,0.971,str('kl'),0.075,FALSE
1904,0.58,660,0.6875,0.8890304776093565,0,128,1459,4531,0.021,0.367,str('intersection'),0.052,TRUE
1905,0.58,3100,0.6875,0.4429298443964006,0,475,1370,1102,0.655,0.566,str('kl'),0.09,TRUE
1906,0.59,701,0.7,0.8716624962800874,0,28,3496,4654,0.441,0.204,str('intersection'),0.025,FALSE
1907,0.58,1641,0.6875,0.6264261843668917,0,367,4798,2315,0.98,0.813,str('intersection'),0.054,TRUE
1908,0.58,1398,0.6875,0.6726480090155764,0,331,25,3134,0.174,0.459,str('kl'),0.073,FALSE
1909,0.58,1525,0.6875,0.6475706796315462,0,352,829,1546,0.314,0.275,str('kl'),0.079,TRUE
1910,0.58,602,0.6875,0.9155347756217849,0,95,4348,2990,0.527,0.888,str('intersection'),0.014,FALSE
1911,0.83,4890,1.0,0.31142165962656454,1,1,3004,25,0.051,0.028,str('intersection'),0.043,TRUE
1912,0.58,3719,0.6875,0.3904044436806505,0,492,2133,4203,0.857,0.633,str('kl'),0.061,FALSE
1913,0.58,552,0.6875,0.9405159882115697,0,65,2221,2010,0.099,0.955,str('intersection'),0.07,TRUE
1914,0.58,2785,0.6875,0.4738443145147594,0,468,2605,3453,0.805,0.32,str('kl'),0.046,FALSE
1915,0.58,1735,0.6875,0.610360077721783,0,376,3790,802,0.272,0.709,str('kl'),0.027,TRUE
1916,0.58,584,0.6875,0.9242809796103834,0,85,1073,4979,0.573,0.066,str('intersection'),0.1,FALSE
1917,0.58,1288,0.6875,0.6962819599671441,0,311,584,345,0.932,0.14,str('intersection'),0.058,TRUE
1918,0.58,1972,0.6875,0.5734271325003748,0,402,4556,3898,0.226,0.526,str('kl'),0.035,FALSE
1919,0.58,478,0.6875,0.9819758948536186,0,18,1768,2690,0.396,0.78,str('intersection'),0.089,FALSE
1920,0.58,470,0.6875,0.9868366858631279,0,12,1734,2130,0.742,0.327,str('intersection'),0.063,FALSE
1921,0.59,1854,0.7,0.5912254107920949,0,42,4600,682,0.88,0.075,str('kl'),0.016,FALSE
1922,0.58,705,0.6875,0.8700227041191999,0,146,618,4781,0.212,0.717,str('intersection'),0.078,TRUE
1923,0.59,477,0.7,0.9825790353947634,0,4,1030,543,0.29,0.519,str('intersection'),0.074,FALSE
1924,0.58,1244,0.6875,0.7063054743929247,0,302,2639,1673,0.089,0.772,str('kl'),0.027,FALSE
1925,0.58,1404,0.6875,0.6714129030909903,0,332,2265,2570,0.757,0.378,str('intersection'),0.089,TRUE
1926,0.58,648,0.6875,0.8943180021889295,0,119,2177,987,0.014,0.213,str('kl'),0.087,FALSE
1927,0.58,1869,0.6875,0.588901081633515,0,391,3039,4461,0.828,0.575,str('intersection'),0.017,TRUE
1928,0.59,569,0.7,0.9317775736628955,0,19,4314,2430,0.374,0.465,str('intersection'),0.033,FALSE
1929,0.58,1119,0.6875,0.7368416094897573,0,269,59,1353,0.955,0.879,str('kl'),0.099,FALSE
1930,0.58,613,0.6875,0.9103174945383113,0,99,4842,2876,0.141,0.266,str('intersection'),0.028,TRUE
1931,0.58,475,0.6875,0.9837891111461514,0,15,3452,218,0.657,0.627,str('intersection'),0.045,FALSE
1932,0.59,965,0.7,0.7795317501155754,0,35,1425,53,0.866,0.787,str('intersection'),0.032,TRUE
1933,0.58,2028,0.6875,0.5653497696677996,0,409,3674,4156,0.043,0.425,str('kl'),0.095,FALSE
1934,0.58,2914,0.6875,0.46078130907737946,0,472,4908,1496,0.506,0.534,str('kl'),0.069,TRUE
1935,0.58,7462,0.6875,0.1894695253828136,0,552,3983,1405,0.789,0.451,str('kl'),0.074,TRUE
1936,0.58,682,0.6875,0.8795813327545133,0,137,2180,4677,0.01,0.35,str('intersection'),0.094,TRUE
