index,ACCURACY,RUNTIME,transformed_accuracy,transformed_runtime,is_pareto,pareto_layer,recent_samples_size,window_size,ev_threshold,delta,divergence_metric,sample_period,online_scaling
0,0.91,0,0.5,1.0,1,1,4282,4750,0.973,0.096,str('kl'),0.061,TRUE
1,0.91,0,0.5,1.0,1,1,1944,2360,0.416,0.903,str('intersection'),0.016,FALSE
2,0.91,0,0.5,1.0,1,1,1451,4094,0.093,0.853,str('intersection'),0.04,TRUE
3,0.91,0,0.5,1.0,1,1,4746,1766,0.518,0.147,str('kl'),0.085,FALSE
4,0.91,0,0.5,1.0,1,1,2409,3709,0.584,0.014,str('kl'),0.057,TRUE
5,0.91,0,0.5,1.0,1,1,4483,2942,0.288,0.482,str('intersection'),0.065,FALSE
6,0.91,0,0.5,1.0,1,1,2665,3550,0.882,0.336,str('kl'),0.086,FALSE
7,0.91,0,0.5,1.0,1,1,4485,1292,0.093,0.958,str('kl'),0.06,TRUE
8,0.91,0,0.5,1.0,1,1,2224,1100,0.346,0.578,str('intersection'),0.031,TRUE
9,0.91,0,0.5,1.0,1,1,3027,4457,0.515,0.688,str('kl'),0.04,TRUE
10,0.91,0,0.5,1.0,1,1,4825,382,0.463,0.078,str('kl'),0.01,FALSE
11,0.91,0,0.5,1.0,1,1,288,3088,0.8,0.819,str('intersection'),0.09,TRUE
12,0.91,0,0.5,1.0,1,1,1130,900,0.699,0.982,str('intersection'),0.061,FALSE
13,0.91,0,0.5,1.0,1,1,3758,3195,0.034,0.226,str('kl'),0.049,TRUE
14,0.91,1,0.5,0.7686217868402409,0,2,3391,1644,0.991,0.602,str('kl'),0.023,FALSE
15,0.91,0,0.5,1.0,1,1,1644,4252,0.279,0.345,str('intersection'),0.08,TRUE
16,0.91,0,0.5,1.0,1,1,1939,2064,0.225,0.447,str('intersection'),0.074,FALSE
17,0.91,0,0.5,1.0,1,1,551,531,0.949,0.723,str('kl'),0.054,TRUE
18,0.91,0,0.5,1.0,1,1,2594,598,0.717,0.061,str('intersection'),0.042,TRUE
19,0.91,0,0.5,1.0,1,1,551,4055,0.676,0.217,str('intersection'),0.049,FALSE
20,0.91,0,0.5,1.0,1,1,846,2493,0.824,0.118,str('intersection'),0.021,TRUE
21,0.91,0,0.5,1.0,1,1,4121,4729,0.413,0.874,str('kl'),0.099,FALSE
22,0.91,1,0.5,0.7686217868402409,0,2,3732,113,0.609,0.486,str('kl'),0.07,TRUE
23,0.91,0,0.5,1.0,1,1,1382,2661,0.151,0.743,str('intersection'),0.037,FALSE
24,0.91,0,0.5,1.0,1,1,1850,1804,0.54,0.809,str('kl'),0.054,TRUE
25,0.91,1,0.5,0.7686217868402409,0,2,3264,4098,0.192,0.053,str('intersection'),0.064,FALSE
26,0.91,1,0.5,0.7686217868402409,0,2,3964,752,0.77,0.682,str('intersection'),0.082,TRUE
27,0.91,1,0.5,0.7686217868402409,0,2,1004,3358,0.499,0.425,str('kl'),0.026,FALSE
28,0.91,1,0.5,0.7686217868402409,0,2,83,547,0.008,0.276,str('kl'),0.043,TRUE
29,0.91,1,0.5,0.7686217868402409,0,2,4952,2938,0.731,0.518,str('intersection'),0.076,FALSE
30,0.91,0,0.5,1.0,1,1,2823,1911,0.308,0.154,str('intersection'),0.092,TRUE
31,0.91,0,0.5,1.0,1,1,3249,1005,0.181,0.724,str('kl'),0.096,FALSE
32,0.91,0,0.5,1.0,1,1,2455,1356,0.763,0.367,str('intersection'),0.069,FALSE
33,0.91,1,0.5,0.7686217868402409,0,2,2581,3925,0.473,0.625,str('kl'),0.034,TRUE
34,0.91,0,0.5,1.0,1,1,4569,1237,0.549,0.236,str('kl'),0.016,FALSE
35,0.91,0,0.5,1.0,1,1,320,3493,0.212,0.993,str('intersection'),0.095,TRUE
36,0.91,1,0.5,0.7686217868402409,0,2,767,55,0.282,0.828,str('intersection'),0.056,FALSE
37,0.91,0,0.5,1.0,1,1,4347,2799,0.947,0.087,str('kl'),0.044,TRUE
38,0.91,0,0.5,1.0,1,1,3506,2362,0.028,0.709,str('kl'),0.029,FALSE
39,0.91,0,0.5,1.0,1,1,1461,4794,0.74,0.467,str('intersection'),0.085,TRUE
40,0.91,0,0.5,1.0,1,1,1619,647,0.068,0.027,str('kl'),0.091,FALSE
41,0.91,0,0.5,1.0,1,1,3349,3372,0.671,0.768,str('intersection'),0.012,TRUE
42,0.91,0,0.5,1.0,1,1,3879,1782,0.369,0.403,str('intersection'),0.039,FALSE
43,0.91,0,0.5,1.0,1,1,1234,4195,0.893,0.645,str('kl'),0.073,TRUE
44,0.91,0,0.5,1.0,1,1,163,2007,0.604,0.56,str('kl'),0.078,FALSE
45,0.91,0,0.5,1.0,1,1,4727,4595,0.127,0.302,str('intersection'),0.021,TRUE
46,0.91,0,0.5,1.0,1,1,3048,560,0.834,0.932,str('intersection'),0.051,FALSE
47,0.91,0,0.5,1.0,1,1,1987,2835,0.435,0.175,str('kl'),0.063,TRUE
48,0.91,0,0.5,1.0,1,1,2002,843,0.848,0.776,str('kl'),0.083,TRUE
49,0.91,0,0.5,1.0,1,1,3121,3254,0.389,0.019,str('intersection'),0.028,FALSE
50,0.91,0,0.5,1.0,1,1,4732,1588,0.587,0.653,str('intersection'),0.046,TRUE
51,0.91,1,0.5,0.7686217868402409,0,2,226,4311,0.175,0.395,str('kl'),0.057,FALSE
52,0.91,1,0.5,0.7686217868402409,0,2,1190,2125,0.323,0.31,str('kl'),0.096,TRUE
53,0.91,1,0.5,0.7686217868402409,0,2,3855,4399,0.906,0.552,str('intersection'),0.018,FALSE
54,0.91,0,0.5,1.0,1,1,3295,443,0.117,0.184,str('intersection'),0.034,TRUE
55,0.91,0,0.5,1.0,1,1,1585,3030,0.653,0.924,str('kl'),0.067,FALSE
56,0.91,1,0.5,0.7686217868402409,0,2,1427,1552,0.048,0.617,str('intersection'),0.061,TRUE
57,0.91,1,0.5,0.7686217868402409,0,2,3452,3807,0.693,0.375,str('kl'),0.051,FALSE
58,0.91,1,0.5,0.7686217868402409,0,2,4323,1042,0.27,0.985,str('kl'),0.024,TRUE
59,0.91,0,0.5,1.0,1,1,723,3610,0.993,0.245,str('intersection'),0.079,FALSE
60,0.91,1,0.5,0.7686217868402409,0,2,383,173,0.502,0.079,str('intersection'),0.074,TRUE
61,0.91,0,0.5,1.0,1,1,4574,2604,0.231,0.836,str('kl'),0.041,FALSE
62,0.91,0,0.5,1.0,1,1,2654,2246,0.81,0.459,str('kl'),0.011,TRUE
63,0.91,0,0.5,1.0,1,1,2470,4989,0.461,0.717,str('intersection'),0.089,FALSE
64,0.91,1,0.5,0.7686217868402409,0,2,2283,2394,0.721,0.129,str('kl'),0.042,FALSE
65,0.91,0,0.5,1.0,1,1,2761,4825,0.01,0.886,str('intersection'),0.077,TRUE
66,0.9,7,0.0,0.30586536052072255,0,9,4388,14,0.967,0.256,str('intersection'),0.093,FALSE
67,0.91,1,0.5,0.7686217868402409,0,2,491,2758,0.303,0.513,str('kl'),0.013,TRUE
68,0.91,0,0.5,1.0,1,1,908,1195,0.201,0.66,str('kl'),0.053,FALSE
69,0.91,0,0.5,1.0,1,1,4215,3451,0.538,0.418,str('intersection'),0.064,TRUE
70,0.91,0,0.5,1.0,1,1,3637,1388,0.486,0.783,str('intersection'),0.083,FALSE
71,0.91,0,0.5,1.0,1,1,1319,3957,0.776,0.042,str('kl'),0.026,TRUE
72,0.91,0,0.5,1.0,1,1,1789,606,0.414,0.483,str('intersection'),0.02,FALSE
73,0.91,0,0.5,1.0,1,1,3168,2881,0.814,0.725,str('kl'),0.1,TRUE
74,0.91,0,0.5,1.0,1,1,4060,1970,0.145,0.103,str('kl'),0.07,FALSE
75,0.91,0,0.5,1.0,1,1,1063,4558,0.623,0.844,str('intersection'),0.036,TRUE
76,0.91,0,0.5,1.0,1,1,21,1746,0.88,0.946,str('intersection'),0.03,FALSE
77,0.91,0,0.5,1.0,1,1,4858,4158,0.356,0.189,str('kl'),0.087,TRUE
78,0.91,0,0.5,1.0,1,1,2916,694,0.681,0.577,str('kl'),0.06,FALSE
79,0.91,0,0.5,1.0,1,1,2128,3419,0.079,0.32,str('intersection'),0.048,TRUE
80,0.91,0,0.5,1.0,1,1,2072,1686,0.259,0.06,str('kl'),0.037,FALSE
81,0.91,0,0.5,1.0,1,1,2886,4294,0.97,0.802,str('intersection'),0.072,TRUE
82,0.91,0,0.5,1.0,1,1,4967,868,0.053,0.433,str('intersection'),0.098,FALSE
83,0.91,0,0.5,1.0,1,1,156,3163,0.717,0.675,str('kl'),0.019,TRUE
84,0.91,0,0.5,1.0,1,1,950,351,0.787,0.526,str('kl'),0.047,FALSE
85,0.91,0,0.5,1.0,1,1,3930,3056,0.45,0.269,str('intersection'),0.059,TRUE
86,0.91,1,0.5,0.7686217868402409,0,2,3220,2106,0.526,0.902,str('intersection'),0.088,FALSE
87,0.91,0,0.5,1.0,1,1,1825,4498,0.236,0.146,str('kl'),0.031,TRUE
88,0.91,0,0.5,1.0,1,1,1358,982,0.566,0.329,str('intersection'),0.014,FALSE
89,0.91,0,0.5,1.0,1,1,3688,3746,0.166,0.586,str('kl'),0.094,TRUE
90,0.91,1,0.5,0.7686217868402409,0,2,4087,1409,0.874,0.21,str('kl'),0.076,FALSE
91,0.91,0,0.5,1.0,1,1,792,3860,0.396,0.966,str('intersection'),0.042,TRUE
92,0.91,0,0.5,1.0,1,1,624,2298,0.108,0.866,str('intersection'),0.024,FALSE
93,0.91,0,0.5,1.0,1,1,4500,4847,0.632,0.125,str('kl'),0.081,TRUE
94,0.91,0,0.5,1.0,1,1,2728,308,0.33,0.736,str('kl'),0.066,FALSE
95,0.91,0,0.5,1.0,1,1,2229,2544,0.932,0.494,str('intersection'),0.054,TRUE
96,0.91,1,0.5,0.7686217868402409,0,2,2355,155,0.14,0.91,str('kl'),0.078,TRUE
97,0.91,0,0.5,1.0,1,1,2523,2703,0.599,0.169,str('intersection'),0.022,FALSE
98,0.91,0,0.5,1.0,1,1,4626,2461,0.425,0.533,str('intersection'),0.052,TRUE
99,0.91,0,0.5,1.0,1,1,418,4697,0.837,0.292,str('kl'),0.062,FALSE
100,0.91,0,0.5,1.0,1,1,665,1261,0.657,0.379,str('kl'),0.091,TRUE
101,0.91,0,0.5,1.0,1,1,4291,4023,0.074,0.636,str('intersection'),0.013,FALSE
102,0.91,0,0.5,1.0,1,1,3561,1141,0.903,0.007,str('intersection'),0.039,TRUE
103,0.91,0,0.5,1.0,1,1,1562,3591,0.367,0.763,str('kl'),0.072,FALSE
104,0.91,0,0.5,1.0,1,1,1717,1948,0.941,0.696,str('intersection'),0.055,TRUE
105,0.91,0,0.5,1.0,1,1,3405,4652,0.296,0.439,str('kl'),0.045,FALSE
106,0.91,0,0.5,1.0,1,1,3821,500,0.742,0.827,str('kl'),0.03,TRUE
107,0.91,0,0.5,1.0,1,1,1135,2892,0.019,0.071,str('intersection'),0.085,FALSE
108,0.91,0,0.5,1.0,1,1,263,705,0.479,0.233,str('intersection'),0.068,TRUE
109,0.91,0,0.5,1.0,1,1,4781,3312,0.75,0.975,str('kl'),0.035,FALSE
110,0.91,0,0.5,1.0,1,1,2993,1840,0.21,0.353,str('kl'),0.017,TRUE
111,0.91,0,0.5,1.0,1,1,1885,4134,0.559,0.594,str('intersection'),0.095,FALSE
112,0.91,1,0.5,0.7686217868402409,0,2,1895,218,0.489,0.287,str('kl'),0.055,TRUE
113,0.91,0,0.5,1.0,1,1,2983,2630,0.779,0.545,str('intersection'),0.065,FALSE
114,0.91,0,0.5,1.0,1,1,4791,2212,0.197,0.16,str('intersection'),0.081,TRUE
115,0.91,0,0.5,1.0,1,1,254,4936,0.534,0.917,str('kl'),0.025,FALSE
116,0.91,0,0.5,1.0,1,1,1164,1499,0.963,0.751,str('kl'),0.042,TRUE
117,0.91,0,0.5,1.0,1,1,3792,3775,0.298,0.011,str('intersection'),0.075,FALSE
118,0.91,0,0.5,1.0,1,1,3435,1067,0.725,0.629,str('intersection'),0.093,TRUE
119,0.91,0,0.5,1.0,1,1,1688,3655,0.013,0.387,str('kl'),0.015,FALSE
120,0.91,0,0.5,1.0,1,1,1533,2177,0.687,0.072,str('intersection'),0.032,TRUE
121,0.91,0,0.5,1.0,1,1,3590,4433,0.084,0.812,str('kl'),0.087,FALSE
122,0.91,0,0.5,1.0,1,1,4262,417,0.878,0.452,str('kl'),0.058,TRUE
123,0.91,0,0.5,1.0,1,1,694,2985,0.353,0.694,str('intersection'),0.048,FALSE
124,0.91,0,0.5,1.0,1,1,409,798,0.143,0.609,str('intersection'),0.019,TRUE
125,0.91,0,0.5,1.0,1,1,4636,3229,0.62,0.351,str('kl'),0.097,FALSE
126,0.91,0,0.5,1.0,1,1,2513,1620,0.42,0.977,str('kl'),0.071,TRUE
127,0.91,0,0.5,1.0,1,1,2365,4364,0.819,0.22,str('intersection'),0.038,FALSE
128,0.91,0,0.5,1.0,1,1,2259,1770,0.113,0.684,str('kl'),0.096,FALSE
129,0.91,0,0.5,1.0,1,1,2699,4200,0.649,0.427,str('intersection'),0.016,TRUE
130,0.91,1,0.5,0.7686217868402409,0,2,4529,639,0.328,0.807,str('intersection'),0.034,FALSE
131,0.91,0,0.5,1.0,1,1,595,3382,0.911,0.05,str('kl'),0.069,TRUE
132,0.91,0,0.5,1.0,1,1,802,571,0.591,0.153,str('kl'),0.086,FALSE
133,0.91,0,0.5,1.0,1,1,4078,2826,0.18,0.893,str('intersection'),0.029,TRUE
134,0.91,0,0.5,1.0,1,1,3698,2013,0.844,0.279,str('intersection'),0.044,FALSE
135,0.91,0,0.5,1.0,1,1,1348,4581,0.386,0.521,str('kl'),0.056,TRUE
136,0.91,0,0.5,1.0,1,1,1816,1231,0.804,0.954,str('intersection'),0.073,FALSE
137,0.91,0,0.5,1.0,1,1,3230,3506,0.456,0.213,str('kl'),0.038,TRUE
138,0.91,0,0.5,1.0,1,1,3920,1346,0.504,0.585,str('kl'),0.012,FALSE
139,0.91,0,0.5,1.0,1,1,959,3933,0.233,0.344,str('intersection'),0.092,TRUE
140,0.91,0,0.5,1.0,1,1,127,2371,0.272,0.49,str('intersection'),0.063,FALSE
141,0.91,0,0.5,1.0,1,1,4997,4782,0.995,0.748,str('kl'),0.051,TRUE
142,0.91,1,0.5,0.7686217868402409,0,2,2856,69,0.042,0.11,str('kl'),0.022,FALSE
143,0.91,0,0.5,1.0,1,1,2101,2793,0.688,0.867,str('intersection'),0.079,TRUE
144,0.91,0,0.5,1.0,1,1,2138,2311,0.898,0.502,str('kl'),0.089,FALSE
145,0.91,0,0.5,1.0,1,1,2906,4918,0.362,0.26,str('intersection'),0.01,TRUE
146,0.91,0,0.5,1.0,1,1,4868,244,0.661,0.879,str('intersection'),0.04,FALSE
147,0.91,0,0.5,1.0,1,1,11,2538,0.078,0.137,str('kl'),0.075,TRUE
148,0.91,0,0.5,1.0,1,1,1092,976,0.429,0.038,str('kl'),0.08,FALSE
149,0.91,0,0.5,1.0,1,1,4030,3680,0.84,0.794,str('intersection'),0.023,TRUE
150,0.91,0,0.5,1.0,1,1,3197,1482,0.136,0.41,str('intersection'),0.05,FALSE
151,0.91,0,0.5,1.0,1,1,1760,3873,0.594,0.667,str('kl'),0.062,TRUE
152,0.91,0,0.5,1.0,1,1,1290,357,0.208,0.858,str('intersection'),0.067,FALSE
153,0.91,0,0.5,1.0,1,1,3667,3120,0.556,0.102,str('kl'),0.033,TRUE
154,0.91,0,0.5,1.0,1,1,4185,2034,0.484,0.727,str('kl'),0.017,FALSE
155,0.91,0,0.5,1.0,1,1,937,4485,0.755,0.47,str('intersection'),0.097,TRUE
156,0.91,0,0.5,1.0,1,1,481,1673,0.748,0.321,str('intersection'),0.058,FALSE
157,0.91,0,0.5,1.0,1,1,4398,4221,0.024,0.563,str('kl'),0.046,TRUE
158,0.91,0,0.5,1.0,1,1,2751,934,0.938,0.202,str('kl'),0.027,FALSE
159,0.91,0,0.5,1.0,1,1,2293,3169,0.293,0.943,str('intersection'),0.084,TRUE
160,0.91,0,0.5,1.0,1,1,2499,779,0.53,0.402,str('kl'),0.049,TRUE
161,0.91,0,0.5,1.0,1,1,2625,3328,0.24,0.644,str('intersection'),0.059,FALSE
162,0.91,0,0.5,1.0,1,1,4604,1836,0.784,0.029,str('intersection'),0.087,TRUE
163,0.91,0,0.5,1.0,1,1,354,4073,0.447,0.77,str('kl'),0.031,FALSE
164,0.91,0,0.5,1.0,1,1,733,1885,0.049,0.933,str('kl'),0.036,TRUE
165,0.91,0,0.5,1.0,1,1,4313,4649,0.714,0.177,str('intersection'),0.069,FALSE
166,0.91,0,0.5,1.0,1,1,3462,516,0.263,0.557,str('intersection'),0.099,TRUE
167,0.91,0,0.5,1.0,1,1,1418,2967,0.975,0.3,str('kl'),0.021,FALSE
168,0.91,1,0.5,0.7686217868402409,0,2,1575,1322,0.332,0.241,str('intersection'),0.027,TRUE
169,0.91,0,0.5,1.0,1,1,3304,4027,0.935,0.997,str('kl'),0.082,FALSE
170,0.91,0,0.5,1.0,1,1,3845,1125,0.102,0.36,str('kl'),0.064,TRUE
171,0.91,0,0.5,1.0,1,1,1200,3517,0.627,0.617,str('intersection'),0.053,FALSE
172,0.91,2,0.5,0.6332742086579153,0,3,196,80,0.868,0.704,str('intersection'),0.014,TRUE
173,0.91,0,0.5,1.0,1,1,4761,2687,0.391,0.463,str('kl'),0.092,FALSE
174,0.91,0,0.5,1.0,1,1,3092,2465,0.568,0.835,str('kl'),0.076,TRUE
175,0.91,0,0.5,1.0,1,1,2032,4760,0.169,0.094,str('intersection'),0.043,FALSE
176,0.91,0,0.5,1.0,1,1,1958,1440,0.615,0.99,str('intersection'),0.019,FALSE
177,0.91,0,0.5,1.0,1,1,3078,3831,0.156,0.249,str('kl'),0.099,TRUE
178,0.91,0,0.5,1.0,1,1,4697,1008,0.821,0.61,str('kl'),0.071,FALSE
179,0.91,0,0.5,1.0,1,1,192,3712,0.41,0.368,str('intersection'),0.037,TRUE
180,0.91,0,0.5,1.0,1,1,1225,276,0.09,0.455,str('intersection'),0.032,FALSE
181,0.91,0,0.5,1.0,1,1,3889,2569,0.673,0.712,str('kl'),0.089,TRUE
182,0.91,0,0.5,1.0,1,1,3339,2270,0.352,0.087,str('kl'),0.059,FALSE
183,0.91,0,0.5,1.0,1,1,1628,4876,0.887,0.843,str('intersection'),0.047,TRUE
184,0.91,0,0.5,1.0,1,1,1471,897,0.312,0.651,str('kl'),0.041,FALSE
185,0.91,0,0.5,1.0,1,1,3496,3132,0.957,0.394,str('intersection'),0.076,TRUE
186,0.91,0,0.5,1.0,1,1,4357,1720,0.004,0.778,str('intersection'),0.094,FALSE
187,0.91,0,0.5,1.0,1,1,757,4267,0.727,0.022,str('kl'),0.015,TRUE
188,0.91,0,0.5,1.0,1,1,350,2081,0.766,0.185,str('kl'),0.054,FALSE
189,0.91,0,0.5,1.0,1,1,4540,4531,0.495,0.926,str('intersection'),0.066,TRUE
190,0.91,0,0.5,1.0,1,1,2610,321,0.544,0.308,str('intersection'),0.082,FALSE
191,0.91,0,0.5,1.0,1,1,2426,3084,0.195,0.55,str('kl'),0.025,TRUE
192,0.91,0,0.5,1.0,1,1,2318,474,0.986,0.109,str('intersection'),0.063,TRUE
193,0.91,0,0.5,1.0,1,1,2795,2925,0.274,0.85,str('kl'),0.052,FALSE
194,0.91,0,0.5,1.0,1,1,4432,1917,0.701,0.478,str('kl'),0.022,TRUE
195,0.91,0,0.5,1.0,1,1,534,4680,0.037,0.72,str('intersection'),0.078,FALSE
196,0.91,0,0.5,1.0,1,1,864,1868,0.465,0.571,str('intersection'),0.072,TRUE
197,0.91,0,0.5,1.0,1,1,4171,4104,0.803,0.314,str('kl'),0.039,FALSE
198,0.91,0,0.5,1.0,1,1,3603,738,0.22,0.951,str('kl'),0.012,TRUE
199,0.91,0,0.5,1.0,1,1,1285,3287,0.51,0.195,str('intersection'),0.09,FALSE
200,0.91,0,0.5,1.0,1,1,1755,2428,0.181,0.253,str('kl'),0.085,TRUE
201,0.91,0,0.5,1.0,1,1,3133,4723,0.581,0.51,str('intersection'),0.029,FALSE
202,0.91,1,0.5,0.7686217868402409,0,2,4016,126,0.38,0.13,str('intersection'),0.045,TRUE
203,0.91,0,0.5,1.0,1,1,1019,2734,0.858,0.886,str('kl'),0.055,FALSE
204,0.91,0,0.5,1.0,1,1,64,1171,0.647,0.786,str('kl'),0.095,TRUE
205,0.91,1,0.5,0.7686217868402409,0,2,4902,3563,0.123,0.045,str('intersection'),0.016,FALSE
206,0.91,0,0.5,1.0,1,1,2950,1286,0.916,0.66,str('intersection'),0.035,TRUE
207,0.91,0,0.5,1.0,1,1,2163,3991,0.314,0.418,str('kl'),0.068,FALSE
208,0.91,0,0.5,1.0,1,1,2037,1036,0.026,0.205,str('intersection'),0.057,TRUE
209,0.91,0,0.5,1.0,1,1,2852,3624,0.737,0.962,str('kl'),0.046,FALSE
210,0.91,0,0.5,1.0,1,1,4923,1541,0.287,0.336,str('kl'),0.028,TRUE
211,0.91,0,0.5,1.0,1,1,113,3816,0.952,0.593,str('intersection'),0.084,FALSE
212,0.91,0,0.5,1.0,1,1,994,2254,0.554,0.74,str('intersection'),0.066,TRUE
213,0.91,0,0.5,1.0,1,1,3973,4978,0.217,0.498,str('kl'),0.033,FALSE
214,0.91,1,0.5,0.7686217868402409,0,2,3255,186,0.761,0.859,str('kl'),0.018,TRUE
215,0.91,1,0.5,0.7686217868402409,0,2,1859,2598,0.47,0.118,str('intersection'),0.096,FALSE
216,0.91,0,0.5,1.0,1,1,1392,1574,0.83,0.435,str('kl'),0.08,TRUE
217,0.91,0,0.5,1.0,1,1,3722,4318,0.43,0.676,str('intersection'),0.024,FALSE
218,0.91,0,0.5,1.0,1,1,4131,834,0.608,0.058,str('intersection'),0.05,TRUE
219,0.91,0,0.5,1.0,1,1,837,3266,0.13,0.799,str('kl'),0.061,FALSE
220,0.91,0,0.5,1.0,1,1,580,453,0.372,0.901,str('kl'),0.089,TRUE
221,0.91,0,0.5,1.0,1,1,4456,3022,0.896,0.144,str('intersection'),0.011,FALSE
222,0.91,0,0.5,1.0,1,1,2694,2130,0.064,0.529,str('intersection'),0.041,TRUE
223,0.91,0,0.5,1.0,1,1,2195,4386,0.666,0.271,str('kl'),0.074,FALSE
224,0.91,0,0.5,1.0,1,1,2386,4540,0.067,0.436,str('intersection'),0.065,TRUE
225,0.91,0,0.5,1.0,1,1,2400,1982,0.405,0.821,str('intersection'),0.013,FALSE
226,0.91,0,0.5,1.0,1,1,2566,4549,0.863,0.064,str('kl'),0.093,TRUE
227,0.91,0,0.5,1.0,1,1,4660,612,0.159,0.702,str('kl'),0.077,FALSE
228,0.91,0,0.5,1.0,1,1,452,2867,0.571,0.444,str('intersection'),0.043,TRUE
229,0.91,1,0.5,0.7686217868402409,0,2,630,681,0.921,0.359,str('intersection'),0.026,FALSE
230,0.91,1,0.5,0.7686217868402409,0,2,4258,3424,0.339,0.601,str('kl'),0.082,TRUE
231,0.91,1,0.5,0.7686217868402409,0,2,3516,1738,0.637,0.228,str('kl'),0.065,FALSE
232,0.91,0,0.5,1.0,1,1,1518,4168,0.101,0.969,str('intersection'),0.053,TRUE
233,0.91,0,0.5,1.0,1,1,3361,2747,0.063,0.295,str('intersection'),0.07,TRUE
234,0.91,0,0.5,1.0,1,1,3788,2408,0.977,0.909,str('intersection'),0.099,FALSE
235,0.91,0,0.5,1.0,1,1,1100,4819,0.254,0.169,str('kl'),0.02,TRUE
236,0.91,0,0.5,1.0,1,1,297,1383,0.246,0.003,str('kl'),0.048,FALSE
237,0.91,0,0.5,1.0,1,1,4815,3970,0.517,0.76,str('intersection'),0.06,TRUE
238,0.91,0,0.5,1.0,1,1,3036,1185,0.445,0.379,str('intersection'),0.087,FALSE
239,0.91,0,0.5,1.0,1,1,1930,3459,0.794,0.637,str('kl'),0.03,TRUE
240,0.91,0,0.5,1.0,1,1,2833,1026,0.795,0.297,str('kl'),0.096,TRUE
241,0.91,0,0.5,1.0,1,1,2046,3633,0.442,0.539,str('intersection'),0.018,FALSE
242,0.91,0,0.5,1.0,1,1,1919,1175,0.734,0.12,str('kl'),0.07,FALSE
243,0.91,0,0.5,1.0,1,1,3039,3469,0.027,0.861,str('intersection'),0.036,TRUE
244,0.91,0,0.5,1.0,1,1,4815,1373,0.948,0.496,str('intersection'),0.02,FALSE
245,0.91,0,0.5,1.0,1,1,309,3979,0.288,0.738,str('kl'),0.1,TRUE
246,0.91,0,0.5,1.0,1,1,1108,2417,0.217,0.591,str('kl'),0.061,FALSE
247,0.91,0,0.5,1.0,1,1,3772,4809,0.551,0.334,str('intersection'),0.049,TRUE
248,0.91,0,0.5,1.0,1,1,1668,2737,0.758,0.207,str('kl'),0.087,TRUE
249,0.91,0,0.5,1.0,1,1,1510,1728,0.433,0.273,str('intersection'),0.092,FALSE
250,0.91,0,0.5,1.0,1,1,3535,4178,0.829,0.53,str('kl'),0.013,TRUE
251,0.91,0,0.5,1.0,1,1,4239,671,0.133,0.142,str('kl'),0.043,FALSE
252,0.91,0,0.5,1.0,1,1,640,3434,0.607,0.899,str('intersection'),0.077,TRUE
253,0.91,0,0.5,1.0,1,1,467,622,0.895,0.797,str('intersection'),0.083,FALSE
254,0.91,0,0.5,1.0,1,1,4657,2858,0.375,0.056,str('kl'),0.026,TRUE
255,0.91,0,0.5,1.0,1,1,2571,1992,0.665,0.678,str('kl'),0.053,FALSE
256,0.91,0,0.5,1.0,1,1,2811,484,0.193,0.392,str('kl'),0.09,TRUE
257,0.91,0,0.5,1.0,1,1,2312,2915,0.546,0.649,str('intersection'),0.012,FALSE
258,0.91,0,0.5,1.0,1,1,2201,2140,0.866,0.971,str('kl'),0.024,TRUE
259,0.91,0,0.5,1.0,1,1,2678,4376,0.404,0.23,str('intersection'),0.079,FALSE
260,0.91,0,0.5,1.0,1,1,4471,463,0.574,0.599,str('intersection'),0.061,TRUE
261,0.91,0,0.5,1.0,1,1,573,3012,0.159,0.357,str('kl'),0.05,FALSE
262,0.91,0,0.5,1.0,1,1,825,824,0.338,0.442,str('kl'),0.011,TRUE
263,0.91,0,0.5,1.0,1,1,4132,3275,0.925,0.7,str('intersection'),0.089,FALSE
264,0.91,0,0.5,1.0,1,1,3720,1564,0.1,0.066,str('intersection'),0.073,TRUE
265,0.91,0,0.5,1.0,1,1,1402,4328,0.64,0.823,str('kl'),0.04,FALSE
266,0.91,1,0.5,0.7686217868402409,0,2,1872,196,0.06,0.639,str('intersection'),0.046,TRUE
267,0.91,0,0.5,1.0,1,1,3250,2588,0.709,0.381,str('kl'),0.057,FALSE
268,0.91,0,0.5,1.0,1,1,3977,2263,0.251,0.758,str('kl'),0.084,TRUE
269,0.91,0,0.5,1.0,1,1,980,4969,0.978,0.001,str('intersection'),0.028,FALSE
270,0.91,0,0.5,1.0,1,1,103,1531,0.518,0.167,str('intersection'),0.033,TRUE
271,0.91,0,0.5,1.0,1,1,4941,3826,0.243,0.907,str('kl'),0.066,FALSE
272,0.91,0,0.5,1.0,1,1,3076,1430,0.316,0.508,str('kl'),0.047,FALSE
273,0.91,0,0.5,1.0,1,1,1969,3841,0.914,0.251,str('intersection'),0.059,TRUE
274,0.91,0,0.5,1.0,1,1,2155,1276,0.153,0.841,str('kl'),0.029,TRUE
275,0.91,0,0.5,1.0,1,1,2969,4001,0.615,0.085,str('intersection'),0.085,FALSE
276,0.91,0,0.5,1.0,1,1,4884,1161,0.407,0.714,str('intersection'),0.056,TRUE
277,0.91,0,0.5,1.0,1,1,74,3573,0.822,0.457,str('kl'),0.045,FALSE
278,0.91,2,0.5,0.6332742086579153,0,3,1033,136,0.674,0.37,str('kl'),0.017,TRUE
279,0.91,1,0.5,0.7686217868402409,0,2,4013,2724,0.087,0.611,str('intersection'),0.095,FALSE
280,0.91,0,0.5,1.0,1,1,3138,2438,0.888,0.247,str('intersection'),0.068,TRUE
281,0.91,0,0.5,1.0,1,1,1742,4713,0.348,0.988,str('kl'),0.035,FALSE
282,0.91,0,0.5,1.0,1,1,1274,728,0.959,0.548,str('intersection'),0.052,TRUE
283,0.91,1,0.5,0.7686217868402409,0,2,3605,3297,0.31,0.306,str('kl'),0.062,FALSE
284,0.91,1,0.5,0.7686217868402409,0,2,4170,1858,0.729,0.928,str('kl'),0.078,TRUE
285,0.91,0,0.5,1.0,1,1,876,4114,0.002,0.187,str('intersection'),0.022,FALSE
286,0.91,0,0.5,1.0,1,1,541,1926,0.493,0.024,str('intersection'),0.039,TRUE
287,0.91,0,0.5,1.0,1,1,4417,4671,0.768,0.78,str('kl'),0.073,FALSE
288,0.91,0,0.5,1.0,1,1,2630,769,0.29,0.1,str('intersection'),0.021,TRUE
289,0.91,0,0.5,1.0,1,1,2482,3338,0.939,0.856,str('kl'),0.099,FALSE
290,0.91,0,0.5,1.0,1,1,2439,331,0.278,0.193,str('kl'),0.075,FALSE
291,0.91,0,0.5,1.0,1,1,2606,3074,0.985,0.949,str('intersection'),0.041,TRUE
292,0.91,0,0.5,1.0,1,1,4543,2090,0.04,0.316,str('intersection'),0.015,FALSE
293,0.91,0,0.5,1.0,1,1,335,4521,0.7,0.573,str('kl'),0.094,TRUE
294,0.91,0,0.5,1.0,1,1,748,1710,0.802,0.722,str('kl'),0.066,FALSE
295,0.91,0,0.5,1.0,1,1,4375,4277,0.468,0.48,str('intersection'),0.054,TRUE
296,0.91,0,0.5,1.0,1,1,3477,887,0.51,0.848,str('intersection'),0.024,FALSE
297,0.91,0,0.5,1.0,1,1,1479,3142,0.223,0.107,str('kl'),0.081,TRUE
298,0.91,0,0.5,1.0,1,1,1634,2280,0.579,0.416,str('intersection'),0.098,FALSE
299,0.91,0,0.5,1.0,1,1,3322,4867,0.183,0.658,str('kl'),0.019,TRUE
300,0.91,0,0.5,1.0,1,1,3905,285,0.856,0.047,str('kl'),0.037,FALSE
301,0.91,0,0.5,1.0,1,1,1218,2560,0.382,0.788,str('intersection'),0.071,TRUE
302,0.91,0,0.5,1.0,1,1,180,998,0.125,0.888,str('intersection'),0.089,FALSE
303,0.91,0,0.5,1.0,1,1,4698,3722,0.645,0.132,str('kl'),0.032,TRUE
304,0.91,0,0.5,1.0,1,1,2896,2321,0.172,0.995,str('intersection'),0.062,FALSE
305,0.91,0,0.5,1.0,1,1,2140,4908,0.568,0.239,str('kl'),0.05,TRUE
306,0.91,0,0.5,1.0,1,1,2012,2474,0.361,0.665,str('intersection'),0.082,TRUE
307,0.91,0,0.5,1.0,1,1,3100,4750,0.901,0.408,str('kl'),0.027,FALSE
308,0.91,1,0.5,0.7686217868402409,0,2,4752,89,0.076,0.796,str('kl'),0.053,TRUE
309,0.91,0,0.5,1.0,1,1,215,2677,0.663,0.04,str('intersection'),0.063,FALSE
310,0.91,0,0.5,1.0,1,1,1203,1115,0.842,0.139,str('intersection'),0.092,TRUE
311,0.91,0,0.5,1.0,1,1,3831,3527,0.427,0.881,str('kl'),0.014,FALSE
312,0.91,0,0.5,1.0,1,1,3318,1312,0.597,0.259,str('kl'),0.043,TRUE
313,0.91,0,0.5,1.0,1,1,1570,4037,0.135,0.5,str('intersection'),0.076,FALSE
314,0.91,0,0.5,1.0,1,1,1415,525,0.557,0.941,str('kl'),0.059,TRUE
315,0.91,0,0.5,1.0,1,1,3473,2957,0.204,0.2,str('intersection'),0.049,FALSE
316,0.91,0,0.5,1.0,1,1,4301,1895,0.755,0.565,str('intersection'),0.031,TRUE
317,0.91,0,0.5,1.0,1,1,733,4639,0.481,0.323,str('kl'),0.086,FALSE
318,0.91,0,0.5,1.0,1,1,370,1826,0.021,0.472,str('kl'),0.069,TRUE
319,0.91,0,0.5,1.0,1,1,4596,4082,0.748,0.729,str('intersection'),0.036,FALSE
320,0.91,0,0.5,1.0,1,1,2712,1760,0.816,0.814,str('intersection'),0.056,FALSE
321,0.91,0,0.5,1.0,1,1,2254,4210,0.421,0.074,str('kl'),0.044,TRUE
322,0.91,0,0.5,1.0,1,1,2298,924,0.242,0.298,str('intersection'),0.033,FALSE
323,0.91,0,0.5,1.0,1,1,2738,3179,0.528,0.555,str('kl'),0.068,TRUE
324,0.91,0,0.5,1.0,1,1,4412,1663,0.448,0.179,str('kl'),0.097,FALSE
325,0.91,0,0.5,1.0,1,1,477,4231,0.781,0.935,str('intersection'),0.017,TRUE
326,0.91,0,0.5,1.0,1,1,919,2044,0.711,0.772,str('intersection'),0.046,FALSE
327,0.91,0,0.5,1.0,1,1,4195,4475,0.05,0.031,str('kl'),0.058,TRUE
328,0.91,0,0.5,1.0,1,1,3658,367,0.972,0.642,str('kl'),0.084,FALSE
329,0.91,0,0.5,1.0,1,1,1309,3110,0.265,0.4,str('intersection'),0.027,TRUE
330,0.91,0,0.5,1.0,1,1,1777,1472,0.935,0.092,str('kl'),0.01,FALSE
331,0.91,0,0.5,1.0,1,1,3191,3883,0.336,0.833,str('intersection'),0.09,TRUE
332,0.91,0,0.5,1.0,1,1,4037,966,0.627,0.465,str('intersection'),0.074,FALSE
333,0.91,0,0.5,1.0,1,1,1077,3690,0.106,0.706,str('kl'),0.04,TRUE
334,0.91,0,0.5,1.0,1,1,10,254,0.395,0.619,str('kl'),0.023,FALSE
335,0.91,0,0.5,1.0,1,1,4880,2528,0.868,0.362,str('intersection'),0.08,TRUE
336,0.91,1,0.5,0.7686217868402409,0,2,2975,228,0.691,0.215,str('intersection'),0.015,TRUE
337,0.91,0,0.5,1.0,1,1,1915,2620,0.042,0.956,str('kl'),0.093,FALSE
338,0.91,1,0.5,0.7686217868402409,0,2,2099,79,0.778,0.389,str('intersection'),0.038,FALSE
339,0.91,0,0.5,1.0,1,1,2867,2783,0.492,0.631,str('kl'),0.073,TRUE
340,0.91,0,0.5,1.0,1,1,4985,2381,0.532,0.009,str('kl'),0.091,FALSE
341,0.91,0,0.5,1.0,1,1,128,4773,0.199,0.75,str('intersection'),0.012,TRUE
342,0.91,0,0.5,1.0,1,1,975,1336,0.3,0.915,str('intersection'),0.051,FALSE
343,0.91,0,0.5,1.0,1,1,3913,3942,0.961,0.158,str('kl'),0.063,TRUE
344,0.91,0,0.5,1.0,1,1,3236,1222,0.016,0.547,str('kl'),0.079,FALSE
345,0.91,0,0.5,1.0,1,1,1799,3516,0.724,0.289,str('intersection'),0.022,TRUE
346,0.91,0,0.5,1.0,1,1,1329,2023,0.085,0.222,str('kl'),0.016,FALSE
347,0.91,1,0.5,0.7686217868402409,0,2,3706,4571,0.684,0.979,str('intersection'),0.096,TRUE
348,0.91,0,0.5,1.0,1,1,4068,581,0.354,0.349,str('intersection'),0.069,FALSE
349,0.91,0,0.5,1.0,1,1,820,2816,0.875,0.607,str('kl'),0.034,TRUE
350,0.91,0,0.5,1.0,1,1,598,630,0.617,0.692,str('kl'),0.029,FALSE
351,0.91,0,0.5,1.0,1,1,4515,3392,0.144,0.45,str('intersection'),0.086,TRUE
352,0.91,1,0.5,0.7686217868402409,0,2,2537,145,0.929,0.588,str('intersection'),0.072,TRUE
353,0.91,0,0.5,1.0,1,1,2353,2712,0.331,0.331,str('kl'),0.039,FALSE
354,0.91,0,0.5,1.0,1,1,2382,1610,0.651,0.523,str('intersection'),0.088,TRUE
355,0.91,1,0.5,0.7686217868402409,0,2,2507,4374,0.111,0.281,str('kl'),0.032,FALSE
356,0.91,0,0.5,1.0,1,1,4643,788,0.912,0.891,str('kl'),0.048,TRUE
357,0.91,0,0.5,1.0,1,1,393,3239,0.325,0.151,str('intersection'),0.058,FALSE
358,0.91,0,0.5,1.0,1,1,693,426,0.177,0.048,str('intersection'),0.097,TRUE
359,0.91,0,0.5,1.0,1,1,4274,2975,0.592,0.805,str('kl'),0.019,FALSE
360,0.91,0,0.5,1.0,1,1,3579,2187,0.384,0.429,str('kl'),0.038,TRUE
361,0.91,0,0.5,1.0,1,1,1535,4423,0.846,0.686,str('intersection'),0.071,FALSE
362,0.91,0,0.5,1.0,1,1,1692,1057,0.455,0.869,str('kl'),0.065,TRUE
363,0.91,0,0.5,1.0,1,1,3422,3665,0.808,0.112,str('intersection'),0.055,FALSE
364,0.91,0,0.5,1.0,1,1,3807,1490,0.233,0.746,str('intersection'),0.025,TRUE
365,0.91,0,0.5,1.0,1,1,1161,3785,0.507,0.488,str('kl'),0.08,FALSE
366,0.91,0,0.5,1.0,1,1,236,2222,0.999,0.342,str('kl'),0.075,TRUE
367,0.91,0,0.5,1.0,1,1,4800,4927,0.271,0.584,str('intersection'),0.042,FALSE
368,0.91,0,0.5,1.0,1,1,2877,1696,0.562,0.441,str('intersection'),0.031,FALSE
369,0.91,0,0.5,1.0,1,1,2089,4284,0.209,0.698,str('kl'),0.088,TRUE
370,0.91,0,0.5,1.0,1,1,1885,1850,0.969,0.148,str('intersection'),0.045,TRUE
371,0.91,0,0.5,1.0,1,1,3004,4124,0.261,0.904,str('kl'),0.055,FALSE
372,0.91,0,0.5,1.0,1,1,4771,715,0.715,0.267,str('kl'),0.085,TRUE
373,0.91,0,0.5,1.0,1,1,265,3302,0.055,0.524,str('intersection'),0.029,FALSE
374,0.91,0,0.5,1.0,1,1,1151,490,0.452,0.673,str('intersection'),0.035,TRUE
375,0.91,0,0.5,1.0,1,1,3816,2901,0.786,0.431,str('kl'),0.068,FALSE
376,0.91,0,0.5,1.0,1,1,3412,1938,0.238,0.804,str('kl'),0.095,TRUE
377,0.91,0,0.5,1.0,1,1,1702,4662,0.525,0.062,str('intersection'),0.017,FALSE
378,0.91,0,0.5,1.0,1,1,1545,1151,0.167,0.496,str('kl'),0.023,TRUE
379,0.91,0,0.5,1.0,1,1,3569,3581,0.563,0.738,str('intersection'),0.078,FALSE
380,0.91,0,0.5,1.0,1,1,4284,1271,0.397,0.123,str('intersection'),0.062,TRUE
381,0.91,0,0.5,1.0,1,1,684,4014,0.871,0.864,str('kl'),0.052,FALSE
382,0.91,0,0.5,1.0,1,1,422,2452,0.629,0.964,str('kl'),0.013,TRUE
383,0.91,0,0.5,1.0,1,1,4613,4706,0.109,0.208,str('intersection'),0.091,FALSE
384,0.91,0,0.5,1.0,1,1,2767,2384,0.457,0.373,str('intersection'),0.026,FALSE
385,0.91,0,0.5,1.0,1,1,2268,4835,0.81,0.615,str('kl'),0.083,TRUE
386,0.91,0,0.5,1.0,1,1,2244,298,0.6,0.765,str('intersection'),0.094,FALSE
387,0.91,0,0.5,1.0,1,1,2722,2554,0.138,0.009,str('kl'),0.015,TRUE
388,0.91,0,0.5,1.0,1,1,4505,2288,0.838,0.634,str('kl'),0.041,FALSE
389,0.91,0,0.5,1.0,1,1,608,4856,0.423,0.377,str('intersection'),0.076,TRUE
390,0.91,0,0.5,1.0,1,1,791,1419,0.072,0.29,str('intersection'),0.081,FALSE
391,0.91,0,0.5,1.0,1,1,4097,3850,0.659,0.531,str('kl'),0.024,TRUE
392,0.91,0,0.5,1.0,1,1,3676,992,0.365,0.171,str('kl'),0.054,FALSE
393,0.91,0,0.5,1.0,1,1,1358,3736,0.904,0.912,str('intersection'),0.066,TRUE
394,0.91,0,0.5,1.0,1,1,1828,2096,0.295,0.596,str('kl'),0.072,FALSE
395,0.91,0,0.5,1.0,1,1,3206,4508,0.944,0.355,str('intersection'),0.037,TRUE
396,0.91,0,0.5,1.0,1,1,3942,341,0.018,0.973,str('intersection'),0.019,FALSE
397,0.91,0,0.5,1.0,1,1,946,3066,0.745,0.232,str('kl'),0.098,TRUE
398,0.91,0,0.5,1.0,1,1,138,878,0.753,0.069,str('kl'),0.059,FALSE
399,0.91,0,0.5,1.0,1,1,4975,3153,0.478,0.825,str('intersection'),0.047,TRUE
400,0.91,0,0.5,1.0,1,1,4742,4301,0.88,0.105,str('intersection'),0.096,FALSE
401,0.91,0,0.5,1.0,1,1,3110,853,0.083,0.723,str('intersection'),0.067,TRUE
402,0.91,0,0.5,1.0,1,1,2003,3244,0.681,0.481,str('kl'),0.034,FALSE
403,0.91,0,0.5,1.0,1,1,2111,704,0.388,0.922,str('intersection'),0.1,FALSE
404,0.91,0,0.5,1.0,1,1,2925,3409,0.85,0.182,str('kl'),0.02,TRUE
405,0.91,0,0.5,1.0,1,1,4850,1755,0.174,0.554,str('kl'),0.035,FALSE
406,0.91,0,0.5,1.0,1,1,39,4148,0.589,0.312,str('intersection'),0.07,TRUE
407,0.91,0,0.5,1.0,1,1,1067,1961,0.908,0.397,str('intersection'),0.087,FALSE
408,0.91,0,0.5,1.0,1,1,4047,4568,0.322,0.655,str('kl'),0.03,TRUE
409,0.91,0,0.5,1.0,1,1,3181,596,0.655,0.017,str('kl'),0.048,FALSE
410,0.91,0,0.5,1.0,1,1,1786,2891,0.115,0.774,str('intersection'),0.06,TRUE
411,0.91,0,0.5,1.0,1,1,1319,1398,0.693,0.715,str('kl'),0.077,FALSE
412,0.91,0,0.5,1.0,1,1,3649,3947,0.044,0.457,str('intersection'),0.043,TRUE
413,0.91,0,0.5,1.0,1,1,4204,1205,0.993,0.838,str('intersection'),0.013,FALSE
414,0.91,0,0.5,1.0,1,1,910,3441,0.266,0.081,str('kl'),0.093,TRUE
415,0.91,0,0.5,1.0,1,1,4383,2768,0.502,0.987,str('intersection'),0.052,TRUE
416,0.91,0,0.5,1.0,1,1,4553,3483,0.983,0.507,str('kl'),0.056,TRUE
417,0.91,0,0.5,1.0,1,1,2596,1366,0.057,0.135,str('kl'),0.085,FALSE
418,0.91,0,0.5,1.0,1,1,2448,3915,0.706,0.876,str('intersection'),0.028,TRUE
419,0.91,0,0.5,1.0,1,1,2473,2236,0.012,0.04,str('intersection'),0.051,TRUE
420,0.91,0,0.5,1.0,1,1,2640,4998,0.719,0.781,str('kl'),0.061,FALSE
421,0.91,1,0.5,0.7686217868402409,0,2,4587,163,0.304,0.42,str('kl'),0.079,TRUE
422,0.91,0,0.5,1.0,1,1,379,2613,0.964,0.662,str('intersection'),0.023,FALSE
423,0.91,0,0.5,1.0,1,1,704,1052,0.536,0.515,str('intersection'),0.041,TRUE
424,0.91,0,0.5,1.0,1,1,4331,3600,0.202,0.258,str('kl'),0.074,FALSE
425,0.91,0,0.5,1.0,1,1,3443,1562,0.774,0.884,str('kl'),0.089,TRUE
426,0.91,0,0.5,1.0,1,1,1445,3797,0.487,0.127,str('intersection'),0.011,FALSE
427,0.91,0,0.5,1.0,1,1,1600,433,0.814,0.318,str('kl'),0.028,TRUE
428,0.91,0,0.5,1.0,1,1,3288,3040,0.418,0.575,str('intersection'),0.083,FALSE
429,0.91,1,0.5,0.7686217868402409,0,2,3861,2115,0.623,0.191,str('intersection'),0.057,TRUE
430,0.91,0,0.5,1.0,1,1,1174,4409,0.149,0.948,str('kl'),0.046,FALSE
431,0.91,0,0.5,1.0,1,1,224,1598,0.36,0.846,str('kl'),0.018,TRUE
432,0.91,0,0.5,1.0,1,1,4913,4450,0.602,0.405,str('kl'),0.016,FALSE
433,0.91,0,0.5,1.0,1,1,2940,401,0.437,0.766,str('kl'),0.042,TRUE
434,0.91,0,0.5,1.0,1,1,2184,3008,0.832,0.025,str('intersection'),0.075,FALSE
435,0.91,0,0.5,1.0,1,1,1978,550,0.095,0.567,str('kl'),0.011,FALSE
436,0.91,0,0.5,1.0,1,1,3066,2845,0.635,0.326,str('intersection'),0.091,TRUE
437,0.91,0,0.5,1.0,1,1,4708,1997,0.34,0.94,str('intersection'),0.073,FALSE
438,0.91,1,0.5,0.7686217868402409,0,2,170,4605,0.927,0.199,str('kl'),0.039,TRUE
439,0.91,0,0.5,1.0,1,1,1247,1792,0.576,0.097,str('kl'),0.022,FALSE
440,0.91,0,0.5,1.0,1,1,3875,4185,0.161,0.854,str('intersection'),0.079,TRUE
441,0.91,0,0.5,1.0,1,1,3351,657,0.861,0.473,str('intersection'),0.063,FALSE
442,0.91,0,0.5,1.0,1,1,1605,3362,0.399,0.731,str('kl'),0.051,TRUE
443,0.91,0,0.5,1.0,1,1,1450,2352,0.791,0.789,str('intersection'),0.034,FALSE
444,0.91,0,0.5,1.0,1,1,3506,4804,0.439,0.032,str('kl'),0.069,TRUE
445,0.91,1,0.5,0.7686217868402409,0,2,4345,45,0.523,0.67,str('kl'),0.095,FALSE
446,0.91,0,0.5,1.0,1,1,777,2809,0.248,0.412,str('intersection'),0.016,TRUE
447,0.91,0,0.5,1.0,1,1,325,1247,0.255,0.266,str('intersection'),0.044,FALSE
448,0.91,0,0.5,1.0,1,1,4481,4045,0.379,0.282,str('kl'),0.021,FALSE
449,0.91,0,0.5,1.0,1,1,2668,1109,0.583,0.919,str('kl'),0.037,TRUE
450,0.91,0,0.5,1.0,1,1,2211,3540,0.188,0.163,str('intersection'),0.07,FALSE
451,0.91,0,0.5,1.0,1,1,2341,1516,0.476,0.465,str('kl'),0.058,TRUE
452,0.91,1,0.5,0.7686217868402409,0,2,2782,3751,0.763,0.707,str('intersection'),0.047,FALSE
453,0.91,1,0.5,0.7686217868402409,0,2,4446,1088,0.215,0.089,str('intersection'),0.032,TRUE
454,0.91,0,0.5,1.0,1,1,512,3636,0.548,0.829,str('kl'),0.088,FALSE
455,0.91,1,0.5,0.7686217868402409,0,2,885,200,0.946,0.995,str('kl'),0.071,TRUE
456,0.91,0,0.5,1.0,1,1,4160,2650,0.285,0.238,str('intersection'),0.038,FALSE
457,0.91,0,0.5,1.0,1,1,3615,2189,0.74,0.623,str('intersection'),0.02,TRUE
458,0.91,0,0.5,1.0,1,1,1265,4952,0.032,0.365,str('kl'),0.098,FALSE
459,0.91,0,0.5,1.0,1,1,1732,821,0.668,0.174,str('intersection'),0.081,TRUE
460,0.91,0,0.5,1.0,1,1,3147,3213,0.07,0.93,str('kl'),0.025,FALSE
461,0.91,0,0.5,1.0,1,1,4003,1639,0.891,0.304,str('kl'),0.055,TRUE
462,0.91,1,0.5,0.7686217868402409,0,2,1043,4343,0.37,0.562,str('intersection'),0.065,FALSE
463,0.91,0,0.5,1.0,1,1,44,2157,0.129,0.647,str('intersection'),0.094,TRUE
464,0.91,0,0.5,1.0,1,1,4844,3097,0.005,0.681,str('kl'),0.062,TRUE
465,0.91,0,0.5,1.0,1,1,3009,2055,0.955,0.055,str('kl'),0.08,FALSE
466,0.91,0,0.5,1.0,1,1,1948,4467,0.306,0.811,str('intersection'),0.023,TRUE
467,0.91,0,0.5,1.0,1,1,2056,1901,0.512,0.347,str('kl'),0.064,TRUE
468,0.91,0,0.5,1.0,1,1,2823,4625,0.226,0.604,str('intersection'),0.053,FALSE
469,0.91,0,0.5,1.0,1,1,4951,537,0.796,0.224,str('intersection'),0.026,TRUE
470,0.91,0,0.5,1.0,1,1,93,2948,0.463,0.98,str('kl'),0.082,FALSE
471,0.91,0,0.5,1.0,1,1,1009,761,0.034,0.817,str('kl'),0.077,TRUE
472,0.91,0,0.5,1.0,1,1,3948,3348,0.695,0.076,str('intersection'),0.044,FALSE
473,0.91,1,0.5,0.7686217868402409,0,2,3280,1814,0.28,0.69,str('intersection'),0.014,TRUE
474,0.91,0,0.5,1.0,1,1,1843,4088,0.988,0.449,str('kl'),0.092,FALSE
475,0.91,2,0.5,0.6332742086579153,0,3,1373,104,0.32,0.016,str('intersection'),0.086,TRUE
476,0.91,0,0.5,1.0,1,1,3750,2671,0.919,0.757,str('kl'),0.031,FALSE
477,0.91,0,0.5,1.0,1,1,4103,2484,0.121,0.385,str('kl'),0.049,TRUE
478,0.91,0,0.5,1.0,1,1,854,4739,0.642,0.627,str('intersection'),0.06,FALSE
479,0.91,0,0.5,1.0,1,1,563,1302,0.852,0.539,str('intersection'),0.099,TRUE
480,0.91,0,0.5,1.0,1,1,4682,3704,0.059,0.942,str('intersection'),0.08,FALSE
481,0.91,0,0.5,1.0,1,1,2545,1451,0.981,0.324,str('intersection'),0.062,TRUE
482,0.91,0,0.5,1.0,1,1,2421,3901,0.257,0.565,str('kl'),0.05,FALSE
483,0.91,0,0.5,1.0,1,1,2416,955,0.886,0.745,str('kl'),0.018,FALSE
484,0.91,0,0.5,1.0,1,1,2542,3699,0.346,0.488,str('intersection'),0.097,TRUE
485,0.91,0,0.5,1.0,1,1,4686,1465,0.679,0.872,str('intersection'),0.067,FALSE
486,0.91,1,0.5,0.7686217868402409,0,2,437,3897,0.092,0.116,str('kl'),0.033,TRUE
487,0.91,0,0.5,1.0,1,1,650,2334,0.412,0.216,str('kl'),0.027,FALSE
488,0.91,0,0.5,1.0,1,1,4230,4902,0.827,0.957,str('intersection'),0.084,TRUE
489,0.91,0,0.5,1.0,1,1,3545,262,0.151,0.338,str('intersection'),0.057,FALSE
490,0.91,0,0.5,1.0,1,1,1500,2518,0.613,0.58,str('kl'),0.045,TRUE
491,0.91,0,0.5,1.0,1,1,1658,1654,0.189,0.897,str('intersection'),0.04,FALSE
492,0.91,1,0.5,0.7686217868402409,0,2,3388,4242,0.541,0.156,str('kl'),0.074,TRUE
493,0.91,0,0.5,1.0,1,1,3762,910,0.497,0.516,str('kl'),0.09,FALSE
494,0.91,0,0.5,1.0,1,1,1117,3185,0.771,0.275,str('intersection'),0.011,TRUE
495,0.91,0,0.5,1.0,1,1,280,373,0.733,0.423,str('intersection'),0.05,FALSE
496,0.91,0,0.5,1.0,1,1,4945,4611,0.435,0.091,str('intersection'),0.036,TRUE
497,0.91,0,0.5,1.0,1,1,2830,541,0.604,0.705,str('intersection'),0.021,FALSE
498,0.91,0,0.5,1.0,1,1,2059,2934,0.127,0.463,str('kl'),0.099,TRUE
499,0.91,0,0.5,1.0,1,1,1952,388,0.925,0.882,str('intersection'),0.033,TRUE
500,0.91,1,0.5,0.7686217868402409,0,2,3015,3092,0.342,0.141,str('kl'),0.067,FALSE
501,0.91,0,0.5,1.0,1,1,4837,2070,0.633,0.502,str('kl'),0.097,TRUE
502,0.91,0,0.5,1.0,1,1,275,4461,0.097,0.26,str('intersection'),0.017,FALSE
503,0.91,0,0.5,1.0,1,1,1122,1650,0.401,0.406,str('intersection'),0.045,TRUE
504,0.91,0,0.5,1.0,1,1,3766,4257,0.859,0.664,str('kl'),0.057,FALSE
505,0.91,0,0.5,1.0,1,1,3383,906,0.163,0.038,str('kl'),0.085,TRUE
506,0.91,0,0.5,1.0,1,1,1651,3199,0.574,0.795,str('intersection'),0.028,FALSE
507,0.91,0,0.5,1.0,1,1,1496,2340,0.25,0.729,str('kl'),0.011,TRUE
508,0.91,0,0.5,1.0,1,1,3538,4888,0.521,0.471,str('intersection'),0.09,FALSE
509,0.91,1,0.5,0.7686217868402409,0,2,4236,267,0.441,0.856,str('intersection'),0.074,TRUE
510,0.91,0,0.5,1.0,1,1,653,2502,0.789,0.099,str('kl'),0.04,FALSE
511,0.91,0,0.5,1.0,1,1,430,941,0.704,0.201,str('kl'),0.023,TRUE
512,0.91,0,0.5,1.0,1,1,4449,3766,0.585,0.222,str('intersection'),0.042,TRUE
513,0.91,0,0.5,1.0,1,1,2778,1083,0.377,0.606,str('intersection'),0.015,FALSE
514,0.91,0,0.5,1.0,1,1,2335,3652,0.854,0.349,str('kl'),0.094,TRUE
515,0.91,0,0.5,1.0,1,1,2217,1297,0.55,0.031,str('intersection'),0.082,FALSE
516,0.91,0,0.5,1.0,1,1,2672,4061,0.213,0.772,str('kl'),0.026,TRUE
517,0.91,1,0.5,0.7686217868402409,0,2,4477,1104,0.765,0.4,str('kl'),0.053,FALSE
518,0.91,0,0.5,1.0,1,1,558,3555,0.474,0.641,str('intersection'),0.064,TRUE
519,0.91,1,0.5,0.7686217868402409,0,2,858,118,0.03,0.556,str('intersection'),0.092,FALSE
520,0.91,0,0.5,1.0,1,1,4109,2667,0.741,0.298,str('kl'),0.014,TRUE
521,0.91,0,0.5,1.0,1,1,3744,2498,0.283,0.936,str('kl'),0.044,FALSE
522,0.91,0,0.5,1.0,1,1,1370,4734,0.948,0.18,str('intersection'),0.077,TRUE
523,0.91,0,0.5,1.0,1,1,1837,746,0.368,0.363,str('kl'),0.06,FALSE
524,0.91,0,0.5,1.0,1,1,3277,3354,0.893,0.621,str('intersection'),0.049,TRUE
525,0.91,0,0.5,1.0,1,1,3952,1798,0.068,0.241,str('intersection'),0.03,FALSE
526,0.91,0,0.5,1.0,1,1,1016,4093,0.67,0.997,str('kl'),0.086,TRUE
527,0.91,0,0.5,1.0,1,1,91,1906,0.834,0.832,str('kl'),0.069,FALSE
528,0.91,0,0.5,1.0,1,1,4715,2839,0.953,0.87,str('intersection'),0.085,FALSE
529,0.91,0,0.5,1.0,1,1,3061,2013,0.007,0.49,str('intersection'),0.056,TRUE
530,0.91,0,0.5,1.0,1,1,1975,4599,0.731,0.747,str('kl'),0.044,FALSE
531,0.91,0,0.5,1.0,1,1,2180,2161,0.461,0.157,str('intersection'),0.088,FALSE
532,0.91,0,0.5,1.0,1,1,2933,4436,0.798,0.913,str('kl'),0.032,TRUE
533,0.91,0,0.5,1.0,1,1,4919,406,0.224,0.288,str('kl'),0.047,FALSE
534,0.91,0,0.5,1.0,1,1,47,2994,0.514,0.545,str('intersection'),0.058,TRUE
535,0.91,1,0.5,0.7686217868402409,0,2,1036,806,0.99,0.632,str('intersection'),0.098,FALSE
536,0.91,0,0.5,1.0,1,1,3999,3218,0.278,0.39,str('kl'),0.02,TRUE
537,0.91,0,0.5,1.0,1,1,3150,1624,0.697,0.751,str('kl'),0.038,FALSE
538,0.91,0,0.5,1.0,1,1,1738,4349,0.032,0.01,str('intersection'),0.071,TRUE
539,0.91,1,0.5,0.7686217868402409,0,2,1268,214,0.644,0.45,str('kl'),0.065,FALSE
540,0.91,0,0.5,1.0,1,1,3620,2646,0.119,0.692,str('intersection'),0.054,TRUE
541,0.91,0,0.5,1.0,1,1,4154,2204,0.921,0.074,str('intersection'),0.025,FALSE
542,0.91,1,0.5,0.7686217868402409,0,2,881,4948,0.318,0.815,str('kl'),0.081,TRUE
543,0.91,0,0.5,1.0,1,1,517,1510,0.186,0.978,str('kl'),0.075,FALSE
544,0.91,1,0.5,0.7686217868402409,0,2,4582,4984,0.931,0.273,str('kl'),0.067,TRUE
545,0.91,1,0.5,0.7686217868402409,0,2,2647,168,0.107,0.898,str('kl'),0.096,FALSE
546,0.91,0,0.5,1.0,1,1,2477,2600,0.631,0.142,str('intersection'),0.018,TRUE
547,0.91,0,0.5,1.0,1,1,2443,1233,0.094,0.805,str('intersection'),0.039,TRUE
548,0.91,0,0.5,1.0,1,1,2593,3487,0.677,0.049,str('kl'),0.073,FALSE
549,0.91,0,0.5,1.0,1,1,4557,1352,0.348,0.686,str('kl'),0.091,TRUE
550,0.91,0,0.5,1.0,1,1,332,3920,0.884,0.429,str('intersection'),0.012,FALSE
551,0.91,0,0.5,1.0,1,1,774,2358,0.611,0.28,str('intersection'),0.051,TRUE
552,0.91,0,0.5,1.0,1,1,4339,4788,0.153,0.522,str('kl'),0.063,FALSE
553,0.91,2,0.5,0.6332742086579153,0,3,3513,51,0.825,0.15,str('kl'),0.078,TRUE
554,0.91,0,0.5,1.0,1,1,1454,2794,0.414,0.891,str('intersection'),0.021,FALSE
555,0.91,0,0.5,1.0,1,1,1611,1788,0.77,0.582,str('kl'),0.016,TRUE
556,0.91,0,0.5,1.0,1,1,3356,4199,0.499,0.34,str('intersection'),0.095,FALSE
557,0.91,0,0.5,1.0,1,1,3872,653,0.54,0.954,str('intersection'),0.069,TRUE
558,0.91,0,0.5,1.0,1,1,1242,3377,0.191,0.214,str('kl'),0.034,FALSE
559,0.91,0,0.5,1.0,1,1,175,565,0.308,0.114,str('kl'),0.028,TRUE
560,0.91,0,0.5,1.0,1,1,4846,3413,0.56,0.64,str('kl'),0.026,FALSE
561,0.91,0,0.5,1.0,1,1,2928,1742,0.48,0.003,str('kl'),0.052,TRUE
562,0.91,0,0.5,1.0,1,1,2116,4153,0.751,0.759,str('intersection'),0.064,FALSE
563,0.91,0,0.5,1.0,1,1,2010,1592,0.053,0.333,str('kl'),0.024,FALSE
564,0.91,0,0.5,1.0,1,1,3114,4317,0.717,0.59,str('intersection'),0.079,TRUE
565,0.91,0,0.5,1.0,1,1,4739,848,0.26,0.206,str('intersection'),0.061,FALSE
566,0.91,0,0.5,1.0,1,1,219,3260,0.971,0.962,str('kl'),0.051,TRUE
567,0.91,0,0.5,1.0,1,1,1178,447,0.527,0.862,str('kl'),0.011,FALSE
568,0.91,0,0.5,1.0,1,1,3868,3035,0.236,0.122,str('intersection'),0.089,TRUE
569,0.91,1,0.5,0.7686217868402409,0,2,3283,2129,0.788,0.74,str('intersection'),0.074,FALSE
570,0.91,0,0.5,1.0,1,1,1597,4405,0.45,0.498,str('kl'),0.041,TRUE
571,0.91,0,0.5,1.0,1,1,1440,1037,0.873,0.057,str('intersection'),0.046,FALSE
572,0.91,0,0.5,1.0,1,1,3440,3605,0.395,0.798,str('kl'),0.057,TRUE
573,0.91,0,0.5,1.0,1,1,4335,1547,0.565,0.437,str('kl'),0.083,FALSE
574,0.91,1,0.5,0.7686217868402409,0,2,710,3803,0.165,0.679,str('intersection'),0.028,TRUE
575,0.91,0,0.5,1.0,1,1,376,2240,0.329,0.53,str('intersection'),0.034,FALSE
576,0.91,0,0.5,1.0,1,1,4512,2549,0.459,0.548,str('kl'),0.031,FALSE
577,0.91,0,0.5,1.0,1,1,2716,2303,0.5,0.187,str('kl'),0.047,TRUE
578,0.91,1,0.5,0.7686217868402409,0,2,2242,4851,0.229,0.928,str('intersection'),0.059,FALSE
579,0.91,1,0.5,0.7686217868402409,0,2,2271,19,0.425,0.7,str('kl'),0.07,TRUE
580,0.91,0,0.5,1.0,1,1,2773,2762,0.836,0.443,str('intersection'),0.035,FALSE
581,0.91,0,0.5,1.0,1,1,4376,2400,0.14,0.823,str('intersection'),0.02,TRUE
582,0.91,0,0.5,1.0,1,1,503,4830,0.598,0.067,str('kl'),0.1,FALSE
583,0.91,0,0.5,1.0,1,1,915,1394,0.902,0.23,str('kl'),0.06,TRUE
584,0.91,0,0.5,1.0,1,1,4207,3961,0.366,0.97,str('intersection'),0.048,FALSE
585,0.91,0,0.5,1.0,1,1,3645,1201,0.657,0.356,str('intersection'),0.03,TRUE
586,0.91,0,0.5,1.0,1,1,1312,3456,0.074,0.598,str('kl'),0.087,FALSE
587,0.91,0,0.5,1.0,1,1,1782,1966,0.743,0.906,str('intersection'),0.093,TRUE
588,0.91,0,0.5,1.0,1,1,3175,4553,0.02,0.165,str('kl'),0.013,FALSE
589,0.91,0,0.5,1.0,1,1,4052,602,0.942,0.537,str('kl'),0.043,TRUE
590,0.91,0,0.5,1.0,1,1,1070,2876,0.297,0.295,str('intersection'),0.077,FALSE
591,0.91,0,0.5,1.0,1,1,33,689,0.211,0.383,str('intersection'),0.083,TRUE
592,0.91,0,0.5,1.0,1,1,4774,4140,0.081,0.415,str('kl'),0.072,TRUE
593,0.91,0,0.5,1.0,1,1,3000,710,0.882,0.787,str('kl'),0.091,FALSE
594,0.91,0,0.5,1.0,1,1,1878,3317,0.358,0.046,str('intersection'),0.013,TRUE
595,0.91,0,0.5,1.0,1,1,2084,864,0.587,0.613,str('kl'),0.076,TRUE
596,0.91,0,0.5,1.0,1,1,2874,3158,0.176,0.371,str('intersection'),0.041,FALSE
597,0.91,0,0.5,1.0,1,1,4980,1682,0.848,0.989,str('intersection'),0.014,TRUE
598,0.91,0,0.5,1.0,1,1,144,4288,0.39,0.248,str('kl'),0.094,FALSE
599,0.91,0,0.5,1.0,1,1,943,2102,0.117,0.083,str('kl'),0.066,TRUE
600,0.91,0,0.5,1.0,1,1,3937,4493,0.653,0.84,str('intersection'),0.054,FALSE
601,0.91,0,0.5,1.0,1,1,3213,347,0.324,0.455,str('intersection'),0.024,TRUE
602,0.91,0,0.5,1.0,1,1,1833,3050,0.907,0.713,str('kl'),0.081,FALSE
603,0.91,0,0.5,1.0,1,1,1365,1415,0.268,0.78,str('intersection'),0.098,TRUE
604,0.91,0,0.5,1.0,1,1,3680,3865,0.991,0.023,str('kl'),0.018,FALSE
605,0.91,0,0.5,1.0,1,1,4094,987,0.046,0.649,str('kl'),0.037,TRUE
606,0.91,0,0.5,1.0,1,1,785,3750,0.691,0.391,str('intersection'),0.072,FALSE
607,0.91,0,0.5,1.0,1,1,611,314,0.808,0.306,str('intersection'),0.088,TRUE
608,0.91,0,0.5,1.0,1,1,4648,4359,0.291,0.79,str('kl'),0.015,TRUE
609,0.91,0,0.5,1.0,1,1,2501,793,0.746,0.414,str('kl'),0.042,FALSE
610,0.91,0,0.5,1.0,1,1,2377,3224,0.023,0.671,str('intersection'),0.075,TRUE
611,0.91,0,0.5,1.0,1,1,2348,2456,0.966,0.48,str('kl'),0.029,FALSE
612,0.91,0,0.5,1.0,1,1,2530,4693,0.302,0.721,str('intersection'),0.085,TRUE
613,0.91,1,0.5,0.7686217868402409,0,2,4619,149,0.721,0.107,str('intersection'),0.055,FALSE
614,0.91,0,0.5,1.0,1,1,426,2698,0.01,0.848,str('kl'),0.045,TRUE
615,0.91,0,0.5,1.0,1,1,677,1136,0.485,0.95,str('kl'),0.017,FALSE
616,0.91,1,0.5,0.7686217868402409,0,2,4279,3587,0.776,0.193,str('intersection'),0.095,TRUE
617,0.91,0,0.5,1.0,1,1,3573,1255,0.2,0.574,str('intersection'),0.068,FALSE
618,0.91,0,0.5,1.0,1,1,1550,4019,0.538,0.316,str('kl'),0.035,TRUE
619,0.91,0,0.5,1.0,1,1,1705,505,0.147,0.133,str('intersection'),0.052,FALSE
620,0.91,0,0.5,1.0,1,1,3418,2898,0.625,0.89,str('kl'),0.062,TRUE
621,0.91,0,0.5,1.0,1,1,3809,1952,0.416,0.252,str('kl'),0.078,FALSE
622,0.91,0,0.5,1.0,1,1,1147,4657,0.816,0.51,str('intersection'),0.023,TRUE
623,0.91,0,0.5,1.0,1,1,271,1845,0.683,0.656,str('intersection'),0.039,FALSE
624,0.91,0,0.5,1.0,1,1,4989,2789,0.171,0.173,str('kl'),0.056,FALSE
625,0.91,0,0.5,1.0,1,1,2864,2366,0.87,0.561,str('kl'),0.086,TRUE
626,0.91,0,0.5,1.0,1,1,2094,4778,0.393,0.304,str('intersection'),0.029,FALSE
627,0.91,0,0.5,1.0,1,1,1907,2218,0.661,0.854,str('kl'),0.058,FALSE
628,0.91,0,0.5,1.0,1,1,2971,4941,0.078,0.098,str('intersection'),0.048,TRUE
629,0.91,0,0.5,1.0,1,1,4803,223,0.899,0.731,str('intersection'),0.032,FALSE
630,0.91,0,0.5,1.0,1,1,242,2634,0.363,0.474,str('kl'),0.088,TRUE
631,0.91,0,0.5,1.0,1,1,1157,1073,0.137,0.325,str('kl'),0.071,FALSE
632,0.91,0,0.5,1.0,1,1,3800,3660,0.595,0.567,str('intersection'),0.038,TRUE
633,0.91,0,0.5,1.0,1,1,3428,1505,0.429,0.199,str('intersection'),0.019,FALSE
634,0.91,0,0.5,1.0,1,1,1695,3779,0.84,0.939,str('kl'),0.097,TRUE
635,0.91,0,0.5,1.0,1,1,1540,413,0.483,0.506,str('intersection'),0.08,FALSE
636,0.91,0,0.5,1.0,1,1,3583,2980,0.754,0.264,str('kl'),0.025,TRUE
637,0.91,0,0.5,1.0,1,1,4270,2172,0.206,0.875,str('kl'),0.055,FALSE
638,0.91,0,0.5,1.0,1,1,687,4427,0.555,0.134,str('intersection'),0.065,TRUE
639,0.91,0,0.5,1.0,1,1,397,1616,0.937,0.034,str('intersection'),0.093,FALSE
640,0.91,0,0.5,1.0,1,1,4405,3174,0.818,0.015,str('kl'),0.062,FALSE
641,0.91,0,0.5,1.0,1,1,2744,1678,0.142,0.625,str('kl'),0.08,TRUE
642,0.91,1,0.5,0.7686217868402409,0,2,2300,4227,0.619,0.383,str('intersection'),0.023,FALSE
643,0.91,0,0.5,1.0,1,1,2251,644,0.783,0.237,str('kl'),0.012,TRUE
644,0.91,0,0.5,1.0,1,1,2706,3388,0.446,0.993,str('intersection'),0.091,FALSE
645,0.91,0,0.5,1.0,1,1,4522,1774,0.53,0.364,str('intersection'),0.073,TRUE
646,0.91,0,0.5,1.0,1,1,602,4206,0.24,0.621,str('kl'),0.038,FALSE
647,0.91,0,0.5,1.0,1,1,814,2018,0.263,0.709,str('kl'),0.022,TRUE
648,0.91,0,0.5,1.0,1,1,4065,4587,0.974,0.466,str('intersection'),0.079,FALSE
649,0.91,0,0.5,1.0,1,1,3710,575,0.048,0.831,str('intersection'),0.063,TRUE
650,0.91,0,0.5,1.0,1,1,1336,2831,0.713,0.09,str('kl'),0.051,FALSE
651,0.91,0,0.5,1.0,1,1,1803,1341,0.104,0.406,str('intersection'),0.034,TRUE
652,0.91,0,0.5,1.0,1,1,3242,3929,0.629,0.648,str('kl'),0.068,FALSE
653,0.91,0,0.5,1.0,1,1,3908,1226,0.334,0.026,str('kl'),0.096,TRUE
654,0.91,0,0.5,1.0,1,1,972,3501,0.937,0.766,str('intersection'),0.016,FALSE
655,0.91,1,0.5,0.7686217868402409,0,2,134,64,0.57,0.929,str('intersection'),0.044,TRUE
656,0.91,0,0.5,1.0,1,1,4749,4764,0.689,0.897,str('kl'),0.021,TRUE
657,0.91,1,0.5,0.7686217868402409,0,2,3104,86,0.273,0.275,str('kl'),0.036,FALSE
658,0.91,0,0.5,1.0,1,1,2019,2692,0.997,0.517,str('intersection'),0.069,TRUE
659,0.91,1,0.5,0.7686217868402409,0,2,2145,238,0.197,0.076,str('kl'),0.017,TRUE
660,0.91,0,0.5,1.0,1,1,2899,2534,0.534,0.816,str('intersection'),0.097,FALSE
661,0.91,0,0.5,1.0,1,1,4875,2306,0.49,0.448,str('intersection'),0.068,TRUE
662,0.91,0,0.5,1.0,1,1,3,4914,0.78,0.69,str('kl'),0.033,FALSE
663,0.91,0,0.5,1.0,1,1,1080,1476,0.725,0.605,str('kl'),0.027,TRUE
664,0.91,0,0.5,1.0,1,1,4042,3869,0.014,0.347,str('intersection'),0.084,FALSE
665,0.91,0,0.5,1.0,1,1,3184,971,0.963,0.981,str('intersection'),0.058,TRUE
666,0.91,0,0.5,1.0,1,1,1772,3676,0.298,0.224,str('kl'),0.046,FALSE
667,0.91,0,0.5,1.0,1,1,1302,2039,0.877,0.283,str('intersection'),0.04,TRUE
668,0.91,0,0.5,1.0,1,1,3654,4490,0.352,0.541,str('kl'),0.074,FALSE
669,0.91,0,0.5,1.0,1,1,4197,362,0.686,0.164,str('kl'),0.09,TRUE
670,0.91,0,0.5,1.0,1,1,925,3126,0.083,0.921,str('intersection'),0.01,FALSE
671,0.91,0,0.5,1.0,1,1,473,938,0.419,0.756,str('intersection'),0.05,TRUE
672,0.91,0,0.5,1.0,1,1,4547,3079,0.667,0.495,str('intersection'),0.047,FALSE
673,0.91,0,0.5,1.0,1,1,2603,2076,0.373,0.863,str('intersection'),0.032,TRUE
674,0.91,0,0.5,1.0,1,1,2433,4527,0.897,0.122,str('kl'),0.089,FALSE
675,0.91,0,0.5,1.0,1,1,2487,1832,0.327,0.958,str('kl'),0.064,FALSE
676,0.91,0,0.5,1.0,1,1,2637,4067,0.91,0.217,str('intersection'),0.053,TRUE
677,0.91,0,0.5,1.0,1,1,4591,775,0.113,0.581,str('intersection'),0.027,FALSE
678,0.91,0,0.5,1.0,1,1,366,3323,0.649,0.34,str('kl'),0.082,TRUE
679,0.91,0,0.5,1.0,1,1,740,511,0.844,0.486,str('kl'),0.076,FALSE
680,0.91,0,0.5,1.0,1,1,4306,2961,0.386,0.744,str('intersection'),0.043,TRUE
681,0.91,0,0.5,1.0,1,1,3469,1881,0.59,0.114,str('intersection'),0.014,FALSE
682,0.91,0,0.5,1.0,1,1,1410,4643,0.179,0.871,str('kl'),0.092,TRUE
683,0.91,0,0.5,1.0,1,1,1568,1130,0.505,0.68,str('intersection'),0.086,FALSE
684,0.91,0,0.5,1.0,1,1,3312,3522,0.235,0.423,str('kl'),0.031,TRUE
685,0.91,0,0.5,1.0,1,1,3838,1328,0.806,0.811,str('kl'),0.049,FALSE
686,0.91,0,0.5,1.0,1,1,1207,4032,0.457,0.054,str('intersection'),0.06,TRUE
687,0.91,0,0.5,1.0,1,1,209,2470,0.044,0.156,str('intersection'),0.099,FALSE
688,0.91,1,0.5,0.7686217868402409,0,2,4890,3985,0.793,0.597,str('intersection'),0.09,TRUE
689,0.91,0,0.5,1.0,1,1,2962,1167,0.245,0.232,str('intersection'),0.072,FALSE
690,0.91,0,0.5,1.0,1,1,2151,3559,0.516,0.973,str('kl'),0.039,TRUE
691,0.91,0,0.5,1.0,1,1,1965,1012,0.286,0.431,str('intersection'),0.094,TRUE
692,0.91,0,0.5,1.0,1,1,3071,3717,0.95,0.672,str('kl'),0.015,FALSE
693,0.91,0,0.5,1.0,1,1,4705,1445,0.025,0.062,str('kl'),0.041,TRUE
694,0.91,0,0.5,1.0,1,1,185,3837,0.736,0.803,str('intersection'),0.075,FALSE
695,0.91,0,0.5,1.0,1,1,1213,2274,0.76,0.905,str('intersection'),0.082,TRUE
696,0.91,0,0.5,1.0,1,1,3901,4882,0.469,0.148,str('kl'),0.025,FALSE
697,0.91,0,0.5,1.0,1,1,3327,280,0.553,0.525,str('kl'),0.054,TRUE
698,0.91,0,0.5,1.0,1,1,1641,2575,0.215,0.267,str('intersection'),0.066,FALSE
699,0.91,0,0.5,1.0,1,1,1483,1714,0.609,0.209,str('kl'),0.072,TRUE
700,0.91,0,0.5,1.0,1,1,3484,4263,0.131,0.966,str('intersection'),0.037,FALSE
701,0.91,0,0.5,1.0,1,1,4369,892,0.831,0.332,str('intersection'),0.019,TRUE
702,0.91,0,0.5,1.0,1,1,745,3128,0.431,0.59,str('kl'),0.098,FALSE
703,0.91,0,0.5,1.0,1,1,342,315,0.065,0.736,str('kl'),0.059,TRUE
704,0.91,0,0.5,1.0,1,1,4468,4391,0.195,0.716,str('intersection'),0.096,TRUE
705,0.91,0,0.5,1.0,1,1,2682,459,0.766,0.083,str('intersection'),0.067,FALSE
706,0.91,0,0.5,1.0,1,1,2207,3026,0.495,0.839,str('kl'),0.033,TRUE
707,0.91,1,0.5,0.7686217868402409,0,2,2306,1922,0.161,0.533,str('intersection'),0.045,FALSE
708,0.91,0,0.5,1.0,1,1,2807,4685,0.572,0.291,str('kl'),0.056,TRUE
709,0.91,0,0.5,1.0,1,1,4420,480,0.406,0.913,str('kl'),0.085,FALSE
710,0.91,0,0.5,1.0,1,1,546,2930,0.864,0.172,str('intersection'),0.029,TRUE
711,0.91,0,0.5,1.0,1,1,871,743,0.638,0.007,str('intersection'),0.035,FALSE
712,0.91,0,0.5,1.0,1,1,4164,3291,0.102,0.763,str('kl'),0.068,TRUE
713,0.91,1,0.5,0.7686217868402409,0,2,3610,1874,0.923,0.375,str('kl'),0.095,FALSE
714,0.91,0,0.5,1.0,1,1,1278,4109,0.34,0.633,str('intersection'),0.017,TRUE
715,0.91,2,0.5,0.6332742086579153,0,3,1748,122,0.976,0.824,str('kl'),0.022,FALSE
716,0.91,1,0.5,0.7686217868402409,0,2,3140,2728,0.253,0.068,str('intersection'),0.078,TRUE
717,0.91,1,0.5,0.7686217868402409,0,2,4009,2424,0.707,0.698,str('intersection'),0.062,FALSE
718,0.91,1,0.5,0.7686217868402409,0,2,1026,4718,0.062,0.44,str('kl'),0.052,TRUE
719,0.91,0,0.5,1.0,1,1,76,1281,0.444,0.355,str('kl'),0.012,FALSE
720,0.91,1,0.5,0.7686217868402409,0,2,4808,3465,0.314,0.318,str('intersection'),0.053,FALSE
721,0.91,0,0.5,1.0,1,1,3044,1387,0.647,0.947,str('intersection'),0.026,TRUE
722,0.91,0,0.5,1.0,1,1,1922,3975,0.123,0.191,str('kl'),0.083,FALSE
723,0.91,0,0.5,1.0,1,1,2050,1537,0.82,0.655,str('intersection'),0.05,FALSE
724,0.91,0,0.5,1.0,1,1,2840,3811,0.409,0.398,str('kl'),0.061,TRUE
725,0.91,1,0.5,0.7686217868402409,0,2,4935,1031,0.613,0.774,str('kl'),0.079,FALSE
726,0.91,0,0.5,1.0,1,1,100,3618,0.155,0.018,str('intersection'),0.024,TRUE
727,0.91,1,0.5,0.7686217868402409,0,2,987,182,0.35,0.181,str('intersection'),0.04,FALSE
728,0.91,0,0.5,1.0,1,1,3981,2593,0.886,0.922,str('kl'),0.073,TRUE
729,0.91,0,0.5,1.0,1,1,3248,2249,0.089,0.311,str('kl'),0.089,FALSE
730,0.91,0,0.5,1.0,1,1,1866,4973,0.672,0.554,str('intersection'),0.011,TRUE
731,0.91,0,0.5,1.0,1,1,1399,840,0.004,0.986,str('kl'),0.028,FALSE
732,0.91,0,0.5,1.0,1,1,3715,3270,0.727,0.245,str('intersection'),0.084,TRUE
733,0.91,0,0.5,1.0,1,1,4138,1579,0.312,0.613,str('intersection'),0.056,FALSE
734,0.91,0,0.5,1.0,1,1,829,4322,0.957,0.371,str('kl'),0.046,TRUE
735,0.91,0,0.5,1.0,1,1,568,2136,0.544,0.459,str('kl'),0.018,FALSE
736,0.91,1,0.5,0.7686217868402409,0,2,459,1986,0.193,0.373,str('intersection'),0.03,TRUE
737,0.91,0,0.5,1.0,1,1,4664,4535,0.546,0.615,str('kl'),0.087,FALSE
738,0.91,0,0.5,1.0,1,1,2564,617,0.493,0.243,str('kl'),0.06,TRUE
739,0.91,0,0.5,1.0,1,1,2394,2854,0.768,0.984,str('intersection'),0.048,FALSE
740,0.91,0,0.5,1.0,1,1,2392,607,0.702,0.257,str('intersection'),0.1,TRUE
741,0.91,0,0.5,1.0,1,1,2574,2863,0.038,0.514,str('kl'),0.02,FALSE
742,0.91,0,0.5,1.0,1,1,4653,1976,0.987,0.126,str('kl'),0.036,TRUE
743,0.91,0,0.5,1.0,1,1,460,4545,0.276,0.882,str('intersection'),0.07,FALSE
744,0.91,0,0.5,1.0,1,1,643,1733,0.221,0.783,str('intersection'),0.087,TRUE
745,0.91,0,0.5,1.0,1,1,4245,4164,0.512,0.042,str('kl'),0.03,FALSE
746,0.91,1,0.5,0.7686217868402409,0,2,3528,675,0.466,0.664,str('kl'),0.049,TRUE
747,0.91,0,0.5,1.0,1,1,1506,3420,0.804,0.422,str('intersection'),0.061,FALSE
748,0.91,0,0.5,1.0,1,1,1661,2412,0.38,0.105,str('kl'),0.077,TRUE
749,0.91,0,0.5,1.0,1,1,3373,4825,0.858,0.846,str('intersection'),0.043,FALSE
750,0.91,0,0.5,1.0,1,1,1113,2752,0.581,0.724,str('kl'),0.092,FALSE
751,0.91,0,0.5,1.0,1,1,305,1189,0.916,0.575,str('kl'),0.065,TRUE
752,0.91,0,0.5,1.0,1,1,115,1021,0.316,0.726,str('intersection'),0.074,FALSE
753,0.91,0,0.5,1.0,1,1,4929,3628,0.914,0.484,str('kl'),0.04,TRUE
754,0.91,0,0.5,1.0,1,1,2845,1527,0.125,0.844,str('kl'),0.011,FALSE
755,0.91,0,0.5,1.0,1,1,2033,3821,0.645,0.103,str('intersection'),0.089,TRUE
756,0.91,0,0.5,1.0,1,1,1926,1377,0.408,0.552,str('kl'),0.043,TRUE
757,0.91,0,0.5,1.0,1,1,3031,3985,0.823,0.31,str('intersection'),0.077,FALSE
758,0.91,0,0.5,1.0,1,1,4822,1180,0.155,0.924,str('intersection'),0.092,TRUE
759,0.91,0,0.5,1.0,1,1,302,3475,0.617,0.183,str('kl'),0.013,FALSE
760,0.91,8,0.5,0.2665484173158307,0,9,1095,37,0.889,0.02,str('kl'),0.053,TRUE
761,0.91,0,0.5,1.0,1,1,3784,2742,0.35,0.776,str('intersection'),0.065,FALSE
762,0.91,0,0.5,1.0,1,1,3366,2422,0.675,0.396,str('intersection'),0.083,TRUE
763,0.91,0,0.5,1.0,1,1,1680,4815,0.088,0.653,str('kl'),0.026,FALSE
764,0.91,0,0.5,1.0,1,1,1522,666,0.729,0.837,str('intersection'),0.02,TRUE
765,0.91,0,0.5,1.0,1,1,3523,3429,0.002,0.081,str('kl'),0.099,FALSE
766,0.91,0,0.5,1.0,1,1,4252,1723,0.959,0.718,str('kl'),0.07,TRUE
767,0.91,0,0.5,1.0,1,1,628,4174,0.31,0.461,str('intersection'),0.036,FALSE
768,0.91,0,0.5,1.0,1,1,529,490,0.664,0.588,str('intersection'),0.068,FALSE
769,0.91,0,0.5,1.0,1,1,4429,2920,0.066,0.33,str('kl'),0.035,TRUE
770,0.91,0,0.5,1.0,1,1,2799,1932,0.894,0.968,str('kl'),0.016,FALSE
771,0.91,0,0.5,1.0,1,1,2324,4675,0.374,0.211,str('intersection'),0.094,TRUE
772,0.91,0,0.5,1.0,1,1,2188,469,0.039,0.42,str('kl'),0.084,FALSE
773,0.91,0,0.5,1.0,1,1,2690,3016,0.699,0.662,str('intersection'),0.028,TRUE
774,0.91,0,0.5,1.0,1,1,4459,2146,0.276,0.044,str('intersection'),0.046,FALSE
775,0.91,0,0.5,1.0,1,1,585,4381,0.984,0.784,str('kl'),0.057,TRUE
776,0.91,0,0.5,1.0,1,1,832,1569,0.508,0.884,str('kl'),0.096,FALSE
777,0.91,0,0.5,1.0,1,1,4124,4332,0.221,0.128,str('intersection'),0.018,TRUE
778,0.91,0,0.5,1.0,1,1,3727,830,0.801,0.512,str('intersection'),0.033,FALSE
779,0.91,0,0.5,1.0,1,1,1395,3280,0.467,0.255,str('kl'),0.066,TRUE
780,0.91,0,0.5,1.0,1,1,1865,2259,0.856,0.189,str('intersection'),0.061,FALSE
781,0.91,0,0.5,1.0,1,1,3257,4963,0.382,0.945,str('kl'),0.05,TRUE
782,0.91,1,0.5,0.7686217868402409,0,2,3969,192,0.579,0.32,str('kl'),0.024,FALSE
783,0.91,0,0.5,1.0,1,1,987,2583,0.183,0.577,str('intersection'),0.079,TRUE
784,0.91,0,0.5,1.0,1,1,187,1435,0.796,0.438,str('intersection'),0.025,TRUE
785,0.91,0,0.5,1.0,1,1,4691,3847,0.443,0.696,str('kl'),0.082,FALSE
786,0.91,0,0.5,1.0,1,1,3083,1002,0.519,0.07,str('kl'),0.066,TRUE
787,0.91,0,0.5,1.0,1,1,1962,3727,0.244,0.826,str('intersection'),0.054,FALSE
788,0.91,1,0.5,0.7686217868402409,0,2,2167,1157,0.95,0.269,str('kl'),0.078,FALSE
789,0.91,0,0.5,1.0,1,1,2957,3568,0.289,0.527,str('intersection'),0.022,TRUE
790,0.91,0,0.5,1.0,1,1,4896,1272,0.735,0.146,str('intersection'),0.052,FALSE
791,0.91,0,0.5,1.0,1,1,61,3995,0.028,0.903,str('kl'),0.063,TRUE
792,0.91,0,0.5,1.0,1,1,1026,2434,0.472,0.801,str('kl'),0.09,FALSE
793,0.91,0,0.5,1.0,1,1,4020,4708,0.759,0.06,str('intersection'),0.012,TRUE
794,0.91,1,0.5,0.7686217868402409,0,2,3130,132,0.219,0.674,str('intersection'),0.039,FALSE
795,0.91,0,0.5,1.0,1,1,1749,2718,0.553,0.433,str('kl'),0.072,TRUE
796,0.91,1,0.5,0.7686217868402409,0,2,1282,1864,0.132,0.124,str('intersection'),0.055,FALSE
797,0.91,0,0.5,1.0,1,1,3598,4119,0.606,0.865,str('kl'),0.045,TRUE
798,0.91,0,0.5,1.0,1,1,4177,733,0.432,0.493,str('kl'),0.029,FALSE
799,0.91,0,0.5,1.0,1,1,868,3301,0.828,0.734,str('intersection'),0.085,TRUE
800,0.91,0,0.5,1.0,1,1,357,765,0.817,0.919,str('kl'),0.043,FALSE
801,0.91,0,0.5,1.0,1,1,4609,3333,0.422,0.162,str('intersection'),0.076,TRUE
802,0.91,0,0.5,1.0,1,1,2618,1822,0.618,0.543,str('intersection'),0.092,FALSE
803,0.91,0,0.5,1.0,1,1,2494,4077,0.145,0.285,str('kl'),0.014,TRUE
804,0.91,0,0.5,1.0,1,1,2431,2085,0.572,0.635,str('kl'),0.037,TRUE
805,0.91,0,0.5,1.0,1,1,2613,4517,0.157,0.377,str('intersection'),0.071,FALSE
806,0.91,0,0.5,1.0,1,1,4536,325,0.865,0.761,str('intersection'),0.099,TRUE
807,0.91,0,0.5,1.0,1,1,343,3069,0.403,0.005,str('kl'),0.019,FALSE
808,0.91,0,0.5,1.0,1,1,760,882,0.099,0.17,str('kl'),0.047,TRUE
809,0.91,0,0.5,1.0,1,1,4363,3138,0.638,0.911,str('intersection'),0.059,FALSE
810,0.91,1,0.5,0.7686217868402409,0,2,3490,1704,0.337,0.293,str('intersection'),0.088,TRUE
811,0.91,0,0.5,1.0,1,1,1467,4273,0.923,0.535,str('kl'),0.031,FALSE
812,0.91,0,0.5,1.0,1,1,1622,290,0.252,0.975,str('intersection'),0.015,TRUE
813,0.91,1,0.5,0.7686217868402409,0,2,3334,2566,0.979,0.234,str('kl'),0.094,FALSE
814,0.91,0,0.5,1.0,1,1,3893,2284,0.061,0.595,str('kl'),0.076,TRUE
815,0.91,1,0.5,0.7686217868402409,0,2,1230,4872,0.71,0.353,str('intersection'),0.041,FALSE
816,0.91,0,0.5,1.0,1,1,17,2316,0.69,0.052,str('kl'),0.084,TRUE
817,0.91,0,0.5,1.0,1,1,4872,4904,0.04,0.809,str('intersection'),0.027,FALSE
818,0.91,1,0.5,0.7686217868402409,0,2,2903,248,0.997,0.425,str('intersection'),0.046,TRUE
819,0.91,0,0.5,1.0,1,1,2133,2524,0.27,0.682,str('kl'),0.058,FALSE
820,0.91,1,0.5,0.7686217868402409,0,2,2024,95,0.532,0.226,str('intersection'),0.031,FALSE
821,0.91,0,0.5,1.0,1,1,3088,2682,0.199,0.983,str('kl'),0.087,TRUE
822,0.91,0,0.5,1.0,1,1,4764,2480,0.777,0.345,str('kl'),0.059,FALSE
823,0.91,0,0.5,1.0,1,1,202,4754,0.491,0.603,str('intersection'),0.049,TRUE
824,0.91,0,0.5,1.0,1,1,1196,1318,0.015,0.688,str('intersection'),0.021,FALSE
825,0.91,0,0.5,1.0,1,1,3839,4042,0.723,0.446,str('kl'),0.099,TRUE
826,0.91,0,0.5,1.0,1,1,3310,1120,0.3,0.818,str('kl'),0.069,FALSE
827,0.91,0,0.5,1.0,1,1,1578,3531,0.961,0.078,str('intersection'),0.036,TRUE
828,0.91,0,0.5,1.0,1,1,1423,1891,0.355,0.385,str('kl'),0.053,FALSE
829,0.91,1,0.5,0.7686217868402409,0,2,3465,4634,0.876,0.627,str('intersection'),0.064,TRUE
830,0.91,1,0.5,0.7686217868402409,0,2,4308,521,0.086,0.013,str('intersection'),0.082,FALSE
831,0.91,0,0.5,1.0,1,1,726,2952,0.685,0.754,str('kl'),0.027,TRUE
832,0.91,0,0.5,1.0,1,1,591,1764,0.291,0.136,str('kl'),0.079,TRUE
833,0.91,0,0.5,1.0,1,1,4522,4215,0.94,0.876,str('intersection'),0.022,FALSE
834,0.91,0,0.5,1.0,1,1,2705,634,0.022,0.262,str('intersection'),0.051,TRUE
835,0.91,0,0.5,1.0,1,1,2262,3398,0.749,0.504,str('kl'),0.063,FALSE
836,0.91,0,0.5,1.0,1,1,2290,1668,0.913,0.873,str('intersection'),0.075,TRUE
837,0.91,0,0.5,1.0,1,1,2745,4236,0.326,0.116,str('kl'),0.04,FALSE
838,0.91,0,0.5,1.0,1,1,4405,928,0.651,0.742,str('kl'),0.01,TRUE
839,0.91,0,0.5,1.0,1,1,485,3184,0.111,0.485,str('intersection'),0.09,FALSE
840,0.91,0,0.5,1.0,1,1,931,372,0.384,0.338,str('intersection'),0.062,TRUE
841,0.91,0,0.5,1.0,1,1,4183,3116,0.846,0.579,str('kl'),0.05,FALSE
842,0.91,0,0.5,1.0,1,1,3671,2048,0.178,0.219,str('kl'),0.023,TRUE
843,0.91,0,0.5,1.0,1,1,1297,4480,0.593,0.96,str('intersection'),0.08,FALSE
844,0.91,0,0.5,1.0,1,1,1764,961,0.231,0.519,str('kl'),0.097,TRUE
845,0.91,0,0.5,1.0,1,1,3203,3686,0.506,0.277,str('intersection'),0.017,FALSE
846,0.91,0,0.5,1.0,1,1,4025,1466,0.454,0.895,str('intersection'),0.033,TRUE
847,0.91,1,0.5,0.7686217868402409,0,2,1089,3879,0.806,0.154,str('kl'),0.067,FALSE
848,0.91,1,0.5,0.7686217868402409,0,2,248,233,0.171,0.768,str('kl'),0.038,FALSE
849,0.91,0,0.5,1.0,1,1,4788,2625,0.566,0.028,str('intersection'),0.071,TRUE
850,0.91,0,0.5,1.0,1,1,2987,2228,0.393,0.646,str('intersection'),0.098,FALSE
851,0.91,0,0.5,1.0,1,1,1902,4931,0.867,0.404,str('kl'),0.019,TRUE
852,0.91,1,0.5,0.7686217868402409,0,2,2106,2376,0.076,0.937,str('intersection'),0.069,TRUE
853,0.91,0,0.5,1.0,1,1,2860,4768,0.663,0.197,str('kl'),0.034,FALSE
854,0.91,1,0.5,0.7686217868402409,0,2,4992,74,0.36,0.569,str('kl'),0.016,TRUE
855,0.91,0,0.5,1.0,1,1,121,2779,0.9,0.327,str('intersection'),0.095,FALSE
856,0.91,0,0.5,1.0,1,1,963,1216,0.596,0.476,str('intersection'),0.056,TRUE
857,0.91,0,0.5,1.0,1,1,3925,3511,0.134,0.733,str('kl'),0.044,FALSE
858,0.91,0,0.5,1.0,1,1,3224,1331,0.842,0.096,str('kl'),0.029,TRUE
859,0.91,0,0.5,1.0,1,1,1811,3939,0.427,0.852,str('intersection'),0.086,FALSE
860,0.91,0,0.5,1.0,1,1,1341,585,0.757,0.669,str('kl'),0.091,TRUE
861,0.91,0,0.5,1.0,1,1,3694,2822,0.482,0.412,str('intersection'),0.012,FALSE
862,0.91,0,0.5,1.0,1,1,4080,2028,0.558,0.792,str('intersection'),0.038,TRUE
863,0.91,0,0.5,1.0,1,1,808,4577,0.206,0.036,str('kl'),0.073,FALSE
864,0.91,1,0.5,0.7686217868402409,0,2,415,140,0.459,0.393,str('kl'),0.095,FALSE
865,0.91,0,0.5,1.0,1,1,4621,2708,0.812,0.651,str('intersection'),0.017,TRUE
866,0.91,0,0.5,1.0,1,1,2529,2447,0.229,0.021,str('intersection'),0.035,FALSE
867,0.91,0,0.5,1.0,1,1,2360,4703,0.504,0.778,str('kl'),0.068,TRUE
868,0.91,0,0.5,1.0,1,1,2370,783,0.449,0.088,str('intersection'),0.025,FALSE
869,0.91,0,0.5,1.0,1,1,2520,3234,0.782,0.829,str('kl'),0.081,TRUE
870,0.91,0,0.5,1.0,1,1,4631,1606,0.242,0.468,str('kl'),0.065,FALSE
871,0.91,0,0.5,1.0,1,1,405,4369,0.528,0.71,str('intersection'),0.055,TRUE
872,0.91,0,0.5,1.0,1,1,701,2182,0.973,0.623,str('intersection'),0.015,FALSE
873,0.91,0,0.5,1.0,1,1,4267,4417,0.265,0.366,str('kl'),0.093,TRUE
874,0.91,0,0.5,1.0,1,1,3586,422,0.712,0.991,str('kl'),0.075,FALSE
875,0.91,0,0.5,1.0,1,1,1527,2970,0.051,0.235,str('intersection'),0.042,TRUE
876,0.91,0,0.5,1.0,1,1,1685,1495,0.625,0.302,str('kl'),0.048,FALSE
877,0.91,0,0.5,1.0,1,1,3429,3789,0.104,0.559,str('intersection'),0.058,TRUE
878,0.91,0,0.5,1.0,1,1,3799,1063,0.933,0.175,str('intersection'),0.087,FALSE
879,0.91,0,0.5,1.0,1,1,1168,3669,0.334,0.931,str('kl'),0.032,TRUE
880,0.91,0,0.5,1.0,1,1,150,1691,0.081,0.512,str('kl'),0.054,TRUE
881,0.91,0,0.5,1.0,1,1,4963,4278,0.679,0.254,str('intersection'),0.066,FALSE
882,0.91,0,0.5,1.0,1,1,2889,874,0.358,0.888,str('intersection'),0.081,TRUE
883,0.91,0,0.5,1.0,1,1,2077,3148,0.878,0.131,str('kl'),0.024,FALSE
884,0.91,0,0.5,1.0,1,1,1892,719,0.173,0.711,str('intersection'),0.062,FALSE
885,0.91,0,0.5,1.0,1,1,2997,3307,0.588,0.453,str('kl'),0.052,TRUE
886,0.91,0,0.5,1.0,1,1,4778,1855,0.387,0.841,str('kl'),0.022,FALSE
887,0.91,0,0.5,1.0,1,1,258,4130,0.85,0.085,str('intersection'),0.078,TRUE
888,0.91,0,0.5,1.0,1,1,1139,1942,0.655,0.25,str('intersection'),0.072,FALSE
889,0.91,0,0.5,1.0,1,1,3828,4667,0.115,0.991,str('kl'),0.039,TRUE
890,0.91,0,0.5,1.0,1,1,3400,495,0.908,0.369,str('kl'),0.013,FALSE
891,0.91,1,0.5,0.7686217868402409,0,2,1714,2907,0.321,0.611,str('intersection'),0.091,TRUE
892,0.91,0,0.5,1.0,1,1,1557,1265,0.995,0.926,str('kl'),0.085,FALSE
893,0.91,0,0.5,1.0,1,1,3557,4009,0.268,0.185,str('intersection'),0.03,TRUE
894,0.91,0,0.5,1.0,1,1,4296,1146,0.695,0.55,str('intersection'),0.044,FALSE
895,0.91,0,0.5,1.0,1,1,671,3577,0.046,0.308,str('kl'),0.055,TRUE
896,0.91,0,0.5,1.0,1,1,902,3951,0.564,0.528,str('kl'),0.02,FALSE
897,0.91,0,0.5,1.0,1,1,494,2390,0.93,0.677,str('kl'),0.048,TRUE
898,0.91,1,0.5,0.7686217868402409,0,2,4395,4840,0.332,0.435,str('intersection'),0.06,FALSE
899,0.91,0,0.5,1.0,1,1,2281,2772,0.11,0.059,str('kl'),0.03,FALSE
900,0.91,0,0.5,1.0,1,1,2232,2293,0.305,0.314,str('intersection'),0.019,TRUE
901,0.91,0,0.5,1.0,1,1,2734,4860,0.965,0.572,str('kl'),0.098,FALSE
902,0.91,0,0.5,1.0,1,1,4493,304,0.012,0.195,str('kl'),0.072,TRUE
903,0.91,0,0.5,1.0,1,1,620,2559,0.719,0.952,str('intersection'),0.037,FALSE
904,0.91,0,0.5,1.0,1,1,798,997,0.774,0.85,str('intersection'),0.031,TRUE
905,0.91,0,0.5,1.0,1,1,4090,3740,0.488,0.109,str('kl'),0.088,FALSE
906,0.91,0,0.5,1.0,1,1,3684,1425,0.536,0.719,str('kl'),0.059,TRUE
907,0.91,1,0.5,0.7686217868402409,0,2,1351,3855,0.203,0.478,str('intersection'),0.047,FALSE
908,0.91,0,0.5,1.0,1,1,1821,337,0.621,0.044,str('kl'),0.042,TRUE
909,0.91,0,0.5,1.0,1,1,3214,3060,0.147,0.785,str('intersection'),0.076,FALSE
910,0.91,0,0.5,1.0,1,1,3935,2092,0.812,0.417,str('intersection'),0.094,TRUE
911,0.91,1,0.5,0.7686217868402409,0,2,953,4503,0.416,0.658,str('kl'),0.014,FALSE
912,0.91,0,0.5,1.0,1,1,1186,3045,0.943,0.381,str('kl'),0.061,TRUE
913,0.91,0,0.5,1.0,1,1,232,858,0.561,0.293,str('kl'),0.089,FALSE
914,0.91,0,0.5,1.0,1,1,4735,3250,0.208,0.536,str('intersection'),0.011,TRUE
915,0.91,0,0.5,1.0,1,1,3117,1602,0.752,0.167,str('intersection'),0.041,FALSE
916,0.91,0,0.5,1.0,1,1,1995,4307,0.477,0.908,str('kl'),0.074,TRUE
917,0.91,0,0.5,1.0,1,1,2123,1752,0.715,0.5,str('intersection'),0.013,TRUE
918,0.91,0,0.5,1.0,1,1,2912,4143,0.055,0.742,str('kl'),0.093,FALSE
919,0.91,0,0.5,1.0,1,1,4862,699,0.968,0.12,str('kl'),0.077,TRUE
920,0.91,0,0.5,1.0,1,1,27,3403,0.261,0.86,str('intersection'),0.043,FALSE
921,0.91,0,0.5,1.0,1,1,1060,592,0.238,0.96,str('intersection'),0.026,TRUE
922,0.91,0,0.5,1.0,1,1,4054,2886,0.524,0.204,str('kl'),0.083,FALSE
923,0.91,0,0.5,1.0,1,1,3174,1956,0.452,0.592,str('kl'),0.064,TRUE
924,0.91,0,0.5,1.0,1,1,1793,4563,0.785,0.335,str('intersection'),0.052,FALSE
925,0.91,0,0.5,1.0,1,1,1326,1211,0.398,0.144,str('kl'),0.036,TRUE
926,0.91,0,0.5,1.0,1,1,3642,3446,0.872,0.9,str('intersection'),0.07,FALSE
927,0.91,0,0.5,1.0,1,1,4212,1403,0.168,0.271,str('intersection'),0.1,TRUE
928,0.91,0,0.5,1.0,1,1,770,4798,0.918,0.976,str('intersection'),0.091,FALSE
929,0.91,0,0.5,1.0,1,1,313,1362,0.582,0.813,str('intersection'),0.063,TRUE
930,0.91,0,0.5,1.0,1,1,4565,3910,0.187,0.072,str('kl'),0.051,FALSE
931,0.91,0,0.5,1.0,1,1,2584,1242,0.851,0.694,str('kl'),0.021,TRUE
932,0.91,0,0.5,1.0,1,1,2461,3478,0.378,0.452,str('intersection'),0.078,FALSE
933,0.91,1,0.5,0.7686217868402409,0,2,2465,158,0.839,0.6,str('intersection'),0.057,FALSE
934,0.91,0,0.5,1.0,1,1,2647,2610,0.423,0.358,str('kl'),0.046,TRUE
935,0.91,0,0.5,1.0,1,1,4580,2230,0.601,0.969,str('kl'),0.028,FALSE
936,0.91,0,0.5,1.0,1,1,387,4994,0.138,0.228,str('intersection'),0.083,TRUE
937,0.91,0,0.5,1.0,1,1,716,1557,0.365,0.065,str('intersection'),0.067,FALSE
938,0.91,0,0.5,1.0,1,1,4318,3793,0.905,0.821,str('kl'),0.034,TRUE
939,0.91,0,0.5,1.0,1,1,3456,1046,0.072,0.445,str('kl'),0.018,FALSE
940,0.91,0,0.5,1.0,1,1,1433,3595,0.659,0.702,str('intersection'),0.096,TRUE
941,0.91,0,0.5,1.0,1,1,1588,2119,0.017,0.761,str('kl'),0.079,FALSE
942,0.91,0,0.5,1.0,1,1,3301,4415,0.744,0.005,str('intersection'),0.024,TRUE
943,0.91,0,0.5,1.0,1,1,3848,437,0.294,0.638,str('intersection'),0.051,FALSE
944,0.91,0,0.5,1.0,1,1,1055,3208,0.542,0.112,str('intersection'),0.048,TRUE
945,0.91,0,0.5,1.0,1,1,52,396,0.956,0.212,str('intersection'),0.02,FALSE
946,0.91,0,0.5,1.0,1,1,4906,3004,0.306,0.953,str('kl'),0.098,TRUE
947,0.91,1,0.5,0.7686217868402409,0,2,2947,2151,0.733,0.342,str('kl'),0.071,FALSE
948,0.91,0,0.5,1.0,1,1,2176,4446,0.006,0.584,str('intersection'),0.037,TRUE
949,0.91,0,0.5,1.0,1,1,1991,2003,0.798,0.012,str('kl'),0.095,TRUE
950,0.91,0,0.5,1.0,1,1,3054,4609,0.465,0.753,str('intersection'),0.016,FALSE
951,0.91,0,0.5,1.0,1,1,4720,555,0.513,0.389,str('intersection'),0.035,TRUE
952,0.91,0,0.5,1.0,1,1,158,2849,0.227,0.63,str('kl'),0.069,FALSE
953,0.91,0,0.5,1.0,1,1,1240,663,0.281,0.543,str('kl'),0.086,TRUE
954,0.91,0,0.5,1.0,1,1,3883,3367,0.989,0.286,str('intersection'),0.029,FALSE
955,0.91,0,0.5,1.0,1,1,3344,1798,0.036,0.915,str('intersection'),0.044,TRUE
956,0.91,0,0.5,1.0,1,1,1612,4189,0.697,0.159,str('kl'),0.056,FALSE
957,0.91,3,0.5,0.5372435736804817,0,4,1457,42,0.12,0.351,str('intersection'),0.073,TRUE
958,0.91,0,0.5,1.0,1,1,3499,2804,0.641,0.608,str('kl'),0.039,FALSE
959,0.91,0,0.5,1.0,1,1,4353,2348,0.319,0.22,str('kl'),0.012,TRUE
960,0.91,0,0.5,1.0,1,1,842,2677,0.438,0.203,str('intersection'),0.053,TRUE
961,0.91,0,0.5,1.0,1,1,556,1114,0.056,0.101,str('intersection'),0.014,FALSE
962,0.91,0,0.5,1.0,1,1,4488,3545,0.706,0.857,str('kl'),0.092,TRUE
963,0.91,0,0.5,1.0,1,1,2661,1307,0.255,0.469,str('kl'),0.077,FALSE
964,0.91,0,0.5,1.0,1,1,2218,4051,0.982,0.727,str('intersection'),0.044,TRUE
965,0.91,0,0.5,1.0,1,1,2334,1093,0.678,0.893,str('kl'),0.054,FALSE
966,0.91,0,0.5,1.0,1,1,2790,3642,0.091,0.152,str('intersection'),0.065,TRUE
967,0.91,0,0.5,1.0,1,1,4439,1520,0.884,0.52,str('intersection'),0.081,FALSE
968,0.91,0,0.5,1.0,1,1,519,3756,0.344,0.278,str('kl'),0.025,TRUE
969,0.91,0,0.5,1.0,1,1,898,2194,0.149,0.427,str('kl'),0.042,FALSE
970,0.91,0,0.5,1.0,1,1,4148,4958,0.611,0.684,str('intersection'),0.075,TRUE
971,0.91,1,0.5,0.7686217868402409,0,2,3627,204,0.411,0.051,str('intersection'),0.093,FALSE
972,0.91,0,0.5,1.0,1,1,1253,2656,0.826,0.807,str('kl'),0.015,TRUE
973,0.91,0,0.5,1.0,1,1,1720,1634,0.497,0.749,str('intersection'),0.032,FALSE
974,0.91,0,0.5,1.0,1,1,3159,4339,0.772,0.492,str('kl'),0.088,TRUE
975,0.91,0,0.5,1.0,1,1,3991,816,0.19,0.868,str('kl'),0.058,FALSE
976,0.91,0,0.5,1.0,1,1,1125,4247,0.07,0.833,str('intersection'),0.097,FALSE
977,0.91,0,0.5,1.0,1,1,292,2060,0.437,0.999,str('intersection'),0.057,TRUE
978,0.91,0,0.5,1.0,1,1,4832,4471,0.832,0.242,str('kl'),0.045,FALSE
979,0.91,0,0.5,1.0,1,1,3022,379,0.129,0.619,str('kl'),0.027,TRUE
980,0.91,0,0.5,1.0,1,1,1936,3102,0.602,0.361,str('intersection'),0.084,FALSE
981,0.91,0,0.5,1.0,1,1,2063,531,0.342,0.793,str('kl'),0.049,FALSE
982,0.91,0,0.5,1.0,1,1,2816,2944,0.929,0.036,str('intersection'),0.06,TRUE
983,0.91,0,0.5,1.0,1,1,4958,1896,0.096,0.666,str('intersection'),0.086,FALSE
984,0.91,0,0.5,1.0,1,1,86,4621,0.636,0.408,str('kl'),0.031,TRUE
985,0.91,0,0.5,1.0,1,1,997,1808,0.862,0.262,str('kl'),0.037,FALSE
986,0.91,0,0.5,1.0,1,1,3960,4083,0.4,0.503,str('intersection'),0.07,TRUE
987,0.91,0,0.5,1.0,1,1,3267,756,0.578,0.139,str('intersection'),0.099,FALSE
988,0.91,0,0.5,1.0,1,1,1855,3344,0.163,0.88,str('kl'),0.021,TRUE
989,0.91,0,0.5,1.0,1,1,1385,2488,0.522,0.563,str('intersection'),0.026,FALSE
990,0.91,0,0.5,1.0,1,1,3737,4744,0.248,0.322,str('kl'),0.082,TRUE
991,0.91,1,0.5,0.7686217868402409,0,2,4115,108,0.791,0.944,str('kl'),0.064,FALSE
992,0.91,1,0.5,0.7686217868402409,0,2,659,3706,0.458,0.853,str('intersection'),0.014,TRUE
993,0.91,0,0.5,1.0,1,1,447,270,0.044,0.94,str('intersection'),0.054,FALSE
994,0.91,0,0.5,1.0,1,1,4677,2505,0.694,0.2,str('kl'),0.064,TRUE
995,0.91,0,0.5,1.0,1,1,2551,2337,0.267,0.568,str('kl'),0.082,FALSE
996,0.91,0,0.5,1.0,1,1,2406,4885,0.994,0.326,str('intersection'),0.026,TRUE
997,0.91,0,0.5,1.0,1,1,2404,1461,0.214,0.178,str('kl'),0.09,TRUE
998,0.91,0,0.5,1.0,1,1,2554,3891,0.547,0.934,str('intersection'),0.01,FALSE
999,0.91,0,0.5,1.0,1,1,4674,951,0.475,0.3,str('intersection'),0.04,TRUE
1000,0.91,0,0.5,1.0,1,1,450,3694,0.761,0.558,str('kl'),0.074,FALSE
1001,0.91,0,0.5,1.0,1,1,657,257,0.738,0.643,str('kl'),0.08,TRUE
1002,0.91,0,0.5,1.0,1,1,4223,2512,0.03,0.401,str('intersection'),0.023,FALSE
1003,0.91,0,0.5,1.0,1,1,3553,2330,0.945,0.77,str('intersection'),0.05,TRUE
1004,0.91,0,0.5,1.0,1,1,1493,4897,0.284,0.029,str('kl'),0.061,FALSE
1005,0.91,0,0.5,1.0,1,1,1650,915,0.891,0.461,str('intersection'),0.067,TRUE
1006,0.91,0,0.5,1.0,1,1,3395,3190,0.37,0.703,str('kl'),0.033,FALSE
1007,0.91,0,0.5,1.0,1,1,3755,1660,0.669,0.093,str('kl'),0.018,TRUE
1008,0.91,0,0.5,1.0,1,1,1000,4614,0.082,0.238,str('intersection'),0.057,FALSE
1009,0.91,0,0.5,1.0,1,1,84,1801,0.418,0.089,str('intersection'),0.097,TRUE
1010,0.91,0,0.5,1.0,1,1,4960,4096,0.813,0.83,str('kl'),0.018,FALSE
1011,0.91,0,0.5,1.0,1,1,2814,744,0.149,0.465,str('kl'),0.033,TRUE
1012,0.91,0,0.5,1.0,1,1,2065,3352,0.622,0.708,str('intersection'),0.067,FALSE
1013,0.91,0,0.5,1.0,1,1,1939,908,0.322,0.135,str('kl'),0.021,FALSE
1014,0.91,0,0.5,1.0,1,1,3019,3202,0.909,0.875,str('intersection'),0.099,TRUE
1015,0.91,0,0.5,1.0,1,1,4834,1648,0.116,0.265,str('intersection'),0.07,FALSE
1016,0.91,0,0.5,1.0,1,1,289,4254,0.656,0.507,str('kl'),0.037,TRUE
1017,0.91,0,0.5,1.0,1,1,1127,2067,0.851,0.67,str('kl'),0.031,FALSE
1018,0.91,0,0.5,1.0,1,1,3753,4459,0.389,0.413,str('intersection'),0.086,TRUE
1019,0.91,0,0.5,1.0,1,1,3397,391,0.589,0.789,str('intersection'),0.06,FALSE
1020,0.91,0,0.5,1.0,1,1,1648,3095,0.174,0.033,str('kl'),0.049,TRUE
1021,0.91,1,0.5,0.7686217868402409,0,2,1491,1449,0.502,0.473,str('intersection'),0.043,FALSE
1022,0.91,0,0.5,1.0,1,1,3555,3899,0.228,0.73,str('kl'),0.076,TRUE
1023,0.91,0,0.5,1.0,1,1,4220,944,0.811,0.097,str('kl'),0.092,FALSE
1024,0.91,0,0.5,1.0,1,1,895,3769,0.93,0.077,str('intersection'),0.063,FALSE
1025,0.91,0,0.5,1.0,1,1,521,2206,0.563,0.223,str('intersection'),0.091,TRUE
1026,0.91,0,0.5,1.0,1,1,4436,4950,0.168,0.98,str('kl'),0.012,FALSE
1027,0.91,1,0.5,0.7686217868402409,0,2,2792,212,0.871,0.346,str('kl'),0.039,TRUE
1028,0.91,0,0.5,1.0,1,1,2332,2643,0.398,0.604,str('intersection'),0.073,FALSE
1029,0.91,0,0.5,1.0,1,1,2220,2500,0.202,0.765,str('kl'),0.061,TRUE
1030,0.91,0,0.5,1.0,1,1,2659,4736,0.535,0.025,str('intersection'),0.049,FALSE
1031,0.91,1,0.5,0.7686217868402409,0,2,4490,115,0.487,0.647,str('intersection'),0.023,TRUE
1032,0.91,0,0.5,1.0,1,1,554,2664,0.773,0.405,str('kl'),0.08,FALSE
1033,0.91,0,0.5,1.0,1,1,845,1101,0.719,0.305,str('kl'),0.074,TRUE
1034,0.91,0,0.5,1.0,1,1,4112,3553,0.011,0.562,str('intersection'),0.04,FALSE
1035,0.91,0,0.5,1.0,1,1,3740,1299,0.964,0.174,str('intersection'),0.01,TRUE
1036,0.91,0,0.5,1.0,1,1,1383,4063,0.303,0.93,str('kl'),0.09,FALSE
1037,0.91,0,0.5,1.0,1,1,1853,539,0.879,0.622,str('intersection'),0.084,TRUE
1038,0.91,0,0.5,1.0,1,1,3270,2931,0.359,0.365,str('kl'),0.027,FALSE
1039,0.91,0,0.5,1.0,1,1,3957,1908,0.681,0.994,str('kl'),0.045,TRUE
1040,0.91,0,0.5,1.0,1,1,1238,2842,0.561,0.957,str('intersection'),0.02,TRUE
1041,0.91,0,0.5,1.0,1,1,161,656,0.944,0.872,str('intersection'),0.047,FALSE
1042,0.91,1,0.5,0.7686217868402409,0,2,4717,3379,0.294,0.115,str('kl'),0.058,TRUE
1043,0.91,1,0.5,0.7686217868402409,0,2,3056,1785,0.745,0.745,str('kl'),0.088,FALSE
1044,0.91,0,0.5,1.0,1,1,1988,4196,0.018,0.487,str('intersection'),0.032,TRUE
1045,0.91,0,0.5,1.0,1,1,2174,1626,0.786,0.92,str('kl'),0.056,TRUE
1046,0.91,0,0.5,1.0,1,1,2949,4351,0.453,0.163,str('intersection'),0.044,FALSE
1047,0.91,0,0.5,1.0,1,1,4904,804,0.525,0.54,str('intersection'),0.028,TRUE
1048,0.91,0,0.5,1.0,1,1,54,3216,0.239,0.282,str('kl'),0.085,FALSE
1049,0.91,0,0.5,1.0,1,1,1052,404,0.262,0.384,str('kl'),0.069,TRUE
1050,0.91,1,0.5,0.7686217868402409,0,2,3993,2992,0.97,0.626,str('intersection'),0.034,FALSE
1051,0.91,0,0.5,1.0,1,1,3157,2163,0.055,0.016,str('intersection'),0.016,TRUE
1052,0.91,0,0.5,1.0,1,1,1723,4439,0.716,0.757,str('kl'),0.095,FALSE
1053,0.91,0,0.5,1.0,1,1,1255,1081,0.109,0.691,str('intersection'),0.078,TRUE
1054,0.91,0,0.5,1.0,1,1,3624,3649,0.63,0.449,str('kl'),0.021,FALSE
1055,0.91,0,0.5,1.0,1,1,4151,1513,0.331,0.817,str('kl'),0.051,TRUE
1056,0.91,0,0.5,1.0,1,1,4321,2238,0.188,0.673,str('intersection'),0.06,TRUE
1057,0.91,0,0.5,1.0,1,1,714,4982,0.584,0.432,str('kl'),0.048,FALSE
1058,0.91,0,0.5,1.0,1,1,389,1545,0.919,0.266,str('kl'),0.02,TRUE
1059,0.91,0,0.5,1.0,1,1,4577,3801,0.321,0.524,str('intersection'),0.1,FALSE
1060,0.91,0,0.5,1.0,1,1,2650,1039,0.642,0.147,str('intersection'),0.07,TRUE
1061,0.91,0,0.5,1.0,1,1,2463,3608,0.122,0.904,str('kl'),0.036,FALSE
1062,0.91,0,0.5,1.0,1,1,2586,2797,0.071,0.812,str('intersection'),0.093,TRUE
1063,0.91,0,0.5,1.0,1,1,4562,2355,0.904,0.424,str('intersection'),0.075,FALSE
1064,0.91,1,0.5,0.7686217868402409,0,2,316,4786,0.364,0.681,str('kl'),0.042,TRUE
1065,0.91,0,0.5,1.0,1,1,768,1350,0.138,0.516,str('kl'),0.025,FALSE
1066,0.91,0,0.5,1.0,1,1,4355,3917,0.6,0.274,str('intersection'),0.081,TRUE
1067,0.91,0,0.5,1.0,1,1,3497,1235,0.422,0.896,str('intersection'),0.065,FALSE
1068,0.91,1,0.5,0.7686217868402409,0,2,1459,3490,0.837,0.155,str('kl'),0.054,TRUE
1069,0.91,0,0.5,1.0,1,1,1614,2010,0.478,0.339,str('intersection'),0.038,FALSE
1070,0.91,0,0.5,1.0,1,1,3342,4597,0.752,0.58,str('kl'),0.071,TRUE
1071,0.91,0,0.5,1.0,1,1,3885,567,0.209,0.216,str('kl'),0.098,FALSE
1072,0.91,0,0.5,1.0,1,1,4057,687,0.305,0.29,str('intersection'),0.011,FALSE
1073,0.91,1,0.5,0.7686217868402409,0,2,1057,3410,0.954,0.532,str('kl'),0.089,TRUE
1074,0.91,0,0.5,1.0,1,1,30,600,0.541,0.634,str('kl'),0.061,FALSE
1075,0.91,0,0.5,1.0,1,1,4860,2874,0.188,0.376,str('intersection'),0.05,TRUE
1076,0.91,0,0.5,1.0,1,1,2915,1969,0.771,0.764,str('intersection'),0.024,FALSE
1077,0.91,1,0.5,0.7686217868402409,0,2,2120,4555,0.496,0.008,str('kl'),0.079,TRUE
1078,0.91,0,0.5,1.0,1,1,1993,2127,0.695,0.589,str('intersection'),0.052,TRUE
1079,0.91,0,0.5,1.0,1,1,3120,4402,0.035,0.331,str('kl'),0.064,FALSE
1080,0.91,0,0.5,1.0,1,1,4732,450,0.988,0.965,str('kl'),0.083,TRUE
1081,0.91,1,0.5,0.7686217868402409,0,2,234,3038,0.281,0.208,str('intersection'),0.026,FALSE
1082,0.91,0,0.5,1.0,1,1,1184,850,0.226,0.123,str('intersection'),0.042,TRUE
1083,0.91,1,0.5,0.7686217868402409,0,2,3851,3263,0.512,0.864,str('kl'),0.077,FALSE
1084,0.91,0,0.5,1.0,1,1,3298,1590,0.464,0.496,str('kl'),0.093,TRUE
1085,0.91,0,0.5,1.0,1,1,1590,4314,0.797,0.737,str('intersection'),0.013,FALSE
1086,0.91,1,0.5,0.7686217868402409,0,2,1435,170,0.379,0.804,str('kl'),0.03,TRUE
1087,0.91,0,0.5,1.0,1,1,3453,2602,0.853,0.063,str('intersection'),0.087,FALSE
1088,0.91,0,0.5,1.0,1,1,3686,4853,0.256,0.773,str('intersection'),0.035,TRUE
1089,0.91,0,0.5,1.0,1,1,4088,311,0.706,0.397,str('intersection'),0.017,FALSE
1090,0.91,0,0.5,1.0,1,1,800,2547,0.057,0.654,str('kl'),0.095,TRUE
1091,0.91,0,0.5,1.0,1,1,617,985,0.439,0.555,str('kl'),0.055,FALSE
1092,0.91,0,0.5,1.0,1,1,4496,3747,0.792,0.312,str('intersection'),0.045,TRUE
1093,0.91,0,0.5,1.0,1,1,2731,1417,0.248,0.923,str('intersection'),0.03,FALSE
1094,0.91,0,0.5,1.0,1,1,2235,3867,0.523,0.182,str('kl'),0.085,TRUE
1095,0.91,0,0.5,1.0,1,1,2278,1199,0.827,0.441,str('intersection'),0.096,FALSE
1096,0.91,0,0.5,1.0,1,1,2758,3454,0.411,0.699,str('kl'),0.018,TRUE
1097,0.91,0,0.5,1.0,1,1,4392,1396,0.612,0.069,str('kl'),0.034,FALSE
1098,0.91,0,0.5,1.0,1,1,497,3963,0.15,0.825,str('intersection'),0.067,TRUE
1099,0.91,0,0.5,1.0,1,1,900,2402,0.345,0.972,str('intersection'),0.083,FALSE
1100,0.91,0,0.5,1.0,1,1,4214,4833,0.885,0.231,str('kl'),0.028,TRUE
1101,0.91,0,0.5,1.0,1,1,1328,2760,0.679,0.354,str('intersection'),0.057,TRUE
1102,0.91,0,0.5,1.0,1,1,1796,1744,0.005,0.171,str('kl'),0.074,FALSE
1103,0.91,0,0.5,1.0,1,1,3172,4155,0.732,0.912,str('intersection'),0.041,TRUE
1104,0.91,0,0.5,1.0,1,1,3402,3320,0.128,0.127,str('intersection'),0.081,FALSE
1105,0.91,0,0.5,1.0,1,1,3826,1843,0.832,0.515,str('intersection'),0.066,TRUE
1106,0.91,0,0.5,1.0,1,1,1142,4138,0.436,0.258,str('kl'),0.054,FALSE
1107,0.91,0,0.5,1.0,1,1,255,1950,0.07,0.421,str('kl'),0.014,TRUE
1108,0.91,0,0.5,1.0,1,1,4780,4655,0.668,0.663,str('intersection'),0.094,FALSE
1109,0.91,0,0.5,1.0,1,1,2995,507,0.37,0.041,str('intersection'),0.076,TRUE
1110,0.91,0,0.5,1.0,1,1,1895,2900,0.89,0.782,str('kl'),0.042,FALSE
1111,0.91,0,0.5,1.0,1,1,2080,344,0.162,0.372,str('intersection'),0.091,FALSE
1112,0.91,0,0.5,1.0,1,1,2886,3048,0.577,0.614,str('kl'),0.013,TRUE
1113,0.91,0,0.5,1.0,1,1,4966,2104,0.399,0.246,str('kl'),0.039,FALSE
1114,0.91,0,0.5,1.0,1,1,147,4496,0.862,0.987,str('intersection'),0.072,TRUE
1115,0.91,0,0.5,1.0,1,1,955,1684,0.635,0.838,str('intersection'),0.078,FALSE
1116,0.91,0,0.5,1.0,1,1,3933,4290,0.095,0.082,str('kl'),0.022,TRUE
1117,0.91,0,0.5,1.0,1,1,3216,862,0.928,0.715,str('kl'),0.052,FALSE
1118,0.91,0,0.5,1.0,1,1,1819,3156,0.341,0.458,str('intersection'),0.062,TRUE
1119,0.91,0,0.5,1.0,1,1,1348,2305,0.983,0.017,str('kl'),0.068,FALSE
1120,0.91,0,0.5,1.0,1,1,3589,3226,0.494,0.501,str('intersection'),0.051,FALSE
1121,0.91,0,0.5,1.0,1,1,4264,1614,0.546,0.14,str('intersection'),0.022,TRUE
1122,0.91,1,0.5,0.7686217868402409,0,2,704,4357,0.194,0.881,str('kl'),0.079,FALSE
1123,0.91,0,0.5,1.0,1,1,403,2170,0.311,0.796,str('kl'),0.073,TRUE
1124,0.91,0,0.5,1.0,1,1,4633,4425,0.96,0.039,str('intersection'),0.038,FALSE
1125,0.91,0,0.5,1.0,1,1,2518,415,0.003,0.665,str('intersection'),0.012,TRUE
1126,0.91,0,0.5,1.0,1,1,2372,2982,0.73,0.407,str('kl'),0.092,FALSE
1127,0.91,0,0.5,1.0,1,1,2362,1253,0.285,0.723,str('intersection'),0.047,TRUE
1128,0.91,0,0.5,1.0,1,1,2527,4016,0.945,0.481,str('kl'),0.059,FALSE
1129,0.91,0,0.5,1.0,1,1,4623,1138,0.031,0.845,str('kl'),0.088,TRUE
1130,0.91,0,0.5,1.0,1,1,413,3590,0.739,0.104,str('intersection'),0.031,FALSE
1131,0.91,1,0.5,0.7686217868402409,0,2,674,152,0.762,0.192,str('intersection'),0.037,TRUE
1132,0.91,0,0.5,1.0,1,1,4293,2701,0.476,0.948,str('kl'),0.072,FALSE
1133,0.91,1,0.5,0.7686217868402409,0,2,3560,2454,0.548,0.319,str('kl'),0.098,TRUE
1134,0.91,0,0.5,1.0,1,1,1554,4690,0.214,0.576,str('intersection'),0.019,FALSE
1135,0.91,0,0.5,1.0,1,1,1711,712,0.602,0.883,str('kl'),0.024,TRUE
1136,0.91,0,0.5,1.0,1,1,3226,4780,0.124,0.401,str('intersection'),0.097,TRUE
1137,0.91,1,0.5,0.7686217868402409,0,2,3923,62,0.914,0.773,str('intersection'),0.071,FALSE
1138,0.91,0,0.5,1.0,1,1,965,2787,0.315,0.032,str('kl'),0.038,TRUE
1139,0.91,0,0.5,1.0,1,1,118,1223,0.183,0.179,str('kl'),0.032,FALSE
1140,0.91,0,0.5,1.0,1,1,4995,3499,0.578,0.935,str('intersection'),0.087,TRUE
1141,0.91,0,0.5,1.0,1,1,2857,1343,0.381,0.297,str('intersection'),0.058,FALSE
1142,0.91,0,0.5,1.0,1,1,2109,3931,0.855,0.555,str('kl'),0.048,TRUE
1143,0.91,0,0.5,1.0,1,1,1904,1502,0.087,0.1,str('intersection'),0.086,TRUE
1144,0.91,1,0.5,0.7686217868402409,0,2,2985,3777,0.674,0.857,str('kl'),0.029,FALSE
1145,0.91,0,0.5,1.0,1,1,4790,1075,0.349,0.472,str('kl'),0.044,TRUE
1146,0.91,1,0.5,0.7686217868402409,0,2,246,3662,0.889,0.73,str('intersection'),0.056,FALSE
1147,0.91,1,0.5,0.7686217868402409,0,2,1171,226,0.616,0.564,str('intersection'),0.096,TRUE
1148,0.91,0,0.5,1.0,1,1,3796,2637,0.154,0.323,str('kl'),0.016,FALSE
1149,0.91,0,0.5,1.0,1,1,3432,2215,0.822,0.941,str('kl'),0.034,TRUE
1150,0.91,0,0.5,1.0,1,1,1682,4939,0.407,0.2,str('intersection'),0.069,FALSE
1151,0.91,0,0.5,1.0,1,1,1525,796,0.769,0.259,str('kl'),0.063,TRUE
1152,0.91,0,0.5,1.0,1,1,3669,4229,0.896,0.289,str('intersection'),0.092,TRUE
1153,0.91,0,0.5,1.0,1,1,4185,935,0.067,0.914,str('intersection'),0.076,FALSE
1154,0.91,0,0.5,1.0,1,1,929,3172,0.666,0.158,str('kl'),0.043,TRUE
1155,0.91,0,0.5,1.0,1,1,487,360,0.829,0.009,str('kl'),0.027,FALSE
1156,0.91,0,0.5,1.0,1,1,4402,3123,0.434,0.75,str('intersection'),0.082,TRUE
1157,0.91,0,0.5,1.0,1,1,2748,2041,0.607,0.389,str('intersection'),0.064,FALSE
1158,0.91,0,0.5,1.0,1,1,2288,4492,0.134,0.631,str('kl'),0.053,TRUE
1159,0.91,0,0.5,1.0,1,1,2264,573,0.468,0.996,str('intersection'),0.042,FALSE
1160,0.91,0,0.5,1.0,1,1,2702,2829,0.801,0.24,str('kl'),0.075,TRUE
1161,0.91,0,0.5,1.0,1,1,4525,2021,0.223,0.62,str('kl'),0.093,FALSE
1162,0.91,0,0.5,1.0,1,1,588,4589,0.509,0.362,str('intersection'),0.015,TRUE
1163,0.91,0,0.5,1.0,1,1,810,1776,0.985,0.464,str('intersection'),0.055,FALSE
1164,0.91,0,0.5,1.0,1,1,4078,4208,0.277,0.706,str('kl'),0.065,TRUE
1165,0.91,0,0.5,1.0,1,1,3696,642,0.7,0.092,str('kl'),0.081,FALSE
1166,0.91,0,0.5,1.0,1,1,1339,3386,0.039,0.832,str('intersection'),0.025,TRUE
1167,0.91,0,0.5,1.0,1,1,1809,2368,0.645,0.642,str('kl'),0.019,FALSE
1168,0.91,0,0.5,1.0,1,1,3307,2694,0.518,0.685,str('intersection'),0.046,FALSE
1169,0.91,0,0.5,1.0,1,1,3841,2468,0.442,0.048,str('intersection'),0.027,TRUE
1170,0.91,0,0.5,1.0,1,1,1193,4762,0.794,0.804,str('kl'),0.084,FALSE
1171,0.91,0,0.5,1.0,1,1,204,1326,0.709,0.892,str('kl'),0.067,TRUE
1172,0.91,0,0.5,1.0,1,1,4762,4029,0.059,0.151,str('intersection'),0.033,FALSE
1173,0.91,0,0.5,1.0,1,1,3090,1132,0.978,0.523,str('intersection'),0.017,TRUE
1174,0.91,0,0.5,1.0,1,1,2022,3524,0.251,0.281,str('kl'),0.097,FALSE
1175,0.91,0,0.5,1.0,1,1,2130,969,0.551,0.814,str('intersection'),0.036,FALSE
1176,0.91,0,0.5,1.0,1,1,2906,3674,0.218,0.073,str('kl'),0.069,TRUE
1177,0.91,0,0.5,1.0,1,1,4869,1479,0.758,0.691,str('kl'),0.099,FALSE
1178,0.91,0,0.5,1.0,1,1,20,3871,0.472,0.449,str('intersection'),0.021,TRUE
1179,0.91,0,0.5,1.0,1,1,1087,2309,0.027,0.35,str('intersection'),0.049,FALSE
1180,0.91,0,0.5,1.0,1,1,4027,4916,0.735,0.607,str('kl'),0.059,TRUE
1181,0.91,1,0.5,0.7686217868402409,0,2,3201,236,0.288,0.223,str('kl'),0.086,FALSE
1182,0.91,0,0.5,1.0,1,1,1766,2531,0.949,0.979,str('intersection'),0.031,TRUE
1183,0.91,0,0.5,1.0,1,1,1299,1680,0.375,0.546,str('kl'),0.014,FALSE
1184,0.91,0,0.5,1.0,1,1,3487,4524,0.618,0.207,str('kl'),0.017,TRUE
1185,0.91,0,0.5,1.0,1,1,4365,318,0.421,0.591,str('kl'),0.035,FALSE
1186,0.91,0,0.5,1.0,1,1,758,3082,0.817,0.334,str('intersection'),0.068,TRUE
1187,0.91,0,0.5,1.0,1,1,345,894,0.684,0.497,str('intersection'),0.085,FALSE
1188,0.91,0,0.5,1.0,1,1,4533,3131,0.086,0.739,str('kl'),0.029,TRUE
1189,0.91,0,0.5,1.0,1,1,2616,1712,0.875,0.121,str('kl'),0.045,FALSE
1190,0.91,0,0.5,1.0,1,1,2429,4261,0.355,0.861,str('intersection'),0.055,TRUE
1191,0.91,0,0.5,1.0,1,1,2492,1878,0.924,0.215,str('intersection'),0.08,TRUE
1192,0.91,0,0.5,1.0,1,1,2620,4641,0.337,0.955,str('kl'),0.023,FALSE
1193,0.91,0,0.5,1.0,1,1,4607,514,0.64,0.341,str('kl'),0.05,TRUE
1194,0.91,0,0.5,1.0,1,1,359,2964,0.1,0.583,str('intersection'),0.062,FALSE
1195,0.91,0,0.5,1.0,1,1,723,778,0.404,0.746,str('intersection'),0.09,TRUE
1196,0.91,0,0.5,1.0,1,1,4311,3325,0.866,0.489,str('kl'),0.01,FALSE
1197,0.91,0,0.5,1.0,1,1,3463,1829,0.158,0.869,str('kl'),0.04,TRUE
1198,0.91,0,0.5,1.0,1,1,1426,4065,0.573,0.113,str('intersection'),0.075,FALSE
1199,0.91,1,0.5,0.7686217868402409,0,2,1581,88,0.243,0.428,str('kl'),0.058,TRUE
1200,0.91,0,0.5,1.0,1,1,3127,3556,0.998,0.822,str('kl'),0.066,FALSE
1201,0.91,0,0.5,1.0,1,1,4023,1284,0.041,0.442,str('kl'),0.082,TRUE
1202,0.91,0,0.5,1.0,1,1,1023,3988,0.69,0.699,str('intersection'),0.025,FALSE
1203,0.91,1,0.5,0.7686217868402409,0,2,64,2426,0.807,0.599,str('intersection'),0.041,TRUE
1204,0.91,0,0.5,1.0,1,1,4894,4720,0.454,0.357,str('kl'),0.076,FALSE
1205,0.91,1,0.5,0.7686217868402409,0,2,2959,119,0.507,0.971,str('kl'),0.094,TRUE
1206,0.91,0,0.5,1.0,1,1,2165,2726,0.232,0.231,str('intersection'),0.015,FALSE
1207,0.91,0,0.5,1.0,1,1,1959,283,0.962,0.678,str('kl'),0.072,FALSE
1208,0.91,0,0.5,1.0,1,1,3086,2578,0.301,0.436,str('intersection'),0.039,TRUE
1209,0.91,0,0.5,1.0,1,1,4688,2272,0.724,0.797,str('intersection'),0.012,FALSE
1210,0.91,0,0.5,1.0,1,1,190,4879,0.016,0.056,str('kl'),0.091,TRUE
1211,0.91,0,0.5,1.0,1,1,1228,1442,0.492,0.143,str('kl'),0.063,FALSE
1212,0.91,0,0.5,1.0,1,1,3895,3835,0.779,0.899,str('intersection'),0.052,TRUE
1213,0.91,0,0.5,1.0,1,1,3332,1015,0.199,0.274,str('intersection'),0.022,FALSE
1214,0.91,0,0.5,1.0,1,1,1624,3720,0.533,0.531,str('kl'),0.078,TRUE
1215,0.91,0,0.5,1.0,1,1,1469,2073,0.144,0.963,str('intersection'),0.094,FALSE
1216,0.91,0,0.5,1.0,1,1,3730,3024,0.021,0.988,str('kl'),0.06,FALSE
1217,0.91,0,0.5,1.0,1,1,4122,2138,0.939,0.37,str('kl'),0.087,TRUE
1218,0.91,0,0.5,1.0,1,1,835,4393,0.29,0.612,str('intersection'),0.03,FALSE
1219,0.91,0,0.5,1.0,1,1,583,1582,0.204,0.714,str('intersection'),0.036,TRUE
1220,0.91,0,0.5,1.0,1,1,4461,4325,0.557,0.456,str('kl'),0.07,FALSE
1221,0.91,0,0.5,1.0,1,1,2688,837,0.481,0.84,str('kl'),0.099,TRUE
1222,0.91,0,0.5,1.0,1,1,2191,3268,0.756,0.084,str('intersection'),0.02,FALSE
1223,0.91,0,0.5,1.0,1,1,2322,1876,0.592,0.296,str('kl'),0.032,TRUE
1224,0.91,0,0.5,1.0,1,1,2802,4111,0.177,0.538,str('intersection'),0.088,FALSE
1225,0.91,0,0.5,1.0,1,1,4427,741,0.845,0.166,str('intersection'),0.059,TRUE
1226,0.91,0,0.5,1.0,1,1,531,3288,0.383,0.907,str('kl'),0.047,FALSE
1227,0.91,0,0.5,1.0,1,1,866,477,0.111,0.758,str('kl'),0.019,TRUE
1228,0.91,0,0.5,1.0,1,1,4180,2928,0.65,0.002,str('intersection'),0.098,FALSE
1229,0.91,0,0.5,1.0,1,1,3595,1925,0.325,0.639,str('intersection'),0.071,TRUE
1230,0.91,1,0.5,0.7686217868402409,0,2,1285,4687,0.911,0.382,str('kl'),0.037,FALSE
1231,0.91,0,0.5,1.0,1,1,1752,1165,0.271,0.066,str('intersection'),0.054,TRUE
1232,0.91,0,0.5,1.0,1,1,3368,3972,0.394,0.108,str('kl'),0.011,TRUE
1233,0.91,0,0.5,1.0,1,1,3782,1192,0.568,0.722,str('kl'),0.041,FALSE
1234,0.91,0,0.5,1.0,1,1,1097,3468,0.172,0.48,str('intersection'),0.074,TRUE
1235,0.91,1,0.5,0.7686217868402409,0,2,299,30,0.336,0.315,str('intersection'),0.08,FALSE
1236,0.91,0,0.5,1.0,1,1,4825,2755,0.934,0.573,str('kl'),0.024,TRUE
1237,0.91,0,0.5,1.0,1,1,3028,2410,0.106,0.192,str('kl'),0.05,FALSE
1238,0.91,0,0.5,1.0,1,1,1929,4822,0.626,0.949,str('intersection'),0.061,TRUE
1239,0.91,0,0.5,1.0,1,1,2035,2252,0.428,0.392,str('kl'),0.026,TRUE
1240,0.91,0,0.5,1.0,1,1,2843,4975,0.843,0.65,str('intersection'),0.082,FALSE
1241,0.91,1,0.5,0.7686217868402409,0,2,4931,180,0.135,0.024,str('intersection'),0.065,TRUE
1242,0.91,0,0.5,1.0,1,1,113,2591,0.597,0.781,str('kl'),0.053,FALSE
1243,0.91,0,0.5,1.0,1,1,990,1029,0.901,0.927,str('kl'),0.013,TRUE
1244,0.91,0,0.5,1.0,1,1,3967,3616,0.362,0.186,str('intersection'),0.093,FALSE
1245,0.91,0,0.5,1.0,1,1,3260,1539,0.663,0.547,str('intersection'),0.077,TRUE
1246,0.91,0,0.5,1.0,1,1,1862,3814,0.077,0.306,str('kl'),0.043,FALSE
1247,0.91,0,0.5,1.0,1,1,1392,456,0.748,0.247,str('intersection'),0.048,TRUE
1248,0.91,0,0.5,1.0,1,1,3526,2856,0.747,0.842,str('intersection'),0.066,TRUE
1249,0.91,0,0.5,1.0,1,1,4247,1984,0.293,0.454,str('intersection'),0.096,FALSE
1250,0.91,0,0.5,1.0,1,1,641,4533,0.938,0.712,str('kl'),0.018,TRUE
1251,0.91,0,0.5,1.0,1,1,462,1720,0.556,0.61,str('kl'),0.046,FALSE
1252,0.91,0,0.5,1.0,1,1,4650,4172,0.207,0.368,str('intersection'),0.057,TRUE
1253,0.91,0,0.5,1.0,1,1,2577,668,0.755,0.99,str('intersection'),0.084,FALSE
1254,0.91,0,0.5,1.0,1,1,2389,3432,0.484,0.249,str('kl'),0.028,TRUE
1255,0.91,0,0.5,1.0,1,1,2397,678,0.05,0.509,str('kl'),0.066,FALSE
1256,0.91,0,0.5,1.0,1,1,2561,3422,0.711,0.251,str('intersection'),0.033,TRUE
1257,0.91,0,0.5,1.0,1,1,4667,1730,0.264,0.889,str('intersection'),0.018,FALSE
1258,0.91,0,0.5,1.0,1,1,457,4162,0.972,0.132,str('kl'),0.096,TRUE
1259,0.91,0,0.5,1.0,1,1,630,1974,0.528,0.047,str('kl'),0.057,FALSE
1260,0.91,0,0.5,1.0,1,1,4250,4542,0.241,0.788,str('intersection'),0.046,TRUE
1261,0.91,0,0.5,1.0,1,1,3526,610,0.781,0.416,str('intersection'),0.028,FALSE
1262,0.91,0,0.5,1.0,1,1,1520,2866,0.447,0.657,str('kl'),0.084,TRUE
1263,0.91,0,0.5,1.0,1,1,1678,1385,0.868,0.849,str('intersection'),0.089,FALSE
1264,0.91,0,0.5,1.0,1,1,3245,3823,0.869,0.194,str('intersection'),0.026,FALSE
1265,0.91,0,0.5,1.0,1,1,3984,1019,0.169,0.571,str('intersection'),0.053,TRUE
1266,0.91,0,0.5,1.0,1,1,984,3625,0.569,0.313,str('kl'),0.065,FALSE
1267,0.91,1,0.5,0.7686217868402409,0,2,103,189,0.935,0.479,str('kl'),0.092,TRUE
1268,0.91,0,0.5,1.0,1,1,4933,2581,0.333,0.72,str('intersection'),0.013,FALSE
1269,0.91,0,0.5,1.0,1,1,2842,2261,0.627,0.11,str('intersection'),0.043,TRUE
1270,0.91,0,0.5,1.0,1,1,2048,4965,0.103,0.851,str('kl'),0.077,FALSE
1271,0.91,0,0.5,1.0,1,1,1919,2420,0.839,0.308,str('intersection'),0.011,FALSE
1272,0.91,0,0.5,1.0,1,1,3047,4812,0.428,0.549,str('kl'),0.089,TRUE
1273,0.91,1,0.5,0.7686217868402409,0,2,4805,40,0.594,0.184,str('kl'),0.073,FALSE
1274,0.91,0,0.5,1.0,1,1,307,2745,0.136,0.925,str('intersection'),0.04,TRUE
1275,0.91,0,0.5,1.0,1,1,1111,1182,0.362,0.779,str('intersection'),0.024,FALSE
1276,0.91,0,0.5,1.0,1,1,3777,3477,0.898,0.022,str('kl'),0.079,TRUE
1277,0.91,0,0.5,1.0,1,1,3371,1375,0.077,0.652,str('kl'),0.061,FALSE
1278,0.91,0,0.5,1.0,1,1,1663,3982,0.66,0.394,str('intersection'),0.05,TRUE
1279,0.91,1,0.5,0.7686217868402409,0,2,1508,620,0.024,0.086,str('kl'),0.033,FALSE
1280,0.91,0,0.5,1.0,1,1,3613,4677,0.142,0.119,str('intersection'),0.032,FALSE
1281,0.91,0,0.5,1.0,1,1,4161,487,0.819,0.741,str('intersection'),0.047,TRUE
1282,0.91,0,0.5,1.0,1,1,874,2918,0.419,0.499,str('kl'),0.059,FALSE
1283,0.91,0,0.5,1.0,1,1,544,731,0.084,0.336,str('kl'),0.098,TRUE
1284,0.91,0,0.5,1.0,1,1,4422,3298,0.686,0.593,str('intersection'),0.019,FALSE
1285,0.91,0,0.5,1.0,1,1,2805,1866,0.353,0.205,str('intersection'),0.037,TRUE
1286,0.91,0,0.5,1.0,1,1,2308,4121,0.877,0.961,str('kl'),0.071,FALSE
1287,0.91,0,0.5,1.0,1,1,2205,828,0.714,0.659,str('intersection'),0.06,TRUE
1288,0.91,0,0.5,1.0,1,1,2684,3278,0.05,0.418,str('kl'),0.049,FALSE
1289,0.91,0,0.5,1.0,1,1,4466,1572,0.975,0.786,str('kl'),0.03,TRUE
1290,0.91,0,0.5,1.0,1,1,570,4334,0.264,0.045,str('intersection'),0.087,FALSE
1291,0.91,0,0.5,1.0,1,1,826,2148,0.24,0.13,str('intersection'),0.07,TRUE
1292,0.91,0,0.5,1.0,1,1,4141,4384,0.531,0.887,str('kl'),0.036,FALSE
1293,0.91,0,0.5,1.0,1,1,3712,466,0.447,0.253,str('kl'),0.02,TRUE
1294,0.91,0,0.5,1.0,1,1,1402,3014,0.785,0.511,str('intersection'),0.1,FALSE
1295,0.91,0,0.5,1.0,1,1,1869,1529,0.391,0.951,str('kl'),0.083,TRUE
1296,0.91,0,0.5,1.0,1,1,3329,3730,0.273,0.97,str('intersection'),0.073,TRUE
1297,0.91,0,0.5,1.0,1,1,3899,1432,0.688,0.359,str('intersection'),0.09,FALSE
1298,0.91,0,0.5,1.0,1,1,1215,3845,0.043,0.601,str('kl'),0.012,TRUE
1299,0.91,0,0.5,1.0,1,1,182,2282,0.456,0.701,str('kl'),0.052,FALSE
1300,0.91,0,0.5,1.0,1,1,4707,4870,0.805,0.444,str('intersection'),0.062,TRUE
1301,0.91,0,0.5,1.0,1,1,3068,293,0.234,0.82,str('intersection'),0.078,FALSE
1302,0.91,0,0.5,1.0,1,1,1968,2568,0.505,0.064,str('kl'),0.022,TRUE
1303,0.91,1,0.5,0.7686217868402409,0,2,2153,129,0.298,0.529,str('intersection'),0.066,TRUE
1304,0.91,0,0.5,1.0,1,1,2960,2716,0.962,0.272,str('kl'),0.054,FALSE
1305,0.91,0,0.5,1.0,1,1,4892,2436,0.013,0.901,str('kl'),0.025,TRUE
1306,0.91,0,0.5,1.0,1,1,74,4711,0.724,0.145,str('intersection'),0.081,FALSE
1307,0.91,0,0.5,1.0,1,1,1029,1274,0.779,0.058,str('intersection'),0.075,TRUE
1308,0.91,0,0.5,1.0,1,1,4006,3998,0.489,0.799,str('kl'),0.041,FALSE
1309,0.91,0,0.5,1.0,1,1,3143,1155,0.534,0.434,str('kl'),0.015,TRUE
1310,0.91,0,0.5,1.0,1,1,1745,3566,0.196,0.676,str('intersection'),0.094,FALSE
1311,0.91,0,0.5,1.0,1,1,1275,1934,0.62,0.859,str('kl'),0.089,TRUE
1312,0.91,0,0.5,1.0,1,1,3472,4074,0.371,0.388,str('kl'),0.08,FALSE
1313,0.91,0,0.5,1.0,1,1,4303,768,0.666,0.752,str('kl'),0.062,TRUE
1314,0.91,0,0.5,1.0,1,1,742,3335,0.063,0.011,str('intersection'),0.05,FALSE
1315,0.91,0,0.5,1.0,1,1,364,523,0.43,0.16,str('intersection'),0.01,TRUE
1316,0.91,1,0.5,0.7686217868402409,0,2,4593,2954,0.829,0.916,str('kl'),0.09,FALSE
1317,0.91,1,0.5,0.7686217868402409,0,2,2635,1888,0.13,0.287,str('kl'),0.074,TRUE
1318,0.91,0,0.5,1.0,1,1,2489,4631,0.607,0.544,str('intersection'),0.04,FALSE
1319,0.91,1,0.5,0.7686217868402409,0,2,2436,1702,0.18,0.38,str('intersection'),0.017,FALSE
1320,0.91,1,0.5,0.7686217868402409,0,2,2600,4270,0.591,0.637,str('kl'),0.095,TRUE
1321,0.91,0,0.5,1.0,1,1,4550,884,0.387,0.004,str('kl'),0.068,FALSE
1322,0.91,1,0.5,0.7686217868402409,0,2,339,3140,0.845,0.76,str('intersection'),0.035,TRUE
1323,0.91,1,0.5,0.7686217868402409,0,2,747,328,0.65,0.909,str('intersection'),0.029,FALSE
1324,0.91,1,0.5,0.7686217868402409,0,2,4367,3072,0.114,0.168,str('kl'),0.085,TRUE
1325,0.91,0,0.5,1.0,1,1,3486,2083,0.911,0.537,str('kl'),0.056,FALSE
1326,0.91,0,0.5,1.0,1,1,1481,4515,0.328,0.294,str('intersection'),0.045,TRUE
1327,0.91,0,0.5,1.0,1,1,1639,1005,0.996,0.229,str('kl'),0.039,FALSE
1328,0.91,0,0.5,1.0,1,1,3187,2521,0.247,0.521,str('kl'),0.036,TRUE
1329,0.91,0,0.5,1.0,1,1,4040,2318,0.794,0.153,str('kl'),0.021,FALSE
1330,0.91,0,0.5,1.0,1,1,1082,4906,0.445,0.894,str('intersection'),0.099,TRUE
1331,0.91,0,0.5,1.0,1,1,1,1469,0.063,0.806,str('intersection'),0.059,FALSE
1332,0.91,0,0.5,1.0,1,1,4878,3881,0.708,0.05,str('kl'),0.049,TRUE
1333,0.91,0,0.5,1.0,1,1,2896,959,0.254,0.683,str('kl'),0.031,FALSE
1334,0.91,0,0.5,1.0,1,1,2148,3684,0.978,0.426,str('intersection'),0.086,TRUE
1335,0.91,0,0.5,1.0,1,1,2022,1123,0.217,0.977,str('kl'),0.046,TRUE
1336,0.91,0,0.5,1.0,1,1,3102,3534,0.554,0.221,str('intersection'),0.058,FALSE
1337,0.91,0,0.5,1.0,1,1,4751,1316,0.47,0.609,str('intersection'),0.084,TRUE
1338,0.91,0,0.5,1.0,1,1,207,4039,0.76,0.352,str('kl'),0.027,FALSE
1339,0.91,0,0.5,1.0,1,1,1210,2477,0.737,0.451,str('kl'),0.033,TRUE
1340,0.91,0,0.5,1.0,1,1,3836,4752,0.026,0.693,str('intersection'),0.068,FALSE
1341,0.91,2,0.5,0.6332742086579153,0,3,3315,98,0.952,0.071,str('intersection'),0.097,TRUE
1342,0.91,0,0.5,1.0,1,1,1565,2685,0.287,0.812,str('kl'),0.017,FALSE
1343,0.91,0,0.5,1.0,1,1,1407,1820,0.896,0.63,str('intersection'),0.023,TRUE
1344,0.91,0,0.5,1.0,1,1,3708,3395,0.765,0.667,str('kl'),0.042,TRUE
1345,0.91,0,0.5,1.0,1,1,4067,1766,0.194,0.037,str('kl'),0.015,FALSE
1346,0.91,0,0.5,1.0,1,1,812,4218,0.543,0.794,str('intersection'),0.093,TRUE
1347,0.91,0,0.5,1.0,1,1,605,2030,0.957,0.879,str('intersection'),0.066,FALSE
1348,0.91,0,0.5,1.0,1,1,4519,4579,0.311,0.138,str('kl'),0.055,TRUE
1349,0.91,0,0.5,1.0,1,1,2709,583,0.727,0.503,str('kl'),0.025,FALSE
1350,0.91,0,0.5,1.0,1,1,2249,2819,0.003,0.261,str('intersection'),0.08,TRUE
1351,0.91,0,0.5,1.0,1,1,2303,2051,0.339,0.111,str('kl'),0.092,FALSE
1352,0.91,0,0.5,1.0,1,1,2741,4483,0.922,0.867,str('intersection'),0.014,TRUE
1353,0.91,0,0.5,1.0,1,1,4408,369,0.101,0.491,str('intersection'),0.043,FALSE
1354,0.91,0,0.5,1.0,1,1,471,3114,0.637,0.748,str('kl'),0.076,TRUE
1355,0.91,0,0.5,1.0,1,1,927,926,0.863,0.585,str('kl'),0.082,FALSE
1356,0.91,0,0.5,1.0,1,1,4195,3182,0.405,0.343,str('intersection'),0.027,TRUE
1357,0.91,0,0.5,1.0,1,1,3657,1670,0.571,0.954,str('intersection'),0.053,FALSE
1358,0.91,0,0.5,1.0,1,1,1300,4239,0.16,0.213,str('kl'),0.064,TRUE
1359,0.91,0,0.5,1.0,1,1,1770,246,0.517,0.279,str('intersection'),0.069,FALSE
1360,0.91,0,0.5,1.0,1,1,3425,4929,0.648,0.299,str('kl'),0.086,FALSE
1361,0.91,0,0.5,1.0,1,1,3802,236,0.314,0.933,str('kl'),0.056,TRUE
1362,0.91,0,0.5,1.0,1,1,1154,2627,0.917,0.177,str('intersection'),0.044,FALSE
1363,0.91,0,0.5,1.0,1,1,244,1066,0.581,0.03,str('intersection'),0.016,TRUE
1364,0.91,0,0.5,1.0,1,1,4801,3672,0.182,0.771,str('kl'),0.096,FALSE
1365,0.91,0,0.5,1.0,1,1,2973,1493,0.858,0.402,str('kl'),0.068,TRUE
1366,0.91,0,0.5,1.0,1,1,1905,3786,0.381,0.644,str('intersection'),0.034,FALSE
1367,0.91,0,0.5,1.0,1,1,2091,1334,0.673,0.202,str('kl'),0.097,FALSE
1368,0.91,0,0.5,1.0,1,1,2867,3941,0.09,0.943,str('intersection'),0.019,TRUE
1369,0.91,0,0.5,1.0,1,1,4987,1214,0.887,0.321,str('intersection'),0.038,FALSE
1370,0.91,0,0.5,1.0,1,1,137,3509,0.351,0.562,str('kl'),0.071,TRUE
1371,0.91,1,0.5,0.7686217868402409,0,2,970,72,0.156,0.728,str('kl'),0.088,FALSE
1372,0.91,0,0.5,1.0,1,1,3910,2777,0.614,0.47,str('intersection'),0.032,TRUE
1373,0.91,0,0.5,1.0,1,1,3240,2378,0.41,0.858,str('intersection'),0.048,FALSE
1374,0.91,0,0.5,1.0,1,1,1806,4771,0.821,0.102,str('kl'),0.058,TRUE
1375,0.91,0,0.5,1.0,1,1,1338,632,0.495,0.409,str('intersection'),0.075,FALSE
1376,0.91,1,0.5,0.7686217868402409,0,2,3570,4700,0.98,0.925,str('kl'),0.047,FALSE
1377,0.91,1,0.5,0.7686217868402409,0,2,4282,142,0.058,0.311,str('kl'),0.031,TRUE
1378,0.91,0,0.5,1.0,1,1,674,2711,0.703,0.553,str('intersection'),0.088,FALSE
1379,0.91,0,0.5,1.0,1,1,428,1148,0.789,0.652,str('intersection'),0.072,TRUE
1380,0.91,0,0.5,1.0,1,1,4616,3580,0.44,0.395,str('kl'),0.037,FALSE
1381,0.91,0,0.5,1.0,1,1,2532,1262,0.52,0.775,str('kl'),0.019,TRUE
1382,0.91,0,0.5,1.0,1,1,2346,4007,0.249,0.019,str('intersection'),0.098,FALSE
1383,0.91,0,0.5,1.0,1,1,2375,425,0.803,0.834,str('kl'),0.051,TRUE
1384,0.91,0,0.5,1.0,1,1,2503,2973,0.466,0.094,str('intersection'),0.063,FALSE
1385,0.91,0,0.5,1.0,1,1,4646,2180,0.51,0.704,str('intersection'),0.079,TRUE
1386,0.91,0,0.5,1.0,1,1,399,4415,0.22,0.462,str('kl'),0.022,FALSE
1387,0.91,0,0.5,1.0,1,1,684,1604,0.275,0.36,str('kl'),0.038,TRUE
1388,0.91,0,0.5,1.0,1,1,4272,4366,0.986,0.618,str('intersection'),0.073,FALSE
1389,0.91,0,0.5,1.0,1,1,3580,786,0.037,0.241,str('intersection'),0.091,TRUE
1390,0.91,0,0.5,1.0,1,1,1543,3236,0.702,0.998,str('kl'),0.012,FALSE
1391,0.91,0,0.5,1.0,1,1,1698,2225,0.123,0.557,str('intersection'),0.029,TRUE
1392,0.91,0,0.5,1.0,1,1,3211,3146,0.605,0.043,str('kl'),0.091,TRUE
1393,0.91,0,0.5,1.0,1,1,3939,1694,0.435,0.661,str('kl'),0.072,FALSE
1394,0.91,0,0.5,1.0,1,1,940,4281,0.835,0.419,str('intersection'),0.039,TRUE
1395,0.91,0,0.5,1.0,1,1,147,2095,0.671,0.256,str('intersection'),0.023,FALSE
1396,0.91,0,0.5,1.0,1,1,4977,4506,0.069,0.513,str('kl'),0.078,TRUE
1397,0.91,0,0.5,1.0,1,1,2876,334,0.893,0.129,str('kl'),0.062,FALSE
1398,0.91,0,0.5,1.0,1,1,2081,3058,0.369,0.885,str('intersection'),0.052,TRUE
1399,0.91,0,0.5,1.0,1,1,1876,498,0.575,0.46,str('kl'),0.081,TRUE
1400,0.91,0,0.5,1.0,1,1,3002,2910,0.164,0.717,str('intersection'),0.024,FALSE
1401,0.91,0,0.5,1.0,1,1,4771,1940,0.86,0.08,str('intersection'),0.054,TRUE
1402,0.91,0,0.5,1.0,1,1,273,4664,0.402,0.836,str('kl'),0.066,FALSE
1403,0.91,0,0.5,1.0,1,1,1144,1852,0.098,0.985,str('kl'),0.094,TRUE
1404,0.91,0,0.5,1.0,1,1,3812,4128,0.634,0.244,str('intersection'),0.014,FALSE
1405,0.91,1,0.5,0.7686217868402409,0,2,3415,722,0.343,0.616,str('intersection'),0.041,TRUE
1406,0.91,1,0.5,0.7686217868402409,0,2,1707,3310,0.926,0.374,str('kl'),0.076,FALSE
1407,0.91,0,0.5,1.0,1,1,1552,2444,0.257,0.184,str('intersection'),0.059,TRUE
1408,0.91,0,0.5,1.0,1,1,3647,2770,0.375,0.145,str('kl'),0.096,TRUE
1409,0.91,0,0.5,1.0,1,1,4205,2392,0.584,0.526,str('kl'),0.067,FALSE
1410,0.91,0,0.5,1.0,1,1,918,4842,0.184,0.268,str('intersection'),0.034,TRUE
1411,0.91,1,0.5,0.7686217868402409,0,2,500,1406,0.317,0.434,str('intersection'),0.028,FALSE
1412,0.91,0,0.5,1.0,1,1,4379,3954,0.919,0.675,str('kl'),0.083,TRUE
1413,0.91,0,0.5,1.0,1,1,2770,1208,0.118,0.061,str('kl'),0.057,FALSE
1414,0.91,0,0.5,1.0,1,1,2274,3444,0.642,0.802,str('intersection'),0.046,TRUE
1415,0.91,0,0.5,1.0,1,1,2239,1427,0.947,0.577,str('kl'),0.035,FALSE
1416,0.91,0,0.5,1.0,1,1,2719,3857,0.283,0.321,str('intersection'),0.068,TRUE
1417,0.91,0,0.5,1.0,1,1,4509,995,0.74,0.946,str('intersection'),0.095,FALSE
1418,0.91,0,0.5,1.0,1,1,614,3738,0.029,0.19,str('kl'),0.017,TRUE
1419,0.91,0,0.5,1.0,1,1,783,302,0.473,0.102,str('kl'),0.045,FALSE
1420,0.91,0,0.5,1.0,1,1,4097,2556,0.764,0.843,str('intersection'),0.055,TRUE
1421,0.91,0,0.5,1.0,1,1,3678,2296,0.212,0.483,str('intersection'),0.085,FALSE
1422,0.91,1,0.5,0.7686217868402409,0,2,1367,4863,0.55,0.725,str('kl'),0.029,TRUE
1423,0.91,0,0.5,1.0,1,1,1835,872,0.127,0.783,str('intersection'),0.012,FALSE
1424,0.91,1,0.5,0.7686217868402409,0,2,1594,1599,0.732,0.006,str('intersection'),0.064,TRUE
1425,0.91,1,0.5,0.7686217868402409,0,2,3285,4305,0.009,0.762,str('kl'),0.052,FALSE
1426,0.91,0,0.5,1.0,1,1,3865,860,0.954,0.378,str('kl'),0.026,TRUE
1427,0.91,0,0.5,1.0,1,1,1181,3253,0.309,0.636,str('intersection'),0.083,FALSE
1428,0.91,0,0.5,1.0,1,1,216,440,0.192,0.534,str('intersection'),0.077,TRUE
1429,0.91,0,0.5,1.0,1,1,4741,3047,0.541,0.292,str('kl'),0.043,FALSE
1430,0.91,0,0.5,1.0,1,1,3112,2117,0.5,0.91,str('kl'),0.013,TRUE
1431,0.91,0,0.5,1.0,1,1,2012,4412,0.771,0.169,str('intersection'),0.093,FALSE
1432,0.91,1,0.5,0.7686217868402409,0,2,2119,1959,0.034,0.735,str('kl'),0.041,FALSE
1433,0.91,0,0.5,1.0,1,1,2926,4565,0.698,0.494,str('intersection'),0.074,TRUE
1434,0.91,0,0.5,1.0,1,1,4848,590,0.279,0.866,str('intersection'),0.089,FALSE
1435,0.91,0,0.5,1.0,1,1,30,2884,0.99,0.125,str('kl'),0.011,TRUE
1436,0.91,0,0.5,1.0,1,1,1073,697,0.515,0.21,str('kl'),0.051,FALSE
1437,0.91,1,0.5,0.7686217868402409,0,2,4050,3401,0.224,0.967,str('intersection'),0.061,TRUE
1438,0.91,0,0.5,1.0,1,1,3177,1754,0.8,0.329,str('intersection'),0.079,FALSE
1439,0.91,1,0.5,0.7686217868402409,0,2,1780,4145,0.462,0.587,str('kl'),0.023,TRUE
1440,0.91,0,0.5,1.0,1,1,1452,1245,0.632,0.602,str('kl'),0.094,FALSE
1441,0.91,0,0.5,1.0,1,1,3516,3480,0.107,0.344,str('intersection'),0.016,TRUE
1442,0.91,0,0.5,1.0,1,1,4337,1360,0.932,0.982,str('intersection'),0.042,FALSE
1443,0.91,0,0.5,1.0,1,1,776,3907,0.33,0.225,str('kl'),0.075,TRUE
1444,0.91,0,0.5,1.0,1,1,330,2346,0.166,0.079,str('kl'),0.081,FALSE
1445,0.91,0,0.5,1.0,1,1,4560,4796,0.565,0.819,str('intersection'),0.025,TRUE
1446,0.91,1,0.5,0.7686217868402409,0,2,2591,44,0.396,0.447,str('intersection'),0.055,FALSE
1447,0.91,0,0.5,1.0,1,1,2445,2807,0.873,0.689,str('kl'),0.065,TRUE
1448,0.91,0,0.5,1.0,1,1,2479,1049,0.413,0.352,str('kl'),0.087,TRUE
1449,0.91,0,0.5,1.0,1,1,2644,3598,0.824,0.594,str('intersection'),0.03,FALSE
1450,0.91,0,0.5,1.0,1,1,4584,1554,0.152,0.233,str('intersection'),0.048,TRUE
1451,0.91,0,0.5,1.0,1,1,374,3791,0.61,0.974,str('kl'),0.06,FALSE
1452,0.91,0,0.5,1.0,1,1,713,2228,0.883,0.827,str('kl'),0.1,TRUE
1453,0.91,1,0.5,0.7686217868402409,0,2,4332,4992,0.347,0.071,str('intersection'),0.02,FALSE
1454,0.91,1,0.5,0.7686217868402409,0,2,3443,161,0.676,0.697,str('intersection'),0.035,TRUE
1455,0.91,0,0.5,1.0,1,1,1437,2612,0.093,0.439,str('kl'),0.07,FALSE
1456,0.91,0,0.5,1.0,1,1,1735,2153,0.75,0.485,str('kl'),0.044,TRUE
1457,0.91,0,0.5,1.0,1,1,3153,4449,0.479,0.743,str('intersection'),0.056,FALSE
1458,0.91,0,0.5,1.0,1,1,3996,394,0.559,0.117,str('intersection'),0.085,TRUE
1459,0.91,0,0.5,1.0,1,1,1038,3001,0.21,0.874,str('kl'),0.028,FALSE
1460,0.91,0,0.5,1.0,1,1,45,813,0.296,0.959,str('kl'),0.034,TRUE
1461,0.91,0,0.5,1.0,1,1,4921,3206,0.941,0.218,str('intersection'),0.069,FALSE
1462,0.91,0,0.5,1.0,1,1,2931,1636,0.019,0.578,str('intersection'),0.095,TRUE
1463,0.91,0,0.5,1.0,1,1,2182,4341,0.743,0.337,str('kl'),0.016,FALSE
1464,0.91,0,0.5,1.0,1,1,1978,1795,0.45,0.755,str('intersection'),0.071,FALSE
1465,0.91,0,0.5,1.0,1,1,3058,4187,0.787,0.014,str('kl'),0.038,TRUE
1466,0.91,0,0.5,1.0,1,1,4717,665,0.235,0.628,str('kl'),0.02,FALSE
1467,0.91,0,0.5,1.0,1,1,172,3369,0.525,0.386,str('intersection'),0.098,TRUE
1468,0.91,0,0.5,1.0,1,1,1244,558,0.97,0.284,str('intersection'),0.058,FALSE
1469,0.91,0,0.5,1.0,1,1,3870,2851,0.258,0.542,str('kl'),0.047,TRUE
1470,0.91,0,0.5,1.0,1,1,3358,2000,0.717,0.161,str('kl'),0.032,FALSE
1471,0.91,0,0.5,1.0,1,1,1609,4607,0.052,0.918,str('intersection'),0.088,TRUE
1472,0.91,0,0.5,1.0,1,1,1372,1309,0.23,0.328,str('kl'),0.05,TRUE
1473,0.91,0,0.5,1.0,1,1,3742,4053,0.501,0.57,str('intersection'),0.062,FALSE
1474,0.91,0,0.5,1.0,1,1,4112,1111,0.461,0.198,str('intersection'),0.08,TRUE
1475,0.91,0,0.5,1.0,1,1,856,3543,0.809,0.938,str('kl'),0.023,FALSE
1476,0.91,1,0.5,0.7686217868402409,0,2,560,106,0.692,0.851,str('kl'),0.04,TRUE
1477,0.91,0,0.5,1.0,1,1,4475,2674,0.047,0.095,str('intersection'),0.074,FALSE
1478,0.91,0,0.5,1.0,1,1,2674,2490,0.993,0.732,str('intersection'),0.09,TRUE
1479,0.91,0,0.5,1.0,1,1,2215,4746,0.269,0.475,str('kl'),0.011,FALSE
1480,0.91,1,0.5,0.7686217868402409,0,2,2337,202,0.075,0.153,str('intersection'),0.022,TRUE
1481,0.91,0,0.5,1.0,1,1,2776,2653,0.658,0.894,str('kl'),0.079,FALSE
1482,0.91,0,0.5,1.0,1,1,4451,2196,0.367,0.276,str('kl'),0.063,TRUE
1483,0.91,0,0.5,1.0,1,1,515,4960,0.903,0.518,str('intersection'),0.051,FALSE
1484,0.91,0,0.5,1.0,1,1,883,1522,0.599,0.683,str('intersection'),0.011,TRUE
1485,0.91,0,0.5,1.0,1,1,4151,3759,0.141,0.426,str('kl'),0.091,FALSE
1486,0.91,0,0.5,1.0,1,1,3623,1091,0.837,0.81,str('kl'),0.073,TRUE
1487,0.91,0,0.5,1.0,1,1,1265,3640,0.426,0.053,str('intersection'),0.039,FALSE
1488,0.91,1,0.5,0.7686217868402409,0,2,1654,381,0.356,0.709,str('kl'),0.099,FALSE
1489,0.91,1,0.5,0.7686217868402409,0,2,3381,3104,0.881,0.467,str('intersection'),0.021,TRUE
1490,0.91,0,0.5,1.0,1,1,3768,2058,0.08,0.828,str('intersection'),0.036,FALSE
1491,0.91,0,0.5,1.0,1,1,1120,4469,0.682,0.087,str('kl'),0.07,TRUE
1492,0.91,0,0.5,1.0,1,1,278,1658,0.814,0.236,str('kl'),0.086,FALSE
1493,0.91,0,0.5,1.0,1,1,4835,4244,0.415,0.992,str('intersection'),0.031,TRUE
1494,0.91,0,0.5,1.0,1,1,3017,918,0.623,0.367,str('intersection'),0.049,FALSE
1495,0.91,0,0.5,1.0,1,1,1949,3192,0.146,0.624,str('kl'),0.06,TRUE
1496,0.91,0,0.5,1.0,1,1,2057,754,0.906,0.035,str('intersection'),0.027,TRUE
1497,0.91,0,0.5,1.0,1,1,2832,3342,0.323,0.791,str('kl'),0.084,FALSE
1498,0.91,0,0.5,1.0,1,1,4943,1810,0.652,0.411,str('kl'),0.057,TRUE
1499,0.91,0,0.5,1.0,1,1,93,4086,0.116,0.668,str('intersection'),0.045,FALSE
1500,0.91,0,0.5,1.0,1,1,1013,1899,0.389,0.505,str('intersection'),0.018,TRUE
1501,0.91,0,0.5,1.0,1,1,3954,4623,0.847,0.263,str('kl'),0.097,FALSE
1502,0.91,0,0.5,1.0,1,1,3274,529,0.175,0.877,str('kl'),0.067,TRUE
1503,0.91,0,0.5,1.0,1,1,1840,2941,0.586,0.137,str('intersection'),0.033,FALSE
1504,0.91,1,0.5,0.7686217868402409,0,2,1503,947,0.331,0.916,str('intersection'),0.069,TRUE
1505,0.91,0,0.5,1.0,1,1,3542,3711,0.93,0.159,str('kl'),0.036,FALSE
1506,0.91,0,0.5,1.0,1,1,4232,1453,0.109,0.544,str('kl'),0.021,TRUE
1507,0.91,0,0.5,1.0,1,1,647,3904,0.63,0.286,str('intersection'),0.099,FALSE
1508,0.91,1,0.5,0.7686217868402409,0,2,439,2341,0.871,0.388,str('intersection'),0.06,TRUE
1509,0.91,1,0.5,0.7686217868402409,0,2,4684,4890,0.398,0.63,str('kl'),0.049,FALSE
1510,0.91,1,0.5,0.7686217868402409,0,2,2544,274,0.563,0.012,str('kl'),0.03,TRUE
1511,0.91,0,0.5,1.0,1,1,2414,2510,0.168,0.752,str('intersection'),0.086,FALSE
1512,0.91,0,0.5,1.0,1,1,2419,2328,0.539,0.932,str('intersection'),0.077,FALSE
1513,0.91,1,0.5,0.7686217868402409,0,2,2547,4895,0.202,0.176,str('kl'),0.044,TRUE
1514,0.91,1,0.5,0.7686217868402409,0,2,4680,260,0.777,0.56,str('kl'),0.014,FALSE
1515,0.91,0,0.5,1.0,1,1,433,2515,0.486,0.303,str('intersection'),0.092,TRUE
1516,0.91,0,0.5,1.0,1,1,651,953,0.01,0.403,str('intersection'),0.064,FALSE
1517,0.91,0,0.5,1.0,1,1,4238,3696,0.722,0.645,str('kl'),0.053,TRUE
1518,0.91,0,0.5,1.0,1,1,3536,1458,0.303,0.027,str('kl'),0.026,FALSE
1519,0.91,1,0.5,0.7686217868402409,0,2,1498,3889,0.968,0.767,str('intersection'),0.082,TRUE
1520,0.91,0,0.5,1.0,1,1,1845,1913,0.209,0.051,str('intersection'),0.023,FALSE
1521,0.91,0,0.5,1.0,1,1,3277,4617,0.561,0.808,str('kl'),0.08,TRUE
1522,0.91,1,0.5,0.7686217868402409,0,2,3950,544,0.478,0.428,str('kl'),0.062,FALSE
1523,0.91,1,0.5,0.7686217868402409,0,2,1007,2936,0.752,0.685,str('intersection'),0.05,TRUE
1524,0.91,0,0.5,1.0,1,1,96,749,0.745,0.52,str('intersection'),0.011,FALSE
1525,0.91,0,0.5,1.0,1,1,4948,3355,0.017,0.278,str('kl'),0.09,TRUE
1526,0.91,0,0.5,1.0,1,1,2826,1806,0.943,0.892,str('kl'),0.074,FALSE
1527,0.91,0,0.5,1.0,1,1,2053,4100,0.294,0.152,str('intersection'),0.04,TRUE
1528,0.91,0,0.5,1.0,1,1,1946,1642,0.524,0.695,str('kl'),0.092,TRUE
1529,0.91,1,0.5,0.7686217868402409,0,2,3012,4249,0.237,0.453,str('intersection'),0.014,FALSE
1530,0.91,0,0.5,1.0,1,1,4842,903,0.785,0.813,str('intersection'),0.044,TRUE
1531,0.91,0,0.5,1.0,1,1,282,3198,0.452,0.073,str('kl'),0.077,FALSE
1532,0.91,0,0.5,1.0,1,1,1115,385,0.054,0.219,str('kl'),0.082,TRUE
1533,0.91,0,0.5,1.0,1,1,3765,3090,0.715,0.976,str('intersection'),0.026,FALSE
1534,0.91,0,0.5,1.0,1,1,3385,2062,0.26,0.35,str('intersection'),0.053,TRUE
1535,0.91,0,0.5,1.0,1,1,1661,4455,0.968,0.608,str('kl'),0.064,FALSE
1536,0.91,1,0.5,0.7686217868402409,0,2,1262,1508,0.811,0.138,str('intersection'),0.028,FALSE
1537,0.91,0,0.5,1.0,1,1,3617,3763,0.459,0.88,str('kl'),0.085,TRUE
1538,0.91,0,0.5,1.0,1,1,4158,1076,0.503,0.261,str('kl'),0.056,FALSE
1539,0.91,0,0.5,1.0,1,1,887,3643,0.228,0.503,str('intersection'),0.044,TRUE
1540,0.91,1,0.5,0.7686217868402409,0,2,509,208,0.267,0.666,str('intersection'),0.016,FALSE
1541,0.91,0,0.5,1.0,1,1,4449,2638,0.995,0.409,str('kl'),0.095,TRUE
1542,0.91,1,0.5,0.7686217868402409,0,2,2779,2201,0.045,0.793,str('kl'),0.069,FALSE
1543,0.91,0,0.5,1.0,1,1,2344,4944,0.694,0.037,str('intersection'),0.034,TRUE
1544,0.91,1,0.5,0.7686217868402409,0,2,2208,111,0.905,0.343,str('kl'),0.045,FALSE
1545,0.91,0,0.5,1.0,1,1,2671,2659,0.365,0.584,str('intersection'),0.057,TRUE
1546,0.91,0,0.5,1.0,1,1,4478,2496,0.66,0.212,str('intersection'),0.084,FALSE
1547,0.91,0,0.5,1.0,1,1,566,4731,0.073,0.953,str('kl'),0.028,TRUE
1548,0.91,0,0.5,1.0,1,1,852,1295,0.424,0.868,str('kl'),0.033,FALSE
1549,0.91,0,0.5,1.0,1,1,4105,4057,0.839,0.111,str('intersection'),0.067,TRUE
1550,0.91,0,0.5,1.0,1,1,3747,1097,0.139,0.749,str('intersection'),0.097,FALSE
1551,0.91,0,0.5,1.0,1,1,1375,3547,0.601,0.491,str('kl'),0.017,TRUE
1552,0.91,0,0.5,1.0,1,1,1602,562,0.68,0.769,str('intersection'),0.075,TRUE
1553,0.91,0,0.5,1.0,1,1,3354,2838,0.082,0.028,str('kl'),0.042,FALSE
1554,0.91,0,0.5,1.0,1,1,3873,2004,0.879,0.643,str('kl'),0.015,TRUE
1555,0.91,0,0.5,1.0,1,1,1250,4592,0.358,0.401,str('intersection'),0.094,FALSE
1556,0.91,0,0.5,1.0,1,1,168,1780,0.148,0.301,str('intersection'),0.065,TRUE
1557,0.91,0,0.5,1.0,1,1,4710,4192,0.621,0.558,str('kl'),0.055,FALSE
1558,0.91,0,0.5,1.0,1,1,3064,650,0.417,0.178,str('kl'),0.025,TRUE
1559,0.91,0,0.5,1.0,1,1,1981,3374,0.812,0.934,str('intersection'),0.081,FALSE
1560,0.91,0,0.5,1.0,1,1,2187,809,0.114,0.469,str('kl'),0.051,FALSE
1561,0.91,0,0.5,1.0,1,1,2937,3220,0.654,0.726,str('intersection'),0.063,TRUE
1562,0.91,0,0.5,1.0,1,1,4916,1632,0.321,0.101,str('intersection'),0.078,FALSE
1563,0.91,0,0.5,1.0,1,1,42,4355,0.908,0.857,str('kl'),0.021,TRUE
1564,0.91,0,0.5,1.0,1,1,1045,2169,0.588,0.944,str('kl'),0.039,FALSE
1565,0.91,0,0.5,1.0,1,1,4001,4443,0.173,0.203,str('intersection'),0.073,TRUE
1566,0.91,0,0.5,1.0,1,1,3150,409,0.849,0.564,str('intersection'),0.091,FALSE
1567,0.91,0,0.5,1.0,1,1,1730,2995,0.387,0.322,str('kl'),0.012,TRUE
1568,0.91,0,0.5,1.0,1,1,1443,2243,0.705,0.369,str('kl'),0.083,FALSE
1569,0.91,1,0.5,0.7686217868402409,0,2,3445,4986,0.056,0.61,str('intersection'),0.026,TRUE
1570,0.91,1,0.5,0.7686217868402409,0,2,4328,175,0.982,0.25,str('intersection'),0.052,FALSE
1571,0.91,0,0.5,1.0,1,1,706,2606,0.255,0.991,str('kl'),0.064,TRUE
1572,0.91,0,0.5,1.0,1,1,377,1045,0.247,0.842,str('kl'),0.093,FALSE
1573,0.91,0,0.5,1.0,1,1,4589,3612,0.522,0.086,str('intersection'),0.013,TRUE
1574,0.91,0,0.5,1.0,1,1,2637,1550,0.438,0.711,str('intersection'),0.043,FALSE
1575,0.91,0,0.5,1.0,1,1,2475,3805,0.791,0.454,str('kl'),0.077,TRUE
1576,0.91,0,0.5,1.0,1,1,2451,2360,0.488,0.618,str('kl'),0.098,TRUE
1577,0.91,0,0.5,1.0,1,1,2594,4792,0.775,0.361,str('intersection'),0.02,FALSE
1578,0.91,1,0.5,0.7686217868402409,0,2,4555,58,0.204,0.998,str('intersection'),0.038,TRUE
1579,0.91,0,0.5,1.0,1,1,323,2802,0.537,0.242,str('kl'),0.071,FALSE
1580,0.91,0,0.5,1.0,1,1,780,1239,0.966,0.093,str('kl'),0.088,TRUE
1581,0.91,0,0.5,1.0,1,1,4343,3495,0.305,0.834,str('intersection'),0.032,FALSE
1582,0.91,0,0.5,1.0,1,1,3509,1354,0.72,0.462,str('intersection'),0.047,TRUE
1583,0.91,0,0.5,1.0,1,1,1447,3922,0.012,0.703,str('kl'),0.058,FALSE
1584,0.91,0,0.5,1.0,1,1,1784,691,0.833,0.719,str('kl'),0.034,TRUE
1585,0.91,0,0.5,1.0,1,1,3184,3416,0.437,0.477,str('intersection'),0.067,FALSE
1586,0.91,0,0.5,1.0,1,1,4044,1748,0.603,0.849,str('intersection'),0.096,TRUE
1587,0.91,0,0.5,1.0,1,1,1070,4160,0.129,0.108,str('kl'),0.018,FALSE
1588,0.91,0,0.5,1.0,1,1,37,1973,0.371,0.196,str('kl'),0.046,TRUE
1589,0.91,0,0.5,1.0,1,1,4852,4561,0.891,0.952,str('intersection'),0.057,FALSE
1590,0.91,0,0.5,1.0,1,1,2923,603,0.071,0.315,str('intersection'),0.083,TRUE
1591,0.91,0,0.5,1.0,1,1,2113,2879,0.669,0.572,str('kl'),0.028,FALSE
1592,0.91,0,0.5,1.0,1,1,2005,446,0.4,0.021,str('intersection'),0.06,FALSE
1593,0.91,1,0.5,0.7686217868402409,0,2,3107,3032,0.862,0.777,str('kl'),0.048,TRUE
1594,0.91,0,0.5,1.0,1,1,4744,2122,0.162,0.393,str('kl'),0.03,FALSE
1595,0.91,0,0.5,1.0,1,1,222,4396,0.577,0.65,str('intersection'),0.087,TRUE
1596,0.91,1,0.5,0.7686217868402409,0,2,1176,1585,0.928,0.55,str('intersection'),0.07,FALSE
1597,0.91,1,0.5,0.7686217868402409,0,2,3858,4309,0.341,0.309,str('kl'),0.035,TRUE
1598,0.91,1,0.5,0.7686217868402409,0,2,3291,845,0.636,0.927,str('kl'),0.021,FALSE
1599,0.91,1,0.5,0.7686217868402409,0,2,1598,3256,0.096,0.186,str('intersection'),0.1,TRUE
1600,0.91,0,0.5,1.0,1,1,1831,4296,0.513,0.9,str('intersection'),0.045,FALSE
1601,0.91,0,0.5,1.0,1,1,1361,306,0.186,0.592,str('kl'),0.039,TRUE
1602,0.91,0,0.5,1.0,1,1,3674,2542,0.582,0.335,str('intersection'),0.072,FALSE
1603,0.91,0,0.5,1.0,1,1,4100,2300,0.377,0.961,str('intersection'),0.091,TRUE
1604,0.91,0,0.5,1.0,1,1,788,4849,0.851,0.204,str('kl'),0.013,FALSE
1605,0.91,0,0.5,1.0,1,1,610,1411,0.64,0.119,str('kl'),0.052,TRUE
1606,0.91,0,0.5,1.0,1,1,4503,3862,0.12,0.86,str('intersection'),0.062,FALSE
1607,0.91,0,0.5,1.0,1,1,2724,979,0.917,0.499,str('intersection'),0.078,TRUE
1608,0.91,0,0.5,1.0,1,1,2242,3743,0.319,0.741,str('kl'),0.022,FALSE
1609,0.91,0,0.5,1.0,1,1,2270,1391,0.031,0.887,str('intersection'),0.011,TRUE
1610,0.91,0,0.5,1.0,1,1,2765,3959,0.738,0.131,str('kl'),0.089,FALSE
1611,0.91,0,0.5,1.0,1,1,4385,1193,0.285,0.511,str('kl'),0.074,TRUE
1612,0.91,0,0.5,1.0,1,1,504,3449,0.945,0.254,str('intersection'),0.041,FALSE
1613,0.91,1,0.5,0.7686217868402409,0,2,4202,2756,0.214,0.659,str('kl'),0.079,FALSE
1614,0.91,0,0.5,1.0,1,1,3651,2396,0.762,0.044,str('kl'),0.061,TRUE
1615,0.91,0,0.5,1.0,1,1,1316,4828,0.475,0.785,str('intersection'),0.051,FALSE
1616,0.91,0,0.5,1.0,1,1,1547,2705,0.884,0.004,str('intersection'),0.094,TRUE
1617,0.91,0,0.5,1.0,1,1,1704,1838,0.307,0.445,str('kl'),0.088,FALSE
1618,0.91,1,0.5,0.7686217868402409,0,2,3410,4132,0.956,0.702,str('intersection'),0.031,TRUE
1619,0.91,1,0.5,0.7686217868402409,0,2,3818,708,0.007,0.065,str('intersection'),0.047,FALSE
1620,0.91,0,0.5,1.0,1,1,1149,3314,0.734,0.822,str('kl'),0.059,TRUE
1621,0.91,0,0.5,1.0,1,1,268,503,0.773,0.968,str('kl'),0.098,FALSE
1622,0.91,1,0.5,0.7686217868402409,0,2,4768,2894,0.498,0.227,str('intersection'),0.019,TRUE
1623,0.91,0,0.5,1.0,1,1,3007,1945,0.543,0.6,str('intersection'),0.037,FALSE
1624,0.91,0,0.5,1.0,1,1,1882,4649,0.19,0.358,str('kl'),0.072,TRUE
1625,0.91,0,0.5,1.0,1,1,2087,2108,0.989,0.8,str('intersection'),0.017,TRUE
1626,0.91,0,0.5,1.0,1,1,2879,4501,0.281,0.059,str('kl'),0.095,FALSE
1627,0.91,0,0.5,1.0,1,1,4973,348,0.696,0.677,str('kl'),0.068,TRUE
1628,0.91,0,0.5,1.0,1,1,140,3054,0.036,0.436,str('intersection'),0.035,FALSE
1629,0.91,0,0.5,1.0,1,1,943,866,0.464,0.27,str('intersection'),0.029,TRUE
1630,0.91,0,0.5,1.0,1,1,3945,3161,0.798,0.528,str('kl'),0.085,FALSE
1631,0.91,0,0.5,1.0,1,1,3204,1689,0.226,0.143,str('kl'),0.055,TRUE
1632,0.91,1,0.5,0.7686217868402409,0,2,1694,2633,0.735,0.628,str('intersection'),0.038,TRUE
1633,0.91,1,0.5,0.7686217868402409,0,2,1537,1617,0.065,0.818,str('kl'),0.044,FALSE
1634,0.91,0,0.5,1.0,1,1,3577,4362,0.664,0.077,str('intersection'),0.056,TRUE
1635,0.91,0,0.5,1.0,1,1,4276,800,0.373,0.687,str('intersection'),0.086,FALSE
1636,0.91,1,0.5,0.7686217868402409,0,2,691,3232,0.894,0.446,str('kl'),0.029,TRUE
1637,0.91,0,0.5,1.0,1,1,396,419,0.605,0.346,str('kl'),0.034,FALSE
1638,0.91,0,0.5,1.0,1,1,4640,2987,0.132,0.603,str('intersection'),0.068,TRUE
1639,0.91,1,0.5,0.7686217868402409,0,2,2510,2174,0.827,0.227,str('intersection'),0.096,FALSE
1640,0.91,1,0.5,0.7686217868402409,0,2,2379,4430,0.432,0.983,str('kl'),0.016,TRUE
1641,0.91,0,0.5,1.0,1,1,2350,1143,0.612,0.168,str('intersection'),0.066,FALSE
1642,0.91,0,0.5,1.0,1,1,2539,3593,0.15,0.908,str('kl'),0.054,TRUE
1643,0.91,0,0.5,1.0,1,1,4611,1258,0.826,0.294,str('kl'),0.024,FALSE
1644,0.91,0,0.5,1.0,1,1,425,4021,0.411,0.536,str('intersection'),0.081,TRUE
1645,0.91,0,0.5,1.0,1,1,681,2459,0.091,0.638,str('intersection'),0.076,FALSE
1646,0.91,0,0.5,1.0,1,1,4286,4694,0.678,0.38,str('kl'),0.041,TRUE
1647,0.91,1,0.5,0.7686217868402409,0,2,3567,157,0.345,0.761,str('kl'),0.014,FALSE
1648,0.91,0,0.5,1.0,1,1,1332,4203,0.865,0.277,str('intersection'),0.088,FALSE
1649,0.91,1,0.5,0.7686217868402409,0,2,1802,67,0.443,0.218,str('kl'),0.093,TRUE
1650,0.91,0,0.5,1.0,1,1,3233,2790,0.796,0.959,str('intersection'),0.015,FALSE
1651,0.91,0,0.5,1.0,1,1,3916,2374,0.245,0.337,str('intersection'),0.042,TRUE
1652,0.91,0,0.5,1.0,1,1,972,4785,0.519,0.579,str('kl'),0.075,FALSE
1653,0.91,1,0.5,0.7686217868402409,0,2,130,1348,0.979,0.742,str('kl'),0.08,TRUE
1654,0.91,0,0.5,1.0,1,1,4983,3935,0.252,0.485,str('intersection'),0.025,FALSE
1655,0.91,1,0.5,0.7686217868402409,0,2,2869,1229,0.71,0.873,str('intersection'),0.055,TRUE
1656,0.91,0,0.5,1.0,1,1,2097,3503,0.061,0.117,str('kl'),0.065,FALSE
1657,0.91,1,0.5,0.7686217868402409,0,2,1912,1070,0.758,0.542,str('intersection'),0.022,FALSE
1658,0.91,0,0.5,1.0,1,1,2978,3657,0.472,0.285,str('kl'),0.079,TRUE
1659,0.91,0,0.5,1.0,1,1,4797,1497,0.552,0.918,str('kl'),0.063,FALSE
1660,0.91,0,0.5,1.0,1,1,238,3773,0.219,0.162,str('intersection'),0.051,TRUE
1661,0.91,0,0.5,1.0,1,1,1159,2209,0.289,0.013,str('intersection'),0.012,FALSE
1662,0.91,1,0.5,0.7686217868402409,0,2,3809,4934,0.95,0.754,str('kl'),0.091,TRUE
1663,0.91,1,0.5,0.7686217868402409,0,2,3420,220,0.027,0.386,str('kl'),0.073,FALSE
1664,0.91,0,0.5,1.0,1,1,1774,4920,0.154,0.412,str('intersection'),0.082,FALSE
1665,0.91,1,0.5,0.7686217868402409,0,2,1306,931,0.545,0.096,str('kl'),0.099,TRUE
1666,0.91,0,0.5,1.0,1,1,3661,3167,0.192,0.853,str('intersection'),0.021,FALSE
1667,0.91,0,0.5,1.0,1,1,4192,1675,0.767,0.476,str('intersection'),0.036,TRUE
1668,0.91,0,0.5,1.0,1,1,922,4223,0.493,0.734,str('kl'),0.069,FALSE
1669,0.91,0,0.5,1.0,1,1,475,2037,0.001,0.568,str('kl'),0.086,TRUE
1670,0.91,1,0.5,0.7686217868402409,0,2,4414,4487,0.728,0.327,str('intersection'),0.031,FALSE
1671,0.91,1,0.5,0.7686217868402409,0,2,2736,355,0.309,0.937,str('intersection'),0.049,TRUE
1672,0.91,0,0.5,1.0,1,1,2300,3117,0.959,0.196,str('kl'),0.06,FALSE
1673,0.91,1,0.5,0.7686217868402409,0,2,2252,2016,0.639,0.424,str('intersection'),0.071,TRUE
1674,0.91,0,0.5,1.0,1,1,2714,4583,0.099,0.681,str('kl'),0.038,FALSE
1675,0.91,0,0.5,1.0,1,1,4513,569,0.924,0.052,str('kl'),0.019,TRUE
1676,0.91,0,0.5,1.0,1,1,600,2824,0.337,0.808,str('intersection'),0.097,FALSE
1677,0.91,0,0.5,1.0,1,1,817,637,0.158,0.896,str('intersection'),0.058,TRUE
1678,0.91,0,0.5,1.0,1,1,4071,3380,0.573,0.155,str('kl'),0.048,FALSE
1679,0.91,0,0.5,1.0,1,1,3703,1772,0.403,0.519,str('kl'),0.032,TRUE
1680,0.91,0,0.5,1.0,1,1,1413,3330,0.277,0.559,str('intersection'),0.033,TRUE
1681,0.91,0,0.5,1.0,1,1,1568,2462,0.915,0.992,str('kl'),0.05,FALSE
1682,0.91,0,0.5,1.0,1,1,3320,4757,0.316,0.235,str('intersection'),0.062,TRUE
1683,0.91,1,0.5,0.7686217868402409,0,2,3829,82,0.646,0.624,str('intersection'),0.08,FALSE
1684,0.91,0,0.5,1.0,1,1,1205,2690,0.125,0.366,str('kl'),0.023,TRUE
1685,0.91,1,0.5,0.7686217868402409,0,2,212,1127,0.383,0.468,str('kl'),0.04,FALSE
1686,0.91,0,0.5,1.0,1,1,4754,3520,0.856,0.71,str('intersection'),0.074,TRUE
1687,0.91,0,0.5,1.0,1,1,3097,1320,0.184,0.088,str('intersection'),0.09,FALSE
1688,0.91,0,0.5,1.0,1,1,2015,4025,0.579,0.829,str('kl'),0.01,TRUE
1689,0.91,0,0.5,1.0,1,1,2142,1484,0.349,0.263,str('intersection'),0.076,TRUE
1690,0.91,1,0.5,0.7686217868402409,0,2,2893,3876,0.889,0.505,str('kl'),0.043,FALSE
1691,0.91,0,0.5,1.0,1,1,4882,974,0.088,0.136,str('kl'),0.014,TRUE
1692,0.91,1,0.5,0.7686217868402409,0,2,8,3678,0.675,0.877,str('intersection'),0.092,FALSE
1693,0.91,1,0.5,0.7686217868402409,0,2,1080,242,0.823,0.792,str('intersection'),0.064,TRUE
1694,0.91,0,0.5,1.0,1,1,4034,2536,0.408,0.035,str('kl'),0.053,FALSE
1695,0.91,0,0.5,1.0,1,1,3194,2314,0.616,0.669,str('kl'),0.027,TRUE
1696,0.91,0,0.5,1.0,1,1,1632,3829,0.36,0.08,str('kl'),0.029,FALSE
1697,0.91,0,0.5,1.0,1,1,1477,324,0.94,0.396,str('intersection'),0.012,TRUE
1698,0.91,0,0.5,1.0,1,1,3480,3086,0.291,0.654,str('kl'),0.09,FALSE
1699,0.91,0,0.5,1.0,1,1,4372,2078,0.749,0.02,str('kl'),0.072,TRUE
1700,0.91,0,0.5,1.0,1,1,751,4528,0.022,0.777,str('intersection'),0.039,FALSE
1701,0.91,0,0.5,1.0,1,1,333,1717,0.482,0.923,str('intersection'),0.022,TRUE
1702,0.91,0,0.5,1.0,1,1,4545,4265,0.757,0.183,str('kl'),0.078,FALSE
1703,0.91,0,0.5,1.0,1,1,2604,899,0.205,0.551,str('kl'),0.063,TRUE
1704,0.91,1,0.5,0.7686217868402409,0,2,2441,3134,0.558,0.309,str('intersection'),0.052,FALSE
1705,0.91,0,0.5,1.0,1,1,2485,518,0.222,0.646,str('intersection'),0.027,FALSE
1706,0.91,0,0.5,1.0,1,1,2627,2969,0.508,0.404,str('kl'),0.084,TRUE
1707,0.91,1,0.5,0.7686217868402409,0,2,4599,1882,0.468,0.769,str('kl'),0.057,FALSE
1708,0.91,0,0.5,1.0,1,1,367,4646,0.801,0.028,str('intersection'),0.046,TRUE
1709,0.91,0,0.5,1.0,1,1,735,1834,0.7,0.175,str('intersection'),0.017,FALSE
1710,0.91,1,0.5,0.7686217868402409,0,2,4299,4070,0.039,0.931,str('kl'),0.097,TRUE
1711,0.91,0,0.5,1.0,1,1,3475,781,0.984,0.301,str('kl'),0.068,FALSE
1712,0.91,0,0.5,1.0,1,1,1272,2923,0.242,0.945,str('kl'),0.076,TRUE
1713,0.91,1,0.5,0.7686217868402409,0,2,1740,1288,0.567,0.513,str('intersection'),0.059,FALSE
1714,0.91,1,0.5,0.7686217868402409,0,2,3140,3993,0.171,0.255,str('kl'),0.047,TRUE
1715,0.91,0,0.5,1.0,1,1,4010,1168,0.867,0.885,str('kl'),0.032,FALSE
1716,0.91,0,0.5,1.0,1,1,1035,3561,0.393,0.128,str('intersection'),0.089,TRUE
1717,0.91,1,0.5,0.7686217868402409,0,2,71,124,0.105,0.043,str('intersection'),0.071,FALSE
1718,0.91,1,0.5,0.7686217868402409,0,2,4887,2731,0.625,0.784,str('kl'),0.037,TRUE
1719,0.91,0,0.5,1.0,1,1,2966,2430,0.335,0.419,str('kl'),0.019,FALSE
1720,0.91,0,0.5,1.0,1,1,2157,4725,0.933,0.661,str('intersection'),0.098,TRUE
1721,0.91,0,0.5,1.0,1,1,1971,2268,0.134,0.244,str('kl'),0.035,TRUE
1722,0.91,0,0.5,1.0,1,1,3074,4874,0.596,0.984,str('intersection'),0.068,FALSE
1723,0.91,0,0.5,1.0,1,1,4700,278,0.426,0.374,str('intersection'),0.095,TRUE
1724,0.91,1,0.5,0.7686217868402409,0,2,178,2572,0.841,0.616,str('kl'),0.017,FALSE
1725,0.91,0,0.5,1.0,1,1,1220,1011,0.662,0.718,str('kl'),0.045,TRUE
1726,0.91,1,0.5,0.7686217868402409,0,2,3902,3715,0.075,0.46,str('intersection'),0.056,FALSE
1727,0.91,0,0.5,1.0,1,1,3325,1437,0.9,0.837,str('intersection'),0.085,TRUE
1728,0.91,0,0.5,1.0,1,1,1874,3621,0.777,0.865,str('kl'),0.07,TRUE
1729,0.91,0,0.5,1.0,1,1,1404,2132,0.421,0.674,str('intersection'),0.065,FALSE
1730,0.91,0,0.5,1.0,1,1,3718,4388,0.817,0.432,str('kl'),0.053,TRUE
1731,0.91,0,0.5,1.0,1,1,4134,451,0.144,0.801,str('kl'),0.026,FALSE
1732,0.91,0,0.5,1.0,1,1,822,3019,0.618,0.059,str('intersection'),0.083,TRUE
1733,0.91,0,0.5,1.0,1,1,576,831,0.875,0.147,str('intersection'),0.077,FALSE
1734,0.91,1,0.5,0.7686217868402409,0,2,4468,3263,0.355,0.903,str('kl'),0.043,TRUE
1735,0.91,0,0.5,1.0,1,1,2680,1576,0.684,0.27,str('kl'),0.013,FALSE
1736,0.91,0,0.5,1.0,1,1,2198,4320,0.086,0.527,str('intersection'),0.092,TRUE
1737,0.91,1,0.5,0.7686217868402409,0,2,2315,735,0.266,0.845,str('kl'),0.081,FALSE
1738,0.91,0,0.5,1.0,1,1,2809,3284,0.973,0.104,str('intersection'),0.025,TRUE
1739,0.91,0,0.5,1.0,1,1,4419,1870,0.052,0.726,str('intersection'),0.054,FALSE
1740,0.91,0,0.5,1.0,1,1,538,4107,0.712,0.484,str('kl'),0.066,TRUE
1741,0.91,0,0.5,1.0,1,1,878,1919,0.783,0.319,str('kl'),0.094,FALSE
1742,0.91,0,0.5,1.0,1,1,4168,4683,0.449,0.576,str('intersection'),0.015,TRUE
1743,0.91,0,0.5,1.0,1,1,3607,471,0.529,0.188,str('intersection'),0.041,FALSE
1744,0.91,0,0.5,1.0,1,1,1513,4547,0.652,0.234,str('kl'),0.024,FALSE
1745,0.91,0,0.5,1.0,1,1,1670,1187,0.041,0.293,str('intersection'),0.018,TRUE
1746,0.91,0,0.5,1.0,1,1,3375,3462,0.69,0.534,str('kl'),0.096,FALSE
1747,0.91,1,0.5,0.7686217868402409,0,2,3775,1380,0.271,0.17,str('kl'),0.067,TRUE
1748,0.91,0,0.5,1.0,1,1,1105,3967,0.998,0.911,str('intersection'),0.034,FALSE
1749,0.91,0,0.5,1.0,1,1,311,2405,0.507,0.762,str('intersection'),0.028,TRUE
1750,0.91,0,0.5,1.0,1,1,4813,4816,0.232,0.006,str('kl'),0.084,FALSE
1751,0.91,5,0.5,0.40189599549815613,0,6,3041,26,0.807,0.635,str('kl'),0.056,TRUE
1752,0.91,0,0.5,1.0,1,1,1917,2749,0.454,0.378,str('intersection'),0.046,FALSE
1753,0.91,1,0.5,0.7686217868402409,0,2,2043,183,0.722,0.967,str('kl'),0.087,FALSE
1754,0.91,0,0.5,1.0,1,1,2835,2596,0.015,0.211,str('intersection'),0.03,TRUE
1755,0.91,0,0.5,1.0,1,1,4938,2256,0.96,0.587,str('intersection'),0.049,FALSE
1756,0.91,0,0.5,1.0,1,1,106,4981,0.3,0.33,str('kl'),0.061,TRUE
1757,0.91,0,0.5,1.0,1,1,978,1543,0.198,0.493,str('kl'),0.1,FALSE
1758,0.91,0,0.5,1.0,1,1,3979,3819,0.532,0.735,str('intersection'),0.02,TRUE
1759,0.91,0,0.5,1.0,1,1,3248,1033,0.49,0.124,str('intersection'),0.036,FALSE
1760,0.91,0,0.5,1.0,1,1,1671,3471,0.49,0.965,str('intersection'),0.057,FALSE
1761,0.91,1,0.5,0.7686217868402409,0,2,1516,1989,0.819,0.525,str('kl'),0.073,TRUE
1762,0.91,0,0.5,1.0,1,1,3519,4537,0.419,0.268,str('intersection'),0.04,FALSE
1763,0.91,0,0.5,1.0,1,1,4255,625,0.62,0.905,str('intersection'),0.011,TRUE
1764,0.91,1,0.5,0.7686217868402409,0,2,633,2860,0.142,0.149,str('kl'),0.089,FALSE
1765,0.91,0,0.5,1.0,1,1,450,674,0.353,0.061,str('kl'),0.061,TRUE
1766,0.91,0,0.5,1.0,1,1,4662,3436,0.877,0.803,str('intersection'),0.05,FALSE
1767,0.91,0,0.5,1.0,1,1,2564,1725,0.084,0.43,str('intersection'),0.024,TRUE
1768,0.91,0,0.5,1.0,1,1,2402,4175,0.686,0.672,str('kl'),0.08,FALSE
1769,0.91,0,0.5,1.0,1,1,2384,1735,0.847,0.07,str('kl'),0.04,TRUE
1770,0.91,0,0.5,1.0,1,1,2573,4166,0.385,0.826,str('intersection'),0.073,FALSE
1771,0.91,0,0.5,1.0,1,1,4655,683,0.593,0.438,str('intersection'),0.089,TRUE
1772,0.91,0,0.5,1.0,1,1,469,3426,0.178,0.695,str('kl'),0.011,FALSE
1773,0.91,0,0.5,1.0,1,1,637,615,0.326,0.595,str('kl'),0.05,TRUE
1774,0.91,0,0.5,1.0,1,1,4242,2870,0.913,0.354,str('intersection'),0.061,FALSE
1775,0.91,0,0.5,1.0,1,1,3533,1980,0.112,0.976,str('intersection'),0.079,TRUE
1776,0.91,0,0.5,1.0,1,1,1390,4379,0.112,0.068,str('intersection'),0.013,TRUE
1777,0.91,0,0.5,1.0,1,1,1857,1023,0.688,0.376,str('kl'),0.03,FALSE
1778,0.91,0,0.5,1.0,1,1,3257,3631,0.043,0.633,str('intersection'),0.087,TRUE
1779,0.91,0,0.5,1.0,1,1,3971,1533,0.996,0.008,str('intersection'),0.06,FALSE
1780,0.91,0,0.5,1.0,1,1,996,3828,0.273,0.764,str('kl'),0.048,TRUE
1781,0.91,0,0.5,1.0,1,1,110,2266,0.234,0.913,str('kl'),0.02,FALSE
1782,0.91,0,0.5,1.0,1,1,4926,4971,0.505,0.172,str('intersection'),0.099,TRUE
1783,0.91,1,0.5,0.7686217868402409,0,2,2849,193,0.456,0.532,str('intersection'),0.07,FALSE
1784,0.91,0,0.5,1.0,1,1,2040,2586,0.805,0.291,str('kl'),0.036,TRUE
1785,0.91,1,0.5,0.7686217868402409,0,2,1932,35,0.015,0.864,str('intersection'),0.096,TRUE
1786,0.91,0,0.5,1.0,1,1,3034,2739,0.726,0.122,str('kl'),0.018,FALSE
1787,0.91,0,0.5,1.0,1,1,4817,2415,0.299,0.737,str('kl'),0.033,TRUE
1788,0.91,0,0.5,1.0,1,1,295,4806,0.964,0.495,str('intersection'),0.066,FALSE
1789,0.91,0,0.5,1.0,1,1,1103,1371,0.535,0.332,str('intersection'),0.083,TRUE
1790,0.91,0,0.5,1.0,1,1,3785,3977,0.197,0.589,str('kl'),0.028,FALSE
1791,0.91,0,0.5,1.0,1,1,3364,1178,0.781,0.209,str('kl'),0.046,TRUE
1792,0.91,0,0.5,1.0,1,1,1757,4003,0.899,0.246,str('intersection'),0.019,TRUE
1793,0.91,0,0.5,1.0,1,1,1287,481,0.292,0.311,str('kl'),0.025,FALSE
1794,0.91,0,0.5,1.0,1,1,3601,2913,0.937,0.553,str('intersection'),0.082,TRUE
1795,0.91,0,0.5,1.0,1,1,4173,1929,0.023,0.181,str('intersection'),0.066,FALSE
1796,0.91,0,0.5,1.0,1,1,862,4673,0.746,0.921,str('kl'),0.054,TRUE
1797,0.91,1,0.5,0.7686217868402409,0,2,537,1860,0.754,0.775,str('kl'),0.015,FALSE
1798,0.91,1,0.5,0.7686217868402409,0,2,4429,4116,0.483,0.018,str('intersection'),0.094,TRUE
1799,0.91,0,0.5,1.0,1,1,2798,726,0.555,0.656,str('intersection'),0.076,FALSE
1800,0.91,0,0.5,1.0,1,1,2315,3294,0.206,0.398,str('kl'),0.041,TRUE
1801,0.91,0,0.5,1.0,1,1,2197,1567,0.385,0.233,str('intersection'),0.053,FALSE
1802,0.91,0,0.5,1.0,1,1,2692,4330,0.843,0.974,str('kl'),0.065,TRUE
1803,0.91,1,0.5,0.7686217868402409,0,2,4458,822,0.179,0.355,str('kl'),0.083,FALSE
1804,0.91,1,0.5,0.7686217868402409,0,2,577,3273,0.59,0.597,str('intersection'),0.026,TRUE
1805,0.91,0,0.5,1.0,1,1,839,461,0.91,0.697,str('intersection'),0.043,FALSE
1806,0.91,0,0.5,1.0,1,1,4129,3010,0.327,0.44,str('kl'),0.077,TRUE
1807,0.91,0,0.5,1.0,1,1,3724,2142,0.648,0.824,str('kl'),0.093,FALSE
1808,0.91,0,0.5,1.0,1,1,1474,3076,0.53,0.846,str('intersection'),0.063,FALSE
1809,0.91,1,0.5,0.7686217868402409,0,2,1631,1428,0.17,0.663,str('kl'),0.068,TRUE
1810,0.91,1,0.5,0.7686217868402409,0,2,3336,3839,0.57,0.421,str('intersection'),0.035,FALSE
1811,0.91,0,0.5,1.0,1,1,3892,1001,0.392,0.782,str('intersection'),0.016,TRUE
1812,0.91,1,0.5,0.7686217868402409,0,2,1222,3724,0.87,0.041,str('kl'),0.094,FALSE
1813,0.91,1,0.5,0.7686217868402409,0,2,194,288,0.628,0.126,str('kl'),0.055,TRUE
1814,0.91,0,0.5,1.0,1,1,4695,2562,0.104,0.883,str('intersection'),0.045,FALSE
1815,0.91,0,0.5,1.0,1,1,3080,2277,0.936,0.257,str('intersection'),0.029,TRUE
1816,0.91,0,0.5,1.0,1,1,1956,4864,0.334,0.514,str('kl'),0.085,FALSE
1817,0.91,0,0.5,1.0,1,1,2160,2440,0.596,0.082,str('intersection'),0.047,FALSE
1818,0.91,0,0.5,1.0,1,1,2953,4716,0.137,0.839,str('kl'),0.059,TRUE
1819,0.91,1,0.5,0.7686217868402409,0,2,4899,134,0.841,0.458,str('kl'),0.088,FALSE
1820,0.91,0,0.5,1.0,1,1,67,2722,0.43,0.716,str('intersection'),0.032,TRUE
1821,0.91,0,0.5,1.0,1,1,1017,1159,0.079,0.614,str('intersection'),0.037,FALSE
1822,0.91,0,0.5,1.0,1,1,4018,3571,0.662,0.372,str('kl'),0.071,TRUE
1823,0.91,0,0.5,1.0,1,1,3131,1278,0.364,0.986,str('kl'),0.099,FALSE
1824,0.91,0,0.5,1.0,1,1,1577,4748,0.614,0.265,str('kl'),0.09,TRUE
1825,0.91,0,0.5,1.0,1,1,1420,772,0.196,0.198,str('intersection'),0.084,FALSE
1826,0.91,1,0.5,0.7686217868402409,0,2,3460,3340,0.544,0.939,str('kl'),0.027,TRUE
1827,0.91,0,0.5,1.0,1,1,4315,1824,0.496,0.325,str('kl'),0.046,FALSE
1828,0.91,0,0.5,1.0,1,1,730,4080,0.767,0.566,str('intersection'),0.058,TRUE
1829,0.91,0,0.5,1.0,1,1,357,1892,0.728,0.732,str('intersection'),0.097,FALSE
1830,0.91,0,0.5,1.0,1,1,4601,4636,0.004,0.474,str('kl'),0.017,TRUE
1831,0.91,0,0.5,1.0,1,1,2627,528,0.958,0.855,str('kl'),0.033,FALSE
1832,0.91,0,0.5,1.0,1,1,2496,2960,0.312,0.098,str('intersection'),0.067,TRUE
1833,0.91,0,0.5,1.0,1,1,2424,889,0.974,0.947,str('intersection'),0.09,TRUE
1834,0.91,0,0.5,1.0,1,1,2612,3144,0.262,0.19,str('kl'),0.012,FALSE
1835,0.91,0,0.5,1.0,1,1,4538,1707,0.712,0.574,str('kl'),0.039,TRUE
1836,0.91,0,0.5,1.0,1,1,352,4275,0.048,0.317,str('intersection'),0.072,FALSE
1837,0.91,0,0.5,1.0,1,1,754,2088,0.445,0.482,str('intersection'),0.078,TRUE
1838,0.91,0,0.5,1.0,1,1,4360,4519,0.783,0.724,str('kl'),0.022,FALSE
1839,0.91,1,0.5,0.7686217868402409,0,2,3494,333,0.239,0.106,str('kl'),0.052,TRUE
1840,0.91,0,0.5,1.0,1,1,2894,3170,0.461,0.445,str('kl'),0.056,TRUE
1841,0.91,0,0.5,1.0,1,1,1762,2324,0.313,0.83,str('intersection'),0.043,TRUE
1842,0.91,0,0.5,1.0,1,1,3194,4910,0.916,0.09,str('kl'),0.076,FALSE
1843,0.91,1,0.5,0.7686217868402409,0,2,4033,252,0.122,0.708,str('kl'),0.092,TRUE
1844,0.91,0,0.5,1.0,1,1,1089,2526,0.647,0.466,str('intersection'),0.014,FALSE
1845,0.91,0,0.5,1.0,1,1,13,964,0.857,0.364,str('intersection'),0.053,TRUE
1846,0.91,0,0.5,1.0,1,1,4865,3687,0.38,0.622,str('kl'),0.064,FALSE
1847,0.91,0,0.5,1.0,1,1,2908,1474,0.58,0.237,str('kl'),0.082,TRUE
1848,0.91,0,0.5,1.0,1,1,2136,3885,0.181,0.994,str('intersection'),0.027,FALSE
1849,0.91,0,0.5,1.0,1,1,2029,1310,0.887,0.413,str('kl'),0.062,FALSE
1850,0.91,0,0.5,1.0,1,1,3095,4035,0.351,0.671,str('intersection'),0.05,TRUE
1851,0.91,1,0.5,0.7686217868402409,0,2,4758,1117,0.672,0.033,str('intersection'),0.023,FALSE
1852,0.91,0,0.5,1.0,1,1,199,3530,0.089,0.79,str('kl'),0.08,TRUE
1853,0.91,1,0.5,0.7686217868402409,0,2,1198,92,0.409,0.875,str('kl'),0.075,FALSE
1854,0.91,0,0.5,1.0,1,1,3848,2680,0.82,0.134,str('intersection'),0.04,TRUE
1855,0.91,0,0.5,1.0,1,1,3302,2472,0.156,0.506,str('intersection'),0.01,FALSE
1856,0.91,0,0.5,1.0,1,1,1813,2781,0.025,0.54,str('kl'),0.055,FALSE
1857,0.91,0,0.5,1.0,1,1,1345,1762,0.668,0.981,str('intersection'),0.038,TRUE
1858,0.91,0,0.5,1.0,1,1,3700,4212,0.065,0.225,str('kl'),0.071,FALSE
1859,0.91,0,0.5,1.0,1,1,4075,627,0.898,0.605,str('kl'),0.097,TRUE
1860,0.91,0,0.5,1.0,1,1,805,3390,0.373,0.348,str('intersection'),0.019,FALSE
1861,0.91,0,0.5,1.0,1,1,592,578,0.132,0.448,str('intersection'),0.048,TRUE
1862,0.91,0,0.5,1.0,1,1,4531,2814,0.609,0.689,str('kl'),0.059,FALSE
1863,0.91,0,0.5,1.0,1,1,2697,2026,0.432,0.075,str('kl'),0.087,TRUE
1864,0.91,0,0.5,1.0,1,1,2261,4573,0.831,0.816,str('intersection'),0.032,FALSE
1865,0.91,0,0.5,1.0,1,1,2291,365,0.511,0.561,str('kl'),0.021,TRUE
1866,0.91,0,0.5,1.0,1,1,2753,3108,0.221,0.303,str('intersection'),0.099,FALSE
1867,0.91,0,0.5,1.0,1,1,4395,2047,0.803,0.929,str('intersection'),0.069,TRUE
1868,0.91,0,0.5,1.0,1,1,483,4477,0.466,0.173,str('kl'),0.036,FALSE
1869,0.91,0,0.5,1.0,1,1,934,1666,0.037,0.026,str('kl'),0.031,TRUE
1870,0.91,0,0.5,1.0,1,1,4188,4233,0.702,0.767,str('intersection'),0.087,FALSE
1871,0.91,0,0.5,1.0,1,1,3664,922,0.275,0.406,str('intersection'),0.059,TRUE
1872,0.91,0,0.5,1.0,1,1,1531,4371,0.406,0.422,str('kl'),0.095,TRUE
1873,0.91,0,0.5,1.0,1,1,1686,230,0.792,0.115,str('intersection'),0.079,FALSE
1874,0.91,0,0.5,1.0,1,1,3437,2623,0.444,0.871,str('kl'),0.022,TRUE
1875,0.91,0,0.5,1.0,1,1,3790,2219,0.516,0.487,str('kl'),0.051,FALSE
1876,0.91,0,0.5,1.0,1,1,1167,4924,0.245,0.744,str('intersection'),0.063,TRUE
1877,0.91,0,0.5,1.0,1,1,251,1487,0.253,0.581,str('intersection'),0.091,FALSE
1878,0.91,0,0.5,1.0,1,1,4794,3782,0.976,0.339,str('kl'),0.012,TRUE
1879,0.91,0,0.5,1.0,1,1,2980,1060,0.061,0.957,str('kl'),0.038,FALSE
1880,0.91,0,0.5,1.0,1,1,1898,3667,0.707,0.216,str('intersection'),0.073,TRUE
1881,0.91,1,0.5,0.7686217868402409,0,2,2103,1219,0.47,0.626,str('kl'),0.015,TRUE
1882,0.91,0,0.5,1.0,1,1,2854,3513,0.76,0.384,str('intersection'),0.093,FALSE
1883,0.91,0,0.5,1.0,1,1,4999,1339,0.216,0.756,str('intersection'),0.075,TRUE
1884,0.91,0,0.5,1.0,1,1,125,3945,0.553,0.015,str('kl'),0.042,FALSE
1885,0.91,0,0.5,1.0,1,1,962,2384,0.951,0.164,str('kl'),0.025,TRUE
1886,0.91,0,0.5,1.0,1,1,3917,4775,0.286,0.92,str('intersection'),0.081,FALSE
1887,0.91,1,0.5,0.7686217868402409,0,2,3233,77,0.737,0.283,str('intersection'),0.065,TRUE
1888,0.91,0,0.5,1.0,1,1,1715,4122,0.224,0.798,str('kl'),0.037,TRUE
1889,0.91,1,0.5,0.7686217868402409,0,2,1560,148,0.586,0.739,str('intersection'),0.054,FALSE
1890,0.91,0,0.5,1.0,1,1,3563,2715,0.186,0.497,str('kl'),0.066,TRUE
1891,0.91,0,0.5,1.0,1,1,4289,2449,0.855,0.862,str('kl'),0.081,FALSE
1892,0.91,0,0.5,1.0,1,1,667,4704,0.377,0.121,str('intersection'),0.024,TRUE
1893,0.91,0,0.5,1.0,1,1,416,1268,0.12,0.206,str('intersection'),0.041,FALSE
1894,0.91,0,0.5,1.0,1,1,4629,4011,0.644,0.963,str('kl'),0.076,TRUE
1895,0.91,0,0.5,1.0,1,1,2520,1153,0.319,0.333,str('kl'),0.094,FALSE
1896,0.91,0,0.5,1.0,1,1,2358,3584,0.921,0.59,str('intersection'),0.014,TRUE
1897,0.91,0,0.5,1.0,1,1,2368,2184,0.102,0.276,str('kl'),0.056,FALSE
1898,0.91,0,0.5,1.0,1,1,2510,4421,0.638,0.517,str('intersection'),0.044,TRUE
1899,0.91,0,0.5,1.0,1,1,4639,429,0.339,0.157,str('intersection'),0.029,FALSE
1900,0.91,0,0.5,1.0,1,1,406,2978,0.922,0.898,str('kl'),0.086,TRUE
1901,0.91,1,0.5,0.7686217868402409,0,2,697,790,0.571,0.81,str('kl'),0.069,FALSE
1902,0.91,0,0.5,1.0,1,1,4260,3242,0.16,0.054,str('intersection'),0.034,TRUE
1903,0.91,0,0.5,1.0,1,1,3592,1608,0.864,0.68,str('intersection'),0.016,FALSE
1904,0.91,1,0.5,0.7686217868402409,0,2,1355,2552,0.347,0.166,str('kl'),0.078,FALSE
1905,0.91,0,0.5,1.0,1,1,1822,1698,0.952,0.356,str('intersection'),0.095,TRUE
1906,0.91,0,0.5,1.0,1,1,3223,4286,0.307,0.598,str('kl'),0.017,FALSE
1907,0.91,0,0.5,1.0,1,1,3927,875,0.73,0.229,str('kl'),0.035,TRUE
1908,0.91,0,0.5,1.0,1,1,952,3151,0.007,0.97,str('intersection'),0.068,FALSE
1909,0.91,0,0.5,1.0,1,1,154,339,0.498,0.824,str('intersection'),0.085,TRUE
1910,0.91,0,0.5,1.0,1,1,4969,3063,0.769,0.067,str('kl'),0.03,FALSE
1911,0.91,0,0.5,1.0,1,1,2884,2098,0.19,0.701,str('kl'),0.045,TRUE
1912,0.91,0,0.5,1.0,1,1,2074,4510,0.539,0.443,str('intersection'),0.055,FALSE
1913,0.91,0,0.5,1.0,1,1,1888,1936,0.279,0.898,str('kl'),0.031,FALSE
1914,0.91,0,0.5,1.0,1,1,2990,4659,0.99,0.141,str('intersection'),0.088,TRUE
1915,0.91,0,0.5,1.0,1,1,4784,493,0.033,0.53,str('intersection'),0.059,FALSE
1916,0.91,0,0.5,1.0,1,1,261,2904,0.697,0.272,str('kl'),0.047,TRUE
1917,0.91,0,0.5,1.0,1,1,1137,718,0.799,0.437,str('kl'),0.019,FALSE
1918,0.91,0,0.5,1.0,1,1,3819,3304,0.462,0.679,str('intersection'),0.098,TRUE
1919,0.91,0,0.5,1.0,1,1,3408,1848,0.514,0.057,str('intersection'),0.072,FALSE
1920,0.91,1,0.5,0.7686217868402409,0,2,3165,701,0.097,0.779,str('intersection'),0.028,TRUE
1921,0.91,0,0.5,1.0,1,1,1792,3406,0.633,0.023,str('kl'),0.083,FALSE
1922,0.91,0,0.5,1.0,1,1,1322,2386,0.059,0.456,str('intersection'),0.089,TRUE
1923,0.91,0,0.5,1.0,1,1,3635,4838,0.704,0.713,str('kl'),0.011,FALSE
1924,0.91,0,0.5,1.0,1,1,905,2766,0.981,0.84,str('intersection'),0.074,FALSE
1925,0.91,0,0.5,1.0,1,1,493,1202,0.521,0.989,str('intersection'),0.079,TRUE
1926,0.91,1,0.5,0.7686217868402409,0,2,4386,3439,0.25,0.248,str('kl'),0.024,FALSE
1927,0.91,0,0.5,1.0,1,1,2763,1400,0.79,0.612,str('kl'),0.051,TRUE
1928,0.91,0,0.5,1.0,1,1,2281,3949,0.441,0.371,str('intersection'),0.061,FALSE
1929,0.91,1,0.5,0.7686217868402409,0,2,2232,989,0.152,0.002,str('kl'),0.072,TRUE
1930,0.91,1,0.5,0.7686217868402409,0,2,2726,3733,0.611,0.759,str('intersection'),0.039,FALSE
1931,0.91,0,0.5,1.0,1,1,4502,1421,0.413,0.382,str('intersection'),0.013,TRUE
1932,0.91,0,0.5,1.0,1,1,622,3853,0.825,0.64,str('kl'),0.091,FALSE
1933,0.91,0,0.5,1.0,1,1,795,2290,0.677,0.538,str('kl'),0.062,TRUE
1934,0.91,0,0.5,1.0,1,1,4085,4859,0.094,0.296,str('intersection'),0.052,FALSE
1935,0.91,0,0.5,1.0,1,1,3691,296,0.883,0.906,str('intersection'),0.022,TRUE
1936,0.91,0,0.5,1.0,1,1,3450,2233,0.474,0.133,str('intersection'),0.077,FALSE
1937,0.91,1,0.5,0.7686217868402409,0,2,1430,4996,0.764,0.889,str('kl'),0.042,TRUE
1938,0.91,0,0.5,1.0,1,1,1587,855,0.434,0.574,str('intersection'),0.048,FALSE
1939,0.91,0,0.5,1.0,1,1,3293,3247,0.834,0.317,str('kl'),0.06,TRUE
1940,0.91,1,0.5,0.7686217868402409,0,2,3857,1595,0.126,0.95,str('kl'),0.087,FALSE
1941,0.91,1,0.5,0.7686217868402409,0,2,1188,4299,0.604,0.194,str('intersection'),0.03,TRUE
1942,0.91,0,0.5,1.0,1,1,228,2112,0.892,0.106,str('intersection'),0.036,FALSE
1943,0.91,1,0.5,0.7686217868402409,0,2,4729,4406,0.368,0.847,str('kl'),0.07,TRUE
1944,0.91,0,0.5,1.0,1,1,3124,436,0.67,0.479,str('kl'),0.1,FALSE
1945,0.91,1,0.5,0.7686217868402409,0,2,2000,3042,0.068,0.721,str('intersection'),0.02,TRUE
1946,0.91,1,0.5,0.7686217868402409,0,2,2126,593,0.86,0.188,str('kl'),0.067,TRUE
1947,0.91,1,0.5,0.7686217868402409,0,2,2918,2889,0.401,0.929,str('intersection'),0.034,FALSE
1948,0.91,0,0.5,1.0,1,1,4856,1963,0.575,0.307,str('intersection'),0.018,TRUE
1949,0.91,0,0.5,1.0,1,1,23,4571,0.163,0.549,str('kl'),0.096,FALSE
1950,0.91,0,0.5,1.0,1,1,1060,1758,0.343,0.648,str('kl'),0.057,TRUE
1951,0.91,0,0.5,1.0,1,1,4062,4151,0.926,0.391,str('intersection'),0.047,FALSE
1952,0.91,0,0.5,1.0,1,1,3346,552,0.391,0.728,str('kl'),0.081,TRUE
1953,0.91,0,0.5,1.0,1,1,1621,2847,0.849,0.471,str('intersection'),0.025,FALSE
1954,0.91,0,0.5,1.0,1,1,1464,1364,0.46,0.039,str('kl'),0.02,TRUE
1955,0.91,0,0.5,1.0,1,1,3504,3913,0.809,0.795,str('intersection'),0.098,FALSE
1956,0.91,1,0.5,0.7686217868402409,0,2,4350,1249,0.23,0.407,str('intersection'),0.07,TRUE
1957,0.91,0,0.5,1.0,1,1,764,3486,0.501,0.664,str('kl'),0.038,FALSE
1958,0.91,8,0.5,0.2665484173158307,0,9,322,48,0.992,0.501,str('kl'),0.032,TRUE
1959,0.91,0,0.5,1.0,1,1,4567,2812,0.269,0.259,str('intersection'),0.088,FALSE
1960,0.91,1,0.5,0.7686217868402409,0,2,2583,2350,0.692,0.882,str('intersection'),0.058,TRUE
1961,0.91,0,0.5,1.0,1,1,2453,4801,0.046,0.14,str('kl'),0.048,FALSE
1962,0.91,0,0.5,1.0,1,1,2467,1560,0.741,0.787,str('kl'),0.026,FALSE
1963,0.91,0,0.5,1.0,1,1,2657,3795,0.03,0.046,str('intersection'),0.083,TRUE
1964,0.91,0,0.5,1.0,1,1,4572,1055,0.947,0.657,str('intersection'),0.064,FALSE
1965,0.91,1,0.5,0.7686217868402409,0,2,386,3602,0.283,0.415,str('kl'),0.052,TRUE
1966,0.91,1,0.5,0.7686217868402409,0,2,721,166,0.213,0.252,str('kl'),0.013,FALSE
1967,0.91,0,0.5,1.0,1,1,4325,2616,0.55,0.509,str('intersection'),0.093,TRUE
1968,0.91,1,0.5,0.7686217868402409,0,2,3630,1518,0.009,0.363,str('kl'),0.035,FALSE
1969,0.91,0,0.5,1.0,1,1,1258,3754,0.721,0.62,str('intersection'),0.069,TRUE
1970,0.91,0,0.5,1.0,1,1,1728,399,0.08,0.936,str('kl'),0.063,FALSE
1971,0.91,0,0.5,1.0,1,1,3160,3005,0.683,0.18,str('intersection'),0.051,TRUE
1972,0.91,0,0.5,1.0,1,1,3989,2159,0.357,0.556,str('intersection'),0.021,FALSE
1973,0.91,0,0.5,1.0,1,1,1046,4453,0.881,0.299,str('kl'),0.078,TRUE
1974,0.91,0,0.5,1.0,1,1,57,1641,0.624,0.399,str('kl'),0.073,FALSE
1975,0.91,0,0.5,1.0,1,1,4909,4345,0.147,0.641,str('intersection'),0.039,TRUE
1976,0.91,0,0.5,1.0,1,1,2943,819,0.815,0.03,str('intersection'),0.012,FALSE
1977,0.91,0,0.5,1.0,1,1,2170,3211,0.416,0.771,str('kl'),0.091,TRUE
1978,0.91,0,0.5,1.0,1,1,1985,659,0.654,0.324,str('intersection'),0.042,TRUE
1979,0.91,0,0.5,1.0,1,1,3051,3364,0.118,0.566,str('kl'),0.075,FALSE
1980,0.91,0,0.5,1.0,1,1,4724,1790,0.907,0.201,str('kl'),0.093,TRUE
1981,0.91,0,0.5,1.0,1,1,165,4182,0.324,0.942,str('intersection'),0.015,FALSE
1982,0.91,0,0.5,1.0,1,1,1232,1995,0.176,0.855,str('intersection'),0.054,TRUE
1983,0.91,0,0.5,1.0,1,1,3882,4602,0.587,0.099,str('kl'),0.065,FALSE
1984,0.91,0,0.5,1.0,1,1,3267,1904,0.972,0.451,str('kl'),0.04,FALSE
1985,0.91,0,0.5,1.0,1,1,1847,4627,0.26,0.693,str('intersection'),0.074,TRUE
1986,0.91,1,0.5,0.7686217868402409,0,2,1380,1107,0.932,0.751,str('kl'),0.057,FALSE
1987,0.91,0,0.5,1.0,1,1,3734,3538,0.329,0.01,str('intersection'),0.045,TRUE
1988,0.91,0,0.5,1.0,1,1,4119,1304,0.632,0.632,str('intersection'),0.027,FALSE
1989,0.91,0,0.5,1.0,1,1,849,4047,0.107,0.39,str('kl'),0.084,TRUE
1990,0.91,0,0.5,1.0,1,1,548,2486,0.396,0.288,str('kl'),0.067,FALSE
1991,0.91,0,0.5,1.0,1,1,4488,4741,0.873,0.546,str('intersection'),0.033,TRUE
1992,0.91,1,0.5,0.7686217868402409,0,2,2662,101,0.166,0.158,str('intersection'),0.018,FALSE
1993,0.91,1,0.5,0.7686217868402409,0,2,2227,2668,0.565,0.914,str('kl'),0.097,TRUE
1994,0.91,0,0.5,1.0,1,1,2325,2192,0.775,0.705,str('intersection'),0.086,FALSE
1995,0.91,0,0.5,1.0,1,1,2788,4954,0.485,0.464,str('kl'),0.029,TRUE
1996,0.91,1,0.5,0.7686217868402409,0,2,4439,198,0.537,0.832,str('kl'),0.044,FALSE
1997,0.91,1,0.5,0.7686217868402409,0,2,527,2648,0.2,0.091,str('intersection'),0.056,TRUE
1998,0.91,0,0.5,1.0,1,1,891,1086,0.301,0.24,str('intersection'),0.095,FALSE
1999,0.91,0,0.5,1.0,1,1,4144,3634,0.966,0.996,str('kl'),0.016,TRUE
2000,0.91,0,0.5,1.0,1,1,3548,957,0.598,0.583,str('kl'),0.086,TRUE
2001,0.91,0,0.5,1.0,1,1,1486,3701,0.14,0.341,str('intersection'),0.031,FALSE
2002,0.91,0,0.5,1.0,1,1,1641,2052,0.56,0.15,str('kl'),0.014,TRUE
2003,0.91,0,0.5,1.0,1,1,3393,4465,0.211,0.89,str('intersection'),0.092,FALSE
2004,0.91,0,0.5,1.0,1,1,3756,375,0.751,0.28,str('intersection'),0.077,TRUE
2005,0.91,0,0.5,1.0,1,1,1132,3100,0.48,0.522,str('kl'),0.044,FALSE
2006,0.91,0,0.5,1.0,1,1,285,912,0.02,0.687,str('kl'),0.026,TRUE
2007,0.91,0,0.5,1.0,1,1,4827,3188,0.743,0.43,str('intersection'),0.082,FALSE
2008,0.91,0,0.5,1.0,1,1,3025,1652,0.296,0.806,str('intersection'),0.064,TRUE
2009,0.91,1,0.5,0.7686217868402409,0,2,1942,4240,0.942,0.049,str('kl'),0.053,FALSE
2010,0.91,0,0.5,1.0,1,1,2069,1816,0.237,0.606,str('intersection'),0.08,FALSE
2011,0.91,0,0.5,1.0,1,1,2820,4090,0.527,0.348,str('kl'),0.023,TRUE
2012,0.91,0,0.5,1.0,1,1,4955,759,0.451,0.978,str('kl'),0.049,FALSE
2013,0.91,0,0.5,1.0,1,1,81,3346,0.788,0.221,str('intersection'),0.061,TRUE
2014,0.91,0,0.5,1.0,1,1,1006,535,0.718,0.075,str('intersection'),0.09,FALSE
2015,0.91,0,0.5,1.0,1,1,3961,2946,0.053,0.815,str('kl'),0.011,TRUE
2016,0.91,0,0.5,1.0,1,1,3392,939,0.421,0.417,str('kl'),0.098,TRUE
2017,0.91,0,0.5,1.0,1,1,1644,3703,0.817,0.659,str('intersection'),0.02,FALSE
2018,0.91,0,0.5,1.0,1,1,1486,2071,0.491,0.851,str('kl'),0.025,TRUE
2019,0.91,0,0.5,1.0,1,1,3550,4463,0.777,0.11,str('intersection'),0.081,FALSE
2020,0.91,0,0.5,1.0,1,1,4225,388,0.198,0.72,str('intersection'),0.065,TRUE
2021,0.91,0,0.5,1.0,1,1,664,3094,0.531,0.478,str('kl'),0.054,FALSE
2022,0.91,0,0.5,1.0,1,1,442,906,0.96,0.313,str('kl'),0.015,TRUE
2023,0.91,0,0.5,1.0,1,1,4672,3201,0.299,0.57,str('intersection'),0.093,FALSE
2024,0.91,0,0.5,1.0,1,1,2556,1650,0.723,0.194,str('intersection'),0.075,TRUE
2025,0.91,0,0.5,1.0,1,1,2411,4258,0.015,0.95,str('kl'),0.042,FALSE
2026,0.91,0,0.5,1.0,1,1,2412,264,0.366,0.489,str('intersection'),0.037,TRUE
2027,0.91,0,0.5,1.0,1,1,2555,2520,0.902,0.747,str('kl'),0.07,FALSE
2028,0.91,0,0.5,1.0,1,1,4672,2331,0.073,0.113,str('kl'),0.099,TRUE
2029,0.91,0,0.5,1.0,1,1,440,4900,0.656,0.87,str('intersection'),0.021,FALSE
2030,0.91,0,0.5,1.0,1,1,663,1463,0.835,0.955,str('intersection'),0.049,TRUE
2031,0.91,0,0.5,1.0,1,1,4226,3895,0.424,0.214,str('kl'),0.06,FALSE
2032,0.91,0,0.5,1.0,1,1,3735,1907,0.041,0.549,str('kl'),0.051,FALSE
2033,0.91,1,0.5,0.7686217868402409,0,2,1378,4611,0.69,0.307,str('intersection'),0.063,TRUE
2034,0.91,0,0.5,1.0,1,1,1848,1103,0.112,0.249,str('kl'),0.069,FALSE
2035,0.91,0,0.5,1.0,1,1,3265,3553,0.652,0.99,str('intersection'),0.035,TRUE
2036,0.91,0,0.5,1.0,1,1,3962,1296,0.326,0.368,str('intersection'),0.016,FALSE
2037,0.91,0,0.5,1.0,1,1,1004,4058,0.913,0.61,str('kl'),0.095,TRUE
2038,0.91,0,0.5,1.0,1,1,79,2497,0.593,0.712,str('kl'),0.056,FALSE
2039,0.91,0,0.5,1.0,1,1,4955,4732,0.178,0.455,str('intersection'),0.044,TRUE
2040,0.91,1,0.5,0.7686217868402409,0,2,2818,117,0.846,0.842,str('intersection'),0.029,FALSE
2041,0.91,0,0.5,1.0,1,1,2070,2665,0.385,0.086,str('kl'),0.085,TRUE
2042,0.91,0,0.5,1.0,1,1,1944,266,0.684,0.51,str('intersection'),0.048,TRUE
2043,0.91,0,0.5,1.0,1,1,3024,2502,0.086,0.253,str('kl'),0.058,FALSE
2044,0.91,0,0.5,1.0,1,1,4830,2338,0.876,0.887,str('kl'),0.088,TRUE
2045,0.91,0,0.5,1.0,1,1,284,4886,0.355,0.13,str('intersection'),0.032,FALSE
2046,0.91,1,0.5,0.7686217868402409,0,2,1132,1449,0.145,0.045,str('intersection'),0.037,TRUE
2047,0.91,0,0.5,1.0,1,1,3758,3901,0.618,0.786,str('kl'),0.071,FALSE
2048,0.91,0,0.5,1.0,1,1,3162,1512,0.94,0.637,str('kl'),0.045,FALSE
2049,0.91,0,0.5,1.0,1,1,1728,3767,0.291,0.38,str('intersection'),0.057,TRUE
2050,0.91,0,0.5,1.0,1,1,1260,405,0.9,0.064,str('kl'),0.074,FALSE
2051,0.91,0,0.5,1.0,1,1,3629,2992,0.36,0.82,str('intersection'),0.04,TRUE
2052,0.91,0,0.5,1.0,1,1,4146,2160,0.662,0.444,str('intersection'),0.01,FALSE
2053,0.91,0,0.5,1.0,1,1,890,4435,0.075,0.701,str('kl'),0.09,TRUE
2054,0.91,0,0.5,1.0,1,1,526,1623,0.426,0.601,str('kl'),0.061,FALSE
2055,0.91,0,0.5,1.0,1,1,4441,4346,0.841,0.36,str('intersection'),0.05,TRUE
2056,0.91,0,0.5,1.0,1,1,2787,806,0.134,0.969,str('intersection'),0.023,FALSE
2057,0.91,0,0.5,1.0,1,1,2327,3217,0.596,0.229,str('kl'),0.08,TRUE
2058,0.91,0,0.5,1.0,1,1,2225,1800,0.807,0.395,str('intersection'),0.091,FALSE
2059,0.91,0,0.5,1.0,1,1,2663,4094,0.454,0.652,str('kl'),0.012,TRUE
2060,0.91,0,0.5,1.0,1,1,4485,748,0.507,0.022,str('kl'),0.039,FALSE
2061,0.91,0,0.5,1.0,1,1,549,3354,0.232,0.778,str('intersection'),0.073,TRUE
2062,0.91,0,0.5,1.0,1,1,849,543,0.271,0.925,str('intersection'),0.078,FALSE
2063,0.91,0,0.5,1.0,1,1,4117,2935,0.998,0.184,str('kl'),0.021,TRUE
2064,0.91,0,0.5,1.0,1,1,3502,563,0.567,0.272,str('kl'),0.092,TRUE
2065,0.91,0,0.5,1.0,1,1,1464,2839,0.171,0.529,str('intersection'),0.014,FALSE
2066,0.91,0,0.5,1.0,1,1,1619,1353,0.529,0.961,str('kl'),0.031,TRUE
2067,0.91,1,0.5,0.7686217868402409,0,2,3347,3921,0.243,0.205,str('intersection'),0.086,FALSE
2068,0.91,0,0.5,1.0,1,1,3880,1233,0.782,0.593,str('intersection'),0.06,TRUE
2069,0.91,0,0.5,1.0,1,1,1233,3489,0.449,0.335,str('kl'),0.049,FALSE
2070,0.91,1,0.5,0.7686217868402409,0,2,166,52,0.051,0.499,str('kl'),0.021,TRUE
2071,0.91,0,0.5,1.0,1,1,4722,2796,0.712,0.74,str('intersection'),0.099,FALSE
2072,0.91,0,0.5,1.0,1,1,3052,2359,0.266,0.119,str('intersection'),0.07,TRUE
2073,0.91,0,0.5,1.0,1,1,1983,4790,0.974,0.859,str('kl'),0.037,FALSE
2074,0.91,0,0.5,1.0,1,1,2170,2205,0.205,0.295,str('intersection'),0.097,FALSE
2075,0.91,0,0.5,1.0,1,1,2944,4948,0.558,0.536,str('kl'),0.018,TRUE
2076,0.91,1,0.5,0.7686217868402409,0,2,4909,216,0.482,0.168,str('kl'),0.033,FALSE
2077,0.91,0,0.5,1.0,1,1,59,2647,0.756,0.909,str('intersection'),0.067,TRUE
2078,0.91,0,0.5,1.0,1,1,1047,1085,0.749,0.76,str('intersection'),0.084,FALSE
2079,0.91,0,0.5,1.0,1,1,3988,3652,0.022,0.004,str('kl'),0.027,TRUE
2080,0.91,0,0.5,1.0,1,1,3293,2242,0.545,0.867,str('intersection'),0.066,FALSE
2081,0.91,0,0.5,1.0,1,1,1585,4985,0.192,0.111,str('kl'),0.054,TRUE
2082,0.91,0,0.5,1.0,1,1,1430,847,0.616,0.426,str('intersection'),0.037,FALSE
2083,0.91,0,0.5,1.0,1,1,3448,3258,0.154,0.684,str('kl'),0.072,TRUE
2084,0.91,0,0.5,1.0,1,1,4326,1592,0.823,0.05,str('kl'),0.098,FALSE
2085,0.91,0,0.5,1.0,1,1,718,4315,0.408,0.806,str('intersection'),0.019,TRUE
2086,0.91,1,0.5,0.7686217868402409,0,2,384,2128,0.088,0.893,str('intersection'),0.047,FALSE
2087,0.91,0,0.5,1.0,1,1,4572,4403,0.675,0.153,str('kl'),0.059,TRUE
2088,0.91,0,0.5,1.0,1,1,2654,447,0.349,0.521,str('kl'),0.088,FALSE
2089,0.91,0,0.5,1.0,1,1,2468,3033,0.889,0.28,str('intersection'),0.031,TRUE
2090,0.91,1,0.5,0.7686217868402409,0,2,2453,651,0.335,0.675,str('intersection'),0.053,TRUE
2091,0.91,0,0.5,1.0,1,1,2582,3376,0.934,0.434,str('kl'),0.064,FALSE
2092,0.91,1,0.5,0.7686217868402409,0,2,4567,1786,0.105,0.798,str('kl'),0.082,TRUE
2093,0.91,0,0.5,1.0,1,1,321,4198,0.626,0.058,str('intersection'),0.026,FALSE
2094,0.91,0,0.5,1.0,1,1,763,2010,0.867,0.145,str('intersection'),0.044,TRUE
2095,0.91,0,0.5,1.0,1,1,4350,4598,0.394,0.901,str('kl'),0.077,FALSE
2096,0.91,0,0.5,1.0,1,1,3634,688,0.915,0.221,str('intersection'),0.017,TRUE
2097,0.91,0,0.5,1.0,1,1,1323,3412,0.317,0.977,str('kl'),0.095,FALSE
2098,0.91,0,0.5,1.0,1,1,1791,2400,0.984,0.544,str('intersection'),0.078,TRUE
2099,0.91,0,0.5,1.0,1,1,3167,4831,0.277,0.287,str('kl'),0.022,FALSE
2100,0.91,3,0.5,0.5372435736804817,0,4,4061,20,0.699,0.916,str('kl'),0.052,TRUE
2101,0.91,0,0.5,1.0,1,1,1062,2764,0.039,0.16,str('intersection'),0.062,FALSE
2102,0.91,0,0.5,1.0,1,1,25,1201,0.467,0.012,str('intersection'),0.091,TRUE
2103,0.91,0,0.5,1.0,1,1,4855,3457,0.801,0.752,str('kl'),0.013,FALSE
2104,0.91,1,0.5,0.7686217868402409,0,2,2920,1394,0.222,0.388,str('kl'),0.039,TRUE
2105,0.91,1,0.5,0.7686217868402409,0,2,2125,3963,0.509,0.629,str('intersection'),0.072,FALSE
2106,0.91,1,0.5,0.7686217868402409,0,2,1998,1548,0.309,0.213,str('kl'),0.014,FALSE
2107,0.91,0,0.5,1.0,1,1,3124,3803,0.958,0.953,str('intersection'),0.094,TRUE
2108,0.91,1,0.5,0.7686217868402409,0,2,4727,1039,0.001,0.343,str('intersection'),0.076,FALSE
2109,0.91,1,0.5,0.7686217868402409,0,2,229,3606,0.728,0.585,str('kl'),0.042,TRUE
2110,0.91,1,0.5,0.7686217868402409,0,2,1188,169,0.767,0.748,str('kl'),0.024,FALSE
2111,0.91,1,0.5,0.7686217868402409,0,2,3856,2600,0.492,0.491,str('intersection'),0.081,TRUE
2112,0.91,0,0.5,1.0,1,1,3221,312,0.066,0.094,str('intersection'),0.011,TRUE
2113,0.91,1,0.5,0.7686217868402409,0,2,1823,2548,0.664,0.835,str('kl'),0.089,FALSE
2114,0.91,0,0.5,1.0,1,1,1354,1682,0.028,0.644,str('intersection'),0.083,TRUE
2115,0.91,1,0.5,0.7686217868402409,0,2,3691,4290,0.735,0.402,str('kl'),0.028,FALSE
2116,0.91,0,0.5,1.0,1,1,4083,864,0.289,0.771,str('kl'),0.046,TRUE
2117,0.91,0,0.5,1.0,1,1,795,3159,0.95,0.03,str('intersection'),0.057,FALSE
2118,0.91,0,0.5,1.0,1,1,622,347,0.552,0.177,str('intersection'),0.096,TRUE
2119,0.91,0,0.5,1.0,1,1,4501,3052,0.219,0.933,str('kl'),0.018,FALSE
2120,0.91,0,0.5,1.0,1,1,2727,2102,0.759,0.3,str('kl'),0.034,TRUE
2121,0.91,0,0.5,1.0,1,1,2230,4495,0.472,0.557,str('intersection'),0.067,FALSE
2122,0.91,1,0.5,0.7686217868402409,0,2,2283,600,0.184,0.812,str('kl'),0.055,TRUE
2123,0.91,0,0.5,1.0,1,1,2763,2875,0.58,0.072,str('intersection'),0.044,FALSE
2124,0.91,0,0.5,1.0,1,1,4387,1964,0.383,0.693,str('intersection'),0.03,TRUE
2125,0.91,0,0.5,1.0,1,1,492,4552,0.857,0.452,str('kl'),0.085,FALSE
2126,0.91,1,0.5,0.7686217868402409,0,2,905,1739,0.646,0.351,str('kl'),0.068,TRUE
2127,0.91,0,0.5,1.0,1,1,4219,4152,0.126,0.609,str('intersection'),0.035,FALSE
2128,0.91,0,0.5,1.0,1,1,3565,1846,0.443,0.943,str('intersection'),0.06,FALSE
2129,0.91,0,0.5,1.0,1,1,1559,4140,0.796,0.202,str('kl'),0.048,TRUE
2130,0.91,1,0.5,0.7686217868402409,0,2,1716,149,0.403,0.261,str('intersection'),0.042,FALSE
2131,0.91,1,0.5,0.7686217868402409,0,2,3407,2697,0.865,0.503,str('kl'),0.077,TRUE
2132,0.91,0,0.5,1.0,1,1,3821,2455,0.157,0.138,str('kl'),0.093,FALSE
2133,0.91,0,0.5,1.0,1,1,1137,4691,0.573,0.879,str('intersection'),0.013,TRUE
2134,0.91,1,0.5,0.7686217868402409,0,2,260,1255,0.923,0.794,str('intersection'),0.052,FALSE
2135,0.91,1,0.5,0.7686217868402409,0,2,4785,4017,0.337,0.037,str('kl'),0.064,TRUE
2136,0.91,0,0.5,1.0,1,1,2990,1135,0.639,0.667,str('kl'),0.083,FALSE
2137,0.91,0,0.5,1.0,1,1,1890,3585,0.099,0.41,str('intersection'),0.026,TRUE
2138,0.91,0,0.5,1.0,1,1,2075,986,0.828,0.998,str('kl'),0.061,TRUE
2139,0.91,0,0.5,1.0,1,1,2882,3749,0.432,0.242,str('intersection'),0.051,FALSE
2140,0.91,0,0.5,1.0,1,1,4971,1412,0.606,0.617,str('intersection'),0.024,TRUE
2141,0.91,1,0.5,0.7686217868402409,0,2,152,3864,0.132,0.361,str('kl'),0.079,FALSE
2142,0.91,1,0.5,0.7686217868402409,0,2,950,2301,0.374,0.462,str('kl'),0.074,TRUE
2143,0.91,0,0.5,1.0,1,1,3928,4850,0.894,0.704,str('intersection'),0.041,FALSE
2144,0.91,0,0.5,1.0,1,1,3437,1616,0.186,0.32,str('intersection'),0.027,FALSE
2145,0.91,0,0.5,1.0,1,1,1687,4360,0.582,0.578,str('kl'),0.084,TRUE
2146,0.91,0,0.5,1.0,1,1,1530,222,0.227,0.885,str('intersection'),0.09,FALSE
2147,0.91,0,0.5,1.0,1,1,3594,2634,0.513,0.129,str('kl'),0.01,TRUE
2148,0.91,0,0.5,1.0,1,1,4259,2216,0.464,0.513,str('kl'),0.04,FALSE
2149,0.91,0,0.5,1.0,1,1,698,4940,0.797,0.255,str('intersection'),0.075,TRUE
2150,0.91,0,0.5,1.0,1,1,408,1503,0.696,0.419,str('intersection'),0.08,FALSE
2151,0.91,0,0.5,1.0,1,1,4637,3779,0.035,0.66,str('kl'),0.023,TRUE
2152,0.91,0,0.5,1.0,1,1,2512,1071,0.989,0.043,str('kl'),0.05,FALSE
2153,0.91,0,0.5,1.0,1,1,2367,3659,0.281,0.783,str('intersection'),0.062,TRUE
2154,0.91,1,0.5,0.7686217868402409,0,2,2357,1954,0.71,0.102,str('kl'),0.02,FALSE
2155,0.91,0,0.5,1.0,1,1,2522,4658,0.061,0.858,str('intersection'),0.1,TRUE
2156,0.91,1,0.5,0.7686217868402409,0,2,4628,506,0.979,0.471,str('intersection'),0.07,FALSE
2157,0.91,0,0.5,1.0,1,1,418,2898,0.252,0.728,str('kl'),0.036,TRUE
2158,0.91,0,0.5,1.0,1,1,669,712,0.244,0.563,str('kl'),0.03,FALSE
2159,0.91,0,0.5,1.0,1,1,4288,3318,0.519,0.321,str('intersection'),0.087,TRUE
2160,0.91,1,0.5,0.7686217868402409,0,2,3701,63,0.307,0.717,str('intersection'),0.076,TRUE
2161,0.91,0,0.5,1.0,1,1,1344,2787,0.956,0.46,str('kl'),0.043,FALSE
2162,0.91,0,0.5,1.0,1,1,1814,1776,0.345,0.019,str('intersection'),0.049,TRUE
2163,0.91,0,0.5,1.0,1,1,3231,4206,0.885,0.775,str('kl'),0.059,FALSE
2164,0.91,0,0.5,1.0,1,1,3918,645,0.091,0.395,str('kl'),0.087,TRUE
2165,0.91,0,0.5,1.0,1,1,960,3388,0.678,0.652,str('intersection'),0.031,FALSE
2166,0.91,0,0.5,1.0,1,1,123,577,0.826,0.552,str('intersection'),0.036,TRUE
2167,0.91,0,0.5,1.0,1,1,5000,2832,0.411,0.311,str('kl'),0.069,FALSE
2168,0.91,0,0.5,1.0,1,1,2852,2020,0.612,0.925,str('kl'),0.099,TRUE
2169,0.91,0,0.5,1.0,1,1,2104,4587,0.15,0.184,str('intersection'),0.021,FALSE
2170,0.91,0,0.5,1.0,1,1,1899,2173,0.917,0.724,str('kl'),0.067,FALSE
2171,0.91,0,0.5,1.0,1,1,2980,4429,0.319,0.483,str('intersection'),0.033,TRUE
2172,0.91,0,0.5,1.0,1,1,4795,413,0.641,0.843,str('intersection'),0.017,FALSE
2173,0.91,0,0.5,1.0,1,1,251,2981,0.12,0.103,str('kl'),0.097,TRUE
2174,0.91,0,0.5,1.0,1,1,1166,794,0.378,0.19,str('kl'),0.058,FALSE
2175,0.91,0,0.5,1.0,1,1,3792,3226,0.851,0.946,str('intersection'),0.046,TRUE
2176,0.91,0,0.5,1.0,1,1,3196,937,0.705,0.594,str('intersection'),0.071,TRUE
2177,0.91,0,0.5,1.0,1,1,1762,3173,0.056,0.352,str('kl'),0.038,FALSE
2178,0.91,0,0.5,1.0,1,1,1294,2308,0.636,0.169,str('intersection'),0.055,TRUE
2179,0.91,0,0.5,1.0,1,1,3664,4914,0.096,0.91,str('kl'),0.065,FALSE
2180,0.91,1,0.5,0.7686217868402409,0,2,4189,240,0.928,0.292,str('kl'),0.081,TRUE
2181,0.91,0,0.5,1.0,1,1,934,2534,0.341,0.534,str('intersection'),0.025,FALSE
2182,0.91,0,0.5,1.0,1,1,482,972,0.162,0.636,str('intersection'),0.042,TRUE
2183,0.91,0,0.5,1.0,1,1,4397,3676,0.577,0.379,str('kl'),0.075,FALSE
2184,0.91,1,0.5,0.7686217868402409,0,2,2753,1478,0.4,0.762,str('kl'),0.093,TRUE
2185,0.91,1,0.5,0.7686217868402409,0,2,2292,3870,0.862,0.006,str('intersection'),0.015,FALSE
2186,0.91,0,0.5,1.0,1,1,2259,1225,0.543,0.375,str('kl'),0.027,TRUE
2187,0.91,0,0.5,1.0,1,1,2697,3500,0.19,0.616,str('intersection'),0.082,FALSE
2188,0.91,0,0.5,1.0,1,1,4530,1340,0.773,0.244,str('intersection'),0.064,TRUE
2189,0.91,0,0.5,1.0,1,1,593,3927,0.498,0.985,str('kl'),0.053,FALSE
2190,0.91,0,0.5,1.0,1,1,805,2365,0.007,0.836,str('kl'),0.014,TRUE
2191,0.91,0,0.5,1.0,1,1,4073,4776,0.734,0.08,str('intersection'),0.092,FALSE
2192,0.91,0,0.5,1.0,1,1,3458,2471,0.833,0.493,str('intersection'),0.022,FALSE
2193,0.91,0,0.5,1.0,1,1,1421,4766,0.437,0.735,str('kl'),0.079,TRUE
2194,0.91,0,0.5,1.0,1,1,1576,773,0.762,0.802,str('intersection'),0.096,FALSE
2195,0.91,0,0.5,1.0,1,1,3303,3322,0.476,0.061,str('kl'),0.016,TRUE
2196,0.91,0,0.5,1.0,1,1,3846,1830,0.547,0.675,str('kl'),0.034,FALSE
2197,0.91,0,0.5,1.0,1,1,1198,4067,0.214,0.433,str('intersection'),0.069,TRUE
2198,0.91,0,0.5,1.0,1,1,200,1879,0.284,0.269,str('intersection'),0.086,FALSE
2199,0.91,0,0.5,1.0,1,1,4757,4642,0.945,0.525,str('kl'),0.029,TRUE
2200,0.91,0,0.5,1.0,1,1,3095,510,0.031,0.146,str('kl'),0.044,FALSE
2201,0.91,0,0.5,1.0,1,1,2027,2961,0.739,0.902,str('intersection'),0.056,TRUE
2202,0.91,0,0.5,1.0,1,1,2135,361,0.438,0.44,str('kl'),0.032,TRUE
2203,0.91,0,0.5,1.0,1,1,2911,3124,0.791,0.696,str('intersection'),0.087,FALSE
2204,0.91,0,0.5,1.0,1,1,4865,2038,0.247,0.071,str('intersection'),0.058,TRUE
2205,0.91,0,0.5,1.0,1,1,15,4488,0.522,0.827,str('kl'),0.048,FALSE
2206,0.91,0,0.5,1.0,1,1,1092,1677,0.982,0.974,str('kl'),0.019,TRUE
2207,0.91,0,0.5,1.0,1,1,4032,4224,0.255,0.233,str('intersection'),0.098,FALSE
2208,0.91,0,0.5,1.0,1,1,3337,315,0.811,0.894,str('kl'),0.04,TRUE
2209,0.91,0,0.5,1.0,1,1,1629,3077,0.458,0.153,str('intersection'),0.074,FALSE
2210,0.91,0,0.5,1.0,1,1,1474,1446,0.849,0.337,str('kl'),0.057,TRUE
2211,0.91,0,0.5,1.0,1,1,3492,3837,0.387,0.579,str('intersection'),0.046,FALSE
2212,0.91,0,0.5,1.0,1,1,4360,1014,0.588,0.218,str('intersection'),0.028,TRUE
2213,0.91,0,0.5,1.0,1,1,753,3718,0.173,0.959,str('kl'),0.084,FALSE
2214,0.91,0,0.5,1.0,1,1,350,282,0.321,0.873,str('kl'),0.066,TRUE
2215,0.91,0,0.5,1.0,1,1,4538,2576,0.907,0.117,str('intersection'),0.033,FALSE
2216,0.91,1,0.5,0.7686217868402409,0,2,2611,2276,0.114,0.743,str('intersection'),0.018,TRUE
2217,0.91,0,0.5,1.0,1,1,2424,4883,0.654,0.486,str('kl'),0.096,FALSE
2218,0.91,0,0.5,1.0,1,1,2497,1328,0.071,0.586,str('kl'),0.073,FALSE
2219,0.91,0,0.5,1.0,1,1,2625,4033,0.669,0.329,str('intersection'),0.038,TRUE
2220,0.91,0,0.5,1.0,1,1,4602,1131,0.371,0.967,str('intersection'),0.012,FALSE
2221,0.91,0,0.5,1.0,1,1,355,3524,0.892,0.21,str('kl'),0.091,TRUE
2222,0.91,1,0.5,0.7686217868402409,0,2,728,86,0.603,0.125,str('kl'),0.063,FALSE
2223,0.91,0,0.5,1.0,1,1,4316,2693,0.129,0.866,str('intersection'),0.051,TRUE
2224,0.91,0,0.5,1.0,1,1,3600,1282,0.68,0.014,str('kl'),0.087,FALSE
2225,0.91,0,0.5,1.0,1,1,1289,3987,0.082,0.755,str('intersection'),0.03,TRUE
2226,0.91,0,0.5,1.0,1,1,1757,478,0.72,0.689,str('kl'),0.013,FALSE
2227,0.91,0,0.5,1.0,1,1,3132,2929,0.013,0.447,str('intersection'),0.092,TRUE
2228,0.91,0,0.5,1.0,1,1,4018,1920,0.966,0.819,str('intersection'),0.077,FALSE
2229,0.91,0,0.5,1.0,1,1,1018,4684,0.305,0.079,str('kl'),0.043,TRUE
2230,0.91,0,0.5,1.0,1,1,68,1871,0.203,0.226,str('kl'),0.026,FALSE
2231,0.91,0,0.5,1.0,1,1,4899,4108,0.537,0.982,str('intersection'),0.083,TRUE
2232,0.91,0,0.5,1.0,1,1,2954,741,0.488,0.344,str('intersection'),0.065,FALSE
2233,0.91,0,0.5,1.0,1,1,2160,3290,0.775,0.601,str('kl'),0.053,TRUE
2234,0.91,0,0.5,1.0,1,1,1954,891,0.045,0.053,str('intersection'),0.079,TRUE
2235,0.91,0,0.5,1.0,1,1,3081,3126,0.694,0.81,str('kl'),0.024,FALSE
2236,0.91,0,0.5,1.0,1,1,4693,1714,0.267,0.426,str('kl'),0.05,TRUE
2237,0.91,0,0.5,1.0,1,1,195,4261,0.994,0.683,str('intersection'),0.061,FALSE
2238,0.91,0,0.5,1.0,1,1,1223,2074,0.503,0.518,str('intersection'),0.089,TRUE
2239,0.91,0,0.5,1.0,1,1,3890,4525,0.228,0.276,str('kl'),0.011,FALSE
2240,0.91,0,0.5,1.0,1,1,3255,2136,0.332,0.176,str('kl'),0.082,FALSE
2241,0.91,0,0.5,1.0,1,1,1857,4392,0.93,0.933,str('intersection'),0.025,TRUE
2242,0.91,0,0.5,1.0,1,1,1387,1030,0.261,0.624,str('kl'),0.019,FALSE
2243,0.91,0,0.5,1.0,1,1,3725,3618,0.968,0.367,str('intersection'),0.099,TRUE
2244,0.91,0,0.5,1.0,1,1,4127,1535,0.054,0.993,str('intersection'),0.071,FALSE
2245,0.91,0,0.5,1.0,1,1,840,3810,0.715,0.236,str('kl'),0.037,TRUE
2246,0.91,0,0.5,1.0,1,1,578,2248,0.785,0.088,str('kl'),0.031,FALSE
2247,0.91,0,0.5,1.0,1,1,4456,4972,0.451,0.828,str('intersection'),0.088,TRUE
2248,0.91,1,0.5,0.7686217868402409,0,2,2693,180,0.524,0.468,str('intersection'),0.059,FALSE
2249,0.91,0,0.5,1.0,1,1,2196,2592,0.237,0.709,str('kl'),0.047,TRUE
2250,0.91,0,0.5,1.0,1,1,2317,2424,0.417,0.918,str('intersection'),0.036,FALSE
2251,0.91,0,0.5,1.0,1,1,2797,4719,0.813,0.162,str('kl'),0.07,TRUE
2252,0.91,1,0.5,0.7686217868402409,0,2,4431,123,0.148,0.542,str('kl'),0.099,FALSE
2253,0.91,0,0.5,1.0,1,1,536,2730,0.622,0.285,str('intersection'),0.02,TRUE
2254,0.91,0,0.5,1.0,1,1,861,1167,0.879,0.386,str('intersection'),0.048,FALSE
2255,0.91,0,0.5,1.0,1,1,4175,3560,0.359,0.628,str('kl'),0.06,TRUE
2256,0.91,0,0.5,1.0,1,1,3521,1188,0.208,0.791,str('kl'),0.035,TRUE
2257,0.91,0,0.5,1.0,1,1,1515,3463,0.561,0.035,str('intersection'),0.068,FALSE
2258,0.91,0,0.5,1.0,1,1,1673,1978,0.139,0.475,str('kl'),0.063,TRUE
2259,0.91,0,0.5,1.0,1,1,3363,4546,0.601,0.732,str('intersection'),0.052,FALSE
2260,0.91,0,0.5,1.0,1,1,3787,609,0.424,0.095,str('intersection'),0.022,TRUE
2261,0.91,0,0.5,1.0,1,1,1102,2864,0.839,0.851,str('kl'),0.078,FALSE
2262,0.91,0,0.5,1.0,1,1,294,677,0.659,0.938,str('kl'),0.072,TRUE
2263,0.91,0,0.5,1.0,1,1,4820,3420,0.073,0.198,str('intersection'),0.039,FALSE
2264,0.91,0,0.5,1.0,1,1,3034,1734,0.905,0.57,str('intersection'),0.012,TRUE
2265,0.91,0,0.5,1.0,1,1,1934,4165,0.365,0.328,str('kl'),0.09,FALSE
2266,0.91,0,0.5,1.0,1,1,2041,1580,0.564,0.767,str('intersection'),0.041,FALSE
2267,0.91,1,0.5,0.7686217868402409,0,2,2847,4324,0.168,0.027,str('kl'),0.076,TRUE
2268,0.91,0,0.5,1.0,1,1,4926,840,0.872,0.644,str('kl'),0.094,FALSE
2269,0.91,1,0.5,0.7686217868402409,0,2,108,3272,0.398,0.403,str('intersection'),0.015,TRUE
2270,0.91,0,0.5,1.0,1,1,995,460,0.109,0.303,str('intersection'),0.054,FALSE
2271,0.91,0,0.5,1.0,1,1,3972,3028,0.63,0.56,str('kl'),0.066,TRUE
2272,0.91,0,0.5,1.0,1,1,3376,1988,0.931,0.025,str('intersection'),0.09,TRUE
2273,0.91,0,0.5,1.0,1,1,1668,4536,0.329,0.765,str('kl'),0.012,FALSE
2274,0.91,0,0.5,1.0,1,1,1513,1179,0.971,0.707,str('intersection'),0.029,TRUE
2275,0.91,0,0.5,1.0,1,1,3531,3473,0.26,0.466,str('kl'),0.085,FALSE
2276,0.91,0,0.5,1.0,1,1,4243,1377,0.718,0.83,str('kl'),0.056,TRUE
2277,0.91,0,0.5,1.0,1,1,636,3983,0.054,0.09,str('intersection'),0.045,FALSE
2278,0.91,1,0.5,0.7686217868402409,0,2,467,2421,0.451,0.238,str('intersection'),0.017,TRUE
2279,0.91,0,0.5,1.0,1,1,4655,4813,0.788,0.994,str('kl'),0.095,FALSE
2280,0.91,1,0.5,0.7686217868402409,0,2,2572,37,0.236,0.365,str('kl'),0.068,TRUE
2281,0.91,0,0.5,1.0,1,1,2385,2741,0.527,0.622,str('intersection'),0.035,FALSE
2282,0.91,2,0.5,0.6332742086579153,0,3,2401,27,0.943,0.137,str('intersection'),0.085,TRUE
2283,0.91,0,0.5,1.0,1,1,2566,2750,0.294,0.877,str('kl'),0.029,FALSE
2284,0.91,0,0.5,1.0,1,1,4662,2411,0.744,0.264,str('kl'),0.045,TRUE
2285,0.91,0,0.5,1.0,1,1,452,4822,0.018,0.505,str('intersection'),0.055,FALSE
2286,0.91,0,0.5,1.0,1,1,635,1386,0.477,0.668,str('intersection'),0.094,TRUE
2287,0.91,0,0.5,1.0,1,1,4254,3973,0.752,0.411,str('kl'),0.016,FALSE
2288,0.91,0,0.5,1.0,1,1,3717,1020,0.56,0.875,str('intersection'),0.047,FALSE
2289,0.91,0,0.5,1.0,1,1,1407,3627,0.211,0.135,str('kl'),0.059,TRUE
2290,0.91,0,0.5,1.0,1,1,1874,2146,0.598,0.326,str('intersection'),0.076,FALSE
2291,0.91,0,0.5,1.0,1,1,3249,4382,0.14,0.568,str('kl'),0.041,TRUE
2292,0.91,0,0.5,1.0,1,1,3979,469,0.836,0.2,str('kl'),0.015,FALSE
2293,0.91,0,0.5,1.0,1,1,979,3018,0.424,0.94,str('intersection'),0.094,TRUE
2294,0.91,0,0.5,1.0,1,1,107,830,0.074,0.853,str('intersection'),0.066,FALSE
2295,0.91,0,0.5,1.0,1,1,4938,3282,0.656,0.097,str('kl'),0.054,TRUE
2296,0.91,0,0.5,1.0,1,1,2837,1570,0.366,0.73,str('kl'),0.025,FALSE
2297,0.91,0,0.5,1.0,1,1,2042,4334,0.902,0.473,str('intersection'),0.082,TRUE
2298,0.91,0,0.5,1.0,1,1,1915,1724,0.165,0.931,str('kl'),0.052,TRUE
2299,0.91,0,0.5,1.0,1,1,3042,4174,0.565,0.174,str('intersection'),0.063,FALSE
2300,0.91,0,0.5,1.0,1,1,4810,668,0.395,0.562,str('intersection'),0.078,TRUE
2301,0.91,0,0.5,1.0,1,1,312,3430,0.873,0.305,str('kl'),0.022,FALSE
2302,0.91,0,0.5,1.0,1,1,1106,618,0.631,0.405,str('kl'),0.039,TRUE
2303,0.91,0,0.5,1.0,1,1,3773,2854,0.107,0.646,str('intersection'),0.072,FALSE
2304,0.91,0,0.5,1.0,1,1,3138,487,0.46,0.812,str('intersection'),0.053,FALSE
2305,0.91,0,0.5,1.0,1,1,1740,2919,0.809,0.055,str('kl'),0.065,TRUE
2306,0.91,0,0.5,1.0,1,1,1270,1272,0.391,0.488,str('intersection'),0.07,FALSE
2307,0.91,0,0.5,1.0,1,1,3608,3997,0.849,0.745,str('kl'),0.036,TRUE
2308,0.91,0,0.5,1.0,1,1,4166,1157,0.176,0.115,str('kl'),0.02,FALSE
2309,0.91,1,0.5,0.7686217868402409,0,2,879,3570,0.588,0.871,str('intersection'),0.1,TRUE
2310,0.91,1,0.5,0.7686217868402409,0,2,539,132,0.907,0.957,str('intersection'),0.061,FALSE
2311,0.91,0,0.5,1.0,1,1,4417,2720,0.325,0.216,str('kl'),0.049,TRUE
2312,0.91,0,0.5,1.0,1,1,2810,2434,0.654,0.581,str('kl'),0.03,FALSE
2313,0.91,0,0.5,1.0,1,1,2313,4709,0.118,0.339,str('intersection'),0.087,TRUE
2314,0.91,1,0.5,0.7686217868402409,0,2,2200,189,0.297,0.033,str('kl'),0.098,FALSE
2315,0.91,0,0.5,1.0,1,1,2680,2582,0.942,0.789,str('intersection'),0.019,TRUE
2316,0.91,0,0.5,1.0,1,1,4471,2257,0.02,0.413,str('intersection'),0.037,FALSE
2317,0.91,0,0.5,1.0,1,1,575,4962,0.743,0.67,str('kl'),0.071,TRUE
2318,0.91,0,0.5,1.0,1,1,822,1525,0.751,0.507,str('kl'),0.089,FALSE
2319,0.91,0,0.5,1.0,1,1,4136,3820,0.48,0.266,str('intersection'),0.032,TRUE
2320,0.91,0,0.5,1.0,1,1,3482,1436,0.08,0.164,str('intersection'),0.096,TRUE
2321,0.91,0,0.5,1.0,1,1,1476,3847,0.682,0.92,str('kl'),0.018,FALSE
2322,0.91,1,0.5,0.7686217868402409,0,2,1634,325,0.009,0.603,str('intersection'),0.024,TRUE
2323,0.91,0,0.5,1.0,1,1,3324,3068,0.72,0.346,str('kl'),0.079,FALSE
2324,0.91,0,0.5,1.0,1,1,3904,2084,0.301,0.98,str('kl'),0.061,TRUE
2325,0.91,0,0.5,1.0,1,1,1219,4515,0.966,0.224,str('intersection'),0.05,FALSE
2326,0.91,0,0.5,1.0,1,1,177,1704,0.537,0.077,str('intersection'),0.011,TRUE
2327,0.91,1,0.5,0.7686217868402409,0,2,4702,4271,0.2,0.818,str('kl'),0.089,FALSE
2328,0.91,1,0.5,0.7686217868402409,0,2,3072,881,0.775,0.449,str('kl'),0.073,TRUE
2329,0.91,1,0.5,0.7686217868402409,0,2,1973,3136,0.484,0.691,str('intersection'),0.04,FALSE
2330,0.91,0,0.5,1.0,1,1,2158,732,0.692,0.155,str('kl'),0.092,FALSE
2331,0.91,0,0.5,1.0,1,1,2965,3300,0.047,0.896,str('intersection'),0.013,TRUE
2332,0.91,0,0.5,1.0,1,1,4887,1862,0.992,0.274,str('intersection'),0.043,FALSE
2333,0.91,0,0.5,1.0,1,1,69,4118,0.269,0.516,str('kl'),0.077,TRUE
2334,0.91,0,0.5,1.0,1,1,1034,1930,0.23,0.681,str('kl'),0.083,FALSE
2335,0.91,0,0.5,1.0,1,1,4011,4674,0.501,0.424,str('intersection'),0.026,TRUE
2336,0.91,0,0.5,1.0,1,1,3319,763,0.059,0.698,str('kl'),0.056,FALSE
2337,0.91,0,0.5,1.0,1,1,1570,3332,0.705,0.441,str('intersection'),0.044,TRUE
2338,0.91,0,0.5,1.0,1,1,1412,2481,0.097,0.008,str('kl'),0.038,FALSE
2339,0.91,0,0.5,1.0,1,1,3477,4756,0.634,0.764,str('intersection'),0.073,TRUE
2340,0.91,1,0.5,0.7686217868402409,0,2,4298,96,0.343,0.377,str('intersection'),0.091,FALSE
2341,0.91,0,0.5,1.0,1,1,738,2684,0.926,0.634,str('kl'),0.012,TRUE
2342,0.91,0,0.5,1.0,1,1,369,1121,0.575,0.532,str('kl'),0.051,FALSE
2343,0.91,0,0.5,1.0,1,1,4598,3533,0.164,0.29,str('intersection'),0.063,TRUE
2344,0.91,0,0.5,1.0,1,1,2630,1318,0.859,0.912,str('intersection'),0.079,FALSE
2345,0.91,0,0.5,1.0,1,1,2484,4043,0.402,0.171,str('kl'),0.022,TRUE
2346,0.91,1,0.5,0.7686217868402409,0,2,2441,2286,0.815,0.757,str('kl'),0.046,TRUE
2347,0.91,1,0.5,0.7686217868402409,0,2,2605,4873,0.415,0.016,str('intersection'),0.056,FALSE
2348,0.91,1,0.5,0.7686217868402409,0,2,4545,292,0.624,0.626,str('intersection'),0.084,TRUE
2349,0.91,0,0.5,1.0,1,1,335,2566,0.146,0.384,str('kl'),0.028,FALSE
2350,0.91,0,0.5,1.0,1,1,752,1004,0.357,0.283,str('kl'),0.034,TRUE
2351,0.91,0,0.5,1.0,1,1,4372,3728,0.881,0.54,str('intersection'),0.067,FALSE
2352,0.91,1,0.5,0.7686217868402409,0,2,3662,2317,0.434,0.331,str('kl'),0.015,TRUE
2353,0.91,0,0.5,1.0,1,1,1305,4904,0.834,0.588,str('intersection'),0.093,FALSE
2354,0.91,0,0.5,1.0,1,1,1775,928,0.474,0.904,str('kl'),0.088,TRUE
2355,0.91,1,0.5,0.7686217868402409,0,2,3192,3182,0.764,0.147,str('intersection'),0.032,FALSE
2356,0.91,0,0.5,1.0,1,1,4035,1667,0.213,0.523,str('intersection'),0.048,TRUE
2357,0.91,1,0.5,0.7686217868402409,0,2,1077,4234,0.55,0.267,str('kl'),0.058,FALSE
2358,0.91,0,0.5,1.0,1,1,6,2048,0.948,0.431,str('kl'),0.097,TRUE
2359,0.91,0,0.5,1.0,1,1,4882,4479,0.283,0.673,str('intersection'),0.019,FALSE
2360,0.91,0,0.5,1.0,1,1,2891,371,0.741,0.063,str('intersection'),0.038,TRUE
2361,0.91,0,0.5,1.0,1,1,2143,3114,0.029,0.804,str('kl'),0.071,FALSE
2362,0.91,0,0.5,1.0,1,1,2017,519,0.79,0.354,str('intersection'),0.016,FALSE
2363,0.91,0,0.5,1.0,1,1,3097,2951,0.441,0.596,str('kl'),0.096,TRUE
2364,0.91,0,0.5,1.0,1,1,4756,1888,0.521,0.231,str('kl'),0.068,FALSE
2365,0.91,0,0.5,1.0,1,1,211,4633,0.25,0.972,str('intersection'),0.034,TRUE
2366,0.91,0,0.5,1.0,1,1,1205,1820,0.258,0.825,str('intersection'),0.029,FALSE
2367,0.91,0,0.5,1.0,1,1,3831,4076,0.981,0.069,str('kl'),0.086,TRUE
2368,0.91,0,0.5,1.0,1,1,3235,1766,0.585,0.481,str('kl'),0.021,TRUE
2369,0.91,0,0.5,1.0,1,1,1800,4216,0.186,0.722,str('intersection'),0.099,FALSE
2370,0.91,1,0.5,0.7686217868402409,0,2,1333,73,0.514,0.781,str('kl'),0.082,TRUE
2371,0.91,0,0.5,1.0,1,1,3703,2777,0.224,0.041,str('intersection'),0.027,FALSE
2372,0.91,1,0.5,0.7686217868402409,0,2,4072,2375,0.799,0.662,str('intersection'),0.053,TRUE
2373,0.91,0,0.5,1.0,1,1,817,4767,0.462,0.421,str('kl'),0.064,FALSE
2374,0.91,0,0.5,1.0,1,1,600,1330,0.033,0.257,str('kl'),0.092,TRUE
2375,0.91,0,0.5,1.0,1,1,4514,3936,0.698,0.515,str('intersection'),0.014,FALSE
2376,0.91,0,0.5,1.0,1,1,2714,1216,0.278,0.127,str('intersection'),0.043,TRUE
2377,0.91,0,0.5,1.0,1,1,2254,3510,0.99,0.883,str('kl'),0.076,FALSE
2378,0.91,1,0.5,0.7686217868402409,0,2,2298,1468,0.67,0.737,str('intersection'),0.065,TRUE
2379,0.91,0,0.5,1.0,1,1,2736,3879,0.067,0.495,str('kl'),0.055,FALSE
2380,0.91,0,0.5,1.0,1,1,4412,963,0.892,0.864,str('kl'),0.025,TRUE
2381,0.91,1,0.5,0.7686217868402409,0,2,476,3686,0.368,0.123,str('intersection'),0.08,FALSE
2382,0.91,0,0.5,1.0,1,1,922,250,0.126,0.208,str('intersection'),0.075,TRUE
2383,0.91,0,0.5,1.0,1,1,4191,2525,0.603,0.965,str('kl'),0.042,FALSE
2384,0.91,1,0.5,0.7686217868402409,0,2,3575,231,0.953,0.614,str('kl'),0.062,FALSE
2385,0.91,1,0.5,0.7686217868402409,0,2,1538,2624,0.307,0.373,str('intersection'),0.05,TRUE
2386,0.91,1,0.5,0.7686217868402409,0,2,1693,1607,0.883,0.182,str('kl'),0.033,FALSE
2387,0.91,1,0.5,0.7686217868402409,0,2,3420,4370,0.347,0.923,str('intersection'),0.068,TRUE
2388,0.91,1,0.5,0.7686217868402409,0,2,3807,784,0.677,0.313,str('intersection'),0.097,FALSE
2389,0.91,0,0.5,1.0,1,1,1159,3236,0.094,0.554,str('kl'),0.017,TRUE
2390,0.91,0,0.5,1.0,1,1,239,423,0.414,0.654,str('kl'),0.046,FALSE
2391,0.91,1,0.5,0.7686217868402409,0,2,4796,2972,0.825,0.397,str('intersection'),0.058,TRUE
2392,0.91,0,0.5,1.0,1,1,2978,2183,0.152,0.773,str('intersection'),0.084,FALSE
2393,0.91,0,0.5,1.0,1,1,1910,4419,0.61,0.017,str('kl'),0.027,TRUE
2394,0.91,0,0.5,1.0,1,1,2096,2029,0.318,0.576,str('intersection'),0.06,TRUE
2395,0.91,0,0.5,1.0,1,1,2871,4577,0.921,0.318,str('kl'),0.049,FALSE
2396,0.91,0,0.5,1.0,1,1,4982,587,0.12,0.948,str('kl'),0.031,TRUE
2397,0.91,0,0.5,1.0,1,1,132,2822,0.644,0.192,str('intersection'),0.086,FALSE
2398,0.91,1,0.5,0.7686217868402409,0,2,974,636,0.854,0.105,str('intersection'),0.069,TRUE
2399,0.91,0,0.5,1.0,1,1,3915,3398,0.377,0.845,str('kl'),0.036,FALSE
2400,0.91,1,0.5,0.7686217868402409,0,2,3410,139,0.667,0.24,str('kl'),0.026,FALSE
2401,0.91,0,0.5,1.0,1,1,1703,2706,0.065,0.996,str('intersection'),0.083,TRUE
2402,0.91,0,0.5,1.0,1,1,1548,1856,0.736,0.555,str('kl'),0.1,FALSE
2403,0.91,0,0.5,1.0,1,1,3565,4130,0.025,0.298,str('intersection'),0.02,TRUE
2404,0.91,0,0.5,1.0,1,1,4287,721,0.951,0.935,str('intersection'),0.035,FALSE
2405,0.91,0,0.5,1.0,1,1,679,3308,0.286,0.179,str('kl'),0.07,TRUE
2406,0.91,0,0.5,1.0,1,1,423,496,0.216,0.032,str('kl'),0.087,FALSE
2407,0.91,0,0.5,1.0,1,1,4612,2907,0.553,0.773,str('intersection'),0.03,TRUE
2408,0.91,0,0.5,1.0,1,1,2537,1944,0.469,0.4,str('intersection'),0.048,FALSE
2409,0.91,0,0.5,1.0,1,1,2351,4668,0.76,0.642,str('kl'),0.06,TRUE
2410,0.91,0,0.5,1.0,1,1,2380,1061,0.19,0.458,str('intersection'),0.01,FALSE
2411,0.91,1,0.5,0.7686217868402409,0,2,2508,3668,0.539,0.715,str('kl'),0.09,TRUE
2412,0.91,1,0.5,0.7686217868402409,0,2,4641,1493,0.498,0.082,str('kl'),0.074,FALSE
2413,0.91,0,0.5,1.0,1,1,394,3788,0.769,0.838,str('intersection'),0.04,TRUE
2414,0.91,0,0.5,1.0,1,1,689,2225,0.73,0.986,str('intersection'),0.023,FALSE
2415,0.91,0,0.5,1.0,1,1,4277,4930,0.007,0.246,str('kl'),0.08,TRUE
2416,0.91,0,0.5,1.0,1,1,3673,1692,0.793,0.856,str('kl'),0.067,TRUE
2417,0.91,0,0.5,1.0,1,1,1362,4280,0.444,0.1,str('intersection'),0.034,FALSE
2418,0.91,0,0.5,1.0,1,1,1830,302,0.864,0.408,str('kl'),0.051,TRUE
2419,0.91,0,0.5,1.0,1,1,3206,2558,0.406,0.665,str('intersection'),0.061,FALSE
2420,0.91,0,0.5,1.0,1,1,3944,2291,0.572,0.039,str('intersection'),0.079,TRUE
2421,0.91,0,0.5,1.0,1,1,945,4860,0.16,0.795,str('kl'),0.024,FALSE
2422,0.91,0,0.5,1.0,1,1,142,1422,0.34,0.881,str('kl'),0.041,TRUE
2423,0.91,0,0.5,1.0,1,1,4972,3854,0.922,0.14,str('intersection'),0.074,FALSE
2424,0.91,0,0.5,1.0,1,1,2881,995,0.102,0.501,str('intersection'),0.089,TRUE
2425,0.91,0,0.5,1.0,1,1,2086,3740,0.638,0.259,str('kl'),0.011,FALSE
2426,0.91,0,0.5,1.0,1,1,1881,1144,0.432,0.833,str('intersection'),0.077,FALSE
2427,0.91,0,0.5,1.0,1,1,3007,3575,0.831,0.092,str('kl'),0.043,TRUE
2428,0.91,0,0.5,1.0,1,1,4767,1264,0.131,0.706,str('kl'),0.013,FALSE
2429,0.91,0,0.5,1.0,1,1,268,4007,0.609,0.464,str('intersection'),0.093,TRUE
2430,0.91,0,0.5,1.0,1,1,1149,2446,0.897,0.363,str('intersection'),0.064,FALSE
2431,0.91,0,0.5,1.0,1,1,3817,4700,0.373,0.619,str('kl'),0.052,TRUE
2432,0.91,0,0.5,1.0,1,1,3182,2390,0.196,0.955,str('kl'),0.072,TRUE
2433,0.91,0,0.5,1.0,1,1,1784,4841,0.545,0.215,str('intersection'),0.039,FALSE
2434,0.91,0,0.5,1.0,1,1,1314,698,0.156,0.282,str('kl'),0.045,TRUE
2435,0.91,1,0.5,0.7686217868402409,0,2,3652,3403,0.614,0.523,str('intersection'),0.055,FALSE
2436,0.91,1,0.5,0.7686217868402409,0,2,4200,1749,0.409,0.151,str('intersection'),0.085,TRUE
2437,0.91,1,0.5,0.7686217868402409,0,2,912,4142,0.821,0.891,str('kl'),0.029,FALSE
2438,0.91,0,0.5,1.0,1,1,505,1955,0.672,0.804,str('kl'),0.035,TRUE
2439,0.91,0,0.5,1.0,1,1,4383,4562,0.09,0.048,str('intersection'),0.068,FALSE
2440,0.91,0,0.5,1.0,1,1,2765,590,0.887,0.686,str('intersection'),0.095,TRUE
2441,0.91,0,0.5,1.0,1,1,2269,2885,0.351,0.428,str('kl'),0.017,FALSE
2442,0.91,0,0.5,1.0,1,1,2244,2092,0.062,0.2,str('intersection'),0.028,TRUE
2443,0.91,1,0.5,0.7686217868402409,0,2,2724,4505,0.707,0.941,str('kl'),0.083,FALSE
2444,0.91,1,0.5,0.7686217868402409,0,2,4504,338,0.253,0.323,str('kl'),0.057,TRUE
2445,0.91,0,0.5,1.0,1,1,610,3062,0.976,0.565,str('intersection'),0.046,FALSE
2446,0.91,1,0.5,0.7686217868402409,0,2,788,874,0.516,0.73,str('intersection'),0.018,TRUE
2447,0.91,0,0.5,1.0,1,1,4102,3150,0.245,0.473,str('kl'),0.096,FALSE
2448,0.91,0,0.5,1.0,1,1,4327,4305,0.646,0.691,str('kl'),0.047,TRUE
2449,0.91,0,0.5,1.0,1,1,3448,857,0.313,0.073,str('kl'),0.031,FALSE
2450,0.91,0,0.5,1.0,1,1,1442,3248,0.915,0.814,str('intersection'),0.088,TRUE
2451,0.91,1,0.5,0.7686217868402409,0,2,1599,2232,0.275,0.631,str('kl'),0.094,FALSE
2452,0.91,0,0.5,1.0,1,1,3290,4995,0.986,0.39,str('intersection'),0.014,TRUE
2453,0.91,1,0.5,0.7686217868402409,0,2,3860,160,0.037,0.75,str('intersection'),0.041,FALSE
2454,0.91,0,0.5,1.0,1,1,1176,2610,0.702,0.01,str('kl'),0.076,TRUE
2455,0.91,0,0.5,1.0,1,1,221,1048,0.803,0.158,str('kl'),0.081,FALSE
2456,0.91,0,0.5,1.0,1,1,4746,3596,0.466,0.914,str('intersection'),0.024,TRUE
2457,0.91,1,0.5,0.7686217868402409,0,2,3107,1558,0.511,0.289,str('intersection'),0.054,FALSE
2458,0.91,0,0.5,1.0,1,1,2007,3793,0.22,0.546,str('kl'),0.066,TRUE
2459,0.91,0,0.5,1.0,1,1,2114,1404,0.958,0.113,str('intersection'),0.023,TRUE
2460,0.91,0,0.5,1.0,1,1,2920,3953,0.313,0.869,str('kl'),0.078,FALSE
2461,0.91,1,0.5,0.7686217868402409,0,2,4853,1211,0.728,0.489,str('kl'),0.062,TRUE
2462,0.91,1,0.5,0.7686217868402409,0,2,35,3448,0.005,0.747,str('intersection'),0.052,FALSE
2463,0.91,1,0.5,0.7686217868402409,0,2,4045,2774,0.767,0.342,str('kl'),0.091,FALSE
2464,0.91,0,0.5,1.0,1,1,3875,3480,0.746,0.166,str('intersection'),0.021,FALSE
2465,0.91,0,0.5,1.0,1,1,3353,1362,0.292,0.538,str('intersection'),0.036,TRUE
2466,0.91,0,0.5,1.0,1,1,1604,3911,0.937,0.297,str('kl'),0.069,FALSE
2467,0.91,0,0.5,1.0,1,1,1447,554,0.363,0.231,str('intersection'),0.064,TRUE
2468,0.91,0,0.5,1.0,1,1,3511,2849,0.9,0.971,str('kl'),0.053,FALSE
2469,0.91,0,0.5,1.0,1,1,4343,2001,0.079,0.358,str('kl'),0.026,TRUE
2470,0.91,0,0.5,1.0,1,1,781,4608,0.662,0.599,str('intersection'),0.082,FALSE
2471,0.91,0,0.5,1.0,1,1,325,1796,0.841,0.699,str('intersection'),0.077,TRUE
2472,0.91,1,0.5,0.7686217868402409,0,2,4555,4189,0.43,0.442,str('kl'),0.044,FALSE
2473,0.91,0,0.5,1.0,1,1,2595,661,0.595,0.822,str('kl'),0.014,TRUE
2474,0.91,1,0.5,0.7686217868402409,0,2,2450,3366,0.137,0.065,str('intersection'),0.092,FALSE
2475,0.91,1,0.5,0.7686217868402409,0,2,2474,437,0.58,0.979,str('intersection'),0.072,FALSE
2476,0.91,0,0.5,1.0,1,1,2640,3043,0.181,0.223,str('kl'),0.037,TRUE
2477,0.91,0,0.5,1.0,1,1,4589,2118,0.857,0.607,str('kl'),0.018,FALSE
2478,0.91,0,0.5,1.0,1,1,379,4412,0.379,0.349,str('intersection'),0.098,TRUE
2479,0.91,0,0.5,1.0,1,1,708,1601,0.122,0.45,str('intersection'),0.059,FALSE
2480,0.91,0,0.5,1.0,1,1,4156,4444,0.87,0.796,str('intersection'),0.062,TRUE
2481,0.91,0,0.5,1.0,1,1,3618,395,0.17,0.436,str('intersection'),0.08,FALSE
2482,0.91,0,0.5,1.0,1,1,1260,3001,0.569,0.677,str('kl'),0.023,TRUE
2483,0.91,0,0.5,1.0,1,1,1731,1522,0.239,0.861,str('intersection'),0.017,FALSE
2484,0.91,0,0.5,1.0,1,1,3148,3757,0.529,0.121,str('kl'),0.097,TRUE
2485,0.91,0,0.5,1.0,1,1,4001,1095,0.446,0.738,str('kl'),0.067,FALSE
2486,0.91,0,0.5,1.0,1,1,1043,3642,0.783,0.497,str('intersection'),0.033,TRUE
2487,0.91,0,0.5,1.0,1,1,40,206,0.713,0.333,str('intersection'),0.028,FALSE
2488,0.91,0,0.5,1.0,1,1,4916,2656,0.048,0.591,str('kl'),0.084,TRUE
2489,0.91,0,0.5,1.0,1,1,2936,2195,0.974,0.207,str('kl'),0.057,FALSE
2490,0.91,0,0.5,1.0,1,1,2187,4958,0.262,0.963,str('intersection'),0.045,TRUE
2491,0.91,1,0.5,0.7686217868402409,0,2,1983,2349,0.555,0.382,str('kl'),0.086,TRUE
2492,0.91,0,0.5,1.0,1,1,3063,4800,0.206,0.639,str('intersection'),0.03,FALSE
2493,0.91,13,0.5,0.1190610212692974,0,10,4712,42,0.754,0.002,str('intersection'),0.049,TRUE
2494,0.91,0,0.5,1.0,1,1,167,2806,0.483,0.758,str('kl'),0.06,FALSE
2495,0.91,0,0.5,1.0,1,1,1249,1243,0.023,0.907,str('kl'),0.099,TRUE
2496,0.91,0,0.5,1.0,1,1,3949,4049,0.142,0.889,str('intersection'),0.056,TRUE
2497,0.91,0,0.5,1.0,1,1,3279,1113,0.818,0.251,str('intersection'),0.085,FALSE
2498,0.91,0,0.5,1.0,1,1,1845,3544,0.419,0.508,str('kl'),0.028,TRUE
2499,0.91,0,0.5,1.0,1,1,1377,1898,0.78,0.948,str('intersection'),0.012,FALSE
2500,0.91,0,0.5,1.0,1,1,3746,4621,0.49,0.192,str('kl'),0.091,TRUE
2501,0.91,0,0.5,1.0,1,1,4107,533,0.535,0.572,str('kl'),0.073,FALSE
2502,0.91,0,0.5,1.0,1,1,851,2944,0.198,0.315,str('intersection'),0.039,TRUE
2503,0.91,0,0.5,1.0,1,1,565,758,0.299,0.48,str('intersection'),0.022,FALSE
2504,0.91,0,0.5,1.0,1,1,4480,3344,0.964,0.722,str('kl'),0.078,TRUE
2505,0.91,0,0.5,1.0,1,1,2670,1810,0.014,0.108,str('kl'),0.063,FALSE
2506,0.91,1,0.5,0.7686217868402409,0,2,2210,4084,0.726,0.849,str('intersection'),0.051,TRUE
2507,0.91,0,0.5,1.0,1,1,2342,815,0.936,0.531,str('kl'),0.04,FALSE
2508,0.91,1,0.5,0.7686217868402409,0,2,2781,3207,0.334,0.273,str('intersection'),0.074,TRUE
2509,0.91,0,0.5,1.0,1,1,4446,1633,0.628,0.899,str('intersection'),0.09,FALSE
2510,0.91,0,0.5,1.0,1,1,510,4337,0.104,0.143,str('kl'),0.011,TRUE
2511,0.91,0,0.5,1.0,1,1,888,2151,0.392,0.056,str('kl'),0.05,FALSE
2512,0.91,0,0.5,1.0,1,1,4233,3103,0.273,0.024,str('intersection'),0.016,FALSE
2513,0.91,1,0.5,0.7686217868402409,0,2,3541,2061,0.688,0.65,str('intersection'),0.042,TRUE
2514,0.91,1,0.5,0.7686217868402409,0,2,1503,4473,0.043,0.393,str('kl'),0.075,FALSE
2515,0.91,0,0.5,1.0,1,1,1658,949,0.649,0.084,str('intersection'),0.058,TRUE
2516,0.91,0,0.5,1.0,1,1,3386,3693,0.112,0.84,str('kl'),0.047,FALSE
2517,0.91,0,0.5,1.0,1,1,3763,1459,0.91,0.457,str('kl'),0.032,TRUE
2518,0.91,0,0.5,1.0,1,1,1115,3891,0.327,0.714,str('intersection'),0.088,FALSE
2519,0.91,0,0.5,1.0,1,1,283,2328,0.179,0.612,str('intersection'),0.071,TRUE
2520,0.91,0,0.5,1.0,1,1,4839,4896,0.59,0.37,str('kl'),0.038,FALSE
2521,0.91,1,0.5,0.7686217868402409,0,2,3012,256,0.385,0.988,str('kl'),0.019,TRUE
2522,0.91,0,0.5,1.0,1,1,1944,2512,0.843,0.247,str('intersection'),0.098,FALSE
2523,0.91,1,0.5,0.7686217868402409,0,2,2052,107,0.084,0.657,str('kl'),0.034,FALSE
2524,0.91,0,0.5,1.0,1,1,2827,2674,0.686,0.415,str('intersection'),0.069,TRUE
2525,0.91,1,0.5,0.7686217868402409,0,2,4948,2487,0.353,0.788,str('intersection'),0.095,FALSE
2526,0.91,0,0.5,1.0,1,1,98,4742,0.877,0.047,str('kl'),0.016,TRUE
2527,0.91,0,0.5,1.0,1,1,1008,1306,0.62,0.132,str('kl'),0.044,FALSE
2528,0.91,1,0.5,0.7686217868402409,0,2,3770,3707,0.29,0.356,str('kl'),0.042,TRUE
2529,0.91,0,0.5,1.0,1,1,3380,1455,0.748,0.973,str('kl'),0.016,FALSE
2530,0.91,0,0.5,1.0,1,1,1656,3905,0.021,0.233,str('intersection'),0.094,TRUE
2531,0.91,1,0.5,0.7686217868402409,0,2,1498,385,0.664,0.291,str('kl'),0.088,FALSE
2532,0.91,0,0.5,1.0,1,1,3538,3089,0.077,0.532,str('intersection'),0.032,TRUE
2533,0.91,0,0.5,1.0,1,1,4238,2066,0.902,0.172,str('intersection'),0.047,FALSE
2534,0.91,0,0.5,1.0,1,1,652,4458,0.361,0.912,str('kl'),0.058,TRUE
2535,0.91,0,0.5,1.0,1,1,435,1647,0.135,0.764,str('kl'),0.098,FALSE
2536,0.91,0,0.5,1.0,1,1,4679,4253,0.597,0.007,str('intersection'),0.02,TRUE
2537,0.91,0,0.5,1.0,1,1,2549,902,0.428,0.633,str('intersection'),0.038,FALSE
2538,0.91,0,0.5,1.0,1,1,2419,3196,0.843,0.376,str('kl'),0.071,TRUE
2539,0.91,1,0.5,0.7686217868402409,0,2,2414,1660,0.456,0.305,str('kl'),0.081,TRUE
2540,0.91,1,0.5,0.7686217868402409,0,2,2542,4248,0.805,0.547,str('intersection'),0.025,FALSE
2541,0.91,0,0.5,1.0,1,1,4684,916,0.234,0.186,str('intersection'),0.055,TRUE
2542,0.91,1,0.5,0.7686217868402409,0,2,438,3192,0.505,0.927,str('kl'),0.065,FALSE
2543,0.91,0,0.5,1.0,1,1,645,379,0.996,0.78,str('kl'),0.093,TRUE
2544,0.91,0,0.5,1.0,1,1,4110,4617,0.172,0.737,str('kl'),0.085,FALSE
2545,0.91,0,0.5,1.0,1,1,3742,547,0.868,0.123,str('kl'),0.056,TRUE
2546,0.91,1,0.5,0.7686217868402409,0,2,1370,2940,0.394,0.863,str('intersection'),0.044,FALSE
2547,0.91,0,0.5,1.0,1,1,1840,1291,0.781,0.672,str('kl'),0.039,TRUE
2548,0.91,0,0.5,1.0,1,1,3272,4055,0.448,0.43,str('intersection'),0.073,FALSE
2549,0.91,0,0.5,1.0,1,1,3954,1098,0.527,0.802,str('intersection'),0.091,TRUE
2550,0.91,0,0.5,1.0,1,1,1012,3549,0.241,0.062,str('kl'),0.011,FALSE
2551,0.91,1,0.5,0.7686217868402409,0,2,91,112,0.264,0.149,str('kl'),0.051,TRUE
2552,0.91,1,0.5,0.7686217868402409,0,2,4943,2661,0.972,0.905,str('intersection'),0.063,FALSE
2553,0.91,0,0.5,1.0,1,1,2831,2492,0.05,0.268,str('intersection'),0.078,TRUE
2554,0.91,0,0.5,1.0,1,1,2057,4728,0.711,0.525,str('kl'),0.022,FALSE
2555,0.91,0,0.5,1.0,1,1,1951,2343,0.481,0.067,str('intersection'),0.065,FALSE
2556,0.91,0,0.5,1.0,1,1,3016,4891,0.756,0.824,str('kl'),0.055,TRUE
2557,0.91,0,0.5,1.0,1,1,4837,271,0.205,0.44,str('kl'),0.025,FALSE
2558,0.91,0,0.5,1.0,1,1,277,2506,0.557,0.697,str('intersection'),0.081,TRUE
2559,0.91,0,0.5,1.0,1,1,1119,945,0.939,0.597,str('intersection'),0.075,FALSE
2560,0.91,0,0.5,1.0,1,1,3996,3763,0.816,0.574,str('kl'),0.08,FALSE
2561,0.91,0,0.5,1.0,1,1,3154,1080,0.144,0.19,str('kl'),0.062,TRUE
2562,0.91,0,0.5,1.0,1,1,1735,3648,0.618,0.946,str('intersection'),0.05,FALSE
2563,0.91,0,0.5,1.0,1,1,1267,2164,0.2,0.514,str('kl'),0.033,TRUE
2564,0.91,0,0.5,1.0,1,1,3622,4440,0.533,0.257,str('intersection'),0.067,FALSE
2565,0.91,1,0.5,0.7686217868402409,0,2,4153,410,0.492,0.883,str('intersection'),0.097,TRUE
2566,0.91,0,0.5,1.0,1,1,883,2998,0.778,0.127,str('kl'),0.017,FALSE
2567,0.91,0,0.5,1.0,1,1,514,810,0.724,0.041,str('kl'),0.045,TRUE
2568,0.91,0,0.5,1.0,1,1,4454,3222,0.016,0.782,str('intersection'),0.057,FALSE
2569,0.91,0,0.5,1.0,1,1,2775,1628,0.962,0.421,str('intersection'),0.084,TRUE
2570,0.91,0,0.5,1.0,1,1,2339,4352,0.301,0.663,str('kl'),0.027,FALSE
2571,0.91,0,0.5,1.0,1,1,2212,753,0.105,0.965,str('intersection'),0.016,TRUE
2572,0.91,0,0.5,1.0,1,1,2676,3360,0.626,0.209,str('kl'),0.095,FALSE
2573,0.91,0,0.5,1.0,1,1,4473,1804,0.335,0.589,str('kl'),0.069,TRUE
2574,0.91,0,0.5,1.0,1,1,561,4099,0.934,0.332,str('intersection'),0.034,FALSE
2575,0.91,1,0.5,0.7686217868402409,0,2,857,1912,0.567,0.495,str('intersection'),0.028,TRUE
2576,0.91,0,0.5,1.0,1,1,4338,2833,0.69,0.458,str('kl'),0.037,TRUE
2577,0.91,0,0.5,1.0,1,1,3514,2007,0.271,0.838,str('kl'),0.021,FALSE
2578,0.91,0,0.5,1.0,1,1,1452,4593,0.998,0.082,str('intersection'),0.099,TRUE
2579,0.91,0,0.5,1.0,1,1,1607,1239,0.325,0.398,str('kl'),0.082,FALSE
2580,0.91,1,0.5,0.7686217868402409,0,2,3359,3493,0.912,0.656,str('intersection'),0.027,TRUE
2581,0.91,0,0.5,1.0,1,1,3868,1359,0.11,0.018,str('intersection'),0.053,FALSE
2582,0.91,0,0.5,1.0,1,1,1245,3926,0.65,0.774,str('kl'),0.064,TRUE
2583,0.91,0,0.5,1.0,1,1,173,2364,0.845,0.921,str('kl'),0.092,FALSE
2584,0.91,0,0.5,1.0,1,1,4715,4794,0.383,0.18,str('intersection'),0.014,TRUE
2585,0.91,1,0.5,0.7686217868402409,0,2,3059,58,0.592,0.553,str('intersection'),0.044,FALSE
2586,0.91,0,0.5,1.0,1,1,1976,2801,0.177,0.311,str('kl'),0.077,TRUE
2587,0.91,1,0.5,0.7686217868402409,0,2,2182,210,0.875,0.847,str('intersection'),0.011,TRUE
2588,0.91,0,0.5,1.0,1,1,2932,2642,0.355,0.106,str('kl'),0.09,FALSE
2589,0.91,0,0.5,1.0,1,1,4921,2200,0.684,0.724,str('kl'),0.074,TRUE
2590,0.91,0,0.5,1.0,1,1,46,4944,0.085,0.482,str('intersection'),0.04,FALSE
2591,0.91,0,0.5,1.0,1,1,1040,1507,0.421,0.317,str('intersection'),0.023,TRUE
2592,0.91,0,0.5,1.0,1,1,3863,4990,0.665,0.929,str('intersection'),0.031,FALSE
2593,0.91,1,0.5,0.7686217868402409,0,2,3285,174,0.375,0.303,str('intersection'),0.047,TRUE
2594,0.91,0,0.5,1.0,1,1,1593,2606,0.895,0.561,str('kl'),0.059,FALSE
2595,0.91,0,0.5,1.0,1,1,1438,1586,0.288,0.994,str('intersection'),0.076,TRUE
2596,0.91,1,0.5,0.7686217868402409,0,2,3440,4311,0.949,0.238,str('kl'),0.041,FALSE
2597,0.91,0,0.5,1.0,1,1,4333,842,0.027,0.622,str('kl'),0.015,TRUE
2598,0.91,1,0.5,0.7686217868402409,0,2,711,3254,0.734,0.364,str('intersection'),0.094,FALSE
2599,0.91,0,0.5,1.0,1,1,372,441,0.758,0.466,str('intersection'),0.066,TRUE
2600,0.91,0,0.5,1.0,1,1,4585,3029,0.471,0.708,str('kl'),0.054,FALSE
2601,0.91,1,0.5,0.7686217868402409,0,2,2642,2123,0.551,0.09,str('kl'),0.024,TRUE
2602,0.91,1,0.5,0.7686217868402409,0,2,2480,4399,0.218,0.831,str('intersection'),0.081,FALSE
2603,0.91,0,0.5,1.0,1,1,2446,1782,0.507,0.245,str('intersection'),0.06,FALSE
2604,0.91,1,0.5,0.7686217868402409,0,2,2589,4193,0.232,0.986,str('kl'),0.049,TRUE
2605,0.91,0,0.5,1.0,1,1,4560,647,0.807,0.372,str('kl'),0.03,FALSE
2606,0.91,0,0.5,1.0,1,1,328,3370,0.454,0.614,str('intersection'),0.086,TRUE
2607,0.91,0,0.5,1.0,1,1,775,559,0.041,0.716,str('intersection'),0.07,FALSE
2608,0.91,0,0.5,1.0,1,1,917,693,0.442,0.789,str('kl'),0.039,FALSE
2609,0.91,0,0.5,1.0,1,1,4207,3417,0.795,0.034,str('intersection'),0.072,TRUE
2610,0.91,0,0.5,1.0,1,1,3647,1745,0.243,0.671,str('intersection'),0.091,FALSE
2611,0.91,0,0.5,1.0,1,1,1311,4156,0.518,0.414,str('kl'),0.013,TRUE
2612,0.91,0,0.5,1.0,1,1,3179,2759,0.573,0.854,str('kl'),0.085,TRUE
2613,0.91,0,0.5,1.0,1,1,4049,2396,0.404,0.474,str('kl'),0.055,FALSE
2614,0.91,0,0.5,1.0,1,1,1074,4827,0.866,0.732,str('intersection'),0.045,TRUE
2615,0.91,0,0.5,1.0,1,1,32,1390,0.64,0.567,str('intersection'),0.017,FALSE
2616,0.91,0,0.5,1.0,1,1,4847,3957,0.1,0.325,str('kl'),0.095,TRUE
2617,0.91,0,0.5,1.0,1,1,2928,1197,0.924,0.939,str('kl'),0.068,FALSE
2618,0.91,1,0.5,0.7686217868402409,0,2,2118,3452,0.338,0.198,str('intersection'),0.035,TRUE
2619,0.91,1,0.5,0.7686217868402409,0,2,2010,1043,0.607,0.648,str('kl'),0.098,TRUE
2620,0.91,0,0.5,1.0,1,1,3112,3611,0.133,0.406,str('intersection'),0.019,FALSE
2621,0.91,0,0.5,1.0,1,1,4740,1553,0.829,0.767,str('intersection'),0.037,TRUE
2622,0.91,0,0.5,1.0,1,1,217,3809,0.433,0.026,str('kl'),0.072,FALSE
2623,0.91,1,0.5,0.7686217868402409,0,2,1181,2246,0.067,0.173,str('kl'),0.088,TRUE
2624,0.91,0,0.5,1.0,1,1,938,308,0.547,0.897,str('kl'),0.034,FALSE
2625,0.91,0,0.5,1.0,1,1,3940,2543,0.194,0.157,str('intersection'),0.067,TRUE
2626,0.91,0,0.5,1.0,1,1,3209,2297,0.769,0.517,str('intersection'),0.096,FALSE
2627,0.91,0,0.5,1.0,1,1,1836,4845,0.494,0.276,str('kl'),0.018,TRUE
2628,0.91,0,0.5,1.0,1,1,1366,870,0.823,0.217,str('intersection'),0.023,FALSE
2629,0.91,0,0.5,1.0,1,1,3679,3164,0.407,0.957,str('kl'),0.079,TRUE
2630,0.91,0,0.5,1.0,1,1,4095,1688,0.616,0.34,str('kl'),0.061,FALSE
2631,0.91,0,0.5,1.0,1,1,783,4294,0.154,0.581,str('intersection'),0.051,TRUE
2632,0.91,0,0.5,1.0,1,1,615,2108,0.349,0.744,str('intersection'),0.011,FALSE
2633,0.91,0,0.5,1.0,1,1,4508,4499,0.889,0.487,str('kl'),0.089,TRUE
2634,0.91,0,0.5,1.0,1,1,2719,353,0.088,0.871,str('kl'),0.074,FALSE
2635,0.91,1,0.5,0.7686217868402409,0,2,2237,3056,0.674,0.115,str('intersection'),0.041,TRUE
2636,0.91,0,0.5,1.0,1,1,2275,1970,0.978,0.265,str('kl'),0.051,FALSE
2637,0.91,0,0.5,1.0,1,1,2770,4556,0.251,0.507,str('intersection'),0.062,TRUE
2638,0.91,1,0.5,0.7686217868402409,0,2,4380,605,0.709,0.134,str('intersection'),0.078,FALSE
2639,0.91,0,0.5,1.0,1,1,500,2880,0.06,0.875,str('kl'),0.023,TRUE
2640,0.91,0,0.5,1.0,1,1,677,1841,0.913,0.016,str('kl'),0.083,TRUE
2641,0.91,0,0.5,1.0,1,1,4281,4136,0.315,0.756,str('intersection'),0.026,FALSE
2642,0.91,0,0.5,1.0,1,1,3572,706,0.644,0.384,str('intersection'),0.052,TRUE
2643,0.91,0,0.5,1.0,1,1,1552,3313,0.124,0.625,str('kl'),0.064,FALSE
2644,0.91,0,0.5,1.0,1,1,1709,2460,0.7,0.816,str('intersection'),0.07,TRUE
2645,0.91,1,0.5,0.7686217868402409,0,2,3415,4697,0.039,0.075,str('kl'),0.035,FALSE
2646,0.91,5,0.5,0.40189599549815613,0,6,3813,153,0.984,0.689,str('kl'),0.02,TRUE
2647,0.91,0,0.5,1.0,1,1,1144,2702,0.277,0.448,str('intersection'),0.1,FALSE
2648,0.91,1,0.5,0.7686217868402409,0,2,272,1140,0.222,0.348,str('intersection'),0.06,TRUE
2649,0.91,0,0.5,1.0,1,1,4773,3591,0.509,0.605,str('kl'),0.048,FALSE
2650,0.91,0,0.5,1.0,1,1,3002,1259,0.468,0.225,str('kl'),0.03,TRUE
2651,0.91,1,0.5,0.7686217868402409,0,2,1877,4023,0.801,0.981,str('intersection'),0.087,FALSE
2652,0.91,0,0.5,1.0,1,1,2082,1409,0.003,0.422,str('kl'),0.046,FALSE
2653,0.91,0,0.5,1.0,1,1,2874,3859,0.73,0.68,str('intersection'),0.057,TRUE
2654,0.91,0,0.5,1.0,1,1,4978,981,0.311,0.054,str('intersection'),0.083,FALSE
2655,0.91,0,0.5,1.0,1,1,145,3744,0.96,0.81,str('kl'),0.028,TRUE
2656,0.91,0,0.5,1.0,1,1,1154,1622,0.706,0.64,str('kl'),0.05,TRUE
2657,0.91,1,0.5,0.7686217868402409,0,2,3804,4365,0.057,0.382,str('intersection'),0.062,FALSE
2658,0.91,0,0.5,1.0,1,1,3424,799,0.983,0.758,str('intersection'),0.08,TRUE
2659,0.91,1,0.5,0.7686217868402409,0,2,1699,3230,0.256,0.002,str('kl'),0.023,FALSE
2660,0.91,0,0.5,1.0,1,1,1542,2212,0.928,0.443,str('intersection'),0.017,TRUE
2661,0.91,1,0.5,0.7686217868402409,0,2,3582,4935,0.341,0.701,str('kl'),0.097,FALSE
2662,0.91,1,0.5,0.7686217868402409,0,2,4271,217,0.635,0.067,str('kl'),0.068,TRUE
2663,0.91,1,0.5,0.7686217868402409,0,2,686,2628,0.095,0.823,str('intersection'),0.033,FALSE
2664,0.91,0,0.5,1.0,1,1,401,1067,0.4,0.97,str('intersection'),0.027,TRUE
2665,0.91,0,0.5,1.0,1,1,4645,3654,0.861,0.229,str('kl'),0.084,FALSE
2666,0.91,0,0.5,1.0,1,1,2505,1499,0.162,0.598,str('kl'),0.058,TRUE
2667,0.91,0,0.5,1.0,1,1,2374,3773,0.577,0.356,str('intersection'),0.046,FALSE
2668,0.91,0,0.5,1.0,1,1,2345,501,0.381,0.54,str('kl'),0.093,TRUE
2669,0.91,0,0.5,1.0,1,1,2535,2894,0.855,0.283,str('intersection'),0.013,FALSE
2670,0.91,0,0.5,1.0,1,1,4616,1948,0.182,0.92,str('intersection'),0.043,TRUE
2671,0.91,0,0.5,1.0,1,1,430,4654,0.578,0.164,str('kl'),0.077,FALSE
2672,0.91,1,0.5,0.7686217868402409,0,2,812,68,0.832,0.272,str('kl'),0.099,FALSE
2673,0.91,1,0.5,0.7686217868402409,0,2,4066,2793,0.436,0.529,str('intersection'),0.021,TRUE
2674,0.91,0,0.5,1.0,1,1,3708,2369,0.601,0.142,str('intersection'),0.036,FALSE
2675,0.91,1,0.5,0.7686217868402409,0,2,1336,4782,0.128,0.898,str('kl'),0.069,TRUE
2676,0.91,1,0.5,0.7686217868402409,0,2,1806,640,0.548,0.59,str('intersection'),0.063,FALSE
2677,0.91,0,0.5,1.0,1,1,3238,3385,0.215,0.333,str('kl'),0.053,TRUE
2678,0.91,1,0.5,0.7686217868402409,0,2,3911,1770,0.762,0.962,str('kl'),0.027,FALSE
2679,0.91,1,0.5,0.7686217868402409,0,2,967,4202,0.476,0.207,str('intersection'),0.082,TRUE
2680,0.91,0,0.5,1.0,1,1,135,2015,0.031,0.121,str('intersection'),0.076,FALSE
2681,0.91,0,0.5,1.0,1,1,4987,4583,0.739,0.862,str('kl'),0.043,TRUE
2682,0.91,0,0.5,1.0,1,1,2864,572,0.285,0.497,str('kl'),0.014,FALSE
2683,0.91,1,0.5,0.7686217868402409,0,2,2092,2828,0.946,0.739,str('intersection'),0.092,TRUE
2684,0.91,0,0.5,1.0,1,1,1907,419,0.248,0.165,str('kl'),0.04,TRUE
2685,0.91,0,0.5,1.0,1,1,2973,2986,0.523,0.906,str('intersection'),0.074,FALSE
2686,0.91,0,0.5,1.0,1,1,4802,2178,0.439,0.296,str('intersection'),0.09,TRUE
2687,0.91,0,0.5,1.0,1,1,243,4433,0.792,0.538,str('kl'),0.01,FALSE
2688,0.91,0,0.5,1.0,1,1,1084,932,0.188,0.415,str('kl'),0.093,FALSE
2689,0.91,0,0.5,1.0,1,1,4039,3168,0.583,0.657,str('intersection'),0.015,TRUE
2690,0.91,0,0.5,1.0,1,1,3189,1672,0.379,0.047,str('intersection'),0.042,FALSE
2691,0.91,0,0.5,1.0,1,1,1769,4221,0.853,0.787,str('kl'),0.075,TRUE
2692,0.91,0,0.5,1.0,1,1,1301,245,0.464,0.72,str('intersection'),0.058,FALSE
2693,0.91,0,0.5,1.0,1,1,3656,2540,0.797,0.479,str('kl'),0.048,TRUE
2694,0.91,0,0.5,1.0,1,1,4197,2312,0.226,0.847,str('kl'),0.032,FALSE
2695,0.91,0,0.5,1.0,1,1,927,4920,0.512,0.107,str('intersection'),0.088,TRUE
2696,0.91,0,0.5,1.0,1,1,470,1482,0.988,0.194,str('intersection'),0.071,FALSE
2697,0.91,0,0.5,1.0,1,1,4409,3875,0.28,0.95,str('kl'),0.038,TRUE
2698,0.91,0,0.5,1.0,1,1,2741,977,0.696,0.316,str('kl'),0.019,FALSE
2699,0.91,0,0.5,1.0,1,1,2305,3682,0.035,0.574,str('intersection'),0.097,TRUE
2700,0.91,0,0.5,1.0,1,1,2247,1344,0.37,0.798,str('kl'),0.086,FALSE
2701,0.91,0,0.5,1.0,1,1,2709,3932,0.89,0.057,str('intersection'),0.031,TRUE
2702,0.91,0,0.5,1.0,1,1,4517,1229,0.069,0.679,str('intersection'),0.049,FALSE
2703,0.91,0,0.5,1.0,1,1,605,3505,0.668,0.437,str('kl'),0.059,TRUE
2704,0.91,0,0.5,1.0,1,1,740,2466,0.305,0.548,str('kl'),0.044,TRUE
2705,0.91,1,0.5,0.7686217868402409,0,2,4304,4760,0.954,0.307,str('intersection'),0.056,FALSE
2706,0.91,1,0.5,0.7686217868402409,0,2,3470,82,0.005,0.928,str('intersection'),0.086,TRUE
2707,0.91,0,0.5,1.0,1,1,1408,2688,0.732,0.188,str('kl'),0.029,FALSE
2708,0.91,0,0.5,1.0,1,1,1563,1835,0.092,0.371,str('intersection'),0.012,TRUE
2709,0.91,0,0.5,1.0,1,1,3315,4071,0.679,0.612,str('kl'),0.091,FALSE
2710,0.91,0,0.5,1.0,1,1,3834,779,0.345,0.248,str('kl'),0.073,TRUE
2711,0.91,1,0.5,0.7686217868402409,0,2,1211,3327,0.885,0.988,str('intersection'),0.038,FALSE
2712,0.91,0,0.5,1.0,1,1,207,515,0.612,0.84,str('intersection'),0.022,TRUE
2713,0.91,0,0.5,1.0,1,1,4750,2965,0.15,0.083,str('kl'),0.079,FALSE
2714,0.91,0,0.5,1.0,1,1,3103,1885,0.827,0.713,str('kl'),0.063,TRUE
2715,0.91,0,0.5,1.0,1,1,2020,4647,0.412,0.456,str('intersection'),0.051,FALSE
2716,0.91,0,0.5,1.0,1,1,2147,2033,0.642,0.889,str('kl'),0.08,FALSE
2717,0.91,0,0.5,1.0,1,1,2898,4484,0.122,0.133,str('intersection'),0.025,TRUE
2718,0.91,0,0.5,1.0,1,1,4877,356,0.919,0.509,str('intersection'),0.055,FALSE
2719,0.91,0,0.5,1.0,1,1,3,3120,0.32,0.252,str('kl'),0.065,TRUE
2720,0.91,0,0.5,1.0,1,1,1215,319,0.331,0.092,str('intersection'),0.018,FALSE
2721,0.91,0,0.5,1.0,1,1,3897,3083,0.93,0.832,str('kl'),0.096,TRUE
2722,0.91,0,0.5,1.0,1,1,3330,2079,0.109,0.464,str('kl'),0.066,FALSE
2723,0.91,0,0.5,1.0,1,1,1636,4531,0.629,0.705,str('intersection'),0.033,TRUE
2724,0.91,0,0.5,1.0,1,1,1481,1009,0.055,0.771,str('kl'),0.05,FALSE
2725,0.91,0,0.5,1.0,1,1,3485,3714,0.716,0.031,str('intersection'),0.061,TRUE
2726,0.91,0,0.5,1.0,1,1,4367,1441,0.262,0.641,str('intersection'),0.079,FALSE
2727,0.91,0,0.5,1.0,1,1,745,3834,0.969,0.399,str('kl'),0.024,TRUE
2728,0.91,1,0.5,0.7686217868402409,0,2,338,2271,0.525,0.299,str('kl'),0.04,FALSE
2729,0.91,0,0.5,1.0,1,1,4550,4878,0.238,0.556,str('intersection'),0.073,TRUE
2730,0.91,0,0.5,1.0,1,1,2599,277,0.786,0.18,str('intersection'),0.089,FALSE
2731,0.91,0,0.5,1.0,1,1,2436,2572,0.453,0.937,str('kl'),0.011,TRUE
2732,0.91,0,0.5,1.0,1,1,2490,1126,0.771,0.022,str('kl'),0.034,TRUE
2733,0.91,0,0.5,1.0,1,1,2633,3518,0.496,0.779,str('intersection'),0.069,FALSE
2734,0.91,0,0.5,1.0,1,1,4595,1324,0.541,0.391,str('intersection'),0.096,TRUE
2735,0.91,0,0.5,1.0,1,1,362,4028,0.188,0.648,str('kl'),0.016,FALSE
2736,0.91,0,0.5,1.0,1,1,873,1287,0.209,0.942,str('intersection'),0.065,TRUE
2737,0.91,0,0.5,1.0,1,1,4163,3991,0.562,0.202,str('kl'),0.053,FALSE
2738,0.91,0,0.5,1.0,1,1,3612,1173,0.478,0.566,str('kl'),0.026,TRUE
2739,0.91,0,0.5,1.0,1,1,1277,3565,0.753,0.324,str('intersection'),0.083,FALSE
2740,0.91,1,0.5,0.7686217868402409,0,2,1745,1916,0.422,0.141,str('kl'),0.099,TRUE
2741,0.91,0,0.5,1.0,1,1,3144,4679,0.838,0.881,str('intersection'),0.02,FALSE
2742,0.91,0,0.5,1.0,1,1,4005,474,0.138,0.26,str('intersection'),0.036,TRUE
2743,0.91,0,0.5,1.0,1,1,1030,2924,0.6,0.501,str('kl'),0.07,FALSE
2744,0.91,0,0.5,1.0,1,1,76,737,0.904,0.665,str('kl'),0.087,TRUE
2745,0.91,0,0.5,1.0,1,1,4892,3285,0.364,0.407,str('intersection'),0.03,FALSE
2746,0.91,0,0.5,1.0,1,1,2962,1868,0.658,0.795,str('intersection'),0.049,TRUE
2747,0.91,0,0.5,1.0,1,1,2152,4103,0.072,0.039,str('kl'),0.061,FALSE
2748,0.91,0,0.5,1.0,1,1,1966,1718,0.871,0.62,str('intersection'),0.028,FALSE
2749,0.91,0,0.5,1.0,1,1,3069,4267,0.397,0.363,str('kl'),0.084,TRUE
2750,0.91,0,0.5,1.0,1,1,4705,895,0.563,0.996,str('kl'),0.057,FALSE
2751,0.91,0,0.5,1.0,1,1,183,3132,0.167,0.24,str('intersection'),0.046,TRUE
2752,0.91,0,0.5,1.0,1,1,982,2132,0.811,0.869,str('intersection'),0.059,TRUE
2753,0.91,0,0.5,1.0,1,1,3984,4387,0.458,0.114,str('kl'),0.047,FALSE
2754,0.91,0,0.5,1.0,1,1,3243,455,0.503,0.747,str('kl'),0.032,TRUE
2755,0.91,0,0.5,1.0,1,1,1870,3022,0.228,0.49,str('intersection'),0.089,FALSE
2756,0.91,0,0.5,1.0,1,1,1400,1540,0.59,0.05,str('kl'),0.094,TRUE
2757,0.91,0,0.5,1.0,1,1,3713,3815,0.174,0.806,str('intersection'),0.015,FALSE
2758,0.91,0,0.5,1.0,1,1,4139,1035,0.851,0.43,str('intersection'),0.041,TRUE
2759,0.91,0,0.5,1.0,1,1,827,3622,0.389,0.687,str('kl'),0.075,FALSE
2760,0.91,1,0.5,0.7686217868402409,0,2,571,186,0.116,0.522,str('kl'),0.081,TRUE
2761,0.91,0,0.5,1.0,1,1,4464,2597,0.656,0.28,str('intersection'),0.024,FALSE
2762,0.91,1,0.5,0.7686217868402409,0,2,2685,2253,0.323,0.89,str('intersection'),0.054,TRUE
2763,0.91,0,0.5,1.0,1,1,2203,4976,0.909,0.149,str('kl'),0.066,FALSE
2764,0.91,1,0.5,0.7686217868402409,0,2,2310,128,0.745,0.471,str('intersection'),0.077,TRUE
2765,0.91,0,0.5,1.0,1,1,2804,2734,0.018,0.728,str('kl'),0.043,FALSE
2766,0.91,0,0.5,1.0,1,1,4424,2430,0.943,0.099,str('kl'),0.013,TRUE
2767,0.91,0,0.5,1.0,1,1,543,4724,0.295,0.855,str('intersection'),0.092,FALSE
2768,0.91,0,0.5,1.0,1,1,642,1183,0.68,0.222,str('intersection'),0.012,FALSE
2769,0.91,0,0.5,1.0,1,1,4247,3459,0.082,0.978,str('kl'),0.09,TRUE
2770,0.91,0,0.5,1.0,1,1,3528,1381,0.879,0.348,str('kl'),0.072,FALSE
2771,0.91,0,0.5,1.0,1,1,1508,3969,0.359,0.605,str('intersection'),0.04,TRUE
2772,0.91,0,0.5,1.0,1,1,1665,613,0.964,0.914,str('kl'),0.045,FALSE
2773,0.91,0,0.5,1.0,1,1,3371,2870,0.303,0.158,str('intersection'),0.056,TRUE
2774,0.91,0,0.5,1.0,1,1,3780,1983,0.718,0.545,str('intersection'),0.085,FALSE
2775,0.91,0,0.5,1.0,1,1,1110,4551,0.011,0.288,str('kl'),0.029,TRUE
2776,0.91,0,0.5,1.0,1,1,307,1739,0.486,0.39,str('kl'),0.035,FALSE
2777,0.91,0,0.5,1.0,1,1,4807,4170,0.773,0.632,str('intersection'),0.068,TRUE
2778,0.91,0,0.5,1.0,1,1,3046,681,0.202,0.01,str('intersection'),0.095,FALSE
2779,0.91,0,0.5,1.0,1,1,1922,3426,0.535,0.751,str('kl'),0.017,TRUE
2780,0.91,0,0.5,1.0,1,1,2048,836,0.267,0.341,str('intersection'),0.071,TRUE
2781,0.91,0,0.5,1.0,1,1,2840,3267,0.994,0.583,str('kl'),0.037,FALSE
2782,0.91,0,0.5,1.0,1,1,4934,1576,0.045,0.214,str('kl'),0.019,TRUE
2783,0.91,0,0.5,1.0,1,1,101,4319,0.694,0.955,str('intersection'),0.098,FALSE
2784,0.91,0,0.5,1.0,1,1,1098,1992,0.46,0.953,str('kl'),0.068,FALSE
2785,0.91,0,0.5,1.0,1,1,3780,4541,0.809,0.212,str('intersection'),0.035,TRUE
2786,0.91,0,0.5,1.0,1,1,3369,623,0.23,0.585,str('intersection'),0.016,FALSE
2787,0.91,0,0.5,1.0,1,1,1676,2860,0.501,0.343,str('kl'),0.095,TRUE
2788,0.91,0,0.5,1.0,1,1,1521,1371,0.175,0.151,str('intersection'),0.078,FALSE
2789,0.91,0,0.5,1.0,1,1,3524,3979,0.586,0.892,str('kl'),0.022,TRUE
2790,0.91,0,0.5,1.0,1,1,4250,1174,0.389,0.278,str('kl'),0.052,FALSE
2791,0.91,0,0.5,1.0,1,1,628,3469,0.847,0.52,str('intersection'),0.063,TRUE
2792,0.91,1,0.5,0.7686217868402409,0,2,455,31,0.652,0.685,str('intersection'),0.09,FALSE
2793,0.91,0,0.5,1.0,1,1,4667,2736,0.116,0.428,str('kl'),0.012,TRUE
2794,0.91,0,0.5,1.0,1,1,2560,2416,0.906,0.808,str('kl'),0.039,FALSE
2795,0.91,0,0.5,1.0,1,1,2397,4809,0.323,0.052,str('intersection'),0.072,TRUE
2796,0.91,0,0.5,1.0,1,1,2389,2406,0.148,0.693,str('intersection'),0.022,FALSE
2797,0.91,0,0.5,1.0,1,1,2578,4819,0.622,0.451,str('kl'),0.078,TRUE
2798,0.91,1,0.5,0.7686217868402409,0,2,4650,21,0.417,0.816,str('kl'),0.062,FALSE
2799,0.91,0,0.5,1.0,1,1,464,2746,0.813,0.075,str('intersection'),0.052,TRUE
2800,0.91,0,0.5,1.0,1,1,834,1025,0.08,0.073,str('kl'),0.025,TRUE
2801,0.91,0,0.5,1.0,1,1,4124,3631,0.682,0.814,str('intersection'),0.082,FALSE
2802,0.91,0,0.5,1.0,1,1,3729,1531,0.357,0.453,str('intersection'),0.066,TRUE
2803,0.91,0,0.5,1.0,1,1,1394,3824,0.881,0.695,str('kl'),0.054,FALSE
2804,0.91,1,0.5,0.7686217868402409,0,2,1862,465,0.303,0.753,str('intersection'),0.037,TRUE
2805,0.91,0,0.5,1.0,1,1,3262,3013,0.967,0.012,str('kl'),0.071,FALSE
2806,0.91,0,0.5,1.0,1,1,3966,2142,0.011,0.63,str('kl'),0.098,TRUE
2807,0.91,0,0.5,1.0,1,1,991,4377,0.722,0.388,str('intersection'),0.019,FALSE
2808,0.91,0,0.5,1.0,1,1,115,1566,0.777,0.286,str('intersection'),0.047,TRUE
2809,0.91,0,0.5,1.0,1,1,4931,4328,0.486,0.544,str('kl'),0.059,FALSE
2810,0.91,0,0.5,1.0,1,1,2844,826,0.539,0.16,str('kl'),0.089,TRUE
2811,0.91,0,0.5,1.0,1,1,2035,3277,0.201,0.916,str('intersection'),0.032,FALSE
2812,0.91,0,0.5,1.0,1,1,1927,672,0.992,0.492,str('kl'),0.055,FALSE
2813,0.91,0,0.5,1.0,1,1,3030,3435,0.269,0.749,str('intersection'),0.045,TRUE
2814,0.91,0,0.5,1.0,1,1,4823,1729,0.692,0.112,str('intersection'),0.029,FALSE
2815,0.91,0,0.5,1.0,1,1,300,4180,0.047,0.868,str('kl'),0.085,TRUE
2816,0.91,0,0.5,1.0,1,1,1021,483,0.932,0.242,str('kl'),0.03,TRUE
2817,0.91,0,0.5,1.0,1,1,4023,2914,0.33,0.998,str('intersection'),0.087,FALSE
2818,0.91,0,0.5,1.0,1,1,3126,1926,0.632,0.361,str('intersection'),0.06,TRUE
2819,0.91,0,0.5,1.0,1,1,1752,4669,0.108,0.618,str('kl'),0.048,FALSE
2820,0.91,0,0.5,1.0,1,1,1282,1163,0.717,0.935,str('intersection'),0.043,TRUE
2821,0.91,0,0.5,1.0,1,1,3596,3574,0.052,0.178,str('kl'),0.077,FALSE
2822,0.91,0,0.5,1.0,1,1,4178,1278,0.97,0.558,str('kl'),0.093,TRUE
2823,0.91,0,0.5,1.0,1,1,866,4001,0.259,0.301,str('intersection'),0.013,FALSE
2824,0.91,0,0.5,1.0,1,1,532,2440,0.235,0.401,str('intersection'),0.053,TRUE
2825,0.91,0,0.5,1.0,1,1,4424,4714,0.526,0.643,str('kl'),0.065,FALSE
2826,0.91,1,0.5,0.7686217868402409,0,2,2802,138,0.45,0.029,str('kl'),0.082,TRUE
2827,0.91,0,0.5,1.0,1,1,2320,2725,0.787,0.769,str('intersection'),0.026,FALSE
2828,0.91,0,0.5,1.0,1,1,2193,2263,0.624,0.607,str('kl'),0.015,TRUE
2829,0.91,0,0.5,1.0,1,1,2687,4967,0.146,0.35,str('intersection'),0.094,FALSE
2830,0.91,1,0.5,0.7686217868402409,0,2,4463,196,0.815,0.976,str('intersection'),0.076,TRUE
2831,0.91,0,0.5,1.0,1,1,582,2587,0.415,0.22,str('kl'),0.041,FALSE
2832,0.91,0,0.5,1.0,1,1,759,1431,0.559,0.857,str('kl'),0.074,FALSE
2833,0.91,0,0.5,1.0,1,1,4364,3843,0.21,0.101,str('intersection'),0.041,TRUE
2834,0.91,0,0.5,1.0,1,1,3489,999,0.75,0.726,str('intersection'),0.011,FALSE
2835,0.91,0,0.5,1.0,1,1,1469,3724,0.479,0.469,str('kl'),0.089,TRUE
2836,0.91,0,0.5,1.0,1,1,1626,2089,0.837,0.037,str('intersection'),0.084,FALSE
2837,0.91,0,0.5,1.0,1,1,3331,4521,0.425,0.793,str('kl'),0.028,TRUE
2838,0.91,0,0.5,1.0,1,1,3897,329,0.599,0.409,str('kl'),0.046,FALSE
2839,0.91,0,0.5,1.0,1,1,1227,3073,0.141,0.666,str('intersection'),0.057,TRUE
2840,0.91,0,0.5,1.0,1,1,189,886,0.367,0.503,str('intersection'),0.096,FALSE
2841,0.91,0,0.5,1.0,1,1,4690,3142,0.903,0.262,str('kl'),0.018,TRUE
2842,0.91,0,0.5,1.0,1,1,3085,1708,0.075,0.879,str('kl'),0.033,FALSE
2843,0.91,0,0.5,1.0,1,1,1961,4276,0.657,0.139,str('intersection'),0.066,TRUE
2844,0.91,0,0.5,1.0,1,1,2165,1858,0.396,0.703,str('kl'),0.02,TRUE
2845,0.91,0,0.5,1.0,1,1,2957,4113,0.874,0.462,str('intersection'),0.099,FALSE
2846,0.91,0,0.5,1.0,1,1,4894,727,0.166,0.834,str('intersection'),0.07,TRUE
2847,0.91,0,0.5,1.0,1,1,62,3295,0.566,0.094,str('kl'),0.036,FALSE
2848,0.91,0,0.5,1.0,1,1,1193,769,0.584,0.254,str('intersection'),0.079,TRUE
2849,0.91,0,0.5,1.0,1,1,3843,3336,0.185,0.511,str('kl'),0.022,FALSE
2850,0.91,0,0.5,1.0,1,1,3307,1826,0.853,0.131,str('kl'),0.051,TRUE
2851,0.91,0,0.5,1.0,1,1,1582,4080,0.376,0.887,str('intersection'),0.063,FALSE
2852,0.91,2,0.5,0.6332742086579153,0,3,1425,92,0.799,0.572,str('kl'),0.069,TRUE
2853,0.91,0,0.5,1.0,1,1,3465,2678,0.462,0.315,str('intersection'),0.034,FALSE
2854,0.91,0,0.5,1.0,1,1,4310,2476,0.515,0.952,str('intersection'),0.016,TRUE
2855,0.91,0,0.5,1.0,1,1,725,4750,0.225,0.195,str('kl'),0.096,FALSE
2856,0.91,0,0.5,1.0,1,1,362,1315,0.279,0.109,str('kl'),0.056,TRUE
2857,0.91,0,0.5,1.0,1,1,4606,4038,0.991,0.849,str('intersection'),0.044,FALSE
2858,0.91,0,0.5,1.0,1,1,2622,1117,0.033,0.477,str('intersection'),0.029,TRUE
2859,0.91,0,0.5,1.0,1,1,2492,3528,0.698,0.718,str('kl'),0.086,FALSE
2860,0.91,1,0.5,0.7686217868402409,0,2,2428,286,0.019,0.322,str('kl'),0.061,FALSE
2861,0.91,1,0.5,0.7686217868402409,0,2,2617,2562,0.742,0.564,str('intersection'),0.05,TRUE
2862,0.91,0,0.5,1.0,1,1,4533,2280,0.296,0.204,str('intersection'),0.024,FALSE
2863,0.91,0,0.5,1.0,1,1,347,4868,0.941,0.944,str('kl'),0.08,TRUE
2864,0.91,0,0.5,1.0,1,1,930,2322,0.954,0.65,str('intersection'),0.038,FALSE
2865,0.91,0,0.5,1.0,1,1,4183,4910,0.309,0.393,str('kl'),0.071,TRUE
2866,0.91,0,0.5,1.0,1,1,3669,254,0.732,0.777,str('kl'),0.097,FALSE
2867,0.91,0,0.5,1.0,1,1,1297,2530,0.009,0.021,str('intersection'),0.019,TRUE
2868,0.91,0,0.5,1.0,1,1,1767,1662,0.676,0.454,str('kl'),0.025,FALSE
2869,0.91,0,0.5,1.0,1,1,3199,4230,0.093,0.711,str('intersection'),0.081,TRUE
2870,0.91,0,0.5,1.0,1,1,4028,922,0.883,0.085,str('intersection'),0.065,FALSE
2871,0.91,0,0.5,1.0,1,1,1085,3178,0.347,0.842,str('kl'),0.055,TRUE
2872,0.91,0,0.5,1.0,1,1,18,366,0.152,0.99,str('kl'),0.015,FALSE
2873,0.91,0,0.5,1.0,1,1,4870,3110,0.61,0.25,str('intersection'),0.093,TRUE
2874,0.91,0,0.5,1.0,1,1,2904,2042,0.413,0.61,str('intersection'),0.075,FALSE
2875,0.91,1,0.5,0.7686217868402409,0,2,2131,4474,0.824,0.369,str('kl'),0.042,TRUE
2876,0.91,0,0.5,1.0,1,1,2024,1894,0.118,0.785,str('intersection'),0.091,TRUE
2877,0.91,0,0.5,1.0,1,1,3090,4637,0.643,0.045,str('kl'),0.012,FALSE
2878,0.91,0,0.5,1.0,1,1,4763,525,0.317,0.659,str('kl'),0.038,TRUE
2879,0.91,0,0.5,1.0,1,1,204,2955,0.919,0.417,str('intersection'),0.073,FALSE
2880,0.91,1,0.5,0.7686217868402409,0,2,967,1760,0.058,0.536,str('intersection'),0.043,FALSE
2881,0.91,1,0.5,0.7686217868402409,0,2,3922,4212,0.703,0.294,str('kl'),0.076,TRUE
2882,0.91,0,0.5,1.0,1,1,3228,631,0.256,0.908,str('kl'),0.092,FALSE
2883,0.91,0,0.5,1.0,1,1,1808,3394,0.98,0.167,str('intersection'),0.014,TRUE
2884,0.91,0,0.5,1.0,1,1,1340,2379,0.343,0.358,str('kl'),0.031,FALSE
2885,0.91,1,0.5,0.7686217868402409,0,2,3695,4772,0.926,0.6,str('intersection'),0.087,TRUE
2886,0.91,2,0.5,0.6332742086579153,0,3,4080,78,0.098,0.227,str('intersection'),0.059,FALSE
2887,0.91,1,0.5,0.7686217868402409,0,2,810,2783,0.634,0.968,str('kl'),0.049,TRUE
2888,0.91,0,0.5,1.0,1,1,587,1220,0.86,0.821,str('kl'),0.021,FALSE
2889,0.91,1,0.5,0.7686217868402409,0,2,4527,3515,0.402,0.065,str('intersection'),0.099,TRUE
2890,0.91,0,0.5,1.0,1,1,2702,1335,0.575,0.702,str('intersection'),0.069,FALSE
2891,0.91,1,0.5,0.7686217868402409,0,2,2266,3942,0.164,0.445,str('kl'),0.036,TRUE
2892,0.91,1,0.5,0.7686217868402409,0,2,2286,967,0.5,0.186,str('intersection'),0.048,FALSE
2893,0.91,1,0.5,0.7686217868402409,0,2,2749,3692,0.771,0.927,str('kl'),0.058,TRUE
2894,0.91,0,0.5,1.0,1,1,4400,1472,0.192,0.309,str('kl'),0.088,FALSE
2895,0.91,0,0.5,1.0,1,1,488,3885,0.541,0.55,str('intersection'),0.032,TRUE
2896,0.91,1,0.5,0.7686217868402409,0,2,701,227,0.436,0.435,str('intersection'),0.084,TRUE
2897,0.91,6,0.5,0.35043923442905656,0,7,4265,2618,0.835,0.677,str('kl'),0.027,FALSE
2898,0.91,1,0.5,0.7686217868402409,0,2,3587,2221,0.127,0.059,str('kl'),0.046,TRUE
2899,0.91,1,0.5,0.7686217868402409,0,2,1525,4925,0.605,0.8,str('intersection'),0.058,FALSE
2900,0.91,0,0.5,1.0,1,1,1681,789,0.212,0.741,str('kl'),0.075,TRUE
2901,0.91,1,0.5,0.7686217868402409,0,2,3432,3240,0.549,0.499,str('intersection'),0.04,FALSE
2902,0.91,0,0.5,1.0,1,1,3795,1612,0.474,0.86,str('intersection'),0.01,TRUE
2903,0.91,0,0.5,1.0,1,1,1171,4375,0.764,0.119,str('kl'),0.089,FALSE
2904,0.91,1,0.5,0.7686217868402409,0,2,246,2188,0.741,0.205,str('kl'),0.062,TRUE
2905,0.91,0,0.5,1.0,1,1,4789,4423,0.029,0.961,str('intersection'),0.05,FALSE
2906,0.91,0,0.5,1.0,1,1,2985,429,0.947,0.335,str('intersection'),0.023,TRUE
2907,0.91,1,0.5,0.7686217868402409,0,2,1903,2976,0.282,0.592,str('kl'),0.08,FALSE
2908,0.91,1,0.5,0.7686217868402409,0,2,2108,581,0.52,0.004,str('intersection'),0.053,FALSE
2909,0.91,1,0.5,0.7686217868402409,0,2,2859,2818,0.249,0.76,str('kl'),0.064,TRUE
2910,0.91,0,0.5,1.0,1,1,4994,2024,0.789,0.38,str('kl'),0.082,FALSE
2911,0.91,1,0.5,0.7686217868402409,0,2,120,4573,0.44,0.638,str('intersection'),0.027,TRUE
2912,0.91,1,0.5,0.7686217868402409,0,2,1142,143,0.194,0.808,str('intersection'),0.048,TRUE
2913,0.91,0,0.5,1.0,1,1,3824,2712,0.543,0.052,str('kl'),0.06,FALSE
2914,0.91,0,0.5,1.0,1,1,3403,2450,0.494,0.682,str('kl'),0.087,TRUE
2915,0.91,0,0.5,1.0,1,1,1710,4706,0.766,0.424,str('intersection'),0.03,FALSE
2916,0.91,0,0.5,1.0,1,1,1555,716,0.409,0.117,str('kl'),0.013,TRUE
2917,0.91,0,0.5,1.0,1,1,3558,3304,0.821,0.873,str('intersection'),0.093,FALSE
2918,0.91,1,0.5,0.7686217868402409,0,2,4294,1851,0.156,0.485,str('intersection'),0.077,TRUE
2919,0.91,0,0.5,1.0,1,1,672,4126,0.614,0.742,str('kl'),0.042,FALSE
2920,0.91,0,0.5,1.0,1,1,411,1939,0.887,0.579,str('kl'),0.026,TRUE
2921,0.91,0,0.5,1.0,1,1,4624,4663,0.351,0.338,str('intersection'),0.083,FALSE
2922,0.91,0,0.5,1.0,1,1,2525,491,0.673,0.959,str('intersection'),0.064,TRUE
2923,0.91,0,0.5,1.0,1,1,2363,2904,0.09,0.219,str('kl'),0.053,FALSE
2924,0.91,0,0.5,1.0,1,1,2373,1489,0.894,0.9,str('intersection'),0.097,TRUE
2925,0.91,1,0.5,0.7686217868402409,0,2,2515,3783,0.369,0.144,str('kl'),0.017,FALSE
2926,0.91,0,0.5,1.0,1,1,4633,1057,0.671,0.527,str('kl'),0.033,TRUE
2927,0.91,0,0.5,1.0,1,1,401,3663,0.069,0.27,str('intersection'),0.067,FALSE
2928,0.91,0,0.5,1.0,1,1,800,1698,0.315,0.162,str('intersection'),0.089,FALSE
2929,0.91,0,0.5,1.0,1,1,4089,4284,0.917,0.919,str('kl'),0.011,TRUE
2930,0.91,0,0.5,1.0,1,1,3686,880,0.124,0.285,str('kl'),0.041,FALSE
2931,0.91,0,0.5,1.0,1,1,1350,3155,0.648,0.542,str('intersection'),0.074,TRUE
2932,0.91,0,0.5,1.0,1,1,1818,2287,0.037,0.983,str('kl'),0.057,FALSE
2933,0.91,0,0.5,1.0,1,1,3218,4854,0.701,0.227,str('intersection'),0.046,TRUE
2934,0.91,0,0.5,1.0,1,1,3932,298,0.275,0.603,str('intersection'),0.028,FALSE
2935,0.91,0,0.5,1.0,1,1,957,2553,0.986,0.346,str('kl'),0.083,TRUE
2936,0.91,0,0.5,1.0,1,1,149,991,0.511,0.446,str('kl'),0.067,FALSE
2937,0.91,0,0.5,1.0,1,1,4965,3734,0.22,0.687,str('intersection'),0.034,TRUE
2938,0.91,0,0.5,1.0,1,1,2889,1418,0.803,0.077,str('intersection'),0.018,FALSE
2939,0.91,0,0.5,1.0,1,1,2079,3849,0.466,0.818,str('kl'),0.096,TRUE
2940,0.91,0,0.5,1.0,1,1,1893,1269,0.726,0.278,str('intersection'),0.036,TRUE
2941,0.91,0,0.5,1.0,1,1,2995,4013,0.003,0.519,str('kl'),0.07,FALSE
2942,0.91,0,0.5,1.0,1,1,4779,1149,0.956,0.155,str('kl'),0.1,TRUE
2943,0.91,0,0.5,1.0,1,1,256,3581,0.311,0.895,str('intersection'),0.02,FALSE
2944,0.91,0,0.5,1.0,1,1,27,3947,0.83,0.175,str('intersection'),0.055,TRUE
2945,0.91,0,0.5,1.0,1,1,1055,2386,0.666,0.028,str('intersection'),0.095,FALSE
2946,0.91,0,0.5,1.0,1,1,4057,4836,0.064,0.769,str('kl'),0.017,TRUE
2947,0.91,0,0.5,1.0,1,1,1797,2769,0.372,0.646,str('intersection'),0.068,TRUE
2948,0.91,0,0.5,1.0,1,1,1327,1755,0.951,0.829,str('kl'),0.062,FALSE
2949,0.91,0,0.5,1.0,1,1,3640,4147,0.287,0.088,str('intersection'),0.052,TRUE
2950,0.91,0,0.5,1.0,1,1,4212,703,0.737,0.71,str('intersection'),0.022,FALSE
2951,0.91,0,0.5,1.0,1,1,900,3407,0.026,0.468,str('kl'),0.078,TRUE
2952,0.91,1,0.5,0.7686217868402409,0,2,497,596,0.47,0.366,str('kl'),0.072,FALSE
2953,0.91,0,0.5,1.0,1,1,4391,2890,0.761,0.623,str('intersection'),0.039,TRUE
2954,0.91,0,0.5,1.0,1,1,2758,1960,0.217,0.236,str('intersection'),0.013,FALSE
2955,0.91,0,0.5,1.0,1,1,2276,4566,0.554,0.992,str('kl'),0.091,TRUE
2956,0.91,1,0.5,0.7686217868402409,0,2,2236,343,0.859,0.627,str('intersection'),0.079,FALSE
2957,0.91,0,0.5,1.0,1,1,2731,3066,0.381,0.386,str('kl'),0.024,TRUE
2958,0.91,1,0.5,0.7686217868402409,0,2,4497,2098,0.582,0.754,str('kl'),0.05,FALSE
2959,0.91,0,0.5,1.0,1,1,617,4509,0.182,0.014,str('intersection'),0.061,TRUE
2960,0.91,0,0.5,1.0,1,1,391,3039,0.708,0.791,str('intersection'),0.014,FALSE
2961,0.91,0,0.5,1.0,1,1,716,851,0.794,0.877,str('intersection'),0.054,TRUE
2962,0.91,0,0.5,1.0,1,1,4320,3244,0.445,0.136,str('kl'),0.066,FALSE
2963,0.91,0,0.5,1.0,1,1,3455,1596,0.518,0.505,str('kl'),0.081,TRUE
2964,0.91,0,0.5,1.0,1,1,1434,4301,0.246,0.263,str('intersection'),0.024,FALSE
2965,0.91,1,0.5,0.7686217868402409,0,2,1592,164,0.571,0.196,str('kl'),0.019,TRUE
2966,0.91,0,0.5,1.0,1,1,3298,2616,0.159,0.937,str('intersection'),0.098,FALSE
2967,0.91,0,0.5,1.0,1,1,3853,2236,0.863,0.327,str('intersection'),0.072,TRUE
2968,0.91,0,0.5,1.0,1,1,1183,5000,0.405,0.569,str('kl'),0.037,FALSE
2969,0.91,0,0.5,1.0,1,1,234,1563,0.101,0.734,str('kl'),0.031,TRUE
2970,0.91,1,0.5,0.7686217868402409,0,2,4734,3800,0.637,0.476,str('intersection'),0.088,FALSE
2971,0.91,0,0.5,1.0,1,1,3119,1053,0.339,0.852,str('intersection'),0.059,TRUE
2972,0.91,0,0.5,1.0,1,1,1995,3601,0.922,0.097,str('kl'),0.047,FALSE
2973,0.91,1,0.5,0.7686217868402409,0,2,2121,1207,0.13,0.559,str('intersection'),0.085,FALSE
2974,0.91,0,0.5,1.0,1,1,2913,3442,0.607,0.301,str('kl'),0.03,TRUE
2975,0.91,1,0.5,0.7686217868402409,0,2,4861,1400,0.43,0.931,str('kl'),0.045,FALSE
2976,0.91,1,0.5,0.7686217868402409,0,2,160,4804,0.686,0.319,str('kl'),0.054,TRUE
2977,0.91,0,0.5,1.0,1,1,1237,1368,0.819,0.484,str('kl'),0.014,FALSE
2978,0.91,0,0.5,1.0,1,1,3887,3916,0.419,0.726,str('intersection'),0.092,TRUE
2979,0.91,0,0.5,1.0,1,1,3341,1248,0.62,0.104,str('intersection'),0.076,FALSE
2980,0.91,0,0.5,1.0,1,1,1617,3484,0.143,0.845,str('kl'),0.043,TRUE
2981,0.91,0,0.5,1.0,1,1,1459,1997,0.533,0.661,str('intersection'),0.049,FALSE
2982,0.91,0,0.5,1.0,1,1,3498,4603,0.196,0.419,str('kl'),0.06,TRUE
2983,0.91,0,0.5,1.0,1,1,4355,549,0.779,0.784,str('kl'),0.086,FALSE
2984,0.91,0,0.5,1.0,1,1,769,2843,0.489,0.043,str('intersection'),0.031,TRUE
2985,0.91,0,0.5,1.0,1,1,317,657,0.013,0.129,str('intersection'),0.037,FALSE
2986,0.91,0,0.5,1.0,1,1,4562,3361,0.725,0.885,str('kl'),0.07,TRUE
2987,0.91,0,0.5,1.0,1,1,2588,1792,0.297,0.255,str('kl'),0.099,FALSE
2988,0.91,0,0.5,1.0,1,1,2458,4183,0.962,0.512,str('intersection'),0.021,TRUE
2989,0.91,0,0.5,1.0,1,1,2462,2113,0.254,0.412,str('intersection'),0.042,TRUE
2990,0.91,0,0.5,1.0,1,1,2652,4409,0.977,0.669,str('kl'),0.076,FALSE
2991,0.91,0,0.5,1.0,1,1,4576,431,0.063,0.036,str('kl'),0.094,TRUE
2992,0.91,0,0.5,1.0,1,1,522,3212,0.805,0.718,str('kl'),0.097,FALSE
2993,0.91,0,0.5,1.0,1,1,896,400,0.688,0.616,str('kl'),0.057,TRUE
2994,0.91,0,0.5,1.0,1,1,4149,3007,0.043,0.374,str('intersection'),0.045,FALSE
2995,0.91,1,0.5,0.7686217868402409,0,2,3625,2155,0.996,0.984,str('intersection'),0.027,TRUE
2996,0.91,0,0.5,1.0,1,1,1253,4450,0.273,0.243,str('kl'),0.084,FALSE
2997,0.91,0,0.5,1.0,1,1,1723,1089,0.911,0.309,str('intersection'),0.09,TRUE
2998,0.91,0,0.5,1.0,1,1,3155,3638,0.328,0.551,str('kl'),0.01,FALSE
2999,0.91,0,0.5,1.0,1,1,3994,1516,0.65,0.182,str('kl'),0.04,TRUE
3000,0.91,1,0.5,0.7686217868402409,0,2,1051,3753,0.114,0.923,str('intersection'),0.074,FALSE
3001,0.91,0,0.5,1.0,1,1,52,2190,0.387,0.776,str('intersection'),0.08,TRUE
3002,0.91,0,0.5,1.0,1,1,4904,4954,0.845,0.02,str('kl'),0.023,FALSE
3003,0.91,1,0.5,0.7686217868402409,0,2,2948,201,0.18,0.654,str('kl'),0.049,TRUE
3004,0.91,1,0.5,0.7686217868402409,0,2,2175,2652,0.591,0.397,str('intersection'),0.061,FALSE
3005,0.91,2,0.5,0.6332742086579153,0,3,1990,48,0.353,0.945,str('kl'),0.026,FALSE
3006,0.91,1,0.5,0.7686217868402409,0,2,3056,2810,0.878,0.188,str('intersection'),0.082,TRUE
3007,0.91,0,0.5,1.0,1,1,4720,2354,0.084,0.576,str('intersection'),0.064,FALSE
3008,0.91,0,0.5,1.0,1,1,85,2671,0.207,0.595,str('kl'),0.091,FALSE
3009,0.91,1,0.5,0.7686217868402409,0,2,1001,1107,0.293,0.695,str('kl'),0.063,TRUE
3010,0.91,0,0.5,1.0,1,1,3957,3539,0.938,0.438,str('intersection'),0.051,FALSE
3011,0.91,0,0.5,1.0,1,1,3272,1301,0.024,0.826,str('intersection'),0.021,TRUE
3012,0.91,1,0.5,0.7686217868402409,0,2,1852,4045,0.747,0.069,str('kl'),0.078,FALSE
3013,0.91,0,0.5,1.0,1,1,1384,537,0.077,0.378,str('intersection'),0.095,TRUE
3014,0.91,0,0.5,1.0,1,1,3739,2950,0.66,0.635,str('kl'),0.016,FALSE
3015,0.91,1,0.5,0.7686217868402409,0,2,4114,1902,0.362,0.006,str('kl'),0.034,TRUE
3016,0.91,0,0.5,1.0,1,1,844,4627,0.898,0.762,str('intersection'),0.069,FALSE
3017,0.91,0,0.5,1.0,1,1,553,1814,0.594,0.91,str('intersection'),0.085,TRUE
3018,0.91,0,0.5,1.0,1,1,4492,4090,0.136,0.17,str('kl'),0.029,FALSE
3019,0.91,0,0.5,1.0,1,1,2657,762,0.839,0.534,str('kl'),0.044,TRUE
3020,0.91,0,0.5,1.0,1,1,2222,3350,0.428,0.293,str('intersection'),0.056,FALSE
3021,0.91,1,0.5,0.7686217868402409,0,2,2330,1637,0.234,0.08,str('kl'),0.067,TRUE
3022,0.91,0,0.5,1.0,1,1,2793,4343,0.505,0.836,str('intersection'),0.033,FALSE
3023,0.91,0,0.5,1.0,1,1,4434,819,0.456,0.46,str('intersection'),0.018,TRUE
3024,0.91,1,0.5,0.7686217868402409,0,2,445,4243,0.333,0.493,str('kl'),0.047,TRUE
3025,0.91,0,0.5,1.0,1,1,658,2056,0.169,0.33,str('kl'),0.02,FALSE
3026,0.91,1,0.5,0.7686217868402409,0,2,4221,4467,0.569,0.587,str('intersection'),0.098,TRUE
3027,0.91,1,0.5,0.7686217868402409,0,2,3553,375,0.392,0.211,str('intersection'),0.071,FALSE
3028,0.91,0,0.5,1.0,1,1,1491,3098,0.869,0.967,str('kl'),0.038,TRUE
3029,0.91,0,0.5,1.0,1,1,1646,1464,0.447,0.527,str('intersection'),0.054,FALSE
3030,0.91,0,0.5,1.0,1,1,3398,3895,0.784,0.27,str('kl'),0.065,TRUE
3031,0.91,0,0.5,1.0,1,1,3751,955,0.241,0.903,str('kl'),0.081,FALSE
3032,0.91,0,0.5,1.0,1,1,1128,3698,0.531,0.147,str('intersection'),0.025,TRUE
3033,0.91,1,0.5,0.7686217868402409,0,2,290,261,0.976,0.06,str('intersection'),0.042,FALSE
3034,0.91,0,0.5,1.0,1,1,4832,2516,0.264,0.8,str('kl'),0.075,TRUE
3035,0.91,0,0.5,1.0,1,1,3020,2334,0.714,0.432,str('kl'),0.093,FALSE
3036,0.91,1,0.5,0.7686217868402409,0,2,1937,4901,0.049,0.674,str('intersection'),0.015,TRUE
3037,0.91,1,0.5,0.7686217868402409,0,2,2065,2482,0.755,0.235,str('kl'),0.073,TRUE
3038,0.91,0,0.5,1.0,1,1,2815,4738,0.484,0.975,str('intersection'),0.039,FALSE
3039,0.91,1,0.5,0.7686217868402409,0,2,4960,102,0.556,0.354,str('intersection'),0.012,TRUE
3040,0.91,1,0.5,0.7686217868402409,0,2,292,3710,0.195,0.442,str('kl'),0.063,FALSE
3041,0.91,0,0.5,1.0,1,1,1125,273,0.312,0.357,str('kl'),0.091,TRUE
3042,0.91,1,0.5,0.7686217868402409,0,2,3753,2509,0.957,0.599,str('intersection'),0.012,FALSE
3043,0.91,0,0.5,1.0,1,1,3395,2341,0.004,0.23,str('intersection'),0.039,TRUE
3044,0.91,0,0.5,1.0,1,1,1649,4889,0.727,0.971,str('kl'),0.073,FALSE
3045,0.91,0,0.5,1.0,1,1,1494,904,0.089,0.539,str('intersection'),0.056,TRUE
3046,0.91,0,0.5,1.0,1,1,3550,3198,0.672,0.297,str('kl'),0.044,FALSE
3047,0.91,0,0.5,1.0,1,1,4223,1644,0.35,0.907,str('kl'),0.029,TRUE
3048,0.91,0,0.5,1.0,1,1,655,4250,0.886,0.166,str('intersection'),0.086,FALSE
3049,0.91,1,0.5,0.7686217868402409,0,2,447,2064,0.613,0.001,str('intersection'),0.069,TRUE
3050,0.91,1,0.5,0.7686217868402409,0,2,4675,4455,0.155,0.757,str('kl'),0.035,FALSE
3051,0.91,1,0.5,0.7686217868402409,0,2,2552,387,0.82,0.381,str('kl'),0.016,TRUE
3052,0.91,0,0.5,1.0,1,1,2404,3091,0.409,0.639,str('intersection'),0.095,FALSE
3053,0.91,1,0.5,0.7686217868402409,0,2,2407,912,0.627,0.865,str('kl'),0.032,FALSE
3054,0.91,0,0.5,1.0,1,1,2550,3186,0.103,0.125,str('intersection'),0.088,TRUE
3055,0.91,0,0.5,1.0,1,1,4677,1656,0.935,0.735,str('intersection'),0.058,FALSE
3056,0.91,1,0.5,0.7686217868402409,0,2,556,4620,0.314,0.591,str('kl'),0.02,TRUE
3057,0.91,0,0.5,1.0,1,1,841,1807,0.181,0.738,str('kl'),0.048,FALSE
3058,0.91,0,0.5,1.0,1,1,4116,4102,0.581,0.496,str('intersection'),0.058,TRUE
3059,0.91,0,0.5,1.0,1,1,3737,750,0.38,0.861,str('intersection'),0.088,FALSE
3060,0.91,0,0.5,1.0,1,1,1387,3358,0.857,0.12,str('kl'),0.032,TRUE
3061,0.91,1,0.5,0.7686217868402409,0,2,1854,2494,0.467,0.436,str('intersection'),0.015,FALSE
3062,0.91,1,0.5,0.7686217868402409,0,2,3269,4730,0.804,0.678,str('kl'),0.093,TRUE
3063,0.91,1,0.5,0.7686217868402409,0,2,3959,109,0.221,0.056,str('kl'),0.075,FALSE
3064,0.91,0,0.5,1.0,1,1,999,2658,0.511,0.797,str('intersection'),0.042,TRUE
3065,0.91,0,0.5,1.0,1,1,88,1095,0.987,0.899,str('intersection'),0.025,FALSE
3066,0.91,0,0.5,1.0,1,1,4957,3547,0.275,0.143,str('kl'),0.081,TRUE
3067,0.91,0,0.5,1.0,1,1,2818,1293,0.702,0.53,str('kl'),0.065,FALSE
3068,0.91,0,0.5,1.0,1,1,2062,4057,0.038,0.273,str('intersection'),0.054,TRUE
3069,0.91,0,0.5,1.0,1,1,1934,1452,0.766,0.822,str('kl'),0.078,TRUE
3070,0.91,1,0.5,0.7686217868402409,0,2,3022,3902,0.495,0.066,str('intersection'),0.021,FALSE
3071,0.91,0,0.5,1.0,1,1,4830,947,0.544,0.7,str('intersection'),0.051,TRUE
3072,0.91,1,0.5,0.7686217868402409,0,2,50,3765,0.667,0.721,str('kl'),0.014,TRUE
3073,0.91,0,0.5,1.0,1,1,1053,2203,0.831,0.573,str('kl'),0.053,FALSE
3074,0.91,0,0.5,1.0,1,1,3992,4947,0.431,0.316,str('intersection'),0.064,TRUE
3075,0.91,1,0.5,0.7686217868402409,0,2,3158,208,0.608,0.949,str('intersection'),0.082,FALSE
3076,0.91,0,0.5,1.0,1,1,1721,2640,0.131,0.193,str('kl'),0.026,TRUE
3077,0.91,1,0.5,0.7686217868402409,0,2,1251,1630,0.553,0.251,str('intersection'),0.021,FALSE
3078,0.91,0,0.5,1.0,1,1,3628,4355,0.216,0.508,str('kl'),0.099,TRUE
3079,0.91,0,0.5,1.0,1,1,4147,807,0.759,0.132,str('kl'),0.07,FALSE
3080,0.91,0,0.5,1.0,1,1,898,3219,0.469,0.888,str('intersection'),0.037,TRUE
3081,0.91,1,0.5,0.7686217868402409,0,2,520,407,0.025,0.788,str('intersection'),0.031,FALSE
3082,0.91,1,0.5,0.7686217868402409,0,2,4437,2995,0.736,0.048,str('kl'),0.086,TRUE
3083,0.91,0,0.5,1.0,1,1,2790,2167,0.286,0.658,str('kl'),0.06,FALSE
3084,0.91,1,0.5,0.7686217868402409,0,2,2333,4442,0.951,0.416,str('intersection'),0.049,TRUE
3085,0.91,0,0.5,1.0,1,1,2219,545,0.647,0.208,str('kl'),0.037,FALSE
3086,0.91,1,0.5,0.7686217868402409,0,2,2660,2937,0.123,0.963,str('intersection'),0.071,TRUE
3087,0.91,0,0.5,1.0,1,1,4490,1914,0.916,0.334,str('intersection'),0.098,FALSE
3088,0.91,0,0.5,1.0,1,1,315,2836,0.793,0.37,str('kl'),0.057,FALSE
3089,0.91,1,0.5,0.7686217868402409,0,2,772,649,0.707,0.457,str('kl'),0.097,TRUE
3090,0.91,0,0.5,1.0,1,1,4352,3373,0.062,0.714,str('intersection'),0.018,FALSE
3091,0.91,0,0.5,1.0,1,1,3501,1779,0.976,0.084,str('intersection'),0.033,TRUE
3092,0.91,0,0.5,1.0,1,1,1456,4190,0.253,0.841,str('kl'),0.067,FALSE
3093,0.91,2,0.5,0.6332742086579153,0,3,1614,60,0.923,0.649,str('intersection'),0.061,TRUE
3094,0.91,0,0.5,1.0,1,1,3344,2803,0.34,0.392,str('kl'),0.049,FALSE
3095,0.91,0,0.5,1.0,1,1,3884,2361,0.638,0.78,str('kl'),0.023,TRUE
3096,0.91,0,0.5,1.0,1,1,1239,4792,0.102,0.023,str('intersection'),0.08,FALSE
3097,0.91,0,0.5,1.0,1,1,158,1356,0.406,0.187,str('intersection'),0.074,TRUE
3098,0.91,0,0.5,1.0,1,1,4722,3923,0.864,0.927,str('kl'),0.04,FALSE
3099,0.91,0,0.5,1.0,1,1,3053,1241,0.161,0.306,str('kl'),0.01,TRUE
3100,0.91,1,0.5,0.7686217868402409,0,2,1992,3496,0.572,0.547,str('intersection'),0.09,FALSE
3101,0.91,0,0.5,1.0,1,1,2178,1077,0.372,0.108,str('kl'),0.044,FALSE
3102,0.91,0,0.5,1.0,1,1,2945,3646,0.897,0.848,str('intersection'),0.077,TRUE
3103,0.91,0,0.5,1.0,1,1,4907,1509,0.065,0.48,str('intersection'),0.092,FALSE
3104,0.91,0,0.5,1.0,1,1,231,4988,0.818,0.772,str('intersection'),0.095,TRUE
3105,0.91,0,0.5,1.0,1,1,1185,1551,0.685,0.936,str('intersection'),0.055,FALSE
3106,0.91,1,0.5,0.7686217868402409,0,2,3851,3807,0.083,0.179,str('kl'),0.044,TRUE
3107,0.91,0,0.5,1.0,1,1,3300,1045,0.876,0.555,str('kl'),0.03,FALSE
3108,0.91,1,0.5,0.7686217868402409,0,2,1590,3614,0.352,0.298,str('intersection'),0.085,TRUE
3109,0.91,1,0.5,0.7686217868402409,0,2,1432,2121,0.963,0.239,str('kl'),0.091,FALSE
3110,0.91,0,0.5,1.0,1,1,3457,4396,0.299,0.995,str('intersection'),0.013,TRUE
3111,0.91,0,0.5,1.0,1,1,4318,444,0.725,0.362,str('intersection'),0.039,FALSE
3112,0.91,0,0.5,1.0,1,1,718,3032,0.014,0.619,str('kl'),0.072,TRUE
3113,0.91,0,0.5,1.0,1,1,388,844,0.489,0.706,str('kl'),0.078,FALSE
3114,0.91,0,0.5,1.0,1,1,4579,3256,0.78,0.465,str('intersection'),0.022,TRUE
3115,0.91,0,0.5,1.0,1,1,2649,1583,0.197,0.833,str('intersection'),0.052,FALSE
3116,0.91,0,0.5,1.0,1,1,2465,4308,0.534,0.093,str('kl'),0.062,TRUE
3117,0.91,1,0.5,0.7686217868402409,0,2,2460,2004,0.245,0.987,str('kl'),0.084,TRUE
3118,0.91,0,0.5,1.0,1,1,2586,4591,0.516,0.247,str('intersection'),0.027,FALSE
3119,0.91,0,0.5,1.0,1,1,4564,561,0.444,0.611,str('intersection'),0.045,TRUE
3120,0.91,1,0.5,0.7686217868402409,0,2,495,3414,0.689,0.14,str('intersection'),0.054,FALSE
3121,0.91,0,0.5,1.0,1,1,903,603,0.806,0.04,str('intersection'),0.014,TRUE
3122,0.91,0,0.5,1.0,1,1,4210,2877,0.457,0.796,str('kl'),0.094,FALSE
3123,0.91,0,0.5,1.0,1,1,3642,1972,0.506,0.408,str('kl'),0.076,TRUE
3124,0.91,0,0.5,1.0,1,1,1324,4559,0.234,0.666,str('intersection'),0.041,FALSE
3125,0.91,0,0.5,1.0,1,1,1794,1195,0.591,0.856,str('kl'),0.047,TRUE
3126,0.91,1,0.5,0.7686217868402409,0,2,3172,3450,0.179,0.099,str('intersection'),0.059,FALSE
3127,0.91,0,0.5,1.0,1,1,4055,1392,0.844,0.729,str('intersection'),0.088,TRUE
3128,0.91,0,0.5,1.0,1,1,1058,3960,0.386,0.472,str('kl'),0.031,FALSE
3129,0.91,0,0.5,1.0,1,1,25,2398,0.113,0.323,str('kl'),0.037,TRUE
3130,0.91,0,0.5,1.0,1,1,4863,4829,0.649,0.565,str('intersection'),0.072,FALSE
3131,0.9,6,0.0,0.35043923442905656,0,8,2911,13,0.327,0.201,str('intersection'),0.098,TRUE
3132,0.91,0,0.5,1.0,1,1,2123,2756,0.91,0.941,str('kl'),0.019,FALSE
3133,0.91,1,0.5,0.7686217868402409,0,2,1997,177,0.142,0.4,str('intersection'),0.068,FALSE
3134,0.91,0,0.5,1.0,1,1,3116,2608,0.619,0.642,str('kl'),0.035,TRUE
3135,0.91,1,0.5,0.7686217868402409,0,2,4737,2244,0.418,0.032,str('kl'),0.017,FALSE
3136,0.91,0,0.5,1.0,1,1,151,2541,0.292,0.049,str('intersection'),0.048,FALSE
3137,0.91,0,0.5,1.0,1,1,955,979,0.206,0.15,str('intersection'),0.02,TRUE
3138,0.91,0,0.5,1.0,1,1,3935,3741,0.555,0.891,str('kl'),0.1,FALSE
3139,0.91,0,0.5,1.0,1,1,3215,1411,0.483,0.281,str('kl'),0.07,TRUE
3140,0.91,0,0.5,1.0,1,1,1820,3861,0.754,0.523,str('intersection'),0.036,FALSE
3141,0.91,0,0.5,1.0,1,1,1353,350,0.429,0.956,str('kl'),0.052,TRUE
3142,0.91,1,0.5,0.7686217868402409,0,2,3683,3054,0.841,0.215,str('intersection'),0.064,FALSE
3143,0.91,0,0.5,1.0,1,1,4092,2110,0.137,0.584,str('intersection'),0.083,TRUE
3144,0.91,1,0.5,0.7686217868402409,0,2,797,4502,0.595,0.342,str('kl'),0.026,FALSE
3145,0.91,0,0.5,1.0,1,1,619,1690,0.899,0.489,str('kl'),0.042,TRUE
3146,0.91,0,0.5,1.0,1,1,4495,4297,0.363,0.746,str('intersection'),0.077,FALSE
3147,0.91,0,0.5,1.0,1,1,2733,868,0.661,0.113,str('intersection'),0.093,TRUE
3148,0.91,1,0.5,0.7686217868402409,0,2,2234,3162,0.078,0.868,str('kl'),0.013,FALSE
3149,0.91,1,0.5,0.7686217868402409,0,2,2278,1748,0.274,0.5,str('intersection'),0.024,TRUE
3150,0.91,1,0.5,0.7686217868402409,0,2,2756,4159,0.997,0.259,str('kl'),0.081,FALSE
3151,0.91,0,0.5,1.0,1,1,4393,691,0.044,0.88,str('kl'),0.066,TRUE
3152,0.91,0,0.5,1.0,1,1,414,4134,0.17,0.915,str('intersection'),0.089,TRUE
3153,0.91,0,0.5,1.0,1,1,670,1946,0.334,0.75,str('intersection'),0.061,FALSE
3154,0.91,0,0.5,1.0,1,1,4296,4651,0.936,0.009,str('kl'),0.051,TRUE
3155,0.91,1,0.5,0.7686217868402409,0,2,3556,504,0.104,0.631,str('kl'),0.024,FALSE
3156,0.91,0,0.5,1.0,1,1,1557,2896,0.628,0.389,str('intersection'),0.079,TRUE
3157,0.91,0,0.5,1.0,1,1,1712,1256,0.049,0.074,str('kl'),0.096,FALSE
3158,0.91,0,0.5,1.0,1,1,3401,4020,0.713,0.815,str('intersection'),0.018,TRUE
3159,0.91,0,0.5,1.0,1,1,3826,1142,0.263,0.45,str('intersection'),0.034,FALSE
3160,0.91,0,0.5,1.0,1,1,1140,3593,0.974,0.692,str('kl'),0.067,TRUE
3161,0.91,1,0.5,0.7686217868402409,0,2,259,155,0.53,0.606,str('kl'),0.083,FALSE
3162,0.91,0,0.5,1.0,1,1,4776,2704,0.239,0.349,str('intersection'),0.028,TRUE
3163,0.91,0,0.5,1.0,1,1,2998,2458,0.783,0.979,str('intersection'),0.047,FALSE
3164,0.91,0,0.5,1.0,1,1,1890,4694,0.446,0.223,str('kl'),0.057,TRUE
3165,0.91,0,0.5,1.0,1,1,2077,2299,0.746,0.686,str('intersection'),0.03,TRUE
3166,0.91,0,0.5,1.0,1,1,2891,4847,0.023,0.429,str('kl'),0.087,FALSE
3167,0.91,0,0.5,1.0,1,1,4963,305,0.937,0.805,str('kl'),0.06,TRUE
3168,0.91,0,0.5,1.0,1,1,249,4363,0.459,0.29,str('intersection'),0.043,TRUE
3169,0.91,0,0.5,1.0,1,1,1169,2176,0.046,0.377,str('intersection'),0.027,FALSE
3170,0.91,0,0.5,1.0,1,1,3797,4431,0.691,0.634,str('kl'),0.082,TRUE
3171,0.91,0,0.5,1.0,1,1,3430,421,0.268,0.008,str('kl'),0.064,FALSE
3172,0.91,0,0.5,1.0,1,1,1683,2989,0.992,0.765,str('intersection'),0.053,TRUE
3173,0.91,0,0.5,1.0,1,1,1528,1496,0.324,0.698,str('kl'),0.036,FALSE
3174,0.91,0,0.5,1.0,1,1,3585,3771,0.907,0.441,str('intersection'),0.069,TRUE
3175,0.91,0,0.5,1.0,1,1,4267,1069,0.117,0.825,str('intersection'),0.099,FALSE
3176,0.91,0,0.5,1.0,1,1,699,3656,0.653,0.068,str('kl'),0.021,TRUE
3177,0.91,1,0.5,0.7686217868402409,0,2,404,220,0.848,0.232,str('kl'),0.049,FALSE
3178,0.91,0,0.5,1.0,1,1,4631,2631,0.39,0.972,str('intersection'),0.059,TRUE
3179,0.91,0,0.5,1.0,1,1,2518,2209,0.587,0.355,str('intersection'),0.087,FALSE
3180,0.91,0,0.5,1.0,1,1,2370,4933,0.176,0.596,str('kl'),0.031,TRUE
3181,0.91,0,0.5,1.0,1,1,2360,708,0.87,0.289,str('intersection'),0.074,FALSE
3182,0.91,0,0.5,1.0,1,1,2528,3316,0.392,0.546,str('kl'),0.041,TRUE
3183,0.91,0,0.5,1.0,1,1,4621,1839,0.57,0.159,str('kl'),0.011,FALSE
3184,0.91,0,0.5,1.0,1,1,590,2790,0.081,0.673,str('intersection'),0.084,FALSE
3185,0.91,0,0.5,1.0,1,1,807,1227,0.416,0.524,str('intersection'),0.067,TRUE
3186,0.91,0,0.5,1.0,1,1,4082,3503,0.815,0.267,str('kl'),0.033,FALSE
3187,0.91,0,0.5,1.0,1,1,3693,1347,0.147,0.904,str('kl'),0.017,TRUE
3188,0.91,0,0.5,1.0,1,1,1343,3935,0.624,0.148,str('intersection'),0.097,FALSE
3189,0.91,0,0.5,1.0,1,1,1811,569,0.201,0.331,str('kl'),0.08,TRUE
3190,0.91,0,0.5,1.0,1,1,3225,2825,0.538,0.588,str('intersection'),0.023,FALSE
3191,0.91,0,0.5,1.0,1,1,3925,2017,0.485,0.208,str('intersection'),0.05,TRUE
3192,0.91,0,0.5,1.0,1,1,964,4585,0.775,0.964,str('kl'),0.062,FALSE
3193,0.91,0,0.5,1.0,1,1,122,1773,0.721,0.864,str('kl'),0.09,TRUE
3194,0.91,0,0.5,1.0,1,1,4992,4204,0.009,0.124,str('intersection'),0.01,FALSE
3195,0.91,0,0.5,1.0,1,1,2862,638,0.967,0.738,str('intersection'),0.04,TRUE
3196,0.91,0,0.5,1.0,1,1,2106,3382,0.302,0.496,str('kl'),0.075,FALSE
3197,0.91,0,0.5,1.0,1,1,1900,802,0.5,0.911,str('intersection'),0.014,FALSE
3198,0.91,0,0.5,1.0,1,1,2988,3232,0.229,0.171,str('kl'),0.092,TRUE
3199,0.91,0,0.5,1.0,1,1,4786,1620,0.808,0.531,str('kl'),0.076,FALSE
3200,0.91,0,0.5,1.0,1,1,16,3166,0.931,0.515,str('intersection'),0.079,FALSE
3201,0.91,0,0.5,1.0,1,1,1088,354,0.565,0.662,str('intersection'),0.073,TRUE
3202,0.91,0,0.5,1.0,1,1,4025,3117,0.165,0.42,str('kl'),0.038,FALSE
3203,0.91,0,0.5,1.0,1,1,3202,2035,0.872,0.781,str('kl'),0.012,TRUE
3204,0.91,0,0.5,1.0,1,1,1765,4486,0.395,0.04,str('intersection'),0.091,FALSE
3205,0.91,0,0.5,1.0,1,1,1295,975,0.788,0.481,str('kl'),0.086,TRUE
3206,0.91,0,0.5,1.0,1,1,3672,3680,0.451,0.723,str('intersection'),0.029,FALSE
3207,0.91,0,0.5,1.0,1,1,4180,1485,0.526,0.105,str('intersection'),0.044,TRUE
3208,0.91,0,0.5,1.0,1,1,932,3877,0.236,0.846,str('kl'),0.056,FALSE
3209,0.91,0,0.5,1.0,1,1,485,2315,0.259,0.947,str('kl'),0.095,TRUE
3210,0.91,0,0.5,1.0,1,1,4403,4922,0.971,0.191,str('intersection'),0.016,FALSE
3211,0.91,1,0.5,0.7686217868402409,0,2,2746,242,0.053,0.575,str('intersection'),0.034,TRUE
3212,0.91,0,0.5,1.0,1,1,2288,2537,0.718,0.318,str('kl'),0.069,FALSE
3213,0.91,0,0.5,1.0,1,1,2263,2372,0.882,0.063,str('intersection'),0.058,TRUE
3214,0.91,0,0.5,1.0,1,1,2704,4784,0.357,0.803,str('kl'),0.046,FALSE
3215,0.91,2,0.5,0.6332742086579153,0,3,4524,66,0.683,0.431,str('kl'),0.027,TRUE
3216,0.91,0,0.5,1.0,1,1,359,4758,0.56,0.397,str('intersection'),0.038,TRUE
3217,0.91,0,0.5,1.0,1,1,728,1322,0.942,0.312,str('intersection'),0.032,FALSE
3218,0.91,0,0.5,1.0,1,1,4308,4026,0.297,0.554,str('kl'),0.087,TRUE
3219,0.91,0,0.5,1.0,1,1,3467,1129,0.743,0.181,str('kl'),0.058,FALSE
3220,0.91,0,0.5,1.0,1,1,1422,3520,0.02,0.922,str('intersection'),0.048,TRUE
3221,0.91,0,0.5,1.0,1,1,1580,1882,0.657,0.615,str('kl'),0.042,FALSE
3222,0.91,0,0.5,1.0,1,1,3309,4645,0.074,0.373,str('intersection'),0.075,TRUE
3223,0.91,1,0.5,0.7686217868402409,0,2,3841,517,0.902,0.987,str('intersection'),0.093,FALSE
3224,0.91,0,0.5,1.0,1,1,1195,2967,0.366,0.246,str('kl'),0.015,TRUE
3225,0.91,0,0.5,1.0,1,1,201,781,0.14,0.081,str('kl'),0.055,FALSE
3226,0.91,1,0.5,0.7686217868402409,0,2,4766,3329,0.598,0.837,str('intersection'),0.065,TRUE
3227,0.91,0,0.5,1.0,1,1,3087,1833,0.425,0.457,str('intersection'),0.081,FALSE
3228,0.91,0,0.5,1.0,1,1,2027,4068,0.836,0.715,str('kl'),0.025,TRUE
3229,0.91,1,0.5,0.7686217868402409,0,2,2133,1674,0.106,0.128,str('intersection'),0.063,TRUE
3230,0.91,0,0.5,1.0,1,1,2901,4223,0.631,0.884,str('kl'),0.051,FALSE
3231,0.91,0,0.5,1.0,1,1,4873,929,0.329,0.258,str('kl'),0.022,TRUE
3232,0.91,0,0.5,1.0,1,1,187,3085,0.585,0.995,str('kl'),0.03,FALSE
3233,0.91,0,0.5,1.0,1,1,1230,898,0.92,0.83,str('kl'),0.036,TRUE
3234,0.91,0,0.5,1.0,1,1,3894,3134,0.318,0.089,str('intersection'),0.07,FALSE
3235,0.91,0,0.5,1.0,1,1,3334,1715,0.643,0.707,str('intersection'),0.099,TRUE
3236,0.91,1,0.5,0.7686217868402409,0,2,1624,4264,0.119,0.465,str('kl'),0.02,FALSE
3237,0.91,0,0.5,1.0,1,1,1466,279,0.697,0.025,str('intersection'),0.026,TRUE
3238,0.91,0,0.5,1.0,1,1,3491,2574,0.032,0.766,str('kl'),0.083,FALSE
3239,0.91,0,0.5,1.0,1,1,4362,2268,0.989,0.405,str('kl'),0.065,TRUE
3240,0.91,0,0.5,1.0,1,1,762,4876,0.278,0.647,str('intersection'),0.053,FALSE
3241,0.91,1,0.5,0.7686217868402409,0,2,345,1439,0.223,0.562,str('intersection'),0.013,TRUE
3242,0.91,0,0.5,1.0,1,1,4535,3831,0.514,0.304,str('kl'),0.092,FALSE
3243,0.91,0,0.5,1.0,1,1,2615,1011,0.461,0.93,str('kl'),0.077,TRUE
3244,0.91,0,0.5,1.0,1,1,2430,3716,0.799,0.174,str('intersection'),0.043,FALSE
3245,0.91,1,0.5,0.7686217868402409,0,2,2494,84,0.48,0.773,str('intersection'),0.019,FALSE
3246,0.91,0,0.5,1.0,1,1,2620,2691,0.751,0.017,str('kl'),0.097,TRUE
3247,0.91,0,0.5,1.0,1,1,4608,2464,0.211,0.655,str('kl'),0.071,FALSE
3248,0.91,1,0.5,0.7686217868402409,0,2,529,3994,0.953,0.097,str('kl'),0.073,TRUE
3249,0.91,0,0.5,1.0,1,1,868,2433,0.54,0.199,str('kl'),0.079,FALSE
3250,0.91,0,0.5,1.0,1,1,4176,4726,0.191,0.94,str('intersection'),0.024,TRUE
3251,0.91,2,0.5,0.6332742086579153,0,3,3598,126,0.77,0.326,str('intersection'),0.05,FALSE
3252,0.91,0,0.5,1.0,1,1,1280,2732,0.499,0.568,str('kl'),0.061,TRUE
3253,0.91,0,0.5,1.0,1,1,1750,1870,0.825,0.876,str('intersection'),0.066,FALSE
3254,0.91,0,0.5,1.0,1,1,3128,4105,0.414,0.135,str('kl'),0.033,TRUE
3255,0.91,1,0.5,0.7686217868402409,0,2,4021,735,0.611,0.508,str('kl'),0.018,FALSE
3256,0.91,0,0.5,1.0,1,1,1024,3282,0.153,0.266,str('intersection'),0.096,TRUE
3257,0.91,0,0.5,1.0,1,1,59,471,0.348,0.413,str('intersection'),0.057,FALSE
3258,0.91,1,0.5,0.7686217868402409,0,2,4897,2921,0.884,0.67,str('kl'),0.046,TRUE
3259,0.91,0,0.5,1.0,1,1,2955,1918,0.095,0.033,str('kl'),0.028,FALSE
3260,0.91,0,0.5,1.0,1,1,2168,4681,0.677,0.788,str('intersection'),0.084,TRUE
3261,0.91,0,0.5,1.0,1,1,1963,2077,0.376,0.365,str('kl'),0.048,TRUE
3262,0.91,0,0.5,1.0,1,1,3083,4528,0.854,0.623,str('intersection'),0.06,FALSE
3263,0.91,0,0.5,1.0,1,1,4692,322,0.185,0.239,str('intersection'),0.087,TRUE
3264,0.91,0,0.5,1.0,1,1,118,4390,0.059,0.216,str('kl'),0.068,TRUE
3265,0.91,0,0.5,1.0,1,1,989,1578,0.441,0.116,str('kl'),0.085,FALSE
3266,0.91,0,0.5,1.0,1,1,3969,4321,0.79,0.872,str('intersection'),0.029,TRUE
3267,0.91,0,0.5,1.0,1,1,3260,834,0.25,0.488,str('intersection'),0.045,FALSE
3268,0.91,0,0.5,1.0,1,1,1864,3264,0.521,0.745,str('kl'),0.055,TRUE
3269,0.91,0,0.5,1.0,1,1,1396,2255,0.163,0.811,str('intersection'),0.072,FALSE
3270,0.91,0,0.5,1.0,1,1,3727,4979,0.574,0.055,str('kl'),0.039,TRUE
3271,0.91,1,0.5,0.7686217868402409,0,2,4126,183,0.401,0.681,str('kl'),0.012,FALSE
3272,0.91,0,0.5,1.0,1,1,832,2594,0.859,0.423,str('intersection'),0.09,TRUE
3273,0.91,0,0.5,1.0,1,1,585,1032,0.633,0.275,str('intersection'),0.063,FALSE
3274,0.91,0,0.5,1.0,1,1,4460,3619,0.097,0.516,str('kl'),0.052,TRUE
3275,0.91,0,0.5,1.0,1,1,2689,1543,0.925,0.156,str('kl'),0.022,FALSE
3276,0.91,0,0.5,1.0,1,1,2190,3817,0.343,0.896,str('intersection'),0.078,TRUE
3277,0.91,1,0.5,0.7686217868402409,0,2,2323,1171,0.008,0.731,str('kl'),0.089,FALSE
3278,0.91,1,0.5,0.7686217868402409,0,2,2800,3562,0.731,0.473,str('intersection'),0.011,TRUE
3279,0.91,0,0.5,1.0,1,1,4427,1290,0.308,0.853,str('intersection'),0.04,FALSE
3280,0.91,0,0.5,1.0,1,1,4665,1186,0.834,0.076,str('intersection'),0.082,TRUE
3281,0.91,1,0.5,0.7686217868402409,0,2,457,3461,0.434,0.817,str('kl'),0.025,FALSE
3282,0.91,1,0.5,0.7686217868402409,0,2,4253,2748,0.67,0.224,str('intersection'),0.076,FALSE
3283,0.91,1,0.5,0.7686217868402409,0,2,3521,2404,0.368,0.604,str('intersection'),0.094,TRUE
3284,0.91,1,0.5,0.7686217868402409,0,2,1523,4816,0.892,0.347,str('kl'),0.015,FALSE
3285,0.91,0,0.5,1.0,1,1,1678,684,0.283,0.163,str('intersection'),0.031,TRUE
3286,0.91,0,0.5,1.0,1,1,3366,3428,0.948,0.92,str('kl'),0.088,FALSE
3287,0.91,0,0.5,1.0,1,1,3783,1736,0.03,0.282,str('kl'),0.059,TRUE
3288,0.91,0,0.5,1.0,1,1,1096,4168,0.741,0.539,str('intersection'),0.047,FALSE
3289,0.91,0,0.5,1.0,1,1,302,1980,0.765,0.626,str('intersection'),0.019,TRUE
3290,0.91,0,0.5,1.0,1,1,4820,4549,0.474,0.385,str('kl'),0.099,FALSE
3291,0.91,0,0.5,1.0,1,1,3032,616,0.551,0.757,str('kl'),0.071,TRUE
3292,0.91,0,0.5,1.0,1,1,1925,2872,0.213,0.017,str('intersection'),0.037,FALSE
3293,0.91,0,0.5,1.0,1,1,2033,453,0.981,0.58,str('kl'),0.094,FALSE
3294,0.91,0,0.5,1.0,1,1,2847,3020,0.258,0.339,str('intersection'),0.016,TRUE
3295,0.91,1,0.5,0.7686217868402409,0,2,4928,2135,0.704,0.956,str('intersection'),0.035,FALSE
3296,0.91,0,0.5,1.0,1,1,3044,2862,0.982,0.486,str('kl'),0.032,FALSE
3297,0.91,1,0.5,0.7686217868402409,0,2,4809,1990,0.056,0.874,str('kl'),0.047,TRUE
3298,0.91,1,0.5,0.7686217868402409,0,2,304,4539,0.705,0.117,str('intersection'),0.059,FALSE
3299,0.91,0,0.5,1.0,1,1,1112,1726,0.791,0.218,str('intersection'),0.098,TRUE
3300,0.91,0,0.5,1.0,1,1,3777,4178,0.438,0.958,str('kl'),0.019,FALSE
3301,0.91,0,0.5,1.0,1,1,3373,674,0.522,0.337,str('kl'),0.037,TRUE
3302,0.91,0,0.5,1.0,1,1,1663,3438,0.247,0.578,str('intersection'),0.071,FALSE
3303,0.91,0,0.5,1.0,1,1,1505,2414,0.578,0.894,str('kl'),0.066,TRUE
3304,0.91,0,0.5,1.0,1,1,3531,4806,0.162,0.154,str('intersection'),0.054,FALSE
3305,0.91,0,0.5,1.0,1,1,645,2739,0.4,0.277,str('kl'),0.081,FALSE
3306,0.91,0,0.5,1.0,1,1,462,1176,0.096,0.425,str('kl'),0.076,TRUE
3307,0.91,0,0.5,1.0,1,1,4652,3471,0.636,0.683,str('intersection'),0.041,FALSE
3308,0.91,0,0.5,1.0,1,1,2576,1369,0.342,0.053,str('intersection'),0.015,TRUE
3309,0.91,0,0.5,1.0,1,1,2391,3976,0.928,0.809,str('kl'),0.094,FALSE
3310,0.91,0,0.5,1.0,1,1,2395,1378,0.604,0.449,str('kl'),0.054,TRUE
3311,0.91,0,0.5,1.0,1,1,2562,3966,0.126,0.69,str('intersection'),0.066,FALSE
3312,0.91,0,0.5,1.0,1,1,2683,3827,0.603,0.602,str('kl'),0.072,TRUE
3313,0.91,0,0.5,1.0,1,1,4466,1023,0.437,0.226,str('kl'),0.09,FALSE
3314,0.91,0,0.5,1.0,1,1,568,3629,0.833,0.982,str('intersection'),0.012,TRUE
3315,0.91,0,0.5,1.0,1,1,830,193,0.669,0.819,str('intersection'),0.052,FALSE
3316,0.91,0,0.5,1.0,1,1,4137,2585,0.071,0.078,str('kl'),0.063,TRUE
3317,0.91,0,0.5,1.0,1,1,3715,2265,0.891,0.688,str('kl'),0.078,FALSE
3318,0.91,1,0.5,0.7686217868402409,0,2,1398,4969,0.371,0.447,str('intersection'),0.022,TRUE
3319,0.91,1,0.5,0.7686217868402409,0,2,1868,824,0.945,0.015,str('kl'),0.017,FALSE
3320,0.91,0,0.5,1.0,1,1,3245,3274,0.284,0.755,str('intersection'),0.095,TRUE
3321,0.91,0,0.5,1.0,1,1,3982,1568,0.738,0.387,str('intersection'),0.068,FALSE
3322,0.91,0,0.5,1.0,1,1,985,4331,0.031,0.628,str('kl'),0.035,TRUE
3323,0.91,0,0.5,1.0,1,1,98,2145,0.475,0.541,str('kl'),0.029,FALSE
3324,0.91,0,0.5,1.0,1,1,4936,4380,0.762,0.284,str('intersection'),0.085,TRUE
3325,0.91,1,0.5,0.7686217868402409,0,2,2838,462,0.214,0.918,str('intersection'),0.056,FALSE
3326,0.91,0,0.5,1.0,1,1,2050,3010,0.547,0.161,str('kl'),0.045,TRUE
3327,0.91,0,0.5,1.0,1,1,1924,626,0.255,0.743,str('intersection'),0.089,TRUE
3328,0.91,0,0.5,1.0,1,1,2964,4671,0.378,0.709,str('kl'),0.067,TRUE
3329,0.91,0,0.5,1.0,1,1,4889,481,0.583,0.087,str('kl'),0.096,FALSE
3330,0.91,0,0.5,1.0,1,1,78,2912,0.187,0.828,str('intersection'),0.018,TRUE
3331,0.91,0,0.5,1.0,1,1,1028,725,0.319,0.993,str('intersection'),0.046,FALSE
3332,0.91,0,0.5,1.0,1,1,4008,3292,0.918,0.237,str('kl'),0.056,TRUE
3333,0.91,0,0.5,1.0,1,1,3142,1860,0.121,0.624,str('kl'),0.084,FALSE
3334,0.91,0,0.5,1.0,1,1,1747,4115,0.641,0.367,str('intersection'),0.028,TRUE
3335,0.91,1,0.5,0.7686217868402409,0,2,1279,135,0.036,0.176,str('kl'),0.011,FALSE
3336,0.91,0,0.5,1.0,1,1,3610,2722,0.697,0.932,str('intersection'),0.089,TRUE
3337,0.91,0,0.5,1.0,1,1,4165,2442,0.282,0.302,str('intersection'),0.073,FALSE
3338,0.91,0,0.5,1.0,1,1,871,4717,0.989,0.56,str('kl'),0.04,TRUE
3339,0.91,0,0.5,1.0,1,1,546,1280,0.514,0.645,str('kl'),0.024,FALSE
3340,0.91,0,0.5,1.0,1,1,4422,4004,0.227,0.403,str('intersection'),0.079,TRUE
3341,0.91,0,0.5,1.0,1,1,2807,1161,0.798,0.768,str('intersection'),0.061,FALSE
3342,0.91,0,0.5,1.0,1,1,2307,3572,0.465,0.027,str('kl'),0.05,TRUE
3343,0.91,0,0.5,1.0,1,1,2205,1533,0.129,0.345,str('intersection'),0.039,FALSE
3344,0.91,0,0.5,1.0,1,1,2601,3726,0.006,0.328,str('kl'),0.026,FALSE
3345,0.91,0,0.5,1.0,1,1,4548,1429,0.955,0.938,str('kl'),0.053,TRUE
3346,0.91,0,0.5,1.0,1,1,340,3841,0.306,0.197,str('intersection'),0.065,FALSE
3347,0.91,0,0.5,1.0,1,1,743,2278,0.189,0.096,str('intersection'),0.092,TRUE
3348,0.91,0,0.5,1.0,1,1,4370,4866,0.542,0.851,str('kl'),0.013,FALSE
3349,0.91,0,0.5,1.0,1,1,3482,289,0.497,0.475,str('kl'),0.043,TRUE
3350,0.91,1,0.5,0.7686217868402409,0,2,1484,2564,0.772,0.733,str('intersection'),0.077,FALSE
3351,0.91,1,0.5,0.7686217868402409,0,2,1639,1705,0.41,0.79,str('kl'),0.061,TRUE
3352,0.91,1,0.5,0.7686217868402409,0,2,3327,4274,0.826,0.035,str('intersection'),0.049,FALSE
3353,0.91,0,0.5,1.0,1,1,3900,888,0.149,0.668,str('intersection'),0.03,TRUE
3354,0.91,0,0.5,1.0,1,1,1213,3144,0.611,0.411,str('kl'),0.087,FALSE
3355,0.91,0,0.5,1.0,1,1,185,331,0.884,0.264,str('kl'),0.07,TRUE
3356,0.91,1,0.5,0.7686217868402409,0,2,4703,3075,0.344,0.506,str('intersection'),0.036,FALSE
3357,0.91,0,0.5,1.0,1,1,3071,2087,0.677,0.137,str('intersection'),0.02,TRUE
3358,0.91,0,0.5,1.0,1,1,1964,4518,0.091,0.878,str('kl'),0.1,FALSE
3359,0.91,0,0.5,1.0,1,1,2150,1928,0.852,0.467,str('intersection'),0.034,FALSE
3360,0.91,1,0.5,0.7686217868402409,0,2,3105,4078,0.11,0.783,str('intersection'),0.042,TRUE
3361,0.91,0,0.5,1.0,1,1,4747,772,0.931,0.418,str('intersection'),0.015,FALSE
3362,0.91,0,0.5,1.0,1,1,210,3339,0.332,0.66,str('kl'),0.093,TRUE
3363,0.91,0,0.5,1.0,1,1,1208,527,0.168,0.513,str('kl'),0.065,FALSE
3364,0.91,0,0.5,1.0,1,1,3836,2958,0.564,0.256,str('intersection'),0.055,TRUE
3365,0.91,0,0.5,1.0,1,1,3313,1892,0.398,0.886,str('intersection'),0.025,FALSE
3366,0.91,0,0.5,1.0,1,1,1566,4635,0.872,0.13,str('kl'),0.08,TRUE
3367,0.91,0,0.5,1.0,1,1,1411,1119,0.452,0.32,str('intersection'),0.097,FALSE
3368,0.91,0,0.5,1.0,1,1,3468,3530,0.785,0.577,str('kl'),0.019,TRUE
3369,0.91,0,0.5,1.0,1,1,4306,1312,0.238,0.189,str('kl'),0.038,FALSE
3370,0.91,0,0.5,1.0,1,1,738,4036,0.524,0.946,str('intersection'),0.071,TRUE
3371,0.91,0,0.5,1.0,1,1,365,2474,0.969,0.844,str('intersection'),0.088,FALSE
3372,0.91,0,0.5,1.0,1,1,4592,4748,0.261,0.103,str('kl'),0.032,TRUE
3373,0.91,1,0.5,0.7686217868402409,0,2,2635,94,0.715,0.725,str('kl'),0.048,FALSE
3374,0.91,0,0.5,1.0,1,1,2487,2681,0.054,0.483,str('intersection'),0.058,TRUE
3375,0.91,0,0.5,1.0,1,1,2434,1001,0.733,0.57,str('intersection'),0.083,TRUE
3376,0.91,0,0.5,1.0,1,1,2743,2527,0.477,0.183,str('intersection'),0.086,FALSE
3377,0.91,0,0.5,1.0,1,1,4407,2325,0.561,0.552,str('intersection'),0.056,TRUE
3378,0.91,0,0.5,1.0,1,1,473,4913,0.208,0.31,str('kl'),0.044,FALSE
3379,0.91,0,0.5,1.0,1,1,924,1475,0.294,0.396,str('kl'),0.016,TRUE
3380,0.91,0,0.5,1.0,1,1,4200,3887,0.943,0.653,str('intersection'),0.096,FALSE
3381,0.91,0,0.5,1.0,1,1,3654,965,0.017,0.019,str('intersection'),0.068,TRUE
3382,0.91,0,0.5,1.0,1,1,1304,3690,0.744,0.775,str('kl'),0.034,FALSE
3383,0.91,0,0.5,1.0,1,1,1772,2045,0.072,0.717,str('intersection'),0.051,TRUE
3384,0.91,0,0.5,1.0,1,1,3186,4476,0.659,0.459,str('kl'),0.063,FALSE
3385,0.91,0,0.5,1.0,1,1,4042,363,0.365,0.835,str('kl'),0.079,TRUE
3386,0.91,0,0.5,1.0,1,1,1081,3107,0.905,0.079,str('intersection'),0.022,FALSE
3387,0.91,0,0.5,1.0,1,1,5,920,0.6,0.244,str('intersection'),0.038,TRUE
3388,0.91,0,0.5,1.0,1,1,4875,3176,0.139,0.985,str('kl'),0.073,FALSE
3389,0.91,0,0.5,1.0,1,1,2900,1664,0.838,0.375,str('kl'),0.091,TRUE
3390,0.91,0,0.5,1.0,1,1,2145,4233,0.423,0.617,str('intersection'),0.012,FALSE
3391,0.91,0,0.5,1.0,1,1,2017,1823,0.63,0.042,str('kl'),0.075,FALSE
3392,0.91,0,0.5,1.0,1,1,2862,3392,0.504,0.006,str('intersection'),0.08,FALSE
3393,0.91,0,0.5,1.0,1,1,4990,1763,0.459,0.636,str('intersection'),0.062,TRUE
3394,0.91,0,0.5,1.0,1,1,133,4214,0.812,0.379,str('kl'),0.05,FALSE
3395,0.91,0,0.5,1.0,1,1,970,2027,0.695,0.292,str('kl'),0.01,TRUE
3396,0.91,0,0.5,1.0,1,1,3908,4576,0.045,0.533,str('intersection'),0.09,FALSE
3397,0.91,0,0.5,1.0,1,1,3241,579,0.995,0.169,str('intersection'),0.074,TRUE
3398,0.91,0,0.5,1.0,1,1,1804,2815,0.268,0.909,str('kl'),0.04,FALSE
3399,0.91,0,0.5,1.0,1,1,1334,1337,0.908,0.594,str('intersection'),0.046,TRUE
3400,0.91,0,0.5,1.0,1,1,3711,3945,0.321,0.353,str('kl'),0.057,FALSE
3401,0.91,0,0.5,1.0,1,1,4063,1217,0.655,0.974,str('kl'),0.084,TRUE
3402,0.91,0,0.5,1.0,1,1,815,3512,0.115,0.234,str('intersection'),0.027,FALSE
3403,0.91,1,0.5,0.7686217868402409,0,2,603,75,0.388,0.07,str('intersection'),0.033,TRUE
3404,0.91,0,0.5,1.0,1,1,4520,2780,0.849,0.827,str('kl'),0.068,FALSE
3405,0.91,0,0.5,1.0,1,1,2707,2382,0.173,0.439,str('kl'),0.097,TRUE
3406,0.91,0,0.5,1.0,1,1,2249,4774,0.588,0.696,str('intersection'),0.017,FALSE
3407,0.91,1,0.5,0.7686217868402409,0,2,2303,252,0.752,0.924,str('kl'),0.029,TRUE
3408,0.91,0,0.5,1.0,1,1,2502,4923,0.878,0.902,str('intersection'),0.036,TRUE
3409,0.91,0,0.5,1.0,1,1,4648,229,0.081,0.269,str('intersection'),0.021,FALSE
3410,0.91,0,0.5,1.0,1,1,398,2621,0.68,0.526,str('kl'),0.099,TRUE
3411,0.91,0,0.5,1.0,1,1,689,1060,0.812,0.675,str('kl'),0.059,FALSE
3412,0.91,0,0.5,1.0,1,1,4269,3666,0.416,0.433,str('intersection'),0.049,TRUE
3413,0.91,0,0.5,1.0,1,1,3584,1486,0.621,0.801,str('intersection'),0.031,FALSE
3414,0.91,0,0.5,1.0,1,1,1540,3780,0.148,0.061,str('kl'),0.086,TRUE
3415,0.91,0,0.5,1.0,1,1,1697,431,0.536,0.494,str('intersection'),0.092,FALSE
3416,0.91,0,0.5,1.0,1,1,3427,2979,0.203,0.736,str('kl'),0.014,TRUE
3417,0.91,0,0.5,1.0,1,1,3801,2186,0.774,0.126,str('kl'),0.043,FALSE
3418,0.91,0,0.5,1.0,1,1,1156,4421,0.488,0.866,str('intersection'),0.076,TRUE
3419,0.91,0,0.5,1.0,1,1,240,1610,0.012,0.966,str('intersection'),0.082,FALSE
3420,0.91,0,0.5,1.0,1,1,4805,4372,0.72,0.21,str('kl'),0.027,TRUE
3421,0.91,0,0.5,1.0,1,1,2970,792,0.304,0.586,str('kl'),0.053,FALSE
3422,0.91,0,0.5,1.0,1,1,1909,3242,0.965,0.329,str('intersection'),0.064,TRUE
3423,0.91,0,0.5,1.0,1,1,2094,628,0.229,0.763,str('kl'),0.023,TRUE
3424,0.91,0,0.5,1.0,1,1,2999,4704,0.749,0.279,str('intersection'),0.096,TRUE
3425,0.91,1,0.5,0.7686217868402409,0,2,4776,146,0.291,0.893,str('intersection'),0.067,FALSE
3426,0.91,0,0.5,1.0,1,1,270,2714,0.94,0.152,str('kl'),0.034,TRUE
3427,0.91,0,0.5,1.0,1,1,1146,1152,0.558,0.051,str('kl'),0.028,FALSE
3428,0.91,0,0.5,1.0,1,1,3811,3584,0.205,0.807,str('intersection'),0.083,TRUE
3429,0.91,0,0.5,1.0,1,1,3417,1266,0.757,0.427,str('intersection'),0.057,FALSE
3430,0.91,0,0.5,1.0,1,1,1707,4010,0.482,0.684,str('kl'),0.046,TRUE
3431,0.91,0,0.5,1.0,1,1,1550,494,0.842,0.867,str('intersection'),0.041,FALSE
3432,0.91,0,0.5,1.0,1,1,3574,2906,0.426,0.111,str('kl'),0.074,TRUE
3433,0.91,0,0.5,1.0,1,1,4279,1936,0.596,0.748,str('kl'),0.089,FALSE
3434,0.91,0,0.5,1.0,1,1,679,4661,0.134,0.491,str('intersection'),0.011,TRUE
3435,0.91,0,0.5,1.0,1,1,427,1849,0.36,0.344,str('intersection'),0.051,FALSE
3436,0.91,0,0.5,1.0,1,1,4618,4124,0.9,0.586,str('kl'),0.061,TRUE
3437,0.91,0,0.5,1.0,1,1,2532,718,0.076,0.213,str('kl'),0.079,FALSE
3438,0.91,0,0.5,1.0,1,1,2348,3306,0.662,0.954,str('intersection'),0.023,TRUE
3439,0.91,0,0.5,1.0,1,1,2377,2219,0.358,0.146,str('kl'),0.069,FALSE
3440,0.91,0,0.5,1.0,1,1,2717,3152,0.867,0.629,str('intersection'),0.052,FALSE
3441,0.91,0,0.5,1.0,1,1,4510,1700,0.171,0.011,str('intersection'),0.026,TRUE
3442,0.91,0,0.5,1.0,1,1,613,4287,0.567,0.752,str('kl'),0.083,FALSE
3443,0.91,0,0.5,1.0,1,1,786,2101,0.933,0.917,str('kl'),0.077,TRUE
3444,0.91,0,0.5,1.0,1,1,4093,4512,0.335,0.161,str('intersection'),0.043,FALSE
3445,0.91,0,0.5,1.0,1,1,3681,340,0.625,0.544,str('intersection'),0.013,TRUE
3446,0.91,0,0.5,1.0,1,1,1363,3064,0.105,0.287,str('kl'),0.093,FALSE
3447,0.91,0,0.5,1.0,1,1,1833,1421,0.712,0.221,str('intersection'),0.087,TRUE
3448,0.91,0,0.5,1.0,1,1,3211,3851,0.051,0.977,str('kl'),0.03,FALSE
3449,0.91,0,0.5,1.0,1,1,3938,988,0.973,0.351,str('kl'),0.048,TRUE
3450,0.91,0,0.5,1.0,1,1,941,3731,0.266,0.608,str('intersection'),0.06,FALSE
3451,0.91,0,0.5,1.0,1,1,143,296,0.242,0.694,str('intersection'),0.1,TRUE
3452,0.91,0,0.5,1.0,1,1,4980,2550,0.529,0.452,str('kl'),0.021,FALSE
3453,0.91,0,0.5,1.0,1,1,2872,2290,0.449,0.813,str('kl'),0.035,TRUE
3454,0.91,0,0.5,1.0,1,1,2084,4857,0.782,0.072,str('intersection'),0.07,FALSE
3455,0.91,0,0.5,1.0,1,1,1880,2448,0.022,0.521,str('kl'),0.018,FALSE
3456,0.91,0,0.5,1.0,1,1,2930,2766,0.145,0.557,str('intersection'),0.047,FALSE
3457,0.91,0,0.5,1.0,1,1,4845,2389,0.817,0.177,str('intersection'),0.031,TRUE
3458,0.91,0,0.5,1.0,1,1,34,4839,0.422,0.934,str('kl'),0.088,FALSE
3459,0.91,0,0.5,1.0,1,1,1072,1402,0.087,0.77,str('kl'),0.072,TRUE
3460,0.91,0,0.5,1.0,1,1,4052,3950,0.685,0.03,str('intersection'),0.037,FALSE
3461,0.91,0,0.5,1.0,1,1,3176,1205,0.356,0.644,str('intersection'),0.018,TRUE
3462,0.91,0,0.5,1.0,1,1,1781,3440,0.876,0.402,str('kl'),0.098,FALSE
3463,0.91,0,0.5,1.0,1,1,1314,1962,0.3,0.095,str('intersection'),0.081,TRUE
3464,0.91,0,0.5,1.0,1,1,3644,4569,0.961,0.835,str('kl'),0.024,FALSE
3465,0.91,0,0.5,1.0,1,1,4209,593,0.016,0.463,str('kl'),0.054,TRUE
3466,0.91,0,0.5,1.0,1,1,914,2887,0.723,0.704,str('intersection'),0.066,FALSE
3467,0.91,0,0.5,1.0,1,1,502,700,0.778,0.617,str('intersection'),0.094,TRUE
3468,0.91,0,0.5,1.0,1,1,4378,3404,0.491,0.36,str('kl'),0.014,FALSE
3469,0.91,0,0.5,1.0,1,1,2772,1758,0.532,0.997,str('kl'),0.041,TRUE
3470,0.91,0,0.5,1.0,1,1,2273,4149,0.199,0.241,str('intersection'),0.076,FALSE
3471,0.91,0,0.5,1.0,1,1,2239,878,0.393,0.387,str('kl'),0.064,TRUE
3472,0.91,0,0.5,1.0,1,1,2477,1593,0.997,0.667,str('kl'),0.013,FALSE
3473,0.91,0,0.5,1.0,1,1,2645,4298,0.27,0.41,str('intersection'),0.091,TRUE
3474,0.91,0,0.5,1.0,1,1,4582,854,0.689,0.794,str('intersection'),0.072,FALSE
3475,0.91,0,0.5,1.0,1,1,374,3247,0.04,0.038,str('kl'),0.039,TRUE
3476,0.91,0,0.5,1.0,1,1,709,434,0.453,0.138,str('kl'),0.023,FALSE
3477,0.91,0,0.5,1.0,1,1,4335,3041,0.806,0.878,str('intersection'),0.078,TRUE
3478,0.91,0,0.5,1.0,1,1,3438,2111,0.231,0.261,str('intersection'),0.062,FALSE
3479,0.91,0,0.5,1.0,1,1,1440,4406,0.506,0.502,str('kl'),0.052,TRUE
3480,0.91,0,0.5,1.0,1,1,1595,1055,0.177,0.943,str('intersection'),0.035,FALSE
3481,0.91,0,0.5,1.0,1,1,3283,3604,0.593,0.203,str('kl'),0.068,TRUE
3482,0.91,0,0.5,1.0,1,1,3865,1561,0.384,0.563,str('kl'),0.095,FALSE
3483,0.91,0,0.5,1.0,1,1,1179,3797,0.846,0.321,str('intersection'),0.017,TRUE
3484,0.91,0,0.5,1.0,1,1,219,2234,0.651,0.47,str('intersection'),0.045,FALSE
3485,0.91,0,0.5,1.0,1,1,4737,4998,0.111,0.727,str('kl'),0.055,TRUE
3486,0.91,1,0.5,0.7686217868402409,0,2,3115,167,0.912,0.101,str('kl'),0.085,FALSE
3487,0.91,0,0.5,1.0,1,1,2007,2618,0.326,0.858,str('intersection'),0.029,TRUE
3488,0.91,0,0.5,1.0,1,1,1974,1251,0.894,0.194,str('intersection'),0.05,TRUE
3489,0.91,0,0.5,1.0,1,1,3061,3486,0.374,0.951,str('kl'),0.062,FALSE
3490,0.91,0,0.5,1.0,1,1,4713,1366,0.665,0.314,str('kl'),0.08,TRUE
3491,0.91,0,0.5,1.0,1,1,175,3914,0.066,0.571,str('intersection'),0.023,FALSE
3492,0.91,0,0.5,1.0,1,1,1242,2352,0.433,0.719,str('intersection'),0.04,TRUE
3493,0.91,0,0.5,1.0,1,1,3871,4802,0.828,0.478,str('kl'),0.074,FALSE
3494,0.91,1,0.5,0.7686217868402409,0,2,3356,50,0.132,0.85,str('kl'),0.09,TRUE
3495,0.91,0,0.5,1.0,1,1,1610,2813,0.606,0.11,str('intersection'),0.011,FALSE
3496,0.91,0,0.5,1.0,1,1,1455,1789,0.219,0.418,str('kl'),0.028,TRUE
3497,0.91,0,0.5,1.0,1,1,3511,4181,0.552,0.66,str('intersection'),0.084,FALSE
3498,0.91,0,0.5,1.0,1,1,4341,659,0.473,0.046,str('intersection'),0.057,TRUE
3499,0.91,0,0.5,1.0,1,1,772,3363,0.759,0.786,str('kl'),0.045,FALSE
3500,0.91,0,0.5,1.0,1,1,330,552,0.736,0.886,str('kl'),0.017,TRUE
3501,0.91,0,0.5,1.0,1,1,4558,2845,0.028,0.13,str('intersection'),0.097,FALSE
3502,0.91,0,0.5,1.0,1,1,2591,1994,0.95,0.51,str('intersection'),0.067,TRUE
3503,0.91,0,0.5,1.0,1,1,2444,4601,0.289,0.253,str('kl'),0.033,FALSE
3504,0.91,0,0.5,1.0,1,1,2336,2157,0.519,0.843,str('intersection'),0.099,FALSE
3505,0.91,0,0.5,1.0,1,1,2778,4452,0.244,0.086,str('kl'),0.021,TRUE
3506,0.91,0,0.5,1.0,1,1,4451,397,0.796,0.712,str('kl'),0.036,FALSE
3507,0.91,0,0.5,1.0,1,1,517,3005,0.443,0.455,str('intersection'),0.069,TRUE
3508,0.91,0,0.5,1.0,1,1,881,817,0.061,0.368,str('intersection'),0.086,FALSE
3509,0.91,0,0.5,1.0,1,1,4155,3210,0.71,0.609,str('kl'),0.03,TRUE
3510,0.91,0,0.5,1.0,1,1,3620,1640,0.252,0.249,str('kl'),0.049,FALSE
3511,0.91,0,0.5,1.0,1,1,1270,4345,0.979,0.989,str('intersection'),0.06,TRUE
3512,0.91,1,0.5,0.7686217868402409,0,2,1737,198,0.336,0.549,str('kl'),0.077,FALSE
3513,0.91,0,0.5,1.0,1,1,3152,2650,0.923,0.308,str('intersection'),0.044,TRUE
3514,0.91,0,0.5,1.0,1,1,3998,2193,0.099,0.926,str('intersection'),0.014,FALSE
3515,0.91,0,0.5,1.0,1,1,1038,4957,0.639,0.185,str('kl'),0.092,TRUE
3516,0.91,0,0.5,1.0,1,1,49,1519,0.865,0.021,str('kl'),0.064,FALSE
3517,0.91,0,0.5,1.0,1,1,4918,3755,0.403,0.778,str('intersection'),0.053,TRUE
3518,0.91,0,0.5,1.0,1,1,2935,1087,0.572,0.394,str('intersection'),0.026,FALSE
3519,0.91,0,0.5,1.0,1,1,2179,3636,0.157,0.651,str('kl'),0.082,TRUE
3520,0.91,0,0.5,1.0,1,1,2060,1303,0.493,0.969,str('intersection'),0.094,FALSE
3521,0.91,0,0.5,1.0,1,1,2828,4047,0.768,0.228,str('kl'),0.015,TRUE
3522,0.91,0,0.5,1.0,1,1,4946,1105,0.193,0.601,str('kl'),0.042,FALSE
3523,0.91,0,0.5,1.0,1,1,88,3537,0.545,0.359,str('intersection'),0.075,TRUE
3524,0.91,1,0.5,0.7686217868402409,0,2,1014,100,0.959,0.444,str('intersection'),0.081,FALSE
3525,0.91,0,0.5,1.0,1,1,3952,2668,0.31,0.701,str('kl'),0.025,TRUE
3526,0.91,0,0.5,1.0,1,1,3275,2484,0.729,0.064,str('kl'),0.055,FALSE
3527,0.91,0,0.5,1.0,1,1,1838,4740,0.002,0.82,str('intersection'),0.065,TRUE
3528,0.91,0,0.5,1.0,1,1,1368,760,0.675,0.637,str('kl'),0.071,FALSE
3529,0.91,0,0.5,1.0,1,1,3745,3348,0.088,0.379,str('intersection'),0.038,TRUE
3530,0.91,0,0.5,1.0,1,1,4107,1817,0.89,0.759,str('intersection'),0.02,FALSE
3531,0.91,0,0.5,1.0,1,1,859,4092,0.349,0.003,str('kl'),0.098,TRUE
3532,0.91,0,0.5,1.0,1,1,558,1905,0.155,0.168,str('kl'),0.058,FALSE
3533,0.91,0,0.5,1.0,1,1,4476,4629,0.617,0.909,str('intersection'),0.047,TRUE
3534,0.91,0,0.5,1.0,1,1,2673,535,0.408,0.295,str('intersection'),0.032,FALSE
3535,0.91,0,0.5,1.0,1,1,2215,2947,0.823,0.537,str('kl'),0.088,TRUE
3536,0.91,0,0.5,1.0,1,1,2421,377,0.125,0.118,str('intersection'),0.044,TRUE
3537,0.91,0,0.5,1.0,1,1,2547,3101,0.646,0.859,str('kl'),0.056,FALSE
3538,0.91,0,0.5,1.0,1,1,4681,2054,0.316,0.498,str('kl'),0.085,TRUE
3539,0.91,0,0.5,1.0,1,1,433,4465,0.914,0.74,str('intersection'),0.028,FALSE
3540,0.91,0,0.5,1.0,1,1,655,1654,0.579,0.593,str('intersection'),0.034,TRUE
3541,0.91,0,0.5,1.0,1,1,4235,4241,0.183,0.336,str('kl'),0.069,FALSE
3542,0.91,0,0.5,1.0,1,1,3541,914,0.856,0.962,str('kl'),0.095,TRUE
3543,0.91,0,0.5,1.0,1,1,1495,3188,0.382,0.206,str('intersection'),0.016,FALSE
3544,0.91,0,0.5,1.0,1,1,1653,2331,0.8,0.271,str('kl'),0.021,TRUE
3545,0.91,0,0.5,1.0,1,1,3383,4898,0.467,0.528,str('intersection'),0.078,FALSE
3546,0.91,0,0.5,1.0,1,1,3767,263,0.508,0.145,str('intersection'),0.063,TRUE
3547,0.91,0,0.5,1.0,1,1,1122,2518,0.222,0.901,str('kl'),0.051,FALSE
3548,0.91,0,0.5,1.0,1,1,275,957,0.276,0.799,str('kl'),0.011,TRUE
3549,0.91,0,0.5,1.0,1,1,4839,3700,0.984,0.058,str('intersection'),0.091,FALSE
3550,0.91,0,0.5,1.0,1,1,3014,1462,0.038,0.676,str('intersection'),0.073,TRUE
3551,0.91,0,0.5,1.0,1,1,1953,3893,0.699,0.434,str('kl'),0.039,FALSE
3552,0.91,0,0.5,1.0,1,1,1947,941,0.064,0.254,str('kl'),0.028,FALSE
3553,0.91,0,0.5,1.0,1,1,3010,3705,0.667,0.512,str('intersection'),0.085,TRUE
3554,0.91,0,0.5,1.0,1,1,4842,1447,0.372,0.128,str('intersection'),0.056,FALSE
3555,0.91,0,0.5,1.0,1,1,280,3898,0.896,0.884,str('kl'),0.044,TRUE
3556,0.91,0,0.5,1.0,1,1,1118,2335,0.608,0.784,str('kl'),0.016,FALSE
3557,0.91,0,0.5,1.0,1,1,3761,4884,0.13,0.044,str('intersection'),0.095,TRUE
3558,0.91,0,0.5,1.0,1,1,3388,268,0.83,0.661,str('intersection'),0.069,FALSE
3559,0.91,0,0.5,1.0,1,1,1656,2504,0.431,0.42,str('kl'),0.034,TRUE
3560,0.91,0,0.5,1.0,1,1,1501,1648,0.761,0.104,str('intersection'),0.051,FALSE
3561,0.91,0,0.5,1.0,1,1,3543,4256,0.471,0.844,str('kl'),0.063,TRUE
3562,0.91,0,0.5,1.0,1,1,4231,909,0.554,0.484,str('kl'),0.079,FALSE
3563,0.91,0,0.5,1.0,1,1,647,3204,0.217,0.725,str('intersection'),0.022,TRUE
3564,0.91,0,0.5,1.0,1,1,435,391,0.287,0.577,str('intersection'),0.039,FALSE
3565,0.91,0,0.5,1.0,1,1,4687,3096,0.952,0.319,str('kl'),0.073,TRUE
3566,0.91,0,0.5,1.0,1,1,2540,2068,0.026,0.945,str('kl'),0.091,FALSE
3567,0.91,0,0.5,1.0,1,1,2417,4461,0.738,0.189,str('intersection'),0.011,TRUE
3568,0.91,0,0.5,1.0,1,1,2212,1910,0.445,0.653,str('kl'),0.075,TRUE
3569,0.91,0,0.5,1.0,1,1,2668,4614,0.794,0.396,str('intersection'),0.042,FALSE
3570,0.91,0,0.5,1.0,1,1,4482,541,0.246,0.776,str('intersection'),0.016,TRUE
3571,0.91,0,0.5,1.0,1,1,563,2932,0.517,0.02,str('kl'),0.094,FALSE
3572,0.91,0,0.5,1.0,1,1,854,745,0.977,0.183,str('kl'),0.065,TRUE
3573,0.91,0,0.5,1.0,1,1,4104,3352,0.254,0.924,str('intersection'),0.055,FALSE
3574,0.91,0,0.5,1.0,1,1,3749,1803,0.708,0.31,str('intersection'),0.025,TRUE
3575,0.91,0,0.5,1.0,1,1,1375,4096,0.063,0.551,str('kl'),0.081,FALSE
3576,0.91,1,0.5,0.7686217868402409,0,2,1842,114,0.637,0.984,str('intersection'),0.098,TRUE
3577,0.91,0,0.5,1.0,1,1,3281,2662,0.1,0.243,str('kl'),0.02,FALSE
3578,0.91,0,0.5,1.0,1,1,3947,2499,0.921,0.615,str('kl'),0.038,TRUE
3579,0.91,0,0.5,1.0,1,1,1011,4735,0.338,0.374,str('intersection'),0.071,FALSE
3580,0.91,0,0.5,1.0,1,1,95,1298,0.159,0.461,str('intersection'),0.088,TRUE
3581,0.91,0,0.5,1.0,1,1,4950,4061,0.57,0.718,str('kl'),0.032,FALSE
3582,0.91,0,0.5,1.0,1,1,2825,1101,0.405,0.081,str('kl'),0.047,TRUE
3583,0.91,0,0.5,1.0,1,1,2054,3551,0.863,0.837,str('intersection'),0.058,FALSE
3584,0.91,0,0.5,1.0,1,1,2185,1515,0.544,0.535,str('kl'),0.07,TRUE
3585,0.91,0,0.5,1.0,1,1,2938,3769,0.195,0.293,str('intersection'),0.036,FALSE
3586,0.91,0,0.5,1.0,1,1,4914,1082,0.766,0.911,str('intersection'),0.021,TRUE
3587,0.91,0,0.5,1.0,1,1,42,3650,0.495,0.17,str('kl'),0.099,FALSE
3588,0.91,1,0.5,0.7686217868402409,0,2,1041,214,0.004,0.005,str('kl'),0.06,TRUE
3589,0.91,0,0.5,1.0,1,1,4004,2644,0.727,0.761,str('intersection'),0.049,FALSE
3590,0.91,0,0.5,1.0,1,1,3145,2207,0.312,0.378,str('intersection'),0.031,TRUE
3591,0.91,0,0.5,1.0,1,1,1733,4950,0.957,0.635,str('kl'),0.086,FALSE
3592,0.91,0,0.5,1.0,1,1,1263,803,0.351,0.826,str('intersection'),0.092,TRUE
3593,0.91,0,0.5,1.0,1,1,3615,3214,0.888,0.07,str('kl'),0.014,FALSE
3594,0.91,0,0.5,1.0,1,1,4159,1625,0.09,0.695,str('kl'),0.044,TRUE
3595,0.91,0,0.5,1.0,1,1,886,4349,0.673,0.439,str('intersection'),0.077,FALSE
3596,0.91,0,0.5,1.0,1,1,512,2163,0.821,0.353,str('intersection'),0.082,TRUE
3597,0.91,0,0.5,1.0,1,1,4444,4437,0.41,0.595,str('kl'),0.026,FALSE
3598,0.91,0,0.5,1.0,1,1,2783,403,0.615,0.234,str('kl'),0.053,TRUE
3599,0.91,0,0.5,1.0,1,1,2340,2989,0.157,0.975,str('intersection'),0.064,FALSE
3600,0.91,0,0.5,1.0,1,1,2448,566,0.916,0.432,str('kl'),0.023,FALSE
3601,0.91,0,0.5,1.0,1,1,2598,2841,0.314,0.674,str('intersection'),0.08,TRUE
3602,0.91,0,0.5,1.0,1,1,4552,2008,0.647,0.06,str('intersection'),0.062,FALSE
3603,0.91,0,0.5,1.0,1,1,328,4596,0.123,0.801,str('kl'),0.05,TRUE
3604,0.91,0,0.5,1.0,1,1,779,1784,0.38,0.903,str('kl'),0.011,FALSE
3605,0.91,0,0.5,1.0,1,1,4345,4196,0.858,0.146,str('intersection'),0.09,TRUE
3606,0.91,0,0.5,1.0,1,1,3509,653,0.182,0.526,str('intersection'),0.074,FALSE
3607,0.91,0,0.5,1.0,1,1,1449,3378,0.581,0.269,str('kl'),0.04,TRUE
3608,0.91,0,0.5,1.0,1,1,1606,2356,0.22,0.211,str('intersection'),0.045,FALSE
3609,0.91,0,0.5,1.0,1,1,3351,4788,0.51,0.968,str('kl'),0.057,TRUE
3610,0.91,1,0.5,0.7686217868402409,0,2,3877,54,0.465,0.33,str('kl'),0.084,FALSE
3611,0.91,0,0.5,1.0,1,1,1247,2798,0.802,0.587,str('intersection'),0.027,TRUE
3612,0.91,0,0.5,1.0,1,1,170,1236,0.701,0.734,str('intersection'),0.033,FALSE
3613,0.91,0,0.5,1.0,1,1,4709,3492,0.036,0.492,str('kl'),0.067,TRUE
3614,0.91,0,0.5,1.0,1,1,3065,1350,0.986,0.865,str('kl'),0.097,FALSE
3615,0.91,0,0.5,1.0,1,1,1980,3919,0.274,0.124,str('intersection'),0.018,TRUE
3616,0.91,0,0.5,1.0,1,1,2005,2240,0.938,0.96,str('intersection'),0.039,TRUE
3617,0.91,0,0.5,1.0,1,1,3109,4983,0.293,0.219,str('kl'),0.072,FALSE
3618,0.91,1,0.5,0.7686217868402409,0,2,4744,172,0.747,0.58,str('kl'),0.091,TRUE
3619,0.91,0,0.5,1.0,1,1,223,2602,0.024,0.338,str('intersection'),0.012,FALSE
3620,0.91,0,0.5,1.0,1,1,1173,1041,0.484,0.485,str('intersection'),0.052,TRUE
3621,0.91,0,0.5,1.0,1,1,3863,3608,0.755,0.742,str('kl'),0.062,FALSE
3622,0.91,0,0.5,1.0,1,1,3287,1546,0.207,0.116,str('kl'),0.078,TRUE
3623,0.91,0,0.5,1.0,1,1,1602,3801,0.556,0.872,str('intersection'),0.023,FALSE
3624,0.91,0,0.5,1.0,1,1,1445,449,0.136,0.682,str('kl'),0.017,TRUE
3625,0.91,0,0.5,1.0,1,1,3445,3036,0.594,0.425,str('intersection'),0.095,FALSE
3626,0.91,0,0.5,1.0,1,1,4330,2126,0.428,0.809,str('intersection'),0.068,TRUE
3627,0.91,0,0.5,1.0,1,1,706,4400,0.84,0.053,str('kl'),0.035,FALSE
3628,0.91,0,0.5,1.0,1,1,381,1589,0.66,0.154,str('kl'),0.029,TRUE
3629,0.91,0,0.5,1.0,1,1,4587,4313,0.078,0.895,str('intersection'),0.085,FALSE
3630,0.91,0,0.5,1.0,1,1,2642,849,0.898,0.277,str('intersection'),0.055,TRUE
3631,0.91,0,0.5,1.0,1,1,2472,3260,0.362,0.519,str('kl'),0.045,FALSE
3632,0.91,0,0.5,1.0,1,1,2266,685,0.569,0.078,str('intersection'),0.088,FALSE
3633,0.91,0,0.5,1.0,1,1,2768,3410,0.169,0.818,str('kl'),0.031,TRUE
3634,0.91,0,0.5,1.0,1,1,4380,1742,0.869,0.446,str('kl'),0.047,FALSE
3635,0.91,0,0.5,1.0,1,1,508,4154,0.391,0.688,str('intersection'),0.059,TRUE
3636,0.91,0,0.5,1.0,1,1,910,1967,0.103,0.602,str('intersection'),0.098,FALSE
3637,0.91,0,0.5,1.0,1,1,4202,4555,0.627,0.345,str('kl'),0.019,TRUE
3638,0.91,0,0.5,1.0,1,1,3650,597,0.333,0.983,str('kl'),0.037,FALSE
3639,0.91,0,0.5,1.0,1,1,1316,2873,0.935,0.226,str('intersection'),0.072,TRUE
3640,0.91,0,0.5,1.0,1,1,1787,1397,0.264,0.286,str('kl'),0.066,FALSE
3641,0.91,0,0.5,1.0,1,1,3180,3965,0.975,0.542,str('intersection'),0.054,TRUE
3642,0.91,0,0.5,1.0,1,1,4047,1199,0.049,0.163,str('intersection'),0.024,FALSE
3643,0.91,0,0.5,1.0,1,1,1065,3455,0.714,0.919,str('kl'),0.081,TRUE
3644,0.91,2,0.5,0.6332742086579153,0,3,38,18,0.784,0.754,str('kl'),0.076,FALSE
3645,0.91,0,0.5,1.0,1,1,4850,2762,0.447,0.013,str('intersection'),0.041,TRUE
3646,0.91,0,0.5,1.0,1,1,2923,2402,0.531,0.627,str('intersection'),0.015,FALSE
3647,0.91,0,0.5,1.0,1,1,2111,4834,0.24,0.385,str('kl'),0.094,TRUE
3648,0.91,0,0.5,1.0,1,1,2089,309,0.42,0.235,str('intersection'),0.083,FALSE
3649,0.91,0,0.5,1.0,1,1,2878,2546,0.819,0.992,str('kl'),0.026,TRUE
3650,0.91,0,0.5,1.0,1,1,4975,2304,0.143,0.366,str('kl'),0.052,FALSE
3651,0.91,0,0.5,1.0,1,1,139,4853,0.621,0.623,str('intersection'),0.064,TRUE
3652,0.91,0,0.5,1.0,1,1,947,1415,0.878,0.71,str('intersection'),0.093,FALSE
3653,0.91,0,0.5,1.0,1,1,3942,3866,0.354,0.469,str('kl'),0.013,TRUE
3654,0.91,0,0.5,1.0,1,1,3208,983,0.687,0.829,str('kl'),0.043,FALSE
3655,0.91,0,0.5,1.0,1,1,1828,3747,0.085,0.088,str('intersection'),0.077,TRUE
3656,0.91,0,0.5,1.0,1,1,1360,2104,0.725,0.404,str('kl'),0.06,FALSE
3657,0.91,0,0.5,1.0,1,1,3676,4497,0.014,0.645,str('intersection'),0.048,TRUE
3658,0.91,0,0.5,1.0,1,1,4099,345,0.963,0.028,str('intersection'),0.03,FALSE
3659,0.91,0,0.5,1.0,1,1,790,3050,0.298,0.768,str('kl'),0.087,TRUE
3660,0.91,0,0.5,1.0,1,1,607,862,0.197,0.932,str('kl'),0.07,FALSE
3661,0.91,0,0.5,1.0,1,1,4507,3157,0.534,0.175,str('intersection'),0.035,TRUE
3662,0.91,0,0.5,1.0,1,1,2721,1685,0.489,0.559,str('intersection'),0.02,FALSE
3663,0.91,0,0.5,1.0,1,1,2247,4292,0.78,0.302,str('kl'),0.1,TRUE
3664,0.91,0,0.5,1.0,1,1,2353,1844,0.042,0.852,str('intersection'),0.034,TRUE
3665,0.91,0,0.5,1.0,1,1,2535,4138,0.687,0.096,str('kl'),0.067,FALSE
3666,0.91,0,0.5,1.0,1,1,4614,714,0.272,0.733,str('kl'),0.096,TRUE
3667,0.91,0,0.5,1.0,1,1,421,3320,0.995,0.476,str('intersection'),0.018,FALSE
3668,0.91,0,0.5,1.0,1,1,682,509,0.504,0.327,str('intersection'),0.046,TRUE
3669,0.91,0,0.5,1.0,1,1,4284,2900,0.233,0.569,str('kl'),0.057,FALSE
3670,0.91,0,0.5,1.0,1,1,3568,1952,0.805,0.197,str('kl'),0.083,TRUE
3671,0.91,0,0.5,1.0,1,1,1545,4655,0.455,0.937,str('intersection'),0.028,FALSE
3672,0.91,0,0.5,1.0,1,1,1700,1137,0.844,0.504,str('kl'),0.011,TRUE
3673,0.91,0,0.5,1.0,1,1,3413,3587,0.386,0.263,str('intersection'),0.089,FALSE
3674,0.91,0,0.5,1.0,1,1,3814,1252,0.591,0.876,str('intersection'),0.074,TRUE
3675,0.91,0,0.5,1.0,1,1,1152,4015,0.179,0.136,str('kl'),0.041,FALSE
3676,0.91,0,0.5,1.0,1,1,266,2453,0.328,0.036,str('kl'),0.023,TRUE
3677,0.91,0,0.5,1.0,1,1,4769,4688,0.91,0.792,str('intersection'),0.079,FALSE
3678,0.91,1,0.5,0.7686217868402409,0,2,3005,151,0.113,0.412,str('intersection'),0.061,TRUE
3679,0.91,0,0.5,1.0,1,1,1883,2699,0.649,0.669,str('kl'),0.051,FALSE
3680,0.91,0,0.5,1.0,1,1,1912,1614,0.33,0.477,str('intersection'),0.099,TRUE
3681,0.91,0,0.5,1.0,1,1,2976,4358,0.933,0.719,str('kl'),0.021,FALSE
3682,0.91,0,0.5,1.0,1,1,4798,796,0.108,0.109,str('kl'),0.036,TRUE
3683,0.91,1,0.5,0.7686217868402409,0,2,236,3228,0.632,0.85,str('intersection'),0.069,FALSE
3684,0.91,1,0.5,0.7686217868402409,0,2,1162,415,0.874,0.951,str('intersection'),0.086,TRUE
3685,0.91,0,0.5,1.0,1,1,3804,2984,0.396,0.195,str('kl'),0.031,FALSE
3686,0.91,1,0.5,0.7686217868402409,0,2,3422,2171,0.566,0.571,str('kl'),0.049,TRUE
3687,0.91,1,0.5,0.7686217868402409,0,2,1690,4427,0.167,0.314,str('intersection'),0.059,FALSE
3688,0.91,0,0.5,1.0,1,1,1535,1073,0.526,0.131,str('kl'),0.076,TRUE
3689,0.91,0,0.5,1.0,1,1,3578,3661,0.236,0.888,str('intersection'),0.043,FALSE
3690,0.91,0,0.5,1.0,1,1,4274,1501,0.787,0.254,str('intersection'),0.014,TRUE
3691,0.91,0,0.5,1.0,1,1,692,3776,0.45,0.511,str('kl'),0.092,FALSE
3692,0.91,0,0.5,1.0,1,1,392,2213,0.052,0.658,str('kl'),0.064,TRUE
3693,0.91,0,0.5,1.0,1,1,4643,4938,0.717,0.416,str('intersection'),0.053,FALSE
3694,0.91,1,0.5,0.7686217868402409,0,2,2506,224,0.259,0.785,str('intersection'),0.027,TRUE
3695,0.91,1,0.5,0.7686217868402409,0,2,2382,2636,0.971,0.044,str('kl'),0.082,FALSE
3696,0.91,1,0.5,0.7686217868402409,0,2,2256,61,0.21,0.611,str('intersection'),0.05,FALSE
3697,0.91,0,0.5,1.0,1,1,2711,2784,0.559,0.369,str('kl'),0.062,TRUE
3698,0.91,0,0.5,1.0,1,1,4517,2368,0.479,0.991,str('kl'),0.08,FALSE
3699,0.91,0,0.5,1.0,1,1,597,4779,0.75,0.25,str('intersection'),0.023,TRUE
3700,0.91,0,0.5,1.0,1,1,819,1342,0.742,0.085,str('intersection'),0.04,FALSE
3701,0.91,0,0.5,1.0,1,1,4070,3929,0.019,0.841,str('kl'),0.074,TRUE
3702,0.91,0,0.5,1.0,1,1,3705,1223,0.941,0.454,str('kl'),0.09,FALSE
3703,0.91,0,0.5,1.0,1,1,1331,3497,0.296,0.711,str('intersection'),0.01,TRUE
3704,0.91,0,0.5,1.0,1,1,1798,2022,0.903,0.777,str('kl'),0.027,FALSE
3705,0.91,0,0.5,1.0,1,1,3237,4589,0.367,0.021,str('intersection'),0.084,TRUE
3706,0.91,1,0.5,0.7686217868402409,0,2,3913,575,0.657,0.651,str('intersection'),0.058,FALSE
3707,0.91,0,0.5,1.0,1,1,977,2830,0.074,0.394,str('kl'),0.046,TRUE
3708,0.91,0,0.5,1.0,1,1,130,643,0.425,0.308,str('kl'),0.017,FALSE
3709,0.91,0,0.5,1.0,1,1,4984,3386,0.836,0.55,str('intersection'),0.097,TRUE
3710,0.91,0,0.5,1.0,1,1,2869,1778,0.141,0.185,str('intersection'),0.067,FALSE
3711,0.91,0,0.5,1.0,1,1,2099,4209,0.599,0.926,str('kl'),0.033,TRUE
3712,0.91,0,0.5,1.0,1,1,2141,935,0.81,0.702,str('intersection'),0.044,FALSE
3713,0.91,0,0.5,1.0,1,1,847,3342,0.551,0.575,str('kl'),0.015,FALSE
3714,0.91,0,0.5,1.0,1,1,4880,1679,0.502,0.821,str('kl'),0.086,FALSE
3715,0.91,0,0.5,1.0,1,1,8,4227,0.231,0.064,str('intersection'),0.029,TRUE
3716,0.91,0,0.5,1.0,1,1,1075,2041,0.27,0.228,str('intersection'),0.034,FALSE
3717,0.91,0,0.5,1.0,1,1,4038,4491,0.993,0.969,str('kl'),0.068,TRUE
3718,0.91,0,0.5,1.0,1,1,3190,359,0.047,0.359,str('kl'),0.096,FALSE
3719,0.91,0,0.5,1.0,1,1,1777,3121,0.693,0.6,str('intersection'),0.016,TRUE
3720,0.91,0,0.5,1.0,1,1,1307,1481,0.117,0.908,str('kl'),0.022,FALSE
3721,0.91,0,0.5,1.0,1,1,3660,3872,0.653,0.167,str('intersection'),0.079,TRUE
3722,0.91,0,0.5,1.0,1,1,4193,970,0.323,0.535,str('intersection'),0.063,FALSE
3723,0.91,0,0.5,1.0,1,1,920,3674,0.906,0.294,str('kl'),0.051,TRUE
3724,0.91,1,0.5,0.7686217868402409,0,2,478,238,0.586,0.381,str('kl'),0.012,FALSE
3725,0.91,0,0.5,1.0,1,1,4410,2532,0.175,0.638,str('intersection'),0.091,TRUE
3726,0.91,0,0.5,1.0,1,1,2739,2310,0.848,0.005,str('intersection'),0.073,FALSE
3727,0.91,0,0.5,1.0,1,1,2296,4916,0.39,0.761,str('kl'),0.038,TRUE
3728,0.91,0,0.5,1.0,1,1,2482,2468,0.682,0.334,str('intersection'),0.093,TRUE
3729,0.91,0,0.5,1.0,1,1,2632,4764,0.079,0.592,str('kl'),0.015,FALSE
3730,0.91,2,0.5,0.6332742086579153,0,3,4596,88,0.88,0.204,str('kl'),0.042,TRUE
3731,0.91,0,0.5,1.0,1,1,371,2696,0.356,0.96,str('intersection'),0.075,FALSE
3732,0.91,0,0.5,1.0,1,1,735,1133,0.146,0.86,str('intersection'),0.08,TRUE
3733,0.91,0,0.5,1.0,1,1,4301,3526,0.623,0.12,str('kl'),0.025,FALSE
3734,0.91,1,0.5,0.7686217868402409,0,2,3474,1326,0.415,0.741,str('kl'),0.055,TRUE
3735,0.91,0,0.5,1.0,1,1,1415,4031,0.814,0.5,str('intersection'),0.066,FALSE
3736,0.91,0,0.5,1.0,1,1,1573,512,0.486,0.059,str('kl'),0.071,TRUE
3737,0.91,0,0.5,1.0,1,1,3317,2963,0.776,0.799,str('intersection'),0.038,FALSE
3738,0.91,0,0.5,1.0,1,1,3833,1876,0.201,0.435,str('intersection'),0.019,TRUE
3739,0.91,0,0.5,1.0,1,1,1203,4640,0.538,0.676,str('kl'),0.097,FALSE
3740,0.91,0,0.5,1.0,1,1,214,1828,0.967,0.528,str('kl'),0.058,TRUE
3741,0.91,0,0.5,1.0,1,1,4754,4064,0.302,0.271,str('intersection'),0.048,FALSE
3742,0.91,1,0.5,0.7686217868402409,0,2,3099,775,0.722,0.9,str('intersection'),0.032,TRUE
3743,0.91,0,0.5,1.0,1,1,2014,3324,0.01,0.144,str('kl'),0.088,FALSE
3744,0.91,0,0.5,1.0,1,1,1970,317,0.703,0.807,str('kl'),0.065,FALSE
3745,0.91,0,0.5,1.0,1,1,3075,3080,0.058,0.051,str('intersection'),0.053,TRUE
3746,0.91,0,0.5,1.0,1,1,4700,2072,0.98,0.685,str('intersection'),0.026,FALSE
3747,0.91,0,0.5,1.0,1,1,180,4522,0.257,0.427,str('kl'),0.083,TRUE
3748,0.91,0,0.5,1.0,1,1,1217,1711,0.249,0.279,str('kl'),0.077,FALSE
3749,0.91,0,0.5,1.0,1,1,3906,4259,0.52,0.52,str('intersection'),0.043,TRUE
3750,0.91,0,0.5,1.0,1,1,3322,893,0.44,0.152,str('intersection'),0.013,FALSE
3751,0.91,0,0.5,1.0,1,1,1636,3128,0.789,0.892,str('kl'),0.092,TRUE
3752,0.91,0,0.5,1.0,1,1,1478,2274,0.402,0.584,str('intersection'),0.087,FALSE
3753,0.91,0,0.5,1.0,1,1,3479,4880,0.86,0.343,str('kl'),0.03,TRUE
3754,0.91,0,0.5,1.0,1,1,4374,284,0.164,0.952,str('kl'),0.049,FALSE
3755,0.91,0,0.5,1.0,1,1,750,2578,0.576,0.212,str('intersection'),0.06,TRUE
3756,0.91,0,0.5,1.0,1,1,337,1017,0.926,0.112,str('intersection'),0.1,FALSE
3757,0.91,0,0.5,1.0,1,1,4542,3721,0.344,0.868,str('kl'),0.02,TRUE
3758,0.91,0,0.5,1.0,1,1,2608,1444,0.634,0.492,str('kl'),0.036,FALSE
3759,0.91,0,0.5,1.0,1,1,2438,3835,0.098,0.749,str('intersection'),0.07,TRUE
3760,0.91,0,0.5,1.0,1,1,2310,1285,0.835,0.159,str('kl'),0.018,TRUE
3761,0.91,0,0.5,1.0,1,1,2812,3990,0.435,0.915,str('intersection'),0.096,FALSE
3762,0.91,0,0.5,1.0,1,1,4415,1165,0.605,0.286,str('intersection'),0.066,TRUE
3763,0.91,0,0.5,1.0,1,1,541,3557,0.127,0.543,str('kl'),0.033,FALSE
3764,0.91,1,0.5,0.7686217868402409,0,2,876,120,0.369,0.63,str('kl'),0.028,TRUE
3765,0.91,0,0.5,1.0,1,1,4168,2728,0.893,0.389,str('intersection'),0.084,FALSE
3766,0.91,0,0.5,1.0,1,1,3605,2427,0.069,0.753,str('intersection'),0.057,TRUE
3767,0.91,0,0.5,1.0,1,1,1273,4722,0.671,0.013,str('kl'),0.046,FALSE
3768,0.91,0,0.5,1.0,1,1,1743,739,0.029,0.453,str('intersection'),0.04,TRUE
3769,0.91,0,0.5,1.0,1,1,3135,3288,0.74,0.694,str('kl'),0.073,FALSE
3770,0.91,0,0.5,1.0,1,1,4013,1874,0.282,0.072,str('kl'),0.089,TRUE
3771,0.91,0,0.5,1.0,1,1,1031,4110,0.947,0.813,str('intersection'),0.011,FALSE
3772,0.91,0,0.5,1.0,1,1,71,1923,0.549,0.976,str('intersection'),0.05,TRUE
3773,0.91,0,0.5,1.0,1,1,4885,4687,0.212,0.22,str('kl'),0.061,FALSE
3774,0.91,0,0.5,1.0,1,1,2967,475,0.764,0.608,str('kl'),0.079,TRUE
3775,0.91,0,0.5,1.0,1,1,2155,2926,0.473,0.35,str('intersection'),0.024,FALSE
3776,0.91,0,0.5,1.0,1,1,2045,2139,0.185,0.029,str('kl'),0.012,TRUE
3777,0.91,0,0.5,1.0,1,1,2835,4395,0.585,0.77,str('intersection'),0.09,FALSE
3778,0.91,0,0.5,1.0,1,1,4940,457,0.376,0.401,str('intersection'),0.073,TRUE
3779,0.91,0,0.5,1.0,1,1,105,3026,0.854,0.643,str('kl'),0.039,FALSE
3780,0.91,0,0.5,1.0,1,1,982,838,0.643,0.558,str('kl'),0.022,TRUE
3781,0.91,0,0.5,1.0,1,1,3976,3269,0.119,0.301,str('intersection'),0.078,FALSE
3782,0.91,0,0.5,1.0,1,1,3252,1582,0.92,0.934,str('intersection'),0.062,TRUE
3783,0.91,0,0.5,1.0,1,1,1871,4327,0.318,0.178,str('kl'),0.052,FALSE
3784,0.91,2,0.5,0.6332742086579153,0,3,1404,177,0.991,0.362,str('intersection'),0.035,TRUE
3785,0.91,0,0.5,1.0,1,1,3720,2589,0.28,0.618,str('kl'),0.068,FALSE
3786,0.91,0,0.5,1.0,1,1,4133,2250,0.698,0.242,str('kl'),0.095,TRUE
3787,0.91,0,0.5,1.0,1,1,824,4975,0.034,0.999,str('intersection'),0.017,FALSE
3788,0.91,0,0.5,1.0,1,1,573,1537,0.463,0.834,str('intersection'),0.045,TRUE
3789,0.91,0,0.5,1.0,1,1,4473,3812,0.8,0.093,str('kl'),0.056,FALSE
3790,0.91,0,0.5,1.0,1,1,2677,1027,0.225,0.703,str('kl'),0.085,TRUE
3791,0.91,0,0.5,1.0,1,1,2202,3615,0.515,0.461,str('intersection'),0.029,FALSE
3792,0.91,0,0.5,1.0,1,1,2399,3475,0.225,0.364,str('kl'),0.019,TRUE
3793,0.91,0,0.5,1.0,1,1,2388,1191,0.308,0.88,str('kl'),0.059,FALSE
3794,0.91,0,0.5,1.0,1,1,2569,3465,0.953,0.139,str('intersection'),0.047,TRUE
3795,0.91,0,0.5,1.0,1,1,4658,1384,0.008,0.504,str('intersection'),0.032,FALSE
3796,0.91,0,0.5,1.0,1,1,465,3971,0.731,0.262,str('kl'),0.089,TRUE
3797,0.91,0,0.5,1.0,1,1,638,2409,0.77,0.409,str('kl'),0.071,FALSE
3798,0.91,0,0.5,1.0,1,1,4240,4820,0.499,0.666,str('intersection'),0.037,TRUE
3799,0.91,0,0.5,1.0,1,1,1511,2753,0.191,0.793,str('kl'),0.098,TRUE
3800,0.91,0,0.5,1.0,1,1,1666,1732,0.61,0.727,str('intersection'),0.081,FALSE
3801,0.91,0,0.5,1.0,1,1,3378,4162,0.151,0.47,str('kl'),0.024,TRUE
3802,0.91,0,0.5,1.0,1,1,3771,680,0.824,0.857,str('kl'),0.054,FALSE
3803,0.91,0,0.5,1.0,1,1,1108,3423,0.412,0.101,str('intersection'),0.066,TRUE
3804,0.91,0,0.5,1.0,1,1,309,611,0.093,0.203,str('intersection'),0.094,FALSE
3805,0.91,0,0.5,1.0,1,1,4813,2866,0.676,0.944,str('kl'),0.015,TRUE
3806,0.91,0,0.5,1.0,1,1,3039,1976,0.346,0.322,str('kl'),0.041,FALSE
3807,0.91,0,0.5,1.0,1,1,1918,4543,0.882,0.564,str('intersection'),0.075,TRUE
3808,0.91,0,0.5,1.0,1,1,2038,4385,0.346,0.729,str('kl'),0.063,FALSE
3809,0.91,0,0.5,1.0,1,1,1931,1986,0.583,0.18,str('intersection'),0.025,FALSE
3810,0.91,0,0.5,1.0,1,1,3036,4533,0.187,0.936,str('kl'),0.082,TRUE
3811,0.91,0,0.5,1.0,1,1,4817,621,0.852,0.299,str('kl'),0.066,FALSE
3812,0.91,0,0.5,1.0,1,1,297,2856,0.378,0.556,str('intersection'),0.054,TRUE
3813,0.91,0,0.5,1.0,1,1,1100,670,0.121,0.641,str('intersection'),0.015,FALSE
3814,0.91,0,0.5,1.0,1,1,3789,3433,0.642,0.399,str('kl'),0.094,TRUE
3815,0.91,0,0.5,1.0,1,1,3361,1722,0.32,0.772,str('kl'),0.076,FALSE
3816,0.91,0,0.5,1.0,1,1,1675,4172,0.918,0.031,str('intersection'),0.041,TRUE
3817,0.91,1,0.5,0.7686217868402409,0,2,1517,39,0.28,0.463,str('kl'),0.047,FALSE
3818,0.91,0,0.5,1.0,1,1,3518,2743,0.987,0.705,str('intersection'),0.059,TRUE
3819,0.91,0,0.5,1.0,1,1,4257,2419,0.034,0.091,str('intersection'),0.089,FALSE
3820,0.91,0,0.5,1.0,1,1,633,4810,0.695,0.832,str('kl'),0.032,TRUE
3821,0.91,0,0.5,1.0,1,1,454,1374,0.797,0.997,str('kl'),0.037,FALSE
3822,0.91,0,0.5,1.0,1,1,4660,3981,0.463,0.241,str('intersection'),0.071,TRUE
3823,0.91,0,0.5,1.0,1,1,2569,1181,0.512,0.62,str('intersection'),0.098,FALSE
3824,0.91,0,0.5,1.0,1,1,2319,4000,0.635,0.582,str('kl'),0.057,FALSE
3825,0.91,1,0.5,0.7686217868402409,0,2,2193,1017,0.955,0.795,str('intersection'),0.068,TRUE
3826,0.91,0,0.5,1.0,1,1,2695,3625,0.306,0.038,str('kl'),0.035,FALSE
3827,0.91,0,0.5,1.0,1,1,4454,1527,0.732,0.664,str('kl'),0.016,TRUE
3828,0.91,0,0.5,1.0,1,1,581,3822,0.006,0.407,str('intersection'),0.095,FALSE
3829,0.91,0,0.5,1.0,1,1,837,2260,0.497,0.26,str('intersection'),0.056,TRUE
3830,0.91,0,0.5,1.0,1,1,4129,4965,0.772,0.502,str('kl'),0.045,FALSE
3831,0.91,1,0.5,0.7686217868402409,0,2,3723,187,0.189,0.141,str('kl'),0.029,TRUE
3832,0.91,0,0.5,1.0,1,1,1390,2580,0.542,0.882,str('intersection'),0.085,FALSE
3833,0.91,0,0.5,1.0,1,1,1860,1573,0.151,0.566,str('kl'),0.09,TRUE
3834,0.91,0,0.5,1.0,1,1,3253,4336,0.613,0.324,str('intersection'),0.012,FALSE
3835,0.91,0,0.5,1.0,1,1,3974,828,0.412,0.942,str('intersection'),0.039,TRUE
3836,0.91,0,0.5,1.0,1,1,992,3279,0.827,0.201,str('kl'),0.072,FALSE
3837,0.91,0,0.5,1.0,1,1,111,467,0.679,0.099,str('kl'),0.078,TRUE
3838,0.91,0,0.5,1.0,1,1,4924,3016,0.093,0.855,str('intersection'),0.022,FALSE
3839,0.91,0,0.5,1.0,1,1,2850,2148,0.886,0.472,str('intersection'),0.052,TRUE
3840,0.91,0,0.5,1.0,1,1,1956,3070,0.763,0.451,str('kl'),0.013,TRUE
3841,0.91,0,0.5,1.0,1,1,2162,485,0.057,0.891,str('intersection'),0.074,TRUE
3842,0.91,0,0.5,1.0,1,1,2952,2917,0.706,0.15,str('kl'),0.041,FALSE
3843,0.91,0,0.5,1.0,1,1,4901,1933,0.256,0.522,str('kl'),0.011,TRUE
3844,0.91,0,0.5,1.0,1,1,66,4677,0.983,0.281,str('intersection'),0.089,FALSE
3845,0.91,0,0.5,1.0,1,1,1021,1864,0.523,0.429,str('intersection'),0.061,TRUE
3846,0.91,0,0.5,1.0,1,1,4015,4120,0.248,0.687,str('kl'),0.05,FALSE
3847,0.91,0,0.5,1.0,1,1,3135,729,0.792,0.049,str('kl'),0.024,TRUE
3848,0.91,0,0.5,1.0,1,1,1754,3298,0.439,0.805,str('intersection'),0.08,FALSE
3849,0.91,0,0.5,1.0,1,1,1287,2436,0.861,0.748,str('kl'),0.096,TRUE
3850,0.91,0,0.5,1.0,1,1,3603,4712,0.399,0.49,str('intersection'),0.018,FALSE
3851,0.91,1,0.5,0.7686217868402409,0,2,4172,130,0.576,0.87,str('intersection'),0.033,TRUE
3852,0.91,0,0.5,1.0,1,1,863,2718,0.161,0.114,str('kl'),0.066,FALSE
3853,0.91,0,0.5,1.0,1,1,534,1155,0.341,0.214,str('kl'),0.084,TRUE
3854,0.91,0,0.5,1.0,1,1,4434,3567,0.927,0.954,str('intersection'),0.028,FALSE
3855,0.91,0,0.5,1.0,1,1,2794,1275,0.095,0.341,str('intersection'),0.046,TRUE
3856,0.91,0,0.5,1.0,1,1,2499,4754,0.85,0.906,str('intersection'),0.055,FALSE
3857,0.91,0,0.5,1.0,1,1,2426,1434,0.436,0.011,str('intersection'),0.03,FALSE
3858,0.91,0,0.5,1.0,1,1,2608,3845,0.832,0.751,str('kl'),0.087,TRUE
3859,0.91,0,0.5,1.0,1,1,4541,1007,0.128,0.391,str('kl'),0.06,FALSE
3860,0.91,0,0.5,1.0,1,1,347,3730,0.602,0.632,str('intersection'),0.048,TRUE
3861,0.91,0,0.5,1.0,1,1,755,294,0.89,0.545,str('intersection'),0.02,FALSE
3862,0.91,0,0.5,1.0,1,1,4358,2568,0.37,0.288,str('kl'),0.099,TRUE
3863,0.91,0,0.5,1.0,1,1,3494,2284,0.668,0.913,str('kl'),0.07,FALSE
3864,0.91,0,0.5,1.0,1,1,1472,4870,0.07,0.157,str('intersection'),0.036,TRUE
3865,0.91,0,0.5,1.0,1,1,1627,883,0.739,0.348,str('kl'),0.053,FALSE
3866,0.91,0,0.5,1.0,1,1,3339,3138,0.032,0.606,str('intersection'),0.065,TRUE
3867,0.91,0,0.5,1.0,1,1,3888,1701,0.946,0.222,str('intersection'),0.083,FALSE
3868,0.91,0,0.5,1.0,1,1,1225,4269,0.285,0.978,str('kl'),0.025,TRUE
3869,0.91,0,0.5,1.0,1,1,192,2082,0.215,0.815,str('kl'),0.043,FALSE
3870,0.91,0,0.5,1.0,1,1,4696,4512,0.549,0.074,str('intersection'),0.077,TRUE
3871,0.91,0,0.5,1.0,1,1,3078,327,0.476,0.692,str('intersection'),0.093,FALSE
3872,0.91,0,0.5,1.0,1,1,2138,3180,0.719,0.057,str('intersection'),0.096,TRUE
3873,0.91,0,0.5,1.0,1,1,2029,766,0.457,0.598,str('kl'),0.038,TRUE
3874,0.91,0,0.5,1.0,1,1,3093,3334,0.81,0.357,str('intersection'),0.071,FALSE
3875,0.91,0,0.5,1.0,1,1,4759,1818,0.227,0.97,str('intersection'),0.097,TRUE
3876,0.91,0,0.5,1.0,1,1,198,4074,0.502,0.23,str('kl'),0.019,FALSE
3877,0.91,0,0.5,1.0,1,1,1201,1886,0.993,0.066,str('kl'),0.048,TRUE
3878,0.91,0,0.5,1.0,1,1,3844,4630,0.266,0.823,str('intersection'),0.058,FALSE
3879,0.91,0,0.5,1.0,1,1,3305,522,0.693,0.443,str('intersection'),0.087,TRUE
3880,0.91,0,0.5,1.0,1,1,1573,2954,0.044,0.7,str('kl'),0.032,FALSE
3881,0.91,0,0.5,1.0,1,1,1418,1316,0.655,0.759,str('intersection'),0.015,TRUE
3882,0.91,0,0.5,1.0,1,1,3460,4041,0.115,0.003,str('kl'),0.093,FALSE
3883,0.91,0,0.5,1.0,1,1,4314,1123,0.909,0.64,str('kl'),0.075,TRUE
3884,0.91,0,0.5,1.0,1,1,731,3536,0.322,0.383,str('intersection'),0.042,FALSE
3885,0.91,1,0.5,0.7686217868402409,0,2,353,98,0.174,0.296,str('intersection'),0.025,TRUE
3886,0.91,0,0.5,1.0,1,1,4604,2686,0.589,0.537,str('kl'),0.081,FALSE
3887,0.91,0,0.5,1.0,1,1,2623,2478,0.388,0.165,str('kl'),0.065,TRUE
3888,0.91,0,0.5,1.0,1,1,2256,2774,0.261,0.133,str('intersection'),0.09,TRUE
3889,0.91,0,0.5,1.0,1,1,2295,2320,0.083,0.498,str('kl'),0.079,FALSE
3890,0.91,0,0.5,1.0,1,1,2750,4907,0.681,0.739,str('intersection'),0.022,TRUE
3891,0.91,0,0.5,1.0,1,1,4400,248,0.359,0.122,str('intersection'),0.051,FALSE
3892,0.91,0,0.5,1.0,1,1,480,2522,0.88,0.862,str('kl'),0.063,TRUE
3893,0.91,0,0.5,1.0,1,1,936,960,0.623,0.962,str('kl'),0.092,FALSE
3894,0.91,0,0.5,1.0,1,1,4187,3684,0.149,0.206,str('intersection'),0.012,TRUE
3895,0.91,0,0.5,1.0,1,1,3666,1471,0.813,0.59,str('intersection'),0.038,FALSE
3896,0.91,0,0.5,1.0,1,1,1292,3882,0.418,0.332,str('kl'),0.073,TRUE
3897,0.91,0,0.5,1.0,1,1,1760,368,0.773,0.142,str('intersection'),0.056,FALSE
3898,0.91,0,0.5,1.0,1,1,3198,3111,0.487,0.898,str('kl'),0.044,TRUE
3899,0.91,0,0.5,1.0,1,1,4030,2050,0.536,0.272,str('kl'),0.029,FALSE
3900,0.91,0,0.5,1.0,1,1,1094,4481,0.203,0.53,str('intersection'),0.086,TRUE
3901,0.91,0,0.5,1.0,1,1,12,1669,0.304,0.678,str('intersection'),0.069,FALSE
3902,0.91,0,0.5,1.0,1,1,4867,4237,0.965,0.437,str('kl'),0.034,TRUE
3903,0.91,0,0.5,1.0,1,1,2908,925,0.011,0.797,str('kl'),0.016,FALSE
3904,0.91,0,0.5,1.0,1,1,2982,1604,0.6,0.023,str('kl'),0.059,TRUE
3905,0.91,0,0.5,1.0,1,1,1897,4368,0.138,0.779,str('intersection'),0.049,FALSE
3906,0.91,0,0.5,1.0,1,1,2101,1768,0.929,0.316,str('kl'),0.084,FALSE
3907,0.91,0,0.5,1.0,1,1,2855,4219,0.331,0.573,str('intersection'),0.027,TRUE
3908,0.91,0,0.5,1.0,1,1,4997,633,0.629,0.193,str('intersection'),0.046,FALSE
3909,0.91,0,0.5,1.0,1,1,125,3396,0.108,0.949,str('kl'),0.058,TRUE
3910,0.91,0,0.5,1.0,1,1,958,585,0.397,0.848,str('kl'),0.097,FALSE
3911,0.91,0,0.5,1.0,1,1,3920,2820,0.871,0.107,str('intersection'),0.017,TRUE
3912,0.91,0,0.5,1.0,1,1,3228,2032,0.167,0.721,str('intersection'),0.033,FALSE
3913,0.91,0,0.5,1.0,1,1,1816,4580,0.563,0.479,str('kl'),0.067,TRUE
3914,0.91,0,0.5,1.0,1,1,1346,1213,0.238,0.046,str('intersection'),0.062,FALSE
3915,0.91,0,0.5,1.0,1,1,3698,3507,0.524,0.787,str('kl'),0.05,TRUE
3916,0.91,0,0.5,1.0,1,1,4075,1332,0.453,0.414,str('kl'),0.023,FALSE
3917,0.91,0,0.5,1.0,1,1,803,3939,0.786,0.656,str('intersection'),0.08,TRUE
3918,0.91,0,0.5,1.0,1,1,595,2377,0.716,0.509,str('intersection'),0.075,FALSE
3919,0.91,0,0.5,1.0,1,1,4527,4769,0.055,0.252,str('kl'),0.04,TRUE
3920,0.91,0,0.5,1.0,1,1,2524,1854,0.778,0.647,str('kl'),0.028,TRUE
3921,0.91,0,0.5,1.0,1,1,2355,4128,0.491,0.406,str('intersection'),0.083,FALSE
3922,0.91,0,0.5,1.0,1,1,2365,234,0.562,0.713,str('kl'),0.043,TRUE
3923,0.91,0,0.5,1.0,1,1,2515,2627,0.209,0.456,str('intersection'),0.076,FALSE
3924,0.91,0,0.5,1.0,1,1,4635,2223,0.753,0.839,str('intersection'),0.092,TRUE
3925,0.91,0,0.5,1.0,1,1,410,4928,0.478,0.083,str('kl'),0.014,FALSE
3926,0.91,0,0.5,1.0,1,1,696,1491,0.018,0.248,str('kl'),0.053,TRUE
3927,0.91,0,0.5,1.0,1,1,4262,3786,0.745,0.989,str('intersection'),0.064,FALSE
3928,0.91,0,0.5,1.0,1,1,3591,1063,0.295,0.371,str('intersection'),0.082,TRUE
3929,0.91,0,0.5,1.0,1,1,1532,3671,0.944,0.613,str('kl'),0.027,FALSE
3930,0.91,0,0.5,1.0,1,1,1690,2180,0.364,0.928,str('intersection'),0.021,TRUE
3931,0.91,0,0.5,1.0,1,1,3434,4417,0.904,0.187,str('kl'),0.099,FALSE
3932,0.91,0,0.5,1.0,1,1,3794,425,0.072,0.548,str('kl'),0.069,TRUE
3933,0.91,0,0.5,1.0,1,1,1163,2974,0.659,0.306,str('intersection'),0.036,FALSE
3934,0.91,0,0.5,1.0,1,1,253,787,0.838,0.392,str('intersection'),0.031,TRUE
3935,0.91,0,0.5,1.0,1,1,4793,3238,0.423,0.649,str('kl'),0.086,FALSE
3936,0.91,0,0.5,1.0,1,1,2884,299,0.651,0.265,str('kl'),0.077,FALSE
3937,0.91,0,0.5,1.0,1,1,2072,2555,0.111,0.506,str('intersection'),0.042,TRUE
3938,0.91,1,0.5,0.7686217868402409,0,2,1888,142,0.816,0.09,str('kl'),0.089,TRUE
3939,0.91,0,0.5,1.0,1,1,2992,2709,0.42,0.831,str('intersection'),0.011,FALSE
3940,0.91,0,0.5,1.0,1,1,4783,2443,0.617,0.467,str('intersection'),0.041,TRUE
3941,0.91,0,0.5,1.0,1,1,263,4698,0.144,0.708,str('kl'),0.074,FALSE
3942,0.91,0,0.5,1.0,1,1,1134,1262,0.354,0.621,str('kl'),0.079,TRUE
3943,0.91,0,0.5,1.0,1,1,3824,4005,0.874,0.364,str('intersection'),0.024,FALSE
3944,0.91,1,0.5,0.7686217868402409,0,2,3405,1147,0.085,0.993,str('intersection'),0.05,TRUE
3945,0.91,0,0.5,1.0,1,1,1719,3578,0.683,0.237,str('kl'),0.061,FALSE
3946,0.91,0,0.5,1.0,1,1,1562,1942,0.016,0.304,str('intersection'),0.067,TRUE
3947,0.91,1,0.5,0.7686217868402409,0,2,3562,4665,0.723,0.561,str('kl'),0.034,FALSE
3948,0.91,0,0.5,1.0,1,1,4291,499,0.3,0.173,str('kl'),0.018,TRUE
3949,0.91,0,0.5,1.0,1,1,666,2910,0.961,0.93,str('intersection'),0.096,FALSE
3950,0.91,0,0.5,1.0,1,1,420,724,0.532,0.766,str('intersection'),0.057,TRUE
3951,0.91,0,0.5,1.0,1,1,4625,3311,0.199,0.026,str('kl'),0.046,FALSE
3952,0.91,0,0.5,1.0,1,1,2760,695,0.361,0.423,str('kl'),0.072,FALSE
3953,0.91,0,0.5,1.0,1,1,2285,3400,0.901,0.68,str('intersection'),0.037,TRUE
3954,0.91,0,0.5,1.0,1,1,2227,1695,0.691,0.939,str('kl'),0.048,FALSE
3955,0.91,0,0.5,1.0,1,1,2729,4283,0.042,0.199,str('intersection'),0.06,TRUE
3956,0.91,0,0.5,1.0,1,1,4498,872,0.999,0.567,str('intersection'),0.087,FALSE
3957,0.91,0,0.5,1.0,1,1,625,3147,0.272,0.326,str('kl'),0.03,TRUE
3958,0.91,0,0.5,1.0,1,1,793,335,0.232,0.474,str('kl'),0.036,FALSE
3959,0.91,0,0.5,1.0,1,1,4085,3060,0.508,0.731,str('intersection'),0.07,TRUE
3960,0.91,0,0.5,1.0,1,1,3689,2095,0.455,0.098,str('intersection'),0.1,FALSE
3961,0.91,0,0.5,1.0,1,1,1356,4507,0.808,0.854,str('kl'),0.02,TRUE
3962,0.91,0,0.5,1.0,1,1,1826,993,0.384,0.671,str('intersection'),0.026,FALSE
3963,0.91,0,0.5,1.0,1,1,3219,3737,0.846,0.414,str('kl'),0.083,TRUE
3964,0.91,0,0.5,1.0,1,1,3930,1425,0.177,0.79,str('kl'),0.064,FALSE
3965,0.91,0,0.5,1.0,1,1,948,3856,0.593,0.034,str('intersection'),0.052,TRUE
3966,0.91,0,0.5,1.0,1,1,155,2294,0.912,0.134,str('intersection'),0.013,FALSE
3967,0.91,0,0.5,1.0,1,1,4968,4862,0.326,0.874,str('kl'),0.093,TRUE
3968,0.91,0,0.5,1.0,1,1,4730,2612,0.782,0.165,str('kl'),0.052,FALSE
3969,0.91,0,0.5,1.0,1,1,3122,2230,0.241,0.541,str('kl'),0.022,TRUE
3970,0.91,0,0.5,1.0,1,1,2000,4992,0.528,0.284,str('intersection'),0.078,FALSE
3971,0.91,0,0.5,1.0,1,1,2128,2392,0.29,0.871,str('kl'),0.054,FALSE
3972,0.91,0,0.5,1.0,1,1,2918,4844,0.939,0.114,str('intersection'),0.066,TRUE
3973,0.91,0,0.5,1.0,1,1,22,2772,0.748,0.487,str('kl'),0.024,TRUE
3974,0.91,0,0.5,1.0,1,1,1065,1209,0.756,0.34,str('kl'),0.042,FALSE
3975,0.91,0,0.5,1.0,1,1,4059,3445,0.481,0.582,str('intersection'),0.076,TRUE
3976,0.91,0,0.5,1.0,1,1,3169,1407,0.557,0.217,str('intersection'),0.094,FALSE
3977,0.91,0,0.5,1.0,1,1,1789,3956,0.204,0.958,str('kl'),0.014,TRUE
3978,0.91,0,0.5,1.0,1,1,1321,587,0.597,0.517,str('intersection'),0.031,FALSE
3979,0.91,0,0.5,1.0,1,1,3636,2883,0.135,0.275,str('kl'),0.088,TRUE
3980,0.91,0,0.5,1.0,1,1,4217,1957,0.842,0.897,str('kl'),0.059,FALSE
3981,0.91,0,0.5,1.0,1,1,907,4565,0.427,0.156,str('intersection'),0.047,TRUE
3982,0.91,0,0.5,1.0,1,1,489,1752,0.076,0.054,str('intersection'),0.019,FALSE
3983,0.91,0,0.5,1.0,1,1,4390,4144,0.663,0.811,str('kl'),0.098,TRUE
3984,0.91,0,0.5,1.0,1,1,4570,4606,0.822,0.697,str('intersection'),0.01,TRUE
3985,0.91,0,0.5,1.0,1,1,2579,556,0.153,0.068,str('intersection'),0.04,FALSE
3986,0.91,0,0.5,1.0,1,1,2456,2851,0.615,0.824,str('kl'),0.074,TRUE
3987,0.91,0,0.5,1.0,1,1,2470,859,0.172,0.225,str('kl'),0.095,TRUE
3988,0.91,0,0.5,1.0,1,1,2652,3250,0.568,0.981,str('intersection'),0.017,FALSE
3989,0.91,0,0.5,1.0,1,1,4575,1599,0.394,0.347,str('intersection'),0.035,TRUE
3990,0.91,0,0.5,1.0,1,1,382,4303,0.868,0.604,str('kl'),0.068,FALSE
3991,0.91,0,0.5,1.0,1,1,721,2116,0.626,0.69,str('kl'),0.085,TRUE
3992,0.91,0,0.5,1.0,1,1,4323,4410,0.106,0.448,str('intersection'),0.03,FALSE
3993,0.91,0,0.5,1.0,1,1,3451,439,0.934,0.817,str('intersection'),0.045,TRUE
3994,0.91,0,0.5,1.0,1,1,1428,3046,0.336,0.076,str('kl'),0.055,FALSE
3995,0.91,0,0.5,1.0,1,1,1583,1556,0.972,0.383,str('intersection'),0.072,TRUE
3996,0.91,0,0.5,1.0,1,1,3296,3791,0.265,0.625,str('kl'),0.039,FALSE
3997,0.91,0,0.5,1.0,1,1,3853,1051,0.711,0.015,str('kl'),0.013,TRUE
3998,0.91,0,0.5,1.0,1,1,1191,3599,0.051,0.756,str('intersection'),0.091,FALSE
3999,0.91,1,0.5,0.7686217868402409,0,2,227,162,0.448,0.921,str('intersection'),0.062,TRUE
4000,0.91,0,0.5,1.0,1,1,4911,3640,0.701,0.332,str('intersection'),0.06,FALSE
4001,0.91,0,0.5,1.0,1,1,2942,1524,0.277,0.966,str('intersection'),0.086,TRUE
4002,0.91,0,0.5,1.0,1,1,2172,3760,0.985,0.209,str('kl'),0.031,FALSE
4003,0.91,0,0.5,1.0,1,1,1986,1360,0.193,0.633,str('intersection'),0.057,FALSE
4004,0.91,0,0.5,1.0,1,1,3049,3909,0.546,0.376,str('kl'),0.045,TRUE
4005,0.91,0,0.5,1.0,1,1,4725,1245,0.493,0.763,str('kl'),0.027,FALSE
4006,0.91,0,0.5,1.0,1,1,163,3482,0.768,0.007,str('intersection'),0.084,TRUE
4007,0.92,3,1.0,0.5372435736804817,1,1,1235,44,0.729,0.172,str('intersection'),0.067,FALSE
4008,0.91,0,0.5,1.0,1,1,3878,2808,0.002,0.913,str('kl'),0.033,TRUE
4009,0.91,0,0.5,1.0,1,1,3349,2346,0.959,0.291,str('kl'),0.018,FALSE
4010,0.91,0,0.5,1.0,1,1,1617,4798,0.31,0.533,str('intersection'),0.097,TRUE
4011,0.91,0,0.5,1.0,1,1,1462,663,0.888,0.973,str('kl'),0.08,FALSE
4012,0.91,0,0.5,1.0,1,1,3504,3368,0.348,0.232,str('intersection'),0.023,TRUE
4013,0.91,0,0.5,1.0,1,1,4348,1794,0.674,0.597,str('intersection'),0.049,FALSE
4014,0.91,0,0.5,1.0,1,1,765,4186,0.087,0.355,str('kl'),0.061,TRUE
4015,0.91,0,0.5,1.0,1,1,318,1998,0.407,0.441,str('kl'),0.09,FALSE
4016,0.91,0,0.5,1.0,1,1,4120,755,0.218,0.317,str('intersection'),0.093,TRUE
4017,0.91,0,0.5,1.0,1,1,2665,1900,0.734,0.846,str('intersection'),0.081,TRUE
4018,0.91,0,0.5,1.0,1,1,2223,4624,0.026,0.106,str('kl'),0.025,FALSE
4019,0.91,0,0.5,1.0,1,1,2329,393,0.315,0.267,str('intersection'),0.014,TRUE
4020,0.91,0,0.5,1.0,1,1,2785,2999,0.914,0.524,str('kl'),0.092,FALSE
4021,0.91,0,0.5,1.0,1,1,4443,2153,0.124,0.148,str('kl'),0.077,TRUE
4022,0.91,0,0.5,1.0,1,1,524,4447,0.645,0.905,str('intersection'),0.043,FALSE
4023,0.91,0,0.5,1.0,1,1,893,1635,0.855,0.803,str('intersection'),0.026,TRUE
4024,0.91,0,0.5,1.0,1,1,4143,4339,0.382,0.062,str('kl'),0.082,FALSE
4025,0.91,0,0.5,1.0,1,1,3632,813,0.579,0.672,str('kl'),0.064,TRUE
4026,0.91,0,0.5,1.0,1,1,1257,3204,0.183,0.43,str('intersection'),0.054,FALSE
4027,0.91,0,0.5,1.0,1,1,1725,2198,0.509,0.122,str('kl'),0.037,TRUE
4028,0.91,0,0.5,1.0,1,1,3164,4960,0.223,0.863,str('intersection'),0.07,FALSE
4029,0.91,1,0.5,0.7686217868402409,0,2,3986,204,0.802,0.494,str('intersection'),0.099,TRUE
4030,0.91,0,0.5,1.0,1,1,1050,2654,0.469,0.736,str('kl'),0.021,FALSE
4031,0.91,0,0.5,1.0,1,1,57,1092,0.04,0.589,str('kl'),0.049,TRUE
4032,0.91,0,0.5,1.0,1,1,3760,2325,0.338,0.716,str('intersection'),0.044,FALSE
4033,0.91,0,0.5,1.0,1,1,1130,4894,0.925,0.459,str('kl'),0.056,TRUE
4034,0.91,0,0.5,1.0,1,1,287,1457,0.574,0.372,str('kl'),0.095,FALSE
4035,0.91,0,0.5,1.0,1,1,4827,3888,0.159,0.613,str('intersection'),0.016,TRUE
4036,0.91,0,0.5,1.0,1,1,3026,951,0.866,0.245,str('intersection'),0.035,FALSE
4037,0.91,0,0.5,1.0,1,1,1941,3695,0.404,0.986,str('kl'),0.069,TRUE
4038,0.91,0,0.5,1.0,1,1,2068,1111,0.665,0.422,str('intersection'),0.02,TRUE
4039,0.91,0,0.5,1.0,1,1,2820,3541,0.067,0.663,str('kl'),0.098,FALSE
4040,0.91,0,0.5,1.0,1,1,4953,1308,0.895,0.042,str('kl'),0.071,TRUE
4041,0.91,0,0.5,1.0,1,1,81,4051,0.374,0.782,str('intersection'),0.038,FALSE
4042,0.91,0,0.5,1.0,1,1,1002,2490,0.133,0.882,str('intersection'),0.032,TRUE
4043,0.91,0,0.5,1.0,1,1,3965,4745,0.606,0.126,str('kl'),0.088,FALSE
4044,0.91,1,0.5,0.7686217868402409,0,2,3263,105,0.433,0.514,str('kl'),0.058,TRUE
4045,0.91,0,0.5,1.0,1,1,1850,2672,0.829,0.256,str('intersection'),0.048,FALSE
4046,0.91,0,0.5,1.0,1,1,1380,1812,0.471,0.191,str('kl'),0.042,TRUE
4047,0.91,0,0.5,1.0,1,1,3732,4087,0.757,0.947,str('intersection'),0.075,FALSE
4048,0.91,0,0.5,1.0,1,1,4227,745,0.252,0.575,str('intersection'),0.07,TRUE
4049,0.91,0,0.5,1.0,1,1,661,3352,0.979,0.317,str('kl'),0.035,FALSE
4050,0.91,0,0.5,1.0,1,1,444,540,0.519,0.482,str('kl'),0.03,TRUE
4051,0.91,0,0.5,1.0,1,1,4669,2933,0.244,0.723,str('intersection'),0.087,FALSE
4052,0.91,0,0.5,1.0,1,1,2558,1909,0.796,0.106,str('intersection'),0.06,TRUE
4053,0.91,0,0.5,1.0,1,1,2408,4614,0.443,0.846,str('kl'),0.048,FALSE
4054,0.91,0,0.5,1.0,1,1,2408,2058,0.795,0.553,str('intersection'),0.063,FALSE
4055,0.91,0,0.5,1.0,1,1,2559,4471,0.442,0.312,str('kl'),0.051,TRUE
4056,0.91,0,0.5,1.0,1,1,4669,381,0.518,0.922,str('kl'),0.021,FALSE
4057,0.91,0,0.5,1.0,1,1,445,3106,0.243,0.181,str('intersection'),0.078,TRUE
4058,0.91,0,0.5,1.0,1,1,662,918,0.251,0.018,str('intersection'),0.073,FALSE
4059,0.91,0,0.5,1.0,1,1,4227,3194,0.978,0.774,str('kl'),0.038,TRUE
4060,0.91,0,0.5,1.0,1,1,3548,1658,0.06,0.398,str('kl'),0.012,FALSE
4061,0.91,0,0.5,1.0,1,1,1488,4246,0.709,0.655,str('intersection'),0.091,TRUE
4062,0.91,0,0.5,1.0,1,1,1646,258,0.1,0.839,str('kl'),0.085,FALSE
4063,0.91,0,0.5,1.0,1,1,3390,2514,0.64,0.083,str('intersection'),0.028,TRUE
4064,0.91,0,0.5,1.0,1,1,3965,2336,0.132,0.459,str('intersection'),0.023,FALSE
4065,0.91,0,0.5,1.0,1,1,1002,4883,0.606,0.716,str('kl'),0.079,TRUE
4066,0.91,0,0.5,1.0,1,1,82,1447,0.894,0.613,str('kl'),0.074,FALSE
4067,0.91,0,0.5,1.0,1,1,4954,3898,0.374,0.372,str('intersection'),0.041,TRUE
4068,0.91,0,0.5,1.0,1,1,2821,942,0.664,0.985,str('intersection'),0.011,FALSE
4069,0.91,0,0.5,1.0,1,1,2068,3704,0.066,0.245,str('kl'),0.089,TRUE
4070,0.91,0,0.5,1.0,1,1,1940,1100,0.865,0.663,str('intersection'),0.043,TRUE
4071,0.91,0,0.5,1.0,1,1,3026,3552,0.403,0.422,str('kl'),0.077,FALSE
4072,0.91,0,0.5,1.0,1,1,4826,1298,0.573,0.782,str('kl'),0.093,TRUE
4073,0.91,0,0.5,1.0,1,1,287,4061,0.158,0.042,str('intersection'),0.013,FALSE
4074,0.91,0,0.5,1.0,1,1,1129,2499,0.337,0.126,str('intersection'),0.052,TRUE
4075,0.91,0,0.5,1.0,1,1,3759,4735,0.924,0.882,str('kl'),0.064,FALSE
4076,0.91,1,0.5,0.7686217868402409,0,2,3390,114,0.099,0.256,str('kl'),0.083,TRUE
4077,0.91,0,0.5,1.0,1,1,1645,2663,0.639,0.514,str('intersection'),0.026,FALSE
4078,0.91,0,0.5,1.0,1,1,1488,1802,0.061,0.947,str('kl'),0.021,TRUE
4079,0.91,0,0.5,1.0,1,1,3547,4097,0.71,0.191,str('intersection'),0.1,FALSE
4080,0.91,0,0.5,1.0,1,1,4143,1784,0.857,0.355,str('intersection'),0.029,FALSE
4081,0.91,0,0.5,1.0,1,1,892,4195,0.383,0.597,str('kl'),0.085,TRUE
4082,0.91,0,0.5,1.0,1,1,523,2009,0.126,0.698,str('kl'),0.068,FALSE
4083,0.91,0,0.5,1.0,1,1,4443,4595,0.646,0.44,str('intersection'),0.035,TRUE
4084,0.91,0,0.5,1.0,1,1,2784,566,0.317,0.824,str('intersection'),0.017,FALSE
4085,0.91,0,0.5,1.0,1,1,2329,2841,0.915,0.068,str('kl'),0.095,TRUE
4086,0.91,0,0.5,1.0,1,1,2223,2069,0.735,0.312,str('intersection'),0.083,FALSE
4087,0.91,0,0.5,1.0,1,1,2666,4460,0.028,0.553,str('kl'),0.028,TRUE
4088,0.91,0,0.5,1.0,1,1,4484,391,0.949,0.181,str('kl'),0.046,FALSE
4089,0.91,0,0.5,1.0,1,1,552,3095,0.289,0.922,str('intersection'),0.057,TRUE
4090,0.91,0,0.5,1.0,1,1,847,909,0.218,0.774,str('intersection'),0.096,FALSE
4091,0.91,0,0.5,1.0,1,1,4120,3203,0.552,0.018,str('kl'),0.018,TRUE
4092,0.91,0,0.5,1.0,1,1,3733,1649,0.472,0.655,str('kl'),0.034,FALSE
4093,0.91,0,0.5,1.0,1,1,1381,4255,0.759,0.398,str('intersection'),0.067,TRUE
4094,0.91,0,0.5,1.0,1,1,1851,269,0.432,0.082,str('kl'),0.061,FALSE
4095,0.91,0,0.5,1.0,1,1,3263,2504,0.828,0.839,str('intersection'),0.051,TRUE
4096,0.91,0,0.5,1.0,1,1,3878,213,0.728,0.736,str('intersection'),0.076,TRUE
4097,0.91,0,0.5,1.0,1,1,1236,2645,0.001,0.494,str('kl'),0.041,FALSE
4098,0.91,0,0.5,1.0,1,1,163,1082,0.492,0.332,str('kl'),0.024,TRUE
4099,0.91,0,0.5,1.0,1,1,4726,3650,0.767,0.589,str('intersection'),0.081,FALSE
4100,0.91,0,0.5,1.0,1,1,3049,1514,0.192,0.209,str('intersection'),0.066,TRUE
4101,0.91,0,0.5,1.0,1,1,1986,3770,0.545,0.965,str('kl'),0.054,FALSE
4102,0.91,0,0.5,1.0,1,1,2171,1351,0.277,0.376,str('intersection'),0.078,FALSE
4103,0.91,0,0.5,1.0,1,1,2942,3918,0.984,0.633,str('kl'),0.023,TRUE
4104,0.91,0,0.5,1.0,1,1,4910,1236,0.039,0.007,str('kl'),0.052,FALSE
4105,0.91,0,0.5,1.0,1,1,56,3491,0.699,0.763,str('intersection'),0.062,TRUE
4106,0.91,1,0.5,0.7686217868402409,0,2,1050,55,0.801,0.913,str('intersection'),0.091,FALSE
4107,0.91,0,0.5,1.0,1,1,3985,2798,0.467,0.172,str('kl'),0.013,TRUE
4108,0.91,0,0.5,1.0,1,1,3164,2357,0.509,0.533,str('kl'),0.039,FALSE
4109,0.91,0,0.5,1.0,1,1,1724,4787,0.222,0.291,str('intersection'),0.072,TRUE
4110,0.91,0,0.5,1.0,1,1,1257,654,0.58,0.232,str('kl'),0.055,FALSE
4111,0.91,0,0.5,1.0,1,1,3631,3377,0.184,0.973,str('intersection'),0.045,TRUE
4112,0.91,0,0.5,1.0,1,1,4324,1967,0.626,0.156,str('kl'),0.082,FALSE
4113,0.91,0,0.5,1.0,1,1,722,4554,0.105,0.897,str('intersection'),0.026,TRUE
4114,0.91,0,0.5,1.0,1,1,383,1743,0.394,0.81,str('intersection'),0.044,FALSE
4115,0.91,0,0.5,1.0,1,1,4575,4154,0.867,0.055,str('kl'),0.077,TRUE
4116,0.91,0,0.5,1.0,1,1,2653,686,0.171,0.68,str('kl'),0.092,FALSE
4117,0.91,0,0.5,1.0,1,1,2471,3409,0.567,0.423,str('intersection'),0.014,TRUE
4118,0.91,0,0.5,1.0,1,1,2456,402,0.154,0.524,str('intersection'),0.037,TRUE
4119,0.91,0,0.5,1.0,1,1,2579,2990,0.616,0.267,str('kl'),0.072,FALSE
4120,0.91,0,0.5,1.0,1,1,4571,2162,0.408,0.905,str('kl'),0.098,TRUE
4121,0.91,0,0.5,1.0,1,1,319,4438,0.823,0.149,str('intersection'),0.018,FALSE
4122,0.91,0,0.5,1.0,1,1,766,1625,0.675,0.062,str('intersection'),0.047,TRUE
4123,0.91,0,0.5,1.0,1,1,4348,4349,0.088,0.803,str('kl'),0.059,FALSE
4124,0.91,0,0.5,1.0,1,1,3505,802,0.889,0.431,str('kl'),0.088,TRUE
4125,0.91,0,0.5,1.0,1,1,1463,3215,0.349,0.672,str('intersection'),0.031,FALSE
4126,0.91,0,0.5,1.0,1,1,1618,2207,0.958,0.863,str('kl'),0.014,TRUE
4127,0.91,1,0.5,0.7686217868402409,0,2,3350,4951,0.309,0.122,str('intersection'),0.094,FALSE
4128,0.91,0,0.5,1.0,1,1,4059,1040,0.756,0.756,str('kl'),0.033,TRUE
4129,0.91,0,0.5,1.0,1,1,1064,3609,0.482,0.015,str('intersection'),0.067,FALSE
4130,0.91,1,0.5,0.7686217868402409,0,2,21,171,0.022,0.165,str('intersection'),0.084,TRUE
4131,0.91,0,0.5,1.0,1,1,4857,2603,0.749,0.921,str('kl'),0.028,FALSE
4132,0.91,0,0.5,1.0,1,1,2917,2239,0.291,0.283,str('kl'),0.045,TRUE
4133,0.91,0,0.5,1.0,1,1,2127,4983,0.94,0.541,str('intersection'),0.057,FALSE
4134,0.91,0,0.5,1.0,1,1,2001,2403,0.243,0.115,str('kl'),0.03,FALSE
4135,0.91,0,0.5,1.0,1,1,3123,4833,0.529,0.87,str('intersection'),0.086,TRUE
4136,0.91,1,0.5,0.7686217868402409,0,2,4730,18,0.449,0.487,str('intersection'),0.06,FALSE
4137,0.91,0,0.5,1.0,1,1,227,2761,0.782,0.744,str('kl'),0.049,TRUE
4138,0.91,0,0.5,1.0,1,1,1192,1200,0.712,0.582,str('kl'),0.021,FALSE
4139,0.91,0,0.5,1.0,1,1,3854,3454,0.051,0.34,str('intersection'),0.099,TRUE
4140,0.91,0,0.5,1.0,1,1,3296,1398,0.973,0.958,str('intersection'),0.069,FALSE
4141,0.91,0,0.5,1.0,1,1,1583,3965,0.266,0.217,str('kl'),0.036,TRUE
4142,0.91,0,0.5,1.0,1,1,1428,598,0.934,0.275,str('intersection'),0.053,FALSE
4143,0.91,0,0.5,1.0,1,1,3451,2872,0.335,0.517,str('kl'),0.064,TRUE
4144,0.91,0,0.5,1.0,1,1,4086,508,0.232,0.93,str('kl'),0.039,TRUE
4145,0.91,0,0.5,1.0,1,1,794,2901,0.506,0.173,str('intersection'),0.073,FALSE
4146,0.91,0,0.5,1.0,1,1,625,713,0.998,0.026,str('intersection'),0.078,TRUE
4147,0.91,0,0.5,1.0,1,1,4498,3321,0.271,0.766,str('kl'),0.021,FALSE
4148,0.91,0,0.5,1.0,1,1,2730,1843,0.69,0.406,str('kl'),0.051,TRUE
4149,0.91,0,0.5,1.0,1,1,2228,4138,0.041,0.647,str('intersection'),0.063,FALSE
4150,0.91,0,0.5,1.0,1,1,2285,849,0.36,0.98,str('kl'),0.074,TRUE
4151,0.91,0,0.5,1.0,1,1,2760,3261,0.9,0.225,str('intersection'),0.04,FALSE
4152,0.91,0,0.5,1.0,1,1,4389,1589,0.075,0.605,str('intersection'),0.011,TRUE
4153,0.91,0,0.5,1.0,1,1,489,4313,0.662,0.347,str('kl'),0.09,FALSE
4154,0.91,0,0.5,1.0,1,1,906,2125,0.841,0.448,str('kl'),0.062,TRUE
4155,0.91,0,0.5,1.0,1,1,4216,4401,0.426,0.69,str('intersection'),0.05,FALSE
4156,0.91,0,0.5,1.0,1,1,3636,449,0.596,0.076,str('intersection'),0.023,TRUE
4157,0.91,0,0.5,1.0,1,1,1321,3036,0.134,0.817,str('kl'),0.08,FALSE
4158,0.91,0,0.5,1.0,1,1,1788,1545,0.558,0.625,str('intersection'),0.097,TRUE
4159,0.91,0,0.5,1.0,1,1,3168,3801,0.205,0.383,str('kl'),0.017,FALSE
4160,0.91,0,0.5,1.0,1,1,3823,1416,0.355,0.034,str('kl'),0.088,FALSE
4161,0.91,0,0.5,1.0,1,1,1133,3866,0.876,0.79,str('intersection'),0.032,TRUE
4162,0.91,0,0.5,1.0,1,1,262,2304,0.618,0.874,str('intersection'),0.038,FALSE
4163,0.91,0,0.5,1.0,1,1,4782,4852,0.145,0.134,str('kl'),0.071,TRUE
4164,0.91,0,0.5,1.0,1,1,2991,310,0.817,0.506,str('kl'),0.098,FALSE
4165,0.91,0,0.5,1.0,1,1,1887,2545,0.422,0.265,str('intersection'),0.02,TRUE
4166,0.91,1,0.5,0.7686217868402409,0,2,2073,151,0.652,0.831,str('kl'),0.069,TRUE
4167,0.91,0,0.5,1.0,1,1,2885,2700,0.112,0.091,str('intersection'),0.034,FALSE
4168,0.91,0,0.5,1.0,1,1,4968,2452,0.913,0.708,str('intersection'),0.016,TRUE
4169,0.91,0,0.5,1.0,1,1,155,4689,0.326,0.467,str('kl'),0.095,FALSE
4170,0.91,0,0.5,1.0,1,1,949,1252,0.178,0.364,str('kl'),0.056,TRUE
4171,0.91,0,0.5,1.0,1,1,3931,4015,0.593,0.621,str('intersection'),0.044,FALSE
4172,0.91,0,0.5,1.0,1,1,3219,1137,0.385,0.237,str('intersection'),0.028,TRUE
4173,0.91,0,0.5,1.0,1,1,1826,3588,0.847,0.994,str('kl'),0.085,FALSE
4174,0.91,0,0.5,1.0,1,1,1356,1951,0.454,0.561,str('intersection'),0.091,TRUE
4175,0.91,0,0.5,1.0,1,1,3689,4656,0.807,0.304,str('kl'),0.012,FALSE
4176,0.91,0,0.5,1.0,1,1,4261,1342,0.017,0.656,str('kl'),0.045,FALSE
4177,0.91,0,0.5,1.0,1,1,695,3930,0.744,0.414,str('intersection'),0.056,TRUE
4178,0.91,0,0.5,1.0,1,1,410,2367,0.752,0.252,str('intersection'),0.095,FALSE
4179,0.91,0,0.5,1.0,1,1,4635,4779,0.477,0.509,str('kl'),0.017,TRUE
4180,0.91,1,0.5,0.7686217868402409,0,2,2514,60,0.561,0.134,str('kl'),0.035,FALSE
4181,0.91,0,0.5,1.0,1,1,2364,2785,0.208,0.889,str('intersection'),0.068,TRUE
4182,0.91,0,0.5,1.0,1,1,2355,1685,0.777,0.199,str('kl'),0.025,FALSE
4183,0.91,0,0.5,1.0,1,1,2524,4292,0.491,0.939,str('intersection'),0.081,TRUE
4184,0.91,0,0.5,1.0,1,1,4625,863,0.531,0.325,str('intersection'),0.065,FALSE
4185,0.91,0,0.5,1.0,1,1,419,3156,0.198,0.567,str('kl'),0.055,TRUE
4186,0.91,0,0.5,1.0,1,1,666,345,0.299,0.731,str('kl'),0.015,FALSE
4187,0.91,0,0.5,1.0,1,1,4291,3049,0.96,0.474,str('intersection'),0.094,TRUE
4188,0.91,0,0.5,1.0,1,1,3562,2105,0.015,0.854,str('intersection'),0.075,FALSE
4189,0.91,0,0.5,1.0,1,1,1561,4497,0.723,0.098,str('kl'),0.042,TRUE
4190,0.91,0,0.5,1.0,1,1,1718,984,0.086,0.414,str('intersection'),0.047,FALSE
4191,0.91,0,0.5,1.0,1,1,3404,3746,0.685,0.671,str('kl'),0.058,TRUE
4192,0.91,0,0.5,1.0,1,1,3921,416,0.398,0.306,str('kl'),0.094,TRUE
4193,0.91,1,0.5,0.7686217868402409,0,2,959,2983,0.872,0.548,str('intersection'),0.015,FALSE
4194,0.91,0,0.5,1.0,1,1,126,797,0.63,0.649,str('intersection'),0.054,TRUE
4195,0.91,0,0.5,1.0,1,1,4998,3228,0.11,0.392,str('kl'),0.066,FALSE
4196,0.91,0,0.5,1.0,1,1,2856,1614,0.93,0.779,str('kl'),0.081,TRUE
4197,0.91,0,0.5,1.0,1,1,2102,4357,0.332,0.023,str('intersection'),0.025,FALSE
4198,0.91,0,0.5,1.0,1,1,1897,1778,0.601,0.573,str('kl'),0.063,FALSE
4199,0.91,0,0.5,1.0,1,1,2982,4209,0.139,0.316,str('intersection'),0.052,TRUE
4200,0.91,0,0.5,1.0,1,1,4792,642,0.839,0.949,str('intersection'),0.022,FALSE
4201,0.91,1,0.5,0.7686217868402409,0,2,252,3386,0.424,0.193,str('kl'),0.078,TRUE
4202,0.91,0,0.5,1.0,1,1,1163,574,0.073,0.107,str('kl'),0.072,FALSE
4203,0.91,0,0.5,1.0,1,1,3794,2830,0.66,0.848,str('intersection'),0.039,TRUE
4204,0.91,0,0.5,1.0,1,1,3433,2021,0.365,0.479,str('intersection'),0.012,FALSE
4205,0.91,0,0.5,1.0,1,1,1689,4590,0.905,0.721,str('kl'),0.09,TRUE
4206,0.91,0,0.5,1.0,1,1,1532,1222,0.294,0.787,str('intersection'),0.085,FALSE
4207,0.91,0,0.5,1.0,1,1,3591,3498,0.943,0.046,str('kl'),0.029,TRUE
4208,0.91,0,0.5,1.0,1,1,4187,1134,0.622,0.383,str('kl'),0.1,TRUE
4209,0.91,0,0.5,1.0,1,1,936,3525,0.148,0.64,str('intersection'),0.02,FALSE
4210,0.91,1,0.5,0.7686217868402409,0,2,479,89,0.359,0.537,str('intersection'),0.049,TRUE
4211,0.91,0,0.5,1.0,1,1,4399,2695,0.879,0.296,str('kl'),0.061,FALSE
4212,0.91,0,0.5,1.0,1,1,2750,2469,0.082,0.906,str('kl'),0.087,TRUE
4213,0.91,0,0.5,1.0,1,1,2295,4763,0.68,0.165,str('intersection'),0.03,FALSE
4214,0.91,2,0.5,0.6332742086579153,0,3,2257,225,0.968,0.455,str('kl'),0.019,TRUE
4215,0.91,0,0.5,1.0,1,1,2701,2636,0.261,0.713,str('intersection'),0.098,FALSE
4216,0.91,0,0.5,1.0,1,1,4528,2214,0.714,0.083,str('intersection'),0.071,TRUE
4217,0.91,0,0.5,1.0,1,1,596,4937,0.054,0.839,str('kl'),0.037,FALSE
4218,0.91,0,0.5,1.0,1,1,804,1501,0.451,0.989,str('kl'),0.032,TRUE
4219,0.91,0,0.5,1.0,1,1,4076,3775,0.785,0.248,str('intersection'),0.089,FALSE
4220,0.91,0,0.5,1.0,1,1,3699,1074,0.237,0.613,str('intersection'),0.059,TRUE
4221,0.91,0,0.5,1.0,1,1,1347,3660,0.524,0.371,str('kl'),0.047,FALSE
4222,0.91,0,0.5,1.0,1,1,1817,2171,0.168,0.187,str('intersection'),0.041,TRUE
4223,0.91,0,0.5,1.0,1,1,3229,4426,0.564,0.928,str('kl'),0.076,FALSE
4224,0.91,0,0.5,1.0,1,1,3844,2040,0.994,0.53,str('kl'),0.05,FALSE
4225,0.91,0,0.5,1.0,1,1,1202,4491,0.267,0.273,str('intersection'),0.061,TRUE
4226,0.91,0,0.5,1.0,1,1,198,1678,0.228,0.437,str('intersection'),0.089,FALSE
4227,0.91,0,0.5,1.0,1,1,4760,4227,0.503,0.678,str('kl'),0.011,TRUE
4228,0.91,0,0.5,1.0,1,1,3094,934,0.458,0.057,str('kl'),0.04,FALSE
4229,0.91,0,0.5,1.0,1,1,2030,3171,0.811,0.797,str('intersection'),0.073,TRUE
4230,0.91,0,0.5,1.0,1,1,2137,776,0.013,0.357,str('kl'),0.013,TRUE
4231,0.91,0,0.5,1.0,1,1,2907,3324,0.72,0.598,str('intersection'),0.092,FALSE
4232,0.91,0,0.5,1.0,1,1,4867,1828,0.305,0.23,str('intersection'),0.077,TRUE
4233,0.91,0,0.5,1.0,1,1,11,4064,0.965,0.97,str('kl'),0.043,FALSE
4234,0.91,0,0.5,1.0,1,1,1093,1877,0.537,0.823,str('kl'),0.026,TRUE
4235,0.91,0,0.5,1.0,1,1,4029,4639,0.203,0.066,str('intersection'),0.083,FALSE
4236,0.91,0,0.5,1.0,1,1,3198,513,0.775,0.7,str('intersection'),0.065,TRUE
4237,0.91,0,0.5,1.0,1,1,1759,2963,0.488,0.443,str('kl'),0.053,FALSE
4238,0.91,0,0.5,1.0,1,1,1291,1326,0.813,0.003,str('intersection'),0.036,TRUE
4239,0.91,0,0.5,1.0,1,1,3665,4030,0.417,0.759,str('kl'),0.07,FALSE
4240,0.91,3,0.5,0.5372435736804817,0,4,4358,121,0.892,0.114,str('intersection'),0.012,TRUE
4241,0.91,0,0.5,1.0,1,1,756,2727,0.371,0.87,str('kl'),0.091,FALSE
4242,0.91,0,0.5,1.0,1,1,348,1165,0.13,0.954,str('kl'),0.063,TRUE
4243,0.91,0,0.5,1.0,1,1,4541,3557,0.603,0.214,str('intersection'),0.051,FALSE
4244,0.91,0,0.5,1.0,1,1,2609,1285,0.438,0.582,str('intersection'),0.022,TRUE
4245,0.91,0,0.5,1.0,1,1,2427,3989,0.833,0.34,str('kl'),0.079,FALSE
4246,0.91,0,0.5,1.0,1,1,2500,2309,0.387,0.739,str('kl'),0.056,FALSE
4247,0.91,0,0.5,1.0,1,1,2624,4917,0.849,0.498,str('intersection'),0.046,TRUE
4248,0.91,0,0.5,1.0,1,1,4605,237,0.173,0.862,str('intersection'),0.028,FALSE
4249,0.91,0,0.5,1.0,1,1,353,2532,0.588,0.122,str('kl'),0.084,TRUE
4250,0.91,0,0.5,1.0,1,1,732,969,0.908,0.206,str('kl'),0.067,FALSE
4251,0.91,0,0.5,1.0,1,1,4314,3675,0.321,0.962,str('intersection'),0.034,TRUE
4252,0.91,0,0.5,1.0,1,1,3461,1480,0.654,0.333,str('intersection'),0.018,FALSE
4253,0.91,0,0.5,1.0,1,1,1418,3873,0.114,0.59,str('kl'),0.096,TRUE
4254,0.91,0,0.5,1.0,1,1,1573,358,0.694,0.899,str('intersection'),0.079,FALSE
4255,0.91,0,0.5,1.0,1,1,3306,3122,0.045,0.142,str('kl'),0.024,TRUE
4256,0.91,0,0.5,1.0,1,1,4014,1711,0.522,0.978,str('intersection'),0.058,FALSE
4257,0.91,0,0.5,1.0,1,1,1020,4259,0.247,0.222,str('kl'),0.048,TRUE
4258,0.91,0,0.5,1.0,1,1,66,2071,0.254,0.075,str('kl'),0.019,FALSE
4259,0.91,0,0.5,1.0,1,1,4900,4523,0.982,0.815,str('intersection'),0.097,TRUE
4260,0.91,0,0.5,1.0,1,1,2951,317,0.056,0.451,str('intersection'),0.071,FALSE
4261,0.91,0,0.5,1.0,1,1,2161,3080,0.705,0.692,str('kl'),0.038,TRUE
4262,0.91,0,0.5,1.0,1,1,1957,476,0.475,0.15,str('intersection'),0.096,TRUE
4263,0.91,0,0.5,1.0,1,1,3079,2926,0.762,0.89,str('kl'),0.016,FALSE
4264,0.91,0,0.5,1.0,1,1,4696,1924,0.214,0.28,str('kl'),0.034,TRUE
4265,0.91,0,0.5,1.0,1,1,193,4686,0.547,0.522,str('intersection'),0.068,FALSE
4266,0.91,0,0.5,1.0,1,1,1226,1874,0.945,0.687,str('intersection'),0.086,TRUE
4267,0.91,0,0.5,1.0,1,1,3888,4110,0.284,0.429,str('kl'),0.029,FALSE
4268,0.91,0,0.5,1.0,1,1,3340,740,0.739,0.805,str('kl'),0.044,TRUE
4269,0.91,0,0.5,1.0,1,1,1628,3287,0.031,0.049,str('intersection'),0.056,FALSE
4270,0.91,0,0.5,1.0,1,1,1473,2427,0.669,0.49,str('kl'),0.073,TRUE
4271,0.91,0,0.5,1.0,1,1,3495,4721,0.071,0.747,str('intersection'),0.038,FALSE
4272,0.91,0,0.5,1.0,1,1,4130,2408,0.498,0.832,str('intersection'),0.064,FALSE
4273,0.91,0,0.5,1.0,1,1,837,4821,0.772,0.091,str('kl'),0.053,TRUE
4274,0.91,0,0.5,1.0,1,1,581,1383,0.734,0.241,str('kl'),0.014,FALSE
4275,0.91,0,0.5,1.0,1,1,4455,3971,0.006,0.997,str('intersection'),0.092,TRUE
4276,0.91,0,0.5,1.0,1,1,2695,1190,0.956,0.363,str('intersection'),0.076,FALSE
4277,0.91,0,0.5,1.0,1,1,2194,3466,0.307,0.62,str('kl'),0.043,TRUE
4278,0.91,0,0.5,1.0,1,1,2319,1443,0.096,0.751,str('intersection'),0.055,FALSE
4279,0.91,0,0.5,1.0,1,1,2794,3836,0.636,0.011,str('kl'),0.065,TRUE
4280,0.91,0,0.5,1.0,1,1,4433,1016,0.341,0.632,str('kl'),0.08,FALSE
4281,0.91,0,0.5,1.0,1,1,533,3721,0.928,0.391,str('intersection'),0.025,TRUE
4282,0.91,0,0.5,1.0,1,1,863,284,0.577,0.288,str('intersection'),0.042,FALSE
4283,0.91,0,0.5,1.0,1,1,4172,2579,0.162,0.545,str('kl'),0.075,TRUE
4284,0.91,0,0.5,1.0,1,1,3602,2273,0.862,0.157,str('kl'),0.093,FALSE
4285,0.91,0,0.5,1.0,1,1,1286,4881,0.4,0.914,str('intersection'),0.015,TRUE
4286,0.91,0,0.5,1.0,1,1,1754,893,0.79,0.606,str('kl'),0.032,FALSE
4287,0.91,0,0.5,1.0,1,1,3135,3129,0.438,0.349,str('intersection'),0.088,TRUE
4288,0.91,0,0.5,1.0,1,1,3360,4326,0.918,0.566,str('intersection'),0.033,FALSE
4289,0.91,0,0.5,1.0,1,1,3788,838,0.12,0.201,str('intersection'),0.017,TRUE
4290,0.91,0,0.5,1.0,1,1,1100,3269,0.641,0.942,str('kl'),0.097,FALSE
4291,0.91,0,0.5,1.0,1,1,296,458,0.851,0.855,str('kl'),0.057,TRUE
4292,0.91,0,0.5,1.0,1,1,4816,3025,0.378,0.099,str('intersection'),0.046,FALSE
4293,0.91,0,0.5,1.0,1,1,3036,2139,0.582,0.729,str('intersection'),0.027,TRUE
4294,0.91,0,0.5,1.0,1,1,1931,4394,0.187,0.472,str('kl'),0.084,FALSE
4295,0.91,0,0.5,1.0,1,1,2039,1975,0.885,0.936,str('intersection'),0.049,FALSE
4296,0.91,0,0.5,1.0,1,1,2850,4544,0.345,0.18,str('kl'),0.059,TRUE
4297,0.91,0,0.5,1.0,1,1,4925,611,0.678,0.556,str('kl'),0.086,FALSE
4298,0.91,0,0.5,1.0,1,1,111,2867,0.091,0.299,str('intersection'),0.031,TRUE
4299,0.91,0,0.5,1.0,1,1,992,679,0.411,0.399,str('intersection'),0.036,FALSE
4300,0.91,0,0.5,1.0,1,1,3975,3423,0.826,0.641,str('kl'),0.069,TRUE
4301,0.91,0,0.5,1.0,1,1,3253,1731,0.15,0.031,str('kl'),0.099,FALSE
4302,0.91,0,0.5,1.0,1,1,1861,4163,0.612,0.772,str('intersection'),0.021,TRUE
4303,0.91,0,0.5,1.0,1,1,3723,2753,0.542,0.463,str('intersection'),0.082,TRUE
4304,0.91,0,0.5,1.0,1,1,3534,2579,0.191,0.361,str('kl'),0.09,FALSE
4305,0.91,0,0.5,1.0,1,1,4241,2260,0.769,0.999,str('kl'),0.075,TRUE
4306,0.91,0,0.5,1.0,1,1,638,4964,0.498,0.243,str('intersection'),0.04,FALSE
4307,0.91,0,0.5,1.0,1,1,465,1528,0.007,0.093,str('intersection'),0.023,TRUE
4308,0.91,0,0.5,1.0,1,1,4658,3822,0.73,0.834,str('kl'),0.08,FALSE
4309,0.91,0,0.5,1.0,1,1,2570,1018,0.307,0.461,str('kl'),0.062,TRUE
4310,0.91,0,0.5,1.0,1,1,2388,3624,0.953,0.703,str('intersection'),0.05,FALSE
4311,0.91,0,0.5,1.0,1,1,2398,1028,0.513,0.038,str('intersection'),0.09,TRUE
4312,0.91,0,0.5,1.0,1,1,2568,3614,0.226,0.794,str('kl'),0.01,FALSE
4313,0.91,0,0.5,1.0,1,1,4659,1538,0.797,0.407,str('kl'),0.04,TRUE
4314,0.91,0,0.5,1.0,1,1,454,3812,0.464,0.664,str('intersection'),0.075,FALSE
4315,0.91,1,0.5,0.7686217868402409,0,2,632,2251,0.035,0.502,str('intersection'),0.08,TRUE
4316,0.91,0,0.5,1.0,1,1,4256,4974,0.696,0.26,str('kl'),0.023,FALSE
4317,0.91,1,0.5,0.7686217868402409,0,2,3518,178,0.281,0.882,str('kl'),0.05,TRUE
4318,0.91,0,0.5,1.0,1,1,1517,2589,0.989,0.141,str('intersection'),0.062,FALSE
4319,0.91,0,0.5,1.0,1,1,1674,1583,0.319,0.324,str('kl'),0.068,TRUE
4320,0.91,0,0.5,1.0,1,1,3252,4173,0.318,0.727,str('kl'),0.049,TRUE
4321,0.91,0,0.5,1.0,1,1,3975,670,0.644,0.101,str('kl'),0.031,FALSE
4322,0.91,0,0.5,1.0,1,1,981,3433,0.119,0.857,str('intersection'),0.087,TRUE
4323,0.91,0,0.5,1.0,1,1,105,620,0.377,0.944,str('intersection'),0.069,FALSE
4324,0.91,0,0.5,1.0,1,1,4940,2857,0.854,0.203,str('kl'),0.036,TRUE
4325,0.91,0,0.5,1.0,1,1,2834,1985,0.186,0.564,str('kl'),0.021,FALSE
4326,0.91,0,0.5,1.0,1,1,2044,4534,0.585,0.322,str('intersection'),0.099,TRUE
4327,0.91,0,0.5,1.0,1,1,1918,2149,0.347,0.77,str('kl'),0.033,TRUE
4328,0.91,0,0.5,1.0,1,1,3040,4384,0.883,0.029,str('intersection'),0.067,FALSE
4329,0.91,0,0.5,1.0,1,1,4813,468,0.094,0.643,str('intersection'),0.097,TRUE
4330,0.91,0,0.5,1.0,1,1,310,3015,0.677,0.401,str('kl'),0.017,FALSE
4331,0.91,0,0.5,1.0,1,1,1108,828,0.825,0.301,str('kl'),0.046,TRUE
4332,0.91,0,0.5,1.0,1,1,3771,3278,0.414,0.558,str('intersection'),0.058,FALSE
4333,0.91,0,0.5,1.0,1,1,3379,1573,0.61,0.178,str('intersection'),0.084,TRUE
4334,0.91,0,0.5,1.0,1,1,1667,4336,0.152,0.934,str('kl'),0.027,FALSE
4335,0.91,1,0.5,0.7686217868402409,0,2,1512,188,0.539,0.619,str('intersection'),0.01,TRUE
4336,0.91,0,0.5,1.0,1,1,3606,4871,0.67,0.584,str('kl'),0.055,TRUE
4337,0.91,0,0.5,1.0,1,1,4169,293,0.368,0.212,str('kl'),0.025,FALSE
4338,0.91,0,0.5,1.0,1,1,877,2569,0.892,0.952,str('intersection'),0.081,TRUE
4339,0.91,0,0.5,1.0,1,1,542,1006,0.603,0.868,str('intersection'),0.075,FALSE
4340,0.91,0,0.5,1.0,1,1,4416,3731,0.126,0.112,str('kl'),0.042,TRUE
4341,0.91,0,0.5,1.0,1,1,2813,1433,0.833,0.749,str('kl'),0.015,FALSE
4342,0.91,0,0.5,1.0,1,1,2311,3845,0.434,0.492,str('intersection'),0.093,TRUE
4343,0.91,0,0.5,1.0,1,1,2201,1180,0.224,0.139,str('kl'),0.082,FALSE
4344,0.91,0,0.5,1.0,1,1,2677,3476,0.514,0.88,str('intersection'),0.027,TRUE
4345,0.91,0,0.5,1.0,1,1,4472,1374,0.462,0.262,str('intersection'),0.053,FALSE
4346,0.91,0,0.5,1.0,1,1,572,3981,0.799,0.504,str('kl'),0.064,TRUE
4347,0.91,0,0.5,1.0,1,1,824,2418,0.698,0.666,str('kl'),0.092,FALSE
4348,0.91,0,0.5,1.0,1,1,4133,4811,0.033,0.409,str('intersection'),0.014,TRUE
4349,0.91,2,0.5,0.6332742086579153,0,3,3719,39,0.99,0.792,str('intersection'),0.043,FALSE
4350,0.91,0,0.5,1.0,1,1,1403,2744,0.278,0.037,str('kl'),0.076,TRUE
4351,0.91,0,0.5,1.0,1,1,1871,1721,0.921,0.47,str('intersection'),0.059,FALSE
4352,0.91,0,0.5,1.0,1,1,3321,3297,0.79,0.453,str('kl'),0.095,FALSE
4353,0.91,0,0.5,1.0,1,1,3906,1865,0.25,0.813,str('kl'),0.069,TRUE
4354,0.91,0,0.5,1.0,1,1,1217,4119,0.521,0.073,str('intersection'),0.034,FALSE
4355,0.91,0,0.5,1.0,1,1,179,1933,0.981,0.22,str('intersection'),0.029,TRUE
4356,0.91,0,0.5,1.0,1,1,4699,4676,0.258,0.976,str('kl'),0.086,FALSE
4357,0.91,0,0.5,1.0,1,1,3075,486,0.705,0.351,str('kl'),0.056,TRUE
4358,0.91,0,0.5,1.0,1,1,1970,2916,0.059,0.608,str('intersection'),0.044,FALSE
4359,0.91,0,0.5,1.0,1,1,2156,326,0.764,0.051,str('kl'),0.087,FALSE
4360,0.91,0,0.5,1.0,1,1,2968,3071,0.474,0.807,str('intersection'),0.032,TRUE
4361,0.91,0,0.5,1.0,1,1,4886,2081,0.55,0.427,str('intersection'),0.048,FALSE
4362,0.91,0,0.5,1.0,1,1,72,4513,0.213,0.685,str('kl'),0.058,TRUE
4363,0.91,0,0.5,1.0,1,1,1032,1701,0.283,0.52,str('kl'),0.097,FALSE
4364,0.91,0,0.5,1.0,1,1,4014,4269,0.948,0.279,str('intersection'),0.019,TRUE
4365,0.91,0,0.5,1.0,1,1,3136,883,0.029,0.892,str('intersection'),0.038,FALSE
4366,0.91,0,0.5,1.0,1,1,1744,3139,0.741,0.152,str('kl'),0.071,TRUE
4367,0.91,0,0.5,1.0,1,1,1274,2283,0.067,0.342,str('intersection'),0.065,FALSE
4368,0.91,0,0.5,1.0,1,1,3473,3882,0.815,0.907,str('intersection'),0.057,TRUE
4369,0.91,0,0.5,1.0,1,1,4300,960,0.146,0.294,str('intersection'),0.084,FALSE
4370,0.91,0,0.5,1.0,1,1,734,3684,0.624,0.535,str('kl'),0.028,TRUE
4371,0.91,0,0.5,1.0,1,1,371,247,0.881,0.638,str('kl'),0.033,FALSE
4372,0.91,0,0.5,1.0,1,1,4596,2523,0.357,0.381,str('intersection'),0.066,TRUE
4373,0.91,0,0.5,1.0,1,1,2631,2319,0.682,0.761,str('intersection'),0.096,FALSE
4374,0.91,0,0.5,1.0,1,1,2481,4907,0.08,0.004,str('kl'),0.018,TRUE
4375,0.91,0,0.5,1.0,1,1,2437,1276,0.633,0.916,str('kl'),0.038,TRUE
4376,0.91,0,0.5,1.0,1,1,2607,3999,0.097,0.159,str('intersection'),0.073,FALSE
4377,0.91,0,0.5,1.0,1,1,4542,1156,0.926,0.543,str('intersection'),0.091,TRUE
4378,0.91,0,0.5,1.0,1,1,337,3567,0.343,0.286,str('kl'),0.012,FALSE
4379,0.91,1,0.5,0.7686217868402409,0,2,749,131,0.164,0.389,str('kl'),0.051,TRUE
4380,0.91,0,0.5,1.0,1,1,4373,2717,0.575,0.63,str('intersection'),0.063,FALSE
4381,0.91,0,0.5,1.0,1,1,3479,2437,0.401,0.013,str('intersection'),0.079,TRUE
4382,0.91,0,0.5,1.0,1,1,1478,4711,0.859,0.753,str('kl'),0.022,FALSE
4383,0.91,0,0.5,1.0,1,1,1635,730,0.441,0.694,str('intersection'),0.016,TRUE
4384,0.91,0,0.5,1.0,1,1,3190,2953,0.692,0.059,str('intersection'),0.013,FALSE
4385,0.91,0,0.5,1.0,1,1,4038,1887,0.269,0.677,str('intersection'),0.043,TRUE
4386,0.91,0,0.5,1.0,1,1,1076,4630,0.992,0.435,str('kl'),0.077,FALSE
4387,0.91,0,0.5,1.0,1,1,9,1819,0.501,0.271,str('kl'),0.083,TRUE
4388,0.91,0,0.5,1.0,1,1,4880,4073,0.23,0.528,str('intersection'),0.026,FALSE
4389,0.91,0,0.5,1.0,1,1,2895,766,0.809,0.144,str('intersection'),0.053,TRUE
4390,0.91,0,0.5,1.0,1,1,2141,3333,0.46,0.901,str('kl'),0.065,FALSE
4391,0.91,0,0.5,1.0,1,1,2014,925,0.72,0.445,str('intersection'),0.024,FALSE
4392,0.91,0,0.5,1.0,1,1,3099,3181,0.009,0.702,str('kl'),0.079,TRUE
4393,0.91,0,0.5,1.0,1,1,4753,1669,0.966,0.064,str('kl'),0.061,FALSE
4394,0.91,0,0.5,1.0,1,1,213,4237,0.302,0.821,str('intersection'),0.05,TRUE
4395,0.91,0,0.5,1.0,1,1,1202,2050,0.2,0.968,str('intersection'),0.011,FALSE
4396,0.91,0,0.5,1.0,1,1,3833,4482,0.537,0.228,str('kl'),0.089,TRUE
4397,0.91,0,0.5,1.0,1,1,3316,368,0.485,0.6,str('kl'),0.073,FALSE
4398,0.91,0,0.5,1.0,1,1,1572,3112,0.775,0.359,str('intersection'),0.04,TRUE
4399,0.91,0,0.5,1.0,1,1,1415,1470,0.415,0.167,str('kl'),0.046,FALSE
4400,0.91,0,0.5,1.0,1,1,3704,3670,0.297,0.132,str('intersection'),0.019,FALSE
4401,0.91,0,0.5,1.0,1,1,4070,1491,0.743,0.511,str('intersection'),0.037,TRUE
4402,0.91,0,0.5,1.0,1,1,818,3785,0.02,0.254,str('kl'),0.071,FALSE
4403,0.91,0,0.5,1.0,1,1,596,2223,0.48,0.416,str('kl'),0.088,TRUE
4404,0.91,0,0.5,1.0,1,1,4516,4927,0.751,0.658,str('intersection'),0.032,FALSE
4405,0.91,1,0.5,0.7686217868402409,0,2,2710,234,0.211,0.044,str('intersection'),0.047,TRUE
4406,0.91,0,0.5,1.0,1,1,2256,2626,0.56,0.785,str('kl'),0.059,FALSE
4407,0.91,0,0.5,1.0,1,1,2296,2479,0.849,0.592,str('intersection'),0.07,TRUE
4408,0.91,0,0.5,1.0,1,1,2740,4753,0.39,0.335,str('kl'),0.036,FALSE
4409,0.91,1,0.5,0.7686217868402409,0,2,4410,99,0.588,0.96,str('kl'),0.02,TRUE
4410,0.91,0,0.5,1.0,1,1,479,2685,0.176,0.204,str('intersection'),0.099,FALSE
4411,0.91,0,0.5,1.0,1,1,921,1124,0.324,0.12,str('intersection'),0.06,TRUE
4412,0.91,0,0.5,1.0,1,1,4193,3535,0.907,0.86,str('kl'),0.048,FALSE
4413,0.91,0,0.5,1.0,1,1,3660,1317,0.118,0.5,str('kl'),0.03,TRUE
4414,0.91,0,0.5,1.0,1,1,1307,4040,0.654,0.741,str('intersection'),0.087,FALSE
4415,0.91,0,0.5,1.0,1,1,1777,522,0.047,0.799,str('kl'),0.092,TRUE
4416,0.91,0,0.5,1.0,1,1,3423,4580,0.165,0.777,str('intersection'),0.063,TRUE
4417,0.91,0,0.5,1.0,1,1,3805,584,0.873,0.394,str('intersection'),0.078,FALSE
4418,0.91,0,0.5,1.0,1,1,1163,2821,0.395,0.651,str('kl'),0.022,TRUE
4419,0.91,0,0.5,1.0,1,1,237,633,0.107,0.55,str('kl'),0.039,FALSE
4420,0.91,0,0.5,1.0,1,1,4799,3396,0.631,0.308,str('intersection'),0.072,TRUE
4421,0.91,0,0.5,1.0,1,1,2976,1768,0.329,0.926,str('intersection'),0.09,FALSE
4422,0.91,0,0.5,1.0,1,1,1913,4219,0.931,0.185,str('kl'),0.012,TRUE
4423,0.91,0,0.5,1.0,1,1,2098,1605,0.139,0.719,str('intersection'),0.076,TRUE
4424,0.91,0,0.5,1.0,1,1,2868,4367,0.598,0.477,str('kl'),0.041,FALSE
4425,0.91,0,0.5,1.0,1,1,4984,787,0.424,0.85,str('kl'),0.015,TRUE
4426,0.91,0,0.5,1.0,1,1,129,3237,0.836,0.109,str('intersection'),0.094,FALSE
4427,0.91,0,0.5,1.0,1,1,976,426,0.656,0.195,str('intersection'),0.066,TRUE
4428,0.91,0,0.5,1.0,1,1,3912,2973,0.073,0.951,str('kl'),0.054,FALSE
4429,0.91,0,0.5,1.0,1,1,3237,2181,0.902,0.314,str('kl'),0.025,TRUE
4430,0.91,0,0.5,1.0,1,1,1798,4416,0.366,0.571,str('intersection'),0.082,FALSE
4431,0.91,0,0.5,1.0,1,1,1330,1064,0.942,0.887,str('kl'),0.099,TRUE
4432,0.91,0,0.5,1.0,1,1,3568,4506,0.457,0.404,str('intersection'),0.025,TRUE
4433,0.91,0,0.5,1.0,1,1,4285,336,0.505,0.768,str('intersection'),0.054,FALSE
4434,0.91,0,0.5,1.0,1,1,683,3059,0.234,0.028,str('kl'),0.065,TRUE
4435,0.91,0,0.5,1.0,1,1,421,872,0.273,0.175,str('kl'),0.093,FALSE
4436,0.91,0,0.5,1.0,1,1,4614,3147,0.996,0.932,str('intersection'),0.015,TRUE
4437,0.91,0,0.5,1.0,1,1,2536,1695,0.043,0.302,str('intersection'),0.042,FALSE
4438,0.91,0,0.5,1.0,1,1,2353,4282,0.689,0.559,str('kl'),0.075,TRUE
4439,0.91,1,0.5,0.7686217868402409,0,2,2383,70,0.26,0.369,str('intersection'),0.029,FALSE
4440,0.91,0,0.5,1.0,1,1,2507,2775,0.971,0.611,str('kl'),0.085,TRUE
4441,0.91,0,0.5,1.0,1,1,4644,2377,0.054,0.25,str('kl'),0.055,FALSE
4442,0.91,0,0.5,1.0,1,1,392,4770,0.718,0.991,str('intersection'),0.045,TRUE
4443,0.91,0,0.5,1.0,1,1,693,1332,0.788,0.841,str('intersection'),0.016,FALSE
4444,0.91,0,0.5,1.0,1,1,4275,3939,0.451,0.085,str('kl'),0.094,TRUE
4445,0.91,0,0.5,1.0,1,1,3578,1213,0.527,0.711,str('kl'),0.068,FALSE
4446,0.91,0,0.5,1.0,1,1,1536,3508,0.237,0.454,str('intersection'),0.035,TRUE
4447,0.91,0,0.5,1.0,1,1,1691,2031,0.565,0.021,str('kl'),0.052,FALSE
4448,0.91,0,0.5,1.0,1,1,3207,3578,0.083,0.504,str('intersection'),0.069,FALSE
4449,0.91,0,0.5,1.0,1,1,3942,1261,0.877,0.136,str('intersection'),0.095,TRUE
4450,0.91,0,0.5,1.0,1,1,947,4006,0.352,0.876,str('kl'),0.016,FALSE
4451,0.91,0,0.5,1.0,1,1,139,2443,0.142,0.792,str('kl'),0.044,TRUE
4452,0.91,0,0.5,1.0,1,1,4974,4699,0.619,0.036,str('intersection'),0.056,FALSE
4453,0.91,1,0.5,0.7686217868402409,0,2,2878,141,0.419,0.669,str('intersection'),0.086,TRUE
4454,0.91,0,0.5,1.0,1,1,2088,2710,0.818,0.412,str('kl'),0.029,FALSE
4455,0.91,0,0.5,1.0,1,1,1883,300,0.112,0.992,str('intersection'),0.058,FALSE
4456,0.91,0,0.5,1.0,1,1,3006,2555,0.648,0.235,str('kl'),0.048,TRUE
4457,0.91,0,0.5,1.0,1,1,4769,2294,0.327,0.623,str('kl'),0.032,FALSE
4458,0.91,0,0.5,1.0,1,1,266,4862,0.91,0.366,str('intersection'),0.088,TRUE
4459,0.91,0,0.5,1.0,1,1,1153,1425,0.59,0.469,str('intersection'),0.07,FALSE
4460,0.91,0,0.5,1.0,1,1,3815,3856,0.179,0.71,str('kl'),0.037,TRUE
4461,0.91,0,0.5,1.0,1,1,3413,994,0.843,0.089,str('kl'),0.02,FALSE
4462,0.91,0,0.5,1.0,1,1,1701,3736,0.385,0.829,str('intersection'),0.098,TRUE
4463,0.91,0,0.5,1.0,1,1,1546,2095,0.805,0.645,str('kl'),0.081,FALSE
4464,0.91,0,0.5,1.0,1,1,3650,3046,0.936,0.682,str('intersection'),0.074,FALSE
4465,0.91,0,0.5,1.0,1,1,4203,2115,0.103,0.053,str('intersection'),0.09,TRUE
4466,0.91,0,0.5,1.0,1,1,911,4410,0.628,0.809,str('kl'),0.01,FALSE
4467,0.91,0,0.5,1.0,1,1,508,1598,0.869,0.895,str('kl'),0.049,TRUE
4468,0.91,0,0.5,1.0,1,1,4381,4303,0.392,0.154,str('intersection'),0.061,FALSE
4469,0.91,0,0.5,1.0,1,1,2769,858,0.569,0.519,str('intersection'),0.08,TRUE
4470,0.91,0,0.5,1.0,1,1,2267,3251,0.17,0.277,str('kl'),0.023,FALSE
4471,0.91,0,0.5,1.0,1,1,2246,1853,0.49,0.096,str('intersection'),0.012,TRUE
4472,0.91,0,0.5,1.0,1,1,2720,4129,0.78,0.852,str('kl'),0.091,FALSE
4473,0.91,0,0.5,1.0,1,1,4506,723,0.198,0.476,str('kl'),0.073,TRUE
4474,0.91,0,0.5,1.0,1,1,606,3311,0.535,0.733,str('intersection'),0.039,FALSE
4475,0.91,0,0.5,1.0,1,1,789,498,0.964,0.569,str('intersection'),0.021,TRUE
4476,0.91,0,0.5,1.0,1,1,4099,2911,0.299,0.327,str('kl'),0.078,FALSE
4477,0.91,0,0.5,1.0,1,1,3675,1941,0.726,0.937,str('kl'),0.063,TRUE
4478,0.91,0,0.5,1.0,1,1,1360,4666,0.014,0.197,str('intersection'),0.051,FALSE
4479,0.91,0,0.5,1.0,1,1,1827,1146,0.686,0.263,str('kl'),0.035,TRUE
4480,0.91,0,0.5,1.0,1,1,1601,1407,0.207,0.543,str('kl'),0.086,FALSE
4481,0.91,0,0.5,1.0,1,1,3287,3955,0.555,0.285,str('intersection'),0.031,TRUE
4482,0.91,0,0.5,1.0,1,1,3862,1209,0.483,0.919,str('intersection'),0.049,FALSE
4483,0.91,0,0.5,1.0,1,1,1173,3445,0.754,0.163,str('kl'),0.06,TRUE
4484,0.91,0,0.5,1.0,1,1,4743,2771,0.023,0.754,str('intersection'),0.021,TRUE
4485,0.91,0,0.5,1.0,1,1,3109,2393,0.938,0.385,str('intersection'),0.037,FALSE
4486,0.91,0,0.5,1.0,1,1,2004,4843,0.292,0.627,str('kl'),0.07,TRUE
4487,0.91,0,0.5,1.0,1,1,2112,2229,0.529,0.219,str('intersection'),0.018,TRUE
4488,0.91,0,0.5,1.0,1,1,2924,4993,0.239,0.96,str('kl'),0.097,FALSE
4489,0.91,1,0.5,0.7686217868402409,0,2,4851,162,0.783,0.338,str('kl'),0.067,TRUE
4490,0.91,0,0.5,1.0,1,1,38,2613,0.446,0.58,str('intersection'),0.033,FALSE
4491,0.91,0,0.5,1.0,1,1,1066,1050,0.048,0.742,str('intersection'),0.027,TRUE
4492,0.91,0,0.5,1.0,1,1,4048,3599,0.713,0.485,str('kl'),0.084,FALSE
4493,0.91,0,0.5,1.0,1,1,3180,1555,0.262,0.872,str('kl'),0.057,TRUE
4494,0.91,0,0.5,1.0,1,1,1787,3792,0.974,0.116,str('intersection'),0.045,FALSE
4495,0.91,0,0.5,1.0,1,1,1317,439,0.333,0.425,str('kl'),0.04,TRUE
4496,0.91,0,0.5,1.0,1,1,1448,812,0.18,0.07,str('intersection'),0.072,TRUE
4497,0.91,0,0.5,1.0,1,1,3508,3205,0.58,0.826,str('kl'),0.037,FALSE
4498,0.91,7,0.5,0.30586536052072255,0,8,4344,1635,0.379,0.438,str('kl'),0.019,TRUE
4499,0.91,0,0.5,1.0,1,1,778,4340,0.857,0.696,str('intersection'),0.098,FALSE
4500,0.91,0,0.5,1.0,1,1,327,2152,0.646,0.595,str('intersection'),0.059,TRUE
4501,0.91,0,0.5,1.0,1,1,4551,4447,0.122,0.353,str('kl'),0.047,FALSE
4502,0.91,0,0.5,1.0,1,1,2597,392,0.915,0.975,str('kl'),0.031,TRUE
4503,0.91,0,0.5,1.0,1,1,2447,3000,0.313,0.234,str('intersection'),0.088,FALSE
4504,0.91,0,0.5,1.0,1,1,2472,696,0.899,0.819,str('intersection'),0.064,FALSE
4505,0.91,0,0.5,1.0,1,1,2641,3400,0.363,0.078,str('kl'),0.053,TRUE
4506,0.91,0,0.5,1.0,1,1,4586,1752,0.662,0.688,str('kl'),0.026,FALSE
4507,0.91,0,0.5,1.0,1,1,380,4144,0.078,0.446,str('intersection'),0.082,TRUE
4508,0.91,0,0.5,1.0,1,1,705,1958,0.43,0.345,str('intersection'),0.077,FALSE
4509,0.91,0,0.5,1.0,1,1,4329,4564,0.841,0.603,str('kl'),0.043,TRUE
4510,0.91,0,0.5,1.0,1,1,3444,588,0.137,0.227,str('kl'),0.014,FALSE
4511,0.91,0,0.5,1.0,1,1,1444,2882,0.595,0.982,str('intersection'),0.092,TRUE
4512,0.91,0,0.5,1.0,1,1,1734,2347,0.313,0.967,str('intersection'),0.022,FALSE
4513,0.91,0,0.5,1.0,1,1,3146,4797,0.958,0.211,str('kl'),0.078,TRUE
4514,0.91,1,0.5,0.7686217868402409,0,2,4004,45,0.005,0.587,str('kl'),0.062,FALSE
4515,0.91,0,0.5,1.0,1,1,1041,2807,0.728,0.33,str('intersection'),0.052,TRUE
4516,0.91,0,0.5,1.0,1,1,43,1246,0.767,0.492,str('intersection'),0.013,FALSE
4517,0.91,0,0.5,1.0,1,1,4915,3481,0.496,0.734,str('kl'),0.091,TRUE
4518,0.91,0,0.5,1.0,1,1,2938,1360,0.545,0.124,str('kl'),0.072,FALSE
4519,0.91,0,0.5,1.0,1,1,2185,3908,0.196,0.865,str('intersection'),0.039,TRUE
4520,0.91,0,0.5,1.0,1,1,1979,1524,0.987,0.293,str('kl'),0.094,TRUE
4521,0.91,0,0.5,1.0,1,1,3065,3760,0.275,0.535,str('intersection'),0.014,FALSE
4522,0.91,0,0.5,1.0,1,1,4709,1092,0.702,0.17,str('intersection'),0.041,TRUE
4523,0.91,0,0.5,1.0,1,1,170,3640,0.038,0.911,str('kl'),0.076,FALSE
4524,0.91,1,0.5,0.7686217868402409,0,2,1246,203,0.466,0.761,str('kl'),0.081,TRUE
4525,0.91,0,0.5,1.0,1,1,3876,2655,0.804,0.005,str('intersection'),0.024,FALSE
4526,0.91,0,0.5,1.0,1,1,3351,2197,0.221,0.635,str('intersection'),0.054,TRUE
4527,0.91,0,0.5,1.0,1,1,1606,4961,0.511,0.378,str('kl'),0.066,FALSE
4528,0.91,0,0.5,1.0,1,1,1374,1658,0.707,0.844,str('intersection'),0.028,FALSE
4529,0.91,0,0.5,1.0,1,1,3748,4245,0.062,0.104,str('kl'),0.083,TRUE
4530,0.91,0,0.5,1.0,1,1,4103,919,0.976,0.725,str('kl'),0.057,FALSE
4531,0.91,0,0.5,1.0,1,1,853,3193,0.253,0.484,str('intersection'),0.047,TRUE
4532,0.91,0,0.5,1.0,1,1,562,382,0.245,0.319,str('intersection'),0.018,FALSE
4533,0.91,0,0.5,1.0,1,1,4482,3105,0.516,0.577,str('kl'),0.096,TRUE
4534,0.91,0,0.5,1.0,1,1,2667,2059,0.444,0.189,str('kl'),0.067,FALSE
4535,0.91,0,0.5,1.0,1,1,2211,4470,0.793,0.945,str('intersection'),0.034,TRUE
4536,0.91,0,0.5,1.0,1,1,2340,557,0.614,0.674,str('kl'),0.045,FALSE
4537,0.91,0,0.5,1.0,1,1,2783,2850,0.155,0.432,str('intersection'),0.055,TRUE
4538,0.91,0,0.5,1.0,1,1,4445,1999,0.82,0.801,str('intersection'),0.085,FALSE
4539,0.91,0,0.5,1.0,1,1,513,4605,0.409,0.06,str('kl'),0.03,TRUE
4540,0.91,0,0.5,1.0,1,1,886,1794,0.089,0.147,str('kl'),0.035,FALSE
4541,0.91,0,0.5,1.0,1,1,4159,4186,0.672,0.903,str('intersection'),0.068,TRUE
4542,0.91,0,0.5,1.0,1,1,3616,664,0.351,0.269,str('intersection'),0.095,FALSE
4543,0.91,0,0.5,1.0,1,1,1264,3368,0.886,0.526,str('kl'),0.017,TRUE
4544,0.91,1,0.5,0.7686217868402409,0,2,1657,104,0.831,0.243,str('intersection'),0.077,TRUE
4545,0.91,0,0.5,1.0,1,1,3389,2673,0.431,0.983,str('kl'),0.042,FALSE
4546,0.91,0,0.5,1.0,1,1,3761,2489,0.609,0.374,str('kl'),0.013,TRUE
4547,0.91,0,0.5,1.0,1,1,1118,4745,0.131,0.615,str('intersection'),0.093,FALSE
4548,0.91,0,0.5,1.0,1,1,281,1308,0.373,0.718,str('intersection'),0.064,TRUE
4549,0.91,0,0.5,1.0,1,1,4843,4052,0.897,0.461,str('kl'),0.052,FALSE
4550,0.91,0,0.5,1.0,1,1,3010,1110,0.065,0.837,str('kl'),0.026,TRUE
4551,0.91,0,0.5,1.0,1,1,1947,3542,0.667,0.081,str('intersection'),0.083,FALSE
4552,0.91,1,0.5,0.7686217868402409,0,2,2054,952,0.406,0.512,str('kl'),0.051,FALSE
4553,0.91,0,0.5,1.0,1,1,2824,3695,0.864,0.255,str('intersection'),0.061,TRUE
4554,0.91,0,0.5,1.0,1,1,4950,1457,0.16,0.884,str('intersection'),0.079,FALSE
4555,0.91,0,0.5,1.0,1,1,95,3888,0.571,0.128,str('kl'),0.024,TRUE
4556,0.91,0,0.5,1.0,1,1,1011,2326,0.922,0.044,str('kl'),0.041,FALSE
4557,0.91,0,0.5,1.0,1,1,3946,4893,0.34,0.784,str('intersection'),0.074,TRUE
4558,0.91,0,0.5,1.0,1,1,3281,259,0.638,0.42,str('intersection'),0.089,FALSE
4559,0.91,0,0.5,1.0,1,1,1842,2514,0.102,0.661,str('kl'),0.011,TRUE
4560,0.91,0,0.5,1.0,1,1,1495,751,0.855,0.38,str('kl'),0.093,FALSE
4561,0.91,0,0.5,1.0,1,1,3540,3357,0.381,0.637,str('intersection'),0.014,TRUE
4562,0.91,0,0.5,1.0,1,1,4234,1807,0.578,0.003,str('intersection'),0.042,FALSE
4563,0.91,0,0.5,1.0,1,1,654,4101,0.182,0.759,str('kl'),0.077,TRUE
4564,0.91,0,0.5,1.0,1,1,432,1915,0.315,0.909,str('kl'),0.083,FALSE
4565,0.91,0,0.5,1.0,1,1,4681,4619,0.913,0.168,str('intersection'),0.026,TRUE
4566,0.91,0,0.5,1.0,1,1,2546,545,0.124,0.537,str('intersection'),0.052,FALSE
4567,0.91,0,0.5,1.0,1,1,2420,2937,0.644,0.295,str('kl'),0.064,TRUE
4568,0.91,0,0.5,1.0,1,1,2417,1899,0.025,0.396,str('kl'),0.1,TRUE
4569,0.91,1,0.5,0.7686217868402409,0,2,2540,4624,0.736,0.653,str('intersection'),0.02,FALSE
4570,0.91,1,0.5,0.7686217868402409,0,2,4688,530,0.286,0.02,str('intersection'),0.036,TRUE
4571,0.91,0,0.5,1.0,1,1,436,2943,0.951,0.776,str('kl'),0.07,FALSE
4572,0.91,0,0.5,1.0,1,1,648,755,0.553,0.923,str('kl'),0.087,TRUE
4573,0.91,0,0.5,1.0,1,1,4231,3343,0.216,0.183,str('intersection'),0.03,FALSE
4574,0.91,1,0.5,0.7686217868402409,0,2,3544,1812,0.76,0.551,str('intersection'),0.048,TRUE
4575,0.91,0,0.5,1.0,1,1,1502,4087,0.469,0.31,str('kl'),0.06,FALSE
4576,0.91,0,0.5,1.0,1,1,1839,2340,0.73,0.528,str('kl'),0.046,TRUE
4577,0.91,0,0.5,1.0,1,1,3275,4889,0.003,0.271,str('intersection'),0.057,FALSE
4578,0.91,0,0.5,1.0,1,1,3953,273,0.96,0.901,str('intersection'),0.083,TRUE
4579,0.91,0,0.5,1.0,1,1,1014,2509,0.311,0.145,str('kl'),0.028,FALSE
4580,0.91,0,0.5,1.0,1,1,89,947,0.194,0.058,str('kl'),0.034,TRUE
4581,0.91,0,0.5,1.0,1,1,4947,3710,0.547,0.799,str('intersection'),0.067,FALSE
4582,0.91,0,0.5,1.0,1,1,2829,1452,0.494,0.434,str('intersection'),0.096,TRUE
4583,0.91,0,0.5,1.0,1,1,2061,3903,0.769,0.676,str('kl'),0.018,FALSE
4584,0.91,0,0.5,1.0,1,1,1953,1294,0.039,0.228,str('intersection'),0.07,FALSE
4585,0.91,0,0.5,1.0,1,1,3014,4056,0.7,0.969,str('kl'),0.036,TRUE
4586,0.91,0,0.5,1.0,1,1,4838,1096,0.277,0.359,str('kl'),0.02,FALSE
4587,0.91,0,0.5,1.0,1,1,275,3546,0.985,0.601,str('intersection'),0.1,TRUE
4588,0.91,1,0.5,0.7686217868402409,0,2,1121,110,0.509,0.701,str('intersection'),0.06,FALSE
4589,0.91,0,0.5,1.0,1,1,3767,2658,0.222,0.444,str('kl'),0.048,TRUE
4590,0.91,0,0.5,1.0,1,1,3382,2495,0.802,0.82,str('kl'),0.03,FALSE
4591,0.91,0,0.5,1.0,1,1,1652,4730,0.468,0.064,str('intersection'),0.087,TRUE
4592,0.91,0,0.5,1.0,1,1,1269,1779,0.251,0.659,str('kl'),0.052,TRUE
4593,0.91,0,0.5,1.0,1,1,3619,4191,0.978,0.418,str('intersection'),0.062,FALSE
4594,0.91,0,0.5,1.0,1,1,4155,649,0.06,0.786,str('intersection'),0.078,TRUE
4595,0.91,0,0.5,1.0,1,1,880,3374,0.709,0.046,str('kl'),0.022,FALSE
4596,0.91,0,0.5,1.0,1,1,516,561,0.795,0.13,str('kl'),0.039,TRUE
4597,0.91,0,0.5,1.0,1,1,4450,2836,0.442,0.886,str('intersection'),0.072,FALSE
4598,0.91,1,0.5,0.7686217868402409,0,2,2777,2004,0.518,0.253,str('intersection'),0.091,TRUE
4599,0.91,0,0.5,1.0,1,1,2336,4592,0.243,0.51,str('kl'),0.013,FALSE
4600,0.91,0,0.5,1.0,1,1,2216,387,0.407,0.859,str('intersection'),0.024,TRUE
4601,0.91,0,0.5,1.0,1,1,2673,3092,0.822,0.118,str('kl'),0.079,FALSE
4602,0.91,0,0.5,1.0,1,1,4477,2063,0.154,0.74,str('kl'),0.061,TRUE
4603,0.91,0,0.5,1.0,1,1,559,4456,0.616,0.498,str('intersection'),0.05,FALSE
4604,0.91,0,0.5,1.0,1,1,859,1644,0.888,0.336,str('intersection'),0.011,TRUE
4605,0.91,1,0.5,0.7686217868402409,0,2,4108,4251,0.349,0.593,str('kl'),0.089,FALSE
4606,0.91,0,0.5,1.0,1,1,3745,904,0.674,0.206,str('kl'),0.074,TRUE
4607,0.91,0,0.5,1.0,1,1,1369,3199,0.088,0.962,str('intersection'),0.041,FALSE
4608,0.91,1,0.5,0.7686217868402409,0,2,1610,209,0.133,0.308,str('kl'),0.098,FALSE
4609,0.91,0,0.5,1.0,1,1,3357,2639,0.607,0.549,str('intersection'),0.019,TRUE
4610,0.91,0,0.5,1.0,1,1,3871,2203,0.433,0.185,str('intersection'),0.037,FALSE
4611,0.91,0,0.5,1.0,1,1,1243,4946,0.829,0.926,str('kl'),0.072,TRUE
4612,0.91,0,0.5,1.0,1,1,176,1510,0.665,0.778,str('kl'),0.088,FALSE
4613,0.91,0,0.5,1.0,1,1,4713,3764,0.067,0.022,str('intersection'),0.031,TRUE
4614,0.91,0,0.5,1.0,1,1,3061,1078,0.895,0.651,str('intersection'),0.047,FALSE
4615,0.91,0,0.5,1.0,1,1,1974,3645,0.375,0.394,str('kl'),0.059,TRUE
4616,0.91,0,0.5,1.0,1,1,2178,1241,0.573,0.951,str('intersection'),0.03,TRUE
4617,0.91,0,0.5,1.0,1,1,2934,3497,0.158,0.195,str('kl'),0.085,FALSE
4618,0.91,0,0.5,1.0,1,1,4918,1356,0.866,0.571,str('kl'),0.055,TRUE
4619,0.91,0,0.5,1.0,1,1,48,3924,0.404,0.313,str('intersection'),0.045,FALSE
4620,0.91,0,0.5,1.0,1,1,1037,2361,0.1,0.478,str('intersection'),0.017,TRUE
4621,0.91,0,0.5,1.0,1,1,3997,4793,0.639,0.719,str('kl'),0.095,FALSE
4622,0.91,1,0.5,0.7686217868402409,0,2,3152,59,0.338,0.109,str('kl'),0.068,TRUE
4623,0.91,0,0.5,1.0,1,1,1737,2804,0.924,0.85,str('intersection'),0.035,FALSE
4624,0.91,0,0.5,1.0,1,1,1441,1972,0.232,0.835,str('intersection'),0.06,TRUE
4625,0.91,0,0.5,1.0,1,1,3439,4560,0.507,0.094,str('kl'),0.049,FALSE
4626,0.91,0,0.5,1.0,1,1,4336,602,0.455,0.704,str('kl'),0.031,TRUE
4627,0.91,0,0.5,1.0,1,1,710,2878,0.807,0.463,str('intersection'),0.086,FALSE
4628,0.91,0,0.5,1.0,1,1,375,690,0.691,0.36,str('intersection'),0.07,TRUE
4629,0.91,0,0.5,1.0,1,1,4583,3415,0.041,0.617,str('kl'),0.037,FALSE
4630,0.91,0,0.5,1.0,1,1,2646,1747,0.998,0.241,str('kl'),0.021,TRUE
4631,0.91,0,0.5,1.0,1,1,2478,4160,0.271,0.997,str('intersection'),0.099,FALSE
4632,0.91,0,0.5,1.0,1,1,2444,2167,0.949,0.086,str('intersection'),0.076,FALSE
4633,0.91,0,0.5,1.0,1,1,2592,4442,0.288,0.843,str('kl'),0.042,TRUE
4634,0.91,0,0.5,1.0,1,1,4558,408,0.735,0.455,str('kl'),0.014,FALSE
4635,0.91,0,0.5,1.0,1,1,331,2995,0.027,0.712,str('intersection'),0.094,TRUE
4636,0.91,0,0.5,1.0,1,1,773,808,0.471,0.609,str('intersection'),0.066,FALSE
4637,0.91,0,0.5,1.0,1,1,4341,3219,0.758,0.368,str('kl'),0.054,TRUE
4638,0.91,0,0.5,1.0,1,1,3512,1631,0.218,0.989,str('kl'),0.024,FALSE
4639,0.91,0,0.5,1.0,1,1,1455,4354,0.552,0.249,str('intersection'),0.081,TRUE
4640,0.91,0,0.5,1.0,1,1,1781,1046,0.354,0.203,str('intersection'),0.01,FALSE
4641,0.91,0,0.5,1.0,1,1,3176,3613,0.875,0.943,str('kl'),0.09,TRUE
4642,0.91,0,0.5,1.0,1,1,4051,1551,0.085,0.322,str('kl'),0.074,FALSE
4643,0.91,0,0.5,1.0,1,1,1071,3806,0.684,0.563,str('intersection'),0.04,TRUE
4644,0.91,0,0.5,1.0,1,1,34,2244,0.816,0.728,str('intersection'),0.023,FALSE
4645,0.91,0,0.5,1.0,1,1,4845,4987,0.421,0.47,str('kl'),0.08,TRUE
4646,0.91,1,0.5,0.7686217868402409,0,2,2929,177,0.617,0.858,str('kl'),0.061,FALSE
4647,0.91,0,0.5,1.0,1,1,2115,2608,0.144,0.102,str('intersection'),0.049,TRUE
4648,0.91,4,0.5,0.4627564263195183,0,5,2008,13,0.912,0.557,str('kl'),0.082,TRUE
4649,0.91,0,0.5,1.0,1,1,3116,2757,0.325,0.3,str('intersection'),0.026,FALSE
4650,0.91,0,0.5,1.0,1,1,4738,2398,0.65,0.934,str('intersection'),0.054,TRUE
4651,0.91,0,0.5,1.0,1,1,220,4830,0.11,0.177,str('kl'),0.064,FALSE
4652,0.91,0,0.5,1.0,1,1,1180,1392,0.383,0.03,str('kl'),0.092,TRUE
4653,0.91,0,0.5,1.0,1,1,3866,3960,0.845,0.77,str('intersection'),0.014,FALSE
4654,0.91,0,0.5,1.0,1,1,3284,1194,0.177,0.402,str('intersection'),0.043,TRUE
4655,0.91,0,0.5,1.0,1,1,1596,3450,0.592,0.643,str('kl'),0.077,FALSE
4656,0.91,0,0.5,1.0,1,1,4551,3060,0.662,0.101,str('intersection'),0.028,TRUE
4657,0.91,0,0.5,1.0,1,1,2339,1852,0.03,0.586,str('kl'),0.058,FALSE
4658,0.91,0,0.5,1.0,1,1,4093,1947,0.934,0.491,str('kl'),0.069,FALSE
4659,0.91,0,0.5,1.0,1,1,786,4650,0.335,0.748,str('intersection'),0.035,TRUE
4660,0.91,0,0.5,1.0,1,1,613,1839,0.172,0.586,str('intersection'),0.028,FALSE
4661,0.91,0,0.5,1.0,1,1,4511,4133,0.567,0.344,str('kl'),0.085,TRUE
4662,0.91,0,0.5,1.0,1,1,2717,709,0.394,0.954,str('kl'),0.056,FALSE
4663,0.91,0,0.5,1.0,1,1,2240,3315,0.868,0.213,str('intersection'),0.044,TRUE
4664,0.91,0,0.5,1.0,1,1,2273,1584,0.533,0.41,str('kl'),0.033,FALSE
4665,0.91,0,0.5,1.0,1,1,2772,4307,0.2,0.668,str('intersection'),0.067,TRUE
4666,0.91,0,0.5,1.0,1,1,4377,845,0.778,0.038,str('intersection'),0.097,FALSE
4667,0.91,0,0.5,1.0,1,1,501,3256,0.492,0.794,str('kl'),0.018,TRUE
4668,0.91,0,0.5,1.0,1,1,914,444,0.016,0.878,str('kl'),0.045,FALSE
4669,0.91,0,0.5,1.0,1,1,4209,3031,0.724,0.138,str('intersection'),0.057,TRUE
4670,0.91,0,0.5,1.0,1,1,3643,2121,0.301,0.502,str('intersection'),0.084,FALSE
4671,0.91,0,0.5,1.0,1,1,1313,4396,0.962,0.261,str('kl'),0.027,TRUE
4672,0.91,0,0.5,1.0,1,1,4832,4039,0.87,0.659,str('intersection'),0.097,FALSE
4673,0.91,0,0.5,1.0,1,1,2034,248,0.441,0.154,str('kl'),0.037,TRUE
4674,0.91,0,0.5,1.0,1,1,1989,3870,0.743,0.848,str('intersection'),0.073,TRUE
4675,0.91,1,0.5,0.7686217868402409,0,2,4894,85,0.064,0.339,str('kl'),0.013,FALSE
4676,0.91,0,0.5,1.0,1,1,2552,3258,0.988,0.54,str('kl'),0.033,TRUE
4677,0.91,0,0.5,1.0,1,1,585,1966,0.325,0.023,str('intersection'),0.098,FALSE
4678,0.91,0,0.5,1.0,1,1,740,2787,0.247,0.199,str('intersection'),0.064,TRUE
4679,0.91,0,0.5,1.0,1,1,3645,1505,0.566,0.739,str('kl'),0.023,FALSE
4680,0.91,0,0.5,1.0,1,1,3804,4659,0.484,0.382,str('kl'),0.047,TRUE
4681,0.91,0,0.5,1.0,1,1,1836,864,0.82,0.93,str('intersection'),0.084,FALSE
4682,0.91,0,0.5,1.0,1,1,1553,3536,0.421,0.63,str('kl'),0.093,TRUE
4683,0.91,0,0.5,1.0,1,1,4078,2318,0.772,0.183,str('intersection'),0.038,FALSE
4684,0.91,0,0.5,1.0,1,1,3299,4144,0.159,0.946,str('intersection'),0.019,TRUE
4685,0.91,0,0.5,1.0,1,1,1087,441,0.526,0.492,str('kl'),0.067,FALSE
4686,0.91,0,0.5,1.0,1,1,305,4927,0.916,0.292,str('kl'),0.078,TRUE
4687,0.91,0,0.5,1.0,1,1,2829,1214,0.268,0.77,str('intersection'),0.053,FALSE
4688,0.91,0,0.5,1.0,1,1,4440,4845,0.234,0.595,str('intersection'),0.089,FALSE
4689,0.91,0,0.5,1.0,1,1,2423,1140,0.585,0.094,str('kl'),0.042,TRUE
4690,0.91,0,0.5,1.0,1,1,2391,2897,0.786,0.407,str('intersection'),0.052,FALSE
4691,0.91,0,0.5,1.0,1,1,4476,1683,0.404,0.904,str('kl'),0.082,TRUE
4692,0.91,0,0.5,1.0,1,1,3067,4778,0.54,0.232,str('kl'),0.057,FALSE
4693,0.91,0,0.5,1.0,1,1,45,1071,0.143,0.705,str('intersection'),0.032,TRUE
4694,0.91,0,0.5,1.0,1,1,1142,4317,0.284,0.515,str('intersection'),0.043,FALSE
4695,0.91,0,0.5,1.0,1,1,3227,600,0.899,0.049,str('kl'),0.091,TRUE
4696,0.91,0,0.5,1.0,1,1,4318,3675,0.046,0.815,str('kl'),0.072,FALSE
4697,0.91,1,0.5,0.7686217868402409,0,2,1296,2471,0.646,0.373,str('intersection'),0.017,TRUE
4698,0.91,0,0.5,1.0,1,1,1566,4506,0.113,0.065,str('kl'),0.026,FALSE
4699,0.91,0,0.5,1.0,1,1,4052,724,0.698,0.624,str('intersection'),0.063,TRUE
4700,0.91,0,0.5,1.0,1,1,3581,2627,0.375,0.263,str('intersection'),0.088,FALSE
4701,0.91,0,0.5,1.0,1,1,783,1332,0.944,0.8,str('kl'),0.046,TRUE
4702,0.91,0,0.5,1.0,1,1,317,3401,0.617,0.982,str('kl'),0.012,FALSE
4703,0.91,0,0.5,1.0,1,1,2803,2116,0.203,0.454,str('intersection'),0.077,TRUE
4704,0.91,1,0.5,0.7686217868402409,0,2,2594,174,0.631,0.96,str('intersection'),0.048,FALSE
4705,0.91,0,0.5,1.0,1,1,4940,3328,0.3,0.163,str('intersection'),0.023,TRUE
4706,0.91,0,0.5,1.0,1,1,1947,2033,0.885,0.652,str('kl'),0.066,FALSE
4707,0.91,0,0.5,1.0,1,1,2158,3176,0.174,0.348,str('intersection'),0.044,FALSE
4708,0.91,0,0.5,1.0,1,1,4711,1892,0.509,0.841,str('kl'),0.087,TRUE
4709,0.91,0,0.5,1.0,1,1,2678,3796,0.435,0.048,str('kl'),0.062,FALSE
4710,0.91,0,0.5,1.0,1,1,906,4575,0.677,0.699,str('intersection'),0.036,FALSE
4711,0.91,1,0.5,0.7686217868402409,0,2,3460,791,0.014,0.237,str('kl'),0.095,TRUE
4712,0.91,1,0.5,0.7686217868402409,0,2,3927,2714,0.93,0.874,str('kl'),0.075,FALSE
4713,0.91,0,0.5,1.0,1,1,1685,1421,0.252,0.436,str('intersection'),0.011,TRUE
4714,0.91,0,0.5,1.0,1,1,1333,4071,0.975,0.128,str('kl'),0.03,FALSE
4715,0.91,0,0.5,1.0,1,1,4287,357,0.344,0.683,str('intersection'),0.056,TRUE
4716,0.91,0,0.5,1.0,1,1,3191,3452,0.73,0.451,str('intersection'),0.082,FALSE
4717,0.91,0,0.5,1.0,1,1,1174,2245,0.083,0.984,str('kl'),0.05,TRUE
4718,0.91,0,0.5,1.0,1,1,82,2986,0.472,0.794,str('kl'),0.017,FALSE
4719,0.91,1,0.5,0.7686217868402409,0,2,3036,1770,0.838,0.27,str('intersection'),0.069,TRUE
4720,0.91,0,0.5,1.0,1,1,2898,2225,0.74,0.004,str('kl'),0.014,TRUE
4721,0.91,0,0.5,1.0,1,1,4620,4129,0.315,0.86,str('kl'),0.034,FALSE
4722,0.91,0,0.5,1.0,1,1,2251,334,0.993,0.328,str('intersection'),0.097,TRUE
4723,0.91,0,0.5,1.0,1,1,2224,4704,0.356,0.913,str('intersection'),0.068,TRUE
4724,0.91,0,0.5,1.0,1,1,4661,988,0.956,0.401,str('kl'),0.021,FALSE
4725,0.91,0,0.5,1.0,1,1,2945,2815,0.095,0.73,str('kl'),0.041,TRUE
4726,0.91,0,0.5,1.0,1,1,196,1609,0.711,0.209,str('intersection'),0.093,FALSE
4727,0.91,0,0.5,1.0,1,1,973,3603,0.852,0.009,str('intersection'),0.06,TRUE
4728,0.91,0,0.5,1.0,1,1,3409,2388,0.454,0.553,str('kl'),0.028,FALSE
4729,0.91,0,0.5,1.0,1,1,4194,4233,0.598,0.317,str('kl'),0.054,TRUE
4730,0.91,0,0.5,1.0,1,1,1445,527,0.216,0.869,str('intersection'),0.08,FALSE
4731,0.91,0,0.5,1.0,1,1,1789,2544,0.557,0.568,str('kl'),0.099,TRUE
4732,0.91,0,0.5,1.0,1,1,3845,1259,0.128,0.118,str('intersection'),0.035,FALSE
4733,0.91,0,0.5,1.0,1,1,3691,4433,0.802,0.759,str('intersection'),0.015,TRUE
4734,0.91,0,0.5,1.0,1,1,698,640,0.389,0.302,str('kl'),0.074,FALSE
4735,0.91,0,0.5,1.0,1,1,538,3957,0.062,0.478,str('kl'),0.085,TRUE
4736,0.91,0,0.5,1.0,1,1,2734,695,0.789,0.694,str('kl'),0.083,FALSE
4737,0.91,0,0.5,1.0,1,1,4763,2521,0.153,0.427,str('kl'),0.057,TRUE
4738,0.91,0,0.5,1.0,1,1,2121,1317,0.535,0.885,str('intersection'),0.032,FALSE
4739,0.91,0,0.5,1.0,1,1,1900,2694,0.281,0.113,str('kl'),0.078,FALSE
4740,0.91,0,0.5,1.0,1,1,4962,1476,0.913,0.575,str('intersection'),0.053,TRUE
4741,0.91,0,0.5,1.0,1,1,2620,4552,0.02,0.312,str('intersection'),0.027,FALSE
4742,0.91,0,0.5,1.0,1,1,496,848,0.667,0.751,str('kl'),0.059,TRUE
4743,0.91,0,0.5,1.0,1,1,652,3778,0.776,0.965,str('kl'),0.092,FALSE
4744,0.91,1,0.5,0.7686217868402409,0,2,3713,65,0.41,0.471,str('intersection'),0.04,TRUE
4745,0.91,0,0.5,1.0,1,1,3872,3159,0.523,0.641,str('intersection'),0.019,FALSE
4746,0.91,0,0.5,1.0,1,1,1748,1952,0.172,0.171,str('kl'),0.067,TRUE
4747,0.91,0,0.5,1.0,1,1,1466,4907,0.571,0.394,str('intersection'),0.065,FALSE
4748,0.91,0,0.5,1.0,1,1,4147,1122,0.236,0.918,str('kl'),0.021,TRUE
4749,0.91,0,0.5,1.0,1,1,3368,3046,0.817,0.218,str('kl'),0.047,FALSE
4750,0.91,0,0.5,1.0,1,1,1000,1754,0.497,0.719,str('intersection'),0.084,TRUE
4751,0.91,0,0.5,1.0,1,1,217,3507,0.077,0.56,str('intersection'),0.072,FALSE
4752,0.91,0,0.5,1.0,1,1,3124,417,0.185,0.504,str('kl'),0.086,FALSE
4753,0.91,0,0.5,1.0,1,1,4527,3591,0.758,0.366,str('kl'),0.061,TRUE
4754,0.91,0,0.5,1.0,1,1,2354,2298,0.423,0.82,str('intersection'),0.025,FALSE
4755,0.91,0,0.5,1.0,1,1,2480,4288,0.191,0.678,str('kl'),0.013,TRUE
4756,0.91,0,0.5,1.0,1,1,4408,506,0.62,0.135,str('intersection'),0.076,FALSE
4757,0.91,0,0.5,1.0,1,1,2999,3660,0.452,0.994,str('intersection'),0.096,TRUE
4758,0.91,0,0.5,1.0,1,1,133,2365,0.865,0.443,str('kl'),0.037,FALSE
4759,0.91,0,0.5,1.0,1,1,1231,2877,0.693,0.275,str('kl'),0.026,TRUE
4760,0.91,0,0.5,1.0,1,1,3160,1591,0.124,0.787,str('intersection'),0.063,FALSE
4761,0.91,0,0.5,1.0,1,1,4250,4764,0.947,0.084,str('intersection'),0.088,TRUE
4762,0.91,0,0.5,1.0,1,1,1384,973,0.362,0.604,str('kl'),0.045,FALSE
4763,0.91,0,0.5,1.0,1,1,1653,3309,0.894,0.834,str('intersection'),0.043,TRUE
4764,0.91,0,0.5,1.0,1,1,3982,2095,0.294,0.353,str('kl'),0.091,FALSE
4765,0.91,0,0.5,1.0,1,1,3512,3941,0.649,0.526,str('kl'),0.071,TRUE
4766,0.91,0,0.5,1.0,1,1,870,234,0.033,0.037,str('intersection'),0.018,FALSE
4767,0.91,0,0.5,1.0,1,1,405,4412,0.391,0.244,str('intersection'),0.051,TRUE
4768,0.91,0,0.5,1.0,1,1,2506,1390,0.345,0.189,str('kl'),0.02,TRUE
4769,0.91,0,0.5,1.0,1,1,4852,4484,0.708,0.923,str('kl'),0.04,FALSE
4770,0.91,0,0.5,1.0,1,1,2016,779,0.107,0.387,str('intersection'),0.094,TRUE
4771,0.91,0,0.5,1.0,1,1,2090,4635,0.833,0.613,str('kl'),0.016,TRUE
4772,0.91,0,0.5,1.0,1,1,4800,921,0.483,0.073,str('intersection'),0.07,FALSE
4773,0.91,0,0.5,1.0,1,1,2766,2766,0.588,0.805,str('intersection'),0.09,TRUE
4774,0.91,0,0.5,1.0,1,1,369,1560,0.221,0.256,str('kl'),0.041,FALSE
4775,0.91,0,0.5,1.0,1,1,839,3242,0.331,0.465,str('kl'),0.031,TRUE
4776,0.91,0,0.5,1.0,1,1,3549,2026,0.978,0.973,str('intersection'),0.055,FALSE
4777,0.91,0,0.5,1.0,1,1,4015,3852,0.094,0.149,str('intersection'),0.08,TRUE
4778,0.91,1,0.5,0.7686217868402409,0,2,1618,147,0.725,0.666,str('kl'),0.051,FALSE
4779,0.91,0,0.5,1.0,1,1,1264,3119,0.001,0.896,str('intersection'),0.036,TRUE
4780,0.91,0,0.5,1.0,1,1,4375,1836,0.68,0.418,str('kl'),0.095,FALSE
4781,0.91,0,0.5,1.0,1,1,3278,4990,0.263,0.712,str('kl'),0.076,TRUE
4782,0.91,0,0.5,1.0,1,1,1105,1196,0.925,0.227,str('intersection'),0.01,FALSE
4783,0.91,0,0.5,1.0,1,1,13,4201,0.504,0.058,str('intersection'),0.045,TRUE
4784,0.91,0,0.5,1.0,1,1,2887,1445,0.039,0.936,str('kl'),0.089,TRUE
4785,0.91,0,0.5,1.0,1,1,4607,4599,0.893,0.201,str('kl'),0.07,FALSE
4786,0.91,0,0.5,1.0,1,1,2278,806,0.292,0.737,str('intersection'),0.016,TRUE
4787,0.91,0,0.5,1.0,1,1,2292,3733,0.636,0.173,str('kl'),0.085,FALSE
4788,0.91,0,0.5,1.0,1,1,4572,2448,0.052,0.639,str('intersection'),0.049,TRUE
4789,0.91,0,0.5,1.0,1,1,2856,4371,0.882,0.497,str('intersection'),0.024,FALSE
4790,0.91,0,0.5,1.0,1,1,263,579,0.312,0.939,str('kl'),0.065,TRUE
4791,0.91,0,0.5,1.0,1,1,1041,4838,0.141,0.78,str('kl'),0.1,FALSE
4792,0.91,0,0.5,1.0,1,1,3321,1055,0.554,0.283,str('intersection'),0.034,TRUE
4793,0.91,0,0.5,1.0,1,1,4105,2959,0.378,0.581,str('intersection'),0.015,FALSE
4794,0.91,0,0.5,1.0,1,1,1512,1665,0.807,0.108,str('kl'),0.074,TRUE
4795,0.91,0,0.5,1.0,1,1,1858,4023,0.467,0.33,str('intersection'),0.059,FALSE
4796,0.91,2,0.5,0.6332742086579153,0,3,3758,308,0.849,0.858,str('kl'),0.029,TRUE
4797,0.91,0,0.5,1.0,1,1,3603,3383,0.205,0.03,str('kl'),0.054,FALSE
4798,0.91,0,0.5,1.0,1,1,766,2178,0.603,0.535,str('intersection'),0.08,TRUE
4799,0.91,0,0.5,1.0,1,1,607,2604,0.961,0.748,str('intersection'),0.068,FALSE
4800,0.91,0,0.5,1.0,1,1,2743,543,0.495,0.371,str('kl'),0.023,FALSE
4801,0.91,0,0.5,1.0,1,1,4772,3618,0.577,0.509,str('kl'),0.048,TRUE
4802,0.91,0,0.5,1.0,1,1,2091,2412,0.241,0.055,str('intersection'),0.086,FALSE
4803,0.91,0,0.5,1.0,1,1,2009,3476,0.95,0.951,str('kl'),0.024,FALSE
4804,0.91,0,0.5,1.0,1,1,4875,2261,0.365,0.486,str('intersection'),0.062,TRUE
4805,0.91,0,0.5,1.0,1,1,2535,4087,0.689,0.628,str('intersection'),0.087,FALSE
4806,0.91,0,0.5,1.0,1,1,606,381,0.119,0.185,str('kl'),0.044,TRUE
4807,0.91,0,0.5,1.0,1,1,758,4870,0.447,0.095,str('kl'),0.011,FALSE
4808,0.91,0,0.5,1.0,1,1,3624,1154,0.86,0.592,str('intersection'),0.075,TRUE
4809,0.91,0,0.5,1.0,1,1,3783,3000,0.193,0.294,str('intersection'),0.095,FALSE
4810,0.91,0,0.5,1.0,1,1,1855,1795,0.622,0.768,str('kl'),0.036,TRUE
4811,0.91,0,0.5,1.0,1,1,1496,3810,0.153,0.546,str('intersection'),0.05,FALSE
4812,0.91,19,0.5,0.0,0,11,4138,27,0.535,0.017,str('kl'),0.081,TRUE
4813,0.91,1,0.5,0.7686217868402409,0,2,3359,3201,0.398,0.846,str('kl'),0.056,FALSE
4814,0.91,0,0.5,1.0,1,1,1030,1906,0.796,0.341,str('intersection'),0.03,TRUE
4815,0.91,0,0.5,1.0,1,1,245,2729,0.655,0.376,str('intersection'),0.042,FALSE
4816,0.91,0,0.5,1.0,1,1,2978,890,0.607,0.43,str('kl'),0.028,FALSE
4817,0.91,0,0.5,1.0,1,1,4383,2813,0.463,0.697,str('kl'),0.053,TRUE
4818,0.91,0,0.5,1.0,1,1,2483,1517,0.845,0.239,str('intersection'),0.078,FALSE
4819,0.91,0,0.5,1.0,1,1,2373,4448,0.516,0.261,str('kl'),0.093,TRUE
4820,0.91,0,0.5,1.0,1,1,4497,664,0.165,0.801,str('intersection'),0.041,FALSE
4821,0.91,0,0.5,1.0,1,1,3088,2568,0.777,0.071,str('intersection'),0.021,TRUE
4822,0.91,0,0.5,1.0,1,1,27,1275,0.411,0.618,str('kl'),0.068,FALSE
4823,0.91,0,0.5,1.0,1,1,1121,3342,0.021,0.661,str('kl'),0.08,TRUE
4824,0.91,0,0.5,1.0,1,1,3245,2058,0.668,0.152,str('intersection'),0.054,FALSE
4825,0.91,0,0.5,1.0,1,1,4337,3982,0.275,0.976,str('intersection'),0.029,TRUE
4826,0.91,1,0.5,0.7686217868402409,0,2,1275,188,0.906,0.46,str('kl'),0.06,FALSE
4827,0.91,0,0.5,1.0,1,1,1626,2840,0.319,0.23,str('intersection'),0.073,TRUE
4828,0.91,0,0.5,1.0,1,1,3995,1623,0.997,0.707,str('kl'),0.016,FALSE
4829,0.91,0,0.5,1.0,1,1,3523,4718,0.074,0.413,str('kl'),0.035,TRUE
4830,0.91,0,0.5,1.0,1,1,842,1013,0.736,0.898,str('intersection'),0.099,FALSE
4831,0.91,0,0.5,1.0,1,1,375,4257,0.814,0.817,str('intersection'),0.066,TRUE
4832,0.91,0,0.5,1.0,1,1,2653,2484,0.925,0.871,str('kl'),0.097,TRUE
4833,0.91,0,0.5,1.0,1,1,5000,4330,0.009,0.015,str('kl'),0.077,FALSE
4834,0.91,0,0.5,1.0,1,1,1889,626,0.687,0.547,str('intersection'),0.012,TRUE
4835,0.91,0,0.5,1.0,1,1,2137,4170,0.38,0.445,str('kl'),0.098,TRUE
4836,0.91,0,0.5,1.0,1,1,4730,453,0.809,0.99,str('intersection'),0.033,FALSE
4837,0.91,0,0.5,1.0,1,1,2696,3548,0.134,0.13,str('intersection'),0.013,TRUE
4838,0.91,0,0.5,1.0,1,1,416,2344,0.547,0.681,str('kl'),0.073,FALSE
4839,0.91,0,0.5,1.0,1,1,888,3083,0.874,0.601,str('kl'),0.083,TRUE
4840,0.91,0,0.5,1.0,1,1,3481,1869,0.305,0.088,str('intersection'),0.048,FALSE
4841,0.91,0,0.5,1.0,1,1,3947,4944,0.637,0.792,str('intersection'),0.022,TRUE
4842,0.91,0,0.5,1.0,1,1,1667,1237,0.052,0.272,str('kl'),0.064,FALSE
4843,0.91,0,0.5,1.0,1,1,1391,3275,0.705,0.042,str('intersection'),0.067,TRUE
4844,0.91,0,0.5,1.0,1,1,4227,1989,0.105,0.523,str('kl'),0.019,FALSE
4845,0.91,0,0.5,1.0,1,1,3131,3893,0.967,0.349,str('kl'),0.039,TRUE
4846,0.91,1,0.5,0.7686217868402409,0,2,1232,101,0.351,0.839,str('intersection'),0.092,FALSE
4847,0.91,0,0.5,1.0,1,1,141,4671,0.21,0.88,str('intersection'),0.058,TRUE
4848,0.91,1,0.5,0.7686217868402409,0,2,2956,122,0.937,0.166,str('intersection'),0.061,FALSE
4849,0.91,0,0.5,1.0,1,1,4677,3217,0.115,0.963,str('intersection'),0.086,TRUE
4850,0.91,0,0.5,1.0,1,1,2191,2012,0.7,0.473,str('kl'),0.045,FALSE
4851,0.91,0,0.5,1.0,1,1,2243,2640,0.088,0.761,str('kl'),0.032,FALSE
4852,0.91,0,0.5,1.0,1,1,4640,1358,0.72,0.3,str('intersection'),0.056,TRUE
4853,0.91,0,0.5,1.0,1,1,2924,4532,0.334,0.563,str('intersection'),0.082,FALSE
4854,0.91,0,0.5,1.0,1,1,214,737,0.98,0.124,str('kl'),0.052,TRUE
4855,0.91,0,0.5,1.0,1,1,994,4055,0.591,0.161,str('kl'),0.017,FALSE
4856,0.91,0,0.5,1.0,1,1,3391,270,0.225,0.654,str('intersection'),0.071,TRUE
4857,0.91,0,0.5,1.0,1,1,4175,3424,0.829,0.484,str('intersection'),0.092,FALSE
4858,0.91,0,0.5,1.0,1,1,1465,2132,0.478,0.954,str('kl'),0.042,TRUE
4859,0.91,0,0.5,1.0,1,1,1729,4800,0.764,0.732,str('intersection'),0.046,FALSE
4860,0.91,0,0.5,1.0,1,1,3902,1087,0.429,0.207,str('kl'),0.088,TRUE
4861,0.91,0,0.5,1.0,1,1,3749,2913,0.503,0.907,str('kl'),0.062,FALSE
4862,0.91,0,0.5,1.0,1,1,638,1706,0.183,0.406,str('intersection'),0.027,TRUE
4863,0.91,0,0.5,1.0,1,1,480,3702,0.262,0.315,str('intersection'),0.037,FALSE
4864,0.91,0,0.5,1.0,1,1,2674,1651,0.528,0.606,str('intersection'),0.04,TRUE
4865,0.91,0,0.5,1.0,1,1,4703,4824,0.415,0.281,str('intersection'),0.02,FALSE
4866,0.91,0,0.5,1.0,1,1,2178,1030,0.766,0.781,str('kl'),0.069,TRUE
4867,0.91,0,0.5,1.0,1,1,1921,4965,0.042,0.212,str('intersection'),0.041,TRUE
4868,0.91,1,0.5,0.7686217868402409,0,2,4943,1182,0.642,0.725,str('kl'),0.09,FALSE
4869,0.91,0,0.5,1.0,1,1,2602,3105,0.288,0.396,str('kl'),0.07,TRUE
4870,0.91,0,0.5,1.0,1,1,517,1811,0.904,0.916,str('intersection'),0.016,FALSE
4871,0.91,0,0.5,1.0,1,1,670,3567,0.546,0.866,str('intersection'),0.05,TRUE
4872,0.91,0,0.5,1.0,1,1,3692,2282,0.148,0.322,str('kl'),0.081,FALSE
4873,0.91,0,0.5,1.0,1,1,3851,4186,0.783,0.558,str('kl'),0.055,TRUE
4874,0.91,0,0.5,1.0,1,1,1766,393,0.401,0.006,str('intersection'),0.031,FALSE
4875,0.91,0,0.5,1.0,1,1,1409,2751,0.871,0.306,str('kl'),0.011,TRUE
4876,0.91,0,0.5,1.0,1,1,4207,1536,0.442,0.756,str('intersection'),0.076,FALSE
4877,0.91,0,0.5,1.0,1,1,3428,4611,0.609,0.115,str('intersection'),0.095,TRUE
4878,0.91,0,0.5,1.0,1,1,942,906,0.196,0.573,str('kl'),0.036,FALSE
4879,0.91,0,0.5,1.0,1,1,158,3838,0.368,0.647,str('kl'),0.025,TRUE
4880,0.91,0,0.5,1.0,1,1,3066,1929,0.385,0.671,str('intersection'),0.033,TRUE
4881,0.91,0,0.5,1.0,1,1,4470,3756,0.56,0.467,str('intersection'),0.014,FALSE
4882,0.91,1,0.5,0.7686217868402409,0,2,2414,48,0.132,0.971,str('kl'),0.072,TRUE
4883,0.91,0,0.5,1.0,1,1,2461,3369,0.492,0.528,str('intersection'),0.065,FALSE
4884,0.91,0,0.5,1.0,1,1,4429,2153,0.827,0.035,str('kl'),0.024,TRUE
4885,0.91,0,0.5,1.0,1,1,3020,3998,0.246,0.828,str('kl'),0.049,FALSE
4886,0.91,0,0.5,1.0,1,1,115,294,0.566,0.358,str('intersection'),0.085,TRUE
4887,0.91,0,0.5,1.0,1,1,1210,4469,0.987,0.425,str('intersection'),0.075,FALSE
4888,0.91,0,0.5,1.0,1,1,3177,755,0.324,0.887,str('kl'),0.014,TRUE
4889,0.91,0,0.5,1.0,1,1,4269,2581,0.749,0.25,str('kl'),0.034,FALSE
4890,0.91,0,0.5,1.0,1,1,1364,1374,0.071,0.688,str('intersection'),0.1,TRUE
4891,0.91,0,0.5,1.0,1,1,1714,4348,0.658,0.996,str('kl'),0.079,FALSE
4892,0.91,0,0.5,1.0,1,1,3926,564,0.026,0.441,str('intersection'),0.055,TRUE
4893,0.91,0,0.5,1.0,1,1,3454,3718,0.919,0.673,str('intersection'),0.029,FALSE
4894,0.91,0,0.5,1.0,1,1,930,2425,0.272,0.141,str('kl'),0.06,TRUE
4895,0.91,0,0.5,1.0,1,1,462,2934,0.162,0.082,str('kl'),0.094,FALSE
4896,0.91,0,0.5,1.0,1,1,2566,956,0.083,0.106,str('intersection'),0.058,FALSE
4897,0.91,0,0.5,1.0,1,1,4912,2860,0.968,0.775,str('intersection'),0.083,TRUE
4898,0.91,0,0.5,1.0,1,1,1958,1568,0.337,0.289,str('kl'),0.051,FALSE
4899,0.91,0,0.5,1.0,1,1,2070,3023,0.597,0.718,str('intersection'),0.059,FALSE
4900,0.91,0,0.5,1.0,1,1,4819,1737,0.215,0.221,str('kl'),0.027,TRUE
4901,0.91,0,0.5,1.0,1,1,2784,4891,0.858,0.894,str('kl'),0.052,FALSE
4902,0.91,0,0.5,1.0,1,1,348,1100,0.461,0.42,str('intersection'),0.079,TRUE
4903,0.91,0,0.5,1.0,1,1,821,4102,0.102,0.36,str('intersection'),0.066,FALSE
4904,0.91,1,0.5,0.7686217868402409,0,2,3570,321,0.718,0.826,str('kl'),0.02,TRUE
4905,0.91,0,0.5,1.0,1,1,4036,3494,0.355,0.06,str('kl'),0.039,FALSE
4906,0.91,0,0.5,1.0,1,1,1599,2199,0.956,0.502,str('intersection'),0.092,TRUE
4907,0.91,0,0.5,1.0,1,1,1322,4539,0.302,0.81,str('kl'),0.084,FALSE
4908,0.91,0,0.5,1.0,1,1,4315,822,0.887,0.251,str('intersection'),0.047,TRUE
4909,0.91,0,0.5,1.0,1,1,3219,2667,0.057,0.611,str('intersection'),0.022,FALSE
4910,0.91,0,0.5,1.0,1,1,1163,1463,0.626,0.075,str('kl'),0.064,TRUE
4911,0.91,0,0.5,1.0,1,1,73,3143,0.798,0.143,str('kl'),0.098,FALSE
4912,0.91,5,0.5,0.40189599549815613,0,6,2844,2084,0.8,0.611,str('kl'),0.046,FALSE
4913,0.91,0,0.5,1.0,1,1,4565,3910,0.133,0.254,str('kl'),0.026,TRUE
4914,0.91,0,0.5,1.0,1,1,2324,206,0.562,0.81,str('intersection'),0.063,FALSE
4915,0.91,0,0.5,1.0,1,1,2310,3925,0.936,0.028,str('intersection'),0.038,TRUE
4916,0.91,1,0.5,0.7686217868402409,0,2,4552,211,0.257,0.537,str('kl'),0.096,FALSE
4917,0.91,0,0.5,1.0,1,1,2835,3286,0.674,0.336,str('kl'),0.077,TRUE
4918,0.91,0,0.5,1.0,1,1,281,2079,0.012,0.852,str('intersection'),0.012,FALSE
4919,0.91,0,0.5,1.0,1,1,1062,2508,0.432,0.925,str('intersection'),0.046,TRUE
4920,0.91,0,0.5,1.0,1,1,3303,1291,0.752,0.385,str('kl'),0.088,FALSE
4921,0.91,0,0.5,1.0,1,1,4086,4386,0.178,0.742,str('kl'),0.063,TRUE
4922,0.91,0,0.5,1.0,1,1,1533,682,0.514,0.194,str('intersection'),0.026,FALSE
4923,0.91,0,0.5,1.0,1,1,1798,3634,0.228,0.495,str('kl'),0.018,TRUE
4924,0.91,0,0.5,1.0,1,1,3815,2352,0.579,0.941,str('intersection'),0.071,FALSE
4925,0.91,0,0.5,1.0,1,1,3661,4275,0.473,0.179,str('intersection'),0.09,TRUE
4926,0.91,0,0.5,1.0,1,1,707,480,0.84,0.633,str('kl'),0.044,FALSE
4927,0.91,0,0.5,1.0,1,1,549,4742,0.73,0.583,str('kl'),0.031,TRUE
4928,0.91,0,0.5,1.0,1,1,2779,1114,0.732,0.178,str('kl'),0.066,TRUE
4929,0.91,0,0.5,1.0,1,1,4807,3017,0.338,0.944,str('kl'),0.092,FALSE
4930,0.91,0,0.5,1.0,1,1,2058,1723,0.97,0.494,str('intersection'),0.039,TRUE
4931,0.91,0,0.5,1.0,1,1,1964,2865,0.213,0.502,str('kl'),0.071,TRUE
4932,0.91,0,0.5,1.0,1,1,4918,1582,0.595,0.063,str('intersection'),0.018,FALSE
4933,0.91,0,0.5,1.0,1,1,2577,4736,0.458,0.825,str('intersection'),0.044,TRUE
4934,0.91,0,0.5,1.0,1,1,561,942,0.856,0.363,str('kl'),0.09,FALSE
4935,0.91,0,0.5,1.0,1,1,715,4260,0.716,0.42,str('kl'),0.058,TRUE
4936,0.91,0,0.5,1.0,1,1,3669,476,0.1,0.89,str('intersection'),0.031,FALSE
4937,0.91,0,0.5,1.0,1,1,3829,3649,0.954,0.222,str('intersection'),0.051,TRUE
4938,0.91,0,0.5,1.0,1,1,1812,2356,0.354,0.715,str('kl'),0.083,FALSE
4939,0.91,0,0.5,1.0,1,1,1539,4381,0.889,0.968,str('intersection'),0.096,TRUE
4940,0.91,0,0.5,1.0,1,1,4093,667,0.304,0.467,str('kl'),0.038,FALSE
4941,0.91,0,0.5,1.0,1,1,3314,2513,0.628,0.668,str('kl'),0.012,TRUE
4942,0.91,0,0.5,1.0,1,1,1072,1306,0.059,0.143,str('intersection'),0.077,FALSE
4943,0.91,0,0.5,1.0,1,1,290,3301,0.387,0.079,str('intersection'),0.088,TRUE
4944,0.91,0,0.5,1.0,1,1,3012,280,0.37,0.117,str('kl'),0.074,TRUE
4945,0.91,0,0.5,1.0,1,1,4416,3374,0.701,0.754,str('kl'),0.099,FALSE
4946,0.91,0,0.5,1.0,1,1,2448,2167,0.117,0.308,str('intersection'),0.034,TRUE
4947,0.91,0,0.5,1.0,1,1,2405,3770,0.255,0.194,str('kl'),0.047,FALSE
4948,0.91,2,0.5,0.6332742086579153,0,3,4461,54,0.933,0.745,str('intersection'),0.084,TRUE
4949,0.91,0,0.5,1.0,1,1,3053,3129,0.009,0.385,str('intersection'),0.064,FALSE
4950,0.91,0,0.5,1.0,1,1,60,1924,0.672,0.929,str('kl'),0.022,TRUE
4951,0.91,0,0.5,1.0,1,1,1157,2663,0.75,0.853,str('kl'),0.033,FALSE
4952,0.91,0,0.5,1.0,1,1,3212,1448,0.43,0.333,str('intersection'),0.098,TRUE
4953,0.91,0,0.5,1.0,1,1,4304,4543,0.512,0.537,str('intersection'),0.072,FALSE
4954,0.91,0,0.5,1.0,1,1,1311,837,0.177,0.025,str('kl'),0.014,TRUE
4955,0.91,0,0.5,1.0,1,1,1591,3479,0.581,0.286,str('intersection'),0.027,FALSE
4956,0.91,0,0.5,1.0,1,1,4027,2194,0.23,0.775,str('kl'),0.059,TRUE
4957,0.91,0,0.5,1.0,1,1,3556,4118,0.842,0.103,str('kl'),0.079,FALSE
4958,0.91,0,0.5,1.0,1,1,807,325,0.476,0.584,str('intersection'),0.052,TRUE
4959,0.91,0,0.5,1.0,1,1,342,4897,0.085,0.636,str('intersection'),0.02,FALSE
4960,0.91,0,0.5,1.0,1,1,3490,2340,0.903,0.594,str('kl'),0.027,TRUE
4961,0.91,0,0.5,1.0,1,1,3956,4166,0.041,0.269,str('kl'),0.046,FALSE
4962,0.91,1,0.5,0.7686217868402409,0,2,1676,453,0.642,0.793,str('intersection'),0.088,TRUE
4963,0.91,0,0.5,1.0,1,1,1402,2809,0.118,0.516,str('kl'),0.091,FALSE
4964,0.91,0,0.5,1.0,1,1,4239,1517,0.702,0.046,str('intersection'),0.043,TRUE
4965,0.91,0,0.5,1.0,1,1,3142,4670,0.371,0.84,str('intersection'),0.018,FALSE
4966,0.91,0,0.5,1.0,1,1,1243,885,0.941,0.347,str('kl'),0.071,TRUE
4967,0.91,0,0.5,1.0,1,1,921,3722,0.146,0.914,str('kl'),0.04,FALSE
4968,0.91,0,0.5,1.0,1,1,3446,2440,0.543,0.398,str('intersection'),0.094,TRUE
4969,0.91,0,0.5,1.0,1,1,3912,4344,0.399,0.724,str('intersection'),0.069,FALSE
4970,0.91,0,0.5,1.0,1,1,1700,549,0.782,0.215,str('kl'),0.02,TRUE
4971,0.91,0,0.5,1.0,1,1,1357,2596,0.444,0.476,str('intersection'),0.024,FALSE
4972,0.91,0,0.5,1.0,1,1,4263,1379,0.872,0.961,str('kl'),0.065,TRUE
4973,0.91,0,0.5,1.0,1,1,3167,4454,0.198,0.168,str('kl'),0.085,FALSE
4974,0.91,0,0.5,1.0,1,1,1199,750,0.611,0.645,str('intersection'),0.049,TRUE
4975,0.91,0,0.5,1.0,1,1,106,3993,0.939,0.571,str('intersection'),0.015,FALSE
4976,0.91,1,0.5,0.7686217868402409,0,2,3380,736,0.563,0.161,str('kl'),0.092,FALSE
4977,0.91,1,0.5,0.7686217868402409,0,2,4164,2640,0.489,0.959,str('kl'),0.068,TRUE
4978,0.91,0,0.5,1.0,1,1,1454,1354,0.824,0.477,str('intersection'),0.019,FALSE
4979,0.91,0,0.5,1.0,1,1,1721,4329,0.417,0.209,str('kl'),0.022,TRUE
4980,0.91,1,0.5,0.7686217868402409,0,2,3894,622,0.767,0.729,str('intersection'),0.064,FALSE
4981,0.91,1,0.5,0.7686217868402409,0,2,3740,3697,0.163,0.399,str('intersection'),0.083,TRUE
4982,0.91,1,0.5,0.7686217868402409,0,2,629,2484,0.53,0.912,str('kl'),0.048,FALSE
4983,0.91,0,0.5,1.0,1,1,470,2914,0.92,0.869,str('kl'),0.013,TRUE
4984,0.91,0,0.5,1.0,1,1,2642,1710,0.273,0.318,str('intersection'),0.073,FALSE
4985,0.91,1,0.5,0.7686217868402409,0,2,4988,4805,0.658,0.554,str('intersection'),0.098,TRUE
4986,0.91,0,0.5,1.0,1,1,1878,1088,0.027,0.01,str('kl'),0.033,FALSE
4987,0.91,0,0.5,1.0,1,1,2148,4945,0.782,0.985,str('intersection'),0.077,FALSE
4988,0.91,0,0.5,1.0,1,1,4741,1241,0.4,0.453,str('kl'),0.012,TRUE
4989,0.91,1,0.5,0.7686217868402409,0,2,2707,3086,0.545,0.685,str('kl'),0.037,FALSE
4990,0.91,0,0.5,1.0,1,1,427,1869,0.147,0.129,str('intersection'),0.097,TRUE
4991,0.91,0,0.5,1.0,1,1,897,3548,0.287,0.093,str('intersection'),0.062,FALSE
4992,0.91,0,0.5,1.0,1,1,3703,1809,0.551,0.859,str('intersection'),0.06,TRUE
4993,0.91,0,0.5,1.0,1,1,3862,4963,0.383,0.003,str('intersection'),0.079,FALSE
4994,0.91,0,0.5,1.0,1,1,1777,1179,0.811,0.559,str('kl'),0.055,TRUE
4995,0.91,0,0.5,1.0,1,1,1417,3215,0.462,0.75,str('intersection'),0.035,FALSE
4996,0.91,0,0.5,1.0,1,1,4215,2009,0.844,0.311,str('kl'),0.099,TRUE
4997,0.91,0,0.5,1.0,1,1,3437,3834,0.209,0.574,str('kl'),0.074,FALSE
4998,0.91,1,0.5,0.7686217868402409,0,2,951,120,0.606,0.112,str('intersection'),0.014,TRUE
4999,0.91,0,0.5,1.0,1,1,168,4613,0.966,0.172,str('intersection'),0.049,FALSE
5000,0.91,1,0.5,0.7686217868402409,0,2,2966,909,0.35,0.642,str('kl'),0.085,TRUE
5001,0.91,0,0.5,1.0,1,1,4688,2754,0.704,0.473,str('kl'),0.065,FALSE
5002,0.91,0,0.5,1.0,1,1,2203,1538,0.104,0.966,str('intersection'),0.023,TRUE
5003,0.91,0,0.5,1.0,1,1,2234,3428,0.746,0.302,str('intersection'),0.053,TRUE
5004,0.91,1,0.5,0.7686217868402409,0,2,4631,2133,0.067,0.761,str('kl'),0.078,FALSE
5005,0.91,1,0.5,0.7686217868402409,0,2,2915,4056,0.983,0.119,str('kl'),0.058,TRUE
5006,0.91,0,0.5,1.0,1,1,205,275,0.321,0.569,str('intersection'),0.028,FALSE
5007,0.91,0,0.5,1.0,1,1,983,4527,0.244,0.651,str('intersection'),0.039,TRUE
5008,0.91,0,0.5,1.0,1,1,3169,290,0.982,0.426,str('intersection'),0.035,FALSE
5009,0.91,0,0.5,1.0,1,1,4260,3366,0.089,0.693,str('intersection'),0.01,TRUE
5010,0.91,0,0.5,1.0,1,1,1355,2151,0.72,0.243,str('kl'),0.076,FALSE
5011,0.91,0,0.5,1.0,1,1,1702,4821,0.005,0.442,str('intersection'),0.055,TRUE
5012,0.91,0,0.5,1.0,1,1,3914,1028,0.684,0.993,str('kl'),0.031,FALSE
5013,0.91,0,0.5,1.0,1,1,3443,2932,0.259,0.134,str('kl'),0.05,TRUE
5014,0.91,0,0.5,1.0,1,1,919,1648,0.922,0.678,str('intersection'),0.081,FALSE
5015,0.91,1,0.5,0.7686217868402409,0,2,454,3720,0.5,0.605,str('intersection'),0.07,TRUE
5016,0.91,0,0.5,1.0,1,1,2666,2426,0.181,0.085,str('kl'),0.016,FALSE
5017,0.91,0,0.5,1.0,1,1,4694,4350,0.762,0.788,str('kl'),0.041,TRUE
5018,0.91,0,0.5,1.0,1,1,2170,567,0.426,0.275,str('intersection'),0.09,FALSE
5019,0.91,0,0.5,1.0,1,1,1930,4189,0.639,0.72,str('kl'),0.02,FALSE
5020,0.91,1,0.5,0.7686217868402409,0,2,4952,396,0.055,0.219,str('intersection'),0.069,TRUE
5021,0.91,0,0.5,1.0,1,1,2610,3568,0.877,0.919,str('intersection'),0.094,FALSE
5022,0.91,0,0.5,1.0,1,1,526,2285,0.308,0.394,str('kl'),0.04,TRUE
5023,0.91,0,0.5,1.0,1,1,681,3102,0.137,0.327,str('kl'),0.029,FALSE
5024,0.91,0,0.5,1.0,1,1,3558,1095,0.121,0.367,str('intersection'),0.043,FALSE
5025,0.91,0,0.5,1.0,1,1,4025,3019,0.951,0.505,str('intersection'),0.018,TRUE
5026,0.91,0,0.5,1.0,1,1,1588,1737,0.366,0.059,str('kl'),0.071,FALSE
5027,0.91,0,0.5,1.0,1,1,1313,3751,0.89,0.258,str('intersection'),0.063,TRUE
5028,0.91,1,0.5,0.7686217868402409,0,2,4306,47,0.29,0.805,str('kl'),0.026,FALSE
5029,0.91,0,0.5,1.0,1,1,3210,3143,0.652,0.074,str('kl'),0.046,TRUE
5030,0.91,0,0.5,1.0,1,1,1154,1925,0.036,0.614,str('intersection'),0.088,FALSE
5031,0.91,0,0.5,1.0,1,1,62,2672,0.395,0.664,str('intersection'),0.077,TRUE
5032,0.91,0,0.5,1.0,1,1,3055,1464,0.793,0.148,str('kl'),0.012,FALSE
5033,0.91,1,0.5,0.7686217868402409,0,2,4459,4540,0.15,0.973,str('kl'),0.038,TRUE
5034,0.91,0,0.5,1.0,1,1,2403,826,0.532,0.463,str('intersection'),0.096,FALSE
5035,0.91,0,0.5,1.0,1,1,2450,2582,0.83,0.038,str('kl'),0.086,TRUE
5036,0.91,0,0.5,1.0,1,1,4418,1377,0.479,0.527,str('intersection'),0.045,FALSE
5037,0.91,0,0.5,1.0,1,1,3009,4472,0.593,0.354,str('intersection'),0.025,TRUE
5038,0.91,0,0.5,1.0,1,1,104,757,0.226,0.835,str('kl'),0.061,FALSE
5039,0.91,0,0.5,1.0,1,1,1202,3996,0.334,0.884,str('kl'),0.096,TRUE
5040,0.91,0,0.5,1.0,1,1,3311,2079,0.414,0.924,str('intersection'),0.064,TRUE
5041,0.91,0,0.5,1.0,1,1,4095,3924,0.519,0.189,str('intersection'),0.084,FALSE
5042,0.91,1,0.5,0.7686217868402409,0,2,1541,207,0.168,0.749,str('kl'),0.047,TRUE
5043,0.91,0,0.5,1.0,1,1,1810,2860,0.576,0.94,str('intersection'),0.039,FALSE
5044,0.91,0,0.5,1.0,1,1,3826,1564,0.241,0.497,str('kl'),0.092,TRUE
5045,0.91,1,0.5,0.7686217868402409,0,2,3672,4737,0.814,0.639,str('kl'),0.066,FALSE
5046,0.91,0,0.5,1.0,1,1,718,956,0.494,0.174,str('intersection'),0.02,TRUE
5047,0.91,0,0.5,1.0,1,1,558,4276,0.072,0.107,str('intersection'),0.052,FALSE
5048,0.91,0,0.5,1.0,1,1,2575,485,0.735,0.581,str('kl'),0.079,TRUE
5049,0.91,0,0.5,1.0,1,1,4921,3638,0.318,0.283,str('kl'),0.059,FALSE
5050,0.91,0,0.5,1.0,1,1,1967,2352,0.996,0.779,str('intersection'),0.027,TRUE
5051,0.91,0,0.5,1.0,1,1,2061,3495,0.194,0.226,str('kl'),0.082,TRUE
5052,0.91,0,0.5,1.0,1,1,4810,2203,0.623,0.711,str('intersection'),0.051,FALSE
5053,0.91,0,0.5,1.0,1,1,2776,4107,0.448,0.417,str('intersection'),0.031,TRUE
5054,0.91,0,0.5,1.0,1,1,340,322,0.861,0.894,str('kl'),0.058,FALSE
5055,0.91,0,0.5,1.0,1,1,809,4890,0.69,0.821,str('kl'),0.09,TRUE
5056,0.91,0,0.5,1.0,1,1,3659,940,0.688,0.415,str('kl'),0.052,TRUE
5057,0.91,0,0.5,1.0,1,1,3817,2864,0.364,0.714,str('kl'),0.028,FALSE
5058,0.91,0,0.5,1.0,1,1,1800,1579,0.949,0.224,str('intersection'),0.059,TRUE
5059,0.91,0,0.5,1.0,1,1,1530,3908,0.292,0.462,str('kl'),0.072,FALSE
5060,0.91,1,0.5,0.7686217868402409,0,2,4084,202,0.892,0.975,str('intersection'),0.014,TRUE
5061,0.91,0,0.5,1.0,1,1,3305,3298,0.038,0.147,str('intersection'),0.033,FALSE
5062,0.91,0,0.5,1.0,1,1,1064,2083,0.654,0.667,str('kl'),0.098,TRUE
5063,0.91,0,0.5,1.0,1,1,279,2514,0.795,0.616,str('kl'),0.064,FALSE
5064,0.91,0,0.5,1.0,1,1,2833,1309,0.398,0.072,str('intersection'),0.022,TRUE
5065,0.91,0,0.5,1.0,1,1,4554,4385,0.534,0.807,str('intersection'),0.047,FALSE
5066,0.91,0,0.5,1.0,1,1,2313,669,0.152,0.255,str('kl'),0.084,TRUE
5067,0.91,0,0.5,1.0,1,1,2321,4390,0.277,0.534,str('kl'),0.014,FALSE
5068,0.91,0,0.5,1.0,1,1,4562,683,0.909,0.029,str('intersection'),0.072,TRUE
5069,0.91,0,0.5,1.0,1,1,2846,2508,0.024,0.857,str('intersection'),0.098,FALSE
5070,0.91,0,0.5,1.0,1,1,293,1295,0.671,0.329,str('kl'),0.034,TRUE
5071,0.91,0,0.5,1.0,1,1,1070,3283,0.78,0.388,str('kl'),0.022,FALSE
5072,0.91,0,0.5,1.0,1,1,3221,1921,0.778,0.856,str('kl'),0.076,FALSE
5073,0.91,0,0.5,1.0,1,1,4312,3766,0.166,0.032,str('kl'),0.096,TRUE
5074,0.91,1,0.5,0.7686217868402409,0,2,1319,52,0.517,0.532,str('intersection'),0.038,FALSE
5075,0.91,0,0.5,1.0,1,1,1602,3015,0.242,0.778,str('kl'),0.051,TRUE
5076,0.91,0,0.5,1.0,1,1,4038,1722,0.578,0.285,str('intersection'),0.083,FALSE
5077,0.91,0,0.5,1.0,1,1,3567,4894,0.496,0.579,str('intersection'),0.058,TRUE
5078,0.91,0,0.5,1.0,1,1,818,1110,0.816,0.109,str('kl'),0.031,FALSE
5079,0.91,0,0.5,1.0,1,1,350,4121,0.737,0.175,str('kl'),0.044,TRUE
5080,0.91,0,0.5,1.0,1,1,2787,327,0.074,0.637,str('intersection'),0.09,FALSE
5081,0.91,0,0.5,1.0,1,1,4816,3481,0.998,0.499,str('intersection'),0.071,TRUE
5082,0.91,0,0.5,1.0,1,1,2067,2197,0.32,0.937,str('kl'),0.018,FALSE
5083,0.91,0,0.5,1.0,1,1,1956,3652,0.621,0.056,str('intersection'),0.092,FALSE
5084,0.91,0,0.5,1.0,1,1,4910,2358,0.192,0.507,str('kl'),0.039,TRUE
5085,0.91,0,0.5,1.0,1,1,2569,4262,0.859,0.364,str('kl'),0.02,FALSE
5086,0.91,0,0.5,1.0,1,1,552,479,0.445,0.823,str('intersection'),0.067,TRUE
5087,0.91,0,0.5,1.0,1,1,705,4733,0.119,0.897,str('intersection'),0.079,FALSE
5088,0.91,0,0.5,1.0,1,1,3456,1652,0.135,0.92,str('kl'),0.07,FALSE
5089,0.91,0,0.5,1.0,1,1,3923,4805,0.81,0.216,str('kl'),0.09,TRUE
5090,0.91,0,0.5,1.0,1,1,1711,1024,0.381,0.72,str('intersection'),0.041,FALSE
5091,0.91,0,0.5,1.0,1,1,1366,3370,0.846,0.966,str('kl'),0.045,TRUE
5092,0.91,0,0.5,1.0,1,1,4272,2166,0.464,0.469,str('intersection'),0.087,FALSE
5093,0.91,0,0.5,1.0,1,1,3175,3992,0.609,0.643,str('intersection'),0.061,TRUE
5094,0.91,0,0.5,1.0,1,1,1207,275,0.211,0.169,str('kl'),0.025,FALSE
5095,0.91,0,0.5,1.0,1,1,117,4459,0.351,0.112,str('kl'),0.036,TRUE
5096,0.91,0,0.5,1.0,1,1,3023,751,0.968,0.578,str('intersection'),0.096,FALSE
5097,0.91,0,0.5,1.0,1,1,4426,2596,0.106,0.311,str('intersection'),0.075,TRUE
5098,0.91,0,0.5,1.0,1,1,2459,1383,0.706,0.753,str('kl'),0.011,FALSE
5099,0.91,0,0.5,1.0,1,1,2417,4545,0.907,0.746,str('intersection'),0.026,TRUE
5100,0.91,0,0.5,1.0,1,1,4473,840,0.276,0.191,str('kl'),0.063,FALSE
5101,0.91,0,0.5,1.0,1,1,3063,2666,0.67,0.922,str('kl'),0.088,TRUE
5102,0.91,1,0.5,0.7686217868402409,0,2,70,1450,0.022,0.39,str('intersection'),0.046,FALSE
5103,0.91,0,0.5,1.0,1,1,1165,3127,0.411,0.332,str('intersection'),0.012,TRUE
5104,0.91,0,0.5,1.0,1,1,179,447,0.462,0.144,str('intersection'),0.093,TRUE
5105,0.91,0,0.5,1.0,1,1,4209,3211,0.719,0.524,str('kl'),0.024,FALSE
5106,0.91,0,0.5,1.0,1,1,1411,1994,0.087,0.038,str('intersection'),0.065,TRUE
5107,0.91,0,0.5,1.0,1,1,1764,4978,0.686,0.276,str('kl'),0.069,FALSE
5108,0.91,0,0.5,1.0,1,1,3849,1183,0.008,0.785,str('intersection'),0.02,TRUE
5109,0.91,0,0.5,1.0,1,1,3695,3087,0.924,0.085,str('intersection'),0.04,FALSE
5110,0.91,0,0.5,1.0,1,1,672,1805,0.261,0.601,str('kl'),0.094,TRUE
5111,0.91,0,0.5,1.0,1,1,515,3563,0.182,0.677,str('kl'),0.06,FALSE
5112,0.91,0,0.5,1.0,1,1,2600,2271,0.502,0.137,str('intersection'),0.029,TRUE
5113,0.91,0,0.5,1.0,1,1,4946,4195,0.428,0.993,str('intersection'),0.055,FALSE
5114,0.91,0,0.5,1.0,1,1,1923,410,0.763,0.445,str('kl'),0.079,TRUE
5115,0.91,0,0.5,1.0,1,1,2181,4344,0.053,0.562,str('intersection'),0.031,TRUE
5116,0.91,0,0.5,1.0,1,1,4705,553,0.638,0.003,str('kl'),0.055,FALSE
5117,0.91,0,0.5,1.0,1,1,2672,3726,0.307,0.862,str('kl'),0.081,TRUE
5118,0.91,0,0.5,1.0,1,1,460,2440,0.875,0.326,str('intersection'),0.05,FALSE
5119,0.91,0,0.5,1.0,1,1,932,2948,0.548,0.391,str('intersection'),0.016,TRUE
5120,0.91,0,0.5,1.0,1,1,453,2180,0.079,0.914,str('intersection'),0.028,FALSE
5121,0.91,0,0.5,1.0,1,1,557,4594,0.938,0.383,str('kl'),0.089,FALSE
5122,0.91,0,0.5,1.0,1,1,3219,1893,0.389,0.621,str('intersection'),0.044,TRUE
5123,0.91,0,0.5,1.0,1,1,4252,3136,0.703,0.25,str('intersection'),0.031,FALSE
5124,0.91,0,0.5,1.0,1,1,1897,850,0.153,0.753,str('kl'),0.076,TRUE
5125,0.91,0,0.5,1.0,1,1,1424,2543,0.356,0.987,str('kl'),0.098,FALSE
5126,0.91,1,0.5,0.7686217868402409,0,2,4696,194,0.788,0.009,str('intersection'),0.052,TRUE
5127,0.91,0,0.5,1.0,1,1,2755,3937,0.12,0.637,str('intersection'),0.02,FALSE
5128,0.91,0,0.5,1.0,1,1,1050,1300,0.553,0.36,str('kl'),0.065,TRUE
5129,0.91,0,0.5,1.0,1,1,643,3741,0.047,0.099,str('intersection'),0.072,FALSE
5130,0.91,0,0.5,1.0,1,1,2976,1026,0.597,0.898,str('kl'),0.027,TRUE
5131,0.91,0,0.5,1.0,1,1,4477,4769,0.311,0.279,str('kl'),0.037,FALSE
5132,0.91,0,0.5,1.0,1,1,1827,2498,0.861,0.719,str('intersection'),0.082,TRUE
5133,0.91,0,0.5,1.0,1,1,2271,4191,0.63,0.522,str('intersection'),0.058,FALSE
5134,0.91,0,0.5,1.0,1,1,4004,1827,0.197,0.48,str('kl'),0.013,TRUE
5135,0.91,0,0.5,1.0,1,1,3469,3070,0.895,0.858,str('kl'),0.048,FALSE
5136,0.91,0,0.5,1.0,1,1,96,1781,0.802,0.814,str('intersection'),0.023,FALSE
5137,0.91,0,0.5,1.0,1,1,49,2861,0.571,0.684,str('kl'),0.013,TRUE
5138,0.91,0,0.5,1.0,1,1,3648,502,0.006,0.313,str('intersection'),0.058,FALSE
5139,0.91,0,0.5,1.0,1,1,3900,4254,0.836,0.941,str('intersection'),0.09,TRUE
5140,0.91,0,0.5,1.0,1,1,2482,1607,0.271,0.056,str('kl'),0.045,FALSE
5141,0.91,0,0.5,1.0,1,1,1696,4911,0.223,0.204,str('kl'),0.021,TRUE
5142,0.91,0,0.5,1.0,1,1,4657,2200,0.671,0.8,str('intersection'),0.067,FALSE
5143,0.91,0,0.5,1.0,1,1,2872,3454,0.487,0.429,str('intersection'),0.079,TRUE
5144,0.91,0,0.5,1.0,1,1,854,1158,0.935,0.574,str('kl'),0.034,FALSE
5145,0.91,0,0.5,1.0,1,1,1230,3883,0.414,0.843,str('intersection'),0.052,TRUE
5146,0.91,0,0.5,1.0,1,1,2625,1509,0.979,0.16,str('kl'),0.097,FALSE
5147,0.91,0,0.5,1.0,1,1,4907,2763,0.179,0.538,str('kl'),0.062,TRUE
5148,0.91,1,0.5,0.7686217868402409,0,2,1320,130,0.744,0.465,str('intersection'),0.017,FALSE
5149,0.91,0,0.5,1.0,1,1,2077,3434,0.763,0.294,str('intersection'),0.038,TRUE
5150,0.91,0,0.5,1.0,1,1,4121,709,0.315,0.703,str('kl'),0.083,FALSE
5151,0.91,0,0.5,1.0,1,1,3430,4461,0.528,0.083,str('kl'),0.073,TRUE
5152,0.91,0,0.5,1.0,1,1,525,673,0.685,0.12,str('intersection'),0.099,TRUE
5153,0.91,0,0.5,1.0,1,1,343,3260,0.293,0.583,str('kl'),0.016,TRUE
5154,0.91,0,0.5,1.0,1,1,3305,883,0.843,0.415,str('intersection'),0.061,FALSE
5155,0.91,0,0.5,1.0,1,1,4148,4639,0.061,0.793,str('intersection'),0.095,TRUE
5156,0.91,0,0.5,1.0,1,1,2127,2004,0.611,0.205,str('kl'),0.05,FALSE
5157,0.91,0,0.5,1.0,1,1,1351,4060,0.881,0.039,str('kl'),0.029,TRUE
5158,0.91,0,0.5,1.0,1,1,4953,1333,0.448,0.962,str('intersection'),0.074,FALSE
5159,0.91,0,0.5,1.0,1,1,2519,2588,0.648,0.343,str('intersection'),0.085,TRUE
5160,0.91,0,0.5,1.0,1,1,1100,305,0.215,0.659,str('kl'),0.04,FALSE
5161,0.91,0,0.5,1.0,1,1,881,4736,0.69,0.927,str('intersection'),0.044,TRUE
5162,0.91,0,0.5,1.0,1,1,2924,2375,0.14,0.073,str('kl'),0.089,FALSE
5163,0.91,0,0.5,1.0,1,1,4548,3630,0.955,0.701,str('kl'),0.056,TRUE
5164,0.91,0,0.5,1.0,1,1,1572,980,0.405,0.3,str('intersection'),0.011,FALSE
5165,0.91,0,0.5,1.0,1,1,2378,3037,0.103,0.443,str('intersection'),0.035,TRUE
5166,0.91,0,0.5,1.0,1,1,3771,324,0.536,0.556,str('kl'),0.08,FALSE
5167,0.91,0,0.5,1.0,1,1,3681,4080,0.369,0.186,str('kl'),0.068,TRUE
5168,0.91,0,0.5,1.0,1,1,3522,4725,0.148,0.396,str('intersection'),0.032,TRUE
5169,0.91,0,0.5,1.0,1,1,254,2385,0.713,0.603,str('kl'),0.077,FALSE
5170,0.91,0,0.5,1.0,1,1,304,4368,0.161,0.358,str('kl'),0.081,FALSE
5171,0.91,0,0.5,1.0,1,1,3579,1650,0.727,0.643,str('intersection'),0.036,TRUE
5172,0.91,0,0.5,1.0,1,1,3953,2896,0.427,0.023,str('intersection'),0.025,FALSE
5173,0.91,0,0.5,1.0,1,1,2245,623,0.992,0.978,str('kl'),0.07,TRUE
5174,0.91,0,0.5,1.0,1,1,1781,3568,0.514,0.778,str('kl'),0.094,FALSE
5175,0.91,0,0.5,1.0,1,1,4446,1201,0.066,0.221,str('intersection'),0.049,TRUE
5176,0.91,0,0.5,1.0,1,1,3106,4946,0.78,0.599,str('intersection'),0.015,FALSE
5177,0.91,0,0.5,1.0,1,1,749,2321,0.332,0.4,str('kl'),0.06,TRUE
5178,0.91,0,0.5,1.0,1,1,998,2720,0.822,0.139,str('intersection'),0.075,FALSE
5179,0.91,0,0.5,1.0,1,1,4820,3762,0.589,0.49,str('kl'),0.042,FALSE
5180,0.91,0,0.5,1.0,1,1,1533,1473,0.024,0.509,str('intersection'),0.087,TRUE
5181,0.91,0,0.5,1.0,1,1,2026,4418,0.469,0.748,str('intersection'),0.066,FALSE
5182,0.91,0,0.5,1.0,1,1,4356,2067,0.917,0.253,str('kl'),0.021,TRUE
5183,0.91,0,0.5,1.0,1,1,3172,3313,0.237,0.881,str('kl'),0.054,FALSE
5184,0.91,0,0.5,1.0,1,1,3326,2670,0.281,0.67,str('intersection'),0.091,FALSE
5185,0.91,2,0.5,0.6332742086579153,0,3,371,66,0.83,0.331,str('kl'),0.046,TRUE
5186,0.91,0,0.5,1.0,1,1,501,2656,0.191,0.872,str('intersection'),0.059,TRUE
5187,0.91,1,0.5,0.7686217868402409,0,2,3147,238,0.639,0.127,str('kl'),0.014,FALSE
5188,0.91,0,0.5,1.0,1,1,4306,3991,0.456,0.506,str('kl'),0.047,TRUE
5189,0.91,0,0.5,1.0,1,1,1968,1402,0.904,0.493,str('intersection'),0.092,FALSE
5190,0.91,0,0.5,1.0,1,1,1505,4667,0.603,0.264,str('intersection'),0.071,TRUE
5191,0.91,0,0.5,1.0,1,1,4799,1976,0.038,0.737,str('kl'),0.026,FALSE
5192,0.91,0,0.5,1.0,1,1,2673,3230,0.867,0.117,str('kl'),0.038,TRUE
5193,0.91,0,0.5,1.0,1,1,945,914,0.302,0.884,str('intersection'),0.083,FALSE
5194,0.91,0,0.5,1.0,1,1,728,4127,0.794,0.654,str('kl'),0.098,TRUE
5195,0.91,0,0.5,1.0,1,1,3078,1733,0.346,0.347,str('intersection'),0.053,FALSE
5196,0.91,0,0.5,1.0,1,1,4393,2987,0.558,0.975,str('intersection'),0.019,TRUE
5197,0.91,0,0.5,1.0,1,1,1726,374,0.11,0.027,str('kl'),0.064,FALSE
5198,0.91,0,0.5,1.0,1,1,2220,3639,0.383,0.232,str('kl'),0.088,TRUE
5199,0.91,0,0.5,1.0,1,1,3930,972,0.948,0.767,str('intersection'),0.043,FALSE
5200,0.91,0,0.5,1.0,1,1,3628,3674,0.621,0.57,str('intersection'),0.095,FALSE
5201,0.91,0,0.5,1.0,1,1,20,1093,0.055,0.434,str('kl'),0.05,TRUE
5202,0.91,0,0.5,1.0,1,1,150,4975,0.324,0.07,str('intersection'),0.039,FALSE
5203,0.91,0,0.5,1.0,1,1,3733,2293,0.757,0.931,str('kl'),0.084,TRUE
5204,0.91,0,0.5,1.0,1,1,3799,3537,0.089,0.311,str('kl'),0.072,FALSE
5205,0.91,0,0.5,1.0,1,1,2399,1231,0.522,0.69,str('intersection'),0.027,TRUE
5206,0.91,0,0.5,1.0,1,1,1623,2963,0.97,0.553,str('intersection'),0.051,FALSE
5207,0.91,0,0.5,1.0,1,1,4605,555,0.42,0.447,str('kl'),0.096,TRUE
5208,0.91,0,0.5,1.0,1,1,2947,4299,0.734,0.825,str('kl'),0.063,FALSE
5209,0.91,0,0.5,1.0,1,1,907,1720,0.184,0.174,str('intersection'),0.018,TRUE
5210,0.91,0,0.5,1.0,1,1,1157,3321,0.661,0.412,str('kl'),0.022,FALSE
5211,0.91,0,0.5,1.0,1,1,2569,665,0.228,0.587,str('intersection'),0.067,TRUE
5212,0.91,0,0.5,1.0,1,1,4979,4408,0.926,0.216,str('intersection'),0.078,FALSE
5213,0.91,0,0.5,1.0,1,1,1374,2078,0.493,0.782,str('kl'),0.033,TRUE
5214,0.91,0,0.5,1.0,1,1,2180,3810,0.016,0.959,str('kl'),0.012,FALSE
5215,0.91,0,0.5,1.0,1,1,4202,1426,0.565,0.042,str('intersection'),0.057,TRUE
5216,0.91,0,0.5,1.0,1,1,3277,3855,0.987,0.372,str('intersection'),0.024,TRUE
5217,0.91,0,0.5,1.0,1,1,607,1537,0.437,0.625,str('kl'),0.069,FALSE
5218,0.91,0,0.5,1.0,1,1,398,3948,0.545,0.172,str('intersection'),0.034,FALSE
5219,0.91,0,0.5,1.0,1,1,3378,1289,0.097,0.831,str('kl'),0.079,TRUE
5220,0.91,0,0.5,1.0,1,1,4093,2535,0.811,0.46,str('kl'),0.069,FALSE
5221,0.91,1,0.5,0.7686217868402409,0,2,2056,203,0.363,0.543,str('intersection'),0.024,TRUE
5222,0.91,0,0.5,1.0,1,1,1270,3187,0.131,0.715,str('intersection'),0.045,FALSE
5223,0.91,0,0.5,1.0,1,1,4850,801,0.696,0.282,str('kl'),0.09,TRUE
5224,0.91,0,0.5,1.0,1,1,2602,4546,0.396,0.91,str('kl'),0.055,FALSE
5225,0.91,0,0.5,1.0,1,1,1204,1940,0.961,0.088,str('intersection'),0.01,TRUE
5226,0.91,0,0.5,1.0,1,1,796,3101,0.438,0.325,str('kl'),0.029,FALSE
5227,0.91,0,0.5,1.0,1,1,2822,417,0.886,0.672,str('intersection'),0.074,TRUE
5228,0.91,0,0.5,1.0,1,1,4631,4162,0.205,0.052,str('intersection'),0.086,FALSE
5229,0.91,0,0.5,1.0,1,1,1673,1854,0.654,0.945,str('kl'),0.041,TRUE
5230,0.91,0,0.5,1.0,1,1,2430,4838,0.853,0.812,str('kl'),0.017,FALSE
5231,0.91,0,0.5,1.0,1,1,3845,2428,0.288,0.191,str('intersection'),0.062,TRUE
5232,0.91,0,0.5,1.0,1,1,3497,4036,0.657,0.985,str('intersection'),0.08,TRUE
5233,0.91,0,0.5,1.0,1,1,230,1357,0.232,0.014,str('kl'),0.035,FALSE
5234,0.91,0,0.5,1.0,1,1,202,3504,0.911,0.894,str('intersection'),0.065,TRUE
5235,0.91,0,0.5,1.0,1,1,3494,1108,0.479,0.103,str('kl'),0.02,FALSE
5236,0.91,0,0.5,1.0,1,1,4054,4864,0.679,0.731,str('kl'),0.055,TRUE
5237,0.91,0,0.5,1.0,1,1,2329,2248,0.246,0.266,str('intersection'),0.1,FALSE
5238,0.91,0,0.5,1.0,1,1,1855,4266,0.262,0.476,str('intersection'),0.076,TRUE
5239,0.91,1,0.5,0.7686217868402409,0,2,4498,1596,0.812,0.527,str('kl'),0.031,FALSE
5240,0.91,0,0.5,1.0,1,1,3031,2852,0.03,0.157,str('kl'),0.041,TRUE
5241,0.91,0,0.5,1.0,1,1,695,510,0.58,0.846,str('intersection'),0.086,FALSE
5242,0.91,0,0.5,1.0,1,1,1071,4531,0.072,0.616,str('kl'),0.093,TRUE
5243,0.91,0,0.5,1.0,1,1,2783,2111,0.505,0.387,str('intersection'),0.048,FALSE
5244,0.91,0,0.5,1.0,1,1,4749,3367,0.337,0.765,str('intersection'),0.016,TRUE
5245,0.91,0,0.5,1.0,1,1,1479,776,0.77,0.238,str('kl'),0.06,FALSE
5246,0.91,0,0.5,1.0,1,1,1923,2793,0.721,0.005,str('kl'),0.082,TRUE
5247,0.91,1,0.5,0.7686217868402409,0,2,4275,99,0.171,0.992,str('intersection'),0.037,FALSE
5248,0.91,0,0.5,1.0,1,1,1489,272,0.92,0.161,str('kl'),0.097,FALSE
5249,0.91,0,0.5,1.0,1,1,3546,2508,0.317,0.917,str('intersection'),0.018,TRUE
5250,0.91,0,0.5,1.0,1,1,4228,2344,0.643,0.284,str('intersection'),0.033,FALSE
5251,0.91,0,0.5,1.0,1,1,660,4893,0.118,0.541,str('kl'),0.067,TRUE
5252,0.91,0,0.5,1.0,1,1,443,1455,0.376,0.628,str('kl'),0.084,FALSE
5253,0.91,0,0.5,1.0,1,1,4670,3907,0.853,0.387,str('intersection'),0.027,TRUE
5254,0.91,0,0.5,1.0,1,1,2557,945,0.185,0.755,str('intersection'),0.045,FALSE
5255,0.91,1,0.5,0.7686217868402409,0,2,2067,4615,0.954,0.895,str('kl'),0.014,FALSE
5256,0.91,0,0.5,1.0,1,1,2805,3013,0.328,0.518,str('kl'),0.075,TRUE
5257,0.91,0,0.5,1.0,1,1,1077,348,0.753,0.483,str('intersection'),0.03,FALSE
5258,0.91,0,0.5,1.0,1,1,674,4614,0.276,0.245,str('kl'),0.011,TRUE
5259,0.91,0,0.5,1.0,1,1,3024,2028,0.834,0.756,str('intersection'),0.056,FALSE
5260,0.91,0,0.5,1.0,1,1,4525,3275,0.012,0.377,str('intersection'),0.089,TRUE
5261,0.91,0,0.5,1.0,1,1,1858,869,0.57,0.624,str('kl'),0.044,FALSE
5262,0.91,0,0.5,1.0,1,1,2322,2604,0.922,0.634,str('kl'),0.023,TRUE
5263,0.91,0,0.5,1.0,1,1,4032,291,0.497,0.365,str('intersection'),0.068,FALSE
5264,0.91,0,0.5,1.0,1,1,2173,411,0.634,0.733,str('intersection'),0.025,TRUE
5265,0.91,0,0.5,1.0,1,1,2940,2998,0.098,0.475,str('kl'),0.081,FALSE
5266,0.91,0,0.5,1.0,1,1,4912,2166,0.927,0.852,str('kl'),0.065,TRUE
5267,0.91,0,0.5,1.0,1,1,54,4441,0.344,0.095,str('intersection'),0.054,FALSE
5268,0.91,0,0.5,1.0,1,1,1048,1629,0.165,0.197,str('intersection'),0.015,TRUE
5269,0.91,0,0.5,1.0,1,1,3986,4353,0.576,0.938,str('kl'),0.093,FALSE
5270,0.91,0,0.5,1.0,1,1,3162,812,0.402,0.328,str('kl'),0.075,TRUE
5271,0.91,0,0.5,1.0,1,1,1726,3223,0.86,0.569,str('intersection'),0.042,FALSE
5272,0.91,0,0.5,1.0,1,1,1256,2199,0.44,0.878,str('kl'),0.047,TRUE
5273,0.91,0,0.5,1.0,1,1,3632,4942,0.789,0.137,str('intersection'),0.058,FALSE
5274,0.91,1,0.5,0.7686217868402409,0,2,4141,210,0.25,0.505,str('intersection'),0.088,TRUE
5275,0.91,0,0.5,1.0,1,1,893,2641,0.52,0.264,str('kl'),0.032,FALSE
5276,0.91,0,0.5,1.0,1,1,524,1079,0.98,0.411,str('kl'),0.038,TRUE
5277,0.91,0,0.5,1.0,1,1,4442,3646,0.257,0.668,str('intersection'),0.071,FALSE
5278,0.91,0,0.5,1.0,1,1,2785,1506,0.704,0.034,str('intersection'),0.098,TRUE
5279,0.91,0,0.5,1.0,1,1,2328,3761,0.058,0.791,str('kl'),0.02,FALSE
5280,0.91,0,0.5,1.0,1,1,604,3606,0.738,0.276,str('intersection'),0.051,TRUE
5281,0.91,0,0.5,1.0,1,1,424,1176,0.35,0.802,str('kl'),0.066,TRUE
5282,0.91,0,0.5,1.0,1,1,3379,3592,0.79,0.199,str('intersection'),0.021,FALSE
5283,0.91,0,0.5,1.0,1,1,4071,2336,0.114,0.577,str('intersection'),0.054,TRUE
5284,0.91,0,0.5,1.0,1,1,2048,4932,0.555,0.424,str('kl'),0.099,FALSE
5285,0.91,0,0.5,1.0,1,1,1271,1665,0.952,0.318,str('kl'),0.075,TRUE
5286,0.91,0,0.5,1.0,1,1,4876,4353,0.379,0.681,str('intersection'),0.03,FALSE
5287,0.91,0,0.5,1.0,1,1,1292,3176,0.987,0.648,str('kl'),0.049,FALSE
