index,ACCURACY,RUNTIME,transformed_accuracy,transformed_runtime,is_pareto,pareto_layer,recent_samples_size,n_samples,const,max_depth,threshold
0,0.69,3,0.42857142857142827,0.9204783050212851,0,6,1283,3647,0.518,11,0.377
1,0.64,3,0.19047619047619058,0.9204783050212851,0,11,2996,3093,9.34,9,0.692
2,0.71,4,0.5238095238095235,0.8948780372545735,0,5,4174,2460,1.483,18,0.813
3,0.7,6,0.4761904761904759,0.8562760731698561,0,8,879,840,2.169,10,0.996
4,0.71,14,0.5238095238095235,0.7688391327195245,0,15,3858,3272,5.964,14,0.08
5,0.71,5,0.5238095238095235,0.873961095464951,0,6,1879,3921,9.899,16,0.618
6,0.71,11,0.5238095238095235,0.7944394004862361,0,12,1591,1892,6.89,18,0.644
7,0.72,3,0.5714285714285712,0.9204783050212851,0,3,3612,4617,1.224,4,0.313
8,0.72,273,0.5714285714285712,0.43555245774968054,0,98,4771,312,8.346,13,0.183
9,0.72,3,0.5714285714285712,0.9204783050212851,0,3,4344,4863,7.893,8,0.497
10,0.69,3,0.42857142857142827,0.9204783050212851,0,6,3991,3996,2.555,3,0.631
11,0.64,779,0.19047619047619058,0.3155305042089569,0,111,203,569,9.682,15,0.146
12,0.67,2,0.33333333333333354,0.9534827904436659,0,7,1029,4419,7.001,12,0.123
13,0.68,7,0.38095238095238115,0.8409566100425703,0,11,4740,1009,0.216,5,0.608
14,0.7,3,0.4761904761904759,0.9204783050212851,0,5,1620,4143,7.983,4,0.882
15,0.72,8,0.5714285714285712,0.827443885908617,0,8,3228,663,7.738,9,0.684
16,0.71,4,0.5238095238095235,0.8948780372545735,0,5,1398,1579,4.235,8,0.271
17,0.73,27,0.6190476190476188,0.6972326832124263,0,26,2909,109,4.801,11,0.401
18,0.69,5,0.42857142857142827,0.873961095464951,0,8,4528,3583,6.475,10,0.238
19,0.64,3,0.19047619047619058,0.9204783050212851,0,11,660,2012,0.744,18,0.719
20,0.67,2,0.33333333333333354,0.9534827904436659,0,7,610,3005,3.434,20,0.509
21,0.69,5,0.42857142857142827,0.873961095464951,0,8,4243,1412,8.804,7,0.027
22,0.69,3,0.42857142857142827,0.9204783050212851,0,6,3323,4896,2.423,14,0.363
23,0.67,2,0.33333333333333354,0.9534827904436659,0,7,2111,844,5.341,2,0.845
24,0.72,2,0.5714285714285712,0.9534827904436659,0,2,2373,3438,1.584,6,0.496
25,0.67,5,0.33333333333333354,0.873961095464951,0,10,3740,2470,6.182,19,0.982
26,0.68,4,0.38095238095238115,0.8948780372545735,0,8,4182,2872,0.989,13,0.956
27,0.72,3,0.5714285714285712,0.9204783050212851,0,3,314,1301,6.873,5,0.443
28,0.68,3,0.38095238095238115,0.9204783050212851,0,7,916,3706,9.183,2,0.297
29,0.73,8,0.6190476190476188,0.827443885908617,0,7,4550,2113,3.66,15,0.81
30,0.72,17,0.5714285714285712,0.7479221909299021,0,17,4400,385,0.001,16,0.623
31,0.7,5,0.4761904761904759,0.873961095464951,0,7,3285,1059,6.331,6,0.545
32,0.73,101,0.6190476190476188,0.5489191221662102,0,74,3837,58,3.94,12,0.783
33,0.69,2,0.42857142857142827,0.9534827904436659,0,5,2403,4549,0.001,6,0.999
34,0.72,19,0.5714285714285712,0.7358346472971437,0,19,4162,537,5.227,12,0.72
35,0.72,20,0.5714285714285712,0.7302371686348071,0,20,4336,697,4.469,16,0.101
36,0.69,2,0.42857142857142827,0.9534827904436659,0,5,529,2611,3.235,5,0.001
37,0.73,8,0.6190476190476188,0.827443885908617,0,7,4668,865,4.749,19,0.388
38,0.71,3,0.5238095238095235,0.9204783050212851,0,4,1724,4018,0.001,6,0.001
39,0.73,112,0.6190476190476188,0.537169503829286,0,76,4146,210,5.159,12,0.777
40,0.65,2,0.23809523809523822,0.9534827904436659,0,9,142,3762,2.799,4,0.001
41,0.66,3,0.28571428571428586,0.9204783050212851,0,9,1061,2075,1.274,5,0.001
42,0.71,9,0.5238095238095235,0.8153563422758585,0,10,4331,738,5.282,6,0.999
43,0.71,2,0.5238095238095235,0.9534827904436659,0,3,1028,4700,0.001,1,0.639
44,0.67,2,0.33333333333333354,0.9534827904436659,0,7,1769,4844,0.001,7,0.789
45,0.72,244,0.5714285714285712,0.44838679363685585,0,95,4884,531,4.681,19,0.001
46,0.73,8,0.6190476190476188,0.827443885908617,0,7,4297,1046,5.41,9,0.999
47,0.71,2,0.5238095238095235,0.9534827904436659,0,3,126,3311,2.037,1,0.417
48,0.71,138,0.5238095238095235,0.5134114344221506,0,83,3650,625,3.275,12,0.745
49,0.73,36,0.6190476190476188,0.6652571334313298,0,35,4080,168,4.448,13,0.616
50,0.68,2,0.38095238095238115,0.9534827904436659,0,6,1,2163,4.041,5,0.001
51,0.69,3,0.42857142857142827,0.9204783050212851,0,6,2675,1669,0.001,11,0.999
52,0.72,5,0.5714285714285712,0.873961095464951,0,5,950,737,0.001,3,0.083
53,0.73,13,0.6190476190476188,0.7767543781911412,0,12,3581,399,3.173,11,0.999
54,0.68,3,0.38095238095238115,0.9204783050212851,0,7,203,564,3.829,1,0.001
55,0.73,26,0.6190476190476188,0.7014049813735679,0,25,4118,243,0.001,9,0.752
56,0.73,21,0.6190476190476188,0.7249001340230028,0,20,3562,239,0.001,8,0.492
57,0.73,36,0.6190476190476188,0.6652571334313298,0,35,4555,176,0.001,9,0.876
58,0.74,23,0.6666666666666665,0.7149177055075211,0,11,3204,229,10.0,8,0.321
59,0.73,55,0.6190476190476188,0.6177109882337113,0,54,3743,98,0.001,8,0.684
60,0.72,49,0.5714285714285712,0.6307126845517171,0,49,3919,127,10.0,8,0.65
61,0.72,267,0.5714285714285712,0.4380926107040225,0,97,3284,227,10.0,20,0.147
62,0.73,86,0.6190476190476188,0.5671679075367372,0,67,3439,259,10.0,18,0.874
63,0.73,19,0.6190476190476188,0.7358346472971437,0,18,5000,317,0.001,10,0.999
64,0.73,113,0.6190476190476188,0.5361586994491994,0,77,2993,242,10.0,20,0.431
65,0.72,19,0.5714285714285712,0.7358346472971437,0,19,3367,228,0.001,19,0.687
66,0.74,85,0.6666666666666665,0.5684942293028286,0,55,4834,261,10.0,8,0.787
67,0.69,14,0.42857142857142827,0.7688391327195245,0,17,2991,894,10.0,20,0.232
68,0.74,13,0.6666666666666665,0.7767543781911412,0,4,2882,217,0.001,2,0.001
69,0.74,25,0.6666666666666665,0.7057347614468623,0,13,3442,178,10.0,16,0.999
70,0.73,83,0.6190476190476188,0.5711937786773773,0,66,4186,226,10.0,18,0.239
71,0.73,12,0.6190476190476188,0.7852564564255772,0,11,2750,222,0.001,19,0.001
72,0.72,17,0.5714285714285712,0.7479221909299021,0,17,2642,249,0.001,20,0.258
73,0.74,23,0.6666666666666665,0.7149177055075211,0,11,3430,181,10.0,8,0.844
74,0.7,34,0.4761904761904759,0.6716324154457147,0,34,2375,267,10.0,17,0.999
75,0.72,607,0.5714285714285712,0.34411082406938864,0,105,2420,226,10.0,20,0.001
76,0.7,5,0.4761904761904759,0.873961095464951,0,7,2228,211,0.001,7,0.557
77,0.73,33,0.6190476190476188,0.6749580267012592,0,32,1169,236,10.0,7,0.478
78,0.74,56,0.6666666666666665,0.6156803944279142,0,36,4333,109,0.001,9,0.999
79,0.73,20,0.6190476190476188,0.7302371686348071,0,19,3587,234,0.001,8,0.276
80,0.72,3,0.5714285714285712,0.9204783050212851,0,3,2833,1588,10.0,20,0.001
81,0.68,2,0.38095238095238115,0.9534827904436659,0,6,1,3288,0.001,1,0.999
82,0.67,2,0.33333333333333354,0.9534827904436659,0,7,165,2764,0.001,3,0.953
83,0.72,40,0.5714285714285712,0.653480078634873,0,40,3978,218,10.0,6,0.001
84,0.71,50,0.5238095238095235,0.628440817144925,0,50,386,233,10.0,9,0.328
85,0.76,6112,0.7619047619047618,0.07932446709216734,0,34,4325,1,9.241,14,0.999
86,0.76,5854,0.7619047619047618,0.08427162277900091,0,26,4295,1,10.0,10,0.999
87,0.76,6018,0.7619047619047618,0.08110231377529031,0,32,4652,1,1.145,14,0.999
88,0.73,57,0.6190476190476188,0.6136851170930713,0,55,4269,116,3.802,14,0.999
89,0.76,4541,0.7619047619047618,0.113403716991474,0,13,3610,1,5.287,14,0.999
90,0.76,6495,0.7619047619047618,0.07235271536935295,0,42,4141,1,8.45,15,0.999
91,0.76,6140,0.7619047619047618,0.07880017769600434,0,36,5000,1,7.963,14,0.999
92,0.76,5901,0.7619047619047618,0.08335435990439144,0,28,4886,1,1.44,11,0.999
93,0.76,5985,0.7619047619047618,0.08173304311314289,0,30,5000,1,10.0,18,0.964
94,0.76,6258,0.7619047619047618,0.0766166254134979,0,39,4715,1,3.758,13,0.999
95,0.76,5035,0.7619047619047618,0.1015589146394118,0,19,3837,1,8.818,10,0.999
96,0.76,5946,0.7619047619047618,0.08248294884938956,0,29,3753,1,4.892,13,0.999
97,0.76,5721,0.7619047619047618,0.08690774096915121,0,23,5000,1,9.344,10,0.999
98,0.76,6251,0.7619047619047618,0.07674500507439186,0,38,4894,1,9.603,9,0.999
99,0.76,5889,0.7619047619047618,0.08358785840084693,0,27,4677,1,3.789,17,0.666
100,0.75,1349,0.7142857142857141,0.25259597094657005,0,11,2436,1,7.296,12,0.999
101,0.76,6366,0.7619047619047618,0.07465390370574632,0,40,5000,1,7.018,13,0.999
102,0.71,590,0.5238095238095235,0.3473643105448969,0,106,2045,1,10.0,3,0.001
103,0.74,925,0.6666666666666665,0.295845857349713,0,74,259,1,7.453,11,0.999
104,0.75,4452,0.7142857142857141,0.11567406887914788,0,20,3317,1,10.0,14,0.999
105,0.76,7123,0.7619047619047618,0.06176552421782777,0,43,4039,1,1.394,14,0.999
106,0.76,4571,0.7619047619047618,0.11264844398727503,0,14,3605,1,6.794,11,0.999
107,0.76,5797,0.7619047619047618,0.08539397904591217,0,24,4066,1,7.604,14,0.999
108,0.81,86,1.0,0.5671679075367372,0,3,1,1,8.129,5,0.95
109,0.76,5999,0.7619047619047618,0.081465037356382,0,31,3986,1,0.915,10,0.999
110,0.71,458,0.5238095238095235,0.37636300807482703,0,103,5000,1,9.927,1,0.001
111,0.71,674,0.5238095238095235,0.332117665925285,0,109,785,1,9.137,4,0.393
112,0.76,7136,0.7619047619047618,0.06155636179892765,0,44,4314,1,9.539,15,0.999
113,0.73,260,0.6190476190476188,0.4411290030016881,0,96,4681,29,6.62,16,0.875
114,0.74,793,0.6666666666666665,0.31348958918008685,0,70,3700,8,6.791,16,0.66
115,0.73,7,0.6190476190476188,0.8409566100425703,0,6,146,76,10.0,1,0.929
116,0.72,2,0.5714285714285712,0.9534827904436659,0,2,1,2392,10.0,1,0.999
117,0.73,23,0.6190476190476188,0.7149177055075211,0,22,1273,365,10.0,4,0.475
118,0.66,3,0.28571428571428586,0.9204783050212851,0,9,5000,4314,0.001,20,0.999
119,0.73,4,0.6190476190476188,0.8948780372545735,0,3,30,40,8.5,1,0.916
120,0.69,3,0.42857142857142827,0.9204783050212851,0,6,2102,345,0.001,1,0.001
121,0.7,2,0.4761904761904759,0.9534827904436659,0,4,1,95,10.0,1,0.99
122,0.68,2,0.38095238095238115,0.9534827904436659,0,6,1,893,0.001,1,0.001
123,0.66,3,0.28571428571428586,0.9204783050212851,0,9,5000,4262,0.001,1,0.001
124,0.67,1129,0.33333333333333354,0.27300415112642973,0,113,1,974,10.0,20,0.688
125,0.73,48,0.6190476190476188,0.6330304513609974,0,47,4949,128,0.001,16,0.434
126,0.7,20,0.4761904761904759,0.7302371686348071,0,21,235,377,10.0,6,0.558
127,0.7,2,0.4761904761904759,0.9534827904436659,0,4,1,1443,0.001,8,0.43
128,0.72,2,0.5714285714285712,0.9534827904436659,0,2,1,66,0.016,1,0.947
129,0.71,6,0.5238095238095235,0.8562760731698561,0,7,5000,4160,10.0,20,0.001
130,0.67,1379,0.33333333333333354,0.2500744286752099,0,116,1,1091,10.0,20,0.001
131,0.66,3,0.28571428571428586,0.9204783050212851,0,9,5000,4313,0.001,7,0.999
132,0.71,3,0.5238095238095235,0.9204783050212851,0,4,5000,4179,0.738,1,0.001
133,0.63,2,0.14285714285714293,0.9534827904436659,0,11,1,1145,0.001,10,0.001
134,0.68,2,0.38095238095238115,0.9534827904436659,0,6,1,97,0.001,2,0.941
135,0.7,3,0.4761904761904759,0.9204783050212851,0,5,5000,3350,10.0,20,0.999
136,0.72,3,0.5714285714285712,0.9204783050212851,0,3,1920,4221,0.001,1,0.001
137,0.73,68,0.6190476190476188,0.5937614763567811,0,60,5000,106,10.0,20,0.001
138,0.67,2,0.33333333333333354,0.9534827904436659,0,7,743,3529,0.001,1,0.671
139,0.71,2,0.5238095238095235,0.9534827904436659,0,3,1,996,10.0,1,0.001
140,0.66,2,0.28571428571428586,0.9534827904436659,0,8,1,4198,0.001,8,0.001
141,0.73,48,0.6190476190476188,0.6330304513609974,0,47,5000,120,0.001,1,0.001
142,0.63,3,0.14285714285714293,0.9204783050212851,0,12,4998,4247,0.001,20,0.02
143,0.69,17,0.42857142857142827,0.7479221909299021,0,19,1,4298,10.0,20,0.999
144,0.65,18,0.23809523809523822,0.7417192989629633,0,23,5000,4319,10.0,20,0.001
145,0.72,3,0.5714285714285712,0.9204783050212851,0,3,1,98,10.0,7,0.999
146,0.73,45,0.6190476190476188,0.6402786859131152,0,44,5000,146,10.0,13,0.999
147,0.7,51,0.4761904761904759,0.6262130664681473,0,53,1,482,10.0,6,0.999
148,0.74,76,0.6666666666666665,0.581176207192859,0,50,4254,83,10.0,12,0.999
149,0.81,113,1.0,0.5361586994491994,0,4,1,1,10.0,7,0.999
150,0.65,21,0.23809523809523822,0.7249001340230028,0,24,1,701,10.0,6,0.999
151,0.74,31,0.6666666666666665,0.6819132200851403,0,18,5000,197,10.0,20,0.999
152,0.76,3054,0.7619047619047618,0.15890247830615645,0,9,1115,1,10.0,7,0.999
153,0.69,2,0.42857142857142827,0.9534827904436659,0,5,1,1808,10.0,6,0.999
154,0.72,36,0.5714285714285712,0.6652571334313298,0,36,1905,154,10.0,8,0.999
155,0.69,2,0.42857142857142827,0.9534827904436659,0,5,1,1446,10.0,5,0.999
156,0.73,2,0.6190476190476188,0.9534827904436659,1,1,1,136,10.0,6,0.999
157,0.7,14,0.4761904761904759,0.7688391327195245,0,16,5000,1275,10.0,20,0.001
158,0.73,144,0.6190476190476188,0.5085631543476448,0,85,5000,525,10.0,14,0.999
159,0.73,98,0.6190476190476188,0.5523440199316199,0,72,5000,62,10.0,13,0.999
160,0.73,32,0.6190476190476188,0.6783829244666688,0,31,4643,196,10.0,12,0.999
161,0.7,2,0.4761904761904759,0.9534827904436659,0,4,1,1283,10.0,5,0.999
162,0.74,39,0.6666666666666665,0.6563129523184288,0,25,5000,153,0.001,20,0.999
163,0.69,4,0.42857142857142827,0.8948780372545735,0,7,5000,1831,0.001,20,0.999
164,0.72,9,0.5714285714285712,0.8153563422758585,0,9,5000,1265,10.0,11,0.999
165,0.68,4,0.38095238095238115,0.8948780372545735,0,8,5000,2400,10.0,20,0.001
166,0.62,2,0.09523809523809529,0.9534827904436659,0,12,1,2177,10.0,5,0.999
167,0.71,9,0.5238095238095235,0.8153563422758585,0,10,5000,1701,10.0,20,0.001
168,0.7,2,0.4761904761904759,0.9534827904436659,0,4,2690,5000,10.0,1,0.001
169,0.71,3,0.5238095238095235,0.9204783050212851,0,4,1,363,10.0,7,0.999
170,0.73,38,0.6190476190476188,0.6592175518905282,0,37,3243,94,10.0,10,0.999
171,0.72,19,0.5714285714285712,0.7358346472971437,0,19,5000,416,10.0,12,0.999
172,0.72,6,0.5714285714285712,0.8562760731698561,0,6,5000,1204,0.001,20,0.999
173,0.7,3,0.4761904761904759,0.9204783050212851,0,5,5000,4734,10.0,1,0.999
174,0.68,7,0.38095238095238115,0.8409566100425703,0,11,5000,2151,10.0,17,0.001
175,0.73,23,0.6190476190476188,0.7149177055075211,0,22,3096,324,10.0,5,0.752
176,0.69,6,0.42857142857142827,0.8562760731698561,0,9,5000,4020,10.0,19,0.001
177,0.68,4,0.38095238095238115,0.8948780372545735,0,8,5000,2021,10.0,13,0.999
178,0.7,7,0.4761904761904759,0.8409566100425703,0,9,5000,3905,10.0,20,0.001
179,0.72,499,0.5714285714285712,0.3665473318488608,0,103,5000,741,10.0,17,0.999
180,0.73,12,0.6190476190476188,0.7852564564255772,0,11,2852,351,10.0,3,0.999
181,0.69,3,0.42857142857142827,0.9204783050212851,0,6,772,3389,4.688,10,0.001
182,0.69,4,0.42857142857142827,0.8948780372545735,0,7,5000,3076,10.0,20,0.001
183,0.73,6,0.6190476190476188,0.8562760731698561,0,5,3319,3939,10.0,20,0.001
184,0.71,5,0.5238095238095235,0.873961095464951,0,6,2530,4048,10.0,20,0.001
185,0.74,62,0.6666666666666665,0.6041982640997582,0,41,3764,124,10.0,20,0.629
186,0.69,4,0.42857142857142827,0.8948780372545735,0,7,5000,3789,10.0,1,0.999
187,0.69,2,0.42857142857142827,0.9534827904436659,0,5,1,2431,10.0,1,0.001
188,0.69,3,0.42857142857142827,0.9204783050212851,0,6,2887,3367,0.001,13,0.001
189,0.69,2,0.42857142857142827,0.9534827904436659,0,5,2850,4109,10.0,1,0.001
190,0.72,5,0.5714285714285712,0.873961095464951,0,5,5000,4070,10.0,20,0.999
191,0.71,6,0.5238095238095235,0.8562760731698561,0,7,5000,3821,10.0,20,0.866
192,0.72,4,0.5714285714285712,0.8948780372545735,0,4,5000,4070,10.0,12,0.001
193,0.73,51,0.6190476190476188,0.6262130664681473,0,50,4965,155,7.435,1,0.999
194,0.74,45,0.6666666666666665,0.6402786859131152,0,30,3282,103,9.731,1,0.001
195,0.7,4,0.4761904761904759,0.8948780372545735,0,6,5000,2949,10.0,1,0.001
196,0.65,4,0.23809523809523822,0.8948780372545735,0,11,5000,2043,0.001,8,0.999
197,0.7,3,0.4761904761904759,0.9204783050212851,0,5,5000,3153,10.0,20,0.96
198,0.69,4,0.42857142857142827,0.8948780372545735,0,7,5000,2621,10.0,1,0.999
199,0.7,4,0.4761904761904759,0.8948780372545735,0,6,5000,2920,10.0,20,0.001
200,0.67,3,0.33333333333333354,0.9204783050212851,0,8,5000,3092,10.0,8,0.999
201,0.67,2,0.33333333333333354,0.9534827904436659,0,7,1,3403,10.0,20,0.001
202,0.72,9,0.5714285714285712,0.8153563422758585,0,9,3695,664,0.001,2,0.001
203,0.66,4,0.28571428571428586,0.8948780372545735,0,10,1,4048,10.0,20,0.001
204,0.69,2,0.42857142857142827,0.9534827904436659,0,5,497,2448,0.001,1,0.493
205,0.68,5,0.38095238095238115,0.873961095464951,0,9,2743,3821,10.0,20,0.001
206,0.74,48,0.6666666666666665,0.6330304513609974,0,31,3605,104,0.001,1,0.001
207,0.68,5,0.38095238095238115,0.873961095464951,0,9,2804,3949,10.0,20,0.999
208,0.72,8,0.5714285714285712,0.827443885908617,0,8,5000,935,0.001,20,0.001
209,0.72,5,0.5714285714285712,0.873961095464951,0,5,5000,1555,0.001,20,0.38
210,0.71,10,0.5238095238095235,0.8044218290017178,0,11,1,1664,10.0,17,0.001
211,0.68,4,0.38095238095238115,0.8948780372545735,0,8,5000,2237,0.001,18,0.999
212,0.71,7,0.5238095238095235,0.8409566100425703,0,8,1,33,10.0,6,0.999
213,0.69,5,0.42857142857142827,0.873961095464951,0,8,5000,1548,0.001,1,0.999
214,0.68,6,0.38095238095238115,0.8562760731698561,0,10,5000,1533,0.001,20,0.001
215,0.63,2,0.14285714285714293,0.9534827904436659,0,11,1,2555,10.0,1,0.999
216,0.69,4,0.42857142857142827,0.8948780372545735,0,7,3539,1554,0.001,20,0.782
217,0.69,3,0.42857142857142827,0.9204783050212851,0,6,3923,3755,10.0,20,0.001
218,0.72,312,0.5714285714285712,0.42028534486514135,0,100,2549,304,10.0,12,0.001
219,0.72,3,0.5714285714285712,0.9204783050212851,0,3,1,52,10.0,6,0.999
220,0.68,5,0.38095238095238115,0.873961095464951,0,9,1511,3838,10.0,20,0.001
221,0.7,3,0.4761904761904759,0.9204783050212851,0,5,5000,3926,0.001,13,0.999
222,0.68,2,0.38095238095238115,0.9534827904436659,0,6,1,3162,10.0,1,0.001
223,0.68,3,0.38095238095238115,0.9204783050212851,0,7,1322,1684,0.001,20,0.001
224,0.69,2,0.42857142857142827,0.9534827904436659,0,5,1,1708,10.0,8,0.001
225,0.69,2,0.42857142857142827,0.9534827904436659,0,5,1,1364,10.0,1,0.001
226,0.64,4,0.19047619047619058,0.8948780372545735,0,12,2274,3820,10.0,20,0.681
227,0.7,3,0.4761904761904759,0.9204783050212851,0,5,1795,3759,10.0,20,0.999
228,0.65,3,0.23809523809523822,0.9204783050212851,0,10,1,1774,10.0,20,0.001
229,0.67,2,0.33333333333333354,0.9534827904436659,0,7,245,1591,7.259,20,0.999
230,0.64,2,0.19047619047619058,0.9534827904436659,0,10,1,4568,0.001,1,0.001
231,0.71,23,0.5238095238095235,0.7149177055075211,0,23,5000,930,10.0,16,0.001
232,0.71,15,0.5238095238095235,0.7614349150638553,0,16,5000,565,0.001,2,0.999
233,0.68,3,0.38095238095238115,0.9204783050212851,0,7,3353,3796,0.001,20,0.001
234,0.67,2,0.33333333333333354,0.9534827904436659,0,7,1,3627,0.001,20,0.999
235,0.72,19,0.5714285714285712,0.7358346472971437,0,19,4853,312,10.0,1,0.324
236,0.75,2386,0.7142857142857141,0.187210119333599,0,14,791,1,10.0,20,0.999
237,0.76,4596,0.7619047619047618,0.11202282593029556,0,15,1848,1,10.0,1,0.999
238,0.73,8,0.6190476190476188,0.827443885908617,0,7,5000,735,10.0,1,0.001
239,0.73,22,0.6190476190476188,0.7198003808918302,0,21,1,13,10.0,20,0.999
240,0.71,3,0.5238095238095235,0.9204783050212851,0,4,5000,2788,0.001,20,0.001
241,0.74,67,0.6666666666666665,0.5954363317225442,0,45,217,34,10.0,20,0.997
242,0.74,18,0.6666666666666665,0.7417192989629633,0,8,5000,335,0.001,1,0.037
243,0.76,4971,0.7619047619047618,0.10302624789485892,0,18,1348,1,0.001,20,0.999
244,0.73,10,0.6190476190476188,0.8044218290017178,0,9,4928,631,10.0,1,0.31
245,0.73,17,0.6190476190476188,0.7479221909299021,0,16,4908,358,10.0,1,0.485
246,0.72,8,0.5714285714285712,0.827443885908617,0,8,5000,759,0.001,1,0.001
247,0.73,1193,0.6190476190476188,0.26668376172313446,0,108,5000,468,10.0,20,0.713
248,0.74,49,0.6666666666666665,0.6307126845517171,0,32,4792,123,10.0,1,0.575
249,0.73,153,0.6190476190476188,0.501654512214144,0,87,5000,320,0.001,20,0.001
250,0.74,1586,0.6666666666666665,0.23404016226989632,0,76,559,1,10.0,1,0.999
251,0.72,11,0.5714285714285712,0.7944394004862361,0,11,5000,657,0.001,20,0.001
252,0.71,3,0.5238095238095235,0.9204783050212851,0,4,5000,3467,0.001,1,0.999
253,0.73,31,0.6190476190476188,0.6819132200851403,0,30,5000,202,10.0,1,0.042
254,0.73,350,0.6190476190476188,0.4071397428204303,0,101,4964,328,10.0,20,0.536
255,0.76,5851,0.7619047619047618,0.08433042121967749,0,25,1975,1,10.0,20,0.999
256,0.81,39,1.0,0.6563129523184288,0,2,1,1,10.0,1,0.999
257,0.75,12,0.7142857142857141,0.7852564564255772,0,3,84,48,10.0,20,0.729
258,0.72,9,0.5714285714285712,0.8153563422758585,0,9,5000,706,0.001,20,0.383
259,0.76,4745,0.7619047619047618,0.10836328250666338,0,17,1333,1,10.0,20,0.999
260,0.71,6,0.5238095238095235,0.8562760731698561,0,7,5000,1386,0.001,1,0.614
261,0.73,21,0.6190476190476188,0.7249001340230028,0,20,5000,295,10.0,1,0.001
262,0.71,2,0.5238095238095235,0.9534827904436659,0,3,1,5000,10.0,20,0.751
263,0.81,328,1.0,0.41456575277457675,0,6,1,1,10.0,20,0.999
264,0.74,2272,0.6666666666666665,0.1928244211582194,0,82,2749,1,10.0,20,0.999
265,0.72,6,0.5714285714285712,0.8562760731698561,0,6,1,58,10.0,20,0.526
266,0.74,11,0.6666666666666665,0.7944394004862361,0,3,55,44,10.0,20,0.999
267,0.73,52,0.6190476190476188,0.6240277517285981,0,51,4927,120,10.0,1,0.294
268,0.73,79,0.6190476190476188,0.5767912573397138,0,64,694,27,10.0,1,0.821
269,0.7,8,0.4761904761904759,0.827443885908617,0,10,5000,813,0.001,20,0.001
270,0.72,6,0.5714285714285712,0.8562760731698561,0,6,1,1500,10.0,20,0.001
271,0.71,2,0.5238095238095235,0.9534827904436659,0,3,1,4572,10.0,20,0.999
272,0.81,32,1.0,0.6783829244666688,1,1,1,1,0.001,1,0.999
273,0.73,45,0.6190476190476188,0.6402786859131152,0,44,5000,132,10.0,20,0.572
274,0.73,13,0.6190476190476188,0.7767543781911412,0,12,5000,445,0.001,20,0.001
275,0.72,13,0.5714285714285712,0.7767543781911412,0,13,5000,457,0.001,1,0.999
276,0.67,3,0.33333333333333354,0.9204783050212851,0,8,5000,3452,10.0,1,0.001
277,0.71,2,0.5238095238095235,0.9534827904436659,0,3,1,4853,0.001,1,0.999
278,0.73,53,0.6190476190476188,0.621883286394853,0,52,5000,108,10.0,1,0.001
279,0.74,5,0.6666666666666665,0.873961095464951,0,2,69,59,10.0,1,0.544
280,0.72,6,0.5714285714285712,0.8562760731698561,0,6,5000,1183,10.0,1,0.065
281,0.72,17,0.5714285714285712,0.7479221909299021,0,17,5000,355,10.0,1,0.999
282,0.75,3338,0.7142857142857141,0.14870432084964136,0,18,1307,1,10.0,1,0.999
283,0.67,2,0.33333333333333354,0.9534827904436659,0,7,1,3403,10.0,20,0.999
284,0.73,19,0.6190476190476188,0.7358346472971437,0,18,1248,317,0.001,20,0.001
285,0.72,19,0.5714285714285712,0.7358346472971437,0,19,5000,301,0.001,1,0.508
286,0.73,40,0.6190476190476188,0.653480078634873,0,39,5000,150,10.0,20,0.001
287,0.74,15,0.6666666666666665,0.7614349150638553,0,6,5000,410,10.0,1,0.001
288,0.73,12,0.6190476190476188,0.7852564564255772,0,11,5000,490,0.001,1,0.283
289,0.72,27,0.5714285714285712,0.6972326832124263,0,27,1,22,0.001,20,0.878
290,0.72,6,0.5714285714285712,0.8562760731698561,0,6,2,68,10.0,20,0.372
291,0.81,555,1.0,0.3543680444647208,0,7,1,1,0.001,20,0.999
292,0.71,9,0.5238095238095235,0.8153563422758585,0,10,1,4788,10.0,20,0.999
293,0.73,907,0.6190476190476188,0.29809790347881426,0,106,232,1,10.0,20,0.737
294,0.72,3,0.5714285714285712,0.9204783050212851,0,3,1,18,10.0,1,0.999
295,0.74,2182,0.6666666666666665,0.19745938719132006,0,81,600,1,0.001,20,0.999
296,0.68,13,0.38095238095238115,0.7767543781911412,0,16,3404,1290,10.0,20,0.999
297,0.71,10,0.5238095238095235,0.8044218290017178,0,11,5000,1295,10.0,20,0.631
298,0.72,2,0.5714285714285712,0.9534827904436659,0,2,1,39,10.0,1,0.999
299,0.64,3,0.19047619047619058,0.9204783050212851,0,11,5000,3543,0.001,20,0.999
300,0.64,2,0.19047619047619058,0.9534827904436659,0,10,1,4455,0.001,1,0.999
301,0.68,2,0.38095238095238115,0.9534827904436659,0,6,1,2832,0.001,1,0.001
302,0.66,2,0.28571428571428586,0.9534827904436659,0,8,1,4945,0.001,1,0.001
303,0.72,1003,0.5714285714285712,0.2865676500144708,0,107,5000,604,10.0,20,0.999
304,0.71,7,0.5238095238095235,0.8409566100425703,0,8,5000,1136,10.0,1,0.999
305,0.73,4,0.6190476190476188,0.8948780372545735,0,3,1,13,0.001,1,0.999
306,0.73,16,0.6190476190476188,0.754479721679974,0,15,1917,350,0.001,20,0.999
307,0.68,3,0.38095238095238115,0.9204783050212851,0,7,5000,4105,0.001,1,0.999
308,0.75,2389,0.7142857142857141,0.18706602190416055,0,15,898,1,0.001,1,0.999
309,0.73,18,0.6190476190476188,0.7417192989629633,0,17,5000,351,0.001,20,0.999
310,0.72,10,0.5714285714285712,0.8044218290017178,0,10,5000,582,10.0,1,0.001
311,0.73,12,0.6190476190476188,0.7852564564255772,0,11,5000,559,0.001,1,0.001
312,0.67,4,0.33333333333333354,0.8948780372545735,0,9,3011,1360,10.0,1,0.999
313,0.72,2,0.5714285714285712,0.9534827904436659,0,2,1,30,0.001,1,0.999
314,0.64,2,0.19047619047619058,0.9534827904436659,0,10,1,4661,10.0,1,0.999
315,0.73,3,0.6190476190476188,0.9204783050212851,0,2,1,21,0.001,1,0.999
316,0.68,3,0.38095238095238115,0.9204783050212851,0,7,5000,5000,10.0,1,0.001
317,0.71,2,0.5238095238095235,0.9534827904436659,0,3,1,5000,10.0,20,0.001
318,0.69,6,0.42857142857142827,0.8562760731698561,0,9,5000,1162,10.0,1,0.702
319,0.69,16,0.42857142857142827,0.754479721679974,0,18,5000,1645,10.0,20,0.999
320,0.64,2,0.19047619047619058,0.9534827904436659,0,10,1,4726,0.001,1,0.999
321,0.73,15,0.6190476190476188,0.7614349150638553,0,14,5000,1047,10.0,20,0.999
322,0.74,27,0.6666666666666665,0.6972326832124263,0,15,5000,224,0.001,1,0.001
323,0.71,10,0.5238095238095235,0.8044218290017178,0,11,5000,630,10.0,1,0.999
324,0.68,3,0.38095238095238115,0.9204783050212851,0,7,1643,2869,0.001,1,0.001
325,0.74,48,0.6666666666666665,0.6330304513609974,0,31,5000,123,10.0,20,0.999
326,0.69,6,0.42857142857142827,0.8562760731698561,0,9,1,74,0.001,20,0.999
327,0.74,256,0.6666666666666665,0.4429008614636072,0,62,4534,28,0.001,1,0.999
328,0.7,6,0.4761904761904759,0.8562760731698561,0,8,1,67,10.0,20,0.999
329,0.73,483,0.6190476190476188,0.37027857306729073,0,102,5000,348,10.0,20,0.001
330,0.73,64,0.6190476190476188,0.6006127987014358,0,58,5000,100,10.0,20,0.999
331,0.73,71,0.6190476190476188,0.5888788009724721,0,61,4951,93,0.001,20,0.999
332,0.72,7,0.5714285714285712,0.8409566100425703,0,7,1,50,10.0,20,0.999
333,0.74,1053,0.6666666666666665,0.28099193884199913,0,75,2130,1,0.001,20,0.999
334,0.73,15,0.6190476190476188,0.7614349150638553,0,14,3611,349,0.001,1,0.001
335,0.72,21,0.5714285714285712,0.7249001340230028,0,21,1,23,10.0,20,0.999
336,0.73,41,0.6190476190476188,0.6507154736560923,0,40,4,33,10.0,20,0.999
337,0.74,58,0.6666666666666665,0.6117239487387052,0,38,2930,55,0.001,20,0.999
338,0.71,8,0.5238095238095235,0.827443885908617,0,9,5000,794,0.001,1,0.999
339,0.74,42,0.6666666666666665,0.6480159242815434,0,27,5000,145,0.001,1,0.999
340,0.73,43,0.6190476190476188,0.6453784390442879,0,42,3965,147,10.0,20,0.999
341,0.73,8,0.6190476190476188,0.827443885908617,0,7,5000,858,0.001,1,0.999
342,0.74,57,0.6666666666666665,0.6136851170930713,0,37,5000,124,0.001,20,0.999
343,0.72,16,0.5714285714285712,0.754479721679974,0,16,5000,899,10.0,20,0.999
344,0.7,2,0.4761904761904759,0.9534827904436659,0,4,1,70,10.0,1,0.999
345,0.73,51,0.6190476190476188,0.6262130664681473,0,50,5000,125,10.0,1,0.999
346,0.72,5,0.5714285714285712,0.873961095464951,0,5,1,87,10.0,20,0.999
347,0.73,162,0.6190476190476188,0.4951383762164565,0,89,4884,42,0.001,20,0.652
348,0.72,2,0.5714285714285712,0.9534827904436659,0,2,1,59,10.0,1,0.999
349,0.74,110,0.6666666666666665,0.5392182288962808,0,59,5000,380,0.001,20,0.001
350,0.75,1235,0.7142857142857141,0.2627175450885558,0,9,375,1,10.0,20,0.999
351,0.74,31,0.6666666666666665,0.6819132200851403,0,18,5000,178,0.001,1,0.999
352,0.72,18,0.5714285714285712,0.7417192989629633,0,18,5000,385,0.001,1,0.001
353,0.72,51,0.5714285714285712,0.6262130664681473,0,51,1,12,0.001,20,0.999
354,0.74,63,0.6666666666666665,0.6023915251064255,0,42,5000,104,0.001,20,0.001
355,0.72,19,0.5714285714285712,0.7358346472971437,0,19,3664,313,0.001,20,0.538
356,0.71,4,0.5238095238095235,0.8948780372545735,0,5,2426,753,0.001,20,0.001
357,0.74,1660,0.6666666666666665,0.22881161518862436,0,77,2581,1,0.001,1,0.999
358,0.73,54,0.6190476190476188,0.6197781712775763,0,53,5000,108,10.0,1,0.999
359,0.73,45,0.6190476190476188,0.6402786859131152,0,44,4212,128,0.001,1,0.654
360,0.74,44,0.6666666666666665,0.6428002281844756,0,29,5000,339,0.001,20,0.39
361,0.74,60,0.6666666666666665,0.6078994094221633,0,39,5000,95,0.001,1,0.001
362,0.7,6,0.4761904761904759,0.8562760731698561,0,8,5000,1125,0.001,1,0.001
363,0.72,2,0.5714285714285712,0.9534827904436659,0,2,1,298,10.0,1,0.001
364,0.74,379,0.6666666666666665,0.39803225128139197,0,65,4758,20,10.0,1,0.999
365,0.73,55,0.6190476190476188,0.6177109882337113,0,54,5000,129,0.001,20,0.603
366,0.73,8,0.6190476190476188,0.827443885908617,0,7,3248,494,10.0,1,0.999
367,0.74,5,0.6666666666666665,0.873961095464951,0,2,1,9,10.0,1,0.999
368,0.73,59,0.6190476190476188,0.6097957427620947,0,57,5000,262,0.001,20,0.001
369,0.73,2,0.6190476190476188,0.9534827904436659,1,1,1,1525,0.001,1,0.001
370,0.71,2,0.5238095238095235,0.9534827904436659,0,3,1,5000,0.001,1,0.999
371,0.74,68,0.6666666666666665,0.5937614763567811,0,46,5000,118,0.001,1,0.553
372,0.73,4,0.6190476190476188,0.8948780372545735,0,3,1,21,0.001,1,0.592
373,0.62,2,0.09523809523809529,0.9534827904436659,0,12,1,3128,0.001,1,0.999
374,0.73,29,0.6190476190476188,0.6893174377408096,0,28,3044,127,0.001,1,0.999
375,0.73,39,0.6190476190476188,0.6563129523184288,0,38,1,8,10.0,20,0.999
376,0.73,45,0.6190476190476188,0.6402786859131152,0,44,5000,129,10.0,1,0.744
377,0.73,15,0.6190476190476188,0.7614349150638553,0,14,3358,302,10.0,1,0.001
378,0.74,833,0.6666666666666665,0.3078508349083867,0,72,501,2,10.0,1,0.999
379,0.68,3,0.38095238095238115,0.9204783050212851,0,7,5000,3279,0.001,20,0.999
380,0.72,9,0.5714285714285712,0.8153563422758585,0,9,2919,333,0.001,1,0.999
381,0.7,7,0.4761904761904759,0.8409566100425703,0,9,5000,967,10.0,1,0.001
382,0.68,5,0.38095238095238115,0.873961095464951,0,9,5000,1832,10.0,20,0.001
383,0.73,311,0.6190476190476188,0.4206524669543834,0,99,5000,261,10.0,20,0.001
384,0.72,19,0.5714285714285712,0.7358346472971437,0,19,4535,302,10.0,1,0.999
385,0.76,6117,0.7619047619047618,0.07923066808850476,0,35,5000,1,0.001,1,0.999
386,0.73,57,0.6190476190476188,0.6136851170930713,0,55,3529,91,10.0,20,0.38
387,0.73,42,0.6190476190476188,0.6480159242815434,0,41,4373,140,10.0,14,0.001
388,0.73,146,0.6190476190476188,0.5069915468259485,0,86,5000,43,0.001,1,0.999
389,0.73,58,0.6190476190476188,0.6117239487387052,0,56,3932,111,0.001,20,0.001
390,0.74,77,0.6666666666666665,0.5796958569118134,0,51,5000,77,0.001,1,0.999
391,0.72,249,0.5714285714285712,0.44606902682757577,0,96,4480,322,10.0,10,0.001
392,0.73,144,0.6190476190476188,0.5085631543476448,0,85,5000,289,10.0,10,0.001
393,0.74,66,0.6666666666666665,0.5971360006614523,0,44,4498,90,0.001,1,0.999
394,0.73,65,0.6190476190476188,0.5988612294879538,0,59,4015,96,10.0,20,0.611
395,0.73,54,0.6190476190476188,0.6197781712775763,0,53,4438,115,0.001,20,0.406
396,0.74,48,0.6666666666666665,0.6330304513609974,0,31,3217,77,0.001,20,0.749
397,0.74,14,0.6666666666666665,0.7688391327195245,0,5,3973,428,10.0,1,0.508
398,0.73,79,0.6190476190476188,0.5767912573397138,0,64,4665,74,10.0,1,0.999
399,0.74,43,0.6666666666666665,0.6453784390442879,0,28,4123,142,0.001,20,0.001
400,0.73,238,0.6190476190476188,0.4512313746070169,0,94,2872,12,10.0,20,0.999
401,0.75,2724,0.7142857142857141,0.1720168900958018,0,16,3015,1,10.0,1,0.999
402,0.73,58,0.6190476190476188,0.6117239487387052,0,56,4145,106,10.0,1,0.999
403,0.75,2736,0.7142857142857141,0.17151278578423046,0,17,2855,1,0.001,20,0.999
404,0.76,5716,0.7619047619047618,0.08700803431847837,0,22,5000,1,10.0,1,0.999
405,0.72,24,0.5714285714285712,0.710234379530432,0,24,5000,330,0.001,10,0.001
406,0.81,32,1.0,0.6783829244666688,1,1,1,1,10.0,1,0.684
407,0.71,51,0.5238095238095235,0.6262130664681473,0,52,5000,614,0.001,11,0.001
408,0.74,308,0.6666666666666665,0.42176093504598555,0,64,4917,25,10.0,1,0.999
409,0.73,30,0.6190476190476188,0.6855556071194551,0,29,3461,327,10.0,20,0.001
410,0.72,12,0.5714285714285712,0.7852564564255772,0,12,3142,408,10.0,20,0.999
411,0.74,56,0.6666666666666665,0.6156803944279142,0,36,3893,103,0.001,20,0.399
412,0.73,45,0.6190476190476188,0.6402786859131152,0,44,3294,89,0.001,20,0.609
413,0.73,154,0.6190476190476188,0.5009119493953136,0,88,2943,23,10.0,20,0.999
414,0.7,3,0.4761904761904759,0.9204783050212851,0,5,2892,1531,10.0,1,0.001
415,0.73,4,0.6190476190476188,0.8948780372545735,0,3,5000,2108,0.001,20,0.495
416,0.7,2,0.4761904761904759,0.9534827904436659,0,4,1,1589,0.001,20,0.001
417,0.67,37,0.33333333333333354,0.6621976039842483,0,37,1,4187,10.0,20,0.999
418,0.71,2,0.5238095238095235,0.9534827904436659,0,3,1,4332,0.001,20,0.001
419,0.68,4,0.38095238095238115,0.8948780372545735,0,8,5000,2016,10.0,1,0.123
420,0.71,3,0.5238095238095235,0.9204783050212851,0,4,1,279,0.001,20,0.999
421,0.72,3,0.5714285714285712,0.9204783050212851,0,3,5000,4630,10.0,20,0.999
422,0.67,3,0.33333333333333354,0.9204783050212851,0,8,4882,3402,10.0,1,0.687
423,0.62,3,0.09523809523809529,0.9204783050212851,0,13,5000,4570,0.001,1,0.999
424,0.67,1,0.33333333333333354,1.0,0,2,1,2907,10.0,1,0.999
425,0.71,7,0.5238095238095235,0.8409566100425703,0,8,5000,994,0.001,1,0.999
426,0.7,3,0.4761904761904759,0.9204783050212851,0,5,5000,2731,10.0,1,0.001
427,0.7,3,0.4761904761904759,0.9204783050212851,0,5,2330,1041,0.001,20,0.999
428,0.72,2,0.5714285714285712,0.9534827904436659,0,2,1,49,10.0,1,0.001
429,0.71,3,0.5238095238095235,0.9204783050212851,0,4,5000,2501,0.001,1,0.001
430,0.68,3,0.38095238095238115,0.9204783050212851,0,7,1664,2305,0.001,20,0.001
431,0.71,2,0.5238095238095235,0.9534827904436659,0,3,1,3007,0.001,1,0.001
432,0.71,8,0.5238095238095235,0.827443885908617,0,9,4926,787,0.001,1,0.58
433,0.66,2,0.28571428571428586,0.9534827904436659,0,8,1,4922,10.0,20,0.999
434,0.69,3,0.42857142857142827,0.9204783050212851,0,6,4652,3647,0.001,1,0.001
435,0.7,3,0.4761904761904759,0.9204783050212851,0,5,5000,3342,10.0,1,0.545
436,0.68,4,0.38095238095238115,0.8948780372545735,0,8,5000,2849,0.001,20,0.46
437,0.69,5,0.42857142857142827,0.873961095464951,0,8,4960,1661,0.001,1,0.48
438,0.71,1,0.5238095238095235,1.0,1,1,1,735,10.0,1,0.001
439,0.72,2,0.5714285714285712,0.9534827904436659,0,2,1,131,10.0,1,0.001
440,0.7,2,0.4761904761904759,0.9534827904436659,0,4,471,1609,0.001,1,0.513
441,0.7,3,0.4761904761904759,0.9204783050212851,0,5,3069,2362,10.0,1,0.999
442,0.75,34,0.7142857142857141,0.6716324154457147,0,6,157,15,10.0,1,0.708
443,0.64,4,0.19047619047619058,0.8948780372545735,0,12,5000,2556,0.001,1,0.001
444,0.69,4,0.42857142857142827,0.8948780372545735,0,7,5000,1913,10.0,1,0.37
445,0.73,3,0.6190476190476188,0.9204783050212851,0,2,5000,4853,10.0,1,0.999
446,0.67,3,0.33333333333333354,0.9204783050212851,0,8,5000,3712,10.0,1,0.999
447,0.66,3,0.28571428571428586,0.9204783050212851,0,9,2205,452,0.001,1,0.001
448,0.72,2,0.5714285714285712,0.9534827904436659,0,2,1,1407,0.001,1,0.001
449,0.72,8,0.5714285714285712,0.827443885908617,0,8,1,45,0.001,20,0.473
450,0.71,6,0.5238095238095235,0.8562760731698561,0,7,5000,1259,0.001,1,0.619
451,0.73,3,0.6190476190476188,0.9204783050212851,0,2,5000,3011,0.001,1,0.001
452,0.72,27,0.5714285714285712,0.6972326832124263,0,27,5000,4870,10.0,20,0.001
453,0.68,4,0.38095238095238115,0.8948780372545735,0,8,5000,2391,0.001,1,0.999
454,0.66,16,0.28571428571428586,0.754479721679974,0,20,1,3528,10.0,20,0.001
455,0.67,11,0.33333333333333354,0.7944394004862361,0,16,5000,4802,10.0,20,0.999
456,0.71,2,0.5238095238095235,0.9534827904436659,0,3,1,4011,0.001,1,0.999
457,0.71,6,0.5238095238095235,0.8562760731698561,0,7,3701,993,0.001,20,0.001
458,0.75,10,0.7142857142857141,0.8044218290017178,0,2,105,35,10.0,1,0.46
459,0.7,5,0.4761904761904759,0.873961095464951,0,7,4196,1307,0.001,1,0.001
460,0.66,3,0.28571428571428586,0.9204783050212851,0,9,5000,4798,0.001,1,0.001
461,0.69,7,0.42857142857142827,0.8409566100425703,0,10,2120,419,10.0,20,0.001
462,0.67,3,0.33333333333333354,0.9204783050212851,0,8,5000,3913,0.001,1,0.001
463,0.72,12,0.5714285714285712,0.7852564564255772,0,12,4552,504,0.001,1,0.672
464,0.68,3,0.38095238095238115,0.9204783050212851,0,7,5000,3691,10.0,20,0.001
465,0.66,6,0.28571428571428586,0.8562760731698561,0,12,4154,4135,10.0,20,0.999
466,0.67,5,0.33333333333333354,0.873961095464951,0,10,2179,1989,6.339,15,0.352
467,0.67,3,0.33333333333333354,0.9204783050212851,0,8,4346,3767,1.599,2,0.509
468,0.72,25,0.5714285714285712,0.7057347614468623,0,25,3144,692,7.999,18,0.87
469,0.71,4,0.5238095238095235,0.8948780372545735,0,5,351,2627,2.751,6,0.028
470,0.73,23,0.6190476190476188,0.7149177055075211,0,22,929,164,0.879,8,0.185
471,0.71,4,0.5238095238095235,0.8948780372545735,0,5,3097,3385,6.126,16,0.964
472,0.71,6,0.5238095238095235,0.8562760731698561,0,7,4395,1543,4.727,5,0.671
473,0.62,5,0.09523809523809529,0.873961095464951,0,14,1602,4609,9.466,12,0.452
474,0.69,17,0.42857142857142827,0.7479221909299021,0,19,1446,1107,4.252,18,0.585
475,0.65,5,0.23809523809523822,0.873961095464951,0,12,4903,3081,9.003,9,0.305
476,0.71,4,0.5238095238095235,0.8948780372545735,0,5,2607,2462,0.092,11,0.067
477,0.67,4,0.33333333333333354,0.8948780372545735,0,9,1025,4280,5.351,4,0.785
478,0.7,3,0.4761904761904759,0.9204783050212851,0,5,197,1665,8.474,1,0.878
479,0.71,3,0.5238095238095235,0.9204783050212851,0,4,3654,4691,3.214,14,0.222
480,0.72,38,0.5714285714285712,0.6592175518905282,0,38,3858,383,7.126,8,0.392
481,0.66,23,0.28571428571428586,0.7149177055075211,0,24,2276,3566,2.374,20,0.734
482,0.68,7,0.38095238095238115,0.8409566100425703,0,11,2361,615,9.123,4,0.061
483,0.71,6,0.5238095238095235,0.8562760731698561,0,7,3942,3641,3.873,13,0.841
484,0.72,10,0.5714285714285712,0.8044218290017178,0,10,3587,1755,5.276,9,0.545
485,0.7,2,0.4761904761904759,0.9534827904436659,0,4,130,4937,0.533,16,0.327
486,0.71,586,0.5238095238095235,0.3481434344560723,0,105,5000,732,10.0,20,0.246
487,0.73,48,0.6190476190476188,0.6330304513609974,0,47,3204,99,10.0,1,0.512
488,0.74,90,0.6666666666666665,0.5620108346167185,0,57,4703,91,10.0,1,0.703
489,0.75,1140,0.7142857142857141,0.27189275440759775,0,8,2400,1,0.001,1,0.872
490,0.75,9,0.7142857142857141,0.8153563422758585,1,1,19,20,10.0,1,0.743
491,0.72,2,0.5714285714285712,0.9534827904436659,0,2,1,36,0.001,1,0.654
492,0.66,47,0.28571428571428586,0.6353960105288062,0,47,2164,411,0.001,20,0.999
493,0.73,3,0.6190476190476188,0.9204783050212851,0,2,1,51,0.001,1,0.999
494,0.72,69,0.5714285714285712,0.5921107204669998,0,61,4856,101,0.001,1,0.212
495,0.72,10,0.5714285714285712,0.8044218290017178,0,10,5000,657,0.001,1,0.574
496,0.73,6,0.6190476190476188,0.8562760731698561,0,5,17,25,10.0,1,0.68
497,0.75,15,0.7142857142857141,0.7614349150638553,0,4,5000,389,0.001,1,0.999
498,0.73,28,0.6190476190476188,0.6932068120717862,0,27,2769,109,10.0,1,0.999
499,0.75,1268,0.7142857142857141,0.2596946609782885,0,10,353,1,0.001,1,0.999
500,0.73,49,0.6190476190476188,0.6307126845517171,0,48,5000,306,10.0,20,0.922
501,0.73,6,0.6190476190476188,0.8562760731698561,0,5,1,13,10.0,1,0.999
502,0.73,21,0.6190476190476188,0.7249001340230028,0,20,1758,267,10.0,1,0.001
503,0.73,212,0.6190476190476188,0.4644444758101839,0,92,4860,42,10.0,20,0.999
504,0.76,2538,0.7619047619047618,0.18012777176814854,0,8,888,1,10.0,1,0.999
505,0.74,60,0.6666666666666665,0.6078994094221633,0,39,4876,103,10.0,1,0.573
506,0.72,24,0.5714285714285712,0.710234379530432,0,24,5000,268,10.0,1,0.417
507,0.73,54,0.6190476190476188,0.6197781712775763,0,53,4431,126,0.001,1,0.999
508,0.73,95,0.6190476190476188,0.5558743155500914,0,70,4147,85,10.0,1,0.001
509,0.72,8,0.5714285714285712,0.827443885908617,0,8,1359,789,10.0,1,0.001
510,0.71,12,0.5238095238095235,0.7852564564255772,0,13,5000,665,10.0,1,0.001
511,0.74,854,0.6666666666666665,0.3049978321687238,0,73,2293,1,10.0,1,0.999
512,0.69,82,0.42857142857142827,0.5725677538418645,0,66,1,305,10.0,20,0.999
513,0.72,2,0.5714285714285712,0.9534827904436659,0,2,1,49,0.001,1,0.465
514,0.71,1265,0.5238095238095235,0.2599662008801751,0,115,5000,963,10.0,20,0.999
515,0.71,6,0.5238095238095235,0.8562760731698561,0,7,5000,1436,0.001,20,0.001
516,0.76,5041,0.7619047619047618,0.10142230947742281,0,20,1463,1,10.0,20,0.792
517,0.73,22,0.6190476190476188,0.7198003808918302,0,21,4041,348,0.001,1,0.999
518,0.62,5,0.09523809523809529,0.873961095464951,0,14,5000,4908,10.0,20,0.999
519,0.73,15,0.6190476190476188,0.7614349150638553,0,14,3624,398,10.0,1,0.001
520,0.71,9,0.5238095238095235,0.8153563422758585,0,10,5000,842,0.001,1,0.001
521,0.81,39,1.0,0.6563129523184288,0,2,1,1,0.001,1,0.833
522,0.73,13,0.6190476190476188,0.7767543781911412,0,12,3115,272,0.001,1,0.001
523,0.7,196,0.4761904761904759,0.473403215079946,0,92,1,251,10.0,20,0.001
524,0.74,13,0.6666666666666665,0.7767543781911412,0,4,1,7,10.0,1,0.655
525,0.66,2,0.28571428571428586,0.9534827904436659,0,8,1,2366,10.0,20,0.001
526,0.74,16,0.6666666666666665,0.754479721679974,0,7,2428,124,0.001,1,0.001
527,0.74,90,0.6666666666666665,0.5620108346167185,0,57,4686,95,10.0,1,0.001
528,0.69,6,0.42857142857142827,0.8562760731698561,0,9,1261,1349,0.001,20,0.478
529,0.74,22,0.6666666666666665,0.7198003808918302,0,10,827,148,10.0,1,0.001
530,0.66,2,0.28571428571428586,0.9534827904436659,0,8,2168,2974,10.0,20,0.001
531,0.73,28,0.6190476190476188,0.6932068120717862,0,27,2914,112,10.0,19,0.001
532,0.73,15,0.6190476190476188,0.7614349150638553,0,14,753,210,10.0,1,0.001
533,0.73,48,0.6190476190476188,0.6330304513609974,0,47,4660,132,10.0,11,0.999
534,0.72,11,0.5714285714285712,0.7944394004862361,0,11,768,247,0.001,1,0.999
535,0.66,4,0.28571428571428586,0.8948780372545735,0,10,4159,2330,0.001,1,0.001
536,0.73,12,0.6190476190476188,0.7852564564255772,0,11,3891,572,0.001,1,0.61
537,0.66,4,0.28571428571428586,0.8948780372545735,0,10,633,1462,10.0,1,0.177
538,0.71,2,0.5238095238095235,0.9534827904436659,0,3,2027,601,0.001,20,0.999
539,0.74,38,0.6666666666666665,0.6592175518905282,0,24,1962,181,0.001,1,0.001
540,0.74,22,0.6666666666666665,0.7198003808918302,0,10,5000,398,10.0,1,0.484
541,0.7,5,0.4761904761904759,0.873961095464951,0,7,2428,470,0.001,1,0.999
542,0.74,24,0.6666666666666665,0.710234379530432,0,12,3006,141,0.001,1,0.001
543,0.73,17,0.6190476190476188,0.7479221909299021,0,16,620,131,0.001,1,0.001
544,0.71,542,0.5238095238095235,0.3570823334236657,0,104,1,1,10.0,1,0.435
545,0.7,3,0.4761904761904759,0.9204783050212851,0,5,5000,4693,0.001,20,0.999
546,0.73,13,0.6190476190476188,0.7767543781911412,0,12,2786,206,0.001,1,0.825
547,0.68,6,0.38095238095238115,0.8562760731698561,0,10,1114,761,0.001,20,0.001
548,0.74,28,0.6666666666666665,0.6932068120717862,0,16,3262,145,0.001,20,0.341
549,0.71,249,0.5238095238095235,0.44606902682757577,0,97,2411,340,10.0,20,0.307
550,0.69,7,0.42857142857142827,0.8409566100425703,0,10,5000,1601,10.0,1,0.001
551,0.7,3,0.4761904761904759,0.9204783050212851,0,5,1699,3383,0.001,1,0.999
552,0.75,27,0.7142857142857141,0.6972326832124263,0,5,2798,88,0.001,1,0.001
553,0.65,2,0.23809523809523822,0.9534827904436659,0,9,938,4019,0.001,1,0.999
554,0.69,6,0.42857142857142827,0.8562760731698561,0,9,4397,2124,0.001,20,0.49
555,0.73,29,0.6190476190476188,0.6893174377408096,0,28,1658,299,0.001,1,0.815
556,0.74,1874,0.6666666666666665,0.21490815954710019,0,80,508,1,0.001,9,0.889
557,0.73,27,0.6190476190476188,0.6972326832124263,0,26,1325,167,0.001,1,0.001
558,0.72,9,0.5714285714285712,0.8153563422758585,0,9,676,331,0.001,1,0.999
559,0.74,1743,0.6666666666666665,0.22321742562922497,0,78,2645,1,0.001,1,0.842
560,0.73,24,0.6190476190476188,0.710234379530432,0,23,2784,100,0.001,1,0.317
561,0.73,54,0.6190476190476188,0.6197781712775763,0,53,4629,117,0.001,1,0.801
562,0.73,54,0.6190476190476188,0.6197781712775763,0,53,4359,292,10.0,20,0.999
563,0.69,4,0.42857142857142827,0.8948780372545735,0,7,2407,749,0.001,1,0.268
564,0.73,27,0.6190476190476188,0.6972326832124263,0,26,4247,314,0.001,1,0.999
565,0.73,19,0.6190476190476188,0.7358346472971437,0,18,4552,328,0.001,1,0.301
566,0.72,18,0.5714285714285712,0.7417192989629633,0,18,4465,381,0.001,1,0.999
567,0.73,81,0.6190476190476188,0.5739583836561581,0,65,5000,110,0.001,1,0.999
568,0.73,128,0.6190476190476188,0.5219770197464944,0,80,5000,82,10.0,1,0.001
569,0.72,27,0.5714285714285712,0.6972326832124263,0,27,3855,256,0.001,20,0.001
570,0.73,45,0.6190476190476188,0.6402786859131152,0,44,3143,96,0.001,20,0.001
571,0.74,65,0.6666666666666665,0.5988612294879538,0,43,4498,104,0.001,1,0.001
572,0.73,20,0.6190476190476188,0.7302371686348071,0,19,2476,119,10.0,1,0.306
573,0.66,5,0.28571428571428586,0.873961095464951,0,11,5000,4055,0.001,1,0.001
574,0.71,7,0.5238095238095235,0.8409566100425703,0,8,3481,1045,10.0,1,0.999
575,0.72,15,0.5714285714285712,0.7614349150638553,0,15,4079,562,10.0,20,0.555
576,0.73,21,0.6190476190476188,0.7249001340230028,0,20,1376,238,10.0,1,0.778
577,0.73,20,0.6190476190476188,0.7302371686348071,0,19,5000,1192,10.0,20,0.001
578,0.73,22,0.6190476190476188,0.7198003808918302,0,21,2977,153,0.001,20,0.999
579,0.73,10,0.6190476190476188,0.8044218290017178,0,9,2657,198,10.0,1,0.999
580,0.71,3,0.5238095238095235,0.9204783050212851,0,4,810,2375,0.001,20,0.999
581,0.73,32,0.6190476190476188,0.6783829244666688,0,31,1173,160,10.0,20,0.001
582,0.71,6,0.5238095238095235,0.8562760731698561,0,7,5000,1740,10.0,1,0.999
583,0.73,53,0.6190476190476188,0.621883286394853,0,52,4554,144,0.001,20,0.999
584,0.72,7,0.5714285714285712,0.8409566100425703,0,7,4485,1127,0.001,20,0.999
585,0.74,62,0.6666666666666665,0.6041982640997582,0,41,4181,112,10.0,5,0.001
586,0.65,3,0.23809523809523822,0.9204783050212851,0,10,3753,5000,0.001,20,0.001
587,0.7,13,0.4761904761904759,0.7767543781911412,0,14,3905,1238,10.0,20,0.001
588,0.71,5,0.5238095238095235,0.873961095464951,0,6,1768,1791,10.0,20,0.999
589,0.71,7,0.5238095238095235,0.8409566100425703,0,8,157,159,0.001,20,0.001
590,0.72,11,0.5714285714285712,0.7944394004862361,0,11,4040,562,10.0,1,0.999
591,0.73,24,0.6190476190476188,0.710234379530432,0,23,1252,206,10.0,1,0.001
592,0.73,21,0.6190476190476188,0.7249001340230028,0,20,3646,251,10.0,1,0.999
593,0.71,11,0.5238095238095235,0.7944394004862361,0,12,3131,578,10.0,20,0.899
594,0.69,10,0.42857142857142827,0.8044218290017178,0,13,3461,824,0.001,1,0.001
595,0.74,29,0.6666666666666665,0.6893174377408096,0,17,2850,119,10.0,1,0.001
596,0.72,27,0.5714285714285712,0.6972326832124263,0,27,4209,302,10.0,1,0.001
597,0.65,3,0.23809523809523822,0.9204783050212851,0,10,2735,1835,10.0,20,0.999
598,0.73,21,0.6190476190476188,0.7249001340230028,0,20,587,97,0.001,1,0.001
599,0.65,3,0.23809523809523822,0.9204783050212851,0,10,3227,2737,0.001,20,0.001
600,0.7,4,0.4761904761904759,0.8948780372545735,0,6,5000,2749,10.0,1,0.4
601,0.71,4,0.5238095238095235,0.8948780372545735,0,5,5000,2811,0.001,1,0.999
602,0.73,28,0.6190476190476188,0.6932068120717862,0,27,1953,256,10.0,1,0.999
603,0.73,23,0.6190476190476188,0.7149177055075211,0,22,4601,447,0.001,6,0.001
604,0.73,26,0.6190476190476188,0.7014049813735679,0,25,2724,94,0.001,20,0.001
605,0.66,4,0.28571428571428586,0.8948780372545735,0,10,1100,2397,10.0,1,0.999
606,0.74,65,0.6666666666666665,0.5988612294879538,0,43,4710,123,10.0,1,0.999
607,0.66,3,0.28571428571428586,0.9204783050212851,0,9,2003,193,10.0,1,0.067
608,0.73,15,0.6190476190476188,0.7614349150638553,0,14,4133,444,10.0,1,0.999
609,0.72,25,0.5714285714285712,0.7057347614468623,0,25,3993,324,0.001,20,0.999
610,0.73,14,0.6190476190476188,0.7688391327195245,0,13,3466,359,10.0,1,0.999
611,0.74,65,0.6666666666666665,0.5988612294879538,0,43,4936,95,0.001,1,0.741
612,0.73,33,0.6190476190476188,0.6749580267012592,0,32,2991,100,10.0,20,0.708
613,0.74,98,0.6666666666666665,0.5523440199316199,0,58,4963,99,0.001,1,0.535
614,0.73,30,0.6190476190476188,0.6855556071194551,0,29,4195,252,0.001,1,0.001
615,0.74,65,0.6666666666666665,0.5988612294879538,0,43,4739,119,10.0,20,0.718
616,0.73,44,0.6190476190476188,0.6428002281844756,0,43,2969,82,0.001,1,0.999
617,0.74,2356,0.6666666666666665,0.18866113642031945,0,83,2637,1,0.001,20,0.838
618,0.74,1864,0.6666666666666665,0.21552166665078087,0,79,2642,1,10.0,1,0.999
619,0.73,14,0.6190476190476188,0.7688391327195245,0,13,4719,461,10.0,1,0.999
620,0.74,81,0.6666666666666665,0.5739583836561581,0,54,4750,95,10.0,1,0.333
621,0.71,5,0.5238095238095235,0.873961095464951,0,6,2301,327,10.0,1,0.702
622,0.73,58,0.6190476190476188,0.6117239487387052,0,56,4827,120,0.001,1,0.999
623,0.71,11,0.5238095238095235,0.7944394004862361,0,12,4433,574,10.0,1,0.379
624,0.72,19,0.5714285714285712,0.7358346472971437,0,19,3748,280,0.001,1,0.542
625,0.72,26,0.5714285714285712,0.7014049813735679,0,26,3814,275,10.0,1,0.001
626,0.72,16,0.5714285714285712,0.754479721679974,0,16,1026,275,0.001,1,0.001
627,0.74,78,0.6666666666666665,0.5782343651094801,0,52,4700,91,0.001,20,0.001
628,0.73,12,0.6190476190476188,0.7852564564255772,0,11,4354,573,0.001,20,0.999
629,0.73,13,0.6190476190476188,0.7767543781911412,0,12,5000,463,10.0,1,0.497
630,0.73,23,0.6190476190476188,0.7149177055075211,0,22,4552,273,0.001,20,0.769
631,0.73,49,0.6190476190476188,0.6307126845517171,0,48,4630,130,10.0,20,0.999
632,0.73,47,0.6190476190476188,0.6353960105288062,0,46,4306,127,0.001,1,0.312
633,0.74,33,0.6666666666666665,0.6749580267012592,0,20,3269,128,0.001,20,0.001
634,0.72,14,0.5714285714285712,0.7688391327195245,0,14,4569,408,10.0,1,0.001
635,0.72,14,0.5714285714285712,0.7688391327195245,0,14,4584,415,0.001,1,0.3
636,0.74,28,0.6666666666666665,0.6932068120717862,0,16,2922,103,10.0,1,0.599
637,0.73,25,0.6190476190476188,0.7057347614468623,0,24,1966,244,0.001,20,0.999
638,0.72,24,0.5714285714285712,0.710234379530432,0,24,3530,274,0.001,20,0.999
639,0.73,14,0.6190476190476188,0.7688391327195245,0,13,509,182,0.001,1,0.001
640,0.72,10,0.5714285714285712,0.8044218290017178,0,10,4571,743,10.0,1,0.999
641,0.73,1219,0.6190476190476188,0.26421236174059193,0,109,4491,679,10.0,20,0.999
642,0.73,8,0.6190476190476188,0.827443885908617,0,7,2651,296,10.0,1,0.999
643,0.7,11,0.4761904761904759,0.7944394004862361,0,13,3964,760,0.001,20,0.999
644,0.68,2,0.38095238095238115,0.9534827904436659,0,6,1176,5000,10.0,1,0.999
645,0.73,46,0.6190476190476188,0.6378113745834355,0,45,3835,151,10.0,1,0.999
646,0.74,36,0.6666666666666665,0.6652571334313298,0,23,3040,105,0.001,1,0.633
647,0.73,36,0.6190476190476188,0.6652571334313298,0,35,4021,187,0.001,20,0.999
648,0.74,32,0.6666666666666665,0.6783829244666688,0,19,2982,129,10.0,20,0.558
649,0.74,40,0.6666666666666665,0.653480078634873,0,26,3148,92,10.0,20,0.001
650,0.72,321,0.5714285714285712,0.41703306410425645,0,101,1,340,10.0,20,0.001
651,0.72,35,0.5714285714285712,0.6684004959511871,0,35,3174,189,0.001,20,0.999
652,0.72,41,0.5714285714285712,0.6507154736560923,0,41,1920,212,0.001,20,0.001
653,0.73,25,0.6190476190476188,0.7057347614468623,0,24,4417,515,10.0,20,0.999
654,0.7,13,0.4761904761904759,0.7767543781911412,0,14,3627,665,0.001,20,0.001
655,0.71,6,0.5238095238095235,0.8562760731698561,0,7,4013,1073,10.0,1,0.181
656,0.67,4,0.33333333333333354,0.8948780372545735,0,9,5000,2730,0.001,1,0.999
657,0.72,15,0.5714285714285712,0.7614349150638553,0,15,4393,495,0.001,1,0.001
658,0.71,234,0.5238095238095235,0.453167716859294,0,94,4429,813,10.0,20,0.001
659,0.7,6,0.4761904761904759,0.8562760731698561,0,8,4870,1329,10.0,1,0.298
660,0.72,10,0.5714285714285712,0.8044218290017178,0,10,4495,640,0.001,20,0.402
661,0.73,72,0.6190476190476188,0.5872963544356996,0,62,4983,100,10.0,1,0.449
662,0.72,19,0.5714285714285712,0.7358346472971437,0,19,4133,364,10.0,1,0.001
663,0.66,2,0.28571428571428586,0.9534827904436659,0,8,2078,1467,0.001,1,0.001
664,0.72,15,0.5714285714285712,0.7614349150638553,0,15,4410,590,0.001,1,0.87
665,0.72,8,0.5714285714285712,0.827443885908617,0,8,3348,597,0.001,1,0.999
666,0.74,52,0.6666666666666665,0.6240277517285981,0,34,3701,118,10.0,20,0.001
667,0.74,32,0.6666666666666665,0.6783829244666688,0,19,2806,83,10.0,1,0.001
668,0.74,16,0.6666666666666665,0.754479721679974,0,7,2646,178,10.0,19,0.001
669,0.75,2267,0.7142857142857141,0.19307706507223032,0,13,2636,1,4.922,7,0.999
670,0.74,61,0.6666666666666665,0.6060339121407401,0,40,4467,105,10.0,20,0.001
671,0.73,19,0.6190476190476188,0.7358346472971437,0,18,4371,328,0.001,20,0.344
672,0.68,3,0.38095238095238115,0.9204783050212851,0,7,2639,1019,0.001,1,0.001
673,0.73,40,0.6190476190476188,0.653480078634873,0,39,4021,155,10.0,1,0.512
674,0.73,124,0.6190476190476188,0.5255907218062905,0,79,4625,342,0.001,20,0.001
675,0.72,19,0.5714285714285712,0.7358346472971437,0,19,4122,341,0.001,20,0.001
676,0.72,22,0.5714285714285712,0.7198003808918302,0,22,3430,476,10.0,15,0.572
677,0.71,16,0.5238095238095235,0.754479721679974,0,17,2912,200,10.0,1,0.3
678,0.73,12,0.6190476190476188,0.7852564564255772,0,11,2970,245,0.001,1,0.999
679,0.72,17,0.5714285714285712,0.7479221909299021,0,17,3468,342,0.001,1,0.584
680,0.7,3,0.4761904761904759,0.9204783050212851,0,5,2900,1236,10.0,1,0.001
681,0.66,4,0.28571428571428586,0.8948780372545735,0,10,591,1217,0.001,20,0.999
682,0.74,28,0.6666666666666665,0.6932068120717862,0,16,3081,138,10.0,20,0.999
683,0.68,7,0.38095238095238115,0.8409566100425703,0,11,4452,1168,0.001,20,0.001
684,0.72,19,0.5714285714285712,0.7358346472971437,0,19,4174,330,10.0,1,0.601
685,0.71,11,0.5238095238095235,0.7944394004862361,0,12,756,254,0.001,1,0.647
686,0.72,13,0.5714285714285712,0.7767543781911412,0,13,4857,548,10.0,1,0.434
687,0.72,11,0.5714285714285712,0.7944394004862361,0,11,4256,686,0.001,1,0.323
688,0.74,87,0.6666666666666665,0.565856744065573,0,56,5000,94,10.0,1,0.999
689,0.73,38,0.6190476190476188,0.6592175518905282,0,37,3045,100,0.001,20,0.314
690,0.72,13,0.5714285714285712,0.7767543781911412,0,13,5000,499,10.0,1,0.001
691,0.73,30,0.6190476190476188,0.6855556071194551,0,29,2938,111,10.0,20,0.204
692,0.73,28,0.6190476190476188,0.6932068120717862,0,27,3112,122,10.0,1,0.245
693,0.73,9,0.6190476190476188,0.8153563422758585,0,8,2392,155,0.001,1,0.001
694,0.68,4,0.38095238095238115,0.8948780372545735,0,8,5000,2940,0.001,1,0.999
695,0.66,2,0.28571428571428586,0.9534827904436659,0,8,1,1581,10.0,1,0.001
696,0.73,89,0.6190476190476188,0.5632785332057606,0,68,4747,85,0.001,1,0.001
697,0.74,75,0.6666666666666665,0.5826759090055333,0,49,4518,111,10.0,1,0.554
698,0.73,37,0.6190476190476188,0.6621976039842483,0,36,3721,143,10.0,20,0.373
699,0.73,15,0.6190476190476188,0.7614349150638553,0,14,5000,399,0.001,1,0.705
700,0.68,4,0.38095238095238115,0.8948780372545735,0,8,1,2523,10.0,20,0.001
701,0.73,35,0.6190476190476188,0.6684004959511871,0,34,3633,217,10.0,20,0.999
702,0.74,32,0.6666666666666665,0.6783829244666688,0,19,1300,142,0.001,1,0.001
703,0.73,22,0.6190476190476188,0.7198003808918302,0,21,789,121,10.0,20,0.001
704,0.74,25,0.6666666666666665,0.7057347614468623,0,13,3394,175,10.0,1,0.999
705,0.74,87,0.6666666666666665,0.565856744065573,0,56,5000,84,0.001,20,0.001
706,0.72,13,0.5714285714285712,0.7767543781911412,0,13,5000,562,10.0,1,0.699
707,0.7,9,0.4761904761904759,0.8153563422758585,0,11,4904,844,10.0,1,0.518
708,0.73,44,0.6190476190476188,0.6428002281844756,0,43,3221,92,0.001,1,0.416
709,0.71,14,0.5238095238095235,0.7688391327195245,0,15,4311,455,0.001,1,0.001
710,0.73,42,0.6190476190476188,0.6480159242815434,0,41,3819,146,0.001,20,0.76
711,0.73,142,0.6190476190476188,0.5101565904485801,0,84,2619,237,0.001,20,0.871
712,0.74,38,0.6666666666666665,0.6592175518905282,0,24,3733,145,10.0,20,0.001
713,0.72,61,0.5714285714285712,0.6060339121407401,0,58,2956,230,10.0,20,0.999
714,0.73,83,0.6190476190476188,0.5711937786773773,0,66,4378,114,0.001,20,0.001
715,0.72,19,0.5714285714285712,0.7358346472971437,0,19,1178,253,0.001,20,0.999
716,0.74,55,0.6666666666666665,0.6177109882337113,0,35,1764,131,10.0,1,0.001
717,0.73,50,0.6190476190476188,0.628440817144925,0,49,3150,74,10.0,1,0.001
718,0.74,34,0.6666666666666665,0.6716324154457147,0,21,3503,129,10.0,1,0.001
719,0.73,28,0.6190476190476188,0.6932068120717862,0,27,3369,153,0.001,1,0.999
720,0.73,46,0.6190476190476188,0.6378113745834355,0,45,4409,129,10.0,1,0.999
721,0.73,49,0.6190476190476188,0.6307126845517171,0,48,4182,129,0.001,1,0.001
722,0.73,30,0.6190476190476188,0.6855556071194551,0,29,1216,181,0.001,16,0.001
723,0.72,15,0.5714285714285712,0.7614349150638553,0,15,4000,404,10.0,1,0.804
724,0.71,5,0.5238095238095235,0.873961095464951,0,6,1,24,10.0,1,0.999
725,0.69,5,0.42857142857142827,0.873961095464951,0,8,5000,1274,10.0,1,0.001
726,0.73,42,0.6190476190476188,0.6480159242815434,0,41,1851,193,0.001,1,0.501
727,0.73,12,0.6190476190476188,0.7852564564255772,0,11,2421,115,10.0,1,0.001
728,0.73,54,0.6190476190476188,0.6197781712775763,0,53,4916,116,0.001,9,0.999
729,0.74,80,0.6666666666666665,0.5753660768385189,0,53,4560,112,10.0,20,0.431
730,0.63,3,0.14285714285714293,0.9204783050212851,0,12,3544,3336,10.0,1,0.999
731,0.74,60,0.6666666666666665,0.6078994094221633,0,39,4803,109,0.001,1,0.721
732,0.72,15,0.5714285714285712,0.7614349150638553,0,15,4322,512,0.001,20,0.485
733,0.73,10,0.6190476190476188,0.8044218290017178,0,9,2500,180,10.0,1,0.001
734,0.73,23,0.6190476190476188,0.7149177055075211,0,22,5000,282,10.0,1,0.999
735,0.68,2,0.38095238095238115,0.9534827904436659,0,6,2085,1730,10.0,1,0.999
736,0.74,63,0.6666666666666665,0.6023915251064255,0,42,5000,102,0.001,8,0.669
737,0.74,69,0.6666666666666665,0.5921107204669998,0,47,4951,94,10.0,10,0.001
738,0.72,28,0.5714285714285712,0.6932068120717862,0,28,5000,365,10.0,1,0.202
739,0.74,74,0.6666666666666665,0.584195474995383,0,48,4844,86,10.0,20,0.406
740,0.73,27,0.6190476190476188,0.6972326832124263,0,26,4337,242,0.001,1,0.999
741,0.74,25,0.6666666666666665,0.7057347614468623,0,13,4642,379,0.001,1,0.651
742,0.7,127,0.4761904761904759,0.5228698301277106,0,80,241,270,10.0,20,0.245
743,0.73,39,0.6190476190476188,0.6563129523184288,0,38,3157,106,0.001,20,0.999
744,0.74,4,0.6666666666666665,0.8948780372545735,1,1,1,15,10.0,1,0.999
745,0.73,23,0.6190476190476188,0.7149177055075211,0,22,4445,1393,10.0,20,0.628
746,0.73,17,0.6190476190476188,0.7479221909299021,0,16,1255,256,10.0,1,0.999
747,0.61,2,0.047619047619047644,0.9534827904436659,0,13,1,1445,0.001,20,0.001
748,0.73,50,0.6190476190476188,0.628440817144925,0,49,4525,132,10.0,20,0.704
749,0.73,141,0.6190476190476188,0.510961685366518,0,83,2754,24,10.0,1,0.999
750,0.74,75,0.6666666666666665,0.5826759090055333,0,49,2789,38,10.0,1,0.999
751,0.72,173,0.5714285714285712,0.4876462125580223,0,91,2700,13,10.0,1,0.999
752,0.74,49,0.6666666666666665,0.6307126845517171,0,32,2825,51,10.0,1,0.999
753,0.76,3201,0.7619047619047618,0.1535108336055625,0,10,2999,1,0.001,1,0.999
754,0.73,100,0.6190476190476188,0.5500494323435495,0,73,2746,28,0.001,1,0.999
755,0.73,53,0.6190476190476188,0.621883286394853,0,52,2829,80,10.0,1,0.999
756,0.75,3534,0.7142857142857141,0.14216015281054928,0,19,3082,1,10.0,20,0.999
757,0.73,173,0.6190476190476188,0.4876462125580223,0,90,5000,64,10.0,1,0.999
758,0.73,299,0.6190476190476188,0.4251520850379532,0,97,2839,27,0.001,20,0.999
759,0.71,639,0.5238095238095235,0.3382261724035691,0,108,2761,1,10.0,1,0.001
760,0.7,10,0.4761904761904759,0.8044218290017178,0,12,5000,4734,10.0,20,0.001
761,0.73,107,0.6190476190476188,0.5423615914161382,0,75,5000,78,10.0,20,0.999
762,0.74,35,0.6666666666666665,0.6684004959511871,0,22,2875,96,10.0,1,0.999
763,0.76,4456,0.7619047619047618,0.11557106051758015,0,12,3390,1,10.0,20,0.999
764,0.73,131,0.6190476190476188,0.519339534509239,0,81,5000,62,10.0,20,0.999
765,0.74,293,0.6666666666666665,0.4274698518472335,0,63,5000,36,0.001,20,0.999
766,0.73,173,0.6190476190476188,0.4876462125580223,0,90,5000,65,0.001,20,0.999
767,0.73,48,0.6190476190476188,0.6330304513609974,0,47,2883,69,10.0,20,0.999
768,0.73,331,0.6190476190476188,0.4135243638844348,0,100,2663,7,10.0,1,0.999
769,0.73,3,0.6190476190476188,0.9204783050212851,0,2,431,3941,0.001,1,0.001
770,0.73,91,0.6190476190476188,0.5607569909344003,0,69,2800,47,0.001,1,0.999
771,0.74,583,0.6666666666666665,0.3487312694995549,0,69,200,1,10.0,1,0.999
772,0.69,17,0.42857142857142827,0.7479221909299021,0,19,3942,1640,10.0,20,0.324
773,0.69,2,0.42857142857142827,0.9534827904436659,0,5,1,3929,0.001,1,0.001
774,0.73,86,0.6190476190476188,0.5671679075367372,0,67,2892,38,10.0,20,0.999
775,0.81,131,1.0,0.519339534509239,0,5,1,1,10.0,7,0.846
776,0.74,60,0.6666666666666665,0.6078994094221633,0,39,5000,109,0.001,20,0.957
777,0.72,4,0.5714285714285712,0.8948780372545735,0,4,3736,4773,10.0,1,0.999
778,0.72,4,0.5714285714285712,0.8948780372545735,0,4,4109,2856,0.001,1,0.001
779,0.74,57,0.6666666666666665,0.6136851170930713,0,37,2780,68,10.0,1,0.999
780,0.67,3,0.33333333333333354,0.9204783050212851,0,8,2631,4671,0.001,20,0.999
781,0.67,2,0.33333333333333354,0.9534827904436659,0,7,2524,3315,0.001,20,0.489
782,0.73,624,0.6190476190476188,0.34094706408214914,0,103,2657,5,10.0,20,0.999
783,0.72,6,0.5714285714285712,0.8562760731698561,0,6,5000,1405,0.001,20,0.598
784,0.73,78,0.6190476190476188,0.5782343651094801,0,63,1909,96,10.0,20,0.999
785,0.75,1700,0.7142857142857141,0.2260815504946112,0,12,5000,4,10.0,20,0.999
786,0.73,19,0.6190476190476188,0.7358346472971437,0,18,403,86,10.0,10,0.001
787,0.73,15,0.6190476190476188,0.7614349150638553,0,14,2512,110,0.001,10,0.001
788,0.72,117,0.5714285714285712,0.5322022537599902,0,78,5000,556,10.0,10,0.001
789,0.72,6,0.5714285714285712,0.8562760731698561,0,6,5000,1355,10.0,11,0.999
790,0.69,5,0.42857142857142827,0.873961095464951,0,8,5000,1725,0.001,10,0.001
791,0.72,4,0.5714285714285712,0.8948780372545735,0,4,1,75,0.001,11,0.001
792,0.69,5,0.42857142857142827,0.873961095464951,0,8,5000,2007,10.0,20,0.001
793,0.7,8,0.4761904761904759,0.827443885908617,0,10,5000,1161,0.001,11,0.999
794,0.71,8,0.5238095238095235,0.827443885908617,0,9,5000,930,0.001,1,0.999
795,0.66,3,0.28571428571428586,0.9204783050212851,0,9,2338,3952,10.0,10,0.001
796,0.71,4,0.5238095238095235,0.8948780372545735,0,5,5000,2892,0.001,10,0.001
797,0.71,4,0.5238095238095235,0.8948780372545735,0,5,1,82,0.001,12,0.999
798,0.71,11,0.5238095238095235,0.7944394004862361,0,12,4987,1224,10.0,11,0.366
799,0.71,2,0.5238095238095235,0.9534827904436659,0,3,1,3181,0.001,20,0.001
800,0.69,2,0.42857142857142827,0.9534827904436659,0,5,1,1005,10.0,1,0.999
801,0.69,2,0.42857142857142827,0.9534827904436659,0,5,2345,4452,7.657,3,0.254
802,0.69,6,0.42857142857142827,0.8562760731698561,0,9,3141,3888,1.491,20,0.566
803,0.71,12,0.5238095238095235,0.7852564564255772,0,13,4612,718,9.25,6,0.943
804,0.7,7,0.4761904761904759,0.8409566100425703,0,9,110,3287,2.653,11,0.105
805,0.7,3,0.4761904761904759,0.9204783050212851,0,5,280,882,6.723,1,0.71
806,0.73,4,0.6190476190476188,0.8948780372545735,0,3,4527,3158,0.126,16,0.37
807,0.71,7,0.5238095238095235,0.8409566100425703,0,8,3343,1291,7.885,10,0.249
808,0.71,2,0.5238095238095235,0.9534827904436659,0,3,2263,2012,1.719,13,0.931
809,0.73,31,0.6190476190476188,0.6819132200851403,0,30,4191,192,3.056,19,0.391
810,0.71,3,0.5238095238095235,0.9204783050212851,0,4,1232,2604,8.792,4,0.559
811,0.63,3,0.14285714285714293,0.9204783050212851,0,12,934,1859,3.606,6,0.295
812,0.64,4,0.19047619047619058,0.8948780372545735,0,12,3873,4134,9.508,11,0.626
813,0.73,1032,0.6190476190476188,0.28330082046269156,0,107,1608,411,8.581,18,0.067
814,0.65,3,0.23809523809523822,0.9204783050212851,0,10,3669,2979,4.552,2,0.983
815,0.66,3,0.28571428571428586,0.9204783050212851,0,9,2786,1759,1.36,1,0.196
816,0.7,5,0.4761904761904759,0.873961095464951,0,7,1163,1123,2.938,8,0.923
817,0.67,2,0.33333333333333354,0.9534827904436659,0,7,108,3875,0.618,10,0.839
818,0.74,427,0.6666666666666665,0.3843854236196167,0,66,3818,466,7.245,17,0.323
819,0.66,5,0.28571428571428586,0.873961095464951,0,11,2312,2280,8.148,11,0.55
820,0.6,3,0.0,0.9204783050212851,0,15,1938,4697,4.402,16,0.171
821,0.71,4,0.5238095238095235,0.8948780372545735,0,5,5000,3004,10.0,16,0.999
822,0.71,7,0.5238095238095235,0.8409566100425703,0,8,4818,1094,0.001,16,0.001
823,0.71,1193,0.5238095238095235,0.26668376172313446,0,113,3456,1,0.001,10,0.001
824,0.72,4,0.5714285714285712,0.8948780372545735,0,4,1923,2487,10.0,6,0.999
825,0.71,919,0.5238095238095235,0.2965916382315439,0,111,1989,1,2.579,6,0.001
826,0.71,1602,0.5238095238095235,0.23288930065682456,0,118,3901,1,0.001,15,0.001
827,0.71,6,0.5238095238095235,0.8562760731698561,0,7,5000,1430,10.0,16,0.999
828,0.71,2,0.5238095238095235,0.9534827904436659,0,3,616,5000,0.001,6,0.001
829,0.7,6,0.4761904761904759,0.8562760731698561,0,8,5000,2192,10.0,7,0.999
830,0.71,1601,0.5238095238095235,0.2329608922691252,0,117,5000,1,0.001,15,0.001
831,0.7,3,0.4761904761904759,0.9204783050212851,0,5,5000,3630,10.0,15,0.999
832,0.7,4,0.4761904761904759,0.8948780372545735,0,6,5000,2644,0.001,16,0.001
833,0.71,1133,0.5238095238095235,0.2725987600509453,0,112,2509,1,0.001,9,0.001
834,0.71,1237,0.5238095238095235,0.2625320550643345,0,114,4861,1,2.39,10,0.291
835,0.7,8,0.4761904761904759,0.827443885908617,0,10,4378,948,0.001,16,0.999
836,0.71,623,0.5238095238095235,0.34113077197566855,0,107,5000,1,4.717,3,0.001
837,0.71,5,0.5238095238095235,0.873961095464951,0,6,1,4070,10.0,20,0.999
838,0.71,856,0.5238095238095235,0.3047297816846597,0,110,1,1,0.001,6,0.001
839,0.72,9,0.5714285714285712,0.8153563422758585,0,9,4121,871,4.737,12,0.746
840,0.73,220,0.6190476190476188,0.4602144831268363,0,93,3966,391,4.281,12,0.783
841,0.72,873,0.5714285714285712,0.3024762898973635,0,106,4142,832,4.513,14,0.425
842,0.73,11,0.6190476190476188,0.7944394004862361,0,10,3968,677,4.33,10,0.975
843,0.71,4,0.5238095238095235,0.8948780372545735,0,5,4810,1939,4.732,18,0.001
844,0.69,6,0.42857142857142827,0.8562760731698561,0,9,3151,1169,1.711,10,0.999
845,0.7,9,0.4761904761904759,0.8153563422758585,0,11,4524,1084,5.54,13,0.65
846,0.71,2,0.5238095238095235,0.9534827904436659,0,3,743,4076,9.954,6,0.449
847,0.73,16,0.6190476190476188,0.754479721679974,0,15,1071,210,2.639,4,0.713
848,0.68,5,0.38095238095238115,0.873961095464951,0,9,1194,2810,6.736,14,0.102
849,0.67,9,0.33333333333333354,0.8153563422758585,0,13,896,1674,0.672,16,0.865
850,0.74,129,0.6666666666666665,0.5210911037227208,0,60,5000,57,0.001,1,0.999
851,0.72,3,0.5714285714285712,0.9204783050212851,0,3,455,2359,7.026,9,0.282
852,0.62,5,0.09523809523809529,0.873961095464951,0,14,4976,4771,1.132,13,0.637
853,0.73,10,0.6190476190476188,0.8044218290017178,0,9,3479,468,8.364,2,0.759
854,0.71,3,0.5238095238095235,0.9204783050212851,0,4,1789,3037,4.734,18,0.163
855,0.7,4,0.4761904761904759,0.8948780372545735,0,6,2087,999,2.041,19,0.078
856,0.66,2,0.28571428571428586,0.9534827904436659,0,8,2566,3743,6.058,5,0.97
857,0.68,5,0.38095238095238115,0.873961095464951,0,9,4053,1801,3.204,11,0.6
858,0.69,3,0.42857142857142827,0.9204783050212851,0,6,859,3600,4.313,11,0.311
859,0.69,18,0.42857142857142827,0.7417192989629633,0,20,1157,1919,8.251,19,0.546
860,0.66,104,0.28571428571428586,0.5455935109106658,0,75,4361,2623,9.244,18,0.366
861,0.64,3,0.19047619047619058,0.9204783050212851,0,11,2884,1992,1.497,7,0.238
862,0.72,2,0.5714285714285712,0.9534827904436659,0,2,2385,4560,5.368,13,0.842
863,0.68,10,0.38095238095238115,0.8044218290017178,0,14,1472,1272,7.673,15,0.925
864,0.72,3,0.5714285714285712,0.9204783050212851,0,3,3182,4016,4.191,10,0.025
865,0.71,11,0.5238095238095235,0.7944394004862361,0,12,4650,902,6.315,16,0.404
866,0.72,2,0.5714285714285712,0.9534827904436659,0,2,148,3178,0.568,1,0.548
867,0.69,19,0.42857142857142827,0.7358346472971437,0,21,242,776,8.808,11,0.138
868,0.68,3,0.38095238095238115,0.9204783050212851,0,7,4490,3344,3.061,6,0.781
869,0.7,4,0.4761904761904759,0.8948780372545735,0,6,3302,1417,5.186,20,0.662
870,0.68,3,0.38095238095238115,0.9204783050212851,0,7,1261,3829,1.703,4,0.26
871,0.68,2,0.38095238095238115,0.9534827904436659,0,6,2223,2118,4.008,3,0.471
872,0.65,2,0.23809523809523822,0.9534827904436659,0,9,2975,4394,7.879,17,0.577
873,0.73,96,0.6190476190476188,0.5546854390562068,0,71,4153,66,0.133,8,0.947
874,0.64,2,0.19047619047619058,0.9534827904436659,0,10,956,4515,2.375,9,0.144
875,0.69,3,0.42857142857142827,0.9204783050212851,0,6,628,1198,5.062,1,0.878
876,0.67,3,0.33333333333333354,0.9204783050212851,0,8,3835,4243,7.422,1,0.214
877,0.68,9,0.38095238095238115,0.8153563422758585,0,12,2667,1143,4.568,15,0.344
878,0.68,4,0.38095238095238115,0.8948780372545735,0,8,1895,3555,8.585,10,0.737
879,0.73,11,0.6190476190476188,0.7944394004862361,0,10,1568,595,5.891,8,0.523
880,0.68,3,0.38095238095238115,0.9204783050212851,0,7,3629,2870,2.262,12,0.426
881,0.7,4,0.4761904761904759,0.8948780372545735,0,6,4787,2214,9.494,3,0.049
882,0.68,2,0.38095238095238115,0.9534827904436659,0,6,559,4958,3.6,19,0.903
883,0.72,46,0.5714285714285712,0.6378113745834355,0,46,522,318,1.383,14,0.458
884,0.66,3,0.28571428571428586,0.9204783050212851,0,9,4751,3062,5.481,8,0.618
885,0.67,4,0.33333333333333354,0.8948780372545735,0,9,3748,2482,2.761,17,0.996
886,0.69,3,0.42857142857142827,0.9204783050212851,0,6,1688,4757,9.123,3,0.08
887,0.69,2,0.42857142857142827,0.9534827904436659,0,5,2015,1795,6.427,5,0.184
888,0.73,12204,0.6190476190476188,0.0,0,110,2786,4208,0.457,20,0.773
889,0.7,7,0.4761904761904759,0.8409566100425703,0,9,3799,1032,7.55,6,0.643
890,0.64,2,0.19047619047619058,0.9534827904436659,0,10,667,3109,1.43,18,0.651
891,0.71,4,0.5238095238095235,0.8948780372545735,0,5,993,1354,6.008,12,0.386
892,0.67,3,0.33333333333333354,0.9204783050212851,0,8,4117,4663,4.848,3,0.379
893,0.73,119,0.6190476190476188,0.5302740477833798,0,78,3095,255,7.146,12,0.007
894,0.69,3,0.42857142857142827,0.9204783050212851,0,6,2343,2531,1.011,8,0.915
895,0.72,7,0.5714285714285712,0.8409566100425703,0,7,1381,819,3.314,10,0.813
896,0.7,2270,0.4761904761904759,0.19292541197018875,0,119,3422,3231,9.843,15,0.232
897,0.71,5,0.5238095238095235,0.873961095464951,0,6,4454,1384,1.918,2,0.353
898,0.72,4,0.5714285714285712,0.8948780372545735,0,4,205,3952,6.182,16,0.692
899,0.71,2,0.5238095238095235,0.9534827904436659,0,3,33,1549,4.444,6,0.119
900,0.63,4,0.14285714285714293,0.8948780372545735,0,13,4535,3825,8.708,11,0.957
901,0.73,7,0.6190476190476188,0.8409566100425703,0,6,3223,635,0.783,5,0.578
902,0.68,3,0.38095238095238115,0.9204783050212851,0,7,1514,3379,7.311,20,0.497
903,0.73,18,0.6190476190476188,0.7417192989629633,0,17,2427,90,9.615,18,0.274
904,0.63,3,0.14285714285714293,0.9204783050212851,0,12,2925,2658,3.479,2,0.683
905,0.73,4,0.6190476190476188,0.8948780372545735,0,3,4247,2103,5.778,13,0.81
906,0.7,3,0.4761904761904759,0.9204783050212851,0,5,1114,3757,4.618,2,0.803
907,0.69,127,0.42857142857142827,0.5228698301277106,0,81,817,513,7.946,8,0.039
908,0.68,3,0.38095238095238115,0.9204783050212851,0,7,3939,3473,1.826,17,0.048
909,0.66,3,0.28571428571428586,0.9204783050212851,0,9,2607,1612,8.919,10,0.416
910,0.65,2,0.23809523809523822,0.9534827904436659,0,9,2129,4356,2.949,15,0.506
911,0.67,6,0.33333333333333354,0.8562760731698561,0,11,1831,2316,0.253,13,0.731
912,0.63,3,0.14285714285714293,0.9204783050212851,0,12,3520,4885,6.616,7,0.314
913,0.71,33,0.5238095238095235,0.6749580267012592,0,33,4862,501,3.895,18,0.193
914,0.65,2,0.23809523809523822,0.9534827904436659,0,9,340,2914,7.993,4,0.852
915,0.68,120,0.38095238095238115,0.5293219630247206,0,79,378,1081,4.126,17,0.609
916,0.71,3,0.5238095238095235,0.9204783050212851,0,4,4900,3668,7.762,1,0.465
917,0.69,6,0.42857142857142827,0.8562760731698561,0,9,3556,1729,0.483,15,0.088
918,0.69,3,0.42857142857142827,0.9204783050212851,0,6,1867,4160,6.386,10,0.989
919,0.72,2,0.5714285714285712,0.9534827904436659,0,2,2165,2434,9.316,7,0.78
920,0.62,2,0.09523809523809529,0.9534827904436659,0,12,2643,4690,2.552,12,0.175
921,0.72,20,0.5714285714285712,0.7302371686348071,0,20,3977,384,5.459,4,0.304
922,0.67,2,0.33333333333333354,0.9534827904436659,0,7,937,4842,7.039,3,0.607
923,0.71,5,0.5238095238095235,0.873961095464951,0,6,1234,893,0.37,6,0.375
924,0.73,3,0.6190476190476188,0.9204783050212851,0,2,4284,3942,2.145,6,0.538
925,0.7,3020,0.4761904761904759,0.1601864511777975,0,120,2959,830,9.846,20,0.909
926,0.66,2,0.28571428571428586,0.9534827904436659,0,8,2462,3262,3.248,5,0.016
927,0.73,16,0.6190476190476188,0.754479721679974,0,15,1549,285,1.179,2,0.224
928,0.7,4,0.4761904761904759,0.8948780372545735,0,6,3257,2541,6.915,18,0.82
929,0.69,6,0.42857142857142827,0.8562760731698561,0,9,4573,1907,4.841,9,0.701
930,0.71,2,0.5238095238095235,0.9534827904436659,0,3,70,4632,8.311,13,0.346
931,0.72,2,0.5714285714285712,0.9534827904436659,0,2,162,2036,2.315,3,0.964
932,0.68,3,0.38095238095238115,0.9204783050212851,0,7,4410,4468,5.785,19,0.11
933,0.73,28,0.6190476190476188,0.6932068120717862,0,27,3381,138,3.71,7,0.49
934,0.71,3,0.5238095238095235,0.9204783050212851,0,4,1340,2726,9.447,12,0.587
935,0.7,597,0.4761904761904759,0.3460134473599775,0,107,2302,701,7.378,15,0.674
936,0.71,3,0.5238095238095235,0.9204783050212851,0,4,3054,3426,0.78,10,0.281
937,0.71,8,0.5238095238095235,0.827443885908617,0,9,4073,1501,8.481,16,0.152
938,0.66,19,0.28571428571428586,0.7358346472971437,0,23,1035,3295,9.006,16,0.939
939,0.66,4,0.28571428571428586,0.8948780372545735,0,10,708,2242,3.588,14,0.207
940,0.69,3,0.42857142857142827,0.9204783050212851,0,6,3757,2944,3.917,14,0.885
941,0.66,3,0.28571428571428586,0.9204783050212851,0,9,2747,2287,6.824,2,0.515
942,0.69,3,0.42857142857142827,0.9204783050212851,0,6,1976,4875,0.06,17,0.409
943,0.69,4,0.42857142857142827,0.8948780372545735,0,7,1648,1600,2.991,20,0.321
944,0.73,3,0.6190476190476188,0.9204783050212851,0,2,3708,4325,8.893,5,0.723
945,0.68,6,0.38095238095238115,0.8562760731698561,0,10,4709,1228,1.614,11,0.845
946,0.68,2,0.38095238095238115,0.9534827904436659,0,6,480,3484,5.25,7,0.202
947,0.63,3,0.14285714285714293,0.9204783050212851,0,12,600,1869,9.732,1,0.63
948,0.67,5,0.33333333333333354,0.873961095464951,0,10,4828,4125,3.362,16,0.291
949,0.72,7,0.5714285714285712,0.8409566100425703,0,7,3672,948,6.129,9,0.169
950,0.67,3,0.33333333333333354,0.9204783050212851,0,8,1611,3673,2.025,15,0.75
951,0.71,17,0.5238095238095235,0.7479221909299021,0,18,1938,399,4.953,12,0.979
952,0.62,2,0.09523809523809529,0.9534827904436659,0,12,2710,2987,8.2,8,0.071
953,0.71,4,0.5238095238095235,0.8948780372545735,0,5,3876,2410,1.056,19,0.44
954,0.68,5,0.38095238095238115,0.873961095464951,0,9,728,3214,5.825,10,0.776
955,0.67,3,0.33333333333333354,0.9204783050212851,0,8,1054,2479,1.574,2,0.011
956,0.69,3,0.42857142857142827,0.9204783050212851,0,6,4193,3149,6.499,11,0.707
957,0.71,4,0.5238095238095235,0.8948780372545735,0,5,3017,1300,4.247,4,0.834
958,0.71,5,0.5238095238095235,0.873961095464951,0,6,2265,4025,7.641,20,0.245
959,0.7,6,0.4761904761904759,0.8562760731698561,0,8,1303,2001,5.57,17,0.018
960,0.69,2,0.42857142857142827,0.9534827904436659,0,5,3345,4589,1.319,3,0.934
961,0.73,34,0.6190476190476188,0.6716324154457147,0,33,4529,183,9.193,14,0.555
962,0.7,3,0.4761904761904759,0.9204783050212851,0,5,282,2615,2.676,9,0.395
963,0.75,42,0.7142857142857141,0.6480159242815434,0,7,112,16,6.7,19,0.79
964,0.68,4,0.38095238095238115,0.8948780372545735,0,8,4614,2740,0.183,4,0.131
965,0.68,11,0.38095238095238115,0.7944394004862361,0,15,3143,2187,8.057,13,0.251
966,0.7,3,0.4761904761904759,0.9204783050212851,0,5,1434,4443,3.807,7,0.669
967,0.66,4,0.28571428571428586,0.8948780372545735,0,10,2347,1468,1.735,10,0.57
968,0.65,4,0.23809523809523822,0.8948780372545735,0,11,2845,3899,5.129,14,0.48
969,0.7,9,0.4761904761904759,0.8153563422758585,0,11,4325,707,2.877,1,0.108
970,0.68,3,0.38095238095238115,0.9204783050212851,0,7,1214,4922,7.802,12,0.679
971,0.7,10,0.4761904761904759,0.8044218290017178,0,12,917,656,4.801,20,0.413
972,0.71,3,0.5238095238095235,0.9204783050212851,0,4,4019,4967,9.57,9,0.874
973,0.69,1202,0.42857142857142827,0.2658222391139998,0,114,2528,585,2.426,18,0.744
974,0.63,2,0.14285714285714293,0.9534827904436659,0,11,2050,2841,5.673,2,0.335
975,0.71,6,0.5238095238095235,0.8562760731698561,0,7,1752,1116,8.601,5,0.435
976,0.67,16,0.33333333333333354,0.754479721679974,0,19,3442,3548,4.497,19,0.517
977,0.67,5,0.33333333333333354,0.873961095464951,0,10,4941,1683,7.265,6,0.894
978,0.67,5,0.33333333333333354,0.873961095464951,0,10,420,4271,0.894,11,0.056
979,0.72,17,0.5714285714285712,0.7479221909299021,0,17,401,252,8.44,7,0.984
980,0.72,5,0.5714285714285712,0.873961095464951,0,5,4961,2508,4.658,13,0.092
981,0.71,4,0.5238095238095235,0.8948780372545735,0,5,3461,1950,7.416,4,0.462
982,0.66,3,0.28571428571428586,0.9204783050212851,0,9,1732,4675,0.742,18,0.614
983,0.7,2,0.4761904761904759,0.9534827904436659,0,4,2069,1392,3.749,16,0.654
984,0.72,2,0.5714285714285712,0.9534827904436659,0,2,2509,3980,9.409,1,0.299
985,0.72,14,0.5714285714285712,0.7688391327195245,0,14,3999,783,2.274,14,0.18
986,0.71,3,0.5238095238095235,0.9204783050212851,0,4,797,3994,0.221,15,0.982
987,0.73,852,0.6190476190476188,0.3052665104062511,0,105,1094,432,7.226,17,0.25
988,0.72,8,0.5714285714285712,0.827443885908617,0,8,4306,4735,5.29,18,0.912
989,0.73,9,0.6190476190476188,0.8153563422758585,0,8,2826,349,3.028,9,0.535
990,0.67,3,0.33333333333333354,0.9204783050212851,0,8,2366,3073,8.854,13,0.391
991,0.7,7,0.4761904761904759,0.8409566100425703,0,9,1414,1040,6.862,11,0.349
992,0.69,3,0.42857142857142827,0.9204783050212851,0,6,3162,3628,0.022,6,0.695
993,0.7,5,0.4761904761904759,0.873961095464951,0,7,4633,1759,7.906,20,0.825
994,0.71,2,0.5238095238095235,0.9534827904436659,0,3,92,4191,3.958,5,0.22
995,0.65,3,0.23809523809523822,0.9204783050212851,0,10,301,1633,5.418,15,0.59
996,0.71,3,0.5238095238095235,0.9204783050212851,0,4,4510,4357,1.47,9,0.485
997,0.71,9,0.5238095238095235,0.8153563422758585,0,10,3325,1185,9.354,16,0.115
998,0.61,3,0.047619047619047644,0.9204783050212851,0,14,1323,3441,2.515,1,0.961
999,0.7,4,0.4761904761904759,0.8948780372545735,0,6,2246,475,0.521,3,0.798
1000,0.67,3,0.33333333333333354,0.9204783050212851,0,8,3037,2907,6.348,19,0.155
1001,0.67,5,0.33333333333333354,0.873961095464951,0,10,4212,2334,4.086,8,0.278
1002,0.7,3,0.4761904761904759,0.9204783050212851,0,5,1013,2872,3.4,7,0.565
1003,0.68,3,0.38095238095238115,0.9204783050212851,0,7,686,1435,9.155,5,0.332
1004,0.67,3,0.33333333333333354,0.9204783050212851,0,8,3895,3381,8.351,5,0.51
1005,0.72,6,0.5714285714285712,0.8562760731698561,0,6,2730,1537,1.217,11,0.89
1006,0.67,3,0.33333333333333354,0.9204783050212851,0,8,1919,3792,6.877,6,0.036
1007,0.7,4,0.4761904761904759,0.8948780372545735,0,6,1631,2077,9.884,8,0.197
1008,0.68,3,0.38095238095238115,0.9204783050212851,0,7,3653,4508,3.21,14,0.847
1009,0.73,54,0.6190476190476188,0.6197781712775763,0,53,4808,108,5.968,3,0.719
1010,0.64,4,0.19047619047619058,0.8948780372545735,0,12,619,2696,2.186,17,0.326
1011,0.72,3,0.5714285714285712,0.9204783050212851,0,3,499,1956,2.839,12,0.755
1012,0.69,3,0.42857142857142827,0.9204783050212851,0,6,4689,4543,9.044,8,0.166
1013,0.72,56,0.5714285714285712,0.6156803944279142,0,55,3689,219,1.775,19,0.294
1014,0.69,4,0.42857142857142827,0.8948780372545735,0,7,1668,2651,5.089,3,0.625
1015,0.7,7,0.4761904761904759,0.8409566100425703,0,9,1956,933,8.097,1,0.605
1016,0.69,21,0.42857142857142827,0.7249001340230028,0,23,2766,3189,3.766,16,0.445
1017,0.71,8,0.5238095238095235,0.827443885908617,0,9,3776,1269,6.663,10,0.066
1018,0.7,2,0.4761904761904759,0.9534827904436659,0,4,648,4591,3.101,17,0.075
1019,0.7,6634,0.4761904761904759,0.06992373847059541,0,121,975,966,9.454,15,0.837
1020,0.72,4,0.5714285714285712,0.8948780372545735,0,4,4093,3020,0.931,3,0.83
1021,0.72,3,0.5714285714285712,0.9204783050212851,0,3,3073,2367,8.642,14,0.709
1022,0.72,2,0.5714285714285712,0.9534827904436659,0,2,2282,4799,4.457,8,0.37
1023,0.69,4,0.42857142857142827,0.8948780372545735,0,7,1360,1832,2.466,7,0.393
1024,0.7,4,0.4761904761904759,0.8948780372545735,0,6,3361,4088,5.633,11,0.56
1025,0.71,8,0.5238095238095235,0.827443885908617,0,9,4391,996,3.55,5,0.929
1026,0.62,2,0.09523809523809529,0.9534827904436659,0,12,181,3720,9.608,20,0.021
1027,0.67,3,0.33333333333333354,0.9204783050212851,0,8,51,1161,1.018,10,0.665
1028,0.69,3,0.42857142857142827,0.9204783050212851,0,6,4592,3593,7.077,15,0.256
1029,0.7,3,0.4761904761904759,0.9204783050212851,0,5,3277,1648,4.993,1,0.126
1030,0.71,26,0.5238095238095235,0.7014049813735679,0,27,1529,4236,8.16,17,0.792
1031,0.63,11,0.14285714285714293,0.7944394004862361,0,17,2481,2202,6.169,18,0.944
1032,0.64,2,0.19047619047619058,0.9534827904436659,0,10,2940,4926,1.984,4,0.106
1033,0.71,14,0.5238095238095235,0.7688391327195245,0,15,4265,616,9.695,13,0.483
1034,0.67,3,0.33333333333333354,0.9204783050212851,0,8,1138,3525,1.172,5,0.476
1035,0.67,3,0.33333333333333354,0.9204783050212851,0,8,839,2151,6.275,7,0.74
1036,0.65,6,0.23809523809523822,0.8562760731698561,0,13,3958,3866,2.713,20,0.749
1037,0.7,4,0.4761904761904759,0.8948780372545735,0,6,2623,750,5.61,6,0.869
1038,0.72,2,0.5714285714285712,0.9534827904436659,0,2,2184,3337,1.279,12,0.21
1039,0.74,151,0.6666666666666665,0.5031542140268185,0,61,1847,53,4.288,13,0.061
1040,0.7,4,0.4761904761904759,0.8948780372545735,0,6,3576,2778,7.601,9,0.892
1041,0.72,6,0.5714285714285712,0.8562760731698561,0,6,4920,2139,0.332,18,0.52
1042,0.6,2,0.0,0.9534827904436659,0,14,359,4395,6.537,2,0.43
1043,0.65,3,0.23809523809523822,0.9204783050212851,0,10,320,1317,0.092,20,0.157
1044,0.71,3,0.5238095238095235,0.9204783050212851,0,4,4881,4061,6.776,5,0.762
1045,0.7,6,0.4761904761904759,0.8562760731698561,0,8,3540,867,4.047,12,0.634
1046,0.71,3,0.5238095238095235,0.9204783050212851,0,4,1811,3142,7.842,6,0.287
1047,0.69,5,0.42857142857142827,0.873961095464951,0,8,2148,170,5.224,9,0.452
1048,0.7,7,0.4761904761904759,0.8409566100425703,0,9,2587,2583,1.665,13,0.596
1049,0.68,4,0.38095238095238115,0.8948780372545735,0,8,3919,2023,8.768,2,0.976
1050,0.66,3,0.28571428571428586,0.9204783050212851,0,9,876,2578,8.746,3,0.187
1051,0.72,3,0.5714285714285712,0.9204783050212851,0,3,1175,1750,3.857,9,0.92
1052,0.65,3,0.23809523809523822,0.9204783050212851,0,10,4228,3710,3.641,10,0.241
1053,0.65,3,0.23809523809523822,0.9204783050212851,0,10,2905,1844,5.929,17,0.363
1054,0.68,2,0.38095238095238115,0.9534827904436659,0,6,2447,4119,2.224,1,0.718
1055,0.7,4,0.4761904761904759,0.8948780372545735,0,6,1494,2397,4.605,4,0.552
1056,0.66,18,0.28571428571428586,0.7417192989629633,0,22,3242,4809,8.547,18,0.399
1057,0.72,15,0.5714285714285712,0.7614349150638553,0,15,4555,421,0.632,7,0.03
1058,0.63,2,0.14285714285714293,0.9534827904436659,0,11,14,2989,7.463,13,0.922
1059,0.67,3,0.33333333333333354,0.9204783050212851,0,8,225,550,3.163,2,0.263
1060,0.71,7,0.5238095238095235,0.8409566100425703,0,8,4434,2825,9.994,17,0.657
1061,0.69,4,0.42857142857142827,0.8948780372545735,0,7,3402,2250,2.079,8,0.786
1062,0.62,3,0.09523809523809529,0.9204783050212851,0,13,1400,4994,6.021,14,0.135
1063,0.7,4,0.4761904761904759,0.8948780372545735,0,6,2323,1715,8.402,11,0.097
1064,0.71,3,0.5238095238095235,0.9204783050212851,0,4,3114,4283,4.697,7,0.951
1065,0.73,18,0.6190476190476188,0.7417192989629633,0,17,4136,1113,6.985,20,0.574
1066,0.63,17,0.14285714285714293,0.7479221909299021,0,23,1090,4308,5.519,19,0.269
1067,0.74,19,0.6666666666666665,0.7358346472971437,0,9,763,135,1.88,13,0.503
1068,0.65,3,0.23809523809523822,0.9204783050212851,0,10,3818,4427,0.609,12,0.338
1069,0.73,134,0.6190476190476188,0.5167613236494264,0,82,2806,23,7.711,3,0.219
1070,0.71,14,0.5238095238095235,0.7688391327195245,0,15,1995,2767,4.152,19,0.862
1071,0.72,11,0.5714285714285712,0.7944394004862361,0,11,1707,738,1.534,16,0.899
1072,0.66,3,0.28571428571428586,0.9204783050212851,0,9,3729,3306,5.33,2,0.052
1073,0.73,12,0.6190476190476188,0.7852564564255772,0,11,4731,1464,2.599,15,0.423
1074,0.67,3,0.33333333333333354,0.9204783050212851,0,8,542,3876,9.284,10,0.529
1075,0.7,3,0.4761904761904759,0.9204783050212851,0,5,578,852,5.74,4,0.085
1076,0.66,30,0.28571428571428586,0.6855556071194551,0,30,4768,3264,2.413,20,0.993
1077,0.7,5,0.4761904761904759,0.873961095464951,0,7,3609,1341,9.655,6,0.621
1078,0.64,4,0.19047619047619058,0.8948780372545735,0,12,1588,3909,3.439,11,0.454
1079,0.67,9,0.33333333333333354,0.8153563422758585,0,13,1876,1881,0.823,14,0.308
1080,0.72,2,0.5714285714285712,0.9534827904436659,0,2,2686,4626,7.271,8,0.647
1081,0.72,36,0.5714285714285712,0.6652571334313298,0,36,3855,303,4.407,17,0.768
1082,0.71,3,0.5238095238095235,0.9204783050212851,0,4,782,2712,4.394,4,0.986
1083,0.71,4,0.5238095238095235,0.8948780372545735,0,5,1079,1577,8.014,8,0.222
1084,0.7,248,0.4761904761904759,0.4465288493068157,0,96,4172,4162,8.031,15,0.004
1085,0.68,5,0.38095238095238115,0.873961095464951,0,9,2995,1068,0.294,1,0.382
1086,0.7,2,0.4761904761904759,0.9534827904436659,0,4,2203,3636,6.576,16,0.542
1087,0.72,574,0.5714285714285712,0.3505130654435472,0,104,1281,358,8.959,19,0.689
1088,0.62,3,0.09523809523809529,0.9204783050212851,0,13,3283,3102,2.91,4,0.357
1089,0.66,4,0.28571428571428586,0.8948780372545735,0,10,4470,2451,5.024,12,0.227
1090,0.71,2,0.5238095238095235,0.9534827904436659,0,3,262,4727,1.864,8,0.816
1091,0.69,11,0.42857142857142827,0.7944394004862361,0,14,128,2283,7.512,18,0.494
1092,0.73,3,0.6190476190476188,0.9204783050212851,0,2,4669,4852,4.351,2,0.584
1093,0.72,10,0.5714285714285712,0.8044218290017178,0,10,3201,544,6.467,14,0.953
1094,0.68,3,0.38095238095238115,0.9204783050212851,0,7,1453,2956,0.417,9,0.122
1095,0.6,3,0.0,0.9204783050212851,0,15,2405,1235,2.801,6,0.148
1096,0.67,5,0.33333333333333354,0.873961095464951,0,10,2864,3511,9.082,11,0.807
1097,0.68,5,0.38095238095238115,0.873961095464951,0,9,4342,1564,1.345,5,0.686
1098,0.72,26,0.5714285714285712,0.7014049813735679,0,26,1190,4173,1.362,18,0.593
1099,0.72,14,0.5714285714285712,0.7688391327195245,0,14,863,309,6.232,14,0.327
1100,0.68,4,0.38095238095238115,0.8948780372545735,0,8,4034,2703,6.219,7,0.421
1101,0.67,3,0.33333333333333354,0.9204783050212851,0,8,2546,2068,3.355,19,0.043
1102,0.69,2,0.42857142857142827,0.9534827904436659,0,5,2106,4480,9.803,4,0.881
1103,0.7,5,0.4761904761904759,0.873961095464951,0,7,1769,1509,7.187,1,0.856
1104,0.7,3,0.4761904761904759,0.9204783050212851,0,5,3498,3784,0.971,16,0.19
1105,0.71,361,0.5238095238095235,0.4035995429799998,0,102,4996,666,8.213,10,0.317
1106,0.7,2,0.4761904761904759,0.9534827904436659,0,4,435,3410,4.886,14,0.726
1107,0.69,3,0.42857142857142827,0.9204783050212851,0,6,445,679,2.401,3,0.773
1108,0.67,3,0.33333333333333354,0.9204783050212851,0,8,4985,3403,5.718,17,0.177
1109,0.69,6,0.42857142857142827,0.8562760731698561,0,9,3515,1515,3.466,9,0.299
1110,0.62,3,0.09523809523809529,0.9204783050212851,0,13,1766,3771,9.672,14,0.654
1111,0.65,2,0.23809523809523822,0.9534827904436659,0,9,2093,2059,7.288,11,0.616
1112,0.63,2,0.14285714285714293,0.9534827904436659,0,11,2553,4490,0.851,6,0.463
1113,0.74,52,0.6666666666666665,0.6240277517285981,0,34,4033,124,8.724,20,0.094
1114,0.7,2,0.4761904761904759,0.9534827904436659,0,4,822,4418,8.78,20,0.756
1115,0.68,9,0.38095238095238115,0.8153563422758585,0,12,1148,1100,3.657,12,0.024
1116,0.71,7,0.5238095238095235,0.8409566100425703,0,8,4350,4302,3.83,12,0.826
1117,0.65,4,0.23809523809523822,0.8948780372545735,0,11,2860,1242,6.597,4,0.698
1118,0.7,35,0.4761904761904759,0.6684004959511871,0,36,2420,3498,0.306,19,0.351
1119,0.73,12,0.6190476190476188,0.7852564564255772,0,11,1458,535,2.921,16,0.387
1120,0.71,3,0.5238095238095235,0.9204783050212851,0,4,3187,2967,8.981,1,0.531
1121,0.7,10,0.4761904761904759,0.8044218290017178,0,12,4687,2273,1.837,15,0.911
1122,0.71,2,0.5238095238095235,0.9534827904436659,0,3,127,4861,5.008,9,0.01
1123,0.68,4,0.38095238095238115,0.8948780372545735,0,8,267,2458,4.368,19,0.676
1124,0.73,3,0.6190476190476188,0.9204783050212851,0,2,4456,4714,7.539,5,0.274
1125,0.73,14,0.6190476190476188,0.7688391327195245,0,13,3301,371,0.395,11,0.155
1126,0.68,3,0.38095238095238115,0.9204783050212851,0,7,1279,3096,6.455,6,0.798
1127,0.71,4,0.5238095238095235,0.8948780372545735,0,5,2192,1057,9.07,9,0.963
1128,0.71,3,0.5238095238095235,0.9204783050212851,0,4,3003,3645,2.779,13,0.117
1129,0.72,5,0.5714285714285712,0.873961095464951,0,5,4168,1741,5.546,2,0.487
1130,0.66,2,0.28571428571428586,0.9534827904436659,0,8,959,3699,6.969,2,0.666
1131,0.63,3,0.14285714285714293,0.9204783050212851,0,12,662,2016,0.596,10,0.433
1132,0.67,4,0.33333333333333354,0.8948780372545735,0,9,3861,2565,1.902,10,0.721
1133,0.67,8,0.33333333333333354,0.827443885908617,0,12,2686,1894,9.776,16,0.85
1134,0.67,3,0.33333333333333354,0.9204783050212851,0,8,1895,4619,3.337,1,0.199
1135,0.7,6,0.4761904761904759,0.8562760731698561,0,8,1597,1330,0.954,4,0.032
1136,0.73,5,0.6190476190476188,0.873961095464951,0,4,3599,3918,7.16,19,0.886
1137,0.72,10,0.5714285714285712,0.8044218290017178,0,10,4784,843,4.908,7,0.509
1138,0.71,14,0.5238095238095235,0.7688391327195245,0,15,575,3275,8.225,13,0.412
1139,0.66,6,0.28571428571428586,0.8562760731698561,0,12,533,1451,6.789,17,0.981
1140,0.71,3,0.5238095238095235,0.9204783050212851,0,4,4743,3883,0.114,2,0.064
1141,0.71,44,0.5238095238095235,0.6428002281844756,0,44,3713,732,7.815,13,0.442
1142,0.67,3,0.33333333333333354,0.9204783050212851,0,8,1712,3320,4.029,9,0.602
1143,0.73,14,0.6190476190476188,0.7688391327195245,0,13,2010,32,1.648,6,0.628
1144,0.69,6,0.42857142857142827,0.8562760731698561,0,9,2800,2757,5.197,12,0.297
1145,0.69,4,0.42857142857142827,0.8948780372545735,0,7,3820,2162,3.123,5,0.167
1146,0.66,3,0.28571428571428586,0.9204783050212851,0,9,701,3855,6.65,12,0.16
1147,0.7,14,0.4761904761904759,0.7688391327195245,0,16,1000,610,0.914,20,0.923
1148,0.7,4,0.4761904761904759,0.8948780372545735,0,6,4127,3531,9.48,7,0.932
1149,0.66,8,0.28571428571428586,0.827443885908617,0,14,3117,1708,2.202,18,0.561
1150,0.65,2,0.23809523809523822,0.9534827904436659,0,9,2307,4296,5.917,4,0.393
1151,0.72,4,0.5714285714285712,0.8948780372545735,0,4,1394,2259,8.535,1,0.369
1152,0.64,3,0.19047619047619058,0.9204783050212851,0,11,3415,4983,4.583,17,0.708
1153,0.7,13,0.4761904761904759,0.7767543781911412,0,14,4415,560,7.489,10,0.828
1154,0.64,5,0.19047619047619058,0.873961095464951,0,13,225,2816,0.649,15,0.248
1155,0.72,10,0.5714285714285712,0.8044218290017178,0,10,7,415,9.977,5,0.564
1156,0.64,4,0.19047619047619058,0.8948780372545735,0,12,4568,3002,3.137,20,0.482
1157,0.68,3,0.38095238095238115,0.9204783050212851,0,7,3223,2384,6.042,7,0.103
1158,0.66,4,0.28571428571428586,0.8948780372545735,0,10,1495,4815,2.091,11,0.941
1159,0.68,3,0.38095238095238115,0.9204783050212851,0,7,2457,1854,4.709,14,0.796
1160,0.69,2,0.42857142857142827,0.9534827904436659,0,5,2896,4110,8.424,8,0.13
1161,0.73,308,0.6190476190476188,0.42176093504598555,0,98,4231,974,1.146,17,0.257
1162,0.69,3,0.42857142857142827,0.9204783050212851,0,6,1113,3012,9.711,10,0.265
1163,0.68,3,0.38095238095238115,0.9204783050212851,0,7,785,1256,2.726,2,0.53
1164,0.61,3,0.047619047619047644,0.9204783050212851,0,14,3914,4604,6.253,15,0.523
1165,0.72,13,0.5714285714285712,0.7767543781911412,0,13,2589,157,4.18,2,0.892
1166,0.71,21,0.5238095238095235,0.7249001340230028,0,22,2131,2589,7.728,16,0.061
1167,0.71,198,0.5238095238095235,0.4722443612368984,0,92,1803,878,5.347,19,0.209
1168,0.7,3,0.4761904761904759,0.9204783050212851,0,5,3551,3134,1.561,3,0.868
1169,0.7,8,0.4761904761904759,0.827443885908617,0,10,4866,1326,9.262,12,0.746
1170,0.69,2,0.42857142857142827,0.9534827904436659,0,5,325,4051,2.587,8,0.329
1171,0.67,3,0.33333333333333354,0.9204783050212851,0,8,364,2133,9.032,15,0.071
1172,0.63,4,0.14285714285714293,0.8948780372545735,0,13,4906,4409,2.817,10,0.972
1173,0.74,437,0.6666666666666665,0.3817357549219357,0,67,3593,40,5.116,16,0.595
1174,0.7,3,0.4761904761904759,0.9204783050212851,0,5,1846,2784,1.793,1,0.451
1175,0.67,3,0.33333333333333354,0.9204783050212851,0,8,2173,761,3.784,3,0.288
1176,0.64,3,0.19047619047619058,0.9204783050212851,0,11,2631,3329,8.124,19,0.635
1177,0.68,7,0.38095238095238115,0.8409566100425703,0,11,3954,1443,0.199,8,0.765
1178,0.7,2,0.4761904761904759,0.9534827904436659,0,4,901,3392,2.287,7,0.085
1179,0.65,3,0.23809523809523822,0.9204783050212851,0,10,1228,2340,5.307,5,0.82
1180,0.69,3,0.42857142857142827,0.9204783050212851,0,6,4272,2885,7.2,5,0.031
1181,0.7,6,0.4761904761904759,0.8562760731698561,0,8,2939,2188,4.479,11,0.402
1182,0.66,2,0.28571428571428586,0.9534827904436659,0,8,2500,4932,8.654,7,0.554
1183,0.69,6,0.42857142857142827,0.8562760731698561,0,9,1538,1659,5.645,8,0.715
1184,0.7,10,0.4761904761904759,0.8044218290017178,0,12,3267,4228,2.488,14,0.36
1185,0.72,6,0.5714285714285712,0.8562760731698561,0,6,4609,1169,9.581,3,0.241
1186,0.69,12,0.42857142857142827,0.7852564564255772,0,15,48,3582,3.533,17,0.837
1187,0.68,5,0.38095238095238115,0.873961095464951,0,9,190,982,7.093,7,0.473
1188,0.7,4,0.4761904761904759,0.8948780372545735,0,6,4380,3726,1.045,13,0.57
1189,0.7,4,0.4761904761904759,0.8948780372545735,0,6,3378,1826,8.138,4,0.95
1190,0.69,5,0.42857142857142827,0.873961095464951,0,8,1357,4101,4.981,18,0.096
1191,0.69,3,0.42857142857142827,0.9204783050212851,0,6,2270,2375,1.972,16,0.136
1192,0.6,3,0.0,0.9204783050212851,0,15,3080,4788,6.147,1,0.787
1193,0.73,742,0.6190476190476188,0.32110592238569735,0,104,4092,444,3.426,15,0.659
1194,0.7,6,0.4761904761904759,0.8562760731698561,0,8,1037,4743,4.069,15,0.494
1195,0.69,698,0.42857142857142827,0.32810937859263223,0,110,738,796,8.339,17,0.73
1196,0.65,5,0.23809523809523822,0.873961095464951,0,12,3784,4000,9.177,18,0.425
1197,0.7,5,0.4761904761904759,0.873961095464951,0,7,2762,927,1.252,9,0.055
1198,0.65,12,0.23809523809523822,0.7852564564255772,0,18,1971,3203,5.593,13,0.901
1199,0.72,28,0.5714285714285712,0.6932068120717862,0,28,1673,227,7.583,12,0.859
1200,0.72,3,0.5714285714285712,0.9204783050212851,0,3,3675,2639,4.261,6,0.216
1201,0.71,9,0.5238095238095235,0.8153563422758585,0,10,4707,1967,6.559,20,0.338
1202,0.71,2,0.5238095238095235,0.9534827904436659,0,3,497,4535,0.344,5,0.74
1203,0.73,17,0.6190476190476188,0.7479221909299021,0,16,613,114,4.671,10,0.186
1204,0.69,5,0.42857142857142827,0.873961095464951,0,8,4821,2682,8.462,14,0.766
1205,0.71,4,0.5238095238095235,0.8948780372545735,0,5,3634,2090,0.715,1,0.645
1206,0.68,3,0.38095238095238115,0.9204783050212851,0,7,1631,4502,7.398,16,0.306
1207,0.7,11,0.4761904761904759,0.7944394004862361,0,13,1929,1525,9.392,18,0.457
1208,0.64,2,0.19047619047619058,0.9534827904436659,0,10,2721,3801,3.721,4,0.624
1209,0.72,12,0.5714285714285712,0.7852564564255772,0,12,3898,648,5.847,13,0.993
1210,0.64,2,0.19047619047619058,0.9534827904436659,0,10,719,4980,1.083,1,0.285
1211,0.7,59,0.4761904761904759,0.6097957427620947,0,58,1017,716,6.521,9,0.549
1212,0.62,3,0.09523809523809529,0.9204783050212851,0,13,4206,4909,1.601,19,0.231
1213,0.72,8,0.5714285714285712,0.827443885908617,0,8,3039,489,8.833,6,0.358
1214,0.7,2,0.4761904761904759,0.9534827904436659,0,4,2228,2901,3.016,11,0.689
1215,0.69,5,0.42857142857142827,0.873961095464951,0,8,1315,1174,0.01,13,0.54
1216,0.69,3,0.42857142857142827,0.9204783050212851,0,6,3337,3449,6.84,9,0.38
1217,0.71,9,0.5238095238095235,0.8153563422758585,0,10,4495,1625,3.984,18,0.002
1218,0.71,2,0.5238095238095235,0.9534827904436659,0,3,306,4369,7.923,2,0.918
1219,0.66,2,0.28571428571428586,0.9534827904436659,0,8,85,1773,1.453,12,0.267
1220,0.72,4,0.5714285714285712,0.8948780372545735,0,4,4645,4185,5.392,8,0.685
1221,0.71,10,0.5238095238095235,0.8044218290017178,0,11,3147,1046,2.536,19,0.805
1222,0.68,3,0.38095238095238115,0.9204783050212851,0,7,1418,3615,9.366,3,0.146
1223,0.72,4,0.5714285714285712,0.8948780372545735,0,4,2380,340,6.36,1,0.125
1224,0.7,3,0.4761904761904759,0.9204783050212851,0,5,2820,3084,0.543,16,0.956
1225,0.67,4,0.33333333333333354,0.8948780372545735,0,9,4308,2468,7.775,9,0.584
1226,0.65,2,0.23809523809523822,0.9534827904436659,0,9,130,4299,1.57,15,0.682
1227,0.7,2,0.4761904761904759,0.9534827904436659,0,4,263,1739,7.807,5,0.008
1228,0.64,3,0.19047619047619058,0.9204783050212851,0,11,3990,3208,4.779,3,0.32
1229,0.69,6,0.42857142857142827,0.8562760731698561,0,9,2512,1398,6.904,14,0.19
1230,0.72,2,0.5714285714285712,0.9534827904436659,0,2,2053,3966,1.234,8,0.857
1231,0.72,4,0.5714285714285712,0.8948780372545735,0,4,1725,1942,3.227,6,0.879
1232,0.71,3,0.5238095238095235,0.9204783050212851,0,4,3474,4686,9.911,11,0.041
1233,0.74,26,0.6666666666666665,0.7014049813735679,0,14,4942,241,2.163,5,0.419
1234,0.68,4,0.38095238095238115,0.8948780372545735,0,8,401,2517,5.955,20,0.501
1235,0.65,2,0.23809523809523822,0.9534827904436659,0,9,421,1692,3.389,4,0.446
1236,0.67,33,0.33333333333333354,0.6749580267012592,0,34,4923,4261,9.75,19,0.598
1237,0.7,6,0.4761904761904759,0.8562760731698561,0,8,3454,1127,2.012,8,0.969
1238,0.64,7,0.19047619047619058,0.8409566100425703,0,14,1745,3539,6.106,12,0.076
1239,0.69,283,0.42857142857142827,0.4314399903878031,0,99,2033,572,8.178,15,0.163
1240,0.66,2,0.28571428571428586,0.9534827904436659,0,8,2531,2848,4.94,9,0.759
1241,0.72,5,0.5714285714285712,0.873961095464951,0,5,4010,2236,7.056,16,0.64
1242,0.67,3,0.33333333333333354,0.9204783050212851,0,8,581,2567,4.787,7,0.771
1243,0.67,3,0.33333333333333354,0.9204783050212851,0,8,540,2159,0.228,2,0.343
1244,0.65,17,0.23809523809523822,0.7479221909299021,0,22,4327,3284,0.382,14,0.405
1245,0.7,3,0.4761904761904759,0.9204783050212851,0,5,2840,1478,7.624,3,0.028
1246,0.69,4,0.42857142857142827,0.8948780372545735,0,7,2361,3890,4.221,17,0.929
1247,0.66,14,0.28571428571428586,0.7688391327195245,0,19,1438,2174,1.292,20,0.84
1248,0.69,2,0.42857142857142827,0.9534827904436659,0,5,3128,4449,5.553,4,0.236
1249,0.74,824,0.6666666666666665,0.30909560901838584,0,71,4625,9,2.688,11,0.365
1250,0.7,2,0.4761904761904759,0.9534827904436659,0,4,104,2753,9.215,6,0.712
1251,0.69,7,0.42857142857142827,0.8409566100425703,0,10,1092,2275,3.951,12,0.579
1252,0.7,27,0.4761904761904759,0.6972326832124263,0,28,2866,533,0.036,19,0.118
1253,0.64,2,0.19047619047619058,0.9534827904436659,0,10,2407,2964,6.867,4,0.957
1254,0.68,5,0.38095238095238115,0.873961095464951,0,9,1455,1244,8.858,1,0.812
1255,0.66,12,0.28571428571428586,0.7852564564255772,0,17,3203,3500,3.045,16,0.145
1256,0.72,5,0.5714285714285712,0.873961095464951,0,5,4671,1575,5.275,9,0.272
1257,0.68,4,0.38095238095238115,0.8948780372545735,0,8,222,3534,7.21,10,0.577
1258,0.66,17,0.28571428571428586,0.7479221909299021,0,21,10,977,3.416,20,0.238
1259,0.7,34,0.4761904761904759,0.6716324154457147,0,34,4472,4170,4.101,19,0.917
1260,0.68,113,0.38095238095238115,0.5361586994491994,0,78,2205,369,2.509,14,0.353
1261,0.67,3,0.33333333333333354,0.9204783050212851,0,8,1176,4716,5.425,2,0.232
1262,0.65,5,0.23809523809523822,0.873961095464951,0,12,2690,1333,3.215,1,0.458
1263,0.72,2,0.5714285714285712,0.9534827904436659,0,2,319,4602,9.149,12,0.971
1264,0.69,3,0.42857142857142827,0.9204783050212851,0,6,361,1445,3.094,10,0.745
1265,0.7,3,0.4761904761904759,0.9204783050212851,0,5,4729,4415,6.675,17,0.737
1266,0.73,188,0.6190476190476188,0.4781593595647091,0,91,3727,35,3.752,9,0.866
1267,0.68,11,0.38095238095238115,0.7944394004862361,0,15,1706,2759,8.092,13,0.215
1268,0.7,597,0.4761904761904759,0.3460134473599775,0,107,1994,729,5.086,12,0.048
1269,0.71,2,0.5238095238095235,0.9534827904436659,0,3,2804,3317,1.759,6,0.902
1270,0.73,15,0.6190476190476188,0.7614349150638553,0,14,3816,1454,9.059,20,0.525
1271,0.7,3,0.4761904761904759,0.9204783050212851,0,5,837,3885,2.843,5,0.428
1272,0.72,8,0.5714285714285712,0.827443885908617,0,8,1135,558,9.594,7,0.66
1273,0.7,5,0.4761904761904759,0.873961095464951,0,7,4133,2814,3.544,12,0.259
1274,0.7,3,0.4761904761904759,0.9204783050212851,0,5,3111,2261,5.64,4,0.139
1275,0.7,2,0.4761904761904759,0.9534827904436659,0,4,2320,4986,2.479,18,0.782
1276,0.68,7,0.38095238095238115,0.8409566100425703,0,11,1397,1706,4.472,17,0.947
1277,0.66,3,0.28571428571428586,0.9204783050212851,0,9,3399,4294,8.646,1,0.101
1278,0.73,9,0.6190476190476188,0.8153563422758585,0,8,4431,1102,0.928,15,0.472
1279,0.72,2,0.5714285714285712,0.9534827904436659,0,2,54,2883,9.47,3,0.479
1280,0.69,7,0.42857142857142827,0.8409566100425703,0,10,184,441,1.156,13,0.835
1281,0.69,3,0.42857142857142827,0.9204783050212851,0,6,4552,3702,9.697,5,0.842
1282,0.69,4,0.42857142857142827,0.8948780372545735,0,7,3239,1852,1.98,11,0.714
1283,0.71,3,0.5238095238095235,0.9204783050212851,0,4,1491,4108,6.154,7,0.367
1284,0.7,2,0.4761904761904759,0.9534827904436659,0,4,2444,2386,8.147,8,0.403
1285,0.65,6,0.23809523809523822,0.8562760731698561,0,13,2902,4818,4.986,14,0.547
1286,0.72,22,0.5714285714285712,0.7198003808918302,0,22,4225,412,7.082,3,0.926
1287,0.67,3,0.33333333333333354,0.9204783050212851,0,8,972,3000,1.032,17,0.026
1288,0.66,7,0.28571428571428586,0.8409566100425703,0,13,646,1329,6.533,15,0.758
1289,0.68,3,0.38095238095238115,0.9204783050212851,0,7,3917,4053,0.317,10,0.161
1290,0.7,955,0.4761904761904759,0.2921879846495872,0,112,2586,875,7.617,16,0.284
1291,0.69,2,0.42857142857142827,0.9534827904436659,0,5,2146,3131,4.29,2,0.638
1292,0.73,36,0.6190476190476188,0.6652571334313298,0,35,1809,160,1.284,3,0.6
1293,0.67,14,0.33333333333333354,0.7688391327195245,0,18,3538,2591,5.624,19,0.448
1294,0.71,4,0.5238095238095235,0.8948780372545735,0,5,4879,2013,2.701,7,0.078
1295,0.72,5,0.5714285714285712,0.873961095464951,0,5,501,4002,6.282,20,0.069
1296,0.69,490,0.42857142857142827,0.36863120345992206,0,104,616,645,8.732,15,0.514
1297,0.69,5,0.42857142857142827,0.873961095464951,0,8,4921,3857,8.755,15,0.336
1298,0.72,7,0.5714285714285712,0.8409566100425703,0,7,3577,758,1.679,2,0.206
1299,0.69,3,0.42857142857142827,0.9204783050212851,0,6,1849,3327,5.229,16,0.873
1300,0.74,27,0.6666666666666665,0.6972326832124263,0,15,2186,42,7.844,19,0.895
1301,0.7,3,0.4761904761904759,0.9204783050212851,0,5,2625,2786,4.063,3,0.057
1302,0.72,5,0.5714285714285712,0.873961095464951,0,5,3960,2131,6.762,12,0.434
1303,0.69,2,0.42857142857142827,0.9534827904436659,0,5,688,4407,0.088,8,0.516
1304,0.68,4,0.38095238095238115,0.8948780372545735,0,8,1016,1172,7.477,5,0.252
1305,0.7,3,0.4761904761904759,0.9204783050212851,0,5,4268,3584,0.637,20,0.669
1306,0.72,4,0.5714285714285712,0.8948780372545735,0,4,2943,1657,8.541,7,0.789
1307,0.69,8,0.42857142857142827,0.827443885908617,0,11,2484,4225,4.593,11,0.131
1308,0.68,11,0.38095238095238115,0.7944394004862361,0,15,1532,2190,2.209,14,0.11
1309,0.64,2,0.19047619047619058,0.9534827904436659,0,10,3280,4935,5.925,8,0.94
1310,0.73,248,0.6190476190476188,0.4465288493068157,0,95,4595,608,3.643,17,0.568
1311,0.64,2,0.19047619047619058,0.9534827904436659,0,10,299,4911,3.862,18,0.281
1312,0.7,2,0.4761904761904759,0.9534827904436659,0,4,91,2470,5.514,8,0.908
1313,0.7,3,0.4761904761904759,0.9204783050212851,0,5,4394,3009,6.983,7,0.246
1314,0.67,4,0.33333333333333354,0.8948780372545735,0,9,3364,2378,4.701,18,0.374
1315,0.64,2,0.19047619047619058,0.9534827904436659,0,10,1363,4790,8.417,4,0.705
1316,0.68,3,0.38095238095238115,0.9204783050212851,0,7,2285,1824,6.033,1,0.556
1317,0.69,6,0.42857142857142827,0.8562760731698561,0,9,3076,4099,2.085,17,0.396
1318,0.71,10,0.5238095238095235,0.8044218290017178,0,11,4096,985,9.989,10,0.017
1319,0.67,2,0.33333333333333354,0.9534827904436659,0,7,1098,3729,3.149,15,0.933
1320,0.68,6,0.38095238095238115,0.8562760731698561,0,10,799,1964,9.288,18,0.17
1321,0.68,3,0.38095238095238115,0.9204783050212851,0,7,3778,4533,2.614,2,0.751
1322,0.72,152,0.5714285714285712,0.502401912609876,0,87,2768,230,5.314,13,0.629
1323,0.68,6,0.38095238095238115,0.8562760731698561,0,10,1958,2642,1.531,9,0.29
1324,0.69,8,0.42857142857142827,0.827443885908617,0,11,1670,925,4.147,6,0.441
1325,0.66,367,0.28571428571428586,0.4017136009769705,0,103,3691,3201,7.697,11,0.609
1326,0.71,6,0.5238095238095235,0.8562760731698561,0,7,4691,1258,0.621,5,0.978
1327,0.71,2,0.5238095238095235,0.9534827904436659,0,3,398,3206,1.894,4,0.176
1328,0.67,4,0.33333333333333354,0.8948780372545735,0,9,417,2233,9.951,19,0.87
1329,0.71,4,0.5238095238095235,0.8948780372545735,0,5,4805,3390,4.401,10,0.409
1330,0.69,12,0.42857142857142827,0.7852564564255772,0,15,3650,1528,7.278,16,0.039
1331,0.7,3,0.4761904761904759,0.9204783050212851,0,5,1628,3803,0.836,1,0.885
1332,0.68,4,0.38095238095238115,0.8948780372545735,0,8,1916,2088,3.454,4,0.843
1333,0.65,3,0.23809523809523822,0.9204783050212851,0,10,2727,4500,9.659,18,0.2
1334,0.74,50,0.6666666666666665,0.628440817144925,0,33,3892,116,2.41,7,0.322
1335,0.68,4,0.38095238095238115,0.8948780372545735,0,8,914,2684,5.723,13,0.724
1336,0.69,5,0.42857142857142827,0.873961095464951,0,8,1212,1622,1.871,19,0.489
1337,0.71,3,0.5238095238095235,0.9204783050212851,0,4,4210,4366,5.038,5,0.586
1338,0.72,6,0.5714285714285712,0.8562760731698561,0,6,3035,1176,2.895,11,0.966
1339,0.66,2,0.28571428571428586,0.9534827904436659,0,8,2244,3452,8.953,6,0.112
1340,0.73,25,0.6190476190476188,0.7057347614468623,0,24,1321,486,6.572,9,0.152
1341,0.69,3,0.42857142857142827,0.9204783050212851,0,6,3323,2898,0.277,13,0.803
1342,0.68,4,0.38095238095238115,0.8948780372545735,0,8,4508,2342,8.046,2,0.675
1343,0.67,6,0.33333333333333354,0.8562760731698561,0,11,4631,4746,1.33,12,0.015
1344,0.73,12,0.6190476190476188,0.7852564564255772,0,11,3161,338,9.099,3,0.386
1345,0.64,3,0.19047619047619058,0.9204783050212851,0,11,1412,3082,2.804,19,0.538
1346,0.7,9,0.4761904761904759,0.8153563422758585,0,11,2365,1049,0.422,16,0.699
1347,0.64,3,0.19047619047619058,0.9204783050212851,0,11,2824,3617,6.481,1,0.344
1348,0.68,4,0.38095238095238115,0.8948780372545735,0,8,4304,1770,4.338,15,0.225
1349,0.65,5,0.23809523809523822,0.873961095464951,0,12,1053,4182,7.505,10,0.822
1350,0.72,12,0.5714285714285712,0.7852564564255772,0,12,725,244,4.903,3,0.087
1351,0.72,5,0.5714285714285712,0.873961095464951,0,5,3996,2519,8.216,17,0.987
1352,0.71,3,0.5238095238095235,0.9204783050212851,0,4,2506,1939,0.967,8,0.611
1353,0.72,2,0.5714285714285712,0.9534827904436659,0,2,2066,4684,7.171,14,0.466
1354,0.71,5,0.5238095238095235,0.873961095464951,0,6,1729,1400,9.79,11,0.304
1355,0.69,3,0.42857142857142827,0.9204783050212851,0,6,3458,3968,3.348,6,0.651
1356,0.71,1560,0.5238095238095235,0.23593529076890596,0,116,4958,794,6.225,20,0.78
1357,0.66,3,0.28571428571428586,0.9204783050212851,0,9,4938,4978,3.187,4,0.211
1358,0.72,11,0.5714285714285712,0.7944394004862361,0,11,3439,575,6.074,12,0.331
1359,0.65,4,0.23809523809523822,0.8948780372545735,0,11,1749,2850,2.045,8,0.748
1360,0.72,4,0.5714285714285712,0.8948780372545735,0,4,2046,1124,4.742,9,0.521
1361,0.67,11,0.33333333333333354,0.7944394004862361,0,16,2526,3537,8.377,15,0.432
1362,0.71,5,0.5238095238095235,0.873961095464951,0,6,4015,1695,1.118,1,0.06
1363,0.64,21,0.19047619047619058,0.7249001340230028,0,25,705,4263,7.02,16,0.89
1364,0.74,571,0.6666666666666665,0.35111320049115025,0,68,1033,7,0.584,14,0.127
1365,0.7,5,0.4761904761904759,0.873961095464951,0,7,4324,2751,6.32,9,0.794
1366,0.7,11,0.4761904761904759,0.7944394004862361,0,13,2843,2176,4.187,17,0.664
1367,0.69,4,0.42857142857142827,0.8948780372545735,0,7,1432,1476,5.354,4,0.484
1368,0.65,4,0.23809523809523822,0.8948780372545735,0,11,1301,4035,4.023,14,0.83
1369,0.67,2,0.33333333333333354,0.9534827904436659,0,7,3016,4581,5.189,7,0.022
1370,0.68,4,0.38095238095238115,0.8948780372545735,0,8,2707,939,2.249,5,0.754
1371,0.68,3,0.38095238095238115,0.9204783050212851,0,7,1935,3684,5.884,19,0.165
1372,0.76,4647,0.7619047619047618,0.11075704709686096,0,16,3534,1,0.001,15,0.999
1373,0.67,3,0.33333333333333354,0.9204783050212851,0,8,3445,3227,3.992,3,0.033
1374,0.66,3,0.28571428571428586,0.9204783050212851,0,9,4952,4549,9.906,20,0.407
1375,0.64,3,0.19047619047619058,0.9204783050212851,0,11,1420,2727,5.799,14,0.713
1376,0.76,6437,0.7619047619047618,0.0733816510106372,0,41,4339,1,2.266,15,0.999
1377,0.76,6246,0.7619047619047618,0.07683679286630218,0,37,4648,1,3.18,12,0.999
1378,0.76,4448,0.7619047619047618,0.1157771698117116,0,11,3447,1,0.251,10,0.726
1379,0.68,3,0.38095238095238115,0.9204783050212851,0,7,4210,5000,0.001,7,0.999
1380,0.68,3,0.38095238095238115,0.9204783050212851,0,7,4996,5000,10.0,7,0.999
1381,0.76,5645,0.7619047619047618,0.08844174379873593,0,21,4875,1,4.182,10,0.999
1382,0.76,6093,0.7619047619047618,0.07968160435850169,0,33,4308,1,3.277,9,0.541
1383,0.64,4,0.19047619047619058,0.8948780372545735,0,12,2530,2525,8.55,17,0.757
