index,ACCURACY,RUNTIME,transformed_accuracy,transformed_runtime,is_pareto,pareto_layer,recent_samples_size,batch_size,theta,lambida
0,0.48,31,0.857142857142857,0.29474864835432124,0,6,1483,1214,0.0,0.521
1,0.37,19,0.3333333333333333,0.6051607880417844,0,3,1867,3975,0.605,0.894
2,0.34,16,0.19047619047619063,0.7124958074033991,0,3,3479,3662,0.858,0.611
3,0.32,11,0.09523809523809532,0.9425336613850233,0,2,150,209,0.319,0.17
4,0.45,29,0.7142857142857143,0.33737287334323873,0,7,2698,929,0.658,0.69
5,0.36,20,0.2857142857142857,0.5729375065325737,0,5,2023,1866,0.907,0.786
6,0.43,24,0.619047619047619,0.45778646386462385,0,2,4302,1702,0.563,0.546
7,0.35,23,0.23809523809523803,0.4847471975203994,0,9,971,764,0.815,0.946
8,0.38,18,0.380952380952381,0.6390372525448571,1,1,190,3515,0.639,0.867
9,0.35,16,0.23809523809523803,0.7124958074033991,0,2,4458,3827,0.887,0.654
10,0.35,21,0.23809523809523803,0.5422135361353762,0,7,1367,2645,0.945,0.439
11,0.37,21,0.3333333333333333,0.5422135361353762,0,5,2265,3338,0.451,0.66
12,0.32,12,0.09523809523809532,0.8896697543654244,0,3,2057,3320,0.512,0.283
13,0.43,28,0.619047619047619,0.35976302639644275,0,8,3770,580,0.383,0.776
14,0.42,27,0.5714285714285714,0.38293895736649564,0,7,3094,4274,0.201,0.815
15,0.32,15,0.09523809523809532,0.7525351122189451,0,6,3405,2008,0.734,0.189
16,0.32,11,0.09523809523809532,0.9425336613850233,0,2,211,886,0.143,0.274
17,0.32,13,0.09523809523809532,0.8407254212311194,0,4,388,5000,0.791,0.295
18,0.45,27,0.7142857142857143,0.38293895736649564,0,4,4475,2659,0.239,0.969
19,0.37,30,0.3333333333333333,0.3157169574542664,0,16,1512,1182,0.859,0.464
20,0.4,28,0.47619047619047633,0.35976302639644275,0,11,118,4113,0.364,0.745
21,0.4,22,0.47619047619047633,0.5128555357415596,0,2,3639,277,0.978,0.545
22,0.41,25,0.5238095238095237,0.43188329050080065,0,6,794,4799,0.246,0.996
23,0.45,28,0.7142857142857143,0.35976302639644275,0,6,325,1901,0.303,0.825
24,0.38,26,0.380952380952381,0.40695783198793223,0,10,4945,338,0.053,0.667
25,0.32,11,0.09523809523809532,0.9425336613850233,0,2,1419,3137,0.528,0.116
26,0.36,18,0.2857142857142857,0.6390372525448571,0,3,4558,4456,0.587,0.791
27,0.38,18,0.380952380952381,0.6390372525448571,1,1,95,2893,0.837,0.699
28,0.38,25,0.380952380952381,0.43188329050080065,0,9,1189,19,0.647,0.622
29,0.38,21,0.380952380952381,0.5422135361353762,0,4,4089,2206,0.894,0.901
30,0.39,24,0.42857142857142866,0.45778646386462385,0,6,2090,2354,0.614,0.642
31,0.32,12,0.09523809523809532,0.8896697543654244,0,3,4968,2813,0.54,0.2
32,0.32,12,0.09523809523809532,0.8896697543654244,0,3,3233,2769,0.0,0.176
33,0.32,12,0.09523809523809532,0.8896697543654244,0,3,713,2709,0.617,0.001
34,0.32,12,0.09523809523809532,0.8896697543654244,0,3,3362,5000,0.0,0.336
35,0.32,11,0.09523809523809532,0.9425336613850233,0,2,4661,5000,0.593,0.001
36,0.49,32,0.9047619047619047,0.2744256214368308,0,6,3399,4108,0.0,0.45
37,0.35,21,0.23809523809523803,0.5422135361353762,0,7,1,1,0.5,0.513
38,0.5,30,0.9523809523809523,0.3157169574542664,0,3,2190,3764,0.009,0.999
39,0.32,11,0.09523809523809532,0.9425336613850233,0,2,3341,5000,0.054,0.19
40,0.32,11,0.09523809523809532,0.9425336613850233,0,2,2988,3649,0.0,0.294
41,0.5,33,0.9523809523809523,0.2547093435387753,0,6,3006,3143,0.0,0.59
42,0.35,20,0.23809523809523803,0.5729375065325737,0,6,1,1,0.496,0.395
43,0.36,18,0.2857142857142857,0.6390372525448571,0,3,3496,5000,0.571,0.389
44,0.51,30,1.0,0.3157169574542664,0,2,2641,5000,0.0,0.999
45,0.32,13,0.09523809523809532,0.8407254212311194,0,4,719,1,0.356,0.001
46,0.51,30,1.0,0.3157169574542664,0,2,3449,5000,0.0,0.457
47,0.32,11,0.09523809523809532,0.9425336613850233,0,2,24,1,0.467,0.234
48,0.36,21,0.2857142857142857,0.5422135361353762,0,6,4714,5000,0.419,0.616
49,0.32,11,0.09523809523809532,0.9425336613850233,0,2,3026,1878,0.356,0.319
50,0.4,22,0.47619047619047633,0.5128555357415596,0,2,4900,4983,0.277,0.613
51,0.51,32,1.0,0.2744256214368308,0,4,1734,5000,0.0,0.827
52,0.35,21,0.23809523809523803,0.5422135361353762,0,7,126,21,0.999,0.648
53,0.51,31,1.0,0.29474864835432124,0,3,5000,5000,0.0,0.612
54,0.32,11,0.09523809523809532,0.9425336613850233,0,2,3907,5000,0.505,0.001
55,0.44,30,0.6666666666666666,0.3157169574542664,0,9,1421,2058,0.0,0.999
56,0.35,21,0.23809523809523803,0.5422135361353762,0,7,5000,1,0.957,0.999
57,0.35,20,0.23809523809523803,0.5729375065325737,0,6,2557,1,0.989,0.999
58,0.37,21,0.3333333333333333,0.5422135361353762,0,5,3781,831,0.999,0.999
59,0.32,11,0.09523809523809532,0.9425336613850233,0,2,652,189,0.0,0.001
60,0.32,12,0.09523809523809532,0.8896697543654244,0,3,905,5000,0.608,0.001
61,0.32,12,0.09523809523809532,0.8896697543654244,0,3,608,1,0.491,0.157
62,0.32,14,0.09523809523809532,0.7951593372078626,0,5,1435,1,0.371,0.073
63,0.32,12,0.09523809523809532,0.8896697543654244,0,3,3622,4800,0.0,0.077
64,0.48,31,0.857142857142857,0.29474864835432124,0,6,1386,2353,0.0,0.84
65,0.32,11,0.09523809523809532,0.9425336613850233,0,2,1,4344,0.999,0.234
66,0.32,11,0.09523809523809532,0.9425336613850233,0,2,1985,3605,0.0,0.001
67,0.39,22,0.42857142857142866,0.5128555357415596,0,4,4636,188,0.753,0.394
68,0.43,28,0.619047619047619,0.35976302639644275,0,8,4397,5000,0.159,0.614
69,0.32,11,0.09523809523809532,0.9425336613850233,0,2,325,4881,0.0,0.329
70,0.37,20,0.3333333333333333,0.5729375065325737,0,4,4560,364,0.999,0.439
71,0.42,24,0.5714285714285714,0.45778646386462385,0,3,4173,291,0.999,0.832
72,0.32,11,0.09523809523809532,0.9425336613850233,0,2,4727,4626,0.999,0.61
73,0.44,28,0.6666666666666666,0.35976302639644275,0,7,1,1070,0.0,0.678
74,0.32,11,0.09523809523809532,0.9425336613850233,0,2,3418,56,0.329,0.312
75,0.34,21,0.19047619047619063,0.5422135361353762,0,8,1,116,0.0,0.673
76,0.51,31,1.0,0.29474864835432124,0,3,2287,5000,0.0,0.695
77,0.32,11,0.09523809523809532,0.9425336613850233,0,2,1,5000,0.999,0.118
78,0.32,12,0.09523809523809532,0.8896697543654244,0,3,1428,4618,0.0,0.348
79,0.32,11,0.09523809523809532,0.9425336613850233,0,2,4264,24,0.538,0.34
80,0.32,11,0.09523809523809532,0.9425336613850233,0,2,4539,5000,0.999,0.001
81,0.43,28,0.619047619047619,0.35976302639644275,0,8,4590,5000,0.147,0.999
82,0.48,29,0.857142857142857,0.33737287334323873,0,4,262,4899,0.0,0.396
83,0.37,19,0.3333333333333333,0.6051607880417844,0,3,5000,4608,0.502,0.999
84,0.41,23,0.5238095238095237,0.4847471975203994,0,2,4582,5000,0.242,0.999
85,0.32,11,0.09523809523809532,0.9425336613850233,0,2,4120,4949,0.999,0.293
86,0.32,11,0.09523809523809532,0.9425336613850233,0,2,3796,69,0.0,0.141
87,0.39,22,0.42857142857142866,0.5128555357415596,0,4,2459,4673,0.388,0.999
88,0.32,12,0.09523809523809532,0.8896697543654244,0,3,5000,5000,0.999,0.122
89,0.35,21,0.23809523809523803,0.5422135361353762,0,7,3736,1,0.999,0.737
90,0.32,11,0.09523809523809532,0.9425336613850233,0,2,2475,4997,0.0,0.361
91,0.32,11,0.09523809523809532,0.9425336613850233,0,2,2586,4858,0.096,0.33
92,0.48,31,0.857142857142857,0.29474864835432124,0,6,798,4596,0.0,0.382
93,0.51,30,1.0,0.3157169574542664,0,2,1,5000,0.0,0.849
94,0.38,22,0.380952380952381,0.5128555357415596,0,5,2593,620,0.999,0.693
95,0.49,31,0.9047619047619047,0.29474864835432124,0,5,4998,4042,0.0,0.6
96,0.32,11,0.09523809523809532,0.9425336613850233,0,2,2338,3969,0.999,0.64
97,0.51,29,1.0,0.33737287334323873,1,1,3762,4613,0.0,0.929
98,0.4,24,0.47619047619047633,0.45778646386462385,0,5,4598,4908,0.32,0.999
99,0.32,11,0.09523809523809532,0.9425336613850233,0,2,2881,34,0.0,0.377
100,0.36,20,0.2857142857142857,0.5729375065325737,0,5,4480,2502,0.999,0.642
101,0.32,11,0.09523809523809532,0.9425336613850233,0,2,4762,4753,0.488,0.142
102,0.32,11,0.09523809523809532,0.9425336613850233,0,2,4450,5000,0.0,0.001
103,0.32,11,0.09523809523809532,0.9425336613850233,0,2,3709,57,0.0,0.211
104,0.32,11,0.09523809523809532,0.9425336613850233,0,2,3925,5000,0.714,0.999
105,0.32,11,0.09523809523809532,0.9425336613850233,0,2,3621,115,0.999,0.109
106,0.37,23,0.3333333333333333,0.4847471975203994,0,7,4588,4822,0.428,0.999
107,0.32,11,0.09523809523809532,0.9425336613850233,0,2,1349,4879,0.757,0.284
108,0.32,11,0.09523809523809532,0.9425336613850233,0,2,814,5000,0.0,0.001
109,0.32,11,0.09523809523809532,0.9425336613850233,0,2,187,4567,0.616,0.218
110,0.35,19,0.23809523809523803,0.6051607880417844,0,5,3677,4974,0.597,0.999
111,0.32,11,0.09523809523809532,0.9425336613850233,0,2,4938,4013,0.999,0.547
112,0.32,11,0.09523809523809532,0.9425336613850233,0,2,2597,18,0.999,0.369
113,0.32,11,0.09523809523809532,0.9425336613850233,0,2,1997,2716,0.0,0.377
114,0.32,12,0.09523809523809532,0.8896697543654244,0,3,4910,37,0.746,0.283
115,0.45,31,0.7142857142857143,0.29474864835432124,0,9,4968,2533,0.0,0.999
116,0.49,31,0.9047619047619047,0.29474864835432124,0,5,4037,4723,0.0,0.389
117,0.32,11,0.09523809523809532,0.9425336613850233,0,2,4200,128,0.0,0.277
118,0.32,11,0.09523809523809532,0.9425336613850233,0,2,440,4951,0.0,0.373
119,0.47,32,0.8095238095238094,0.2744256214368308,0,8,3797,4993,0.083,0.654
120,0.44,31,0.6666666666666666,0.29474864835432124,0,10,2967,1414,0.0,0.38
121,0.35,15,0.23809523809523803,0.7525351122189451,1,1,2636,2770,0.999,0.999
122,0.32,11,0.09523809523809532,0.9425336613850233,0,2,4936,2307,0.999,0.307
123,0.32,11,0.09523809523809532,0.9425336613850233,0,2,143,4992,0.583,0.266
124,0.45,29,0.7142857142857143,0.33737287334323873,0,7,705,4925,0.113,0.929
125,0.39,22,0.42857142857142866,0.5128555357415596,0,4,4533,1547,0.999,0.907
126,0.32,11,0.09523809523809532,0.9425336613850233,0,2,4752,1,0.999,0.001
127,0.32,12,0.09523809523809532,0.8896697543654244,0,3,2973,80,0.999,0.2
128,0.47,28,0.8095238095238094,0.35976302639644275,0,4,3880,4994,0.057,0.914
129,0.32,12,0.09523809523809532,0.8896697543654244,0,3,1,2448,0.999,0.057
130,0.32,12,0.09523809523809532,0.8896697543654244,0,3,2035,5000,0.999,0.621
131,0.43,28,0.619047619047619,0.35976302639644275,0,8,1202,1714,0.0,0.999
132,0.32,11,0.09523809523809532,0.9425336613850233,0,2,2072,2935,0.0,0.078
133,0.32,12,0.09523809523809532,0.8896697543654244,0,3,64,2025,0.0,0.354
134,0.32,11,0.09523809523809532,0.9425336613850233,0,2,4306,4866,0.0,0.369
135,0.32,11,0.09523809523809532,0.9425336613850233,0,2,1,5000,0.999,0.001
136,0.5,31,0.9523809523809523,0.29474864835432124,0,4,316,3176,0.0,0.757
137,0.36,19,0.2857142857142857,0.6051607880417844,0,4,4078,92,0.999,0.894
138,0.32,14,0.09523809523809532,0.7951593372078626,0,5,4382,3526,0.999,0.999
139,0.32,11,0.09523809523809532,0.9425336613850233,0,2,291,1,0.0,0.288
140,0.36,22,0.2857142857142857,0.5128555357415596,0,7,1825,128,0.0,0.795
141,0.49,31,0.9047619047619047,0.29474864835432124,0,5,2646,4983,0.0,0.406
142,0.5,31,0.9523809523809523,0.29474864835432124,0,4,99,4928,0.0,0.91
143,0.42,27,0.5714285714285714,0.38293895736649564,0,7,4679,1113,0.0,0.879
144,0.32,11,0.09523809523809532,0.9425336613850233,0,2,3579,4980,0.999,0.344
145,0.32,11,0.09523809523809532,0.9425336613850233,0,2,21,4694,0.429,0.073
146,0.46,30,0.761904761904762,0.3157169574542664,0,7,4642,1521,0.0,0.704
147,0.38,22,0.380952380952381,0.5128555357415596,0,5,1859,4910,0.408,0.522
148,0.35,17,0.23809523809523803,0.6747457466864779,0,3,524,2869,0.999,0.744
149,0.32,12,0.09523809523809532,0.8896697543654244,0,3,3429,2117,0.705,0.375
150,0.46,29,0.761904761904762,0.33737287334323873,0,6,1725,4999,0.135,0.835
151,0.41,24,0.5238095238095237,0.45778646386462385,0,4,2409,4907,0.303,0.842
152,0.48,28,0.857142857142857,0.35976302639644275,0,3,389,3283,0.05,0.999
153,0.32,11,0.09523809523809532,0.9425336613850233,0,2,4432,4988,0.0,0.378
154,0.32,12,0.09523809523809532,0.8896697543654244,0,3,464,4891,0.999,0.527
155,0.35,16,0.23809523809523803,0.7124958074033991,0,2,1119,2856,0.999,0.566
156,0.41,29,0.5238095238095237,0.33737287334323873,0,11,302,4982,0.212,0.66
157,0.32,11,0.09523809523809532,0.9425336613850233,0,2,4670,1957,0.0,0.351
158,0.49,32,0.9047619047619047,0.2744256214368308,0,6,948,2791,0.0,0.393
159,0.35,21,0.23809523809523803,0.5422135361353762,0,7,1020,1,0.651,0.646
160,0.46,30,0.761904761904762,0.3157169574542664,0,7,2038,2069,0.0,0.905
161,0.32,11,0.09523809523809532,0.9425336613850233,0,2,3,4968,0.0,0.257
162,0.32,11,0.09523809523809532,0.9425336613850233,0,2,3560,1,0.999,0.068
163,0.42,25,0.5714285714285714,0.43188329050080065,0,5,3702,4992,0.212,0.821
164,0.48,31,0.857142857142857,0.29474864835432124,0,6,4975,4739,0.0,0.532
165,0.38,25,0.380952380952381,0.43188329050080065,0,9,1592,38,0.999,0.856
166,0.32,11,0.09523809523809532,0.9425336613850233,0,2,149,4064,0.0,0.365
167,0.42,31,0.5714285714285714,0.29474864835432124,0,12,3731,4958,0.141,0.906
168,0.34,18,0.19047619047619063,0.6390372525448571,0,5,4173,4852,0.615,0.495
169,0.49,27,0.9047619047619047,0.38293895736649564,1,1,4500,4262,0.0,0.784
170,0.41,24,0.5238095238095237,0.45778646386462385,0,4,2702,4977,0.228,0.935
171,0.43,33,0.619047619047619,0.2547093435387753,0,13,2806,4884,0.104,0.999
172,0.44,28,0.6666666666666666,0.35976302639644275,0,7,769,4842,0.195,0.563
173,0.32,11,0.09523809523809532,0.9425336613850233,0,2,1502,30,0.0,0.081
174,0.32,11,0.09523809523809532,0.9425336613850233,0,2,205,2382,0.999,0.287
175,0.32,11,0.09523809523809532,0.9425336613850233,0,2,1018,4526,0.0,0.354
176,0.5,36,0.9523809523809523,0.19886373275850033,0,8,309,4439,0.0,0.52
177,0.46,31,0.761904761904762,0.29474864835432124,0,8,2086,4834,0.081,0.808
178,0.32,14,0.09523809523809532,0.7951593372078626,0,5,1481,4954,0.999,0.203
179,0.5,30,0.9523809523809523,0.3157169574542664,0,3,3128,4800,0.0,0.399
180,0.48,43,0.857142857142857,0.08442707227075263,0,14,1767,4810,0.0,0.78
181,0.32,11,0.09523809523809532,0.9425336613850233,0,2,248,2922,0.489,0.307
182,0.5,36,0.9523809523809523,0.19886373275850033,0,8,2325,3796,0.0,0.756
183,0.46,30,0.761904761904762,0.3157169574542664,0,7,4964,2365,0.0,0.805
184,0.32,12,0.09523809523809532,0.8896697543654244,0,3,2349,4891,0.491,0.309
185,0.39,28,0.42857142857142866,0.35976302639644275,0,12,2635,4710,0.289,0.56
186,0.47,32,0.8095238095238094,0.2744256214368308,0,8,1023,4944,0.131,0.75
187,0.35,24,0.23809523809523803,0.45778646386462385,0,10,4675,1947,0.999,0.562
188,0.45,35,0.7142857142857143,0.21695928282185406,0,13,3400,1263,0.0,0.798
189,0.44,29,0.6666666666666666,0.33737287334323873,0,8,3903,4927,0.124,0.57
190,0.32,11,0.09523809523809532,0.9425336613850233,0,2,606,4852,0.287,0.269
191,0.32,13,0.09523809523809532,0.8407254212311194,0,4,4464,1,0.0,0.001
192,0.43,37,0.619047619047619,0.18125078868023337,0,17,4724,4974,0.205,0.771
193,0.32,12,0.09523809523809532,0.8896697543654244,0,3,441,2966,0.999,0.343
194,0.35,23,0.23809523809523803,0.4847471975203994,0,9,3475,1,0.999,0.581
195,0.32,13,0.09523809523809532,0.8407254212311194,0,4,2058,4998,0.0,0.116
196,0.43,41,0.619047619047619,0.11515104266794995,0,18,4936,1991,0.0,0.587
197,0.36,20,0.2857142857142857,0.5729375065325737,0,5,386,2601,0.999,0.39
198,0.42,27,0.5714285714285714,0.38293895736649564,0,7,4967,4856,0.146,0.8
199,0.32,11,0.09523809523809532,0.9425336613850233,0,2,1075,4829,0.999,0.712
200,0.49,29,0.9047619047619047,0.33737287334323873,0,3,1862,4643,0.0,0.412
201,0.43,32,0.619047619047619,0.2744256214368308,0,12,1235,1044,0.429,0.999
202,0.39,24,0.42857142857142866,0.45778646386462385,0,6,4521,95,0.475,0.593
203,0.32,12,0.09523809523809532,0.8896697543654244,0,3,701,4770,0.309,0.357
204,0.32,13,0.09523809523809532,0.8407254212311194,0,4,1501,3898,0.999,0.915
205,0.41,31,0.5238095238095237,0.29474864835432124,0,13,3300,4974,0.308,0.561
206,0.47,33,0.8095238095238094,0.2547093435387753,0,9,4391,4989,0.051,0.825
207,0.48,40,0.857142857142857,0.13106618051250107,0,12,1747,1626,0.0,0.596
208,0.34,21,0.19047619047619063,0.5422135361353762,0,8,646,3297,0.999,0.695
209,0.48,31,0.857142857142857,0.29474864835432124,0,6,3798,4810,0.0,0.43
210,0.32,11,0.09523809523809532,0.9425336613850233,0,2,1812,1197,0.0,0.234
211,0.32,11,0.09523809523809532,0.9425336613850233,0,2,4136,15,0.676,0.032
212,0.4,29,0.47619047619047633,0.33737287334323873,0,12,739,4957,0.263,0.389
213,0.45,36,0.7142857142857143,0.19886373275850033,0,14,128,396,0.0,0.392
214,0.5,41,0.9523809523809523,0.11515104266794995,0,9,778,4952,0.0,0.413
215,0.32,11,0.09523809523809532,0.9425336613850233,0,2,4847,114,0.458,0.233
216,0.41,30,0.5238095238095237,0.3157169574542664,0,12,999,258,0.0,0.416
217,0.32,14,0.09523809523809532,0.7951593372078626,0,5,391,4717,0.0,0.19
218,0.5,31,0.9523809523809523,0.29474864835432124,0,4,340,4935,0.0,0.392
219,0.5,36,0.9523809523809523,0.19886373275850033,0,8,1666,4926,0.0,0.387
220,0.32,12,0.09523809523809532,0.8896697543654244,0,3,4745,2571,0.219,0.221
221,0.48,32,0.857142857142857,0.2744256214368308,0,7,160,4930,0.0,0.421
222,0.49,30,0.9047619047619047,0.3157169574542664,0,4,3907,4553,0.0,0.434
223,0.48,43,0.857142857142857,0.08442707227075263,0,14,2053,4385,0.0,0.423
224,0.48,33,0.857142857142857,0.2547093435387753,0,8,4235,3813,0.0,0.897
225,0.47,30,0.8095238095238094,0.3157169574542664,0,6,553,4187,0.0,0.666
226,0.34,16,0.19047619047619063,0.7124958074033991,0,3,407,3141,0.999,0.862
227,0.35,24,0.23809523809523803,0.45778646386462385,0,10,1759,191,0.999,0.402
228,0.51,32,1.0,0.2744256214368308,0,4,1,5000,0.0,0.954
229,0.32,13,0.09523809523809532,0.8407254212311194,0,4,200,14,0.702,0.066
230,0.32,11,0.09523809523809532,0.9425336613850233,0,2,2248,1507,0.999,0.138
231,0.46,43,0.761904761904762,0.08442707227075263,0,16,3493,4949,0.137,0.405
232,0.32,11,0.09523809523809532,0.9425336613850233,0,2,1510,4980,0.462,0.204
233,0.36,21,0.2857142857142857,0.5422135361353762,0,6,2956,93,0.0,0.39
234,0.37,23,0.3333333333333333,0.4847471975203994,0,7,4479,107,0.0,0.432
235,0.34,25,0.19047619047619063,0.43188329050080065,0,13,4865,11,0.495,0.999
236,0.49,35,0.9047619047619047,0.21695928282185406,0,9,391,4949,0.0,0.402
237,0.32,12,0.09523809523809532,0.8896697543654244,0,3,1875,2401,0.581,0.245
238,0.32,11,0.09523809523809532,0.9425336613850233,0,2,4691,3971,0.327,0.204
239,0.51,35,1.0,0.21695928282185406,0,5,3952,4989,0.0,0.384
240,0.36,21,0.2857142857142857,0.5422135361353762,0,6,683,2236,0.999,0.999
241,0.48,34,0.857142857142857,0.23556463318933496,0,9,1153,4909,0.0,0.49
242,0.49,46,0.9047619047619047,0.04086537904607346,0,12,3403,3726,0.0,0.685
243,0.32,11,0.09523809523809532,0.9425336613850233,0,2,1,2076,0.0,0.001
244,0.32,11,0.09523809523809532,0.9425336613850233,0,2,4952,4828,0.52,0.039
245,0.45,29,0.7142857142857143,0.33737287334323873,0,7,4352,2286,0.0,0.699
246,0.32,11,0.09523809523809532,0.9425336613850233,0,2,4722,2599,0.274,0.308
247,0.5,36,0.9523809523809523,0.19886373275850033,0,8,1719,3925,0.0,0.93
248,0.42,29,0.5714285714285714,0.33737287334323873,0,10,3989,749,0.0,0.715
249,0.4,25,0.47619047619047633,0.43188329050080065,0,7,3834,196,0.999,0.781
250,0.37,22,0.3333333333333333,0.5128555357415596,0,6,1617,71,0.202,0.718
251,0.5,32,0.9523809523809523,0.2744256214368308,0,5,1190,4486,0.0,0.477
252,0.47,32,0.8095238095238094,0.2744256214368308,0,8,4104,2540,0.0,0.934
253,0.32,11,0.09523809523809532,0.9425336613850233,0,2,245,3045,0.0,0.306
254,0.32,11,0.09523809523809532,0.9425336613850233,0,2,4883,4978,0.0,0.302
255,0.43,30,0.619047619047619,0.3157169574542664,0,10,3865,2050,0.0,0.877
256,0.32,11,0.09523809523809532,0.9425336613850233,0,2,4604,2568,0.999,0.074
257,0.32,11,0.09523809523809532,0.9425336613850233,0,2,48,4256,0.0,0.368
258,0.32,11,0.09523809523809532,0.9425336613850233,0,2,225,2572,0.648,0.149
259,0.32,11,0.09523809523809532,0.9425336613850233,0,2,3078,4691,0.999,0.466
260,0.36,23,0.2857142857142857,0.4847471975203994,0,8,4620,256,0.508,0.721
261,0.49,28,0.9047619047619047,0.35976302639644275,0,2,665,2954,0.0,0.896
262,0.49,31,0.9047619047619047,0.29474864835432124,0,5,322,3592,0.0,0.868
263,0.48,34,0.857142857142857,0.23556463318933496,0,9,4461,4923,0.077,0.888
264,0.32,12,0.09523809523809532,0.8896697543654244,0,3,783,554,0.0,0.183
265,0.32,11,0.09523809523809532,0.9425336613850233,0,2,4170,2666,0.292,0.029
266,0.32,11,0.09523809523809532,0.9425336613850233,0,2,21,35,0.999,0.159
267,0.32,11,0.09523809523809532,0.9425336613850233,0,2,2970,1949,0.672,0.306
268,0.38,25,0.380952380952381,0.43188329050080065,0,9,227,3286,0.449,0.902
269,0.32,13,0.09523809523809532,0.8407254212311194,0,4,2102,1008,0.0,0.125
270,0.47,31,0.8095238095238094,0.29474864835432124,0,7,1687,1538,0.0,0.922
271,0.39,22,0.42857142857142866,0.5128555357415596,0,4,2188,1639,0.999,0.956
272,0.44,29,0.6666666666666666,0.33737287334323873,0,8,4382,746,0.0,0.949
273,0.35,23,0.23809523809523803,0.4847471975203994,0,9,184,519,0.999,0.878
274,0.37,26,0.3333333333333333,0.40695783198793223,0,11,4184,2201,0.999,0.746
275,0.47,49,0.8095238095238094,0.0,0,16,156,4907,0.089,0.999
276,0.32,17,0.09523809523809532,0.6747457466864779,0,8,4698,4466,0.0,0.366
277,0.32,13,0.09523809523809532,0.8407254212311194,0,4,2633,398,0.0,0.36
278,0.48,42,0.857142857142857,0.09961041362912659,0,13,1,4221,0.0,0.953
279,0.32,12,0.09523809523809532,0.8896697543654244,0,3,390,2460,0.0,0.043
280,0.43,31,0.619047619047619,0.29474864835432124,0,11,4820,461,0.999,0.503
281,0.43,42,0.619047619047619,0.09961041362912659,0,19,392,4682,0.211,0.999
282,0.32,11,0.09523809523809532,0.9425336613850233,0,2,3973,3945,0.0,0.377
283,0.42,27,0.5714285714285714,0.38293895736649564,0,7,651,408,0.0,0.897
284,0.32,13,0.09523809523809532,0.8407254212311194,0,4,2671,2942,0.999,0.167
285,0.33,21,0.14285714285714296,0.5422135361353762,0,9,12,580,0.999,0.498
286,0.32,15,0.09523809523809532,0.7525351122189451,0,6,350,4546,0.999,0.299
287,0.49,31,0.9047619047619047,0.29474864835432124,0,5,1302,4401,0.0,0.978
288,0.49,34,0.9047619047619047,0.23556463318933496,0,8,4742,4974,0.0,0.881
289,0.36,24,0.2857142857142857,0.45778646386462385,0,9,4828,583,0.999,0.943
290,0.37,20,0.3333333333333333,0.5729375065325737,0,4,3173,2621,0.999,0.957
291,0.45,28,0.7142857142857143,0.35976302639644275,0,6,4760,1645,0.0,0.999
292,0.32,12,0.09523809523809532,0.8896697543654244,0,3,3642,4529,0.999,0.945
293,0.49,29,0.9047619047619047,0.33737287334323873,0,3,4280,3307,0.0,0.391
294,0.32,12,0.09523809523809532,0.8896697543654244,0,3,2807,1601,0.633,0.001
295,0.4,22,0.47619047619047633,0.5128555357415596,0,2,586,104,0.999,0.763
296,0.32,11,0.09523809523809532,0.9425336613850233,0,2,4643,3885,0.0,0.375
297,0.32,11,0.09523809523809532,0.9425336613850233,0,2,871,4801,0.999,0.079
298,0.32,13,0.09523809523809532,0.8407254212311194,0,4,4975,4806,0.0,0.357
299,0.49,34,0.9047619047619047,0.23556463318933496,0,8,4558,3457,0.0,0.999
300,0.32,13,0.09523809523809532,0.8407254212311194,0,4,562,4734,0.999,0.323
301,0.5,34,0.9523809523809523,0.23556463318933496,0,7,223,4584,0.0,0.988
302,0.5,31,0.9523809523809523,0.29474864835432124,0,4,4774,4689,0.0,0.969
303,0.32,11,0.09523809523809532,0.9425336613850233,0,2,3102,4921,0.999,0.554
304,0.48,29,0.857142857142857,0.33737287334323873,0,4,229,4947,0.092,0.578
305,0.32,11,0.09523809523809532,0.9425336613850233,0,2,4847,173,0.289,0.155
306,0.39,27,0.42857142857142866,0.38293895736649564,0,10,4894,364,0.0,0.948
307,0.32,11,0.09523809523809532,0.9425336613850233,0,2,4852,3735,0.999,0.688
308,0.49,29,0.9047619047619047,0.33737287334323873,0,3,4604,2600,0.0,0.399
309,0.33,16,0.14285714285714296,0.7124958074033991,0,4,635,4635,0.739,0.63
310,0.43,26,0.619047619047619,0.40695783198793223,0,5,118,1104,0.0,0.753
311,0.32,11,0.09523809523809532,0.9425336613850233,0,2,4828,2394,0.0,0.299
312,0.32,12,0.09523809523809532,0.8896697543654244,0,3,69,2189,0.0,0.283
313,0.32,11,0.09523809523809532,0.9425336613850233,0,2,71,46,0.583,0.297
314,0.48,35,0.857142857142857,0.21695928282185406,0,10,4677,3262,0.0,0.404
315,0.33,17,0.14285714285714296,0.6747457466864779,0,5,4322,3318,0.999,0.953
316,0.32,11,0.09523809523809532,0.9425336613850233,0,2,823,21,0.369,0.302
317,0.46,31,0.761904761904762,0.29474864835432124,0,8,4763,1555,0.0,0.94
318,0.36,19,0.2857142857142857,0.6051607880417844,0,4,4621,1741,0.999,0.953
319,0.34,20,0.19047619047619063,0.5729375065325737,0,7,4428,2386,0.999,0.999
320,0.32,12,0.09523809523809532,0.8896697543654244,0,3,1829,197,0.999,0.247
321,0.32,12,0.09523809523809532,0.8896697543654244,0,3,4944,3536,0.999,0.345
322,0.32,11,0.09523809523809532,0.9425336613850233,0,2,117,4926,0.523,0.13
323,0.32,11,0.09523809523809532,0.9425336613850233,0,2,4972,1560,0.0,0.372
324,0.47,32,0.8095238095238094,0.2744256214368308,0,8,4729,2691,0.0,0.389
325,0.32,12,0.09523809523809532,0.8896697543654244,0,3,3920,2498,0.0,0.373
326,0.47,30,0.8095238095238094,0.3157169574542664,0,6,4243,2760,0.0,0.873
327,0.32,11,0.09523809523809532,0.9425336613850233,0,2,1486,5000,0.999,0.924
328,0.36,20,0.2857142857142857,0.5729375065325737,0,5,4910,2795,0.999,0.956
329,0.37,20,0.3333333333333333,0.5729375065325737,0,4,4901,2467,0.999,0.999
330,0.35,17,0.23809523809523803,0.6747457466864779,0,3,2264,2727,0.999,0.496
331,0.32,11,0.09523809523809532,0.9425336613850233,0,2,4727,3031,0.0,0.057
332,0.43,29,0.619047619047619,0.33737287334323873,0,9,109,539,0.0,0.741
333,0.34,16,0.19047619047619063,0.7124958074033991,0,3,771,2929,0.999,0.607
334,0.32,11,0.09523809523809532,0.9425336613850233,0,2,4958,2569,0.318,0.135
335,0.51,31,1.0,0.29474864835432124,0,3,74,4734,0.0,0.631
336,0.32,12,0.09523809523809532,0.8896697543654244,0,3,1936,1473,0.462,0.369
337,0.32,11,0.09523809523809532,0.9425336613850233,0,2,4644,862,0.349,0.374
338,0.5,30,0.9523809523809523,0.3157169574542664,0,3,2707,4934,0.0,0.443
339,0.44,29,0.6666666666666666,0.33737287334323873,0,8,1501,913,0.0,0.84
340,0.37,20,0.3333333333333333,0.5729375065325737,0,4,4790,1660,0.999,0.832
341,0.49,32,0.9047619047619047,0.2744256214368308,0,6,102,4326,0.0,0.442
342,0.32,11,0.09523809523809532,0.9425336613850233,0,2,3934,2376,0.0,0.116
343,0.51,29,1.0,0.33737287334323873,1,1,4891,4740,0.0,0.951
344,0.32,11,0.09523809523809532,0.9425336613850233,0,2,3614,5000,0.999,0.045
345,0.32,11,0.09523809523809532,0.9425336613850233,0,2,404,1007,0.999,0.231
346,0.41,23,0.5238095238095237,0.4847471975203994,0,2,4733,4780,0.235,0.858
347,0.48,29,0.857142857142857,0.33737287334323873,0,4,4793,3659,0.0,0.381
348,0.39,22,0.42857142857142866,0.5128555357415596,0,4,480,694,0.999,0.809
349,0.32,12,0.09523809523809532,0.8896697543654244,0,3,3710,3860,0.999,0.455
350,0.32,11,0.09523809523809532,0.9425336613850233,0,2,1317,11,0.019,0.255
351,0.32,11,0.09523809523809532,0.9425336613850233,0,2,4941,4836,0.999,0.513
352,0.48,35,0.857142857142857,0.21695928282185406,0,10,2219,4937,0.08,0.619
353,0.32,11,0.09523809523809532,0.9425336613850233,0,2,3313,4851,0.0,0.285
354,0.32,12,0.09523809523809532,0.8896697543654244,0,3,2533,113,0.534,0.119
355,0.43,27,0.619047619047619,0.38293895736649564,0,6,4984,4995,0.156,0.507
356,0.36,22,0.2857142857142857,0.5128555357415596,0,7,578,145,0.601,0.829
357,0.32,11,0.09523809523809532,0.9425336613850233,0,2,3061,4926,0.632,0.171
358,0.32,11,0.09523809523809532,0.9425336613850233,0,2,3681,4891,0.999,0.734
359,0.48,30,0.857142857142857,0.3157169574542664,0,5,4766,2958,0.0,0.385
360,0.32,13,0.09523809523809532,0.8407254212311194,0,4,4836,4907,0.999,0.175
361,0.48,45,0.857142857142857,0.05506907187693577,0,15,2267,4881,0.0,0.721
362,0.32,11,0.09523809523809532,0.9425336613850233,0,2,894,190,0.699,0.164
363,0.35,15,0.23809523809523803,0.7525351122189451,1,1,4436,2989,0.999,0.419
364,0.32,11,0.09523809523809532,0.9425336613850233,0,2,478,4990,0.0,0.04
365,0.35,22,0.23809523809523803,0.5128555357415596,0,8,4398,1424,0.307,0.387
366,0.32,12,0.09523809523809532,0.8896697543654244,0,3,1652,4968,0.999,0.826
367,0.35,18,0.23809523809523803,0.6390372525448571,0,4,461,4887,0.576,0.665
368,0.38,26,0.380952380952381,0.40695783198793223,0,10,862,40,0.53,0.868
369,0.5,30,0.9523809523809523,0.3157169574542664,0,3,435,4166,0.0,0.723
370,0.48,34,0.857142857142857,0.23556463318933496,0,9,586,4876,0.0,0.607
371,0.46,28,0.761904761904762,0.35976302639644275,0,5,2874,397,0.0,0.854
372,0.43,28,0.619047619047619,0.35976302639644275,0,8,362,4570,0.158,0.867
373,0.37,22,0.3333333333333333,0.5128555357415596,0,6,2052,16,0.0,0.736
374,0.48,29,0.857142857142857,0.33737287334323873,0,4,4672,2913,0.0,0.38
375,0.37,19,0.3333333333333333,0.6051607880417844,0,3,18,1359,0.999,0.677
376,0.32,11,0.09523809523809532,0.9425336613850233,0,2,423,13,0.435,0.2
377,0.37,20,0.3333333333333333,0.5729375065325737,0,4,4247,1743,0.999,0.404
378,0.32,11,0.09523809523809532,0.9425336613850233,0,2,1927,1658,0.306,0.184
379,0.41,24,0.5238095238095237,0.45778646386462385,0,4,1219,4937,0.252,0.498
380,0.32,11,0.09523809523809532,0.9425336613850233,0,2,3270,4281,0.451,0.32
381,0.36,19,0.2857142857142857,0.6051607880417844,0,4,2902,4953,0.515,0.865
382,0.32,11,0.09523809523809532,0.9425336613850233,0,2,3388,261,0.999,0.034
383,0.32,11,0.09523809523809532,0.9425336613850233,0,2,446,414,0.0,0.042
384,0.45,32,0.7142857142857143,0.2744256214368308,0,10,4857,4931,0.131,0.951
385,0.32,11,0.09523809523809532,0.9425336613850233,0,2,2645,9,0.0,0.107
386,0.49,33,0.9047619047619047,0.2547093435387753,0,7,3614,3336,0.0,0.417
387,0.36,20,0.2857142857142857,0.5729375065325737,0,5,533,2146,0.999,0.629
388,0.32,12,0.09523809523809532,0.8896697543654244,0,3,4824,1917,0.463,0.284
389,0.37,19,0.3333333333333333,0.6051607880417844,0,3,4444,2183,0.999,0.388
390,0.36,22,0.2857142857142857,0.5128555357415596,0,7,4646,4472,0.471,0.948
391,0.32,12,0.09523809523809532,0.8896697543654244,0,3,2134,4973,0.603,0.087
392,0.32,12,0.09523809523809532,0.8896697543654244,0,3,4863,4934,0.21,0.291
393,0.32,12,0.09523809523809532,0.8896697543654244,0,3,178,4861,0.999,0.577
394,0.36,21,0.2857142857142857,0.5422135361353762,0,6,321,1020,0.999,0.527
395,0.32,11,0.09523809523809532,0.9425336613850233,0,2,185,4422,0.0,0.306
396,0.37,19,0.3333333333333333,0.6051607880417844,0,3,2203,2444,0.999,0.8
397,0.32,11,0.09523809523809532,0.9425336613850233,0,2,4416,383,0.0,0.319
398,0.49,29,0.9047619047619047,0.33737287334323873,0,3,1928,3252,0.0,0.623
399,0.51,32,1.0,0.2744256214368308,0,4,4570,5000,0.0,0.721
400,0.46,31,0.761904761904762,0.29474864835432124,0,8,4635,4522,0.109,0.965
401,0.39,23,0.42857142857142866,0.4847471975203994,0,5,3977,148,0.999,0.384
402,0.32,11,0.09523809523809532,0.9425336613850233,0,2,762,76,0.35,0.279
403,0.32,11,0.09523809523809532,0.9425336613850233,0,2,2261,2761,0.999,0.219
404,0.49,34,0.9047619047619047,0.23556463318933496,0,8,32,4985,0.0,0.517
405,0.4,24,0.47619047619047633,0.45778646386462385,0,5,4591,2815,0.482,0.96
406,0.32,11,0.09523809523809532,0.9425336613850233,0,2,1572,231,0.0,0.167
407,0.32,12,0.09523809523809532,0.8896697543654244,0,3,331,4721,0.0,0.296
408,0.49,29,0.9047619047619047,0.33737287334323873,0,3,3800,3978,0.0,0.392
409,0.46,29,0.761904761904762,0.33737287334323873,0,6,4715,4939,0.102,0.857
410,0.46,33,0.761904761904762,0.2547093435387753,0,10,2590,2415,0.0,0.384
411,0.36,17,0.2857142857142857,0.6747457466864779,0,2,3999,4770,0.549,0.932
412,0.32,12,0.09523809523809532,0.8896697543654244,0,3,4552,1701,0.0,0.377
413,0.5,33,0.9523809523809523,0.2547093435387753,0,6,4745,3765,0.0,0.966
414,0.32,11,0.09523809523809532,0.9425336613850233,0,2,414,4649,0.999,0.026
415,0.33,15,0.14285714285714296,0.7525351122189451,0,3,1306,3380,0.999,0.513
416,0.34,22,0.19047619047619063,0.5128555357415596,0,9,3556,58,0.0,0.625
417,0.32,11,0.09523809523809532,0.9425336613850233,0,2,3708,4777,0.999,0.246
418,0.5,32,0.9523809523809523,0.2744256214368308,0,5,4244,4103,0.0,0.42
419,0.34,17,0.19047619047619063,0.6747457466864779,0,4,1008,3357,0.999,0.667
420,0.39,29,0.42857142857142866,0.33737287334323873,0,13,4039,34,0.999,0.798
421,0.37,21,0.3333333333333333,0.5422135361353762,0,5,172,184,0.999,0.72
422,0.32,12,0.09523809523809532,0.8896697543654244,0,3,2984,3728,0.999,0.808
423,0.32,12,0.09523809523809532,0.8896697543654244,0,3,1474,5000,0.167,0.06
424,0.32,11,0.09523809523809532,0.9425336613850233,0,2,4764,3107,0.7,0.088
425,0.32,11,0.09523809523809532,0.9425336613850233,0,2,910,2048,0.999,0.111
426,0.32,12,0.09523809523809532,0.8896697543654244,0,3,4416,2855,0.0,0.375
427,0.32,12,0.09523809523809532,0.8896697543654244,0,3,1378,37,0.681,0.323
428,0.32,11,0.09523809523809532,0.9425336613850233,0,2,4694,1754,0.171,0.076
429,0.34,26,0.19047619047619063,0.40695783198793223,0,14,1335,33,0.0,0.851
430,0.32,11,0.09523809523809532,0.9425336613850233,0,2,167,503,0.78,0.098
431,0.35,17,0.23809523809523803,0.6747457466864779,0,3,528,2858,0.999,0.521
432,0.34,20,0.19047619047619063,0.5729375065325737,0,7,4638,178,0.495,0.918
433,0.32,12,0.09523809523809532,0.8896697543654244,0,3,181,5,0.0,0.32
434,0.4,24,0.47619047619047633,0.45778646386462385,0,5,3709,4905,0.357,0.858
435,0.32,11,0.09523809523809532,0.9425336613850233,0,2,1306,4857,0.999,0.385
436,0.47,28,0.8095238095238094,0.35976302639644275,0,4,4509,1245,0.0,0.384
437,0.35,21,0.23809523809523803,0.5422135361353762,0,7,4091,4949,0.581,0.696
438,0.32,12,0.09523809523809532,0.8896697543654244,0,3,3533,2503,0.0,0.205
439,0.49,28,0.9047619047619047,0.35976302639644275,0,2,492,2996,0.0,0.386
440,0.32,11,0.09523809523809532,0.9425336613850233,0,2,1372,4648,0.999,0.663
441,0.34,17,0.19047619047619063,0.6747457466864779,0,4,4627,2956,0.999,0.777
442,0.32,12,0.09523809523809532,0.8896697543654244,0,3,3641,4964,0.92,0.226
443,0.32,11,0.09523809523809532,0.9425336613850233,0,2,4885,368,0.0,0.328
444,0.32,11,0.09523809523809532,0.9425336613850233,0,2,4683,4981,0.431,0.104
445,0.32,11,0.09523809523809532,0.9425336613850233,0,2,3509,523,0.999,0.357
446,0.32,11,0.09523809523809532,0.9425336613850233,0,2,4848,1808,0.297,0.325
447,0.48,36,0.857142857142857,0.19886373275850033,0,11,4764,4936,0.071,0.502
448,0.34,16,0.19047619047619063,0.7124958074033991,0,3,1910,4682,0.715,0.889
449,0.38,24,0.380952380952381,0.45778646386462385,0,7,466,1242,0.999,0.821
450,0.32,12,0.09523809523809532,0.8896697543654244,0,3,4812,3887,0.0,0.314
451,0.48,32,0.857142857142857,0.2744256214368308,0,7,3803,3954,0.0,0.411
452,0.36,19,0.2857142857142857,0.6051607880417844,0,4,4586,2152,0.999,0.873
453,0.32,11,0.09523809523809532,0.9425336613850233,0,2,4089,3559,0.999,0.047
454,0.51,29,1.0,0.33737287334323873,1,1,4948,3945,0.0,0.947
455,0.34,14,0.19047619047619063,0.7951593372078626,1,1,1936,3353,0.999,0.898
456,0.32,11,0.09523809523809532,0.9425336613850233,0,2,129,47,0.999,0.33
457,0.32,11,0.09523809523809532,0.9425336613850233,0,2,4799,4960,0.289,0.169
458,0.32,11,0.09523809523809532,0.9425336613850233,0,2,4223,79,0.921,0.226
459,0.32,11,0.09523809523809532,0.9425336613850233,0,2,4486,1308,0.999,0.196
460,0.47,30,0.8095238095238094,0.3157169574542664,0,6,4849,3686,0.087,0.856
461,0.32,12,0.09523809523809532,0.8896697543654244,0,3,4596,2187,0.999,0.376
462,0.37,21,0.3333333333333333,0.5422135361353762,0,5,578,4169,0.512,0.834
463,0.38,20,0.380952380952381,0.5729375065325737,0,3,4784,1168,0.999,0.384
464,0.37,22,0.3333333333333333,0.5128555357415596,0,6,3093,3040,0.647,0.707
465,0.43,31,0.619047619047619,0.29474864835432124,0,11,4161,2291,0.143,0.489
466,0.35,25,0.23809523809523803,0.43188329050080065,0,12,1746,1653,0.603,0.801
467,0.38,24,0.380952380952381,0.45778646386462385,0,7,554,66,0.671,0.933
468,0.39,23,0.42857142857142866,0.4847471975203994,0,5,4986,1756,0.796,0.658
469,0.36,22,0.2857142857142857,0.5128555357415596,0,7,1100,2947,0.954,0.813
470,0.46,37,0.761904761904762,0.18125078868023337,0,14,666,1390,0.008,0.501
471,0.49,28,0.9047619047619047,0.35976302639644275,0,2,4736,2965,0.0,0.383
472,0.32,11,0.09523809523809532,0.9425336613850233,0,2,4710,102,0.336,0.2
473,0.32,12,0.09523809523809532,0.8896697543654244,0,3,714,4541,0.999,0.88
474,0.32,11,0.09523809523809532,0.9425336613850233,0,2,4305,4976,0.999,0.481
475,0.34,15,0.19047619047619063,0.7525351122189451,0,2,5000,2736,0.999,0.849
476,0.35,20,0.23809523809523803,0.5729375065325737,0,6,5000,1,0.0,0.999
477,0.49,30,0.9047619047619047,0.3157169574542664,0,4,4640,4277,0.0,0.848
478,0.49,32,0.9047619047619047,0.2744256214368308,0,6,778,4985,0.0,0.549
479,0.49,34,0.9047619047619047,0.23556463318933496,0,8,5000,4275,0.0,0.382
480,0.35,21,0.23809523809523803,0.5422135361353762,0,7,5000,1,0.0,0.904
481,0.35,20,0.23809523809523803,0.5729375065325737,0,6,1,1,0.0,0.552
482,0.32,11,0.09523809523809532,0.9425336613850233,0,2,5000,5000,0.999,0.865
483,0.46,32,0.761904761904762,0.2744256214368308,0,9,5000,3012,0.171,0.823
484,0.43,27,0.619047619047619,0.38293895736649564,0,6,4905,5000,0.189,0.895
485,0.42,32,0.5714285714285714,0.2744256214368308,0,13,1310,2605,0.422,0.613
486,0.32,12,0.09523809523809532,0.8896697543654244,0,3,4595,959,0.552,0.078
487,0.32,12,0.09523809523809532,0.8896697543654244,0,3,4050,3213,0.82,0.177
488,0.39,27,0.42857142857142866,0.38293895736649564,0,10,2014,330,0.2,0.639
489,0.33,17,0.14285714285714296,0.6747457466864779,0,5,865,4965,0.695,0.42
490,0.37,21,0.3333333333333333,0.5422135361353762,0,5,2579,1454,0.325,0.895
491,0.49,31,0.9047619047619047,0.29474864835432124,0,5,4728,4908,0.0,0.5
492,0.35,18,0.23809523809523803,0.6390372525448571,0,4,1,2801,0.999,0.936
493,0.36,23,0.2857142857142857,0.4847471975203994,0,8,3541,1654,0.648,0.47
494,0.38,24,0.380952380952381,0.45778646386462385,0,7,272,4179,0.458,0.81
495,0.45,29,0.7142857142857143,0.33737287334323873,0,7,1144,2000,0.235,0.962
496,0.32,11,0.09523809523809532,0.9425336613850233,0,2,2543,4515,0.934,0.256
497,0.39,26,0.42857142857142866,0.40695783198793223,0,9,4459,907,0.317,0.632
498,0.32,12,0.09523809523809532,0.8896697543654244,0,3,1815,3421,0.509,0.088
499,0.32,11,0.09523809523809532,0.9425336613850233,0,2,1537,1458,0.265,0.341
500,0.37,20,0.3333333333333333,0.5729375065325737,0,4,4806,3983,0.564,0.877
501,0.32,11,0.09523809523809532,0.9425336613850233,0,2,2820,52,0.182,0.002
502,0.36,19,0.2857142857142857,0.6051607880417844,0,4,797,2577,0.991,0.718
503,0.44,26,0.6666666666666666,0.40695783198793223,0,4,619,946,0.706,0.558
504,0.32,11,0.09523809523809532,0.9425336613850233,0,2,3263,3461,0.404,0.224
505,0.37,25,0.3333333333333333,0.43188329050080065,0,10,3777,2353,0.849,0.849
506,0.46,29,0.761904761904762,0.33737287334323873,0,6,2379,4867,0.043,0.431
507,0.35,19,0.23809523809523803,0.6051607880417844,0,5,3390,1097,0.963,0.969
508,0.32,11,0.09523809523809532,0.9425336613850233,0,2,414,3621,0.147,0.312
509,0.39,27,0.42857142857142866,0.38293895736649564,0,10,670,214,0.424,0.464
510,0.38,20,0.380952380952381,0.5729375065325737,0,3,3026,2728,0.749,0.754
511,0.32,11,0.09523809523809532,0.9425336613850233,0,2,4933,1307,0.008,0.132
512,0.34,16,0.19047619047619063,0.7124958074033991,0,3,1332,3822,0.822,0.587
513,0.44,27,0.6666666666666666,0.38293895736649564,0,5,1688,746,0.074,0.84
514,0.37,20,0.3333333333333333,0.5729375065325737,0,4,4664,3271,0.751,0.379
515,0.38,26,0.380952380952381,0.40695783198793223,0,10,2670,2153,0.494,0.501
516,0.32,11,0.09523809523809532,0.9425336613850233,0,2,939,4677,0.675,0.218
517,0.32,11,0.09523809523809532,0.9425336613850233,0,2,145,1815,0.89,0.058
518,0.42,25,0.5714285714285714,0.43188329050080065,0,5,3746,4329,0.216,0.723
519,0.32,11,0.09523809523809532,0.9425336613850233,0,2,4252,408,0.536,0.352
520,0.43,25,0.619047619047619,0.43188329050080065,0,4,1896,2923,0.352,0.929
521,0.32,11,0.09523809523809532,0.9425336613850233,0,2,2101,561,0.794,0.185
522,0.44,28,0.6666666666666666,0.35976302639644275,0,7,4125,3085,0.094,0.597
523,0.38,22,0.380952380952381,0.5128555357415596,0,5,3632,482,0.268,0.768
524,0.4,25,0.47619047619047633,0.43188329050080065,0,7,26,3007,0.593,0.449
525,0.32,12,0.09523809523809532,0.8896697543654244,0,3,1058,829,0.869,0.29
526,0.46,36,0.761904761904762,0.19886373275850033,0,13,2784,3343,0.053,0.991
527,0.32,12,0.09523809523809532,0.8896697543654244,0,3,4550,1922,0.701,0.116
528,0.39,23,0.42857142857142866,0.4847471975203994,0,5,1569,4437,0.378,0.667
529,0.43,25,0.619047619047619,0.43188329050080065,0,4,1290,130,0.63,0.92
530,0.32,11,0.09523809523809532,0.9425336613850233,0,2,4896,2655,0.446,0.36
531,0.41,31,0.5238095238095237,0.29474864835432124,0,13,3063,1537,0.797,0.736
532,0.32,11,0.09523809523809532,0.9425336613850233,0,2,712,4061,0.122,0.046
533,0.32,11,0.09523809523809532,0.9425336613850233,0,2,372,2431,0.337,0.198
534,0.36,23,0.2857142857142857,0.4847471975203994,0,8,3353,4945,0.519,0.522
535,0.44,29,0.6666666666666666,0.33737287334323873,0,8,4020,1024,0.23,0.395
536,0.34,16,0.19047619047619063,0.7124958074033991,0,3,2294,3539,0.907,0.823
537,0.39,22,0.42857142857142866,0.5128555357415596,0,4,2252,2191,0.608,0.684
538,0.32,12,0.09523809523809532,0.8896697543654244,0,3,3983,4715,0.284,0.097
539,0.32,11,0.09523809523809532,0.9425336613850233,0,2,3148,2269,0.08,0.269
540,0.32,13,0.09523809523809532,0.8407254212311194,0,4,499,4793,0.777,0.95
541,0.4,28,0.47619047619047633,0.35976302639644275,0,11,917,1386,0.554,0.79
542,0.4,22,0.47619047619047633,0.5128555357415596,0,2,2936,3901,0.364,0.491
543,0.37,22,0.3333333333333333,0.5128555357415596,0,6,4691,292,0.888,0.613
544,0.32,11,0.09523809523809532,0.9425336613850233,0,2,1417,2806,0.188,0.168
545,0.37,18,0.3333333333333333,0.6390372525448571,0,2,1774,2074,0.943,0.421
546,0.45,37,0.7142857142857143,0.18125078868023337,0,15,4423,4598,0.137,0.86
547,0.32,11,0.09523809523809532,0.9425336613850233,0,2,2579,668,0.612,0.238
548,0.42,26,0.5714285714285714,0.40695783198793223,0,6,1185,3192,0.311,0.543
549,0.45,27,0.7142857142857143,0.38293895736649564,0,4,231,330,0.026,0.695
550,0.32,11,0.09523809523809532,0.9425336613850233,0,2,3505,2845,0.835,0.024
551,0.45,32,0.7142857142857143,0.2744256214368308,0,10,4161,1737,0.421,0.896
552,0.32,11,0.09523809523809532,0.9425336613850233,0,2,2142,4251,0.721,0.323
553,0.41,26,0.5238095238095237,0.40695783198793223,0,7,2015,1576,0.164,0.577
554,0.32,12,0.09523809523809532,0.8896697543654244,0,3,4366,4101,0.978,0.143
555,0.4,25,0.47619047619047633,0.43188329050080065,0,7,3462,802,0.033,0.539
556,0.32,12,0.09523809523809532,0.8896697543654244,0,3,187,3288,0.856,0.243
557,0.32,11,0.09523809523809532,0.9425336613850233,0,2,1231,543,0.57,0.029
558,0.44,30,0.6666666666666666,0.3157169574542664,0,9,2625,3019,0.255,0.691
559,0.32,12,0.09523809523809532,0.8896697543654244,0,3,4380,1637,0.997,0.314
560,0.43,27,0.619047619047619,0.38293895736649564,0,6,1730,4112,0.172,0.904
561,0.33,18,0.14285714285714296,0.6390372525448571,0,6,1463,1075,0.927,0.652
562,0.32,13,0.09523809523809532,0.8407254212311194,0,4,4736,3560,0.246,0.068
563,0.42,24,0.5714285714285714,0.45778646386462385,0,3,2893,2481,0.503,0.943
564,0.32,11,0.09523809523809532,0.9425336613850233,0,2,874,4967,0.326,0.275
565,0.46,29,0.761904761904762,0.33737287334323873,0,6,545,1520,0.104,0.497
566,0.34,16,0.19047619047619063,0.7124958074033991,0,3,3193,3996,0.788,0.783
567,0.32,11,0.09523809523809532,0.9425336613850233,0,2,3850,114,0.467,0.158
568,0.39,21,0.42857142857142866,0.5422135361353762,0,3,2455,2589,0.643,0.624
569,0.32,11,0.09523809523809532,0.9425336613850233,0,2,2499,1175,0.473,0.078
570,0.36,19,0.2857142857142857,0.6051607880417844,0,4,3893,3699,0.664,0.64
571,0.32,12,0.09523809523809532,0.8896697543654244,0,3,3320,1358,0.346,0.038
572,0.34,26,0.19047619047619063,0.40695783198793223,0,14,340,3843,0.546,0.743
573,0.35,20,0.23809523809523803,0.5729375065325737,0,6,747,2331,0.76,0.528
574,0.32,11,0.09523809523809532,0.9425336613850233,0,2,3098,4806,0.069,0.19
575,0.37,22,0.3333333333333333,0.5128555357415596,0,6,4863,1236,0.686,0.812
576,0.38,21,0.380952380952381,0.5422135361353762,0,4,1258,3713,0.487,0.406
577,0.32,12,0.09523809523809532,0.8896697543654244,0,3,1603,1788,0.739,0.151
578,0.4,25,0.47619047619047633,0.43188329050080065,0,7,4585,4274,0.43,0.568
579,0.4,25,0.47619047619047633,0.43188329050080065,0,7,2751,382,0.812,0.445
580,0.47,31,0.8095238095238094,0.29474864835432124,0,7,1026,2868,0.013,0.774
581,0.38,22,0.380952380952381,0.5128555357415596,0,5,61,650,0.291,0.996
582,0.32,12,0.09523809523809532,0.8896697543654244,0,3,3667,3126,0.597,0.285
583,0.43,26,0.619047619047619,0.40695783198793223,0,5,4334,2056,0.152,0.657
584,0.32,11,0.09523809523809532,0.9425336613850233,0,2,1983,4532,0.954,0.124
585,0.37,22,0.3333333333333333,0.5128555357415596,0,6,2188,1896,0.395,0.869
586,0.34,17,0.19047619047619063,0.6747457466864779,0,4,4207,4381,0.711,0.411
587,0.32,11,0.09523809523809532,0.9425336613850233,0,2,3704,1974,0.916,0.209
588,0.43,31,0.619047619047619,0.29474864835432124,0,11,103,4459,0.225,0.51
589,0.37,23,0.3333333333333333,0.4847471975203994,0,7,984,1715,0.44,0.733
590,0.32,14,0.09523809523809532,0.7951593372078626,0,5,2714,4190,0.64,0.05
591,0.4,32,0.47619047619047633,0.2744256214368308,0,15,4622,621,0.117,0.924
592,0.32,11,0.09523809523809532,0.9425336613850233,0,2,1645,3097,0.806,0.356
593,0.32,11,0.09523809523809532,0.9425336613850233,0,2,1377,2403,0.059,0.104
594,0.32,12,0.09523809523809532,0.8896697543654244,0,3,4978,4889,0.86,0.678
595,0.32,12,0.09523809523809532,0.8896697543654244,0,3,2984,997,0.384,0.301
596,0.37,19,0.3333333333333333,0.6051607880417844,0,3,628,3482,0.691,0.979
597,0.4,26,0.47619047619047633,0.40695783198793223,0,8,459,36,0.968,0.765
598,0.44,27,0.6666666666666666,0.38293895736649564,0,5,3434,2511,0.169,0.453
599,0.37,28,0.3333333333333333,0.35976302639644275,0,14,3941,1442,0.583,0.581
600,0.32,11,0.09523809523809532,0.9425336613850233,0,2,2210,3918,0.274,0.139
601,0.32,12,0.09523809523809532,0.8896697543654244,0,3,2328,264,0.21,0.371
602,0.37,19,0.3333333333333333,0.6051607880417844,0,3,4055,2750,0.9,0.91
603,0.39,24,0.42857142857142866,0.45778646386462385,0,6,3229,186,0.726,0.707
604,0.32,11,0.09523809523809532,0.9425336613850233,0,2,586,2672,0.411,0.012
605,0.32,11,0.09523809523809532,0.9425336613850233,0,2,833,1159,0.126,0.234
606,0.33,16,0.14285714285714296,0.7124958074033991,0,4,2857,3634,0.949,0.547
607,0.46,33,0.761904761904762,0.2547093435387753,0,10,4772,2252,0.301,0.424
608,0.34,17,0.19047619047619063,0.6747457466864779,0,4,1504,4728,0.618,0.857
609,0.4,24,0.47619047619047633,0.45778646386462385,0,5,1851,461,0.374,0.602
610,0.32,12,0.09523809523809532,0.8896697543654244,0,3,4495,2946,0.549,0.18
611,0.45,27,0.7142857142857143,0.38293895736649564,0,4,2509,1866,0.198,0.802
612,0.32,12,0.09523809523809532,0.8896697543654244,0,3,1111,4352,0.881,0.48
613,0.32,12,0.09523809523809532,0.8896697543654244,0,3,308,2134,0.659,0.265
614,0.36,22,0.2857142857142857,0.5128555357415596,0,7,3577,4610,0.482,0.954
615,0.32,13,0.09523809523809532,0.8407254212311194,0,4,4091,728,0.771,0.082
616,0.44,28,0.6666666666666666,0.35976302639644275,0,7,2068,3204,0.09,0.637
617,0.42,30,0.5714285714285714,0.3157169574542664,0,11,1941,880,0.53,0.383
618,0.41,28,0.5238095238095237,0.35976302639644275,0,10,4296,3366,0.331,0.834
619,0.32,13,0.09523809523809532,0.8407254212311194,0,4,3558,138,0.765,0.338
620,0.47,34,0.8095238095238094,0.23556463318933496,0,10,288,2623,0.065,0.88
621,0.41,33,0.5238095238095237,0.2547093435387753,0,15,1130,1051,0.35,0.845
622,0.37,23,0.3333333333333333,0.4847471975203994,0,7,2529,3526,0.542,0.435
623,0.41,33,0.5238095238095237,0.2547093435387753,0,15,4514,2457,0.206,0.562
624,0.32,12,0.09523809523809532,0.8896697543654244,0,3,1870,4933,0.904,0.22
625,0.43,25,0.619047619047619,0.43188329050080065,0,4,1523,489,0.149,0.474
626,0.35,19,0.23809523809523803,0.6051607880417844,0,5,4792,2974,0.957,0.806
627,0.32,11,0.09523809523809532,0.9425336613850233,0,2,2876,1583,0.294,0.181
628,0.36,23,0.2857142857142857,0.4847471975203994,0,8,852,4068,0.594,0.601
629,0.36,19,0.2857142857142857,0.6051607880417844,0,4,566,1950,0.816,0.628
630,0.32,11,0.09523809523809532,0.9425336613850233,0,2,3210,4425,0.01,0.091
631,0.42,24,0.5714285714285714,0.45778646386462385,0,3,3794,856,0.735,0.966
632,0.32,13,0.09523809523809532,0.8407254212311194,0,4,2395,3332,0.433,0.252
633,0.36,21,0.2857142857142857,0.5422135361353762,0,6,2414,1280,0.841,0.884
634,0.32,13,0.09523809523809532,0.8407254212311194,0,4,3814,3765,0.016,0.335
635,0.41,23,0.5238095238095237,0.4847471975203994,0,2,3415,2100,0.575,0.836
636,0.41,28,0.5238095238095237,0.35976302639644275,0,10,439,4586,0.251,0.383
637,0.32,12,0.09523809523809532,0.8896697543654244,0,3,647,1744,0.037,0.347
638,0.32,11,0.09523809523809532,0.9425336613850233,0,2,3003,4220,0.851,0.934
639,0.32,11,0.09523809523809532,0.9425336613850233,0,2,4997,339,0.391,0.062
640,0.37,21,0.3333333333333333,0.5422135361353762,0,5,1396,2814,0.716,0.72
641,0.4,26,0.47619047619047633,0.40695783198793223,0,8,1665,2296,0.464,0.972
642,0.32,12,0.09523809523809532,0.8896697543654244,0,3,4641,4782,0.646,0.309
643,0.41,26,0.5238095238095237,0.40695783198793223,0,7,2734,1203,0.108,0.681
644,0.32,12,0.09523809523809532,0.8896697543654244,0,3,1003,3688,0.784,0.101
645,0.32,11,0.09523809523809532,0.9425336613850233,0,2,83,298,0.507,0.128
646,0.42,29,0.5714285714285714,0.33737287334323873,0,10,3684,2775,0.323,0.591
647,0.39,25,0.42857142857142866,0.43188329050080065,0,8,4277,1393,0.924,0.469
648,0.43,31,0.619047619047619,0.29474864835432124,0,11,1921,3868,0.249,0.75
649,0.32,11,0.09523809523809532,0.9425336613850233,0,2,2048,1544,0.681,0.006
650,0.36,24,0.2857142857142857,0.45778646386462385,0,9,4072,4030,0.491,0.714
651,0.45,43,0.7142857142857143,0.08442707227075263,0,18,3647,1466,0.131,0.916
652,0.32,11,0.09523809523809532,0.9425336613850233,0,2,41,3952,0.944,0.364
653,0.36,22,0.2857142857142857,0.5128555357415596,0,7,1045,2379,0.731,0.391
654,0.36,22,0.2857142857142857,0.5128555357415596,0,7,2771,4854,0.407,0.827
655,0.32,11,0.09523809523809532,0.9425336613850233,0,2,4604,973,0.836,0.201
656,0.47,30,0.8095238095238094,0.3157169574542664,0,6,1623,3448,0.02,0.518
657,0.41,22,0.5238095238095237,0.5128555357415596,1,1,1277,1661,0.767,0.772
658,0.47,42,0.8095238095238094,0.09961041362912659,0,14,4883,4146,0.093,0.446
659,0.36,20,0.2857142857142857,0.5729375065325737,0,5,3117,567,0.663,0.573
660,0.32,11,0.09523809523809532,0.9425336613850233,0,2,766,3053,0.479,0.147
661,0.32,11,0.09523809523809532,0.9425336613850233,0,2,320,934,0.201,0.112
662,0.34,17,0.19047619047619063,0.6747457466864779,0,4,3301,3410,0.878,0.67
663,0.32,12,0.09523809523809532,0.8896697543654244,0,3,4035,2028,0.371,0.294
664,0.36,22,0.2857142857142857,0.5128555357415596,0,7,2309,4503,0.553,0.987
665,0.39,23,0.42857142857142866,0.4847471975203994,0,5,2190,694,0.992,0.505
666,0.32,11,0.09523809523809532,0.9425336613850233,0,2,3921,3179,0.176,0.214
667,0.39,25,0.42857142857142866,0.43188329050080065,0,8,3174,773,0.444,0.417
668,0.34,22,0.19047619047619063,0.5128555357415596,0,9,525,3257,0.635,0.864
669,0.37,21,0.3333333333333333,0.5422135361353762,0,5,893,416,0.921,0.891
670,0.32,12,0.09523809523809532,0.8896697543654244,0,3,2912,2892,0.221,0.327
671,0.39,27,0.42857142857142866,0.38293895736649564,0,10,4756,1823,0.525,0.699
672,0.32,13,0.09523809523809532,0.8407254212311194,0,4,1482,4298,0.335,0.02
673,0.32,11,0.09523809523809532,0.9425336613850233,0,2,1750,1124,0.579,0.273
674,0.42,28,0.5714285714285714,0.35976302639644275,0,9,4399,3610,0.277,0.946
675,0.32,12,0.09523809523809532,0.8896697543654244,0,3,2644,2218,0.972,0.074
676,0.43,30,0.619047619047619,0.3157169574542664,0,10,1250,4703,0.166,0.645
677,0.33,22,0.14285714285714296,0.5128555357415596,0,10,168,1314,0.387,0.61
678,0.32,14,0.09523809523809532,0.7951593372078626,0,5,3442,3790,0.687,0.172
679,0.44,31,0.6666666666666666,0.29474864835432124,0,10,4187,220,0.056,0.794
680,0.34,18,0.19047619047619063,0.6390372525448571,0,5,2168,2696,0.864,0.487
681,0.35,19,0.23809523809523803,0.6051607880417844,0,5,1963,60,0.297,0.741
682,0.32,12,0.09523809523809532,0.8896697543654244,0,3,4314,2545,0.622,0.041
683,0.42,28,0.5714285714285714,0.35976302639644275,0,9,3485,2397,0.428,0.656
684,0.32,12,0.09523809523809532,0.8896697543654244,0,3,212,4921,0.745,0.064
685,0.32,16,0.09523809523809532,0.7124958074033991,0,7,1204,1414,0.968,0.161
686,0.44,40,0.6666666666666666,0.13106618051250107,0,17,2599,3929,0.143,0.621
687,0.37,20,0.3333333333333333,0.5729375065325737,0,4,4442,8,0.603,0.493
688,0.46,30,0.761904761904762,0.3157169574542664,0,7,1793,2523,0.288,0.787
689,0.41,23,0.5238095238095237,0.4847471975203994,0,2,1436,1966,0.532,0.535
690,0.32,12,0.09523809523809532,0.8896697543654244,0,3,4710,4491,0.355,0.248
691,0.4,28,0.47619047619047633,0.35976302639644275,0,11,2955,873,0.894,0.872
692,0.44,27,0.6666666666666666,0.38293895736649564,0,5,937,3397,0.213,0.408
693,0.32,11,0.09523809523809532,0.9425336613850233,0,2,479,595,0.497,0.318
694,0.36,21,0.2857142857142857,0.5422135361353762,0,6,3128,3109,0.672,0.9
695,0.32,12,0.09523809523809532,0.8896697543654244,0,3,3873,1688,0.071,0.025
696,0.34,18,0.19047619047619063,0.6390372525448571,0,5,2480,4203,0.754,0.695
697,0.32,12,0.09523809523809532,0.8896697543654244,0,3,2436,2178,0.113,0.242
698,0.32,12,0.09523809523809532,0.8896697543654244,0,3,3830,4664,0.81,0.539
699,0.32,12,0.09523809523809532,0.8896697543654244,0,3,3333,433,0.24,0.155
700,0.36,19,0.2857142857142857,0.6051607880417844,0,4,352,2958,0.929,0.563
701,0.4,24,0.47619047619047633,0.45778646386462385,0,5,732,722,0.653,0.661
702,0.32,11,0.09523809523809532,0.9425336613850233,0,2,3082,3236,0.454,0.12
703,0.39,22,0.42857142857142866,0.5128555357415596,0,4,4916,2128,0.789,0.992
704,0.32,13,0.09523809523809532,0.8407254212311194,0,4,1309,4642,0.098,0.289
705,0.32,11,0.09523809523809532,0.9425336613850233,0,2,1588,160,0.846,0.034
706,0.46,34,0.761904761904762,0.23556463318933496,0,11,4569,2684,0.046,0.747
707,0.32,11,0.09523809523809532,0.9425336613850233,0,2,2804,1254,0.71,0.375
708,0.4,24,0.47619047619047633,0.45778646386462385,0,5,1077,3778,0.401,0.906
709,0.45,32,0.7142857142857143,0.2744256214368308,0,10,7,2244,0.186,0.817
710,0.32,12,0.09523809523809532,0.8896697543654244,0,3,3612,4759,0.987,0.402
711,0.4,23,0.47619047619047633,0.4847471975203994,0,3,4347,1151,0.261,0.525
712,0.32,13,0.09523809523809532,0.8407254212311194,0,4,1995,3665,0.568,0.194
713,0.45,30,0.7142857142857143,0.3157169574542664,0,8,2122,990,0.003,0.939
714,0.32,11,0.09523809523809532,0.9425336613850233,0,2,4142,3515,0.826,0.279
715,0.32,13,0.09523809523809532,0.8407254212311194,0,4,3726,1068,0.559,0.108
716,0.4,23,0.47619047619047633,0.4847471975203994,0,3,125,3593,0.36,0.674
717,0.38,28,0.380952380952381,0.35976302639644275,0,13,958,86,0.084,0.584
718,0.32,11,0.09523809523809532,0.9425336613850233,0,2,2689,2601,0.773,0.135
719,0.41,34,0.5238095238095237,0.23556463318933496,0,16,4683,1493,0.469,0.76
720,0.36,20,0.2857142857142857,0.5729375065325737,0,5,1707,4007,0.669,0.458
721,0.32,11,0.09523809523809532,0.9425336613850233,0,2,1351,794,0.417,0.205
722,0.37,19,0.3333333333333333,0.6051607880417844,0,3,4953,3319,0.724,0.514
723,0.42,45,0.5714285714285714,0.05506907187693577,0,20,3045,1888,0.029,0.387
724,0.32,11,0.09523809523809532,0.9425336613850233,0,2,690,4413,0.831,0.831
725,0.37,27,0.3333333333333333,0.38293895736649564,0,12,394,1610,0.616,0.928
726,0.32,11,0.09523809523809532,0.9425336613850233,0,2,3371,4125,0.307,0.352
727,0.4,26,0.47619047619047633,0.40695783198793223,0,8,3963,517,0.939,0.729
728,0.32,11,0.09523809523809532,0.9425336613850233,0,2,2232,3031,0.14,0.053
729,0.46,36,0.761904761904762,0.19886373275850033,0,13,2274,1839,0.313,0.441
730,0.36,21,0.2857142857142857,0.5422135361353762,0,6,4000,4363,0.513,0.777
731,0.39,21,0.42857142857142866,0.5422135361353762,0,3,3244,1761,0.874,0.606
732,0.32,14,0.09523809523809532,0.7951593372078626,0,5,599,4285,0.049,0.176
733,0.32,12,0.09523809523809532,0.8896697543654244,0,3,816,2050,0.272,0.086
734,0.36,18,0.2857142857142857,0.6390372525448571,0,3,2840,4564,0.588,0.633
735,0.32,13,0.09523809523809532,0.8407254212311194,0,4,4826,643,0.159,0.261
736,0.35,16,0.23809523809523803,0.7124958074033991,0,2,1556,3158,0.982,0.958
737,0.39,26,0.42857142857142866,0.40695783198793223,0,9,1834,1332,0.227,0.703
738,0.32,13,0.09523809523809532,0.8407254212311194,0,4,4478,3857,0.911,0.016
739,0.36,25,0.2857142857142857,0.43188329050080065,0,11,2563,238,0.341,0.887
740,0.32,12,0.09523809523809532,0.8896697543654244,0,3,1163,2763,0.516,0.331
741,0.4,31,0.47619047619047633,0.29474864835432124,0,14,253,1229,0.8,0.429
742,0.46,32,0.761904761904762,0.2744256214368308,0,9,3521,3743,0.119,0.852
743,0.32,12,0.09523809523809532,0.8896697543654244,0,3,4106,2322,0.626,0.23
744,0.38,25,0.380952380952381,0.43188329050080065,0,9,2081,4837,0.449,0.551
745,0.32,12,0.09523809523809532,0.8896697543654244,0,3,1876,2475,0.883,0.298
746,0.42,32,0.5714285714285714,0.2744256214368308,0,13,4233,4999,0.192,0.982
747,0.32,12,0.09523809523809532,0.8896697543654244,0,3,3535,1220,0.362,0.136
748,0.36,21,0.2857142857142857,0.5422135361353762,0,6,241,3735,0.561,0.584
749,0.41,33,0.5238095238095237,0.2547093435387753,0,15,1157,249,0.777,0.673
750,0.32,13,0.09523809523809532,0.8407254212311194,0,4,2571,2774,0.084,0.109
751,0.39,25,0.42857142857142866,0.43188329050080065,0,8,4492,1343,0.669,0.98
752,0.32,12,0.09523809523809532,0.8896697543654244,0,3,1824,3867,0.472,0.3
753,0.32,12,0.09523809523809532,0.8896697543654244,0,3,1545,635,0.724,0.055
754,0.39,26,0.42857142857142866,0.40695783198793223,0,9,4839,3150,0.414,0.728
755,0.32,13,0.09523809523809532,0.8407254212311194,0,4,2848,2041,0.828,0.355
756,0.49,38,0.9047619047619047,0.1640953758022553,0,11,810,4556,0.029,0.925
757,0.4,22,0.47619047619047633,0.5128555357415596,0,2,589,1772,0.306,0.828
758,0.36,21,0.2857142857142857,0.5422135361353762,0,6,3257,4297,0.613,0.39
759,0.37,22,0.3333333333333333,0.5128555357415596,0,6,3767,366,0.137,0.513
760,0.32,12,0.09523809523809532,0.8896697543654244,0,3,2353,2890,0.938,0.207
761,0.4,28,0.47619047619047633,0.35976302639644275,0,11,2359,355,0.697,0.798
762,0.43,27,0.619047619047619,0.38293895736649564,0,6,3758,2879,0.382,0.483
763,0.47,33,0.8095238095238094,0.2547093435387753,0,9,3365,1621,0.049,0.636
764,0.32,13,0.09523809523809532,0.8407254212311194,0,4,403,4136,0.87,0.083
765,0.32,18,0.09523809523809532,0.6390372525448571,0,9,703,1880,0.586,0.173
766,0.41,29,0.5238095238095237,0.33737287334323873,0,11,3034,4404,0.271,0.608
767,0.39,24,0.42857142857142866,0.45778646386462385,0,6,4947,785,0.981,0.482
768,0.46,33,0.761904761904762,0.2547093435387753,0,10,1360,3310,0.157,0.799
769,0.39,22,0.42857142857142866,0.5128555357415596,0,4,1716,1503,0.912,0.554
770,0.32,11,0.09523809523809532,0.9425336613850233,0,2,4677,4018,0.23,0.227
771,0.4,30,0.47619047619047633,0.3157169574542664,0,13,2679,97,0.518,0.854
772,0.43,34,0.619047619047619,0.23556463318933496,0,14,972,2612,0.342,0.428
773,0.32,12,0.09523809523809532,0.8896697543654244,0,3,134,1060,0.119,0.33
774,0.34,17,0.19047619047619063,0.6747457466864779,0,4,3720,3584,0.804,0.889
775,0.32,12,0.09523809523809532,0.8896697543654244,0,3,4221,2466,0.453,0.013
776,0.34,21,0.19047619047619063,0.5422135361353762,0,8,1890,4991,0.627,0.706
777,0.44,36,0.6666666666666666,0.19886373275850033,0,15,2075,2314,0.195,0.46
778,0.32,12,0.09523809523809532,0.8896697543654244,0,3,4114,4829,0.885,0.758
779,0.39,29,0.42857142857142866,0.33737287334323873,0,13,2583,2272,0.441,0.673
780,0.32,11,0.09523809523809532,0.9425336613850233,0,2,1184,4787,0.634,0.108
781,0.32,12,0.09523809523809532,0.8896697543654244,0,3,1086,1265,0.142,0.067
782,0.32,20,0.09523809523809532,0.5729375065325737,0,10,2798,3789,0.964,0.653
783,0.32,12,0.09523809523809532,0.8896697543654244,0,3,4558,171,0.285,0.28
784,0.38,23,0.380952380952381,0.4847471975203994,0,6,1602,2696,0.603,0.938
785,0.4,32,0.47619047619047633,0.2744256214368308,0,15,1323,2119,0.359,0.692
786,0.32,11,0.09523809523809532,0.9425336613850233,0,2,4904,4634,0.533,0.028
787,0.37,27,0.3333333333333333,0.38293895736649564,0,12,3076,713,0.213,0.899
788,0.32,12,0.09523809523809532,0.8896697543654244,0,3,740,3227,0.897,0.319
789,0.38,27,0.380952380952381,0.38293895736649564,0,11,366,444,0.675,0.408
790,0.38,30,0.380952380952381,0.3157169574542664,0,15,3323,2968,0.498,0.872
791,0.32,18,0.09523809523809532,0.6390372525448571,0,9,3994,1850,0.756,0.25
792,0.47,30,0.8095238095238094,0.3157169574542664,0,6,2283,4375,0.073,0.532
793,0.4,37,0.47619047619047633,0.18125078868023337,0,18,2246,528,0.379,0.959
794,0.32,12,0.09523809523809532,0.8896697543654244,0,3,3952,3042,0.696,0.26
795,0.38,22,0.380952380952381,0.5128555357415596,0,5,2895,809,0.426,0.382
796,0.37,22,0.3333333333333333,0.5128555357415596,0,6,870,3284,0.743,0.836
797,0.38,26,0.380952380952381,0.40695783198793223,0,10,546,541,0.965,0.933
798,0.32,11,0.09523809523809532,0.9425336613850233,0,2,3189,3026,0.141,0.347
799,0.36,19,0.2857142857142857,0.6051607880417844,0,4,3852,1634,0.602,0.72
800,0.32,11,0.09523809523809532,0.9425336613850233,0,2,2453,4120,0.286,0.062
801,0.39,21,0.42857142857142866,0.5422135361353762,0,3,2497,2076,0.581,0.514
802,0.32,14,0.09523809523809532,0.7951593372078626,0,5,3896,4591,0.28,0.205
803,0.42,28,0.5714285714285714,0.35976302639644275,0,9,3147,670,0.975,0.831
804,0.46,27,0.761904761904762,0.38293895736649564,0,3,503,3184,0.167,0.388
805,0.32,11,0.09523809523809532,0.9425336613850233,0,2,915,324,0.39,0.353
806,0.36,26,0.2857142857142857,0.40695783198793223,0,12,2939,2848,0.689,0.929
807,0.32,11,0.09523809523809532,0.9425336613850233,0,2,4690,1730,0.057,0.053
808,0.32,11,0.09523809523809532,0.9425336613850233,0,2,1421,4255,0.866,0.729
809,0.43,28,0.619047619047619,0.35976302639644275,0,8,1777,1178,0.111,0.983
810,0.32,11,0.09523809523809532,0.9425336613850233,0,2,4421,3693,0.808,0.298
811,0.41,27,0.5238095238095237,0.38293895736649564,0,8,2752,1366,0.241,0.881
812,0.32,13,0.09523809523809532,0.8407254212311194,0,4,1022,3842,0.931,0.338
813,0.39,22,0.42857142857142866,0.5128555357415596,0,4,62,2327,0.654,0.435
814,0.38,20,0.380952380952381,0.5729375065325737,0,3,3664,4813,0.456,0.846
815,0.32,11,0.09523809523809532,0.9425336613850233,0,2,4334,1234,0.792,0.22
816,0.47,32,0.8095238095238094,0.2744256214368308,0,8,1978,3719,0.1,0.561
817,0.32,11,0.09523809523809532,0.9425336613850233,0,2,2183,1083,0.534,0.308
818,0.4,24,0.47619047619047633,0.45778646386462385,0,5,4207,3559,0.358,0.972
819,0.32,12,0.09523809523809532,0.8896697543654244,0,3,3459,2489,0.896,0.101
820,0.44,27,0.6666666666666666,0.38293895736649564,0,5,189,4965,0.214,0.681
821,0.4,26,0.47619047619047633,0.40695783198793223,0,8,1227,1517,0.499,0.591
822,0.32,11,0.09523809523809532,0.9425336613850233,0,2,2625,4002,0.673,0.129
823,0.39,26,0.42857142857142866,0.40695783198793223,0,9,4377,110,0.073,0.75
824,0.37,20,0.3333333333333333,0.5729375065325737,0,4,1732,2596,0.757,0.468
825,0.32,13,0.09523809523809532,0.8407254212311194,0,4,1463,1903,0.002,0.214
826,0.32,12,0.09523809523809532,0.8896697543654244,0,3,4732,4378,0.824,0.506
827,0.42,24,0.5714285714285714,0.45778646386462385,0,3,2979,1980,0.56,0.864
828,0.39,23,0.42857142857142866,0.4847471975203994,0,5,628,4457,0.363,0.417
829,0.32,11,0.09523809523809532,0.9425336613850233,0,2,456,1713,0.085,0.327
830,0.34,21,0.19047619047619063,0.5422135361353762,0,8,3436,4198,0.775,0.891
831,0.32,11,0.09523809523809532,0.9425336613850233,0,2,3937,619,0.471,0.02
832,0.37,21,0.3333333333333333,0.5422135361353762,0,5,2210,3104,0.671,0.699
833,0.39,22,0.42857142857142866,0.5128555357415596,0,4,2326,1795,0.843,0.807
834,0.48,30,0.857142857142857,0.3157169574542664,0,5,4057,4271,0.045,0.474
835,0.37,21,0.3333333333333333,0.5422135361353762,0,5,3316,389,0.708,0.601
836,0.32,13,0.09523809523809532,0.8407254212311194,0,4,340,2865,0.399,0.18
837,0.32,11,0.09523809523809532,0.9425336613850233,0,2,743,648,0.184,0.091
838,0.34,17,0.19047619047619063,0.6747457466864779,0,4,3100,3134,0.985,0.628
839,0.32,13,0.09523809523809532,0.8407254212311194,0,4,4859,2055,0.259,0.252
840,0.36,22,0.2857142857142857,0.5128555357415596,0,7,1258,4540,0.567,0.967
841,0.33,19,0.14285714285714296,0.6051607880417844,0,7,1605,273,0.315,0.713
842,0.32,11,0.09523809523809532,0.9425336613850233,0,2,4582,2748,0.514,0.005
843,0.32,11,0.09523809523809532,0.9425336613850233,0,2,2506,194,0.872,0.364
844,0.48,30,0.857142857142857,0.3157169574542664,0,5,1113,2670,0.048,0.917
845,0.43,25,0.619047619047619,0.43188329050080065,0,4,303,1156,0.269,0.827
846,0.37,20,0.3333333333333333,0.5729375065325737,0,4,3578,3641,0.587,0.391
847,0.41,35,0.5238095238095237,0.21695928282185406,0,17,4088,2249,0.158,0.518
848,0.32,12,0.09523809523809532,0.8896697543654244,0,3,2069,4735,0.98,0.201
849,0.36,23,0.2857142857142857,0.4847471975203994,0,8,1942,2411,0.415,0.946
850,0.32,12,0.09523809523809532,0.8896697543654244,0,3,4293,4886,0.723,0.272
851,0.41,30,0.5238095238095237,0.3157169574542664,0,12,3705,1005,0.028,0.645
852,0.32,11,0.09523809523809532,0.9425336613850233,0,2,98,3481,0.828,0.075
853,0.32,11,0.09523809523809532,0.9425336613850233,0,2,985,32,0.615,0.172
854,0.44,33,0.6666666666666666,0.2547093435387753,0,12,2711,2518,0.305,0.61
855,0.37,20,0.3333333333333333,0.5729375065325737,0,4,4623,1439,0.937,0.486
856,0.43,27,0.619047619047619,0.38293895736649564,0,6,1641,3924,0.138,0.794
857,0.38,21,0.380952380952381,0.5422135361353762,0,4,1374,887,0.885,0.54
858,0.32,11,0.09523809523809532,0.9425336613850233,0,2,4979,3362,0.193,0.242
859,0.36,28,0.2857142857142857,0.35976302639644275,0,15,2872,145,0.65,0.743
860,0.32,13,0.09523809523809532,0.8407254212311194,0,4,853,2621,0.46,0.039
861,0.32,11,0.09523809523809532,0.9425336613850233,0,2,563,1049,0.238,0.191
862,0.34,15,0.19047619047619063,0.7525351122189451,0,2,3212,3534,0.935,0.529
863,0.4,25,0.47619047619047633,0.43188329050080065,0,7,3790,2455,0.318,0.406
864,0.37,28,0.3333333333333333,0.35976302639644275,0,14,2396,4940,0.511,0.812
865,0.36,26,0.2857142857142857,0.40695783198793223,0,12,2415,467,0.229,0.446
866,0.35,18,0.23809523809523803,0.6390372525448571,0,4,3810,2943,0.913,0.773
867,0.32,11,0.09523809523809532,0.9425336613850233,0,2,3231,1874,0.343,0.147
868,0.37,22,0.3333333333333333,0.5128555357415596,0,6,583,4349,0.517,0.572
869,0.36,26,0.2857142857142857,0.40695783198793223,0,12,833,2133,0.803,0.67
870,0.32,11,0.09523809523809532,0.9425336613850233,0,2,2852,4618,0.12,0.111
871,0.41,30,0.5238095238095237,0.3157169574542664,0,12,4774,726,0.627,0.987
872,0.32,13,0.09523809523809532,0.8407254212311194,0,4,1500,3212,0.451,0.294
873,0.32,13,0.09523809523809532,0.8407254212311194,0,4,1846,1288,0.695,0.041
874,0.39,24,0.42857142857142866,0.45778646386462385,0,6,4496,3764,0.38,0.74
875,0.32,11,0.09523809523809532,0.9425336613850233,0,2,2731,2108,0.962,0.243
876,0.45,27,0.7142857142857143,0.38293895736649564,0,4,1005,4584,0.145,0.538
877,0.45,25,0.7142857142857143,0.43188329050080065,0,2,79,1742,0.422,0.69
878,0.32,11,0.09523809523809532,0.9425336613850233,0,2,3685,4227,0.747,0.028
879,0.44,26,0.6666666666666666,0.40695783198793223,0,4,4274,335,0.005,0.904
880,0.32,14,0.09523809523809532,0.7951593372078626,0,5,1923,2821,0.82,0.314
881,0.43,25,0.619047619047619,0.43188329050080065,0,4,2050,497,0.263,0.568
882,0.32,11,0.09523809523809532,0.9425336613850233,0,2,4069,2972,0.562,0.152
883,0.41,27,0.5238095238095237,0.38293895736649564,0,8,3558,1591,0.18,0.773
884,0.32,11,0.09523809523809532,0.9425336613850233,0,2,284,4066,0.989,0.445
885,0.32,11,0.09523809523809532,0.9425336613850233,0,2,1132,1946,0.703,0.285
886,0.38,21,0.380952380952381,0.5422135361353762,0,4,2526,4432,0.403,0.996
887,0.32,13,0.09523809523809532,0.8407254212311194,0,4,4515,853,0.848,0.124
888,0.43,28,0.619047619047619,0.35976302639644275,0,8,1866,3338,0.041,0.658
889,0.39,28,0.42857142857142866,0.35976302639644275,0,12,1520,1551,0.796,0.909
890,0.32,12,0.09523809523809532,0.8896697543654244,0,3,4794,4027,0.096,0.371
891,0.32,11,0.09523809523809532,0.9425336613850233,0,2,3119,1473,0.266,0.012
892,0.37,21,0.3333333333333333,0.5422135361353762,0,5,763,3948,0.591,0.708
893,0.36,22,0.2857142857142857,0.5128555357415596,0,7,321,2377,0.868,0.548
894,0.32,13,0.09523809523809532,0.8407254212311194,0,4,3297,4862,0.051,0.234
895,0.41,25,0.5238095238095237,0.43188329050080065,0,6,4037,971,0.699,0.856
896,0.39,22,0.42857142857142866,0.5128555357415596,0,4,2306,3456,0.377,0.424
897,0.32,11,0.09523809523809532,0.9425336613850233,0,2,2191,2303,0.077,0.068
898,0.32,12,0.09523809523809532,0.8896697543654244,0,3,3917,4779,0.752,0.651
899,0.32,11,0.09523809523809532,0.9425336613850233,0,2,3417,1209,0.495,0.276
900,0.36,18,0.2857142857142857,0.6390372525448571,0,3,436,3685,0.678,0.943
901,0.4,37,0.47619047619047633,0.18125078868023337,0,18,648,297,0.892,0.783
902,0.45,26,0.7142857142857143,0.40695783198793223,0,3,2999,2782,0.218,0.498
903,0.4,31,0.47619047619047633,0.29474864835432124,0,14,4999,1390,0.538,0.624
904,0.32,11,0.09523809523809532,0.9425336613850233,0,2,1393,3876,0.354,0.157
905,0.35,29,0.23809523809523803,0.33737287334323873,0,16,1661,702,0.605,0.412
906,0.44,26,0.6666666666666666,0.40695783198793223,0,4,4642,3178,0.283,0.869
907,0.42,26,0.5714285714285714,0.40695783198793223,0,6,2645,780,0.082,0.51
908,0.32,11,0.09523809523809532,0.9425336613850233,0,2,1246,3256,0.779,0.209
909,0.32,11,0.09523809523809532,0.9425336613850233,0,2,170,413,0.557,0.049
910,0.43,37,0.619047619047619,0.18125078868023337,0,17,3439,2899,0.366,0.732
911,0.32,13,0.09523809523809532,0.8407254212311194,0,4,4188,1820,0.889,0.356
912,0.42,30,0.5714285714285714,0.3157169574542664,0,11,2164,4305,0.19,0.925
913,0.32,12,0.09523809523809532,0.8896697543654244,0,3,1959,1669,0.632,0.18
914,0.37,22,0.3333333333333333,0.5128555357415596,0,6,4315,4145,0.447,0.602
915,0.37,32,0.3333333333333333,0.2744256214368308,0,17,3644,575,0.798,0.479
916,0.46,28,0.761904761904762,0.35976302639644275,0,5,43,3051,0.125,0.801
917,0.38,25,0.380952380952381,0.43188329050080065,0,9,1041,931,0.339,0.953
918,0.32,12,0.09523809523809532,0.8896697543654244,0,3,2772,3416,0.522,0.264
919,0.38,25,0.380952380952381,0.43188329050080065,0,9,4601,2025,0.233,0.637
920,0.32,12,0.09523809523809532,0.8896697543654244,0,3,1625,4510,0.908,0.083
921,0.32,11,0.09523809523809532,0.9425336613850233,0,2,1278,67,0.161,0.334
922,0.36,19,0.2857142857142857,0.6051607880417844,0,4,4878,2543,0.976,0.883
923,0.32,11,0.09523809523809532,0.9425336613850233,0,2,2958,2398,0.035,0.312
924,0.32,16,0.09523809523809532,0.7124958074033991,0,7,935,4913,0.857,0.968
925,0.38,28,0.380952380952381,0.35976302639644275,0,13,484,1408,0.572,0.754
926,0.42,29,0.5714285714285714,0.33737287334323873,0,10,3128,3932,0.257,0.464
927,0.35,20,0.23809523809523803,0.5729375065325737,0,6,3876,2,0.998,0.588
928,0.32,11,0.09523809523809532,0.9425336613850233,0,2,2478,2526,0.175,0.132
929,0.34,21,0.19047619047619063,0.5422135361353762,0,8,2433,1131,0.941,0.678
930,0.32,15,0.09523809523809532,0.7525351122189451,0,6,3832,3607,0.134,0.103
931,0.4,21,0.47619047619047633,0.5422135361353762,1,1,3170,2225,0.61,0.979
932,0.32,13,0.09523809523809532,0.8407254212311194,0,4,526,4701,0.309,0.302
933,0.4,25,0.47619047619047633,0.43188329050080065,0,7,890,1312,0.024,0.454
934,0.34,16,0.19047619047619063,0.7124958074033991,0,3,2914,3798,0.833,0.765
935,0.32,11,0.09523809523809532,0.9425336613850233,0,2,4752,219,0.419,0.138
936,0.37,20,0.3333333333333333,0.5729375065325737,0,4,1483,2704,0.718,0.58
937,0.41,24,0.5238095238095237,0.45778646386462385,0,4,1752,2187,0.474,0.835
938,0.34,17,0.19047619047619063,0.6747457466864779,0,4,4396,4662,0.667,0.384
939,0.37,22,0.3333333333333333,0.5128555357415596,0,6,27,3745,0.562,0.395
940,0.4,25,0.47619047619047633,0.43188329050080065,0,7,3532,282,0.103,0.825
941,0.32,12,0.09523809523809532,0.8896697543654244,0,3,4628,4057,0.815,0.115
942,0.4,29,0.47619047619047633,0.33737287334323873,0,12,1746,2470,0.354,0.667
943,0.37,22,0.3333333333333333,0.5128555357415596,0,6,1507,2719,0.756,0.791
944,0.4,22,0.47619047619047633,0.5128555357415596,0,2,4856,1151,0.297,0.489
945,0.37,21,0.3333333333333333,0.5422135361353762,0,5,3139,4907,0.504,0.7
946,0.32,12,0.09523809523809532,0.8896697543654244,0,3,413,1463,0.043,0.019
947,0.32,11,0.09523809523809532,0.9425336613850233,0,2,881,4339,0.47,0.16
948,0.36,19,0.2857142857142857,0.6051607880417844,0,4,2982,2183,0.945,0.623
949,0.32,12,0.09523809523809532,0.8896697543654244,0,3,3762,3401,0.221,0.318
950,0.41,22,0.5238095238095237,0.5128555357415596,1,1,2288,621,0.698,0.901
951,0.37,22,0.3333333333333333,0.5128555357415596,0,6,4440,1681,0.466,0.929
952,0.32,11,0.09523809523809532,0.9425336613850233,0,2,1797,4205,0.64,0.351
953,0.32,12,0.09523809523809532,0.8896697543654244,0,3,1440,992,0.396,0.097
954,0.35,18,0.23809523809523803,0.6390372525448571,0,4,4710,3506,0.714,0.685
955,0.32,11,0.09523809523809532,0.9425336613850233,0,2,528,4759,0.972,0.943
956,0.32,11,0.09523809523809532,0.9425336613850233,0,2,3412,1299,0.45,0.274
957,0.38,21,0.380952380952381,0.5422135361353762,0,4,4816,2572,0.726,0.531
958,0.32,11,0.09523809523809532,0.9425336613850233,0,2,1313,986,0.202,0.249
959,0.32,11,0.09523809523809532,0.9425336613850233,0,2,1705,3890,0.658,0.375
960,0.46,26,0.761904761904762,0.40695783198793223,0,2,4433,2324,0.136,0.907
961,0.32,11,0.09523809523809532,0.9425336613850233,0,2,3649,3577,0.907,0.151
962,0.38,22,0.380952380952381,0.5128555357415596,0,5,303,137,0.383,0.569
963,0.46,34,0.761904761904762,0.23556463318933496,0,11,1084,2853,0.068,0.74
964,0.32,11,0.09523809523809532,0.9425336613850233,0,2,2555,701,0.606,0.041
965,0.39,26,0.42857142857142866,0.40695783198793223,0,9,4277,4416,0.318,0.766
966,0.38,23,0.380952380952381,0.4847471975203994,0,6,2173,1638,0.858,0.452
967,0.41,29,0.5238095238095237,0.33737287334323873,0,11,1902,4582,0.163,0.526
968,0.32,12,0.09523809523809532,0.8896697543654244,0,3,4159,1783,0.638,0.192
969,0.39,23,0.42857142857142866,0.4847471975203994,0,5,2751,3020,0.41,0.995
970,0.32,12,0.09523809523809532,0.8896697543654244,0,3,1122,845,0.887,0.284
971,0.42,29,0.5714285714285714,0.33737287334323873,0,10,205,3931,0.241,0.857
972,0.38,24,0.380952380952381,0.45778646386462385,0,7,3746,2356,0.718,0.422
973,0.39,25,0.42857142857142866,0.43188329050080065,0,8,4531,3620,0.489,0.633
974,0.32,12,0.09523809523809532,0.8896697543654244,0,3,1607,168,0.964,0.085
975,0.37,26,0.3333333333333333,0.40695783198793223,0,11,1373,4957,0.422,0.46
976,0.34,22,0.19047619047619063,0.5128555357415596,0,9,4757,1487,0.899,0.759
977,0.32,12,0.09523809523809532,0.8896697543654244,0,3,3354,2769,0.175,0.05
978,0.42,29,0.5714285714285714,0.33737287334323873,0,10,587,1175,0.651,0.733
979,0.35,19,0.23809523809523803,0.6051607880417844,0,5,743,3299,0.834,0.592
980,0.32,11,0.09523809523809532,0.9425336613850233,0,2,2885,493,0.373,0.127
981,0.36,18,0.2857142857142857,0.6390372525448571,0,3,3976,4237,0.582,0.929
982,0.32,11,0.09523809523809532,0.9425336613850233,0,2,2466,2055,0.123,0.35
983,0.32,12,0.09523809523809532,0.8896697543654244,0,3,2408,3253,0.253,0.079
984,0.38,18,0.380952380952381,0.6390372525448571,1,1,4035,456,0.79,0.642
985,0.5,31,0.9523809523809523,0.29474864835432124,0,4,2944,4190,0.001,0.415
986,0.41,27,0.5238095238095237,0.38293895736649564,0,8,685,2019,0.54,0.866
987,0.32,12,0.09523809523809532,0.8896697543654244,0,3,315,2605,0.331,0.309
988,0.37,21,0.3333333333333333,0.5422135361353762,0,5,3236,1026,0.87,0.973
989,0.32,12,0.09523809523809532,0.8896697543654244,0,3,4953,4792,0.079,0.217
990,0.37,21,0.3333333333333333,0.5422135361353762,0,5,1409,1339,0.617,0.504
991,0.48,31,0.857142857142857,0.29474864835432124,0,6,1805,3474,0.02,0.877
992,0.32,11,0.09523809523809532,0.9425336613850233,0,2,4569,2,0.559,0.341
993,0.43,26,0.619047619047619,0.40695783198793223,0,5,3474,3787,0.273,0.598
994,0.32,11,0.09523809523809532,0.9425336613850233,0,2,86,2188,0.81,0.182
995,0.32,11,0.09523809523809532,0.9425336613850233,0,2,1180,4473,0.737,0.012
996,0.4,27,0.47619047619047633,0.38293895736649564,0,9,2692,1663,0.213,0.708
997,0.35,16,0.23809523809523803,0.7124958074033991,0,2,4100,2910,0.984,0.482
998,0.42,25,0.5714285714285714,0.43188329050080065,0,5,1960,727,0.462,0.8
999,0.32,11,0.09523809523809532,0.9425336613850233,0,2,2076,3056,0.517,0.227
1000,0.37,24,0.3333333333333333,0.45778646386462385,0,8,4375,893,0.055,0.556
1001,0.32,12,0.09523809523809532,0.8896697543654244,0,3,2653,4618,0.767,0.252
1002,0.45,31,0.7142857142857143,0.29474864835432124,0,9,987,1831,0.308,0.968
1003,0.4,28,0.47619047619047633,0.35976302639644275,0,11,139,4663,0.283,0.713
1004,0.32,12,0.09523809523809532,0.8896697543654244,0,3,3490,1864,0.76,0.005
1005,0.47,27,0.8095238095238094,0.38293895736649564,0,2,4583,3100,0.033,0.808
1006,0.39,24,0.42857142857142866,0.45778646386462385,0,6,1860,927,0.508,0.472
1007,0.32,14,0.09523809523809532,0.7951593372078626,0,5,1472,4262,0.098,0.098
1008,0.39,19,0.42857142857142866,0.6051607880417844,1,1,4979,2109,0.575,0.685
1009,0.4,23,0.47619047619047633,0.4847471975203994,0,3,3259,3325,0.35,0.381
1010,0.38,25,0.380952380952381,0.43188329050080065,0,9,380,545,0.826,0.839
1011,0.39,22,0.42857142857142866,0.5128555357415596,0,4,849,2796,0.628,0.978
1012,0.32,11,0.09523809523809532,0.9425336613850233,0,2,3103,1226,0.167,0.302
1013,0.32,11,0.09523809523809532,0.9425336613850233,0,2,3885,4983,0.874,0.513
1014,0.32,12,0.09523809523809532,0.8896697543654244,0,3,2253,1539,0.415,0.206
1015,0.32,11,0.09523809523809532,0.9425336613850233,0,2,2191,4072,0.927,0.674
1016,0.32,11,0.09523809523809532,0.9425336613850233,0,2,3860,1908,0.403,0.107
1017,0.36,20,0.2857142857142857,0.5729375065325737,0,5,3080,3135,0.677,0.831
1018,0.41,25,0.5238095238095237,0.43188329050080065,0,6,784,345,0.155,0.386
1019,0.32,11,0.09523809523809532,0.9425336613850233,0,2,576,3177,0.131,0.141
1020,0.42,26,0.5714285714285714,0.40695783198793223,0,6,3297,381,0.67,0.579
1021,0.32,11,0.09523809523809532,0.9425336613850233,0,2,4707,4115,0.38,0.353
1022,0.35,20,0.23809523809523803,0.5729375065325737,0,6,1354,1943,0.918,0.929
1023,0.39,23,0.42857142857142866,0.4847471975203994,0,5,1586,2933,0.438,0.553
1024,0.32,11,0.09523809523809532,0.9425336613850233,0,2,4463,781,0.977,0.228
1025,0.43,33,0.619047619047619,0.2547093435387753,0,13,3686,4495,0.191,0.953
1026,0.32,12,0.09523809523809532,0.8896697543654244,0,3,177,1719,0.728,0.265
1027,0.34,17,0.19047619047619063,0.6747457466864779,0,4,959,3809,0.788,0.437
1028,0.45,29,0.7142857142857143,0.33737287334323873,0,7,2593,2244,0.264,0.845
1029,0.32,11,0.09523809523809532,0.9425336613850233,0,2,4308,3498,0.535,0.089
1030,0.38,21,0.380952380952381,0.5422135361353762,0,4,2055,56,0.013,0.632
1031,0.32,11,0.09523809523809532,0.9425336613850233,0,2,2015,3664,0.942,0.332
1032,0.35,19,0.23809523809523803,0.6051607880417844,0,5,4114,202,0.48,0.887
1033,0.32,14,0.09523809523809532,0.7951593372078626,0,5,2708,3977,0.693,0.178
1034,0.42,31,0.5714285714285714,0.29474864835432124,0,12,1232,2388,0.234,0.605
1035,0.32,14,0.09523809523809532,0.7951593372078626,0,5,236,2974,0.894,0.04
1036,0.39,22,0.42857142857142866,0.5128555357415596,0,4,3628,813,0.435,0.743
1037,0.34,17,0.19047619047619063,0.6747457466864779,0,4,4405,4537,0.647,0.439
1038,0.45,27,0.7142857142857143,0.38293895736649564,0,4,1645,1750,0.186,0.78
1039,0.37,18,0.3333333333333333,0.6390372525448571,0,2,1256,3375,0.704,0.654
1040,0.32,11,0.09523809523809532,0.9425336613850233,0,2,4805,569,0.245,0.064
1041,0.32,12,0.09523809523809532,0.8896697543654244,0,3,3394,4312,0.954,0.867
1042,0.41,25,0.5238095238095237,0.43188329050080065,0,6,478,2132,0.493,0.413
1043,0.32,11,0.09523809523809532,0.9425336613850233,0,2,635,4881,0.052,0.273
1044,0.37,22,0.3333333333333333,0.5128555357415596,0,6,2926,1411,0.527,0.946
1045,0.32,11,0.09523809523809532,0.9425336613850233,0,2,4024,2694,0.303,0.237
1046,0.38,21,0.380952380952381,0.5422135361353762,0,4,2350,1098,0.78,0.546
1047,0.34,17,0.19047619047619063,0.6747457466864779,0,4,2447,4836,0.594,0.756
1048,0.4,25,0.47619047619047633,0.43188329050080065,0,7,3926,1374,0.07,0.461
1049,0.36,20,0.2857142857142857,0.5729375065325737,0,5,2828,2647,0.846,0.719
1050,0.32,11,0.09523809523809532,0.9425336613850233,0,2,732,1062,0.324,0.062
1051,0.38,19,0.380952380952381,0.6051607880417844,0,2,439,4148,0.547,0.612
1052,0.32,12,0.09523809523809532,0.8896697543654244,0,3,3201,1983,0.025,0.169
1053,0.36,16,0.2857142857142857,0.7124958074033991,1,1,4921,3210,0.799,0.894
1054,0.32,11,0.09523809523809532,0.9425336613850233,0,2,1531,421,0.275,0.324
1055,0.32,11,0.09523809523809532,0.9425336613850233,0,2,1761,4391,0.865,0.199
1056,0.43,24,0.619047619047619,0.45778646386462385,0,2,4680,1584,0.343,0.521
1057,0.32,11,0.09523809523809532,0.9425336613850233,0,2,3587,2829,0.614,0.295
1058,0.38,21,0.380952380952381,0.5422135361353762,0,4,41,646,0.09,0.987
1059,0.38,25,0.380952380952381,0.43188329050080065,0,9,1135,3555,0.392,0.814
1060,0.35,19,0.23809523809523803,0.6051607880417844,0,5,2806,81,0.929,0.403
1061,0.44,27,0.6666666666666666,0.38293895736649564,0,5,4212,3867,0.143,0.661
1062,0.32,11,0.09523809523809532,0.9425336613850233,0,2,1918,2269,0.683,0.12
1063,0.39,27,0.42857142857142866,0.38293895736649564,0,10,2114,4013,0.363,0.92
1064,0.32,11,0.09523809523809532,0.9425336613850233,0,2,4249,2436,0.838,0.36
1065,0.46,33,0.761904761904762,0.2547093435387753,0,10,2534,3700,0.11,0.571
1066,0.32,11,0.09523809523809532,0.9425336613850233,0,2,1017,249,0.587,0.148
1067,0.32,11,0.09523809523809532,0.9425336613850233,0,2,67,4243,0.85,0.314
1068,0.45,28,0.7142857142857143,0.35976302639644275,0,6,3572,2049,0.328,0.905
1069,0.32,11,0.09523809523809532,0.9425336613850233,0,2,4666,3305,0.598,0.165
1070,0.42,25,0.5714285714285714,0.43188329050080065,0,5,1784,487,0.074,0.618
1071,0.36,19,0.2857142857142857,0.6051607880417844,0,4,1547,4643,0.531,0.992
1072,0.32,11,0.09523809523809532,0.9425336613850233,0,2,4895,1805,0.009,0.288
1073,0.37,19,0.3333333333333333,0.6051607880417844,0,3,3177,3081,0.784,0.53
1074,0.32,11,0.09523809523809532,0.9425336613850233,0,2,451,867,0.26,0.189
1075,0.32,11,0.09523809523809532,0.9425336613850233,0,2,920,3606,0.195,0.112
1076,0.4,23,0.47619047619047633,0.4847471975203994,0,3,3021,182,0.732,0.671
1077,0.39,21,0.42857142857142866,0.5422135361353762,0,3,3801,3918,0.442,0.398
1078,0.37,21,0.3333333333333333,0.5422135361353762,0,5,2328,2370,0.981,0.821
1079,0.42,27,0.5714285714285714,0.38293895736649564,0,7,2311,2529,0.211,0.496
1080,0.43,25,0.619047619047619,0.43188329050080065,0,4,3826,951,0.748,0.786
1081,0.32,11,0.09523809523809532,0.9425336613850233,0,2,3044,4717,0.457,0.03
1082,0.39,22,0.42857142857142866,0.5128555357415596,0,4,907,1263,0.996,0.691
1083,0.38,25,0.380952380952381,0.43188329050080065,0,9,490,2914,0.689,0.769
1084,0.37,26,0.3333333333333333,0.40695783198793223,0,11,3374,723,0.23,0.448
1085,0.32,12,0.09523809523809532,0.8896697543654244,0,3,4776,4477,0.938,0.737
1086,0.32,11,0.09523809523809532,0.9425336613850233,0,2,1274,1659,0.477,0.044
1087,0.35,17,0.23809523809523803,0.6747457466864779,0,3,1666,3158,0.878,0.42
1088,0.36,23,0.2857142857142857,0.4847471975203994,0,8,4395,322,0.419,0.862
1089,0.32,11,0.09523809523809532,0.9425336613850233,0,2,3609,4095,0.632,0.074
1090,0.41,32,0.5238095238095237,0.2744256214368308,0,14,263,1885,0.171,0.646
1091,0.39,22,0.42857142857142866,0.5128555357415596,0,4,1044,4776,0.347,0.536
1092,0.32,13,0.09523809523809532,0.8407254212311194,0,4,2515,1355,0.822,0.245
1093,0.48,30,0.857142857142857,0.3157169574542664,0,5,4238,2589,0.095,0.939
1094,0.32,12,0.09523809523809532,0.8896697543654244,0,3,2135,1042,0.572,0.279
1095,0.42,26,0.5714285714285714,0.40695783198793223,0,6,1941,2736,0.376,0.695
1096,0.32,11,0.09523809523809532,0.9425336613850233,0,2,4198,1208,0.914,0.023
1097,0.44,28,0.6666666666666666,0.35976302639644275,0,7,2791,4924,0.127,0.795
1098,0.38,22,0.380952380952381,0.5128555357415596,0,5,1161,1519,0.667,0.485
1099,0.39,27,0.42857142857142866,0.38293895736649564,0,10,165,3434,0.453,0.933
1100,0.32,12,0.09523809523809532,0.8896697543654244,0,3,3707,588,0.992,0.347
1101,0.43,28,0.619047619047619,0.35976302639644275,0,8,4492,4372,0.207,0.589
1102,0.32,11,0.09523809523809532,0.9425336613850233,0,2,1569,2150,0.744,0.13
1103,0.32,12,0.09523809523809532,0.8896697543654244,0,3,1333,3034,0.147,0.256
1104,0.38,27,0.380952380952381,0.38293895736649564,0,11,4718,832,0.686,0.963
1105,0.32,11,0.09523809523809532,0.9425336613850233,0,2,3316,4596,0.395,0.223
1106,0.36,20,0.2857142857142857,0.5729375065325737,0,5,548,1770,0.933,0.56
1107,0.36,18,0.2857142857142857,0.6390372525448571,0,3,705,4032,0.61,0.637
1108,0.32,11,0.09523809523809532,0.9425336613850233,0,2,2847,2495,0.086,0.081
1109,0.34,17,0.19047619047619063,0.6747457466864779,0,4,3936,3720,0.861,0.853
1110,0.34,23,0.19047619047619063,0.4847471975203994,0,10,2426,307,0.339,0.427
1111,0.32,12,0.09523809523809532,0.8896697543654244,0,3,2368,3751,0.037,0.154
1112,0.43,30,0.619047619047619,0.3157169574542664,0,10,3995,2224,0.512,0.566
1113,0.32,14,0.09523809523809532,0.7951593372078626,0,5,2906,3438,0.287,0.371
1114,0.39,28,0.42857142857142866,0.35976302639644275,0,12,646,37,0.764,0.911
1115,0.46,28,0.761904761904762,0.35976302639644275,0,5,353,4451,0.114,0.478
1116,0.36,30,0.2857142857142857,0.3157169574542664,0,17,3275,1602,0.591,0.804
1117,0.32,12,0.09523809523809532,0.8896697543654244,0,3,4993,2888,0.367,0.017
1118,0.32,18,0.09523809523809532,0.6390372525448571,0,9,1449,665,0.842,0.704
1119,0.39,25,0.42857142857142866,0.43188329050080065,0,8,1843,4206,0.299,0.828
1120,0.37,22,0.3333333333333333,0.5128555357415596,0,6,4608,2003,0.776,0.389
1121,0.47,32,0.8095238095238094,0.2744256214368308,0,8,3513,3270,0.048,0.678
1122,0.32,11,0.09523809523809532,0.9425336613850233,0,2,126,440,0.523,0.103
1123,0.32,11,0.09523809523809532,0.9425336613850233,0,2,1220,2549,0.958,0.213
1124,0.38,23,0.380952380952381,0.4847471975203994,0,6,2732,1009,0.497,0.507
1125,0.32,11,0.09523809523809532,0.9425336613850233,0,2,4139,4736,0.708,0.312
1126,0.41,24,0.5238095238095237,0.45778646386462385,0,4,1999,1322,0.249,0.97
1127,0.32,11,0.09523809523809532,0.9425336613850233,0,2,2038,4901,0.803,0.053
1128,0.45,26,0.7142857142857143,0.40695783198793223,0,3,4336,1470,0.279,0.73
1129,0.39,23,0.42857142857142866,0.4847471975203994,0,5,2613,2713,0.551,0.457
1130,0.41,27,0.5238095238095237,0.38293895736649564,0,8,947,1158,0.029,0.763
1131,0.49,37,0.9047619047619047,0.18125078868023337,0,10,100,2662,0.005,0.508
1132,0.32,11,0.09523809523809532,0.9425336613850233,0,2,3451,1131,0.544,0.21
1133,0.42,25,0.5714285714285714,0.43188329050080065,0,5,4543,4848,0.257,0.982
1134,0.32,11,0.09523809523809532,0.9425336613850233,0,2,1820,1444,0.794,0.298
1135,0.32,11,0.09523809523809532,0.9425336613850233,0,2,1433,3686,0.314,0.174
1136,0.36,25,0.2857142857142857,0.43188329050080065,0,11,4940,263,0.854,0.609
1137,0.32,11,0.09523809523809532,0.9425336613850233,0,2,3220,3999,0.064,0.335
1138,0.39,22,0.42857142857142866,0.5128555357415596,0,4,340,2449,0.602,0.884
1139,0.32,13,0.09523809523809532,0.8407254212311194,0,4,809,4563,0.911,0.805
1140,0.42,30,0.5714285714285714,0.3157169574542664,0,11,3064,1725,0.387,0.475
1141,0.38,22,0.380952380952381,0.5128555357415596,0,5,3847,3000,0.662,0.717
1142,0.32,12,0.09523809523809532,0.8896697543654244,0,3,2215,788,0.14,0.002
1143,0.38,19,0.380952380952381,0.6051607880417844,0,2,2230,3574,0.643,0.594
1144,0.32,11,0.09523809523809532,0.9425336613850233,0,2,3899,141,0.182,0.187
1145,0.33,15,0.14285714285714296,0.7525351122189451,0,3,3118,3887,0.89,0.881
1146,0.32,14,0.09523809523809532,0.7951593372078626,0,5,822,2328,0.431,0.337
1147,0.32,14,0.09523809523809532,0.7951593372078626,0,5,615,3832,0.407,0.092
1148,0.37,21,0.3333333333333333,0.5422135361353762,0,5,3337,2305,0.884,0.628
1149,0.46,28,0.761904761904762,0.35976302639644275,0,5,4746,3520,0.159,0.433
1150,0.36,25,0.2857142857142857,0.43188329050080065,0,11,1393,117,0.634,0.848
1151,0.44,27,0.6666666666666666,0.38293895736649564,0,5,1626,4701,0.225,0.723
1152,0.32,14,0.09523809523809532,0.7951593372078626,0,5,4503,1279,0.702,0.058
1153,0.41,26,0.5238095238095237,0.40695783198793223,0,7,3725,2513,0.474,0.752
1154,0.35,27,0.23809523809523803,0.38293895736649564,0,14,216,967,0.949,0.466
1155,0.32,11,0.09523809523809532,0.9425336613850233,0,2,997,3233,0.501,0.358
1156,0.43,27,0.619047619047619,0.38293895736649564,0,6,2631,398,0.039,0.924
1157,0.32,11,0.09523809523809532,0.9425336613850233,0,2,4347,4171,0.752,0.137
1158,0.4,25,0.47619047619047633,0.43188329050080065,0,7,2095,1960,0.293,0.584
1159,0.32,12,0.09523809523809532,0.8896697543654244,0,3,1976,4318,0.722,0.377
1160,0.45,27,0.7142857142857143,0.38293895736649564,0,4,4074,2126,0.198,0.843
1161,0.32,14,0.09523809523809532,0.7951593372078626,0,5,2670,3381,0.968,0.102
1162,0.44,32,0.6666666666666666,0.2744256214368308,0,11,1194,563,0.446,0.68
1163,0.32,11,0.09523809523809532,0.9425336613850233,0,2,274,4976,0.673,0.24
1164,0.4,25,0.47619047619047633,0.43188329050080065,0,7,3667,1546,0.151,0.543
1165,0.32,11,0.09523809523809532,0.9425336613850233,0,2,4445,2790,0.923,0.27
1166,0.37,23,0.3333333333333333,0.4847471975203994,0,7,1685,1232,0.399,0.95
1167,0.32,11,0.09523809523809532,0.9425336613850233,0,2,1295,3952,0.988,0.575
1168,0.32,11,0.09523809523809532,0.9425336613850233,0,2,4843,2414,0.466,0.144
1169,0.36,17,0.2857142857142857,0.6747457466864779,0,2,3434,3639,0.741,0.915
1170,0.32,11,0.09523809523809532,0.9425336613850233,0,2,518,227,0.217,0.364
1171,0.43,30,0.619047619047619,0.3157169574542664,0,10,674,3113,0.269,0.443
1172,0.41,24,0.5238095238095237,0.45778646386462385,0,4,2965,913,0.807,0.776
1173,0.32,11,0.09523809523809532,0.9425336613850233,0,2,4062,4677,0.016,0.036
1174,0.43,28,0.619047619047619,0.35976302639644275,0,8,2389,1850,0.555,0.747
1175,0.36,21,0.2857142857142857,0.5422135361353762,0,6,2486,2833,0.819,0.957
1176,0.32,11,0.09523809523809532,0.9425336613850233,0,2,3964,642,0.358,0.261
1177,0.36,20,0.2857142857142857,0.5729375065325737,0,5,2867,4395,0.566,0.55
1178,0.32,11,0.09523809523809532,0.9425336613850233,0,2,772,1580,0.107,0.231
1179,0.35,20,0.23809523809523803,0.5729375065325737,0,6,399,3494,0.771,0.656
1180,0.32,11,0.09523809523809532,0.9425336613850233,0,2,3161,59,0.312,0.125
1181,0.35,20,0.23809523809523803,0.5729375065325737,0,6,4882,3806,0.521,0.818
1182,0.47,30,0.8095238095238094,0.3157169574542664,0,6,1492,2247,0.059,0.399
1183,0.32,12,0.09523809523809532,0.8896697543654244,0,3,1722,2624,0.578,0.026
1184,0.44,28,0.6666666666666666,0.35976302639644275,0,7,4641,1085,0.119,0.694
1185,0.32,13,0.09523809523809532,0.8407254212311194,0,4,3549,4812,0.83,0.499
1186,0.37,24,0.3333333333333333,0.45778646386462385,0,8,3,1397,0.369,0.783
1187,0.42,27,0.5714285714285714,0.38293895736649564,0,7,1096,4131,0.179,0.891
1188,0.32,13,0.09523809523809532,0.8407254212311194,0,4,2768,1927,0.654,0.327
1189,0.39,22,0.42857142857142866,0.5128555357415596,0,4,4172,3193,0.426,0.615
1190,0.32,12,0.09523809523809532,0.8896697543654244,0,3,1878,365,0.903,0.165
1191,0.45,32,0.7142857142857143,0.2744256214368308,0,10,2153,3358,0.083,0.871
1192,0.39,24,0.42857142857142866,0.45778646386462385,0,6,4288,512,0.621,0.409
1193,0.4,21,0.47619047619047633,0.5422135361353762,1,1,2573,4295,0.335,0.651
1194,0.32,12,0.09523809523809532,0.8896697543654244,0,3,1055,2076,0.874,0.067
1195,0.32,11,0.09523809523809532,0.9425336613850233,0,2,19,4824,0.15,0.07
1196,0.41,24,0.5238095238095237,0.45778646386462385,0,4,3541,1390,0.672,0.65
1197,0.42,33,0.5714285714285714,0.2547093435387753,0,14,4639,2636,0.4,0.408
1198,0.35,18,0.23809523809523803,0.6390372525448571,0,4,1735,1078,0.924,0.873
1199,0.37,24,0.3333333333333333,0.45778646386462385,0,8,1499,3798,0.468,0.748
1200,0.32,11,0.09523809523809532,0.9425336613850233,0,2,4864,2260,0.99,0.032
1201,0.4,28,0.47619047619047633,0.35976302639644275,0,11,3149,3487,0.215,0.773
1202,0.35,18,0.23809523809523803,0.6390372525448571,0,4,402,72,0.739,0.444
1203,0.32,11,0.09523809523809532,0.9425336613850233,0,2,871,2957,0.804,0.367
1204,0.41,23,0.5238095238095237,0.4847471975203994,0,2,2993,753,0.267,0.915
1205,0.32,11,0.09523809523809532,0.9425336613850233,0,2,3770,4519,0.558,0.142
1206,0.43,27,0.619047619047619,0.38293895736649564,0,6,2280,1691,0.018,0.578
1207,0.32,14,0.09523809523809532,0.7951593372078626,0,5,2273,4531,0.485,0.291
1208,0.33,18,0.14285714285714296,0.6390372525448571,0,6,3788,1684,0.96,0.991
1209,0.32,12,0.09523809523809532,0.8896697543654244,0,3,3005,2969,0.237,0.203
1210,0.35,19,0.23809523809523803,0.6051607880417844,0,5,867,746,0.714,0.517
1211,0.39,30,0.42857142857142866,0.3157169574542664,0,14,520,3651,0.31,0.518
1212,0.32,13,0.09523809523809532,0.8407254212311194,0,4,3421,220,0.769,0.201
1213,0.46,28,0.761904761904762,0.35976302639644275,0,5,4827,3964,0.061,0.988
1214,0.32,12,0.09523809523809532,0.8896697543654244,0,3,1303,2407,0.522,0.292
1215,0.32,12,0.09523809523809532,0.8896697543654244,0,3,1696,2782,0.12,0.169
1216,0.41,24,0.5238095238095237,0.45778646386462385,0,4,4442,1245,0.58,0.614
1217,0.32,11,0.09523809523809532,0.9425336613850233,0,2,3660,4969,0.368,0.326
1218,0.37,21,0.3333333333333333,0.5422135361353762,0,5,292,1558,0.829,0.893
1219,0.36,18,0.2857142857142857,0.6390372525448571,0,3,1073,4283,0.652,0.783
1220,0.45,26,0.7142857142857143,0.40695783198793223,0,3,2566,2082,0.177,0.496
1221,0.34,18,0.19047619047619063,0.6390372525448571,0,5,4286,3346,0.905,0.691
1222,0.32,14,0.09523809523809532,0.7951593372078626,0,5,2165,519,0.428,0.027
1223,0.38,23,0.380952380952381,0.4847471975203994,0,6,1891,3200,0.623,0.951
1224,0.32,11,0.09523809523809532,0.9425336613850233,0,2,4170,353,0.086,0.267
1225,0.32,12,0.09523809523809532,0.8896697543654244,0,3,2760,4139,0.871,0.54
1226,0.32,11,0.09523809523809532,0.9425336613850233,0,2,1113,1915,0.332,0.241
1227,0.38,26,0.380952380952381,0.40695783198793223,0,10,233,2501,0.546,0.682
1228,0.32,18,0.09523809523809532,0.6390372525448571,0,9,3719,974,0.006,0.099
1229,0.32,14,0.09523809523809532,0.7951593372078626,0,5,4500,4689,0.793,0.84
1230,0.32,18,0.09523809523809532,0.6390372525448571,0,9,1638,1286,0.255,0.377
1231,0.32,13,0.09523809523809532,0.8407254212311194,0,4,1400,3527,0.852,0.005
1232,0.35,23,0.23809523809523803,0.4847471975203994,0,9,4729,105,0.313,0.716
1233,0.37,19,0.3333333333333333,0.6051607880417844,0,3,3324,3838,0.603,0.474
1234,0.46,30,0.761904761904762,0.3157169574542664,0,7,617,2293,0.066,0.808
1235,0.38,23,0.380952380952381,0.4847471975203994,0,6,774,4408,0.389,0.885
1236,0.32,11,0.09523809523809532,0.9425336613850233,0,2,2855,1572,0.913,0.333
1237,0.47,30,0.8095238095238094,0.3157169574542664,0,6,3948,2846,0.138,0.605
1238,0.32,11,0.09523809523809532,0.9425336613850233,0,2,2494,634,0.66,0.175
1239,0.32,12,0.09523809523809532,0.8896697543654244,0,3,2396,4684,0.963,0.402
1240,0.4,29,0.47619047619047633,0.33737287334323873,0,12,4046,1838,0.488,0.818
1241,0.32,14,0.09523809523809532,0.7951593372078626,0,5,2952,3121,0.711,0.123
1242,0.44,33,0.6666666666666666,0.2547093435387753,0,12,676,901,0.234,0.659
1243,0.32,11,0.09523809523809532,0.9425336613850233,0,2,343,3987,0.885,0.234
1244,0.42,25,0.5714285714285714,0.43188329050080065,0,5,3208,2457,0.408,0.548
1245,0.32,11,0.09523809523809532,0.9425336613850233,0,2,4923,3674,0.633,0.26
1246,0.42,28,0.5714285714285714,0.35976302639644275,0,9,1440,270,0.158,0.959
1247,0.34,20,0.19047619047619063,0.5729375065325737,0,7,1832,4855,0.7,0.585
1248,0.32,11,0.09523809523809532,0.9425336613850233,0,2,4541,1432,0.223,0.134
1249,0.37,19,0.3333333333333333,0.6051607880417844,0,3,3443,2669,0.95,0.921
1250,0.32,13,0.09523809523809532,0.8407254212311194,0,4,117,1119,0.475,0.358
1251,0.46,34,0.761904761904762,0.23556463318933496,0,11,1211,3394,0.042,0.468
1252,0.38,24,0.380952380952381,0.45778646386462385,0,7,2662,555,0.503,0.751
1253,0.32,18,0.09523809523809532,0.6390372525448571,0,9,4073,4331,0.29,0.057
1254,0.37,39,0.3333333333333333,0.14737432417716068,0,19,1989,2118,0.749,0.726
1255,0.32,13,0.09523809523809532,0.8407254212311194,0,4,2106,4164,0.195,0.3
1256,0.38,26,0.380952380952381,0.40695783198793223,0,10,4344,1972,0.719,0.981
1257,0.32,14,0.09523809523809532,0.7951593372078626,0,5,2625,3226,0.449,0.209
1258,0.38,31,0.380952380952381,0.29474864835432124,0,16,1015,410,0.971,0.511
1259,0.34,18,0.19047619047619063,0.6390372525448571,0,5,128,3281,0.995,0.763
1260,0.34,20,0.19047619047619063,0.5729375065325737,0,7,3501,433,0.455,0.454
1261,0.34,20,0.19047619047619063,0.5729375065325737,0,7,4591,4218,0.742,0.727
1262,0.32,12,0.09523809523809532,0.8896697543654244,0,3,1851,1996,0.204,0.054
1263,0.37,20,0.3333333333333333,0.5729375065325737,0,4,1461,2880,0.684,0.429
1264,0.41,26,0.5238095238095237,0.40695783198793223,0,7,4990,678,0.145,0.852
1265,0.32,12,0.09523809523809532,0.8896697543654244,0,3,3268,4443,0.935,0.08
1266,0.45,42,0.7142857142857143,0.09961041362912659,0,17,371,1615,0.398,0.64
1267,0.46,36,0.761904761904762,0.19886373275850033,0,13,840,3875,0.088,0.561
1268,0.32,12,0.09523809523809532,0.8896697543654244,0,3,3112,2335,0.612,0.219
1269,0.4,24,0.47619047619047633,0.45778646386462385,0,5,3896,3562,0.337,0.96
1270,0.32,10,0.09523809523809532,1.0,1,1,2242,148,0.859,0.257
1271,0.42,35,0.5714285714285714,0.21695928282185406,0,16,2221,2993,0.356,0.849
1272,0.41,24,0.5238095238095237,0.45778646386462385,0,4,3829,799,0.817,0.431
1273,0.48,35,0.857142857142857,0.21695928282185406,0,10,3052,4556,0.109,0.625
1274,0.32,11,0.09523809523809532,0.9425336613850233,0,2,812,1736,0.568,0.093
1275,0.32,14,0.09523809523809532,0.7951593372078626,0,5,565,4608,0.593,0.339
1276,0.45,38,0.7142857142857143,0.1640953758022553,0,16,3308,1763,0.116,0.88
1277,0.32,11,0.09523809523809532,0.9425336613850233,0,2,4716,3046,0.839,0.186
1278,0.41,26,0.5238095238095237,0.40695783198793223,0,7,1345,825,0.364,0.597
1279,0.34,16,0.19047619047619063,0.7124958074033991,0,3,1576,4364,0.774,0.97
1280,0.32,14,0.09523809523809532,0.7951593372078626,0,5,4475,2163,0.297,0.309
1281,0.39,33,0.42857142857142866,0.2547093435387753,0,17,3695,3426,0.526,0.504
1282,0.32,13,0.09523809523809532,0.8407254212311194,0,4,169,601,0.051,0.214
1283,0.32,12,0.09523809523809532,0.8896697543654244,0,3,950,2701,0.498,0.106
1284,0.43,26,0.619047619047619,0.40695783198793223,0,5,2601,1165,0.959,0.676
1285,0.41,30,0.5238095238095237,0.3157169574542664,0,12,4318,4889,0.248,0.388
1286,0.39,22,0.42857142857142866,0.5128555357415596,0,4,2044,1477,0.707,0.831
1287,0.32,11,0.09523809523809532,0.9425336613850233,0,2,2007,4743,0.278,0.133
1288,0.38,24,0.380952380952381,0.45778646386462385,0,7,4123,1310,0.802,0.587
1289,0.32,12,0.09523809523809532,0.8896697543654244,0,3,2719,2556,0.03,0.346
1290,0.39,28,0.42857142857142866,0.35976302639644275,0,12,1222,997,0.552,0.936
1291,0.39,22,0.42857142857142866,0.5128555357415596,0,4,266,4083,0.325,0.488
1292,0.38,24,0.380952380952381,0.45778646386462385,0,7,3597,1893,0.847,0.794
1293,0.32,13,0.09523809523809532,0.8407254212311194,0,4,4377,3146,0.077,0.022
1294,0.44,26,0.6666666666666666,0.40695783198793223,0,4,1673,329,0.601,0.698
1295,0.49,47,0.9047619047619047,0.02696073365577567,0,13,1287,4484,0.011,0.822
1296,0.39,32,0.42857142857142866,0.2744256214368308,0,16,4774,1648,0.533,0.395
1297,0.4,29,0.47619047619047633,0.33737287334323873,0,12,3366,2921,0.258,0.668
1298,0.32,11,0.09523809523809532,0.9425336613850233,0,2,506,711,0.782,0.113
1299,0.32,18,0.09523809523809532,0.6390372525448571,0,9,662,3451,0.73,0.192
1300,0.36,19,0.2857142857142857,0.6051607880417844,0,4,2897,29,0.193,0.528
1301,0.32,12,0.09523809523809532,0.8896697543654244,0,3,3993,3764,0.983,0.287
1302,0.43,41,0.619047619047619,0.11515104266794995,0,18,2380,2216,0.443,0.995
1303,0.44,29,0.6666666666666666,0.33737287334323873,0,8,2439,3727,0.18,0.705
1304,0.32,18,0.09523809523809532,0.6390372525448571,0,9,3935,295,0.642,0.013
1305,0.38,21,0.380952380952381,0.5422135361353762,0,4,2839,4039,0.433,0.801
1306,0.37,23,0.3333333333333333,0.4847471975203994,0,7,721,2483,0.892,0.479
1307,0.43,33,0.619047619047619,0.2547093435387753,0,13,469,3069,0.228,0.911
1308,0.32,11,0.09523809523809532,0.9425336613850233,0,2,3170,875,0.687,0.368
1309,0.37,25,0.3333333333333333,0.43188329050080065,0,10,4892,4631,0.479,0.563
1310,0.32,13,0.09523809523809532,0.8407254212311194,0,4,1558,1813,0.94,0.155
1311,0.32,11,0.09523809523809532,0.9425336613850233,0,2,1792,3312,0.421,0.281
1312,0.43,34,0.619047619047619,0.23556463318933496,0,14,4650,475,0.881,0.938
1313,0.32,11,0.09523809523809532,0.9425336613850233,0,2,3559,4250,0.168,0.244
1314,0.38,24,0.380952380952381,0.45778646386462385,0,7,69,2037,0.629,0.539
1315,0.32,17,0.09523809523809532,0.6747457466864779,0,8,1163,4937,0.82,0.647
1316,0.32,11,0.09523809523809532,0.9425336613850233,0,2,2778,1512,0.345,0.071
1317,0.39,24,0.42857142857142866,0.45778646386462385,0,6,4181,2749,0.573,0.859
1318,0.43,35,0.619047619047619,0.21695928282185406,0,15,1948,1200,0.096,0.421
1319,0.35,22,0.23809523809523803,0.5128555357415596,0,8,2142,2582,0.915,0.619
1320,0.32,11,0.09523809523809532,0.9425336613850233,0,2,4221,1054,0.378,0.161
1321,0.34,15,0.19047619047619063,0.7525351122189451,0,2,2504,4769,0.665,0.902
1322,0.32,17,0.09523809523809532,0.6747457466864779,0,8,1048,1367,0.126,0.315
1323,0.32,11,0.09523809523809532,0.9425336613850233,0,2,59,2823,0.437,0.147
1324,0.35,26,0.23809523809523803,0.40695783198793223,0,13,3581,657,0.896,0.573
1325,0.32,12,0.09523809523809532,0.8896697543654244,0,3,4678,4384,0.184,0.363
1326,0.4,33,0.47619047619047633,0.2547093435387753,0,16,1773,1596,0.645,0.919
1327,0.42,32,0.5714285714285714,0.2744256214368308,0,13,1538,3222,0.244,0.543
1328,0.32,14,0.09523809523809532,0.7951593372078626,0,5,4904,414,0.703,0.237
1329,0.36,25,0.2857142857142857,0.43188329050080065,0,11,3188,4161,0.494,0.947
1330,0.32,13,0.09523809523809532,0.8407254212311194,0,4,440,1976,0.955,0.27
1331,0.36,21,0.2857142857142857,0.5422135361353762,0,6,909,4724,0.53,0.412
1332,0.42,26,0.5714285714285714,0.40695783198793223,0,6,3032,1251,0.055,0.87
1333,0.32,12,0.09523809523809532,0.8896697543654244,0,3,3810,2536,0.778,0.067
1334,0.43,25,0.619047619047619,0.43188329050080065,0,4,2320,939,0.301,0.653
1335,0.32,11,0.09523809523809532,0.9425336613850233,0,2,2340,3911,0.514,0.047
1336,0.44,37,0.6666666666666666,0.18125078868023337,0,16,3798,2382,0.038,0.736
1337,0.35,20,0.23809523809523803,0.5729375065325737,0,6,3014,3599,0.763,0.447
1338,0.35,26,0.23809523809523803,0.40695783198793223,0,13,938,194,0.286,0.772
1339,0.49,37,0.9047619047619047,0.18125078868023337,0,10,481,4305,0.026,0.688
1340,0.32,12,0.09523809523809532,0.8896697543654244,0,3,3383,2143,0.548,0.03
1341,0.42,25,0.5714285714285714,0.43188329050080065,0,5,4787,3368,0.274,0.787
1342,0.4,24,0.47619047619047633,0.45778646386462385,0,5,1263,580,0.798,0.493
1343,0.32,15,0.09523809523809532,0.7525351122189451,0,6,1658,4550,0.341,0.119
1344,0.37,20,0.3333333333333333,0.5729375065325737,0,4,4403,1743,0.863,0.663
1345,0.46,27,0.761904761904762,0.38293895736649564,0,3,3620,2987,0.092,0.406
1346,0.32,23,0.09523809523809532,0.4847471975203994,0,11,252,806,0.616,0.813
1347,0.33,15,0.14285714285714296,0.7525351122189451,0,3,1034,3707,0.931,0.983
1348,0.32,13,0.09523809523809532,0.8407254212311194,0,4,2527,237,0.394,0.296
1349,0.36,19,0.2857142857142857,0.6051607880417844,0,4,4247,4020,0.68,0.522
1350,0.32,13,0.09523809523809532,0.8407254212311194,0,4,2127,2424,0.141,0.196
1351,0.34,17,0.19047619047619063,0.6747457466864779,0,4,1929,3854,0.835,0.777
1352,0.44,26,0.6666666666666666,0.40695783198793223,0,4,4208,2277,0.36,0.44
1353,0.34,23,0.19047619047619063,0.4847471975203994,0,10,2799,3543,0.589,0.744
1354,0.32,11,0.09523809523809532,0.9425336613850233,0,2,1152,89,0.112,0.037
1355,0.33,17,0.14285714285714296,0.6747457466864779,0,5,194,4503,0.759,0.602
1356,0.32,12,0.09523809523809532,0.8896697543654244,0,3,3679,1707,0.282,0.179
1357,0.38,23,0.380952380952381,0.4847471975203994,0,6,4462,2941,0.51,0.888
1358,0.32,11,0.09523809523809532,0.9425336613850233,0,2,1600,768,0.035,0.329
1359,0.32,11,0.09523809523809532,0.9425336613850233,0,2,1360,4103,0.577,0.205
1360,0.45,31,0.7142857142857143,0.29474864835432124,0,9,4689,1950,0.1,0.515
1361,0.32,12,0.09523809523809532,0.8896697543654244,0,3,3285,3165,0.824,0.305
1362,0.38,22,0.380952380952381,0.5128555357415596,0,5,579,388,0.349,0.977
1363,0.47,31,0.8095238095238094,0.29474864835432124,0,7,735,2640,0.164,0.835
1364,0.43,29,0.619047619047619,0.33737287334323873,0,9,2817,1074,0.625,0.382
1365,0.37,21,0.3333333333333333,0.5422135361353762,0,5,3909,4828,0.418,0.686
1366,0.32,13,0.09523809523809532,0.8407254212311194,0,4,2455,1386,0.877,0.095
1367,0.32,11,0.09523809523809532,0.9425336613850233,0,2,2357,2682,0.746,0.322
1368,0.45,35,0.7142857142857143,0.21695928282185406,0,13,4006,1106,0.208,0.897
1369,0.32,11,0.09523809523809532,0.9425336613850233,0,2,2914,4869,0.999,0.172
1370,0.45,26,0.7142857142857143,0.40695783198793223,0,3,637,1419,0.459,0.611
1371,0.32,11,0.09523809523809532,0.9425336613850233,0,2,382,3333,0.669,0.061
1372,0.35,23,0.23809523809523803,0.4847471975203994,0,9,3247,533,0.13,0.721
1373,0.32,12,0.09523809523809532,0.8896697543654244,0,3,4963,4270,0.919,0.464
1374,0.4,24,0.47619047619047633,0.45778646386462385,0,5,1480,2096,0.382,0.755
1375,0.34,20,0.19047619047619063,0.5729375065325737,0,7,1871,3088,0.979,0.629
1376,0.32,12,0.09523809523809532,0.8896697543654244,0,3,4579,934,0.439,0.089
1377,0.34,19,0.19047619047619063,0.6051607880417844,0,6,3483,4651,0.726,0.846
1378,0.45,31,0.7142857142857143,0.29474864835432124,0,9,156,1871,0.189,0.434
1379,0.32,11,0.09523809523809532,0.9425336613850233,0,2,1250,3970,0.262,0.263
1380,0.38,22,0.380952380952381,0.5128555357415596,0,5,2702,2401,0.786,0.956
1381,0.32,11,0.09523809523809532,0.9425336613850233,0,2,4111,3657,0.015,0.231
1382,0.41,26,0.5238095238095237,0.40695783198793223,0,7,2027,214,0.537,0.552
1383,0.38,21,0.380952380952381,0.5422135361353762,0,4,2068,3509,0.483,0.47
1384,0.41,25,0.5238095238095237,0.43188329050080065,0,6,4305,49,0.944,0.811
1385,0.32,12,0.09523809523809532,0.8896697543654244,0,3,2585,3821,0.232,0.008
1386,0.36,21,0.2857142857142857,0.5422135361353762,0,6,975,2237,0.691,0.712
1387,0.36,18,0.2857142857142857,0.6390372525448571,0,3,89,3780,0.715,0.964
1388,0.32,11,0.09523809523809532,0.9425336613850233,0,2,3462,2200,0.238,0.253
1389,0.34,15,0.19047619047619063,0.7525351122189451,0,2,4551,3467,0.966,0.557
1390,0.32,13,0.09523809523809532,0.8407254212311194,0,4,1811,13,0.491,0.224
1391,0.32,12,0.09523809523809532,0.8896697543654244,0,3,1423,4804,0.901,0.349
1392,0.39,30,0.42857142857142866,0.3157169574542664,0,14,4952,1332,0.424,0.933
1393,0.32,11,0.09523809523809532,0.9425336613850233,0,2,3229,2617,0.648,0.129
1394,0.34,22,0.19047619047619063,0.5128555357415596,0,9,332,1019,0.173,0.591
1395,0.41,23,0.5238095238095237,0.4847471975203994,0,2,800,3142,0.372,0.73
1396,0.32,11,0.09523809523809532,0.9425336613850233,0,2,3072,333,0.833,0.05
1397,0.47,28,0.8095238095238094,0.35976302639644275,0,4,3857,4079,0.124,0.76
1398,0.43,35,0.619047619047619,0.21695928282185406,0,15,2203,1896,0.583,0.457
1399,0.47,30,0.8095238095238094,0.3157169574542664,0,6,2261,4995,0.073,0.926
1400,0.32,11,0.09523809523809532,0.9425336613850233,0,2,3868,1532,0.597,0.354
1401,0.41,29,0.5238095238095237,0.33737287334323873,0,11,3090,2808,0.321,0.58
1402,0.32,11,0.09523809523809532,0.9425336613850233,0,2,850,1219,0.843,0.138
1403,0.37,20,0.3333333333333333,0.5729375065325737,0,4,604,2762,0.867,0.385
1404,0.39,26,0.42857142857142866,0.40695783198793223,0,9,3347,1187,0.328,0.835
1405,0.32,11,0.09523809523809532,0.9425336613850233,0,2,4754,4950,0.619,0.109
1406,0.45,28,0.7142857142857143,0.35976302639644275,0,6,1384,1498,0.082,0.673
1407,0.37,21,0.3333333333333333,0.5422135361353762,0,5,1615,3632,0.562,0.796
1408,0.4,27,0.47619047619047633,0.38293895736649564,0,9,4515,161,0.022,0.483
1409,0.34,17,0.19047619047619063,0.6747457466864779,0,4,3734,3944,0.808,0.709
1410,0.32,13,0.09523809523809532,0.8407254212311194,0,4,207,2349,0.271,0.009
1411,0.32,12,0.09523809523809532,0.8896697543654244,0,3,988,4625,0.211,0.182
1412,0.35,20,0.23809523809523803,0.5729375065325737,0,6,2640,1819,0.735,0.601
1413,0.32,14,0.09523809523809532,0.7951593372078626,0,5,4358,3063,0.464,0.344
1414,0.36,22,0.2857142857142857,0.5128555357415596,0,7,2084,881,0.986,0.875
1415,0.32,12,0.09523809523809532,0.8896697543654244,0,3,1968,2897,0.057,0.085
1416,0.38,24,0.380952380952381,0.45778646386462385,0,7,4083,734,0.518,0.636
1417,0.39,22,0.42857142857142866,0.5128555357415596,0,4,2681,4460,0.306,0.425
1418,0.4,26,0.47619047619047633,0.40695783198793223,0,8,1183,1671,0.765,0.856
1419,0.32,11,0.09523809523809532,0.9425336613850233,0,2,305,3585,0.105,0.283
1420,0.35,22,0.23809523809523803,0.5128555357415596,0,8,3636,125,0.564,0.998
1421,0.32,11,0.09523809523809532,0.9425336613850233,0,2,4417,3898,0.352,0.195
1422,0.37,22,0.3333333333333333,0.5128555357415596,0,6,1713,2312,0.813,0.525
1423,0.43,26,0.619047619047619,0.40695783198793223,0,5,1325,2560,0.294,0.898
1424,0.32,11,0.09523809523809532,0.9425336613850233,0,2,4813,993,0.753,0.32
1425,0.46,28,0.761904761904762,0.35976302639644275,0,5,3406,4747,0.046,0.623
1426,0.32,11,0.09523809523809532,0.9425336613850233,0,2,546,1306,0.507,0.157
1427,0.32,11,0.09523809523809532,0.9425336613850233,0,2,702,4183,0.946,0.018
1428,0.41,24,0.5238095238095237,0.45778646386462385,0,4,2937,2032,0.471,0.702
1429,0.38,22,0.380952380952381,0.5128555357415596,0,5,4031,3246,0.696,0.492
1430,0.35,23,0.23809523809523803,0.4847471975203994,0,9,2419,468,0.219,0.79
1431,0.37,26,0.3333333333333333,0.40695783198793223,0,11,2478,4225,0.404,0.501
1432,0.32,12,0.09523809523809532,0.8896697543654244,0,3,3973,2063,0.928,0.217
1433,0.46,31,0.761904761904762,0.29474864835432124,0,8,2879,3287,0.154,0.974
1434,0.32,11,0.09523809523809532,0.9425336613850233,0,2,761,501,0.676,0.306
1435,0.38,20,0.380952380952381,0.5729375065325737,0,3,429,4915,0.453,0.863
1436,0.35,20,0.23809523809523803,0.5729375065325737,0,6,3130,1451,0.974,0.416
1437,0.44,28,0.6666666666666666,0.35976302639644275,0,7,4854,2727,0.199,0.642
1438,0.32,12,0.09523809523809532,0.8896697543654244,0,3,1520,1139,0.723,0.076
1439,0.43,29,0.619047619047619,0.33737287334323873,0,9,1753,4045,0.134,0.45
1440,0.37,21,0.3333333333333333,0.5422135361353762,0,5,4610,2477,0.656,0.769
1441,0.32,11,0.09523809523809532,0.9425336613850233,0,2,3521,3733,0.385,0.043
1442,0.39,25,0.42857142857142866,0.43188329050080065,0,8,31,289,0.909,0.739
1443,0.38,24,0.380952380952381,0.45778646386462385,0,7,1124,3013,0.607,0.567
1444,0.32,11,0.09523809523809532,0.9425336613850233,0,2,2739,858,0.07,0.152
1445,0.32,11,0.09523809523809532,0.9425336613850233,0,2,4141,4575,0.856,0.908
1446,0.32,11,0.09523809523809532,0.9425336613850233,0,2,1909,1796,0.317,0.371
1447,0.35,19,0.23809523809523803,0.6051607880417844,0,5,2182,4428,0.637,0.664
1448,0.32,11,0.09523809523809532,0.9425336613850233,0,2,4261,1631,0.162,0.116
1449,0.36,17,0.2857142857142857,0.6747457466864779,0,2,2543,2864,0.889,0.826
1450,0.44,26,0.6666666666666666,0.40695783198793223,0,4,1086,694,0.412,0.391
1451,0.37,25,0.3333333333333333,0.43188329050080065,0,10,38,4058,0.488,0.586
1452,0.32,11,0.09523809523809532,0.9425336613850233,0,2,3523,2464,0.965,0.132
1453,0.44,25,0.6666666666666666,0.43188329050080065,0,3,4618,3747,0.242,0.935
1454,0.32,11,0.09523809523809532,0.9425336613850233,0,2,1755,275,0.717,0.344
1455,0.32,12,0.09523809523809532,0.8896697543654244,0,3,1517,4908,0.174,0.221
1456,0.42,24,0.5714285714285714,0.45778646386462385,0,3,4846,1457,0.651,0.562
1457,0.32,11,0.09523809523809532,0.9425336613850233,0,2,3128,2720,0.423,0.258
1458,0.3,18,0.0,0.6390372525448571,0,10,422,1146,0.898,0.962
1459,0.37,21,0.3333333333333333,0.5422135361353762,0,5,891,3407,0.583,0.851
1460,0.37,25,0.3333333333333333,0.43188329050080065,0,10,2972,620,0.122,0.428
1461,0.32,11,0.09523809523809532,0.9425336613850233,0,2,3753,4345,0.834,0.639
1462,0.32,12,0.09523809523809532,0.8896697543654244,0,3,2299,2182,0.374,0.08
1463,0.32,11,0.09523809523809532,0.9425336613850233,0,2,2301,3412,0.789,0.249
1464,0.39,21,0.42857142857142866,0.5422135361353762,0,3,3760,614,0.252,0.534
1465,0.32,12,0.09523809523809532,0.8896697543654244,0,3,2975,4351,0.542,0.277
1466,0.48,28,0.857142857142857,0.35976302639644275,0,3,898,2176,0.002,0.942
1467,0.32,11,0.09523809523809532,0.9425336613850233,0,2,539,2576,0.079,0.014
1468,0.4,25,0.47619047619047633,0.43188329050080065,0,7,3404,978,0.618,0.706
1469,0.41,25,0.5238095238095237,0.43188329050080065,0,6,4806,4763,0.331,0.48
1470,0.42,24,0.5714285714285714,0.45778646386462385,0,3,1323,1291,0.869,0.801
1471,0.43,25,0.619047619047619,0.43188329050080065,0,4,1715,3581,0.272,0.676
1472,0.32,12,0.09523809523809532,0.8896697543654244,0,3,4424,128,0.812,0.104
1473,0.49,32,0.9047619047619047,0.2744256214368308,0,6,3638,3894,0.021,0.83
1474,0.38,23,0.380952380952381,0.4847471975203994,0,6,312,2315,0.558,0.388
1475,0.32,12,0.09523809523809532,0.8896697543654244,0,3,1093,4424,0.985,0.311
1476,0.42,30,0.5714285714285714,0.3157169574542664,0,11,2545,1634,0.461,0.971
1477,0.32,12,0.09523809523809532,0.8896697543654244,0,3,4268,2861,0.736,0.214
1478,0.4,25,0.47619047619047633,0.43188329050080065,0,7,2184,697,0.214,0.506
1479,0.37,21,0.3333333333333333,0.5422135361353762,0,5,1911,3026,0.768,0.454
1480,0.44,27,0.6666666666666666,0.38293895736649564,0,5,4149,844,0.307,0.765
1481,0.32,11,0.09523809523809532,0.9425336613850233,0,2,2742,4588,0.516,0.055
1482,0.45,29,0.7142857142857143,0.33737287334323873,0,7,1132,1782,0.056,0.728
1483,0.32,12,0.09523809523809532,0.8896697543654244,0,3,215,3618,0.814,0.162
1484,0.34,21,0.19047619047619063,0.5422135361353762,0,8,3736,174,0.355,0.621
1485,0.32,11,0.09523809523809532,0.9425336613850233,0,2,4522,3930,0.563,0.317
1486,0.48,28,0.857142857142857,0.35976302639644275,0,3,1618,2363,0.102,0.903
1487,0.39,20,0.42857142857142866,0.5729375065325737,0,2,1381,2768,0.504,0.528
1488,0.32,12,0.09523809523809532,0.8896697543654244,0,3,4747,1181,0.044,0.19
1489,0.32,11,0.09523809523809532,0.9425336613850233,0,2,3345,4956,0.757,0.994
1490,0.32,11,0.09523809523809532,0.9425336613850233,0,2,597,1493,0.295,0.286
1491,0.43,25,0.619047619047619,0.43188329050080065,0,4,753,4231,0.222,0.396
1492,0.39,22,0.42857142857142866,0.5128555357415596,0,4,2876,2056,0.697,0.823
1493,0.32,14,0.09523809523809532,0.7951593372078626,0,5,3966,3293,0.469,0.113
1494,0.43,29,0.619047619047619,0.33737287334323873,0,9,2475,494,0.946,0.669
1495,0.34,19,0.19047619047619063,0.6051607880417844,0,6,2416,4199,0.678,0.878
1496,0.32,13,0.09523809523809532,0.8407254212311194,0,4,4024,2015,0.155,0.339
1497,0.34,20,0.19047619047619063,0.5729375065325737,0,7,2935,3262,0.926,0.596
1498,0.32,12,0.09523809523809532,0.8896697543654244,0,3,695,452,0.404,0.184
1499,0.33,18,0.14285714285714296,0.6390372525448571,0,6,324,4788,0.725,0.734
1500,0.32,12,0.09523809523809532,0.8896697543654244,0,3,3226,1348,0.203,0.046
1501,0.37,20,0.3333333333333333,0.5729375065325737,0,4,4944,2601,0.973,0.772
1502,0.44,31,0.6666666666666666,0.29474864835432124,0,10,1420,1035,0.449,0.445
1503,0.32,13,0.09523809523809532,0.8407254212311194,0,4,1813,3783,0.906,0.073
1504,0.42,24,0.5714285714285714,0.45778646386462385,0,3,4559,2197,0.384,0.647
1505,0.37,20,0.3333333333333333,0.5729375065325737,0,4,3464,3470,0.659,0.421
1506,0.32,20,0.09523809523809532,0.5729375065325737,0,10,97,10,0.136,0.86
1507,0.41,27,0.5238095238095237,0.38293895736649564,0,8,1190,2901,0.319,0.937
1508,0.32,11,0.09523809523809532,0.9425336613850233,0,2,2683,730,0.857,0.28
1509,0.46,35,0.761904761904762,0.21695928282185406,0,12,4090,4465,0.067,0.537
1510,0.32,13,0.09523809523809532,0.8407254212311194,0,4,1970,1667,0.607,0.244
1511,0.39,22,0.42857142857142866,0.5128555357415596,0,4,2086,4612,0.412,0.792
1512,0.32,18,0.09523809523809532,0.6390372525448571,0,9,4365,1832,0.887,0.487
1513,0.44,29,0.6666666666666666,0.33737287334323873,0,8,2642,3050,0.162,0.697
1514,0.32,11,0.09523809523809532,0.9425336613850233,0,2,996,894,0.639,0.021
1515,0.32,12,0.09523809523809532,0.8896697543654244,0,3,149,3101,0.646,0.267
1516,0.4,27,0.47619047619047633,0.38293895736649564,0,9,3480,921,0.187,0.952
1517,0.32,11,0.09523809523809532,0.9425336613850233,0,2,4572,4664,0.895,0.242
1518,0.41,27,0.5238095238095237,0.38293895736649564,0,8,1868,1858,0.434,0.54
1519,0.34,17,0.19047619047619063,0.6747457466864779,0,4,1482,3326,0.953,0.914
1520,0.32,11,0.09523809523809532,0.9425336613850233,0,2,4970,539,0.493,0.366
1521,0.35,17,0.23809523809523803,0.6747457466864779,0,3,3249,4263,0.706,0.576
1522,0.32,11,0.09523809523809532,0.9425336613850233,0,2,389,2102,0.244,0.142
1523,0.32,13,0.09523809523809532,0.8407254212311194,0,4,858,4989,0.304,0.034
1524,0.43,29,0.619047619047619,0.33737287334323873,0,9,3093,1538,0.779,0.749
1525,0.46,29,0.761904761904762,0.33737287334323873,0,6,3876,2802,0.051,0.445
1526,0.45,31,0.7142857142857143,0.29474864835432124,0,9,2263,1225,0.528,0.774
1527,0.32,13,0.09523809523809532,0.8407254212311194,0,4,2201,3126,0.002,0.369
1528,0.36,26,0.2857142857142857,0.40695783198793223,0,12,3850,349,0.539,0.913
1529,0.32,12,0.09523809523809532,0.8896697543654244,0,3,3070,4063,0.252,0.157
1530,0.37,22,0.3333333333333333,0.5128555357415596,0,6,793,1912,0.792,0.564
1531,0.34,16,0.19047619047619063,0.7124958074033991,0,3,586,4119,0.798,0.816
1532,0.4,30,0.47619047619047633,0.3157169574542664,0,13,3287,1934,0.277,0.402
1533,0.38,20,0.380952380952381,0.5729375065325737,0,3,4697,3181,0.548,0.659
1534,0.32,11,0.09523809523809532,0.9425336613850233,0,2,1363,373,0.024,0.122
1535,0.36,18,0.2857142857142857,0.6390372525448571,0,3,1597,4499,0.614,0.498
1536,0.45,34,0.7142857142857143,0.23556463318933496,0,12,4455,1711,0.092,0.784
1537,0.32,12,0.09523809523809532,0.8896697543654244,0,3,3676,2937,0.866,0.027
1538,0.42,28,0.5714285714285714,0.35976302639644275,0,9,186,773,0.342,0.693
1539,0.45,28,0.7142857142857143,0.35976302639644275,0,6,967,3506,0.144,0.614
1540,0.32,13,0.09523809523809532,0.8407254212311194,0,4,2583,52,0.682,0.167
1541,0.39,23,0.42857142857142866,0.4847471975203994,0,5,4298,3818,0.39,0.892
1542,0.32,12,0.09523809523809532,0.8896697543654244,0,3,2066,2240,0.93,0.325
1543,0.47,29,0.8095238095238094,0.33737287334323873,0,5,2025,3984,0.11,0.649
1544,0.32,12,0.09523809523809532,0.8896697543654244,0,3,4104,2387,0.586,0.07
1545,0.38,23,0.380952380952381,0.4847471975203994,0,6,2699,3671,0.362,0.873
1546,0.35,20,0.23809523809523803,0.5729375065325737,0,6,1243,200,0.839,0.407
1547,0.47,30,0.8095238095238094,0.3157169574542664,0,6,245,4536,0.032,0.98
1548,0.32,11,0.09523809523809532,0.9425336613850233,0,2,3618,1756,0.509,0.3
1549,0.42,24,0.5714285714285714,0.45778646386462385,0,3,4396,2973,0.284,0.51
1550,0.32,11,0.09523809523809532,0.9425336613850233,0,2,1655,819,0.759,0.208
1551,0.32,12,0.09523809523809532,0.8896697543654244,0,3,1266,4311,0.35,0.334
1552,0.38,23,0.380952380952381,0.4847471975203994,0,6,4795,2138,0.827,0.885
1553,0.32,11,0.09523809523809532,0.9425336613850233,0,2,3385,3374,0.099,0.176
1554,0.43,25,0.619047619047619,0.43188329050080065,0,4,489,575,0.574,0.607
1555,0.37,21,0.3333333333333333,0.5422135361353762,0,5,645,2688,0.875,0.715
1556,0.32,12,0.09523809523809532,0.8896697543654244,0,3,2916,1099,0.414,0.003
1557,0.34,16,0.19047619047619063,0.7124958074033991,0,3,4013,4875,0.627,0.806
1558,0.46,34,0.761904761904762,0.23556463318933496,0,11,2359,1412,0.168,0.473
1559,0.32,11,0.09523809523809532,0.9425336613850233,0,2,2457,2656,0.458,0.201
1560,0.38,24,0.380952380952381,0.45778646386462385,0,7,3916,1058,0.996,0.519
1561,0.32,11,0.09523809523809532,0.9425336613850233,0,2,2819,4844,0.209,0.293
1562,0.35,27,0.23809523809523803,0.38293895736649564,0,14,742,1370,0.749,0.988
1563,0.4,26,0.47619047619047633,0.40695783198793223,0,8,447,3206,0.379,0.431
1564,0.37,27,0.3333333333333333,0.38293895736649564,0,12,3190,430,0.919,0.851
1565,0.32,12,0.09523809523809532,0.8896697543654244,0,3,4911,4144,0.132,0.094
1566,0.39,24,0.42857142857142866,0.45778646386462385,0,6,1541,1992,0.67,0.626
1567,0.46,32,0.761904761904762,0.2744256214368308,0,9,1771,2826,0.189,0.75
1568,0.39,27,0.42857142857142866,0.38293895736649564,0,10,4670,654,0.729,0.467
1569,0.39,24,0.42857142857142866,0.45778646386462385,0,6,3578,4388,0.439,0.724
1570,0.32,11,0.09523809523809532,0.9425336613850233,0,2,51,1592,0.977,0.056
1571,0.32,11,0.09523809523809532,0.9425336613850233,0,2,1145,3858,0.536,0.135
1572,0.47,30,0.8095238095238094,0.3157169574542664,0,6,2797,2273,0.012,0.585
1573,0.32,11,0.09523809523809532,0.9425336613850233,0,2,4201,3546,0.787,0.359
1574,0.44,28,0.6666666666666666,0.35976302639644275,0,7,1927,85,0.265,0.923
1575,0.32,12,0.09523809523809532,0.8896697543654244,0,3,2124,3694,0.695,0.1
1576,0.39,26,0.42857142857142866,0.40695783198793223,0,9,4240,250,0.233,0.683
1577,0.32,11,0.09523809523809532,0.9425336613850233,0,2,2524,4007,0.941,0.379
1578,0.42,29,0.5714285714285714,0.33737287334323873,0,10,1026,2437,0.481,0.84
1579,0.43,31,0.619047619047619,0.29474864835432124,0,11,77,3307,0.206,0.635
1580,0.32,12,0.09523809523809532,0.8896697543654244,0,3,3562,481,0.745,0.083
1581,0.38,22,0.380952380952381,0.5128555357415596,0,5,4657,4245,0.454,0.855
1582,0.37,21,0.3333333333333333,0.5422135361353762,0,5,1795,2043,0.992,0.425
1583,0.32,11,0.09523809523809532,0.9425336613850233,0,2,1556,3083,0.394,0.051
1584,0.34,18,0.19047619047619063,0.6390372525448571,0,5,4885,861,0.934,0.732
1585,0.44,36,0.6666666666666666,0.19886373275850033,0,15,3168,4644,0.148,0.459
1586,0.4,23,0.47619047619047633,0.4847471975203994,0,3,461,1799,0.686,0.76
1587,0.34,14,0.19047619047619063,0.7951593372078626,1,1,931,3924,0.862,0.931
1588,0.32,11,0.09523809523809532,0.9425336613850233,0,2,3012,2368,0.338,0.349
1589,0.36,24,0.2857142857142857,0.45778646386462385,0,9,3791,3612,0.61,0.59
1590,0.32,13,0.09523809523809532,0.8407254212311194,0,4,2337,180,0.088,0.128
1591,0.32,13,0.09523809523809532,0.8407254212311194,0,4,2322,4709,0.847,0.547
1592,0.32,11,0.09523809523809532,0.9425336613850233,0,2,3817,1266,0.323,0.234
1593,0.38,23,0.380952380952381,0.4847471975203994,0,6,3034,2520,0.594,0.959
1594,0.32,14,0.09523809523809532,0.7951593372078626,0,5,916,955,0.072,0.259
1595,0.32,12,0.09523809523809532,0.8896697543654244,0,3,499,4480,0.366,0.219
1596,0.38,21,0.380952380952381,0.5422135361353762,0,4,3364,1651,0.843,0.501
1597,0.32,11,0.09523809523809532,0.9425336613850233,0,2,4767,2917,0.114,0.307
1598,0.45,28,0.7142857142857143,0.35976302639644275,0,6,1285,714,0.589,0.975
1599,0.47,29,0.8095238095238094,0.33737287334323873,0,5,1675,4099,0.047,0.6
1600,0.32,13,0.09523809523809532,0.8407254212311194,0,4,4384,1876,0.524,0.181
1601,0.43,26,0.619047619047619,0.40695783198793223,0,5,3600,3162,0.3,0.875
1602,0.32,13,0.09523809523809532,0.8407254212311194,0,4,273,313,0.775,0.342
1603,0.38,21,0.380952380952381,0.5422135361353762,0,4,1055,2598,0.71,0.484
1604,0.42,25,0.5714285714285714,0.43188329050080065,0,5,2506,1039,0.248,0.798
1605,0.32,14,0.09523809523809532,0.7951593372078626,0,5,4228,4785,0.957,0.01
1606,0.42,25,0.5714285714285714,0.43188329050080065,0,5,2145,1352,0.497,0.71
1607,0.32,15,0.09523809523809532,0.7525351122189451,0,6,1951,4930,0.552,0.254
1608,0.48,30,0.857142857142857,0.3157169574542664,0,5,4188,1518,0.028,0.965
1609,0.32,13,0.09523809523809532,0.8407254212311194,0,4,2780,2742,0.802,0.224
1610,0.42,25,0.5714285714285714,0.43188329050080065,0,5,1170,1207,0.28,0.558
1611,0.32,12,0.09523809523809532,0.8896697543654244,0,3,176,4370,0.597,0.118
1612,0.46,31,0.761904761904762,0.29474864835432124,0,8,3698,2156,0.076,0.665
1613,0.35,19,0.23809523809523803,0.6051607880417844,0,5,4482,3432,0.85,0.392
1614,0.38,22,0.380952380952381,0.5128555357415596,0,5,1578,595,0.327,0.827
1615,0.32,11,0.09523809523809532,0.9425336613850233,0,2,1343,4594,0.783,0.701
1616,0.32,11,0.09523809523809532,0.9425336613850233,0,2,4708,1776,0.261,0.017
1617,0.37,22,0.3333333333333333,0.5128555357415596,0,6,3305,3033,0.532,0.789
1618,0.45,34,0.7142857142857143,0.23556463318933496,0,12,557,838,0.008,0.49
1619,0.32,15,0.09523809523809532,0.7525351122189451,0,6,714,3713,0.443,0.32
1620,0.38,24,0.380952380952381,0.45778646386462385,0,7,2837,309,0.98,0.899
1621,0.32,11,0.09523809523809532,0.9425336613850233,0,2,3927,4025,0.193,0.158
1622,0.36,23,0.2857142857142857,0.4847471975203994,0,8,2437,2497,0.733,0.624
1623,0.34,18,0.19047619047619063,0.6390372525448571,0,5,2378,3447,0.892,0.834
1624,0.35,24,0.23809523809523803,0.45778646386462385,0,10,3986,33,0.43,0.383
1625,0.37,19,0.3333333333333333,0.6051607880417844,0,3,2895,3760,0.642,0.672
1626,0.32,12,0.09523809523809532,0.8896697543654244,0,3,655,2220,0.183,0.109
1627,0.35,16,0.23809523809523803,0.7124958074033991,0,2,364,2884,0.937,0.534
1628,0.32,11,0.09523809523809532,0.9425336613850233,0,2,3266,674,0.477,0.247
1629,0.34,16,0.19047619047619063,0.7124958074033991,0,3,4983,4447,0.691,0.941
1630,0.32,12,0.09523809523809532,0.8896697543654244,0,3,1459,1611,0.229,0.276
1631,0.32,11,0.09523809523809532,0.9425336613850233,0,2,1853,3266,0.631,0.152
1632,0.39,26,0.42857142857142866,0.40695783198793223,0,9,4598,449,0.171,0.568
1633,0.32,12,0.09523809523809532,0.8896697543654244,0,3,3503,4203,0.879,0.373
1634,0.44,28,0.6666666666666666,0.35976302639644275,0,7,135,2012,0.418,0.908
1635,0.43,29,0.619047619047619,0.33737287334323873,0,9,1229,4727,0.095,0.767
1636,0.38,24,0.380952380952381,0.45778646386462385,0,7,2722,1326,0.57,0.45
1637,0.4,24,0.47619047619047633,0.45778646386462385,0,5,4130,2540,0.346,0.738
1638,0.32,11,0.09523809523809532,0.9425336613850233,0,2,2010,1013,0.823,0.042
1639,0.46,29,0.761904761904762,0.33737287334323873,0,6,2047,2707,0.128,0.998
1640,0.32,11,0.09523809523809532,0.9425336613850233,0,2,4325,1159,0.666,0.282
1641,0.4,26,0.47619047619047633,0.40695783198793223,0,8,2604,4895,0.375,0.523
1642,0.32,12,0.09523809523809532,0.8896697543654244,0,3,957,1471,0.915,0.195
1643,0.32,11,0.09523809523809532,0.9425336613850233,0,2,109,4850,0.922,0.441
1644,0.34,20,0.19047619047619063,0.5729375065325737,0,7,3440,1438,0.4,0.778
1645,0.32,11,0.09523809523809532,0.9425336613850233,0,2,4534,2663,0.675,0.037
1646,0.43,29,0.619047619047619,0.33737287334323873,0,9,1830,1125,0.151,0.745
1647,0.34,19,0.19047619047619063,0.6051607880417844,0,6,1443,4001,0.74,0.868
1648,0.41,28,0.5238095238095237,0.35976302639644275,0,10,4930,2443,0.218,0.411
1649,0.32,12,0.09523809523809532,0.8896697543654244,0,3,3211,3688,0.989,0.653
1650,0.32,12,0.09523809523809532,0.8896697543654244,0,3,351,256,0.465,0.066
1651,0.32,13,0.09523809523809532,0.8407254212311194,0,4,819,3006,0.017,0.238
1652,0.43,27,0.619047619047619,0.38293895736649564,0,6,3054,787,0.554,0.545
1653,0.32,11,0.09523809523809532,0.9425336613850233,0,2,3836,4569,0.268,0.272
1654,0.37,22,0.3333333333333333,0.5128555357415596,0,6,2223,1723,0.808,0.947
1655,0.4,23,0.47619047619047633,0.4847471975203994,0,3,2239,3878,0.288,0.418
1656,0.35,22,0.23809523809523803,0.5128555357415596,0,8,3888,2331,0.763,0.864
1657,0.32,11,0.09523809523809532,0.9425336613850233,0,2,3109,3565,0.036,0.076
1658,0.36,21,0.2857142857142857,0.5422135361353762,0,6,832,144,0.513,0.644
1659,0.4,21,0.47619047619047633,0.5422135361353762,1,1,624,3523,0.52,0.896
1660,0.32,11,0.09523809523809532,0.9425336613850233,0,2,3326,108,0.06,0.321
1661,0.35,17,0.23809523809523803,0.6747457466864779,0,3,4736,3835,0.772,0.609
1662,0.32,11,0.09523809523809532,0.9425336613850233,0,2,1403,2296,0.311,0.171
1663,0.32,11,0.09523809523809532,0.9425336613850233,0,2,1636,2517,0.83,0.297
1664,0.4,24,0.47619047619047633,0.45778646386462385,0,5,4493,958,0.37,0.985
1665,0.32,11,0.09523809523809532,0.9425336613850233,0,2,3716,4705,0.579,0.198
1666,0.41,26,0.5238095238095237,0.40695783198793223,0,7,226,1270,0.118,0.523
1667,0.38,22,0.380952380952381,0.5128555357415596,0,5,1007,4180,0.427,0.662
1668,0.32,14,0.09523809523809532,0.7951593372078626,0,5,2622,1956,0.902,0.118
1669,0.44,28,0.6666666666666666,0.35976302639644275,0,7,4336,3242,0.178,0.813
1670,0.43,25,0.619047619047619,0.43188329050080065,0,4,2104,394,0.655,0.405
1671,0.4,24,0.47619047619047633,0.45778646386462385,0,5,1987,3388,0.335,0.573
1672,0.32,10,0.09523809523809532,1.0,1,1,4065,561,0.873,0.145
1673,0.47,30,0.8095238095238094,0.3157169574542664,0,6,2660,4324,0.082,0.918
1674,0.32,11,0.09523809523809532,0.9425336613850233,0,2,1203,2124,0.622,0.362
1675,0.44,27,0.6666666666666666,0.38293895736649564,0,5,284,2789,0.256,0.811
1676,0.37,20,0.3333333333333333,0.5729375065325737,0,4,3657,1238,0.796,0.469
1677,0.49,31,0.9047619047619047,0.29474864835432124,0,5,4434,4975,0.006,0.711
1678,0.32,11,0.09523809523809532,0.9425336613850233,0,2,1694,1551,0.543,0.008
1679,0.46,31,0.761904761904762,0.29474864835432124,0,8,1305,3637,0.064,0.382
1680,0.39,23,0.42857142857142866,0.4847471975203994,0,5,4834,233,0.603,0.837
1681,0.32,11,0.09523809523809532,0.9425336613850233,0,2,3424,3950,0.315,0.096
1682,0.36,20,0.2857142857142857,0.5729375065325737,0,5,527,2420,0.853,0.687
1683,0.34,20,0.19047619047619063,0.5729375065325737,0,7,683,4670,0.663,0.514
1684,0.32,12,0.09523809523809532,0.8896697543654244,0,3,2955,1852,0.139,0.204
1685,0.35,20,0.23809523809523803,0.5729375065325737,0,6,4053,3107,0.909,0.976
1686,0.32,11,0.09523809523809532,0.9425336613850233,0,2,2399,915,0.388,0.303
1687,0.32,12,0.09523809523809532,0.8896697543654244,0,3,2497,4404,0.238,0.032
1688,0.41,22,0.5238095238095237,0.5128555357415596,1,1,3955,1576,0.713,0.688
1689,0.37,27,0.3333333333333333,0.38293895736649564,0,12,2857,2842,0.484,0.493
1690,0.4,27,0.47619047619047633,0.38293895736649564,0,9,781,638,0.961,0.788
1691,0.32,12,0.09523809523809532,0.8896697543654244,0,3,409,3802,0.158,0.355
1692,0.38,26,0.380952380952381,0.40695783198793223,0,10,3152,2256,0.635,0.926
1693,0.32,11,0.09523809523809532,0.9425336613850233,0,2,4871,3490,0.408,0.138
1694,0.38,23,0.380952380952381,0.4847471975203994,0,6,1501,68,0.883,0.582
1695,0.38,21,0.380952380952381,0.5422135361353762,0,4,1733,4809,0.473,0.954
1696,0.32,11,0.09523809523809532,0.9425336613850233,0,2,4632,1406,0.95,0.263
1697,0.45,32,0.7142857142857143,0.2744256214368308,0,10,3539,2621,0.226,0.551
1698,0.32,11,0.09523809523809532,0.9425336613850233,0,2,12,1094,0.701,0.229
1699,0.32,11,0.09523809523809532,0.9425336613850233,0,2,1105,3184,0.753,0.09
1700,0.37,23,0.3333333333333333,0.4847471975203994,0,7,2757,369,0.292,0.63
1701,0.35,21,0.23809523809523803,0.5422135361353762,0,7,4163,4122,0.5,0.436
1702,0.47,29,0.8095238095238094,0.33737287334323873,0,5,1888,1931,0.04,0.846
1703,0.32,11,0.09523809523809532,0.9425336613850233,0,2,2163,4289,0.969,0.18
1704,0.4,24,0.47619047619047633,0.45778646386462385,0,5,4278,2077,0.445,0.602
1705,0.32,11,0.09523809523809532,0.9425336613850233,0,2,2564,3352,0.721,0.33
1706,0.36,25,0.2857142857142857,0.43188329050080065,0,11,1066,514,0.199,0.889
1707,0.37,20,0.3333333333333333,0.5729375065325737,0,4,10,2628,0.794,0.887
1708,0.32,11,0.09523809523809532,0.9425336613850233,0,2,3551,1082,0.254,0.331
1709,0.36,19,0.2857142857142857,0.6051607880417844,0,4,4648,4816,0.545,0.604
1710,0.32,11,0.09523809523809532,0.9425336613850233,0,2,1724,1394,0.007,0.177
1711,0.32,12,0.09523809523809532,0.8896697543654244,0,3,1490,3478,0.604,0.303
1712,0.36,21,0.2857142857142857,0.5422135361353762,0,6,4875,76,0.065,0.979
1713,0.32,12,0.09523809523809532,0.8896697543654244,0,3,3159,3790,0.852,0.208
1714,0.45,28,0.7142857142857143,0.35976302639644275,0,6,392,2264,0.314,0.513
1715,0.45,31,0.7142857142857143,0.29474864835432124,0,9,860,4515,0.137,0.683
1716,0.32,11,0.09523809523809532,0.9425336613850233,0,2,3002,1699,0.661,0.097
1717,0.44,26,0.6666666666666666,0.40695783198793223,0,4,3781,2953,0.39,0.838
1718,0.41,25,0.5238095238095237,0.43188329050080065,0,6,2270,761,0.912,0.379
1719,0.39,24,0.42857142857142866,0.45778646386462385,0,6,2283,2960,0.567,0.721
1720,0.32,12,0.09523809523809532,0.8896697543654244,0,3,3778,749,0.106,0.06
1721,0.32,11,0.09523809523809532,0.9425336613850233,0,2,2996,4522,0.818,0.754
1722,0.43,26,0.619047619047619,0.40695783198793223,0,5,878,1687,0.359,0.464
1723,0.37,20,0.3333333333333333,0.5729375065325737,0,4,510,3957,0.634,0.463
1724,0.46,36,0.761904761904762,0.19886373275850033,0,13,3431,2408,0.157,0.756
1725,0.32,14,0.09523809523809532,0.7951593372078626,0,5,4836,3644,0.884,0.063
1726,0.36,23,0.2857142857142857,0.4847471975203994,0,8,1292,221,0.409,0.72
1727,0.32,12,0.09523809523809532,0.8896697543654244,0,3,1687,4963,0.952,0.843
1728,0.38,21,0.380952380952381,0.5422135361353762,0,4,4452,1559,0.475,0.436
1729,0.38,19,0.380952380952381,0.6051607880417844,0,2,3669,2776,0.699,0.631
1730,0.32,11,0.09523809523809532,0.9425336613850233,0,2,282,1246,0.224,0.087
1731,0.32,11,0.09523809523809532,0.9425336613850233,0,2,1063,3345,0.289,0.228
1732,0.34,26,0.19047619047619063,0.40695783198793223,0,14,2575,526,0.751,0.555
1733,0.32,12,0.09523809523809532,0.8896697543654244,0,3,4296,4282,0.043,0.266
1734,0.37,22,0.3333333333333333,0.5128555357415596,0,6,2156,2089,0.502,0.954
1735,0.32,11,0.09523809523809532,0.9425336613850233,0,2,1881,4135,0.448,0.006
1736,0.36,21,0.2857142857142857,0.5422135361353762,0,6,4180,1923,0.971,0.714
1737,0.44,26,0.6666666666666666,0.40695783198793223,0,4,2770,3197,0.196,0.472
1738,0.39,23,0.42857142857142866,0.4847471975203994,0,5,1104,361,0.718,0.81
1739,0.32,11,0.09523809523809532,0.9425336613850233,0,2,223,4697,0.401,0.361
1740,0.4,24,0.47619047619047633,0.45778646386462385,0,5,3727,1283,0.923,0.92
1741,0.32,11,0.09523809523809532,0.9425336613850233,0,2,4511,2509,0.149,0.148
1742,0.41,27,0.5238095238095237,0.38293895736649564,0,8,1628,971,0.673,0.572
1743,0.42,27,0.5714285714285714,0.38293895736649564,0,7,1390,3847,0.217,0.945
1744,0.32,12,0.09523809523809532,0.8896697543654244,0,3,4739,2289,0.738,0.273
1745,0.39,22,0.42857142857142866,0.5128555357415596,0,4,3334,3535,0.467,0.546
1746,0.32,11,0.09523809523809532,0.9425336613850233,0,2,608,101,0.99,0.235
1747,0.32,11,0.09523809523809532,0.9425336613850233,0,2,764,2849,0.557,0.065
1748,0.41,29,0.5238095238095237,0.33737287334323873,0,11,2865,626,0.02,0.656
1749,0.32,14,0.09523809523809532,0.7951593372078626,0,5,3957,4411,0.805,0.414
1750,0.43,32,0.619047619047619,0.2744256214368308,0,12,2484,1564,0.266,0.868
1751,0.45,33,0.7142857142857143,0.2547093435387753,0,11,2386,3120,0.108,0.579
1752,0.32,11,0.09523809523809532,0.9425336613850233,0,2,4055,907,0.57,0.14
1753,0.39,21,0.42857142857142866,0.5422135361353762,0,3,2963,4683,0.356,0.927
1754,0.32,11,0.09523809523809532,0.9425336613850233,0,2,667,1844,0.816,0.353
1755,0.47,31,0.8095238095238094,0.29474864835432124,0,7,333,3680,0.062,0.785
1756,0.39,24,0.42857142857142866,0.45778646386462385,0,6,3217,269,0.521,0.494
1757,0.4,22,0.47619047619047633,0.5128555357415596,0,2,4933,3993,0.309,0.69
1758,0.32,12,0.09523809523809532,0.8896697543654244,0,3,1431,2456,0.771,0.029
1759,0.4,24,0.47619047619047633,0.45778646386462385,0,5,1822,2675,0.369,0.404
1760,0.37,22,0.3333333333333333,0.5128555357415596,0,6,4551,1118,0.828,0.815
1761,0.32,12,0.09523809523809532,0.8896697543654244,0,3,3454,4861,0.119,0.122
1762,0.37,21,0.3333333333333333,0.5422135361353762,0,5,108,1431,0.581,0.661
1763,0.32,12,0.09523809523809532,0.8896697543654244,0,3,1201,4332,0.904,0.52
1764,0.32,12,0.09523809523809532,0.8896697543654244,0,3,2672,2112,0.429,0.199
1765,0.37,19,0.3333333333333333,0.6051607880417844,0,3,4081,3395,0.653,0.986
1766,0.32,12,0.09523809523809532,0.8896697543654244,0,3,1978,549,0.176,0.294
1767,0.35,16,0.23809523809523803,0.7124958074033991,0,2,2098,3230,0.871,0.742
1768,0.32,11,0.09523809523809532,0.9425336613850233,0,2,4355,402,0.333,0.038
1769,0.36,17,0.2857142857142857,0.6747457466864779,0,2,2634,4168,0.624,0.779
1770,0.42,30,0.5714285714285714,0.3157169574542664,0,11,1004,1963,0.085,0.439
1771,0.32,11,0.09523809523809532,0.9425336613850233,0,2,119,4210,0.078,0.194
1772,0.4,27,0.47619047619047633,0.38293895736649564,0,9,3511,2000,0.6,0.527
1773,0.32,11,0.09523809523809532,0.9425336613850233,0,2,4601,3273,0.324,0.285
1774,0.38,20,0.380952380952381,0.5729375065325737,0,3,1841,437,0.848,0.997
1775,0.4,22,0.47619047619047633,0.5128555357415596,0,2,1451,4435,0.259,0.621
1776,0.32,11,0.09523809523809532,0.9425336613850233,0,2,5000,1618,0.781,0.16
1777,0.47,30,0.8095238095238094,0.3157169574542664,0,6,3277,2872,0.011,0.9
1778,0.32,11,0.09523809523809532,0.9425336613850233,0,2,361,681,0.535,0.317
1779,0.33,14,0.14285714285714296,0.7951593372078626,0,2,830,3558,0.982,0.49
1780,0.36,21,0.2857142857142857,0.5422135361353762,0,6,3121,156,0.444,0.792
1781,0.32,11,0.09523809523809532,0.9425336613850233,0,2,3907,3871,0.732,0.02
1782,0.44,30,0.6666666666666666,0.3157169574542664,0,9,2233,2343,0.192,0.7
1783,0.32,11,0.09523809523809532,0.9425336613850233,0,2,2212,4557,0.71,0.17
1784,0.47,32,0.8095238095238094,0.2744256214368308,0,8,3839,1731,0.235,0.612
1785,0.32,12,0.09523809523809532,0.8896697543654244,0,3,3061,2994,0.964,0.324
1786,0.37,23,0.3333333333333333,0.4847471975203994,0,7,802,794,0.487,0.895
1787,0.38,24,0.380952380952381,0.45778646386462385,0,7,556,3040,0.48,0.641
1788,0.32,11,0.09523809523809532,0.9425336613850233,0,2,3318,826,0.939,0.077
1789,0.42,27,0.5714285714285714,0.38293895736649564,0,7,4725,4602,0.227,0.865
1790,0.4,25,0.47619047619047633,0.43188329050080065,0,7,1335,1764,0.688,0.415
1791,0.32,11,0.09523809523809532,0.9425336613850233,0,2,1566,3420,0.169,0.041
1792,0.37,20,0.3333333333333333,0.5729375065325737,0,4,4485,602,0.629,0.742
1793,0.4,23,0.47619047619047633,0.4847471975203994,0,3,3704,4358,0.42,0.453
1794,0.37,21,0.3333333333333333,0.5422135361353762,0,5,158,2164,0.882,0.766
1795,0.35,18,0.23809523809523803,0.6390372525448571,0,4,940,4888,0.572,0.906
1796,0.32,11,0.09523809523809532,0.9425336613850233,0,2,2611,1483,0.097,0.374
1797,0.35,18,0.23809523809523803,0.6390372525448571,0,4,4329,2700,0.821,0.569
1798,0.32,11,0.09523809523809532,0.9425336613850233,0,2,2035,1171,0.344,0.149
1799,0.37,21,0.3333333333333333,0.5422135361353762,0,5,1996,2553,0.664,0.824
1800,0.35,21,0.23809523809523803,0.5422135361353762,0,7,4131,1005,0.127,0.393
1801,0.32,12,0.09523809523809532,0.8896697543654244,0,3,2729,4740,0.917,0.666
1802,0.32,14,0.09523809523809532,0.7951593372078626,0,5,1212,1318,0.377,0.115
1803,0.38,20,0.380952380952381,0.5729375065325737,0,3,256,3154,0.743,0.555
1804,0.32,12,0.09523809523809532,0.8896697543654244,0,3,3607,326,0.203,0.225
1805,0.32,12,0.09523809523809532,0.8896697543654244,0,3,4388,4091,0.994,0.966
1806,0.32,11,0.09523809523809532,0.9425336613850233,0,2,1664,1889,0.456,0.251
1807,0.32,12,0.09523809523809532,0.8896697543654244,0,3,1276,2929,0.937,0.127
1808,0.39,26,0.42857142857142866,0.40695783198793223,0,9,4783,707,0.397,0.593
1809,0.32,11,0.09523809523809532,0.9425336613850233,0,2,3376,4492,0.683,0.351
1810,0.41,25,0.5238095238095237,0.43188329050080065,0,6,497,1644,0.146,0.93
1811,0.41,25,0.5238095238095237,0.43188329050080065,0,6,654,3768,0.336,0.758
1812,0.37,24,0.3333333333333333,0.45778646386462385,0,8,2908,2208,0.86,0.46
1813,0.44,28,0.6666666666666666,0.35976302639644275,0,7,4003,3454,0.089,0.733
1814,0.32,11,0.09523809523809532,0.9425336613850233,0,2,2370,21,0.611,0.048
1815,0.32,11,0.09523809523809532,0.9425336613850233,0,2,2429,4038,0.762,0.276
1816,0.44,26,0.6666666666666666,0.40695783198793223,0,4,3943,2489,0.287,0.944
1817,0.32,11,0.09523809523809532,0.9425336613850233,0,2,2849,3726,0.514,0.25
1818,0.39,27,0.42857142857142866,0.38293895736649564,0,10,712,301,0.037,0.533
1819,0.32,11,0.09523809523809532,0.9425336613850233,0,2,459,4637,0.84,0.108
1820,0.45,27,0.7142857142857143,0.38293895736649564,0,4,3180,1812,0.363,0.675
1821,0.38,22,0.380952380952381,0.5128555357415596,0,5,4903,3075,0.592,0.386
1822,0.38,26,0.380952380952381,0.40695783198793223,0,10,1550,874,0.117,0.833
1823,0.37,20,0.3333333333333333,0.5729375065325737,0,4,1782,4257,0.526,0.707
1824,0.32,11,0.09523809523809532,0.9425336613850233,0,2,4659,2036,0.049,0.012
1825,0.36,17,0.2857142857142857,0.6747457466864779,0,2,3569,3319,0.773,0.799
1826,0.36,23,0.2857142857142857,0.4847471975203994,0,8,60,474,0.298,0.481
1827,0.32,13,0.09523809523809532,0.8407254212311194,0,4,1154,2750,0.247,0.341
1828,0.35,21,0.23809523809523803,0.5422135361353762,0,7,2788,1194,0.708,0.878
1829,0.32,11,0.09523809523809532,0.9425336613850233,0,2,4191,4938,0.499,0.184
1830,0.37,21,0.3333333333333333,0.5422135361353762,0,5,1938,1506,0.958,0.599
1831,0.5,34,0.9523809523809523,0.23556463318933496,0,7,2133,4773,0.03,0.424
1832,0.42,27,0.5714285714285714,0.38293895736649564,0,7,4231,1359,0.554,0.858
1833,0.32,11,0.09523809523809532,0.9425336613850233,0,2,2513,2586,0.279,0.086
1834,0.38,19,0.380952380952381,0.6051607880417844,0,2,1037,1046,0.801,0.634
1835,0.37,19,0.3333333333333333,0.6051607880417844,0,3,48,4376,0.51,0.842
1836,0.32,11,0.09523809523809532,0.9425336613850233,0,2,3590,1599,0.033,0.376
1837,0.36,20,0.2857142857142857,0.5729375065325737,0,5,4688,2814,0.758,0.68
1838,0.32,11,0.09523809523809532,0.9425336613850233,0,2,1764,661,0.283,0.101
1839,0.33,15,0.14285714285714296,0.7525351122189451,0,3,1528,4152,0.825,0.477
1840,0.42,24,0.5714285714285714,0.45778646386462385,0,3,4913,1979,0.348,0.805
1841,0.32,11,0.09523809523809532,0.9425336613850233,0,2,3199,3214,0.576,0.002
1842,0.41,23,0.5238095238095237,0.4847471975203994,0,2,431,418,0.101,0.718
1843,0.4,30,0.47619047619047633,0.3157169574542664,0,13,900,2532,0.416,0.608
1844,0.32,11,0.09523809523809532,0.9425336613850233,0,2,3042,948,0.878,0.173
1845,0.44,28,0.6666666666666666,0.35976302639644275,0,7,3819,4721,0.165,0.882
1846,0.32,11,0.09523809523809532,0.9425336613850233,0,2,2309,1259,0.625,0.335
1847,0.39,22,0.42857142857142866,0.5128555357415596,0,4,2330,3600,0.431,0.972
1848,0.32,11,0.09523809523809532,0.9425336613850233,0,2,3809,187,0.893,0.307
1849,0.41,28,0.5238095238095237,0.35976302639644275,0,10,3023,3912,0.181,0.502
1850,0.32,12,0.09523809523809532,0.8896697543654244,0,3,927,2376,0.641,0.216
1851,0.32,11,0.09523809523809532,0.9425336613850233,0,2,471,3362,0.92,0.261
1852,0.44,25,0.6666666666666666,0.43188329050080065,0,3,3392,582,0.381,0.958
1853,0.32,12,0.09523809523809532,0.8896697543654244,0,3,4797,4299,0.668,0.233
1854,0.45,27,0.7142857142857143,0.38293895736649564,0,4,1254,2145,0.13,0.55
1855,0.37,19,0.3333333333333333,0.6051607880417844,0,3,1648,2981,0.728,0.924
1856,0.32,11,0.09523809523809532,0.9425336613850233,0,2,4412,807,0.188,0.356
1857,0.32,11,0.09523809523809532,0.9425336613850233,0,2,3631,4544,0.978,0.582
1858,0.32,12,0.09523809523809532,0.8896697543654244,0,3,243,1744,0.44,0.136
1859,0.32,11,0.09523809523809532,0.9425336613850233,0,2,1024,4019,0.015,0.059
1860,0.38,25,0.380952380952381,0.43188329050080065,0,9,2537,2430,0.538,0.724
1861,0.41,27,0.5238095238095237,0.38293895736649564,0,8,4256,3705,0.263,0.466
1862,0.36,20,0.2857142857142857,0.5729375065325737,0,5,2116,243,0.785,0.753
1863,0.32,11,0.09523809523809532,0.9425336613850233,0,2,1920,3539,0.231,0.211
1864,0.36,23,0.2857142857142857,0.4847471975203994,0,8,4219,97,0.692,0.51
1865,0.32,11,0.09523809523809532,0.9425336613850233,0,2,2808,3851,0.484,0.299
1866,0.36,22,0.2857142857142857,0.5128555357415596,0,7,1142,2286,0.943,0.983
1867,0.47,32,0.8095238095238094,0.2744256214368308,0,8,184,2950,0.185,0.41
1868,0.37,21,0.3333333333333333,0.5422135361353762,0,5,3689,765,0.645,0.872
1869,0.32,12,0.09523809523809532,0.8896697543654244,0,3,4471,4511,0.435,0.069
1870,0.37,24,0.3333333333333333,0.45778646386462385,0,8,1589,1703,0.897,0.651
1871,0.38,28,0.380952380952381,0.35976302639644275,0,13,1352,3174,0.495,0.776
1872,0.36,20,0.2857142857142857,0.5729375065325737,0,5,4700,385,0.954,0.442
1873,0.44,25,0.6666666666666666,0.43188329050080065,0,3,3294,4112,0.243,0.746
1874,0.32,11,0.09523809523809532,0.9425336613850233,0,2,569,1946,0.704,0.035
1875,0.32,12,0.09523809523809532,0.8896697543654244,0,3,725,4831,0.777,0.145
1876,0.42,28,0.5714285714285714,0.35976302639644275,0,9,2826,1378,0.302,0.575
1877,0.32,11,0.09523809523809532,0.9425336613850233,0,2,3919,2643,0.53,0.365
1878,0.43,30,0.619047619047619,0.3157169574542664,0,10,2445,1066,0.053,0.917
1879,0.39,24,0.42857142857142866,0.45778646386462385,0,6,2348,4868,0.32,0.627
1880,0.32,11,0.09523809523809532,0.9425336613850233,0,2,4016,1425,0.844,0.092
1881,0.45,28,0.7142857142857143,0.35976302639644275,0,6,2923,2681,0.074,0.848
1882,0.41,26,0.5238095238095237,0.40695783198793223,0,7,627,1112,0.596,0.432
1883,0.4,24,0.47619047619047633,0.45778646386462385,0,5,372,4276,0.275,0.99
1884,0.32,11,0.09523809523809532,0.9425336613850233,0,2,3257,2095,0.797,0.29
1885,0.47,28,0.8095238095238094,0.35976302639644275,0,4,4971,3339,0.026,0.517
1886,0.32,11,0.09523809523809532,0.9425336613850233,0,2,1469,532,0.55,0.202
1887,0.32,12,0.09523809523809532,0.8896697543654244,0,3,1862,4657,0.093,0.328
1888,0.43,24,0.619047619047619,0.45778646386462385,0,2,4590,1870,0.615,0.891
1889,0.32,14,0.09523809523809532,0.7951593372078626,0,5,3492,3094,0.34,0.166
1890,0.35,18,0.23809523809523803,0.6390372525448571,0,4,146,933,0.864,0.617
1891,0.36,17,0.2857142857142857,0.6747457466864779,0,2,1240,3658,0.679,0.694
1892,0.32,12,0.09523809523809532,0.8896697543654244,0,3,2711,208,0.142,0.025
1893,0.32,12,0.09523809523809532,0.8896697543654244,0,3,4121,3971,0.933,0.781
1894,0.44,29,0.6666666666666666,0.33737287334323873,0,8,2018,2395,0.393,0.499
1895,0.38,20,0.380952380952381,0.5729375065325737,0,3,2058,3825,0.588,0.541
1896,0.32,12,0.09523809523809532,0.8896697543654244,0,3,4315,2228,0.113,0.24
1897,0.34,16,0.19047619047619063,0.7124958074033991,0,3,2596,3513,0.836,0.949
1898,0.32,11,0.09523809523809532,0.9425336613850233,0,2,966,40,0.359,0.268
1899,0.32,11,0.09523809523809532,0.9425336613850233,0,2,79,3458,0.352,0.024
1900,0.35,20,0.23809523809523803,0.5729375065325737,0,6,3471,17,0.812,0.697
1901,0.46,29,0.761904761904762,0.33737287334323873,0,6,4562,3771,0.104,0.486
1902,0.43,27,0.619047619047619,0.38293895736649564,0,6,1802,2204,0.566,0.796
1903,0.49,31,0.9047619047619047,0.29474864835432124,0,5,1412,2609,0.047,0.67
1904,0.32,11,0.09523809523809532,0.9425336613850233,0,2,4961,1022,0.506,0.111
1905,0.4,24,0.47619047619047633,0.45778646386462385,0,5,3239,4796,0.293,0.82
1906,0.36,19,0.2857142857142857,0.6051607880417844,0,4,322,1335,0.754,0.398
1907,0.32,11,0.09523809523809532,0.9425336613850233,0,2,791,4075,0.695,0.289
1908,0.42,25,0.5714285714285714,0.43188329050080065,0,5,3083,1905,0.22,0.992
1909,0.32,13,0.09523809523809532,0.8407254212311194,0,4,3867,3138,0.948,0.189
1910,0.35,20,0.23809523809523803,0.5729375065325737,0,6,2193,342,0.471,0.531
1911,0.32,11,0.09523809523809532,0.9425336613850233,0,2,2251,2809,0.998,0.125
1912,0.41,26,0.5238095238095237,0.40695783198793223,0,7,3878,1213,0.46,0.658
1913,0.32,11,0.09523809523809532,0.9425336613850233,0,2,3101,4996,0.747,0.4
1914,0.43,29,0.619047619047619,0.33737287334323873,0,9,841,1526,0.207,0.819
1915,0.43,28,0.619047619047619,0.35976302639644275,0,8,594,4944,0.2,0.564
1916,0.32,12,0.09523809523809532,0.8896697543654244,0,3,3357,1500,0.722,0.154
1917,0.41,24,0.5238095238095237,0.45778646386462385,0,4,4765,2756,0.451,0.91
1918,0.32,12,0.09523809523809532,0.8896697543654244,0,3,1375,1188,0.975,0.37
1919,0.32,12,0.09523809523809532,0.8896697543654244,0,3,1605,3938,0.386,0.246
1920,0.36,18,0.2857142857142857,0.6390372525448571,0,3,4523,2350,0.908,0.536
1921,0.32,11,0.09523809523809532,0.9425336613850233,0,2,3744,3626,0.133,0.279
1922,0.37,23,0.3333333333333333,0.4847471975203994,0,7,198,162,0.657,0.94
1923,0.36,17,0.2857142857142857,0.6747457466864779,0,2,979,3062,0.856,0.862
1924,0.43,25,0.619047619047619,0.43188329050080065,0,4,2650,887,0.318,0.418
1925,0.35,17,0.23809523809523803,0.6747457466864779,0,3,4367,4624,0.608,0.645
1926,0.32,11,0.09523809523809532,0.9425336613850233,0,2,2074,1825,0.068,0.074
1927,0.32,11,0.09523809523809532,0.9425336613850233,0,2,1958,4457,0.888,0.904
1928,0.32,11,0.09523809523809532,0.9425336613850233,0,2,4093,1679,0.413,0.313
1929,0.38,20,0.380952380952381,0.5729375065325737,0,3,2690,2894,0.638,0.618
1930,0.32,11,0.09523809523809532,0.9425336613850233,0,2,1173,742,0.161,0.163
1931,0.32,12,0.09523809523809532,0.8896697543654244,0,3,296,3907,0.968,0.728
1932,0.32,11,0.09523809523809532,0.9425336613850233,0,2,3647,2308,0.491,0.052
1933,0.36,18,0.2857142857142857,0.6390372525448571,0,3,4426,3594,0.714,0.762
1934,0.37,23,0.3333333333333333,0.4847471975203994,0,7,1703,121,0.239,0.456
1935,0.32,12,0.09523809523809532,0.8896697543654244,0,3,1316,4755,0.649,0.082
1936,0.39,23,0.42857142857142866,0.4847471975203994,0,5,4823,1303,0.172,0.638
1937,0.35,19,0.23809523809523803,0.6051607880417844,0,5,3415,2569,0.9,0.427
1938,0.37,22,0.3333333333333333,0.5128555357415596,0,6,535,990,0.425,0.855
1939,0.46,29,0.761904761904762,0.33737287334323873,0,6,692,3250,0.123,0.963
1940,0.32,11,0.09523809523809532,0.9425336613850233,0,2,2946,460,0.585,0.255
1941,0.4,22,0.47619047619047633,0.5128555357415596,0,2,4042,4186,0.372,0.559
1942,0.32,11,0.09523809523809532,0.9425336613850233,0,2,2410,2023,0.832,0.222
1943,0.38,23,0.380952380952381,0.4847471975203994,0,6,2468,3285,0.541,0.449
1944,0.44,29,0.6666666666666666,0.33737287334323873,0,8,3983,507,0.003,0.771
1945,0.32,12,0.09523809523809532,0.8896697543654244,0,3,2888,4224,0.79,0.046
1946,0.39,23,0.42857142857142866,0.4847471975203994,0,5,750,2069,0.25,0.737
1947,0.32,11,0.09523809523809532,0.9425336613850233,0,2,420,2733,0.62,0.187
1948,0.41,28,0.5238095238095237,0.35976302639644275,0,10,3141,1138,0.081,0.595
1949,0.32,13,0.09523809523809532,0.8407254212311194,0,4,4863,4921,0.867,0.338
1950,0.39,21,0.42857142857142866,0.5422135361353762,0,3,1510,1450,0.329,0.881
1951,0.34,16,0.19047619047619063,0.7124958074033991,0,3,1743,3739,0.809,0.507
1952,0.32,11,0.09523809523809532,0.9425336613850233,0,2,4620,287,0.269,0.212
1953,0.38,19,0.380952380952381,0.6051607880417844,0,2,3530,4051,0.561,0.968
1954,0.32,11,0.09523809523809532,0.9425336613850233,0,2,20,2476,0.024,0.312
1955,0.36,21,0.2857142857142857,0.5422135361353762,0,6,1114,4576,0.463,0.391
1956,0.35,19,0.23809523809523803,0.6051607880417844,0,5,2749,1790,0.987,0.828
1957,0.32,12,0.09523809523809532,0.8896697543654244,0,3,4152,3014,0.213,0.104
1958,0.38,23,0.380952380952381,0.4847471975203994,0,6,1900,852,0.734,0.679
1959,0.32,13,0.09523809523809532,0.8407254212311194,0,4,2171,2868,0.305,0.347
1960,0.38,24,0.380952380952381,0.45778646386462385,0,7,4270,685,0.767,0.934
1961,0.32,11,0.09523809523809532,0.9425336613850233,0,2,2553,4431,0.058,0.131
1962,0.36,20,0.2857142857142857,0.5729375065325737,0,5,1077,1622,0.517,0.589
1963,0.32,12,0.09523809523809532,0.8896697543654244,0,3,24,4587,0.944,0.129
1964,0.39,25,0.42857142857142866,0.43188329050080065,0,8,3526,1779,0.482,0.591
1965,0.32,11,0.09523809523809532,0.9425336613850233,0,2,4624,3025,0.691,0.349
1966,0.42,26,0.5714285714285714,0.40695783198793223,0,6,1740,841,0.232,0.932
1967,0.36,18,0.2857142857142857,0.6390372525448571,0,3,1513,4343,0.626,0.557
1968,0.32,11,0.09523809523809532,0.9425336613850233,0,2,4859,2179,0.165,0.224
1969,0.34,18,0.19047619047619063,0.6390372525448571,0,5,3145,3405,0.876,0.964
1970,0.32,11,0.09523809523809532,0.9425336613850233,0,2,416,617,0.417,0.253
1971,0.45,29,0.7142857142857143,0.33737287334323873,0,7,885,2724,0.1,0.426
1972,0.42,24,0.5714285714285714,0.45778646386462385,0,3,2989,1146,0.577,0.856
1973,0.32,11,0.09523809523809532,0.9425336613850233,0,2,3765,4912,0.349,0.084
1974,0.39,24,0.42857142857142866,0.45778646386462385,0,6,2295,1458,0.824,0.636
1975,0.43,27,0.619047619047619,0.38293895736649564,0,6,2291,4352,0.153,0.802
1976,0.38,24,0.380952380952381,0.45778646386462385,0,7,3769,2170,0.677,0.477
1977,0.39,25,0.42857142857142866,0.43188329050080065,0,8,2985,3414,0.405,0.704
1978,0.32,11,0.09523809523809532,0.9425336613850233,0,2,889,608,0.927,0.015
1979,0.38,21,0.380952380952381,0.5422135361353762,0,4,534,3258,0.596,0.709
1980,0.32,11,0.09523809523809532,0.9425336613850233,0,2,3416,451,0.072,0.01
1981,0.32,12,0.09523809523809532,0.8896697543654244,0,3,4822,4195,0.844,0.797
1982,0.45,31,0.7142857142857143,0.29474864835432124,0,9,1317,2014,0.322,0.483
1983,0.32,13,0.09523809523809532,0.8407254212311194,0,4,1701,2857,0.786,0.11
1984,0.41,26,0.5238095238095237,0.40695783198793223,0,7,4427,696,0.262,0.673
1985,0.37,21,0.3333333333333333,0.5422135361353762,0,5,3645,4420,0.537,0.384
1986,0.46,38,0.761904761904762,0.1640953758022553,0,15,297,1633,0.015,0.835
1987,0.4,21,0.47619047619047633,0.5422135361353762,1,1,1078,3896,0.44,0.974
1988,0.32,11,0.09523809523809532,0.9425336613850233,0,2,2552,2319,0.979,0.305
1989,0.42,27,0.5714285714285714,0.38293895736649564,0,7,4271,3583,0.189,0.5
1990,0.32,11,0.09523809523809532,0.9425336613850233,0,2,2170,132,0.726,0.218
1991,0.42,27,0.5714285714285714,0.38293895736649564,0,7,1896,3750,0.281,0.76
1992,0.35,23,0.23809523809523803,0.4847471975203994,0,9,4155,276,0.758,0.458
1993,0.49,37,0.9047619047619047,0.18125078868023337,0,10,2745,4062,0.035,0.731
1994,0.32,12,0.09523809523809532,0.8896697543654244,0,3,1118,2465,0.51,0.05
1995,0.42,25,0.5714285714285714,0.43188329050080065,0,5,199,3051,0.361,0.623
1996,0.32,11,0.09523809523809532,0.9425336613850233,0,2,3743,898,0.836,0.158
1997,0.46,28,0.761904761904762,0.35976302639644275,0,5,4525,4613,0.112,0.898
1998,0.32,12,0.09523809523809532,0.8896697543654244,0,3,1604,1836,0.589,0.319
1999,0.32,11,0.09523809523809532,0.9425336613850233,0,2,1376,3294,0.054,0.196
2000,0.42,28,0.5714285714285714,0.35976302639644275,0,9,4763,498,0.529,0.525
2001,0.32,12,0.09523809523809532,0.8896697543654244,0,3,3358,4232,0.301,0.283
2002,0.37,24,0.3333333333333333,0.45778646386462385,0,8,593,2060,0.778,0.999
2003,0.33,17,0.14285714285714296,0.6747457466864779,0,5,749,4953,0.703,0.826
2004,0.46,29,0.761904761904762,0.33737287334323873,0,6,2889,1491,0.243,0.391
2005,0.36,18,0.2857142857142857,0.6390372525448571,0,3,3982,2765,0.956,0.664
2006,0.32,11,0.09523809523809532,0.9425336613850233,0,2,2470,1179,0.495,0.117
2007,0.32,11,0.09523809523809532,0.9425336613850233,0,2,2411,4764,0.129,0.343
2008,0.37,27,0.3333333333333333,0.38293895736649564,0,12,4041,1294,0.669,0.876
2009,0.32,13,0.09523809523809532,0.8407254212311194,0,4,2948,2577,0.382,0.182
2010,0.41,24,0.5238095238095237,0.45778646386462385,0,4,690,981,0.92,0.6
2011,0.32,11,0.09523809523809532,0.9425336613850233,0,2,319,4067,0.209,0.043
2012,0.37,21,0.3333333333333333,0.5422135361353762,0,5,3243,1913,0.746,0.74
2013,0.4,23,0.47619047619047633,0.4847471975203994,0,3,4957,3130,0.459,0.451
2014,0.38,21,0.380952380952381,0.5422135361353762,0,4,1416,350,0.998,0.768
2015,0.39,23,0.42857142857142866,0.4847471975203994,0,5,1798,4468,0.394,0.643
2016,0.32,12,0.09523809523809532,0.8896697543654244,0,3,4566,1668,0.931,0.075
2017,0.46,33,0.761904761904762,0.2547093435387753,0,10,3468,2905,0.141,0.863
2018,0.42,28,0.5714285714285714,0.35976302639644275,0,9,83,732,0.681,0.417
2019,0.32,11,0.09523809523809532,0.9425336613850233,0,2,1176,3469,0.863,0.278
2020,0.35,21,0.23809523809523803,0.5422135361353762,0,7,2686,6,0.341,0.942
2021,0.32,11,0.09523809523809532,0.9425336613850233,0,2,4097,3782,0.616,0.248
2022,0.44,29,0.6666666666666666,0.33737287334323873,0,8,1955,2193,0.092,0.535
2023,0.32,14,0.09523809523809532,0.7951593372078626,0,5,2072,3927,0.896,0.492
2024,0.39,25,0.42857142857142866,0.43188329050080065,0,8,4368,2361,0.437,0.79
2025,0.32,11,0.09523809523809532,0.9425336613850233,0,2,2649,3615,0.645,0.018
2026,0.4,26,0.47619047619047633,0.40695783198793223,0,8,980,173,0.184,0.702
2027,0.45,28,0.7142857142857143,0.35976302639644275,0,6,142,3669,0.161,0.947
2028,0.32,11,0.09523809523809532,0.9425336613850233,0,2,3496,197,0.636,0.271
2029,0.38,24,0.380952380952381,0.45778646386462385,0,7,4586,3982,0.412,0.544
2030,0.32,13,0.09523809523809532,0.8407254212311194,0,4,1865,2384,0.889,0.237
2031,0.32,12,0.09523809523809532,0.8896697543654244,0,3,1466,2800,0.472,0.363
2032,0.4,23,0.47619047619047633,0.4847471975203994,0,3,4975,1222,0.947,0.918
2033,0.32,12,0.09523809523809532,0.8896697543654244,0,3,3253,4987,0.219,0.147
2034,0.35,22,0.23809523809523803,0.5128555357415596,0,8,376,1535,0.696,0.574
2035,0.34,16,0.19047619047619063,0.7124958074033991,0,3,845,4267,0.754,0.744
2036,0.32,11,0.09523809523809532,0.9425336613850233,0,2,3097,2103,0.295,0.037
2037,0.39,23,0.42857142857142866,0.4847471975203994,0,5,3881,3331,0.506,0.777
2038,0.4,29,0.47619047619047633,0.33737287334323873,0,12,2247,540,0.045,0.44
2039,0.38,23,0.380952380952381,0.4847471975203994,0,6,2197,2601,0.549,0.908
2040,0.32,13,0.09523809523809532,0.8407254212311194,0,4,3863,1031,0.027,0.372
2041,0.32,12,0.09523809523809532,0.8896697543654244,0,3,3086,4787,0.797,0.567
2042,0.32,11,0.09523809523809532,0.9425336613850233,0,2,788,1344,0.273,0.151
2043,0.42,27,0.5714285714285714,0.38293895736649564,0,7,570,4840,0.251,0.406
2044,0.36,23,0.2857142857142857,0.4847471975203994,0,8,3293,1369,0.789,0.814
2045,0.32,11,0.09523809523809532,0.9425336613850233,0,2,4701,2652,0.003,0.12
2046,0.37,26,0.3333333333333333,0.40695783198793223,0,11,1350,1058,0.542,0.663
2047,0.48,29,0.857142857142857,0.33737287334323873,0,4,1590,3814,0.07,0.788
2048,0.39,24,0.42857142857142866,0.45778646386462385,0,6,4470,2239,0.608,0.492
2049,0.41,27,0.5238095238095237,0.38293895736649564,0,8,3690,3502,0.316,0.688
2050,0.32,12,0.09523809523809532,0.8896697543654244,0,3,183,51,0.856,0.031
2051,0.32,11,0.09523809523809532,0.9425336613850233,0,2,964,2939,0.656,0.172
2052,0.42,28,0.5714285714285714,0.35976302639644275,0,9,2597,776,0.134,0.61
2053,0.32,13,0.09523809523809532,0.8407254212311194,0,4,4314,4500,0.909,0.322
2054,0.44,29,0.6666666666666666,0.33737287334323873,0,8,2059,1714,0.385,0.897
2055,0.32,11,0.09523809523809532,0.9425336613850233,0,2,2022,4668,0.564,0.066
2056,0.46,30,0.761904761904762,0.3157169574542664,0,7,4118,1859,0.105,0.654
2057,0.37,20,0.3333333333333333,0.5729375065325737,0,4,2714,3105,0.813,0.412
2058,0.41,27,0.5238095238095237,0.38293895736649564,0,8,1236,922,0.352,0.87
2059,0.32,12,0.09523809523809532,0.8896697543654244,0,3,242,4008,0.519,0.304
2060,0.44,33,0.6666666666666666,0.2547093435387753,0,12,3632,2441,0.057,0.977
2061,0.32,12,0.09523809523809532,0.8896697543654244,0,3,4411,3694,0.765,0.206
2062,0.34,23,0.19047619047619063,0.4847471975203994,0,10,1649,254,0.306,0.515
2063,0.32,12,0.09523809523809532,0.8896697543654244,0,3,1253,4876,0.832,0.889
2064,0.32,14,0.09523809523809532,0.7951593372078626,0,5,4799,1416,0.371,0.329
2065,0.39,23,0.42857142857142866,0.4847471975203994,0,5,3391,2689,0.584,0.602
2066,0.32,11,0.09523809523809532,0.9425336613850233,0,2,472,1103,0.125,0.179
2067,0.32,12,0.09523809523809532,0.8896697543654244,0,3,628,3371,0.424,0.008
2068,0.36,21,0.2857142857142857,0.5422135361353762,0,6,2922,573,0.901,0.712
2069,0.43,29,0.619047619047619,0.33737287334323873,0,9,4017,4307,0.174,0.47
2070,0.38,27,0.380952380952381,0.38293895736649564,0,11,2346,2136,0.649,0.812
2071,0.34,17,0.19047619047619063,0.6747457466864779,0,4,2444,3182,0.974,0.521
2072,0.32,12,0.09523809523809532,0.8896697543654244,0,3,3920,376,0.452,0.197
2073,0.35,18,0.23809523809523803,0.6390372525448571,0,4,2824,4120,0.724,0.984
2074,0.32,11,0.09523809523809532,0.9425336613850233,0,2,726,1938,0.2,0.296
2075,0.36,20,0.2857142857142857,0.5729375065325737,0,5,435,2524,0.929,0.845
2076,0.42,24,0.5714285714285714,0.45778646386462385,0,3,3195,956,0.405,0.434
2077,0.34,16,0.19047619047619063,0.7124958074033991,0,3,4917,4712,0.675,0.629
2078,0.32,14,0.09523809523809532,0.7951593372078626,0,5,1524,1268,0.153,0.089
2079,0.36,17,0.2857142857142857,0.6747457466864779,0,2,1768,3550,0.735,0.465
2080,0.37,30,0.3333333333333333,0.3157169574542664,0,16,4684,87,0.211,0.754
2081,0.32,13,0.09523809523809532,0.8407254212311194,0,4,3593,3862,0.986,0.061
2082,0.44,26,0.6666666666666666,0.40695783198793223,0,4,45,2275,0.464,0.722
2083,0.49,29,0.9047619047619047,0.33737287334323873,0,3,1138,4387,0.022,0.581
2084,0.32,11,0.09523809523809532,0.9425336613850233,0,2,2812,1588,0.561,0.138
2085,0.42,26,0.5714285714285714,0.40695783198793223,0,6,4215,2825,0.271,0.925
2086,0.32,12,0.09523809523809532,0.8896697543654244,0,3,1924,650,0.809,0.355
2087,0.4,24,0.47619047619047633,0.45778646386462385,0,5,2118,2970,0.239,0.685
2088,0.32,12,0.09523809523809532,0.8896697543654244,0,3,4255,818,0.716,0.095
2089,0.37,19,0.3333333333333333,0.6051607880417844,0,3,2538,4533,0.491,0.836
2090,0.33,17,0.14285714285714296,0.6747457466864779,0,5,1023,1755,0.966,0.381
2091,0.32,12,0.09523809523809532,0.8896697543654244,0,3,64,2741,0.72,0.081
2092,0.42,32,0.5714285714285714,0.2744256214368308,0,13,3566,1202,0.196,0.64
2093,0.32,12,0.09523809523809532,0.8896697543654244,0,3,4663,4929,0.97,0.429
2094,0.42,27,0.5714285714285714,0.38293895736649564,0,7,1778,1514,0.448,0.853
2095,0.34,17,0.19047619047619063,0.6747457466864779,0,4,1553,3611,0.913,0.726
2096,0.32,11,0.09523809523809532,0.9425336613850233,0,2,4899,176,0.389,0.054
2097,0.36,17,0.2857142857142857,0.6747457466864779,0,2,3183,3923,0.66,0.764
2098,0.44,27,0.6666666666666666,0.38293895736649564,0,5,455,2365,0.138,0.453
2099,0.32,11,0.09523809523809532,0.9425336613850233,0,2,924,4648,0.313,0.345
2100,0.35,21,0.23809523809523803,0.5422135361353762,0,7,3027,1801,0.852,0.936
2101,0.32,12,0.09523809523809532,0.8896697543654244,0,3,3805,3086,0.066,0.134
2102,0.39,23,0.42857142857142866,0.4847471975203994,0,5,2334,863,0.604,0.587
2103,0.32,12,0.09523809523809532,0.8896697543654244,0,3,2306,4143,0.329,0.23
2104,0.38,21,0.380952380952381,0.5422135361353762,0,4,3823,1988,0.868,0.553
2105,0.32,12,0.09523809523809532,0.8896697543654244,0,3,3039,3205,0.081,0.264
2106,0.41,30,0.5238095238095237,0.3157169574542664,0,12,904,426,0.619,0.956
2107,0.34,19,0.19047619047619063,0.6051607880417844,0,6,496,3757,0.817,0.505
2108,0.32,12,0.09523809523809532,0.8896697543654244,0,3,3378,2219,0.356,0.214
2109,0.37,20,0.3333333333333333,0.5729375065325737,0,4,4783,3443,0.568,0.97
2110,0.32,12,0.09523809523809532,0.8896697543654244,0,3,1278,32,0.109,0.31
2111,0.32,11,0.09523809523809532,0.9425336613850233,0,2,1663,4781,0.503,0.185
2112,0.43,26,0.619047619047619,0.40695783198793223,0,5,4388,1350,0.041,0.597
2113,0.32,11,0.09523809523809532,0.9425336613850233,0,2,3605,2594,0.75,0.34
2114,0.44,28,0.6666666666666666,0.35976302639644275,0,7,257,1037,0.291,0.88
2115,0.45,31,0.7142857142857143,0.29474864835432124,0,9,1039,3163,0.223,0.801
2116,0.41,26,0.5238095238095237,0.40695783198793223,0,7,2512,317,0.7,0.479
2117,0.37,20,0.3333333333333333,0.5729375065325737,0,4,4233,4100,0.476,0.705
2118,0.32,12,0.09523809523809532,0.8896697543654244,0,3,2132,1880,0.951,0.013
2119,0.48,33,0.857142857142857,0.2547093435387753,0,8,1934,4248,0.007,0.961
2120,0.32,11,0.09523809523809532,0.9425336613850233,0,2,4194,2044,0.546,0.256
2121,0.44,26,0.6666666666666666,0.40695783198793223,0,4,2784,3310,0.255,0.561
2122,0.32,12,0.09523809523809532,0.8896697543654244,0,3,1157,482,0.792,0.22
2123,0.47,36,0.8095238095238094,0.19886373275850033,0,12,160,4897,0.085,0.668
2124,0.32,12,0.09523809523809532,0.8896697543654244,0,3,3703,1474,0.623,0.113
2125,0.42,25,0.5714285714285714,0.43188329050080065,0,5,4487,2708,0.333,0.822
2126,0.41,27,0.5238095238095237,0.38293895736649564,0,8,1565,1162,0.872,0.396
2127,0.32,11,0.09523809523809532,0.9425336613850233,0,2,1336,4027,0.267,0.022
2128,0.38,20,0.380952380952381,0.5729375065325737,0,3,4723,2500,0.805,0.699
2129,0.49,30,0.9047619047619047,0.3157169574542664,0,4,3319,3715,0.018,0.488
2130,0.35,22,0.23809523809523803,0.5128555357415596,0,8,554,312,0.557,0.794
2131,0.34,16,0.19047619047619063,0.7124958074033991,0,3,711,3029,0.99,0.902
2132,0.32,12,0.09523809523809532,0.8896697543654244,0,3,2851,837,0.468,0.315
2133,0.34,16,0.19047619047619063,0.7124958074033991,0,3,3943,4591,0.739,0.62
2134,0.32,11,0.09523809523809532,0.9425336613850233,0,2,2430,1775,0.215,0.161
2135,0.39,22,0.42857142857142866,0.5128555357415596,0,4,2371,2918,0.409,0.389
2136,0.39,23,0.42857142857142866,0.4847471975203994,0,5,4001,718,0.886,0.83
2137,0.32,12,0.09523809523809532,0.8896697543654244,0,3,2909,4481,0.157,0.106
2138,0.38,24,0.380952380952381,0.45778646386462385,0,7,652,1655,0.633,0.677
2139,0.32,12,0.09523809523809532,0.8896697543654244,0,3,357,3569,0.487,0.244
2140,0.38,19,0.380952380952381,0.6051607880417844,0,2,3281,145,0.962,0.538
2141,0.32,12,0.09523809523809532,0.8896697543654244,0,3,4997,3882,0.235,0.281
2142,0.38,21,0.380952380952381,0.5422135361353762,0,4,1456,2332,0.712,0.938
2143,0.41,26,0.5238095238095237,0.40695783198793223,0,7,1837,2544,0.178,0.562
2144,0.32,12,0.09523809523809532,0.8896697543654244,0,3,4604,1014,0.653,0.156
2145,0.38,21,0.380952380952381,0.5422135361353762,0,4,3507,4731,0.428,0.912
2146,0.32,11,0.09523809523809532,0.9425336613850233,0,2,122,1327,0.905,0.368
2147,0.37,19,0.3333333333333333,0.6051607880417844,0,3,1216,4201,0.58,0.447
2148,0.41,27,0.5238095238095237,0.38293895736649564,0,8,2726,2008,0.121,0.773
2149,0.32,12,0.09523809523809532,0.8896697543654244,0,3,4136,3264,0.828,0.048
2150,0.38,22,0.380952380952381,0.5128555357415596,0,5,1993,445,0.367,0.735
2151,0.32,11,0.09523809523809532,0.9425336613850233,0,2,2034,3428,0.671,0.287
2152,0.39,22,0.42857142857142866,0.5128555357415596,0,4,4330,594,0.149,0.994
2153,0.32,12,0.09523809523809532,0.8896697543654244,0,3,2609,4366,0.925,0.191
2154,0.35,21,0.23809523809523803,0.5422135361353762,0,7,941,2156,0.401,0.529
2155,0.4,22,0.47619047619047633,0.5128555357415596,0,2,104,4324,0.378,0.774
2156,0.35,23,0.23809523809523803,0.4847471975203994,0,9,3457,2120,0.916,0.444
2157,0.45,33,0.7142857142857143,0.2547093435387753,0,11,4546,3387,0.125,0.748
2158,0.32,11,0.09523809523809532,0.9425336613850233,0,2,1826,557,0.665,0.033
2159,0.44,28,0.6666666666666666,0.35976302639644275,0,7,1427,4568,0.193,0.408
2160,0.4,24,0.47619047619047633,0.45778646386462385,0,5,4937,1719,0.73,0.874
2161,0.32,12,0.09523809523809532,0.8896697543654244,0,3,3214,3005,0.444,0.071
2162,0.37,22,0.3333333333333333,0.5128555357415596,0,6,337,783,0.983,0.649
2163,0.37,21,0.3333333333333333,0.5422135361353762,0,5,805,3691,0.533,0.539
2164,0.32,11,0.09523809523809532,0.9425336613850233,0,2,3057,258,0.011,0.242
2165,0.34,19,0.19047619047619063,0.6051607880417844,0,6,3843,4004,0.782,0.951
2166,0.32,11,0.09523809523809532,0.9425336613850233,0,2,2208,2445,0.258,0.266
2167,0.33,15,0.14285714285714296,0.7525351122189451,0,3,2236,4446,0.769,0.86
2168,0.4,27,0.47619047619047633,0.38293895736649564,0,9,3903,1607,0.31,0.42
2169,0.4,25,0.47619047619047633,0.43188329050080065,0,7,3124,2883,0.523,0.647
2170,0.32,11,0.09523809523809532,0.9425336613850233,0,2,826,670,0.061,0.072
2171,0.32,13,0.09523809523809532,0.8407254212311194,0,4,609,2838,0.039,0.327
2172,0.38,20,0.380952380952381,0.5729375065325737,0,3,3333,637,0.514,0.893
2173,0.32,12,0.09523809523809532,0.8896697543654244,0,3,4739,4400,0.285,0.168
2174,0.39,23,0.42857142857142866,0.4847471975203994,0,5,1389,1575,0.762,0.615
2175,0.39,24,0.42857142857142866,0.45778646386462385,0,6,1630,3238,0.345,0.988
2176,0.32,11,0.09523809523809532,0.9425336613850233,0,2,4510,393,0.82,0.292
2177,0.47,31,0.8095238095238094,0.29474864835432124,0,7,3729,4176,0.097,0.518
2178,0.32,11,0.09523809523809532,0.9425336613850233,0,2,222,1955,0.574,0.2
2179,0.32,12,0.09523809523809532,0.8896697543654244,0,3,1003,4706,0.88,0.123
2180,0.35,24,0.23809523809523803,0.45778646386462385,0,10,2635,1274,0.421,0.66
2181,0.38,24,0.380952380952381,0.45778646386462385,0,7,4353,2518,0.63,0.402
2182,0.42,26,0.5714285714285714,0.40695783198793223,0,6,2098,962,0.169,0.817
2183,0.32,12,0.09523809523809532,0.8896697543654244,0,3,1982,2666,0.848,0.143
2184,0.41,25,0.5238095238095237,0.43188329050080065,0,6,4078,1127,0.326,0.577
2185,0.32,14,0.09523809523809532,0.7951593372078626,0,5,2676,4853,0.6,0.367
2186,0.42,26,0.5714285714285714,0.40695783198793223,0,6,1198,1440,0.076,0.915
2187,0.36,17,0.2857142857142857,0.6747457466864779,0,2,280,3353,0.801,0.475
2188,0.41,28,0.5238095238095237,0.35976302639644275,0,10,3670,517,0.277,0.807
2189,0.32,12,0.09523809523809532,0.8896697543654244,0,3,4451,4290,0.553,0.004
2190,0.45,29,0.7142857142857143,0.33737287334323873,0,7,1688,2080,0.031,0.716
2191,0.38,20,0.380952380952381,0.5729375065325737,0,3,1291,3109,0.612,0.84
2192,0.32,13,0.09523809523809532,0.8407254212311194,0,4,4838,918,0.088,0.378
2193,0.32,12,0.09523809523809532,0.8896697543654244,0,3,3431,4672,0.859,0.682
2194,0.32,11,0.09523809523809532,0.9425336613850233,0,2,512,1855,0.337,0.099
2195,0.32,12,0.09523809523809532,0.8896697543654244,0,3,668,3947,0.145,0.209
2196,0.36,20,0.2857142857142857,0.5729375065325737,0,5,2961,2419,0.685,0.512
2197,0.32,11,0.09523809523809532,0.9425336613850233,0,2,4056,3633,0.397,0.301
2198,0.38,22,0.380952380952381,0.5128555357415596,0,5,2385,232,0.935,0.981
2199,0.35,21,0.23809523809523803,0.5422135361353762,0,7,2483,3836,0.687,0.692
2200,0.32,12,0.09523809523809532,0.8896697543654244,0,3,3959,2300,0.228,0.027
2201,0.34,15,0.19047619047619063,0.7525351122189451,0,2,2864,3524,0.94,0.783
2202,0.35,24,0.23809523809523803,0.45778646386462385,0,10,766,112,0.479,0.497
2203,0.34,20,0.19047619047619063,0.5729375065325737,0,7,395,4526,0.641,0.922
2204,0.32,12,0.09523809523809532,0.8896697543654244,0,3,3155,1688,0.18,0.358
2205,0.35,18,0.23809523809523803,0.6390372525448571,0,4,4878,2964,0.892,0.584
2206,0.32,14,0.09523809523809532,0.7951593372078626,0,5,1486,750,0.433,0.134
2207,0.32,11,0.09523809523809532,0.9425336613850233,0,2,1728,4126,0.96,0.26
2208,0.39,24,0.42857142857142866,0.45778646386462385,0,6,4645,1932,0.499,0.96
2209,0.32,11,0.09523809523809532,0.9425336613850233,0,2,3555,3188,0.706,0.235
2210,0.42,28,0.5714285714285714,0.35976302639644275,0,9,7,370,0.247,0.548
2211,0.44,32,0.6666666666666666,0.2744256214368308,0,11,1100,2619,0.297,0.625
2212,0.32,11,0.09523809523809532,0.9425336613850233,0,2,2773,1090,0.774,0.093
2213,0.47,31,0.8095238095238094,0.29474864835432124,0,7,4175,4807,0.05,0.85
2214,0.39,27,0.42857142857142866,0.38293895736649564,0,10,1884,1402,0.525,0.43
2215,0.37,22,0.3333333333333333,0.5128555357415596,0,6,2157,4971,0.455,0.606
2216,0.32,14,0.09523809523809532,0.7951593372078626,0,5,4295,1551,0.994,0.175
2217,0.46,24,0.761904761904762,0.45778646386462385,1,1,2577,2784,0.205,0.884
2218,0.32,13,0.09523809523809532,0.8407254212311194,0,4,1062,1238,0.742,0.333
2219,0.32,12,0.09523809523809532,0.8896697543654244,0,3,13,3195,0.28,0.336
2220,0.41,25,0.5238095238095237,0.43188329050080065,0,6,3537,358,0.804,0.883
2221,0.32,11,0.09523809523809532,0.9425336613850233,0,2,4633,4133,0.028,0.174
2222,0.38,23,0.380952380952381,0.4847471975203994,0,6,1731,1920,0.55,0.609
2223,0.46,29,0.761904761904762,0.33737287334323873,0,6,1502,2952,0.086,0.982
2224,0.32,14,0.09523809523809532,0.7951593372078626,0,5,4870,758,0.61,0.298
2225,0.38,23,0.380952380952381,0.4847471975203994,0,6,3153,4514,0.339,0.508
2226,0.32,14,0.09523809523809532,0.7951593372078626,0,5,408,1696,0.861,0.21
2227,0.32,13,0.09523809523809532,0.8407254212311194,0,4,876,3794,0.686,0.102
2228,0.46,28,0.761904761904762,0.35976302639644275,0,5,2997,2264,0.147,0.681
2229,0.32,11,0.09523809523809532,0.9425336613850233,0,2,3776,3482,0.933,0.377
2230,0.36,25,0.2857142857142857,0.43188329050080065,0,11,2283,76,0.396,0.842
2231,0.32,11,0.09523809523809532,0.9425336613850233,0,2,2267,3489,0.116,0.057
2232,0.35,19,0.23809523809523803,0.6051607880417844,0,5,3785,65,0.593,0.726
2233,0.4,23,0.47619047619047633,0.4847471975203994,0,3,2999,3801,0.365,0.468
2234,0.36,24,0.2857142857142857,0.45778646386462385,0,9,864,2253,0.84,0.751
2235,0.43,27,0.619047619047619,0.38293895736649564,0,6,523,4679,0.182,0.752
2236,0.42,24,0.5714285714285714,0.45778646386462385,0,3,3427,1843,0.644,0.465
2237,0.39,24,0.42857142857142866,0.45778646386462385,0,6,4830,3116,0.431,0.722
2238,0.32,12,0.09523809523809532,0.8896697543654244,0,3,1309,906,0.89,0.058
2239,0.38,22,0.380952380952381,0.5128555357415596,0,5,1690,4278,0.496,0.433
2240,0.38,21,0.380952380952381,0.5422135361353762,0,4,4438,2088,0.957,0.849
2241,0.32,12,0.09523809523809532,0.8896697543654244,0,3,3654,3341,0.25,0.092
2242,0.37,23,0.3333333333333333,0.4847471975203994,0,7,289,525,0.709,0.628
2243,0.38,19,0.380952380952381,0.6051607880417844,0,2,1069,2778,0.776,0.549
2244,0.32,12,0.09523809523809532,0.8896697543654244,0,3,2560,1249,0.299,0.232
2245,0.36,18,0.2857142857142857,0.6390372525448571,0,3,4282,4964,0.524,0.957
2246,0.32,11,0.09523809523809532,0.9425336613850233,0,2,2159,1562,0.049,0.26
2247,0.32,12,0.09523809523809532,0.8896697543654244,0,3,1888,4820,0.993,0.717
2248,0.32,12,0.09523809523809532,0.8896697543654244,0,3,4164,1395,0.454,0.001
2249,0.38,23,0.380952380952381,0.4847471975203994,0,6,2756,2632,0.744,0.804
2250,0.42,26,0.5714285714285714,0.40695783198793223,0,6,1107,1083,0.206,0.475
2251,0.32,14,0.09523809523809532,0.7951593372078626,0,5,229,4169,0.913,0.916
2252,0.32,14,0.09523809523809532,0.7951593372078626,0,5,3712,1967,0.376,0.364
2253,0.37,20,0.3333333333333333,0.5729375065325737,0,4,4496,3231,0.667,0.574
2254,0.32,11,0.09523809523809532,0.9425336613850233,0,2,1631,406,0.128,0.144
2255,0.32,12,0.09523809523809532,0.8896697543654244,0,3,1407,4412,0.732,0.269
2256,0.44,27,0.6666666666666666,0.38293895736649564,0,5,4733,1568,0.195,0.95
2257,0.32,14,0.09523809523809532,0.7951593372078626,0,5,3330,2850,0.981,0.24
2258,0.44,26,0.6666666666666666,0.40695783198793223,0,4,621,630,0.441,0.542
2259,0.49,32,0.9047619047619047,0.2744256214368308,0,6,777,3532,0.009,0.65
2260,0.32,11,0.09523809523809532,0.9425336613850233,0,2,2861,99,0.531,0.068
2261,0.44,25,0.6666666666666666,0.43188329050080065,0,3,3951,3844,0.26,0.871
2262,0.37,22,0.3333333333333333,0.5128555357415596,0,6,2500,2288,0.784,0.409
2263,0.32,13,0.09523809523809532,0.8407254212311194,0,4,2403,3646,0.591,0.137
2264,0.43,27,0.619047619047619,0.38293895736649564,0,6,4049,225,0.114,0.583
2265,0.32,12,0.09523809523809532,0.8896697543654244,0,3,2959,3959,0.841,0.357
2266,0.4,30,0.47619047619047633,0.3157169574542664,0,13,680,2412,0.366,0.925
2267,0.38,21,0.380952380952381,0.5422135361353762,0,4,349,2997,0.512,0.5
2268,0.43,26,0.619047619047619,0.40695783198793223,0,5,3212,795,0.037,0.782
2269,0.32,11,0.09523809523809532,0.9425336613850233,0,2,4929,4561,0.765,0.026
2270,0.38,25,0.380952380952381,0.43188329050080065,0,9,1443,1732,0.288,0.695
2271,0.35,17,0.23809523809523803,0.6747457466864779,0,3,1829,3399,0.822,0.818
2272,0.38,23,0.380952380952381,0.4847471975203994,0,6,4535,550,0.347,0.4
2273,0.37,19,0.3333333333333333,0.6051607880417844,0,3,3440,4335,0.571,0.657
2274,0.32,12,0.09523809523809532,0.8896697543654244,0,3,111,2113,0.094,0.124
2275,0.32,12,0.09523809523809532,0.8896697543654244,0,3,1204,4860,0.42,0.203
2276,0.41,22,0.5238095238095237,0.5128555357415596,1,1,2658,1427,0.879,0.517
2277,0.32,11,0.09523809523809532,0.9425336613850233,0,2,4066,2674,0.17,0.291
2278,0.43,26,0.619047619047619,0.40695783198793223,0,5,1985,1114,0.631,0.99
2279,0.32,11,0.09523809523809532,0.9425336613850233,0,2,2101,2506,0.327,0.036
2280,0.38,21,0.380952380952381,0.5422135361353762,0,4,4341,969,0.849,0.747
2281,0.47,29,0.8095238095238094,0.33737287334323873,0,5,2619,4694,0.075,0.443
2282,0.41,25,0.5238095238095237,0.43188329050080065,0,6,1011,1281,0.599,0.777
2283,0.35,18,0.23809523809523803,0.6390372525448571,0,4,134,4738,0.621,0.53
2284,0.32,11,0.09523809523809532,0.9425336613850233,0,2,3504,1315,0.084,0.188
2285,0.34,18,0.19047619047619063,0.6390372525448571,0,5,4598,2551,0.873,0.992
2286,0.32,11,0.09523809523809532,0.9425336613850233,0,2,1855,1002,0.334,0.288
2287,0.32,11,0.09523809523809532,0.9425336613850233,0,2,1457,3870,0.806,0.164
2288,0.44,30,0.6666666666666666,0.3157169574542664,0,9,4983,2340,0.269,0.619
2289,0.32,12,0.09523809523809532,0.8896697543654244,0,3,3264,3557,0.556,0.315
2290,0.37,22,0.3333333333333333,0.5128555357415596,0,6,365,153,0.016,0.905
2291,0.39,29,0.42857142857142866,0.33737287334323873,0,13,834,2876,0.466,0.794
2292,0.38,24,0.380952380952381,0.45778646386462385,0,7,3108,682,0.988,0.485
2293,0.44,27,0.6666666666666666,0.38293895736649564,0,5,3890,4439,0.217,0.695
2294,0.32,11,0.09523809523809532,0.9425336613850233,0,2,2239,1619,0.741,0.023
2295,0.44,27,0.6666666666666666,0.38293895736649564,0,5,2225,3992,0.23,0.616
2296,0.32,11,0.09523809523809532,0.9425336613850233,0,2,3835,2452,0.689,0.165
2297,0.38,21,0.380952380952381,0.5422135361353762,0,4,3056,3679,0.477,0.89
2298,0.32,11,0.09523809523809532,0.9425336613850233,0,2,818,265,0.938,0.327
2299,0.32,11,0.09523809523809532,0.9425336613850233,0,2,561,3722,0.961,0.075
2300,0.38,24,0.380952380952381,0.45778646386462385,0,7,3302,300,0.486,0.645
2301,0.35,17,0.23809523809523803,0.6747457466864779,0,3,4712,4034,0.714,0.419
2302,0.47,31,0.8095238095238094,0.29474864835432124,0,7,1340,2488,0.237,0.862
2303,0.38,22,0.380952380952381,0.5128555357415596,0,5,1581,2696,0.654,0.736
2304,0.32,11,0.09523809523809532,0.9425336613850233,0,2,4478,1170,0.179,0.044
2305,0.32,11,0.09523809523809532,0.9425336613850233,0,2,3701,4884,0.903,0.77
2306,0.43,30,0.619047619047619,0.3157169574542664,0,10,172,1482,0.426,0.447
2307,0.32,12,0.09523809523809532,0.8896697543654244,0,3,954,4359,0.118,0.371
2308,0.42,27,0.5714285714285714,0.38293895736649564,0,7,2608,2167,0.578,0.911
2309,0.32,12,0.09523809523809532,0.8896697543654244,0,3,4322,3421,0.37,0.155
2310,0.37,20,0.3333333333333333,0.5729375065325737,0,4,2051,606,0.831,0.566
2311,0.47,28,0.8095238095238094,0.35976302639644275,0,4,2010,3277,0.152,0.398
2312,0.38,20,0.380952380952381,0.5729375065325737,0,3,4128,438,0.674,0.821
2313,0.32,13,0.09523809523809532,0.8407254212311194,0,4,2723,4213,0.398,0.111
2314,0.38,20,0.380952380952381,0.5729375065325737,0,3,1227,2001,0.922,0.671
2315,0.32,11,0.09523809523809532,0.9425336613850233,0,2,270,2587,0.197,0.223
2316,0.37,23,0.3333333333333333,0.4847471975203994,0,7,3604,1050,0.721,0.559
2317,0.32,11,0.09523809523809532,0.9425336613850233,0,2,4381,4774,0.447,0.256
2318,0.37,24,0.3333333333333333,0.45778646386462385,0,8,1679,1363,0.969,0.964
2319,0.39,21,0.42857142857142866,0.5422135361353762,0,3,1280,3455,0.387,0.588
2320,0.32,12,0.09523809523809532,0.8896697543654244,0,3,4770,25,0.911,0.13
2321,0.44,29,0.6666666666666666,0.33737287334323873,0,8,3360,3768,0.14,0.934
2322,0.32,11,0.09523809523809532,0.9425336613850233,0,2,502,2212,0.662,0.346
2323,0.32,12,0.09523809523809532,0.8896697543654244,0,3,659,4489,0.854,0.456
2324,0.37,25,0.3333333333333333,0.43188329050080065,0,10,2892,1643,0.315,0.763
2325,0.32,12,0.09523809523809532,0.8896697543654244,0,3,3990,2926,0.601,0.053
2326,0.45,28,0.7142857142857143,0.35976302639644275,0,6,2375,706,0.064,0.729
2327,0.4,25,0.47619047619047633,0.43188329050080065,0,7,2433,4603,0.312,0.939
2328,0.32,11,0.09523809523809532,0.9425336613850233,0,2,3931,1768,0.771,0.278
2329,0.45,31,0.7142857142857143,0.29474864835432124,0,9,2833,3041,0.059,0.535
2330,0.32,11,0.09523809523809532,0.9425336613850233,0,2,717,829,0.52,0.246
2331,0.4,22,0.47619047619047633,0.5128555357415596,0,2,463,3916,0.358,0.678
2332,0.32,12,0.09523809523809532,0.8896697543654244,0,3,3167,2377,0.819,0.103
2333,0.46,30,0.761904761904762,0.3157169574542664,0,7,4886,3604,0.107,0.828
2334,0.35,22,0.23809523809523803,0.5128555357415596,0,8,1555,189,0.566,0.39
2335,0.32,11,0.09523809523809532,0.9425336613850233,0,2,1796,4941,0.04,0.016
2336,0.41,26,0.5238095238095237,0.40695783198793223,0,7,4656,1507,0.501,0.704
2337,0.43,32,0.619047619047619,0.2744256214368308,0,12,3563,2753,0.292,0.478
2338,0.43,23,0.619047619047619,0.4847471975203994,1,1,75,1196,0.751,0.803
2339,0.37,18,0.3333333333333333,0.6390372525448571,0,2,1169,3318,0.702,0.88
2340,0.32,13,0.09523809523809532,0.8407254212311194,0,4,2782,470,0.225,0.337
2341,0.32,13,0.09523809523809532,0.8407254212311194,0,4,4187,4256,0.949,0.594
2342,0.32,11,0.09523809523809532,0.9425336613850233,0,2,1952,2032,0.473,0.187
2343,0.39,19,0.42857142857142866,0.6051607880417844,1,1,2148,4088,0.544,0.854
2344,0.43,28,0.619047619047619,0.35976302639644275,0,8,4224,1887,0.004,0.426
2345,0.37,18,0.3333333333333333,0.6390372525448571,0,2,2510,3151,0.795,0.637
2346,0.32,11,0.09523809523809532,0.9425336613850233,0,2,1051,324,0.257,0.082
2347,0.48,28,0.857142857142857,0.35976302639644275,0,3,53,3850,0.055,0.38
2348,0.4,22,0.47619047619047633,0.5128555357415596,0,2,3577,2282,0.517,0.839
2349,0.32,11,0.09523809523809532,0.9425336613850233,0,2,4671,3538,0.308,0.098
2350,0.37,22,0.3333333333333333,0.5128555357415596,0,6,1769,93,0.767,0.685
2351,0.38,24,0.380952380952381,0.45778646386462385,0,7,1542,4720,0.374,0.809
2352,0.35,21,0.23809523809523803,0.5422135361353762,0,7,4910,1255,0.835,0.471
2353,0.49,29,0.9047619047619047,0.33737287334323873,0,3,3192,2532,0.122,0.713
2354,0.32,12,0.09523809523809532,0.8896697543654244,0,3,446,944,0.582,0.006
2355,0.32,12,0.09523809523809532,0.8896697543654244,0,3,915,3217,0.899,0.178
2356,0.36,22,0.2857142857142857,0.5128555357415596,0,7,3035,419,0.422,0.604
2357,0.32,13,0.09523809523809532,0.8407254212311194,0,4,3816,4155,0.65,0.332
2358,0.38,26,0.380952380952381,0.40695783198793223,0,10,2323,1981,0.175,0.888
2359,0.32,12,0.09523809523809532,0.8896697543654244,0,3,2336,3074,0.883,0.312
2360,0.36,23,0.2857142857142857,0.4847471975203994,0,8,3792,870,0.406,0.969
2361,0.32,12,0.09523809523809532,0.8896697543654244,0,3,3010,4636,0.635,0.213
2362,0.47,30,0.8095238095238094,0.3157169574542664,0,6,931,1808,0.16,0.508
2363,0.42,27,0.5714285714285714,0.38293895736649564,0,7,485,2677,0.402,0.952
2364,0.32,11,0.09523809523809532,0.9425336613850233,0,2,3389,1110,0.926,0.265
2365,0.43,28,0.619047619047619,0.35976302639644275,0,8,4791,4864,0.156,0.553
2366,0.32,11,0.09523809523809532,0.9425336613850233,0,2,1269,1423,0.678,0.227
2367,0.32,12,0.09523809523809532,0.8896697543654244,0,3,1652,3702,0.213,0.353
2368,0.35,21,0.23809523809523803,0.5422135361353762,0,7,4400,242,0.737,0.928
2369,0.32,11,0.09523809523809532,0.9425336613850233,0,2,3614,4015,0.462,0.14
2370,0.37,21,0.3333333333333333,0.5422135361353762,0,5,249,2429,0.984,0.58
2371,0.37,18,0.3333333333333333,0.6390372525448571,0,2,1030,4545,0.56,0.719
2372,0.32,11,0.09523809523809532,0.9425336613850233,0,2,2520,1748,0.02,0.062
2373,0.37,18,0.3333333333333333,0.6390372525448571,0,2,4243,2982,0.81,0.756
2374,0.39,27,0.42857142857142866,0.38293895736649564,0,10,2121,811,0.273,0.462
2375,0.39,21,0.42857142857142866,0.5422135361353762,0,3,1926,2818,0.717,0.512
2376,0.32,12,0.09523809523809532,0.8896697543654244,0,3,4202,662,0.24,0.206
2377,0.32,12,0.09523809523809532,0.8896697543654244,0,3,2796,4379,0.965,0.978
2378,0.32,11,0.09523809523809532,0.9425336613850233,0,2,1146,1601,0.49,0.301
2379,0.38,21,0.380952380952381,0.5422135361353762,0,4,3673,43,0.164,0.413
2380,0.32,13,0.09523809523809532,0.8407254212311194,0,4,1593,2231,0.41,0.064
2381,0.41,26,0.5238095238095237,0.40695783198793223,0,7,4693,1069,0.47,0.78
2382,0.32,11,0.09523809523809532,0.9425336613850233,0,2,3291,4833,0.698,0.039
2383,0.41,25,0.5238095238095237,0.43188329050080065,0,6,583,1381,0.221,0.743
2384,0.4,28,0.47619047619047633,0.35976302639644275,0,11,739,4108,0.296,0.571
2385,0.32,14,0.09523809523809532,0.7951593372078626,0,5,2822,1945,0.755,0.147
2386,0.47,31,0.8095238095238094,0.29474864835432124,0,7,3912,3170,0.044,0.92
2387,0.32,11,0.09523809523809532,0.9425336613850233,0,2,2460,383,0.505,0.36
2388,0.32,12,0.09523809523809532,0.8896697543654244,0,3,2363,4300,0.87,0.088
2389,0.45,26,0.7142857142857143,0.40695783198793223,0,3,4010,2149,0.33,0.632
2390,0.37,23,0.3333333333333333,0.4847471975203994,0,7,2920,3363,0.617,0.438
2391,0.42,24,0.5714285714285714,0.45778646386462385,0,3,641,586,0.08,0.844
2392,0.44,29,0.6666666666666666,0.33737287334323873,0,8,3250,1527,0.254,0.987
2393,0.32,13,0.09523809523809532,0.8407254212311194,0,4,4574,2396,0.068,0.323
2394,0.32,14,0.09523809523809532,0.7951593372078626,0,5,1244,3093,0.136,0.03
2395,0.38,24,0.380952380952381,0.45778646386462385,0,7,4105,4656,0.383,0.495
2396,0.32,12,0.09523809523809532,0.8896697543654244,0,3,2062,4507,0.103,0.236
2397,0.32,11,0.09523809523809532,0.9425336613850233,0,2,2579,2945,0.354,0.274
2398,0.32,13,0.09523809523809532,0.8407254212311194,0,4,3466,738,0.362,0.019
2399,0.46,32,0.761904761904762,0.2744256214368308,0,9,1815,1675,0.11,0.489
2400,0.34,17,0.19047619047619063,0.6747457466864779,0,4,3225,4074,0.78,0.394
2401,0.32,12,0.09523809523809532,0.8896697543654244,0,3,3068,1337,0.705,0.284
2402,0.39,23,0.42857142857142866,0.4847471975203994,0,5,3852,2612,0.492,0.525
2403,0.32,11,0.09523809523809532,0.9425336613850233,0,2,2200,1024,0.953,0.193
2404,0.32,11,0.09523809523809532,0.9425336613850233,0,2,3875,528,0.973,0.12
2405,0.38,22,0.380952380952381,0.5128555357415596,0,5,857,2091,0.725,0.403
2406,0.38,24,0.380952380952381,0.45778646386462385,0,7,3740,3058,0.682,0.943
2407,0.39,24,0.42857142857142866,0.45778646386462385,0,6,992,3627,0.343,0.416
2408,0.4,22,0.47619047619047633,0.5128555357415596,0,2,2646,166,0.865,0.866
2409,0.32,11,0.09523809523809532,0.9425336613850233,0,2,4362,3938,0.09,0.078
2410,0.32,12,0.09523809523809532,0.8896697543654244,0,3,1971,3774,0.435,0.318
2411,0.32,11,0.09523809523809532,0.9425336613850233,0,2,2684,3461,0.186,0.16
2412,0.51,36,1.0,0.19886373275850033,0,6,5000,5000,0.0,0.465
2413,0.32,11,0.09523809523809532,0.9425336613850233,0,2,1057,937,0.268,0.233
2414,0.34,18,0.19047619047619063,0.6390372525448571,0,5,2448,3771,0.772,0.951
2415,0.32,11,0.09523809523809532,0.9425336613850233,0,2,4709,4391,0.483,0.265
2416,0.32,11,0.09523809523809532,0.9425336613850233,0,2,352,3642,0.109,0.021
2417,0.5,34,0.9523809523809523,0.23556463318933496,0,7,1520,4678,0.0,0.536
2418,0.32,11,0.09523809523809532,0.9425336613850233,0,2,3518,3575,0.291,0.376
2419,0.32,13,0.09523809523809532,0.8407254212311194,0,4,1701,4643,0.166,0.152
2420,0.38,19,0.380952380952381,0.6051607880417844,0,2,4284,3993,0.58,0.589
2421,0.32,12,0.09523809523809532,0.8896697543654244,0,3,2249,2349,0.46,0.096
2422,0.32,12,0.09523809523809532,0.8896697543654244,0,3,2814,675,0.085,0.371
2423,0.32,13,0.09523809523809532,0.8407254212311194,0,4,2703,4752,0.887,0.059
2424,0.51,32,1.0,0.2744256214368308,0,4,1,5000,0.0,0.999
2425,0.32,11,0.09523809523809532,0.9425336613850233,0,2,4976,274,0.999,0.332
2426,0.32,12,0.09523809523809532,0.8896697543654244,0,3,5000,4231,0.999,0.395
2427,0.32,11,0.09523809523809532,0.9425336613850233,0,2,4774,4873,0.999,0.778
2428,0.32,11,0.09523809523809532,0.9425336613850233,0,2,5000,5000,0.999,0.999
2429,0.5,31,0.9523809523809523,0.29474864835432124,0,4,4840,4841,0.0,0.751
2430,0.32,11,0.09523809523809532,0.9425336613850233,0,2,5000,2170,0.0,0.001
2431,0.32,11,0.09523809523809532,0.9425336613850233,0,2,1,5000,0.999,0.986
2432,0.5,29,0.9523809523809523,0.33737287334323873,0,2,4857,4971,0.0,0.999
2433,0.32,11,0.09523809523809532,0.9425336613850233,0,2,2893,2700,0.0,0.253
2434,0.32,11,0.09523809523809532,0.9425336613850233,0,2,3365,5000,0.006,0.244
2435,0.5,33,0.9523809523809523,0.2547093435387753,0,6,3092,3806,0.0,0.512
2436,0.32,18,0.09523809523809532,0.6390372525448571,0,9,3179,4129,0.0,0.359
2437,0.32,11,0.09523809523809532,0.9425336613850233,0,2,446,1,0.999,0.286
2438,0.32,11,0.09523809523809532,0.9425336613850233,0,2,1,1,0.999,0.001
2439,0.32,11,0.09523809523809532,0.9425336613850233,0,2,5000,2707,0.999,0.001
2440,0.32,11,0.09523809523809532,0.9425336613850233,0,2,4979,359,0.0,0.297
2441,0.32,12,0.09523809523809532,0.8896697543654244,0,3,1,1337,0.999,0.001
2442,0.51,30,1.0,0.3157169574542664,0,2,1,5000,0.0,0.559
2443,0.32,11,0.09523809523809532,0.9425336613850233,0,2,2784,1,0.0,0.001
