Status,ACCURACY,RUNTIME,recent_samples_size,n_reference_samples,recent_samples_proportion,threshold
Completed,0.72,4,3073,2672,0.734,0.321
Completed,0.73,9,1970,1569,0.172,0.541
Completed,0.7,2,162,4000,0.988,0.228
Completed,0.71,5,4323,1288,0.512,0.734
Completed,0.71,5,4460,3237,0.903,0.606
Completed,0.7,4,583,2444,0.466,0.265
Completed,0.72,3,2213,4409,0.631,0.949
Completed,0.69,6,2672,1117,0.195,0.171
Completed,0.69,4,3474,4326,0.329,0.045
Completed,0.7,3,1203,4940,0.403,0.583
Completed,0.71,7,1584,1885,0.695,0.147
Completed,0.64,4,3294,3612,0.133,0.988
Completed,0.71,5,3209,2122,0.868,0.449
Completed,0.69,5,1833,3517,0.306,0.665
Completed,0.67,4,3923,4689,0.035,0.759
Completed,0.73,73,1414,116,0.766,0.827
Completed,0.69,4,719,2999,0.074,0.388
Completed,0.73,15,3830,713,0.964,0.303
Completed,0.71,5,4943,3753,0.572,0.427
Completed,0.66,6,90,483,0.012,0.71
Completed,0.68,2,2032,2581,0.829,0.022
Completed,0.64,3,2843,1811,0.267,0.866
Completed,0.7,3,2580,4636,0.804,0.642
Completed,0.7,4,2453,1051,0.368,0.488
Completed,0.69,3,333,3308,0.535,0.798
Completed,0.71,7,4542,2222,0.098,0.082
Completed,0.72,6,4094,2923,0.489,0.204
Completed,0.67,3,784,1505,0.926,0.923
Completed,0.7,8,4801,2214,0.333,0.261
Completed,0.72,12,5000,1104,0.911,0.389
Completed,0.72,9,1642,1456,0.801,0.362
Completed,0.69,4,141,520,0.439,0.268
Completed,0.71,6,5000,2977,0.999,0.001
Completed,0.73,12,4725,1317,0.846,0.001
Completed,0.73,10,3103,718,0.45,0.379
Completed,0.69,7,4609,2488,0.277,0.29
Completed,0.73,13,1507,689,0.999,0.355
Completed,0.72,8,2586,563,0.44,0.001
Completed,0.72,8,5000,2045,0.369,0.344
Completed,0.73,17,5000,751,0.999,0.418
Completed,0.68,3,915,5000,0.999,0.001
Completed,0.64,3,43,2650,0.999,0.001
Completed,0.74,11,4810,1474,0.826,0.466
Completed,0.65,3,54,2687,0.27,0.001
Completed,0.68,2,1,716,0.999,0.525
Completed,0.68,2,3222,1050,0.999,0.898
Completed,0.72,7,3084,1014,0.999,0.449
Completed,0.69,2,1,1721,0.999,0.505
Completed,0.71,4,1565,2286,0.999,0.712
Completed,0.66,4,1697,3636,0.999,0.001
Completed,0.71,2,4230,520,0.999,0.999
Completed,0.68,3,1,2005,0.999,0.78
Completed,0.71,2,1,4678,0.999,0.306
Completed,0.71,5,3124,1069,0.999,0.623
Completed,0.72,5,4525,3777,0.999,0.001
Completed,0.71,2,1,3469,0.999,0.201
Completed,0.71,8,3036,862,0.999,0.347
Completed,0.69,2,2416,5000,0.999,0.047
Completed,0.67,4,1724,4077,0.999,0.001
Completed,0.71,2,3069,1111,0.999,0.999
Completed,0.74,3,2939,2404,0.999,0.912
Completed,0.69,4,3851,2527,0.999,0.79
Completed,0.72,5,5000,3891,0.001,0.001
Completed,0.72,2,2055,2410,0.999,0.451
Completed,0.72,2,1,668,0.999,0.396
Completed,0.68,2,1,1806,0.999,0.222
Completed,0.69,4,1604,4019,0.999,0.302
Completed,0.68,4,1809,4421,0.001,0.001
Completed,0.67,2,1,859,0.999,0.001
Completed,0.71,2,1315,2141,0.999,0.999
Completed,0.69,2,2001,3107,0.999,0.001
Completed,0.7,5,4991,97,0.999,0.999
Completed,0.69,6,5000,2856,0.999,0.371
Completed,0.7,15,5000,915,0.999,0.399
Completed,0.71,4,2501,1024,0.999,0.479
Completed,0.68,3,2155,2801,0.999,0.435
Completed,0.74,11,5000,989,0.999,0.562
Completed,0.69,3,2454,1031,0.999,0.63
Completed,0.72,7,3626,1834,0.999,0.179
Completed,0.7,7,2841,952,0.999,0.474
Completed,0.68,5,5000,3331,0.999,0.267
Completed,0.73,14,5000,929,0.999,0.226
Completed,0.73,6,5000,2558,0.371,0.001
Completed,0.72,11,3413,833,0.999,0.001
Completed,0.72,13,5000,971,0.374,0.323
Completed,0.71,7,3294,1660,0.999,0.313
Completed,0.66,5,1565,1106,0.999,0.673
Completed,0.7,4,2507,2323,0.999,0.354
Completed,0.71,5,3977,3979,0.999,0.4
Completed,0.72,11,3344,831,0.999,0.448
Completed,0.71,2,5000,319,0.999,0.999
Completed,0.72,8,4279,1881,0.999,0.28
Completed,0.71,6,5000,2820,0.999,0.591
Completed,0.69,5,3010,1878,0.999,0.149
Completed,0.73,26,5000,545,0.999,0.22
Completed,0.71,3,4667,449,0.999,0.999
Completed,0.7,4,2813,1245,0.999,0.713
Completed,0.73,28,5000,442,0.999,0.001
Completed,0.65,3,5000,1902,0.999,0.894
Completed,0.73,20,5000,583,0.487,0.285
Completed,0.72,16,5000,810,0.999,0.001
Completed,0.72,3,2725,1267,0.999,0.81
Completed,0.67,4,5000,4532,0.206,0.001
Completed,0.73,18,5000,662,0.727,0.327
Completed,0.73,35,3243,205,0.541,0.001
Completed,0.73,31,5000,395,0.47,0.001
Completed,0.71,8,5000,1987,0.999,0.001
Completed,0.69,4,2354,853,0.999,0.001
Completed,0.74,17,5000,698,0.999,0.235
Completed,0.69,5,2550,868,0.999,0.155
Completed,0.71,2,1,765,0.999,0.999
Completed,0.72,7,2768,850,0.999,0.212
Completed,0.73,19,5000,605,0.999,0.365
Completed,0.73,10,3302,794,0.999,0.293
Completed,0.72,20,5000,603,0.999,0.007
Completed,0.69,4,2686,2215,0.999,0.001
Completed,0.71,2,4721,559,0.999,0.999
Completed,0.71,7,2715,786,0.39,0.001
Completed,0.64,2,1,773,0.999,0.689
Completed,0.71,4,3217,2996,0.001,0.001
Completed,0.7,2,4577,1349,0.999,0.997
Completed,0.69,6,3058,1633,0.999,0.001
Completed,0.71,3,3320,2714,0.999,0.923
Completed,0.72,3,2664,2513,0.999,0.928
Completed,0.72,3,3243,3118,0.999,0.918
Completed,0.72,2,3160,2057,0.999,0.927
Completed,0.68,3,2932,3112,0.293,0.924
Completed,0.69,3,2205,2583,0.999,0.485
Completed,0.72,7,2905,1130,0.402,0.559
Completed,0.69,3,2470,2051,0.999,0.941
Completed,0.63,3,2989,3957,0.999,0.921
Completed,0.72,2,2494,5000,0.999,0.931
Completed,0.68,3,2709,4144,0.367,0.343
Completed,0.68,3,2755,4811,0.999,0.34
Completed,0.7,4,2658,2244,0.948,0.556
Completed,0.69,5,4666,3140,0.878,0.179
Completed,0.66,2,2813,2784,0.999,0.928
Completed,0.72,2,2078,3873,0.999,0.938
Completed,0.67,5,3749,3290,0.999,0.179
Completed,0.71,2,1402,4884,0.999,0.995
Completed,0.64,3,3549,2110,0.999,0.934
Completed,0.67,2,216,4183,0.001,0.157
Completed,0.68,7,2359,2615,0.001,0.934
Completed,0.72,2,1,5000,0.001,0.347
Completed,0.71,2,3363,4193,0.999,0.922
Completed,0.71,5,3862,3483,0.001,0.176
Completed,0.72,3,3253,4492,0.999,0.322
Completed,0.68,10,1705,2582,0.001,0.555
Completed,0.71,2,1,3574,0.311,0.152
Completed,0.73,26,4858,494,0.999,0.477
Completed,0.71,3,1554,1233,0.999,0.999
Completed,0.72,20,5000,580,0.999,0.537
Completed,0.7,3,1,3046,0.999,0.351
Completed,0.71,2,2367,1085,0.999,0.999
Completed,0.72,2,1,5000,0.999,0.386
Completed,0.71,7,5000,2197,0.999,0.549
Completed,0.74,47,5000,369,0.999,0.43
Completed,0.69,2,1,4293,0.999,0.362
Completed,0.71,3,2540,1361,0.999,0.999
Completed,0.71,18,5000,798,0.999,0.524
Completed,0.58,2,1,4660,0.001,0.327
Completed,0.71,14,3882,1045,0.545,0.279
Completed,0.74,13,5000,1120,0.22,0.001
Completed,0.68,3,2251,1063,0.703,0.001
Completed,0.71,3,5000,461,0.83,0.999
Completed,0.73,22,5000,583,0.302,0.001
Completed,0.73,19,4286,717,0.425,0.001
Completed,0.73,13,4403,1011,0.604,0.259
Completed,0.73,7,2965,1066,0.62,0.148
Completed,0.69,6,5000,2335,0.001,0.001
Completed,0.73,9,5000,1644,0.431,0.001
Completed,0.71,2,158,3821,0.999,0.999
Completed,0.71,3,4200,1645,0.999,0.999
Completed,0.71,2,1,1720,0.999,0.999
Completed,0.74,22,5000,527,0.296,0.454
Completed,0.71,2,21,5000,0.999,0.999
Completed,0.71,2,1632,3200,0.999,0.999
Completed,0.71,2,5000,3616,0.999,0.999
Completed,0.71,2,846,4219,0.999,0.999
Completed,0.72,8,5000,1792,0.261,0.502
Completed,0.71,3,1,2157,0.999,0.302
Completed,0.74,22,5000,636,0.621,0.462
Completed,0.71,2,5000,3210,0.999,0.999
Completed,0.73,34,5000,474,0.499,0.128
Completed,0.73,2,3052,4742,0.999,0.999
Completed,0.71,2,1,2347,0.999,0.999
Completed,0.71,3,859,3939,0.999,0.999
Completed,0.71,2,638,3210,0.999,0.999
Completed,0.71,2,1,1419,0.999,0.999
Completed,0.71,2,1,3963,0.999,0.999
Completed,0.73,17,5000,787,0.527,0.001
Completed,0.71,2,5000,2502,0.999,0.999
Completed,0.71,2,3899,5000,0.999,0.999
Completed,0.73,10,5000,1569,0.495,0.547
Completed,0.67,2,1,708,0.999,0.296
Completed,0.71,2,5000,4138,0.999,0.999
Completed,0.72,15,5000,927,0.556,0.454
Completed,0.71,13,5000,880,0.459,0.575
Completed,0.63,2,1,2045,0.001,0.001
Completed,0.71,2,3839,898,0.999,0.999
Completed,0.71,2,1,990,0.999,0.999
Completed,0.68,3,2615,5000,0.999,0.52
Completed,0.69,5,2463,926,0.717,0.347
Completed,0.71,3,5000,2799,0.999,0.999
Completed,0.72,2,1,5000,0.999,0.587
Completed,0.72,6,5000,3329,0.001,0.593
Completed,0.71,2,1,414,0.999,0.271
Completed,0.72,18,5000,777,0.533,0.415
Completed,0.66,5,5000,3447,0.001,0.001
Completed,0.73,22,4684,523,0.005,0.067
Completed,0.73,23,4824,572,0.853,0.074
Completed,0.73,17,5000,818,0.269,0.071
Completed,0.73,23,5000,224,0.964,0.757
Completed,0.7,5,5000,4012,0.999,0.621
Completed,0.66,3,3009,5000,0.99,0.585
Completed,0.73,23,5000,588,0.123,0.108
Completed,0.73,24,5000,534,0.592,0.376
Completed,0.71,9,4922,2026,0.001,0.648
Completed,0.73,35,5000,381,0.041,0.053
Completed,0.71,2,3063,5000,0.999,0.999
Completed,0.71,2,5000,5000,0.999,0.999
Completed,0.71,2,4051,4380,0.999,0.999
Completed,0.73,2,5000,4690,0.999,0.999
Completed,0.71,11,5000,1164,0.512,0.071
Completed,0.7,3,310,4998,0.001,0.674
Completed,0.7,5,5000,2229,0.999,0.712
Completed,0.68,4,3684,4927,0.001,0.105
Completed,0.71,6,4784,232,0.999,0.831
Completed,0.67,3,105,581,0.999,0.1
Completed,0.69,4,4142,735,0.999,0.781
Completed,0.67,4,4769,4006,0.999,0.086
Completed,0.71,9,4982,2225,0.001,0.468
Completed,0.71,4,4907,4804,0.723,0.104
Completed,0.7,3,589,4450,0.999,0.694
Completed,0.68,2,334,4953,0.999,0.651
Completed,0.63,2,127,4911,0.999,0.728
Completed,0.71,11,5000,828,0.999,0.623
Completed,0.72,12,4884,3144,0.001,0.678
Completed,0.68,4,3314,4845,0.001,0.627
Completed,0.72,8,5000,2130,0.001,0.586
Completed,0.73,12,5000,676,0.378,0.648
Completed,0.69,4,2451,950,0.999,0.333
Completed,0.72,17,5000,676,0.066,0.165
Completed,0.71,8,4956,1412,0.334,0.612
Completed,0.7,2,186,5000,0.715,0.225
Completed,0.71,2,4474,3824,0.999,0.999
Completed,0.71,2,3707,3069,0.999,0.999
Completed,0.69,5,5000,4670,0.001,0.555
Completed,0.72,36,4993,306,0.333,0.687
Completed,0.73,20,5000,594,0.605,0.071
Completed,0.71,2,1,332,0.956,0.999
Completed,0.72,6,5000,2552,0.474,0.578
Completed,0.72,9,5000,1558,0.559,0.061
Completed,0.72,8,5000,1804,0.999,0.511
Completed,0.74,17,5000,742,0.999,0.125
Completed,0.71,2,4055,4779,0.999,0.999
Completed,0.71,5,1,643,0.104,0.999
Completed,0.7,7,5000,1714,0.424,0.651
Completed,0.71,2,1996,5000,0.999,0.999
Completed,0.71,2,3421,3376,0.999,0.999
Completed,0.71,2,2294,3452,0.999,0.999
Completed,0.73,18,5000,692,0.446,0.061
Completed,0.71,5,2652,954,0.999,0.38
Completed,0.7,2,2348,4828,0.999,0.16
Completed,0.74,20,4296,631,0.999,0.333
Completed,0.72,7,4144,1846,0.015,0.056
Completed,0.73,18,3364,441,0.659,0.213
Completed,0.67,4,2589,4611,0.143,0.166
Completed,0.71,6,1662,342,0.572,0.911
Completed,0.68,3,56,3463,0.481,0.26
Completed,0.72,14,4127,1487,0.8,0.505
Completed,0.68,7,4616,3039,0.693,0.692
Completed,0.71,6,1207,2010,0.03,0.446
Completed,0.64,4,2072,3884,0.929,0.848
Completed,0.72,11,3665,1167,0.344,0.104
Completed,0.69,5,3346,3146,0.954,0.397
Completed,0.7,3,2400,1807,0.26,0.652
Completed,0.67,4,882,4928,0.668,0.056
Completed,0.74,489,4933,23,0.114,0.806
Completed,0.71,3,3820,4191,0.381,0.995
Completed,0.7,4,352,858,0.841,0.241
Completed,0.69,5,1364,2732,0.243,0.588
Completed,0.68,6,2898,2320,0.532,0.336
Completed,0.63,4,2985,2613,0.295,0.837
Completed,0.7,6,1433,2358,0.989,0.086
Completed,0.71,17,4044,742,0.633,0.49
Completed,0.7,4,4690,4734,0.868,0.305
Completed,0.73,15,656,297,0.408,0.557
Completed,0.65,4,2311,3419,0.504,0.147
Completed,0.71,5,3279,1610,0.216,0.901
Completed,0.71,5,3576,3922,0.607,0.598
Completed,0.7,2,2005,1049,0.178,0.353
Completed,0.72,10,4684,2492,0.503,0.013
Completed,0.74,165,4498,91,0.22,0.405
Completed,0.72,15,4362,1840,0.454,0.427
Completed,0.74,357,1888,46,0.395,0.171
Completed,0.69,5,444,279,0.677,0.953
Completed,0.74,66,4939,187,0.039,0.176
Completed,0.74,77,4160,154,0.999,0.353
Completed,0.71,4,3569,160,0.999,0.999
Completed,0.73,309,3280,38,0.629,0.113
Completed,0.74,65,5000,184,0.445,0.453
Completed,0.74,102,4916,183,0.431,0.308
Completed,0.71,2,1,449,0.999,0.999
Completed,0.71,14,5000,2850,0.001,0.588
Completed,0.73,40,5000,350,0.999,0.112
Completed,0.73,96,5000,173,0.999,0.3
Completed,0.71,3,2750,2267,0.475,0.999
Completed,0.73,8,5000,2102,0.999,0.001
Completed,0.71,4,854,180,0.999,0.999
Completed,0.71,3,1,616,0.999,0.999
Completed,0.73,43,5000,367,0.999,0.334
Completed,0.7,10,4739,2396,0.001,0.619
Completed,0.71,2,3612,3709,0.999,0.999
Completed,0.71,2,1760,4085,0.999,0.999
Completed,0.67,40,1,4083,0.001,0.999
Completed,0.73,66,4748,287,0.488,0.246
Completed,0.71,11,5000,1308,0.999,0.425
Completed,0.69,6,5000,3198,0.001,0.001
Completed,0.69,51,4761,4313,0.001,0.999
Completed,0.71,2,3646,4900,0.999,0.999
Completed,0.73,30,5000,431,0.999,0.077
Completed,0.73,65,5000,216,0.013,0.097
Completed,0.74,40,5000,358,0.999,0.207
Completed,0.71,4,4190,1357,0.21,0.999
Completed,0.7,7,3767,3725,0.001,0.601
Completed,0.71,7,712,448,0.12,0.999
Completed,0.73,5,5000,4529,0.999,0.001
Completed,0.68,5,4794,4238,0.559,0.61
Completed,0.71,5,4811,3365,0.065,0.999
Completed,0.71,12,3304,962,0.023,0.999
Completed,0.7,7,5000,2732,0.999,0.001
Completed,0.73,5,5000,4050,0.429,0.001
Completed,0.71,5,3538,4881,0.064,0.999
Completed,0.71,10,5000,1540,0.999,0.001
Completed,0.71,14,5000,1313,0.313,0.055
Completed,0.73,34,5000,422,0.358,0.21
Completed,0.73,28,5000,432,0.999,0.271
Completed,0.71,3,93,395,0.721,0.999
Completed,0.69,5,5000,4206,0.916,0.001
Completed,0.71,3,1431,4122,0.666,0.999
Completed,0.71,4,531,2043,0.442,0.999
Completed,0.71,3,3011,2458,0.401,0.999
Completed,0.69,6,4691,3604,0.999,0.595
Completed,0.67,96,3314,2897,0.001,0.999
Completed,0.72,7,5000,2806,0.418,0.001
Completed,0.7,7,5000,3070,0.382,0.001
Completed,0.71,3,3974,4562,0.999,0.999
Completed,0.71,2,2831,2923,0.999,0.999
Completed,0.7,6,5000,2730,0.001,0.001
Completed,0.71,3,1586,3201,0.554,0.999
Completed,0.72,5,5000,3776,0.468,0.001
Completed,0.71,7,3785,2797,0.001,0.372
Completed,0.7,84,3398,2420,0.001,0.999
Completed,0.71,3,1457,2559,0.627,0.999
Completed,0.69,7,4687,2348,0.537,0.683
Completed,0.71,3,1580,1475,0.554,0.999
Completed,0.71,3,4967,2377,0.703,0.999
Completed,0.71,8,5000,2092,0.474,0.001
Completed,0.68,6,5000,2859,0.477,0.49
Completed,0.67,3,2182,3689,0.575,0.999
Completed,0.67,6,3701,2100,0.474,0.647
Completed,0.69,6,4571,3228,0.381,0.424
Completed,0.71,4,38,545,0.279,0.88
Completed,0.71,3,1329,922,0.553,0.999
Completed,0.69,7,5000,2445,0.999,0.005
Completed,0.73,33,5000,364,0.418,0.147
Completed,0.71,3,3572,1172,0.341,0.999
Completed,0.73,13,4960,1019,0.999,0.062
Completed,0.72,14,4994,1114,0.999,0.311
Completed,0.69,5,4859,3518,0.481,0.564
Completed,0.73,11,681,394,0.981,0.184
Completed,0.68,6,1373,4501,0.033,0.958
Completed,0.71,6,3054,1374,0.532,0.294
Completed,0.71,4,3456,4180,0.787,0.407
Completed,0.67,3,2089,2302,0.289,0.837
Completed,0.67,3,281,2647,0.728,0.055
Completed,0.72,14,4150,776,0.231,0.701
Completed,0.68,4,3942,4748,0.649,0.799
Completed,0.68,3,388,1625,0.15,0.449
Completed,0.64,3,2330,3153,0.832,0.661
Completed,0.73,350,3387,27,0.333,0.091
Completed,0.68,4,2537,2871,0.081,0.204
Completed,0.72,13,1797,993,0.582,0.54
Completed,0.71,4,1239,3760,0.405,0.321
Completed,0.72,3,4482,1889,0.905,0.935
Completed,0.67,5,4671,3938,0.184,0.011
Completed,0.69,4,1040,2064,0.682,0.737
Completed,0.71,5,1595,3045,0.367,0.404
Completed,0.71,3,2729,1169,0.865,0.848
Completed,0.72,3,3263,3291,0.611,0.976
Completed,0.74,19,2443,163,0.111,0.268
Completed,0.69,3,499,4883,0.934,0.624
Completed,0.71,8,3821,1762,0.435,0.132
Completed,0.69,6,4340,2786,0.952,0.37
Completed,0.7,2,83,912,0.452,0.878
Completed,0.68,4,1888,4315,0.504,0.232
Completed,0.69,6,3648,2439,0.003,0.52
Completed,0.69,3,2931,4678,0.256,0.648
Completed,0.7,8,1487,1549,0.754,0.096
Completed,0.67,4,792,3692,0.197,0.765
Completed,0.73,20,4738,571,0.696,0.491
Completed,0.71,4,4818,4429,0.817,0.149
Completed,0.67,5,874,1300,0.318,0.607
Completed,0.7,4,1410,3453,0.634,0.251
Completed,0.71,7,2856,332,0.134,0.993
Completed,0.64,4,3722,2566,0.391,0.864
Completed,0.73,19,1965,692,0.888,0.388
Completed,0.66,3,1,4086,0.067,0.721
Completed,0.71,7,4260,2210,0.565,0.027
Completed,0.71,5,3900,3237,0.049,0.476
Completed,0.74,31,581,108,0.548,0.779
Completed,0.7,3,2366,4840,0.497,0.11
Completed,0.7,5,3188,1719,0.996,0.634
Completed,0.7,3,2803,3835,0.745,0.505
Completed,0.69,7,1672,1961,0.245,0.247
Completed,0.68,3,958,2934,0.804,0.892
Completed,0.72,12,4592,1057,0.303,0.356
Completed,0.66,5,4400,3110,0.518,0.717
Completed,0.7,7,1160,1231,0.02,0.038
Completed,0.63,3,1872,4010,0.966,0.82
Completed,0.69,4,2614,2139,0.469,0.424
Completed,0.64,4,3310,4977,0.212,0.311
Completed,0.71,3,2255,1854,0.712,0.941
Completed,0.71,3,467,3373,0.271,0.167
Completed,0.74,52,4024,247,0.77,0.581
Completed,0.7,4,4069,4223,0.35,0.921
Completed,0.7,3,202,2345,0.851,0.335
Completed,0.68,3,2164,2702,0.167,0.555
Completed,0.74,13,3533,830,0.667,0.19
Completed,0.68,5,2977,3630,0.918,0.076
Completed,0.73,16,1299,506,0.419,0.676
Completed,0.65,3,760,4604,0.594,0.464
Completed,0.71,9,4941,1478,0.096,0.784
Completed,0.71,5,4995,4103,0.591,0.338
Completed,0.68,5,736,2232,0.091,0.906
Completed,0.68,5,1274,2509,0.891,0.202
Completed,0.72,10,3031,631,0.392,0.554
Completed,0.73,5,3586,3515,0.149,0.683
Completed,0.72,5,2139,388,0.646,0.065
Completed,0.65,3,178,4407,0.34,0.793
Completed,0.73,12,4122,1283,0.837,0.459
Completed,0.67,6,4039,2912,0.291,0.041
Completed,0.68,3,404,1040,0.789,0.703
Completed,0.7,2,2192,3896,0.224,0.436
Completed,0.71,5,3324,2017,0.723,0.819
Completed,0.72,3,2629,4784,0.971,0.948
Completed,0.71,8,1808,1658,0.471,0.3
Completed,0.68,4,1097,3254,0.547,0.59
Completed,0.73,102,4415,130,0.046,0.162
Completed,0.69,4,4538,3429,0.76,0.767
Completed,0.72,20,983,308,0.262,0.477
Completed,0.7,4,1697,4960,0.693,0.631
Completed,0.71,4,2750,1832,0.196,0.125
Completed,0.69,4,3135,4032,0.438,0.238
Completed,0.68,4,2391,2156,0.938,0.51
Completed,0.7,4,605,3049,0.014,0.349
Completed,0.71,3,3847,1175,0.513,0.903
Completed,0.7,4,4246,4543,0.124,0.595
Completed,0.69,3,64,1421,0.624,0.15
Completed,0.63,3,2029,3652,0.424,0.99
Completed,0.74,19,3708,523,0.925,0.266
Completed,0.68,4,2842,2684,0.676,0.379
Completed,0.67,6,1474,808,0.178,0.869
Completed,0.69,3,938,4280,0.867,0.021
Completed,0.73,6,4803,2406,0.368,0.731
Completed,0.7,4,4724,2591,0.24,0.887
Completed,0.72,9,856,715,0.739,0.365
Completed,0.66,4,1551,4197,0.306,0.526
Completed,0.66,5,2916,2323,0.805,0.222
Completed,0.68,4,3633,4479,0.561,0.108
Completed,0.73,9,1952,1357,0.063,0.648
Completed,0.68,3,146,3579,0.986,0.494
Completed,0.73,16,4325,451,0.488,0.75
Completed,0.68,4,3767,3821,0.875,0.746
Completed,0.68,4,523,1945,0.376,0.006
Completed,0.7,3,2468,2849,0.575,0.855
Completed,0.72,10,3209,976,0.077,0.393
Completed,0.7,4,2675,3170,0.323,0.281
Completed,0.74,55,1620,49,0.823,0.975
Completed,0.7,3,1065,4692,0.132,0.135
Completed,0.72,8,4617,1564,0.632,0.61
Completed,0.68,4,4497,4866,0.41,0.442
Completed,0.69,3,1176,1740,0.908,0.81
Completed,0.71,5,1734,3348,0.11,0.082
Completed,0.73,15,2552,224,0.608,0.666
Completed,0.68,5,3401,2984,0.852,0.537
Completed,0.69,3,2266,1113,0.353,0.218
Completed,0.62,3,324,3960,0.661,0.923
Completed,0.69,7,3957,2081,0.161,0.322
Completed,0.69,5,4204,3714,0.71,0.177
Completed,0.68,5,257,588,0.21,0.575
Completed,0.68,2,2065,4617,0.776,0.285
Completed,0.7,3,3510,1493,0.276,0.963
Completed,0.67,4,3107,4371,0.029,0.834
Completed,0.7,5,1349,2500,0.528,0.422
Completed,0.69,3,657,2769,0.455,0.688
Completed,0.73,14,4913,890,0.953,0.056
Completed,0.7,4,4884,4810,0.01,0.656
Completed,0.67,5,628,1681,0.509,0.088
Completed,0.7,4,1340,3209,0.443,0.804
Completed,0.73,89,3098,87,0.941,0.452
Completed,0.7,5,3481,2966,0.691,0.315
Completed,0.69,3,2036,1092,0.19,0.933
Completed,0.65,3,247,3861,0.765,0.209
Completed,0.72,8,4195,1985,0.264,0.543
Completed,0.72,3,3966,3462,0.871,0.953
Completed,0.72,8,334,334,0.372,0.291
Completed,0.64,3,2296,4439,0.673,0.57
Completed,0.71,8,3430,1318,0.173,0.186
Completed,0.65,3,2562,4080,0.43,0.05
Completed,0.68,5,1743,2206,0.927,0.698
Completed,0.68,5,1205,2552,0.122,0.412
Completed,0.65,4,4526,676,0.619,0.84
Completed,0.67,6,4647,2730,0.342,0.227
Completed,0.72,9,1094,851,0.843,0.517
Completed,0.69,4,1630,4254,0.144,0.375
Completed,0.7,3,2685,2382,0.644,0.881
Completed,0.73,3,3239,4578,0.895,0.76
Completed,0.69,4,2497,1454,0.396,0.488
Completed,0.67,3,533,3597,0.586,0.653
Completed,0.74,22,3777,471,0.088,0.099
Completed,0.69,5,4315,3999,0.541,0.399
Completed,0.66,3,136,2121,0.044,0.845
Completed,0.71,5,1922,3101,0.974,0.016
Completed,0.67,5,3604,1230,0.476,0.74
Completed,0.63,4,2906,3386,0.22,0.619
Completed,0.74,41,1541,262,0.719,0.129
Completed,0.67,3,826,4984,0.294,0.981
Completed,0.71,8,4694,1858,0.794,0.271
Completed,0.72,6,4773,3137,0.657,0.115
Completed,0.74,361,908,13,0.158,0.637
Completed,0.7,3,1464,4745,0.856,0.472
Completed,0.7,4,2831,1619,0.357,0.776
Completed,0.7,4,3678,3779,0.105,0.898
Completed,0.72,8,1999,1900,0.605,0.358
Completed,0.66,3,54,2872,0.412,0.5
Completed,0.72,13,4236,1001,0.913,0.244
Completed,0.71,4,3857,4523,0.458,0.256
Completed,0.7,3,615,1400,0.958,0.996
Completed,0.69,3,2420,3554,0.025,0.143
Completed,0.74,17,3164,428,0.524,0.605
Completed,0.71,3,2760,2627,0.779,0.725
Completed,0.72,14,1707,748,0.281,0.03
Completed,0.72,3,1012,4142,0.705,0.859
Completed,0.72,7,4568,2271,0.207,0.385
Completed,0.69,5,4444,4318,0.991,0.56
Completed,0.68,5,1126,2445,0.491,0.192
Completed,0.68,3,1818,2802,0.558,0.916
Completed,0.71,6,2639,926,0.058,0.332
Completed,0.66,4,3353,3691,0.31,0.468
Completed,0.69,3,2221,563,0.809,0.787
Completed,0.71,3,413,4660,0.236,0.071
Completed,0.71,6,4048,1538,0.735,0.673
Completed,0.7,5,4113,3010,0.129,0.825
Completed,0.68,3,168,1136,0.627,0.427
Completed,0.67,3,2110,3915,0.328,0.713
Completed,0.7,6,3558,2039,0.826,0.035
Completed,0.68,3,3021,4922,0.572,0.172
Completed,0.69,6,1265,1793,0.072,0.584
Completed,0.66,3,707,3312,0.879,0.306
Completed,0.73,37,4965,190,0.38,0.939
Completed,0.71,6,4951,2816,0.93,0.434
Completed,0.67,4,771,940,0.431,0.814
Completed,0.7,4,1329,3796,0.614,0.044
Completed,0.67,4,3006,1922,0.115,0.708
Completed,0.71,4,3543,4723,0.362,0.587
Completed,0.68,4,2174,1602,0.862,0.157
Completed,0.68,3,232,3198,0.186,0.951
Completed,0.74,191,4098,69,0.687,0.305
Completed,0.7,5,3994,4203,0.201,0.199
Completed,0.67,3,438,2327,0.7,0.549
Completed,0.67,3,2246,2605,0.251,0.341
Completed,0.68,3,3299,731,0.751,0.911
Completed,0.67,3,2585,3571,0.506,0.79
Completed,0.73,26,1842,450,0.009,0.454
Completed,0.69,3,1150,4467,0.947,0.685
Completed,0.73,10,4390,1339,0.449,0.07
Completed,0.71,2,4582,4642,0.734,0.987
Completed,0.69,5,949,1516,0.233,0.261
Completed,0.7,4,1643,3747,0.784,0.598
Completed,0.73,10,2774,624,0.284,0.154
Completed,0.67,4,3179,2741,0.037,0.018
Completed,0.67,3,2357,870,0.536,0.726
Completed,0.7,3,552,4340,0.478,0.382
Completed,0.7,3,3871,2462,0.976,0.874
Completed,0.7,5,4290,3334,0.403,0.628
Completed,0.72,4,30,207,0.9,0.12
Completed,0.68,4,1975,4861,0.086,0.77
Completed,0.72,8,3732,1737,0.584,0.482
Completed,0.71,3,2885,3971,0.829,0.346
Completed,0.62,3,1439,2100,0.329,0.899
Completed,0.69,4,884,2993,0.653,0.241
Completed,0.71,12,4827,1114,0.154,0.515
Completed,0.71,3,4748,3878,0.267,0.857
Completed,0.69,5,802,2007,0.766,0.398
Completed,0.65,5,1516,2910,0.216,0.743
Completed,0.71,7,2960,1031,0.715,0.001
Completed,0.72,5,3657,3270,0.964,0.138
Completed,0.74,85,1898,143,0.463,0.614
Completed,0.7,2,112,4788,0.523,0.277
Completed,0.68,9,4369,1664,0.023,0.971
Completed,0.72,6,3792,2530,0.599,0.53
Completed,0.71,6,470,659,0.099,0.226
Completed,0.68,2,2434,4141,0.914,0.884
Completed,0.69,6,3253,2262,0.415,0.361
Completed,0.67,3,2700,4383,0.172,0.497
Completed,0.69,4,1566,1257,0.67,0.755
Completed,0.69,5,1031,3479,0.348,0.106
Completed,0.71,15,4662,356,0.845,0.642
Completed,0.7,5,4472,3653,0.07,0.288
Completed,0.67,3,1229,532,0.57,0.967
Completed,0.7,4,1768,4561,0.385,0.174
Completed,0.72,5,2508,1432,0.886,0.571
Completed,0.71,4,3376,4276,0.637,0.691
Completed,0.66,4,2320,2399,0.139,0.061
Completed,0.64,3,358,2669,0.813,0.831
Completed,0.73,16,3912,795,0.314,0.417
Completed,0.67,4,4180,4923,0.799,0.085
Completed,0.69,4,311,1801,0.301,0.671
Completed,0.73,2,2099,3408,0.748,0.439
Completed,0.74,28,3466,280,0.25,0.805
Completed,0.64,3,3083,3084,0.493,0.926
Completed,0.7,9,1403,1208,0.993,0.326
Completed,0.7,3,691,4055,0.053,0.534
Completed,0.71,7,4869,2182,0.552,0.214
Completed,0.71,2,4877,4049,0.767,0.969
Completed,0.69,4,698,2178,0.27,0.274
Completed,0.68,5,1390,3071,0.717,0.616
Completed,0.71,7,3072,1192,0.219,0.141
Completed,0.66,5,3468,3412,0.462,0.005
Completed,0.71,4,2102,286,0.961,0.744
Completed,0.7,3,295,4938,0.021,0.395
Completed,0.69,3,4162,1815,0.521,0.856
Completed,0.68,6,3919,2662,0.101,0.642
Completed,0.69,5,366,791,0.601,0.103
Completed,0.7,3,2308,4262,0.417,0.756
Completed,0.69,5,3364,2384,0.917,0.499
Completed,0.64,3,2511,4564,0.669,0.363
Completed,0.69,4,1770,1438,0.17,0.884
Completed,0.71,4,1212,3669,0.844,0.224
Completed,0.74,24,4455,545,0.345,0.529
Completed,0.7,5,4655,3492,0.567,0.415
Completed,0.72,17,1023,371,0.068,0.828
Completed,0.72,4,1578,4389,0.883,0.062
Completed,0.66,4,2713,1261,0.384,0.694
Completed,0.7,4,3251,4125,0.141,0.574
Completed,0.69,4,2432,2249,0.639,0.175
Completed,0.68,3,487,2526,0.316,0.964
Completed,0.73,18,3808,652,0.814,0.287
Completed,0.66,4,4361,4801,0.298,0.213
Completed,0.65,3,105,1680,0.797,0.532
Completed,0.72,6,1910,3276,0.248,0.327
Completed,0.68,7,3669,148,0.746,0.928
Completed,0.68,3,2958,2895,0.995,0.807
Completed,0.74,9,1513,1018,0.494,0.44
Completed,0.71,4,819,3874,0.554,0.668
Completed,0.73,7,4766,2000,0.054,0.085
Completed,0.72,6,4840,3006,0.433,0.301
Completed,0.65,2,895,1130,0.931,0.95
Completed,0.67,4,1431,3977,0.118,0.161
Completed,0.71,5,2878,2103,0.615,0.588
Completed,0.67,4,3748,4845,0.86,0.71
Completed,0.74,9,1992,1723,0.36,0.047
Completed,0.66,3,28,3331,0.684,0.813
Completed,0.74,57,4287,202,0.185,0.43
Completed,0.72,5,3883,4354,0.702,0.068
Completed,0.67,4,564,2478,0.202,0.685
Completed,0.67,3,2350,2747,0.753,0.456
Completed,0.71,5,3171,873,0.253,0.791
Completed,0.69,5,2792,3731,0.006,0.911
Completed,0.73,18,1660,610,0.504,0.343
Completed,0.73,3,946,4639,0.447,0.549
Completed,0.73,10,4580,1510,0.945,0.197
Completed,0.7,4,4379,4461,0.232,0.871
Completed,0.72,7,1137,1335,0.731,0.38
Completed,0.72,5,1849,3557,0.283,0.73
Completed,0.72,9,2593,433,0.782,0.019
Completed,0.67,5,3282,2608,0.537,0.156
Completed,0.67,4,2229,737,0.04,0.601
Completed,0.71,3,441,4219,0.978,0.26
Completed,0.63,3,3996,2340,0.48,0.984
Completed,0.72,6,4085,3192,0.898,0.512
Completed,0.75,29,220,66,0.4,0.241
Completed,0.72,3,2182,4710,0.583,0.901
Completed,0.71,7,3549,1586,0.084,0.346
Completed,0.68,5,2990,3799,0.331,0.483
Completed,0.7,4,1311,1928,0.831,0.772
Completed,0.68,4,772,2832,0.155,0.12
Completed,0.73,10,4954,954,0.656,0.626
Completed,0.69,5,4979,3308,0.161,0.246
Completed,0.73,24,719,185,0.658,0.503
Completed,0.71,4,1257,4906,0.359,0.357
Completed,0.65,3,3014,1779,0.857,0.894
Completed,0.71,4,3574,3921,0.602,0.773
Completed,0.65,2,2128,2042,0.103,0.47
Completed,0.64,3,166,3024,0.911,0.64
Completed,0.73,12,4110,1152,0.411,0.117
Completed,0.68,4,4059,4656,0.96,0.385
Completed,0.67,3,426,1532,0.459,0.862
Completed,0.71,3,2214,3675,0.527,0.03
Completed,0.73,17,3346,549,0.027,0.723
Completed,0.71,4,2656,2808,0.279,0.602
Completed,0.72,12,1834,929,0.778,0.143
Completed,0.68,4,1122,4332,0.205,0.998
Completed,0.72,7,4442,2461,0.703,0.257
Completed,0.68,5,4556,4158,0.489,0.674
Completed,0.71,4,999,2284,0.988,0.075
Completed,0.7,6,1714,2630,0.056,0.786
Completed,0.73,8,2768,754,0.556,0.465
Completed,0.7,4,3147,3540,0.81,0.329
Completed,0.66,4,2404,411,0.313,0.914
Completed,0.68,3,618,4518,0.736,0.196
Completed,0.72,8,3858,1396,0.239,0.561
Completed,0.71,3,4223,2889,0.626,0.939
Completed,0.7,2,43,1015,0.127,0.308
Completed,0.68,3,2007,3782,0.824,0.583
Completed,0.71,8,3685,1906,0.326,0.17
Completed,0.68,3,2815,4732,0.073,0.033
Completed,0.69,5,1446,1603,0.574,0.712
Completed,0.65,4,910,3131,0.381,0.429
Completed,0.74,951,4777,10,0.882,0.826
Completed,0.7,4,4702,4999,0.51,0.547
Completed,0.71,5,833,1871,0.012,0.21
Completed,0.66,3,1528,3390,0.943,0.929
Completed,0.74,22,2894,269,0.445,0.314
Completed,0.68,5,3605,3088,0.189,0.451
Completed,0.72,3,1925,1214,0.689,0.8
Completed,0.67,2,120,3993,0.263,0.089
Completed,0.68,6,4298,2117,0.762,0.66
Completed,0.67,4,3784,3613,0.374,0.842
Completed,0.73,8,541,484,0.874,0.412
Completed,0.65,3,2486,4582,0.175,0.695
Completed,0.69,7,3226,1460,0.675,0.05
Completed,0.71,3,2688,4240,0.925,0.186
Completed,0.7,6,1632,2367,0.427,0.567
Completed,0.68,4,1076,2723,0.618,0.292
Completed,0.71,5,4630,847,0.119,0.955
Completed,0.71,7,4519,2548,0.841,0.102
Completed,0.72,10,1197,669,0.341,0.654
Completed,0.71,5,1755,4064,0.642,0.484
Completed,0.68,4,2575,2193,0.142,0.759
Completed,0.67,3,3427,4445,0.398,0.879
Completed,0.68,4,2294,1322,0.896,0.372
Completed,0.65,3,351,3475,0.091,0.518
Completed,0.74,34,3983,349,0.588,0.231
Completed,0.67,5,4187,3857,0.041,0.273
Completed,0.67,3,241,1978,0.54,0.982
Completed,0.68,2,2049,2951,0.474,0.127
Completed,0.71,7,3492,1080,0.972,0.619
Completed,0.7,4,3096,3215,0.722,0.74
Completed,0.74,88,1336,91,0.222,0.013
Completed,0.7,3,644,4823,0.796,0.845
Completed,0.72,8,4902,1697,0.295,0.402
Completed,0.67,4,4911,2763,0.741,0.753
Completed,0.7,6,654,886,0.241,0.494
Completed,0.66,4,1365,4357,0.808,0.645
Completed,0.67,5,3125,2484,0.307,0.108
Completed,0.68,4,3502,4620,0.061,0.221
Completed,0.69,3,2058,1499,0.559,0.524
Completed,0.72,3,270,3730,0.485,0.366
Completed,0.69,4,4216,601,0.984,0.889
Completed,0.69,5,3954,3954,0.379,0.613
Completed,0.63,3,323,2078,0.877,0.136
Completed,0.65,4,2284,2971,0.079,0.972
Completed,0.72,9,3418,1097,0.576,0.279
Completed,0.68,3,2546,3351,0.821,0.392
Completed,0.74,37,1726,230,0.321,0.851
Completed,0.71,4,1187,4883,0.63,0.008
Completed,0.72,6,4510,1754,0.131,0.749
Completed,0.66,4,4620,4706,0.906,0.324
Completed,0.66,3,1066,1580,0.408,0.923
Completed,0.72,5,1602,3176,0.606,0.216
Completed,0.74,74,2659,52,0.107,0.537
Completed,0.71,4,3216,2833,0.354,0.665
Completed,0.71,5,2476,962,0.854,0.08
Completed,0.68,3,512,3818,0.163,0.81
Completed,0.74,8,3754,1940,0.664,0.444
Completed,0.7,6,4327,3593,0.208,0.059
Completed,0.7,3,149,467,0.708,0.69
Completed,0.66,4,1935,4484,0.275,0.418
Completed,0.7,4,3615,1360,0.774,0.833
Completed,0.71,3,2924,4181,0.53,0.961
Completed,0.7,6,1557,2310,0.032,0.282
Completed,0.71,4,843,2587,0.954,0.577
Completed,0.74,18,4712,709,0.457,0.18
Completed,0.69,5,4787,4293,0.093,0.46
Completed,0.71,4,920,2421,0.593,0.795
Completed,0.69,5,1476,2691,0.393,0.065
Completed,0.68,4,2844,812,0.893,0.68
Completed,0.69,4,3695,3636,0.645,0.551
Completed,0.72,2,2017,510,0.146,0.202
Completed,0.66,2,72,4539,0.836,0.909
Completed,0.7,10,4253,1415,0.338,0.338
Completed,0.68,5,3829,3062,0.791,0.163
Completed,0.7,4,588,1191,0.293,0.593
Completed,0.68,3,2394,4038,0.725,0.299
Completed,0.69,4,3137,2160,0.227,0.945
Completed,0.68,3,2738,4945,0.47,0.816
Completed,0.7,9,1684,1819,0.969,0.435
Completed,0.71,4,989,3425,0.044,0.706
Completed,0.74,38,4546,302,0.544,0.043
Completed,0.71,4,4433,3248,0.259,0.904
Completed,0.73,64,1113,126,0.758,0.351
Completed,0.68,4,1805,4771,0.193,0.51
Completed,0.69,5,2627,1642,0.692,0.236
Completed,0.67,4,3336,3900,0.94,0.123
Completed,0.68,3,2205,2024,0.44,0.63
Completed,0.68,3,397,2927,0.515,0.48
Completed,0.72,12,4030,1054,0.015,0.767
Completed,0.7,5,4139,4400,0.622,0.733
Completed,0.68,3,195,1279,0.123,0.024
Completed,0.72,3,2137,3501,0.922,0.868
Completed,0.73,26,3583,373,0.423,0.376
Completed,0.67,5,3043,2513,0.18,0.262
Completed,0.68,3,1286,637,0.678,0.989
Completed,0.64,3,728,4119,0.371,0.153
Completed,0.72,7,4988,2245,0.869,0.596
Completed,0.71,5,4924,4600,0.319,0.025
Completed,0.69,4,743,1471,0.819,0.72
Completed,0.66,4,1301,3614,0.136,0.39
Completed,0.7,4,2980,493,0.636,0.865
Completed,0.71,2,3520,2708,0.886,0.994
Completed,0.66,4,2152,834,0.388,0.253
Completed,0.71,2,210,4236,0.563,0.607
Completed,0.71,7,4075,2360,0.064,0.146
Completed,0.71,6,4006,3369,0.549,0.352
Completed,0.74,13,451,241,0.051,0.891
Completed,0.68,2,2259,4962,0.997,0.25
Completed,0.71,6,3312,1841,0.5,0.507
Completed,0.68,3,2603,4017,0.243,0.635
Completed,0.72,7,1859,2143,0.743,0.114
Completed,0.69,4,1167,3123,0.302,0.778
Completed,0.73,10,4408,1247,0.801,0.473
Completed,0.69,6,4609,2949,0.018,0.579
Completed,0.72,7,975,1071,0.516,0.166
Completed,0.64,3,1669,3839,0.466,0.944
Completed,0.69,5,2802,1968,0.965,0.311
Completed,0.68,3,3200,4827,0.714,0.424
Completed,0.71,3,2379,1703,0.214,0.823
Completed,0.67,4,574,3231,0.773,0.038
Completed,0.73,122,3892,104,0.272,0.715
Completed,0.7,4,4277,4101,0.848,0.781
Completed,0.71,2,19,2223,0.349,0.462
Completed,0.71,6,1963,2569,0.665,0.679
Completed,0.72,16,3719,698,0.166,0.078
Completed,0.7,4,2869,3440,0.422,0.191
Completed,0.73,23,1422,316,0.919,0.558
Completed,0.64,3,867,4422,0.098,0.333
Completed,0.69,3,4811,1296,0.596,0.918
Completed,0.7,5,4737,3708,0.983,0.701
Completed,0.73,9,790,584,0.483,0.052
Completed,0.68,3,1504,4681,0.535,0.837
Completed,0.7,5,2948,1555,0.034,0.41
Completed,0.67,4,3640,4301,0.287,0.297
Completed,0.69,3,1881,2422,0.786,0.958
Completed,0.7,3,96,2780,0.229,0.181
Completed,0.72,11,4352,908,0.727,0.564
Completed,0.71,4,3818,4900,0.153,0.934
Completed,0.68,4,497,1776,0.65,0.317
Completed,0.69,3,2461,3295,0.336,0.542
Completed,0.73,50,3279,169,0.834,0.207
Completed,0.67,4,2722,3032,0.579,0.094
Completed,0.73,9,1588,1153,0.08,0.662
Completed,0.67,4,1052,3932,0.903,0.445
Completed,0.72,4,4684,2061,0.403,0.798
Completed,0.71,5,4485,3757,0.68,0.131
Completed,0.71,5,1241,1883,0.182,0.622
Completed,0.72,6,1780,2855,0.863,0.268
Completed,0.72,3,2521,979,0.365,0.979
Completed,0.72,5,3393,3159,0.112,0.85
Completed,0.73,92,2338,30,0.613,0.405
Completed,0.68,3,376,4762,0.436,0.734
Completed,0.72,10,3929,1641,0.936,0.011
Completed,0.7,6,4152,2644,0.45,0.49
Completed,0.69,2,285,770,0.949,0.761
Completed,0.68,3,2073,4164,0.002,0.097
Completed,0.72,6,3438,2288,0.501,0.652
Completed,0.67,3,3061,4506,0.756,0.523
Completed,0.72,7,1380,1377,0.258,0.234
Completed,0.66,3,668,3532,0.697,0.875
Completed,0.74,31,4847,410,0.199,0.369
Completed,0.67,4,4851,4493,0.633,0.469
Completed,0.69,4,670,1372,0.135,0.775
Completed,0.67,4,1384,3526,0.816,0.117
Completed,0.73,19,3063,397,0.318,0.638
Completed,0.7,6,3447,2655,0.065,0.502
Completed,0.7,3,2079,779,0.566,0.246
Completed,0.69,2,293,4172,0.389,0.895
Completed,0.71,6,4159,2299,0.889,0.357
Completed,0.69,6,3933,3145,0.497,0.142
Completed,0.73,94,377,24,0.996,0.603
Completed,0.71,3,2341,4756,0.048,0.258
Completed,0.71,3,3394,1627,0.548,0.998
Completed,0.68,3,2529,3768,0.802,0.861
Completed,0.71,8,1785,1892,0.305,0.387
Completed,0.7,4,1249,2864,0.744,0.724
Completed,0.73,14,4491,990,0.246,0.028
Completed,0.67,3,4683,3038,0.968,0.914
Completed,0.71,8,1048,1166,0.467,0.33
Completed,0.69,4,1587,3946,0.519,0.562
Completed,0.68,4,2719,2067,0.019,0.194
Completed,0.68,4,3274,4891,0.271,0.073
Completed,0.67,4,2453,1765,0.77,0.675
Completed,0.7,3,491,3284,0.213,0.467
Completed,0.73,59,3810,160,0.711,0.785
Completed,0.68,4,4350,4307,0.169,0.711
Completed,0.68,3,91,2436,0.666,0.034
Completed,0.67,5,1880,2793,0.351,0.827
Completed,0.72,13,3636,915,0.849,0.428
Completed,0.73,3,2942,3700,0.595,0.308
Completed,0.7,9,1495,574,0.096,0.94
Completed,0.65,3,783,4671,0.919,0.17
Completed,0.73,10,4728,1547,0.419,0.582
Completed,0.68,6,4809,3451,0.034,0.802
Completed,0.73,16,862,325,0.532,0.45
Completed,0.68,4,1420,4431,0.482,0.658
Completed,0.69,7,2865,1307,0.98,0.09
Completed,0.66,4,3713,4088,0.73,0.211
Completed,0.72,7,1954,2217,0.229,0.545
Completed,0.66,3,12,2563,0.788,0.314
Completed,0.68,4,4268,685,0.288,0.93
Completed,0.69,4,3891,4838,0.833,0.567
Completed,0.67,4,571,1712,0.333,0.185
Completed,0.67,3,2378,3239,0.649,0.955
Completed,0.73,64,3197,115,0.15,0.293
Completed,0.68,4,2796,2936,0.406,0.414
Completed,0.62,3,1661,1064,0.904,0.842
Completed,0.68,4,969,3833,0.083,0.048
Completed,0.71,6,4601,1954,0.58,0.696
Completed,0.69,5,4412,4008,0.366,0.373
Completed,0.61,3,1168,2132,0.866,0.879
Completed,0.69,5,1862,3112,0.182,0.23
Completed,0.69,5,2604,1238,0.683,0.519
Completed,0.68,4,3320,3375,0.933,0.655
Completed,0.73,9,2264,254,0.435,0.1
Completed,0.68,3,459,4975,0.61,0.758
Completed,0.7,8,4012,1847,0.111,0.486
Completed,0.69,6,4079,2699,0.502,0.014
Completed,0.65,12,211,823,0.005,0.738
Completed,0.72,2,2156,4226,0.951,0.401
Completed,0.68,4,3522,2352,0.453,0.847
Completed,0.63,3,2989,4606,0.196,0.983
Completed,0.72,7,1307,1484,0.696,0.273
Completed,0.68,3,752,3628,0.255,0.617
Completed,0.74,26,4931,499,0.754,0.127
Completed,0.72,5,4984,2502,0.306,0.745
Completed,0.72,8,727,628,0.805,0.003
Completed,0.72,4,1283,4110,0.24,0.855
Completed,0.7,5,3042,2234,0.738,0.396
Completed,0.68,4,3575,4414,0.987,0.276
Completed,0.72,3,2132,1285,0.487,0.969
Completed,0.72,3,187,3508,0.562,0.14
Completed,0.73,32,4133,386,0.062,0.616
Completed,0.73,3,4027,3889,0.575,0.886
Completed,0.7,3,396,2015,0.076,0.362
Completed,0.67,3,2201,2919,0.876,0.527
Completed,0.71,9,3334,1042,0.376,0.225
Completed,0.69,3,2618,3261,0.133,0.103
Completed,0.74,101,1799,132,0.631,0.641
Completed,0.65,4,1104,4777,0.324,0.499
Completed,0.71,5,4426,1655,0.822,0.757
Completed,0.71,4,4548,4953,0.108,0.176
Completed,0.69,5,993,1829,0.609,0.572
Completed,0.7,5,1685,3436,0.409,0.286
Completed,0.71,3,2742,310,0.909,0.966
Completed,0.62,3,3143,3056,0.661,0.829
Completed,0.7,4,2403,1177,0.162,0.415
Completed,0.68,3,595,4025,0.851,0.693
Completed,0.71,7,3838,2154,0.353,0.062
Completed,0.71,5,4254,3645,0.775,0.441
Completed,0.68,3,76,521,0.278,0.807
Completed,0.68,2,2018,4550,0.709,0.083
Completed,0.69,7,3698,1423,0.211,0.669
Completed,0.67,4,2850,4287,0.454,0.532
Completed,0.7,7,1484,2408,0.953,0.212
Completed,0.69,7,926,2677,0.029,0.927
Completed,0.73,16,4795,806,0.529,0.328
Completed,0.69,5,4713,4194,0.891,0.046
Completed,0.71,4,847,2316,0.392,0.71
Completed,0.71,6,1558,2594,0.591,0.431
Completed,0.71,8,2927,723,0.092,0.813
Completed,0.66,3,3621,3582,0.339,0.949
Completed,0.73,26,1943,458,0.839,0.303
Completed,0.68,3,155,4476,0.147,0.589
Completed,0.7,10,4335,1350,0.648,0.159
Completed,0.68,5,3756,2847,0.224,0.343
Completed,0.7,3,516,968,0.723,0.913
Completed,0.71,3,2477,3824,0.29,0.197
Completed,0.71,6,3220,1953,0.789,0.547
Completed,0.67,3,2665,4695,0.545,0.684
Completed,0.72,7,1611,1571,0.047,0.068
Completed,0.71,4,1073,3167,0.97,0.792
Completed,0.73,356,4629,41,0.473,0.456
Completed,0.68,5,4506,3345,0.695,0.6
Completed,0.74,38,1186,216,0.194,0.156
Completed,0.69,3,1722,4869,0.761,0.985
Completed,0.68,4,2544,1748,0.26,0.259
Completed,0.67,4,3409,3963,0.014,0.38
Completed,0.68,3,2278,2089,0.512,0.872
Completed,0.66,3,314,2982,0.439,0.02
Completed,0.71,5,3947,1105,0.938,0.728
Completed,0.72,4,4212,4614,0.426,0.772
Completed,0.69,4,269,1486,0.923,0.484
Completed,0.68,3,2055,3717,0.126,0.626
Completed,0.73,16,3501,595,0.623,0.118
Completed,0.66,4,3117,2771,0.868,0.239
Completed,0.73,10,1360,898,0.368,0.513
Completed,0.7,3,645,4368,0.676,0.348
Completed,0.69,4,4905,2492,0.177,0.9
Completed,0.72,6,4895,3206,0.856,0.253
Completed,0.73,22,635,80,0.356,0.995
Completed,0.63,3,1330,4812,0.657,0.146
Completed,0.71,5,3087,1688,0.158,0.606
Completed,0.69,4,3491,3863,0.414,0.718
Completed,0.64,3,2045,1992,0.912,0.026
Completed,0.68,4,239,2964,0.106,0.866
Completed,0.72,11,4183,1086,0.603,0.389
Completed,0.72,4,3977,4437,0.026,0.112
Completed,0.69,3,343,1311,0.524,0.636
Completed,0.7,3,2288,3464,0.458,0.475
Completed,0.71,6,3419,341,0.957,0.777
Completed,0.64,3,2573,2554,0.706,0.891
Completed,0.72,18,1751,683,0.206,0.353
Completed,0.7,4,1196,4078,0.781,0.507
Completed,0.74,7,4516,2199,0.28,0.249
Completed,0.69,4,4639,4252,0.557,0.822
Completed,0.68,5,1082,2375,0.059,0.426
Completed,0.68,5,1640,2732,0.989,0.716
Completed,0.72,6,2694,858,0.492,0.036
Completed,0.71,4,3229,3599,0.235,0.165
Completed,0.71,6,2487,478,0.735,0.579
Completed,0.71,3,545,4576,0.31,0.313
Completed,0.7,3,3785,1447,0.809,0.943
Completed,0.7,5,4306,3099,0.327,0.557
Completed,0.68,3,126,1223,0.827,0.191
Completed,0.71,4,1934,4001,0.128,0.919
Completed,0.68,6,3612,2128,0.628,0.333
Completed,0.66,3,2898,4986,0.879,0.462
Completed,0.69,5,1529,1865,0.381,0.783
Completed,0.71,3,837,3384,0.571,0.078
Completed,0.73,51,4704,255,0.072,0.677
Completed,0.71,3,4785,4737,0.442,0.96
Completed,0.67,6,916,1616,0.942,0.296
Completed,0.7,5,1455,3144,0.009,0.563
Completed,0.73,358,2821,16,0.509,0.181
Completed,0.68,5,3689,2880,0.763,0.053
Completed,0.72,2,2009,1004,0.266,0.699
Completed,0.7,3,47,3771,0.689,0.409
Completed,0.67,5,4224,1898,0.192,0.839
Completed,0.7,5,3867,3546,0.672,0.663
Completed,0.73,11,624,425,0.174,0.093
Completed,0.71,3,2412,4531,0.871,0.797
Completed,0.69,6,3152,1402,0.373,0.447
Completed,0.71,3,2771,4150,0.12,0.318
Completed,0.68,3,1715,2273,0.621,0.934
Completed,0.68,4,1003,2619,0.428,0.206
Completed,0.72,17,4557,745,0.929,0.542
Completed,0.71,7,4436,2794,0.145,0.406
Completed,0.69,3,1114,923,0.642,0.849
Completed,0.7,4,1828,4326,0.344,0.009
Completed,0.67,3,2648,2447,0.841,0.735
Completed,0.67,3,3344,4667,0.587,0.622
Completed,0.66,3,2211,1541,0.088,0.13
Completed,0.71,3,425,3684,0.895,0.979
Completed,0.74,22,4056,560,0.395,0.27
Completed,0.71,5,4103,3907,0.976,0.234
Completed,0.69,3,157,2036,0.475,0.522
Completed,0.64,3,2122,3017,0.543,0.368
Completed,0.72,9,3565,1139,0.042,0.876
Completed,0.67,4,3013,3319,0.294,0.763
Completed,0.73,46,1253,193,0.793,0.489
Completed,0.7,3,717,4914,0.221,0.65
Completed,0.72,9,4974,1790,0.719,0.098
Completed,0.69,5,4960,3793,0.216,0.525
Completed,0.7,5,781,1915,0.716,0.22
Completed,0.72,3,1317,2819,0.267,0.889
Completed,0.72,7,2998,948,0.766,0.367
Completed,0.71,5,3550,3200,0.522,0.496
Completed,0.64,3,221,4720,0.962,0.107
Completed,0.69,7,4089,1594,0.465,0.645
Completed,0.7,4,4003,2602,0.914,0.852
Completed,0.71,5,450,723,0.416,0.392
Completed,0.71,2,2235,4206,0.598,0.748
Completed,0.7,6,3291,2334,0.1,0.008
Completed,0.68,3,2594,4470,0.346,0.137
Completed,0.7,9,1853,1346,0.846,0.611
Completed,0.71,4,1139,3568,0.171,0.278
Completed,0.65,3,4383,442,0.671,0.974
Completed,0.7,5,4572,3745,0.387,0.08
Completed,0.71,6,939,616,0.884,0.664
Completed,0.7,4,1651,4645,0.071,0.444
Completed,0.69,4,2786,1524,0.568,0.811
Completed,0.71,3,3167,4343,0.813,0.925
Completed,0.66,4,2349,2469,0.313,0.323
Completed,0.7,4,560,2738,0.638,0.535
Completed,0.72,15,3881,862,0.138,0.217
Completed,0.71,4,4278,4858,0.749,0.283
Completed,0.63,3,22,1729,0.249,0.961
Completed,0.71,5,1984,3336,0.8,0.179
Completed,0.73,51,3742,215,0.299,0.577
Completed,0.68,4,2875,2995,0.053,0.69
Completed,0.72,9,1430,1121,0.551,0.058
Completed,0.62,3,892,3968,0.493,0.832
Completed,0.73,8,4839,2092,0.992,0.42
Completed,0.71,6,4757,2903,0.614,0.2
Completed,0.71,6,813,1029,0.115,0.552
Completed,0.66,4,1505,3885,0.93,0.34
Completed,0.67,3,2952,2009,0.431,0.908
Completed,0.71,3,3666,4795,0.188,0.795
Completed,0.72,9,1910,1666,0.685,0.461
Completed,0.65,3,102,3263,0.363,0.68
Completed,0.74,109,4360,141,0.861,0.064
Completed,0.66,5,3800,4134,0.252,0.435
Completed,0.64,3,481,2260,0.75,0.817
Completed,0.68,4,2423,2537,0.201,0.043
Completed,0.7,6,3244,661,0.699,0.705
Completed,0.69,3,2709,3486,0.948,0.592
Completed,0.73,27,1577,358,0.448,0.164
Completed,0.64,3,1019,4376,0.507,0.946
Completed,0.73,10,4653,1255,0.007,0.298
Completed,0.7,4,4462,4554,0.783,0.629
Completed,0.71,6,1221,1430,0.285,0.123
Completed,0.69,5,1776,3660,0.732,0.769
Completed,0.72,8,2520,534,0.234,0.479
Completed,0.69,5,3365,2676,0.478,0.351
Completed,0.68,3,2312,797,0.977,0.905
Completed,0.7,3,368,4269,0.037,0.236
Completed,0.7,7,3923,2397,0.536,0.508
Completed,0.71,5,4168,3401,0.085,0.988
Completed,0.73,9,303,277,0.586,0.264
Completed,0.7,2,2108,4930,0.401,0.597
Completed,0.7,7,3476,1804,0.901,0.151
Completed,0.68,4,3073,4062,0.653,0.023
Completed,0.72,5,1394,2184,0.154,0.733
Completed,0.7,4,699,3077,0.828,0.377
Completed,0.7,3,4880,1206,0.33,0.867
Completed,0.72,5,4868,3073,0.116,0.067
Completed,0.67,4,687,1200,0.617,0.682
Completed,0.69,4,1401,4047,0.432,0.457
Completed,0.66,4,3079,2171,0.933,0.794
Completed,0.61,3,3459,4936,0.684,0.906
Completed,0.69,2,2090,1808,0.186,0.337
Completed,0.7,3,305,3414,0.86,0.554
Completed,0.74,46,4171,293,0.361,0.203
Completed,0.69,5,3911,4264,0.752,0.3
Completed,0.69,3,355,2391,0.254,0.947
Completed,0.66,4,2319,2660,0.701,0.162
Completed,0.72,11,3373,784,0.204,0.591
Completed,0.7,3,2502,3667,0.446,0.704
Completed,0.73,20,1759,538,0.946,0.041
Completed,0.68,4,1223,4567,0.006,0.818
Completed,0.72,10,4464,1445,0.505,0.437
Completed,0.69,4,4665,4391,0.283,0.511
Completed,0.72,6,1031,1268,0.781,0.238
Completed,0.65,4,1570,3490,0.232,0.902
Completed,0.72,12,2701,364,0.731,0.349
Completed,0.71,5,3262,2524,0.979,0.478
Completed,0.67,3,2440,645,0.479,0.765
Completed,0.66,3,478,4127,0.539,0.124
Completed,0.72,7,3798,2256,0.038,0.632
Completed,0.59,4,4373,3278,0.583,0.87
Completed,0.73,7,113,154,0.083,0.377
Completed,0.68,4,1901,4799,0.899,0.731
Completed,0.7,8,3659,1673,0.399,0.022
Completed,0.7,3,2968,3872,0.157,0.151
Completed,0.68,6,1523,1993,0.654,0.594
Completed,0.65,4,811,2897,0.332,0.265
Completed,0.63,3,4754,1026,0.83,0.99
Completed,0.69,5,4831,3985,0.718,0.647
Completed,0.67,5,885,2106,0.218,0.11
Completed,0.67,4,1443,2999,0.769,0.751
Completed,0.72,7,2887,1127,0.268,0.492
Completed,0.68,5,3741,3323,0.022,0.364
Completed,0.75,35,1981,199,0.52,0.887
Completed,0.61,3,39,4852,0.462,0.223
Completed,0.73,9,4296,1726,0.961,0.526
Completed,0.7,4,3874,2754,0.418,0.974
Completed,0.7,5,552,875,0.915,0.281
Completed,0.66,3,2360,4346,0.102,0.611
Completed,0.71,5,3180,2475,0.6,0.135
Completed,0.68,3,2783,4631,0.844,0.005
Completed,0.71,5,1649,1507,0.345,0.748
Completed,0.71,3,957,3739,0.669,0.394
Completed,0.72,13,4588,612,0.169,0.853
Completed,0.7,6,4389,3565,0.883,0.218
Completed,0.73,17,1146,436,0.384,0.539
Completed,0.69,4,1841,4454,0.567,0.322
Completed,0.67,4,2582,1332,0.069,0.921
Completed,0.68,3,3294,4211,0.315,0.808
Completed,0.68,3,2237,2338,0.816,0.443
Completed,0.67,4,432,2616,0.14,0.668
Completed,0.73,18,3986,739,0.64,0.082
Completed,0.71,4,4097,4717,0.247,0.42
Completed,0.67,3,228,1589,0.747,0.835
Completed,0.66,3,2172,3184,0.298,0.057
Completed,0.74,140,3539,63,0.798,0.688
Completed,0.7,4,3000,2825,0.553,0.575
Completed,0.72,9,1320,951,0.055,0.178
Completed,0.64,3,764,3807,0.993,0.963
Completed,0.73,9,4942,1931,0.496,0.284
Completed,0.6,3,4967,4908,0.944,0.836
Completed,0.68,5,711,1787,0.444,0.408
Completed,0.67,4,1266,3306,0.511,0.702
Completed,0.72,5,3563,3021,0.264,0.183
Completed,0.68,3,2118,1145,0.762,0.566
Completed,0.7,3,174,3924,0.189,0.295
Completed,0.7,3,4121,2050,0.688,0.956
Completed,0.71,5,4049,3678,0.176,0.54
Completed,0.72,6,417,556,0.674,0.206
Completed,0.7,3,2223,4653,0.375,0.936
Completed,0.71,8,3357,1525,0.872,0.319
Completed,0.7,3,2645,4329,0.618,0.448
Completed,0.71,5,1827,2453,0.119,0.799
Completed,0.72,5,1132,2810,0.926,0.092
Completed,0.72,10,4453,936,0.427,0.661
Completed,0.71,6,4564,2633,0.641,0.266
Completed,0.67,5,1011,761,0.143,0.977
Completed,0.65,4,1703,4155,0.84,0.133
Completed,0.7,4,2758,2277,0.341,0.623
Completed,0.7,3,3156,4515,0.089,0.737
Completed,0.69,4,2414,1388,0.589,0.012
Completed,0.7,3,606,3543,0.397,0.848
Completed,0.73,31,3850,419,0.897,0.403
Completed,0.7,5,4233,3785,0.473,0.095
Completed,0.68,3,53,1914,0.973,0.65
Completed,0.68,6,1995,2886,0.041,0.491
Completed,0.69,4,3677,1007,0.54,0.763
Completed,0.65,3,2823,3128,0.795,0.876
Completed,0.69,3,900,4734,0.72,0.521
Completed,0.72,9,4768,1610,0.223,0.232
Completed,0.72,6,4691,3397,0.358,0.388
Completed,0.68,4,826,271,0.859,0.863
Completed,0.67,4,1537,4993,0.159,0.027
Completed,0.7,4,2905,1869,0.66,0.722
Completed,0.71,4,3595,3986,0.91,0.609
Completed,0.7,7,1916,2115,0.411,0.148
Completed,0.71,2,128,3095,0.602,0.991
Completed,0.72,11,4310,1217,0.104,0.252
Completed,0.67,5,3773,4589,0.525,0.248
Completed,0.71,4,532,1462,0.028,0.505
Completed,0.68,3,2493,3606,0.958,0.354
Completed,0.7,4,3237,482,0.461,0.893
Completed,0.61,4,2677,2716,0.205,0.78
Completed,0.72,14,1624,845,0.704,0.475
Completed,0.67,4,1085,4247,0.278,0.633
Completed,0.67,8,4641,2369,0.778,0.112
Completed,0.71,5,4527,4071,0.057,0.942
Completed,0.72,5,1209,2195,0.555,0.309
Completed,0.71,6,1745,2541,0.49,0.581
Completed,0.71,7,2566,667,0.988,0.168
Completed,0.67,4,3437,3468,0.738,0.04
Completed,0.73,8,2305,347,0.237,0.717
Completed,0.67,3,340,4453,0.812,0.422
Completed,0.7,5,3975,1324,0.311,0.821
Completed,0.72,5,4196,2958,0.825,0.677
Completed,0.65,3,251,1082,0.326,0.076
Completed,0.67,2,2037,3850,0.626,0.783
Completed,0.71,6,3484,1976,0.126,0.464
Completed,0.66,3,3104,4816,0.383,0.336
Completed,0.67,3,1348,1695,0.88,0.919
Completed,0.69,3,634,3222,0.075,0.189
Completed,0.74,130,4892,93,0.572,0.556
Completed,0.71,5,4922,4365,0.395,0.158
Completed,0.67,4,663,2486,0.892,0.587
Completed,0.7,5,1358,2755,0.094,0.304
Completed,0.66,3,3114,884,0.592,0.951
Completed,0.7,3,3513,3722,0.836,0.815
Completed,0.65,3,2066,599,0.337,0.432
Completed,0.67,3,261,4628,0.646,0.707
Completed,0.72,9,4206,1502,0.146,0.046
Completed,0.7,6,3965,2978,0.726,0.454
Completed,0.7,3,330,1100,0.225,0.789
Completed,0.67,3,2275,3947,0.792,0.07
Completed,0.69,6,3407,2075,0.292,0.687
Completed,0.69,3,2556,4875,0.045,0.55
Completed,0.73,8,1735,1751,0.544,0.199
Completed,0.72,3,1179,3359,0.47,0.91
Completed,0.74,50,4498,232,0.968,0.341
Completed,0.68,5,4611,3183,0.193,0.728
Completed,0.73,129,1056,55,0.692,0.017
Completed,0.67,4,1614,4699,0.259,0.872
Completed,0.71,5,2667,1577,0.759,0.382
Completed,0.69,4,3209,3810,0.514,0.261
Completed,0.69,10,2464,1937,0.016,0.986
Completed,0.69,4,522,2841,0.939,0.154
Completed,0.71,10,3764,965,0.441,0.599
Completed,0.72,3,4319,4492,0.922,0.899
Completed,0.67,3,137,1363,0.423,0.344
Completed,0.71,5,1945,3585,0.621,0.515
Completed,0.72,23,3624,464,0.123,0.242
Completed,0.67,4,2914,2580,0.37,0.122
Completed,0.74,9,1547,706,0.87,0.627
Completed,0.69,3,855,4188,0.179,0.481
Completed,0.69,5,4720,2312,0.679,0.77
Completed,0.68,6,4797,2693,0.807,0.614
Completed,0.72,8,929,819,0.309,0.139
Completed,0.68,3,1467,4290,0.74,0.971
Completed,0.69,4,2833,2414,0.243,0.276
Completed,0.71,4,3706,4536,0.485,0.397
Completed,0.71,2,2025,1408,0.985,0.858
Completed,0.73,2,63,3638,0.06,0.003
Completed,0.72,9,4242,517,0.56,0.742
Completed,0.67,4,3841,4041,0.077,0.753
Completed,0.68,4,597,2167,0.578,0.498
Completed,0.66,3,2385,3060,0.377,0.644
Completed,0.71,7,3127,1184,0.878,0.105
Completed,0.69,4,2749,3423,0.629,0.226
Completed,0.73,37,1694,295,0.131,0.531
Completed,0.69,3,982,4947,0.821,0.361
Completed,0.7,4,4535,1826,0.322,0.883
Completed,0.68,4,4423,4773,0.607,0.06
Completed,0.72,5,1102,1649,0.107,0.693
Completed,0.69,5,1817,3246,0.906,0.418
Completed,0.74,31,2635,119,0.407,0.83
Completed,0.69,4,3328,2925,0.164,0.966
Completed,0.66,3,2193,1046,0.662,0.289
Completed,0.7,3,407,3902,0.356,0.572
Completed,0.71,7,4039,2031,0.853,0.173
Completed,0.69,5,4131,3503,0.275,0.325
Completed,0.64,3,184,380,0.774,0.926
Completed,0.68,3,2148,4398,0.209,0.215
Completed,0.72,8,3593,1272,0.707,0.534
Completed,0.67,3,3034,4116,0.956,0.67
Completed,0.69,5,1276,2238,0.455,0.087
Completed,0.67,3,740,2515,0.531,0.805
Completed,0.73,19,4996,644,0.03,0.438
Completed,0.64,3,4933,3621,0.533,0.931
Completed,0.72,10,755,495,0.036,0.316
Completed,0.66,4,1291,4593,0.982,0.545
Completed,0.72,6,2971,1469,0.484,0.208
Completed,0.71,4,3529,4229,0.228,0.088
Completed,0.65,3,2163,2358,0.727,0.658
Completed,0.68,3,199,2715,0.286,0.452
Completed,0.69,4,4068,836,0.786,0.802
Completed,0.7,4,4015,4969,0.335,0.698
Completed,0.66,5,461,1843,0.835,0.051
Completed,0.68,3,2247,3362,0.152,0.84
Completed,0.74,33,3303,238,0.652,0.411
Completed,0.7,3,2611,3116,0.902,0.29
Completed,0.71,3,1870,1245,0.404,0.954
Completed,0.64,4,1156,4024,0.579,0.188
Completed,0.72,7,4399,2145,0.08,0.569
Completed,0.69,5,4598,3846,0.864,0.487
Completed,0.69,4,967,1970,0.364,0.76
Completed,0.68,5,1679,2942,0.681,0.1
Completed,0.69,6,2812,1069,0.181,0.653
Completed,0.72,4,3190,3224,0.437,0.516
Completed,0.73,26,2370,102,0.935,0.229
Completed,0.68,3,582,4834,0.114,0.881
Completed,0.71,9,3904,1705,0.611,0.373
Completed,0.71,7,4266,2576,0.002,0.128
Completed,0.66,3,9,700,0.501,0.621
Completed,0.7,5,1971,4095,0.451,0.271
Completed,0.65,3,3730,2221,0.949,0.98
Completed,0.72,3,2857,4415,0.699,0.843
Completed,0.73,8,1414,1294,0.198,0.4
Completed,0.7,4,875,3447,0.757,0.741
Completed,0.73,35,4821,319,0.257,0.015
Completed,0.68,5,4744,4684,0.137,0.359
Completed,0.62,3,801,1563,0.635,0.896
Completed,0.71,4,1493,3705,0.321,0.243
Completed,0.72,11,2939,577,0.818,0.502
Completed,0.69,5,3649,2777,0.564,0.638
Completed,0.73,14,1891,901,0.064,0.115
Completed,0.67,3,84,4304,0.887,0.775
Completed,0.71,7,4343,2430,0.388,0.472
Completed,0.68,5,3827,3297,0.999,0.032
Completed,0.73,17,507,176,0.498,0.725
Completed,0.65,3,2450,4897,0.551,0.383
Completed,0.68,5,3272,1768,0.05,0.86
Completed,0.71,3,2730,3930,0.303,0.996
Completed,0.69,6,1600,2053,0.801,0.255
Completed,0.67,4,1042,3035,0.244,0.604
Completed,0.73,11,4675,1161,0.743,0.145
Completed,0.69,5,4473,2858,0.465,0.788
Completed,0.73,9,1233,987,0.965,0.467
Completed,0.73,5,1789,3754,0.017,0.672
Completed,0.7,4,2531,1876,0.517,0.073
Completed,0.7,4,3383,4760,0.771,0.194
Completed,0.69,4,2329,1633,0.274,0.559
Completed,0.69,3,384,3161,0.713,0.331
Completed,0.73,236,3940,38,0.215,0.916
Completed,0.7,5,4142,4166,0.664,0.586
Completed,0.67,3,276,2295,0.166,0.171
Completed,0.71,2,2081,2641,0.848,0.937
Completed,0.71,13,3450,762,0.349,0.307
Completed,0.67,4,3050,3529,0.097,0.427
Completed,0.69,5,1372,403,0.597,0.824
Completed,0.71,3,678,4509,0.42,0.035
Completed,0.71,6,4858,1385,0.921,0.714
Completed,0.7,4,4856,4174,0.147,0.778
Completed,0.69,4,675,2297,0.644,0.474
Completed,0.67,5,1370,2654,0.338,0.635
Completed,0.72,9,3048,780,0.836,0.113
Completed,0.68,4,3453,3522,0.593,0.25
Completed,0.68,4,2084,401,0.094,0.506
Completed,0.68,3,278,4497,0.893,0.352
Completed,0.7,4,4145,1368,0.393,0.892
Completed,0.69,6,3938,2865,0.97,0.607
Completed,0.68,4,382,989,0.469,0.145
Completed,0.71,3,2326,3767,0.544,0.994
Completed,0.71,6,3380,1893,0.044,0.254
Completed,0.68,3,2534,4752,0.292,0.391
Completed,0.68,3,1791,1631,0.791,0.865
Completed,0.67,4,1235,3149,0.226,0.025
Completed,0.74,534,4476,20,0.725,0.719
Completed,0.72,5,4678,3285,0.441,0.334
Completed,0.73,15,1044,159,0.94,0.918
Completed,0.72,4,1602,4890,0.015,0.19
Completed,0.7,6,2733,1766,0.515,0.558
Completed,0.71,4,3269,3942,0.757,0.679
Completed,0.68,4,2447,2071,0.26,0.077
Completed,0.69,3,505,3041,0.691,0.781
Completed,0.72,11,3825,1163,0.194,0.463
Completed,0.69,4,4346,4672,0.678,0.037
Completed,0.67,3,86,1546,0.179,0.715
Completed,0.67,5,1894,3699,0.869,0.425
Completed,0.7,5,3651,575,0.371,0.823
Completed,0.68,6,2936,2790,0.122,0.944
Completed,0.72,11,1491,918,0.623,0.311
Completed,0.67,3,798,4311,0.422,0.578
Completed,0.71,7,4742,2432,0.923,0.166
Completed,0.69,7,4824,2560,0.559,0.446
Completed,0.73,9,878,688,0.061,0.798
Completed,0.7,4,1416,4092,0.984,0.094
Completed,0.68,4,2860,2213,0.486,0.662
Completed,0.68,4,3728,4432,0.241,0.541
Completed,0.72,12,1968,1306,0.741,0.207
Completed,0.71,2,7,3450,0.308,0.934
Completed,0.73,36,4264,326,0.807,0.317
Completed,0.7,5,3907,3829,0.321,0.18
Completed,0.66,4,585,1958,0.821,0.564
Completed,0.69,3,2373,2939,0.13,0.297
Completed,0.71,3,3192,1061,0.63,0.959
Completed,0.68,3,2810,3240,0.877,0.838
Completed,0.73,91,1676,114,0.379,0.41
Completed,0.64,3,965,4837,0.577,0.7
Completed,0.71,8,4596,1713,0.078,0.052
Completed,0.71,3,4397,4972,0.854,0.875
Completed,0.69,6,1154,1850,0.354,0.369
Completed,0.71,5,1868,3379,0.663,0.523
Completed,0.73,16,2608,250,0.164,0.233
Completed,0.67,5,3306,3113,0.408,0.097
Completed,0.67,4,2249,1237,0.906,0.651
Completed,0.7,3,463,4007,0.108,0.49
Completed,0.72,5,4017,2133,0.605,0.762
Completed,0.69,6,4065,3624,0.032,0.734
Completed,0.69,4,196,503,0.53,0.01
Completed,0.71,2,2160,4610,0.456,0.851
Completed,0.72,10,3527,1481,0.955,0.405
Completed,0.72,4,2973,4227,0.708,0.269
Completed,0.71,4,1293,2351,0.208,0.979
Completed,0.67,4,757,2698,0.775,0.131
Completed,0.72,15,4935,824,0.274,0.621
Completed,0.69,5,4998,3511,0.785,0.007
Completed,0.73,9,743,382,0.287,0.749
Completed,0.67,4,1279,4410,0.726,0.393
Completed,0.68,3,3037,1289,0.229,0.852
Completed,0.71,3,3591,4109,0.483,0.972
Completed,0.66,3,2146,2235,0.983,0.279
Completed,0.73,3,182,2504,0.035,0.612
Completed,0.73,19,4129,627,0.535,0.136
Completed,0.68,4,4042,4781,0.079,0.366
Completed,0.66,3,410,1652,0.58,0.889
Completed,0.66,3,2195,3257,0.403,0.22
Completed,0.74,61,3330,136,0.903,0.524
Completed,0.69,5,2632,2917,0.651,0.644
Completed,0.74,16,1814,1044,0.152,0.108
Completed,0.68,5,1100,3890,0.834,0.753
Completed,0.72,8,4421,2014,0.336,0.495
Completed,0.71,7,4532,4029,0.612,0.576
Completed,0.7,5,979,2150,0.113,0.179
Completed,0.71,2,1691,3052,0.936,0.962
Completed,0.71,7,2746,1181,0.436,0.283
Completed,0.7,6,3129,3435,0.182,0.419
Completed,0.68,4,2387,311,0.679,0.833
Completed,0.72,4,599,4955,0.365,0.059
Completed,0.67,7,3843,1828,0.863,0.689
Completed,0.72,5,4239,2681,0.257,0.811
Completed,0.67,3,60,802,0.756,0.445
Completed,0.7,2,2022,4283,0.199,0.665
Completed,0.68,8,3704,2412,0.697,0.079
Completed,0.66,4,2835,4548,0.95,0.216
Completed,0.72,7,1470,1425,0.45,0.536
Completed,0.7,4,931,3646,0.502,0.324
Completed,0.66,5,4717,4475,0.389,0.706
Completed,0.68,6,852,1351,0.886,0.042
Completed,0.68,5,1544,3583,0.065,0.816
Completed,0.73,17,2912,457,0.563,0.436
Completed,0.65,5,3627,2597,0.819,0.299
Completed,0.7,4,1948,719,0.319,0.945
Completed,0.71,2,140,4191,0.635,0.163
Completed,0.69,8,4321,2320,0.136,0.593
Completed,0.66,3,3761,3166,0.743,0.909
Completed,0.73,78,520,42,0.243,0.339
Completed,0.69,3,2462,4696,0.802,0.551
Completed,0.72,7,3206,1570,0.301,0.201
Completed,0.66,3,2669,3828,0.051,0.065
Completed,0.67,5,1616,1949,0.549,0.679
Completed,0.67,4,1059,2843,0.499,0.46
Completed,0.68,4,4614,972,0.998,0.796
Completed,0.72,6,4500,2980,0.214,0.152
Completed,0.69,7,1182,1106,0.714,0.596
Completed,0.69,4,1737,3964,0.273,0.263
Completed,0.71,3,2558,2088,0.772,0.989
Completed,0.69,3,3404,4873,0.516,0.868
Completed,0.68,3,2272,1744,0.018,0.376
Completed,0.66,3,328,3341,0.964,0.732
Completed,0.73,62,3962,220,0.467,0.024
Completed,0.68,4,4208,4367,0.92,0.48
Completed,0.66,3,263,2493,0.422,0.768
Completed,0.68,3,2069,2773,0.596,0.122
Completed,0.72,11,3516,896,0.098,0.63
Completed,0.71,4,3111,3721,0.348,0.509
Completed,0.73,17,1355,592,0.849,0.235
Completed,0.61,3,661,4611,0.165,0.904
Completed,0.72,9,4919,1489,0.666,0.351
Completed,0.71,3,4890,2960,0.36,0.999
Completed,0.72,5,631,1089,0.86,0.257
Completed,0.68,4,1345,3867,0.184,0.601
Completed,0.69,6,3101,1988,0.685,0.143
Completed,0.71,4,3486,4813,0.931,0.029
Completed,0.71,3,2039,1687,0.433,0.723
Completed,0.65,3,253,3205,0.616,0.386
Completed,0.73,153,4198,81,0.117,0.862
Completed,0.68,5,3973,4074,0.504,0.64
Completed,0.68,3,338,2203,0.007,0.116
Completed,0.69,3,2302,2558,0.945,0.774
Completed,0.72,17,3434,679,0.447,0.47
Completed,0.69,3,2568,3466,0.202,0.358
Completed,0.67,4,1747,340,0.702,0.894
Completed,0.69,4,1211,4436,0.253,0.245
Completed,0.72,10,4530,1312,0.752,0.503
Completed,0.7,5,4643,4572,0.039,0.43
Completed,0.64,3,1088,1451,0.538,0.826
Completed,0.7,5,1626,3603,0.48,0.032
Completed,0.66,5,2679,474,0.978,0.712
Completed,0.65,5,3235,2733,0.732,0.583
Completed,0.71,5,2491,857,0.231,0.169
Completed,0.71,2,529,4250,0.782,0.939
Completed,0.72,6,3771,2377,0.282,0.309
Completed,0.71,5,4312,3380,0.831,0.195
Completed,0.71,6,130,259,0.331,0.56
Completed,0.69,5,1919,4990,0.655,0.329
Completed,0.69,4,3598,1861,0.156,0.915
Completed,0.62,3,2903,4003,0.4,0.786
Completed,0.71,8,1535,2126,0.898,0.466
Completed,0.65,5,823,3098,0.085,0.674
Completed,0.72,11,4688,1224,0.582,0.074
Completed,0.67,6,4770,3773,0.962,0.292
Completed,0.68,4,902,1896,0.461,0.956
Completed,0.68,5,1460,2879,0.521,0.185
Completed,0.72,7,2826,1005,0.021,0.566
Completed,0.67,5,3675,3140,0.269,0.695
Completed,0.73,694,1993,19,0.768,0.049
Completed,0.67,3,51,4741,0.219,0.843
Completed,0.7,9,4230,1613,0.717,0.413
Completed,0.69,6,3853,2620,0.17,0.089
Completed,0.72,4,609,744,0.668,0.659
Completed,0.67,3,2416,4148,0.346,0.451
Completed,0.67,4,3158,2275,0.843,0.801
Completed,0.71,3,2756,4527,0.601,0.929
Completed,0.72,9,1700,1406,0.101,0.315
Completed,0.72,4,1008,3550,0.917,0.546
Completed,0.73,39,4561,421,0.417,0.21
Completed,0.61,4,4450,3685,0.639,0.846
Completed,0.72,14,1130,559,0.14,0.402
Completed,0.69,4,1824,4666,0.814,0.739
Completed,0.7,4,2642,1542,0.316,0.013
Completed,0.7,4,3360,4322,0.067,0.126
Completed,0.67,3,2225,2451,0.568,0.618
Completed,0.67,3,420,2798,0.384,0.274
Completed,0.69,3,4052,919,0.884,0.982
Completed,0.67,5,4119,4915,0.495,0.518
Completed,0.69,4,172,1789,0.994,0.23
Completed,0.73,3,2116,3318,0.054,0.88
Completed,0.73,52,3561,194,0.554,0.372
Completed,0.69,4,3027,3014,0.796,0.485
Completed,0.71,5,1268,1142,0.299,0.759
Completed,0.68,4,713,3911,0.746,0.102
Completed,0.71,7,4969,2032,0.248,0.654
Completed,0.7,4,4944,4719,0.689,0.223
Completed,0.67,5,767,1595,0.188,0.528
Completed,0.7,4,1322,3202,0.763,0.363
Completed,0.73,69,3002,75,0.262,0.885
Completed,0.71,6,3536,2823,0.012,0.756
Completed,0.69,3,2170,944,0.51,0.5
Completed,0.67,3,225,3790,0.445,0.642
Completed,0.71,8,4094,1918,0.943,0.103
Completed,0.69,5,3989,3567,0.428,0.395
Completed,0.7,3,434,443,0.925,0.857
Completed,0.63,3,2240,4471,0.12,0.004
Completed,0.71,4,3296,1345,0.617,0.744
Completed,0.68,3,2579,4209,0.874,0.615
Completed,0.71,7,1839,2331,0.374,0.14
Completed,0.71,3,1144,2598,0.675,0.969
Completed,0.73,17,4387,727,0.175,0.275
Completed,0.67,6,4586,2737,0.896,0.668
Completed,0.71,8,955,863,0.398,0.084
Completed,0.68,4,1647,4344,0.589,0.808
Completed,0.69,4,2780,2468,0.09,0.44
Completed,0.7,3,3182,4649,0.34,0.327
Completed,0.69,3,2363,1520,0.841,0.928
Completed,0.69,3,555,3741,0.141,0.213
Completed,0.73,18,3877,620,0.642,0.532
Completed,0.69,3,4293,3967,0.222,0.965
Completed,0.62,3,36,2093,0.722,0.287
Completed,0.7,6,1979,2997,0.296,0.573
Completed,0.73,10,3738,1120,0.795,0.175
Completed,0.69,4,2889,3340,0.539,0.062
Completed,0.74,41,1446,211,0.042,0.694
Completed,0.67,3,888,4854,0.972,0.416
Completed,0.7,4,4834,1733,0.475,0.828
Completed,0.69,7,4752,3266,0.103,0.548
Completed,0.73,36,808,138,0.603,0.196
Completed,0.69,3,1520,4791,0.411,0.912
Completed,0.72,6,2966,1670,0.911,0.344
Completed,0.69,4,3661,3884,0.659,0.457
Completed,0.68,5,3844,3562,0.163,0.771
Completed,0.68,4,388,1079,0.81,0.3
Completed,0.62,6,1561,4344,0.436,0.675
Completed,0.71,7,2988,1857,0.537,0.148
Completed,0.71,4,3601,4835,0.923,0.016
Completed,0.67,3,2174,2323,0.042,0.542
Completed,0.7,4,1006,3120,0.666,0.416
Completed,0.71,6,4461,603,0.299,0.888
Completed,0.65,5,4725,3962,0.71,0.597
Completed,0.7,7,762,1479,0.325,0.071
Completed,0.65,3,2399,3183,0.952,0.943
Completed,0.72,17,3396,694,0.084,0.471
Completed,0.69,4,2763,2716,0.441,0.37
Completed,0.74,35,1766,203,0.587,0.841
Completed,0.67,3,124,4438,0.215,0.218
Completed,0.71,6,4088,1921,0.813,0.745
Completed,0.7,5,4301,4677,0.363,0.386
Completed,0.68,3,218,2151,0.726,0.921
Completed,0.69,7,1701,2643,0.106,0.047
Completed,0.74,28,2501,120,0.983,0.51
Completed,0.64,4,3139,3412,0.601,0.643
Completed,0.68,5,2339,933,0.496,0.179
Completed,0.69,4,851,3879,0.874,0.803
Completed,0.71,12,4935,1406,0.224,0.27
Completed,0.7,8,4553,2891,0.752,0.249
Completed,0.72,21,1211,363,0.15,0.713
Completed,0.68,4,1918,4918,0.526,0.34
Completed,0.66,4,3538,2397,0.376,0.874
Completed,0.66,8,2922,4105,0.023,0.975
Completed,0.69,9,1301,1628,0.887,0.441
Completed,0.65,3,600,3635,0.265,0.565
Completed,0.71,14,3941,1162,0.646,0.101
Completed,0.7,4,4037,4245,0.967,0.266
Completed,0.67,5,503,1722,0.069,0.792
Completed,0.69,4,1358,3467,0.694,0.167
Completed,0.7,5,2863,940,0.341,0.639
Completed,0.67,5,3482,2981,0.199,0.522
Completed,0.73,24,1976,508,0.829,0.05
Completed,0.68,3,1116,4701,0.456,0.924
Completed,0.72,9,4650,2222,0.572,0.398
Completed,0.66,6,4913,3238,0.422,0.12
Completed,0.7,7,871,717,0.551,0.593
Completed,0.69,3,2201,4024,0.18,0.468
Completed,0.71,3,3276,1496,0.793,0.994
Completed,0.7,3,2639,4456,0.683,0.847
Completed,0.67,9,1564,1982,0.282,0.32
Completed,0.66,3,239,2737,0.909,0.693
Completed,0.74,55,4281,260,0.056,0.222
Completed,0.7,3,4187,2508,0.511,0.892
Completed,0.78,17,26,21,0.391,0.428
Completed,0.7,4,1826,4539,0.768,0.554
Completed,0.7,4,2704,2056,0.134,0.02
Completed,0.71,4,3336,3784,0.281,0.137
Completed,0.7,4,2458,1267,0.63,0.671
Completed,0.67,4,662,3311,0.008,0.296
Completed,0.71,4,4824,800,0.902,0.76
Completed,0.7,4,4444,4940,0.12,0.725
Completed,0.68,5,1024,2452,0.97,0.192
Completed,0.66,3,2039,2908,0.346,0.815
Completed,0.74,27,3737,425,0.743,0.35
Completed,0.7,4,3123,3696,0.857,0.499
Completed,0.7,3,1425,1179,0.241,0.962
Completed,0.67,3,406,4162,0.615,0.09
Completed,0.73,7,3825,1648,0.482,0.625
Completed,0.72,4,3752,4727,0.582,0.198
Completed,0.67,4,450,2255,0.452,0.733
Completed,0.7,6,1469,3013,0.825,0.359
Completed,0.71,9,3050,534,0.211,0.823
Completed,0.71,3,3683,3513,0.314,0.956
Completed,0.7,3,2102,991,0.714,0.491
Completed,0.7,4,1088,4295,0.087,0.615
Completed,0.71,9,4390,1769,0.94,0.082
Completed,0.7,6,4790,2785,0.038,0.437
Completed,0.73,3,668,311,0.935,0.901
Completed,0.67,3,2463,4507,0.311,0.027
Completed,0.71,6,3302,2029,0.662,0.56
Completed,0.69,3,2689,4050,0.798,0.663
Completed,0.71,10,1851,1528,0.167,0.128
Completed,0.71,3,50,3271,0.541,0.753
Completed,0.73,17,4172,743,0.424,0.289
Completed,0.71,5,4237,3344,0.876,0.585
Completed,0.68,5,313,826,0.027,0.114
Completed,0.71,2,1637,3811,0.649,0.986
Completed,0.68,5,2596,1299,0.253,0.46
Completed,0.7,4,3212,4590,0.146,0.327
Completed,0.66,3,2254,2102,0.764,0.853
Completed,0.72,4,925,2555,0.388,0.23
Completed,0.73,191,4849,72,0.522,0.703
Completed,0.65,4,4645,4212,0.485,0.783
Completed,0.71,8,1150,1696,0.605,0.257
Completed,0.72,2,2011,3743,0.227,0.632
Completed,0.7,8,3477,1230,0.862,0.16
Completed,0.68,5,2839,2939,0.722,0.059
Completed,0.74,19,1373,451,0.375,0.53
Completed,0.7,3,517,4967,0.995,0.405
Completed,0.7,5,4012,2485,0.102,0.932
Completed,0.73,5,3955,3069,0.294,0.706
Completed,0.72,8,575,557,0.679,0.243
Completed,0.69,5,1277,4789,0.052,0.865
Completed,0.7,4,2936,2271,0.921,0.331
Completed,0.72,4,3573,4313,0.555,0.448
Completed,0.72,4,1914,1829,0.41,0.982
Completed,0.67,4,1207,3535,0.781,0.109
Completed,0.72,12,4587,1048,0.184,0.574
Completed,0.65,3,4988,4407,0.84,0.912
Completed,0.68,4,788,1894,0.195,0.378
Completed,0.7,3,2275,2689,0.567,0.504
Completed,0.74,40,3192,172,0.467,0.039
Completed,0.68,3,2574,3130,0.072,0.188
Completed,0.73,9,1658,648,0.955,0.651
Completed,0.68,3,174,3916,0.33,0.276
Completed,0.72,6,4375,1428,0.698,0.811
Completed,0.73,6,4112,3833,0.244,0.077
Completed,0.7,3,109,1355,0.845,0.604
Completed,0.69,5,1751,3360,0.471,0.48
Completed,0.71,3,2788,888,0.619,0.952
Completed,0.68,4,3401,2615,0.981,0.835
Completed,0.74,32,2365,89,0.116,0.363
Completed,0.72,3,728,4646,0.739,0.736
Completed,0.73,10,4731,2124,0.358,0.21
Completed,0.71,5,4525,3608,0.633,0.308
Completed,0.67,5,951,1131,0.269,0.78
Completed,0.65,3,2120,4074,0.891,0.156
Completed,0.72,9,3664,1600,0.012,0.682
Completed,0.69,4,3033,4872,0.403,0.534
Completed,0.69,6,1488,2344,0.507,0.007
Completed,0.67,4,315,2839,0.13,0.881
Completed,0.74,42,3888,317,0.78,0.41
Completed,0.67,4,3883,3991,0.385,0.938
Completed,0.67,5,349,1507,0.517,0.475
Completed,0.71,5,1522,3212,0.143,0.598
Completed,0.73,12,3027,725,0.759,0.064
Completed,0.68,6,3640,2765,0.654,0.212
Completed,0.7,5,2135,254,0.256,0.746
Completed,0.72,3,967,4486,0.881,0.373
Completed,0.72,8,4501,1969,0.03,0.837
Completed,0.69,8,4764,3453,0.994,0.676
Completed,0.72,7,722,971,0.095,0.142
Completed,0.69,4,2359,4239,0.721,0.767
Completed,0.7,9,3435,1750,0.368,0.302
Completed,0.65,4,2803,4710,0.234,0.42
Completed,0.67,4,1727,2197,0.863,0.883
Completed,0.71,2,85,2992,0.492,0.009
Completed,0.73,28,4127,475,0.606,0.544
Completed,0.72,9,4341,2918,0.094,0.34
Completed,0.7,3,180,392,0.941,0.867
Completed,0.67,4,1663,4949,0.321,0.245
Completed,0.68,4,2541,2426,0.715,0.716
Completed,0.7,3,3177,4155,0.823,0.568
Completed,0.65,4,2299,1677,0.204,0.096
Completed,0.71,4,811,3683,0.581,0.968
Completed,0.73,13,4973,1210,0.446,0.442
Completed,0.71,5,4593,4569,0.546,0.041
Completed,0.72,6,1173,2042,0.427,0.513
Completed,0.7,9,1880,2536,0.803,0.388
Completed,0.73,264,3578,15,0.17,0.914
Completed,0.68,4,2960,3286,0.308,0.797
Completed,0.71,16,1261,808,0.657,0.27
Completed,0.69,4,560,3751,0.035,0.645
Completed,0.72,11,3979,1278,0.93,0.174
Completed,0.68,7,3998,3191,0.736,0.461
Completed,0.71,4,542,668,0.353,0.996
Completed,0.68,6,1398,3973,0.978,0.123
Completed,0.7,7,2825,1446,0.111,0.587
Completed,0.71,6,3442,4425,0.476,0.689
Completed,0.72,3,2015,1952,0.622,0.224
Completed,0.67,5,1155,2710,0.249,0.847
Completed,0.73,66,4610,231,0.848,0.313
Completed,0.69,6,4874,4372,0.129,0.17
Completed,0.7,7,911,1851,0.773,0.634
Completed,0.7,3,2240,3592,0.402,0.259
Completed,0.71,6,3237,1065,0.5,0.792
Completed,0.71,3,2600,3087,0.897,0.926
Completed,0.73,22,1603,614,0.013,0.391
Completed,0.66,3,278,4809,0.64,0.517
Completed,0.71,8,4242,2332,0.27,0.053
Completed,0.68,5,4147,4892,0.788,0.817
Completed,0.68,3,64,2405,0.185,0.346
Completed,0.71,8,1865,2858,0.561,0.719
Completed,0.73,16,2664,374,0.411,0.192
Completed,0.66,5,3297,3666,0.051,0.091
Completed,0.7,7,2498,1148,0.914,0.617
Completed,0.68,5,702,4133,0.293,0.494
Completed,0.71,4,4786,1621,0.672,0.966
Completed,0.71,8,4404,2637,0.335,0.547
Completed,0.73,65,1063,148,0.701,0.021
Completed,0.72,4,2077,4664,0.077,0.896
Completed,0.7,8,3697,2181,0.958,0.423
Completed,0.68,6,3085,3890,0.565,0.291
Completed,0.7,5,1465,1373,0.463,0.762
Completed,0.69,3,446,3421,0.837,0.138
Completed,0.72,13,3787,908,0.19,0.665
Completed,0.72,9,3792,2658,0.867,0.03
Completed,0.74,18,411,186,0.223,0.557
Completed,0.7,6,1431,4379,0.594,0.431
Completed,0.68,5,3090,1900,0.495,0.902
Completed,0.67,6,3722,3942,0.107,0.754
Completed,0.71,4,2063,1419,0.99,0.282
Completed,0.68,6,1048,3163,0.364,0.657
Completed,0.73,29,4428,637,0.733,0.131
Completed,0.69,5,4829,4778,0.26,0.352
Completed,0.63,5,629,2304,0.643,0.824
Completed,0.65,5,2424,3060,0.018,0.201
Completed,0.69,9,3341,582,0.884,0.727
Completed,0.69,5,2728,3541,0.529,0.611
Completed,0.72,18,1811,1019,0.381,0.084
Completed,0.71,3,11,4326,0.755,0.956
Completed,0.71,10,4211,1799,0.155,0.485
Completed,0.66,5,4276,4087,0.669,0.625
Completed,0.69,4,273,1569,0.304,0.161
Completed,0.68,5,1597,3614,0.926,0.786
Completed,0.7,5,2634,1102,0.047,0.252
Completed,0.7,5,3252,2831,0.431,0.4
Completed,0.66,91,2216,343,0.534,0.934
Completed,0.68,3,887,4861,0.158,0.06
Completed,0.7,8,4889,2377,0.807,0.524
Completed,0.72,4,4683,3393,0.215,0.988
Completed,0.72,10,1110,877,0.819,0.455
Completed,0.7,6,1971,3859,0.442,0.579
Completed,0.74,9,3515,1346,0.593,0.114
Completed,0.68,4,2879,4618,0.945,0.232
Completed,0.71,6,1335,2130,0.083,0.695
Completed,0.68,4,479,2585,0.703,0.322
Completed,0.73,150,4052,103,0.324,0.857
Completed,0.69,5,3916,4513,0.001,0.504
Completed,0.69,6,614,2001,0.901,0.033
Completed,0.7,4,1316,2798,0.274,0.907
Completed,0.73,23,2896,280,0.629,0.38
Completed,0.72,5,3534,3260,0.769,0.28
Completed,0.74,13,1953,776,0.141,0.805
Completed,0.7,4,1246,4041,0.512,0.18
Completed,0.7,8,4548,1554,0.398,0.653
Completed,0.72,5,4948,3038,0.61,0.86
Completed,0.72,13,826,526,0.479,0.334
Completed,0.68,3,2314,4760,0.852,0.707
Completed,0.71,6,3153,2244,0.238,0.235
Completed,0.69,4,2535,4265,0.349,0.103
Completed,0.71,8,1697,1783,0.748,0.574
Completed,0.67,3,214,3485,0.123,0.45
Completed,0.71,2,4336,997,0.974,0.977
Completed,0.73,6,4074,3715,0.459,0.15
Completed,0.7,3,149,1236,0.576,0.685
Completed,0.7,5,1791,4182,0.201,0.31
Completed,0.66,4,2749,1709,0.833,0.773
Completed,0.63,3,3361,4999,0.689,0.875
Completed,0.66,4,2403,2474,0.338,0.411
Completed,0.7,4,766,2965,0.962,0.536
Completed,0.73,32,4691,443,0.066,0.003
Completed,0.69,5,4487,3802,0.91,0.481
Completed,0.62,6,991,1324,0.063,0.945
Completed,0.69,3,2160,3333,0.684,0.073
Completed,0.72,13,3626,859,0.289,0.607
Completed,0.71,6,2993,2569,0.173,0.739
Completed,0.73,233,1526,41,0.792,0.205
Completed,0.71,3,354,4596,0.415,0.828
Completed,0.7,8,3848,2074,0.55,0.364
Completed,0.72,5,3866,4601,0.898,0.655
Completed,0.71,3,371,2088,0.004,0.184
Completed,0.66,6,1539,2573,0.625,0.807
Completed,0.73,194,3005,56,0.277,0.28
Completed,0.7,5,3623,3327,0.138,0.382
Completed,0.71,2,2157,845,0.772,0.908
Completed,0.71,4,984,3798,0.395,0.035
Completed,0.72,10,4479,1309,0.515,0.508
Completed,0.72,4,4703,2950,0.478,0.978
Completed,0.73,14,779,439,0.611,0.452
Completed,0.68,4,2420,4985,0.236,0.578
Completed,0.71,6,3379,2468,0.853,0.106
Completed,0.65,4,2742,4197,0.747,0.238
Completed,0.71,7,1784,1714,0.35,0.71
Completed,0.68,3,146,3729,0.974,0.335
Completed,0.66,6,4071,1242,0.124,0.861
Completed,0.67,5,4319,3489,0.575,0.003
Completed,0.67,4,197,1012,0.46,0.538
Completed,0.73,5,1685,4270,0.833,0.414
Completed,0.69,4,2524,1797,0.203,0.877
Completed,0.68,4,3155,4756,0.338,0.777
Completed,0.67,4,2316,2229,0.69,0.312
Completed,0.69,5,833,3033,0.065,0.685
Completed,0.74,31,4956,512,0.963,0.152
Completed,0.69,4,4537,4027,0.06,0.367
Completed,0.63,3,1234,1548,0.913,0.831
Completed,0.71,7,1936,3245,0.286,0.206
Completed,0.7,6,3517,772,0.687,0.74
Completed,0.66,4,2904,2812,0.789,0.608
Completed,0.73,36,1323,286,0.176,0.073
Completed,0.71,4,616,4528,0.547,0.947
Completed,0.68,10,3918,2005,0.418,0.484
Completed,0.7,8,4054,2590,0.22,0.132
Completed,0.74,37,481,117,0.87,0.658
Completed,0.71,5,1342,4622,0.492,0.285
Completed,0.69,4,2886,2145,0.597,0.757
Completed,0.6,3,3498,3853,0.988,0.905
Completed,0.72,12,1954,1332,0.11,0.433
Completed,0.67,4,1098,3389,0.73,0.557
Completed,0.72,16,4671,862,0.367,0.031
Completed,0.69,5,4896,4846,0.641,0.487
Completed,0.68,4,894,2373,0.261,0.96
Completed,0.7,3,2218,2817,0.883,0.086
Completed,0.74,26,3254,338,0.019,0.611
Completed,0.7,4,2622,3630,0.381,0.729
Completed,0.73,9,1585,1107,0.53,0.202
Completed,0.66,3,256,4101,0.154,0.827
Completed,0.73,12,4259,1575,0.756,0.356
Completed,0.7,4,4208,4331,0.303,0.527
Completed,0.67,3,8,1814,0.67,0.063
Completed,0.68,5,1804,3547,0.046,0.935
Completed,0.71,6,2720,1033,0.927,0.401
Completed,0.63,5,3358,3056,0.533,0.253
Completed,0.69,4,2442,567,0.432,0.787
Completed,0.67,4,641,4773,0.806,0.164
Completed,0.68,8,4842,2290,0.159,0.628
Completed,0.71,4,4421,3149,0.817,0.857
Completed,0.73,11,1041,632,0.219,0.324
Completed,0.72,2,2060,3927,0.59,0.698
Completed,0.71,9,3719,1415,0.445,0.234
Completed,0.7,4,3102,4393,0.08,0.118
Completed,0.7,6,1443,1906,0.948,0.581
Completed,0.68,3,429,2673,0.322,0.455
Completed,0.72,13,3809,190,0.706,0.99
Completed,0.68,5,3774,3435,0.354,0.316
Completed,0.69,3,433,913,0.736,0.851
Completed,0.7,4,1448,3905,0.112,0.226
Completed,0.7,5,3068,1378,0.977,0.69
Completed,0.69,4,3705,4650,0.623,0.588
Completed,0.7,4,2085,2176,0.474,0.124
Completed,0.71,3,1065,2622,0.849,0.998
Completed,0.73,102,4406,144,0.248,0.465
Completed,0.71,4,4768,4129,0.776,0.054
Completed,0.7,5,685,1606,0.127,0.518
Completed,0.7,3,2485,3660,0.503,0.395
Completed,0.7,3,3285,1134,0.399,0.928
Completed,0.65,5,2667,2862,0.016,0.796
Completed,0.72,37,1867,390,0.894,0.261
Completed,0.72,3,72,4898,0.273,0.635
Completed,0.71,6,4155,2419,0.637,0.171
Completed,0.71,3,4254,4824,0.188,0.966
Completed,0.65,3,290,2336,0.785,0.495
Completed,0.66,5,1619,3101,0.414,0.62
Completed,0.71,8,2617,619,0.559,0.094
Completed,0.67,4,3230,3577,0.917,0.196
Completed,0.67,3,2233,1061,0.048,0.722
Completed,0.69,4,908,4358,0.675,0.346
Completed,0.68,6,4872,1846,0.29,0.818
Completed,0.71,6,4627,2705,0.701,0.667
Completed,0.73,38,1171,217,0.333,0.141
Completed,0.71,2,2027,4420,0.959,0.764
Completed,0.69,6,3454,1937,0.076,0.291
Completed,0.69,3,2823,3979,0.464,0.425
Completed,0.71,3,1396,1461,0.564,0.896
Completed,0.67,4,535,3196,0.191,0.024
Completed,0.73,493,3991,684,0.836,0.55
Completed,0.65,4,3972,3765,0.518,0.837
Completed,0.7,4,553,1283,0.384,0.374
Completed,0.68,4,1260,3301,0.76,0.749
Completed,0.72,9,2957,813,0.143,0.215
Completed,0.71,6,3590,2522,0.257,0.067
Completed,0.75,1735,1892,9,0.653,0.6
Completed,0.68,4,1190,4554,0.031,0.475
Completed,0.68,3,4609,2038,0.879,0.939
Completed,0.71,5,4970,3678,0.098,0.546
Completed,0.72,7,809,1195,0.991,0.012
Completed,0.69,3,2292,4150,0.371,0.885
Completed,0.7,7,3170,1663,0.719,0.42
Completed,0.66,3,2557,4953,0.866,0.304
Completed,0.7,5,1680,2441,0.231,0.767
Completed,0.71,3,192,2924,0.609,0.145
Completed,0.74,23,4353,406,0.488,0.679
Completed,0.67,5,4135,3007,0.944,0.445
Completed,0.71,6,93,479,0.091,0.972
Completed,0.7,4,1730,4724,0.717,0.097
Completed,0.69,5,2806,2202,0.317,0.568
Completed,0.69,3,3422,4223,0.207,0.717
Completed,0.66,4,2347,1746,0.82,0.245
Completed,0.64,3,705,3439,0.449,0.87
Completed,0.71,14,4747,965,0.579,0.344
Completed,0.71,4,4504,4481,0.428,0.175
Completed,0.72,6,969,1955,0.545,0.647
Completed,0.7,4,2143,2761,0.171,0.274
Completed,0.73,16,3648,239,0.802,0.799
Completed,0.67,3,3010,3218,0.658,0.917
Completed,0.74,17,1504,739,0.307,0.39
Completed,0.71,3,336,3995,0.931,0.514
Completed,0.69,10,3870,1523,0.034,0.043
Completed,0.72,6,3905,2845,0.676,0.57
Completed,0.72,8,332,332,0.297,0.107
Completed,0.73,2,1500,4876,0.918,0.981
Completed,0.69,5,3044,2360,0.055,0.447
Completed,0.72,5,3662,4068,0.407,0.33
Completed,0.71,3,2118,1586,0.558,0.864
Completed,0.69,5,945,3604,0.181,0.239
Completed,0.72,6,4517,1115,0.784,0.703
Completed,0.73,6,4742,4631,0.194,0.809
Completed,0.71,4,740,2120,0.841,0.275
Completed,0.7,4,2381,2601,0.467,0.649
Completed,0.73,147,3418,84,0.569,0.185
Completed,0.67,4,2780,3375,0.954,0.037
Completed,0.72,17,1744,892,0.074,0.5
Completed,0.67,3,107,3847,0.697,0.376
Completed,0.67,4,4110,1360,0.331,0.911
Completed,0.69,5,4357,3920,0.844,0.209
Completed,0.7,3,157,1443,0.245,0.736
Completed,0.68,6,1645,3136,0.618,0.36
Completed,0.68,4,2562,662,0.471,0.832
Completed,0.7,5,3195,2684,0.115,0.949
Completed,0.73,13,2278,157,0.982,0.477
Completed,0.68,3,795,4401,0.357,0.603
Completed,0.73,10,4996,1880,0.741,0.077
Completed,0.69,5,4575,3521,0.266,0.407
Completed,0.7,3,1194,1042,0.636,0.879
Completed,0.71,4,1896,4298,0.009,0.007
Completed,0.71,8,3555,1825,0.893,0.532
Completed,0.71,4,2944,4803,0.504,0.681
Completed,0.68,5,1284,2277,0.406,0.154
Completed,0.69,3,578,3084,0.777,0.777
Completed,0.73,21,3958,561,0.133,0.306
Completed,0.66,5,4015,4972,0.45,0.08
Completed,0.68,4,520,2499,0.586,0.615
Completed,0.65,5,1380,2944,0.208,0.489
Completed,0.64,3,2846,467,0.827,0.953
Completed,0.63,4,3460,3737,0.711,0.82
Completed,0.72,14,1993,1216,0.316,0.356
Completed,0.69,4,1138,4208,0.937,0.731
Completed,0.72,8,4633,1681,0.09,0.198
Completed,0.7,7,4857,2540,0.934,0.286
Completed,0.73,65,932,67,0.039,0.75
Completed,0.64,2,2257,4575,0.661,0.128
Completed,0.68,5,3215,2097,0.312,0.661
Completed,0.66,3,2583,3826,0.166,0.56
Completed,0.71,11,1625,1303,0.799,0.026
Completed,0.64,3,295,3358,0.423,0.898
Completed,0.72,15,4220,831,0.542,0.435
Completed,0.7,6,4170,3275,0.026,0.699
Completed,0.67,2,48,758,0.876,0.228
Completed,0.69,3,1844,4055,0.252,0.852
Completed,0.7,5,2682,1542,0.65,0.326
Completed,0.68,3,3319,4502,0.763,0.459
Completed,0.67,4,2480,2014,0.147,0.985
Completed,0.68,4,679,2779,0.521,0.11
Completed,0.73,41,4802,297,0.389,0.582
Completed,0.65,3,4383,4281,0.602,0.93
Completed,0.71,6,1081,1764,0.487,0.404
Completed,0.7,2,2100,3498,0.859,0.528
Completed,0.72,10,3681,987,0.23,0.056
Completed,0.71,4,3062,3027,0.372,0.158
Completed,0.73,14,1481,540,0.726,0.629
Completed,0.67,3,467,4743,0.099,0.255
Completed,0.69,3,3769,2259,0.998,0.782
Completed,0.64,4,3813,4176,0.069,0.395
Completed,0.64,2,394,1654,0.965,0.922
Completed,0.71,4,1408,3711,0.342,0.05
Completed,0.7,7,3106,1184,0.693,0.521
Completed,0.73,6,3744,2893,0.83,0.638
Completed,0.68,4,2046,419,0.198,0.166
Completed,0.63,3,1027,4925,0.572,0.789
Completed,0.72,7,4446,2447,0.455,0.263
Completed,0.7,5,4807,3307,0.554,0.22
Completed,0.72,4,646,785,0.419,0.693
Completed,0.67,3,2446,3779,0.796,0.318
Completed,0.72,5,3324,1253,0.177,0.843
Completed,0.71,3,2706,4543,0.285,0.992
Completed,0.72,7,1829,2071,0.68,0.465
Completed,0.69,2,33,2513,0.059,0.591
Completed,0.74,372,4194,35,0.906,0.12
Completed,0.68,5,4294,2753,0.395,0.759
Completed,0.73,8,252,265,0.508,0.295
Completed,0.67,4,1581,4470,0.137,0.668
Completed,0.71,6,2657,1988,0.765,0.134
Completed,0.68,4,3268,4008,0.632,0.017
Completed,0.66,4,2193,1492,0.278,0.551
Completed,0.67,4,868,3224,0.905,0.427
Completed,0.71,24,4910,711,0.005,0.891
Completed,0.66,4,4667,4696,0.971,0.621
Completed,0.7,5,1133,2208,0.119,0.088
Completed,0.72,3,1989,2976,0.744,0.962
Completed,0.73,18,3494,493,0.345,0.497
Completed,0.69,4,2861,3472,0.241,0.35
Completed,0.65,3,1356,954,0.856,0.813
Completed,0.68,3,495,4249,0.483,0.188
Completed,0.71,6,4029,1737,0.614,0.723
Completed,0.71,3,3933,3649,0.811,0.887
Completed,0.7,4,592,1167,0.162,0.416
Completed,0.7,4,1299,4120,0.538,0.54
Completed,0.7,7,2919,1632,0.435,0.013
Completed,0.64,4,3551,4904,0.043,0.146
Completed,0.7,5,1931,2391,0.922,0.672
Completed,0.68,6,1229,2875,0.3,0.299
Completed,0.72,9,4570,359,0.665,0.771
Completed,0.71,6,4932,3875,0.328,0.742
Completed,0.69,6,849,1391,0.707,0.216
Completed,0.66,4,2332,3407,0.086,0.841
Completed,0.71,10,3131,919,0.948,0.369
Completed,0.69,4,2518,2648,0.589,0.47
Completed,0.73,75,1719,136,0.438,0.942
Completed,0.69,3,230,4683,0.816,0.068
Completed,0.71,7,4314,2165,0.212,0.594
Completed,0.71,4,4095,4453,0.729,0.266
Completed,0.67,3,131,1926,0.36,0.801
Completed,0.7,6,1768,2731,0.987,0.178
Completed,0.74,28,2766,209,0.103,0.641
Completed,0.69,4,3384,3168,0.499,0.51
Completed,0.69,6,2387,690,0.598,0.045
Completed,0.65,3,745,3948,0.226,0.917
Completed,0.73,9,4709,1474,0.871,0.384
Completed,0.7,6,4464,3115,0.151,0.1
Completed,0.72,10,1008,589,0.751,0.564
Completed,0.71,3,2181,4830,0.378,0.438
Completed,0.69,3,3608,2308,0.525,0.972
Completed,0.67,3,2972,4349,0.888,0.871
Completed,0.72,7,1544,1871,0.022,0.337
Completed,0.66,3,376,3566,0.646,0.712
Completed,0.71,12,3832,1094,0.264,0.248
Completed,0.68,5,3838,4336,0.695,0.125
Completed,0.67,4,380,1864,0.34,0.589
Completed,0.71,5,1551,3560,0.967,0.463
Completed,0.72,5,2975,1081,0.067,0.998
Completed,0.72,4,3612,3123,0.457,0.849
Completed,0.71,5,2187,600,0.57,0.315
Completed,0.67,4,1011,4842,0.2,0.691
Completed,0.7,7,4470,2316,0.828,0.226
Completed,0.67,6,4715,3175,0.179,0.261
Completed,0.68,4,749,701,0.794,0.794
Completed,0.67,3,2393,3960,0.421,0.172
Completed,0.7,6,3388,1482,0.552,0.636
Completed,0.64,3,2769,4441,0.908,0.519
Completed,0.7,9,1774,1919,0.057,0.055
Completed,0.64,3,135,2724,0.682,0.928
Completed,0.73,61,4101,196,0.283,0.393
Completed,0.7,5,4308,2641,0.767,0.721
Completed,0.75,15,227,123,0.135,0.194
Completed,0.7,3,1712,4670,0.51,0.819
Completed,0.66,4,2514,2158,0.393,0.348
Completed,0.7,4,3127,3886,0.007,0.496
Completed,0.66,3,2325,1399,0.903,0.968
Completed,0.68,4,845,3415,0.28,0.093
Completed,0.72,11,4926,931,0.63,0.619
Completed,0.65,3,4564,4915,0.347,0.898
Completed,0.69,6,1225,2399,0.742,0.425
Completed,0.69,6,1925,2883,0.121,0.549
Completed,0.73,30,3547,371,0.969,0.023
Completed,0.71,4,2915,3643,0.616,0.14
Completed,0.7,6,1293,1155,0.481,0.667
Completed,0.65,3,588,4107,0.858,0.293
Completed,0.7,6,3927,1625,0.239,0.764
Completed,0.7,6,4025,3459,0.437,0.6
Completed,0.68,6,489,947,0.536,0.065
Completed,0.62,5,1352,4242,0.164,0.94
Completed,0.72,6,2855,1724,0.809,0.477
Completed,0.72,4,3488,4704,0.667,0.374
Completed,0.68,5,1985,2220,0.298,0.839
Completed,0.71,4,1127,2988,0.924,0.214
Completed,0.72,24,4663,500,0.041,0.748
Completed,0.71,4,4907,4016,0.95,0.769
Completed,0.68,5,863,1504,0.084,0.304
Completed,0.71,3,2189,3236,0.709,0.678
Completed,0.73,14,3263,719,0.326,0.144
Completed,0.7,4,2650,2740,0.214,0.011
Completed,0.74,41,1578,258,0.814,0.546
Completed,0.65,3,246,4463,0.44,0.422
Completed,0.71,4,4290,1975,0.587,0.885
Completed,0.71,5,4198,4536,0.105,0.246
Completed,0.7,3,39,2058,0.985,0.718
Completed,0.68,6,1832,2501,0.362,0.342
Completed,0.73,86,2713,28,0.727,0.869
Completed,0.66,3,3330,3319,0.873,0.97
Completed,0.7,5,2450,793,0.224,0.444
Completed,0.7,3,651,3787,0.6,0.57
Completed,0.72,13,4811,1264,0.497,0.098
Completed,0.73,6,4450,2905,0.527,0.39
Completed,0.72,3,1033,427,0.376,0.916
Completed,0.69,3,2050,4933,0.753,0.043
Completed,0.69,6,3750,2459,0.149,0.515
Completed,0.71,3,3113,4169,0.266,0.647
Completed,0.69,8,1412,1641,0.644,0.176
Completed,0.64,3,400,3698,0.024,0.799
Completed,0.72,11,3817,1177,0.886,0.272
Completed,0.7,6,3763,3015,0.053,0.909
Completed,0.71,8,463,532,0.92,0.382
Completed,0.68,4,1475,4735,0.294,0.506
Completed,0.67,5,3058,2248,0.678,0.035
Completed,0.68,4,3677,4288,0.782,0.182
Completed,0.68,3,2094,1776,0.183,0.655
Completed,0.71,5,1077,3511,0.556,0.282
Completed,0.69,6,4376,993,0.409,0.807
Completed,0.71,4,4795,4509,0.567,0.709
Completed,0.66,4,676,2026,0.469,0.237
Completed,0.64,3,2474,2792,0.839,0.862
Completed,0.73,34,3315,303,0.196,0.336
Completed,0.67,4,2678,3263,0.329,0.452
Completed,0.69,3,1838,750,0.698,0.979
Completed,0.61,3,44,4048,0.072,0.105
Completed,0.72,11,4164,1531,0.956,0.576
Completed,0.66,5,4226,3818,0.469,0.312
Completed,0.71,3,299,1292,0.62,0.775
Completed,0.69,5,1631,3346,0.244,0.152
Completed,0.66,4,2587,823,0.846,0.687
Completed,0.71,5,3219,2553,0.739,0.538
Completed,0.74,23,2263,74,0.359,0.005
Completed,0.68,2,936,4582,0.98,0.877
Completed,0.72,8,4863,2109,0.117,0.412
Completed,0.72,6,4639,3750,0.891,0.075
Completed,0.71,6,1141,1223,0.011,0.609
Completed,0.67,4,2000,4214,0.634,0.483
Completed,0.63,4,3463,1693,0.268,0.947
Completed,0.65,3,2850,4964,0.132,0.83
Completed,0.69,7,1386,2487,0.779,0.366
Completed,0.71,4,524,2932,0.404,0.741
Completed,0.74,28,4021,459,0.506,0.207
Completed,0.7,4,3962,4792,0.825,0.432
Completed,0.68,4,584,2269,0.21,0.904
Completed,0.68,5,1288,3076,0.584,0.032
Completed,0.72,11,2950,549,0.452,0.558
Completed,0.71,5,3561,3527,0.089,0.659
Completed,0.72,13,1900,1055,0.939,0.133
Completed,0.71,3,1201,4311,0.314,0.756
Completed,0.71,9,4578,1832,0.713,0.284
Completed,0.72,6,4999,2691,0.31,0.203
Completed,0.74,28,801,170,0.663,0.729
Completed,0.7,3,2282,4414,0.037,0.354
Completed,0.68,5,3201,1887,0.936,0.826
Completed,0.69,3,2568,3909,0.54,0.958
Completed,0.71,9,1649,1435,0.425,0.487
Completed,0.66,3,163,3128,0.797,0.613
Completed,0.73,26,4361,651,0.168,0.086
Completed,0.71,4,4106,3367,0.648,0.788
Completed,0.67,4,101,881,0.254,0.254
Completed,0.69,5,1740,3835,0.874,0.627
Completed,0.7,5,2774,1352,0.028,0.163
Completed,0.73,4,3412,4644,0.387,0.062
Completed,0.68,3,2378,2126,0.523,0.526
Completed,0.7,4,734,2608,0.146,0.402
Completed,0.73,78,4739,97,0.765,0.936
Completed,0.67,4,4514,4081,0.229,0.581
Completed,0.7,6,938,1592,0.861,0.116
Completed,0.71,3,2114,3610,0.485,0.99
Completed,0.73,9,3656,1128,0.604,0.457
Completed,0.73,4,3038,2837,0.996,0.324
Completed,0.73,27,1497,320,0.101,0.859
Completed,0.68,3,326,4865,0.724,0.234
Completed,0.71,5,3901,2352,0.374,0.697
Completed,0.7,5,3876,3205,0.979,0.165
Completed,0.69,4,340,733,0.11,0.637
Completed,0.68,4,1511,3988,0.738,0.264
Completed,0.71,3,3013,1510,0.352,0.79
Completed,0.68,3,3652,4489,0.25,0.922
Completed,0.69,4,2149,1966,0.847,0.396
Completed,0.7,5,973,2773,0.476,0.52
Completed,0.73,61,4510,247,0.621,0.048
Completed,0.69,4,4753,4231,0.401,0.467
Completed,0.71,3,709,1757,0.501,0.992
Completed,0.68,3,2353,3451,0.129,0.118
Completed,0.73,8,3426,973,0.774,0.591
Completed,0.67,4,2809,2994,0.639,0.691
Completed,0.73,29,1736,472,0.271,0.22
Completed,0.72,2,97,4717,0.896,0.845
Completed,0.72,7,4141,2189,0.014,0.318
Completed,0.72,4,4347,4947,0.561,0.552
Completed,0.7,3,188,2429,0.412,0.018
Completed,0.7,3,1674,2911,0.787,0.89
Completed,0.73,9,2554,399,0.186,0.427
Completed,0.67,4,3166,3690,0.292,0.294
Completed,0.69,2,2286,1202,0.673,0.758
Completed,0.67,4,805,4158,0.05,0.135
Completed,0.7,7,4964,1674,0.915,0.669
Completed,0.69,6,4603,2534,0.078,0.813
Completed,0.74,536,1187,18,0.957,0.348
Completed,0.68,4,1886,4562,0.335,0.723
Completed,0.7,8,3586,2049,0.7,0.19
Completed,0.69,4,2954,3758,0.838,0.088
Completed,0.7,7,1253,1270,0.189,0.623
Completed,0.68,3,549,3288,0.566,0.497
Completed,0.72,3,3966,806,0.462,0.96
Completed,0.7,4,3987,3966,0.145,0.673
Completed,0.69,6,529,1454,0.758,0.146
Completed,0.64,5,1392,3189,0.386,0.769
Completed,0.72,9,2816,671,0.516,0.298
Completed,0.7,5,3448,2713,0.881,0.414
Completed,0.71,9,2023,229,0.029,0.887
Completed,0.71,3,1165,4432,0.655,0.015
Completed,0.71,9,4623,1945,0.255,0.54
Completed,0.69,3,4868,3585,0.721,0.941
Completed,0.69,7,903,1073,0.369,0.469
Completed,0.64,2,2229,4369,0.993,0.595
Completed,0.69,6,3224,1853,0.096,0.069
Completed,0.65,3,2610,4811,0.49,0.216
Completed,0.68,4,1616,2329,0.607,0.743
Completed,0.7,3,284,3095,0.233,0.368
Completed,0.69,4,4250,606,0.864,0.84
Completed,0.72,6,4159,2855,0.319,0.045
Completed,0.71,4,78,377,0.715,0.508
Completed,0.68,4,1871,4885,0.093,0.384
Completed,0.71,3,2673,2412,0.942,0.919
Completed,0.65,3,3291,4140,0.581,0.802
Completed,0.67,5,2489,1614,0.447,0.268
Completed,0.7,3,691,3668,0.822,0.641
Completed,0.72,11,4772,1146,0.205,0.177
Completed,0.68,4,4410,4662,0.804,0.338
Completed,0.69,4,1071,2184,0.169,0.872
Completed,0.65,3,2088,2630,0.547,0.247
Completed,0.73,63,3711,156,0.426,0.711
Completed,0.69,4,3074,3428,0.036,0.563
Completed,0.72,13,1451,900,0.929,0.099
Completed,0.71,3,440,3893,0.309,0.973
Completed,0.72,8,3778,1371,0.656,0.439
Completed,0.6,4,3803,4381,0.275,0.863
Completed,0.69,6,425,1898,0.627,0.329
Completed,0.69,6,1437,2665,0.002,0.704
Completed,0.74,37,3098,179,0.9,0.241
Completed,0.7,5,3715,3156,0.513,0.107
Completed,0.69,3,2054,645,0.397,0.572
Completed,0.68,4,1037,3939,0.77,0.446
Completed,0.73,4,4415,1422,0.14,0.98
Completed,0.7,5,4835,3062,0.851,0.502
Completed,0.73,8,638,580,0.238,0.037
Completed,0.7,3,2436,4786,0.609,0.91
Completed,0.69,6,3355,2297,0.481,0.376
Completed,0.71,4,2717,4319,0.122,0.274
Completed,0.64,4,1798,1806,0.976,0.809
Completed,0.55,3,4,3539,0.348,0.186
Completed,0.7,9,4202,1022,0.749,0.65
Completed,0.72,5,4265,3622,0.201,0.478
Completed,0.71,2,260,1095,0.835,0.95
Completed,0.67,4,1591,4090,0.458,0.075
Completed,0.72,5,2626,1567,0.577,0.602
Completed,0.68,3,3258,4859,0.961,0.734
Completed,0.68,3,2224,2380,0.066,0.208
Completed,0.69,3,897,2823,0.688,0.833
Completed,0.73,37,4903,350,0.34,0.361
Completed,0.7,5,4678,3866,0.685,0.154
Completed,0.69,5,1102,1339,0.288,0.68
Completed,0.69,7,1960,3396,0.911,0.306
Completed,0.71,13,3502,874,0.061,0.778
Completed,0.69,3,2890,2582,0.416,0.879
Completed,0.73,84,1348,105,0.549,0.408
Completed,0.62,4,485,4611,0.174,0.532
Completed,0.71,9,4060,2137,0.791,0.005
Completed,0.72,7,3922,2801,0.595,0.357
Completed,0.71,7,622,278,0.494,0.821
Completed,0.71,4,1326,4520,0.868,0.196
Completed,0.64,5,2910,1994,0.221,0.731
Completed,0.7,4,3523,4034,0.365,0.613
Completed,0.72,11,1940,1561,0.732,0.08
Completed,0.67,5,1241,3257,0.108,0.954
Completed,0.73,18,4540,778,0.99,0.49
Completed,0.7,5,4959,4763,0.017,0.025
Completed,0.69,5,839,2242,0.885,0.559
Completed,0.69,4,2320,3046,0.259,0.435
Completed,0.7,4,3161,519,0.643,0.899
Completed,0.66,4,2530,3478,0.754,0.751
Completed,0.73,12,1689,1004,0.156,0.287
Completed,0.68,3,203,4262,0.528,0.661
Completed,0.71,14,4323,1785,0.383,0.126
Completed,0.67,3,4067,4189,0.925,0.984
Completed,0.67,3,140,1702,0.047,0.458
Completed,0.66,5,1780,3717,0.668,0.583
Completed,0.71,6,2736,1234,0.305,0.112
Completed,0.68,5,3373,2963,0.157,0.228
Completed,0.7,5,2417,445,0.808,0.701
Completed,0.69,4,772,4992,0.43,0.325
Completed,0.7,4,4700,2481,0.535,0.851
Completed,0.71,6,4475,3340,0.443,0.631
Completed,0.72,8,978,851,0.592,0.158
Completed,0.72,2,2153,3805,0.217,0.781
Completed,0.72,10,3617,1322,0.819,0.255
Completed,0.68,3,2999,4593,0.704,0.403
Completed,0.71,3,1535,2077,0.324,0.93
Completed,0.71,4,365,2561,0.946,0.057
Completed,0.73,169,3862,48,0.081,0.528
Completed,0.69,6,3854,2575,0.493,0.491
Completed,0.74,22,357,54,0.596,0.955
Completed,0.67,4,1533,4609,0.221,0.082
Completed,0.69,6,2996,2081,0.869,0.617
Completed,0.67,4,3630,3791,0.731,0.733
Completed,0.69,3,2166,1317,0.366,0.2
Completed,0.67,3,995,3325,0.988,0.822
Completed,0.73,17,4492,847,0.109,0.358
Completed,0.69,4,4697,4988,0.882,0.13
Completed,0.65,4,770,2465,0.02,0.663
Completed,0.69,4,2409,2957,0.641,0.288
Completed,0.74,18,3365,431,0.262,0.752
Completed,0.68,4,2753,3721,0.153,0.9
Completed,0.72,9,1797,1249,0.757,0.437
Completed,0.66,3,153,4194,0.379,0.562
Completed,0.71,9,4080,1716,0.531,0.028
Completed,0.72,5,4330,4277,0.045,0.854
Completed,0.64,4,210,1789,0.928,0.328
Completed,0.72,4,1691,3492,0.302,0.701
Completed,0.71,5,2532,1010,0.671,0.23
Completed,0.69,4,3149,3030,0.805,0.112
Completed,0.71,6,2308,514,0.16,0.584
Completed,0.66,3,822,4749,0.532,0.461
Completed,0.64,3,4942,2236,0.433,0.987
Completed,0.7,6,4542,3252,0.591,0.53
Completed,0.73,11,1243,764,0.444,0.058
Completed,0.64,2,1947,4030,0.817,0.932
Completed,0.72,8,3530,1546,0.217,0.406
Completed,0.7,4,2893,4526,0.322,0.257
Completed,0.71,4,1310,2008,0.705,0.784
Completed,0.7,4,610,2805,0.081,0.16
Completed,0.72,16,3910,293,0.947,0.631
Completed,0.71,2,4048,4625,0.627,0.983
Completed,0.68,4,473,2143,0.276,0.449
Completed,0.69,5,1331,2598,0.899,0.572
Completed,0.69,4,3509,3381,0.396,0.241
Completed,0.71,8,1967,869,0.514,0.705
Completed,0.72,4,1104,3851,0.139,0.332
Completed,0.68,3,4679,1334,0.771,0.866
Completed,0.7,6,4885,2819,0.236,0.651
Completed,0.73,18,881,335,0.854,0.187
Completed,0.68,3,2212,4853,0.477,0.811
Completed,0.7,5,3246,2366,0.612,0.277
Completed,0.72,3,2628,4094,0.972,0.378
Completed,0.68,5,1594,1582,0.125,0.913
Completed,0.69,3,267,3627,0.746,0.039
Completed,0.71,16,4272,1109,0.351,0.502
Completed,0.7,5,4215,3554,0.831,0.362
Completed,0.72,3,17,1026,0.203,0.833
Completed,0.67,4,1815,4333,0.574,0.211
Completed,0.65,4,2734,1812,0.461,0.738
Completed,0.68,3,3347,4770,0.064,0.604
Completed,0.68,4,2428,2293,0.964,0.079
Completed,0.72,3,635,3048,0.336,0.951
Completed,0.72,21,4833,574,0.691,0.479
Completed,0.69,6,4432,3934,0.287,0.008
Completed,0.7,9,1054,1408,0.686,0.534
Completed,0.67,3,2067,3152,0.061,0.409
Completed,0.69,3,3728,630,0.912,0.881
Completed,0.7,4,3096,2671,0.548,0.779
Completed,0.74,47,1434,193,0.417,0.308
Completed,0.67,3,418,4385,0.79,0.683
Completed,0.68,8,3795,1913,0.175,0.156
Completed,0.68,5,3781,3898,0.761,0.542
Completed,0.7,4,442,1385,0.141,0.015
Completed,0.64,3,1459,3432,0.519,0.889
Completed,0.71,12,3081,915,0.383,0.418
Completed,0.72,7,3693,2624,0.032,0.301
Completed,0.71,6,2071,142,0.879,0.773
Completed,0.7,3,1059,4657,0.258,0.148
Completed,0.7,7,4398,2169,0.652,0.674
Completed,0.67,4,4779,3653,0.37,0.843
Completed,0.68,5,699,1142,0.719,0.371
Completed,0.66,4,2492,4126,0.097,0.744
Completed,0.69,7,3294,1609,0.993,0.218
Completed,0.65,4,2660,4900,0.608,0.07
Completed,0.7,6,1859,2417,0.49,0.596
Completed,0.71,3,60,2869,0.865,0.472
Completed,0.7,8,4141,383,0.232,0.944
Completed,0.65,6,4248,3099,0.717,0.18
Completed,0.68,4,282,622,0.319,0.643
Completed,0.71,4,1609,4817,0.943,0.268
Completed,0.68,5,2604,2343,0.092,0.803
Completed,0.71,3,3241,4365,0.448,0.919
Completed,0.69,4,2246,1838,0.579,0.386
Completed,0.68,4,914,3580,0.206,0.512
Completed,0.72,13,4881,1059,0.822,0.047
Completed,0.67,4,4617,4418,0.172,0.44
Completed,0.71,3,1158,1939,0.801,0.974
Completed,0.68,3,2021,2697,0.429,0.102
Completed,0.73,45,3446,225,0.544,0.566
Completed,0.65,4,2828,3203,0.932,0.714
Completed,0.72,14,1404,676,0.033,0.25
Completed,0.63,3,546,3981,0.659,0.873
Completed,0.73,9,4004,1458,0.306,0.339
Completed,0.69,6,3983,3294,0.113,0.052
Completed,0.72,6,566,820,0.977,0.523
Completed,0.71,5,1265,3763,0.355,0.397
Completed,0.67,2,2966,1286,0.734,0.924
Completed,0.68,4,3584,4556,0.85,0.791
Completed,0.72,9,1884,2035,0.247,0.265
Completed,0.72,5,1180,2529,0.624,0.64
Completed,0.71,5,4976,4143,0.502,0.319
Completed,0.67,4,817,1670,0.4,0.845
Completed,0.68,3,2303,3676,0.775,0.222
Completed,0.71,7,3183,1197,0.127,0.694
Completed,0.7,4,2547,2926,0.272,0.593
Completed,0.74,24,1667,403,0.638,0.122
Completed,0.72,9,186,4961,0.015,0.994
Completed,0.72,7,4345,2434,0.896,0.467
Completed,0.68,4,4124,4721,0.413,0.67
Completed,0.66,3,79,2205,0.559,0.136
Completed,0.71,4,1724,3000,0.187,0.761
Completed,0.73,11,2797,486,0.786,0.297
Completed,0.71,5,3429,3446,0.674,0.429
Completed,0.64,3,2356,958,0.291,0.893
Completed,0.71,3,716,4226,0.916,0.019
Completed,0.72,7,4761,1743,0.049,0.553
Completed,0.71,3,4497,2759,0.96,0.964
Completed,0.73,29,961,241,0.075,0.499
Completed,0.68,3,2131,4473,0.703,0.623
Completed,0.71,8,3634,1962,0.333,0.09
Completed,0.7,5,3021,4002,0.192,0.19
Completed,0.65,5,1518,1515,0.836,0.725
Completed,0.69,3,343,3220,0.464,0.352
Completed,0.68,5,3879,737,0.563,0.815
Completed,0.67,4,3894,4879,0.209,0.283
Completed,0.7,3,319,2357,0.826,0.755
Completed,0.69,6,1495,2852,0.45,0.13
Completed,0.68,4,2728,663,0.767,0.737
Completed,0.69,4,1139,4044,0.072,0.096
Completed,0.71,2,1958,1329,0.58,0.982
Completed,0.69,5,4177,3338,0.258,0.372
Completed,0.72,7,4625,2245,0.2,0.497
Completed,0.68,3,1820,3048,0.896,0.857
Completed,0.68,4,3491,4882,0.709,0.612
Completed,0.72,4,3261,1577,0.464,0.793
Completed,0.71,10,1436,1043,0.152,0.548
Completed,0.71,5,4856,4292,0.937,0.16
Completed,0.73,158,3780,73,0.505,0.035
Completed,0.67,2,2196,4637,0.343,0.673
Completed,0.7,5,900,1999,0.817,0.312
Completed,0.68,7,3125,2670,0.031,0.918
Completed,0.73,11,3967,1080,0.966,0.319
Completed,0.7,6,714,1618,0.654,0.089
Completed,0.71,4,2918,3676,0.445,0.695
Completed,0.72,7,3065,1761,0.847,0.422
Completed,0.66,5,880,3531,0.062,0.783
Completed,0.67,4,2256,1247,0.535,0.169
Completed,0.72,4,3801,4086,0.374,0.561
Completed,0.73,87,4913,180,0.183,0.686
Completed,0.7,5,3242,2543,0.656,0.298
Completed,0.72,12,3470,849,0.419,0.11
Completed,0.71,2,6,3860,0.74,0.747
Completed,0.72,8,1840,1535,0.232,0.363
Completed,0.71,3,4685,3134,0.928,0.97
Completed,0.65,4,4196,2353,0.612,0.845
Completed,0.69,2,2015,2941,0.29,0.488
Completed,0.72,10,1121,579,0.799,0.622
Completed,0.74,13,498,307,0.597,0.279
Completed,0.67,3,3293,4401,0.306,0.889
Completed,0.7,6,3687,1408,0.552,0.704
Completed,0.72,3,1628,897,0.864,0.95
Completed,0.73,26,4291,528,0.48,0.468
Completed,0.7,2,2076,4803,0.673,0.825
Completed,0.71,4,1021,2479,0.169,0.191
Completed,0.71,3,2614,2814,0.985,0.579
Completed,0.69,3,2524,419,0.698,0.897
Completed,0.71,4,955,4913,0.392,0.255
Completed,0.68,3,2161,2198,0.885,0.636
Completed,0.72,11,4500,1375,0.271,0.151
Completed,0.71,5,1713,3292,0.577,0.511
Completed,0.71,6,3369,1957,0.005,0.571
Completed,0.71,4,579,2712,0.837,0.214
Completed,0.73,167,1327,37,0.316,0.832
Completed,0.74,36,1949,390,0.019,0.053
Completed,0.68,4,4105,4944,0.82,0.663
Completed,0.73,16,4595,725,0.637,0.539
Completed,0.72,5,1775,3984,0.459,0.178
Completed,0.71,3,92,1270,0.949,0.808
Completed,0.71,5,3541,3401,0.147,0.416
Completed,0.73,48,3147,143,0.9,0.241
Completed,0.61,3,332,4564,0.189,0.598
Completed,0.72,7,1534,1928,0.713,0.479
Completed,0.71,4,4989,2741,0.376,0.867
Completed,0.73,4,3877,1647,0.068,0.991
Completed,0.68,3,2336,3647,0.78,0.354
Completed,0.69,5,819,970,0.255,0.722
Completed,0.71,4,2970,4361,0.592,0.116
Completed,0.69,8,4823,2078,0.784,0.002
Completed,0.7,5,1387,2593,0.119,0.643
Completed,0.7,4,2817,3069,0.737,0.459
Completed,0.7,5,3003,2403,0.08,0.669
Completed,0.71,3,2309,604,0.267,0.922
Completed,0.7,4,3902,4689,0.573,0.285
Completed,0.73,15,4977,783,0.889,0.41
Completed,0.67,4,1548,3886,0.209,0.797
Completed,0.67,4,338,1522,0.702,0.187
Completed,0.72,26,3536,203,0.65,0.861
Completed,0.7,2,99,4468,0.441,0.469
Completed,0.7,6,1786,2182,0.962,0.608
Completed,0.71,6,4581,2526,0.129,0.247
Completed,0.71,9,4133,1745,0.321,0.123
Completed,0.67,4,1924,3589,0.529,0.733
Completed,0.71,7,1173,1187,0.008,0.345
Completed,0.71,2,2773,4109,0.841,0.986
Completed,0.69,3,1207,2989,0.508,0.932
Completed,0.73,40,1681,250,0.064,0.204
Completed,0.66,5,4530,4418,0.775,0.564
Completed,0.72,8,4355,1136,0.717,0.69
Completed,0.7,3,965,1872,0.904,0.966
Completed,0.71,3,2511,3461,0.193,0.325
Completed,0.71,6,2587,1022,0.498,0.136
Completed,0.69,3,1046,4272,0.66,0.524
Completed,0.66,4,4435,2018,0.531,0.878
Completed,0.71,5,1620,2689,0.37,0.272
Completed,0.74,28,246,53,0.843,0.648
Completed,0.7,4,3701,4616,0.058,0.011
Completed,0.71,9,3304,1350,0.803,0.334
Completed,0.65,4,484,3359,0.107,0.944
Completed,0.72,14,1382,645,0.616,0.073
Completed,0.7,4,4831,4026,0.294,0.714
Completed,0.73,26,4029,432,0.228,0.589
Completed,0.65,3,1867,4587,0.722,0.914
Completed,0.69,4,3440,2798,0.908,0.676
Completed,0.71,6,1482,1320,0.484,0.741
Completed,0.7,5,4887,3388,0.677,0.1
Completed,0.72,7,3812,2294,0.86,0.224
Completed,0.74,17,873,323,0.549,0.493
Completed,0.71,3,3074,4969,0.355,0.854
Completed,0.74,12,2908,478,0.945,0.02
Completed,0.7,3,727,4816,0.144,0.626
Completed,0.68,4,2409,2454,0.633,0.266
Completed,0.65,3,3958,2881,0.455,0.903
Completed,0.69,9,4761,1475,0.023,0.778
Completed,0.72,5,550,910,0.335,0.502
Completed,0.71,5,3395,3759,0.512,0.145
Completed,0.73,6,3626,2055,0.251,0.449
Completed,0.62,3,166,2653,0.589,0.841
Completed,0.72,10,1809,1100,0.4,0.428
Completed,0.65,4,4639,4192,0.691,0.788
Completed,0.72,4,4150,286,0.757,0.913
Completed,0.71,4,1983,4381,0.092,0.303
Completed,0.68,5,1172,2096,0.57,0.683
Completed,0.69,4,2698,2612,0.28,0.042
Completed,0.72,2,2005,993,0.788,0.789
Completed,0.74,152,4656,82,0.431,0.308
Completed,0.69,4,4741,4258,0.342,0.828
Completed,0.73,154,3978,39,0.151,0.953
Completed,0.69,4,3054,2127,0.033,0.787
Completed,0.7,4,893,2540,0.869,0.426
Completed,0.74,10,2262,177,0.345,0.557
Completed,0.72,11,4907,1249,0.998,0.04
Completed,0.7,4,403,1758,0.686,0.302
Completed,0.7,3,3229,3534,0.474,0.912
Completed,0.72,5,3460,581,0.727,0.744
Completed,0.71,2,1847,2351,0.913,0.974
Completed,0.72,8,4189,1538,0.304,0.492
Completed,0.73,2,2024,3132,0.605,0.848
Completed,0.74,9,1131,847,0.116,0.231
Completed,0.66,3,2658,3862,0.793,0.618
Completed,0.72,11,2717,453,0.085,0.099
Completed,0.69,3,1152,4879,0.762,0.74
Completed,0.71,8,4811,1809,0.102,0.647
Completed,0.66,4,1402,3487,0.81,0.006
Completed,0.7,6,3682,2477,0.361,0.071
Completed,0.66,3,265,2816,0.542,0.708
Completed,0.72,18,1639,531,0.049,0.34
Completed,0.73,3,4415,4801,0.854,0.946
Completed,0.6,4,4279,894,0.671,0.821
Completed,0.7,6,1026,1410,0.983,0.583
Completed,0.71,6,2531,697,0.391,0.251
Completed,0.67,3,946,4010,0.708,0.893
Completed,0.66,5,4374,3294,0.896,0.64
Completed,0.71,8,4510,2200,0.58,0.515
Completed,0.69,5,1701,3092,0.262,0.154
Completed,0.66,3,185,416,0.767,0.768
Completed,0.71,7,3376,1621,0.819,0.218
Completed,0.72,8,1316,1077,0.507,0.44
Completed,0.72,4,1187,205,0.815,0.99
Completed,0.68,3,2761,4466,0.026,0.349
Completed,0.67,3,2753,1267,0.522,0.936
Completed,0.7,5,1192,3404,0.325,0.295
Completed,0.72,8,1943,727,0.834,0.659
Completed,0.73,32,4601,388,0.446,0.174
Completed,0.7,4,1767,4946,0.643,0.535
Completed,0.64,4,3555,2986,0.955,0.812
Completed,0.73,9,3158,968,0.218,0.594
Completed,0.68,4,1529,1649,0.405,0.871
Completed,0.71,8,3883,1925,0.75,0.358
Completed,0.71,5,2328,2743,0.089,0.995
Completed,0.74,36,808,145,0.563,0.112
Completed,0.74,19,2837,305,0.93,0.399
Completed,0.66,3,642,4404,0.223,0.76
Completed,0.68,4,2475,2080,0.743,0.13
Completed,0.74,17,1368,435,0.299,0.718
Completed,0.71,5,4843,4861,0.602,0.077
Completed,0.73,18,4043,642,0.918,0.202
Completed,0.7,6,653,1352,0.73,0.455
Completed,0.68,4,2823,3357,0.428,0.816
Completed,0.69,5,2316,785,0.583,0.289
Completed,0.73,24,4970,602,0.2,0.801
Completed,0.68,4,1553,4691,0.891,0.413
Completed,0.67,3,352,2406,0.387,0.54
Completed,0.7,4,3127,2926,0.705,0.183
Completed,0.71,9,3521,1184,0.466,0.473
Completed,0.7,3,111,4111,0.632,0.865
Completed,0.71,7,1794,1748,0.154,0.243
Completed,0.71,5,4575,3586,0.944,0.604
Completed,0.7,5,4125,2180,0.503,0.729
Completed,0.7,6,1930,2529,0.337,0.119
Completed,0.73,9,560,476,0.518,0.149
Completed,0.7,4,3388,4819,0.321,0.506
Completed,0.7,4,3617,1874,0.566,0.837
Completed,0.7,3,172,3459,0.28,0.446
Completed,0.71,9,1694,1133,0.754,0.568
Completed,0.73,53,4342,252,0.401,0.083
Completed,0.64,3,2181,4415,0.687,0.693
Completed,0.7,5,974,2052,0.214,0.321
Completed,0.72,2,2505,2655,0.874,0.962
Completed,0.73,78,2595,50,0.682,0.528
Completed,0.7,4,1041,4618,0.469,0.14
Completed,0.63,3,2096,2020,0.994,0.75
Completed,0.72,10,4448,1593,0.349,0.268
Completed,0.64,4,1609,3738,0.561,0.874
Completed,0.72,4,3707,4269,0.873,0.652
Completed,0.7,6,3313,2263,0.112,0.94
Completed,0.69,3,4666,995,0.747,0.918
Completed,0.73,4,1860,4299,0.414,0.312
Completed,0.7,4,3451,3633,0.227,0.035
Completed,0.73,25,3222,325,0.979,0.372
Completed,0.7,3,413,4967,0.174,0.982
Completed,0.72,6,1473,2291,0.667,0.096
Completed,0.69,5,4894,3041,0.486,0.737
Completed,0.72,9,3821,1322,0.053,0.613
Completed,0.69,3,2236,3385,0.858,0.221
Completed,0.72,4,861,748,0.365,0.858
Completed,0.67,4,3084,3919,0.546,0.497
Completed,0.72,7,2899,913,0.138,0.63
Completed,0.7,4,734,3757,0.959,0.024
Completed,0.7,3,2422,1473,0.45,0.899
Completed,0.72,7,4747,2456,0.83,0.386
Completed,0.7,5,1307,2879,0.01,0.775
Completed,0.7,6,3761,2837,0.827,0.108
Completed,0.72,10,4875,1431,0.636,0.233
Completed,0.7,4,1416,3279,0.455,0.621
Completed,0.71,5,430,876,0.948,0.487
Completed,0.7,4,3280,3793,0.143,0.843
Completed,0.71,6,3511,2099,0.903,0.562
Completed,0.73,2,46,2609,0.195,0.17
Completed,0.7,11,1801,284,0.716,0.785
Completed,0.69,4,4644,4383,0.382,0.424
Completed,0.71,11,4157,1102,0.067,0.299
Completed,0.73,3,1978,4190,0.774,0.909
Completed,0.72,5,1158,1827,0.254,0.045
Completed,0.68,4,2709,3505,0.587,0.687
Completed,0.7,4,1101,2795,0.619,0.548
Completed,0.73,185,1995,80,0.098,0.437
Completed,0.71,4,4215,4589,0.806,0.793
Completed,0.72,4,3331,3150,0.758,0.468
Completed,0.65,3,297,4512,0.842,0.519
Completed,0.68,4,4388,2561,0.529,0.764
Completed,0.67,3,4253,1779,0.962,0.889
Completed,0.69,2,2039,3554,0.126,0.279
Completed,0.7,4,1058,1231,0.65,0.643
Completed,0.68,4,4323,4345,0.719,0.571
Completed,0.74,78,4459,127,0.785,0.696
Completed,0.7,4,1674,4543,0.124,0.09
Completed,0.69,3,232,1946,0.598,0.957
Completed,0.73,14,3407,706,0.549,0.025
Completed,0.7,8,1289,1286,0.861,0.255
Completed,0.66,6,4690,3422,0.04,0.897
Completed,0.71,3,2362,3004,0.678,0.38
Completed,0.74,13,754,367,0.169,0.51
Completed,0.71,7,4554,1973,0.186,0.118
Completed,0.75,46,131,18,0.498,0.356
Completed,0.71,2,3582,4650,0.663,0.993
Completed,0.73,5,3185,1394,0.417,0.662
Completed,0.69,5,1497,679,0.231,0.931
Completed,0.71,5,4951,3992,0.922,0.29
Completed,0.74,26,3836,398,0.614,0.414
Completed,0.66,3,2296,4898,0.297,0.806
Completed,0.68,4,859,2222,0.802,0.176
Completed,0.66,4,3010,3112,0.109,0.537
Completed,0.69,4,2883,2369,0.699,0.343
Completed,0.71,3,674,2962,0.398,0.949
Completed,0.7,6,2423,561,0.887,0.066
Completed,0.71,4,4022,4733,0.21,0.703
Completed,0.72,16,4785,826,0.269,0.579
Completed,0.68,4,1350,3842,0.571,0.191
Completed,0.67,4,2873,2959,0.803,0.661
Completed,0.71,5,3020,2216,0.395,0.465
Completed,0.62,3,850,3117,0.702,0.826
Completed,0.72,6,2286,401,0.208,0.188
Completed,0.71,4,3847,4891,0.889,0.58
Completed,0.72,8,4961,672,0.573,0.705
Completed,0.7,4,1486,3995,0.267,0.064
Completed,0.72,4,3194,3310,0.08,0.34
Completed,0.75,2058,3591,4,0.839,0.005
Completed,0.71,7,1725,1990,0.528,0.282
Completed,0.7,6,4077,1626,0.128,0.763
Completed,0.7,5,1902,3708,0.96,0.406
Completed,0.72,8,1235,1071,0.44,0.517
Completed,0.72,3,2780,1056,0.847,0.868
Completed,0.72,8,1912,1639,0.535,0.599
Completed,0.7,5,4067,3692,0.369,0.242
Completed,0.71,6,3647,1940,0.193,0.685
Completed,0.71,3,222,2767,0.905,0.047
Completed,0.74,51,1663,131,0.38,0.907
Completed,0.69,4,4469,4537,0.718,0.301
Completed,0.73,13,4334,943,0.776,0.425
Completed,0.66,3,2114,4350,0.064,0.782
Completed,0.7,3,2572,3658,0.252,0.56
Completed,0.66,3,1068,4078,0.845,0.353
Completed,0.72,8,4379,2133,0.973,0.24
Completed,0.74,12,308,171,0.662,0.478
Completed,0.72,7,3321,1553,0.737,0.536
Completed,0.64,3,546,3157,0.415,0.179
Completed,0.7,3,1359,832,0.924,0.805
Completed,0.71,5,4776,3838,0.228,0.417
Completed,0.74,25,4013,556,0.294,0.292
Completed,0.7,3,2432,4738,0.616,0.929
Completed,0.69,5,4148,4187,0.431,0.699
Completed,0.73,53,4635,281,0.123,0.574
Completed,0.7,4,1810,4390,0.787,0.213
Completed,0.71,6,3501,2604,0.6,0.443
Completed,0.72,9,3270,861,0.354,0.151
Completed,0.7,3,441,3807,0.547,0.508
Completed,0.7,7,1426,1444,0.042,0.381
Completed,0.67,4,4866,3262,0.859,0.769
Completed,0.65,3,2225,2850,0.483,0.257
Completed,0.71,10,930,526,0.987,0.633
Completed,0.69,4,2968,354,0.514,0.846
Completed,0.71,3,745,4942,0.336,0.485
Completed,0.69,4,2352,2343,0.825,0.623
Completed,0.7,10,4700,1272,0.457,0.107
Completed,0.7,3,1279,3437,0.634,0.748
Completed,0.71,6,607,723,0.145,0.361
Completed,0.7,6,3957,1476,0.856,0.736
Completed,0.69,3,2412,3231,0.055,0.098
Completed,0.71,2,723,907,0.544,0.981
Completed,0.72,10,3075,755,0.957,0.507
Completed,0.67,5,3811,3390,0.452,0.384
Completed,0.67,7,4884,2297,0.011,0.259
Completed,0.67,3,1483,3037,0.828,0.901
Completed,0.74,9,422,322,0.323,0.022
Completed,0.7,3,3213,4974,0.516,0.632
Completed,0.7,3,3441,1714,0.278,0.961
Completed,0.71,2,35,3617,0.569,0.323
Completed,0.73,13,1871,980,0.091,0.692
Completed,0.74,124,4205,94,0.689,0.21
Completed,0.71,2,2006,4574,0.399,0.567
Completed,0.72,5,1110,1898,0.877,0.448
Completed,0.73,11,1987,1108,0.721,0.088
Completed,0.73,12,3698,1030,0.63,0.35
Completed,0.71,2,247,4265,0.468,0.987
Completed,0.73,8,1619,1590,0.942,0.12
Completed,0.7,5,4438,3745,0.156,0.726
Completed,0.7,7,4261,2026,0.34,0.602
Completed,0.71,2,2106,2684,0.501,0.245
Completed,0.7,4,2515,2067,0.62,0.033
Completed,0.7,4,964,2641,0.284,0.674
Completed,0.72,6,2172,240,0.808,0.309
Completed,0.72,5,4528,1150,0.412,0.794
Completed,0.7,4,1685,4146,0.749,0.434
Completed,0.72,5,3627,3474,0.936,0.157
Completed,0.73,17,3399,480,0.176,0.5
Completed,0.61,2,549,4814,0.977,0.856
Completed,0.69,6,4757,2882,0.665,0.611
Completed,0.68,4,1920,2174,0.16,0.877
Completed,0.7,6,4134,2533,0.992,0.267
Completed,0.74,8,4585,1752,0.559,0.391
Completed,0.66,4,1785,3580,0.351,0.752
Completed,0.71,3,3137,2422,0.791,0.813
Completed,0.73,10,1544,588,0.604,0.591
Completed,0.72,14,3906,800,0.239,0.078
Completed,0.67,2,2308,3869,0.919,0.716
Completed,0.7,4,790,1506,0.426,0.332
Completed,0.71,3,2999,3203,0.732,0.938
Completed,0.72,5,2814,1366,0.077,0.182
Completed,0.71,6,2493,626,0.264,0.412
Completed,0.68,4,4033,4042,0.586,0.804
Completed,0.68,3,4832,448,0.894,0.928
Completed,0.68,4,488,2248,0.706,0.667
Completed,0.68,4,3303,3085,0.385,0.057
Completed,0.62,3,2464,2584,0.752,0.873
Completed,0.73,14,632,299,0.274,0.235
Completed,0.73,36,2973,151,0.221,0.276
Completed,0.74,5,3873,2749,0.745,0.644
Completed,0.71,8,4988,1655,0.811,0.52
Completed,0.63,3,328,965,0.625,0.758
Completed,0.67,4,3148,4370,0.287,0.401
Completed,0.72,6,3544,2323,0.54,0.194
Completed,0.69,3,91,2969,0.363,0.586
Completed,0.73,31,1776,373,0.852,0.463
Completed,0.73,3,4104,741,0.491,0.948
Completed,0.7,5,1953,3966,0.669,0.338
Completed,0.69,6,1203,1251,0.18,0.71
Completed,0.7,3,2742,3417,0.981,0.069
Completed,0.74,21,2771,208,0.472,0.655
Completed,0.7,3,1176,4459,0.68,0.014
Completed,0.7,2,195,4912,0.728,0.228
Completed,0.69,4,1710,2197,0.235,0.85
Completed,0.73,5,4501,3099,0.915,0.49
Completed,0.72,9,4366,1380,0.608,0.365
Completed,0.68,3,2160,3291,0.301,0.975
Completed,0.73,9,956,693,0.794,0.104
Completed,0.71,3,2520,4015,0.114,0.745
Completed,0.7,3,2080,881,0.016,0.532
Completed,0.7,5,4290,3828,0.832,0.176
Completed,0.72,24,4425,547,0.641,0.051
Completed,0.69,4,1629,4788,0.448,0.657
Completed,0.71,4,3691,2832,0.136,0.934
Completed,0.7,4,3294,1127,0.88,0.721
Completed,0.71,2,1391,1803,0.693,0.998
Completed,0.71,5,4822,3489,0.403,0.357
Completed,0.72,6,4059,2083,0.087,0.481
Completed,0.72,5,3238,1775,0.032,0.091
Completed,0.69,3,395,3521,0.817,0.701
Completed,0.73,7,1453,1235,0.343,0.313
Completed,0.67,3,4917,4099,0.505,0.955
Completed,0.74,20,3803,192,0.938,0.829
Completed,0.71,3,2252,4516,0.152,0.438
Completed,0.68,5,884,2115,0.626,0.576
Completed,0.68,4,3064,2556,0.464,0.216
Completed,0.71,3,2917,1969,0.867,0.91
Completed,0.73,127,2398,23,0.555,0.68
Completed,0.67,4,3968,4683,0.347,0.042
Completed,0.71,12,4732,1089,0.164,0.168
Completed,0.72,3,1325,4242,0.996,0.555
Completed,0.67,4,580,1605,0.475,0.429
Completed,0.68,3,3365,3688,0.684,0.785
Completed,0.73,21,3596,422,0.422,0.62
Completed,0.65,3,454,2006,0.063,0.207
Completed,0.73,4,3260,2663,0.849,0.564
Completed,0.73,13,3487,647,0.104,0.779
Completed,0.7,2,67,4062,0.8,0.388
Completed,0.72,9,1819,1348,0.291,0.502
Completed,0.7,5,4628,3323,0.612,0.142
Completed,0.69,7,4178,2229,0.928,0.017
Completed,0.7,5,1955,3067,0.232,0.628
Completed,0.73,15,1142,468,0.741,0.263
Completed,0.68,3,2727,4866,0.419,0.904
Completed,0.7,2,2014,1532,0.897,0.157
Completed,0.67,5,4200,3136,0.202,0.513
Completed,0.71,6,4687,2355,0.26,0.638
Completed,0.72,5,1837,2939,0.582,0.032
Completed,0.67,3,10,575,0.073,0.892
Completed,0.7,3,3469,4757,0.769,0.254
Completed,0.65,3,2140,2401,0.577,0.495
Completed,0.7,4,4305,2892,0.271,0.851
Completed,0.72,3,4482,1486,0.204,0.976
Completed,0.71,5,1653,3182,0.885,0.369
Completed,0.66,3,213,819,0.392,0.738
Completed,0.66,5,3654,3887,0.698,0.1
Completed,0.74,32,1266,229,0.132,0.038
Completed,0.7,4,4710,4479,0.964,0.679
Completed,0.71,10,3911,1198,0.524,0.554
Completed,0.71,3,2381,4135,0.315,0.163
Completed,0.7,4,775,1733,0.836,0.792
Completed,0.69,5,3122,1569,0.658,0.688
Completed,0.71,3,901,3725,0.496,0.082
Completed,0.7,4,3784,4283,0.184,0.328
Completed,0.74,180,4857,65,0.375,0.452
Completed,0.66,4,1432,4642,0.537,0.84
Completed,0.7,5,836,1169,0.189,0.396
Completed,0.68,3,3031,4164,0.901,0.757
Completed,0.71,6,2865,1001,0.306,0.126
Completed,0.7,3,2447,1696,0.118,0.348
Completed,0.65,3,4800,1879,0.725,0.86
Completed,0.74,29,515,115,0.912,0.607
Completed,0.72,10,3749,1297,0.984,0.406
Completed,0.7,3,274,3370,0.167,0.798
Completed,0.73,12,1572,773,0.672,0.184
Completed,0.71,5,4406,3935,0.479,0.545
Completed,0.73,33,4230,341,0.046,0.67
Completed,0.69,2,2059,4992,0.863,0.06
Completed,0.72,3,1076,2276,0.358,0.923
Completed,0.68,4,2637,3016,0.551,0.282
Completed,0.71,7,2542,606,0.764,0.226
Completed,0.7,3,1016,4725,0.084,0.613
Completed,0.67,4,2803,2431,0.149,0.587
Completed,0.72,4,1223,2863,0.95,0.199
Completed,0.64,4,4083,4834,0.638,0.46
Completed,0.73,13,4534,928,0.822,0.335
Completed,0.67,3,147,1457,0.509,0.074
Completed,0.7,5,3564,3213,0.332,0.711
Completed,0.72,8,3169,258,0.593,0.881
Completed,0.68,3,388,4450,0.255,0.271
Completed,0.72,5,1518,2047,0.78,0.651
Completed,0.71,8,4927,2621,0.069,0.01
Completed,0.72,8,3854,1839,0.377,0.135
Completed,0.72,3,2281,3453,0.714,0.527
Completed,0.69,3,2671,4756,0.103,0.235
Completed,0.68,3,66,451,0.387,0.22
Completed,0.68,3,450,3718,0.626,0.437
Completed,0.65,4,2402,4255,0.133,0.957
Completed,0.69,4,1454,4528,0.968,0.044
Completed,0.68,3,394,2125,0.494,0.908
Completed,0.69,5,4362,3094,0.205,0.025
Completed,0.69,4,192,694,0.084,0.381
Completed,0.68,4,3597,4013,0.764,0.772
Completed,0.69,5,4728,4673,0.525,0.444
Completed,0.68,4,2843,1120,0.248,0.764
Completed,0.69,3,633,4214,0.913,0.403
Completed,0.68,4,2463,1812,0.435,0.518
Completed,0.65,5,4063,3484,0.725,0.126
Completed,0.68,3,258,3260,0.36,0.067
Completed,0.67,5,4429,3809,0.047,0.344
Completed,0.69,5,2741,2307,0.33,0.291
Completed,0.68,4,2494,4864,0.924,0.198
Completed,0.69,3,661,2265,0.415,0.819
Completed,0.67,4,788,2928,0.76,0.063
Completed,0.67,5,3139,3184,0.396,0.544
Completed,0.66,3,2171,4156,0.38,0.079
Completed,0.68,2,2109,1595,0.186,0.397
Completed,0.69,5,4260,3736,0.972,0.754
Completed,0.68,3,2242,3038,0.044,0.616
Completed,0.68,4,1296,3235,0.824,0.39
Completed,0.68,5,2677,1705,0.6,0.552
Completed,0.69,3,1112,3630,0.31,0.164
Completed,0.69,5,4208,4301,0.123,0.433
Completed,0.69,2,39,1912,0.244,0.039
Completed,0.66,4,3210,750,0.172,0.979
Completed,0.68,3,423,3917,0.989,0.369
Completed,0.67,4,1462,4084,0.161,0.682
Completed,0.69,2,19,4754,0.424,0.106
Completed,0.68,5,4676,2944,0.237,0.367
Completed,0.69,4,3606,4916,0.075,0.377
Completed,0.64,3,570,3674,0.029,0.575
Completed,0.66,3,2389,4670,0.94,0.316
Completed,0.69,4,707,1955,0.462,0.699
Completed,0.68,4,2928,2714,0.628,0.093
Completed,0.68,4,3792,4530,0.557,0.165
Completed,0.63,3,504,1123,0.289,0.885
Completed,0.68,4,3285,4211,0.622,0.275
Completed,0.69,3,2090,3812,0.49,0.464
Completed,0.68,3,2606,3258,0.178,0.195
Completed,0.68,3,2151,1373,0.203,0.029
Completed,0.64,3,80,2310,0.134,0.42
Completed,0.67,3,318,4363,0.878,0.237
Completed,0.69,5,4997,3644,0.691,0.483
Completed,0.67,3,2983,4561,0.276,0.718
Completed,0.68,6,4048,2591,0.41,0.522
Completed,0.68,5,4114,3982,0.013,0.049
Completed,0.67,3,238,1024,0.037,0.015
Completed,0.66,3,478,3071,0.789,0.33
Completed,0.67,4,2482,4029,0.241,0.593
Completed,0.69,6,2989,1519,0.771,0.059
Completed,0.68,4,799,3187,0.079,0.665
Completed,0.65,4,3897,3883,0.266,0.926
Completed,0.69,5,4519,4159,0.093,0.208
Completed,0.69,6,4271,2686,0.158,0.393
Completed,0.67,3,26,1702,0.935,0.672
Completed,0.67,5,3948,3237,0.647,0.262
Completed,0.67,4,2690,1914,0.285,0.16
Completed,0.69,6,3638,2764,0.312,0.32
Completed,0.67,3,616,3961,0.352,0.635
Completed,0.66,5,3927,2328,0.481,0.772
Completed,0.66,3,2959,4925,0.99,0.15
Completed,0.68,4,3106,512,0.334,0.968
Completed,0.67,3,920,4782,0.515,0.362
Completed,0.66,3,2216,2498,0.022,0.746
Completed,0.67,4,536,1556,0.082,0.824
Completed,0.69,6,1588,2148,0.317,0.404
Completed,0.66,3,2653,4065,0.438,0.002
Completed,0.66,3,2562,1670,0.245,0.444
Completed,0.66,3,992,3665,0.906,0.832
Completed,0.68,3,2124,949,0.432,0.215
Completed,0.67,4,1735,2733,0.976,0.724
Completed,0.67,3,370,3315,0.735,0.052
Completed,0.63,3,360,1398,0.76,0.951
Completed,0.67,2,122,4665,0.007,0.642
Completed,0.69,3,4564,2720,0.319,0.888
Completed,0.68,3,2789,4223,0.648,0.129
Completed,0.67,4,1243,4237,0.057,0.48
Completed,0.69,5,4243,3539,0.533,0.115
Completed,0.69,5,1598,2575,0.188,0.601
Completed,0.67,3,3718,4496,0.5,0.87
Completed,0.67,4,684,2376,0.108,0.054
Completed,0.69,6,3937,2991,0.024,0.232
Completed,0.64,2,3416,3948,0.946,0.971
Completed,0.69,6,983,1673,0.589,0.172
Completed,0.66,6,2642,1214,0.059,0.994
Completed,0.66,3,2048,1794,0.371,0.725
Completed,0.66,3,56,2104,0.31,0.835
Completed,0.63,3,3751,2481,0.676,0.894
Completed,0.68,3,3095,4767,0.171,0.027
Completed,0.69,4,4655,4313,0.755,0.085
Completed,0.69,4,2681,2808,0.212,0.836
Completed,0.69,5,2699,1823,0.908,0.318
Completed,0.69,4,1168,3510,0.243,0.96
Completed,0.63,4,4351,4431,0.096,0.919
Completed,0.69,2,162,1860,0.225,0.549
Completed,0.68,5,1298,2449,0.488,0.223
Completed,0.69,3,2909,3761,0.367,0.375
Completed,0.66,3,870,3916,0.14,0.147
Completed,0.66,3,2246,1318,0.645,0.776
Completed,0.68,4,1379,4844,0.198,0.287
Completed,0.65,3,2586,4624,0.813,0.475
Completed,0.68,2,101,1178,0.871,0.138
Completed,0.68,4,3532,4114,0.039,0.53
Completed,0.67,3,341,2913,0.11,0.456
Completed,0.67,4,4979,4706,0.298,0.203
Completed,0.65,3,663,3341,0.773,0.543
Completed,0.68,3,2337,1921,0.408,0.007
Completed,0.67,4,1537,3640,0.1,0.132
Completed,0.69,4,4591,4960,0.051,0.823
Completed,0.66,3,257,2463,0.953,0.297
Completed,0.69,3,494,4205,0.216,0.111
Completed,0.67,3,2847,4408,0.564,0.596
Completed,0.66,2,818,4558,0.933,0.882
Completed,0.67,3,2615,1425,0.327,0.809
Completed,0.69,4,1017,3244,0.52,0.421
Completed,0.69,4,718,2699,0.035,0.304
Completed,0.65,2,2195,1048,0.97,0.965
Completed,0.69,7,2667,851,0.71,0.379
Completed,0.68,3,1122,3856,0.389,0.767
Completed,0.69,6,3426,2156,0.444,0.307
Completed,0.65,3,600,2515,0.652,0.917
Completed,0.67,4,2936,3562,0.003,0.432
Completed,0.65,3,4001,3598,0.784,0.985
Completed,0.69,5,1332,2790,0.434,0.472
Completed,0.69,4,3354,4595,0.247,0.25
Completed,0.69,6,1893,501,0.461,0.817
Completed,0.68,6,1758,3782,0.02,0.941
Completed,0.64,3,689,4334,0.596,0.732
Completed,0.74,18,3036,324,0.584,0.657
Completed,0.6,4,4613,4551,0.703,0.837
Completed,0.71,2,1,1107,0.716,0.876
Completed,0.73,29,5000,421,0.153,0.554
Completed,0.7,4,4117,5000,0.543,0.001
Completed,0.74,4,3167,3431,0.999,0.333
Completed,0.72,12,5000,1164,0.999,0.081
Completed,0.74,11,5000,1424,0.805,0.342
Completed,0.73,19,4700,719,0.445,0.323
Completed,0.67,6,4547,2553,0.999,0.257
Completed,0.7,6,718,1412,0.799,0.001
Completed,0.65,6,3415,2296,0.307,0.222
Completed,0.72,14,1543,705,0.453,0.3
Completed,0.74,42,4976,312,0.444,0.356
Completed,0.58,3,943,2884,0.722,0.887
Completed,0.72,16,4189,705,0.177,0.503
Completed,0.68,3,3201,1727,0.722,0.889
Completed,0.68,3,5000,5000,0.731,0.902
Completed,0.71,9,4799,1621,0.608,0.204
Completed,0.69,3,3044,3796,0.999,0.412
Completed,0.69,5,5000,4357,0.999,0.339
Completed,0.72,19,5000,674,0.162,0.502
Completed,0.72,9,4864,1633,0.999,0.415
Completed,0.71,2,21,1073,0.645,0.338
Completed,0.71,2,1,2841,0.728,0.988
Completed,0.72,9,5000,1665,0.999,0.169
Completed,0.64,2,23,4708,0.765,0.938
Completed,0.72,15,5000,738,0.586,0.126
Completed,0.72,4,4722,398,0.426,0.884
Completed,0.72,8,965,794,0.596,0.106
Completed,0.68,4,4997,4843,0.612,0.195
Completed,0.67,3,5000,740,0.503,0.976
Completed,0.66,3,1353,4572,0.204,0.501
Completed,0.66,4,323,961,0.205,0.512
Completed,0.68,2,1,3948,0.214,0.5
Completed,0.68,4,4348,5000,0.186,0.505
Completed,0.63,2,5,4465,0.724,0.838
Failed,,,5000,537,0.003,0.001
Failed,,,5000,1,0.131,0.488
Failed,,,1,864,0.001,0.001
Failed,,,121,816,0.001,0.001
Failed,,,5000,969,0.001,0.265
Failed,,,4912,1,0.427,0.001
Failed,,,246,1107,0.001,0.124
Failed,,,5000,1,0.999,0.418
Failed,,,5000,1,0.44,0.381
Failed,,,4728,1007,0.001,0.001
Failed,,,5000,1,0.999,0.999
Failed,,,2058,771,0.448,0.329
Failed,,,4233,3937,0.642,0.939
Failed,,,4408,344,0.833,0.814
Failed,,,1569,4990,0.016,0.453
Failed,,,278,2275,0.521,0.592
Failed,,,4622,818,0.001,0.559
Failed,,,4992,943,0.001,0.028
Failed,,,5000,219,0.001,0.682
Failed,,,5000,415,0.001,0.444
Failed,,,5000,448,0.001,0.408
Failed,,,5000,1214,0.001,0.494
Failed,,,5000,914,0.001,0.001
Failed,,,4813,1184,0.001,0.492
Failed,,,5000,439,0.001,0.403
Failed,,,5000,1245,0.001,0.562
Failed,,,5000,1235,0.001,0.411
Failed,,,5000,1407,0.001,0.503
Failed,,,2277,2037,0.098,0.866
Failed,,,3856,2634,0.81,0.474
Failed,,,4931,1853,0.744,0.349
Failed,,,1516,3443,0.407,0.99
Failed,,,4725,1338,0.001,0.447
Failed,,,5000,1226,0.001,0.483
Failed,,,5000,1153,0.001,0.516
Failed,,,5000,464,0.001,0.46
Failed,,,5000,419,0.001,0.4
Failed,,,218,826,0.001,0.157
Failed,,,4987,820,0.001,0.516
Failed,,,5000,1486,0.001,0.501
Failed,,,5000,1216,0.001,0.48
Failed,,,5000,413,0.001,0.449
Failed,,,4361,975,0.001,0.056
Failed,,,5000,1093,0.001,0.524
Failed,,,5000,1221,0.001,0.44
Failed,,,4845,788,0.001,0.717
Failed,,,4628,953,0.001,0.091
Failed,,,4191,1416,0.001,0.47
Failed,,,4831,903,0.001,0.052
Failed,,,4908,1173,0.001,0.456
Failed,,,4845,219,0.001,0.001
Failed,,,4922,450,0.001,0.432
Failed,,,4991,247,0.001,0.762
Failed,,,4663,428,0.001,0.421
Failed,,,4082,894,0.001,0.017
Failed,,,5000,1228,0.001,0.465
Failed,,,4864,1922,0.001,0.467
Failed,,,4890,1228,0.001,0.441
Failed,,,5000,1100,0.001,0.54
Failed,,,4700,1237,0.001,0.463
Failed,,,4600,1236,0.001,0.469
Failed,,,4801,438,0.001,0.439
Failed,,,4931,753,0.001,0.001
Failed,,,5000,407,0.001,0.457
Failed,,,5000,998,0.001,0.005
Failed,,,4827,800,0.001,0.473
Failed,,,4979,515,0.001,0.408
Failed,,,5000,478,0.001,0.431
Failed,,,4727,893,0.001,0.001
Failed,,,4845,984,0.001,0.001
Failed,,,5000,427,0.001,0.42
Failed,,,4882,986,0.001,0.031
Failed,,,4906,1038,0.001,0.375
Failed,,,5000,440,0.001,0.447
Failed,,,4680,1192,0.001,0.443
Failed,,,5000,1106,0.001,0.517
Failed,,,4770,875,0.001,0.462
Failed,,,4780,1102,0.001,0.544
Failed,,,4925,998,0.001,0.039
Failed,,,2996,820,0.001,0.434
Failed,,,4938,1007,0.001,0.001
Failed,,,5000,1287,0.001,0.529
Failed,,,5000,1915,0.001,0.384
Failed,,,4750,778,0.001,0.489
Failed,,,4099,942,0.001,0.001
Failed,,,4936,390,0.001,0.445
Failed,,,4940,936,0.001,0.004
Failed,,,4174,423,0.001,0.397
Failed,,,4995,1219,0.001,0.426
Failed,,,4880,243,0.001,0.479
Failed,,,5000,1149,0.001,0.568
Failed,,,5000,508,0.001,0.388
Failed,,,4732,992,0.001,0.001
Failed,,,4948,436,0.001,0.439
Failed,,,4716,988,0.001,0.045
Failed,,,4092,1270,0.001,0.438
Failed,,,4867,1452,0.001,0.472
Failed,,,4832,772,0.001,0.054
Failed,,,5000,1233,0.001,0.484
Failed,,,4995,529,0.001,0.397
Failed,,,4994,1006,0.001,0.026
Failed,,,4880,396,0.001,0.433
Failed,,,5000,401,0.001,0.271
Failed,,,5000,614,0.001,0.001
Failed,,,4486,826,0.001,0.512
Failed,,,4863,983,0.001,0.001
Failed,,,4660,908,0.001,0.058
Failed,,,5000,432,0.001,0.416
Failed,,,4759,951,0.001,0.049
Failed,,,5000,425,0.001,0.462
Failed,,,4361,1433,0.001,0.438
Failed,,,5000,221,0.001,0.001
Failed,,,4925,420,0.001,0.409
Failed,,,4823,1239,0.001,0.445
Failed,,,3573,368,0.001,0.439
Failed,,,4966,1481,0.001,0.562
Failed,,,4763,947,0.001,0.031
Failed,,,5000,558,0.001,0.294
Failed,,,5000,419,0.001,0.434
Failed,,,3757,924,0.001,0.065
Failed,,,4532,996,0.001,0.001
Failed,,,5000,420,0.001,0.422
Failed,,,5000,1136,0.001,0.548
Failed,,,3552,977,0.001,0.133
Failed,,,4525,379,0.001,0.453
Failed,,,5000,473,0.001,0.343
Failed,,,5000,506,0.001,0.461
Failed,,,5000,468,0.001,0.348
Failed,,,5000,457,0.001,0.001
Failed,,,4941,1240,0.001,0.426
Failed,,,5000,1918,0.001,0.552
Failed,,,5000,418,0.001,0.442
Failed,,,4942,989,0.001,0.001
Failed,,,4779,414,0.001,0.462
Failed,,,4555,1254,0.001,0.395
Failed,,,4736,921,0.001,0.059
Failed,,,5000,1194,0.001,0.469
Failed,,,4513,444,0.001,0.385
Failed,,,4276,924,0.001,0.054
Failed,,,4665,869,0.001,0.472
Failed,,,4831,232,0.001,0.001
Failed,,,5000,468,0.001,0.403
Failed,,,5000,929,0.001,0.006
Failed,,,4611,247,0.001,0.446
Failed,,,4970,435,0.001,0.001
Failed,,,5000,461,0.001,0.394
Failed,,,4624,1014,0.001,0.046
Failed,,,5000,417,0.001,0.422
Failed,,,4749,900,0.001,0.001
Failed,,,4797,1909,0.001,0.468
Failed,,,5000,1710,0.001,0.001
Failed,,,4960,429,0.001,0.391
Failed,,,5000,243,0.001,0.472
Failed,,,5000,1033,0.001,0.026
Failed,,,5000,1430,0.001,0.001
Failed,,,4675,953,0.001,0.05
Failed,,,5000,523,0.001,0.407
Failed,,,4781,958,0.001,0.052
Failed,,,4861,1005,0.001,0.001
Failed,,,4932,435,0.001,0.424
Failed,,,3225,951,0.001,0.001
Failed,,,4899,1197,0.001,0.463
Failed,,,5000,433,0.001,0.001
Failed,,,4731,371,0.001,0.437
Failed,,,4847,420,0.001,0.45
Failed,,,4519,976,0.001,0.04
Failed,,,5000,1251,0.001,0.433
Failed,,,5000,983,0.001,0.018
Failed,,,4580,904,0.001,0.001
Failed,,,5000,434,0.001,0.421
Failed,,,5000,1216,0.001,0.401
Failed,,,5000,418,0.001,0.444
Failed,,,4383,894,0.001,0.077
Failed,,,5000,409,0.001,0.457
Failed,,,4951,499,0.001,0.333
Failed,,,4066,1177,0.001,0.45
Failed,,,4982,225,0.001,0.329
Failed,,,4817,1242,0.001,0.455
Failed,,,4939,323,0.001,0.492
Failed,,,5000,1003,0.001,0.036
Failed,,,2771,1444,0.001,0.429
Failed,,,4280,963,0.001,0.039
Failed,,,4389,938,0.001,0.039
Failed,,,4852,416,0.001,0.45
Failed,,,4586,1140,0.001,0.411
Failed,,,4957,922,0.001,0.001
Failed,,,4848,1195,0.001,0.467
Failed,,,5000,962,0.001,0.001
Failed,,,5000,452,0.001,0.001
Failed,,,4894,1718,0.001,0.001
Failed,,,5000,419,0.001,0.423
Failed,,,4941,426,0.001,0.414
Failed,,,5000,833,0.001,0.52
Failed,,,5000,1455,0.001,0.481
Failed,,,5000,219,0.001,0.001
Failed,,,4763,448,0.001,0.363
Failed,,,4265,1414,0.001,0.431
Failed,,,5000,1230,0.001,0.444
Failed,,,5000,937,0.001,0.001
Failed,,,5000,1168,0.001,0.501
Failed,,,5000,503,0.001,0.388
Failed,,,5000,1032,0.001,0.059
Failed,,,5000,441,0.001,0.427
Failed,,,5000,405,0.001,0.314
Failed,,,4810,408,0.001,0.44
Failed,,,4127,1240,0.001,0.432
Failed,,,4455,987,0.001,0.001
Failed,,,5000,417,0.001,0.426
Failed,,,4946,876,0.001,0.49
Failed,,,5000,464,0.001,0.434
Failed,,,5000,781,0.001,0.001
Failed,,,4815,494,0.001,0.398
Failed,,,4369,1008,0.001,0.001
Failed,,,5000,491,0.001,0.375
Failed,,,5000,972,0.001,0.055
Failed,,,4877,974,0.001,0.001
Failed,,,4670,1104,0.001,0.428
Failed,,,4683,915,0.001,0.001
Failed,,,4033,1104,0.001,0.4
Failed,,,4754,1258,0.001,0.444
Failed,,,5000,434,0.001,0.409
Failed,,,5000,934,0.001,0.001
Failed,,,4672,377,0.001,0.454
Failed,,,5000,943,0.001,0.025
Failed,,,4705,1190,0.001,0.447
Failed,,,5000,443,0.001,0.42
Failed,,,4809,1280,0.001,0.432
Failed,,,4859,285,0.001,0.457
Failed,,,5000,403,0.001,0.442
Failed,,,4864,233,0.001,0.001
Failed,,,4708,1904,0.001,0.528
Failed,,,4432,1197,0.001,0.438
Failed,,,4515,409,0.001,0.389
Failed,,,5000,1166,0.001,0.473
Failed,,,4812,887,0.001,0.042
Failed,,,2185,77,0.024,0.752
Failed,,,5000,1181,0.001,0.418
Failed,,,4493,1414,0.001,0.43
Failed,,,5000,1272,0.001,0.607
Failed,,,4975,941,0.001,0.001
Failed,,,4913,1646,0.001,0.344
Failed,,,5000,425,0.001,0.409
Failed,,,5000,433,0.001,0.304
Failed,,,4513,1141,0.001,0.519
Failed,,,5000,1004,0.001,0.001
Failed,,,5000,1175,0.001,0.426
Failed,,,4041,906,0.001,0.078
Failed,,,5000,1949,0.001,0.001
Failed,,,5000,938,0.001,0.04
Failed,,,5000,435,0.001,0.434
Failed,,,4981,1694,0.001,0.414
Failed,,,5000,423,0.001,0.416
Failed,,,5000,423,0.001,0.448
Failed,,,3798,807,0.001,0.137
Failed,,,3714,967,0.001,0.204
Failed,,,4548,1437,0.001,0.449
Failed,,,4854,943,0.001,0.001
Failed,,,4835,308,0.001,0.468
Failed,,,4976,1722,0.001,0.001
Failed,,,5000,426,0.001,0.418
Failed,,,5000,866,0.001,0.001
Failed,,,5000,456,0.001,0.404
Failed,,,5000,377,0.001,0.48
Failed,,,3024,177,0.011,0.054
Failed,,,1458,2,0.297,0.371
Failed,,,4799,520,0.001,0.924
Failed,,,2873,110,0.003,0.109
Failed,,,4596,2,0.474,0.168
Failed,,,4934,1259,0.001,0.47
Failed,,,4990,461,0.001,0.42
Failed,,,3563,350,0.001,0.438
Failed,,,5000,392,0.001,0.443
Failed,,,4583,447,0.001,0.387
Failed,,,5000,1036,0.001,0.001
Failed,,,4935,1717,0.001,0.001
Failed,,,4063,904,0.001,0.127
Failed,,,4864,293,0.001,0.464
Failed,,,5000,443,0.001,0.407
Failed,,,5000,1061,0.001,0.054
Failed,,,5000,538,0.001,0.426
Failed,,,4766,484,0.001,0.317
Failed,,,4666,1020,0.001,0.001
Failed,,,4765,470,0.001,0.413
Failed,,,4579,1473,0.001,0.492
Failed,,,4849,784,0.001,0.456
Failed,,,5000,456,0.001,0.001
Failed,,,4719,903,0.001,0.063
Failed,,,5000,490,0.001,0.413
Failed,,,5000,891,0.001,0.446
Failed,,,4767,1139,0.001,0.385
Failed,,,4376,434,0.001,0.375
Failed,,,5000,1912,0.001,0.55
Failed,,,4549,1101,0.001,0.415
Failed,,,5000,511,0.001,0.39
Failed,,,4763,969,0.001,0.058
Failed,,,4935,1712,0.001,0.001
Failed,,,5000,974,0.001,0.061
Failed,,,5000,263,0.001,0.434
Failed,,,4967,1143,0.001,0.436
Failed,,,5000,432,0.001,0.408
Failed,,,5000,1237,0.001,0.43
Failed,,,4607,417,0.001,0.387
Failed,,,5000,1432,0.001,0.456
Failed,,,5000,890,0.001,0.037
Failed,,,4902,435,0.001,0.401
Failed,,,5000,900,0.001,0.054
Failed,,,5000,772,0.001,0.001
Failed,,,5000,1152,0.001,0.562
Failed,,,5000,1003,0.001,0.005
Failed,,,5000,464,0.001,0.431
Failed,,,5000,421,0.001,0.411
Failed,,,5000,1712,0.001,0.001
Failed,,,5000,1144,0.001,0.418
Failed,,,4726,951,0.001,0.042
Failed,,,5000,430,0.001,0.41
Failed,,,5000,264,0.001,0.51
Failed,,,4945,461,0.001,0.001
Failed,,,4911,1174,0.001,0.495
Failed,,,5000,992,0.001,0.06
Failed,,,4740,411,0.001,0.426
Failed,,,5000,984,0.001,0.001
Failed,,,5000,1158,0.001,0.43
Failed,,,4776,528,0.001,0.426
Failed,,,4727,1102,0.001,0.555
Failed,,,5000,434,0.001,0.001
Failed,,,5000,427,0.001,0.428
Failed,,,4946,951,0.001,0.001
Failed,,,5000,1010,0.001,0.057
Failed,,,4928,1199,0.001,0.422
Failed,,,4932,856,0.001,0.001
Failed,,,4637,1454,0.001,0.459
Failed,,,4795,457,0.001,0.396
Failed,,,4734,1492,0.001,0.467
Failed,,,5000,869,0.001,0.001
Failed,,,4857,1190,0.001,0.433
Failed,,,4178,960,0.001,0.031
Failed,,,4598,455,0.001,0.416
Failed,,,4420,265,0.001,0.363
Failed,,,4631,1176,0.001,0.73
Failed,,,4819,786,0.001,0.816
Failed,,,4576,265,0.001,0.299
Failed,,,4427,937,0.001,0.077
Failed,,,5000,1,0.999,0.872
Failed,,,4920,1203,0.001,0.435
Failed,,,2607,900,0.001,0.123
Failed,,,5000,1219,0.001,0.465
Failed,,,4912,439,0.001,0.001
Failed,,,4813,896,0.001,0.077
Failed,,,3852,1564,0.001,0.422
Failed,,,4866,434,0.001,0.424
Failed,,,5000,399,0.001,0.508
Failed,,,5000,463,0.001,0.414
Failed,,,4928,900,0.001,0.354
Failed,,,4968,1161,0.001,0.5
Failed,,,4584,1019,0.001,0.001
Failed,,,5000,426,0.001,0.458
Failed,,,5000,1188,0.001,0.444
Failed,,,4710,997,0.001,0.001
Failed,,,4985,1194,0.001,0.494
Failed,,,5000,429,0.001,0.424
Failed,,,5000,247,0.001,0.44
Failed,,,5000,458,0.001,0.434
Failed,,,4733,1180,0.001,0.449
Failed,,,4980,985,0.001,0.001
Failed,,,5000,432,0.001,0.437
Failed,,,5000,1413,0.001,0.444
Failed,,,4719,936,0.001,0.038
Failed,,,5000,427,0.001,0.435
Failed,,,4720,1159,0.001,0.511
Failed,,,4822,434,0.001,0.413
Failed,,,4501,1305,0.001,0.442
Failed,,,5000,449,0.001,0.407
Failed,,,3912,1,0.999,0.361
Failed,,,4154,1,0.999,0.614
Failed,,,4505,964,0.001,0.095
Failed,,,4944,1458,0.001,0.463
Failed,,,4848,1336,0.001,0.444
Failed,,,4689,379,0.001,0.463
Failed,,,4808,1190,0.001,0.464
Failed,,,4957,444,0.001,0.423
Failed,,,4980,1199,0.001,0.476
Failed,,,5000,917,0.001,0.026
Failed,,,5000,449,0.001,0.416
Failed,,,4261,941,0.001,0.001
Failed,,,4934,247,0.001,0.504
Failed,,,4568,1694,0.001,0.087
Failed,,,5000,427,0.001,0.44
Failed,,,4948,1239,0.001,0.435
Failed,,,4838,458,0.001,0.438
Failed,,,5000,979,0.001,0.001
Failed,,,5000,436,0.001,0.001
Failed,,,5000,1222,0.001,0.525
Failed,,,5000,984,0.001,0.014
Failed,,,5000,461,0.001,0.487
Failed,,,3987,1411,0.001,0.446
Failed,,,5000,374,0.001,0.758
Failed,,,4692,907,0.001,0.072
Failed,,,5000,233,0.001,0.001
Failed,,,4856,268,0.001,0.473
Failed,,,4273,1203,0.001,0.403
Failed,,,4663,704,0.001,0.208
Failed,,,5000,1490,0.001,0.521
Failed,,,3854,437,0.001,0.346
Failed,,,5000,970,0.001,0.502
Failed,,,5000,1489,0.001,0.528
Failed,,,5000,435,0.001,0.42
Failed,,,5000,462,0.001,0.283
Failed,,,4749,1166,0.001,0.482
Failed,,,5000,428,0.001,0.388
Failed,,,5000,918,0.001,0.001
Failed,,,4975,274,0.001,0.439
Failed,,,4829,1484,0.001,0.492
Failed,,,5000,1688,0.001,0.068
Failed,,,3867,943,0.001,0.095
Failed,,,5000,438,0.001,0.001
Failed,,,5000,402,0.001,0.454
Failed,,,4962,422,0.001,0.417
Failed,,,5000,1192,0.001,0.495
Failed,,,5000,408,0.001,0.436
Failed,,,4905,1421,0.001,0.474
Failed,,,4893,1946,0.001,0.001
Failed,,,5000,410,0.001,0.292
Failed,,,4715,963,0.001,0.038
Failed,,,4788,448,0.001,0.383
Failed,,,5000,1171,0.001,0.515
Failed,,,5000,421,0.001,0.001
Failed,,,4771,1131,0.001,0.528
Failed,,,5000,876,0.001,0.08
Failed,,,5000,486,0.001,0.366
Failed,,,4864,1434,0.001,0.482
Failed,,,5000,1098,0.001,0.54
Failed,,,4738,962,0.001,0.036
Failed,,,4667,962,0.001,0.039
Failed,,,5000,783,0.001,0.292
Failed,,,4567,467,0.001,0.371
Failed,,,5000,1121,0.001,0.497
Failed,,,5000,276,0.001,0.419
Failed,,,5000,452,0.001,0.433
Failed,,,5000,1472,0.001,0.467
Failed,,,4417,469,0.001,0.404
Failed,,,4928,426,0.001,0.455
Failed,,,2995,932,0.001,0.071
Failed,,,4853,462,0.001,0.408
Failed,,,4786,947,0.001,0.038
Failed,,,4542,788,0.001,0.001
Failed,,,3857,456,0.001,0.387
Failed,,,5000,1219,0.001,0.403
Failed,,,5000,615,0.001,0.229
Failed,,,3885,901,0.001,0.071
Failed,,,5000,991,0.001,0.061
Failed,,,4840,1192,0.001,0.494
Failed,,,4736,941,0.001,0.07
Failed,,,5000,431,0.001,0.46
Failed,,,5000,466,0.001,0.374
Failed,,,5000,1905,0.001,0.553
Failed,,,4969,1188,0.001,0.466
Failed,,,4942,998,0.001,0.001
Failed,,,4872,457,0.001,0.33
Failed,,,4833,445,0.001,0.418
Failed,,,4694,1445,0.001,0.414
Failed,,,4753,561,0.001,0.423
Failed,,,5000,910,0.001,0.462
Failed,,,5000,791,0.001,0.27
Failed,,,4500,1159,0.001,0.416
Failed,,,4885,1226,0.001,0.465
Failed,,,4878,427,0.001,0.324
Failed,,,4618,420,0.001,0.437
Failed,,,5000,885,0.001,0.001
Failed,,,5000,451,0.001,0.45
Failed,,,4842,894,0.001,0.067
Failed,,,4481,1142,0.001,0.5
Failed,,,347,746,0.001,0.999
Failed,,,4947,1029,0.001,0.001
Failed,,,4950,231,0.001,0.764
Failed,,,5000,417,0.001,0.41
Failed,,,4214,1912,0.001,0.517
Failed,,,5000,903,0.001,0.598
Failed,,,4515,944,0.001,0.021
Failed,,,4501,465,0.001,0.336
Failed,,,5000,1137,0.001,0.533
Failed,,,4807,887,0.001,0.025
Failed,,,4487,1213,0.001,0.431
Failed,,,5000,1935,0.001,0.001
Failed,,,4486,1304,0.001,0.486
Failed,,,5000,943,0.001,0.001
Failed,,,5000,414,0.001,0.449
Failed,,,4612,1105,0.001,0.531
Failed,,,5000,1192,0.001,0.483
Failed,,,4961,468,0.001,0.417
Failed,,,5000,224,0.001,0.001
Failed,,,5000,1785,0.001,0.593
Failed,,,5000,576,0.001,0.397
Failed,,,5000,435,0.001,0.435
Failed,,,4188,1160,0.001,0.428
Failed,,,4957,1183,0.001,0.494
Failed,,,5000,433,0.001,0.441
Failed,,,5000,1629,0.001,0.419
Failed,,,5000,992,0.001,0.671
Failed,,,4649,1072,0.001,0.403
Failed,,,2884,980,0.001,0.624
Failed,,,4436,546,0.001,0.308
Failed,,,4629,783,0.001,0.77
Failed,,,4937,745,0.001,0.46
Failed,,,4850,747,0.001,0.608
Failed,,,1,1011,0.001,0.798
Failed,,,2763,943,0.001,0.361
Failed,,,5000,1702,0.001,0.033
Failed,,,3627,954,0.001,0.079
Failed,,,4897,1161,0.001,0.457
Failed,,,5000,924,0.001,0.042
Failed,,,4725,1193,0.001,0.421
Failed,,,5000,454,0.001,0.423
Failed,,,4064,1274,0.001,0.384
Failed,,,2819,266,0.001,0.373
Failed,,,2049,1173,0.001,0.999
Failed,,,3708,1212,0.001,0.71
Failed,,,945,1168,0.001,0.999
Failed,,,1604,266,0.001,0.374
Failed,,,4028,1280,0.001,0.402
Failed,,,3892,264,0.001,0.37
Failed,,,299,267,0.001,0.375
Failed,,,3407,1165,0.001,0.999
Failed,,,3608,263,0.001,0.373
Failed,,,1246,1171,0.001,0.999
Failed,,,2631,1358,0.001,0.376
Failed,,,489,1171,0.001,0.999
Failed,,,4611,1405,0.001,0.355
Failed,,,5000,897,0.001,0.001
Failed,,,84,272,0.001,0.376
Failed,,,5000,261,0.001,0.376
Failed,,,2488,267,0.001,0.371
Failed,,,4270,261,0.001,0.372
Failed,,,1467,1175,0.001,0.999
Failed,,,4806,263,0.001,0.362
Failed,,,5000,259,0.001,0.38
Failed,,,4602,1164,0.001,0.999
Failed,,,3994,1401,0.001,0.332
Failed,,,4586,262,0.001,0.369
Failed,,,3976,1559,0.001,0.678
Failed,,,5000,903,0.001,0.675
Failed,,,4395,681,0.001,0.748
Failed,,,5000,1471,0.001,0.573
Failed,,,4779,155,0.001,0.722
Failed,,,5000,1317,0.001,0.473
Failed,,,4838,1251,0.001,0.431
Failed,,,4544,1169,0.001,0.534
Failed,,,4201,892,0.001,0.051
Failed,,,5000,1010,0.001,0.051
Failed,,,2735,822,0.001,0.206
Failed,,,5000,845,0.001,0.632
Failed,,,5000,1013,0.001,0.593
Failed,,,4432,759,0.001,0.672
Failed,,,2355,939,0.001,0.119
Failed,,,5000,1121,0.001,0.517
Failed,,,5000,497,0.001,0.414
Failed,,,5000,446,0.001,0.456
Failed,,,5000,915,0.001,0.032
Failed,,,4859,1199,0.001,0.469
Failed,,,4871,261,0.001,0.38
Failed,,,3608,1209,0.001,0.733
Failed,,,4622,190,0.001,0.396
Failed,,,4289,192,0.001,0.411
Failed,,,5000,187,0.001,0.061
Failed,,,4700,190,0.001,0.399
Failed,,,4601,1019,0.001,0.33
Failed,,,4880,1188,0.001,0.418
Failed,,,4995,1453,0.001,0.575
Failed,,,4901,980,0.001,0.021
Failed,,,5000,1294,0.001,0.603
Failed,,,4274,1119,0.001,0.643
Failed,,,4738,957,0.001,0.001
Failed,,,5000,903,0.001,0.001
Failed,,,5000,501,0.001,0.504
Failed,,,4319,971,0.001,0.001
Failed,,,4570,1120,0.001,0.549
Failed,,,4592,1156,0.001,0.472
Failed,,,3682,193,0.001,0.395
Failed,,,4726,186,0.001,0.406
Failed,,,5000,187,0.001,0.069
Failed,,,4865,189,0.001,0.41
Failed,,,4890,180,0.001,0.394
Failed,,,4717,188,0.001,0.067
Failed,,,4593,189,0.001,0.395
Failed,,,5000,190,0.001,0.42
Failed,,,5000,190,0.001,0.373
Failed,,,4303,195,0.001,0.074
Failed,,,4744,190,0.001,0.417
Failed,,,5000,189,0.001,0.396
Failed,,,5000,187,0.001,0.037
Failed,,,4597,188,0.001,0.396
Failed,,,3145,196,0.001,0.753
Failed,,,3906,198,0.001,0.385
Failed,,,4886,399,0.001,0.422
Failed,,,4645,988,0.001,0.001
Failed,,,4762,986,0.001,0.001
Failed,,,5000,1198,0.001,0.511
Failed,,,4825,907,0.001,0.001
Failed,,,4833,1283,0.001,0.493
Failed,,,5000,440,0.001,0.396
Failed,,,5000,1185,0.001,0.502
Failed,,,5000,427,0.001,0.451
Failed,,,4614,1208,0.001,0.543
Failed,,,4926,1164,0.001,0.563
Failed,,,4940,951,0.001,0.001
Failed,,,5000,1199,0.001,0.527
Failed,,,5000,430,0.001,0.001
Failed,,,4914,187,0.001,0.06
Failed,,,5000,189,0.001,0.4
Failed,,,5000,1264,0.001,0.575
Failed,,,5000,1318,0.001,0.529
Failed,,,4927,1041,0.001,0.455
Failed,,,5000,1065,0.001,0.44
Failed,,,4860,1308,0.001,0.561
Failed,,,4613,1289,0.001,0.5
Failed,,,4682,1305,0.001,0.441
Failed,,,5000,1291,0.001,0.54
Failed,,,4871,1326,0.001,0.514
Failed,,,5000,1285,0.001,0.502
Failed,,,5000,1014,0.001,0.471
Failed,,,4422,791,0.001,0.415
Failed,,,4843,242,0.001,0.392
Failed,,,5000,1275,0.001,0.529
Failed,,,4049,933,0.001,0.052
Failed,,,5000,997,0.001,0.042
Failed,,,4765,1312,0.001,0.529
Failed,,,3808,1305,0.001,0.505
Failed,,,4991,1706,0.001,0.538
Failed,,,5000,956,0.001,0.064
Failed,,,4560,1319,0.001,0.438
Failed,,,4919,839,0.001,0.407
Failed,,,5000,1712,0.001,0.535
Failed,,,5000,1310,0.001,0.471
Failed,,,4409,1285,0.001,0.508
Failed,,,5000,807,0.001,0.433
Failed,,,4486,1321,0.001,0.563
Failed,,,4933,813,0.001,0.428
Failed,,,3975,1281,0.001,0.458
Failed,,,5000,1312,0.001,0.504
Failed,,,4449,1292,0.001,0.503
Failed,,,5000,1066,0.001,0.532
Failed,,,3506,1329,0.001,0.438
Failed,,,5000,1047,0.001,0.467
Failed,,,4679,1324,0.001,0.566
Failed,,,4994,1293,0.001,0.526
Failed,,,4532,1279,0.001,0.473
Failed,,,4979,1224,0.001,0.528
Failed,,,4916,1236,0.001,0.529
Failed,,,5000,428,0.001,0.398
Failed,,,5000,1298,0.001,0.537
Failed,,,4299,1305,0.001,0.054
Failed,,,5000,1313,0.001,0.507
Failed,,,5000,1405,0.001,0.429
Failed,,,5000,1048,0.001,0.438
Failed,,,4893,1702,0.001,0.556
Failed,,,4815,1327,0.001,0.463
Failed,,,4908,1043,0.001,0.441
Failed,,,4775,1217,0.001,0.488
Failed,,,5000,237,0.001,0.416
Failed,,,4365,1298,0.001,0.468
Failed,,,4993,1700,0.001,0.544
Failed,,,4970,1277,0.001,0.436
Failed,,,5000,1297,0.001,0.458
Failed,,,5000,1058,0.001,0.416
Failed,,,4278,838,0.001,0.442
Failed,,,5000,1262,0.001,0.597
Failed,,,4950,1311,0.001,0.542
Failed,,,4665,1296,0.001,0.427
Failed,,,4976,1109,0.001,0.508
Failed,,,5000,1327,0.001,0.423
Failed,,,5000,875,0.001,0.408
Failed,,,4940,1296,0.001,0.572
Failed,,,4845,941,0.001,0.052
Failed,,,4901,1440,0.001,0.44
Failed,,,4788,840,0.001,0.467
Failed,,,5000,1303,0.001,0.476
Failed,,,5000,1709,0.001,0.565
Failed,,,5000,1319,0.001,0.502
Failed,,,5000,881,0.001,0.451
Failed,,,5000,1306,0.001,0.588
Failed,,,5000,1715,0.001,0.56
Failed,,,4512,1290,0.001,0.498
Failed,,,5000,1672,0.001,0.558
Failed,,,5000,1302,0.001,0.505
Failed,,,5000,1036,0.001,0.563
Failed,,,5000,1280,0.001,0.498
Failed,,,5000,232,0.001,0.42
Failed,,,5000,1708,0.001,0.561
Failed,,,4937,1298,0.001,0.477
Failed,,,5000,1261,0.001,0.567
Failed,,,5000,1005,0.001,0.45
Failed,,,4974,1012,0.001,0.451
Failed,,,5000,1303,0.001,0.562
Failed,,,5000,1313,0.001,0.528
Failed,,,5000,1709,0.001,0.543
Failed,,,5000,1244,0.001,0.439
Failed,,,5000,1290,0.001,0.496
Failed,,,4568,1243,0.001,0.475
Failed,,,5000,1338,0.001,0.533
Failed,,,4950,834,0.001,0.45
Failed,,,4264,1426,0.001,0.527
Failed,,,4773,1031,0.001,0.47
Failed,,,4685,1701,0.001,0.54
Failed,,,5000,1269,0.001,0.493
Failed,,,3727,1283,0.001,0.482
Failed,,,4856,1264,0.001,0.568
Failed,,,5000,821,0.001,0.429
Failed,,,5000,1706,0.001,0.575
Failed,,,4972,1309,0.001,0.54
Failed,,,5000,821,0.001,0.493
Failed,,,5000,1293,0.001,0.575
Failed,,,4691,1716,0.001,0.573
Failed,,,5000,1294,0.001,0.452
Failed,,,4815,1299,0.001,0.484
Failed,,,4863,1717,0.001,0.563
Failed,,,4693,1255,0.001,0.456
Failed,,,4192,821,0.001,0.442
Failed,,,5000,1303,0.001,0.53
Failed,,,5000,1310,0.001,0.492
Failed,,,5000,1308,0.001,0.548
Failed,,,4442,1035,0.001,0.428
Failed,,,5000,1301,0.001,0.485
Failed,,,4986,1049,0.001,0.563
Failed,,,3969,1292,0.001,0.458
Failed,,,4529,1292,0.001,0.488
Failed,,,5000,1225,0.001,0.483
Failed,,,5000,1710,0.001,0.569
Failed,,,5000,1288,0.001,0.501
Failed,,,5000,1306,0.001,0.574
Failed,,,5000,1268,0.001,0.492
Failed,,,5000,1287,0.001,0.443
Failed,,,4991,1293,0.001,0.533
Failed,,,5000,1327,0.001,0.053
Failed,,,4928,1030,0.001,0.49
Failed,,,4654,388,0.001,0.412
Failed,,,5000,1016,0.001,0.395
Failed,,,4608,1295,0.001,0.479
Failed,,,4649,1291,0.001,0.47
Failed,,,3827,1314,0.001,0.448
Failed,,,5000,1269,0.001,0.465
Failed,,,4969,1688,0.001,0.519
Failed,,,5000,1042,0.001,0.551
Failed,,,5000,1345,0.001,0.046
Failed,,,5000,1049,0.001,0.443
Failed,,,4714,1049,0.001,0.466
Failed,,,4920,1318,0.001,0.513
Failed,,,4915,1342,0.001,0.49
Failed,,,4756,1284,0.001,0.479
Failed,,,5000,233,0.001,0.423
Failed,,,4885,1295,0.001,0.526
Failed,,,5000,1306,0.001,0.467
Failed,,,4394,1040,0.001,0.452
Failed,,,4709,1735,0.001,0.537
Failed,,,5000,837,0.001,0.431
Failed,,,5000,1707,0.001,0.534
Failed,,,4598,429,0.001,0.402
Failed,,,4650,1053,0.001,0.489
Failed,,,4603,1161,0.001,0.453
Failed,,,4582,1265,0.001,0.455
Failed,,,5000,1270,0.001,0.522
Failed,,,4939,1305,0.001,0.536
Failed,,,4784,251,0.001,0.422
Failed,,,4987,1067,0.001,0.69
Failed,,,4687,1223,0.001,0.45
Failed,,,5000,1029,0.001,0.429
Failed,,,4229,1254,0.001,0.463
Failed,,,5000,1458,0.001,0.443
Failed,,,4998,1010,0.001,0.438
Failed,,,4433,1091,0.001,0.597
Failed,,,5000,825,0.001,0.434
Failed,,,5000,1705,0.001,0.513
Failed,,,5000,422,0.001,0.345
Failed,,,5000,1689,0.001,0.528
Failed,,,5000,811,0.001,0.397
Failed,,,5000,1262,0.001,0.466
Failed,,,4982,235,0.001,0.394
Failed,,,5000,1303,0.001,0.481
Failed,,,4931,244,0.003,0.43
Failed,,,5000,1248,0.001,0.508
Failed,,,3979,1271,0.001,0.047
Failed,,,5000,1049,0.001,0.446
Failed,,,4762,1708,0.001,0.487
Failed,,,4944,230,0.001,0.409
Failed,,,5000,1337,0.001,0.022
Failed,,,4905,860,0.001,0.506
Failed,,,4266,1241,0.001,0.505
Failed,,,5000,1691,0.001,0.546
Failed,,,4615,1281,0.001,0.499
Failed,,,5000,1297,0.001,0.49
Failed,,,4990,1685,0.001,0.476
Failed,,,4959,1109,0.001,0.454
Failed,,,4155,1225,0.001,0.486
Failed,,,4002,1259,0.001,0.437
Failed,,,5000,1227,0.001,0.488
Failed,,,4955,1708,0.001,0.511
Failed,,,5000,1690,0.001,0.537
Failed,,,5000,235,0.001,0.427
Failed,,,4520,1248,0.001,0.525
Failed,,,5000,1303,0.001,0.5
Failed,,,4712,1303,0.001,0.569
Failed,,,5000,235,0.001,0.413
Failed,,,5000,246,0.001,0.381
Failed,,,5000,1294,0.001,0.495
Failed,,,4770,1903,0.001,0.559
Failed,,,5000,1278,0.001,0.467
Failed,,,4881,481,0.001,0.429
Failed,,,5000,861,0.001,0.426
Failed,,,4334,1289,0.001,0.464
Failed,,,5000,1055,0.001,0.47
Failed,,,4568,1050,0.001,0.499
Failed,,,3962,1294,0.001,0.521
Failed,,,5000,1689,0.001,0.615
Failed,,,4674,1291,0.001,0.461
Failed,,,4648,440,0.001,0.44
Failed,,,4922,349,0.001,0.383
Failed,,,4170,843,0.001,0.434
Failed,,,5000,794,0.001,0.426
Failed,,,5000,442,0.001,0.43
Failed,,,4747,1017,0.001,0.419
Failed,,,4833,1691,0.001,0.453
Failed,,,4896,337,0.001,0.426
Failed,,,5000,1708,0.001,0.576
Failed,,,4829,1697,0.001,0.536
Failed,,,5000,1040,0.001,0.448
Failed,,,5000,1272,0.001,0.507
Failed,,,4650,1690,0.001,0.475
Failed,,,5000,944,0.001,0.43
Failed,,,4937,1268,0.001,0.467
Failed,,,4956,1287,0.001,0.505
Failed,,,4568,1009,0.001,0.436
Failed,,,4868,1686,0.001,0.545
Failed,,,5000,816,0.001,0.667
Failed,,,5000,1284,0.001,0.528
Failed,,,4824,1041,0.001,0.432
Failed,,,4328,1293,0.001,0.479
Failed,,,4922,964,0.001,0.055
Failed,,,5000,235,0.001,0.406
Failed,,,4545,1259,0.001,0.468
Failed,,,4971,1701,0.001,0.568
Failed,,,4983,1239,0.001,0.476
Failed,,,4843,1089,0.001,0.456
Failed,,,5000,220,0.001,0.114
Failed,,,5000,1209,0.001,0.504
Failed,,,4946,865,0.001,0.426
Failed,,,4817,1002,0.001,0.055
Failed,,,4028,843,0.001,0.429
Failed,,,4933,1060,0.001,0.52
Failed,,,4237,1241,0.001,0.469
Failed,,,4989,856,0.001,0.455
Failed,,,4321,1166,0.001,0.56
Failed,,,4657,1096,0.001,0.469
Failed,,,4485,1029,0.001,0.459
Failed,,,4634,1255,0.001,0.568
Failed,,,5000,550,0.001,0.405
Failed,,,5000,1259,0.001,0.431
Failed,,,4742,1272,0.001,0.457
Failed,,,4485,1276,0.001,0.527
Failed,,,3957,1309,0.001,0.648
Failed,,,4786,1696,0.001,0.538
Failed,,,5000,1106,0.001,0.486
Failed,,,4627,1248,0.001,0.461
Failed,,,4708,1311,0.001,0.507
Failed,,,4769,1241,0.001,0.516
Failed,,,5000,1082,0.001,0.479
Failed,,,4768,1318,0.001,0.487
Failed,,,4583,1685,0.001,0.519
Failed,,,4506,1709,0.001,0.495
Failed,,,5000,439,0.001,0.393
Failed,,,4526,1459,0.001,0.469
Failed,,,4302,806,0.001,0.436
Failed,,,4346,1250,0.001,0.501
Failed,,,4916,859,0.001,0.429
Failed,,,4854,232,0.001,0.362
Failed,,,5000,235,0.001,0.425
Failed,,,5000,832,0.001,0.435
Failed,,,5000,1313,0.001,0.481
Failed,,,4585,1229,0.001,0.459
Failed,,,4607,1011,0.001,0.43
Failed,,,4366,835,0.001,0.426
Failed,,,4744,1318,0.001,0.531
Failed,,,4299,900,0.001,0.434
Failed,,,5000,1280,0.001,0.459
Failed,,,5000,1707,0.001,0.489
Failed,,,4824,1211,0.001,0.414
Failed,,,4648,985,0.001,0.447
Failed,,,5000,1689,0.001,0.495
Failed,,,5000,1240,0.001,0.514
Failed,,,4979,1038,0.001,0.459
Failed,,,5000,1291,0.001,0.52
Failed,,,5000,1704,0.001,0.524
Failed,,,4623,1074,0.001,0.51
Failed,,,5000,840,0.001,0.513
Failed,,,5000,1276,0.001,0.462
Failed,,,5000,1697,0.001,0.487
Failed,,,5000,1283,0.001,0.466
Failed,,,5000,1093,0.001,0.425
Failed,,,5000,1689,0.001,0.037
Failed,,,5000,1020,0.001,0.059
Failed,,,5000,1155,0.001,0.512
Failed,,,5000,1203,0.001,0.59
Failed,,,4922,955,0.001,0.027
Failed,,,4557,1906,0.001,0.565
Failed,,,5000,1277,0.001,0.491
Failed,,,5000,447,0.001,0.447
Failed,,,4951,1404,0.001,0.535
Failed,,,4872,911,0.001,0.469
Failed,,,3441,1555,0.001,0.481
Failed,,,4958,435,0.001,0.378
Failed,,,5000,225,0.001,0.463
Failed,,,5000,1261,0.001,0.465
Failed,,,4852,922,0.001,0.001
Failed,,,5000,426,0.001,0.45
Failed,,,5000,459,0.001,0.418
Failed,,,4578,374,0.001,0.425
Failed,,,5000,1315,0.001,0.448
Failed,,,4385,1234,0.001,0.444
Failed,,,4764,632,0.001,0.331
Failed,,,4747,415,0.001,0.395
Failed,,,4893,1199,0.001,0.524
Failed,,,4477,864,0.001,0.454
Failed,,,4945,987,0.001,0.493
Failed,,,5000,1288,0.001,0.451
Failed,,,5000,1019,0.001,0.412
Failed,,,4730,1279,0.001,0.47
Failed,,,5000,1280,0.001,0.512
Failed,,,4334,1062,0.001,0.593
Failed,,,4293,1303,0.001,0.473
Failed,,,4524,1305,0.001,0.498
Failed,,,5000,1279,0.001,0.529
Failed,,,5000,233,0.001,0.451
Failed,,,5000,1049,0.001,0.498
Failed,,,4235,1458,0.001,0.516
Failed,,,5000,1280,0.001,0.458
Failed,,,4973,364,0.001,0.441
Failed,,,5000,1707,0.001,0.568
Failed,,,4006,1276,0.001,0.476
Failed,,,4981,1219,0.001,0.527
Failed,,,5000,1290,0.001,0.525
Failed,,,5000,1685,0.001,0.57
Failed,,,5000,928,0.001,0.077
Failed,,,4990,850,0.001,0.423
Failed,,,4976,1051,0.001,0.462
Failed,,,4278,1275,0.001,0.537
Failed,,,4373,1279,0.001,0.561
Failed,,,4408,1688,0.001,0.519
Failed,,,4798,1704,0.001,0.532
Failed,,,5000,825,0.001,0.419
Failed,,,3993,1136,0.001,0.483
Failed,,,4468,1286,0.001,0.509
Failed,,,5000,1717,0.001,0.542
Failed,,,4473,226,0.001,0.392
Failed,,,4574,1256,0.001,0.444
Failed,,,4817,522,0.001,0.356
Failed,,,4186,1293,0.001,0.5
Failed,,,5000,1705,0.001,0.566
Failed,,,5000,819,0.001,0.403
Failed,,,4865,1373,0.001,0.502
Failed,,,5000,1278,0.001,0.421
Failed,,,4875,1706,0.001,0.552
Failed,,,4594,1251,0.001,0.527
Failed,,,5000,389,0.001,0.408
Failed,,,5000,1305,0.001,0.487
Failed,,,5000,416,0.001,0.411
Failed,,,4455,1463,0.001,0.528
Failed,,,4970,1280,0.001,0.511
Failed,,,4316,1256,0.001,0.502
Failed,,,5000,959,0.001,0.067
Failed,,,3962,1713,0.001,0.572
Failed,,,4945,1246,0.001,0.462
Failed,,,5000,1256,0.001,0.48
Failed,,,4927,1113,0.001,0.635
Failed,,,4467,1275,0.001,0.468
Failed,,,4530,972,0.001,0.08
Failed,,,4748,1279,0.001,0.435
Failed,,,5000,1311,0.001,0.53
Failed,,,5000,879,0.001,0.517
Failed,,,3395,1697,0.001,0.476
Failed,,,4425,1325,0.001,0.471
Failed,,,5000,396,0.001,0.262
Failed,,,4679,847,0.001,0.513
Failed,,,5000,1245,0.001,0.553
Failed,,,4822,1729,0.001,0.523
Failed,,,4284,1305,0.001,0.527
Failed,,,5000,1704,0.001,0.568
Failed,,,5000,1701,0.001,0.529
Failed,,,5000,355,0.001,0.423
Failed,,,3844,1703,0.001,0.5
Failed,,,5000,415,0.001,0.397
Failed,,,5000,1341,0.001,0.498
Failed,,,4817,229,0.001,0.409
Failed,,,4933,1704,0.001,0.521
Failed,,,4900,1162,0.001,0.555
Failed,,,4967,392,0.001,0.401
Failed,,,5000,1276,0.001,0.522
Failed,,,5000,1706,0.001,0.523
Failed,,,4991,1017,0.001,0.57
Failed,,,4538,1261,0.001,0.474
Failed,,,4275,1285,0.001,0.429
Failed,,,5000,404,0.001,0.336
Failed,,,5000,1701,0.001,0.54
Failed,,,4949,1232,0.001,0.523
Failed,,,5000,1260,0.001,0.448
Failed,,,4593,1277,0.001,0.506
Failed,,,5000,1695,0.001,0.514
Failed,,,5000,1240,0.001,0.615
Failed,,,5000,1269,0.001,0.557
Failed,,,5000,239,0.001,0.412
Failed,,,5000,1274,0.001,0.471
Failed,,,4919,1344,0.001,0.434
Failed,,,5000,1265,0.001,0.58
Failed,,,4732,1259,0.001,0.471
Failed,,,4576,328,0.001,0.4
Failed,,,4666,1694,0.001,0.553
Failed,,,4978,1279,0.001,0.532
Failed,,,5000,261,0.001,0.401
Failed,,,5000,968,0.001,0.063
Failed,,,4850,1279,0.001,0.554
Failed,,,4661,1711,0.001,0.569
Failed,,,4960,1293,0.001,0.462
Failed,,,5000,1683,0.001,0.509
Failed,,,4575,1219,0.001,0.429
Failed,,,3894,1281,0.001,0.479
Failed,,,5000,1165,0.001,0.574
Failed,,,4590,1290,0.001,0.491
Failed,,,5000,1249,0.001,0.573
Failed,,,5000,1273,0.001,0.516
Failed,,,5000,1242,0.001,0.507
Failed,,,5000,1335,0.001,0.54
Failed,,,5000,394,0.001,0.407
Failed,,,4677,1209,0.001,0.476
Failed,,,5000,242,0.001,0.425
Failed,,,4736,226,0.001,0.406
Failed,,,4629,1290,0.001,0.465
Failed,,,4559,1303,0.001,0.472
Failed,,,4836,406,0.001,0.41
Failed,,,4776,921,0.001,0.44
Failed,,,4494,246,0.001,0.766
Failed,,,4982,1288,0.001,0.451
Failed,,,5000,432,0.001,0.4
Failed,,,4861,243,0.001,0.423
Failed,,,4153,1038,0.001,0.089
Failed,,,5000,406,0.001,0.285
Failed,,,3904,1294,0.001,0.444
Failed,,,4794,231,0.001,0.373
Failed,,,5000,1218,0.001,0.57
Failed,,,4479,1203,0.001,0.487
Failed,,,5000,1248,0.001,0.559
Failed,,,4682,1442,0.001,0.408
Failed,,,4754,857,0.001,0.559
Failed,,,4580,1462,0.001,0.456
Failed,,,5000,1469,0.001,0.04
Failed,,,5000,1295,0.001,0.545
Failed,,,4995,1500,0.001,0.559
Failed,,,5000,1288,0.001,0.553
Failed,,,4774,1298,0.001,0.482
Failed,,,3898,818,0.001,0.509
Failed,,,4454,1291,0.001,0.477
Failed,,,4927,1301,0.001,0.555
Failed,,,4888,1189,0.001,0.625
Failed,,,4475,1237,0.001,0.459
Failed,,,5000,836,0.001,0.144
Failed,,,4091,1243,0.001,0.614
Failed,,,4632,426,0.001,0.387
Failed,,,5000,1300,0.001,0.555
Failed,,,4947,1312,0.001,0.5
Failed,,,5000,1255,0.001,0.515
Failed,,,4411,1231,0.001,0.626
Failed,,,4874,1256,0.001,0.52
Failed,,,5000,1312,0.001,0.581
Failed,,,5000,814,0.001,0.518
Failed,,,5000,1196,0.001,0.666
Failed,,,5000,960,0.001,0.054
Failed,,,5000,1249,0.001,0.493
Failed,,,3807,1289,0.001,0.5
Failed,,,5000,1292,0.001,0.521
Failed,,,5000,1266,0.001,0.539
Failed,,,5000,1246,0.001,0.494
Failed,,,5000,418,0.001,0.408
Failed,,,5000,428,0.001,0.436
Failed,,,4000,1292,0.001,0.56
Failed,,,4880,1283,0.001,0.47
Failed,,,4877,1212,0.001,0.472
Failed,,,4305,1265,0.001,0.519
Failed,,,5000,1129,0.001,0.556
Failed,,,5000,1263,0.001,0.459
Failed,,,5000,1280,0.001,0.491
Failed,,,5000,1267,0.001,0.487
Failed,,,4833,1262,0.001,0.521
Failed,,,5000,1227,0.001,0.528
Failed,,,5000,1260,0.001,0.582
Failed,,,4838,1211,0.001,0.509
Failed,,,4980,1504,0.001,0.624
Failed,,,5000,1252,0.001,0.479
Failed,,,4814,1253,0.001,0.562
Failed,,,5000,995,0.001,0.394
Failed,,,5000,255,0.001,0.381
Failed,,,5000,1160,0.001,0.662
Failed,,,4780,1247,0.001,0.56
Failed,,,4489,1243,0.001,0.592
Failed,,,4417,1328,0.001,0.468
Failed,,,5000,391,0.001,0.259
Failed,,,4498,1269,0.001,0.53
Failed,,,5000,444,0.001,0.386
Failed,,,5000,1256,0.001,0.423
Failed,,,4519,1233,0.001,0.483
Failed,,,5000,1449,0.001,0.578
Failed,,,5000,1220,0.001,0.616
Failed,,,5000,1259,0.001,0.472
Failed,,,3978,1234,0.001,0.527
Failed,,,4342,1463,0.001,0.464
Failed,,,4612,452,0.001,0.398
Failed,,,5000,1265,0.001,0.463
Failed,,,4897,1188,0.001,0.611
Failed,,,4740,1269,0.001,0.612
Failed,,,4709,432,0.001,0.413
Failed,,,5000,408,0.001,0.235
Failed,,,4184,1176,0.001,0.682
Failed,,,5000,1146,0.001,0.627
Failed,,,4416,399,0.001,0.25
Failed,,,4791,960,0.001,0.064
Failed,,,5000,1395,0.001,0.001
Failed,,,4767,903,0.001,0.001
Failed,,,4584,425,0.001,0.428
Failed,,,5000,999,0.001,0.001
Failed,,,4647,1901,0.001,0.601
Failed,,,4902,1430,0.001,0.472
Failed,,,4596,1185,0.001,0.508
Failed,,,3798,905,0.001,0.088
Failed,,,4717,1098,0.001,0.581
Failed,,,5000,424,0.001,0.421
Failed,,,4971,966,0.001,0.001
Failed,,,4675,275,0.001,0.711
Failed,,,4327,1152,0.001,0.488
Failed,,,4663,1221,0.001,0.492
Failed,,,5000,1418,0.001,0.504
Failed,,,4322,1296,0.001,0.421
Failed,,,4913,1902,0.001,0.607
Failed,,,4996,1488,0.001,0.558
Failed,,,5000,1088,0.001,0.53
Failed,,,4887,476,0.001,0.686
Failed,,,5000,417,0.001,0.44
Failed,,,4315,1092,0.001,0.569
Failed,,,5000,1161,0.001,0.524
Failed,,,5000,416,0.001,0.429
Failed,,,5000,1202,0.001,0.569
Failed,,,5000,1293,0.001,0.59
Failed,,,5000,840,0.001,0.532
Failed,,,4722,1282,0.001,0.437
Failed,,,4692,1267,0.001,0.581
Failed,,,5000,225,0.001,0.487
Failed,,,5000,1121,0.001,0.579
Failed,,,4968,1652,0.001,0.438
Failed,,,5000,1198,0.001,0.556
Failed,,,4914,235,0.001,0.442
Failed,,,4983,1265,0.001,0.456
Failed,,,4898,1263,0.001,0.5
Failed,,,5000,543,0.001,0.417
Failed,,,4724,846,0.001,0.522
Failed,,,4638,1239,0.001,0.448
Failed,,,4562,1156,0.001,0.663
Failed,,,5000,1159,0.001,0.645
Failed,,,5000,423,0.001,0.429
Failed,,,5000,416,0.001,0.426
Failed,,,5000,1284,0.001,0.505
Failed,,,5000,434,0.001,0.458
Failed,,,4829,430,0.001,0.42
Failed,,,5000,1207,0.001,0.543
Failed,,,4909,410,0.001,0.45
Failed,,,4990,423,0.001,0.34
Failed,,,5000,1309,0.001,0.473
Failed,,,5000,1117,0.001,0.544
Failed,,,4596,1501,0.001,0.468
Failed,,,5000,296,0.001,0.709
Failed,,,5000,422,0.001,0.451
Failed,,,5000,432,0.001,0.19
Failed,,,4993,459,0.001,0.423
Failed,,,5000,1922,0.001,0.548
Failed,,,5000,1476,0.001,0.425
Failed,,,4962,1310,0.001,0.45
Failed,,,5000,425,0.001,0.435
Failed,,,4827,1280,0.001,0.551
Failed,,,5000,259,0.001,0.425
Failed,,,5000,441,0.001,0.448
Failed,,,4068,1913,0.001,0.586
Failed,,,4185,1187,0.001,0.405
Failed,,,4935,817,0.001,0.696
Failed,,,5000,1291,0.001,0.498
Failed,,,5000,418,0.001,0.394
Failed,,,1027,464,0.001,0.162
Failed,,,5000,363,0.001,0.434
Failed,,,4777,1283,0.001,0.477
Failed,,,5000,466,0.001,0.438
Failed,,,4639,1262,0.001,0.399
Failed,,,4867,1284,0.001,0.465
Failed,,,5000,1371,0.001,0.473
Failed,,,4787,1278,0.001,0.468
Failed,,,5000,1427,0.001,0.573
Failed,,,5000,451,0.001,0.437
Failed,,,4523,1108,0.001,0.501
Failed,,,5000,1115,0.001,0.548
Failed,,,5000,1305,0.001,0.473
Failed,,,4483,417,0.001,0.354
Failed,,,4973,1260,0.001,0.462
Failed,,,5000,1180,0.001,0.543
Failed,,,4883,1676,0.001,0.409
Failed,,,5000,1917,0.001,0.564
Failed,,,5000,1080,0.001,0.609
Failed,,,5000,428,0.001,0.419
Failed,,,5000,1157,0.001,0.553
Failed,,,3997,926,0.001,0.098
Failed,,,4494,1441,0.001,0.456
Failed,,,4621,1156,0.001,0.456
Failed,,,5000,387,0.001,0.464
Failed,,,5000,429,0.001,0.439
Failed,,,5000,1918,0.001,0.556
Failed,,,5000,445,0.001,0.406
Failed,,,4269,1133,0.001,0.476
Failed,,,5000,425,0.001,0.404
Failed,,,4319,1197,0.001,0.479
Failed,,,4732,473,0.001,0.341
Failed,,,4695,1207,0.001,0.368
Failed,,,5000,457,0.001,0.424
Failed,,,4908,1163,0.001,0.521
Failed,,,5000,418,0.001,0.318
Failed,,,5000,1917,0.001,0.508
Failed,,,4883,1210,0.001,0.452
Failed,,,5000,451,0.001,0.397
Failed,,,4753,1404,0.001,0.484
Failed,,,5000,1076,0.001,0.58
Failed,,,5000,1250,0.001,0.407
Failed,,,5000,1138,0.001,0.534
Failed,,,5000,592,0.001,0.381
Failed,,,4152,1145,0.001,0.497
Failed,,,4189,1198,0.001,0.436
Failed,,,4911,394,0.001,0.456
Failed,,,5000,1216,0.001,0.536
Failed,,,5000,1257,0.001,0.522
Failed,,,5000,1249,0.001,0.448
Failed,,,5000,1173,0.001,0.659
Failed,,,5000,410,0.001,0.308
Failed,,,4774,1444,0.001,0.561
Failed,,,4890,823,0.001,0.663
Failed,,,5000,429,0.001,0.422
Failed,,,5000,1003,0.001,0.034
Failed,,,5000,1670,0.001,0.591
Failed,,,5000,1914,0.001,0.571
Failed,,,4859,1113,0.001,0.561
Failed,,,4811,593,0.001,0.409
Failed,,,4269,1116,0.001,0.422
Failed,,,5000,813,0.001,0.519
Failed,,,5000,241,0.001,0.454
Failed,,,4877,1914,0.001,0.574
Failed,,,5000,1172,0.001,0.542
Failed,,,5000,1767,0.001,0.579
Failed,,,5000,446,0.001,0.448
Failed,,,4377,1909,0.001,0.574
Failed,,,3906,1157,0.001,0.471
Failed,,,4626,808,0.001,0.592
Failed,,,3561,1895,0.001,0.577
Failed,,,5000,992,0.001,0.362
Failed,,,5000,800,0.001,0.523
Failed,,,5000,439,0.001,0.32
Failed,,,4839,474,0.001,0.435
Failed,,,4968,297,0.001,0.445
Failed,,,5000,815,0.001,0.001
Failed,,,4184,897,0.001,0.092
Failed,,,5000,404,0.001,0.415
Failed,,,4396,1002,0.001,0.001
Failed,,,4625,1221,0.001,0.407
Failed,,,5000,1162,0.001,0.53
Failed,,,4567,1725,0.001,0.001
Failed,,,4712,293,0.001,0.443
Failed,,,4250,935,0.001,0.001
Failed,,,5000,973,0.001,0.001
Failed,,,5000,1195,0.001,0.507
Failed,,,5000,433,0.001,0.443
Failed,,,4052,1011,0.001,0.048
Failed,,,3861,985,0.001,0.001
Failed,,,5000,1021,0.001,0.001
Failed,,,4939,1256,0.001,0.459
Failed,,,5000,1687,0.001,0.001
Failed,,,4767,990,0.001,0.001
Failed,,,5000,423,0.001,0.431
Failed,,,4856,1452,0.001,0.14
Failed,,,4680,1323,0.001,0.464
Failed,,,4458,1472,0.001,0.473
Failed,,,5000,433,0.001,0.404
Failed,,,5000,1180,0.001,0.506
Failed,,,4983,1696,0.001,0.001
Failed,,,5000,893,0.001,0.011
Failed,,,4566,1727,0.001,0.027
Failed,,,5000,1177,0.001,0.523
Failed,,,5000,865,0.001,0.001
Failed,,,4741,1268,0.001,0.591
Failed,,,5000,936,0.001,0.052
Failed,,,5000,434,0.001,0.441
Failed,,,4472,950,0.001,0.042
Failed,,,4840,1185,0.001,0.498
Failed,,,4975,845,0.001,0.47
Failed,,,5000,1731,0.001,0.001
Failed,,,5000,489,0.001,0.32
Failed,,,4349,1723,0.001,0.001
Failed,,,5000,417,0.001,0.432
Failed,,,5000,966,0.001,0.001
Failed,,,4564,914,0.001,0.001
Failed,,,1188,1177,0.001,0.999
Failed,,,4982,978,0.001,0.051
Failed,,,4683,899,0.001,0.059
Failed,,,4820,989,0.001,0.001
Failed,,,5000,1224,0.001,0.047
Failed,,,4938,1123,0.001,0.7
Failed,,,4973,424,0.001,0.409
Failed,,,4543,922,0.001,0.001
Failed,,,5000,418,0.001,0.434
Failed,,,5000,1155,0.001,0.614
Failed,,,4955,934,0.001,0.057
Failed,,,5000,1179,0.001,0.599
Failed,,,4286,1416,0.001,0.443
Failed,,,5000,452,0.001,0.46
Failed,,,4862,1017,0.001,0.067
Failed,,,4766,1379,0.001,0.452
Failed,,,4999,980,0.001,0.001
Failed,,,4429,1126,0.001,0.588
Failed,,,5000,426,0.001,0.408
Failed,,,5000,401,0.001,0.428
Failed,,,4097,906,0.001,0.116
Failed,,,5000,1277,0.001,0.509
Failed,,,4987,1708,0.001,0.001
Failed,,,5000,881,0.001,0.018
Failed,,,5000,1144,0.001,0.567
Failed,,,5000,479,0.001,0.428
Failed,,,4444,1007,0.001,0.042
Failed,,,5000,1250,0.001,0.451
Failed,,,4895,1292,0.001,0.524
Failed,,,5000,449,0.001,0.432
Failed,,,4811,942,0.001,0.001
Failed,,,4489,846,0.001,0.111
Failed,,,5000,1213,0.001,0.577
Failed,,,4840,994,0.001,0.007
Failed,,,5000,1012,0.001,0.001
Failed,,,4858,235,0.001,0.429
Failed,,,4710,374,0.001,0.489
Failed,,,4981,428,0.001,0.392
Failed,,,4708,1220,0.001,0.405
Failed,,,4833,456,0.001,0.406
Failed,,,2216,410,0.001,0.999
Failed,,,5000,1203,0.001,0.577
Failed,,,5000,413,0.001,0.334
Failed,,,4711,931,0.001,0.004
Failed,,,4383,1357,0.001,0.452
Failed,,,5000,990,0.001,0.054
Failed,,,5000,1675,0.001,0.026
Failed,,,4994,1260,0.001,0.516
Failed,,,4550,905,0.001,0.059
Failed,,,4470,1026,0.001,0.001
Failed,,,5000,1743,0.001,0.591
Failed,,,4512,942,0.001,0.001
Failed,,,5000,1678,0.001,0.033
Failed,,,5000,1221,0.001,0.001
Failed,,,4734,427,0.001,0.391
Failed,,,4808,1002,0.001,0.001
Failed,,,5000,450,0.001,0.001
Failed,,,4974,1467,0.001,0.417
Failed,,,4695,1684,0.001,0.001
Failed,,,4925,957,0.001,0.001
Failed,,,5000,426,0.001,0.391
Failed,,,4839,967,0.001,0.001
Failed,,,5000,241,0.001,0.459
Failed,,,4992,1237,0.001,0.502
Failed,,,4701,428,0.001,0.001
Failed,,,5000,441,0.001,0.415
Failed,,,4949,1917,0.001,0.485
Failed,,,5000,990,0.001,0.038
Failed,,,5000,988,0.001,0.001
Failed,,,4672,1603,0.001,0.05
Failed,,,5000,816,0.001,0.712
Failed,,,4470,935,0.001,0.035
Failed,,,5000,1033,0.001,0.001
Failed,,,4841,410,0.001,0.331
Failed,,,4660,1712,0.001,0.064
Failed,,,4980,549,0.001,0.331
Failed,,,4989,416,0.001,0.428
Failed,,,5000,235,0.001,0.445
Failed,,,5000,448,0.001,0.381
Failed,,,4876,384,0.001,0.272
Failed,,,5000,441,0.001,0.001
Failed,,,4145,910,0.001,0.058
Failed,,,5000,449,0.001,0.428
Failed,,,4910,973,0.001,0.001
Failed,,,4819,268,0.001,0.001
Failed,,,5000,1218,0.001,0.59
Failed,,,4923,987,0.001,0.001
Failed,,,5000,451,0.001,0.001
Failed,,,4884,1255,0.001,0.001
Failed,,,4648,1189,0.001,0.448
Failed,,,5000,422,0.001,0.426
Failed,,,5000,1164,0.001,0.434
Failed,,,4549,1686,0.001,0.354
Failed,,,4703,1016,0.001,0.001
Failed,,,4301,1175,0.001,0.499
Failed,,,5000,369,0.001,0.001
Failed,,,5000,535,0.001,0.693
Failed,,,4993,438,0.001,0.41
Failed,,,5000,419,0.001,0.161
Failed,,,5000,549,0.001,0.353
Failed,,,5000,977,0.001,0.001
Failed,,,4784,1921,0.001,0.55
Failed,,,4676,1450,0.001,0.496
Failed,,,4912,971,0.001,0.001
Failed,,,5000,430,0.001,0.465
Failed,,,5000,883,0.001,0.001
Failed,,,5000,450,0.001,0.395
Failed,,,4970,946,0.001,0.001
Failed,,,5000,971,0.001,0.006
Failed,,,4951,957,0.001,0.001
Failed,,,5000,425,0.001,0.465
Failed,,,5000,237,0.001,0.451
Failed,,,5000,907,0.001,0.001
Failed,,,5000,411,0.001,0.333
Failed,,,5000,1015,0.001,0.001
Failed,,,4996,1282,0.001,0.66
Failed,,,4442,525,0.001,0.381
Failed,,,4595,1005,0.001,0.055
Failed,,,5000,478,0.001,0.34
Failed,,,5000,955,0.001,0.001
Failed,,,4620,937,0.001,0.108
Failed,,,5000,1143,0.001,0.579
Failed,,,4247,1189,0.001,0.427
Failed,,,4630,802,0.001,0.001
Failed,,,4831,1219,0.001,0.415
Failed,,,4917,1088,0.001,0.06
Failed,,,4836,841,0.001,0.001
Failed,,,4740,1029,0.001,0.001
Failed,,,5000,959,0.001,0.09
Failed,,,5000,1169,0.001,0.494
Failed,,,4636,332,0.001,0.001
Failed,,,4936,1182,0.001,0.51
Failed,,,4681,261,0.001,0.459
Failed,,,5000,434,0.001,0.403
Failed,,,5000,417,0.001,0.424
Failed,,,4988,1263,0.001,0.455
Failed,,,5000,923,0.001,0.001
Failed,,,5000,931,0.001,0.001
Failed,,,5000,921,0.001,0.001
Failed,,,4523,1200,0.001,0.479
Failed,,,4169,242,0.001,0.446
Failed,,,4939,816,0.001,0.666
Failed,,,3958,916,0.001,0.034
Failed,,,5000,1161,0.001,0.508
Failed,,,3408,942,0.001,0.107
Failed,,,4907,1096,0.001,0.591
Failed,,,5000,906,0.001,0.001
Failed,,,4925,967,0.001,0.001
Failed,,,4927,1071,0.001,0.064
Failed,,,5000,1432,0.001,0.447
Failed,,,5000,922,0.001,0.001
Failed,,,3680,967,0.001,0.04
Failed,,,4687,1412,0.001,0.507
Failed,,,4416,1905,0.001,0.567
Failed,,,4979,912,0.001,0.001
Failed,,,4824,1042,0.001,0.001
Failed,,,4903,1240,0.001,0.59
Failed,,,5000,441,0.001,0.446
Failed,,,4945,1230,0.001,0.429
Failed,,,5000,432,0.001,0.43
Failed,,,4800,1263,0.001,0.509
Failed,,,5000,438,0.001,0.41
Failed,,,4690,1281,0.001,0.396
Failed,,,4740,939,0.001,0.001
Failed,,,5000,406,0.001,0.423
Failed,,,5000,970,0.001,0.001
Failed,,,5000,437,0.001,0.438
Failed,,,5000,933,0.001,0.033
Failed,,,4859,1652,0.001,0.001
Failed,,,4605,958,0.001,0.001
Failed,,,4876,1438,0.001,0.482
Failed,,,4863,892,0.001,0.001
Failed,,,4923,1004,0.001,0.52
Failed,,,4045,1152,0.001,0.375
Failed,,,4905,956,0.001,0.001
Failed,,,4650,990,0.001,0.356
Failed,,,5000,983,0.001,0.001
Failed,,,4948,945,0.001,0.001
Failed,,,5000,450,0.001,0.4
Failed,,,4747,460,0.001,0.409
Failed,,,5000,1000,0.001,0.06
Failed,,,5000,424,0.001,0.194
Failed,,,4604,381,0.001,0.433
Failed,,,5000,1147,0.001,0.506
Failed,,,4672,891,0.001,0.001
Failed,,,4318,1167,0.001,0.468
Failed,,,4415,1013,0.001,0.06
Failed,,,4946,1620,0.001,0.43
Failed,,,5000,1177,0.001,0.487
Failed,,,5000,244,0.001,0.489
Failed,,,5000,1496,0.001,0.001
Failed,,,4921,1158,0.001,0.484
Failed,,,5000,420,0.001,0.428
Failed,,,4675,447,0.001,0.391
Failed,,,4633,436,0.001,0.409
Failed,,,5000,1424,0.001,0.456
Failed,,,4595,424,0.001,0.167
Failed,,,4823,945,0.001,0.027
Failed,,,5000,469,0.001,0.001
Failed,,,4631,454,0.001,0.44
Failed,,,5000,1227,0.001,0.001
Failed,,,5000,476,0.001,0.393
Failed,,,5000,1500,0.001,0.515
Failed,,,3915,486,0.001,0.442
Failed,,,5000,982,0.001,0.038
Failed,,,4957,896,0.001,0.001
Failed,,,5000,444,0.001,0.419
Failed,,,4361,1284,0.001,0.414
Failed,,,5000,1273,0.001,0.501
Failed,,,5000,419,0.001,0.431
Failed,,,4777,988,0.001,0.047
Failed,,,4967,1006,0.001,0.001
Failed,,,4554,819,0.001,0.505
Failed,,,5000,800,0.001,0.646
Failed,,,5000,889,0.001,0.001
Failed,,,4673,1020,0.001,0.019
Failed,,,4270,1030,0.001,0.081
Failed,,,4839,1158,0.001,0.532
Failed,,,5000,406,0.001,0.001
Failed,,,3740,964,0.001,0.001
Failed,,,4982,1162,0.001,0.502
Failed,,,5000,755,0.001,0.464
Failed,,,4951,1292,0.001,0.434
Failed,,,4397,1172,0.001,0.537
Failed,,,4888,1273,0.001,0.475
Failed,,,5000,446,0.001,0.624
Failed,,,4854,1287,0.001,0.465
Failed,,,4918,399,0.001,0.441
Failed,,,4029,921,0.001,0.041
Failed,,,4922,973,0.001,0.001
Failed,,,5000,1097,0.001,0.537
Failed,,,4518,971,0.001,0.001
Failed,,,4930,1283,0.001,0.001
Failed,,,4938,1304,0.001,0.116
Failed,,,4954,958,0.001,0.001
Failed,,,4996,1260,0.001,0.445
Failed,,,4874,364,0.001,0.452
Failed,,,4487,1430,0.001,0.536
Failed,,,4901,1340,0.001,0.557
Failed,,,5000,940,0.001,0.001
Failed,,,5000,447,0.001,0.001
Failed,,,4694,1292,0.001,0.468
Failed,,,4919,1113,0.001,0.664
Failed,,,4413,431,0.001,0.447
Failed,,,5000,990,0.001,0.061
Failed,,,5000,884,0.001,0.001
Failed,,,4938,427,0.001,0.001
Failed,,,5000,1302,0.001,0.433
Failed,,,5000,912,0.001,0.001
Failed,,,4827,1679,0.001,0.44
Failed,,,4924,1279,0.001,0.086
Failed,,,4386,908,0.001,0.035
Failed,,,4616,484,0.001,0.4
Failed,,,5000,1288,0.001,0.479
Failed,,,5000,440,0.001,0.446
Failed,,,4308,916,0.001,0.001
Failed,,,4980,1275,0.001,0.465
Failed,,,4674,1002,0.001,0.001
Failed,,,5000,1313,0.001,0.453
Failed,,,5000,936,0.001,0.045
Failed,,,5000,455,0.001,0.001
Failed,,,4942,414,0.001,0.155
Failed,,,5000,434,0.001,0.427
Failed,,,5000,461,0.001,0.001
Failed,,,4564,1286,0.001,0.44
Failed,,,4936,929,0.001,0.001
Failed,,,4972,1143,0.001,0.062
Failed,,,4973,946,0.001,0.068
Failed,,,5000,1442,0.001,0.462
Failed,,,4757,966,0.001,0.064
Failed,,,4830,1338,0.001,0.487
Failed,,,5000,958,0.001,0.007
Failed,,,5000,465,0.001,0.001
Failed,,,5000,1237,0.001,0.432
Failed,,,5000,1256,0.001,0.401
Failed,,,5000,895,0.001,0.001
Failed,,,4985,429,0.001,0.402
Failed,,,5000,482,0.001,0.001
Failed,,,4886,1391,0.001,0.001
Failed,,,4997,993,0.001,0.001
Failed,,,4909,1193,0.001,0.468
Failed,,,4686,449,0.001,0.313
Failed,,,4972,930,0.001,0.001
Failed,,,4936,1193,0.001,0.498
Failed,,,5000,435,0.001,0.447
Failed,,,4890,1281,0.001,0.442
Failed,,,4140,1157,0.001,0.437
Failed,,,4202,922,0.001,0.075
Failed,,,4772,1286,0.001,0.484
Failed,,,4127,924,0.001,0.074
Failed,,,5000,424,0.001,0.279
Failed,,,4697,1639,0.001,0.436
Failed,,,5000,1689,0.001,0.001
Failed,,,4650,432,0.001,0.404
Failed,,,5000,1031,0.001,0.071
Failed,,,4980,1633,0.001,0.43
Failed,,,4966,458,0.001,0.394
Failed,,,4677,1243,0.001,0.613
Failed,,,4769,963,0.001,0.082
Failed,,,5000,521,0.001,0.457
Failed,,,5000,1277,0.001,0.481
Failed,,,3800,1292,0.001,0.428
Failed,,,4881,472,0.001,0.231
Failed,,,5000,948,0.001,0.001
Failed,,,5000,707,0.001,0.466
Failed,,,5000,913,0.001,0.049
Failed,,,4427,1277,0.001,0.432
Failed,,,5000,936,0.001,0.055
Failed,,,4718,443,0.001,0.323
Failed,,,4889,1266,0.001,0.458
Failed,,,4558,505,0.001,0.361
Failed,,,4821,1946,0.001,0.016
Failed,,,4777,1302,0.001,0.469
Failed,,,5000,452,0.001,0.331
Failed,,,4894,887,0.001,0.099
Failed,,,4305,403,0.001,0.448
Failed,,,4977,1272,0.001,0.476
Failed,,,4931,873,0.001,0.057
Failed,,,5000,576,0.001,0.245
Failed,,,5000,1271,0.001,0.423
Failed,,,5000,441,0.001,0.41
Failed,,,5000,1288,0.001,0.542
Failed,,,5000,434,0.001,0.447
Failed,,,4901,950,0.001,0.001
Failed,,,5000,1047,0.001,0.001
Failed,,,5000,403,0.001,0.435
Failed,,,5000,536,0.001,0.008
Failed,,,5000,417,0.001,0.001
Failed,,,4940,1255,0.001,0.121
Failed,,,4808,1693,0.001,0.001
Failed,,,5000,1281,0.001,0.564
Failed,,,4659,940,0.001,0.053
Failed,,,5000,422,0.001,0.001
Failed,,,5000,991,0.001,0.01
Failed,,,5000,1263,0.001,0.414
Failed,,,4773,420,0.001,0.405
Failed,,,4772,447,0.001,0.268
Failed,,,5000,947,0.001,0.078
Failed,,,4896,1229,0.001,0.443
Failed,,,5000,1265,0.001,0.427
Failed,,,4832,990,0.001,0.033
Failed,,,5000,390,0.001,0.446
Failed,,,5000,214,0.001,0.001
Failed,,,5000,1306,0.001,0.582
Failed,,,4961,443,0.001,0.431
Failed,,,4919,965,0.001,0.048
Failed,,,5000,1274,0.001,0.467
Failed,,,5000,218,0.001,0.001
Failed,,,4888,1279,0.001,0.581
Failed,,,4355,974,0.001,0.07
Failed,,,5000,432,0.001,0.001
Failed,,,4854,223,0.001,0.24
Failed,,,4686,1511,0.001,0.562
Failed,,,5000,1274,0.001,0.495
Failed,,,5000,1250,0.001,0.001
Failed,,,5000,1364,0.001,0.433
Failed,,,4924,1367,0.001,0.11
Failed,,,5000,1289,0.001,0.001
Failed,,,4654,1257,0.001,0.411
Failed,,,4553,985,0.001,0.062
Failed,,,4779,869,0.001,0.001
Failed,,,4583,1714,0.001,0.001
Failed,,,5000,411,0.001,0.416
Failed,,,5000,419,0.001,0.421
Failed,,,4779,415,0.001,0.256
Failed,,,5000,415,0.001,0.429
Failed,,,4678,1285,0.001,0.459
Failed,,,5000,372,0.001,0.45
Failed,,,5000,1280,0.001,0.434
Failed,,,5000,1274,0.001,0.457
Failed,,,5000,1415,0.001,0.428
Failed,,,5000,464,0.001,0.001
Failed,,,4391,1283,0.001,0.26
Failed,,,5000,990,0.001,0.001
Failed,,,5000,394,0.001,0.188
Failed,,,5000,1690,0.001,0.001
Failed,,,4993,1241,0.001,0.001
Failed,,,4795,1011,0.001,0.107
Failed,,,5000,1414,0.001,0.453
Failed,,,5000,421,0.001,0.409
Failed,,,4798,1274,0.001,0.469
Failed,,,4910,1286,0.001,0.427
Failed,,,5000,903,0.001,0.062
Failed,,,5000,1266,0.001,0.465
Failed,,,4896,959,0.001,0.001
Failed,,,5000,1039,0.001,0.058
Failed,,,3289,1262,0.001,0.483
Failed,,,4873,448,0.001,0.433
Failed,,,4894,1692,0.001,0.001
Failed,,,5000,1283,0.001,0.486
Failed,,,4822,1018,0.001,0.001
Failed,,,4435,944,0.001,0.074
Failed,,,5000,945,0.001,0.001
Failed,,,4664,1019,0.001,0.069
Failed,,,5000,1243,0.001,0.001
Failed,,,4725,435,0.001,0.413
Failed,,,4546,937,0.001,0.001
Failed,,,5000,1266,0.001,0.474
Failed,,,5000,409,0.001,0.43
Failed,,,5000,453,0.001,0.001
Failed,,,4458,1262,0.001,0.452
Failed,,,5000,937,0.001,0.046
Failed,,,4667,1212,0.001,0.443
Failed,,,5000,418,0.001,0.227
Failed,,,4852,1272,0.001,0.079
Failed,,,5000,1260,0.001,0.421
Failed,,,5000,916,0.001,0.439
Failed,,,5000,831,0.001,0.529
Failed,,,4983,1250,0.001,0.502
Failed,,,5000,1235,0.001,0.499
Failed,,,4894,442,0.001,0.001
Failed,,,4789,968,0.001,0.001
Failed,,,5000,1304,0.001,0.516
Failed,,,4977,456,0.001,0.446
Failed,,,4954,1133,0.001,0.56
Failed,,,4889,540,0.001,0.001
Failed,,,4987,1008,0.001,0.082
Failed,,,5000,460,0.001,0.392
Failed,,,5000,439,0.001,0.417
Failed,,,5000,1214,0.001,0.573
Failed,,,1524,260,0.001,0.381
Failed,,,4766,992,0.001,0.076
Failed,,,4906,1231,0.001,0.077
Failed,,,5000,411,0.001,0.117
Failed,,,4740,1255,0.001,0.485
Failed,,,5000,1560,0.001,0.001
Failed,,,4846,408,0.001,0.428
Failed,,,4840,1259,0.001,0.57
Failed,,,5000,956,0.001,0.048
Failed,,,5000,226,0.001,0.001
Failed,,,4633,935,0.001,0.001
Failed,,,5000,1276,0.001,0.446
Failed,,,4594,1304,0.001,0.579
Failed,,,5000,1253,0.001,0.089
Failed,,,5000,954,0.001,0.005
Failed,,,4435,1230,0.001,0.43
Failed,,,5000,488,0.001,0.443
Failed,,,5000,917,0.001,0.001
Failed,,,4562,957,0.001,0.063
Failed,,,5000,438,0.001,0.417
Failed,,,4811,857,0.001,0.001
Failed,,,5000,1241,0.001,0.518
Failed,,,5000,1405,0.001,0.001
Failed,,,3983,1223,0.001,0.443
Failed,,,3898,947,0.001,0.081
Failed,,,4124,1259,0.001,0.484
Failed,,,4884,1309,0.001,0.55
Failed,,,4986,971,0.001,0.428
Failed,,,4792,1262,0.001,0.001
Failed,,,4982,1370,0.001,0.442
Failed,,,4922,396,0.001,0.424
Failed,,,1,1115,0.001,0.999
Failed,,,4381,956,0.001,0.042
Failed,,,4757,1902,0.001,0.529
Failed,,,4738,885,0.001,0.526
Failed,,,4291,413,0.001,0.23
Failed,,,5000,986,0.001,0.064
Failed,,,5000,1279,0.001,0.473
Failed,,,4884,962,0.001,0.057
Failed,,,4534,1277,0.001,0.555
Failed,,,4148,1215,0.001,0.694
Failed,,,4689,1264,0.001,0.423
Failed,,,5000,1682,0.001,0.389
Failed,,,4879,853,0.001,0.015
Failed,,,4021,1270,0.001,0.44
Failed,,,5000,995,0.001,0.049
Failed,,,4271,1280,0.001,0.564
Failed,,,4877,1266,0.001,0.58
Failed,,,4581,942,0.001,0.436
Failed,,,5000,1722,0.001,0.059
Failed,,,5000,945,0.001,0.064
Failed,,,4704,1246,0.001,0.514
Failed,,,5000,1700,0.001,0.084
Failed,,,4636,1231,0.001,0.412
Failed,,,3500,990,0.001,0.084
Failed,,,5000,1278,0.001,0.584
Failed,,,4975,1767,0.001,0.643
Failed,,,5000,429,0.001,0.326
Failed,,,4826,934,0.001,0.026
Failed,,,4883,1272,0.001,0.479
Failed,,,5000,994,0.001,0.033
Failed,,,5000,427,0.001,0.001
Failed,,,4993,438,0.001,0.38
Failed,,,5000,982,0.001,0.058
Failed,,,4741,1307,0.001,0.518
Failed,,,5000,1004,0.001,0.092
Failed,,,5000,1016,0.001,0.061
Failed,,,5000,952,0.001,0.025
Failed,,,3635,1266,0.001,0.492
Failed,,,4928,988,0.001,0.001
Failed,,,5000,1230,0.001,0.505
Failed,,,4992,795,0.001,0.085
Failed,,,4762,1308,0.001,0.475
Failed,,,4794,1296,0.001,0.436
Failed,,,5000,968,0.001,0.011
Failed,,,4741,1314,0.001,0.492
Failed,,,4954,453,0.001,0.427
Failed,,,4766,1157,0.001,0.508
Failed,,,5000,427,0.001,0.412
Failed,,,4520,996,0.001,0.067
Failed,,,5000,449,0.001,0.001
Failed,,,3384,1288,0.001,0.453
Failed,,,4850,417,0.001,0.14
Failed,,,5000,443,0.001,0.418
Failed,,,5000,536,0.001,0.416
Failed,,,4462,948,0.001,0.053
Failed,,,5000,1269,0.001,0.484
Failed,,,4953,919,0.001,0.04
Failed,,,5000,1196,0.001,0.001
Failed,,,4799,982,0.001,0.073
Failed,,,4831,827,0.001,0.001
Failed,,,5000,1259,0.001,0.001
Failed,,,4942,487,0.001,0.384
Failed,,,4859,1288,0.001,0.534
Failed,,,4944,420,0.001,0.413
Failed,,,4675,1253,0.001,0.498
Failed,,,5000,1374,0.001,0.43
Failed,,,5000,392,0.001,0.43
Failed,,,5000,947,0.001,0.064
Failed,,,5000,1263,0.001,0.477
Failed,,,4959,956,0.001,0.045
Failed,,,5000,222,0.001,0.001
Failed,,,4724,1246,0.001,0.501
Failed,,,4682,955,0.001,0.076
Failed,,,5000,1276,0.001,0.505
Failed,,,5000,1002,0.001,0.001
Failed,,,4934,979,0.001,0.014
Failed,,,5000,1213,0.001,0.538
Failed,,,5000,1318,0.001,0.456
Failed,,,5000,965,0.001,0.053
Failed,,,4543,1255,0.001,0.493
Failed,,,4987,214,0.001,0.015
Failed,,,4623,1244,0.001,0.452
Failed,,,5000,243,0.001,0.438
Failed,,,4993,1172,0.001,0.498
Failed,,,4868,1274,0.001,0.457
Failed,,,5000,467,0.001,0.43
Failed,,,4433,902,0.001,0.412
Failed,,,4859,991,0.001,0.065
Failed,,,4566,1020,0.001,0.062
Failed,,,4940,915,0.001,0.056
Failed,,,4741,1271,0.001,0.565
Failed,,,160,784,0.001,0.999
Failed,,,4607,888,0.001,0.077
Failed,,,4960,1277,0.001,0.001
Failed,,,5000,1255,0.001,0.551
Failed,,,4594,1070,0.001,0.611
Failed,,,4983,1299,0.001,0.488
Failed,,,5000,1034,0.001,0.056
Failed,,,4977,444,0.001,0.001
Failed,,,4886,1304,0.001,0.573
Failed,,,4597,919,0.001,0.001
Failed,,,5000,768,0.001,0.001
Failed,,,4931,1132,0.001,0.529
Failed,,,4771,969,0.001,0.026
Failed,,,4947,1616,0.001,0.014
Failed,,,4923,1257,0.001,0.482
Failed,,,4468,839,0.001,0.706
Failed,,,5000,420,0.001,0.412
Failed,,,4681,1239,0.001,0.424
Failed,,,4722,442,0.001,0.001
Failed,,,4624,907,0.001,0.065
Failed,,,5000,227,0.001,0.001
Failed,,,4727,1273,0.001,0.486
Failed,,,5000,939,0.001,0.001
Failed,,,5000,1279,0.001,0.08
Failed,,,5000,1264,0.001,0.427
Failed,,,4738,1277,0.001,0.099
Failed,,,4351,937,0.001,0.037
Failed,,,4413,1261,0.001,0.46
Failed,,,4894,1020,0.001,0.001
Failed,,,4901,1179,0.001,0.586
Failed,,,5000,1282,0.001,0.09
Failed,,,5000,1343,0.001,0.507
Failed,,,5000,1112,0.001,0.554
Failed,,,5000,872,0.001,0.043
Failed,,,4726,1310,0.001,0.475
Failed,,,5000,1001,0.001,0.056
Failed,,,5000,237,0.001,0.464
Failed,,,5000,1299,0.001,0.472
Failed,,,4668,944,0.001,0.001
Failed,,,4647,778,0.001,0.065
Failed,,,5000,430,0.001,0.447
Failed,,,4891,401,0.001,0.437
Failed,,,4470,1192,0.001,0.47
Failed,,,4458,1324,0.001,0.44
Failed,,,5000,1254,0.001,0.51
Failed,,,5000,219,0.001,0.092
Failed,,,4732,969,0.001,0.03
Failed,,,5000,939,0.001,0.074
Failed,,,4683,934,0.001,0.032
Failed,,,4499,1280,0.001,0.457
Failed,,,5000,1309,0.001,0.496
Failed,,,5000,421,0.001,0.479
Failed,,,4869,1283,0.001,0.454
Failed,,,507,234,0.001,0.999
Failed,,,4952,429,0.001,0.432
Failed,,,5000,230,0.001,0.001
Failed,,,5000,1272,0.001,0.079
Failed,,,5000,223,0.001,0.097
Failed,,,4442,1252,0.001,0.04
Failed,,,5000,1252,0.001,0.523
Failed,,,5000,439,0.001,0.423
Failed,,,5000,1220,0.001,0.555
Failed,,,5000,1566,0.001,0.001
Failed,,,5000,1302,0.001,0.485
Failed,,,5000,959,0.001,0.001
Failed,,,4713,438,0.001,0.189
Failed,,,4522,1288,0.001,0.423
Failed,,,4822,439,0.001,0.267
Failed,,,4739,935,0.001,0.07
Failed,,,4587,1254,0.001,0.56
Failed,,,4910,1015,0.001,0.07
Failed,,,5000,1000,0.001,0.073
Failed,,,5000,223,0.001,0.087
Failed,,,5000,1249,0.001,0.001
Failed,,,4860,986,0.001,0.001
Failed,,,4748,1261,0.001,0.447
Failed,,,4978,424,0.001,0.001
Failed,,,2618,1303,0.001,0.395
Failed,,,5000,1284,0.001,0.454
Failed,,,4730,1143,0.001,0.373
Failed,,,4866,1268,0.001,0.085
Failed,,,4564,1349,0.001,0.422
Failed,,,4461,1229,0.001,0.543
Failed,,,4956,993,0.001,0.001
Failed,,,5000,1276,0.001,0.484
Failed,,,4566,896,0.001,0.165
Failed,,,5000,229,0.001,0.154
Failed,,,4813,1723,0.001,0.041
Failed,,,4980,975,0.001,0.05
Failed,,,4436,965,0.001,0.001
Failed,,,4755,218,0.001,0.001
Failed,,,5000,1240,0.001,0.533
Failed,,,4677,996,0.001,0.056
Failed,,,5000,1260,0.001,0.574
Failed,,,5000,989,0.001,0.001
Failed,,,4152,1260,0.001,0.117
Failed,,,4772,989,0.001,0.067
Failed,,,5000,1272,0.001,0.474
Failed,,,4996,408,0.001,0.415
Failed,,,5000,1261,0.001,0.582
Failed,,,4669,965,0.001,0.001
Failed,,,5000,1238,0.001,0.518
Failed,,,5000,894,0.001,0.093
Failed,,,5000,1271,0.001,0.077
Failed,,,4400,906,0.001,0.001
Failed,,,5000,1288,0.001,0.421
Failed,,,4757,1283,0.001,0.44
Failed,,,4862,985,0.001,0.061
Failed,,,5000,419,0.001,0.001
Failed,,,5000,1285,0.001,0.58
Failed,,,4897,1000,0.001,0.011
Failed,,,5000,915,0.001,0.478
Failed,,,5000,1290,0.001,0.492
Failed,,,5000,1299,0.001,0.443
Failed,,,4698,907,0.001,0.068
Failed,,,4981,1457,0.001,0.001
Failed,,,4950,954,0.001,0.03
Failed,,,4598,1276,0.001,0.483
Failed,,,4851,407,0.001,0.19
Failed,,,5000,1275,0.001,0.486
Failed,,,4765,908,0.001,0.062
Failed,,,4273,985,0.001,0.066
Failed,,,5000,1278,0.001,0.47
Failed,,,5000,994,0.001,0.063
Failed,,,4243,1299,0.001,0.454
Failed,,,4956,1015,0.001,0.001
Failed,,,4713,1212,0.001,0.513
Failed,,,3962,936,0.001,0.055
Failed,,,4948,355,0.001,0.424
Failed,,,4931,1262,0.001,0.068
Failed,,,4401,1297,0.001,0.514
Failed,,,4467,375,0.001,0.462
Failed,,,3177,1252,0.001,0.489
Failed,,,5000,233,0.001,0.408
Failed,,,4929,424,0.001,0.399
Failed,,,4406,955,0.001,0.047
Failed,,,4994,1276,0.001,0.031
Failed,,,5000,1345,0.001,0.53
Failed,,,5000,925,0.001,0.001
Failed,,,5000,961,0.001,0.008
Failed,,,4617,1252,0.001,0.387
Failed,,,5000,1282,0.001,0.549
Failed,,,5000,1015,0.001,0.062
Failed,,,5000,1257,0.001,0.419
Failed,,,4405,962,0.001,0.001
Failed,,,4969,1268,0.001,0.454
Failed,,,5000,238,0.001,0.397
Failed,,,4073,1313,0.001,0.443
Failed,,,4969,414,0.001,0.263
Failed,,,4905,1292,0.001,0.542
Failed,,,4603,1460,0.001,0.027
Failed,,,5000,1246,0.001,0.549
Failed,,,4640,958,0.001,0.048
Failed,,,5000,1283,0.001,0.542
Failed,,,4902,899,0.001,0.065
Failed,,,5000,1281,0.001,0.466
Failed,,,4530,381,0.001,0.281
Failed,,,5000,402,0.001,0.423
Failed,,,4788,390,0.001,0.411
Failed,,,4938,396,0.001,0.392
Failed,,,3668,1304,0.001,0.457
Failed,,,4142,1402,0.001,0.106
Failed,,,4795,267,0.001,0.218
Failed,,,5000,1259,0.001,0.488
Failed,,,5000,961,0.001,0.037
Failed,,,5000,420,0.001,0.397
Failed,,,4763,341,0.001,0.248
Failed,,,4593,986,0.001,0.059
Failed,,,5000,238,0.001,0.424
Failed,,,4827,1273,0.001,0.482
Failed,,,2768,939,0.001,0.085
Failed,,,5000,1317,0.001,0.481
Failed,,,4785,1260,0.001,0.483
Failed,,,5000,1473,0.001,0.06
Failed,,,4736,1301,0.001,0.465
Failed,,,5000,994,0.001,0.056
Failed,,,3550,1264,0.001,0.456
Failed,,,4995,991,0.001,0.024
Failed,,,5000,1273,0.001,0.473
Failed,,,4978,925,0.001,0.115
Failed,,,4560,1694,0.001,0.091
Failed,,,5000,1266,0.001,0.001
Failed,,,5000,416,0.001,0.423
Failed,,,5000,500,0.001,0.001
Failed,,,4656,1275,0.001,0.461
Failed,,,5000,622,0.001,0.424
Failed,,,5000,228,0.001,0.377
Failed,,,4549,1247,0.001,0.48
Failed,,,3631,962,0.001,0.101
Failed,,,4724,914,0.001,0.05
Failed,,,5000,233,0.001,0.421
Failed,,,4985,999,0.001,0.001
Failed,,,4527,1406,0.001,0.001
Failed,,,4594,1280,0.001,0.467
Failed,,,5000,402,0.001,0.426
Failed,,,4688,970,0.001,0.046
Failed,,,5000,1452,0.001,0.466
Failed,,,2844,1288,0.001,0.999
Failed,,,5000,1248,0.001,0.469
Failed,,,4138,974,0.001,0.078
Failed,,,5000,447,0.001,0.388
Failed,,,5000,1292,0.001,0.56
Failed,,,4655,916,0.001,0.023
Failed,,,4527,410,0.001,0.365
Failed,,,3935,1248,0.001,0.497
Failed,,,5000,1708,0.001,0.049
Failed,,,5000,929,0.001,0.001
Failed,,,5000,1295,0.001,0.001
Failed,,,4573,987,0.001,0.061
Failed,,,4675,1904,0.001,0.577
Failed,,,5000,939,0.001,0.051
Failed,,,4619,903,0.001,0.057
Failed,,,5000,1716,0.001,0.552
Failed,,,5000,415,0.001,0.416
Failed,,,4974,1265,0.001,0.001
Failed,,,5000,1483,0.001,0.047
Failed,,,4794,1700,0.001,0.544
Failed,,,5000,1358,0.001,0.499
Failed,,,4987,230,0.001,0.335
Failed,,,4819,1266,0.001,0.519
Failed,,,5000,410,0.001,0.39
Failed,,,5000,410,0.001,0.421
Failed,,,5000,935,0.001,0.001
Failed,,,5000,1271,0.001,0.514
Failed,,,4587,1397,0.001,0.434
Failed,,,5000,986,0.001,0.001
Failed,,,4916,1685,0.001,0.576
Failed,,,4853,226,0.001,0.41
Failed,,,4967,1403,0.001,0.054
Failed,,,5000,446,0.001,0.447
Failed,,,5000,933,0.001,0.001
Failed,,,5000,888,0.001,0.001
Failed,,,5000,230,0.001,0.434
Failed,,,5000,1271,0.001,0.479
Failed,,,4463,1286,0.001,0.486
Failed,,,4922,1141,0.001,0.599
Failed,,,5000,429,0.001,0.41
Failed,,,5000,1019,0.001,0.001
Failed,,,5000,1264,0.001,0.068
Failed,,,4606,1289,0.001,0.568
Failed,,,5000,231,0.001,0.407
Failed,,,5000,1266,0.001,0.606
Failed,,,5000,949,0.001,0.027
Failed,,,5000,1276,0.001,0.079
Failed,,,4848,948,0.001,0.059
Failed,,,5000,1301,0.001,0.52
Failed,,,4806,1462,0.001,0.001
Failed,,,5000,1259,0.001,0.504
Failed,,,4925,1278,0.001,0.001
Failed,,,5000,906,0.001,0.057
Failed,,,5000,1181,0.001,0.504
Failed,,,5000,955,0.001,0.014
Failed,,,4909,1269,0.001,0.516
Failed,,,4411,1688,0.001,0.477
Failed,,,5000,229,0.001,0.368
Failed,,,5000,950,0.001,0.001
Failed,,,5000,482,0.001,0.408
Failed,,,5000,939,0.001,0.032
Failed,,,5000,1296,0.001,0.476
Failed,,,1904,2010,0.16,0.791
Failed,,,5000,961,0.001,0.04
Failed,,,4810,1212,0.001,0.494
Failed,,,5000,1717,0.001,0.024
Failed,,,4941,1245,0.001,0.507
Failed,,,4689,1679,0.001,0.596
Failed,,,5000,1453,0.001,0.001
Failed,,,5000,215,0.001,0.001
Failed,,,4932,1312,0.001,0.458
Failed,,,4696,1476,0.001,0.422
Failed,,,4913,1700,0.001,0.485
Failed,,,4985,1282,0.001,0.091
Failed,,,5000,1023,0.001,0.001
Failed,,,4690,1278,0.001,0.064
Failed,,,4313,1708,0.001,0.465
Failed,,,5000,1706,0.001,0.055
Failed,,,4959,1244,0.001,0.073
Failed,,,4290,978,0.001,0.068
Failed,,,5000,1245,0.001,0.526
Failed,,,5000,908,0.001,0.001
Failed,,,4556,1187,0.001,0.466
Failed,,,5000,1326,0.001,0.483
Failed,,,4431,1315,0.001,0.513
Failed,,,4991,940,0.001,0.077
Failed,,,5000,1715,0.001,0.03
Failed,,,5000,963,0.001,0.07
Failed,,,4602,1281,0.001,0.529
Failed,,,4826,1695,0.001,0.578
Failed,,,5000,1466,0.001,0.495
Failed,,,4687,1714,0.001,0.538
Failed,,,5000,1293,0.001,0.586
Failed,,,3941,1255,0.001,0.479
Failed,,,3996,1704,0.001,0.521
Failed,,,4784,1019,0.001,0.001
Failed,,,4858,1232,0.001,0.55
Failed,,,4870,1254,0.001,0.513
Failed,,,4951,244,0.001,0.404
Failed,,,4889,1253,0.001,0.436
Failed,,,4396,1693,0.001,0.477
Failed,,,5000,952,0.001,0.001
Failed,,,4924,1645,0.001,0.057
Failed,,,4910,414,0.001,0.41
Failed,,,5000,347,0.001,0.423
Failed,,,5000,1478,0.001,0.001
Failed,,,4481,1305,0.001,0.442
Failed,,,5000,1701,0.001,0.542
Failed,,,5000,1265,0.001,0.001
Failed,,,4644,229,0.001,0.345
Failed,,,5000,1666,0.001,0.001
Failed,,,4431,1723,0.001,0.071
Failed,,,5000,1258,0.001,0.572
Failed,,,5000,1260,0.001,0.42
Failed,,,5000,1284,0.001,0.473
Failed,,,4430,1288,0.001,0.542
Failed,,,4590,1260,0.001,0.001
Failed,,,5000,923,0.001,0.055
Failed,,,4649,1198,0.001,0.498
Failed,,,4991,1280,0.001,0.439
Failed,,,4735,1261,0.001,0.456
Failed,,,4928,1423,0.001,0.001
Failed,,,4304,1436,0.001,0.064
Failed,,,4066,1277,0.001,0.527
Failed,,,4810,1294,0.001,0.43
Failed,,,4348,1308,0.001,0.447
Failed,,,4977,389,0.001,0.42
Failed,,,4499,1238,0.001,0.515
Failed,,,5000,1447,0.001,0.067
Failed,,,4966,1207,0.001,0.002
Failed,,,4817,1304,0.001,0.484
Failed,,,5000,1278,0.001,0.001
Failed,,,4850,235,0.001,0.368
Failed,,,4939,1700,0.001,0.545
Failed,,,4719,1281,0.001,0.468
Failed,,,4796,1133,0.001,0.629
Failed,,,5000,927,0.001,0.048
Failed,,,4763,1718,0.001,0.032
Failed,,,4452,1000,0.001,0.083
Failed,,,4154,1689,0.001,0.531
Failed,,,4903,1692,0.001,0.054
Failed,,,4936,1301,0.001,0.493
Failed,,,4870,934,0.001,0.001
Failed,,,5000,1277,0.001,0.09
Failed,,,4638,1246,0.001,0.457
Failed,,,5000,1242,0.001,0.076
Failed,,,4424,1703,0.001,0.514
Failed,,,5000,1280,0.001,0.508
Failed,,,3970,238,0.001,0.396
Failed,,,4561,1266,0.001,0.451
Failed,,,4958,914,0.001,0.039
Failed,,,4957,1294,0.001,0.51
Failed,,,5000,1201,0.001,0.627
Failed,,,4984,1001,0.001,0.035
Failed,,,4968,1710,0.001,0.467
Failed,,,5000,949,0.001,0.033
Failed,,,4680,1026,0.001,0.066
Failed,,,4781,1224,0.001,0.128
Failed,,,5000,1198,0.001,0.572
Failed,,,4944,934,0.001,0.001
Failed,,,4783,1259,0.001,0.001
Failed,,,5000,225,0.001,0.001
Failed,,,5000,1706,0.001,0.544
Failed,,,4524,998,0.001,0.092
Failed,,,4996,1294,0.001,0.508
Failed,,,3635,903,0.001,0.079
Failed,,,5000,1460,0.001,0.507
Failed,,,4814,411,0.001,0.381
Failed,,,5000,1288,0.001,0.489
Failed,,,4976,1466,0.001,0.001
Failed,,,5000,1247,0.001,0.08
Failed,,,4988,1455,0.001,0.001
Failed,,,4583,1257,0.001,0.495
Failed,,,4846,1001,0.001,0.094
Failed,,,4831,1290,0.001,0.449
Failed,,,5000,1271,0.001,0.421
Failed,,,5000,399,0.001,0.417
Failed,,,4927,1243,0.001,0.47
Failed,,,5000,1312,0.001,0.495
Failed,,,5000,922,0.001,0.046
Failed,,,4247,993,0.001,0.107
Failed,,,4803,1279,0.001,0.478
Failed,,,3693,1673,0.001,0.104
Failed,,,5000,1707,0.001,0.578
Failed,,,4451,261,0.001,0.444
Failed,,,4628,1431,0.001,0.114
Failed,,,4608,923,0.001,0.06
Failed,,,4289,1232,0.001,0.538
Failed,,,5000,1675,0.001,0.046
Failed,,,3802,1293,0.001,0.474
Failed,,,5000,1635,0.001,0.001
Failed,,,3642,1482,0.001,0.079
Failed,,,5000,1278,0.001,0.553
Failed,,,4792,421,0.001,0.383
Failed,,,5000,439,0.001,0.421
Failed,,,5000,1297,0.001,0.497
Failed,,,4739,412,0.001,0.371
Failed,,,5000,1255,0.001,0.001
Failed,,,4924,445,0.001,0.407
Failed,,,5000,1719,0.001,0.573
Failed,,,5000,1277,0.001,0.071
Failed,,,4729,1262,0.001,0.522
Failed,,,4869,890,0.001,0.048
Failed,,,5000,1279,0.001,0.487
Failed,,,4664,1663,0.001,0.032
Failed,,,4760,1469,0.001,0.001
Failed,,,4560,992,0.001,0.001
Failed,,,5000,1694,0.001,0.001
Failed,,,4786,976,0.001,0.001
Failed,,,4921,920,0.001,0.078
Failed,,,4975,1247,0.001,0.442
Failed,,,4832,1004,0.001,0.029
Failed,,,4777,242,0.001,0.38
Failed,,,5000,457,0.001,0.406
Failed,,,5000,1412,0.001,0.441
Failed,,,4608,1255,0.001,0.448
Failed,,,4971,1039,0.001,0.45
Failed,,,5000,1250,0.001,0.512
Failed,,,5000,391,0.001,0.421
Failed,,,4744,1014,0.001,0.078
Failed,,,4799,234,0.001,0.394
Failed,,,5000,1267,0.001,0.522
Failed,,,5000,1250,0.001,0.457
Failed,,,5000,1043,0.001,0.447
Failed,,,4913,1722,0.001,0.545
Failed,,,5000,413,0.001,0.362
Failed,,,5000,1331,0.001,0.476
Failed,,,4212,1482,0.001,0.467
Failed,,,5000,1252,0.001,0.496
Failed,,,4890,229,0.001,0.393
Failed,,,5000,1295,0.001,0.478
Failed,,,5000,939,0.001,0.063
Failed,,,4224,1702,0.001,0.5
Failed,,,5000,1280,0.001,0.503
Failed,,,4750,1448,0.001,0.001
Failed,,,5000,862,0.001,0.435
Failed,,,5000,1239,0.001,0.433
Failed,,,4688,1017,0.001,0.001
Failed,,,5000,948,0.001,0.08
Failed,,,4990,840,0.001,0.443
Failed,,,4956,229,0.001,0.427
Failed,,,4795,1086,0.001,0.45
Failed,,,4937,1421,0.001,0.001
Failed,,,4876,1299,0.001,0.476
Failed,,,4193,1723,0.001,0.485
Failed,,,4858,1001,0.001,0.03
Failed,,,5000,1714,0.001,0.519
Failed,,,4950,1243,0.001,0.511
Failed,,,4671,875,0.001,0.413
Failed,,,5000,855,0.001,0.434
Failed,,,4924,1238,0.001,0.492
Failed,,,5000,1697,0.001,0.492
Failed,,,5000,422,0.001,0.412
Failed,,,4345,937,0.001,0.068
Failed,,,4657,1709,0.001,0.498
Failed,,,4504,1269,0.001,0.496
Failed,,,5000,917,0.001,0.02
Failed,,,5000,1699,0.001,0.051
Failed,,,4491,1306,0.001,0.473
Failed,,,4853,425,0.001,0.404
Failed,,,5000,1138,0.001,0.452
Failed,,,5000,938,0.001,0.001
Failed,,,5000,1021,0.001,0.467
Failed,,,5000,1502,0.001,0.001
Failed,,,5000,1020,0.001,0.465
Failed,,,4237,1268,0.001,0.452
Failed,,,5000,223,0.001,0.089
Failed,,,4070,879,0.001,0.439
Failed,,,5000,1939,0.001,0.001
Failed,,,5000,1552,0.001,0.001
Failed,,,4855,1042,0.001,0.435
Failed,,,4902,970,0.001,0.001
Failed,,,5000,1272,0.001,0.001
Failed,,,5000,1040,0.001,0.417
Failed,,,5000,1274,0.001,0.499
Failed,,,5000,942,0.001,0.06
Failed,,,5000,800,0.001,0.416
Failed,,,5000,1501,0.001,0.001
Failed,,,5000,1709,0.001,0.503
Failed,,,4522,1146,0.001,0.472
Failed,,,5000,229,0.001,0.415
Failed,,,5000,1055,0.001,0.455
Failed,,,5000,435,0.001,0.419
Failed,,,5000,1051,0.001,0.439
Failed,,,3992,1232,0.001,0.475
Failed,,,5000,1052,0.001,0.461
Failed,,,4902,1270,0.001,0.476
Failed,,,4833,449,0.001,0.366
Failed,,,5000,1272,0.001,0.488
Failed,,,4408,781,0.001,0.412
Failed,,,5000,1296,0.001,0.57
Failed,,,4690,1251,0.001,0.471
Failed,,,5000,425,0.001,0.424
Failed,,,5000,1313,0.001,0.527
Failed,,,4790,448,0.001,0.418
Failed,,,5000,1283,0.001,0.076
Failed,,,5000,1244,0.001,0.001
Failed,,,5000,954,0.001,0.076
Failed,,,4362,1272,0.001,0.44
Failed,,,5000,1055,0.001,0.492
Failed,,,5000,1277,0.001,0.485
Failed,,,5000,438,0.001,0.426
Failed,,,5000,1082,0.001,0.476
Failed,,,5000,1015,0.001,0.053
Failed,,,5000,259,0.001,0.383
Failed,,,4901,1039,0.001,0.459
Failed,,,4897,867,0.001,0.412
Failed,,,4381,1066,0.001,0.465
Failed,,,4929,1025,0.001,0.001
Failed,,,4551,870,0.001,0.452
Failed,,,4297,1283,0.001,0.497
Failed,,,5000,1694,0.001,0.518
Failed,,,4896,947,0.001,0.026
Failed,,,5000,1082,0.001,0.442
Failed,,,4659,1715,0.001,0.001
Failed,,,4685,1065,0.001,0.474
Failed,,,4549,1283,0.001,0.446
Failed,,,5000,1278,0.001,0.563
Failed,,,5000,818,0.001,0.427
Failed,,,5000,1037,0.001,0.046
Failed,,,4092,1266,0.001,0.474
Failed,,,4845,1678,0.001,0.001
Failed,,,4710,1474,0.001,0.03
Failed,,,5000,869,0.001,0.433
Failed,,,4772,1270,0.001,0.472
Failed,,,5000,993,0.001,0.001
Failed,,,5000,477,0.001,0.395
Failed,,,5000,1260,0.001,0.568
Failed,,,5000,789,0.001,0.408
Failed,,,5000,1273,0.001,0.001
Failed,,,5000,1299,0.001,0.434
Failed,,,5000,1654,0.001,0.463
Failed,,,4662,945,0.001,0.07
Failed,,,4543,1019,0.001,0.444
Failed,,,5000,1277,0.001,0.536
Failed,,,5000,984,0.001,0.023
Failed,,,4507,1283,0.001,0.535
Failed,,,5000,1454,0.001,0.001
Failed,,,4892,1218,0.001,0.059
Failed,,,4555,927,0.001,0.057
Failed,,,4763,1290,0.001,0.466
Failed,,,4963,223,0.001,0.092
Failed,,,5000,1313,0.001,0.575
Failed,,,4996,993,0.001,0.019
Failed,,,5000,1060,0.001,0.463
Failed,,,4965,1196,0.001,0.499
Failed,,,5000,988,0.001,0.074
Failed,,,5000,1444,0.001,0.001
Failed,,,4995,1155,0.001,0.422
Failed,,,4659,977,0.001,0.025
Failed,,,5000,1706,0.001,0.559
Failed,,,4016,880,0.001,0.091
Failed,,,5000,1275,0.001,0.001
Failed,,,4909,1273,0.001,0.549
Failed,,,3982,1279,0.001,0.469
Failed,,,4561,1258,0.001,0.487
Failed,,,5000,1051,0.001,0.442
Failed,,,5000,858,0.001,0.443
Failed,,,5000,780,0.001,0.001
Failed,,,4728,1479,0.001,0.001
Failed,,,3711,1289,0.001,0.471
Failed,,,5000,969,0.001,0.001
Failed,,,4827,952,0.001,0.041
Failed,,,5000,1717,0.001,0.539
Failed,,,5000,898,0.001,0.004
Failed,,,5000,947,0.001,0.001
Failed,,,5000,232,0.001,0.106
Failed,,,4899,1283,0.001,0.503
Failed,,,5000,1270,0.001,0.483
Failed,,,4725,1708,0.001,0.522
Failed,,,5000,1085,0.001,0.488
Failed,,,4945,1693,0.001,0.472
Failed,,,4376,1673,0.001,0.001
Failed,,,4807,1108,0.001,0.419
Failed,,,5000,1695,0.001,0.505
Failed,,,5000,849,0.001,0.435
Failed,,,4975,1267,0.001,0.524
Failed,,,5000,1022,0.001,0.442
Failed,,,4838,930,0.001,0.062
Failed,,,5000,389,0.001,0.404
Failed,,,4582,1328,0.001,0.47
Failed,,,5000,473,0.001,0.421
Failed,,,4797,1004,0.001,0.076
Failed,,,4835,1711,0.001,0.489
Failed,,,5000,855,0.001,0.451
Failed,,,5000,1044,0.001,0.467
Failed,,,4020,1285,0.001,0.571
Failed,,,5000,1297,0.001,0.422
Failed,,,4908,1702,0.001,0.001
Failed,,,4395,1312,0.001,0.524
Failed,,,2852,946,0.001,0.109
Failed,,,5000,1263,0.001,0.456
Failed,,,4923,1715,0.001,0.505
Failed,,,5000,809,0.001,0.418
Failed,,,4979,1700,0.001,0.489
Failed,,,4995,832,0.001,0.441
Failed,,,4893,1487,0.001,0.001
Failed,,,5000,995,0.001,0.001
Failed,,,5000,417,0.001,0.276
Failed,,,4958,968,0.001,0.001
Failed,,,5000,1077,0.001,0.496
Failed,,,4800,1258,0.001,0.07
Failed,,,4944,431,0.001,0.381
Failed,,,4633,1697,0.001,0.531
Failed,,,4871,782,0.001,0.428
Failed,,,5000,1296,0.001,0.432
Failed,,,4509,1286,0.001,0.455
Failed,,,4490,1713,0.001,0.551
Failed,,,5000,1032,0.001,0.001
Failed,,,4723,1698,0.001,0.519
Failed,,,4952,955,0.001,0.001
Failed,,,4850,1022,0.001,0.423
Failed,,,4770,1392,0.001,0.48
Failed,,,4637,978,0.001,0.067
Failed,,,5000,1258,0.001,0.516
Failed,,,5000,1231,0.001,0.526
Failed,,,4965,816,0.001,0.437
Failed,,,5000,443,0.001,0.421
Failed,,,5000,930,0.001,0.001
Failed,,,4758,993,0.001,0.001
Failed,,,5000,1300,0.001,0.47
Failed,,,5000,1712,0.001,0.569
Failed,,,4875,1261,0.001,0.453
Failed,,,5000,258,0.001,0.419
Failed,,,5000,467,0.001,0.376
Failed,,,4871,1697,0.001,0.502
Failed,,,5000,1279,0.001,0.536
Failed,,,5000,1712,0.001,0.527
Failed,,,4727,961,0.001,0.061
Failed,,,4540,1085,0.001,0.458
Failed,,,5000,1236,0.001,0.473
Failed,,,5000,1676,0.001,0.506
Failed,,,5000,1076,0.001,0.455
Failed,,,4466,1688,0.001,0.052
Failed,,,4585,879,0.001,0.477
Failed,,,4881,863,0.001,0.455
Failed,,,5000,1697,0.001,0.512
Failed,,,5000,489,0.001,0.438
Failed,,,4480,1706,0.001,0.474
Failed,,,4379,916,0.001,0.419
Failed,,,5000,236,0.001,0.113
Failed,,,4651,952,0.001,0.07
Failed,,,4800,934,0.001,0.03
Failed,,,4835,1003,0.001,0.053
Failed,,,4617,1033,0.001,0.074
Failed,,,4100,840,0.001,0.435
Failed,,,5000,1302,0.001,0.458
Failed,,,4246,941,0.001,0.062
Failed,,,4896,831,0.001,0.446
Failed,,,4601,1279,0.001,0.442
Failed,,,4655,902,0.001,0.001
Failed,,,4230,1244,0.001,0.453
Failed,,,4739,981,0.001,0.007
Failed,,,4679,1256,0.001,0.134
Failed,,,4360,1304,0.001,0.491
Failed,,,4941,926,0.001,0.001
Failed,,,5000,967,0.001,0.003
Failed,,,4869,1708,0.001,0.001
Failed,,,4903,984,0.001,0.001
Failed,,,4477,1298,0.001,0.45
Failed,,,5000,1686,0.001,0.518
Failed,,,4879,838,0.001,0.44
Failed,,,5000,1249,0.001,0.484
Failed,,,4447,1076,0.001,0.423
Failed,,,5000,1307,0.001,0.486
Failed,,,5000,870,0.001,0.626
Failed,,,4284,1068,0.001,0.452
Failed,,,5000,1233,0.001,0.538
Failed,,,5000,1700,0.001,0.461
Failed,,,4383,937,0.001,0.051
Failed,,,5000,1696,0.001,0.001
Failed,,,4843,1268,0.001,0.466
Failed,,,5000,866,0.001,0.434
Failed,,,3563,1656,0.001,0.001
Failed,,,4888,1250,0.001,0.494
Failed,,,4716,1046,0.001,0.449
Failed,,,4381,1256,0.001,0.001
Failed,,,4989,1291,0.001,0.601
Failed,,,4741,1719,0.001,0.561
Failed,,,4271,1047,0.001,0.46
Failed,,,5000,972,0.001,0.001
Failed,,,5000,1286,0.001,0.497
Failed,,,5000,420,0.001,0.361
Failed,,,4948,850,0.001,0.424
Failed,,,4929,987,0.001,0.068
Failed,,,4609,868,0.001,0.411
Failed,,,5000,1072,0.001,0.466
Failed,,,4909,1441,0.001,0.001
Failed,,,4742,1286,0.001,0.483
Failed,,,5000,887,0.001,0.083
Failed,,,5000,947,0.001,0.029
Failed,,,5000,1718,0.001,0.577
Failed,,,5000,406,0.001,0.401
Failed,,,5000,1047,0.001,0.448
Failed,,,5000,987,0.001,0.419
Failed,,,4646,1279,0.001,0.456
Failed,,,4724,851,0.001,0.419
Failed,,,5000,985,0.001,0.001
Failed,,,4716,1259,0.001,0.487
Failed,,,4295,1024,0.001,0.064
Failed,,,5000,1258,0.001,0.481
Failed,,,5000,1259,0.001,0.444
Failed,,,4911,884,0.001,0.001
Failed,,,4885,1701,0.001,0.001
Failed,,,4902,872,0.001,0.397
Failed,,,5000,426,0.001,0.001
Failed,,,5000,1684,0.001,0.488
Failed,,,4908,1000,0.001,0.001
Failed,,,4866,847,0.001,0.471
Failed,,,5000,844,0.001,0.416
Failed,,,5000,1051,0.001,0.457
Failed,,,4991,839,0.001,0.424
Failed,,,4831,1698,0.001,0.001
Failed,,,5000,1342,0.001,0.482
Failed,,,4685,1223,0.001,0.505
Failed,,,5000,785,0.001,0.387
Failed,,,5000,974,0.001,0.018
Failed,,,4546,1268,0.001,0.473
Failed,,,5000,1005,0.001,0.001
Failed,,,4980,1246,0.001,0.48
Failed,,,4613,942,0.001,0.076
Failed,,,5000,1074,0.001,0.437
Failed,,,3763,1680,0.001,0.484
Failed,,,4801,1223,0.001,0.428
Failed,,,4725,406,0.001,0.415
Failed,,,5000,1248,0.001,0.001
Failed,,,5000,1065,0.001,0.462
Failed,,,4870,1255,0.001,0.554
Failed,,,5000,1456,0.001,0.001
Failed,,,5000,1275,0.001,0.451
Failed,,,5000,1476,0.001,0.477
Failed,,,5000,844,0.001,0.436
Failed,,,4783,1266,0.001,0.47
Failed,,,5000,1173,0.001,0.591
Failed,,,5000,829,0.001,0.42
Failed,,,4400,1046,0.001,0.433
Failed,,,5000,827,0.001,0.436
Failed,,,5000,986,0.001,0.075
Failed,,,5000,1289,0.001,0.497
Failed,,,4904,220,0.001,0.075
Failed,,,5000,991,0.001,0.001
Failed,,,4837,1270,0.001,0.458
Failed,,,5000,848,0.001,0.43
Failed,,,4849,1714,0.001,0.533
Failed,,,4963,1069,0.001,0.448
Failed,,,4389,1242,0.001,0.495
Failed,,,5000,1010,0.001,0.001
Failed,,,5000,949,0.001,0.001
Failed,,,5000,1280,0.001,0.481
Failed,,,5000,976,0.001,0.035
Failed,,,5000,886,0.001,0.001
Failed,,,5000,915,0.001,0.001
Failed,,,4950,1029,0.001,0.07
Failed,,,5000,464,0.001,0.419
Failed,,,5000,958,0.001,0.039
Failed,,,4392,1279,0.001,0.46
Failed,,,4815,987,0.001,0.035
Failed,,,5000,1249,0.001,0.48
Failed,,,5000,1024,0.001,0.398
Failed,,,4682,949,0.001,0.001
Failed,,,5000,1056,0.001,0.451
Failed,,,4791,1516,0.001,0.001
Failed,,,4875,897,0.001,0.431
Failed,,,5000,1243,0.001,0.508
Failed,,,5000,1140,0.001,0.479
Failed,,,4081,1288,0.001,0.489
Failed,,,4835,971,0.001,0.043
Failed,,,4972,901,0.001,0.424
Failed,,,4955,1261,0.001,0.486
Failed,,,5000,235,0.001,0.41
Failed,,,4654,1287,0.001,0.461
Failed,,,4980,826,0.001,0.445
Failed,,,4738,880,0.001,0.062
Failed,,,5000,1261,0.001,0.054
Failed,,,4512,1694,0.001,0.046
Failed,,,5000,990,0.001,0.042
Failed,,,5000,1226,0.001,0.462
Failed,,,4907,1084,0.001,0.494
Failed,,,4578,1463,0.001,0.454
Failed,,,4489,1244,0.001,0.462
Failed,,,4426,1294,0.001,0.541
Failed,,,5000,1068,0.001,0.466
Failed,,,4729,1456,0.001,0.03
Failed,,,4107,1715,0.001,0.472
Failed,,,4938,1063,0.001,0.493
Failed,,,4870,984,0.001,0.039
Failed,,,4949,828,0.001,0.447
Failed,,,4886,1469,0.001,0.027
Failed,,,4800,1311,0.001,0.6
Failed,,,5000,1225,0.001,0.459
Failed,,,4804,877,0.001,0.428
Failed,,,4988,1308,0.001,0.459
Failed,,,5000,1722,0.001,0.546
Failed,,,5000,1274,0.001,0.501
Failed,,,5000,843,0.001,0.475
Failed,,,5000,233,0.001,0.239
Failed,,,4098,1081,0.001,0.091
Failed,,,5000,237,0.001,0.418
Failed,,,5000,1327,0.001,0.452
Failed,,,4565,1041,0.001,0.412
Failed,,,5000,1476,0.001,0.001
Failed,,,4880,897,0.001,0.072
Failed,,,5000,1042,0.001,0.42
Failed,,,5000,1678,0.001,0.001
Failed,,,5000,1287,0.001,0.515
Failed,,,4253,970,0.001,0.136
Failed,,,5000,1096,0.001,0.472
Failed,,,4967,1706,0.001,0.528
Failed,,,4875,236,0.001,0.1
Failed,,,5000,247,0.001,0.405
Failed,,,4942,1513,0.001,0.021
Failed,,,4625,837,0.001,0.415
Failed,,,5000,980,0.001,0.001
Failed,,,5000,245,0.001,0.405
Failed,,,4984,835,0.001,0.612
Failed,,,5000,1273,0.001,0.431
Failed,,,5000,957,0.001,0.39
Failed,,,4885,940,0.001,0.001
Failed,,,4990,392,0.001,0.431
Failed,,,4976,1068,0.001,0.499
Failed,,,4890,928,0.001,0.065
Failed,,,4732,243,0.001,0.385
Failed,,,4435,1078,0.001,0.475
Failed,,,5000,954,0.001,0.044
Failed,,,5000,864,0.001,0.439
Failed,,,4852,1271,0.001,0.491
Failed,,,5000,1680,0.001,0.034
Failed,,,3206,829,0.001,0.438
Failed,,,5000,1178,0.001,0.442
Failed,,,4953,419,0.001,0.418
Failed,,,4658,1232,0.001,0.496
Failed,,,4735,1472,0.001,0.03
Failed,,,5000,219,0.001,0.403
Failed,,,5000,1278,0.001,0.458
Failed,,,4707,920,0.001,0.031
Failed,,,5000,1282,0.001,0.442
Failed,,,5000,1687,0.001,0.051
Failed,,,5000,946,0.001,0.001
Failed,,,3568,1231,0.001,0.448
Failed,,,5000,544,0.001,0.396
Failed,,,4964,1273,0.001,0.001
Failed,,,4863,436,0.001,0.395
Failed,,,5000,1010,0.001,0.018
Failed,,,5000,1703,0.001,0.509
Failed,,,5000,1106,0.001,0.452
Failed,,,5000,1724,0.001,0.545
Failed,,,5000,981,0.001,0.001
Failed,,,5000,1282,0.001,0.457
Failed,,,4472,1474,0.001,0.026
Failed,,,5000,1284,0.001,0.485
Failed,,,5000,833,0.001,0.472
Failed,,,4738,1422,0.001,0.049
Failed,,,5000,1699,0.001,0.001
Failed,,,4640,1252,0.001,0.485
Failed,,,4702,827,0.001,0.424
Failed,,,5000,941,0.001,0.001
Failed,,,5000,1324,0.001,0.445
Failed,,,5000,1462,0.001,0.035
Failed,,,4719,1264,0.001,0.538
Failed,,,4967,1057,0.001,0.468
Failed,,,4776,1344,0.001,0.454
Failed,,,4084,855,0.001,0.461
Failed,,,5000,234,0.001,0.457
Failed,,,5000,1061,0.001,0.454
Failed,,,4632,1483,0.001,0.001
Failed,,,4766,1240,0.001,0.476
Failed,,,4946,985,0.001,0.001
Failed,,,4385,1716,0.001,0.477
Failed,,,4513,1281,0.001,0.436
Failed,,,5000,1464,0.001,0.511
Failed,,,3855,1700,0.001,0.546
Failed,,,4166,1469,0.001,0.001
Failed,,,5000,1022,0.001,0.001
Failed,,,5000,1273,0.001,0.493
Failed,,,5000,1022,0.001,0.066
Failed,,,4919,1701,0.001,0.509
Failed,,,5000,582,0.001,0.409
Failed,,,5000,1269,0.001,0.483
Failed,,,4895,902,0.001,0.047
Failed,,,4902,1282,0.001,0.49
Failed,,,5000,824,0.001,0.419
Failed,,,5000,924,0.001,0.001
Failed,,,4867,1058,0.001,0.433
Failed,,,4953,837,0.001,0.437
Failed,,,5000,459,0.001,0.396
Failed,,,5000,1466,0.001,0.001
Failed,,,4837,244,0.001,0.415
Failed,,,5000,985,0.001,0.042
Failed,,,5000,1198,0.001,0.475
Failed,,,4885,943,0.001,0.045
Failed,,,3140,1432,0.001,0.473
Failed,,,4394,903,0.001,0.096
Failed,,,5000,1712,0.001,0.522
Failed,,,4922,233,0.001,0.399
Failed,,,4964,1713,0.001,0.493
Failed,,,4867,819,0.001,0.409
Failed,,,4927,225,0.001,0.383
Failed,,,5000,1040,0.001,0.454
Failed,,,5000,341,0.001,0.001
Failed,,,5000,248,0.001,0.4
Failed,,,4765,804,0.001,0.408
Failed,,,4895,1316,0.001,0.495
Failed,,,4887,1040,0.001,0.43
Failed,,,4808,1710,0.001,0.001
Failed,,,5000,1055,0.001,0.453
Failed,,,5000,1265,0.001,0.542
Failed,,,5000,864,0.001,0.449
Failed,,,5000,1048,0.001,0.468
Failed,,,4503,1233,0.001,0.548
Failed,,,4763,1053,0.001,0.458
Failed,,,4859,784,0.001,0.436
Failed,,,5000,1003,0.001,0.048
Failed,,,4524,1270,0.001,0.486
Failed,,,5000,227,0.001,0.394
Failed,,,4219,940,0.001,0.074
Failed,,,4841,999,0.001,0.057
Failed,,,4399,1276,0.001,0.481
Failed,,,4486,1701,0.001,0.573
Failed,,,4713,1434,0.001,0.464
Failed,,,5000,1046,0.001,0.446
Failed,,,5000,860,0.001,0.001
Failed,,,4947,424,0.001,0.428
Failed,,,5000,1006,0.001,0.001
Failed,,,4638,861,0.001,0.463
Failed,,,5000,1087,0.001,0.001
Failed,,,4420,878,0.001,0.121
Failed,,,5000,1283,0.001,0.44
Failed,,,4187,1241,0.001,0.102
Failed,,,4547,1107,0.001,0.456
Failed,,,4849,1274,0.001,0.45
Failed,,,5000,913,0.001,0.001
Failed,,,5000,1234,0.001,0.467
Failed,,,4954,961,0.001,0.062
Failed,,,3985,1286,0.001,0.448
Failed,,,4378,1025,0.001,0.436
Failed,,,5000,819,0.001,0.452
Failed,,,4984,1294,0.001,0.531
Failed,,,5000,854,0.001,0.455
Failed,,,4900,1374,0.001,0.479
Failed,,,5000,1002,0.001,0.071
Failed,,,5000,307,0.001,0.001
Failed,,,4040,1436,0.001,0.473
Failed,,,5000,1059,0.001,0.429
Failed,,,4475,979,0.001,0.042
Failed,,,4787,1274,0.001,0.472
Failed,,,5000,222,0.001,0.088
Failed,,,5000,1692,0.001,0.001
Failed,,,4842,1019,0.001,0.057
Failed,,,5000,1073,0.001,0.47
Failed,,,4983,1481,0.001,0.001
Failed,,,5000,867,0.001,0.403
Failed,,,5000,239,0.001,0.114
Failed,,,5000,1262,0.001,0.5
Failed,,,4776,242,0.001,0.25
Failed,,,4993,1245,0.001,0.439
Failed,,,3858,851,0.001,0.433
Failed,,,5000,1172,0.001,0.505
Failed,,,5000,1036,0.001,0.434
Failed,,,4044,1262,0.001,0.487
Failed,,,4750,964,0.001,0.072
Failed,,,5000,1092,0.001,0.401
Failed,,,4886,1300,0.001,0.438
Failed,,,5000,971,0.001,0.001
Failed,,,4534,244,0.001,0.389
Failed,,,4318,1280,0.001,0.451
Failed,,,5000,855,0.001,0.43
Failed,,,4754,962,0.001,0.051
Failed,,,4724,1285,0.001,0.498
Failed,,,5000,1705,0.001,0.542
Failed,,,4478,1671,0.001,0.036
Failed,,,4401,806,0.001,0.422
Failed,,,5000,1704,0.001,0.001
Failed,,,4439,902,0.001,0.001
Failed,,,5000,1294,0.001,0.044
Failed,,,5000,794,0.001,0.421
Failed,,,4816,1333,0.001,0.491
Failed,,,5000,1016,0.001,0.001
Failed,,,4973,861,0.001,0.448
Failed,,,5000,833,0.001,0.425
Failed,,,4460,1219,0.001,0.468
Failed,,,5000,1050,0.001,0.409
Failed,,,4604,1342,0.001,0.561
Failed,,,5000,583,0.001,0.001
Failed,,,5000,229,0.001,0.001
Failed,,,4925,802,0.001,0.423
Failed,,,4837,978,0.001,0.053
Failed,,,5000,1324,0.001,0.046
Failed,,,4727,952,0.001,0.043
Failed,,,4310,1208,0.001,0.419
Failed,,,5000,226,0.001,0.098
Failed,,,4820,1335,0.001,0.044
Failed,,,5000,400,0.001,0.001
Failed,,,4339,1297,0.001,0.528
Failed,,,5000,1314,0.001,0.001
Failed,,,5000,927,0.001,0.001
Failed,,,4483,1323,0.001,0.052
Failed,,,4865,1425,0.001,0.001
Failed,,,4690,1466,0.001,0.001
Failed,,,5000,1078,0.001,0.502
Failed,,,5000,1047,0.001,0.479
Failed,,,4748,1332,0.001,0.448
Failed,,,4697,901,0.001,0.001
Failed,,,4564,1255,0.001,0.521
Failed,,,3795,1471,0.001,0.051
Failed,,,5000,1341,0.001,0.001
Failed,,,5000,1323,0.001,0.038
Failed,,,4796,1330,0.001,0.419
Failed,,,5000,1312,0.001,0.461
Failed,,,5000,946,0.001,0.034
Failed,,,5000,1294,0.001,0.442
Failed,,,4595,1306,0.001,0.453
Failed,,,4827,1354,0.001,0.001
Failed,,,5000,234,0.001,0.375
Failed,,,4941,1282,0.001,0.524
Failed,,,5000,1328,0.001,0.037
Failed,,,4517,1047,0.001,0.456
Failed,,,5000,1308,0.001,0.037
Failed,,,4960,1051,0.001,0.447
Failed,,,4889,1329,0.001,0.038
Failed,,,5000,1280,0.001,0.499
Failed,,,5000,851,0.001,0.426
Failed,,,5000,1319,0.001,0.007
Failed,,,4853,1275,0.001,0.485
Failed,,,4493,1357,0.001,0.048
Failed,,,5000,1298,0.001,0.523
Failed,,,4873,1333,0.001,0.036
Failed,,,4973,1273,0.001,0.452
Failed,,,4912,1044,0.001,0.445
Failed,,,4897,1363,0.001,0.025
Failed,,,5000,987,0.001,0.001
Failed,,,5000,1081,0.001,0.48
Failed,,,4935,1012,0.001,0.026
Failed,,,4971,236,0.001,0.399
Failed,,,4814,1318,0.001,0.444
Failed,,,4775,868,0.001,0.398
Failed,,,5000,1297,0.001,0.478
Failed,,,4951,1020,0.001,0.009
Failed,,,5000,1698,0.001,0.524
Failed,,,4826,1318,0.001,0.021
Failed,,,4818,1292,0.001,0.495
Failed,,,5000,1322,0.001,0.497
Failed,,,4020,1307,0.001,0.454
Failed,,,5000,1360,0.001,0.058
Failed,,,4700,1314,0.001,0.028
Failed,,,4480,1902,0.001,0.593
Failed,,,4877,1008,0.001,0.431
Failed,,,4650,1332,0.001,0.001
Failed,,,5000,811,0.001,0.445
Failed,,,5000,1315,0.001,0.001
Failed,,,4966,991,0.001,0.001
Failed,,,5000,1323,0.001,0.519
Failed,,,5000,956,0.001,0.001
Failed,,,5000,1327,0.001,0.033
Failed,,,4829,1715,0.001,0.54
Failed,,,5000,979,0.001,0.048
Failed,,,4717,1314,0.001,0.02
Failed,,,5000,1011,0.001,0.037
Failed,,,4973,490,0.001,0.374
Failed,,,5000,1327,0.001,0.034
Failed,,,5000,1325,0.001,0.001
Failed,,,4973,1300,0.001,0.51
Failed,,,4694,1040,0.001,0.456
Failed,,,4435,1320,0.001,0.497
Failed,,,5000,999,0.001,0.011
Failed,,,5000,1294,0.001,0.473
Failed,,,5000,1355,0.001,0.001
Failed,,,4300,1278,0.001,0.503
Failed,,,4755,1350,0.001,0.001
Failed,,,5000,1010,0.001,0.038
Failed,,,4751,1312,0.001,0.06
Failed,,,5000,1278,0.001,0.525
Failed,,,5000,1697,0.001,0.001
Failed,,,4807,1326,0.001,0.001
Failed,,,4979,894,0.001,0.001
Failed,,,5000,1314,0.001,0.032
Failed,,,4808,1331,0.001,0.418
Failed,,,4825,1318,0.001,0.001
Failed,,,5000,1722,0.001,0.566
Failed,,,4971,1331,0.001,0.001
Failed,,,5000,981,0.001,0.006
Failed,,,5000,1335,0.001,0.02
Failed,,,4558,1360,0.001,0.012
Failed,,,5000,920,0.001,0.045
Failed,,,4975,1072,0.001,0.487
Failed,,,5000,1304,0.001,0.418
Failed,,,4887,1370,0.001,0.049
Failed,,,5000,1294,0.001,0.001
Failed,,,4830,1021,0.001,0.463
Failed,,,5000,1300,0.001,0.001
Failed,,,4886,300,0.001,0.396
Failed,,,4867,1249,0.001,0.551
Failed,,,5000,1353,0.001,0.03
Failed,,,3807,1255,0.001,0.479
Failed,,,5000,1327,0.001,0.001
Failed,,,5000,236,0.001,0.403
Failed,,,3016,1235,0.001,0.458
Failed,,,5000,1306,0.001,0.598
Failed,,,5000,1332,0.001,0.039
Failed,,,4770,1115,0.001,0.431
Failed,,,5000,1000,0.001,0.001
Failed,,,5000,1289,0.001,0.435
Failed,,,4802,1338,0.001,0.441
Failed,,,4754,994,0.001,0.001
Failed,,,5000,1283,0.001,0.046
Failed,,,4641,1334,0.001,0.458
Failed,,,4754,911,0.001,0.089
Failed,,,4857,1315,0.001,0.469
Failed,,,4885,1046,0.001,0.058
Failed,,,4994,1420,0.001,0.432
Failed,,,4397,1306,0.001,0.046
Failed,,,5000,1358,0.001,0.031
Failed,,,3996,1323,0.001,0.485
Failed,,,4902,1016,0.001,0.044
Failed,,,4104,1251,0.001,0.426
Failed,,,4660,1315,0.001,0.036
Failed,,,5000,1281,0.001,0.518
Failed,,,4882,1112,0.001,0.57
Failed,,,4873,1334,0.001,0.025
Failed,,,5000,1484,0.001,0.001
Failed,,,4391,1349,0.001,0.022
Failed,,,4810,1286,0.001,0.064
Failed,,,5000,1367,0.001,0.001
Failed,,,5000,1309,0.001,0.071
Failed,,,5000,1384,0.001,0.001
Failed,,,5000,1712,0.001,0.574
Failed,,,5000,1303,0.001,0.445
Failed,,,4972,231,0.001,0.392
Failed,,,5000,1387,0.001,0.474
Failed,,,5000,1420,0.001,0.457
Failed,,,4715,1269,0.001,0.502
Failed,,,5000,1301,0.001,0.468
Failed,,,4727,987,0.001,0.047
Failed,,,5000,1303,0.001,0.037
Failed,,,5000,1707,0.001,0.561
Failed,,,5000,1702,0.001,0.567
Failed,,,4411,1286,0.001,0.471
Failed,,,4588,1353,0.001,0.001
Failed,,,4256,1224,0.001,0.496
Failed,,,4152,867,0.001,0.428
Failed,,,4545,1300,0.001,0.492
Failed,,,5000,606,0.001,0.4
Failed,,,4079,1300,0.001,0.044
Failed,,,5000,1334,0.001,0.49
Failed,,,5000,1319,0.001,0.001
Failed,,,4728,1332,0.001,0.459
Failed,,,5000,1402,0.001,0.008
Failed,,,4894,1290,0.001,0.075
Failed,,,5000,1287,0.001,0.493
Failed,,,4669,1704,0.001,0.538
Failed,,,5000,424,0.001,0.422
Failed,,,5000,1330,0.001,0.001
Failed,,,5000,1295,0.001,0.44
Failed,,,5000,920,0.001,0.001
Failed,,,4564,1281,0.001,0.474
Failed,,,5000,1300,0.001,0.024
Failed,,,5000,1293,0.001,0.473
Failed,,,4988,1456,0.001,0.001
Failed,,,5000,242,0.001,0.4
Failed,,,5000,1336,0.001,0.035
Failed,,,5000,1311,0.001,0.014
Failed,,,5000,1482,0.001,0.001
Failed,,,5000,1032,0.001,0.42
Failed,,,5000,1320,0.001,0.001
Failed,,,4926,991,0.001,0.068
Failed,,,4967,1350,0.001,0.039
Failed,,,5000,1308,0.001,0.067
Failed,,,5000,864,0.001,0.488
Failed,,,4756,1065,0.001,0.478
Failed,,,5000,1329,0.001,0.052
Failed,,,4250,1274,0.001,0.475
Failed,,,5000,1370,0.001,0.018
Failed,,,4695,1314,0.001,0.454
Failed,,,4771,1360,0.001,0.001
Failed,,,4779,1330,0.001,0.052
Failed,,,5000,1702,0.001,0.001
Failed,,,4933,1308,0.001,0.05
Failed,,,5000,1313,0.001,0.028
Failed,,,4971,1397,0.001,0.001
Failed,,,4382,1325,0.001,0.071
Failed,,,3881,1208,0.001,0.495
Failed,,,4520,1322,0.001,0.046
Failed,,,5000,843,0.001,0.419
Failed,,,5000,1318,0.001,0.001
Failed,,,4719,926,0.001,0.024
Failed,,,4853,1317,0.001,0.031
Failed,,,4376,1323,0.001,0.491
Failed,,,5000,647,0.001,0.442
Failed,,,4147,1300,0.001,0.509
Failed,,,4655,945,0.001,0.001
Failed,,,3995,1288,0.001,0.455
Failed,,,5000,1331,0.001,0.032
Failed,,,5000,1308,0.001,0.001
Failed,,,5000,944,0.001,0.001
Failed,,,4773,1328,0.001,0.027
Failed,,,5000,1051,0.001,0.426
Failed,,,4299,1344,0.001,0.067
Failed,,,5000,1293,0.001,0.54
Failed,,,4996,1481,0.001,0.492
Failed,,,5000,1318,0.001,0.045
Failed,,,4726,927,0.001,0.001
Failed,,,4558,803,0.001,0.42
Failed,,,5000,248,0.001,0.392
Failed,,,4849,1300,0.001,0.034
Failed,,,5000,1312,0.001,0.051
Failed,,,4884,1293,0.001,0.435
Failed,,,5000,1712,0.001,0.529
Failed,,,5000,1319,0.001,0.037
Failed,,,4985,1440,0.001,0.001
Failed,,,4944,1315,0.001,0.03
Failed,,,4524,1644,0.001,0.001
Failed,,,5000,1020,0.001,0.445
Failed,,,5000,1324,0.001,0.001
Failed,,,4565,1414,0.001,0.001
Failed,,,5000,951,0.001,0.001
Failed,,,5000,241,0.001,0.39
Failed,,,5000,1311,0.001,0.052
Failed,,,5000,1282,0.001,0.594
Failed,,,5000,385,0.001,0.435
Failed,,,4401,847,0.001,0.057
Failed,,,4242,1295,0.001,0.067
Failed,,,5000,1318,0.001,0.042
Failed,,,5000,967,0.001,0.001
Failed,,,4807,1330,0.001,0.465
Failed,,,4954,1004,0.001,0.001
Failed,,,5000,1306,0.001,0.474
Failed,,,5000,1335,0.001,0.001
Failed,,,4836,917,0.001,0.051
Failed,,,5000,223,0.001,0.001
Failed,,,4485,971,0.001,0.065
Failed,,,4312,1251,0.001,0.475
Failed,,,4581,1055,0.001,0.441
Failed,,,4890,1319,0.001,0.493
Failed,,,4848,234,0.001,0.356
Failed,,,4797,1311,0.001,0.029
Failed,,,4464,880,0.001,0.088
Failed,,,4974,1339,0.001,0.002
Failed,,,5000,1711,0.001,0.505
Failed,,,4818,1344,0.001,0.01
Failed,,,4402,1067,0.001,0.485
Failed,,,4543,1304,0.001,0.542
Failed,,,5000,1347,0.001,0.001
Failed,,,5000,1504,0.001,0.001
Failed,,,4852,1302,0.001,0.528
Failed,,,5000,1315,0.001,0.578
Failed,,,4844,958,0.001,0.001
Failed,,,4333,1316,0.001,0.036
Failed,,,4210,1282,0.001,0.456
Failed,,,5000,1403,0.001,0.001
Failed,,,4892,1704,0.001,0.47
Failed,,,5000,989,0.001,0.059
Failed,,,4899,1420,0.001,0.464
Failed,,,5000,1274,0.001,0.436
Failed,,,5000,231,0.001,0.39
Failed,,,5000,1364,0.001,0.059
Failed,,,4623,1333,0.001,0.041
Failed,,,5000,1252,0.001,0.067
Failed,,,5000,237,0.001,0.389
Failed,,,4759,1301,0.001,0.462
Failed,,,5000,1337,0.001,0.043
Failed,,,5000,796,0.001,0.453
Failed,,,4739,1044,0.001,0.506
Failed,,,4856,1325,0.001,0.489
Failed,,,4972,1425,0.001,0.01
Failed,,,4699,1289,0.001,0.465
Failed,,,5000,1706,0.001,0.57
Failed,,,4998,1316,0.001,0.001
Failed,,,5000,1686,0.001,0.001
Failed,,,5000,1008,0.001,0.48
Failed,,,4968,1334,0.001,0.466
Failed,,,5000,1445,0.001,0.029
Failed,,,4807,1321,0.001,0.04
Failed,,,5000,992,0.001,0.014
Failed,,,5000,1301,0.001,0.473
Failed,,,3696,1659,0.001,0.057
Failed,,,5000,1300,0.001,0.528
Failed,,,5000,362,0.001,0.418
Failed,,,5000,1325,0.001,0.013
Failed,,,4695,1055,0.001,0.473
Failed,,,3609,934,0.001,0.112
Failed,,,5000,1321,0.001,0.003
Failed,,,5000,936,0.001,0.001
Failed,,,5000,1416,0.001,0.02
Failed,,,4801,1315,0.001,0.496
Failed,,,5000,957,0.001,0.001
Failed,,,5000,1042,0.001,0.428
Failed,,,4873,1328,0.001,0.001
Failed,,,4662,1016,0.001,0.06
Failed,,,5000,1323,0.001,0.001
Failed,,,5000,1448,0.001,0.001
Failed,,,5000,1308,0.001,0.048
Failed,,,4809,943,0.001,0.001
Failed,,,5000,1312,0.001,0.48
Failed,,,4814,940,0.001,0.062
Failed,,,4455,1280,0.001,0.477
Failed,,,5000,986,0.001,0.066
Failed,,,5000,992,0.001,0.001
Failed,,,4567,1341,0.001,0.074
Failed,,,5000,860,0.001,0.438
Failed,,,4440,1315,0.001,0.061
Failed,,,4191,1695,0.001,0.001
Failed,,,5000,1363,0.001,0.038
Failed,,,4976,976,0.001,0.041
Failed,,,5000,1315,0.001,0.446
Failed,,,5000,1054,0.001,0.479
Failed,,,4794,1331,0.001,0.009
Failed,,,4397,1284,0.001,0.437
Failed,,,4883,1479,0.001,0.004
Failed,,,4914,1287,0.001,0.49
Failed,,,4853,1317,0.001,0.04
Failed,,,4632,1045,0.001,0.469
Failed,,,5000,1361,0.001,0.023
Failed,,,4059,1294,0.001,0.478
Failed,,,5000,1708,0.001,0.001
Failed,,,4713,1321,0.001,0.479
Failed,,,5000,1280,0.001,0.572
Failed,,,4577,1308,0.001,0.455
Failed,,,4328,1339,0.001,0.081
Failed,,,4966,888,0.001,0.001
Failed,,,5000,1030,0.001,0.072
Failed,,,5000,1506,0.001,0.001
Failed,,,4930,1301,0.001,0.072
Failed,,,5000,1362,0.001,0.044
Failed,,,5000,428,0.001,0.429
Failed,,,5000,1313,0.001,0.444
Failed,,,4970,1323,0.001,0.003
Failed,,,5000,926,0.001,0.001
Failed,,,5000,1342,0.001,0.031
Failed,,,4856,848,0.001,0.426
Failed,,,5000,1316,0.001,0.023
Failed,,,4838,1710,0.001,0.601
Failed,,,4919,876,0.001,0.425
Failed,,,5000,1328,0.001,0.024
Failed,,,5000,425,0.001,0.001
Failed,,,5000,1356,0.001,0.007
Failed,,,5000,982,0.001,0.05
Failed,,,5000,1311,0.001,0.456
Failed,,,4903,1332,0.001,0.044
Failed,,,5000,1691,0.001,0.001
Failed,,,4706,815,0.001,0.456
Failed,,,5000,1305,0.001,0.465
Failed,,,4829,1034,0.001,0.425
Failed,,,4520,1322,0.001,0.001
Failed,,,5000,236,0.001,0.412
Failed,,,5000,865,0.001,0.43
Failed,,,4886,946,0.001,0.001
Failed,,,5000,1338,0.001,0.001
Failed,,,4666,979,0.001,0.001
Failed,,,5000,974,0.001,0.001
Failed,,,5000,1332,0.001,0.033
Failed,,,5000,409,0.001,0.41
Failed,,,5000,1311,0.001,0.021
Failed,,,4708,882,0.001,0.425
Failed,,,5000,1324,0.001,0.022
Failed,,,5000,850,0.001,0.425
Failed,,,3912,1279,0.001,0.479
Failed,,,5000,953,0.001,0.001
Failed,,,4943,448,0.001,0.407
Failed,,,5000,1302,0.001,0.488
Failed,,,5000,823,0.001,0.415
Failed,,,4778,1461,0.001,0.075
Failed,,,4037,1341,0.001,0.075
Failed,,,5000,1293,0.001,0.504
Failed,,,5000,997,0.001,0.001
Failed,,,5000,1314,0.001,0.462
Failed,,,5000,954,0.001,0.001
Failed,,,4816,1273,0.001,0.455
Failed,,,5000,434,0.001,0.395
Failed,,,4680,1284,0.001,0.478
Failed,,,5000,819,0.001,0.44
Failed,,,5000,1192,0.001,0.469
Failed,,,4967,1352,0.001,0.035
Failed,,,5000,996,0.001,0.001
Failed,,,5000,1308,0.001,0.017
Failed,,,5000,1033,0.001,0.486
Failed,,,3533,1283,0.001,0.068
Failed,,,4958,1335,0.001,0.999
Failed,,,5000,983,0.001,0.03
Failed,,,5000,1369,0.001,0.001
Failed,,,4492,963,0.001,0.065
Failed,,,4588,1341,0.001,0.046
Failed,,,5000,1303,0.001,0.596
Failed,,,5000,1023,0.001,0.456
Failed,,,5000,1297,0.001,0.494
Failed,,,4994,1030,0.001,0.047
Failed,,,5000,910,0.001,0.001
Failed,,,5000,1305,0.001,0.044
Failed,,,5000,1077,0.001,0.516
Failed,,,5000,1293,0.001,0.432
Failed,,,4636,1287,0.001,0.069
Failed,,,4888,1388,0.001,0.025
Failed,,,4599,1226,0.001,0.426
Failed,,,5000,1705,0.001,0.613
Failed,,,5000,1679,0.001,0.013
Failed,,,5000,1320,0.001,0.052
Failed,,,4955,1270,0.001,0.466
Failed,,,4846,1327,0.001,0.002
Failed,,,4699,1346,0.001,0.466
Failed,,,5000,1464,0.001,0.037
Failed,,,4765,1298,0.001,0.039
Failed,,,5000,1336,0.001,0.576
Failed,,,4950,1282,0.001,0.458
Failed,,,4935,229,0.001,0.001
Failed,,,4962,1294,0.001,0.478
Failed,,,4713,1011,0.001,0.439
Failed,,,4144,1267,0.001,0.447
Failed,,,5000,1335,0.001,0.034
Failed,,,4509,984,0.001,0.001
Failed,,,4990,238,0.001,0.384
Failed,,,5000,1331,0.001,0.003
Failed,,,4906,1221,0.001,0.466
Failed,,,4828,1332,0.001,0.027
Failed,,,5000,992,0.001,0.049
Failed,,,4829,1321,0.001,0.001
Failed,,,5000,1010,0.001,0.037
Failed,,,4535,1300,0.001,0.052
Failed,,,5000,1308,0.001,0.478
Failed,,,5000,866,0.001,0.436
Failed,,,4608,1311,0.001,0.069
Failed,,,5000,1260,0.001,0.481
Failed,,,4204,1065,0.001,0.495
Failed,,,4224,1058,0.001,0.465
Failed,,,4943,970,0.001,0.006
Failed,,,5000,1318,0.001,0.512
Failed,,,4894,814,0.001,0.441
Failed,,,5000,926,0.001,0.057
Failed,,,4827,1351,0.001,0.485
Failed,,,4820,1280,0.001,0.422
Failed,,,4625,1055,0.001,0.533
Failed,,,5000,1286,0.001,0.523
Failed,,,4851,1349,0.001,0.043
Failed,,,3817,1247,0.001,0.471
Failed,,,5000,1318,0.001,0.49
Failed,,,5000,243,0.001,0.151
Failed,,,5000,1065,0.001,0.523
Failed,,,5000,1692,0.001,0.547
Failed,,,4251,1702,0.001,0.58
Failed,,,4676,1290,0.001,0.475
Failed,,,4870,1072,0.001,0.459
Failed,,,4401,1320,0.001,0.084
Failed,,,5000,1267,0.001,0.481
Failed,,,5000,1317,0.001,0.001
Failed,,,3776,1270,0.001,0.434
Failed,,,3866,237,0.001,0.396
Failed,,,5000,1323,0.001,0.46
Failed,,,4302,1322,0.001,0.526
Failed,,,5000,1281,0.001,0.03
Failed,,,5000,1040,0.001,0.453
Failed,,,4787,1298,0.001,0.001
Failed,,,4807,1003,0.001,0.075
Failed,,,4860,1272,0.001,0.572
Failed,,,4861,1046,0.001,0.437
Failed,,,4430,1329,0.001,0.001
Failed,,,5000,1307,0.001,0.474
Failed,,,5000,1008,0.001,0.058
Failed,,,4861,1002,0.001,0.08
Failed,,,5000,1316,0.001,0.583
Failed,,,5000,1288,0.001,0.466
Failed,,,5000,1365,0.001,0.001
Failed,,,5000,1699,0.001,0.51
Failed,,,4683,1314,0.001,0.48
Failed,,,3842,1295,0.001,0.432
Failed,,,5000,1342,0.001,0.556
Failed,,,5000,815,0.001,0.439
Failed,,,4813,1293,0.001,0.484
Failed,,,4977,1357,0.001,0.444
Failed,,,4491,1320,0.001,0.069
Failed,,,5000,1303,0.001,0.494
Failed,,,5000,931,0.001,0.426
Failed,,,5000,1332,0.001,0.586
Failed,,,4972,1017,0.001,0.045
Failed,,,4310,1318,0.001,0.469
Failed,,,5000,1352,0.001,0.528
Failed,,,4981,1286,0.001,0.001
Failed,,,5000,1020,0.001,0.001
Failed,,,4607,1305,0.001,0.077
Failed,,,5000,1714,0.001,0.556
Failed,,,5000,1347,0.001,0.453
Failed,,,5000,1312,0.001,0.034
Failed,,,5000,1156,0.001,0.464
Failed,,,4920,1303,0.001,0.001
Failed,,,4736,835,0.001,0.472
Failed,,,4728,948,0.001,0.067
Failed,,,3541,1121,0.001,0.453
Failed,,,5000,461,0.001,0.41
Failed,,,5000,357,0.001,0.43
Failed,,,4775,1287,0.001,0.001
Failed,,,5000,1693,0.001,0.556
Failed,,,4138,938,0.001,0.055
Failed,,,4810,1273,0.001,0.472
Failed,,,5000,437,0.001,0.42
Failed,,,4986,190,0.001,0.394
Failed,,,3993,194,0.001,0.072
Failed,,,4797,187,0.001,0.066
Failed,,,4428,188,0.001,0.001
Failed,,,4794,187,0.001,0.106
Failed,,,5000,187,0.001,0.064
Failed,,,4614,186,0.001,0.402
Failed,,,4360,190,0.001,0.076
Failed,,,5000,187,0.001,0.054
Failed,,,5000,189,0.001,0.374
Failed,,,4796,188,0.001,0.062
Failed,,,4855,188,0.001,0.379
Failed,,,4317,189,0.001,0.073
Failed,,,5000,188,0.001,0.064
Failed,,,4124,188,0.001,0.081
Failed,,,4232,189,0.001,0.072
Failed,,,5000,190,0.001,0.41
Failed,,,3967,189,0.001,0.073
Failed,,,5000,187,0.001,0.062
Failed,,,1049,46,0.027,0.863
Failed,,,5000,184,0.001,0.387
Failed,,,4407,189,0.001,0.068
Failed,,,4559,191,0.001,0.407
Failed,,,5000,187,0.001,0.058
Failed,,,3805,189,0.001,0.406
Failed,,,4609,187,0.001,0.073
Failed,,,4870,188,0.001,0.399
Failed,,,5000,186,0.001,0.055
Failed,,,3814,190,0.001,0.08
Failed,,,4826,205,0.001,0.066
Failed,,,4521,192,0.001,0.396
Failed,,,5000,187,0.001,0.056
Failed,,,4944,189,0.001,0.404
Failed,,,4990,187,0.001,0.058
Failed,,,4564,188,0.001,0.07
Failed,,,5000,189,0.001,0.386
Failed,,,5000,184,0.001,0.063
Failed,,,5000,189,0.001,0.402
Failed,,,4271,189,0.001,0.066
Failed,,,5000,189,0.001,0.405
Failed,,,4413,188,0.001,0.081
Failed,,,5000,192,0.001,0.415
Failed,,,4268,188,0.001,0.07
Failed,,,5000,189,0.001,0.403
Failed,,,4754,187,0.001,0.402
Failed,,,4571,188,0.001,0.077
Failed,,,3147,189,0.001,0.108
Failed,,,4650,185,0.001,0.061
Failed,,,4270,191,0.001,0.395
Failed,,,4663,188,0.001,0.058
Failed,,,4576,188,0.001,0.069
Failed,,,4833,190,0.001,0.395
Failed,,,3333,191,0.001,0.083
Failed,,,4957,187,0.001,0.063
Failed,,,4855,187,0.001,0.001
Failed,,,4942,192,0.001,0.401
Failed,,,3956,189,0.001,0.077
Failed,,,5000,187,0.001,0.055
Failed,,,5000,186,0.001,0.406
Failed,,,5000,190,0.001,0.408
Failed,,,4970,186,0.001,0.065
Failed,,,4494,188,0.001,0.378
Failed,,,4900,187,0.001,0.069
Failed,,,5000,188,0.001,0.05
Failed,,,5000,188,0.001,0.39
Failed,,,4754,188,0.001,0.057
Failed,,,4956,189,0.001,0.419
Failed,,,4785,188,0.001,0.065
Failed,,,4095,201,0.001,0.072
Failed,,,5000,196,0.001,0.627
Failed,,,4558,189,0.001,0.072
Failed,,,4981,187,0.001,0.001
Failed,,,4323,247,0.001,0.074
Failed,,,5000,188,0.001,0.061
Failed,,,5000,189,0.001,0.061
Failed,,,4426,185,0.001,0.212
Failed,,,4821,191,0.001,0.407
Failed,,,4911,184,0.001,0.415
Failed,,,4861,187,0.001,0.055
Failed,,,4238,191,0.001,0.413
Failed,,,3926,190,0.001,0.09
Failed,,,5000,189,0.001,0.395
Failed,,,3420,191,0.001,0.091
Failed,,,5000,190,0.001,0.395
Failed,,,4724,187,0.001,0.056
Failed,,,5000,189,0.001,0.399
Failed,,,4106,187,0.001,0.074
Failed,,,5000,187,0.001,0.059
Failed,,,4717,189,0.001,0.397
Failed,,,4710,175,0.001,0.063
Failed,,,4141,192,0.001,0.402
Failed,,,2716,194,0.001,0.391
Failed,,,4790,187,0.001,0.069
Failed,,,4481,187,0.001,0.067
Failed,,,4117,189,0.001,0.4
Failed,,,4753,188,0.001,0.074
Failed,,,4978,189,0.001,0.41
Failed,,,4464,196,0.001,0.067
Failed,,,4884,187,0.001,0.049
Failed,,,5000,187,0.001,0.375
Failed,,,4615,188,0.001,0.072
Failed,,,3729,159,0.005,0.127
Failed,,,2629,194,0.001,0.381
Failed,,,4568,190,0.001,0.391
Failed,,,4847,187,0.001,0.053
Failed,,,4916,190,0.001,0.409
Failed,,,4161,189,0.001,0.084
Failed,,,4548,189,0.001,0.382
Failed,,,4731,188,0.001,0.063
Failed,,,5000,190,0.001,0.391
Failed,,,3067,191,0.001,0.105
Failed,,,3885,189,0.001,0.088
Failed,,,4085,189,0.001,0.083
Failed,,,4570,191,0.001,0.066
Failed,,,4265,187,0.001,0.413
Failed,,,5000,189,0.001,0.056
Failed,,,4778,190,0.001,0.401
Failed,,,3389,190,0.001,0.083
Failed,,,3731,190,0.001,0.094
Failed,,,1,1,0.999,0.999
Failed,,,5000,549,0.001,0.295
Failed,,,3356,627,0.001,0.094
Failed,,,4548,79,0.001,0.752
Failed,,,1,16,0.001,0.999
Failed,,,598,4231,0.079,0.745
Failed,,,2836,1146,0.001,0.504
Failed,,,4741,187,0.001,0.067
Failed,,,4807,188,0.001,0.401
Failed,,,5000,187,0.001,0.063
Failed,,,5000,171,0.001,0.228
Failed,,,4610,188,0.001,0.057
Failed,,,4198,194,0.001,0.401
Failed,,,4882,188,0.001,0.064
Failed,,,4314,1,0.999,0.999
Failed,,,5000,750,0.001,0.001
Failed,,,4989,1154,0.001,0.439
Failed,,,2488,742,0.001,0.17
Failed,,,1,53,0.001,0.286
Failed,,,4279,634,0.001,0.372
Failed,,,4462,1,0.001,0.804
Failed,,,2384,954,0.001,0.367
Failed,,,5000,1646,0.001,0.048
Failed,,,4021,1,0.001,0.999
Failed,,,5000,660,0.001,0.4
Failed,,,5000,1500,0.001,0.574
Failed,,,5000,755,0.001,0.283
Failed,,,5000,498,0.001,0.001
Failed,,,5000,809,0.001,0.426
Failed,,,5000,655,0.001,0.001
Failed,,,4082,833,0.001,0.327
Failed,,,4887,1,0.05,0.779
Failed,,,4187,318,0.001,0.999
Failed,,,2838,1004,0.001,0.42
Failed,,,5000,739,0.001,0.564
Failed,,,5000,1025,0.001,0.367
Failed,,,1,903,0.001,0.999
Failed,,,2587,808,0.001,0.08
Failed,,,2629,799,0.001,0.184
Failed,,,426,153,0.001,0.128
Failed,,,5000,676,0.001,0.415
Failed,,,1,1,0.001,0.075
Failed,,,5000,1319,0.001,0.497
Failed,,,5000,955,0.001,0.552
Failed,,,3717,1969,0.001,0.628
Failed,,,2959,931,0.001,0.355
Failed,,,875,1104,0.001,0.999
Failed,,,5000,1511,0.001,0.001
Failed,,,3335,812,0.001,0.026
Failed,,,5000,435,0.001,0.001
Failed,,,3332,630,0.001,0.425
Failed,,,4988,107,0.001,0.787
Failed,,,3299,826,0.001,0.4
Failed,,,4779,1094,0.001,0.553
Failed,,,1,1,0.999,0.161
Failed,,,5,862,0.001,0.395
Failed,,,5000,1,0.001,0.999
Failed,,,1,573,0.001,0.279
Failed,,,5000,752,0.001,0.595
Failed,,,5000,748,0.001,0.001
Failed,,,2204,4290,0.526,0.039
Failed,,,912,1574,0.001,0.915
Failed,,,3111,3720,0.837,0.308
Failed,,,2945,1727,0.494,0.566
Failed,,,766,3565,0.66,0.206
Failed,,,1,530,0.001,0.15
Failed,,,4308,318,0.001,0.752
Failed,,,4100,388,0.001,0.999
Failed,,,5000,1,0.102,0.65
Failed,,,4643,442,0.001,0.797
Failed,,,2149,820,0.001,0.105
Failed,,,4931,923,0.001,0.41
Failed,,,4941,1,0.999,0.81
Failed,,,1,433,0.001,0.114
Failed,,,2130,2907,0.926,0.5
Failed,,,1006,623,0.421,0.389
Failed,,,2551,4712,0.739,0.777
Failed,,,2626,2273,0.952,0.713
Failed,,,1087,3023,0.147,0.071
Failed,,,1964,2242,0.273,0.368
Failed,,,4169,3050,0.575,0.978
Failed,,,4620,1331,0.883,0.854
Failed,,,1828,3336,0.207,0.493
Failed,,,77,661,0.696,0.616
Failed,,,3478,4047,0.393,0.224
Failed,,,3249,2002,0.654,0.433
Failed,,,464,2668,0.442,0.789
Failed,,,1441,71,0.966,0.164
Failed,,,4848,4639,0.13,0.552
Failed,,,3774,1045,0.313,0.677
Failed,,,2455,3612,0.378,0.65
Failed,,,700,1014,0.899,0.274
Failed,,,2855,4317,0.191,0.88
Failed,,,3041,1154,0.594,0.248
Failed,,,826,4179,0.308,0.609
Failed,,,2370,1202,0.182,0.843
Failed,,,3921,4130,0.971,0.451
Failed,,,4720,224,0.539,0.326
Failed,,,1256,4484,0.373,0.967
Failed,,,591,2159,0.851,0.08
Failed,,,3434,2508,0.061,0.691
Failed,,,3663,806,0.797,0.902
Failed,,,204,3904,0.106,0.264
Failed,,,1643,1501,0.611,0.625
Failed,,,4492,3168,0.292,0.019
Failed,,,4316,2387,0.234,0.144
Failed,,,1883,4837,0.044,0.187
Failed,,,1214,2436,0.553,0.797
Failed,,,2812,2858,0.356,0.409
Failed,,,2807,508,0.578,0.312
Failed,,,1216,4827,0.272,0.919
Failed,,,2069,347,0.64,0.943
Failed,,,4220,4987,0.459,0.333
Failed,,,4397,769,0.018,0.457
Failed,,,1582,3940,0.823,0.818
Failed,,,285,1304,0.33,0.196
Failed,,,3739,3367,0.512,0.588
Failed,,,3345,98,0.258,0.755
Failed,,,525,4608,0.591,0.398
Failed,,,1341,1893,0.07,0.525
Failed,,,4792,2775,0.778,0.137
Failed,,,3992,1681,0.712,0.013
Failed,,,2274,4167,0.004,0.372
Failed,,,822,1841,0.525,0.736
Failed,,,3047,3451,0.316,0.095
Failed,,,2861,1694,0.969,0.774
Failed,,,696,3601,0.183,0.385
Failed,,,2270,1856,0.781,0.47
Failed,,,3865,3440,0.121,0.862
Failed,,,4938,2034,0.436,0.986
Failed,,,1507,2637,0.723,0.345
Failed,,,379,273,0.249,0.733
Failed,,,3178,4436,0.91,0.123
Failed,,,3572,1451,0.165,0.284
Failed,,,138,3217,0.985,0.922
Failed,,,1748,931,0.477,0.062
Failed,,,4543,3775,0.674,0.668
Failed,,,4093,494,0.865,0.544
Failed,,,2065,3009,0.418,0.838
Failed,,,1090,333,0.927,0.209
Failed,,,2621,4999,0.231,0.569
Failed,,,2555,2394,0.46,0.875
Failed,,,999,2899,0.637,0.269
Failed,,,1880,2424,0.765,0.036
Failed,,,4099,2871,0.085,0.673
Failed,,,4547,1465,0.393,0.549
Failed,,,1742,3205,0.698,0.161
Failed,,,144,921,0.205,0.794
Failed,,,3570,3789,0.886,0.438
Failed,,,3182,2044,0.133,0.22
Failed,,,372,2623,0.965,0.612
Failed,,,1514,260,0.445,0.496
Failed,,,4933,4447,0.653,0.857
Failed,,,3858,1166,0.837,0.981
Failed,,,2365,3560,0.9,0.939
Failed,,,771,1196,0.376,0.076
Failed,,,2942,4138,0.713,0.717
Failed,,,3108,1051,0.119,0.412
Failed,,,917,4280,0.785,0.8
Failed,,,2460,1004,0.657,0.505
Failed,,,3985,4331,0.495,0.148
Failed,,,4787,113,0.062,0.023
Failed,,,1348,4597,0.848,0.629
Failed,,,518,1882,0.374,0.261
Failed,,,3349,2788,0.536,0.898
Failed,,,3736,780,0.29,0.694
Failed,,,290,3927,0.611,0.084
Failed,,,1576,1290,0.103,0.963
Failed,,,4400,3377,0.799,0.322
Failed,,,4226,2283,0.74,0.447
Failed,,,1971,4873,0.552,0.474
Failed,,,1146,2237,0.047,0.605
Failed,,,2721,3059,0.864,0.244
Failed,,,2663,1525,0.017,0.723
Failed,,,1128,3144,0.833,0.117
Failed,,,2136,614,0.148,0.653
Failed,,,4311,4717,0.949,0.016
Failed,,,4485,811,0.508,0.141
Failed,,,1647,3895,0.331,0.529
Failed,,,200,1493,0.821,0.394
Failed,,,3669,3175,0.019,0.751
Failed,,,3429,231,0.779,0.592
Failed,,,594,4477,0.068,0.201
Failed,,,1253,2153,0.592,0.815
Failed,,,4726,2518,0.255,0.454
Failed,,,3924,1736,0.188,0.329
Failed,,,2258,2554,0.565,0.663
Failed,,,898,190,0.088,0.291
Failed,,,3048,4519,0.753,0.932
Failed,,,2921,25,0.407,0.192
Failed,,,712,4681,0.744,0.58
Failed,,,2199,1566,0.307,0.182
Failed,,,3778,3727,0.597,0.539
Failed,,,4853,2008,0.913,0.664
Failed,,,1438,2660,0.248,0.058
Failed,,,467,62,0.726,0.925
Failed,,,3244,4644,0.435,0.288
Failed,,,3484,1340,0.673,0.12
Failed,,,73,3330,0.48,0.73
Failed,,,1833,654,0.985,0.35
Failed,,,4613,4055,0.168,0.991
Failed,,,4164,461,0.359,0.866
Failed,,,2154,4023,0.98,0.126
Failed,,,942,1387,0.49,0.763
Failed,,,2536,3284,0.668,0.403
Failed,,,2602,889,0.896,0.089
Failed,,,1033,3821,0.201,0.695
Failed,,,2027,858,0.328,0.992
Failed,,,4184,3849,0.521,0.355
Failed,,,4673,567,0.954,0.479
Failed,,,1852,4764,0.137,0.867
Failed,,,13,2362,0.642,0.241
Failed,,,3463,2931,0.449,0.598
Failed,,,3225,1237,0.694,0.807
Failed,,,410,4096,0.404,0.415
Failed,,,1456,1773,0.881,0.538
Failed,,,4911,3523,0.217,0.177
Failed,,,3799,2117,0.275,0.053
Failed,,,2480,4411,0.463,0.026
Failed,,,636,2086,0.937,0.898
Failed,,,2840,2581,0.151,0.256
Failed,,,2987,1919,0.556,0.622
Failed,,,802,2751,0.348,0.234
Failed,,,2385,1967,0.22,0.469
Failed,,,3984,2702,0.932,0.825
Failed,,,4745,1608,0.624,0.95
Failed,,,1310,3685,0.286,0.344
Failed,,,577,1087,0.81,0.704
Failed,,,3371,4244,0.099,0.067
Failed,,,3609,2190,0.851,0.278
Failed,,,180,3106,0.05,0.888
Failed,,,1706,429,0.539,0.001
Failed,,,4507,4904,0.362,0.642
Failed,,,4369,686,0.179,0.518
Failed,,,1937,3409,0.115,0.561
Failed,,,1199,734,0.609,0.423
Failed,,,2748,3973,0.302,0.784
Failed,,,2756,2172,0.807,0.494
Failed,,,1189,2536,0.095,0.854
Failed,,,2084,1418,0.709,0.319
Failed,,,4283,3252,0.388,0.956
Failed,,,4421,2470,0.072,0.832
Failed,,,1635,2825,0.768,0.444
Failed,,,270,540,0.259,0.57
Failed,,,3675,4795,0.581,0.214
Failed,,,3291,1800,0.342,0.381
Failed,,,500,3492,0.504,0.772
Failed,,,1404,1129,0.031,0.151
Failed,,,4806,4203,0.816,0.511
Failed,,,4046,297,0.625,0.636
Failed,,,2321,3196,0.366,0.432
Failed,,,796,793,0.855,0.551
Failed,,,2996,3876,0.054,0.163
Failed,,,2830,633,0.646,0.966
Failed,,,649,4034,0.453,0.325
Failed,,,2333,154,0.868,0.844
Failed,,,3880,4556,0.036,0.488
Failed,,,4992,962,0.476,0.363
Failed,,,1532,4373,0.685,0.969
Failed,,,315,1657,0.164,0.109
Failed,,,3164,3637,0.997,0.747
Failed,,,3548,380,0.236,0.908
Failed,,,85,4953,0.916,0.298
Failed,,,1762,2315,0.423,0.686
Failed,,,4607,2977,0.729,0.045
Failed,,,4118,1258,0.795,0.169
Failed,,,2092,4626,0.213,0.903
Failed,,,1043,2029,0.69,0.02
Failed,,,2589,2681,0.4,0.626
Failed,,,2509,242,0.161,0.819
Failed,,,968,4429,0.993,0.458
Failed,,,1926,211,0.619,0.225
Failed,,,4131,4456,0.283,0.617
Failed,,,4578,1175,0.224,0.741
Failed,,,1788,4117,0.935,0.1
Failed,,,117,1754,0.411,0.979
Failed,,,3518,3578,0.748,0.369
Failed,,,3131,595,0.487,0.038
Failed,,,345,4700,0.664,0.676
Failed,,,1561,2415,0.175,0.307
Failed,,,4965,2920,0.976,0.914
Failed,,,3890,1514,0.543,0.789
Failed,,,2416,3769,0.733,0.754
Failed,,,739,1483,0.24,0.136
Failed,,,2896,3224,0.92,0.524
Failed,,,3081,1310,0.263,0.344
Failed,,,866,3398,0.585,0.985
Failed,,,2487,1359,0.958,0.69
Failed,,,4036,3348,0.141,0.079
Failed,,,4838,2255,0.324,0.205
Failed,,,1375,3078,0.517,0.565
Failed,,,472,440,0.012,0.45
Failed,,,3317,4852,0.829,0.842
Failed,,,3704,1587,0.092,0.501
Failed,,,244,3748,0.756,0.145
Failed,,,1603,1032,0.279,0.778
Failed,,,4452,4262,0.57,0.39
Failed,,,4277,44,0.878,0.265
Failed,,,2002,2806,0.812,0.285
Failed,,,1095,92,0.339,0.669
Failed,,,2694,4577,0.5,0.063
Failed,,,2715,1111,0.37,0.534
Failed,,,1155,4185,0.532,0.173
Failed,,,2188,2065,0.473,0.589
Failed,,,4338,2644,0.681,0.197
Failed,,,4512,1862,0.872,0.072
Failed,,,1698,3471,0.04,0.714
Failed,,,168,1148,0.56,0.334
Failed,,,3623,4148,0.352,0.944
Failed,,,3383,2442,0.605,0.649
Failed,,,562,2889,0.299,0.012
Failed,,,1304,487,0.792,0.879
Failed,,,4753,4806,0.111,0.273
Failed,,,3951,900,0.427,0.397
Failed,,,2212,4774,0.802,0.595
Failed,,,924,2489,0.294,0.484
Failed,,,3099,2842,0.615,0.872
Failed,,,2952,2336,0.209,0.007
Failed,,,758,2998,0.89,0.648
Failed,,,2230,762,0.076,0.122
Failed,,,3824,3909,0.772,0.732
Failed,,,4900,315,0.705,0.608
Failed,,,1470,4981,0.384,0.247
Failed,,,416,2304,0.893,0.861
Failed,,,3217,3029,0.197,0.469
Failed,,,3457,983,0.941,0.188
Failed,,,22,4310,0.155,0.545
Failed,,,1864,1712,0.629,0.41
Failed,,,4659,3619,0.467,0.798
Failed,,,4211,1900,0.026,0.923
Failed,,,2127,3655,0.649,0.07
Failed,,,989,941,0.129,0.945
Failed,,,2568,4352,0.961,0.339
Failed,,,2648,1791,0.722,0.154
Failed,,,1065,3541,0.432,0.514
Failed,,,1981,1821,0.058,0.811
Failed,,,4152,3513,0.844,0.419
Failed,,,4642,2106,0.661,0.294
Failed,,,1806,2602,0.499,0.935
Failed,,,40,278,0.972,0.048
Failed,,,3514,4392,0.187,0.658
Failed,,,3276,1436,0.923,0.996
Failed,,,437,3270,0.227,0.359
Failed,,,1410,868,0.736,0.719
Failed,,,4879,3800,0.414,0.113
Failed,,,3767,519,0.107,0.238
Failed,,,2429,2952,0.172,0.219
Failed,,,668,549,0.677,0.829
Failed,,,2887,4746,0.483,0.441
Failed,,,3014,408,0.824,0.683
Failed,,,853,4884,0.023,0.041
Failed,,,2358,362,0.396,0.276
Failed,,,3933,4934,0.703,0.886
Failed,,,4694,715,0.761,0.761
Failed,,,1283,3955,0.081,0.4
Failed,,,623,1279,0.574,0.523
Failed,,,3403,3430,0.268,0.131
Failed,,,3641,133,0.529,0.463
Failed,,,226,4535,0.32,0.82
Failed,,,1679,1937,0.84,0.194
Failed,,,4456,2769,0.008,0.582
Failed,,,4318,1676,0.441,0.707
Failed,,,1905,4226,0.251,0.743
Failed,,,1250,1629,0.775,0.366
Failed,,,2775,3706,0.063,0.973
Failed,,,2786,1631,0.433,0.031
Failed,,,1240,3700,0.72,0.637
Failed,,,2032,1216,0.909,0.376
Failed,,,4257,4076,0.244,0.767
Failed,,,4395,169,0.311,0.892
Failed,,,1584,4498,0.601,0.251
Failed,,,302,2135,0.124,0.639
Failed,,,3721,2572,0.788,0.028
Failed,,,3337,840,0.043,0.316
Failed,,,532,3830,0.86,0.954
Failed,,,1353,1546,0.355,0.094
Failed,,,4779,3164,0.548,0.7
Failed,,,4019,2383,0.988,0.576
Failed,,,2293,3110,0.991,0.092
Failed,,,843,395,0.482,0.956
Failed,,,3024,4900,0.679,0.314
Failed,,,2877,563,0.021,0.556
Failed,,,677,4731,0.826,0.169
Failed,,,2302,2208,0.513,0.913
Failed,,,3833,3124,0.335,0.303
Failed,,,4945,1405,0.144,0.427
Failed,,,1500,3302,0.945,0.788
Failed,,,366,665,0.456,0.166
Failed,,,3191,4002,0.633,0.558
Failed,,,3575,1988,0.379,0.847
Failed,,,136,2722,0.717,0.491
Failed,,,1731,7,0.192,0.617
Failed,,,4561,4663,0.904,0.23
Failed,,,4071,1069,0.588,0.105
Failed,,,2042,4073,0.586,0.619
Failed,,,1074,1787,0.066,0.489
Failed,,,2640,3547,0.773,0.849
Failed,,,2578,957,0.534,0.656
Failed,,,979,4338,0.368,0.05
Failed,,,1896,1063,0.246,0.253
Failed,,,4081,4230,0.907,0.891
Failed,,,4570,11,0.599,0.766
Failed,,,1721,4657,0.313,0.378
Failed,,,125,1981,0.786,0.512
Failed,,,3586,2725,0.125,0.156
Failed,,,3201,681,0.862,0.439
Failed,,,356,3989,0.041,0.83
Failed,,,1491,1391,0.55,0.217
Failed,,,4954,3317,0.353,0.577
Failed,,,3842,2224,0.17,0.702
Failed,,,2349,4927,0.108,0.722
Failed,,,748,2331,0.613,0.358
Failed,,,2963,3002,0.296,0.999
Failed,,,3090,2496,0.888,0.133
Failed,,,933,2839,0.211,0.521
Failed,,,2439,2366,0.333,0.786
Failed,,,4008,2965,0.514,0.43
Failed,,,4769,1559,0.947,0.305
Failed,,,1364,3148,0.142,0.911
Failed,,,542,824,0.635,0.043
Failed,,,3328,3844,0.454,0.681
Failed,,,3712,2141,0.715,0.974
Failed,,,311,2568,0.381,0.364
Failed,,,1594,166,0.902,0.744
Failed,,,4384,4504,0.194,0.103
Failed,,,4247,1223,0.253,0.227
Failed,,,1991,3497,0.439,0.193
Failed,,,1164,1095,0.963,0.822
Failed,,,2705,4197,0.127,0.462
Failed,,,2684,87,0.995,0.942
Failed,,,1105,4582,0.159,0.336
Failed,,,2118,1663,0.846,0.933
Failed,,,4327,3672,0.057,0.296
Failed,,,4465,1953,0.497,0.42
Failed,,,1670,2757,0.662,0.808
Failed,,,216,119,0.185,0.175
Failed,,,3651,4550,0.975,0.531
Failed,,,3413,1283,0.23,0.874
Failed,,,612,3424,0.921,0.482
Failed,,,1273,709,0.416,0.597
Failed,,,4703,3959,0.734,0.236
Failed,,,3942,365,0.801,0.112
Failed,,,2240,3922,0.429,0.88
Failed,,,877,1324,0.918,0.009
Failed,,,3071,3383,0.242,0.65
Failed,,,2905,1470,0.582,0.471
Failed,,,730,3240,0.265,0.859
Failed,,,2222,515,0.7,0.402
Failed,,,3757,4780,0.399,0.759
Failed,,,4869,873,0.083,0.883
Failed,,,1420,3796,0.759,0.277
Failed,,,446,1433,0.27,0.645
Failed,,,3267,3277,0.572,0.008
Failed,,,3505,291,0.318,0.337
Failed,,,50,4376,0.53,0.947
Failed,,,1817,2091,0.006,0.068
Failed,,,4631,2616,0.843,0.709
Failed,,,4141,1835,0.651,0.585
Failed,,,2177,2648,0.025,0.407
Failed,,,958,245,0.502,0.546
Failed,,,2518,4422,0.336,0.185
Failed,,,2579,2013,0.097,0.37
Failed,,,1054,2693,0.805,0.977
Failed,,,2011,1907,0.683,0.712
Failed,,,4202,2803,0.47,0.075
Failed,,,4650,1709,0.038,0.2
Failed,,,1873,3625,0.874,0.588
Failed,,,32,988,0.35,0.461
Failed,,,3447,4306,0.562,0.818
Failed,,,3206,2289,0.3,0.526
Failed,,,426,3043,0.603,0.134
Failed,,,1479,328,0.113,0.756
Failed,,,4890,4964,0.789,0.395
Failed,,,3815,745,0.731,0.27
Failed,,,2496,3354,0.545,0.306
Failed,,,659,640,0.052,0.678
Failed,,,2820,4031,0.857,0.037
Failed,,,3005,788,0.451,0.839
Failed,,,786,3881,0.648,0.451
Failed,,,2406,915,0.77,0.249
Failed,,,3961,3755,0.078,0.606
Failed,,,4763,473,0.386,0.731
Failed,,,1294,4821,0.704,0.125
Failed,,,553,2459,0.199,0.984
Failed,,,3392,2876,0.89,0.347
Failed,,,3633,1141,0.153,0.061
Failed,,,159,4151,0.943,0.671
Failed,,,1688,1867,0.465,0.283
Failed,,,4523,3465,0.631,0.924
Failed,,,4348,2059,0.814,0.799
Failed,,,1916,4473,0.875,0.78
Failed,,,1181,2187,0.402,0.143
Failed,,,2764,2521,0.688,0.503
Failed,,,2740,730,0.202,0.212
Failed,,,1208,3979,0.895,0.573
Failed,,,2102,58,0.284,0.101
Failed,,,4268,4611,0.618,0.739
Failed,,,4442,1017,0.934,0.614
Failed,,,1612,4276,0.226,0.227
Failed,,,254,1600,0.746,0.852
Failed,,,3693,3731,0.413,0.496
Failed,,,3307,437,0.666,0.162
Failed,,,482,4859,0.485,0.553
Failed,,,1384,2260,0.978,0.431
Failed,,,4829,3074,0.173,0.791
Failed,,,4028,1355,0.364,0.916
Failed,,,2344,4568,0.627,0.152
Failed,,,812,1933,0.15,0.77
Failed,,,2977,2736,0.939,0.382
Failed,,,2850,2073,0.346,0.749
Failed,,,626,2598,0.558,0.108
Failed,,,2310,1517,0.139,0.563
Failed,,,3900,3189,0.96,0.206
Failed,,,4976,2408,0.519,0.081
Failed,,,1550,2923,0.322,0.687
Failed,,,336,599,0.831,0.327
Failed,,,3141,4694,0.011,0.964
Failed,,,3527,1740,0.755,0.629
Failed,,,108,3593,0.094,0.018
Failed,,,1778,1191,0.567,0.905
Failed,,,4589,4104,0.281,0.264
Failed,,,4141,198,0.215,0.389
Failed,,,2074,3256,0.794,0.684
Failed,,,1022,892,0.305,0.3
Failed,,,2613,3814,0.606,0.906
Failed,,,2527,1370,0.835,0.6
Failed,,,952,3297,0.014,0.239
Failed,,,1947,1265,0.39,0.442
Failed,,,4107,3406,0.707,0.834
Failed,,,4597,2312,0.766,0.959
Failed,,,1772,2984,0.074,0.317
Failed,,,93,385,0.579,0.698
Failed,,,3539,4948,0.261,0.087
Failed,,,3154,1642,0.506,0.257
Failed,,,324,3652,0.341,0.895
Failed,,,1542,975,0.818,0.027
Failed,,,4981,4356,0.028,0.634
Failed,,,3869,138,0.461,0.509
Failed,,,2395,2707,0.277,0.537
Failed,,,721,32,0.751,0.418
Failed,,,2912,4678,0.09,0.806
Failed,,,3058,185,0.742,0.065
Failed,,,887,4523,0.409,0.706
Failed,,,2471,312,0.034,0.972
Failed,,,4055,4396,0.87,0.362
Failed,,,4815,1115,0.687,0.486
Failed,,,1396,4218,0.475,0.847
Failed,,,491,1816,0.999,0.233
Failed,,,3301,3479,0.162,0.624
Failed,,,3686,533,0.914,0.781
Failed,,,259,4798,0.238,0.424
Failed,,,1626,2474,0.728,0.559
Failed,,,4431,2819,0.425,0.171
Failed,,,4293,1413,0.117,0.046
Failed,,,2018,3865,0.177,0.004
Failed,,,1118,1540,0.67,0.887
Failed,,,2673,3129,0.489,0.281
Failed,,,2731,2240,0.639,0.753
Failed,,,1136,3053,0.458,0.392
Failed,,,2165,699,0.523,0.869
Failed,,,4358,4008,0.326,0.477
Failed,,,4497,414,0.135,0.352
Failed,,,1717,4918,0.956,0.993
Failed,,,189,2203,0.447,0.114
Failed,,,3600,3089,0.644,0.724
Failed,,,3362,1084,0.406,0.93
Failed,,,585,4250,0.692,0.293
Failed,,,1320,1613,0.219,0.661
Failed,,,4735,3681,0.879,0.055
Failed,,,3974,1962,0.564,0.18
Failed,,,2188,3713,0.19,0.812
Failed,,,909,1038,0.711,0.202
Failed,,,3117,4297,0.377,0.59
Failed,,,2932,1210,0.782,0.286
Failed,,,782,4122,0.122,0.927
Failed,,,2249,2120,0.93,0.341
Failed,,,3808,2547,0.222,0.952
Failed,,,4920,1766,0.288,0.827
Failed,,,1447,3526,0.622,0.466
Failed,,,400,1242,0.101,0.581
Failed,,,3235,4091,0.809,0.189
Failed,,,3473,2348,0.048,0.405
Failed,,,3,2946,0.853,0.762
Failed,,,1844,584,0.36,0.128
Failed,,,4682,4751,0.541,0.516
Failed,,,4193,845,0.982,0.641
Failed,,,2146,4714,0.357,0.351
Failed,,,1010,2390,0.866,0.727
Failed,,,2545,2905,0.045,0.121
Failed,,,2630,349,0.274,0.435
Failed,,,1081,4985,0.576,0.795
Failed,,,1960,456,0.951,0.531
Failed,,,4175,4877,0.146,0.139
Failed,,,4623,658,0.329,0.015
Failed,,,1822,4049,0.511,0.656
Failed,,,64,1334,0.017,0.268
Failed,,,3493,3334,0.822,0.878
Failed,,,3253,78,0.069,0.715
Failed,,,458,4632,0.777,0.077
Failed,,,1428,1994,0.257,0.937
Failed,,,4863,2675,0.59,0.331
Failed,,,3788,1582,0.898,0.455
Failed,,,2449,4325,0.838,0.499
Failed,,,686,1688,0.314,0.61
Failed,,,2871,3605,0.527,0.222
Failed,,,3037,1848,0.181,0.9
Failed,,,833,3448,0.97,0.258
Failed,,,2374,1720,0.595,0.056
Failed,,,3915,3572,0.309,0.666
Failed,,,4717,2166,0.25,0.542
Failed,,,1262,2501,0.911,0.181
Failed,,,605,216,0.437,0.803
Failed,,,3419,4491,0.724,0.411
Failed,,,3660,1498,0.478,0.246
Failed,,,210,3171,0.675,0.603
Failed,,,1656,808,0.166,0.476
Failed,,,4477,3902,0.986,0.864
Failed,,,4302,621,0.554,0.988
Failed,,,1890,2856,0.738,0.962
Failed,,,1227,491,0.233,0.086
Failed,,,2796,4840,0.925,0.693
Failed,,,2795,923,0.262,0.915
Failed,,,1231,3787,0.579,0.309
Failed,,,2055,2271,0.086,0.158
Failed,,,4236,3025,0.763,0.55
Failed,,,4410,1306,0.697,0.675
Failed,,,1566,3364,0.394,0.034
Failed,,,281,766,0.884,0.92
Failed,,,3744,3942,0.208,0.31
Failed,,,3358,1886,0.967,0.097
Failed,,,509,2782,0.131,0.735
Failed,,,1337,106,0.655,0.374
Failed,,,4798,4600,0.443,0.98
Failed,,,3996,1006,0.002,0.855
Failed,,,2282,4445,0.819,0.978
Failed,,,834,2042,0.342,0.099
Failed,,,3033,2626,0.508,0.74
Failed,,,2867,1884,0.161,0.389
Failed,,,687,2785,0.997,0.778
Failed,,,2283,1161,0.493,0.631
Failed,,,3849,4172,0.659,0.021
Failed,,,4925,266,0.85,0.146
Failed,,,1523,4443,0.06,0.506
Failed,,,382,2041,0.538,0.383
Failed,,,3172,2629,0.372,0.775
Failed,,,3559,934,0.61,0.568
Failed,,,154,3773,0.291,0.211
Failed,,,1751,1449,0.796,0.837
Failed,,,4537,3219,0.105,0.449
Failed,,,4089,2438,0.42,0.324
Failed,,,2052,3375,0.727,0.45
Failed,,,1084,778,0.237,0.565
Failed,,,2629,3930,0.914,0.205
Failed,,,2549,1491,0.643,0.273
Failed,,,1008,3177,0.446,0.879
Failed,,,1886,1462,0.074,0.677
Failed,,,4091,3208,0.767,0.04
Failed,,,4541,2427,0.708,0.165
Failed,,,1750,2868,0.39,0.552
Failed,,,155,506,0.895,0.434
Failed,,,3555,4829,0.203,0.79
Failed,,,3171,1844,0.94,0.615
Failed,,,386,3448,0.151,0.223
Failed,,,1519,1164,0.628,0.853
Failed,,,4926,4169,0.463,0.492
Failed,,,3853,263,0.03,0.368
Failed,,,2378,2520,0.218,0.333
Failed,,,778,234,0.692,0.713
Failed,,,2933,4474,0.405,0.072
Failed,,,3118,60,0.809,0.796
Failed,,,905,4647,0.102,0.409
Failed,,,2448,110,0.473,0.144
Failed,,,3999,4600,0.686,0.501
Failed,,,4799,1006,0.869,0.625
Failed,,,1334,4329,0.032,0.019
Failed,,,513,1692,0.557,0.902
Failed,,,3357,3603,0.344,0.265
Failed,,,3741,336,0.606,0.08
Failed,,,282,4996,0.304,0.69
Failed,,,1565,2281,0.793,0.326
Failed,,,4414,3011,0.117,0.967
Failed,,,4237,1292,0.425,0.842
Failed,,,1961,4057,0.361,0.862
Failed,,,1135,1343,0.855,0.248
Failed,,,2734,3328,0.049,0.609
Failed,,,2675,2360,0.823,0.113
Failed,,,1114,2934,0.018,0.719
Failed,,,2147,814,0.954,0.012
Failed,,,4298,3892,0.134,0.649
Failed,,,4476,611,0.325,0.525
Failed,,,1660,4720,0.522,0.137
Failed,,,206,2396,0.013,0.755
Failed,,,3661,2897,0.833,0.398
Failed,,,3422,1193,0.089,0.197
Failed,,,603,4140,0.75,0.588
Failed,,,1263,1738,0.277,0.458
Failed,,,4713,3558,0.563,0.818
Failed,,,3914,2151,0.879,0.943
Failed,,,2250,3526,0.258,0.049
Failed,,,886,1240,0.778,0.936
Failed,,,3062,4094,0.071,0.295
Failed,,,2915,1084,0.723,0.584
Failed,,,720,4247,0.436,0.196
Failed,,,2192,2011,0.622,0.543
Failed,,,3787,2658,0.289,0.186
Failed,,,4860,1564,0.222,0.062
Failed,,,1429,3730,0.93,0.668
Failed,,,457,1053,0.41,0.284
Failed,,,3256,4278,0.743,0.921
Failed,,,3495,2234,0.49,0.734
Failed,,,60,3062,0.671,0.124
Failed,,,1826,463,0.178,0.987
Failed,,,4622,4870,0.983,0.346
Failed,,,4172,651,0.543,0.47
Failed,,,2168,4907,0.165,0.522
Failed,,,948,2192,0.674,0.399
Failed,,,2528,3103,0.477,0.76
Failed,,,2609,542,0.206,0.699
Failed,,,1024,4792,0.882,0.093
Failed,,,2022,570,0.511,0.358
Failed,,,4191,4762,0.33,0.996
Failed,,,4678,856,0.147,0.871
Failed,,,1845,3851,0.951,0.483
Failed,,,2,1527,0.458,0.594
Failed,,,3477,3141,0.64,0.238
Failed,,,3236,188,0.379,0.419
Failed,,,396,4521,0.712,0.811
Failed,,,1450,2120,0.192,0.174
Failed,,,4919,2551,0.899,0.534
Failed,,,3805,1770,0.591,0.659
Failed,,,2467,4201,0.655,0.64
Failed,,,630,1798,0.131,0.252
Failed,,,2849,3494,0.966,0.894
Failed,,,2976,1660,0.372,0.23
Failed,,,815,3635,0.538,0.618
Failed,,,2396,1610,0.91,0.822
Failed,,,3971,3683,0.249,0.465
Failed,,,4734,1965,0.307,0.34
Failed,,,1323,2704,0.594,0.946
Failed,,,582,28,0.12,0.071
Failed,,,3363,4678,0.781,0.708
Failed,,,3604,1385,0.045,0.884
Failed,,,188,3286,0.865,0.274
Failed,,,1718,688,0.356,0.646
Failed,,,4493,4020,0.553,0.005
Failed,,,4357,427,0.986,0.13
Failed,,,1946,2974,0.798,0.166
Failed,,,1209,378,0.293,0.787
Failed,,,2736,4955,0.611,0.427
Failed,,,2768,1757,0.124,0.858
Failed,,,1180,3576,0.785,0.498
Failed,,,2073,2468,0.393,0.953
Failed,,,4297,2827,0.695,0.315
Failed,,,4432,1420,0.761,0.44
Failed,,,1622,3249,0.085,0.828
Failed,,,263,886,0.575,0.217
Failed,,,3684,3824,0.272,0.574
Failed,,,3297,2088,0.526,0.769
Failed,,,492,2579,0.314,0.377
Failed,,,1394,294,0.838,0.515
Failed,,,4819,4413,0.002,0.155
Failed,,,4056,1132,0.442,0.03
Failed,,,2314,2917,0.549,0.792
Failed,,,783,593,0.041,0.159
Failed,,,3006,4702,0.861,0.547
Failed,,,2821,443,0.454,0.321
Failed,,,656,4849,0.636,0.963
Failed,,,2340,960,0.061,0.492
Failed,,,3870,4375,0.85,0.848
Failed,,,4985,156,0.659,0.973
Failed,,,1541,4554,0.494,0.366
Failed,,,326,1916,0.971,0.743
Failed,,,3151,2754,0.181,0.105
Failed,,,3538,736,0.926,0.302
Failed,,,97,3971,0.235,0.912
Failed,,,1769,1256,0.74,0.041
Failed,,,4598,3412,0.422,0.682
Failed,,,4111,2318,0.106,0.557
Failed,,,2103,4260,0.903,0.261
Failed,,,1053,1585,0.383,0.63
Failed,,,2583,3750,0.716,0.024
Failed,,,2517,1145,0.975,0.454
Failed,,,962,4151,0.186,0.815
Failed,,,1918,1173,0.311,0.613
Failed,,,4137,4119,0.598,0.221
Failed,,,4587,213,0.906,0.096
Failed,,,1782,4454,0.245,0.738
Failed,,,104,2169,0.718,0.373
Failed,,,3529,2538,0.432,0.983
Failed,,,3144,795,0.678,0.672
Failed,,,334,3874,0.481,0.034
Failed,,,1551,1511,0.99,0.918
Failed,,,4972,3199,0.169,0.311
Failed,,,3899,2417,0.353,0.436
Failed,,,2405,4809,0.418,0.393
Failed,,,732,2445,0.923,0.528
Failed,,,2901,2887,0.231,0.14
Failed,,,3067,2302,0.57,0.989
Failed,,,878,3032,0.268,0.348
Failed,,,2499,2253,0.143,0.083
Failed,,,4026,3080,0.948,0.694
Failed,,,4826,1361,0.515,0.569
Failed,,,1385,3346,0.333,0.208
Failed,,,481,630,0.827,0.838
Failed,,,3310,4037,0.022,0.446
Failed,,,3694,2031,0.775,0.148
Failed,,,251,2679,0.067,0.505
Failed,,,1616,41,0.587,0.386
Failed,,,4441,4629,0.254,0.774
Failed,,,4264,1035,0.196,0.899
Failed,,,2007,3622,0.006,0.927
Failed,,,1108,985,0.53,0.059
Failed,,,2683,4308,0.317,0.665
Failed,,,2702,276,0.561,0.177
Failed,,,1165,4395,0.348,0.538
Failed,,,2174,1865,0.663,0.201
Failed,,,4350,3469,0.497,0.593
Failed,,,4527,2063,0.057,0.718
Failed,,,1686,2646,0.846,0.076
Failed,,,160,245,0.369,0.94
Failed,,,3629,4426,0.534,0.33
Failed,,,3391,1481,0.297,0.016
Failed,,,557,3226,0.615,0.653
Failed,,,1290,902,0.11,0.269
Failed,,,4765,3766,0.802,0.875
Failed,,,3965,485,0.735,0.75
Failed,,,2218,3802,0.113,0.242
Failed,,,937,1439,0.602,0.868
Failed,,,3089,3267,0.3,0.48
Failed,,,2962,1276,0.891,0.644
Failed,,,751,3432,0.199,0.003
Failed,,,2238,317,0.758,0.728
Failed,,,3818,4978,0.081,0.118
Failed,,,4891,759,0.397,0.243
Failed,,,1476,3911,0.699,0.604
Failed,,,430,1313,0.21,0.473
Failed,,,3205,3395,0.886,0.865
Failed,,,3443,90,0.126,0.541
Failed,,,33,4579,0.963,0.184
Failed,,,1872,1903,0.439,0.802
Failed,,,4654,2804,0.651,0.414
Failed,,,4203,1710,0.842,0.289
Failed,,,2117,2772,0.466,0.703
Failed,,,980,136,0.944,0.343
Failed,,,2574,4533,0.155,0.949
Failed,,,2641,2138,0.413,0.51
Failed,,,1070,2570,0.747,0.15
Failed,,,1990,2109,0.872,0.415
Failed,,,4145,2599,0.037,0.807
Failed,,,4632,1818,0.469,0.931
Failed,,,1813,3515,0.681,0.29
Failed,,,53,1113,0.157,0.662
Failed,,,3503,4183,0.994,0.052
Failed,,,3263,2486,0.242,0.355
Failed,,,448,2845,0.918,0.992
Failed,,,1419,521,0.428,0.117
Failed,,,4873,4772,0.731,0.723
Failed,,,3758,866,0.789,0.599
Failed,,,2441,3162,0.979,0.572
Failed,,,676,837,0.486,0.445
Failed,,,2881,3833,0.667,0.833
Failed,,,3027,667,0.009,0.045
Failed,,,842,4000,0.83,0.686
Failed,,,2345,718,0.704,0.89
Failed,,,3944,3953,0.386,0.28
Failed,,,4707,359,0.078,0.404
Failed,,,1272,4937,0.77,0.765
Failed,,,613,2338,0.265,0.127
Failed,,,3410,2995,0.583,0.519
Failed,,,3650,939,0.338,0.824
Failed,,,219,4355,0.503,0.467
Failed,,,1667,1678,0.026,0.578
Failed,,,4466,3653,0.816,0.19
Failed,,,4330,1935,0.632,0.066
Failed,,,1900,4660,0.567,0.109
Failed,,,1236,1985,0.093,0.969
Failed,,,2787,2725,0.754,0.362
Failed,,,2777,1978,0.749,0.633
Failed,,,1247,2728,0.412,0.027
Failed,,,2046,167,0.226,0.771
Failed,,,4245,4500,0.934,0.38
Failed,,,4381,1219,0.618,0.254
Failed,,,1596,4073,0.285,0.896
Failed,,,310,1789,0.805,0.024
Failed,,,3716,3544,0.098,0.635
Failed,,,3329,552,0.858,0.958
Failed,,,538,4743,0.053,0.32
Failed,,,1368,2381,0.547,0.696
Failed,,,4767,2954,0.365,0.09
Failed,,,4005,1548,0.174,0.215
Failed,,,2303,3320,0.176,0.698
Failed,,,852,683,0.666,0.318
Failed,,,3017,3987,0.488,0.959
Failed,,,2890,821,0.827,0.172
Failed,,,667,3847,0.011,0.56
Failed,,,2294,1403,0.321,0.299
Failed,,,3839,3305,0.518,0.909
Failed,,,4953,2211,0.958,0.784
Failed,,,1494,3121,0.138,0.423
Failed,,,352,406,0.647,0.562
Failed,,,3202,4886,0.45,0.17
Failed,,,3589,1631,0.688,0.487
Failed,,,124,3704,0.401,0.844
Failed,,,1722,1067,0.875,0.234
Failed,,,4567,4228,0.214,0.621
Failed,,,4079,9,0.28,0.746
Failed,,,2036,4507,0.279,0.231
Failed,,,1061,2143,0.756,0.845
Failed,,,2649,2566,0.091,0.485
Failed,,,2564,122,0.35,0.054
Failed,,,990,4548,0.559,0.66
Failed,,,1909,14,0.936,0.895
Failed,,,4070,4655,0.224,0.257
Failed,,,4557,1061,0.283,0.382
Failed,,,1732,4232,0.62,0.77
Failed,,,135,1634,0.096,0.152
Failed,,,3579,3697,0.807,0.508
Failed,,,3192,393,0.055,0.834
Failed,,,363,4902,0.857,0.443
Failed,,,1503,2226,0.367,0.573
Failed,,,4944,3107,0.544,0.213
Failed,,,3830,1389,0.977,0.088
Failed,,,2354,3956,0.791,0.116
Failed,,,762,1281,0.298,0.995
Failed,,,2951,3426,0.604,0.354
Failed,,,3098,1436,0.197,0.517
Failed,,,928,3274,0.893,0.129
Failed,,,2430,1561,0.516,0.426
Failed,,,4015,3145,0.323,0.782
Failed,,,4778,2364,0.139,0.907
Failed,,,1357,2967,0.956,0.301
Failed,,,529,565,0.452,0.685
Failed,,,3338,4728,0.644,0.047
Failed,,,3725,1784,0.399,0.36
Failed,,,301,3549,0.69,0.97
Failed,,,1585,1226,0.212,0.106
Failed,,,4391,4070,0.877,0.748
Failed,,,4255,164,0.569,0.623
Failed,,,1980,2614,0.63,0.581
Failed,,,1156,289,0.157,0.466
Failed,,,2711,4378,0.942,0.826
Failed,,,2693,991,0.187,0.332
Failed,,,1099,4304,0.973,0.938
Failed,,,2126,1951,0.038,0.292
Failed,,,4322,2759,0.871,0.929
Failed,,,4457,1665,0.68,0.804
Failed,,,1676,3670,0.471,0.416
Failed,,,230,954,0.991,0.535
Failed,,,3640,4341,0.159,0.179
Failed,,,3399,2333,0.92,0.478
Failed,,,624,3000,0.24,0.87
Failed,,,1282,362,0.733,0.24
Failed,,,4697,4930,0.427,0.601
Failed,,,3934,711,0.111,0.726
Failed,,,2229,4962,0.738,0.266
Failed,,,867,2286,0.229,0.654
Failed,,,3078,3046,0.925,0.013
Failed,,,2892,2461,0.266,0.863
Failed,,,740,2874,0.572,0.475
Failed,,,2208,871,0.384,0.763
Failed,,,3768,3798,0.706,0.406
Failed,,,4883,517,0.772,0.281
Failed,,,1408,4778,0.076,0.887
Failed,,,438,2493,0.585,0.004
Failed,,,3272,2842,0.263,0.641
Failed,,,3513,1097,0.502,0.951
Failed,,,44,4195,0.34,0.341
Failed,,,1802,1832,0.814,0.705
Failed,,,4643,3500,0.028,0.064
Failed,,,4156,2094,0.469,0.189
Failed,,,2184,3463,0.84,0.803
Failed,,,971,1138,0.32,0.181
Failed,,,2507,4154,0.528,0.542
Failed,,,2593,1598,0.787,0.981
Failed,,,1042,3733,0.122,0.374
Failed,,,1999,1707,0.499,0.079
Failed,,,4212,3628,0.661,0.716
Failed,,,4663,1910,0.844,0.592
Failed,,,1863,2800,0.059,0.203
Failed,,,23,85,0.532,0.814
Failed,,,3453,4584,0.371,0.457
Failed,,,3216,1327,0.617,0.138
Failed,,,419,3380,0.295,0.53
Failed,,,1466,743,0.804,0.391
Failed,,,4901,3924,0.108,0.752
Failed,,,3828,330,0.416,0.876
Failed,,,2491,3076,0.354,0.92
Failed,,,646,440,0.859,0.033
Failed,,,2831,4856,0.043,0.674
Failed,,,2997,597,0.634,0.447
Failed,,,792,4696,0.456,0.835
Failed,,,2415,471,0.079,0.602
Failed,,,3955,4824,0.759,0.245
Failed,,,4754,918,0.701,0.121
Failed,,,1300,3752,0.395,0.727
Failed,,,566,1468,0.888,0.351
Failed,,,3382,3242,0.208,0.988
Failed,,,3619,247,0.961,0.667
Failed,,,169,4420,0.128,0.057
Failed,,,1697,2057,0.649,0.928
Failed,,,4516,2650,0.44,0.287
Failed,,,4339,1869,0.007,0.411
Failed,,,1927,4107,0.194,0.385
Failed,,,1188,1743,0.718,0.507
Failed,,,2759,3591,0.381,0.147
Failed,,,2745,383,0.884,0.577
Failed,,,1200,4951,0.204,0.216
Failed,,,2094,1020,0.599,0.735
Failed,,,4273,4274,0.309,0.098
Failed,,,4451,55,0.243,0.223
Failed,,,1606,4613,0.907,0.61
Failed,,,240,2015,0.43,0.499
Failed,,,3705,2691,0.721,0.856
Failed,,,3320,637,0.483,0.55
Failed,,,471,4033,0.676,0.158
Failed,,,1376,1357,0.171,0.795
Failed,,,4835,3352,0.988,0.435
Failed,,,4035,2258,0.548,0.31
Failed,,,2330,4358,0.444,0.513
Failed,,,806,1645,0.965,0.378
Failed,,,2986,3649,0.132,0.766
Failed,,,2839,1814,0.536,0.104
Failed,,,640,3482,0.375,0.745
Failed,,,2325,2411,0.945,0.21
Failed,,,3889,2921,0.145,0.566
Failed,,,4962,1514,0.336,0.691
Failed,,,1562,3192,0.513,0.085
Failed,,,344,790,0.024,0.96
Failed,,,3135,3878,0.825,0.323
Failed,,,3520,2185,0.065,0.022
Failed,,,113,2524,0.776,0.632
Failed,,,1792,200,0.252,0.26
Failed,,,4577,4471,0.59,0.901
Failed,,,4127,1189,0.905,0.776
Failed,,,2082,2821,0.104,0.042
Failed,,,1034,535,0.613,0.91
Failed,,,2598,4796,0.291,0.303
Failed,,,2538,2205,0.02,0.235
Failed,,,939,3087,0.821,0.596
Failed,,,1936,2315,0.697,0.83
Failed,,,4121,2981,0.391,0.439
Failed,,,4608,1262,0.083,0.313
Failed,,,1759,3408,0.763,0.955
Failed,,,88,732,0.27,0.091
Failed,,,3547,3977,0.576,0.701
Failed,,,3160,1930,0.316,0.891
Failed,,,316,2739,0.524,0.254
Failed,,,1530,140,0.004,0.637
Failed,,,4995,4566,0.836,0.031
Failed,,,3881,973,0.653,0.156
Failed,,,2386,3679,0.593,0.176
Failed,,,711,1082,0.069,0.81
Failed,,,2924,4253,0.781,0.422
Failed,,,3051,1244,0.434,0.71
Failed,,,896,4088,0.724,0.069
Failed,,,2476,1118,0.848,0.365
Failed,,,4047,4216,0.063,0.975
Failed,,,4810,310,0.495,0.851
Failed,,,1403,4399,0.657,0.49
Failed,,,502,2075,0.184,0.621
Failed,,,3287,2596,0.969,0.229
Failed,,,3674,889,0.233,0.428
Failed,,,274,3817,0.929,0.785
Failed,,,1632,1415,0.42,0.167
Failed,,,4423,3253,0.741,0.555
Failed,,,4287,2472,0.8,0.68
Failed,,,2031,4749,0.984,0.645
Failed,,,1124,2346,0.479,0.277
Failed,,,2664,2949,0.672,0.883
Failed,,,2725,1336,0.447,0.396
Failed,,,1145,3331,0.641,0.757
Failed,,,2157,411,0.331,0.481
Failed,,,4368,4921,0.509,0.873
Failed,,,4503,702,0.95,0.997
Failed,,,1707,4005,0.148,0.356
Failed,,,178,1368,0.637,0.72
Failed,,,3613,3299,0.46,0.11
Failed,,,3372,35,0.714,0.297
Failed,,,573,4675,0.377,0.934
Failed,,,1313,1960,0.901,0.051
Failed,,,4744,2709,0.19,0.658
Failed,,,3981,1616,0.256,0.533
Failed,,,2202,2673,0.881,0.459
Failed,,,914,76,0.404,0.586
Failed,,,3109,4634,0.694,0.198
Failed,,,2944,219,0.099,0.923
Failed,,,767,4489,0.811,0.282
Failed,,,2259,1763,0.247,0.948
Failed,,,3795,3529,0.912,0.337
Failed,,,4910,2123,0.596,0.462
Failed,,,1460,2545,0.305,0.823
Failed,,,407,182,0.783,0.193
Failed,,,3226,4525,0.118,0.585
Failed,,,3467,1543,0.864,0.758
Failed,,,12,3127,0.046,0.401
Failed,,,1854,843,0.551,0.52
Failed,,,4670,3867,0.359,0.132
Failed,,,4182,586,0.168,0.008
Failed,,,2138,3899,0.541,0.985
Failed,,,998,1496,0.052,0.125
Failed,,,2559,3173,0.852,0.731
Failed,,,2620,764,0.581,0.792
Failed,,,1093,3945,0.259,0.431
Failed,,,1972,656,0.136,0.135
Failed,,,4161,4052,0.952,0.527
Failed,,,4611,458,0.52,0.652
Failed,,,1836,4875,0.327,0.011
Failed,,,69,2237,0.832,0.882
Failed,,,3485,3055,0.015,0.272
Failed,,,3247,1040,0.752,0.074
Failed,,,466,4295,0.088,0.711
Failed,,,1439,1579,0.565,0.335
Failed,,,4850,3715,0.274,0.941
Failed,,,3776,1997,0.216,0.816
Failed,,,2459,4603,0.032,0.851
Failed,,,697,1889,0.506,0.226
Failed,,,2858,2780,0.344,0.614
Failed,,,3043,2039,0.995,0.262
Failed,,,824,2632,0.163,0.904
Failed,,,2368,2164,0.287,0.67
Failed,,,3923,2503,0.624,0.06
Failed,,,4723,1722,0.932,0.185
Failed,,,1254,3570,0.221,0.546
Failed,,,593,1207,0.745,0.407
Failed,,,3433,4125,0.407,0.799
Failed,,,3671,2392,0.669,0.607
Failed,,,196,2903,0.492,0.25
Failed,,,1651,618,0.981,0.86
Failed,,,4484,4717,0.18,0.472
Failed,,,4307,811,0.363,0.347
Failed,,,1876,3222,0.423,0.328
Failed,,,1220,936,0.916,0.689
Failed,,,2806,3770,0.236,0.083
Failed,,,2808,1460,0.955,0.203
Failed,,,1215,3210,0.135,0.591
Failed,,,2062,1309,0.768,0.554
Failed,,,4227,3362,0.072,0.162
Failed,,,4404,2268,0.388,0.037
Failed,,,1575,3028,0.71,0.679
Failed,,,291,351,0.201,0.306
Failed,,,3732,4982,0.897,0.916
Failed,,,3347,1686,0.153,0.739
Failed,,,522,3607,0.938,0.101
Failed,,,1344,1009,0.465,0.977
Failed,,,4788,4322,0.626,0.37
Failed,,,3989,103,0.818,0.495
Failed,,,2266,2618,0.406,0.139
Failed,,,830,256,0.88,0.753
Failed,,,3039,4452,0.219,0.392
Failed,,,2854,118,0.621,0.728
Failed,,,703,4592,0.288,0.122
Failed,,,2273,268,0.683,0.017
Failed,,,3862,4441,0.475,0.627
Failed,,,4935,1159,0.034,0.502
Failed,,,1510,4174,0.867,0.142
Failed,,,376,1851,0.346,0.779
Failed,,,3181,3445,0.555,0.387
Failed,,,3566,489,0.302,0.207
Failed,,,145,4842,0.608,0.564
Failed,,,1741,2440,0.115,0.453
Failed,,,4550,2853,0.795,0.841
Failed,,,4100,1446,0.729,0.965
Failed,,,2068,3932,0.048,0.666
Failed,,,1088,1295,0.542,0.286
Failed,,,2623,3372,0.361,0.927
Failed,,,2552,816,0.073,0.609
Failed,,,1002,3890,0.766,0.222
Failed,,,1882,926,0.643,0.456
Failed,,,4097,3784,0.447,0.813
Failed,,,4545,503,0.014,0.937
Failed,,,1744,4832,0.834,0.331
Failed,,,142,2429,0.326,0.715
Failed,,,3571,2866,0.523,0.078
Failed,,,3175,1171,0.278,0.267
Failed,,,380,4162,0.564,0.877
Failed,,,1506,1836,0.09,0.014
Failed,,,4942,3456,0.751,0.655
Failed,,,3866,2049,0.693,0.531
Failed,,,2372,4482,0.507,0.551
Failed,,,764,2158,0.029,0.436
Failed,,,2949,2513,0.818,0.796
Failed,,,3115,2003,0.474,0.086
Failed,,,911,2665,0.687,0.692
Failed,,,2452,1877,0.808,0.989
Failed,,,3993,2793,0.101,0.352
Failed,,,4795,1699,0.409,0.476
Failed,,,1340,3596,0.742,0.864
Failed,,,526,999,0.221,0.246
Failed,,,3341,4336,0.929,0.603
Failed,,,3737,2279,0.177,0.802
Failed,,,288,3014,0.982,0.41
Failed,,,1578,338,0.489,0.541
Failed,,,4398,4994,0.67,0.18
Failed,,,4224,775,0.854,0.056
Failed,,,1967,3325,0.915,0.021
Failed,,,1149,649,0.426,0.901
Failed,,,2718,4060,0.728,0.259
Failed,,,2661,572,0.394,0.771
Failed,,,1130,4759,0.696,0.383
Failed,,,2133,1488,0.261,0.855
Failed,,,4314,3180,0.578,0.498
Failed,,,4489,2399,0.894,0.373
Failed,,,1644,2894,0.202,0.98
Failed,,,203,609,0.707,0.097
Failed,,,3667,4722,0.389,0.734
Failed,,,3436,1731,0.627,0.921
Failed,,,588,3565,0.462,0.311
Failed,,,1260,1201,0.939,0.675
Failed,,,4719,4133,0.15,0.034
Failed,,,3917,227,0.341,0.159
Failed,,,2266,4101,0.967,0.833
Failed,,,889,1778,0.443,0.212
Failed,,,3056,3518,0.656,0.572
Failed,,,2929,1603,0.06,0.3
Failed,,,704,3690,0.849,0.906
Failed,,,2206,67,0.162,0.324
Failed,,,3771,4640,0.998,0.961
Failed,,,4846,1046,0.558,0.836
Failed,,,1445,4285,0.345,0.448
Failed,,,460,1571,0.87,0.567
Failed,,,3250,3722,0.033,0.211
Failed,,,3481,466,0.794,0.384
Failed,,,76,4868,0.118,0.775
Failed,,,1829,2232,0.607,0.146
Failed,,,4616,3064,0.305,0.506
Failed,,,4168,1345,0.238,0.631
Failed,,,2152,3101,0.61,0.361
Failed,,,944,425,0.105,0.749
Failed,,,2534,4909,0.797,0.107
Failed,,,2605,2465,0.51,0.417
Failed,,,1030,2829,0.329,0.805
Failed,,,2026,2357,0.207,0.509
Failed,,,4185,2936,0.883,0.153
Failed,,,4675,1530,0.576,0.028
Failed,,,1851,3139,0.273,0.634
Failed,,,16,853,0.762,0.258
Failed,,,3461,3853,0.086,0.896
Failed,,,3233,2112,0.839,0.697
Failed,,,402,2559,0.003,0.087
Failed,,,1464,195,0.527,0.958
Failed,,,4903,4514,0.315,0.317
Failed,,,3791,1233,0.132,0.442
Failed,,,2474,3487,0.07,0.477
Failed,,,643,1124,0.59,0.6
Failed,,,2833,4208,0.257,0.239
Failed,,,2980,967,0.911,0.886
Failed,,,809,4368,0.25,0.28
Failed,,,2392,1092,0.371,0.046
Failed,,,3977,4239,0.538,0.684
Failed,,,4737,20,0.97,0.559
Failed,,,1317,4686,0.18,0.171
Failed,,,568,1971,0.658,0.781
Failed,,,3379,2697,0.493,0.425
Failed,,,3607,690,0.739,0.232
Failed,,,182,4018,0.421,0.624
Failed,,,1704,1382,0.925,0.486
Failed,,,4509,3289,0.234,0.846
Failed,,,4371,2195,0.292,0.971
Failed,,,1940,4958,0.478,0.952
Failed,,,1196,2320,0.987,0.065
Failed,,,2752,2972,0.166,0.706
Failed,,,2762,1180,0.662,0.01
Failed,,,1183,4112,0.496,0.651
Failed,,,2086,545,0.822,0.18
Failed,,,4281,4790,0.017,0.536
Failed,,,4419,884,0.457,0.661
Failed,,,1638,3826,0.639,0.055
Failed,,,267,1423,0.146,0.93
Failed,,,3678,3247,0.95,0.293
Failed,,,3284,302,0.191,0.115
Failed,,,507,4406,0.898,0.725
Failed,,,1398,2081,0.378,0.353
Failed,,,4813,2586,0.711,0.994
Failed,,,4052,1805,0.777,0.869
Failed,,,2317,4704,0.23,0.075
Failed,,,798,2420,0.735,0.942
Failed,,,2993,2915,0.417,0.336
Failed,,,2827,2250,0.759,0.547
Failed,,,652,3082,0.082,0.186
Failed,,,2327,1652,0.723,0.64
Failed,,,3886,3642,0.437,0.003
Failed,,,4998,1924,0.121,0.128
Failed,,,1525,2746,0.782,0.516
Failed,,,322,149,0.308,0.405
Failed,,,3157,4561,0.595,0.762
Failed,,,3551,1253,0.357,0.582
Failed,,,81,3414,0.554,0.19
Failed,,,1765,739,0.046,0.827
Failed,,,4604,3968,0.866,0.467
Failed,,,4115,375,0.675,0.342
Failed,,,2099,3743,0.318,0.606
Failed,,,1037,1027,0.843,0.471
Failed,,,2596,4267,0.007,0.859
Failed,,,2501,1858,0.312,0.678
Failed,,,975,3476,0.599,0.036
Failed,,,1933,1749,0.974,0.271
Failed,,,4124,3583,0.185,0.881
Failed,,,4571,2177,0.368,0.756
Failed,,,1795,2531,0.533,0.395
Failed,,,110,206,0.056,0.526
Failed,,,3525,4461,0.845,0.134
Failed,,,3128,1509,0.109,0.46
Failed,,,348,3201,0.801,0.817
Failed,,,1557,798,0.296,0.199
Failed,,,4969,3872,0.614,0.587
Failed,,,3893,590,0.922,0.712
Failed,,,2418,2884,0.862,0.74
Failed,,,738,482,0.354,0.371
Failed,,,2898,4811,0.55,0.978
Failed,,,3083,320,0.142,0.143
Failed,,,865,4976,0.947,0.503
Failed,,,2484,445,0.571,0.8
Failed,,,4040,4847,0.269,0.408
Failed,,,4842,628,0.211,0.283
Failed,,,1372,4039,0.887,0.924
Failed,,,475,1364,0.398,0.061
Failed,,,3314,3343,0.7,0.671
Failed,,,3710,49,0.44,0.984
Failed,,,237,4621,0.652,0.346
Failed,,,1610,2024,0.127,0.73
Failed,,,4445,2686,0.964,0.124
Failed,,,4270,1592,0.531,0.249
Failed,,,1994,4315,0.715,0.206
Failed,,,1102,1717,0.195,0.84
Failed,,,2686,3614,0.902,0.452
Failed,,,2707,2101,0.225,0.956
Failed,,,1162,2607,0.933,0.314
Failed,,,2180,1153,0.125,0.915
Failed,,,4346,4143,0.786,0.305
Failed,,,4520,237,0.719,0.43
Failed,,,1690,4434,0.433,0.791
Failed,,,176,2070,0.907,0.161
Failed,,,3615,2639,0.246,0.553
Failed,,,3384,905,0.991,0.852
Failed,,,561,3764,0.17,0.496
Failed,,,1306,1478,0.679,0.615
Failed,,,4751,3228,0.482,0.227
Failed,,,3949,2447,0.042,0.102
Failed,,,2215,3265,0.666,0.89
Failed,,,921,863,0.173,0.03
Failed,,,3102,3805,0.978,0.637
Failed,,,2956,720,0.322,0.489
Failed,,,755,3951,0.519,0.85
Failed,,,2232,2300,0.453,0.388
Failed,,,3822,3034,0.635,0.78
Failed,,,4898,1315,0.826,0.905
Failed,,,1472,3393,0.021,0.263
Failed,,,414,757,0.514,0.628
Failed,,,3218,3914,0.333,0.018
Failed,,,3450,1895,0.586,0.327
Failed,,,29,2811,0.253,0.965
Failed,,,1856,97,0.774,0.082
Failed,,,4667,4572,0.066,0.688
Failed,,,4219,978,0.382,0.563
Failed,,,2121,4540,0.755,0.429
Failed,,,996,1942,0.281,0.556
Failed,,,2561,2765,0.568,0.168
Failed,,,2657,174,0.873,0.357
Failed,,,1057,4493,0.038,0.998
Failed,,,1974,283,0.413,0.702
Failed,,,4158,4388,0.746,0.092
Failed,,,4648,1106,0.804,0.217
Failed,,,1800,4190,0.097,0.578
Failed,,,47,1826,0.617,0.44
Failed,,,3507,3508,0.284,0.831
Failed,,,3279,524,0.546,0.512
Failed,,,434,4769,0.364,0.155
Failed,,,1412,2484,0.857,0.766
Failed,,,4876,2847,0.052,0.377
Failed,,,3764,1441,0.485,0.253
Failed,,,2427,3835,0.301,0.296
Failed,,,670,1551,0.79,0.657
Failed,,,2884,3159,0.114,0.05
Failed,,,3012,1400,0.703,0.822
Failed,,,855,3307,0.385,0.461
Failed,,,2361,1274,0.01,0.228
Failed,,,3931,3435,0.831,0.62
Failed,,,4691,2341,0.648,0.744
Failed,,,1286,2993,0.451,0.103
Failed,,,620,357,0.959,0.974
Failed,,,3406,4939,0.139,0.364
Failed,,,3634,1671,0.876,0.043
Failed,,,233,3660,0.215,0.681
Failed,,,1673,946,0.689,0.304
Failed,,,4462,4347,0.402,0.911
Failed,,,4324,128,0.094,0.786
Failed,,,1913,2717,0.154,0.759
Failed,,,1242,2,0.631,0.133
Failed,,,2784,4667,0.465,0.521
Failed,,,2792,16,0.039,0.484
Failed,,,1233,4652,0.872,0.872
Failed,,,2040,2131,0.562,0.111
Failed,,,4249,2577,0.349,0.721
Failed,,,4387,1796,0.158,0.597
Failed,,,1592,3537,0.995,0.236
Failed,,,294,1211,0.47,0.874
Failed,,,3730,4081,0.682,0.482
Failed,,,3335,2378,0.429,0.175
Failed,,,534,2957,0.732,0.532
Failed,,,1352,554,0.243,0.421
Failed,,,4781,4741,0.919,0.809
Failed,,,4020,835,0.603,0.933
Failed,,,2290,3994,0.605,0.418
Failed,,,846,1396,0.112,0.533
Failed,,,3021,3312,0.792,0.173
Failed,,,2875,1554,0.383,0.945
Failed,,,680,3152,0.705,0.339
Failed,,,2300,670,0.89,0.584
Failed,,,3835,3997,0.198,0.192
Failed,,,4947,404,0.264,0.068
Failed,,,1498,4889,0.582,0.709
Failed,,,369,2213,0.077,0.337
Failed,,,3189,3119,0.769,0.947
Failed,,,3583,1074,0.025,0.646
Failed,,,128,4221,0.815,0.009
Failed,,,1738,1624,0.337,0.884
Failed,,,4553,3711,0.502,0.278
Failed,,,4063,1993,0.943,0.402
Failed,,,2049,2563,0.941,0.885
Failed,,,1067,162,0.468,0.006
Failed,,,2646,4509,0.629,0.647
Failed,,,2570,1948,0.935,0.829
Failed,,,986,2762,0.223,0.441
Failed,,,1903,1976,0.351,0.239
Failed,,,4074,2730,0.56,0.595
Failed,,,4563,1636,0.992,0.72
Failed,,,1728,3695,0.16,0.114
Failed,,,119,1058,0.681,0.997
Failed,,,3592,4235,0.472,0.359
Failed,,,3198,2219,0.734,0.048
Failed,,,359,3115,0.428,0.658
Failed,,,1487,400,0.921,0.294
Failed,,,4958,4895,0.24,0.935
Failed,,,3845,677,0.299,0.81
Failed,,,2351,3419,0.487,0.768
Failed,,,746,704,0.976,0.154
Failed,,,2965,3963,0.175,0.514
Failed,,,3092,878,0.517,0.366
Failed,,,932,3791,0.324,0.972
Failed,,,2436,829,0.196,0.707
Failed,,,4012,3839,0.892,0.07
Failed,,,4772,558,0.584,0.195
Failed,,,1361,4735,0.262,0.583
Failed,,,544,2371,0.771,0.464
Failed,,,3325,2960,0.075,0.821
Failed,,,3719,1228,0.813,0.523
Failed,,,304,4068,0.027,0.131
Failed,,,1601,1782,0.501,0.761
Failed,,,4377,3552,0.339,0.4
Failed,,,4240,2146,0.156,0.275
Failed,,,1422,2834,0.645,0.23
Failed,,,445,510,0.14,0.847
Failed,,,3268,4785,0.957,0.491
Failed,,,3497,1830,0.213,0.166
Failed,,,58,3502,0.878,0.558
Failed,,,2110,124,0.748,0.575
Failed,,,4335,4546,0.411,0.218
Failed,,,4473,952,0.095,0.094
Failed,,,1662,4343,0.806,0.7
Failed,,,223,1668,0.282,0.316
Failed,,,3644,3667,0.619,0.953
Failed,,,3415,369,0.366,0.639
Failed,,,611,4923,0.543,0.029
Failed,,,1275,2326,0.054,0.893
Failed,,,4701,3007,0.856,0.251
Failed,,,3940,1288,0.665,0.376
Failed,,,1,624,0.001,0.001
Failed,,,4737,843,0.001,0.381
Failed,,,4722,1993,0.001,0.624
Failed,,,1,257,0.001,0.153
Failed,,,4598,1032,0.001,0.642
Failed,,,5000,705,0.001,0.644
Failed,,,5000,1369,0.001,0.403
Failed,,,4144,543,0.001,0.416
Failed,,,4920,502,0.001,0.001
Failed,,,2920,922,0.001,0.403
Failed,,,759,388,0.001,0.145
Failed,,,2224,1428,0.828,0.104
Failed,,,3755,3281,0.012,0.742
Failed,,,4867,2500,0.453,0.617
Failed,,,4700,505,0.001,0.999
Failed,,,1,434,0.001,0.217
Failed,,,4684,534,0.001,0.117
Failed,,,5000,395,0.001,0.001
Failed,,,1,873,0.001,0.999
Failed,,,5000,901,0.001,0.001
Failed,,,4287,667,0.001,0.999
Failed,,,1,365,0.001,0.001
Failed,,,1,1,0.001,0.025
Failed,,,2774,767,0.001,0.001
Failed,,,1,733,0.001,0.334
Failed,,,5000,889,0.001,0.085
Failed,,,1,875,0.001,0.999
Failed,,,5000,1,0.619,0.018
Failed,,,5000,1,0.59,0.302
Failed,,,2092,1020,0.001,0.001
Failed,,,5000,1,0.001,0.22
Failed,,,4737,721,0.001,0.001
Failed,,,3184,730,0.001,0.001
Failed,,,4282,1808,0.001,0.001
Failed,,,5000,1,0.999,0.42
Failed,,,1,457,0.001,0.001
Failed,,,5000,1,0.999,0.203
Failed,,,3211,1017,0.001,0.001
Failed,,,5000,459,0.001,0.001
Failed,,,5000,1497,0.001,0.001
Failed,,,1,373,0.001,0.001
Failed,,,5000,684,0.001,0.001
Failed,,,1,823,0.001,0.999
Failed,,,3092,940,0.001,0.401
Failed,,,5000,1,0.999,0.709
Failed,,,5000,1193,0.001,0.001
Failed,,,5000,607,0.001,0.054
Failed,,,2836,764,0.001,0.044
Failed,,,3479,1825,0.001,0.001
Failed,,,2833,719,0.001,0.279
Failed,,,5000,620,0.001,0.001
Failed,,,3876,677,0.001,0.001
Failed,,,5000,1,0.348,0.108
Failed,,,5000,1693,0.001,0.001
Failed,,,5000,393,0.001,0.999
Failed,,,5000,1,0.001,0.001
Failed,,,5000,1337,0.001,0.005
Failed,,,5000,950,0.001,0.149
Failed,,,5000,1448,0.001,0.999
Failed,,,5000,994,0.001,0.001
Failed,,,2264,867,0.001,0.001
Failed,,,1,492,0.001,0.129
Failed,,,1,1583,0.001,0.116
Failed,,,18,1658,0.001,0.999
Failed,,,5000,795,0.001,0.001
Failed,,,5000,1648,0.001,0.001
Failed,,,1,667,0.001,0.257
Failed,,,5000,792,0.001,0.438
Failed,,,5000,516,0.001,0.434
Failed,,,5000,508,0.001,0.001
Failed,,,3182,1,0.001,0.233
Failed,,,5000,1,0.999,0.579
Failed,,,3445,1,0.999,0.263
Failed,,,5000,709,0.001,0.336
Failed,,,1,1,0.999,0.001
Failed,,,4754,405,0.001,0.999
Failed,,,5000,1,0.999,0.077
Failed,,,5000,845,0.001,0.001
Failed,,,2448,811,0.001,0.001
Failed,,,5000,1614,0.001,0.001
Failed,,,5000,687,0.001,0.147
Failed,,,4900,409,0.001,0.999
Failed,,,5000,663,0.001,0.001
Failed,,,2950,817,0.001,0.154
Failed,,,3430,1894,0.001,0.001
Failed,,,1,362,0.001,0.001
Failed,,,5000,1,0.999,0.914
Failed,,,4146,892,0.001,0.001
Failed,,,5000,1,0.999,0.846
Failed,,,3533,1742,0.001,0.101
Failed,,,4485,1,0.999,0.999
Failed,,,4958,1,0.001,0.999
Failed,,,5000,828,0.001,0.001
Failed,,,5000,558,0.001,0.127
Failed,,,5000,1,0.168,0.001
Failed,,,2958,1,0.001,0.001
Failed,,,5000,1850,0.001,0.001
Failed,,,5000,1,0.66,0.012
Failed,,,3000,1,0.999,0.001
Failed,,,5000,518,0.001,0.001
Failed,,,3427,3567,0.868,0.084
Failed,,,3657,625,0.116,0.26
Failed,,,212,4709,0.796,0.898
Failed,,,1654,2385,0.303,0.023
Failed,,,4478,2910,0.609,0.629
Failed,,,4304,1503,0.917,0.504
Failed,,,2144,3166,0.237,0.148
Failed,,,1012,803,0.73,0.773
Failed,,,2543,3907,0.424,0.385
Failed,,,2633,1302,0.137,0.075
Failed,,,1077,3369,0.953,0.717
Failed,,,2940,2161,0.684,0.209
Failed,,,773,2506,0.476,0.57
Failed,,,4500,1,0.999,0.999
Failed,,,5000,867,0.001,0.001
Failed,,,3748,3020,0.328,0.2
Failed,,,3351,1011,0.566,0.394
Failed,,,516,4320,0.275,0.751
Failed,,,1331,1683,0.753,0.141
Failed,,,4804,3610,0.089,0.529
Failed,,,4002,1891,0.404,0.654
Failed,,,2443,2777,0.695,0.016
Failed,,,693,101,0.217,0.876
Failed,,,2864,4605,0.882,0.27
Failed,,,3030,271,0.286,0.605
Failed,,,840,4438,0.623,0.244
Failed,,,2382,221,0.996,0.447
Failed,,,3907,4487,0.164,0.839
Failed,,,4709,1205,0.347,0.964
Failed,,,1270,4127,0.556,0.322
Failed,,,596,1725,0.035,0.695
Failed,,,389,1157,0.931,0.119
Failed,,,3165,4177,0.22,0.729
Failed,,,3562,2433,0.98,0.926
Failed,,,151,2861,0.179,0.288
Failed,,,1754,496,0.668,0.664
Failed,,,4535,4835,0.491,0.058
Failed,,,4087,929,0.051,0.183
Failed,,,1892,3778,0.851,0.54
Failed,,,1224,1454,0.362,0.413
Failed,,,2799,3214,0.54,0.801
Failed,,,2801,261,0.79,0.048
Failed,,,1225,4448,0.114,0.685
