Status,ACCURACY,RUNTIME,recent_samples_size,n_samples,n_permutations,update_interval,n_consecutive_deviations
Completed,0.89,4997,4028,2517,427,172,7
Completed,0.9,4646,4360,1933,736,229,3
Completed,0.91,2474,1488,377,879,184,9
Completed,0.71,102,2044,1,1000,250,6
Completed,0.87,3016,36,5000,360,120,10
Completed,0.87,245,2396,1,1000,188,10
Completed,0.85,172,2301,1,1000,250,10
Completed,0.74,104,46,1,1000,158,6
Completed,0.9,2590,48,2851,291,97,3
Completed,0.92,3911,476,4215,181,140,5
Completed,0.74,1765,55,3561,185,199,162
Completed,0.83,894,933,1475,452,115,112
Completed,0.9,5751,2590,4065,534,26,8
Completed,0.91,4511,461,3159,832,75,4
Completed,0.92,2563,380,2262,606,39,9
Completed,0.89,5895,4575,4364,317,234,1
Completed,0.9,1824,2509,47,781,115,3
Completed,0.92,2805,2721,3250,443,216,10
Completed,0.9,4597,2227,211,731,22,2
Completed,0.91,2745,3353,853,15,235,8
Completed,0.9,4129,1109,1759,374,159,4
Completed,0.92,3472,816,3598,558,224,8
Completed,0.9,5260,4907,1199,509,165,9
Completed,0.9,6704,2840,4382,91,52,7
Completed,0.85,888,2034,1504,865,245,5
Completed,0.9,5288,1422,3774,686,210,4
Completed,0.9,3875,676,551,221,77,2
Completed,0.9,5663,1008,4962,912,12,10
Completed,0.89,5576,3962,1615,137,191,2
Completed,0.89,6799,3135,2806,710,88,4
Completed,0.89,4737,1754,685,495,143,8
Completed,0.89,5147,3211,1833,977,53,10
Completed,0.92,1408,426,1507,223,250,8
Completed,0.92,2530,2536,2677,2,250,1
Completed,0.92,1772,2651,1564,1000,250,10
Completed,0.92,1701,734,867,610,250,3
Completed,0.9,3010,1357,167,718,226,1
Completed,0.91,612,170,526,1000,250,4
Completed,0.64,693,1,1236,874,250,4
Completed,0.89,2854,1357,1,1000,177,1
Completed,0.64,984,1,1775,1000,242,8
Completed,0.91,791,1059,1,1000,248,4
Completed,0.91,2926,1076,833,1000,241,1
Completed,0.91,1093,1315,1,547,225,4
Completed,0.92,927,504,263,121,241,2
Completed,0.92,1644,718,963,1000,250,10
Completed,0.92,2384,429,2379,822,224,5
Completed,0.91,771,2363,119,273,250,1
Completed,0.92,830,2365,338,1000,250,2
Completed,0.52,74,1,1,2,197,1
Completed,0.92,764,2430,1,2,250,1
Completed,0.91,646,930,1,432,238,7
Completed,0.92,578,2327,1,1000,250,1
Completed,0.89,322,2326,1,470,250,5
Completed,0.52,93,1,1,2,250,1
Completed,0.91,1252,2675,1,2,250,1
Completed,0.9,497,2270,17,2,250,1
Completed,0.79,140,170,1,1000,104,10
Completed,0.92,1097,2362,1020,1000,250,4
Completed,0.88,265,428,1,824,241,10
Completed,0.92,683,1623,1,1000,250,10
Completed,0.93,1129,2326,832,1000,250,1
Completed,0.92,539,903,1,554,176,10
Completed,0.92,770,2429,158,1000,250,1
Completed,0.92,1745,2220,2184,1000,250,9
Completed,0.9,320,485,1,1000,155,10
Completed,0.89,349,2166,1,2,250,1
Completed,0.67,3000,1,5000,2,250,1
Completed,0.91,1353,2234,1550,109,250,9
Completed,0.89,286,2286,1,1000,250,4
Completed,0.92,1203,2320,661,2,250,1
Completed,0.82,173,227,1,1000,250,10
Completed,0.91,708,3439,1,1000,250,10
Completed,0.92,926,2367,484,745,250,4
Completed,0.53,81,1,1,2,132,1
Completed,0.8,164,208,1,124,167,10
Completed,0.55,61,1,1,287,158,10
Completed,0.92,1020,189,1025,193,136,10
Completed,0.91,569,1184,1,1000,226,10
Completed,0.91,673,1164,1,674,202,10
Completed,0.92,534,2995,1,1000,250,10
Completed,0.92,1440,174,1718,223,141,10
Completed,0.5,63,1,1,369,73,10
Completed,0.82,166,237,1,178,50,10
Completed,0.92,630,182,433,204,150,10
Completed,0.67,79,2038,1,1000,250,10
Completed,0.91,378,2548,1,1000,189,10
Completed,0.82,647,22,928,320,130,10
Completed,0.92,566,1253,1,733,250,10
Completed,0.76,114,125,1,268,198,10
Completed,0.91,836,125,758,2,232,1
Completed,0.91,1092,3863,1,1000,250,10
Completed,0.92,442,726,1,1000,205,10
Completed,0.89,292,2319,1,1000,210,5
Completed,0.91,985,4104,1,1000,250,10
Completed,0.91,819,3657,1,1000,250,10
Completed,0.91,5622,2939,5000,1000,250,1
Completed,0.92,454,3250,1,1000,250,10
Completed,0.92,345,2704,1,1000,181,10
Completed,0.92,1217,2561,937,1000,190,10
Completed,0.91,4044,3149,5000,1000,250,10
Completed,0.92,1112,110,1,1000,13,1
Completed,0.9,1755,3956,1,1000,71,10
Completed,0.65,2306,1,3634,879,250,10
Completed,0.89,559,203,73,1000,250,1
Completed,0.92,640,3133,1,277,182,10
Completed,0.91,327,590,1,477,250,8
Completed,0.89,3865,5000,1,175,250,1
Completed,0.89,5446,1983,2006,2,250,1
Completed,0.91,1163,5000,1,169,250,10
Completed,0.83,199,187,1,527,250,6
Completed,0.89,4475,4502,1,261,250,1
Completed,0.89,2831,179,3549,281,250,10
Completed,0.66,2060,1,3550,1000,250,1
Completed,0.64,2199,1,3904,1000,250,10
Completed,0.92,582,206,327,658,250,1
Completed,0.92,423,2818,1,381,217,10
Completed,0.88,5395,5000,1,1000,134,1
Completed,0.88,5306,4328,1,1000,157,1
Completed,0.51,63,1,1,1000,111,6
Completed,0.9,949,5000,1,785,159,10
Completed,0.9,2125,157,3430,1000,250,10
Completed,0.8,99,83,1,1000,211,5
Completed,0.91,881,3364,1,192,163,10
Completed,0.9,1401,5000,1,1000,250,6
Completed,0.84,166,161,1,1000,184,5
Completed,0.63,2494,1,3290,787,250,10
Completed,0.92,1339,2224,1887,566,250,1
Completed,0.63,1958,1,3754,610,250,6
Completed,0.66,1783,1,3274,2,250,1
Completed,0.91,1072,4614,1,511,147,10
Completed,0.9,2239,117,3790,593,250,10
Completed,0.89,3871,4014,1,309,250,1
Completed,0.91,807,4842,1,1000,250,10
Completed,0.92,1651,2343,1952,1000,250,1
Completed,0.75,131,110,1,536,130,8
Completed,0.92,2092,2391,2445,1000,250,1
Completed,0.92,1750,2306,2278,1000,250,1
Completed,0.91,968,4718,1,1000,250,10
Completed,0.92,1913,2292,1994,1000,159,1
Completed,0.92,2150,2466,2160,1000,250,1
Completed,0.93,6328,2027,2795,1000,2,1
Completed,0.9,4824,5000,3106,1000,250,10
Completed,0.89,5213,5000,2838,2,250,1
Completed,0.9,4673,4459,3319,1000,250,10
Completed,0.91,860,5000,1,1000,250,10
Completed,0.91,827,3534,1,361,250,10
Completed,0.91,1022,3762,1,265,250,10
Completed,0.92,1380,2514,1097,402,250,10
Completed,0.9,365,453,1,1000,250,6
Completed,0.91,4252,626,5000,1000,250,10
Completed,0.71,87,84,1,1000,167,10
Completed,0.92,448,814,1,958,250,7
Completed,0.92,2878,277,5000,1000,250,10
Completed,0.89,4363,1633,2210,1000,151,10
Completed,0.92,1701,2640,1326,132,250,10
Completed,0.92,1884,2483,2317,166,250,10
Completed,0.92,2143,2507,2372,22,162,10
Completed,0.9,7165,59,1052,1000,2,1
Completed,0.9,1131,4206,1,542,208,10
Completed,0.89,524,104,507,1000,162,10
Completed,0.92,769,2526,289,1000,250,10
Completed,0.83,204,2233,1,786,250,8
Completed,0.66,2236,2001,3634,1000,250,10
Completed,0.9,703,3043,1,1000,81,10
Completed,0.91,828,3245,1,766,158,10
Completed,0.87,241,80,1,422,195,1
Completed,0.71,92,89,1,510,250,10
Completed,0.92,1341,135,1355,229,204,1
Completed,0.89,3661,1366,57,719,140,9
Completed,0.89,5446,4978,1632,971,213,2
Completed,0.93,1812,139,2841,176,90,8
Completed,0.9,4238,1186,2415,325,112,6
Completed,0.9,4773,3856,3623,529,239,2
Completed,0.9,4168,2649,840,113,39,5
Completed,0.91,2904,2468,4533,783,162,9
Completed,0.81,887,2016,1255,30,226,4
Completed,0.9,4164,3105,2556,825,100,10
Completed,0.89,4282,4299,339,283,173,7
Completed,0.89,7982,740,4136,612,50,1
Completed,0.88,7734,594,1120,890,26,3
Completed,0.89,7175,4525,4915,220,152,6
Completed,0.89,4909,3230,2035,676,79,8
Completed,0.9,4606,1809,3336,472,202,5
Completed,0.88,7473,1673,1977,846,48,8
Completed,0.9,6590,3368,3277,49,170,1
Completed,0.88,7171,4660,1022,591,119,4
Completed,0.93,3239,456,4818,265,245,10
Completed,0.92,1718,878,554,238,204,9
Completed,0.88,13574,4164,4351,910,81,5
Completed,0.9,3971,2966,1508,454,133,2
Completed,0.91,2209,2333,781,411,70,1
Completed,0.92,3865,2787,4475,738,193,7
Completed,0.87,8617,3992,2317,156,19,10
Completed,0.9,4218,1047,3525,953,145,4
Completed,0.92,1515,277,1847,548,182,4
Completed,0.88,8107,4842,3056,346,59,8
Completed,0.91,2776,3537,311,764,233,7
Completed,0.89,7107,1501,4005,92,107,3
Completed,0.89,4817,3473,2907,610,129,5
Completed,0.87,9734,4751,143,5,86,2
Completed,0.93,2327,215,3861,831,208,6
Completed,0.92,1846,963,925,670,249,8
Completed,0.89,8146,3917,4643,497,123,1
Completed,0.91,2977,2704,2466,892,167,3
Completed,0.93,2692,2260,3688,190,44,9
Completed,0.9,594,2086,409,997,103,5
Completed,0.92,3440,2872,4182,170,230,9
Completed,0.87,8783,4101,1359,690,63,6
Completed,0.91,3875,786,2646,393,186,3
Completed,0.91,2315,382,2140,111,149,1
Completed,0.91,2713,3296,1191,331,189,10
Completed,0.88,9044,1592,4962,504,67,4
Completed,0.9,4074,1725,975,126,158,6
Completed,0.89,8326,1953,4065,10,105,5
Completed,0.91,2795,3077,1755,604,195,9
Completed,0.87,11740,4802,3343,392,26,6
Completed,0.93,883,222,683,986,177,1
Completed,0.89,6754,1235,3102,676,151,2
Completed,0.88,7210,3784,450,206,54,8
Completed,0.91,4682,3303,4492,793,230,9
Completed,0.88,8653,1712,2115,324,71,4
Completed,0.89,6587,1477,3696,836,45,10
Completed,0.89,6112,3537,1035,305,126,5
Completed,0.88,9905,4331,3868,703,93,1
Completed,0.92,1823,689,1559,172,238,7
Completed,0.92,2779,457,4764,482,219,7
Completed,0.88,8541,4568,2386,888,114,3
Completed,0.92,3219,2529,2673,115,170,4
Completed,0.91,1684,2198,2624,266,220,2
Completed,0.89,3180,2775,305,860,76,6
Completed,0.9,5677,4506,4950,148,144,10
Completed,0.9,3271,473,2279,742,62,5
Completed,0.87,10347,865,3917,928,20,3
Completed,0.9,4754,4118,1276,458,188,9
Completed,0.89,7360,3641,3511,545,97,8
Completed,0.9,3609,1346,1142,77,201,2
Completed,0.9,5533,1737,4599,581,163,6
Completed,0.89,5656,4039,2819,947,208,4
Completed,0.91,2740,943,499,415,118,10
Completed,0.91,1747,81,3236,230,85,9
Completed,0.9,3817,4896,868,637,244,4
Completed,0.88,9871,2853,4348,363,39,3
Completed,0.92,1096,2121,1706,770,138,7
Completed,0.88,2247,2042,3393,712,196,3
Completed,0.91,3516,2930,712,183,99,9
Completed,0.9,5016,4975,4190,814,183,8
Completed,0.84,1027,4,1862,284,23,2
Completed,0.88,8814,1022,4442,98,60,1
Completed,0.9,6047,3961,2083,503,149,6
Completed,0.9,4793,3172,2976,497,73,9
Completed,0.9,3289,1815,345,902,225,5
Completed,0.9,4502,1268,3762,384,140,8
Completed,0.86,11252,3720,1433,976,35,4
Completed,0.89,4862,4195,3665,32,247,2
Completed,0.9,3226,787,985,624,80,7
Completed,0.92,4230,550,2780,809,123,7
Completed,0.88,5091,4427,147,342,206,1
Completed,0.88,8775,2696,4795,662,17,5
Completed,0.93,1901,2277,2437,194,160,10
Completed,0.91,4417,2422,4921,968,67,2
Completed,0.92,1919,2608,2232,439,233,7
Completed,0.87,8578,4646,2516,570,48,9
Completed,0.92,994,378,177,40,154,3
Completed,0.91,3819,766,3538,350,174,5
Completed,0.87,10227,4252,1190,755,30,10
Completed,0.91,4090,3460,4026,249,192,6
Completed,0.88,6796,1555,1404,654,110,2
Completed,0.9,4069,3381,608,720,166,3
Completed,0.89,9668,3862,4648,276,117,4
Completed,0.91,2464,1158,1957,868,214,8
Completed,0.93,2624,300,4219,558,242,10
Completed,0.88,9229,4725,1598,91,90,4
Completed,0.9,4938,2997,3189,910,131,1
Completed,0.9,635,2031,840,442,42,6
Completed,0.9,6084,1985,3043,881,167,9
Completed,0.86,12550,3030,353,474,8,3
Completed,0.9,6718,4760,4395,530,212,2
Completed,0.92,1504,258,2055,123,115,8
Completed,0.9,6179,1120,4162,313,89,6
Completed,0.89,4380,3903,1814,844,240,1
Completed,0.87,8316,3428,3403,164,43,5
Completed,0.9,3688,1602,780,696,134,10
Completed,0.9,5584,1523,4823,215,232,4
Completed,0.89,6800,3505,2484,684,64,8
Completed,0.89,6860,4295,2771,316,156,7
Completed,0.89,5414,730,80,786,51,2
Completed,0.9,5362,337,3598,596,32,1
Completed,0.91,3043,2639,3810,994,108,10
Completed,0.92,1341,2375,1461,400,189,5
Completed,0.92,3841,2322,4015,629,33,7
Completed,0.9,3837,2664,1334,222,138,2
Completed,0.87,11247,4391,3569,778,81,3
Completed,0.92,1428,592,1241,371,249,9
Completed,0.92,2659,824,2566,57,207,10
Completed,0.88,6562,4154,207,588,126,5
Completed,0.9,6533,3673,4852,408,159,2
Completed,0.87,12821,1300,2221,939,15,6
Completed,0.88,8567,1847,3138,466,101,3
Completed,0.91,2609,3126,809,935,199,7
Completed,0.87,11786,3920,4289,68,22,8
Completed,0.9,3683,1058,1609,538,180,4
Completed,0.88,2339,45,4658,852,147,5
Completed,0.88,8116,4937,2026,258,57,10
Completed,0.92,2555,2900,2916,750,226,6
Completed,0.92,1147,2089,558,156,75,1
Completed,0.91,3639,2820,2181,802,162,5
Completed,0.87,9132,4860,3074,202,121,1
Completed,0.9,418,123,403,670,210,6
Completed,0.91,3135,981,3295,984,246,8
Completed,0.9,2638,3595,50,106,221,10
Completed,0.92,2717,513,3859,175,186,3
Completed,0.92,2047,2245,1083,821,98,4
Completed,0.91,3865,2946,3959,593,128,7
Completed,0.89,6223,4821,2409,251,111,8
Completed,0.91,3842,1192,3127,765,245,2
Completed,0.92,1006,168,1409,736,213,2
Completed,0.89,7137,3814,2879,252,83,10
Completed,0.9,3128,3190,679,909,160,6
Completed,0.92,3164,2043,4883,80,41,3
Completed,0.92,2392,2254,2154,955,79,8
Completed,0.89,6882,3607,3536,34,193,5
Completed,0.92,5162,379,4369,362,187,9
Completed,0.92,3554,761,1088,141,155,9
Completed,0.92,2137,2757,1818,468,225,4
Completed,0.89,7499,1385,2623,547,107,6
Completed,0.89,6390,1500,1717,22,167,1
Completed,0.9,5414,2637,2747,975,33,8
Completed,0.9,3392,4512,1197,318,206,7
Completed,0.9,6876,875,4493,678,91,5
Completed,0.91,1928,494,275,824,119,3
Completed,0.9,4368,4113,4166,185,238,7
Completed,0.92,3409,2369,3749,481,135,2
Completed,0.9,3785,1928,788,606,234,9
Completed,0.89,12917,3309,4748,402,99,1
Completed,0.89,5565,3934,1308,809,147,4
Completed,0.92,3076,53,3003,199,32,8
Completed,0.89,7289,1078,2222,303,60,6
Completed,0.89,7322,4941,3340,692,179,4
Completed,0.89,7295,3065,530,101,71,3
Completed,0.9,3913,1703,3757,896,202,10
Completed,0.89,5530,1631,2477,654,141,3
Completed,0.9,2252,4858,398,950,239,10
Completed,0.9,4874,1006,4046,61,125,2
Completed,0.93,1087,136,765,441,93,2
Completed,0.9,4474,4009,4930,552,211,9
Completed,0.87,11412,3384,1515,144,38,7
Completed,0.81,1787,2011,2946,847,169,5
Completed,0.91,607,2444,29,223,199,6
Completed,0.88,8486,3571,4262,769,66,4
Completed,0.89,6516,4196,2106,426,173,3
Completed,0.92,3024,569,3449,566,58,10
Completed,0.9,4671,793,1731,935,26,9
Completed,0.88,7565,4441,2576,76,145,1
Completed,0.91,2470,2566,982,733,98,5
Completed,0.91,3902,1418,4561,280,228,8
Completed,0.92,4247,2686,4445,211,162,10
Completed,0.88,7258,4561,1611,618,84,6
Completed,0.91,2382,678,2680,383,219,4
Completed,0.92,1470,454,1899,120,247,5
Completed,0.89,7982,4316,3643,884,116,7
Completed,0.89,4328,3691,227,292,133,8
Completed,0.88,11100,2329,4080,712,15,1
Completed,0.92,1196,2126,1395,338,105,10
Completed,0.91,3522,3264,3050,666,220,3
Completed,0.86,14126,3890,894,9,19,4
Completed,0.92,3796,251,4815,994,153,6
Completed,0.91,2753,1121,597,508,181,7
Completed,0.87,12416,4738,3864,493,51,4
Completed,0.91,2835,2864,2270,835,192,1
Completed,0.88,9654,1746,3427,165,73,9
Completed,0.9,4581,1778,1548,861,222,6
Completed,0.9,5590,2829,2891,128,103,3
Completed,0.89,6818,4704,741,532,151,2
Completed,0.89,8084,1153,4974,456,20,10
Completed,0.92,1320,285,444,47,49,9
Completed,0.89,6096,3853,4022,969,182,1
Completed,0.89,7438,3229,2423,374,75,5
Completed,0.92,2376,2160,3268,641,190,7
Completed,0.92,919,2293,956,266,163,4
Completed,0.88,10420,3724,4604,749,45,6
Completed,0.9,4215,4350,1765,95,217,9
Completed,0.91,3174,418,2522,921,87,2
Completed,0.9,3556,643,2054,580,115,1
Completed,0.9,5524,4593,3484,408,249,9
Completed,0.89,7172,2718,73,753,17,8
Completed,0.9,5263,1268,4238,236,131,5
Completed,0.89,6325,1461,183,699,67,10
Completed,0.92,2868,2520,4103,308,197,2
Completed,0.87,8552,4395,1953,903,57,4
Completed,0.91,3644,836,3608,106,175,7
Completed,0.91,2037,611,1577,397,143,7
Completed,0.86,13902,4152,2735,599,28,5
Completed,0.91,3678,3527,1135,194,229,1
Completed,0.92,4343,2486,4402,802,95,8
Completed,0.9,4487,3426,3392,819,139,10
Completed,0.89,6206,4051,553,474,123,6
Completed,0.9,2345,92,3888,522,241,4
Completed,0.91,2018,960,920,980,209,5
Completed,0.89,7079,4902,4772,29,94,8
Completed,0.91,2826,3026,1361,683,172,9
Completed,0.86,13367,1585,3104,325,37,1
Completed,0.89,5986,1670,635,67,101,7
Completed,0.91,3779,3100,4907,924,231,5
Completed,0.9,4170,1045,2844,722,149,8
Completed,0.82,1678,19,2375,779,177,10
Completed,0.86,13771,3970,3181,232,63,2
Completed,0.9,3594,3345,376,577,203,3
Completed,0.88,10138,1894,3916,435,69,6
Completed,0.9,4486,2405,1871,560,36,5
Completed,0.89,5464,3454,2589,452,165,8
Completed,0.88,9550,4079,1043,856,88,9
Completed,0.92,4173,530,4652,155,207,1
Completed,0.91,1932,910,121,347,235,3
Completed,0.89,8784,4480,4325,645,120,9
Completed,0.92,2566,2605,2121,51,137,6
Completed,0.91,3328,1342,2000,494,196,8
Completed,0.89,9257,2803,3695,510,77,1
Completed,0.89,5352,4678,250,166,185,5
Completed,0.9,6981,717,4210,838,54,7
Completed,0.91,2853,337,1242,664,22,7
Completed,0.89,11065,4277,4469,337,156,3
Completed,0.88,6814,3652,1664,991,109,2
Completed,0.91,552,2087,505,883,129,1
Completed,0.9,5043,3147,3801,117,10,9
Completed,0.9,3945,3772,2255,712,243,8
Completed,0.93,3175,212,3286,289,113,4
Completed,0.88,8789,1238,1255,213,81,4
Completed,0.9,6346,4777,3037,790,215,6
Completed,0.9,3935,2903,833,386,42,10
Completed,0.89,6101,1863,4724,619,157,3
Completed,0.88,5830,1856,2072,191,54,10
Completed,0.91,6310,2914,3464,801,188,2
Completed,0.88,6589,4790,14,394,78,3
Completed,0.91,4756,1230,4297,598,192,6
Completed,0.91,761,224,1016,903,226,7
Completed,0.89,8014,3765,4546,108,108,5
Completed,0.89,5158,3140,1746,701,154,1
Completed,0.93,1645,2099,2542,312,24,8
Completed,0.92,804,2200,423,686,112,2
Completed,0.91,4331,3659,4041,326,246,9
Completed,0.86,12601,4285,2481,982,12,6
Completed,0.93,3233,325,3209,29,127,4
Completed,0.87,1381,357,2144,959,189,138
Completed,0.72,2018,2294,4090,348,132,131
Completed,0.85,1791,425,3335,573,145,117
Completed,0.84,920,126,1661,509,195,107
Completed,0.83,2643,2312,4793,570,213,179
Completed,0.73,118,2066,16,63,168,35
Completed,0.87,2926,3934,4721,283,111,109
Completed,0.87,11767,4091,3815,696,80,1
Completed,0.86,647,2225,980,962,137,75
Completed,0.86,1412,983,1925,843,141,125
Completed,0.87,599,1121,741,464,79,74
Completed,0.6,1148,14,2073,85,66,63
Completed,0.87,1366,3010,2394,702,124,115
Completed,0.84,1718,894,2951,290,248,230
Completed,0.84,2223,66,3831,593,166,77
Completed,0.83,1202,3742,2165,801,231,227
Completed,0.87,10678,1698,2191,971,36,5
Completed,0.86,981,2122,1724,547,224,60
Completed,0.86,1741,16,3203,532,97,1
Completed,0.87,450,2023,612,165,37,10
Completed,0.87,2207,1621,4073,561,182,174
Completed,0.85,2410,2620,4547,241,195,169
Completed,0.87,9947,4802,4504,685,51,6
Completed,0.85,2479,2220,4922,394,168,113
Completed,0.86,1441,2563,2382,173,166,139
Completed,0.83,1632,357,3205,406,220,176
Completed,0.83,173,689,54,155,196,127
Completed,0.73,1271,53,2493,741,231,152
Completed,0.87,1983,3303,3938,359,236,221
Completed,0.86,2227,2081,4632,329,208,46
Completed,0.83,1882,103,3612,853,181,96
Completed,0.85,1053,2502,1833,886,241,188
Completed,0.85,235,2436,187,105,90,83
Completed,0.85,487,1742,583,399,202,194
Completed,0.87,9557,996,653,57,28,1
Completed,0.83,1591,751,2883,196,167,157
Completed,0.74,1458,2017,2919,382,142,73
Completed,0.73,965,2360,1895,997,222,217
Completed,0.86,838,4891,1303,626,250,243
Completed,0.87,467,3468,532,447,82,79
Completed,0.85,507,2913,635,260,141,124
Completed,0.84,1503,2140,2779,578,246,81
Completed,0.86,1061,3539,1714,743,241,228
Completed,0.87,1159,2230,1956,535,127,72
Completed,0.84,1858,2280,3567,934,248,147
Completed,0.82,1280,183,2360,309,192,114
Completed,0.86,1118,367,1929,824,176,127
Completed,0.86,860,3228,1376,528,168,159
Completed,0.83,1801,2172,3378,449,136,97
Completed,0.82,1423,3034,2697,979,232,225
Completed,0.69,314,2211,455,949,180,174
Completed,0.87,1234,2902,2218,849,197,180
Completed,0.83,291,348,350,660,131,119
Completed,0.91,2666,1796,2546,526,208,35
Completed,0.9,3998,867,4483,945,156,4
Completed,0.81,1677,2978,3260,539,242,235
Completed,0.92,1185,574,1326,694,181,49
Completed,0.92,3047,3574,4802,343,159,72
Completed,0.91,466,1012,331,438,232,148
Completed,0.91,1797,1237,2832,663,125,87
Completed,0.91,2876,1465,1755,362,212,11
Completed,0.91,2692,2384,4990,113,250,56
Completed,0.91,1999,4095,1435,980,224,63
Completed,0.91,3457,3241,2508,62,67,19
Completed,0.88,1840,1652,3366,759,167,155
Completed,0.9,1017,2823,1554,666,217,166
Completed,0.92,604,717,236,822,177,69
Completed,0.88,2112,689,3973,711,227,187
Completed,0.92,2043,2951,2676,804,140,81
Completed,0.91,977,3243,906,553,167,95
Completed,0.92,1956,267,2975,420,176,24
Completed,0.88,1465,2669,2450,329,247,194
Completed,0.91,1922,1186,1230,171,146,42
Completed,0.92,1144,4694,1023,377,197,90
Completed,0.91,4254,2580,4951,585,110,9
Completed,0.91,1331,3538,1794,834,72,59
Completed,0.92,2427,3777,2871,129,234,104
Completed,0.9,2841,601,4646,202,83,67
Completed,0.88,569,2090,722,776,239,17
Completed,0.91,1311,4251,823,572,121,70
Completed,0.91,3366,3395,4435,407,217,20
Completed,0.92,1542,3064,1361,155,245,38
Completed,0.91,855,4538,132,601,229,52
Completed,0.91,1337,3380,2055,175,104,83
Completed,0.9,5567,4244,3128,850,202,6
Completed,0.89,2460,130,4360,792,113,44
Completed,0.91,1291,3884,1671,279,185,144
Completed,0.82,350,2245,431,248,209,124
Completed,0.92,2557,1327,3452,499,238,75
Completed,0.91,2988,1087,2376,541,85,30
Completed,0.92,2318,2795,3635,206,172,60
Completed,0.9,3154,3713,562,456,135,15
Completed,0.91,2488,3155,4554,918,245,153
Completed,0.91,2048,1914,1946,404,53,37
Completed,0.92,1620,4113,2135,204,183,112
Completed,0.56,505,2005,915,296,207,156
Completed,0.9,1926,2967,54,528,59,18
Completed,0.92,2979,4445,3983,451,155,64
Completed,0.92,1515,1566,1544,427,164,86
Completed,0.92,2664,1898,4564,174,126,100
Completed,0.92,2108,4163,3325,331,228,135
Completed,0.91,3312,3957,1869,791,153,29
Completed,0.69,362,2476,551,697,237,236
Completed,0.89,1998,1558,3644,948,209,191
Completed,0.91,3609,4913,4865,544,185,47
Completed,0.92,2700,1084,4759,755,221,93
Completed,0.88,4997,1314,1144,208,70,12
Completed,0.88,1644,2232,3051,455,97,62
Completed,0.92,556,3482,442,975,173,126
Completed,0.88,8379,3558,2499,111,24,10
Completed,0.92,2578,3797,3570,914,174,89
Completed,0.9,4197,1734,3251,310,139,18
Completed,0.92,2466,927,3775,224,189,49
Completed,0.9,365,1780,165,802,102,98
Completed,0.91,2248,595,2029,471,227,4
Completed,0.91,1739,3780,484,423,91,41
Completed,0.93,2473,3551,4101,619,247,121
Completed,0.92,1477,2594,2331,871,215,72
Completed,0.9,4539,4698,3719,170,122,27
Completed,0.81,657,957,1032,651,175,163
Completed,0.9,879,4923,1221,927,235,208
Completed,0.92,2668,1411,2459,584,132,55
Completed,0.92,2486,2367,4283,836,158,11
Completed,0.92,2799,4784,4201,808,193,144
Completed,0.93,2504,2738,3089,989,236,16
Completed,0.92,1603,3695,1105,742,210,61
Completed,0.92,1856,440,2784,360,201,68
Completed,0.9,4302,1930,1400,681,105,24
Completed,0.91,3927,1637,4395,933,77,37
Completed,0.89,2772,626,4676,488,182,138
Completed,0.91,2687,4384,1991,942,118,50
Completed,0.92,629,3228,203,267,242,81
Completed,0.91,2086,286,3681,634,231,42
Completed,0.93,2553,1481,4139,92,107,73
Completed,0.91,1667,1243,524,886,200,25
Completed,0.91,1020,4754,321,661,148,103
Completed,0.92,1441,1394,1641,819,250,131
Completed,0.93,1081,2424,1453,764,203,43
Completed,0.91,3329,1506,4625,516,228,25
Completed,0.92,2135,1053,3242,688,216,130
Completed,0.9,2624,2538,4501,784,178,103
Completed,0.92,1254,3456,1266,535,144,89
Completed,0.88,7693,3841,2694,491,54,9
Completed,0.57,105,95,66,941,246,179
Completed,0.92,3269,533,4820,434,136,34
Completed,0.92,1944,827,1571,183,171,16
Completed,0.9,3641,4600,674,317,180,7
Completed,0.77,1880,2155,3902,409,245,212
Completed,0.91,2555,4268,2581,64,142,52
Completed,0.92,1534,3866,2221,558,222,157
Completed,0.92,1727,1267,2902,715,169,124
Completed,0.92,2179,3300,2231,444,177,52
Completed,0.91,1732,3582,2652,934,190,158
Completed,0.9,627,2625,647,688,226,145
Completed,0.9,3608,4975,2035,612,207,14
Completed,0.9,2215,2713,3145,414,116,91
Completed,0.92,3569,4056,4034,863,240,59
Completed,0.93,2208,318,3471,811,73,22
Completed,0.91,2078,1954,2355,230,233,68
Completed,0.92,2627,1662,4339,479,198,117
Completed,0.92,868,650,451,562,109,36
Completed,0.92,1743,4506,1774,398,239,96
Completed,0.92,1899,2871,2889,565,84,51
Completed,0.89,5765,3204,1041,816,114,1
Completed,0.91,3392,4214,4931,148,208,82
Completed,0.92,1345,3274,1801,209,198,134
Completed,0.88,537,384,619,303,160,99
Completed,0.91,3099,3595,3314,670,180,29
Completed,0.91,754,2677,294,921,157,46
Completed,0.89,1087,1196,1497,579,241,190
Completed,0.91,4171,971,3995,335,100,14
Completed,0.93,427,1368,111,627,190,94
Completed,0.88,2011,2285,3185,878,225,107
Completed,0.9,2700,3766,4387,598,138,127
Completed,0.91,2078,4363,411,27,250,22
Completed,0.92,2508,3342,4301,951,89,70
Completed,0.91,3721,4656,3509,276,213,39
Completed,0.91,4367,3007,4152,195,145,8
Completed,0.92,994,3893,779,998,219,120
Completed,0.91,3297,3498,4664,42,119,40
Completed,0.82,1092,2256,1963,529,179,147
Completed,0.92,1424,2540,1415,292,94,27
Completed,0.92,2101,4810,2525,749,243,71
Completed,0.92,2043,1148,2733,955,163,57
Completed,0.93,815,230,885,706,128,12
Completed,0.88,2185,394,4236,169,235,156
Completed,0.91,2591,4147,1611,655,62,34
Completed,0.92,1758,3128,3033,324,150,113
Completed,0.92,1154,2835,1209,73,187,64
Completed,0.9,4789,4480,4782,905,27,20
Completed,0.88,1410,727,2471,416,211,169
Completed,0.89,2675,2941,4895,462,233,182
Completed,0.92,1444,3133,1613,751,182,76
Completed,0.92,1995,4145,3042,212,31,30
Completed,0.88,329,398,334,721,205,157
Completed,0.9,2338,231,4466,150,160,52
Completed,0.91,3860,1148,1294,403,131,7
Completed,0.91,1336,4810,1418,177,212,118
Completed,0.92,1899,2548,2535,848,126,37
Completed,0.91,454,1291,216,335,175,152
Completed,0.91,2621,3505,765,595,87,23
Completed,0.91,3145,3892,4653,430,250,69
Completed,0.9,5217,1829,4973,794,192,15
Completed,0.89,720,817,1088,246,100,92
Completed,0.91,1575,1834,1081,351,222,48
Completed,0.93,1637,2127,2851,100,193,3
Completed,0.89,1049,482,1734,925,99,79
Completed,0.91,3531,4359,4313,579,218,42
Completed,0.89,1243,2276,2088,447,194,81
Completed,0.92,2371,1358,3995,200,222,95
Completed,0.91,655,973,105,778,70,50
Completed,0.92,2615,2686,3884,474,188,17
Completed,0.91,2583,3604,1884,227,150,35
Completed,0.76,441,241,702,258,237,203
Completed,0.89,2161,388,4190,875,129,90
Completed,0.91,1698,3280,2928,656,230,180
Completed,0.9,758,2948,1002,905,201,131
Completed,0.92,1349,682,2205,622,161,104
Completed,0.9,1974,729,3588,972,242,144
Completed,0.91,1851,4476,1194,458,57,44
Completed,0.9,2487,2840,4770,504,156,124
Completed,0.91,2615,4068,4743,814,165,148
Completed,0.92,1499,318,2353,368,104,41
Completed,0.89,3680,4060,144,307,209,4
Completed,0.92,2558,3665,4033,735,113,80
Completed,0.92,2796,4977,3164,60,237,49
Completed,0.92,2273,980,3347,271,172,63
Completed,0.92,2062,2332,3846,939,47,32
Completed,0.92,1267,3577,1532,491,221,155
Completed,0.82,2648,561,4852,609,245,226
Completed,0.91,4760,3292,3672,891,145,11
Completed,0.92,904,2999,574,638,177,56
Completed,0.8,1205,894,1852,857,217,208
Completed,0.91,2938,4652,2392,832,244,24
Completed,0.91,2167,3016,3504,131,94,73
Completed,0.79,368,3349,430,383,119,118
Completed,0.8,1937,91,3956,385,215,134
Completed,0.92,1802,3449,2679,103,175,100
Completed,0.91,704,2531,933,357,147,86
Completed,0.92,1578,1513,725,69,196,38
Completed,0.93,1645,2430,2573,321,235,21
Completed,0.77,787,159,1458,642,72,69
Completed,0.92,1126,4215,1050,719,239,106
Completed,0.92,2936,3194,4934,260,83,62
Completed,0.92,1509,1953,2308,811,155,126
Completed,0.91,2604,2862,1762,13,115,13
Completed,0.92,2184,4508,2874,966,207,93
Completed,0.92,2811,650,4353,115,77,28
Completed,0.92,919,1669,468,911,229,72
Completed,0.92,2139,1963,3464,658,202,121
Completed,0.9,2937,1928,2783,238,74,40
Completed,0.89,922,450,1394,787,233,120
Completed,0.9,812,3928,1104,854,81,80
Completed,0.9,4656,3699,4714,186,242,3
Completed,0.92,1464,2742,1718,437,205,48
Completed,0.92,1856,4846,3103,604,117,97
Completed,0.91,3212,1034,2900,819,44,19
Completed,0.92,744,4778,601,361,225,170
Completed,0.91,1682,1263,1824,143,139,65
Completed,0.89,3971,4259,1523,511,173,12
Completed,0.91,1891,1860,3297,728,249,209
Completed,0.91,3382,4591,4597,760,149,56
Completed,0.92,2179,824,3002,739,140,47
Completed,0.9,2245,3087,4262,769,227,191
Completed,0.92,1259,532,1232,986,166,29
Completed,0.89,2020,2066,3928,615,136,28
Completed,0.92,1790,3792,2482,483,143,99
Completed,0.9,2025,3562,3560,558,54,53
Completed,0.9,1712,1391,3012,267,219,183
Completed,0.89,5464,2643,325,807,19,5
Completed,0.92,2839,4749,4252,234,179,85
Completed,0.92,2873,1249,4123,440,230,39
Completed,0.88,2033,2396,3684,771,106,71
Completed,0.93,1464,291,2300,191,201,21
Completed,0.88,1368,341,2504,684,187,127
Completed,0.91,1498,4083,208,139,111,62
Completed,0.92,2293,3228,3823,839,211,108
Completed,0.93,1356,2897,1975,588,235,94
Completed,0.89,5767,4377,3365,390,86,13
Completed,0.93,2566,781,4414,538,198,71
Completed,0.91,2467,1635,798,487,108,26
Completed,0.88,235,4452,44,882,185,125
Completed,0.92,1133,1716,1282,602,208,145
Completed,0.65,2204,2010,4512,848,238,158
Completed,0.91,2155,3255,2143,332,62,32
Completed,0.92,2461,4120,3216,632,152,76
Completed,0.88,987,4014,1584,248,228,213
Completed,0.9,489,2370,363,280,128,53
Completed,0.9,3903,1412,3520,32,163,8
Completed,0.91,3020,4707,2338,726,92,36
Completed,0.91,2029,2592,3723,300,246,116
Completed,0.9,4101,3789,4084,975,121,23
Completed,0.63,923,30,1791,457,178,165
Completed,0.92,1961,588,3403,917,195,60
Completed,0.92,1024,920,168,667,220,15
Completed,0.79,613,4621,862,649,193,190
Completed,0.91,2588,1733,2183,866,171,46
Completed,0.91,2135,4243,2067,297,234,57
Completed,0.91,422,3057,123,996,109,88
Completed,0.91,4254,4536,4052,45,197,12
Completed,0.91,1633,4549,1355,253,124,74
Completed,0.92,2241,3060,2744,711,215,26
Completed,0.91,1352,3393,838,959,248,43
Completed,0.91,2030,2232,1680,902,65,2
Completed,0.91,3202,1314,4754,651,101,51
Completed,0.92,1051,1075,1142,328,190,95
Completed,0.91,2935,4922,955,97,153,17
Completed,0.91,3333,3964,2940,348,184,35
Completed,0.9,1221,4168,1952,777,198,179
Completed,0.92,1092,1901,634,746,158,88
Completed,0.92,1742,1570,2634,994,133,102
Completed,0.91,2349,4461,3854,525,233,130
Completed,0.88,5911,4107,911,915,46,14
Completed,0.92,2538,3252,4523,126,135,93
Completed,0.92,1010,2959,1273,373,171,107
Completed,0.89,2147,719,3863,254,146,120
Completed,0.9,1607,2832,2625,223,249,147
Completed,0.91,972,1573,253,708,52,40
Completed,0.91,596,3164,645,471,214,161
Completed,0.92,3107,3720,4169,899,165,48
Completed,0.91,3049,2802,2262,653,141,3
Completed,0.92,2728,1091,3444,98,116,33
Completed,0.91,1010,4837,1152,584,183,156
Completed,0.92,1628,1320,2371,927,206,113
Completed,0.89,2247,2239,4371,680,240,64
Completed,0.91,484,135,448,345,82,20
Completed,0.92,1783,2647,3021,521,162,68
Completed,0.9,920,3565,1173,774,128,116
Completed,0.91,2807,3805,4789,190,38,36
Completed,0.92,2147,570,2697,142,151,14
Completed,0.92,893,862,873,388,187,59
Completed,0.9,1480,933,2553,880,83,77
Completed,0.91,2366,1789,1475,83,238,29
Completed,0.92,1652,3773,1781,696,203,85
Completed,0.88,6230,3543,2852,282,104,5
Completed,0.92,3061,4692,4953,949,228,98
Completed,0.92,3538,1188,4828,723,178,22
Completed,0.91,507,3631,354,507,246,199
Completed,0.92,1062,271,1593,977,144,39
Completed,0.92,748,1021,592,606,157,82
Completed,0.9,1883,4859,409,818,191,34
Completed,0.9,3686,3941,3482,571,225,16
Completed,0.92,2171,434,4012,510,88,58
Completed,0.92,402,1922,84,469,249,103
Completed,0.92,2190,1629,3182,217,213,89
Completed,0.91,2608,766,2105,762,125,8
Completed,0.91,1191,4392,743,161,223,76
Completed,0.92,3166,2903,4672,865,69,31
Completed,0.91,1853,3234,1437,618,98,45
Completed,0.92,1842,4099,2513,408,193,125
Completed,0.88,2542,278,4991,485,118,84
Completed,0.93,977,2393,1068,556,219,7
Completed,0.92,2213,1475,2814,809,243,53
Completed,0.89,2288,1010,4243,990,200,165
Completed,0.92,2151,175,3763,936,247,7
Completed,0.91,2047,1519,3422,354,123,100
Completed,0.92,1647,1133,1993,686,215,52
Completed,0.92,1924,4786,2123,892,132,68
Completed,0.92,2097,2525,3233,70,34,24
Completed,0.88,668,1275,923,611,234,166
Completed,0.78,1420,2193,2688,864,197,152
Completed,0.92,2369,3830,3946,644,159,117
Completed,0.92,1486,2182,2423,261,183,16
Completed,0.91,1814,4583,2993,478,239,205
Completed,0.92,2478,3118,3287,489,130,43
Completed,0.91,1874,3411,291,236,161,25
Completed,0.92,2746,3458,4911,635,206,139
Completed,0.88,9866,1260,4208,435,56,2
Completed,0.82,1515,78,2652,308,61,50
Completed,0.91,631,3819,264,763,237,137
Completed,0.91,962,2338,1541,732,153,95
Completed,0.92,2832,1382,4537,983,184,81
Completed,0.91,1952,4737,3357,516,209,186
Completed,0.92,2819,2701,4432,690,221,35
Completed,0.91,2785,3659,1334,940,194,18
Completed,0.92,2008,3221,3474,434,177,131
Completed,0.91,2277,1966,1161,888,120,59
Completed,0.89,5246,1673,3083,640,93,10
Completed,0.92,1156,663,1659,338,246,90
Completed,0.91,2325,4495,492,736,102,31
Completed,0.92,2665,2859,4064,289,189,75
Completed,0.91,3181,4202,3741,987,64,44
Completed,0.93,869,1686,1012,133,180,121
Completed,0.93,1315,372,1803,582,55,27
Completed,0.91,2014,4002,692,530,137,49
Completed,0.88,5977,4959,2613,781,170,4
Completed,0.92,1693,960,2802,549,236,113
Completed,0.91,2517,1354,1373,476,85,32
Completed,0.93,2663,2273,4393,226,112,18
Completed,0.9,1243,3520,2077,707,188,169
Completed,0.64,478,3,817,800,210,64
Completed,0.92,2251,3355,3121,168,202,56
Completed,0.92,1645,3022,1122,417,229,10
Completed,0.91,2688,4631,1842,117,164,42
Completed,0.9,4787,4299,4862,366,127,25
Completed,0.91,1796,1823,2279,503,118,78
Completed,0.92,610,469,531,210,243,47
Completed,0.88,7183,3905,1954,153,75,6
Completed,0.92,2187,3509,3382,826,232,86
Completed,0.9,348,2552,225,578,199,100
Completed,0.91,3094,4823,3803,401,107,55
Completed,0.89,1002,1067,1409,922,159,135
Completed,0.9,1692,1531,23,846,148,20
Completed,0.92,2067,2488,3273,597,174,38
Completed,0.88,2418,3974,4455,879,212,198
Completed,0.91,1134,4160,343,496,167,93
Completed,0.9,4675,3139,4233,545,15,12
Completed,0.92,2773,1598,4780,275,224,126
Completed,0.91,2397,4492,3578,245,140,107
Completed,0.91,1596,4423,2194,352,218,149
Completed,0.91,2578,4547,4652,885,179,154
Completed,0.9,3499,1204,1609,276,70,20
Completed,0.92,963,1756,478,815,208,98
Completed,0.93,1152,2985,1367,796,112,74
Completed,0.9,4479,3921,3007,120,200,10
Completed,0.91,1242,4934,310,367,223,59
Completed,0.91,2512,3413,1520,136,128,29
Completed,0.92,2907,3026,4297,383,167,44
Completed,0.91,851,2788,1134,870,243,137
Completed,0.91,1067,235,1766,687,178,69
Completed,0.91,2243,1244,3991,924,155,114
Completed,0.9,1933,3651,3364,617,204,183
Completed,0.91,4023,4407,3890,657,234,18
Completed,0.91,2758,4176,1585,891,195,32
Completed,0.92,2518,802,3703,461,204,29
Completed,0.88,8089,3717,4389,320,118,2
Completed,0.92,1339,946,1091,813,181,38
Completed,0.88,1740,83,3163,549,142,24
Completed,0.77,1878,2530,3781,992,217,213
Completed,0.81,704,320,1252,204,190,173
Completed,0.92,2399,708,4183,439,229,127
Completed,0.89,5726,4715,2077,829,28,14
Completed,0.91,2350,2241,4233,766,44,31
Completed,0.92,1331,3280,1969,407,215,142
Completed,0.9,1610,449,2864,337,187,110
Completed,0.91,1368,2655,373,610,158,7
Completed,0.67,1168,53,2254,915,232,197
Completed,0.92,2531,3511,2603,845,135,55
Completed,0.91,1407,3861,1265,863,150,103
Completed,0.91,606,1268,639,678,210,164
Completed,0.88,7348,1655,3777,75,133,1
Completed,0.91,2644,1894,1708,318,172,49
Completed,0.92,1699,3728,1799,106,217,83
Completed,0.89,5122,4665,2502,811,95,21
Completed,0.91,1858,4270,435,551,72,37
Completed,0.92,2197,2706,3948,351,240,100
Completed,0.91,1931,1476,2962,261,87,76
Completed,0.92,1431,539,1480,592,230,13
Completed,0.92,2712,933,4328,831,191,60
Completed,0.93,2243,2486,3696,292,209,42
Completed,0.92,1602,1467,841,39,248,28
Completed,0.92,1585,2698,2315,74,95,51
Completed,0.92,2197,4259,3333,781,222,112
Completed,0.91,1763,4656,1186,518,199,66
Completed,0.89,698,3913,729,334,101,91
Completed,0.92,3423,2974,4870,503,215,29
Completed,0.91,2868,1744,3220,608,120,52
Completed,0.92,1603,3600,2785,488,159,137
Completed,0.92,962,2132,994,847,81,5
Completed,0.91,4082,4439,4483,279,156,32
Completed,0.9,3674,4208,2260,22,179,17
Completed,0.9,486,1605,388,457,246,219
Completed,0.92,2726,1377,4730,794,166,118
Completed,0.92,1728,3813,2857,731,224,178
Completed,0.91,3696,668,3595,365,60,9
Completed,0.91,403,4832,87,974,200,133
Completed,0.92,2807,4726,4199,622,173,87
Completed,0.9,2650,2189,4885,138,90,46
Completed,0.91,652,626,744,966,226,109
Completed,0.9,1937,398,3443,708,203,93
Completed,0.91,2635,1334,2112,381,113,31
Completed,0.92,842,2604,970,481,205,54
Completed,0.91,3606,3460,3274,224,244,7
Completed,0.91,2095,1236,2207,654,55,34
Completed,0.92,2482,224,4508,894,32,19
Completed,0.91,1386,4341,1772,254,235,153
Completed,0.91,1471,1787,1150,194,159,81
Completed,0.92,2892,3954,3658,998,186,59
Completed,0.9,3367,4965,888,738,147,11
Completed,0.81,903,2411,1507,803,212,192
Completed,0.92,1954,3361,2176,764,239,44
Completed,0.91,3772,3312,4038,873,182,11
Completed,0.93,2010,2459,3118,671,162,27
Completed,0.89,2669,4857,5000,855,228,209
Completed,0.91,1305,1440,189,910,138,42
Completed,0.92,2649,1835,4539,343,218,139
Completed,0.89,5124,2671,1644,951,46,3
Completed,0.91,2699,4232,2661,152,145,66
Completed,0.92,1002,4629,587,397,184,113
Completed,0.92,2474,1931,3934,981,115,85
Completed,0.92,1107,993,420,184,198,23
Completed,0.88,1432,129,2565,427,221,38
Completed,0.9,295,2960,56,639,249,78
Completed,0.89,6263,3899,4352,466,67,15
Completed,0.91,1893,4761,1426,209,106,62
Completed,0.92,1895,3200,2909,879,210,124
Completed,0.92,2874,3755,4397,754,206,78
Completed,0.92,1658,4774,2328,513,245,125
Completed,0.89,2039,3213,3344,341,71,62
Completed,0.91,2131,2339,3863,583,199,109
Completed,0.92,836,775,506,256,117,46
Completed,0.91,820,3881,1008,652,171,143
Completed,0.92,1315,1327,1640,841,222,93
Completed,0.91,2904,4120,4110,99,247,54
Completed,0.9,4312,4505,1336,356,209,8
Completed,0.91,2373,3569,2974,560,104,70
Completed,0.88,723,3708,924,379,231,169
Completed,0.88,2581,250,4240,323,140,82
Completed,0.89,4268,1814,99,529,51,19
Completed,0.92,1731,3084,1730,613,143,58
Completed,0.88,2198,875,3415,683,239,194
Completed,0.91,3127,2757,4804,936,99,37
Completed,0.91,3510,1488,3291,956,195,14
Completed,0.9,1400,552,2274,132,122,75
Completed,0.91,868,2354,1217,717,234,60
Completed,0.92,2170,828,2429,784,134,27
Completed,0.92,2796,588,4578,546,158,43
Completed,0.92,1670,2795,2109,272,188,66
Completed,0.77,229,202,226,207,238,137
Completed,0.88,1795,1212,3079,468,214,186
Completed,0.91,4411,1982,4819,302,225,23
Completed,0.81,593,1043,834,598,88,86
Completed,0.65,1773,24,3684,856,111,101
Completed,0.91,2183,1585,1885,59,201,39
Completed,0.91,1581,1358,2529,692,157,126
Completed,0.91,2503,2816,1192,84,109,16
Completed,0.92,2110,2517,2823,403,152,17
Completed,0.93,1706,735,2654,919,170,71
Completed,0.91,2691,3142,4527,606,220,131
Completed,0.92,2132,2296,1793,247,17,9
Completed,0.91,1094,3248,1040,988,154,88
Completed,0.9,4521,4812,4554,162,34,25
Completed,0.89,1112,685,1667,553,206,149
Completed,0.88,2034,457,3817,809,245,163
Completed,0.92,1864,2854,3185,747,177,103
Completed,0.89,518,59,676,443,168,2
Completed,0.92,2436,1081,3529,200,129,48
Completed,0.9,4020,3623,1949,675,75,21
Completed,0.92,2762,4559,3748,475,236,84
Completed,0.92,1201,4321,819,230,213,99
Completed,0.86,14236,4521,1236,100,45,1
Completed,0.87,14256,3802,4950,52,23,3
Completed,0.87,1626,15,3016,347,41,8
Completed,0.87,13012,4370,4348,869,39,3
Completed,0.86,13791,4393,1694,726,19,5
Completed,0.87,530,46,617,781,160,9
Completed,0.9,4728,3204,4132,617,135,4
Completed,0.92,2910,2454,3441,83,129,6
Completed,0.91,2968,4916,2748,628,219,45
Completed,0.91,2100,4063,520,889,243,28
Completed,0.92,2039,1854,3028,179,227,115
Completed,0.9,991,292,1389,972,85,52
Completed,0.9,4742,1146,4086,733,123,6
Completed,0.81,238,2085,259,434,188,68
Completed,0.91,1463,3526,124,146,175,33
Completed,0.8,1081,972,1996,332,250,235
Completed,0.87,14208,4730,2734,702,13,8
Completed,0.83,2161,28,4244,499,213,6
Completed,0.87,8454,4308,474,401,92,2
Completed,0.87,9232,1937,1285,161,29,9
Completed,0.87,11092,3962,4429,551,80,2
Completed,0.87,12492,3330,4997,269,32,1
Completed,0.87,14010,4070,629,32,10,6
Completed,0.87,8721,1794,792,92,64,2
Completed,0.87,9255,3094,3418,106,24,5
Completed,0.87,9963,1278,4572,612,26,6
Completed,0.87,10562,4129,2149,280,37,5
Completed,0.87,12748,4711,3863,953,33,3
Completed,0.87,9943,4891,564,790,30,5
Completed,0.87,10382,3852,2910,680,42,4
Completed,0.86,10564,1879,313,409,48,2
Completed,0.84,2520,2022,4660,189,88,10
Completed,0.87,11753,1209,3369,197,42,1
Completed,0.87,10373,4997,3974,406,21,7
Completed,0.87,10159,4582,2494,804,53,4
Completed,0.87,10365,1553,4466,33,44,3
Completed,0.86,11463,1614,3892,858,29,3
Completed,0.87,12414,3924,4148,474,49,1
Completed,0.86,562,2043,859,485,199,8
Completed,0.87,8964,4346,911,578,60,3
Completed,0.86,12104,1344,1207,196,19,5
Completed,0.83,1673,2003,2939,522,22,2
Completed,0.87,8449,4014,75,831,56,10
Completed,0.87,8986,1704,331,466,22,7
Completed,0.86,12001,1756,594,885,34,1
Completed,0.87,12262,4938,2605,154,57,4
Completed,0.87,12968,3583,4301,594,47,5
Completed,0.87,12686,1515,4112,992,77,1
Completed,0.87,9622,4656,1135,343,65,3
Completed,0.87,9069,4193,1629,408,29,7
Completed,0.87,9673,3986,2849,888,68,2
Completed,0.87,9628,4570,4287,64,40,6
Completed,0.86,12337,858,3680,354,23,1
Completed,0.84,1779,2013,3582,845,129,7
Completed,0.87,9184,1067,2294,48,25,4
Completed,0.87,9238,3377,1998,663,58,1
Completed,0.87,10426,4563,969,552,27,7
Completed,0.87,11390,4749,4749,25,65,1
Completed,0.87,8729,1595,2685,610,49,8
Completed,0.87,10079,1917,1116,617,81,2
Completed,0.86,13206,3274,3738,565,9,4
Completed,0.85,14295,3473,1361,481,12,4
Completed,0.87,8631,4483,194,925,76,2
Completed,0.87,10578,3643,3061,263,55,2
Completed,0.87,11925,2917,3067,632,28,1
Completed,0.87,12906,4675,1309,887,15,6
Completed,0.86,1959,2050,3772,974,246,10
Completed,0.86,10983,3575,1070,84,31,4
Completed,0.86,214,59,107,35,135,6
Completed,0.87,9412,1621,892,351,46,4
Completed,0.87,11369,4843,3568,611,53,1
Completed,0.87,9579,4173,575,161,49,4
Completed,0.87,10239,4590,2917,311,6,5
Completed,0.87,10231,1055,4096,788,12,6
Completed,0.87,9682,4264,2094,39,73,2
Completed,0.86,11719,3770,3314,511,19,6
Completed,0.87,8300,4429,47,213,23,8
Completed,0.87,9058,1818,1796,472,83,1
Completed,0.87,9632,1400,2996,953,14,7
Completed,0.87,10801,1206,1380,692,29,3
Completed,0.87,9484,1858,2133,553,54,3
Completed,0.87,12754,4514,4177,608,30,2
Completed,0.85,1434,41,2454,743,192,4
Completed,0.87,10767,4884,4809,285,45,4
Completed,0.87,10451,4616,250,635,34,4
Completed,0.87,10832,1431,2965,407,56,1
Completed,0.87,12343,3855,2463,185,25,5
Completed,0.87,10160,1971,1452,948,69,2
Completed,0.86,12959,4026,3263,91,38,2
Completed,0.87,11543,3152,3989,999,20,4
Completed,0.86,13060,1648,3520,706,9,5
Completed,0.86,9709,4449,2394,514,88,1
Completed,0.87,12929,3678,4685,176,36,2
Completed,0.87,8170,3959,163,57,96,1
Completed,0.87,8915,3323,413,775,47,2
Completed,0.87,10055,4803,2509,415,84,2
Completed,0.83,158,2030,88,699,104,9
Completed,0.86,2468,18,4852,138,77,3
Completed,0.9,4210,3460,2469,910,179,6
Completed,0.89,7345,3515,4914,468,61,10
Completed,0.89,5325,1389,1412,888,127,4
Completed,0.93,2213,241,3167,224,123,3
Completed,0.9,3169,4859,347,679,189,8
Completed,0.9,4351,3905,3006,791,240,6
Completed,0.89,6312,997,825,371,73,1
Completed,0.92,2462,2350,3759,520,178,4
Completed,0.9,3888,2747,2261,66,10,8
Completed,0.89,5167,2931,3462,608,80,5
Completed,0.89,2976,1933,57,63,233,10
Completed,0.89,7258,815,4545,836,19,7
Completed,0.89,5645,4324,1786,257,169,2
Completed,0.89,3656,3236,28,614,50,9
Completed,0.9,4217,3354,3690,390,233,2
Completed,0.88,6048,1861,298,966,83,8
Completed,0.92,2777,392,4482,178,173,9
Completed,0.91,3058,847,2135,293,153,8
Completed,0.88,7333,1877,2639,567,103,6
Completed,0.91,2035,2910,1031,19,214,2
Completed,0.91,3853,2780,4811,561,128,7
Completed,0.9,3173,2396,1360,110,63,2
Completed,0.91,3827,975,3434,758,191,5
Completed,0.89,4518,3848,550,335,125,10
Completed,0.88,6902,4889,2896,199,74,9
Completed,0.93,777,288,780,650,242,4
Completed,0.93,3692,139,2403,5,65,5
Completed,0.89,5714,1492,2839,855,185,2
Completed,0.88,7662,3733,3826,88,105,4
Completed,0.9,3786,1484,2192,511,208,10
Completed,0.89,7853,4772,815,798,147,3
Completed,0.88,14199,3965,3157,673,159,1
Completed,0.88,8126,1249,358,249,29,7
Completed,0.93,3217,2279,4846,896,219,8
Completed,0.91,3011,2507,1480,446,93,3
Completed,0.91,934,2150,1144,432,181,5
Completed,0.9,6505,730,4078,705,68,2
Completed,0.91,4311,4096,1936,130,244,7
Completed,0.9,5577,4666,4595,279,201,6
Completed,0.91,2973,509,1737,828,111,1
Completed,0.89,5697,1588,3491,39,138,4
Completed,0.91,709,384,79,459,195,2
Completed,0.88,9988,1737,4655,686,59,5
Completed,0.91,5374,3360,1827,236,133,10
Completed,0.89,6909,3165,4376,772,89,2
Completed,0.91,3334,1698,1638,321,224,6
Completed,0.9,4199,579,3624,547,25,9
Completed,0.88,4699,4557,202,124,163,3
Completed,0.89,6577,4182,2549,472,143,5
Completed,0.9,3506,683,971,923,45,9
Completed,0.88,2136,2066,4297,212,204,8
Completed,0.89,5170,3073,2035,636,108,3
Completed,0.9,3927,2655,3334,164,53,6
Completed,0.92,1009,2248,497,740,135,1
Completed,0.9,5457,1099,4749,404,115,4
Completed,0.9,4635,3998,1270,952,197,9
Completed,0.9,5029,4766,3924,581,248,10
Completed,0.92,1159,179,1532,29,196,3
Completed,0.88,8286,1297,3208,863,52,4
Completed,0.9,3507,3566,467,284,135,10
Completed,0.9,4838,3569,3106,692,218,3
Completed,0.91,3049,1297,877,143,98,8
Completed,0.93,2593,178,3879,994,157,7
Completed,0.91,4433,1060,1537,601,168,8
Completed,0.92,2750,2443,3223,266,87,10
Completed,0.91,1370,2694,452,841,229,4
Completed,0.91,3533,2878,4174,361,175,9
Completed,0.92,1335,2027,2002,784,16,4
Completed,0.91,3294,878,2738,74,238,1
Completed,0.88,7922,4221,1250,525,78,6
Completed,0.88,6619,4518,3591,882,121,7
Completed,0.9,3682,4560,2553,906,237,9
Completed,0.9,2776,579,966,451,79,5
Completed,0.89,5801,1696,4283,663,176,3
Completed,0.88,6961,3169,2049,243,16,8
Completed,0.9,5728,3365,4169,764,205,4
Completed,0.89,6990,1735,2006,345,107,9
Completed,0.92,2700,383,2752,555,142,6
Completed,0.9,2078,875,93,916,162,7
Completed,0.91,2306,2880,1823,644,224,5
Completed,0.92,2838,2693,3121,187,186,8
Completed,0.91,3552,1064,3874,380,247,1
Completed,0.88,8363,3801,2297,960,65,7
Completed,0.89,6877,4957,4956,573,116,7
Completed,0.89,7063,4774,3152,206,190,7
Completed,0.79,290,10,363,626,126,1
Completed,0.9,6238,1481,4861,478,130,4
Completed,0.88,7279,3734,1466,933,62,8
Completed,0.88,9240,3605,3329,715,86,1
Completed,0.91,2458,1493,502,135,230,6
Completed,0.93,2836,140,4764,971,24,9
Completed,0.89,5446,4761,1255,426,168,4
Completed,0.89,5679,3996,3909,44,156,5
Completed,0.89,6283,1104,2418,624,36,10
Completed,0.93,2554,2251,2844,273,219,7
Completed,0.9,4448,2654,670,818,98,2
Completed,0.89,11551,3075,4390,353,58,6
Completed,0.9,1064,2061,1624,808,133,2
Completed,0.91,6546,680,3620,82,122,3
Completed,0.9,3263,4183,207,502,194,8
Completed,0.88,7815,4392,4343,256,70,8
Completed,0.92,1948,395,2140,836,243,3
Completed,0.91,2596,3352,1016,607,182,6
Completed,0.9,5077,3235,2687,398,101,5
Completed,0.91,2421,1592,1140,942,215,10
Completed,0.9,4491,512,4063,170,40,7
Completed,0.88,7606,4666,1951,749,152,2
Completed,0.89,7591,4093,4610,845,171,1
Completed,0.89,5902,731,1722,301,20,6
Completed,0.9,1970,2152,3486,591,234,9
Completed,0.9,4472,3023,33,11,82,4
Completed,0.92,3311,2510,3812,538,11,10
Completed,0.92,1592,2278,2207,118,180,4
Completed,0.88,9466,1247,3021,782,75,3
Completed,0.9,5023,3970,810,327,241,8
Completed,0.88,8252,4854,2992,334,148,1
Completed,0.92,1404,243,840,757,43,7
Completed,0.91,4955,1390,3764,109,210,8
Completed,0.89,5496,3512,2256,560,106,4
Completed,0.9,4463,3461,4816,65,221,2
Completed,0.9,5463,1364,1355,519,91,7
Completed,0.92,2163,284,3419,371,158,10
Completed,0.91,2288,974,765,226,146,9
Completed,0.92,3174,2395,4013,888,103,6
Completed,0.92,2994,2783,2474,469,209,1
Completed,0.91,4528,2906,3675,989,139,8
Completed,0.91,4016,848,4486,697,200,5
Completed,0.89,5847,4367,1689,153,112,9
Completed,0.92,2162,486,1680,704,170,8
Completed,0.88,6775,1633,3744,432,80,6
Completed,0.91,2995,3271,244,980,232,2
Completed,0.89,6773,3311,3476,18,52,10
Completed,0.88,5730,1828,42,566,140,5
Completed,0.92,4676,447,4541,292,113,2
Completed,0.9,3982,4419,1791,868,203,7
Completed,0.9,6034,4325,4132,727,246,6
Completed,0.89,6887,812,1882,179,70,1
Completed,0.89,5644,1929,2696,967,183,4
Completed,0.91,4645,2747,4909,910,94,4
Completed,0.92,1209,2353,1417,487,222,10
Completed,0.89,5756,1001,3181,651,32,8
Completed,0.89,4395,3903,333,200,160,3
Completed,0.89,1374,113,2307,405,155,7
Completed,0.89,6020,1535,3053,741,96,10
Completed,0.91,2706,3641,930,165,216,4
Completed,0.9,4650,3707,4043,445,177,7
Completed,0.88,1544,48,2959,248,240,5
Completed,0.89,5635,4815,717,671,72,10
Completed,0.89,6504,3943,3370,799,123,9
Completed,0.91,2723,1197,612,348,190,4
Completed,0.91,4107,2314,4786,513,62,1
Completed,0.9,2260,2551,1384,89,126,6
Completed,0.91,3121,2972,2585,615,212,2
Completed,0.92,938,2125,1085,40,100,8
Completed,0.92,3315,773,4334,828,150,10
Completed,0.89,5562,902,2524,458,47,9
Completed,0.89,6212,4274,994,882,145,3
Completed,0.89,9254,4485,3648,526,164,5
Completed,0.9,2208,342,179,75,27,9
Completed,0.9,6312,1763,4440,785,226,8
Completed,0.88,8517,3415,1574,362,90,3
Completed,0.9,4875,3141,4632,637,130,9
Completed,0.88,10042,1645,1852,214,58,4
Completed,0.91,3531,615,3527,924,194,1
Completed,0.88,6726,4602,143,473,118,6
Completed,0.89,7985,4157,2802,123,76,7
Completed,0.92,2170,629,1186,546,237,2
Completed,0.93,2746,2098,4197,321,15,5
Completed,0.91,2815,3116,1978,771,173,10
Completed,0.92,2588,2602,3276,306,228,3
Completed,0.91,838,2224,400,855,85,8
Completed,0.91,2607,2465,1918,983,45,8
Completed,0.91,3065,1045,2666,133,205,10
Completed,0.88,8247,3781,1165,709,108,4
Completed,0.88,11525,4976,3507,824,88,4
Completed,0.89,264,199,8,276,224,8
Completed,0.89,5095,3546,1755,36,162,1
Completed,0.9,3751,1261,660,267,186,1
Completed,0.92,2655,230,3977,602,66,4
Completed,0.91,3822,4984,2350,54,250,9
Completed,0.9,7248,3760,4696,418,200,10
Completed,0.9,3449,1028,1323,994,116,5
Completed,0.91,3234,2498,3319,142,136,2
Completed,0.9,3143,2719,513,690,56,7
Completed,0.9,5412,2842,4233,234,110,1
Completed,0.89,4780,1981,2099,685,206,6
Completed,0.88,483,2081,570,556,168,9
Completed,0.91,4012,661,4834,329,86,8
Completed,0.89,4508,4164,1341,753,230,2
Completed,0.89,5524,4580,3995,655,218,2
Completed,0.91,3102,599,2488,204,98,6
Completed,0.9,4640,1677,2911,914,156,8
Completed,0.88,7999,3149,759,491,35,3
Completed,0.91,3019,3423,3035,516,248,7
Completed,0.92,2628,325,3806,803,185,5
Completed,0.88,8909,4281,4867,244,54,9
Completed,0.9,3415,934,1465,667,134,4
Completed,0.88,8007,1963,3138,441,115,1
Completed,0.91,1550,2821,381,892,198,6
Completed,0.91,3722,2713,4101,435,143,3
Completed,0.92,3434,2133,4927,838,192,2
Completed,0.9,3591,3004,1555,262,124,7
Completed,0.89,7091,2568,2756,790,39,1
Completed,0.92,1817,2337,1227,366,153,7
Completed,0.9,4984,1189,4153,530,102,8
Completed,0.89,4883,3911,2017,79,214,3
Completed,0.9,4869,4833,4676,455,234,5
Completed,0.89,1151,69,1812,878,83,10
Completed,0.9,4467,1422,3573,230,172,7
Completed,0.89,5049,3663,4461,963,121,10
Completed,0.9,4424,1551,1710,388,196,5
Completed,0.94,2200,82,3708,723,60,2
Completed,0.89,4895,4703,275,174,132,7
Completed,0.89,7991,4055,2621,297,175,6
Completed,0.92,2435,2192,4368,21,238,4
Completed,0.91,2328,2595,2119,570,78,9
Completed,0.91,2725,2376,2564,641,68,5
Completed,0.93,1107,2763,950,218,245,10
Completed,0.91,4212,2965,4728,736,159,3
Completed,0.92,2599,790,3352,950,220,6
Completed,0.88,7472,4451,2821,8,104,3
Completed,0.92,1054,454,699,583,208,8
Completed,0.88,8150,1807,3945,310,41,9
Completed,0.9,3795,3293,2388,859,147,5
Completed,0.89,6238,3254,3902,147,74,6
Completed,0.9,3872,1611,2274,695,243,1
Completed,0.89,8921,493,3091,421,13,4
Completed,0.9,3213,4646,898,997,179,9
Completed,0.89,5815,4113,3239,598,128,10
Completed,0.9,3587,751,431,50,64,5
Completed,0.91,2184,831,906,430,106,10
Completed,0.89,7043,1910,3832,719,148,7
Completed,0.88,7985,2914,2343,140,44,2
Completed,0.9,3772,2806,3543,658,114,7
Completed,0.92,831,2412,132,239,202,1
Completed,0.89,7769,942,4628,903,50,3
Completed,0.89,4634,3845,1860,448,141,8
Completed,0.9,4910,4913,4201,86,184,10
Completed,0.9,4317,301,1969,505,8,4
Completed,0.91,3375,1332,2786,357,245,3
Completed,0.89,6727,3454,1197,812,71,7
Completed,0.91,4009,3480,3609,316,202,9
Completed,0.88,5149,1383,223,766,111,4
Completed,0.92,4661,265,4399,120,138,1
Completed,0.88,8901,4872,1620,543,50,6
Completed,0.91,3674,993,2053,477,181,2
Completed,0.91,2610,1216,1590,97,232,7
Completed,0.92,2889,2295,3657,760,18,10
Completed,0.92,947,2532,175,340,170,5
Completed,0.92,3006,3031,3953,868,239,9
Completed,0.92,2156,2183,2378,288,73,3
Completed,0.91,4799,714,2889,576,178,2
Completed,0.88,8161,4672,3283,377,60,8
Completed,0.91,1830,545,544,956,127,3
Completed,0.89,5766,1574,4720,183,124,5
Completed,0.91,2968,3213,1295,728,189,9
Completed,0.89,4479,1848,1487,813,160,6
Completed,0.92,2456,427,3248,41,94,9
Completed,0.9,4352,4399,423,621,222,4
Completed,0.9,4743,4344,3081,975,211,5
Completed,0.92,2074,687,2237,794,217,9
Completed,0.91,1654,2040,2986,68,34,6
Completed,0.9,3181,3058,841,523,154,1
Completed,0.91,3031,2622,4561,59,192,8
Completed,0.93,1495,2244,1765,603,120,3
Completed,0.9,5651,1125,3439,251,132,4
Completed,0.9,1277,132,1098,157,175,3
Completed,0.9,4394,3622,1908,413,235,7
Completed,0.89,5571,3727,2516,193,150,4
Completed,0.88,7565,1449,998,648,38,9
Completed,0.88,8298,4795,2083,919,100,1
Completed,0.89,3770,1086,264,745,90,6
Completed,0.91,2759,2439,4528,394,164,9
Completed,0.89,7766,2661,1642,939,28,4
Completed,0.9,5740,2862,2940,482,68,9
Completed,0.63,428,2001,730,936,249,5
Completed,0.9,4759,4254,2439,631,188,8
Completed,0.89,6227,4504,4785,777,138,6
Completed,0.9,3662,361,1390,323,54,2
Completed,0.9,4661,1743,3389,534,198,3
Completed,0.9,3406,3396,599,114,118,8
Completed,0.9,7096,3200,3187,885,165,2
Completed,0.92,3908,556,4896,676,228,10
Completed,0.88,10326,4544,1436,221,84,5
Completed,0.88,8427,4215,3777,375,96,4
Completed,0.91,2526,894,2426,374,229,5
Completed,0.91,1874,2860,735,71,165,7
Completed,0.91,3231,2673,4516,606,236,1
Completed,0.91,2577,2427,1660,57,77,6
Completed,0.91,3760,1083,3724,831,174,8
Completed,0.92,1001,159,1065,702,131,10
Completed,0.9,6376,1318,4313,414,119,8
Completed,0.89,4356,3585,2169,989,193,3
Completed,0.9,5041,1320,2187,14,144,10
Completed,0.92,1839,172,2611,850,109,7
Completed,0.9,4005,4925,1065,306,207,2
Completed,0.9,6712,3818,3718,166,227,1
Completed,0.9,4609,4016,3457,745,207,7
Completed,0.88,4376,1122,63,169,109,2
Completed,0.93,2596,2232,4561,941,144,5
Completed,0.91,3140,2634,1771,393,48,10
Completed,0.89,5443,3055,2973,936,117,3
Completed,0.9,4719,699,3782,633,55,6
Completed,0.89,6250,4203,2236,209,137,2
Completed,0.9,6304,4541,4891,324,188,2
Completed,0.91,3522,1717,3200,111,250,10
Completed,0.88,5390,3188,314,535,67,5
Completed,0.9,4251,3383,3390,462,154,6
Completed,0.92,4197,363,4767,223,217,4
Completed,0.88,6192,4502,1403,673,95,9
Completed,0.89,6798,4242,4062,797,83,10
Completed,0.9,3418,4685,532,43,212,10
Completed,0.9,4235,4073,2873,427,223,9
Completed,0.91,2813,712,641,976,93,4
Completed,0.94,2293,2171,3958,140,159,1
Completed,0.88,8709,3043,2369,716,32,6
Completed,0.91,3965,2530,3668,237,71,3
Completed,0.9,450,2297,158,660,245,7
Completed,0.89,4969,3950,1594,899,184,5
Completed,0.89,6847,4793,4253,508,141,3
Completed,0.88,1157,30,2079,85,51,8
Completed,0.9,3625,1461,2504,811,202,7
Completed,0.88,6984,3715,1015,360,114,1
Completed,0.88,7730,3624,4112,16,28,9
Completed,0.89,4250,1513,1902,592,163,4
Completed,0.93,1801,120,2716,302,89,1
Completed,0.9,3445,4742,1110,850,227,6
Completed,0.88,7156,4910,1958,499,80,7
Completed,0.89,7008,3832,4611,97,99,6
Completed,0.9,3669,954,1872,548,213,1
Completed,0.9,4185,2414,3547,338,38,4
Completed,0.91,1434,2803,123,761,149,9
Completed,0.91,3407,2926,3844,289,189,5
Completed,0.89,5117,1898,2326,864,123,9
Completed,0.91,3418,829,3072,30,127,8
Completed,0.92,889,415,418,379,178,6
Completed,0.89,7365,1845,4985,731,73,9
Completed,0.91,2955,3333,1503,183,239,3
Completed,0.89,7101,3216,4715,817,44,7
Completed,0.89,4901,1572,1304,269,148,2
Completed,0.91,3054,532,3300,619,105,5
Completed,0.89,5006,4439,689,421,129,5
Completed,0.89,5419,4306,3348,51,179,4
Completed,0.9,3314,792,484,595,12,9
Completed,0.9,4667,1949,4745,260,242,6
Completed,0.88,6316,2952,1274,839,74,1
Completed,0.89,5542,2766,2573,366,19,8
Completed,0.92,1148,2373,945,786,172,3
Completed,0.9,5128,981,4262,76,83,4
Completed,0.9,3416,3885,2069,531,233,10
Completed,0.9,4866,4875,4411,877,214,8
Completed,0.92,1617,262,1604,457,102,3
Completed,0.89,5338,1371,3600,684,153,1
Completed,0.88,7198,3492,227,229,39,7
Completed,0.9,4575,3442,2782,647,169,10
Completed,0.93,2451,304,4218,922,233,2
Completed,0.89,4041,1176,2026,929,139,6
Completed,0.93,1984,2334,2772,218,111,9
Completed,0.92,1485,2570,1215,638,201,4
Completed,0.91,4221,2991,4937,158,147,9
Completed,0.92,1478,2145,1551,738,41,5
Completed,0.92,2789,753,3227,402,208,3
Completed,0.89,5139,4111,448,946,104,8
Completed,0.88,6468,4634,3102,587,93,6
Completed,0.92,1288,505,881,7,220,2
Completed,0.9,3271,3251,2278,313,159,9
Completed,0.89,5754,3290,3928,693,125,2
Completed,0.9,4010,1809,2399,149,191,7
Completed,0.91,2831,466,2825,1000,63,10
Completed,0.92,3005,596,3995,349,134,9
Completed,0.92,1824,649,1335,247,185,10
Completed,0.91,2031,2078,3400,895,64,7
Completed,0.91,2015,3097,583,440,248,2
Completed,0.92,2966,2583,4363,983,163,7
Completed,0.91,3340,2204,2120,438,25,1
Completed,0.91,3484,1165,2634,711,224,3
Completed,0.88,6943,4052,1037,131,89,8
Completed,0.89,6370,4691,3695,277,108,10
Completed,0.89,356,94,293,822,204,4
Completed,0.9,3906,3661,1709,612,143,8
Completed,0.9,3956,3687,3557,770,244,5
Completed,0.88,5106,1410,114,316,68,10
Completed,0.9,2428,67,4681,541,181,7
Completed,0.91,3108,211,3506,176,16,6
Completed,0.88,4732,4964,13,720,175,1
Completed,0.88,6873,3779,2667,875,132,2
Completed,0.89,5032,1048,1160,295,59,7
Completed,0.92,2514,2478,4083,569,195,10
Completed,0.9,2899,2700,1931,24,121,5
Completed,0.9,4738,2823,3132,559,35,8
Completed,0.88,5266,1961,381,104,157,3
Completed,0.9,7162,922,4880,752,99,2
Completed,0.9,4579,4293,1447,333,217,6
Completed,0.9,4557,4465,3793,201,229,8
Completed,0.91,2369,323,2226,655,87,2
Completed,0.9,5078,1782,3041,492,169,5
Completed,0.89,5934,3435,791,911,23,9
Completed,0.9,4151,3162,2929,94,197,1
Completed,0.89,4861,1664,746,514,115,6
Completed,0.88,7822,1775,1571,634,14,10
Completed,0.92,2216,344,3638,470,236,7
Completed,0.88,7601,4262,2535,546,119,1
Completed,0.91,1858,914,979,126,193,6
Completed,0.88,8600,1984,4225,773,57,9
Completed,0.91,3286,2840,2102,319,131,4
Completed,0.92,2489,2731,3303,854,216,10
Completed,0.91,1825,2486,523,309,96,4
Completed,0.91,4658,1025,4699,582,155,3
Completed,0.92,1742,218,2358,951,167,1
Completed,0.89,6338,1259,2870,162,85,3
Completed,0.91,2196,3526,650,741,228,8
Completed,0.88,7643,3544,4589,384,78,4
Completed,0.91,2355,1280,1742,964,238,9
Completed,0.9,4385,1532,927,843,137,7
Completed,0.92,2128,101,3853,55,117,10
Completed,0.9,5862,4723,2323,599,199,5
Completed,0.9,5034,4036,4976,996,250,4
Completed,0.89,4949,1142,1506,416,66,9
Completed,0.92,2054,2212,3268,690,187,6
Completed,0.9,4812,3113,4182,688,91,8
Completed,0.9,1188,2101,1988,233,226,3
Completed,0.89,5625,641,2805,881,27,5
Completed,0.9,3799,4145,1178,462,165,9
Completed,0.89,5420,4600,3524,72,145,8
Completed,0.89,4862,617,151,527,47,3
Completed,0.9,7365,1658,4647,363,206,2
Completed,0.9,4560,3129,1841,783,110,6
Completed,0.9,4513,3403,4448,215,174,5
Completed,0.9,2567,1630,246,20,183,9
Completed,0.91,3697,474,4510,871,70,6
Completed,0.9,4928,4626,1661,292,246,1
Completed,0.89,5529,4132,4320,179,203,2
Completed,0.91,3033,771,2168,724,113,7
Completed,0.91,1496,2112,2591,389,140,10
Completed,0.89,6080,2985,1083,968,51,5
Completed,0.92,3735,2549,4805,488,106,8
Completed,0.93,1305,2316,1371,907,210,4
Completed,0.89,4685,3930,619,652,149,7
Completed,0.89,5380,4813,2960,756,161,8
Completed,0.92,1180,50,710,336,31,3
Completed,0.91,4865,1441,4024,563,221,4
Completed,0.89,7802,3695,2459,109,95,10
Completed,0.89,7276,3500,3757,899,127,1
Completed,0.88,6640,1402,2257,444,61,6
Completed,0.93,1800,246,3005,670,190,9
Completed,0.89,5331,4852,821,251,123,4
Completed,0.88,9279,3891,3167,346,72,5
Completed,0.91,1459,1013,352,800,240,10
Completed,0.91,4551,2355,4916,89,11,7
Completed,0.91,2654,2744,1416,509,177,2
Completed,0.91,2778,2945,2715,37,231,6
Completed,0.91,3747,810,4130,281,171,3
Completed,0.88,10543,4431,4543,708,37,9
Completed,0.92,2907,435,1784,128,151,5
Completed,0.88,7783,1826,3458,978,101,3
Completed,0.9,2090,3313,56,434,212,8
Completed,0.89,5558,3349,2640,945,82,9
Completed,0.9,3039,1868,1035,397,235,4
Completed,0.89,7914,407,4350,748,21,1
Completed,0.9,5565,4380,2139,173,171,6
Completed,0.89,6614,4364,4479,299,152,7
Completed,0.88,7469,850,1691,847,40,2
Completed,0.9,5164,1891,3689,11,215,5
Completed,0.9,2519,2894,294,587,101,10
Completed,0.9,5808,2785,4015,115,63,4
Completed,0.92,1905,2393,2468,539,129,8
Completed,0.91,3890,961,2892,328,125,6
Completed,0.89,8384,3865,779,779,191,1
Completed,0.9,5093,4894,3438,630,242,3
Completed,0.92,1075,281,550,206,75,8
Completed,0.9,4509,1352,4814,931,180,10
Completed,0.9,3622,3603,495,861,186,3
Completed,0.9,4663,3746,4847,518,209,6
Completed,0.88,6896,1469,1484,67,103,1
Completed,0.79,1619,8,3158,793,146,4
Completed,0.88,6411,4777,361,370,42,9
Completed,0.88,7739,3982,3015,226,30,10
Completed,0.9,3262,1235,812,677,157,5
Completed,0.92,4309,2276,3826,467,91,2
Completed,0.92,1815,2512,2188,890,221,7
Completed,0.9,4239,3011,3487,410,182,2
Completed,0.92,3091,733,4591,150,244,8
Completed,0.88,9630,4091,1736,699,69,3
Completed,0.89,7404,4654,4082,834,111,5
Completed,0.92,1695,524,1937,258,201,10
Completed,0.89,4709,3232,1147,62,139,2
Completed,0.89,5618,1723,4172,240,133,6
Completed,0.91,3693,3181,4293,341,225,10
Completed,0.88,6323,1684,2034,765,87,5
Completed,0.92,2541,576,2545,102,161,2
Completed,0.88,9361,4195,3628,918,46,6
Completed,0.91,2191,668,204,494,142,1
Completed,0.91,2361,2059,4380,643,107,4
Completed,0.91,2459,3078,1639,193,206,9
Completed,0.91,3125,2642,2841,734,135,5
Completed,0.92,1124,2263,678,186,53,10
Completed,0.91,3650,1106,3924,959,197,7
Completed,0.88,7556,3994,2407,384,116,3
Completed,0.9,815,153,1265,573,247,7
Completed,0.9,4528,1307,4961,208,233,1
Completed,0.89,6232,3556,1527,628,83,6
Completed,0.89,6150,3564,3219,137,97,7
Completed,0.9,2684,1300,452,712,219,2
Completed,0.92,3312,192,4948,423,36,5
Completed,0.89,4604,4944,1535,972,155,10
Completed,0.9,4984,3798,3881,624,167,9
Completed,0.92,2321,2458,3111,820,231,1
Completed,0.9,2655,2681,877,272,85,6
Completed,0.88,11326,2882,4657,807,16,3
Completed,0.82,997,2020,1831,356,176,8
Completed,0.9,4013,863,3592,504,79,9
Completed,0.89,3264,4234,83,81,238,5
Completed,0.89,5176,4523,2737,453,195,3
Completed,0.92,1466,381,1246,904,121,9
Completed,0.88,6800,1687,2558,256,104,4
Completed,0.91,1901,3179,961,836,208,9
Completed,0.89,3949,1726,1240,750,179,8
Completed,0.92,2979,374,4164,399,74,10
Completed,0.9,4018,4531,2011,944,242,4
Completed,0.9,5305,4232,4665,589,192,4
Completed,0.91,2755,866,1818,9,125,8
Completed,0.88,5987,2890,89,301,63,1
Completed,0.91,3755,2684,3868,780,103,7
Completed,0.92,1904,2456,2302,326,214,2
Completed,0.89,7168,1074,3116,537,39,5
Completed,0.9,3581,3791,867,117,153,10
Completed,0.89,6259,4947,3213,479,172,9
Completed,0.91,2242,189,462,933,19,4
Completed,0.68,805,1,1470,283,163,5
Completed,0.88,7676,1471,3146,571,89,2
Completed,0.9,2607,3744,367,27,224,7
Completed,0.9,5570,3595,4759,372,138,5
Completed,0.88,6278,1503,1260,791,50,9
Completed,0.92,1834,150,3324,65,201,8
Completed,0.88,6276,4752,508,520,111,2
Completed,0.91,1956,1113,665,469,244,6
Completed,0.91,2473,2644,2413,224,181,3
Completed,0.92,3018,3085,3615,697,220,10
Completed,0.89,326,2052,212,152,93,5
Completed,0.91,3664,670,4386,987,159,2
Completed,0.91,2579,569,2044,608,147,1
Completed,0.89,6602,4382,2649,661,157,7
Completed,0.88,5783,405,1021,242,35,2
Completed,0.9,5041,1875,4338,906,218,5
Completed,0.9,4473,3342,2145,451,98,10
Completed,0.91,4725,3225,4068,554,185,1
Completed,0.91,2022,522,2692,763,248,8
Completed,0.89,7006,4083,3481,191,115,4
Completed,0.91,836,740,38,645,197,10
Completed,0.93,2780,2162,4605,496,53,8
Completed,0.9,3568,3014,1727,916,135,3
Completed,0.92,2323,2519,3027,382,204,6
Completed,0.92,1670,2269,805,961,108,1
Completed,0.9,4919,1237,3817,188,143,4
Completed,0.88,7869,3980,2202,733,45,9
Completed,0.88,10543,4784,4856,863,25,10
Completed,0.88,8293,4845,3768,739,77,5
Completed,0.92,1452,253,2250,164,236,10
Completed,0.9,3850,3502,835,404,174,2
Completed,0.88,8435,3470,3424,970,59,3
Completed,0.9,2797,1354,559,425,133,9
Completed,0.92,3007,274,4821,714,121,6
Completed,0.89,5258,4901,1349,135,195,2
Completed,0.9,4770,3862,4009,274,238,3
Completed,0.9,4504,964,2480,818,78,8
Completed,0.92,2063,2386,2906,46,175,9
Completed,0.88,6965,2793,770,626,16,5
Completed,0.91,4407,2896,4491,83,87,9
Completed,0.9,3945,1889,1684,502,230,4
Completed,0.89,4180,4357,308,809,169,6
Completed,0.89,5294,4624,3749,785,198,2
Completed,0.91,1403,476,239,361,118,7
Completed,0.9,5056,1623,4500,524,137,10
Completed,0.88,7074,3281,1675,74,55,5
Completed,0.9,4207,3320,4536,923,229,7
Completed,0.93,2601,437,3472,636,165,3
Completed,0.88,8115,4335,2701,321,35,10
Completed,0.91,2465,802,1126,771,153,5
Completed,0.88,7980,1920,4137,124,95,3
Completed,0.91,2173,2943,1877,548,217,7
Completed,0.9,3885,2737,3177,5,131,1
Completed,0.91,2188,2363,338,580,57,6
Completed,0.91,3409,1011,4905,307,193,9
Completed,0.88,6767,3894,1423,856,120,4
Completed,0.89,4011,4043,394,486,203,5
Completed,0.9,4712,4721,3048,111,246,4
Completed,0.91,812,103,935,561,71,9
Completed,0.9,4832,1525,3858,334,184,6
Completed,0.89,5933,3698,2953,601,109,9
Completed,0.91,2800,1439,721,53,208,3
Completed,0.93,2267,58,4038,841,48,2
Completed,0.89,5483,4806,2449,265,144,6
Completed,0.9,5577,3933,4791,144,163,8
Completed,0.93,2274,2324,3376,418,227,5
Completed,0.91,1858,2542,608,994,89,9
Completed,0.91,1261,2115,2154,883,188,9
Completed,0.9,3933,763,2580,235,67,6
Completed,0.9,3285,4139,1090,686,249,1
Completed,0.88,8544,4476,4435,432,123,1
Completed,0.92,1362,351,1579,980,189,6
Completed,0.88,7038,1772,3643,130,61,9
Completed,0.89,3908,3405,183,706,127,4
Completed,0.9,5577,3132,3532,294,93,8
Completed,0.89,3318,1655,138,869,223,3
Completed,0.9,6121,625,4636,19,32,4
Completed,0.89,6436,4593,1846,567,159,10
Completed,0.89,5980,4147,4193,966,148,8
Completed,0.9,4482,638,1983,391,44,4
Completed,0.91,1617,2108,2797,725,211,1
Completed,0.9,6652,3106,1191,177,105,6
Completed,0.89,7297,2612,4971,650,51,2
Completed,0.93,1217,2215,1517,199,141,7
Completed,0.9,5166,1135,3281,909,113,10
Completed,0.88,5806,3772,1923,365,180,1
Completed,0.89,7630,4967,4577,231,129,2
Completed,0.92,1648,209,1750,682,62,7
Completed,0.91,3636,1287,3511,456,191,10
Completed,0.9,2223,3536,2,879,125,5
Completed,0.9,3910,3533,3982,249,213,9
Completed,0.89,5674,1251,2345,672,99,5
Completed,0.93,1937,221,2859,446,150,2
Completed,0.88,6879,4994,655,897,38,8
Completed,0.91,2823,1018,518,87,169,2
Completed,0.9,4160,2488,4691,798,80,3
Completed,0.92,1650,2729,1327,348,233,8
Completed,0.91,2738,2833,2530,827,178,5
Completed,0.92,3233,912,4238,615,240,7
Completed,0.92,3896,651,3413,736,139,9
Completed,0.92,1611,589,754,859,182,10
Completed,0.89,7838,1667,4000,9,69,7
Completed,0.91,3501,3159,2483,584,243,2
Completed,0.88,8245,3433,3801,423,40,8
Completed,0.89,7746,1784,2213,998,151,3
Completed,0.92,2763,315,3030,147,101,1
Completed,0.9,3434,4473,797,695,215,7
Completed,0.9,4667,4291,3143,837,235,7
Completed,0.89,4080,924,376,262,81,3
Completed,0.9,5911,1954,4872,597,171,4
Completed,0.89,4856,2831,1459,49,21,10
Completed,0.9,4338,2703,2662,529,75,4
Completed,0.92,1117,2475,1170,79,241,9
Completed,0.92,1795,2327,2012,709,65,10
Completed,0.9,3485,1179,2761,436,186,7
Completed,0.9,5198,1413,4671,824,115,9
Completed,0.9,3645,3685,1817,275,197,4
Completed,0.89,4862,3654,3703,120,157,6
Completed,0.88,2834,92,4456,317,221,3
Completed,0.88,5929,4693,1714,768,91,9
Completed,0.89,7934,4045,4374,640,103,9
Completed,0.91,2870,1172,2115,216,210,5
Completed,0.91,3247,2202,2626,927,42,3
Completed,0.92,1793,2586,1049,476,146,8
Completed,0.9,5890,3104,4829,948,200,1
Completed,0.9,898,2071,1346,400,112,6
Completed,0.9,3513,1947,470,755,195,7
Completed,0.91,4577,799,4734,106,59,10
Completed,0.89,6024,4299,1281,557,133,5
Completed,0.89,5697,4441,3939,913,176,4
Completed,0.9,3336,464,2392,490,16,9
Completed,0.9,4000,1816,2816,654,238,6
Completed,0.88,6640,3283,703,203,78,1
Completed,0.9,3685,3244,3095,802,142,10
Completed,0.92,2712,503,3906,515,205,3
Completed,0.89,5279,4637,2269,92,107,8
Completed,0.88,7496,4103,4923,442,87,7
Completed,0.91,3006,760,1560,893,225,1
Completed,0.92,2640,2142,3234,245,26,4
Completed,0.91,1758,2994,437,668,161,8
Completed,0.92,2574,2578,4158,133,248,5
Completed,0.9,3978,2422,1865,833,21,5
Completed,0.91,4326,952,3538,59,227,2
Completed,0.88,7560,3835,137,603,85,7
Completed,0.89,7655,4903,2791,991,97,6
Completed,0.92,1104,311,1192,412,216,1
Completed,0.88,12167,1341,4206,700,33,4
Completed,0.9,4687,3444,1964,156,155,9
Completed,0.88,8377,3489,4404,722,24,8
Completed,0.89,4609,1373,1615,174,167,2
Completed,0.93,2482,255,3614,961,85,5
Completed,0.9,2776,4882,218,386,231,10
Completed,0.9,4213,3882,2559,23,219,8
Completed,0.89,4394,983,954,571,97,3
Completed,0.92,2884,2366,4269,298,156,2
Completed,0.89,4938,2773,2058,873,36,6
Completed,0.9,4514,2955,3357,331,121,2
Completed,0.89,5605,3041,2885,211,46,7
Completed,0.92,929,2174,634,631,145,2
Completed,0.9,3895,704,3949,483,110,5
Completed,0.9,4389,4080,2383,938,206,10
Completed,0.9,4727,4682,4724,533,225,9
Completed,0.9,2972,535,1290,113,91,4
Completed,0.89,5721,1565,3288,777,165,1
Completed,0.88,7138,3223,538,322,27,6
Completed,0.9,4280,3340,3243,676,193,4
Completed,0.89,3951,1838,427,221,119,10
Completed,0.91,3320,418,4992,884,131,8
Completed,0.91,2750,822,2338,524,173,7
Completed,0.88,6973,1900,3086,375,76,8
Completed,0.92,1650,2924,902,795,236,4
Completed,0.91,3354,2796,4623,253,167,10
Completed,0.89,5298,3048,2242,429,70,4
Completed,0.91,3963,2632,3444,901,31,9
Completed,0.9,479,2234,70,446,161,4
Completed,0.88,8119,1115,4566,658,95,1
Completed,0.9,3442,4023,1761,238,222,6
Completed,0.9,5011,4740,4106,358,210,7
Completed,0.93,1447,123,1912,813,106,2
Completed,0.89,4855,1506,2729,87,149,5
Completed,0.88,7028,3631,1102,507,43,10
Completed,0.88,9240,3717,4239,849,66,3
Completed,0.91,2821,1459,2088,304,250,8
Completed,0.9,3847,4786,1003,14,187,5
Completed,0.89,6811,3952,3662,395,136,3
Completed,0.89,5955,1225,170,939,55,8
Completed,0.92,2508,2305,4434,167,199,6
Completed,0.91,2572,2522,1585,747,117,2
Completed,0.91,1950,2671,270,96,189,3
Completed,0.91,3814,2852,4049,576,151,6
Completed,0.89,1382,2011,2434,32,37,1
Completed,0.91,3708,892,2945,866,212,4
Completed,0.89,4951,4245,725,286,100,9
Completed,0.88,7689,4495,3384,185,81,10
Completed,0.93,1007,371,604,729,231,5
Completed,0.9,3609,3386,1396,957,170,7
Completed,0.89,5970,3191,4901,42,113,3
Completed,0.9,3369,1714,1431,621,203,8
Completed,0.91,3720,566,3192,271,51,7
Completed,0.88,6271,4534,327,815,141,1
Completed,0.89,5265,4206,2980,718,183,3
Completed,0.91,2195,697,846,139,8,7
Completed,0.91,3340,2870,2431,976,113,8
Completed,0.9,4824,2663,3729,450,43,5
Completed,0.92,872,2437,259,901,149,10
Completed,0.9,5404,1093,4520,237,106,7
Completed,0.9,4269,3811,1655,660,210,2
Completed,0.89,6003,4928,4309,810,222,1
Completed,0.92,1879,169,2175,359,94,6
Completed,0.9,3897,1327,2600,507,160,9
Completed,0.9,4076,3592,2615,501,240,2
Completed,0.88,5879,1310,1060,920,72,6
Completed,0.92,2378,162,4306,194,177,9
Completed,0.88,9567,3828,4524,759,61,5
Completed,0.9,3683,1076,1647,340,127,9
Completed,0.92,2770,2430,3714,550,123,8
Completed,0.91,838,2624,67,549,241,6
Completed,0.9,4463,3065,3787,30,170,2
Completed,0.9,1435,2033,2232,578,18,7
Completed,0.92,2465,689,2978,290,232,10
Completed,0.88,6500,4213,854,866,81,5
Completed,0.88,7899,4551,3195,730,100,4
Completed,0.92,881,549,319,181,212,9
Completed,0.88,9469,1707,4885,954,37,6
Completed,0.89,4775,3198,1441,379,151,1
Completed,0.89,6255,3393,4772,619,70,10
Completed,0.9,3345,1746,1398,43,246,5
Completed,0.89,7034,354,3394,815,9,3
Completed,0.9,4048,4512,589,267,183,7
Completed,0.89,5997,4252,2935,142,140,7
Completed,0.88,6892,885,741,717,52,1
Completed,0.9,5911,1994,4057,428,204,3
Completed,0.91,2254,3034,636,373,194,10
Completed,0.92,3223,2540,4415,829,154,4
Completed,0.92,1950,2287,1599,253,33,9
Completed,0.91,3442,1218,3664,605,216,6
Completed,0.78,576,21,1009,990,228,7
Completed,0.88,7105,1451,4258,155,22,10
Completed,0.89,4689,3725,2074,704,166,5
Completed,0.9,3859,3614,2721,921,190,8
Completed,0.89,6750,1523,1106,497,122,3
Completed,0.93,2423,130,4117,646,126,5
Completed,0.89,7279,4733,1897,196,62,9
Completed,0.88,8348,4006,4556,338,11,9
Completed,0.91,3563,1132,1776,762,177,3
Completed,0.91,2995,2242,3451,99,72,1
Completed,0.9,3773,2813,1867,168,66,8
Completed,0.9,4081,1908,916,209,164,6
Completed,0.91,3890,839,3839,934,90,9
Completed,0.9,4248,4337,2331,484,226,4
Completed,0.9,5793,4401,4990,112,207,5
Completed,0.92,1722,425,1498,536,110,10
Completed,0.89,5409,1855,3262,325,145,7
Completed,0.91,3316,3206,3295,223,236,8
Completed,0.88,7118,1582,537,674,76,4
Completed,0.91,3742,542,4710,464,173,1
Completed,0.88,9823,4063,3962,521,58,8
Completed,0.91,3700,722,2364,70,130,3
Completed,0.93,2037,2181,2878,796,119,4
Completed,0.92,2305,782,1279,439,205,8
Completed,0.88,9178,1940,3343,665,46,10
Completed,0.9,3277,2962,488,246,142,4
Completed,0.92,3220,2756,4267,711,196,9
Completed,0.92,2136,2383,2065,131,116,4
Completed,0.9,4256,991,2578,981,136,1
Completed,0.88,9080,3875,941,437,52,6
Completed,0.92,689,272,232,614,186,2
Completed,0.89,8519,1381,4405,278,66,5
Completed,0.91,2933,3482,1608,822,247,10
Completed,0.9,7221,3451,4213,304,117,6
Completed,0.9,3925,1334,1962,852,200,2
Completed,0.91,2819,294,2777,16,56,3
Completed,0.89,5183,4920,1211,592,136,8
Completed,0.89,4439,3842,3553,941,187,10
Completed,0.92,2746,2405,4617,743,250,2
Completed,0.9,4914,1186,1221,23,86,9
Completed,0.93,2514,2344,4144,874,167,8
Completed,0.88,6789,2561,2031,295,24,3
Completed,0.89,6267,3001,3232,751,79,6
Completed,0.91,462,2135,443,331,237,1
Completed,0.88,11556,743,4941,559,15,4
Completed,0.89,4785,4120,1546,104,176,9
Completed,0.89,5801,4644,3888,493,134,10
Completed,0.9,4142,495,2283,912,58,5
Completed,0.89,6400,1604,3097,202,194,2
Completed,0.91,3099,3261,886,657,122,7
Completed,0.89,5556,3300,2830,351,162,4
Completed,0.88,8230,1799,685,805,26,8
Completed,0.92,2567,456,3933,94,225,7
Completed,0.88,10686,4316,4740,894,107,3
Completed,0.91,2196,658,578,840,102,7
Completed,0.91,2974,2088,4840,52,152,8
Completed,0.88,8474,3087,1331,596,40,3
Completed,0.92,2467,2593,2629,77,126,10
Completed,0.91,854,2194,1041,531,190,5
Completed,0.88,8323,1155,4358,368,62,2
Completed,0.88,6360,4062,2125,788,129,7
Completed,0.9,5366,4701,4471,683,180,6
Completed,0.9,3002,85,1704,228,12,1
Completed,0.91,4066,1544,3700,876,241,4
Completed,0.88,5951,3671,288,457,75,9
Completed,0.89,4961,1420,1798,721,156,6
Completed,0.91,1920,77,3561,386,97,8
Completed,0.89,3850,4826,109,965,219,3
Completed,0.9,4406,3914,2768,568,230,5
Completed,0.88,7832,3789,4088,220,92,3
Completed,0.91,2738,1038,1926,639,220,8
Completed,0.9,3972,2468,2672,475,30,6
Completed,0.9,2388,2710,1155,930,158,2
Completed,0.92,3208,2814,4875,403,243,7
Completed,0.91,3257,932,3128,159,182,5
Completed,0.88,8187,4455,3045,857,49,9
Completed,0.92,1494,332,786,312,139,4
Completed,0.88,8358,1791,3798,585,112,1
Completed,0.9,3328,3425,2221,6,200,6
Completed,0.9,4114,1674,2498,419,172,10
Completed,0.91,3241,606,2924,693,82,7
Completed,0.9,4217,4573,751,149,234,3
Completed,0.9,6236,4166,3405,260,215,1
Completed,0.89,5899,4272,4220,389,160,4
Completed,0.89,4661,904,2106,968,32,10
Completed,0.9,4267,1974,2530,181,223,8
Completed,0.89,4182,2850,984,725,93,3
Completed,0.9,4640,2722,4704,198,7,6
Completed,0.92,1979,2495,1310,653,184,1
Completed,0.89,6380,1035,3308,489,71,4
Completed,0.9,2370,3753,519,908,245,9
Completed,0.9,4301,4987,2864,562,202,10
Completed,0.92,972,228,654,107,114,5
Completed,0.89,6134,1268,3969,756,141,2
Completed,0.88,9162,3516,2363,336,50,7
Completed,0.88,7504,3554,3501,541,146,3
Completed,0.89,4282,1270,18,121,42,8
Completed,0.91,2532,202,4585,768,209,9
Completed,0.88,6662,4974,1747,314,104,5
Completed,0.91,2079,1152,407,511,150,8
Completed,0.92,2827,2222,4972,346,99,9
Completed,0.92,1638,2605,1512,801,213,5
Completed,0.9,4123,3123,2810,282,128,9
Completed,0.92,988,2091,1173,826,60,4
Completed,0.92,3406,631,4187,38,188,1
Completed,0.88,6080,4154,1983,618,124,6
Completed,0.88,10103,4610,4642,978,73,7
Completed,0.92,1919,608,1846,434,239,2
Completed,0.91,1901,3139,156,126,179,10
Completed,0.89,7308,3412,3643,870,105,1
Completed,0.9,2746,1765,189,291,211,7
Completed,0.92,3241,334,4453,564,44,8
Completed,0.88,6155,4493,1566,20,148,3
Completed,0.91,1935,781,1079,318,166,8
Completed,0.93,3209,2122,4325,544,84,7
Completed,0.91,3058,2975,2164,124,228,1
Completed,0.92,2691,2559,3364,582,174,7
Completed,0.89,5315,2307,624,2,14,2
Completed,0.91,4166,1199,4800,853,235,5
Completed,0.88,8477,3940,1375,308,77,10
Completed,0.89,6853,4823,4029,163,120,9
Completed,0.9,4362,3705,705,951,131,6
Completed,0.9,5394,3634,3857,669,232,3
Completed,0.89,5576,1542,2317,250,80,8
Completed,0.9,2471,111,3066,897,169,6
Completed,0.89,7087,4862,2262,844,164,3
Completed,0.89,9225,3901,4921,688,144,2
Completed,0.89,6000,1004,1411,144,47,6
Completed,0.92,2380,2346,3172,996,207,9
Completed,0.9,3791,2754,347,416,109,3
Completed,0.9,4579,2936,4126,880,54,10
Completed,0.89,7040,1927,1894,460,137,5
Completed,0.9,5547,820,2710,687,118,2
Completed,0.9,3776,4317,1122,232,198,7
Completed,0.9,6606,4421,3462,364,249,6
Completed,0.9,2570,445,51,783,67,1
Completed,0.9,6738,1835,4547,74,188,4
Completed,0.91,4052,3264,4504,471,217,3
Completed,0.89,7569,1640,1666,926,96,8
Completed,0.92,2492,484,3732,215,154,10
Completed,0.88,5274,4390,1030,766,115,10
Completed,0.88,7357,4374,3685,642,64,8
Completed,0.92,1379,841,299,191,248,3
Completed,0.91,2877,2904,1696,494,184,7
Completed,0.91,2869,2776,2896,958,224,2
Completed,0.91,1623,2403,774,382,88,7
Completed,0.91,3992,971,4020,734,162,10
Completed,0.92,1547,291,1366,861,143,9
Completed,0.89,6276,1361,3433,27,108,6
Completed,0.9,3330,3463,555,575,205,1
Completed,0.88,7659,3510,3001,56,90,5
Completed,0.91,2681,1392,826,600,226,9
Completed,0.92,3485,236,3752,264,28,8
Completed,0.9,3554,4767,1480,713,239,8
Completed,0.9,4899,3972,3821,820,196,6
Completed,0.88,5920,1245,2193,272,120,1
Completed,0.92,2249,2286,3010,622,132,3
Completed,0.91,2047,2502,817,47,60,9
Completed,0.9,5022,3021,4596,504,98,5
Completed,0.91,1084,2155,1731,80,218,10
Completed,0.9,5056,723,3493,806,35,7
Completed,0.88,4840,4100,22,355,156,2
Completed,0.88,6400,4663,2680,241,168,1
Completed,0.89,4526,515,1151,665,24,6
Completed,0.91,4179,1585,4077,453,230,9
Completed,0.89,5665,3242,1941,904,87,4
Completed,0.9,5017,3359,4354,102,134,7
Completed,0.92,1858,398,2645,343,198,5
Completed,0.9,4696,4553,2039,396,192,8
Completed,0.91,5101,4185,4385,13,242,10
Completed,0.9,4613,678,1634,589,74,4
Completed,0.91,2401,2069,3632,299,179,3
Completed,0.88,9229,3068,199,847,13,8
Completed,0.9,5649,2652,3920,329,82,1
Completed,0.91,1496,2253,2412,780,234,6
Completed,0.88,6695,1096,2836,116,20,9
Completed,0.89,4689,4003,683,539,172,4
Completed,0.89,6238,4759,3337,931,152,5
Completed,0.92,689,143,490,480,39,10
Completed,0.9,4069,1485,4753,628,214,7
Completed,0.88,7753,3613,1260,205,102,2
Completed,0.88,8795,3736,3163,425,17,9
Completed,0.9,3091,1479,356,973,175,5
Completed,0.88,6165,4954,457,66,68,6
Completed,0.89,5935,3808,3116,467,111,8
Completed,0.91,2341,1057,873,890,202,2
Completed,0.91,3928,2449,3886,228,50,5
Completed,0.91,2310,2691,2289,679,138,10
Completed,0.91,3364,2873,3587,151,208,4
Completed,0.91,4054,873,4652,411,146,6
Completed,0.92,1858,391,1994,60,158,7
Completed,0.89,6829,1733,2742,833,92,10
Completed,0.91,3251,3367,1241,258,220,5
Completed,0.88,7163,3172,2540,747,63,6
Completed,0.89,6173,1694,974,172,128,1
Completed,0.91,3302,586,4288,944,124,4
Completed,0.62,343,1,511,1000,250,7
Completed,0.83,488,18,768,385,250,4
Completed,0.9,1980,2125,3096,573,149,10
Completed,0.89,5345,2921,981,350,93,2
Completed,0.9,5556,4998,4672,806,194,5
Completed,0.91,1775,129,1319,23,14,7
Completed,0.92,2879,268,4522,702,162,2
Completed,0.89,6373,4785,1469,473,108,8
Completed,0.92,1531,534,1209,1000,246,6
Completed,0.91,3120,1302,811,1000,240,4
Completed,0.92,2286,442,2946,190,171,10
Completed,0.92,2396,495,1933,717,250,4
Completed,0.91,2364,799,1353,1000,248,9
Completed,0.92,1600,385,1299,1000,242,2
Completed,0.92,3104,589,2363,115,249,4
Completed,0.9,1020,190,1088,604,250,6
Completed,0.92,2283,1250,889,1000,250,7
Completed,0.92,950,366,58,1000,182,2
Completed,0.91,2669,659,2095,368,250,1
Completed,0.92,2100,422,2135,1000,222,9
Completed,0.92,1759,313,2075,496,249,8
Completed,0.66,991,1,1734,840,250,1
Completed,0.91,1943,136,1711,1000,242,5
Completed,0.93,1515,479,580,1000,192,2
Completed,0.91,1261,2768,1,1000,194,2
Completed,0.92,2533,414,2744,2,203,2
Completed,0.92,2605,517,2756,735,188,10
Completed,0.91,2427,3119,335,1000,245,3
Completed,0.92,1521,2729,896,1000,250,7
Completed,0.92,2393,674,2224,1000,250,2
Completed,0.91,2407,1331,1247,1000,250,10
Completed,0.92,1387,190,1869,2,250,1
Completed,0.9,5426,1820,4717,196,247,3
Completed,0.92,2093,2457,2437,266,204,1
Completed,0.91,1035,183,1054,988,197,6
Completed,0.9,5159,3014,1336,626,153,1
Completed,0.91,3764,1327,1977,102,125,10
Completed,0.89,6243,3646,3938,822,180,2
Completed,0.93,2835,2366,3415,48,186,7
Failed,,,4397,2410,900,71,7
Failed,,,1620,2638,784,58,1
Failed,,,3789,4818,580,106,6
Failed,,,4082,403,272,45,5
Failed,,,1935,4550,422,82,9
Failed,,,4690,2996,216,2,4
Failed,,,3468,2141,394,33,6
Failed,,,4294,3450,952,130,8
Failed,,,4666,256,124,129,6
Failed,,,1084,870,653,102,5
Failed,,,1582,3853,156,20,23
Failed,,,4469,2630,376,120,246
Failed,,,4439,1286,221,42,1
Failed,,,1709,45,252,64,231
Failed,,,4107,4521,472,16,50
Failed,,,4020,370,903,123,163
Failed,,,2188,1,2,250,7
Failed,,,419,1,1000,2,10
Failed,,,713,2630,2,2,10
Failed,,,2613,1,2,250,10
Failed,,,421,1,965,2,10
Failed,,,4613,2184,486,80,185
Failed,,,2053,2715,269,31,98
Failed,,,3309,5,786,204,217
Failed,,,4320,3934,239,117,140
Failed,,,3803,1191,636,7,27
Failed,,,2315,2489,855,107,243
Failed,,,1397,4254,603,75,193
Failed,,,4761,3015,885,35,41
Failed,,,2725,4130,821,23,176
Failed,,,3643,2301,567,50,132
Failed,,,4028,3690,395,148,208
Failed,,,365,1,783,2,10
Failed,,,374,1,804,2,10
Failed,,,730,1,1000,2,10
Failed,,,131,1,2,250,6
Failed,,,2724,1,2,250,10
Failed,,,112,425,2,2,10
Failed,,,2439,1,2,250,10
Failed,,,799,1,1000,2,10
Failed,,,560,1,950,2,10
Failed,,,564,1,881,2,10
Failed,,,1776,1,2,250,7
Failed,,,2195,1,2,250,6
Failed,,,2743,1,2,2,10
Failed,,,2460,1,2,250,10
Failed,,,122,2537,2,2,10
Failed,,,410,1,898,2,10
Failed,,,101,471,2,2,10
Failed,,,391,1,824,2,10
Failed,,,647,1,1000,2,10
Failed,,,123,2506,2,2,10
Failed,,,111,1,2,2,7
Failed,,,94,419,2,2,10
Failed,,,2554,1,2,250,10
Failed,,,602,1,1000,2,10
Failed,,,128,2533,2,2,10
Failed,,,121,2512,2,2,10
Failed,,,527,1,916,2,10
Failed,,,533,1,902,2,10
Failed,,,125,2476,2,2,10
Failed,,,3157,1,2,2,10
Failed,,,421,1,780,2,10
Failed,,,2389,1,2,250,10
Failed,,,412,1,787,2,10
Failed,,,466,1,848,2,10
Failed,,,415,1,864,2,10
Failed,,,472,1,803,2,10
Failed,,,562,1,968,2,10
Failed,,,125,2503,2,2,10
Failed,,,423,1,778,2,10
Failed,,,2458,1,2,250,10
Failed,,,124,2509,2,2,10
Failed,,,109,506,2,2,10
Failed,,,441,1,644,2,10
Failed,,,124,2537,2,2,10
Failed,,,123,2548,2,2,10
Failed,,,2236,1,2,250,9
Failed,,,2240,1,2,250,7
Failed,,,2743,1,2,250,10
Failed,,,1686,1,2,250,6
Failed,,,434,1,788,2,10
Failed,,,438,1,827,2,10
Failed,,,621,1,1000,2,10
Failed,,,571,1,980,2,10
Failed,,,112,526,2,2,10
Failed,,,430,1,917,2,10
Failed,,,122,2491,2,2,10
Failed,,,113,490,2,2,10
Failed,,,123,2470,2,2,10
Failed,,,434,1,808,2,10
Failed,,,2609,1,2,250,10
Failed,,,600,1,1000,2,10
Failed,,,2443,1,2,250,10
Failed,,,126,2525,2,2,10
Failed,,,2652,1,2,250,10
Failed,,,2313,1,2,250,9
Failed,,,2340,1,2,250,10
Failed,,,818,1,2,250,10
Failed,,,123,2558,2,2,10
Failed,,,1674,1,2,250,6
Failed,,,587,1,1000,2,10
Failed,,,107,428,2,2,10
Failed,,,450,1,645,2,10
Failed,,,123,2533,2,2,10
Failed,,,541,1,987,2,10
Failed,,,481,1,972,2,10
Failed,,,129,1,2,2,5
Failed,,,444,1,935,2,10
Failed,,,124,2498,2,2,10
Failed,,,122,2469,2,2,10
Failed,,,2188,1,2,250,6
Failed,,,378,1,833,2,10
Failed,,,438,1,893,2,10
Failed,,,2602,1,2,250,10
Failed,,,453,1,928,2,10
Failed,,,408,1,749,2,10
Failed,,,170,1,698,2,10
Failed,,,439,1,758,2,10
Failed,,,571,1,934,2,10
Failed,,,640,1,1000,2,10
Failed,,,1770,1,2,250,6
Failed,,,2627,1,2,250,10
Failed,,,448,1,784,2,10
Failed,,,433,1,917,2,10
Failed,,,117,534,2,2,10
Failed,,,429,1,814,2,10
Failed,,,776,1,2,250,10
Failed,,,430,1,996,2,10
Failed,,,414,1,817,2,10
Failed,,,94,389,2,2,10
Failed,,,2661,1,2,250,10
Failed,,,2711,1,2,250,10
Failed,,,122,2542,2,2,10
Failed,,,125,2515,2,2,10
Failed,,,108,468,2,2,10
Failed,,,112,1,2,175,5
Failed,,,487,1,935,2,10
Failed,,,580,1,902,2,10
Failed,,,417,1,834,2,10
Failed,,,2387,1,2,250,10
Failed,,,409,1,884,2,10
Failed,,,424,1,833,2,10
Failed,,,1806,1,2,250,7
Failed,,,2364,1,2,250,9
Failed,,,125,2552,2,2,10
Failed,,,403,1,1000,2,10
Failed,,,124,2478,2,2,10
Failed,,,455,1,792,2,10
Failed,,,107,382,2,2,10
Failed,,,433,1,736,2,10
Failed,,,128,2516,2,2,10
Failed,,,2492,1,2,250,10
Failed,,,404,1,828,2,10
Failed,,,2292,1,2,250,9
Failed,,,1736,1,2,250,6
Failed,,,539,1,874,2,10
Failed,,,599,1,932,2,10
Failed,,,438,1,817,2,10
Failed,,,421,1,736,2,10
Failed,,,1789,1,2,250,6
Failed,,,110,542,2,2,10
Failed,,,407,1,755,2,10
Failed,,,2658,1,2,250,10
Failed,,,545,1,895,2,10
Failed,,,420,1,825,2,10
Failed,,,93,416,2,2,10
Failed,,,121,2467,2,2,10
Failed,,,2603,1,2,250,10
Failed,,,476,1,1000,2,10
Failed,,,449,1,928,2,10
Failed,,,481,1,817,2,10
Failed,,,126,2537,2,2,10
Failed,,,2445,1,2,250,10
Failed,,,2618,1,2,250,10
Failed,,,405,1,857,2,10
Failed,,,2191,1,2,250,6
Failed,,,126,2523,2,2,10
Failed,,,473,1,930,2,10
Failed,,,1675,1,2,250,7
Failed,,,2882,1,2,2,10
Failed,,,2267,1,2,250,8
Failed,,,436,1,719,2,10
Failed,,,148,1,714,2,10
Failed,,,99,403,2,2,10
Failed,,,126,2539,2,2,10
Failed,,,415,1,876,2,10
Failed,,,415,1,846,2,10
Failed,,,1751,1,2,250,7
Failed,,,2920,1,2,250,10
Failed,,,800,1,1000,2,10
Failed,,,182,1,763,2,10
Failed,,,468,1,1000,2,10
Failed,,,407,1,855,2,10
Failed,,,124,2549,2,2,10
Failed,,,413,1,860,2,10
Failed,,,124,2583,2,2,10
Failed,,,541,1,829,2,10
Failed,,,127,2560,2,2,10
Failed,,,124,2503,2,2,10
Failed,,,2182,1,2,250,7
Failed,,,396,1,860,2,10
Failed,,,1767,1,2,250,6
Failed,,,2236,1,2,250,8
Failed,,,1681,1,2,250,6
Failed,,,2588,1,2,250,10
Failed,,,620,1,1000,2,10
Failed,,,634,2422,2,2,10
Failed,,,108,1,2,2,7
Failed,,,492,1,774,2,10
Failed,,,409,1,1000,2,10
Failed,,,2199,1,2,250,7
Failed,,,447,1,1000,2,10
Failed,,,2187,1,2,250,7
Failed,,,407,1,749,2,10
Failed,,,121,2474,2,2,10
Failed,,,431,1,810,2,10
Failed,,,124,2552,2,2,10
Failed,,,2247,1,2,250,8
Failed,,,2180,1,2,250,7
Failed,,,124,2535,2,2,10
Failed,,,813,1,1000,2,10
Failed,,,481,1,929,2,10
Failed,,,100,506,2,2,10
Failed,,,2227,1,2,250,7
Failed,,,399,1,751,2,10
Failed,,,2768,1,2,250,10
Failed,,,124,2536,2,2,10
Failed,,,417,1,795,2,10
Failed,,,475,1,884,2,10
Failed,,,1680,1,2,250,7
Failed,,,391,1,959,2,10
Failed,,,2431,1,2,250,10
Failed,,,465,1,905,2,10
Failed,,,474,1,823,2,10
Failed,,,433,1,898,2,10
Failed,,,2202,1,2,250,8
Failed,,,2408,1,2,250,10
Failed,,,411,1,748,2,10
Failed,,,121,2459,2,2,10
Failed,,,2870,1,2,250,10
Failed,,,124,2492,2,2,10
Failed,,,2256,1,2,250,8
Failed,,,556,1,956,2,10
Failed,,,460,1,956,2,10
Failed,,,512,1,941,2,10
Failed,,,125,2485,2,2,10
Failed,,,441,1,1000,2,10
Failed,,,527,1,738,2,10
Failed,,,2825,1,2,2,10
Failed,,,438,1,997,2,10
Failed,,,428,1,848,2,10
Failed,,,2916,1,2,250,10
Failed,,,127,2540,2,2,10
Failed,,,2628,1,2,250,10
Failed,,,2227,1,2,250,8
Failed,,,445,1,832,2,10
Failed,,,427,1,747,2,10
Failed,,,414,1,680,2,10
Failed,,,446,1,932,2,10
Failed,,,424,1,921,2,10
Failed,,,466,1,862,2,10
Failed,,,94,425,2,2,10
Failed,,,423,1,819,2,10
Failed,,,826,1,2,250,10
Failed,,,106,391,2,2,10
Failed,,,2572,1,2,250,10
Failed,,,3790,1,2,2,10
Failed,,,537,1,1000,2,10
Failed,,,112,1,2,2,7
Failed,,,472,1,945,2,10
Failed,,,125,2510,2,2,10
Failed,,,477,1,702,2,10
Failed,,,2266,1,2,250,9
Failed,,,638,1,1000,2,10
Failed,,,2449,1,2,250,10
Failed,,,109,404,2,2,10
Failed,,,429,1,772,2,10
Failed,,,466,1,1000,2,10
Failed,,,122,2532,2,2,10
Failed,,,124,2516,2,2,10
Failed,,,124,2506,2,2,10
Failed,,,130,1,2,2,5
Failed,,,125,2508,2,2,10
Failed,,,581,1,905,2,10
Failed,,,122,2474,2,2,10
Failed,,,665,1,1000,2,10
Failed,,,397,1,973,2,10
Failed,,,123,2502,2,2,10
Failed,,,2237,1,2,250,8
Failed,,,819,1,1000,2,10
Failed,,,2208,1,2,250,8
Failed,,,468,1,805,2,10
Failed,,,396,1,792,2,10
Failed,,,437,1,907,2,10
Failed,,,2749,1,2,250,10
Failed,,,445,1,752,2,10
Failed,,,121,2536,2,2,10
Failed,,,2426,1,2,250,10
Failed,,,125,2494,2,2,10
Failed,,,100,405,2,2,10
Failed,,,2713,1,2,250,10
Failed,,,422,1,956,2,10
Failed,,,125,2496,2,2,10
Failed,,,492,1,798,2,10
Failed,,,423,1,798,2,10
Failed,,,3603,1,2,2,10
Failed,,,382,1,870,2,10
Failed,,,394,1,780,2,10
Failed,,,402,1,953,2,10
Failed,,,131,2533,2,2,10
Failed,,,127,2533,2,2,10
Failed,,,93,1,2,127,6
Failed,,,1022,1,2,250,10
Failed,,,1687,1,2,250,6
Failed,,,2615,1,2,250,10
Failed,,,462,1,839,2,10
Failed,,,479,1,1000,2,10
Failed,,,449,1,1000,2,10
Failed,,,531,1,888,2,10
Failed,,,441,1,831,2,10
Failed,,,120,2483,2,2,10
Failed,,,396,1,798,2,10
Failed,,,441,1,865,2,10
Failed,,,558,1,985,2,10
Failed,,,2756,1,2,250,10
Failed,,,97,404,2,2,10
Failed,,,505,1,1000,2,10
Failed,,,121,2465,2,2,10
Failed,,,433,1,698,2,10
Failed,,,543,1,823,2,10
Failed,,,2218,1,2,250,6
Failed,,,2430,1,2,250,10
Failed,,,120,2513,2,2,10
Failed,,,99,430,2,2,10
Failed,,,151,1,863,2,9
Failed,,,2404,1,2,250,10
Failed,,,2805,1,2,2,10
Failed,,,989,1,2,250,10
Failed,,,851,1,1000,2,10
Failed,,,470,1,839,2,10
Failed,,,125,2533,2,2,10
Failed,,,124,2473,2,2,10
Failed,,,536,1,957,2,10
Failed,,,2551,1,2,250,10
Failed,,,447,1,852,2,10
Failed,,,2901,1,2,250,10
Failed,,,411,1,868,2,10
Failed,,,447,1,978,2,10
Failed,,,443,1,906,2,10
Failed,,,2537,1,2,250,10
Failed,,,124,2513,2,2,10
Failed,,,124,2574,2,2,10
Failed,,,2430,1,2,250,9
Failed,,,512,1,946,2,10
Failed,,,442,1,901,2,10
Failed,,,123,2467,2,2,10
Failed,,,2253,1,2,250,9
Failed,,,148,1,741,2,8
Failed,,,2196,1,2,250,6
Failed,,,1681,1,2,250,7
Failed,,,2287,1,2,250,10
Failed,,,2504,1,2,250,10
Failed,,,119,1,2,237,6
Failed,,,414,1,923,2,10
Failed,,,444,1,856,2,10
Failed,,,136,1,657,2,8
Failed,,,422,1,751,2,10
Failed,,,440,1,968,2,10
Failed,,,587,1,915,2,10
Failed,,,520,1,906,2,10
Failed,,,2245,1,2,250,8
Failed,,,2480,1,2,250,10
Failed,,,412,1,849,2,10
Failed,,,99,442,2,2,10
Failed,,,497,1,979,2,10
Failed,,,764,1,1000,2,10
Failed,,,470,1,756,2,10
Failed,,,420,1,793,2,10
Failed,,,159,1,752,2,9
Failed,,,410,1,902,2,10
Failed,,,419,1,859,2,10
Failed,,,127,2487,2,2,10
Failed,,,96,442,2,2,10
Failed,,,650,1,2,250,10
Failed,,,406,1,1000,2,10
Failed,,,122,2566,2,2,10
Failed,,,2245,1,2,250,7
Failed,,,398,1,834,2,10
Failed,,,473,1,878,2,10
Failed,,,2209,1,2,250,8
Failed,,,2254,1,2,250,8
Failed,,,4777,1,2,2,10
Failed,,,412,1,873,2,10
Failed,,,1777,1,2,250,7
Failed,,,466,1,773,2,10
Failed,,,441,1,829,2,10
Failed,,,101,418,2,2,10
Failed,,,499,1,860,2,10
Failed,,,119,2464,2,2,10
Failed,,,468,1,703,2,10
Failed,,,148,1,711,2,9
Failed,,,125,2486,2,2,10
Failed,,,453,1,815,2,10
Failed,,,478,1,909,2,10
Failed,,,2632,1,2,250,10
Failed,,,455,1,788,2,10
Failed,,,1679,1,2,250,7
Failed,,,557,1,969,2,10
Failed,,,98,421,2,2,10
Failed,,,480,1,962,2,10
Failed,,,428,1,889,2,10
Failed,,,406,1,878,2,10
Failed,,,128,2501,2,2,10
Failed,,,821,1,1000,2,10
Failed,,,143,1,663,2,9
Failed,,,458,1,841,2,10
Failed,,,458,1,871,2,10
Failed,,,126,1,2,250,6
Failed,,,623,1,1000,2,10
Failed,,,121,2508,2,2,10
Failed,,,2583,1,2,250,10
Failed,,,790,1,1000,2,10
Failed,,,120,2516,2,2,10
Failed,,,754,1,1000,2,10
Failed,,,87,433,2,2,10
Failed,,,2456,1,2,250,10
Failed,,,445,1,1000,2,10
Failed,,,105,496,2,2,10
Failed,,,432,1,774,2,10
Failed,,,120,2462,2,2,10
Failed,,,90,1,2,91,7
Failed,,,125,2500,2,2,10
Failed,,,479,1,906,2,10
Failed,,,118,1,2,2,7
Failed,,,126,2495,2,2,10
Failed,,,427,1,756,2,10
Failed,,,385,1,853,2,10
Failed,,,2535,1,2,250,10
Failed,,,609,1,1000,2,10
Failed,,,441,1,924,2,10
Failed,,,124,2566,2,2,10
Failed,,,430,1,780,2,10
Failed,,,765,1,1000,2,10
Failed,,,458,1,819,2,10
Failed,,,504,1,930,2,10
Failed,,,2765,1,2,250,10
Failed,,,386,1,870,2,10
Failed,,,371,1,868,2,10
Failed,,,2181,1,2,250,6
Failed,,,389,1,797,2,10
Failed,,,125,2526,2,2,10
Failed,,,398,1,1000,2,10
Failed,,,1794,1,2,250,6
Failed,,,441,1,841,2,10
Failed,,,549,1,981,2,10
Failed,,,564,1,999,2,10
Failed,,,90,385,2,2,10
Failed,,,373,1,707,2,10
Failed,,,405,1,1000,2,10
Failed,,,676,1,1000,2,10
Failed,,,159,1,838,2,10
Failed,,,373,1,806,2,10
Failed,,,449,1,880,2,10
Failed,,,120,508,2,2,10
Failed,,,124,2485,2,2,10
Failed,,,1596,1,2,250,4
Failed,,,3668,1,2,2,10
Failed,,,447,1,903,2,10
Failed,,,535,1,962,2,10
Failed,,,401,1,744,2,10
Failed,,,2405,1,2,250,10
Failed,,,403,1,848,2,10
Failed,,,416,1,998,2,10
Failed,,,124,2530,2,2,10
Failed,,,2267,1,2,250,9
Failed,,,402,1,870,2,10
Failed,,,423,1,857,2,10
Failed,,,126,2485,2,2,10
Failed,,,121,2539,2,2,10
Failed,,,429,1,792,2,10
Failed,,,576,1,1000,2,10
Failed,,,123,2541,2,2,10
Failed,,,1678,1,2,250,6
Failed,,,2151,2810,656,6,6
Failed,,,1676,1,2,250,7
Failed,,,389,1,712,2,10
Failed,,,88,362,2,2,10
Failed,,,411,1,917,2,10
Failed,,,2230,1,2,250,9
Failed,,,96,419,2,2,10
Failed,,,483,1,1000,2,10
Failed,,,384,1,891,2,10
Failed,,,2248,1,2,250,8
Failed,,,368,1,2,250,10
Failed,,,524,1,858,2,10
Failed,,,2791,761,176,212,9
Failed,,,1350,4955,815,82,1
Failed,,,1548,860,370,146,7
Failed,,,2598,4830,634,31,4
Failed,,,4473,1380,42,235,2
Failed,,,455,1,784,2,10
Failed,,,127,2542,2,2,10
Failed,,,436,1,859,2,10
Failed,,,123,2476,2,2,10
Failed,,,121,2498,2,2,10
Failed,,,389,1,758,2,10
Failed,,,4144,1,2,2,10
Failed,,,112,1,2,206,5
Failed,,,719,1,1000,2,10
Failed,,,2244,1,2,250,8
Failed,,,2561,1,2,250,10
Failed,,,3107,1895,260,120,7
Failed,,,1658,3667,744,239,4
Failed,,,1573,101,987,174,8
Failed,,,3033,4344,2,59,2
Failed,,,4908,2178,658,198,5
Failed,,,1407,1683,312,3,9
Failed,,,2500,22,522,3,8
Failed,,,1633,2946,128,6,7
Failed,,,4683,977,2,177,7
Failed,,,2167,4500,334,9,9
Failed,,,3488,1967,527,5,10
Failed,,,2983,3233,358,6,6
Failed,,,1535,3590,941,3,4
Failed,,,2212,2782,9,224,10
Failed,,,725,1491,473,161,5
Failed,,,4666,2951,519,42,8
Failed,,,2513,1443,877,92,9
Failed,,,1474,2864,112,210,3
Failed,,,1276,1313,574,18,7
Failed,,,2706,2978,434,152,5
Failed,,,4581,813,777,106,1
Failed,,,923,3085,962,100,10
Failed,,,523,2304,540,70,8
Failed,,,4092,3412,461,201,1
Failed,,,3467,612,867,61,5
Failed,,,2398,3829,133,180,7
Failed,,,1901,1635,757,205,4
Failed,,,3333,2675,243,90,6
Failed,,,3957,1115,586,168,10
Failed,,,26,4421,415,34,3
Failed,,,1033,203,88,4,1
Failed,,,4982,4085,916,134,9
Failed,,,2841,309,559,248,6
Failed,,,1771,4152,449,117,4
Failed,,,1738,1028,530,216,2
Failed,,,2875,4686,482,86,8
Failed,,,4751,1837,826,164,7
Failed,,,948,3531,330,65,7
Failed,,,99,1813,173,99,6
Failed,,,4039,2648,843,229,3
Failed,,,3414,1064,500,25,2
Failed,,,1974,4633,515,144,10
Failed,,,2479,2395,390,240,1
Failed,,,3539,3161,625,126,9
Failed,,,4164,317,219,140,8
Failed,,,604,3974,797,6,5
Failed,,,849,693,704,39,4
Failed,,,4388,4849,284,170,6
Failed,,,2674,2351,607,50,3
Failed,,,1311,3186,405,183,9
Failed,,,1430,2241,913,123,5
Failed,,,2559,3320,87,242,7
Failed,,,4434,471,742,8,8
Failed,,,651,4743,232,221,8
Failed,,,406,525,271,191,10
Failed,,,4357,3782,724,72,2
Failed,,,3732,2197,69,182,3
Failed,,,2281,3345,928,52,7
Failed,,,2172,1183,54,83,4
Failed,,,3221,4527,943,218,8
Failed,,,3846,1683,350,48,9
Failed,,,297,2762,646,163,1
Failed,,,1146,1981,856,132,3
Failed,,,4715,3714,153,14,10
Failed,,,2990,1217,961,142,4
Failed,,,1619,4474,39,27,6
Failed,,,1690,1789,296,87,2
Failed,,,3073,2517,719,206,10
Failed,,,4947,961,125,36,6
Failed,,,1113,2604,185,46,5
Failed,,,263,2135,317,16,3
Failed,,,3882,3556,675,130,6
Failed,,,3257,155,20,116,10
Failed,,,2138,4310,971,250,2
Failed,,,2317,1467,97,150,9
Failed,,,3698,2819,894,19,1
Failed,,,4324,659,301,223,5
Failed,,,442,4902,692,104,8
Failed,,,686,371,810,74,6
Failed,,,4549,3941,202,189,4
Failed,,,2630,458,344,178,1
Failed,,,1513,3988,671,64,9
Failed,,,1393,577,147,244,3
Failed,,,2745,3883,849,114,6
Failed,,,4620,2327,444,128,10
Failed,,,805,3816,259,139,1
Failed,,,562,847,243,173,2
Failed,,,4209,4690,760,38,10
Failed,,,3584,1289,416,208,7
Failed,,,2437,3023,589,93,3
Failed,,,2018,255,464,58,8
Failed,,,3372,4185,541,176,4
Failed,,,3997,2025,135,66,1
Failed,,,144,3690,868,196,9
Failed,,,994,1659,634,230,10
Failed,,,4865,2807,367,96,3
Failed,,,2958,1592,225,21,4
Failed,,,1810,2701,772,155,7
Failed,,,1804,1596,716,122,8
Failed,,,2961,2714,295,237,1
Failed,,,4836,1155,888,2,5
Failed,,,1065,4579,891,166,3
Failed,,,60,49,610,136,5
Failed,,,3922,4243,377,2,7
Failed,,,3296,2049,783,236,9
Failed,,,1935,3509,206,121,2
Failed,,,2362,706,831,30,10
Failed,,,3500,4989,158,148,2
Failed,,,4125,1534,502,102,4
Failed,,,487,2925,486,232,6
Failed,,,888,2457,17,202,8
Failed,,,4505,3253,999,68,5
Failed,,,2744,573,670,147,9
Failed,,,1401,3868,341,29,2
Failed,,,1516,462,852,214,7
Failed,,,2625,4002,148,80,5
Failed,,,4500,2442,555,159,1
Failed,,,768,3367,552,9,2
Failed,,,367,1337,949,43,1
Failed,,,4240,3109,59,158,8
Failed,,,3615,915,653,80,7
Failed,,,2242,4796,355,214,5
Failed,,,2055,1919,730,186,6
Failed,,,3182,3623,278,55,4
Failed,,,3807,168,933,195,3
Failed,,,179,4137,76,76,10
Failed,,,1185,1169,427,110,9
Failed,,,4833,4387,568,225,1
Failed,,,3081,1785,773,56,6
Failed,,,1689,2502,227,186,4
Failed,,,1605,1222,485,250,10
Failed,,,3007,4488,531,115,2
Failed,,,4882,1644,188,130,3
Failed,,,1179,4382,124,136,7
Failed,,,192,164,378,166,6
Failed,,,3792,4124,613,36,3
Failed,,,3166,1934,207,207,2
Failed,,,2067,3628,786,88,10
Failed,,,2232,899,161,63,1
Failed,,,3633,4791,832,178,9
Failed,,,4257,1341,489,68,8
Failed,,,357,3124,503,203,5
Failed,,,776,2343,998,233,4
Failed,,,4620,3373,14,102,6
Failed,,,2540,2237,406,20,9
Failed,,,1442,3306,610,150,1
Failed,,,1327,2356,84,94,7
Failed,,,2660,3200,912,208,3
Failed,,,4535,356,256,38,2
Failed,,,891,3248,445,44,8
Failed,,,472,1530,58,10,10
Failed,,,4138,2912,946,129,2
Failed,,,3513,722,354,114,4
Failed,,,2346,4994,650,244,7
Failed,,,1953,2033,275,156,5
Failed,,,3286,3503,729,22,7
Failed,,,3911,54,73,224,9
Failed,,,77,4258,932,110,1
Failed,,,1065,977,569,76,3
Failed,,,4955,4585,430,194,10
Failed,,,2887,1025,38,176,8
Failed,,,1719,4672,958,57,4
Failed,,,1765,294,5,144,2
Failed,,,2844,4146,988,25,10
Failed,,,4719,1986,333,228,6
Failed,,,980,2801,827,16,6
Failed,,,150,2020,675,46,7
Failed,,,3992,3675,314,165,5
Failed,,,3367,270,970,85,2
Failed,,,2025,4191,17,216,8
Failed,,,2428,1274,891,184,3
Failed,,,3585,3017,97,50,9
Failed,,,4211,852,689,189,6
Failed,,,553,4704,300,74,4
Failed,,,817,486,202,104,5
Failed,,,4415,3821,813,223,8
Failed,,,2705,1328,113,126,1
Failed,,,1284,2983,879,240,9
Failed,,,1477,1428,431,52,3
Failed,,,2508,2858,572,181,7
Failed,,,4383,698,229,72,10
Failed,,,702,3935,741,172,10
Failed,,,438,654,761,138,8
Failed,,,4330,4888,247,8,1
Failed,,,3705,1482,589,242,5
Failed,,,2313,2825,419,124,7
Failed,,,2140,140,544,27,4
Failed,,,3248,4305,465,142,6
Failed,,,3873,2139,871,97,10
Failed,,,265,3570,136,231,3
Failed,,,1094,1852,366,197,1
Failed,,,4762,2609,631,67,9
Failed,,,4409,1491,464,57,3
Failed,,,3921,1222,985,2,2
Failed,,,1991,990,279,10,10
Failed,,,2982,4329,460,4,4
Failed,,,1602,1946,100,3,7
Failed,,,1140,3729,659,98,3
Failed,,,309,1698,842,64,5
Failed,,,3831,2768,170,198,7
Failed,,,3206,1178,514,60,8
Failed,,,2185,4513,497,174,2
Failed,,,2271,2202,622,210,9
Failed,,,3750,3359,389,91,3
Failed,,,4375,510,794,171,4
Failed,,,396,3777,218,40,6
Failed,,,659,808,285,6,8
Failed,,,4581,4730,707,140,5
Failed,,,4463,2208,352,3,10
Failed,,,3524,2854,842,5,6
Failed,,,1145,4966,4,166,7
Failed,,,2933,1131,391,9,9
Failed,,,2446,862,732,2,3
Failed,,,852,4863,776,191,2
Failed,,,589,332,726,221,1
Failed,,,4177,3980,274,106,8
Failed,,,3573,4943,792,181,8
Failed,,,1290,1540,369,7,3
Failed,,,182,3214,517,244,2
Failed,,,3303,1779,528,4,9
Failed,,,4283,387,738,6,10
Failed,,,4865,3595,34,2,7
Failed,,,945,118,392,5,5
Failed,,,38,2511,594,5,9
Failed,,,3608,676,307,3,7
Failed,,,3028,2682,981,7,10
Failed,,,2225,3058,134,4,5
Failed,,,1830,5000,506,2,1
Failed,,,1997,5000,2,2,1
Failed,,,2261,3914,679,7,8
Failed,,,1495,3332,285,2,8
Failed,,,2165,26,985,6,6
Failed,,,4327,1888,825,17,8
Failed,,,3763,1315,3,33,7
Failed,,,4176,4835,666,3,5
Failed,,,1228,4419,449,8,10
Failed,,,559,1437,775,4,8
Failed,,,3872,4274,928,7,7
Failed,,,3675,102,681,20,3
Failed,,,1162,1054,872,17,1
Failed,,,591,1,1000,2,10
Failed,,,515,1,790,2,10
Failed,,,124,2495,2,2,10
Failed,,,540,1,1000,2,10
Failed,,,124,2491,2,2,10
Failed,,,457,1,923,2,10
Failed,,,431,1,1000,2,10
Failed,,,860,1,1000,2,10
Failed,,,2301,1,2,250,10
Failed,,,2629,1,2,250,10
Failed,,,439,1,830,2,10
Failed,,,127,2498,2,2,10
Failed,,,101,414,2,2,10
Failed,,,405,1,911,2,10
Failed,,,127,2473,2,2,10
Failed,,,4273,5000,2,2,10
Failed,,,430,1,925,2,10
Failed,,,527,1,1000,2,10
Failed,,,95,390,2,2,10
Failed,,,123,2480,2,2,10
Failed,,,456,1,859,2,10
Failed,,,2475,1,2,250,10
Failed,,,124,2453,2,2,10
Failed,,,122,2499,2,2,10
Failed,,,421,1,799,2,10
Failed,,,122,2413,2,2,10
Failed,,,1853,2061,1000,250,1
Failed,,,134,5000,1000,2,1
Failed,,,4990,3268,1000,2,1
Failed,,,3675,3751,391,13,3
Failed,,,4577,3426,812,23,7
Failed,,,3156,4747,955,36,2
Failed,,,4372,2328,136,217,3
Failed,,,1817,351,422,13,5
Failed,,,4232,96,626,53,1
Failed,,,4632,4628,875,25,3
Failed,,,1303,1111,789,47,2
Failed,,,3251,1929,49,12,1
Failed,,,3998,654,392,87,2
Failed,,,3204,4132,617,135,4
Failed,,,1768,1764,24,38,9
Failed,,,1378,2720,511,78,5
Failed,,,372,1,898,2,10
Failed,,,2909,1,2,250,10
Failed,,,687,1,1000,2,10
Failed,,,400,1,873,2,10
Failed,,,124,2507,2,2,10
Failed,,,771,1,1000,2,10
Failed,,,2464,3147,71,17,5
Failed,,,1992,1067,946,118,6
Failed,,,3403,4647,55,248,4
Failed,,,4028,1798,648,14,3
Failed,,,116,2643,351,132,10
Failed,,,947,2175,152,162,9
Failed,,,4916,3517,853,47,1
Failed,,,4075,4698,894,60,6
Failed,,,902,2378,489,142,1
Failed,,,4469,1492,705,19,7
Failed,,,2743,3725,292,203,8
Failed,,,2454,3441,83,129,6
Failed,,,2561,1131,550,47,1
Failed,,,4604,3967,450,235,5
Failed,,,414,1307,917,91,10
Failed,,,652,4980,728,111,9
Failed,,,427,1,846,2,10
Failed,,,1726,1,2,250,6
Failed,,,416,1,810,2,10
Failed,,,4718,1,2,2,10
Failed,,,400,1,941,2,10
Failed,,,110,526,2,2,10
Failed,,,110,509,2,2,10
Failed,,,500,1,818,2,10
Failed,,,464,1,1000,2,10
Failed,,,83,337,2,2,10
Failed,,,128,2543,2,2,10
Failed,,,388,1,926,2,10
Failed,,,87,395,2,2,10
Failed,,,1967,2322,178,9,3
Failed,,,4975,1462,270,31,2
Failed,,,3552,2390,929,151,7
Failed,,,443,1,1000,2,10
Failed,,,2681,1,2,250,10
Failed,,,427,1,907,2,10
Failed,,,126,2465,2,2,10
Failed,,,414,1,1000,2,10
Failed,,,88,387,2,2,10
Failed,,,105,430,2,2,10
Failed,,,122,2475,2,2,10
Failed,,,406,1,817,2,10
Failed,,,559,1,968,2,10
Failed,,,441,1,860,2,10
Failed,,,124,2540,2,2,10
Failed,,,4224,1835,986,41,1
Failed,,,102,417,2,2,10
Failed,,,146,1,781,2,10
Failed,,,812,1,1000,2,10
Failed,,,125,2479,2,2,10
Failed,,,2574,1,2,250,10
Failed,,,107,1,2,2,7
Failed,,,458,1,881,2,10
Failed,,,121,2523,2,2,10
Failed,,,402,1,883,2,10
Failed,,,2904,1,2,250,10
Failed,,,1779,1,2,250,7
Failed,,,412,1,689,2,10
Failed,,,414,1,956,2,10
Failed,,,507,1,920,2,10
Failed,,,98,414,2,2,10
Failed,,,426,1,856,2,10
Failed,,,406,1,735,2,10
Failed,,,2414,1,2,250,10
Failed,,,131,1,504,2,8
Failed,,,126,2493,2,2,10
Failed,,,418,1,818,2,10
Failed,,,449,1,910,2,10
Failed,,,111,523,2,2,10
Failed,,,2897,1,2,250,10
Failed,,,122,2484,2,2,10
Failed,,,558,1,982,2,10
Failed,,,419,1,828,2,10
Failed,,,2233,1,2,250,7
Failed,,,3140,1,2,2,10
Failed,,,110,474,2,2,10
Failed,,,391,1,794,2,10
Failed,,,2465,1,2,250,10
Failed,,,774,1,1000,2,10
Failed,,,108,1,2,119,6
Failed,,,2398,1,2,250,10
Failed,,,837,1,1000,2,10
Failed,,,1579,1,2,250,4
Failed,,,100,365,2,2,10
Failed,,,513,1,1000,2,10
Failed,,,518,1,1000,2,10
Failed,,,439,1,917,2,10
Failed,,,125,2512,2,2,10
Failed,,,397,1,818,2,10
Failed,,,390,1,841,2,10
Failed,,,112,538,2,2,10
Failed,,,139,1,709,2,9
Failed,,,1881,4475,917,3,1
Failed,,,456,1,1000,2,10
Failed,,,4140,1,2,2,10
Failed,,,397,1,800,2,10
Failed,,,2249,1,2,250,8
Failed,,,454,1,1000,2,10
Failed,,,567,1,963,2,10
Failed,,,419,1,825,2,10
Failed,,,405,1,741,2,10
Failed,,,452,1,860,2,10
Failed,,,123,2477,2,2,10
Failed,,,413,1,675,2,10
Failed,,,2905,1,2,250,10
Failed,,,104,491,2,2,10
Failed,,,128,1,2,2,5
Failed,,,379,1,880,2,10
Failed,,,2751,1,2,2,10
Failed,,,123,2488,2,2,10
Failed,,,777,1,1000,2,10
Failed,,,2226,1,2,250,8
Failed,,,1774,1,2,250,6
Failed,,,124,2515,2,2,10
Failed,,,2272,1,2,250,9
Failed,,,2242,1,2,250,8
Failed,,,124,2547,2,2,10
Failed,,,514,1,1000,2,10
Failed,,,422,1,1000,2,10
Failed,,,458,1,892,2,10
Failed,,,100,1,2,2,5
Failed,,,118,424,2,2,10
Failed,,,4122,2597,773,22,3
Failed,,,4713,922,443,18,2
Failed,,,416,1,1000,2,10
Failed,,,122,2540,2,2,10
Failed,,,2205,1,2,250,9
Failed,,,432,1,742,2,10
Failed,,,2616,1,2,250,10
Failed,,,128,1,2,2,6
Failed,,,422,1,934,2,10
Failed,,,580,1,943,2,10
Failed,,,499,1,918,2,10
Failed,,,421,1,843,2,10
Failed,,,462,1,865,2,10
Failed,,,551,1,977,2,10
Failed,,,127,2549,2,2,10
Failed,,,407,1,873,2,10
Failed,,,2230,1,2,250,8
Failed,,,390,1,713,2,10
Failed,,,555,1,972,2,10
Failed,,,823,1,1000,2,10
Failed,,,3082,1,2,250,10
Failed,,,525,1,971,2,10
Failed,,,458,1,972,2,10
Failed,,,122,2534,2,2,10
Failed,,,417,1,857,2,10
Failed,,,404,1,779,2,10
Failed,,,121,2511,2,2,10
Failed,,,2808,1,2,2,10
Failed,,,2424,1,2,250,10
Failed,,,428,1,776,2,10
Failed,,,415,1,885,2,10
Failed,,,129,2488,2,2,10
Failed,,,482,1,733,2,10
Failed,,,123,2485,2,2,10
Failed,,,2415,1,2,250,10
Failed,,,455,1,931,2,10
Failed,,,523,1,980,2,10
Failed,,,558,1,1000,2,10
Failed,,,428,1,925,2,10
Failed,,,100,450,2,2,10
Failed,,,599,2455,2,2,10
Failed,,,423,1,927,2,10
Failed,,,375,1,921,2,10
Failed,,,436,1,787,2,10
Failed,,,2488,1,2,250,10
Failed,,,113,516,2,2,10
Failed,,,96,401,2,2,10
Failed,,,391,1,932,2,10
Failed,,,121,2471,2,2,10
Failed,,,124,2505,2,2,10
Failed,,,470,1,1000,2,10
Failed,,,482,1,1000,2,10
Failed,,,433,1,963,2,10
Failed,,,91,406,2,2,10
Failed,,,628,1,994,2,10
Failed,,,1787,1,2,250,7
Failed,,,2219,1,2,250,8
Failed,,,123,2499,2,2,10
Failed,,,2224,1,2,250,8
Failed,,,125,2527,2,2,10
Failed,,,2450,1,2,250,10
Failed,,,103,442,2,2,10
Failed,,,124,2480,2,2,10
Failed,,,126,2590,2,2,10
Failed,,,2241,1,2,250,8
Failed,,,411,1,879,2,10
Failed,,,428,1,835,2,10
Failed,,,522,1,860,2,10
Failed,,,3187,1,2,2,10
Failed,,,517,1,970,2,10
Failed,,,582,1,1000,2,10
Failed,,,561,1,917,2,10
Failed,,,96,443,2,2,10
Failed,,,535,1,937,2,10
Failed,,,564,1,1000,2,10
Failed,,,189,1,845,2,10
Failed,,,426,1,938,2,10
Failed,,,467,1,813,2,10
Failed,,,122,2480,2,2,10
Failed,,,2476,1,2,250,10
Failed,,,134,1,664,2,8
Failed,,,416,1,929,2,10
Failed,,,2462,1,2,250,10
Failed,,,535,1,790,2,10
Failed,,,375,1,1000,2,10
Failed,,,126,2511,2,2,10
Failed,,,2472,1,2,250,10
Failed,,,105,1,2,112,6
Failed,,,531,1,942,2,10
Failed,,,1702,1,2,250,8
Failed,,,2912,1,2,250,10
Failed,,,133,2461,2,2,10
Failed,,,407,1,880,2,10
Failed,,,428,1,799,2,10
Failed,,,2879,1,2,250,10
Failed,,,1677,1,2,250,6
Failed,,,2244,1,2,250,7
Failed,,,1773,1,2,250,6
Failed,,,815,1,1000,2,10
Failed,,,456,1,920,2,10
Failed,,,401,1,766,2,10
Failed,,,2885,1,2,250,10
Failed,,,483,1,875,2,10
Failed,,,1682,1,2,250,6
Failed,,,450,1,1000,2,10
Failed,,,150,1,788,2,9
Failed,,,429,1,832,2,10
Failed,,,121,2496,2,2,10
Failed,,,519,1,1000,2,10
Failed,,,95,457,2,2,10
Failed,,,445,1,954,2,10
Failed,,,433,1,805,2,10
Failed,,,123,2524,2,2,10
Failed,,,125,2554,2,2,10
Failed,,,403,1,806,2,10
Failed,,,1783,1,2,250,6
Failed,,,425,1,842,2,10
Failed,,,604,1,1000,2,10
Failed,,,480,1,920,2,10
Failed,,,1788,1,2,250,6
Failed,,,546,1,777,2,10
Failed,,,1798,1,2,250,6
Failed,,,432,1,1000,2,10
Failed,,,130,2544,2,2,10
Failed,,,104,1,2,20,6
Failed,,,3085,1,2,2,10
Failed,,,77,360,2,2,10
Failed,,,396,1,795,2,10
Failed,,,128,2467,2,2,10
Failed,,,446,1,1000,2,10
Failed,,,121,2528,2,2,10
Failed,,,2690,1,2,250,10
Failed,,,442,1,775,2,10
Failed,,,123,2496,2,2,10
Failed,,,619,1,1000,2,10
Failed,,,2639,1,2,250,10
Failed,,,121,2442,2,2,10
Failed,,,511,1,1000,2,10
Failed,,,798,1,1000,2,10
Failed,,,134,1,2,250,6
Failed,,,188,1,687,2,10
Failed,,,678,2690,2,2,10
Failed,,,2514,1,2,250,10
Failed,,,2872,1,2,2,10
Failed,,,159,1,773,2,10
Failed,,,466,1,824,2,10
Failed,,,417,1,851,2,10
Failed,,,389,1,873,2,10
Failed,,,2487,1,2,250,10
Failed,,,125,2580,2,2,10
Failed,,,2610,1,2,250,10
Failed,,,529,1,989,2,10
Failed,,,508,1,1000,2,10
Failed,,,492,1,776,2,10
Failed,,,125,2543,2,2,10
Failed,,,124,2462,2,2,10
Failed,,,123,2508,2,2,10
Failed,,,2196,1,2,250,8
Failed,,,491,1,895,2,10
Failed,,,4935,2182,648,10,3
Failed,,,469,1,853,2,10
Failed,,,539,1,1000,2,10
Failed,,,767,1,1000,2,10
Failed,,,92,405,2,2,10
Failed,,,99,354,2,2,10
Failed,,,418,1,1000,2,10
Failed,,,601,1,1000,2,10
Failed,,,390,1,780,2,10
Failed,,,92,410,2,2,10
Failed,,,467,1,986,2,10
Failed,,,801,1,1000,2,10
Failed,,,407,1,740,2,10
Failed,,,2433,1,2,250,10
Failed,,,2461,1,2,250,10
Failed,,,1753,4780,377,17,2
Failed,,,1769,1,2,250,6
Failed,,,2742,1,2,250,10
Failed,,,453,1,816,2,10
Failed,,,419,1,925,2,10
Failed,,,401,1,906,2,10
Failed,,,2235,1,2,250,8
Failed,,,123,2463,2,2,10
Failed,,,430,1,1000,2,10
Failed,,,2469,1,2,250,10
Failed,,,102,462,2,2,10
Failed,,,532,1,797,2,10
Failed,,,3489,1,2,2,10
Failed,,,428,1,1000,2,10
Failed,,,408,1,804,2,10
Failed,,,442,1,936,2,10
Failed,,,1689,1,2,250,7
Failed,,,99,406,2,2,10
Failed,,,125,2518,2,2,10
Failed,,,4124,1,2,2,10
Failed,,,2667,1,2,250,10
Failed,,,546,1,992,2,10
Failed,,,2301,1,2,250,9
Failed,,,132,1,538,2,8
Failed,,,446,1,788,2,10
Failed,,,129,2509,2,2,10
Failed,,,403,1,796,2,10
Failed,,,416,1,839,2,10
Failed,,,2226,1,2,250,7
Failed,,,414,1,809,2,10
Failed,,,454,1,971,2,10
Failed,,,4354,3838,69,14,1
Failed,,,2441,1,2,250,10
Failed,,,430,1,989,2,10
Failed,,,89,1,2,112,6
Failed,,,2625,1,2,250,10
Failed,,,2292,1,2,250,8
Failed,,,79,416,2,2,10
Failed,,,401,1,831,2,10
Failed,,,132,1,2,250,6
Failed,,,517,1,1000,2,10
Failed,,,2585,1,2,250,10
Failed,,,486,1,1000,2,10
Failed,,,478,1,1000,2,10
Failed,,,124,1,2,250,6
Failed,,,126,2534,2,2,10
Failed,,,524,1,816,2,10
Failed,,,1684,1,2,250,6
Failed,,,535,1,941,2,10
Failed,,,2705,1,2,250,10
Failed,,,445,1,918,2,10
Failed,,,125,2523,2,2,10
Failed,,,111,510,2,2,10
Failed,,,412,1,731,2,10
Failed,,,126,2571,2,2,10
Failed,,,503,1,1000,2,10
Failed,,,126,2488,2,2,10
Failed,,,122,2501,2,2,10
Failed,,,563,1,1000,2,10
Failed,,,127,2546,2,2,10
Failed,,,4295,5000,2,2,10
Failed,,,769,1,1000,2,10
Failed,,,2565,1,2,250,10
Failed,,,810,1,1000,2,10
Failed,,,1002,1,2,250,10
Failed,,,120,2461,2,2,10
Failed,,,122,2464,2,2,10
Failed,,,392,1,691,2,10
Failed,,,2874,1,2,250,10
Failed,,,838,1,1000,2,10
Failed,,,3530,1,2,2,10
Failed,,,2755,1,2,250,10
Failed,,,795,1,1000,2,10
Failed,,,783,1,1000,2,10
Failed,,,546,1,927,2,10
Failed,,,429,1,840,2,10
Failed,,,1742,1,2,250,6
Failed,,,2391,1,2,250,10
Failed,,,1561,280,543,31,1
Failed,,,805,1,1000,2,10
Failed,,,2436,1,2,250,10
Failed,,,579,1,1000,2,10
Failed,,,2259,1,2,250,7
Failed,,,448,1,853,2,10
Failed,,,471,1,856,2,10
Failed,,,2251,1,2,250,8
Failed,,,1718,1,2,250,6
Failed,,,450,1,930,2,10
Failed,,,123,2538,2,2,10
Failed,,,124,1,753,2,9
Failed,,,123,2511,2,2,10
Failed,,,145,1,728,2,9
Failed,,,2590,1,2,250,10
Failed,,,2206,1,2,250,6
Failed,,,448,1,933,2,10
Failed,,,521,1,965,2,10
Failed,,,153,1,780,2,10
Failed,,,2289,1,2,250,10
Failed,,,126,2535,2,2,10
Failed,,,529,1,1000,2,10
Failed,,,575,1,1000,2,10
Failed,,,456,1,906,2,10
Failed,,,504,1,1000,2,10
Failed,,,1690,1,2,250,7
Failed,,,459,1,821,2,10
Failed,,,84,393,2,2,10
Failed,,,463,1,890,2,10
Failed,,,1710,1,2,250,6
Failed,,,88,427,2,2,10
Failed,,,776,1,1000,2,10
Failed,,,558,1,941,2,10
Failed,,,763,1,1000,2,10
Failed,,,90,440,2,2,10
Failed,,,421,1,787,2,10
Failed,,,562,1,820,2,10
Failed,,,465,1,1000,2,10
Failed,,,2224,1,2,250,7
Failed,,,125,2541,2,2,10
Failed,,,122,2530,2,2,10
Failed,,,135,1,545,2,8
Failed,,,498,1,778,2,10
Failed,,,125,2519,2,2,10
Failed,,,2206,1,2,250,7
Failed,,,511,1,941,2,10
Failed,,,126,2568,2,2,10
Failed,,,2190,1,2,250,7
Failed,,,126,2499,2,2,10
Failed,,,94,375,2,2,10
Failed,,,1740,1,2,250,6
Failed,,,413,1,902,2,10
Failed,,,128,2555,2,2,10
Failed,,,1691,1,2,250,6
Failed,,,489,1,828,2,10
Failed,,,391,1,843,2,10
Failed,,,124,2546,2,2,10
Failed,,,590,1,1000,2,10
Failed,,,2419,1,2,250,10
Failed,,,124,2497,2,2,10
Failed,,,556,1,933,2,10
Failed,,,124,2496,2,2,10
Failed,,,447,1,992,2,10
Failed,,,3651,2312,758,8,1
Failed,,,407,1,830,2,10
Failed,,,1696,1,2,250,7
Failed,,,593,1,964,2,10
Failed,,,2228,1,2,250,7
Failed,,,480,1,989,2,10
Failed,,,609,1,979,2,10
Failed,,,413,1,782,2,10
Failed,,,2204,1,2,250,6
Failed,,,1711,1,2,250,6
Failed,,,588,1,1000,2,10
Failed,,,425,1,829,2,10
Failed,,,2324,1,2,250,10
Failed,,,809,1,1000,2,10
Failed,,,1760,1,2,250,6
Failed,,,740,1,1000,2,10
Failed,,,2377,1,2,250,10
Failed,,,114,1,2,2,5
Failed,,,397,1,917,2,10
Failed,,,2470,1,2,250,10
Failed,,,122,2539,2,2,10
Failed,,,400,1,736,2,10
Failed,,,2253,1,2,250,8
Failed,,,1675,1,2,250,6
Failed,,,136,1,649,2,9
Failed,,,752,1,1000,2,10
Failed,,,124,2520,2,2,10
Failed,,,87,413,2,2,10
Failed,,,2903,1,2,250,10
Failed,,,110,433,2,2,10
Failed,,,2409,1,2,250,10
Failed,,,124,2489,2,2,10
Failed,,,577,1,1000,2,10
Failed,,,2361,1,2,250,10
Failed,,,436,1,771,2,10
Failed,,,1669,1,2,250,7
Failed,,,593,1,1000,2,10
Failed,,,497,1,928,2,10
Failed,,,121,2559,2,2,10
Failed,,,126,2502,2,2,10
Failed,,,427,1,748,2,10
Failed,,,437,1,946,2,10
Failed,,,139,1,2,250,6
Failed,,,100,418,2,2,10
Failed,,,438,1,831,2,10
Failed,,,758,1,1000,2,10
Failed,,,445,1,826,2,10
Failed,,,126,2514,2,2,10
Failed,,,2422,1,2,250,10
Failed,,,2597,1,2,250,10
Failed,,,2793,1,2,2,10
Failed,,,2208,1,2,250,7
Failed,,,2232,1,2,250,8
Failed,,,2881,1,2,250,10
Failed,,,3746,1,2,2,10
Failed,,,1713,1,2,250,7
Failed,,,596,1,1000,2,10
Failed,,,123,2483,2,2,10
Failed,,,516,1,979,2,10
Failed,,,89,372,2,2,10
Failed,,,2246,1,2,250,8
Failed,,,666,1,2,250,10
Failed,,,568,1,906,2,10
Failed,,,2231,1,2,250,8
Failed,,,2421,1,2,250,10
Failed,,,473,1,915,2,10
Failed,,,127,2519,2,2,10
Failed,,,404,1,1000,2,10
Failed,,,102,416,2,2,10
Failed,,,493,1,1000,2,10
Failed,,,144,1,724,2,10
Failed,,,510,1,1000,2,10
Failed,,,634,2497,2,2,10
Failed,,,125,2561,2,2,10
Failed,,,744,1,1000,2,10
Failed,,,123,2504,2,2,10
Failed,,,447,1,742,2,10
Failed,,,455,1,845,2,10
Failed,,,409,1,910,2,10
Failed,,,3374,2747,171,13,3
Failed,,,528,1,907,2,10
Failed,,,2229,1,2,250,8
Failed,,,127,2565,2,2,10
Failed,,,803,1,1000,2,10
Failed,,,2211,1,2,250,7
Failed,,,540,1,900,2,10
Failed,,,2722,1,2,250,10
Failed,,,99,1,2,94,7
Failed,,,412,1,875,2,10
Failed,,,125,2463,2,2,10
Failed,,,534,1,962,2,10
Failed,,,122,2498,2,2,10
Failed,,,2265,1,2,250,8
Failed,,,1785,1,2,250,7
Failed,,,2434,1,2,250,10
Failed,,,434,1,864,2,10
Failed,,,2241,1,2,250,7
Failed,,,468,1,956,2,10
Failed,,,538,1,1000,2,10
Failed,,,125,2587,2,2,10
Failed,,,125,2524,2,2,10
Failed,,,589,1,959,2,10
Failed,,,94,440,2,2,10
Failed,,,2278,1,2,250,9
Failed,,,532,1,1000,2,10
Failed,,,417,1,1000,2,10
Failed,,,122,2471,2,2,10
Failed,,,491,1,854,2,10
Failed,,,407,1,709,2,10
Failed,,,599,1,1000,2,10
Failed,,,2467,1,2,250,10
Failed,,,4309,5000,2,2,10
Failed,,,1694,1,2,250,6
Failed,,,427,1,1000,2,10
Failed,,,629,1,1000,2,10
Failed,,,530,1,1000,2,10
Failed,,,749,1,1000,2,10
Failed,,,1698,1,2,250,6
Failed,,,124,2567,2,2,10
Failed,,,410,1,988,2,10
Failed,,,156,1,2,2,2
Failed,,,2233,1,2,250,8
Failed,,,1667,1,2,250,7
Failed,,,429,1,932,2,10
Failed,,,1738,1,2,250,6
Failed,,,2888,1,2,250,10
Failed,,,104,467,2,2,10
Failed,,,1730,1,2,250,6
Failed,,,123,2490,2,2,10
Failed,,,2471,1,2,250,10
Failed,,,84,348,2,2,10
Failed,,,766,1,1000,2,10
Failed,,,122,2494,2,2,10
Failed,,,513,1,898,2,10
Failed,,,474,1,1000,2,10
Failed,,,94,386,2,2,10
Failed,,,97,391,2,2,10
Failed,,,129,1,2,2,6
Failed,,,416,1,871,2,10
Failed,,,531,1,890,2,10
Failed,,,2857,1,2,250,10
Failed,,,476,1,916,2,10
Failed,,,2677,1,2,250,10
Failed,,,126,2506,2,2,10
Failed,,,1766,1,2,250,6
Failed,,,127,2530,2,2,10
Failed,,,492,1,840,2,10
Failed,,,572,1,914,2,10
Failed,,,802,1,1000,2,10
Failed,,,1792,1,2,250,6
Failed,,,2212,1,2,250,8
Failed,,,464,1,762,2,10
Failed,,,533,1,868,2,10
Failed,,,442,1,962,2,10
Failed,,,478,1,999,2,10
Failed,,,2468,1,2,250,10
Failed,,,1746,1,2,250,7
Failed,,,2258,1,2,250,9
Failed,,,415,1,1000,2,10
Failed,,,2892,1,2,250,10
Failed,,,408,1,1000,2,10
Failed,,,123,1,2,2,5
Failed,,,521,1,982,2,10
Failed,,,610,1,1000,2,10
Failed,,,598,1,1000,2,10
Failed,,,2219,1,2,250,7
Failed,,,1691,1,2,250,7
Failed,,,504,1,850,2,10
Failed,,,2633,1,2,250,10
Failed,,,2247,1,2,250,9
Failed,,,557,1,1000,2,10
Failed,,,416,1,859,2,10
Failed,,,93,447,2,2,10
Failed,,,425,1,863,2,10
Failed,,,452,1,760,2,10
Failed,,,127,2496,2,2,10
Failed,,,418,1,841,2,10
Failed,,,1735,1,2,250,6
Failed,,,95,393,2,2,10
Failed,,,816,1,1000,2,10
Failed,,,570,1,1000,2,10
Failed,,,2898,1,2,250,10
Failed,,,119,2446,2,2,10
Failed,,,123,2486,2,2,10
Failed,,,434,1,1000,2,10
Failed,,,608,1,1000,2,10
Failed,,,142,1,716,2,9
Failed,,,459,1,1000,2,10
Failed,,,99,401,2,2,10
Failed,,,1693,1,2,250,6
Failed,,,2614,402,146,4,1
Failed,,,1687,1,2,250,7
Failed,,,584,1,952,2,10
Failed,,,124,2499,2,2,10
Failed,,,407,1,813,2,10
Failed,,,4897,1,2,2,10
Failed,,,106,382,2,2,10
Failed,,,122,1,2,2,5
Failed,,,123,2479,2,2,10
Failed,,,536,1,930,2,10
Failed,,,1745,1,2,250,7
Failed,,,522,1,1000,2,10
Failed,,,1765,1,2,250,7
Failed,,,446,1,900,2,10
Failed,,,1744,1,2,250,6
Failed,,,2252,1,2,250,7
Failed,,,141,1,2,2,4
Failed,,,415,1,946,2,10
Failed,,,597,1,1000,2,10
Failed,,,1752,1,2,250,7
Failed,,,471,1,880,2,10
Failed,,,475,1,1000,2,10
Failed,,,2220,1,2,250,7
Failed,,,817,1,1000,2,10
Failed,,,443,1,828,2,10
Failed,,,418,1,891,2,10
Failed,,,585,1,1000,2,10
Failed,,,1725,1,2,250,6
Failed,,,2191,1,2,250,7
Failed,,,2880,1,2,250,10
Failed,,,422,1,827,2,10
Failed,,,743,1,1000,2,10
Failed,,,1759,1,2,250,6
Failed,,,127,2513,2,2,10
Failed,,,2189,1,2,250,7
Failed,,,395,1,1000,2,10
Failed,,,501,1,1000,2,10
Failed,,,98,445,2,2,10
Failed,,,124,2529,2,2,10
Failed,,,125,2460,2,2,10
Failed,,,161,1,658,2,10
Failed,,,455,1,913,2,10
Failed,,,109,491,2,2,10
Failed,,,1724,1,2,250,6
Failed,,,509,1,1000,2,10
Failed,,,792,1,1000,2,10
Failed,,,1739,1,2,250,7
Failed,,,562,1,1000,2,10
Failed,,,2240,1,2,250,8
Failed,,,428,1,795,2,10
Failed,,,2466,1,2,250,10
Failed,,,347,1,882,2,10
Failed,,,118,2456,2,2,10
Failed,,,129,1,554,2,8
Failed,,,2624,1,2,250,10
Failed,,,473,1,1000,2,10
Failed,,,1701,1,2,250,7
Failed,,,418,1,836,2,10
Failed,,,458,1,1000,2,10
Failed,,,1745,1,2,250,6
Failed,,,2653,1,2,250,10
Failed,,,1727,1,2,250,6
Failed,,,410,1,901,2,10
Failed,,,4835,1803,122,6,2
Failed,,,107,1,2,2,5
Failed,,,525,1,908,2,10
Failed,,,125,2504,2,2,10
Failed,,,432,1,756,2,10
Failed,,,1728,1,2,250,6
Failed,,,2454,1,2,250,10
Failed,,,127,1,2,2,6
Failed,,,2213,1,2,250,7
Failed,,,444,1,784,2,10
Failed,,,454,1,863,2,10
Failed,,,1805,1,2,250,6
Failed,,,436,1,2,2,10
Failed,,,2452,1,2,250,10
Failed,,,379,1,812,2,10
Failed,,,4411,3257,955,10,1
Failed,,,2187,1,2,250,6
Failed,,,2859,1,2,250,10
Failed,,,1775,1,2,250,7
Failed,,,422,1,745,2,10
Failed,,,2230,1,2,250,7
Failed,,,1758,1,2,250,8
Failed,,,124,2531,2,2,10
Failed,,,2250,1,2,250,8
Failed,,,406,1,948,2,10
Failed,,,174,1,721,2,10
Failed,,,1695,1,2,250,6
Failed,,,2631,1,2,250,10
Failed,,,94,433,2,2,10
Failed,,,489,1,839,2,10
Failed,,,126,2494,2,2,10
Failed,,,1689,1,2,250,6
Failed,,,152,1,871,2,9
Failed,,,125,2497,2,2,10
Failed,,,123,2417,2,2,10
Failed,,,2231,1,2,250,7
Failed,,,123,2557,2,2,10
Failed,,,124,2528,2,2,10
Failed,,,412,1,1000,2,10
Failed,,,432,1,884,2,10
Failed,,,123,2525,2,2,10
Failed,,,2383,1,2,250,10
Failed,,,483,1,888,2,10
Failed,,,2623,1,2,250,10
Failed,,,2197,1,2,250,7
Failed,,,1688,1,2,250,6
Failed,,,497,1,694,2,10
Failed,,,2222,1,2,250,8
Failed,,,576,1,877,2,10
Failed,,,120,2543,2,2,10
Failed,,,380,1,848,2,10
Failed,,,501,1,905,2,10
Failed,,,1697,1,2,250,6
Failed,,,125,2528,2,2,10
Failed,,,545,1,1000,2,10
Failed,,,147,1,1000,2,9
Failed,,,2202,1,2,250,6
Failed,,,1742,1,2,250,7
Failed,,,455,1,1000,2,10
Failed,,,1770,1,2,250,7
Failed,,,121,1,2,2,7
Failed,,,125,2517,2,2,10
Failed,,,1682,1,2,250,7
Failed,,,426,1,768,2,10
Failed,,,1768,1,2,250,7
Failed,,,1760,1,2,250,7
Failed,,,457,1,1000,2,10
Failed,,,92,398,2,2,10
Failed,,,2215,1,2,250,7
Failed,,,1708,1,2,250,6
Failed,,,544,1,1000,2,10
Failed,,,2195,1,2,250,7
Failed,,,126,2541,2,2,10
Failed,,,4136,1,2,2,10
Failed,,,2645,1,2,250,10
Failed,,,1757,1,2,250,6
Failed,,,2643,1,2,250,10
Failed,,,444,1,864,2,10
Failed,,,2282,1,2,250,10
Failed,,,3769,1,2,2,10
Failed,,,496,1,1000,2,10
Failed,,,2228,1,2,250,8
Failed,,,124,1,2,2,5
Failed,,,2453,1,2,250,10
Failed,,,2586,1,2,250,10
Failed,,,422,1,840,2,10
Failed,,,2179,1,2,250,6
Failed,,,2177,1,2,250,7
Failed,,,549,1,1000,2,10
Failed,,,544,1,826,2,10
Failed,,,433,1,896,2,10
Failed,,,550,1,1000,2,10
Failed,,,2315,1,2,250,10
Failed,,,1705,1,2,250,7
Failed,,,3821,264,255,14,4
Failed,,,108,466,2,2,10
Failed,,,418,1,897,2,10
Failed,,,123,2489,2,2,10
Failed,,,1735,1,2,250,7
Failed,,,122,2416,2,2,10
Failed,,,520,1,841,2,10
Failed,,,2900,1,2,250,10
Failed,,,1695,1,2,250,7
Failed,,,2873,1,2,250,10
Failed,,,483,1,912,2,10
Failed,,,124,2570,2,2,10
Failed,,,1851,1,2,250,6
Failed,,,569,1,1000,2,10
Failed,,,389,1,843,2,10
Failed,,,882,4045,211,4,2
Failed,,,397,1,801,2,10
Failed,,,126,1,2,2,5
Failed,,,568,1,1000,2,10
Failed,,,123,2498,2,2,10
Failed,,,108,535,2,2,10
Failed,,,384,1,737,2,10
Failed,,,1761,1,2,250,6
Failed,,,106,501,2,2,10
Failed,,,420,1,874,2,10
Failed,,,1752,1,2,250,6
Failed,,,384,1,977,2,10
Failed,,,1782,1,2,250,6
Failed,,,450,1,795,2,10
Failed,,,590,2504,2,2,10
Failed,,,4713,1,2,2,10
Failed,,,2906,1,2,250,10
Failed,,,559,1,776,2,10
Failed,,,426,1,820,2,10
Failed,,,560,1,943,2,10
Failed,,,124,2486,2,2,10
Failed,,,413,1,1000,2,10
Failed,,,120,2465,2,2,10
Failed,,,1739,1,2,250,6
Failed,,,119,2511,2,2,10
Failed,,,124,2576,2,2,10
Failed,,,131,2490,2,2,10
Failed,,,408,1,893,2,10
Failed,,,120,2444,2,2,10
Failed,,,469,1,1000,2,10
Failed,,,806,1,1000,2,10
Failed,,,1688,1,2,250,7
Failed,,,565,1,684,2,10
Failed,,,107,1,2,175,5
Failed,,,2493,1,2,250,10
Failed,,,1749,1,2,250,6
Failed,,,1737,1,2,250,6
Failed,,,95,443,2,2,10
Failed,,,435,1,1000,2,10
Failed,,,113,1,2,2,7
Failed,,,436,1,1000,2,10
Failed,,,133,1,2,250,6
Failed,,,1707,1,2,250,6
Failed,,,559,1,938,2,10
Failed,,,2365,1,2,250,10
Failed,,,344,1,828,2,10
Failed,,,423,1,923,2,10
Failed,,,425,1,1000,2,10
Failed,,,2261,1,2,250,8
Failed,,,2877,1,2,2,10
Failed,,,1715,1,2,250,6
Failed,,,126,1,2,2,6
Failed,,,410,1,1000,2,10
Failed,,,1706,1,2,250,7
Failed,,,526,1,1000,2,10
Failed,,,466,1,772,2,10
Failed,,,2895,1,2,250,10
Failed,,,405,1,807,2,10
Failed,,,2221,1,2,250,8
Failed,,,125,2511,2,2,10
Failed,,,424,1,796,2,10
Failed,,,124,2525,2,2,10
Failed,,,549,1,968,2,10
Failed,,,443,1,804,2,10
Failed,,,500,1,917,2,10
Failed,,,578,1,1000,2,10
Failed,,,1784,1,2,250,7
Failed,,,480,1,1000,2,10
Failed,,,1776,1,2,250,6
Failed,,,542,1,860,2,10
Failed,,,420,1,788,2,10
Failed,,,1700,1,2,250,6
Failed,,,558,1,881,2,10
Failed,,,119,2534,2,2,10
Failed,,,155,1,743,2,10
Failed,,,433,1,1000,2,10
Failed,,,125,1,2,2,6
Failed,,,525,1,1000,2,10
Failed,,,448,1,908,2,10
Failed,,,1756,1,2,250,7
Failed,,,1747,1,2,250,7
Failed,,,124,2501,2,2,10
Failed,,,814,1,1000,2,10
Failed,,,2509,1,2,250,10
Failed,,,547,1,1000,2,10
Failed,,,122,1,2,250,6
Failed,,,122,2510,2,2,10
Failed,,,2198,1,2,250,6
Failed,,,825,1,1000,2,10
Failed,,,129,2530,2,2,10
Failed,,,2206,1,2,250,8
Failed,,,402,1,902,2,10
Failed,,,123,2555,2,2,10
Failed,,,2448,1,2,250,10
Failed,,,382,1,651,2,10
Failed,,,2594,1,2,250,10
Failed,,,1666,1,2,250,7
Failed,,,1755,1,2,250,7
Failed,,,4576,1,2,2,10
Failed,,,1731,1,2,250,6
Failed,,,122,2462,2,2,10
Failed,,,822,1,1000,2,10
Failed,,,425,1,798,2,10
Failed,,,2692,1,2,2,10
Failed,,,1785,1,2,250,6
Failed,,,123,2540,2,2,10
Failed,,,520,1,1000,2,10
Failed,,,567,1,1000,2,10
Failed,,,1709,1,2,250,6
Failed,,,515,1,883,2,10
Failed,,,123,2520,2,2,10
Failed,,,2225,1,2,250,7
Failed,,,2378,1,2,250,10
Failed,,,396,1,765,2,10
Failed,,,1678,1,2,250,7
Failed,,,420,1,1000,2,10
Failed,,,432,1,740,2,10
Failed,,,2447,1,2,250,10
Failed,,,1696,1,2,250,6
Failed,,,461,1,1000,2,10
Failed,,,1756,1,2,250,6
Failed,,,116,2425,2,2,10
Failed,,,2221,1,2,250,7
Failed,,,385,1,709,2,10
Failed,,,553,1,853,2,10
Failed,,,1784,1,2,250,6
Failed,,,390,1,813,2,10
Failed,,,1734,1,2,250,6
Failed,,,128,2529,2,2,10
Failed,,,630,1,1000,2,10
Failed,,,1721,1,2,250,6
Failed,,,123,1,2,2,6
Failed,,,1716,1,2,250,6
Failed,,,412,1,871,2,10
Failed,,,2185,1,2,250,7
Failed,,,1671,1,2,250,6
Failed,,,535,1,1000,2,10
Failed,,,477,1,1000,2,10
Failed,,,408,1,997,2,10
Failed,,,1779,1,2,250,6
Failed,,,1715,1,2,250,7
Failed,,,543,1,1000,2,10
Failed,,,4033,1522,580,22,1
Failed,,,1429,2445,896,11,2
Failed,,,118,2501,2,2,10
Failed,,,426,1,1000,2,10
Failed,,,117,1,2,250,6
Failed,,,2238,1,2,250,7
Failed,,,119,2492,2,2,10
Failed,,,118,2493,2,2,10
Failed,,,510,1,895,2,10
Failed,,,424,1,1000,2,10
Failed,,,574,1,1000,2,10
Failed,,,1758,1,2,250,6
Failed,,,2871,1,2,250,10
Failed,,,404,1,835,2,10
Failed,,,121,2503,2,2,10
Failed,,,4614,4495,128,18,3
Failed,,,2177,1,2,250,6
Failed,,,2970,1,2,2,10
Failed,,,2360,1,2,250,10
Failed,,,404,1,762,2,10
Failed,,,374,1,924,2,10
Failed,,,105,381,2,2,10
Failed,,,117,2508,2,2,10
Failed,,,114,1,2,2,7
Failed,,,116,2466,2,2,10
Failed,,,497,1,937,2,10
Failed,,,2196,1,2,250,7
Failed,,,519,1,890,2,10
Failed,,,2437,1,2,250,10
Failed,,,119,2531,2,2,10
Failed,,,1747,1,2,250,6
Failed,,,2455,1,2,250,10
Failed,,,497,1,1000,2,10
Failed,,,772,1,1000,2,10
Failed,,,1762,1,2,250,6
Failed,,,374,1,824,2,10
Failed,,,425,1,901,2,10
Failed,,,2478,1,2,250,10
Failed,,,547,1,884,2,10
Failed,,,110,527,2,2,10
Failed,,,2238,1,2,250,8
Failed,,,389,1,811,2,10
Failed,,,2875,1,2,250,10
Failed,,,120,2494,2,2,10
Failed,,,121,2483,2,2,10
Failed,,,2217,1,2,250,7
Failed,,,1865,2654,62,6,2
Failed,,,2292,1,2,250,10
Failed,,,1714,1,2,250,6
Failed,,,481,1,1000,2,10
Failed,,,120,2485,2,2,10
Failed,,,348,1,847,2,10
Failed,,,471,1,1000,2,10
Failed,,,1734,1,2,250,7
Failed,,,97,1,2,2,6
Failed,,,412,1,853,2,10
Failed,,,1790,1,2,250,7
Failed,,,99,465,2,2,10
Failed,,,1694,1,2,250,7
Failed,,,91,1,2,146,6
Failed,,,119,1,2,2,5
Failed,,,117,2488,2,2,10
Failed,,,389,1,1000,2,10
Failed,,,1750,1,2,250,6
Failed,,,357,1,891,2,10
Failed,,,415,1,773,2,10
Failed,,,117,2478,2,2,10
Failed,,,104,1,2,2,7
Failed,,,793,1,1000,2,10
Failed,,,555,1,973,2,10
Failed,,,1781,1,2,250,6
Failed,,,542,1,1000,2,10
Failed,,,106,1,2,149,6
Failed,,,117,2494,2,2,10
Failed,,,421,1,908,2,10
Failed,,,120,2490,2,2,10
Failed,,,780,1,1000,2,10
Failed,,,4222,3577,496,26,2
Failed,,,431,1,816,2,10
Failed,,,2198,1,2,250,7
Failed,,,119,2509,2,2,10
Failed,,,384,1,656,2,10
Failed,,,421,1,1000,2,10
Failed,,,1713,1,2,250,6
Failed,,,121,2484,2,2,10
Failed,,,1767,1,2,250,7
Failed,,,427,1,863,2,10
Failed,,,553,1,1000,2,10
Failed,,,121,2560,2,2,10
Failed,,,92,361,2,2,10
Failed,,,595,1,1000,2,10
Failed,,,109,1,2,2,7
Failed,,,4961,2292,419,35,1
Failed,,,2223,1,2,250,8
Failed,,,117,1,2,2,7
Failed,,,417,1,745,2,10
Failed,,,95,459,2,2,10
Failed,,,607,2484,2,2,10
Failed,,,1753,1,2,250,7
Failed,,,394,1,946,2,10
Failed,,,111,1,2,2,5
Failed,,,1710,1,2,250,7
Failed,,,407,1,839,2,10
Failed,,,120,2486,2,2,10
Failed,,,3168,1,2,2,10
Failed,,,2559,1,2,250,10
Failed,,,571,1,1000,2,10
Failed,,,420,1,886,2,10
Failed,,,92,438,2,2,10
Failed,,,2209,1,2,250,7
Failed,,,2212,1,2,250,7
Failed,,,120,2498,2,2,10
Failed,,,2392,1,2,250,10
Failed,,,2750,1,2,250,10
Failed,,,580,1,1000,2,10
Failed,,,427,1,861,2,10
Failed,,,591,1,937,2,10
Failed,,,2181,1,2,250,7
Failed,,,556,1,1000,2,10
Failed,,,95,452,2,2,10
Failed,,,1772,1,2,250,6
Failed,,,1703,1,2,250,7
Failed,,,441,1,891,2,10
Failed,,,823,1,2,2,10
Failed,,,2438,1,2,250,10
Failed,,,788,1,1000,2,10
Failed,,,1740,1,2,250,7
Failed,,,425,1,772,2,10
Failed,,,115,2467,2,2,10
Failed,,,524,1,903,2,10
Failed,,,526,1,953,2,10
Failed,,,2237,1,2,250,7
Failed,,,117,1,2,2,5
Failed,,,786,1,1000,2,10
Failed,,,795,1,2,250,10
Failed,,,2201,1,2,250,7
Failed,,,555,1,1000,2,10
Failed,,,1738,1,2,250,7
Failed,,,120,2474,2,2,10
Failed,,,1367,4018,486,13,1
Failed,,,119,2532,2,2,10
Failed,,,1736,1,2,250,7
Failed,,,100,1,2,2,6
Failed,,,126,1,2,183,5
Failed,,,1754,1,2,250,6
Failed,,,1771,1,2,250,7
Failed,,,389,1,835,2,10
Failed,,,2542,1,2,250,10
Failed,,,1192,2964,627,148,10
Failed,,,3944,712,208,44,5
Failed,,,4820,3365,326,32,4
Failed,,,1428,4801,117,93,6
Failed,,,4416,4128,152,150,1
Failed,,,448,1887,696,38,6
Failed,,,1830,2711,408,213,9
Failed,,,775,1,1000,2,10
Failed,,,2562,1,2,250,10
Failed,,,426,1,876,2,10
Failed,,,101,1,2,19,6
Failed,,,430,1,855,2,10
Failed,,,523,1,1000,2,10
Failed,,,1754,1,2,250,7
Failed,,,503,1,943,2,10
Failed,,,3486,1,2,2,10
Failed,,,2097,1837,662,89,9
Failed,,,628,3523,451,163,6
Failed,,,4160,148,905,29,1
Failed,,,4603,2806,503,48,2
Failed,,,612,1181,83,144,7
Failed,,,3306,1116,988,99,4
Failed,,,3267,2590,10,183,8
Failed,,,1634,1081,589,8,2
Failed,,,487,4319,300,245,5
Failed,,,4611,2164,845,71,9
Failed,,,4129,4510,751,114,8
Failed,,,776,1665,171,203,3
Failed,,,2129,3739,943,51,2
Failed,,,2971,248,399,141,6
Failed,,,2552,4029,934,211,2
Failed,,,2311,2459,479,105,7
Failed,,,120,2525,2,2,10
Failed,,,794,1,1000,2,10
Failed,,,581,1,1000,2,10
Failed,,,117,2487,2,2,10
Failed,,,551,1,988,2,10
Failed,,,570,1,886,2,10
Failed,,,1765,1,2,250,6
Failed,,,3710,1370,536,223,1
Failed,,,3640,3271,819,137,8
Failed,,,1538,404,274,55,3
Failed,,,117,4981,625,199,1
Failed,,,4709,1507,46,118,7
Failed,,,4029,3848,426,67,7
Failed,,,1147,2322,970,249,3
Failed,,,2599,925,714,188,10
Failed,,,3120,4646,242,227,4
Failed,,,113,1,2,2,5
Failed,,,406,1,734,2,10
Failed,,,2941,1,2,2,10
Failed,,,536,1,838,2,10
Failed,,,2463,1,2,250,10
Failed,,,1763,1,2,250,7
Failed,,,97,410,2,2,10
Failed,,,528,1,808,2,10
Failed,,,1763,1,2,250,6
Failed,,,2349,1,2,250,10
Failed,,,415,1,819,2,10
Failed,,,1778,1,2,250,6
Failed,,,566,1,1000,2,10
Failed,,,494,1,1000,2,10
Failed,,,1720,1,2,250,7
Failed,,,804,1,1000,2,10
Failed,,,485,1,876,2,10
Failed,,,105,1,2,2,5
Failed,,,123,2484,2,2,10
Failed,,,606,1,1000,2,10
Failed,,,105,1,2,2,6
Failed,,,1789,1,2,250,7
Failed,,,1702,1,2,250,7
Failed,,,94,408,2,2,10
Failed,,,460,1,962,2,10
Failed,,,2223,1,2,250,7
Failed,,,1766,1,2,250,7
Failed,,,140,1,834,2,10
Failed,,,787,1,1000,2,10
Failed,,,2259,1,2,250,8
Failed,,,2255,1,2,250,8
Failed,,,428,1,867,2,10
Failed,,,102,1,2,2,6
Failed,,,381,1,805,2,10
Failed,,,414,1,864,2,10
Failed,,,1727,1,2,250,7
Failed,,,670,1,2,250,10
Failed,,,2207,1,2,250,7
Failed,,,1757,1,2,250,7
Failed,,,818,1,1000,2,10
Failed,,,1743,1,2,250,7
Failed,,,2216,1,2,250,7
Failed,,,87,351,2,2,10
Failed,,,1768,1,2,250,6
Failed,,,641,1,1000,2,10
Failed,,,1721,1,2,250,7
Failed,,,419,1,908,2,10
Failed,,,119,2513,2,2,10
Failed,,,410,1,864,2,10
Failed,,,1764,1,2,250,7
Failed,,,553,1,873,2,10
Failed,,,530,1,965,2,10
Failed,,,1725,1,2,250,7
Failed,,,524,1,1000,2,10
Failed,,,1749,1,2,250,7
Failed,,,2481,1,2,250,10
Failed,,,119,2454,2,2,10
Failed,,,1748,1,2,250,7
Failed,,,1719,1,2,250,7
Failed,,,427,1,713,2,10
Failed,,,519,1,999,2,10
Failed,,,800,1,2,2,10
Failed,,,1729,1,2,250,6
Failed,,,773,1,1000,2,10
Failed,,,1762,1,2,250,7
Failed,,,528,1,1000,2,10
Failed,,,2432,1,2,250,10
Failed,,,153,1,922,2,10
Failed,,,429,1,916,2,10
Failed,,,417,1,875,2,10
Failed,,,108,493,2,2,10
Failed,,,121,1,2,2,5
Failed,,,2214,1,2,250,8
Failed,,,1743,1,2,250,6
Failed,,,433,1,908,2,10
Failed,,,398,1,838,2,10
Failed,,,111,556,2,2,10
Failed,,,2440,1,2,250,10
Failed,,,618,2482,2,2,10
Failed,,,2229,1,2,250,7
Failed,,,2222,1,2,250,7
Failed,,,120,1,2,172,5
Failed,,,537,1,848,2,10
Failed,,,2402,1,2,250,10
Failed,,,551,1,1000,2,10
Failed,,,1729,1,2,250,7
Failed,,,1772,1,2,250,7
Failed,,,2607,1,2,250,10
Failed,,,382,1,902,2,10
Failed,,,2598,1,2,250,10
Failed,,,1764,1,2,250,6
Failed,,,119,2586,2,2,10
Failed,,,1750,1,2,250,7
Failed,,,402,1,864,2,10
Failed,,,2591,1,2,250,10
Failed,,,4567,1,2,2,10
Failed,,,515,1,806,2,10
Failed,,,2902,1,2,250,10
Failed,,,567,1,911,2,10
Failed,,,419,1,767,2,10
Failed,,,1706,1,2,250,6
Failed,,,89,392,2,2,10
Failed,,,1787,1,2,250,6
Failed,,,122,2509,2,2,10
Failed,,,391,1,1000,2,10
Failed,,,104,1,2,2,5
Failed,,,1697,1,2,250,7
Failed,,,429,1,820,2,10
Failed,,,1758,1,2,250,7
Failed,,,101,1,2,2,7
Failed,,,118,2500,2,2,10
Failed,,,533,1,1000,2,10
Failed,,,2216,1,2,250,8
Failed,,,115,1,2,2,7
Failed,,,111,1,2,166,5
Failed,,,120,2484,2,2,10
Failed,,,415,1,880,2,10
Failed,,,2484,1,2,250,10
Failed,,,1732,1,2,250,7
Failed,,,400,1,715,2,10
Failed,,,119,2484,2,2,10
Failed,,,2218,1,2,250,7
Failed,,,1808,1,2,250,6
Failed,,,1701,1,2,250,6
Failed,,,426,1,842,2,10
Failed,,,2194,1,2,250,7
Failed,,,1703,1,2,250,6
Failed,,,1733,1,2,250,6
Failed,,,377,1,1000,2,10
Failed,,,2205,1,2,250,7
Failed,,,110,1,2,2,5
Failed,,,573,1,1000,2,10
Failed,,,104,1,2,2,6
Failed,,,1704,1,2,250,6
Failed,,,2604,1,2,250,10
Failed,,,559,1,1000,2,10
Failed,,,1726,1,2,250,7
Failed,,,96,462,2,2,10
Failed,,,536,1,1000,2,10
Failed,,,1711,1,2,250,7
Failed,,,110,1,2,2,7
Failed,,,1755,1,2,250,6
Failed,,,439,1,1000,2,10
Failed,,,586,1,1000,2,10
Failed,,,112,1,2,2,5
Failed,,,2751,1,2,250,10
Failed,,,423,1,933,2,10
Failed,,,479,1,823,2,10
Failed,,,1741,1,2,250,7
Failed,,,1707,1,2,250,7
Failed,,,106,1,2,2,7
Failed,,,2239,1,2,250,7
Failed,,,1705,1,2,250,6
Failed,,,1780,1,2,250,7
Failed,,,359,1,2,250,10
Failed,,,401,1,904,2,10
Failed,,,92,382,2,2,10
Failed,,,407,1,1000,2,10
Failed,,,1719,1,2,250,6
Failed,,,4083,1,2,2,10
Failed,,,784,1,1000,2,10
Failed,,,2761,1,2,2,10
Failed,,,1717,1,2,250,7
Failed,,,2916,1,2,2,10
Failed,,,1700,1,2,250,7
Failed,,,589,1,1000,2,10
Failed,,,3074,1,2,250,10
Failed,,,541,1,1000,2,10
Failed,,,565,1,1000,2,10
Failed,,,1720,1,2,250,6
Failed,,,120,2480,2,2,10
Failed,,,1795,1,2,250,6
Failed,,,2894,1,2,250,10
Failed,,,452,1,1000,2,10
Failed,,,120,1,2,2,5
Failed,,,451,1,686,2,10
Failed,,,1722,1,2,250,6
Failed,,,2442,1,2,250,10
Failed,,,1699,1,2,250,6
Failed,,,1769,1,2,250,7
Failed,,,2491,1,2,250,10
Failed,,,1702,1,2,250,6
Failed,,,2524,1,2,250,10
Failed,,,119,1,2,2,6
Failed,,,2202,1,2,250,7
Failed,,,121,2549,2,2,10
Failed,,,1777,1,2,250,6
Failed,,,1714,1,2,250,7
Failed,,,2193,1,2,250,7
Failed,,,119,2514,2,2,10
Failed,,,1722,1,2,250,7
Failed,,,395,1,875,2,10
Failed,,,413,1,862,2,10
Failed,,,1737,1,2,250,7
Failed,,,807,1,1000,2,10
Failed,,,108,1,2,2,5
Failed,,,120,2466,2,2,10
Failed,,,400,1,917,2,10
Failed,,,122,2533,2,2,10
Failed,,,106,1,2,2,6
Failed,,,1712,1,2,250,7
Failed,,,1790,1,2,250,6
Failed,,,1748,1,2,250,6
Failed,,,1709,1,2,250,7
Failed,,,121,2506,2,2,10
Failed,,,3419,1,2,2,10
Failed,,,1753,1,2,250,6
Failed,,,400,1,798,2,10
Failed,,,1744,1,2,250,7
Failed,,,437,1,856,2,10
Failed,,,2200,1,2,250,7
Failed,,,1684,1,2,250,7
Failed,,,410,1,883,2,10
Failed,,,2214,1,2,250,7
Failed,,,1771,1,2,250,6
Failed,,,1712,1,2,250,6
Failed,,,431,1,880,2,10
Failed,,,554,1,928,2,10
Failed,,,430,1,967,2,10
Failed,,,1716,1,2,250,7
Failed,,,4882,1,2,2,10
Failed,,,2210,1,2,250,7
Failed,,,1699,1,2,250,7
Failed,,,419,1,932,2,10
Failed,,,118,1,2,2,5
Failed,,,429,1,1000,2,10
Failed,,,123,2554,2,2,10
Failed,,,1685,1,2,250,7
Failed,,,2605,1,2,250,10
Failed,,,120,1,2,2,6
Failed,,,1692,1,2,250,7
Failed,,,2858,1,2,250,10
Failed,,,560,1,1000,2,10
Failed,,,2236,1,2,250,7
Failed,,,94,427,2,2,10
Failed,,,2218,1,2,250,8
Failed,,,779,1,1000,2,10
Failed,,,4132,1,2,2,10
Failed,,,126,2536,2,2,10
Failed,,,1741,1,2,250,6
Failed,,,2232,1,2,250,7
Failed,,,89,390,2,2,10
Failed,,,125,1,2,2,5
Failed,,,118,2567,2,2,10
Failed,,,117,2470,2,2,10
Failed,,,1732,1,2,250,6
Failed,,,115,1,2,2,5
Failed,,,1793,1,2,250,6
Failed,,,1799,1,2,250,6
Failed,,,2410,1,2,250,10
Failed,,,1731,1,2,250,7
Failed,,,101,1,2,2,6
Failed,,,484,1,834,2,10
Failed,,,1704,1,2,250,7
Failed,,,1781,1,2,250,7
Failed,,,592,1,1000,2,10
Failed,,,2882,1,2,250,10
Failed,,,1708,1,2,250,7
Failed,,,1733,1,2,250,7
Failed,,,1728,1,2,250,7
Failed,,,400,1,849,2,10
Failed,,,531,1,1000,2,10
Failed,,,4149,1,2,2,10
Failed,,,1751,1,2,250,6
Failed,,,546,1,1000,2,10
Failed,,,811,1,1000,2,10
Failed,,,108,1,2,2,6
Failed,,,481,1,914,2,10
Failed,,,116,514,2,2,10
Failed,,,440,1,1000,2,10
Failed,,,116,2448,2,2,10
Failed,,,425,1,741,2,10
Failed,,,444,1,1000,2,10
Failed,,,427,1,773,2,10
Failed,,,4052,1,2,2,10
Failed,,,399,1,885,2,10
Failed,,,118,2479,2,2,10
Failed,,,119,2459,2,2,10
Failed,,,1759,1,2,250,7
Failed,,,120,2526,2,2,10
Failed,,,92,414,2,2,10
Failed,,,1775,1,2,250,6
Failed,,,104,1,2,171,5
Failed,,,1778,1,2,250,7
Failed,,,521,1,1000,2,10
Failed,,,1782,1,2,250,7
Failed,,,1683,1,2,250,7
Failed,,,1774,1,2,250,7
Failed,,,438,1,1000,2,10
Failed,,,1746,1,2,250,6
Failed,,,2593,1,2,250,10
Failed,,,495,1,1000,2,10
Failed,,,2429,1,2,250,10
Failed,,,134,1,619,2,9
Failed,,,2178,1,2,250,6
Failed,,,1718,1,2,250,7
Failed,,,1730,1,2,250,7
Failed,,,2225,1,2,250,8
Failed,,,122,1,2,2,6
Failed,,,2203,1,2,250,7
Failed,,,2915,1,2,250,10
Failed,,,401,1,1000,2,10
Failed,,,2600,1,2,250,10
Failed,,,109,1,2,2,5
Failed,,,584,1,1000,2,10
Failed,,,2637,1,2,250,10
Failed,,,397,1,815,2,10
Failed,,,117,1,2,2,6
Failed,,,91,1,2,138,6
Failed,,,119,2482,2,2,10
Failed,,,534,1,1000,2,10
Failed,,,118,2518,2,2,10
Failed,,,1801,1,2,250,7
Failed,,,94,413,2,2,10
Failed,,,2186,1,2,250,7
Failed,,,554,1,1000,2,10
Failed,,,1761,1,2,250,7
Failed,,,512,1,1000,2,10
Failed,,,442,1,1000,2,10
Failed,,,402,1,1000,2,10
Failed,,,113,1,2,2,6
Failed,,,756,1,1000,2,10
Failed,,,1693,1,2,250,7
Failed,,,89,399,2,2,10
Failed,,,2207,1,2,250,8
Failed,,,485,1,1000,2,10
Failed,,,2889,1,2,250,10
Failed,,,1803,1,2,250,6
Failed,,,338,1,2,2,6
Failed,,,1723,1,2,250,7
Failed,,,116,1,2,2,5
Failed,,,1773,1,2,250,7
Failed,,,499,1,1000,2,10
Failed,,,1724,1,2,250,7
Failed,,,111,1,2,2,6
Failed,,,1786,1,2,250,6
Failed,,,109,1,2,2,6
Failed,,,2505,1,2,250,10
Failed,,,115,1,2,2,6
Failed,,,1723,1,2,250,6
Failed,,,2235,1,2,250,7
Failed,,,96,1,2,2,6
Failed,,,501,1,808,2,10
Failed,,,107,1,2,2,6
Failed,,,583,1,1000,2,10
Failed,,,114,1,2,2,6
Failed,,,1680,1,2,250,6
Failed,,,116,1,2,2,6
Failed,,,2348,1,2,250,10
Failed,,,498,1,1000,2,10
Failed,,,110,1,2,2,6
Failed,,,1780,1,2,250,6
Failed,,,381,971,2,2,10
Failed,,,130,710,2,2,10
Failed,,,3775,246,2,2,10
Failed,,,132,1,2,53,6
Failed,,,4110,5000,1000,2,10
Failed,,,1332,3406,2,2,10
Failed,,,141,3737,2,2,10
Failed,,,124,1546,2,2,10
Failed,,,4653,5000,703,2,10
Failed,,,1265,3894,2,2,10
Failed,,,4776,3726,2,2,10
Failed,,,2636,1,2,97,10
Failed,,,814,1,2,2,10
Failed,,,425,1,2,2,4
Failed,,,118,1,2,2,6
Failed,,,2204,1,2,250,7
Failed,,,1592,1,2,250,4
Failed,,,638,2231,2,2,10
Failed,,,4324,5000,2,2,10
Failed,,,1152,3034,2,2,10
Failed,,,2420,1,2,250,10
Failed,,,549,1,2,2,10
Failed,,,4898,1,2,2,10
Failed,,,117,2061,2,2,10
Failed,,,4125,1,2,2,10
Failed,,,2875,1,2,2,10
Failed,,,4744,1,269,2,10
Failed,,,136,1,525,2,7
Failed,,,2234,1,2,250,6
Failed,,,1732,3453,2,2,10
Failed,,,4224,337,2,2,10
Failed,,,1104,1,2,2,10
Failed,,,90,405,2,2,10
Failed,,,455,1,978,2,10
Failed,,,112,1,2,2,6
Failed,,,1717,1,2,250,6
Failed,,,119,2547,2,2,10
Failed,,,2921,1,2,250,10
Failed,,,835,1,1000,2,10
Failed,,,129,3146,2,2,10
Failed,,,95,1,2,130,6
Failed,,,380,1,575,2,10
Failed,,,996,1,1000,2,10
Failed,,,693,2799,2,2,10
Failed,,,3549,1,2,2,10
Failed,,,1554,1,2,250,10
Failed,,,4471,1,2,2,10
Failed,,,140,1,2,250,7
Failed,,,129,1,2,250,6
Failed,,,4556,3624,2,2,10
Failed,,,163,1,2,2,3
Failed,,,573,1604,2,2,10
Failed,,,4254,5000,1000,2,10
Failed,,,1095,1,2,2,10
Failed,,,2896,1,2,250,10
Failed,,,135,2970,2,2,10
Failed,,,1524,1,2,250,10
Failed,,,4417,4270,590,2,10
Failed,,,957,2750,2,2,10
Failed,,,3926,5000,2,250,10
Failed,,,4443,3640,1000,2,10
Failed,,,4320,5000,2,2,1
Failed,,,114,4005,593,2,10
Failed,,,4658,4387,2,2,10
Failed,,,709,2915,2,2,10
Failed,,,1209,3324,2,2,10
Failed,,,4135,1,2,2,10
Failed,,,93,1,2,91,6
Failed,,,763,1,754,2,10
Failed,,,135,3529,2,2,10
Failed,,,4255,5000,2,2,10
Failed,,,3098,1,1000,2,10
Failed,,,773,1,2,250,10
Failed,,,123,1957,2,2,10
Failed,,,398,1,549,2,10
Failed,,,823,1,317,2,10
Failed,,,577,1,2,69,10
Failed,,,2435,1,2,167,10
Failed,,,1587,1,2,250,5
Failed,,,4167,331,2,2,10
Failed,,,88,1,2,2,10
Failed,,,5000,5000,653,2,10
Failed,,,4155,4541,2,2,10
Failed,,,121,1,2,2,6
Failed,,,159,1,916,2,10
Failed,,,127,2440,2,2,10
Failed,,,115,472,2,2,10
Failed,,,1673,1,2,250,7
Failed,,,883,1,1000,2,10
Failed,,,492,1,1000,2,10
Failed,,,2207,1,2,250,10
Failed,,,128,2264,2,2,1
Failed,,,577,2595,2,2,10
Failed,,,2768,1,2,2,10
Failed,,,4945,1,2,2,10
Failed,,,42,1,2,2,6
Failed,,,156,1,2,250,5
Failed,,,4570,3141,2,2,10
Failed,,,145,3661,2,2,10
Failed,,,138,2293,2,2,1
Failed,,,5000,5000,2,2,3
Failed,,,149,5000,2,2,1
Failed,,,982,1,2,2,10
Failed,,,2615,1,2,99,10
Failed,,,139,2433,2,2,7
Failed,,,4476,5000,522,2,10
Failed,,,159,1,356,2,6
Failed,,,665,1,2,250,10
Failed,,,651,1812,2,2,10
Failed,,,5000,4207,2,2,5
Failed,,,3235,1,825,2,10
Failed,,,131,4034,1000,2,10
Failed,,,625,2402,2,2,10
Failed,,,4296,5000,2,2,10
Failed,,,1259,5000,1000,2,1
Failed,,,128,1,2,2,1
Failed,,,99,1,2,116,6
Failed,,,890,2893,2,2,10
Failed,,,3096,1,2,2,10
Failed,,,1605,1,2,2,10
Failed,,,3715,1,2,2,10
Failed,,,4883,5000,2,2,10
Failed,,,1779,1,2,250,9
Failed,,,467,1,609,2,10
Failed,,,173,488,1000,2,10
Failed,,,140,2127,2,2,10
Failed,,,1855,3177,2,2,10
Failed,,,4875,3826,2,2,10
Failed,,,428,1,2,131,10
Failed,,,137,5000,1000,2,1
Failed,,,568,1,2,2,10
Failed,,,2252,2699,2,2,10
Failed,,,124,1,2,2,6
Failed,,,134,2486,2,2,10
Failed,,,1698,1,2,250,7
Failed,,,141,1,925,2,10
Failed,,,548,1,1000,2,10
Failed,,,2444,1,2,250,10
Failed,,,1608,1,2,250,5
Failed,,,845,1,781,2,10
Failed,,,137,2906,2,2,10
Failed,,,4096,1,2,2,10
Failed,,,3074,1,1000,2,10
Failed,,,100,448,2,2,10
Failed,,,106,398,825,2,10
Failed,,,135,2008,2,2,1
Failed,,,149,1,751,2,10
Failed,,,3159,1,2,250,10
Failed,,,139,2689,2,2,10
Failed,,,833,1,1000,2,10
Failed,,,1543,1,2,250,6
Failed,,,878,2702,2,2,10
Failed,,,123,1881,681,2,1
Failed,,,1043,1,2,2,10
Failed,,,4832,5000,2,2,10
Failed,,,3655,1,2,2,10
Failed,,,1604,3255,2,2,10
Failed,,,15,712,1000,2,10
Failed,,,2703,1627,2,250,10
Failed,,,1614,1,2,250,10
Failed,,,1850,2781,631,2,5
Failed,,,1715,1,2,250,8
Failed,,,99,829,1000,2,10
Failed,,,134,1379,1000,2,1
Failed,,,561,1,1000,2,10
Failed,,,99,1,2,2,6
Failed,,,125,1395,1000,2,10
Failed,,,104,1,2,133,7
Failed,,,2539,1,2,250,10
Failed,,,3067,1,1000,2,10
Failed,,,2750,2126,2,250,10
Failed,,,4478,1,2,2,10
Failed,,,2561,686,2,250,10
Failed,,,2211,1,2,250,10
Failed,,,4312,5000,2,2,10
Failed,,,701,1,2,250,10
Failed,,,5000,3316,1000,2,10
Failed,,,4250,5000,2,2,10
Failed,,,3525,1,2,2,10
Failed,,,436,973,1000,2,10
Failed,,,1607,2993,2,2,10
Failed,,,1740,2306,1000,2,1
Failed,,,2243,2094,1000,2,10
Failed,,,2285,2156,206,2,10
Failed,,,3546,1,2,250,10
Failed,,,3765,1,2,2,10
Failed,,,931,1,2,2,10
Failed,,,5000,3100,2,2,1
Failed,,,2138,2910,2,2,1
Failed,,,2513,463,2,250,10
Failed,,,2030,2767,24,2,10
Failed,,,1599,2725,1000,2,1
Failed,,,103,1,2,2,6
Failed,,,125,1599,1000,2,1
Failed,,,119,1958,2,2,1
Failed,,,808,1,1000,2,10
Failed,,,2185,1,2,250,10
Failed,,,116,1237,1000,2,10
Failed,,,2235,2603,2,2,10
Failed,,,1796,1,2,250,8
Failed,,,1588,1,2,250,8
Failed,,,122,1,857,2,10
Failed,,,2192,2232,1000,2,1
Failed,,,1944,3054,2,2,10
Failed,,,3062,1,1000,2,10
Failed,,,3312,1,2,250,10
Failed,,,118,1149,1000,2,1
Failed,,,1847,2544,1000,2,10
Failed,,,2978,1,2,194,10
Failed,,,5000,1,2,2,10
Failed,,,3253,1,2,227,10
Failed,,,2566,450,2,250,10
Failed,,,3569,1,2,206,10
Failed,,,3132,1,2,140,10
Failed,,,2312,1,2,250,8
Failed,,,4812,1,437,2,1
Failed,,,5000,3640,742,2,10
Failed,,,2833,1,2,212,10
Failed,,,4506,1,498,2,1
Failed,,,39,1,1000,2,10
Failed,,,1986,2396,1000,68,1
Failed,,,2566,727,2,250,10
Failed,,,1927,2455,1000,2,6
Failed,,,93,727,1000,2,10
Failed,,,599,1,2,208,10
Failed,,,3781,5000,169,2,1
Failed,,,4032,1778,2,2,8
Failed,,,1747,1,2,250,10
Failed,,,1836,5000,1000,84,10
Failed,,,3671,1,2,2,10
Failed,,,101,493,2,250,10
Failed,,,1,203,2,250,10
Failed,,,1740,4417,2,2,10
Failed,,,3933,3341,2,2,10
Failed,,,2542,1,2,237,10
Failed,,,1,3270,2,250,10
Failed,,,1612,1,2,250,10
Failed,,,652,1,2,250,10
Failed,,,145,1,2,2,10
Failed,,,3183,1,2,2,10
Failed,,,3246,1,2,250,10
Failed,,,1130,1,2,2,10
Failed,,,1700,5000,925,2,1
Failed,,,2818,1,2,214,10
Failed,,,3770,5000,187,2,10
Failed,,,2008,5000,1000,2,10
Failed,,,4295,5000,548,2,10
Failed,,,356,1,1000,2,10
Failed,,,3859,3647,1000,2,10
Failed,,,3999,1,1000,2,10
Failed,,,5000,5000,31,2,10
Failed,,,3895,1,1000,2,1
Failed,,,2580,1,2,214,10
Failed,,,4779,5000,374,2,10
Failed,,,3688,1,2,2,1
Failed,,,4369,5000,837,2,1
Failed,,,243,947,2,134,10
Failed,,,1528,5000,715,2,1
Failed,,,3903,1,1000,2,10
Failed,,,1999,3994,1000,2,4
Failed,,,1905,4089,1000,2,10
Failed,,,1710,5000,1000,61,10
Failed,,,122,727,2,250,10
Failed,,,195,1,1000,2,10
Failed,,,3921,5000,24,2,10
Failed,,,1837,5000,1000,2,10
Failed,,,2138,1,2,250,7
Failed,,,2547,654,2,202,10
Failed,,,4063,5000,376,2,1
Failed,,,3855,1,1000,2,10
Failed,,,97,1,2,250,10
Failed,,,745,1,1000,2,10
Failed,,,1671,861,762,105,157
Failed,,,1287,4023,489,56,56
Failed,,,4703,1165,311,93,195
Failed,,,2248,2682,349,107,210
Failed,,,3791,2482,418,10,41
Failed,,,2479,4625,819,144,223
Failed,,,3355,1577,459,97,107
Failed,,,3047,1,2,250,10
Failed,,,1868,3816,2,2,3
Failed,,,1998,4734,2,2,10
Failed,,,1465,1,2,250,10
Failed,,,3910,1,208,2,10
Failed,,,1,1,435,2,10
Failed,,,1050,1,773,2,10
Failed,,,4119,5000,841,2,10
Failed,,,1227,1,2,2,10
Failed,,,3935,3909,522,137,192
Failed,,,790,4421,386,83,123
Failed,,,4946,1840,777,160,237
Failed,,,2389,3132,116,54,90
Failed,,,3420,552,724,193,208
Failed,,,4982,3753,425,119,147
Failed,,,3972,1682,186,80,161
Failed,,,522,3260,280,9,145
Failed,,,3124,3878,215,74,92
Failed,,,1460,2402,574,183,206
Failed,,,2729,771,537,26,245
Failed,,,4290,4911,363,163,184
Failed,,,3749,3463,792,49,200
Failed,,,1911,3638,505,66,171
Failed,,,4465,4265,942,17,95
Failed,,,4078,1492,701,40,80
Failed,,,4149,18,498,126,229
Failed,,,2587,4316,669,61,165
Failed,,,419,1825,395,35,190
Failed,,,4746,3236,895,132,157
Failed,,,2945,4679,450,21,204
Failed,,,1713,3477,411,174,243
Failed,,,2557,283,801,65,117
Failed,,,1623,4972,645,24,64
Failed,,,4186,3104,833,90,139
Failed,,,4415,173,590,114,188
Failed,,,3479,4157,263,202,249
Failed,,,2018,2046,904,63,111
Failed,,,1177,72,865,3,214
Failed,,,164,2922,620,42,231
Failed,,,1728,1437,295,146,167
Failed,,,2998,391,316,54,128
Failed,,,481,1111,928,216,239
Failed,,,2439,2243,482,73,130
Failed,,,898,1319,496,27,89
Failed,,,501,4174,241,50,105
Failed,,,4004,2066,600,189,223
Failed,,,3065,3552,300,122,162
Failed,,,274,1021,512,98,200
Failed,,,1127,3173,756,75,248
Failed,,,3691,3792,690,7,51
Failed,,,1526,1065,371,30,105
Failed,,,1763,4211,881,79,201
Failed,,,4356,3592,565,3,4
Failed,,,4597,661,826,43,50
Failed,,,2150,1285,636,102,247
Failed,,,3441,1461,911,22,150
Failed,,,4380,2947,239,165,211
Failed,,,754,4777,567,153,173
Failed,,,2315,793,270,39,237
Failed,,,4792,3018,326,25,219
Failed,,,2834,4070,771,128,141
Failed,,,1565,2771,871,33,180
Failed,,,4168,4644,685,108,116
Failed,,,1023,3907,286,178,196
Failed,,,4396,2413,926,69,70
Failed,,,1959,545,615,9,135
Failed,,,150,2151,740,13,182
Failed,,,1015,4848,996,37,134
Failed,,,2042,2876,769,28,35
Failed,,,4644,4753,710,86,233
Failed,,,4250,1981,964,125,216
Failed,,,1418,4473,222,96,178
Failed,,,4020,2590,288,45,121
Failed,,,3017,2019,168,2,121
Failed,,,610,141,358,76,177
Failed,,,3402,4716,413,41,74
Failed,,,2369,4123,405,5,161
Failed,,,808,294,699,187,222
Failed,,,567,2993,944,148,207
Failed,,,1506,1351,145,43,144
Failed,,,2737,482,249,135,182
Failed,,,4298,3843,917,53,246
Failed,,,4539,1613,662,30,198
Failed,,,3500,1126,576,36,95
Failed,,,1064,1757,887,109,172
Failed,,,3586,2287,373,130,213
Failed,,,4524,3302,544,57,149
Failed,,,4137,1235,787,18,166
Failed,,,1691,1862,723,92,101
Failed,,,2646,3432,817,13,79
Failed,,,2875,1531,436,89,243
Failed,,,438,903,122,21,56
Failed,,,3162,214,293,14,25
Failed,,,716,2081,232,64,211
Failed,,,332,4936,474,103,225
Failed,,,2538,2445,715,118,141
Failed,,,4102,3149,388,198,202
Failed,,,92,572,779,59,64
Failed,,,957,2724,520,20,111
Failed,,,3550,4593,958,94,186
Failed,,,2101,4383,745,46,215
Failed,,,1165,1182,420,142,151
Failed,,,3643,325,839,121,231
Failed,,,2777,2631,585,82,217
Failed,,,1546,4281,558,235,241
Failed,,,1873,2312,990,7,229
Failed,,,3103,856,902,164,190
Failed,,,4039,4841,202,27,129
Failed,,,4894,1914,441,50,174
Failed,,,3331,3709,647,141,238
Failed,,,3322,25,932,38,162
Failed,,,4884,4324,235,150,224
Failed,,,925,1898,624,103,106
Failed,,,528,4827,861,64,89
Failed,,,4030,1474,471,174,209
Failed,,,3092,2958,679,15,146
Failed,,,1862,3965,713,172,185
Failed,,,301,448,390,19,248
Failed,,,2092,1813,960,133,138
Failed,,,1885,4606,104,6,102
Failed,,,44,4058,630,70,155
Failed,,,4206,1,2,250,10
Failed,,,1227,1,2,238,10
Failed,,,2007,1,2,250,9
Failed,,,241,1,2,250,10
Failed,,,254,1,2,131,10
Failed,,,1305,1,2,250,10
Failed,,,1145,1,2,198,10
Failed,,,1841,5000,1000,2,10
Failed,,,146,1,2,175,10
Failed,,,311,1,129,2,10
Failed,,,280,1,2,185,10
Failed,,,1998,1,2,250,6
Failed,,,2685,1,2,194,10
Failed,,,1,1,2,173,10
Failed,,,1151,1,2,46,10
Failed,,,122,5000,253,2,10
Failed,,,2183,319,226,33,53
Failed,,,1970,3267,838,160,219
Failed,,,4478,2728,422,72,166
Failed,,,4091,578,158,95,150
Failed,,,1645,2461,352,45,85
Failed,,,1259,3048,900,125,236
Failed,,,3852,4930,594,51,63
Failed,,,2269,200,649,86,189
Failed,,,4843,3610,697,101,205
Failed,,,3821,916,946,78,220
Failed,,,1385,1534,501,5,46
Failed,,,1617,3428,251,81,135
Failed,,,4219,4045,307,29,71
Failed,,,1074,4480,664,193,244
Failed,,,2011,1119,486,120,181
Failed,,,3611,981,218,12,217
Failed,,,733,1203,703,67,206
Failed,,,666,4901,830,18,41
Failed,,,2935,3623,673,120,193
Failed,,,4309,2346,632,156,170
Failed,,,2746,3204,456,36,232
Failed,,,1514,4874,437,128,192
Failed,,,578,735,729,61,130
Failed,,,816,3509,976,22,177
Failed,,,3370,4136,534,88,120
Failed,,,2420,4722,526,113,144
Failed,,,4974,2849,968,63,90
Failed,,,859,892,328,203,207
Failed,,,3964,155,706,24,107
Failed,,,1557,2023,772,90,160
Failed,,,1796,2627,479,10,5
Failed,,,4590,2191,284,108,246
Failed,,,1773,3513,906,37,177
Failed,,,4667,4694,624,77,87
Failed,,,888,4160,564,104,145
Failed,,,2996,2958,908,2,118
Failed,,,13,4638,252,56,172
Failed,,,4561,1079,969,31,161
Failed,,,2116,4102,753,80,123
Failed,,,3364,1733,302,156,191
Failed,,,4229,2844,723,58,143
Failed,,,148,4663,669,131,184
Failed,,,2263,774,371,35,228
Failed,,,1135,3907,180,50,70
Failed,,,2777,2727,336,88,167
Failed,,,217,2161,429,23,114
Failed,,,401,3032,950,99,219
Failed,,,2846,2463,797,43,61
Failed,,,303,153,536,172,248
Failed,,,4074,2363,607,20,211
Failed,,,2927,459,182,145,179
Failed,,,4406,4343,860,53,225
Failed,,,1605,1773,767,16,237
Failed,,,1937,4924,520,42,189
Failed,,,3267,622,926,93,242
Failed,,,3607,4577,449,45,98
Failed,,,1442,3875,750,194,234
Failed,,,2690,1503,199,13,80
Failed,,,1204,302,290,98,186
Failed,,,2601,4004,954,150,155
Failed,,,3758,3194,255,26,249
Failed,,,617,4304,325,162,208
Failed,,,4375,1698,874,105,105
Failed,,,2106,419,653,5,132
Failed,,,545,3539,717,30,91
Failed,,,4290,1243,232,207,223
Failed,,,3435,4819,810,115,174
Failed,,,3102,1564,563,82,129
Failed,,,838,382,967,58,109
Failed,,,4607,1903,537,36,119
Failed,,,1874,683,943,74,147
Failed,,,2166,2585,694,108,164
Failed,,,4274,3903,790,6,75
Failed,,,3289,973,659,40,73
Failed,,,555,2234,817,78,163
Failed,,,2633,1933,463,112,232
Failed,,,1221,3154,783,134,203
Failed,,,4962,855,273,70,111
Failed,,,1449,2039,243,48,154
Failed,,,2407,4043,490,9,172
Failed,,,2746,4333,146,101,111
Failed,,,1503,1709,662,169,202
Failed,,,2461,4724,913,138,247
Failed,,,3703,2411,392,66,66
Failed,,,3167,2793,978,49,210
Failed,,,2874,789,730,24,223
Failed,,,4518,4404,311,174,179
Failed,,,638,3374,646,46,238
Failed,,,1659,1985,316,137,159
Failed,,,345,197,898,12,189
Failed,,,457,1039,443,140,143
Failed,,,3917,1447,388,50,180
Failed,,,3687,2564,591,147,230
Failed,,,2770,735,844,175,212
Failed,,,1044,4495,415,72,247
Failed,,,3443,62,319,8,37
Failed,,,2716,523,264,55,137
Failed,,,4987,4133,714,143,213
Failed,,,1235,1742,232,95,102
Failed,,,4762,1632,442,4,22
Failed,,,2325,3569,284,76,196
Failed,,,4324,15,682,87,173
Failed,,,2060,1312,837,63,91
Failed,,,1727,4483,591,26,109
Failed,,,4617,3245,932,111,128
Failed,,,4683,159,426,151,236
Failed,,,3047,3774,600,61,159
Failed,,,3339,2024,851,27,141
Failed,,,521,1514,268,199,240
Failed,,,3853,984,343,117,219
Failed,,,2216,2223,188,32,51
Failed,,,1108,3093,363,14,153
Failed,,,2110,1,2,250,6
Failed,,,1187,1,2,246,10
Failed,,,2119,2050,2,250,10
Failed,,,1,3932,2,2,10
Failed,,,1,5000,2,250,10
Failed,,,2410,1,2,250,9
Failed,,,1,1,2,250,10
Failed,,,867,1,2,156,10
Failed,,,1050,1,2,250,10
Failed,,,2009,1504,2,250,7
Failed,,,1,1,2,170,6
Failed,,,1,1,2,141,10
Failed,,,3543,1,2,250,10
Failed,,,352,1,2,72,10
Failed,,,2205,2786,2,250,10
Failed,,,4029,2289,963,179,230
Failed,,,3877,438,621,41,233
Failed,,,601,704,633,114,122
Failed,,,26,4094,250,3,228
Failed,,,2288,483,791,164,182
Failed,,,1331,3713,543,127,134
Failed,,,945,2329,499,39,214
Failed,,,4935,2453,207,122,168
Failed,,,2674,3530,757,216,245
Failed,,,1418,1213,301,20,70
Failed,,,4018,4282,456,91,150
Failed,,,1994,2134,573,71,221
Failed,,,1700,3977,824,96,207
Failed,,,4438,2657,668,11,63
Failed,,,4467,1553,803,90,192
Failed,,,1905,3326,961,21,27
Failed,,,1,1149,2,130,10
Failed,,,4932,4838,500,203,231
Failed,,,4174,4568,554,123,242
Failed,,,203,2949,620,189,216
Failed,,,2463,1873,422,101,139
Failed,,,4906,3651,325,41,79
Failed,,,1160,944,870,226,234
Failed,,,2577,4763,379,29,202
Failed,,,3880,3054,836,154,170
Failed,,,495,4444,776,33,133
Failed,,,3389,3143,743,73,105
Failed,,,1798,2754,452,157,227
Failed,,,787,1365,527,9,177
Failed,,,793,4061,804,176,240
Failed,,,1813,133,220,22,164
Failed,,,2146,3134,473,51,146
Failed,,,501,2056,552,146,196
Failed,,,1004,1622,712,119,227
Failed,,,4993,1752,992,38,150
Failed,,,3482,4362,419,141,187
Failed,,,4834,3453,868,17,219
Failed,,,1164,3642,586,81,171
Failed,,,2808,4882,929,59,65
Failed,,,1558,2252,377,240,248
Failed,,,3726,1862,678,29,110
Failed,,,206,563,833,116,153
Failed,,,413,4559,296,9,9
Failed,,,2817,242,454,73,210
Failed,,,695,2667,423,113,190
Failed,,,2962,3967,81,27,45
Failed,,,255,4292,699,39,102
Failed,,,3618,2972,793,79,136
Failed,,,2661,1222,540,103,181
Failed,,,116,993,569,14,33
Failed,,,3404,2595,467,24,88
Failed,,,1173,2444,947,3,84
Failed,,,948,4943,205,144,151
Failed,,,1344,1020,758,54,197
Failed,,,2301,2863,505,19,245
Failed,,,4345,714,404,10,128
Failed,,,3323,4642,574,171,204
Failed,,,2078,2015,124,95,108
Failed,,,1785,3785,375,71,91
Failed,,,3031,1466,821,135,222
Failed,,,878,3254,159,12,122
Failed,,,2984,4474,315,99,142
Failed,,,4328,2706,896,223,235
Failed,,,586,5,410,46,78
Failed,,,47,4798,965,94,214
Failed,,,2756,3431,613,8,149
Failed,,,3674,176,861,34,167
Failed,,,463,3732,229,58,206
Failed,,,1479,512,523,76,116
Failed,,,3649,1058,286,162,244
Failed,,,4036,4982,740,4,168
Failed,,,1978,1426,357,27,207
Failed,,,635,753,931,151,176
Failed,,,2887,3172,946,160,162
Failed,,,3180,93,693,131,147
Failed,,,4190,4022,271,36,192
Failed,,,185,3493,342,157,233
Failed,,,2445,2420,637,57,185
Failed,,,1487,4322,884,32,140
Failed,,,2517,4218,665,66,250
Failed,,,3474,2214,911,100,201
Failed,,,4312,2243,88,52,86
Failed,,,2050,963,432,92,177
Failed,,,1758,2968,183,121,132
Failed,,,4645,4150,341,21,104
Failed,,,2153,282,981,213,226
Failed,,,3112,674,218,49,106
Failed,,,850,1912,313,89,133
Failed,,,4576,372,194,64,143
Failed,,,1846,1575,287,42,123
Failed,,,3419,2433,518,188,237
Failed,,,4284,3548,445,102,160
Failed,,,3846,1255,938,22,55
Failed,,,2206,72,593,123,215
Failed,,,1288,3224,842,91,229
Failed,,,1117,4615,895,110,114
Failed,,,4871,2003,412,158,199
Failed,,,2344,4586,706,86,155
Failed,,,3989,3308,798,64,111
Failed,,,4134,1813,323,77,224
Failed,,,1692,3632,419,4,58
Failed,,,1878,4222,305,118,237
Failed,,,3980,2152,672,107,136
Failed,,,757,502,480,30,220
Failed,,,4400,1650,566,126,162
Failed,,,2911,3072,397,40,242
Failed,,,307,2772,765,28,185
Failed,,,1463,4422,464,152,217
Failed,,,2708,2048,982,84,97
Failed,,,1224,846,514,60,141
Failed,,,4734,662,784,97,249
Failed,,,1376,1924,692,10,19
Failed,,,3815,2642,534,70,200
Failed,,,4232,541,953,139,205
Failed,,,3084,2270,278,15,174
Failed,,,4565,3692,702,168,222
Failed,,,814,4969,674,68,96
Failed,,,3079,3711,830,45,140
Failed,,,3372,535,583,12,184
Failed,,,4236,4111,381,170,234
Failed,,,142,3386,450,19,193
Failed,,,906,4703,350,56,163
Failed,,,1760,1132,676,142,239
Failed,,,2092,3112,924,180,194
Failed,,,3535,4384,999,12,231
Failed,,,2617,1383,749,45,217
Failed,,,4721,2811,293,138,138
Failed,,,4946,313,551,25,67
Failed,,,1427,1493,956,112,172
Failed,,,1883,351,872,86,201
Failed,,,1590,3581,626,111,250
Failed,,,4431,1011,502,74,228
Failed,,,2030,4190,722,6,54
Failed,,,4138,2913,754,108,214
Failed,,,239,4575,826,205,236
Failed,,,3991,1886,371,32,77
Failed,,,1436,2612,401,81,142
Failed,,,4723,1372,845,168,175
Failed,,,3750,3262,370,200,212
Failed,,,2492,893,828,7,101
Failed,,,1534,2717,576,35,83
Failed,,,4897,3917,920,75,181
Failed,,,1061,3792,628,23,197
Failed,,,142,1964,877,50,246
Failed,,,485,2834,494,67,109
Failed,,,608,3120,545,49,168
Failed,,,2099,1692,497,149,244
Failed,,,1767,4692,244,173,200
Failed,,,902,1115,797,24,150
Failed,,,4644,580,768,52,84
Failed,,,1749,1841,736,89,182
Failed,,,2043,4856,988,124,137
Failed,,,4312,3653,519,22,102
Failed,,,2327,255,387,17,31
Failed,,,1370,3353,136,41,45
Failed,,,4730,4536,353,65,189
Failed,,,1298,3806,782,143,161
Failed,,,4898,27,477,106,132
Failed,,,2785,3916,549,200,209
Failed,,,2499,4461,256,38,87
Failed,,,3980,3282,225,75,178
Failed,,,3543,3749,170,113,1
Failed,,,2456,3162,2,173,10
Failed,,,633,2590,2,218,9
Failed,,,413,1929,2,2,10
Failed,,,2525,2605,2,249,6
Failed,,,698,3172,2,154,10
Failed,,,363,2927,2,130,10
Failed,,,281,2770,2,183,6
Failed,,,359,2127,2,2,4
Failed,,,518,2461,2,2,6
Failed,,,4,57,2,207,10
Failed,,,935,1,2,207,9
Failed,,,2209,776,2,250,4
Failed,,,304,1,2,187,10
Failed,,,1550,1,2,250,10
Failed,,,3526,816,428,44,207
Failed,,,1096,4331,522,150,223
Failed,,,1458,854,892,184,222
Failed,,,2414,2756,645,154,204
Failed,,,3670,150,163,82,108
Failed,,,310,1333,318,59,128
Failed,,,4067,1155,262,133,165
Failed,,,3212,4731,716,33,245
Failed,,,2920,1652,969,9,196
Failed,,,758,4072,907,62,218
Failed,,,1944,3749,365,186,188
Failed,,,466,2322,660,27,232
Failed,,,164,2565,215,103,119
Failed,,,3910,196,732,163,195
Failed,,,3681,3767,309,3,147
Failed,,,4866,3426,984,127,240
Failed,,,752,4029,469,33,6
Failed,,,2728,1745,605,160,239
Failed,,,4998,2822,436,7,163
Failed,,,4798,924,242,19,57
Failed,,,1282,2127,274,121,210
Failed,,,4282,2431,888,71,154
Failed,,,2169,1249,608,47,110
Failed,,,1837,2995,859,11,66
Failed,,,3096,391,338,196,247
Failed,,,4575,4274,641,95,171
Failed,,,840,3286,865,119,181
Failed,,,3110,4603,646,17,83
Failed,,,3403,1505,898,56,101
Failed,,,509,285,617,94,135
Failed,,,3470,3606,484,69,238
Failed,,,2513,591,234,97,189
Failed,,,1027,1830,263,12,44
Failed,,,4338,4636,960,42,186
Failed,,,39,2861,900,147,149
Failed,,,1342,4961,327,22,242
Failed,,,1182,3532,380,34,105
Failed,,,1492,402,441,63,173
Failed,,,2449,3481,190,25,129
Failed,,,178,2405,773,187,205
Failed,,,4199,83,838,5,246
Failed,,,2886,2104,390,130,152
Failed,,,4531,3177,589,37,198
Failed,,,1646,752,538,31,218
Failed,,,1978,2517,788,57,232
Failed,,,334,1446,237,155,186
Failed,,,4041,1072,188,35,145
Failed,,,3647,4999,854,131,195
Failed,,,2400,2291,344,75,118
Failed,,,419,636,852,40,54
Failed,,,215,4163,281,84,160
Failed,,,3727,2940,251,60,79
Failed,,,2808,941,498,29,123
Failed,,,4826,2365,300,47,220
Failed,,,2564,3442,725,134,175
Failed,,,2641,4245,364,49,59
Failed,,,42,1181,394,126,225
Failed,,,577,3944,977,15,111
Failed,,,4335,1316,469,192,203
Failed,,,3315,2706,510,99,154
Failed,,,2984,877,761,67,172
Failed,,,871,2174,730,43,66
Failed,,,4670,1484,709,16,141
Failed,,,3035,2556,254,166,217
Failed,,,2074,3414,555,64,81
Failed,,,3488,3060,700,28,188
Failed,,,2570,1134,947,61,237
Failed,,,1155,4874,299,195,205
Failed,,,4910,2250,757,10,110
Failed,,,1552,951,727,96,129
Failed,,,2470,2931,974,70,174
Failed,,,3953,4172,506,48,92
Failed,,,3619,1601,346,110,177
Failed,,,4005,2986,679,196,225
Failed,,,264,361,127,8,87
Failed,,,370,4531,744,115,200
Failed,,,3259,3211,775,30,32
Failed,,,702,1277,995,83,249
Failed,,,711,2621,599,2,6
Failed,,,2819,3862,881,104,228
Failed,,,3152,1936,632,78,215
Failed,,,2381,1592,620,23,74
Failed,,,1424,4842,869,51,118
Failed,,,4939,3522,650,90,146
Failed,,,941,3730,930,8,224
Failed,,,23,475,677,34,211
Failed,,,4352,2020,747,155,248
Failed,,,3332,3404,295,58,172
Failed,,,4683,3785,993,183,203
Failed,,,2142,2066,916,21,167
Failed,,,1811,4046,667,52,150
Failed,,,4544,2745,824,92,115
Failed,,,799,122,373,145,198
Failed,,,3048,4055,424,78,101
Failed,,,1807,1351,883,127,212
Failed,,,2139,4444,630,164,229
Failed,,,492,834,333,2,181
Failed,,,280,1062,913,88,104
Failed,,,350,3824,466,43,249
Failed,,,1985,214,512,139,169
