Status,ACCURACY,RUNTIME,recent_samples_size,n_samples,n_permutations,update_interval,n_consecutive_deviations
Completed,0.61,294,1910,928,1000,198,3
Completed,0.43,34,5000,1,1000,250,5
Completed,0.61,407,3862,1,2,88,1
Completed,0.6,321,4466,1854,1000,250,3
Completed,0.61,405,1796,1236,1000,187,1
Completed,0.32,382,3008,4883,534,147,10
Completed,0.59,193,4284,76,356,52,7
Completed,0.57,301,656,3312,962,206,2
Completed,0.31,205,985,2481,264,139,8
Completed,0.5,92,93,990,684,242,1
Completed,0.58,147,2489,698,424,187,2
Completed,0.6,571,1765,3604,208,151,2
Completed,0.51,111,3136,371,595,122,7
Completed,0.5,371,4418,4550,292,217,9
Completed,0.32,81,488,1302,902,63,5
Completed,0.47,270,457,4458,110,168,6
Completed,0.42,126,4640,1529,717,73,3
Completed,0.32,224,4969,2986,10,22,7
Completed,0.42,140,3687,1930,815,176,8
Completed,0.31,204,1370,3921,488,81,5
Completed,0.56,202,1937,1632,143,118,3
Completed,0.29,157,2612,2692,754,92,6
Completed,0.35,192,3890,2263,74,246,10
Completed,0.3,233,1207,4251,744,26,3
Completed,0.41,44,902,298,45,69,9
Completed,0.55,248,4160,3228,657,164,5
Completed,0.58,2256,2937,1863,460,3,1
Completed,0.6,798,3921,4170,936,110,1
Completed,0.56,149,2697,927,243,198,4
Completed,0.32,139,2204,2601,568,44,9
Completed,0.32,44,1680,589,789,14,10
Completed,0.62,347,1780,1231,1000,187,2
Completed,0.61,795,5000,5000,1000,139,2
Completed,0.32,369,1,5000,2,150,2
Completed,0.55,90,1162,1,2,250,2
Completed,0.61,648,4012,5000,1000,152,2
Completed,0.61,390,5000,1882,2,185,2
Completed,0.61,357,5000,2689,1000,216,2
Completed,0.32,13,5000,1,1000,84,8
Completed,0.6,641,5000,4000,2,181,2
Completed,0.6,535,5000,4957,2,250,2
Completed,0.59,551,5000,5000,2,159,1
Completed,0.59,181,4067,1,1000,250,2
Completed,0.61,362,5000,1392,2,250,2
Completed,0.54,49,1750,1,361,8,4
Completed,0.31,277,1,5000,2,194,1
Completed,0.59,486,4586,1,591,250,1
Completed,0.59,163,1600,1,671,116,2
Completed,0.3,17,317,1,1000,250,6
Completed,0.32,13,22,1,1000,250,8
Completed,0.49,30,4031,1,1000,121,5
Completed,0.58,138,638,1,2,250,1
Completed,0.4,24,664,1,1000,250,4
Completed,0.52,56,4737,1,1000,250,3
Completed,0.32,12,1,1,344,250,10
Completed,0.3,12,503,1,1000,250,7
Completed,0.32,16,5000,1,1000,250,9
Completed,0.6,251,3136,1,1000,250,1
Completed,0.39,203,540,2382,1000,250,5
Completed,0.57,147,1832,1,1000,53,2
Completed,0.47,386,483,5000,1000,250,7
Completed,0.49,51,1284,1,1000,125,3
Completed,0.45,25,3389,1,1000,250,4
Completed,0.38,29,865,1,1000,250,5
Completed,0.3,411,4059,5000,1000,88,7
Completed,0.3,71,1,941,1000,250,5
Completed,0.41,28,5000,1,1000,199,6
Completed,0.49,31,4204,1,1000,181,4
Completed,0.59,152,1404,1,1000,144,2
Completed,0.56,68,4425,1,1000,171,3
Completed,0.6,262,1255,738,2,206,2
Completed,0.32,16,2679,1,1000,148,9
Completed,0.33,20,2994,1,1000,165,8
Completed,0.6,308,1217,137,1000,207,2
Completed,0.6,429,3662,2782,2,250,1
Completed,0.6,372,1188,2693,2,250,1
Completed,0.34,14,3695,1,1000,38,9
Completed,0.61,377,3714,1245,2,219,2
Completed,0.6,365,1305,1208,2,216,1
Completed,0.39,17,3547,1,1000,45,8
Completed,0.32,87,3993,1456,1000,33,8
Completed,0.61,334,1574,1947,755,204,2
Completed,0.58,438,1073,5000,152,250,5
Completed,0.32,11,1,1,1000,130,10
Completed,0.62,396,1613,1943,1000,250,1
Completed,0.48,137,5000,1392,1000,114,5
Completed,0.39,27,3090,1,282,14,5
Completed,0.31,21,2099,1,261,42,4
Completed,0.58,1307,2277,1,104,6,1
Completed,0.61,276,4368,104,352,149,5
Completed,0.35,21,3553,1,151,68,6
Completed,0.54,1667,2553,1,883,2,1
Completed,0.6,565,1930,5000,721,250,1
Completed,0.48,36,4503,1,105,138,5
Completed,0.52,53,2139,1,147,52,1
Completed,0.54,128,2286,1,2,39,1
Completed,0.44,32,3925,1,229,105,6
Completed,0.59,399,1800,1,527,152,1
Completed,0.56,96,2277,1,276,85,1
Completed,0.38,24,2314,1,268,70,3
Completed,0.29,16,2040,1,349,75,4
Completed,0.4,22,3750,1,161,25,7
Completed,0.42,29,3644,1,538,27,6
Completed,0.61,617,4201,1345,284,250,1
Completed,0.47,53,4291,1,474,157,5
Completed,0.49,63,3377,1,46,51,5
Completed,0.43,56,3908,1,87,120,6
Completed,0.6,655,1429,4833,664,250,2
Completed,0.42,27,4221,1,75,173,6
Completed,0.59,909,2107,1,2,2,1
Completed,0.33,15,4208,1,126,199,7
Completed,0.31,17,2048,1,173,46,3
Completed,0.55,2728,2612,1,1000,2,1
Completed,0.4,38,3640,1,105,88,7
Completed,0.38,24,4149,1,195,151,6
Completed,0.38,24,4390,1,325,187,6
Completed,0.36,18,4212,1,155,15,9
Completed,0.53,356,2137,5000,368,250,1
Completed,0.43,27,1176,1,208,12,4
Completed,0.58,306,1257,1,805,250,1
Completed,0.48,50,2362,1,2,62,2
Completed,0.58,1077,2097,1478,913,2,1
Completed,0.46,30,1036,1,295,44,4
Completed,0.5,40,3493,1,283,65,4
Completed,0.61,371,1330,1,2,74,1
Completed,0.56,94,1088,1,2,67,2
Completed,0.59,489,1724,1,1000,198,1
Completed,0.51,61,1608,1,1000,181,3
Completed,0.6,436,1723,1,2,82,1
Completed,0.42,30,1585,1,1000,196,4
Completed,0.59,178,1744,1,1000,187,2
Completed,0.59,159,4452,1,2,78,2
Completed,0.31,300,1,5000,1000,250,10
Completed,0.6,271,1346,1,2,184,1
Completed,0.6,276,5000,1235,1000,250,4
Completed,0.32,12,1,1,774,46,10
Completed,0.32,16,1,1,603,18,6
Completed,0.5,54,1720,1,1000,213,3
Completed,0.4,338,5000,5000,1000,192,10
Completed,0.51,406,5000,5000,1000,250,10
Completed,0.44,311,2303,5000,2,72,1
Completed,0.6,306,1374,1,1000,174,1
Completed,0.59,224,899,1,2,72,1
Completed,0.6,391,4055,1,2,114,1
Completed,0.61,344,1665,1,2,103,1
Completed,0.43,30,4275,1,1000,87,4
Completed,0.61,295,1253,1,2,58,1
Completed,0.57,127,1198,1,1000,78,2
Completed,0.6,294,1429,1422,2,165,1
Completed,0.44,26,1111,1,1000,150,4
Completed,0.57,86,1171,1,2,53,2
Completed,0.6,266,1286,1,1000,74,1
Completed,0.57,372,4453,2704,1000,218,4
Completed,0.51,54,4428,1,1000,64,4
Completed,0.57,132,1212,1,2,158,2
Completed,0.6,262,1723,2572,2,195,2
Completed,0.59,148,3613,1,447,159,2
Completed,0.62,308,3697,1263,1000,170,2
Completed,0.52,49,1225,1,169,160,3
Completed,0.51,51,4498,1,244,102,4
Completed,0.55,69,4101,1,1000,87,3
Completed,0.55,54,3976,1,1000,141,3
Completed,0.58,287,1891,2143,1000,240,3
Completed,0.36,24,2817,1,1000,217,5
Completed,0.6,291,1525,1325,2,169,2
Completed,0.42,434,5000,5000,1000,176,7
Completed,0.6,328,1677,2018,2,231,2
Completed,0.54,131,1648,567,760,70,4
Completed,0.42,240,2866,3246,44,224,8
Completed,0.32,92,4843,1612,584,40,8
Completed,0.59,482,960,4558,367,131,2
Completed,0.56,235,358,2398,225,182,1
Completed,0.33,250,4153,3787,945,28,6
Completed,0.32,91,3474,1050,432,213,10
Completed,0.33,165,2326,2786,652,121,5
Completed,0.32,97,2074,1318,490,10,9
Completed,0.59,398,3378,4851,711,168,3
Completed,0.61,277,3940,236,166,104,3
Completed,0.39,312,301,3578,886,199,7
Completed,0.55,184,860,717,525,243,6
Completed,0.59,295,4588,3117,309,85,1
Completed,0.39,229,2805,2106,818,148,5
Completed,0.32,251,1432,4081,102,52,10
Completed,0.61,295,1270,1890,745,205,2
Completed,0.32,230,2621,4295,466,114,8
Completed,0.39,81,4442,933,911,174,9
Completed,0.32,180,738,2903,133,20,4
Completed,0.43,44,134,138,271,47,5
Completed,0.31,244,3751,3675,554,138,9
Completed,0.32,96,3229,1416,74,79,6
Completed,0.6,795,1945,4754,856,233,1
Completed,0.35,81,2476,1225,7,157,7
Completed,0.4,154,3603,2610,790,62,3
Completed,0.58,215,4320,2223,337,249,4
Completed,0.32,236,547,3964,620,91,9
Completed,0.32,105,1106,1748,977,95,10
Completed,0.59,451,4967,4421,199,191,4
Completed,0.57,1952,3028,431,678,3,1
Completed,0.54,415,1833,3383,399,160,6
Completed,0.53,165,1737,1643,187,229,5
Completed,0.32,354,3091,4673,907,75,10
Completed,0.56,140,4912,535,470,134,7
Completed,0.43,191,1204,3131,691,43,1
Completed,0.34,67,602,1013,829,24,2
Completed,0.4,422,4221,2676,113,177,7
Completed,0.36,140,3699,2435,515,118,8
Completed,0.53,238,2414,3897,298,209,4
Completed,0.32,25,2005,204,565,164,10
Completed,0.32,180,3134,3463,349,6,5
Completed,0.61,308,3852,1350,778,195,2
Completed,0.27,244,77,4965,62,100,6
Completed,0.32,177,636,2142,419,88,7
Completed,0.61,498,4500,4191,640,245,2
Completed,0.41,73,2561,681,237,57,3
Completed,0.4,225,1364,3007,957,153,9
Completed,0.61,424,1494,818,327,125,1
Completed,0.44,283,2709,2871,610,216,6
Completed,0.32,120,4686,2005,18,32,9
Completed,0.53,257,806,4327,800,186,5
Completed,0.34,185,202,1526,658,128,4
Completed,0.31,380,3995,4790,379,36,8
Completed,0.58,107,3316,28,998,219,8
Completed,0.35,272,2170,3638,219,66,2
Completed,0.32,151,2231,2338,924,49,6
Completed,0.6,543,3534,3996,145,144,1
Completed,0.49,131,4096,1110,732,81,4
Completed,0.31,163,459,2578,453,239,10
Completed,0.5,76,1018,321,92,203,9
Completed,0.54,273,4742,3346,874,108,3
Completed,0.54,174,2960,1858,252,172,3
Completed,0.32,364,1589,4458,536,14,7
Completed,0.39,206,1628,2469,306,142,10
Completed,0.31,207,2921,3853,522,51,5
Completed,0.62,398,4703,960,105,236,1
Completed,0.32,156,1057,2700,821,83,7
Completed,0.41,55,420,501,714,110,7
Completed,0.61,556,4135,3175,494,202,2
Completed,0.32,151,3573,1697,883,15,4
Completed,0.29,370,2193,4649,163,169,8
Completed,0.47,65,2131,627,949,218,5
Completed,0.34,235,3355,3032,230,122,10
Completed,0.5,156,4034,2177,648,188,6
Completed,0.32,213,163,4147,427,30,2
Completed,0.38,107,845,1403,39,34,2
Completed,0.31,372,4648,4941,755,129,7
Completed,0.49,75,2670,170,372,65,9
Completed,0.6,420,1533,3507,589,222,3
Completed,0.44,35,1403,72,196,9,6
Completed,0.57,273,2522,3604,974,163,1
Completed,0.36,129,4460,1502,402,101,5
Completed,0.38,264,675,4844,681,192,9
Completed,0.32,135,37,1961,792,243,8
Completed,0.38,243,3891,4361,10,90,4
Completed,0.6,263,3173,843,618,151,2
Completed,0.36,196,1966,2817,334,59,8
Completed,0.52,198,2374,1833,559,73,1
Completed,0.57,397,3738,4511,276,230,6
Completed,0.32,48,4261,365,851,41,10
Completed,0.49,385,563,3312,68,137,4
Completed,0.59,193,1244,1135,461,179,3
Completed,0.32,308,4872,2524,740,21,9
Completed,0.38,177,3051,2294,137,211,7
Completed,0.55,296,1776,4030,916,116,3
Completed,0.32,102,1872,1084,629,63,8
Completed,0.45,195,2989,2742,408,154,4
Completed,0.58,329,4928,2345,968,94,2
Completed,0.5,293,1144,3812,248,247,8
Completed,0.35,162,508,1577,359,189,7
Completed,0.59,697,4359,4602,576,97,1
Completed,0.59,362,3641,621,52,159,5
Completed,0.54,179,1906,2052,126,112,3
Completed,0.47,385,3267,4106,842,208,9
Completed,0.32,74,3790,752,285,17,7
Completed,0.43,299,95,3073,502,175,3
Completed,0.57,256,776,290,894,140,2
Completed,0.33,228,4403,3554,174,45,6
Completed,0.35,131,2582,1284,703,234,10
Completed,0.29,286,1309,4895,483,77,5
Completed,0.34,147,1471,1460,864,165,8
Completed,0.3,332,2766,4720,81,12,2
Completed,0.61,302,4548,113,546,198,4
Completed,0.32,257,900,3729,263,106,8
Completed,0.31,87,262,889,156,86,9
Completed,0.56,260,3979,2937,935,240,5
Completed,0.57,291,3418,1915,442,55,1
Completed,0.32,518,2034,4242,721,146,6
Completed,0.51,98,2286,407,391,226,3
Completed,0.32,287,3514,3437,671,68,7
Completed,0.35,117,4192,1792,207,133,9
Completed,0.3,323,319,4387,985,38,3
Completed,0.32,194,1000,2248,597,27,4
Completed,0.46,446,4804,3910,314,184,10
Completed,0.39,127,2827,1181,813,118,6
Completed,0.61,521,1688,2644,31,214,1
Completed,0.31,85,1702,1331,614,103,7
Completed,0.61,499,2848,4985,331,198,1
Completed,0.32,31,4777,223,796,11,5
Completed,0.39,285,984,3443,13,169,10
Completed,0.43,90,336,701,406,149,8
Completed,0.36,205,4217,2989,684,53,4
Completed,0.6,339,3490,2123,192,241,2
Completed,0.32,347,2275,4210,971,84,7
Completed,0.36,51,2058,517,142,39,2
Completed,0.39,289,3429,3151,920,131,6
Completed,0.32,132,3962,1662,456,71,10
Completed,0.49,413,237,4653,735,224,5
Completed,0.54,277,927,2455,846,213,3
Completed,0.31,341,4564,3879,64,122,9
Completed,0.42,101,2752,993,563,181,7
Completed,0.34,230,1450,2695,280,27,2
Completed,0.4,130,1319,1131,879,250,10
Completed,0.36,175,2605,2559,159,92,5
Completed,0.61,476,4377,2317,718,156,1
Completed,0.32,352,757,4015,498,60,6
Completed,0.59,671,3818,4478,825,159,2
Completed,0.56,198,3247,340,301,97,4
Completed,0.44,326,1894,3326,518,192,8
Completed,0.33,259,2457,2026,375,174,5
Completed,0.32,255,3654,4308,592,21,10
Completed,0.59,4942,4343,798,35,204,6
Completed,0.53,297,479,2890,752,113,1
Completed,0.59,390,1171,9,644,78,3
Completed,0.52,477,4947,3659,424,232,7
Completed,0.32,106,2979,1545,953,47,9
Completed,0.58,544,1849,4770,233,139,3
Completed,0.57,129,1790,255,445,196,8
Completed,0.56,446,3073,3558,725,100,2
Completed,0.59,270,4845,1299,153,163,4
Completed,0.32,191,580,2086,543,57,10
Completed,0.54,387,4286,4100,260,152,5
Completed,0.6,476,3714,737,867,88,1
Completed,0.39,225,2363,3099,85,246,7
Completed,0.57,223,1990,1630,809,135,3
Completed,0.32,253,3185,4538,26,44,7
Completed,0.57,159,3874,548,601,228,9
Completed,0.32,207,12,3265,318,74,3
Completed,0.39,114,703,1030,211,116,5
Completed,0.41,245,4476,2805,990,208,10
Completed,0.32,182,2508,2418,387,25,6
Completed,0.59,564,1381,3769,666,178,2
Completed,0.32,146,1544,2203,56,80,9
Completed,0.57,445,2693,3983,772,238,4
Completed,0.46,163,4621,1246,355,49,2
Completed,0.33,277,826,2590,571,145,8
Completed,0.44,61,180,450,964,172,6
Completed,0.41,433,4063,3362,243,15,1
Completed,0.52,253,3335,1729,633,202,5
Completed,0.31,421,2118,4441,413,107,9
Completed,0.32,77,2213,913,700,31,4
Completed,0.42,217,3586,2922,479,184,9
Completed,0.32,149,4118,1911,897,126,7
Completed,0.55,292,392,4276,177,217,3
Completed,0.6,348,1083,1435,288,221,1
Completed,0.31,391,4722,4733,505,67,6
Completed,0.53,73,2911,118,122,127,10
Completed,0.3,253,1605,3695,838,35,4
Completed,0.62,296,1566,771,77,187,2
Completed,0.3,198,2949,3055,859,30,8
Completed,0.46,161,4761,2032,268,218,8
Completed,0.51,302,1044,4124,550,123,4
Completed,0.3,79,430,1265,908,65,5
Completed,0.47,495,4079,4915,129,223,10
Completed,0.32,32,3547,308,748,33,7
Completed,0.54,251,2252,3534,469,128,1
Completed,0.31,137,2157,2364,674,235,7
Completed,0.39,201,3296,3793,395,81,3
Completed,0.59,186,4024,1064,982,143,3
Completed,0.31,168,219,2761,203,52,9
Completed,0.32,54,787,602,342,16,10
Completed,0.55,471,4660,3241,625,170,5
Completed,0.51,149,2731,1596,3,109,2
Completed,0.55,313,1505,4582,785,201,6
Completed,0.32,108,1342,1772,436,42,4
Completed,0.29,237,2547,4407,657,137,9
Completed,0.37,48,4515,426,220,72,8
Completed,0.58,317,663,3416,940,230,2
Completed,0.46,101,52,1202,579,211,1
Completed,0.42,172,3834,2624,363,115,6
Completed,0.38,142,3146,2227,764,180,9
Completed,0.32,255,2029,3929,48,22,5
Completed,0.49,53,2402,94,815,102,9
Completed,0.6,351,3675,3749,99,193,4
Completed,0.32,84,4246,1479,528,8,3
Completed,0.36,264,620,4699,312,162,7
Completed,0.42,164,1189,1935,169,150,6
Completed,0.54,327,4884,4222,890,58,1
Completed,0.59,207,3112,869,487,244,4
Completed,0.36,299,1751,2956,707,91,10
Completed,0.43,164,1811,2157,994,18,1
Completed,0.38,230,3018,4166,216,176,7
Completed,0.42,102,4985,647,661,111,10
Completed,0.53,235,1132,3013,382,206,5
Completed,0.55,71,518,189,21,233,4
Completed,0.34,274,4304,3487,803,76,8
Completed,0.31,104,3615,1385,323,142,8
Completed,0.34,423,2496,4961,606,46,2
Completed,0.35,68,1933,940,257,94,6
Completed,0.59,292,3208,2719,540,248,2
Completed,0.36,153,3780,2489,87,62,5
Completed,0.31,279,150,3835,870,154,10
Completed,0.35,125,719,1716,727,158,9
Completed,0.3,307,4416,4629,449,4,3
Completed,0.54,140,2644,483,928,189,3
Completed,0.32,239,1280,3194,149,98,7
Completed,0.58,154,1410,384,510,132,5
Completed,0.31,171,2791,3292,293,37,9
Completed,0.54,160,4603,1814,833,227,6
Completed,0.5,407,888,4532,117,69,1
Completed,0.44,171,276,2273,474,119,2
Completed,0.5,357,3922,4049,695,215,8
Completed,0.32,96,3390,1155,182,26,8
Completed,0.38,5935,2097,2505,902,183,4
Completed,0.34,122,2314,1521,241,197,10
Completed,0.46,264,3450,4824,961,106,4
Completed,0.6,671,4178,52,416,166,1
Completed,0.32,272,376,3625,636,12,6
Completed,0.32,56,945,822,775,56,7
Completed,0.54,257,4816,2837,59,147,3
Completed,0.41,132,2887,1982,569,86,3
Completed,0.5,478,1663,4342,352,239,9
Completed,0.32,131,1674,1984,213,45,7
Completed,0.59,646,2879,4349,995,141,2
Completed,0.53,120,4808,839,381,76,4
Completed,0.4,178,957,2849,664,234,8
Completed,0.53,60,384,45,803,206,10
Completed,0.46,250,4166,3622,24,111,5
Completed,0.62,341,3439,1508,603,176,1
Completed,0.32,363,2322,4807,324,19,7
Completed,0.43,129,2109,1172,537,99,2
Completed,0.41,149,3382,2517,258,190,7
Completed,0.5,233,288,4056,90,157,3
Completed,0.4,171,896,1802,448,154,5
Completed,0.31,240,4591,4514,730,62,10
Completed,0.52,93,2780,377,147,248,6
Completed,0.59,334,1419,3289,929,94,2
Completed,0.56,108,1273,475,291,183,8
Completed,0.3,373,2656,3192,511,25,4
Completed,0.61,373,4429,1704,116,215,2
Completed,0.31,409,712,4611,836,120,8
Completed,0.32,191,137,2492,694,69,6
Completed,0.6,494,3786,3842,477,226,1
Completed,0.32,58,3215,957,899,37,5
Completed,0.38,150,1919,2732,183,133,10
Completed,0.53,190,2489,1372,958,240,3
Completed,0.31,526,3628,4944,242,86,9
Completed,0.6,191,4317,181,636,147,7
Completed,0.31,251,511,3485,419,55,3
Completed,0.35,74,1119,664,58,13,1
Completed,0.48,208,4992,3025,778,167,6
Completed,0.37,121,3024,2159,349,105,10
Completed,0.59,557,1798,4173,570,196,5
Completed,0.48,103,1743,871,857,129,7
Completed,0.36,205,3124,2964,78,33,1
Completed,0.52,169,4896,1952,550,223,5
Completed,0.31,231,1181,4235,271,65,10
Completed,0.32,95,608,1472,128,124,8
Completed,0.6,702,4254,4697,911,219,4
Completed,0.59,385,3683,82,466,29,2
Completed,0.4,209,2390,3732,749,186,8
Completed,0.4,130,2021,2244,392,200,2
Completed,0.3,316,3157,3941,675,109,6
Completed,0.32,74,3846,1204,202,170,10
Completed,0.32,150,44,2632,985,17,5
Completed,0.45,88,652,413,624,51,3
Completed,0.37,190,4523,3399,345,143,9
Completed,0.32,100,2555,1765,782,82,7
Completed,0.58,541,1331,4405,4,236,3
Completed,0.32,100,1518,1589,654,23,9
Completed,0.52,265,2725,4580,437,180,5
Completed,0.61,552,4654,590,939,114,1
Completed,0.51,202,800,3224,223,210,6
Completed,0.31,79,225,1067,362,230,8
Completed,0.53,175,4011,2768,582,72,2
Completed,0.45,164,3284,2382,45,137,4
Completed,0.32,198,2164,3805,765,42,9
Completed,0.47,67,2264,296,96,90,4
Completed,0.47,474,3540,3517,816,244,10
Completed,0.32,76,4073,1258,311,59,6
Completed,0.57,370,443,4912,531,150,1
Completed,0.5,155,1051,2049,889,161,3
Completed,0.32,215,4748,4136,172,8,7
Completed,0.47,85,2937,774,705,194,9
Completed,0.43,206,1573,3062,488,102,4
Completed,0.59,462,1612,136,726,246,1
Completed,0.32,257,2898,3707,443,89,6
Completed,0.32,82,4709,1438,934,151,10
Completed,0.3,330,1089,4741,152,56,5
Completed,0.57,346,404,1898,263,6,4
Completed,0.44,229,4111,4259,542,164,8
Completed,0.34,59,3579,905,86,100,8
Completed,0.5,287,2226,2920,864,195,2
Completed,0.34,162,2125,1731,27,178,6
Completed,0.31,286,3322,4449,806,24,1
Completed,0.59,267,4050,467,321,209,5
Completed,0.32,260,186,3375,600,117,10
Completed,0.32,92,839,1238,993,74,9
Completed,0.6,270,4614,2588,210,228,3
Completed,0.32,138,2686,2191,667,44,3
Completed,0.3,293,1556,3966,384,135,7
Completed,0.43,166,1370,2406,773,107,5
Completed,0.37,205,2516,3752,53,203,9
Completed,0.32,63,4484,1023,574,15,6
Completed,0.58,274,691,2802,354,172,1
Completed,0.31,47,4,565,247,145,2
Completed,0.35,279,3885,3278,963,50,8
Completed,0.36,120,3197,1633,414,237,9
Completed,0.36,241,1982,4546,630,79,4
Completed,0.32,53,2351,730,480,35,10
Completed,0.54,262,3722,3096,697,126,4
Completed,0.6,218,4294,2074,180,67,1
Completed,0.53,246,569,4083,896,221,6
Completed,0.46,121,1221,1302,508,216,7
Completed,0.57,309,4857,4878,288,125,3
Completed,0.58,136,3084,272,839,185,4
Completed,0.33,194,1782,3570,120,31,9
Completed,0.56,167,1837,1562,332,84,2
Completed,0.49,269,2986,4782,611,241,8
Completed,0.58,172,4953,11,16,54,8
Completed,0.56,283,1158,3666,795,149,4
Completed,0.48,106,473,786,687,168,5
Completed,0.44,250,3667,2018,972,199,7
Completed,0.55,465,2450,4306,189,104,1
Completed,0.32,30,1881,343,921,28,7
Completed,0.59,294,3254,3333,139,181,3
Completed,0.57,302,3825,1856,739,121,3
Completed,0.38,234,99,4490,455,213,9
Completed,0.32,183,751,2310,67,225,10
Completed,0.31,250,4390,4012,846,71,5
Completed,0.55,153,2618,1118,281,130,2
Completed,0.32,134,1312,2542,561,39,6
Completed,0.59,480,1458,981,160,191,4
Completed,0.31,206,2740,2678,876,96,8
Completed,0.42,144,4552,2448,501,160,8
Completed,0.47,152,248,1679,828,60,1
Completed,0.5,308,3953,4665,109,156,6
Completed,0.4,65,3421,519,519,93,9
Completed,0.43,319,2070,3158,298,250,5
Completed,0.33,144,2283,2115,593,140,9
Completed,0.31,396,3478,4207,373,48,3
Completed,0.61,390,4206,689,755,231,3
Completed,0.32,188,344,2971,34,78,7
Completed,0.55,102,996,225,427,113,6
Completed,0.6,892,4769,3451,643,204,1
Completed,0.32,92,2840,1348,234,20,4
Completed,0.34,636,1714,4998,950,174,10
Completed,0.32,150,2815,2651,626,158,10
Completed,0.44,157,4792,2265,251,97,6
Completed,0.6,444,1007,3922,967,189,1
Completed,0.55,185,330,1784,579,247,2
Completed,0.31,223,4184,4384,358,93,8
Completed,0.52,80,3506,394,768,155,8
Completed,0.31,215,2298,3420,49,64,4
Completed,0.32,107,2042,1932,843,77,10
Completed,0.58,312,3406,4254,122,235,5
Completed,0.6,360,3968,891,504,45,1
Completed,0.37,161,270,2944,284,140,6
Completed,0.56,112,911,101,177,176,7
Completed,0.34,244,4540,3712,893,18,3
Completed,0.53,147,2758,1453,484,207,3
Completed,0.32,408,1483,4717,700,112,9
Completed,0.61,288,1296,1276,82,146,1
Completed,0.3,511,2589,4892,861,54,6
Completed,0.55,138,4410,278,266,241,9
Completed,0.31,232,764,3536,545,87,5
Completed,0.42,63,88,754,937,106,4
Completed,0.42,187,3803,3080,155,197,9
Completed,0.32,206,3280,2069,722,12,8
Completed,0.6,455,1900,4118,439,166,2
Completed,0.5,92,2424,609,672,214,6
Completed,0.59,326,3648,3204,388,119,1
Completed,0.56,189,4366,1570,988,183,4
Completed,0.3,340,495,4600,206,26,10
Completed,0.32,145,1138,2362,317,38,9
Completed,0.57,494,4941,3824,596,133,4
Completed,0.37,83,3002,1086,32,68,3
Completed,0.43,296,1865,2749,810,226,7
Completed,0.53,213,1764,2297,523,170,4
Completed,0.32,332,3059,4037,303,16,8
Completed,0.37,100,4880,1152,824,201,7
Completed,0.57,191,1232,2536,104,109,2
Completed,0.55,168,555,358,496,83,1
Completed,0.53,227,4272,3310,713,237,7
Completed,0.32,102,3750,1821,164,51,10
Completed,0.4,365,2366,4494,880,142,5
Completed,0.54,121,1954,860,231,221,9
Completed,0.35,182,3182,2829,946,64,3
Completed,0.61,244,3899,1963,430,130,2
Completed,0.31,288,26,4369,647,34,7
Completed,0.32,134,668,1489,758,30,6
Completed,0.61,511,4472,4827,38,188,2
Completed,0.56,117,2534,65,590,123,5
Completed,0.44,301,1395,3602,369,218,10
Completed,0.59,343,1540,163,975,59,2
Completed,0.33,220,2657,3505,193,151,8
Completed,0.32,82,4635,1391,684,90,8
Completed,0.6,602,851,4924,401,243,4
Completed,0.33,157,176,2179,13,193,5
Completed,0.3,299,4027,4155,791,102,9
Completed,0.57,160,3348,644,335,162,6
Completed,0.59,936,2144,3044,614,8,1
Completed,0.34,116,2199,1685,277,116,7
Completed,0.59,367,3560,4631,556,211,3
Completed,0.35,46,4122,494,71,22,3
Completed,0.31,176,427,3172,850,179,9
Completed,0.32,64,1069,977,743,136,10
Completed,0.36,152,4696,2713,460,41,4
Completed,0.59,323,2914,2472,917,231,1
Completed,0.31,205,1641,3860,134,73,6
Completed,0.44,123,1602,1875,904,209,8
Completed,0.49,470,2953,4470,188,118,4
Completed,0.6,453,4735,323,690,177,2
Completed,0.3,217,1031,3354,473,23,7
Completed,0.32,79,466,1098,112,43,7
Completed,0.61,359,4083,2561,832,135,1
Completed,0.36,131,3522,2331,295,75,5
Completed,0.4,270,2238,3993,515,228,10
Completed,0.56,67,2183,30,346,153,3
Completed,0.3,233,3310,3646,566,57,9
Completed,0.44,112,3989,1543,61,245,7
Completed,0.47,378,215,4803,781,88,2
Completed,0.52,200,813,1998,639,99,2
Completed,0.56,344,4674,4325,422,194,6
Completed,0.45,177,1501,2854,238,165,5
Completed,0.33,58,1356,669,606,66,8
Completed,0.57,335,2573,2990,328,220,2
Completed,0.32,115,4511,2135,799,36,4
Completed,0.32,319,628,4189,21,127,8
Completed,0.33,100,65,1367,378,186,10
Completed,0.31,261,3860,4978,661,32,5
Completed,0.59,408,3142,207,216,216,1
Completed,0.46,306,1994,3470,999,124,6
Completed,0.32,205,2406,2428,142,13,3
Completed,0.46,276,3710,3895,925,171,7
Completed,0.35,81,4233,1001,452,108,9
Completed,0.5,243,594,2659,735,204,3
Completed,0.58,187,1193,538,873,238,5
Completed,0.38,270,4920,3138,95,81,10
Completed,0.42,151,3098,1661,532,144,6
Completed,0.39,404,1725,4685,253,49,1
Completed,0.47,69,1827,448,41,120,10
Completed,0.56,263,3041,3395,761,212,5
Completed,0.43,119,4979,1750,366,29,1
Completed,0.4,328,1099,4428,586,182,7
Completed,0.3,139,534,2211,944,131,8
Completed,0.32,216,4327,3947,227,40,2
Completed,0.61,193,3609,1218,649,224,4
Completed,0.3,140,2463,2607,433,70,8
Completed,0.32,104,1938,1418,708,53,5
Completed,0.33,515,3241,4761,491,148,10
Completed,0.58,177,3764,155,885,84,6
Completed,0.53,430,127,3687,169,242,2
Completed,0.57,139,725,926,307,200,3
Completed,0.35,285,4449,2900,528,104,7
Completed,0.34,139,2627,1878,99,167,9
Completed,0.32,246,1257,4278,819,10,3
Completed,0.49,182,1444,2094,463,232,6
Completed,0.53,286,2798,4064,746,79,1
Completed,0.6,245,4580,710,132,138,5
Completed,0.3,413,872,3115,914,47,9
Completed,0.32,30,309,253,553,19,8
Completed,0.59,517,3928,3590,274,173,4
Completed,0.6,242,3367,1320,853,114,2
Completed,0.35,315,2082,4858,74,206,8
Completed,0.54,128,2337,1042,787,161,1
Completed,0.44,219,4145,2386,619,191,10
Completed,0.39,254,370,3770,340,95,4
Completed,0.48,146,968,1614,198,92,3
Completed,0.52,345,4832,4565,980,249,9
Completed,0.33,51,2854,584,396,61,7
Completed,0.57,250,1657,3258,679,156,3
Completed,0.61,254,1655,1603,471,164,2
Completed,0.56,164,4828,576,186,195,10
Completed,0.37,399,976,3249,906,100,5
Completed,0.41,96,364,1051,513,89,3
Completed,0.43,282,4147,2792,297,246,9
Completed,0.34,143,3458,2397,830,56,7
Completed,0.55,323,2342,3781,114,152,2
Completed,0.4,44,2090,245,779,227,7
Completed,0.57,400,3363,3581,63,74,1
Completed,0.51,121,3934,1309,564,136,5
Completed,0.29,318,307,4847,348,44,10
Completed,0.32,122,877,2105,237,24,8
Completed,0.59,736,4572,4075,956,178,4
Completed,0.6,173,2799,719,420,117,2
Completed,0.48,336,1438,3123,641,208,7
Completed,0.34,68,1254,934,19,50,4
Completed,0.31,170,2637,2909,801,145,10
Completed,0.42,128,4448,1889,326,80,6
Completed,0.59,321,732,4289,609,237,1
Completed,0.44,103,118,1407,997,203,3
Completed,0.3,374,3767,4750,219,107,7
Completed,0.55,89,3235,146,659,172,9
Completed,0.32,193,1939,3679,380,14,3
Completed,0.33,124,2469,2222,733,125,9
Completed,0.58,382,3609,3957,454,217,5
Completed,0.46,104,4336,1226,923,31,1
Completed,0.39,278,531,2616,144,185,6
Completed,0.5,110,1100,439,252,126,8
Completed,0.42,219,4972,3387,534,35,2
Completed,0.57,257,3044,1739,93,221,4
Completed,0.3,335,1817,4417,876,67,8
Completed,0.32,39,1723,529,585,11,3
Completed,0.39,271,3104,3130,368,168,7
Completed,0.32,97,4915,1650,759,103,9
Completed,0.58,305,1201,4674,43,199,3
Completed,0.39,163,589,2439,431,241,5
Completed,0.3,273,4235,3906,652,83,10
Completed,0.49,87,3702,1009,226,149,6
Completed,0.31,147,2410,2668,946,54,2
Completed,0.32,89,2002,1356,167,71,8
Completed,0.61,460,3138,4967,887,225,2
Completed,0.56,135,3865,198,490,39,4
Completed,0.32,184,63,3462,710,130,8
Completed,0.45,73,632,677,818,181,10
Completed,0.32,161,4503,2999,101,28,5
Completed,0.59,264,2575,2146,526,213,1
Completed,0.36,401,1350,4200,310,121,6
Completed,0.52,194,1498,2009,912,155,4
Completed,0.33,247,2705,4336,133,60,9
Completed,0.59,181,4673,815,744,250,7
Completed,0.42,166,819,2862,465,93,3
Completed,0.58,132,206,22,72,96,1
Completed,0.57,450,3992,3637,855,191,6
Completed,0.46,260,2183,4792,555,160,4
Completed,0.31,74,2245,1107,338,205,9
Completed,0.49,177,3521,2569,621,113,4
Completed,0.59,288,4092,2342,6,174,2
Completed,0.32,359,463,4004,788,20,8
Completed,0.32,146,1031,1864,678,48,6
Completed,0.59,513,4729,4459,398,139,1
Completed,0.5,92,2956,315,978,78,5
Completed,0.46,234,1593,3345,200,231,9
Completed,0.34,87,1631,966,969,111,7
Completed,0.55,199,2917,2702,249,206,3
Completed,0.32,140,4690,2463,628,19,3
Completed,0.38,216,1070,3852,408,177,9
Completed,0.34,101,424,1694,51,141,10
Completed,0.31,393,4131,4640,767,46,5
Completed,0.6,343,3559,505,360,234,2
Completed,0.31,170,2206,3183,577,76,6
Completed,0.3,360,2144,2170,286,63,2
Completed,0.35,429,3342,4146,503,154,8
Completed,0.42,80,4030,633,125,94,8
Completed,0.45,180,167,3033,841,248,4
Completed,0.56,93,858,174,702,190,5
Completed,0.35,228,4634,3516,482,98,10
Completed,0.36,95,2666,1399,895,157,7
Completed,0.43,302,1537,4933,175,4,1
Completed,0.35,92,1390,1498,547,227,9
Completed,0.32,354,2536,4836,264,69,4
Completed,0.61,381,4464,76,863,132,3
Completed,0.32,185,672,3613,80,37,7
Completed,0.32,77,24,849,441,25,6
Completed,0.6,309,3905,2819,720,183,1
Completed,0.47,185,3177,1955,157,120,4
Completed,0.48,246,1962,4360,935,215,10
Completed,0.49,79,2371,369,208,167,4
Completed,0.32,209,3742,3321,986,13,9
Completed,0.48,125,4274,1830,391,196,8
Completed,0.55,286,549,4502,669,105,2
Completed,0.58,218,1240,2288,812,86,1
Completed,0.59,388,4876,4028,30,240,6
Completed,0.32,81,3065,1141,598,55,9
Completed,0.49,167,1763,2525,315,147,5
Completed,0.48,328,1856,2353,106,219,6
Completed,0.58,307,3005,3815,822,124,2
Completed,0.56,149,4934,1075,305,187,5
Completed,0.32,147,1138,2738,521,29,10
Completed,0.32,55,492,620,882,33,9
Completed,0.56,383,4375,3215,162,129,3
Completed,0.52,183,3648,1579,715,65,2
Completed,0.45,302,2431,4608,494,222,7
Completed,0.61,420,1900,743,649,143,1
Completed,0.33,272,3273,3069,428,52,7
Completed,0.45,135,3806,2061,949,236,10
Completed,0.31,261,79,4109,229,82,5
Completed,0.43,157,770,1285,371,109,4
Completed,0.48,309,4410,4901,588,200,8
Completed,0.32,35,2598,288,40,17,7
Completed,0.6,534,1293,3547,756,171,2
Completed,0.56,107,1477,112,403,72,10
Completed,0.56,402,2760,3723,682,230,5
Completed,0.51,188,4532,1461,195,42,1
Completed,0.38,508,916,4726,974,137,6
Completed,0.32,111,268,1923,616,180,7
Completed,0.31,469,3973,4245,334,23,3
Completed,0.59,242,3402,880,794,210,3
Completed,0.32,241,2050,2933,11,115,9
Completed,0.32,101,2302,1793,852,7,5
Completed,0.32,247,3498,4393,70,161,10
Completed,0.55,138,4186,405,558,103,6
Completed,0.56,377,325,3431,275,194,1
Completed,0.6,614,1015,1172,137,244,2
Completed,0.35,187,4788,2640,915,90,8
Completed,0.36,157,2820,2256,462,150,8
Completed,0.29,284,1694,3914,741,58,4
Completed,0.55,115,1715,217,153,134,9
Completed,0.31,127,495,2368,478,92,21
Completed,0.35,182,4651,3262,971,241,197
Completed,0.31,187,1999,3464,332,192,163
Completed,0.3,302,4189,4700,848,178,81
Completed,0.42,273,891,4870,633,219,17
Completed,0.37,49,2984,581,496,198,87
Completed,0.31,197,628,3512,611,160,70
Completed,0.3,271,1303,4549,174,119,22
Completed,0.3,166,3288,3211,189,146,40
Completed,0.31,237,1840,4517,457,129,61
Completed,0.59,300,3532,3355,410,110,1
Completed,0.36,179,1634,3393,287,249,105
Completed,0.58,306,4297,3634,895,196,5
Completed,0.35,192,4015,3198,365,163,133
Completed,0.49,230,1975,4142,113,240,47
Completed,0.31,147,1108,2611,321,131,27
Completed,0.3,226,1759,4346,883,94,72
Completed,0.31,280,478,4486,737,222,216
Completed,0.3,255,4108,3929,305,104,38
Completed,0.3,169,914,3048,914,228,150
Completed,0.3,253,3105,4332,398,155,107
Completed,0.3,223,3716,3707,533,244,167
Completed,0.36,67,4067,955,764,221,102
Completed,0.42,265,4803,4801,490,225,29
Completed,0.3,235,2455,4423,818,207,113
Completed,0.29,238,2625,4603,659,182,49
Completed,0.31,251,1011,4065,60,77,31
Completed,0.31,45,288,691,493,109,56
Completed,0.31,221,3664,3901,638,121,110
Completed,0.47,142,4461,2186,383,129,6
Completed,0.36,164,4242,3059,75,158,34
Completed,0.3,264,2222,4594,327,235,136
Completed,0.3,155,680,2917,422,200,94
Completed,0.3,278,849,4502,763,105,67
Completed,0.3,255,4400,3964,199,221,181
Completed,0.31,218,1443,3698,450,174,18
Completed,0.3,271,3189,4724,435,92,44
Completed,0.29,262,400,4629,245,189,37
Completed,0.58,166,802,620,303,222,3
Completed,0.36,39,4120,440,206,134,64
Completed,0.31,255,4680,4477,280,168,102
Completed,0.31,229,2028,4738,920,155,8
Completed,0.31,219,2589,4009,374,205,22
Completed,0.31,84,3632,1220,176,238,49
Completed,0.3,253,251,4270,952,226,120
Completed,0.37,187,4973,3135,136,45,25
Completed,0.29,170,2676,2651,385,171,65
Completed,0.31,260,3317,4525,563,199,132
Completed,0.35,115,1175,1939,741,181,10
Completed,0.31,235,4829,4128,543,138,59
Completed,0.31,173,583,3122,589,95,7
Completed,0.31,229,175,4437,402,59,14
Completed,0.41,36,4513,206,165,178,138
Completed,0.36,173,1966,2965,639,168,127
Completed,0.31,205,2846,3473,687,136,29
Completed,0.31,239,1118,3876,931,215,178
Completed,0.47,48,1372,274,753,69,8
Completed,0.31,206,3465,4098,259,232,214
Completed,0.3,238,2409,4948,703,101,32
Completed,0.31,261,1092,4565,610,143,105
Completed,0.31,216,1668,3488,173,75,56
Completed,0.35,164,4318,3226,532,123,85
Completed,0.42,36,2554,260,270,131,36
Completed,0.42,28,2367,89,243,233,96
Completed,0.31,215,760,3377,996,25,20
Completed,0.29,250,1335,4840,309,202,69
Completed,0.3,256,1906,4462,450,160,132
Completed,0.36,67,1905,995,939,198,61
Completed,0.3,222,924,4372,337,179,55
Completed,0.35,164,3861,2877,290,90,11
Completed,0.3,240,3764,4395,609,83,13
Completed,0.3,172,996,3010,292,150,106
Completed,0.31,216,1569,3775,979,66,61
Completed,0.3,173,2653,2480,584,139,36
Completed,0.47,214,1757,3478,324,223,29
Completed,0.35,193,4097,3237,995,209,112
Completed,0.31,28,2783,271,242,45,8
Completed,0.29,225,2555,4294,775,233,149
Completed,0.29,191,827,3369,530,188,48
Completed,0.3,252,1424,4832,218,100,97
Completed,0.31,258,4994,4579,403,243,106
Completed,0.47,295,2344,4958,793,203,5
Completed,0.48,37,3466,144,754,134,96
Completed,0.3,253,84,4448,125,144,41
Completed,0.49,54,1118,332,427,174,14
Completed,0.3,154,2468,2793,385,110,39
Completed,0.31,155,272,2824,716,52,11
Completed,0.48,64,3806,493,87,215,75
Completed,0.3,234,1291,4398,842,238,196
Completed,0.31,309,3951,4815,483,193,164
Completed,0.37,162,1931,2523,231,146,15
Completed,0.31,203,2906,3799,494,130,26
Completed,0.31,215,1175,3552,250,207,175
Completed,0.36,172,4806,2996,806,89,71
Completed,0.31,235,565,4177,822,178,115
Completed,0.31,54,657,754,630,148,81
Completed,0.29,232,2100,4728,571,53,44
Completed,0.35,159,2993,2675,267,249,76
Completed,0.31,215,4913,4137,953,37,32
Completed,0.3,206,340,3112,938,197,34
Completed,0.31,233,2661,4017,153,119,50
Completed,0.36,188,4581,2940,590,159,95
Completed,0.31,93,4050,1635,158,163,27
Completed,0.36,168,4730,3143,357,131,59
Completed,0.49,48,3397,168,595,122,72
Completed,0.36,210,2532,3722,556,213,17
Completed,0.58,79,1681,25,880,23,12
Completed,0.61,316,4401,556,690,137,3
Completed,0.31,298,4301,4672,764,166,38
Completed,0.31,169,2280,2979,512,245,138
Completed,0.31,301,779,4511,729,191,102
Completed,0.41,45,521,423,788,221,63
Completed,0.31,226,3577,3891,859,207,83
Completed,0.31,65,2703,1023,659,235,113
Completed,0.3,179,909,2926,74,98,68
Completed,0.3,180,1071,3196,873,69,24
Completed,0.3,300,1649,4855,437,156,73
Completed,0.31,265,2208,4433,657,122,86
Completed,0.3,183,2968,3266,213,177,144
Completed,0.35,240,1240,4074,469,225,59
Completed,0.3,164,2565,2971,477,173,54
Completed,0.3,245,857,4682,221,221,155
Completed,0.3,217,4415,3813,790,105,99
Completed,0.31,202,2064,4153,399,91,11
Completed,0.3,208,3045,3408,704,149,104
Completed,0.58,77,3832,120,467,109,31
Completed,0.3,221,1006,4255,960,195,191
Completed,0.31,240,3656,4033,352,236,170
Completed,0.49,87,2816,716,574,187,8
Completed,0.36,23,1974,51,619,155,145
Completed,0.42,166,4707,2627,676,232,27
Completed,0.3,256,1728,4724,928,186,176
Completed,0.41,74,771,1127,766,36,2
Completed,0.31,302,3873,4998,975,225,93
Completed,0.6,334,4354,3940,207,190,3
Completed,0.3,232,1941,3808,521,198,158
Completed,0.3,277,1204,4807,502,138,28
Completed,0.31,23,17,105,952,172,59
Completed,0.3,263,3554,4409,175,183,114
Completed,0.37,273,1526,4541,335,204,48
Completed,0.3,168,3223,3223,288,60,13
Completed,0.48,43,4907,246,541,194,120
Completed,0.3,235,1614,4525,54,44,26
Completed,0.3,241,331,4308,315,148,138
Completed,0.3,308,648,4879,847,117,52
Completed,0.42,41,554,206,671,84,20
Completed,0.3,211,1320,3183,410,170,101
Completed,0.31,156,792,2713,440,210,23
Completed,0.3,188,3141,3072,862,220,118
Completed,0.3,233,3797,3875,424,58,42
Completed,0.3,199,3400,3487,663,167,163
Completed,0.35,236,129,3851,907,246,15
Completed,0.31,69,1171,1063,607,212,41
Completed,0.36,37,4040,320,594,243,178
Completed,0.31,260,4759,4438,895,215,144
Completed,0.37,175,1783,2902,646,137,57
Completed,0.31,165,2645,3158,926,107,66
Completed,0.31,285,4490,4894,364,179,17
Completed,0.31,155,3121,2965,130,75,30
Completed,0.31,191,4951,4003,568,143,75
Completed,0.3,268,2289,4284,240,164,36
Completed,0.31,186,75,3917,173,187,150
Completed,0.29,232,591,4752,149,216,81
Completed,0.35,157,3756,2953,449,146,63
Completed,0.31,299,978,4645,639,94,33
Completed,0.41,57,302,597,815,123,7
Completed,0.36,182,4237,3151,748,176,28
Completed,0.31,185,684,3292,776,213,92
Completed,0.59,231,1166,3104,47,249,3
Completed,0.31,113,134,2142,473,217,37
Completed,0.3,120,2294,2261,679,127,9
Completed,0.31,314,4386,4828,622,239,132
Completed,0.31,272,3183,3986,761,78,18
Completed,0.35,167,4988,3079,563,63,38
Completed,0.31,65,3137,1051,302,195,83
Completed,0.3,248,1993,4049,278,141,53
Completed,0.35,167,1844,2992,402,203,170
Completed,0.31,209,550,3165,232,113,56
Completed,0.3,289,2475,4867,544,165,105
Completed,0.31,239,2603,4705,947,191,40
Completed,0.59,89,3599,72,505,221,15
Completed,0.31,250,256,4517,369,240,71
Completed,0.3,238,632,4020,557,234,211
Completed,0.31,224,4581,4402,501,101,45
Completed,0.43,32,1863,112,629,111,99
Completed,0.3,328,1918,4824,829,83,65
Completed,0.37,121,4349,1899,642,226,41
Completed,0.31,162,2101,2615,482,237,96
Completed,0.49,309,3004,4986,668,57,1
Completed,0.35,83,1531,1269,774,242,26
Completed,0.31,210,1360,3948,889,219,118
Completed,0.31,274,1113,4916,266,197,137
Completed,0.3,285,3451,4611,937,250,223
Completed,0.31,167,473,3042,681,171,76
Completed,0.31,205,2394,3762,119,114,31
Completed,0.29,249,3259,4799,344,144,101
Completed,0.31,215,3837,3411,906,72,52
Completed,0.3,224,1058,4150,214,129,84
Completed,0.35,152,1653,2800,526,88,8
Completed,0.3,200,3720,3825,603,178,58
Completed,0.35,174,4312,2988,167,110,103
Completed,0.47,62,4534,481,945,233,106
Completed,0.3,164,2619,2924,728,240,158
Completed,0.31,257,909,4416,983,162,10
Completed,0.35,36,390,340,535,133,46
Completed,0.31,204,1489,3618,297,125,90
Completed,0.6,269,3251,839,181,114,1
Completed,0.31,198,377,4024,943,101,71
Completed,0.3,308,3337,4941,836,175,156
Completed,0.61,206,1882,297,367,215,4
Completed,0.31,193,526,3695,353,195,105
Completed,0.36,198,4396,3534,129,170,42
Completed,0.31,213,1438,3814,382,247,127
Completed,0.3,254,234,4852,239,65,20
Completed,0.31,225,3030,4251,365,80,39
Completed,0.42,50,2537,430,121,250,58
Completed,0.31,282,4045,4906,722,127,48
Completed,0.37,105,3434,1754,528,206,35
Completed,0.31,200,867,3839,49,201,46
Completed,0.36,248,3205,4125,627,246,65
Completed,0.3,273,1035,4745,757,229,112
Completed,0.37,21,187,32,698,198,84
Completed,0.37,143,4263,2653,285,214,58
Completed,0.31,51,2463,751,949,73,13
Completed,0.42,67,1926,814,666,175,36
Completed,0.31,262,4214,4010,460,164,107
Completed,0.37,183,3801,3471,522,248,102
Completed,0.35,151,1610,2822,894,231,83
Completed,0.37,142,4518,2278,234,244,28
Completed,0.49,284,1970,4567,692,226,18
Completed,0.31,218,1123,3604,986,149,37
Completed,0.31,185,3461,3435,316,158,74
Completed,0.43,39,4666,151,576,88,63
Completed,0.31,254,4134,4786,877,122,25
Completed,0.31,183,2138,3028,102,71,50
Completed,0.3,224,3111,4377,783,138,82
Completed,0.59,343,4953,3658,470,85,2
Completed,0.3,278,458,4839,392,183,60
Completed,0.43,230,4769,3908,817,242,35
Completed,0.3,226,1811,3745,569,163,135
Completed,0.3,246,2432,4369,489,190,76
Completed,0.3,196,919,3162,269,245,164
Completed,0.3,224,3269,3564,909,201,196
Completed,0.31,61,991,989,856,187,70
Completed,0.31,270,2207,4888,479,75,41
Completed,0.37,122,4158,1795,752,212,30
Completed,0.3,291,1275,4357,949,167,143
Completed,0.31,286,64,4457,686,24,5
Completed,0.31,219,1913,3732,124,201,85
Completed,0.3,256,3174,4388,275,227,141
Completed,0.6,260,1087,1959,456,147,1
Completed,0.36,218,3011,3570,401,165,20
Completed,0.31,305,4857,4647,838,124,69
Completed,0.31,162,358,3153,791,143,121
Completed,0.3,213,3372,4051,204,170,80
Completed,0.31,202,83,3609,448,247,244
Completed,0.37,170,4708,3102,495,216,100
Completed,0.3,260,4098,4977,576,184,159
Completed,0.3,141,2553,2513,671,126,72
Completed,0.43,262,1706,3881,293,196,20
Completed,0.31,273,723,4234,626,152,62
Completed,0.31,218,1927,4265,342,245,219
Completed,0.3,264,1179,4662,322,185,97
Completed,0.3,248,3517,4864,993,137,14
Completed,0.31,172,886,3358,217,58,29
Completed,0.58,113,4899,394,345,241,8
Completed,0.42,267,3624,3508,766,243,88
Completed,0.31,261,4282,4546,454,46,8
Completed,0.3,210,1298,3640,731,155,25
Completed,0.3,300,3292,4822,653,112,37
Completed,0.58,175,2930,109,836,82,3
Completed,0.36,168,4113,3040,857,138,43
Completed,0.3,244,2384,4614,605,217,129
Completed,0.31,208,1481,3935,73,60,58
Completed,0.3,174,974,3207,438,190,53
Completed,0.37,220,2798,3950,589,248,31
Completed,0.31,263,145,4328,230,199,111
Completed,0.35,240,621,4609,968,232,44
Completed,0.41,57,679,484,519,203,11
Completed,0.36,60,3789,764,190,128,21
Completed,0.31,175,438,2986,373,77,16
Completed,0.31,211,3328,4068,318,25,3
Completed,0.31,292,2961,4928,359,214,67
Completed,0.47,48,3339,296,160,244,99
Completed,0.3,204,3203,3193,977,182,33
Completed,0.43,111,3096,1566,544,152,6
Completed,0.31,300,3040,4787,850,245,183
Completed,0.29,147,997,2553,596,166,18
Completed,0.49,32,3260,123,668,214,154
Completed,0.35,189,3659,2912,205,156,123
Completed,0.3,204,4256,4027,517,68,47
Completed,0.35,114,2457,2179,244,211,24
Completed,0.35,117,1982,1757,953,235,67
Completed,0.31,195,2361,3959,428,177,161
Completed,0.31,40,2274,560,590,117,59
Completed,0.31,237,1428,4686,898,84,29
Completed,0.47,57,1475,433,421,217,92
Completed,0.31,278,2772,4623,382,146,56
Completed,0.31,291,112,4904,804,159,86
Completed,0.36,25,1109,162,746,128,110
Completed,0.3,160,2494,2936,690,95,88
Completed,0.31,164,2584,3116,787,53,27
Completed,0.41,212,4512,3841,475,234,72
Completed,0.61,338,1638,631,651,245,2
Completed,0.58,77,3812,30,780,230,50
Completed,0.37,71,1190,977,172,92,5
Completed,0.29,259,3979,4653,662,240,213
Completed,0.37,202,1937,3000,909,161,111
Completed,0.3,210,1209,3388,930,222,200
Completed,0.37,151,4843,2538,112,104,54
Completed,0.31,204,3547,3649,258,208,160
Completed,0.31,279,945,4531,813,157,152
Completed,0.37,132,3237,1936,886,232,21
Completed,0.3,155,325,2656,242,243,90
Completed,0.31,252,2230,4314,555,35,14
Completed,0.37,133,4181,2452,219,174,57
Completed,0.3,242,2841,4443,226,110,16
Completed,0.31,186,2508,3247,362,228,109
Completed,0.35,92,1041,1306,514,247,39
Completed,0.31,234,1673,4379,740,171,51
Completed,0.31,232,3408,4570,766,192,116
Completed,0.31,187,592,3286,283,176,128
Completed,0.35,65,2728,876,481,189,13
Completed,0.31,173,928,2764,754,83,58
Completed,0.3,137,371,2466,704,111,30
Completed,0.3,247,1508,4187,442,135,103
Completed,0.31,35,2049,381,805,139,20
Completed,0.35,163,4942,2961,987,250,154
Completed,0.61,263,3567,2326,600,193,2
Completed,0.31,223,1222,3911,649,210,69
Completed,0.3,239,197,4392,932,112,104
Completed,0.31,239,3026,3772,561,95,88
Completed,0.41,196,4851,3012,249,183,12
Completed,0.31,274,1578,4640,496,230,160
Completed,0.35,26,4491,186,633,249,230
Completed,0.31,254,366,4194,140,85,54
Completed,0.31,273,4231,4887,824,217,200
Completed,0.31,292,694,4766,672,180,140
Completed,0.31,292,4042,4445,418,173,77
Completed,0.31,199,530,3235,547,242,21
Completed,0.29,254,2545,4834,261,72,6
Completed,0.35,228,4394,3366,948,155,86
Completed,0.3,301,3699,4961,751,231,98
Completed,0.35,212,4374,3260,64,54,49
Completed,0.3,302,1381,4770,778,132,34
Completed,0.3,239,3366,3608,855,105,28
Completed,0.42,249,892,4302,868,248,79
Completed,0.31,58,330,927,677,218,117
Completed,0.37,168,1545,2639,431,40,3
Completed,0.31,220,3242,3977,447,200,63
Completed,0.3,261,2670,4396,635,206,172
Completed,0.3,153,629,2944,891,127,8
Completed,0.37,40,3551,357,818,237,134
Completed,0.31,221,1301,4015,329,90,84
Completed,0.31,158,1186,2998,732,121,47
Completed,0.35,158,3535,2790,92,77,64
Completed,0.31,164,2477,3171,901,194,182
Completed,0.3,213,1470,3724,981,246,116
Completed,0.3,306,4903,4989,467,139,128
Completed,0.3,229,3623,3834,169,49,23
Completed,0.3,245,1977,4715,389,210,110
Completed,0.31,26,2018,170,927,94,46
Completed,0.3,238,2815,4208,437,241,239
Completed,0.3,206,1104,3141,182,164,89
Completed,0.31,270,1763,4921,619,123,9
Completed,0.3,194,3454,3583,510,143,52
Completed,0.31,78,2768,1331,942,175,20
Completed,0.3,275,3101,4858,105,185,45
Completed,0.31,164,1062,2794,360,232,131
Completed,0.3,270,442,4670,713,136,66
Completed,0.29,44,858,553,772,167,100
Completed,0.61,452,4639,4508,811,220,1
Completed,0.43,142,4251,2005,82,97,5
Completed,0.35,194,4471,2929,406,65,35
Completed,0.3,178,3255,3415,228,247,179
Completed,0.3,234,278,4247,484,170,30
Completed,0.37,39,2634,344,681,121,24
Completed,0.36,186,684,3442,80,229,32
Completed,0.35,75,1270,1022,866,206,20
Completed,0.36,198,3784,2805,630,162,61
Completed,0.29,295,2054,4849,881,240,148
Completed,0.29,292,1015,4795,443,110,94
Completed,0.31,298,4881,4258,504,224,162
Completed,0.31,145,2324,2866,944,57,54
Completed,0.62,383,4118,998,296,167,1
Completed,0.3,201,1391,3594,474,212,140
Completed,0.31,221,2031,4219,582,188,71
Completed,0.43,166,3477,2851,461,243,19
Completed,0.3,267,253,4999,550,193,57
Completed,0.43,246,3049,4340,929,209,11
Completed,0.43,70,3154,889,621,242,45
Completed,0.31,192,397,3937,257,223,100
Completed,0.36,53,564,746,186,248,140
Completed,0.31,282,4600,4881,679,85,82
Completed,0.3,204,2925,3382,272,115,41
Completed,0.47,53,1293,368,167,184,51
Completed,0.31,246,2593,4538,128,238,85
Completed,0.35,92,3906,1561,734,235,12
Completed,0.43,202,4894,3686,784,207,44
Completed,0.36,70,4713,1060,931,245,77
Completed,0.3,199,3989,3849,615,213,104
Completed,0.29,156,2845,2904,814,165,91
Completed,0.31,250,4750,4053,377,113,15
Completed,0.3,233,3464,4779,243,203,151
Completed,0.29,142,504,2560,487,156,50
Completed,0.37,26,2738,155,309,232,185
Completed,0.31,166,308,3021,768,239,173
Completed,0.31,230,1091,4000,892,176,43
Completed,0.36,150,4322,2506,970,94,23
Completed,0.31,52,2558,785,233,164,98
Completed,0.37,21,4569,3,142,217,18
Completed,0.31,277,928,4896,165,146,117
Completed,0.42,34,353,194,356,180,80
Completed,0.31,241,3265,4630,524,160,24
Completed,0.43,246,4224,3574,950,221,63
Completed,0.31,245,2201,3776,699,173,148
Completed,0.36,43,2425,456,286,113,9
Completed,0.3,231,1278,4456,229,81,46
Completed,0.41,185,3351,3294,151,186,19
Completed,0.31,216,61,4360,405,231,183
Completed,0.3,293,3931,4761,587,102,64
Completed,0.43,38,3411,268,460,218,171
Completed,0.3,264,1755,4112,968,117,114
Completed,0.42,166,1422,2953,575,235,13
Completed,0.31,211,3711,3462,619,205,142
Completed,0.31,68,783,1052,675,160,31
Completed,0.3,155,2739,2900,90,50,40
Completed,0.31,243,4659,4050,652,231,120
Completed,0.35,268,2471,4660,779,245,73
Completed,0.3,264,2609,4519,745,142,12
Completed,0.49,56,3612,393,803,176,44
Completed,0.49,37,952,73,381,132,67
Completed,0.31,241,3071,4087,452,180,86
Completed,0.41,143,4992,2698,765,108,6
Completed,0.31,273,4584,4823,203,55,15
Completed,0.31,196,6,3642,188,215,50
Completed,0.35,91,1196,1429,363,243,20
Completed,0.6,356,3972,205,97,234,2
Completed,0.31,294,4809,4867,420,201,38
Completed,0.31,257,3824,4488,465,236,229
Completed,0.3,267,2990,4542,901,106,35
Completed,0.31,217,4915,3509,339,174,111
Completed,0.49,81,3212,544,585,72,5
Completed,0.37,63,4494,643,782,240,143
Completed,0.31,253,338,4984,292,93,75
Completed,0.31,174,2265,3204,979,133,30
Completed,0.29,175,2659,3395,515,232,91
Completed,0.35,120,3395,2049,241,228,39
Completed,0.3,150,486,2736,884,247,110
Completed,0.31,20,2323,23,665,224,160
Completed,0.43,149,4345,2316,908,178,10
Completed,0.36,141,4435,2613,608,148,45
Completed,0.3,257,1477,4735,855,195,131
Completed,0.31,221,194,3931,530,120,17
Completed,0.31,186,435,3200,593,179,174
Completed,0.31,149,781,2628,123,86,9
Completed,0.31,274,1354,4330,685,139,90
Completed,0.58,247,2827,3041,307,199,1
Completed,0.3,346,4174,4930,808,154,102
Completed,0.3,284,3243,4416,110,189,68
Completed,0.31,197,1074,3825,478,205,116
Completed,0.37,58,4161,689,717,124,15
Completed,0.3,272,671,4941,212,209,207
Completed,0.31,207,4541,4072,768,93,41
Completed,0.3,254,3321,4597,602,222,184
Completed,0.3,252,1879,3904,408,103,69
Completed,0.3,219,1237,3455,824,111,84
Completed,0.36,154,4872,2915,631,212,85
Completed,0.3,309,1399,4907,348,223,122
Completed,0.31,246,1153,3957,969,238,140
Completed,0.61,284,3421,1534,792,126,1
Completed,0.31,187,512,3332,86,147,71
Completed,0.3,250,2354,4721,648,79,26
Completed,0.31,91,4310,1565,125,216,45
Completed,0.31,204,3220,3840,923,166,97
Completed,0.35,180,3876,3120,361,114,48
Completed,0.47,222,1691,3720,243,97,4
Completed,0.31,249,3681,4746,134,140,61
Completed,0.42,31,2401,166,173,196,90
Completed,0.3,201,726,3128,910,62,46
Completed,0.36,62,4573,815,291,210,103
Completed,0.37,47,351,635,201,185,42
Completed,0.3,228,3602,3971,707,82,73
Completed,0.3,265,2236,4528,272,214,173
Completed,0.3,174,645,3001,492,222,89
Completed,0.3,205,1323,3799,805,56,9
Completed,0.36,158,3308,2774,821,208,52
Completed,0.3,232,4425,3869,145,196,129
Completed,0.31,212,1447,3471,396,151,43
Completed,0.3,281,3144,4945,474,115,23
Completed,0.31,274,4886,4696,912,235,219
Completed,0.41,242,464,4376,160,228,31
Completed,0.31,183,2791,3495,881,87,15
Completed,0.31,104,95,1808,763,225,33
Completed,0.3,157,589,2875,504,73,60
Completed,0.41,77,3638,988,230,214,12
Completed,0.3,242,295,4188,897,203,66
Completed,0.3,256,3124,4837,518,218,110
Completed,0.37,127,2638,2057,848,219,8
Completed,0.31,223,687,3925,388,76,48
Completed,0.31,260,3349,4362,809,121,94
Completed,0.36,157,3941,2587,497,158,14
Completed,0.3,282,1902,4762,246,237,162
Completed,0.6,511,4785,4369,613,163,2
Completed,0.3,181,3181,3368,406,215,122
Completed,0.43,205,3643,3009,666,247,33
Completed,0.3,243,369,4642,921,170,133
Completed,0.29,259,90,4767,328,189,11
Completed,0.31,213,4720,4103,373,219,147
Completed,0.31,181,1743,3237,122,174,62
Completed,0.37,257,3514,4554,13,92,4
Completed,0.31,251,2541,3993,542,185,184
Completed,0.3,202,3083,3261,605,111,27
Completed,0.3,266,4990,4958,168,167,72
Completed,0.61,410,1452,491,960,188,1
Completed,0.37,181,4370,3082,778,201,141
Completed,0.31,266,2328,4579,527,154,39
Completed,0.49,54,3472,331,551,209,66
Completed,0.49,92,3303,753,256,238,30
Completed,0.31,61,650,961,928,193,112
Completed,0.31,164,2472,2994,183,61,5
Completed,0.3,169,2606,2824,342,87,69
Completed,0.31,247,4528,3979,904,139,20
Completed,0.31,204,1549,3673,653,216,185
Completed,0.3,156,259,2640,982,97,41
Completed,0.37,31,2585,237,568,228,140
Completed,0.36,120,1865,1989,24,224,11
Completed,0.29,223,2899,4176,198,205,56
Completed,0.31,200,2396,3144,733,221,110
Completed,0.31,183,2526,3305,760,137,49
Completed,0.3,229,817,4347,516,214,152
Completed,0.31,251,2103,4487,869,103,16
Completed,0.3,266,967,4550,306,248,194
Completed,0.31,275,3617,4987,884,199,166
Completed,0.41,26,517,42,521,176,97
Completed,0.3,221,1363,3330,275,74,22
Completed,0.3,299,3425,4511,353,164,43
Completed,0.35,86,4054,1330,393,240,55
Completed,0.3,264,471,4920,46,59,34
Completed,0.31,307,1655,4673,139,200,103
Completed,0.3,298,763,4714,962,142,67
Completed,0.3,250,3912,3900,754,249,160
Completed,0.42,189,1892,3439,507,172,12
Completed,0.36,150,4166,2729,158,90,37
Completed,0.41,57,2215,822,618,196,19
Completed,0.31,261,4874,4432,284,32,27
Completed,0.59,187,901,1819,155,204,2
Completed,0.3,305,2700,4932,616,67,54
Completed,0.35,173,4543,3275,179,151,98
Completed,0.47,45,3580,309,931,95,17
Completed,0.3,277,48,4593,194,116,88
Completed,0.36,23,4640,50,493,246,212
Completed,0.31,62,776,900,562,112,34
Completed,0.31,187,231,2970,601,209,120
Completed,0.41,57,482,713,450,214,68
Completed,0.35,67,2832,999,871,231,43
Completed,0.37,170,4691,2848,878,187,56
Completed,0.31,312,1733,4500,630,234,142
Completed,0.37,30,2261,245,415,158,53
Completed,0.3,206,869,3221,662,88,63
Completed,0.31,337,1539,4996,100,129,18
Completed,0.31,288,3880,4540,709,177,123
Completed,0.31,155,1032,2862,395,125,29
Completed,0.3,222,4981,3712,585,239,225
Completed,0.31,241,1688,3939,832,162,78
Completed,0.31,292,3538,4806,376,227,79
Completed,0.31,255,3804,4100,127,103,10
Completed,0.43,30,2172,65,200,90,29
Completed,0.3,260,2977,4309,690,237,188
Completed,0.3,213,957,3345,945,160,103
Completed,0.31,264,1608,4690,259,120,58
Completed,0.31,223,3607,3684,368,147,8
Completed,0.3,306,664,4658,583,38,24
Completed,0.37,27,4025,154,858,168,148
Completed,0.31,220,3458,4057,958,52,36
Completed,0.36,163,4136,2902,271,233,116
Completed,0.3,272,2516,4590,491,209,154
Completed,0.3,212,788,3074,236,131,51
Completed,0.31,239,4955,4284,865,192,109
Completed,0.36,203,4623,3089,721,69,17
Completed,0.31,219,3416,3228,898,243,130
Completed,0.31,233,123,4114,643,167,45
Completed,0.29,306,2136,4894,738,206,91
Completed,0.31,184,2205,3012,873,218,71
Completed,0.31,306,697,4459,906,225,170
Completed,0.3,223,4562,3922,88,109,86
Completed,0.35,55,1811,864,787,122,31
Completed,0.3,258,3360,4764,297,207,190
Completed,0.3,236,1911,4364,727,88,56
Completed,0.29,290,605,4473,413,140,111
Completed,0.59,214,3749,382,493,55,2
Completed,0.31,349,1565,4887,199,182,126
Completed,0.31,281,4028,4770,152,222,107
Completed,0.3,202,2883,3233,423,145,88
Completed,0.41,47,3992,273,660,105,44
Completed,0.31,259,4711,4974,860,73,12
Completed,0.31,206,3503,3858,526,239,156
Completed,0.31,211,544,3480,782,163,53
Completed,0.3,247,2373,4551,470,126,98
Completed,0.3,279,1052,4959,375,135,47
Completed,0.31,234,3702,4576,953,187,63
Completed,0.31,169,412,3084,696,235,228
Completed,0.43,42,2405,328,976,243,37
Completed,0.6,333,1376,4445,542,208,3
Completed,0.37,226,1852,4179,280,238,92
Completed,0.43,75,4608,958,596,225,23
Completed,0.36,236,4192,3795,920,194,49
Completed,0.35,160,1558,2825,135,115,33
Completed,0.3,248,3226,4300,245,150,29
Completed,0.3,144,645,2521,686,206,36
Completed,0.3,208,3948,4016,702,62,25
Completed,0.35,55,1948,755,206,204,119
Completed,0.31,182,1483,3303,717,166,84
Completed,0.3,227,3824,3726,108,157,58
Completed,0.42,55,3880,539,283,247,132
Completed,0.29,284,2257,4990,591,229,202
Completed,0.3,271,1992,4509,185,130,76
Completed,0.31,280,1776,4616,823,48,42
Completed,0.35,215,3438,3141,807,192,24
Completed,0.31,285,808,4732,30,114,7
Completed,0.47,31,394,29,456,80,32
Completed,0.48,72,3192,554,146,201,41
Completed,0.3,251,435,4858,978,212,96
Completed,0.48,48,845,235,536,246,70
Completed,0.61,244,4079,44,939,143,5
Completed,0.35,50,1254,703,571,126,55
Completed,0.35,177,4176,3264,639,238,181
Completed,0.31,224,2449,4077,887,161,16
Completed,0.36,142,4455,2546,172,20,1
Completed,0.31,180,3252,3623,464,171,147
Completed,0.29,72,1008,1204,271,216,26
Completed,0.3,273,1262,4935,909,96,80
Completed,0.31,199,3330,3442,955,139,107
Completed,0.31,217,57,3898,711,216,192
Completed,0.3,197,2963,3052,996,79,45
Completed,0.3,259,4786,3889,310,147,125
Completed,0.37,131,3336,2177,555,107,11
Completed,0.31,173,1431,2804,254,189,112
Completed,0.49,189,3778,2972,925,241,29
Completed,0.3,257,4865,4029,801,179,132
Completed,0.42,204,1594,3631,553,227,46
Completed,0.31,218,1723,3961,148,70,14
Completed,0.31,241,4071,4325,539,111,96
Completed,0.31,126,2807,2286,293,135,23
Completed,0.42,53,963,528,700,178,61
Completed,0.31,231,3063,3937,633,133,41
Completed,0.31,188,1023,3715,877,210,127
Completed,0.31,141,2308,2599,742,106,21
Completed,0.58,347,4678,4217,458,215,5
Completed,0.35,68,1765,997,672,202,75
Completed,0.3,270,2491,4808,83,199,55
Completed,0.31,285,2587,4999,424,158,115
Completed,0.6,299,4290,1710,685,89,1
Completed,0.35,187,4509,3219,861,121,39
Completed,0.42,38,3616,247,123,130,81
Completed,0.3,214,3216,3124,507,195,175
Completed,0.3,246,240,4538,751,148,27
Completed,0.3,278,1934,4883,306,49,31
Completed,0.36,267,4841,4405,724,248,87
Completed,0.36,214,4433,3076,287,163,82
Completed,0.35,33,4986,279,843,222,175
Completed,0.31,279,3794,4950,644,189,145
Completed,0.31,277,1617,4311,772,205,164
Completed,0.31,233,327,4524,598,108,50
Completed,0.3,212,4270,3967,413,226,196
Completed,0.31,231,4614,3491,239,231,139
Completed,0.36,173,491,2905,189,200,18
Completed,0.3,194,3117,3377,915,174,157
Completed,0.47,307,1076,4287,658,221,9
Completed,0.36,52,205,786,858,191,47
Completed,0.31,74,2543,1242,467,239,64
Completed,0.49,89,2379,1063,57,156,3
Completed,0.29,311,1799,4755,691,152,119
Completed,0.31,192,3575,3750,675,117,67
Completed,0.41,50,4555,462,437,141,49
Completed,0.31,294,931,4631,399,194,83
Completed,0.31,236,1506,3560,835,29,7
Completed,0.36,99,3276,1606,350,211,16
Completed,0.29,236,2191,4649,212,26,11
Completed,0.3,218,2730,4458,311,114,71
Completed,0.31,203,1288,3920,745,244,175
Completed,0.29,259,71,4758,888,70,39
Completed,0.6,523,1229,17,564,101,1
Completed,0.41,21,1903,5,765,182,93
Completed,0.31,290,4084,4560,874,228,127
Completed,0.31,159,2374,3103,621,181,41
Completed,0.31,175,2547,2952,907,206,106
Completed,0.31,141,3733,1960,582,236,75
Completed,0.36,214,3024,3154,165,240,54
Completed,0.36,245,706,4053,827,198,29
Completed,0.31,76,496,1176,628,229,58
Completed,0.36,130,1347,2142,930,153,14
Completed,0.3,230,1547,4521,795,175,106
Completed,0.3,214,3239,3359,842,93,81
Completed,0.59,88,4885,71,81,164,36
Completed,0.35,181,4981,3256,279,192,149
Completed,0.31,242,4372,3881,667,160,93
Completed,0.31,237,3289,4402,917,36,6
Completed,0.42,229,3964,3639,356,244,83
Completed,0.3,28,39,202,428,201,100
Completed,0.37,279,3533,4663,697,212,46
Completed,0.31,185,552,2991,953,135,131
Completed,0.49,78,2689,586,757,246,10
Completed,0.31,172,958,3508,140,145,23
Completed,0.31,72,244,1265,316,173,49
Completed,0.3,272,1635,4545,578,73,67
Completed,0.3,211,348,4132,806,239,206
Completed,0.31,285,4295,4982,249,125,43
Completed,0.31,233,4574,4264,716,156,145
Completed,0.36,201,1304,3397,964,203,59
Completed,0.36,165,1760,3038,233,228,101
Completed,0.41,33,1400,172,649,170,133
Completed,0.41,166,4673,2489,893,249,47
Completed,0.31,256,2524,4733,687,225,222
Completed,0.31,167,815,2616,932,178,73
Completed,0.3,226,1468,4352,370,109,24
Completed,0.41,70,3773,951,486,204,54
Completed,0.47,257,4929,3827,60,238,17
Completed,0.29,211,2267,4146,638,193,124
Completed,0.31,183,771,3324,609,249,146
Completed,0.31,274,4473,4796,762,209,77
Completed,0.37,168,3832,2921,186,176,136
Completed,0.35,250,2123,4417,434,222,34
Completed,0.43,40,4171,305,204,208,145
Completed,0.3,277,4550,4939,255,242,177
Completed,0.3,184,1248,3053,339,213,196
Completed,0.3,303,607,4928,734,187,16
Completed,0.42,43,673,294,786,155,40
Completed,0.6,296,3187,3532,710,231,3
Completed,0.31,213,229,3818,954,183,167
Completed,0.3,251,3034,4428,586,168,151
Completed,0.35,160,1012,2912,830,245,48
Completed,0.31,225,4243,4250,784,23,13
Completed,0.3,227,106,4623,508,236,114
Completed,0.37,57,1096,625,949,207,82
Completed,0.3,240,1142,4498,488,90,19
Completed,0.3,191,1734,3694,800,127,64
Completed,0.35,100,4648,1758,78,146,9
Completed,0.35,244,2158,3843,599,138,6
Completed,0.49,73,3829,434,547,182,18
Completed,0.43,27,1478,32,157,141,124
Completed,0.31,194,399,3321,895,116,11
Completed,0.3,252,2322,4744,333,169,88
Completed,0.35,173,4828,2937,314,59,21
Completed,0.41,241,582,4274,299,211,40
Completed,0.29,147,2591,2662,521,103,56
Completed,0.36,50,4284,632,275,156,76
Completed,0.3,233,4496,4124,209,186,104
Completed,0.31,218,2247,3973,758,111,45
Completed,0.42,119,4197,2086,485,223,27
Completed,0.37,159,1953,2777,645,242,81
Completed,0.31,215,2922,4013,877,221,70
Completed,0.31,188,2410,3600,412,205,15
Completed,0.31,266,785,3870,320,230,224
Completed,0.3,245,4415,4583,626,96,30
Completed,0.31,206,3135,4093,992,216,136
Completed,0.43,122,1048,1669,810,171,5
Completed,0.3,307,948,4693,612,201,181
Completed,0.3,180,2782,3092,399,237,144
Completed,0.3,305,761,4569,143,158,57
Completed,0.3,252,1334,3492,580,121,102
Completed,0.3,265,3412,4967,533,148,84
Completed,0.35,178,3987,3231,221,76,8
Completed,0.37,33,2888,255,983,178,113
Completed,0.3,247,2847,4781,459,61,51
Completed,0.37,25,3375,147,25,31,20
Completed,0.61,284,4860,723,890,202,4
Completed,0.36,22,2036,93,510,219,48
Completed,0.42,276,1666,4835,943,247,23
Completed,0.3,238,4319,4379,366,198,118
Completed,0.41,143,1906,2343,168,125,20
Completed,0.31,170,2945,3285,657,210,202
Completed,0.3,253,1218,4366,913,133,101
Completed,0.37,170,1816,2591,351,92,52
Completed,0.35,207,4155,2872,960,106,90
Completed,0.29,186,1522,3788,238,215,75
Completed,0.32,151,1710,2893,860,35,30
Completed,0.4,256,3700,4230,751,202,35
Completed,0.32,194,429,3422,508,157,137
Completed,0.32,99,792,1807,948,185,169
Completed,0.51,94,2502,857,701,233,5
Completed,0.32,46,2422,666,790,133,70
Completed,0.32,212,1378,4090,724,162,96
Completed,0.32,73,1782,1291,156,220,127
Completed,0.34,67,4760,1050,400,174,41
Completed,0.32,206,4040,3887,84,144,14
Completed,0.33,159,2881,2956,346,222,58
Completed,0.34,112,3399,1956,171,189,29
Completed,0.32,51,1346,793,218,45,32
Completed,0.32,105,3981,1950,276,237,175
Completed,0.32,86,37,1550,719,121,71
Completed,0.32,141,4819,2825,210,206,147
Completed,0.52,40,4591,76,672,148,115
Completed,0.32,95,2690,1738,111,76,39
Completed,0.4,35,331,198,824,247,54
Completed,0.32,135,3603,2456,577,170,157
Completed,0.32,77,4884,1379,809,17,11
Completed,0.34,209,3896,3552,743,52,45
Completed,0.32,202,1040,4047,423,243,75
Completed,0.32,71,162,1182,123,215,106
Completed,0.32,111,2166,1854,228,217,76
Completed,0.32,71,1525,1229,843,183,136
Completed,0.33,93,4503,1431,588,231,34
Completed,0.32,37,2497,541,373,90,50
Completed,0.32,190,2667,3836,866,238,234
Completed,0.32,72,575,1261,934,127,95
Completed,0.32,69,3555,1078,683,204,196
Completed,0.32,23,4835,236,950,108,92
Completed,0.32,230,17,4137,445,194,126
Completed,0.34,103,2915,1703,263,180,15
Completed,0.51,67,1940,400,33,158,26
Completed,0.32,54,2022,895,575,123,108
Completed,0.32,128,114,2323,138,164,59
Completed,0.45,26,3386,26,389,243,146
Completed,0.33,186,3455,2853,992,176,115
Completed,0.57,155,4672,1142,247,74,2
Completed,0.32,111,2766,1901,559,142,82
Completed,0.32,120,2314,2042,969,245,17
Completed,0.34,174,1466,3043,520,213,54
Completed,0.32,240,3163,4205,598,54,12
Completed,0.32,173,4964,2484,360,200,124
Completed,0.39,198,3816,2743,161,235,88
Completed,0.32,174,2124,3265,705,85,13
Completed,0.32,131,3775,2299,652,102,24
Completed,0.32,100,217,1742,341,232,222
Completed,0.32,155,4927,2635,835,68,62
Completed,0.33,59,3195,910,90,186,73
Completed,0.53,252,443,3954,788,165,3
Completed,0.32,66,857,1117,730,137,38
Completed,0.32,100,2564,1534,981,214,138
Completed,0.32,163,2268,2838,476,113,79
Completed,0.32,228,4635,3822,691,191,63
Completed,0.32,130,3487,2105,453,59,53
Completed,0.54,139,1727,767,437,211,9
Completed,0.28,243,40,4793,526,170,164
Completed,0.33,25,1240,119,959,141,126
Completed,0.38,121,2967,2221,708,218,40
Completed,0.32,110,1876,2210,313,149,144
Completed,0.32,145,1827,2548,239,177,176
Completed,0.5,55,1266,335,635,236,83
Completed,0.32,82,674,1446,74,43,7
Completed,0.32,125,386,2174,606,199,186
Completed,0.51,70,3655,487,857,152,23
Completed,0.32,97,1598,1650,779,117,43
Completed,0.33,34,1006,299,467,169,119
Completed,0.32,137,3046,2362,216,248,205
Completed,0.56,82,3092,51,112,125,11
Completed,0.32,241,2053,4323,621,212,210
Completed,0.32,131,2111,2354,805,177,104
Completed,0.32,27,3840,310,550,225,191
Completed,0.34,161,1591,2719,747,148,76
Completed,0.32,64,2636,1035,820,88,86
Completed,0.32,72,2443,1196,661,50,21
Completed,0.33,113,620,1994,99,227,70
Completed,0.39,164,3333,2559,781,248,16
Completed,0.57,76,1772,37,596,186,47
Completed,0.32,141,4730,2315,851,234,133
Completed,0.32,160,4050,2602,669,200,158
Completed,0.33,240,2871,4153,905,186,145
Completed,0.38,218,1141,3189,650,232,60
Completed,0.32,87,139,1572,833,204,27
Completed,0.33,78,2799,1403,474,245,114
Completed,0.32,72,4302,1128,257,191,155
Completed,0.32,57,1650,901,929,239,237
Completed,0.32,106,4941,1753,673,162,87
Completed,0.33,209,3781,3339,872,133,124
Completed,0.32,86,341,1443,427,159,151
Completed,0.32,123,1623,2245,192,32,13
Completed,0.34,56,970,818,503,193,93
Completed,0.32,152,2157,2534,265,61,43
Completed,0.38,292,3050,4910,573,242,73
Completed,0.46,38,3152,158,881,208,108
Completed,0.32,205,3691,3035,500,142,139
Completed,0.32,212,2757,3713,966,112,53
Completed,0.32,89,3445,1511,519,81,19
Completed,0.32,18,565,64,317,219,202
Completed,0.33,251,4604,4308,822,118,20
Completed,0.32,144,27,2814,807,153,45
Completed,0.32,32,2905,408,988,229,158
Completed,0.33,104,1931,1714,720,249,177
Completed,0.51,87,3951,628,975,173,28
Completed,0.32,140,3301,2407,288,116,77
Completed,0.33,184,1869,3222,794,217,145
Completed,0.32,70,1292,1089,335,151,114
Completed,0.32,121,639,2122,898,67,33
Completed,0.32,222,2488,3847,152,183,83
Completed,0.32,91,714,1663,441,157,84
Completed,0.4,108,4364,1815,40,240,23
Completed,0.45,206,4416,3431,480,210,48
Completed,0.32,83,1704,1471,648,191,118
Completed,0.32,179,2076,3595,839,220,94
Completed,0.32,136,3902,2081,767,207,75
Completed,0.39,206,4898,3004,718,236,107
Completed,0.33,172,1555,2445,409,224,36
Completed,0.44,163,2245,2782,108,196,3
Completed,0.32,62,4196,934,632,84,52
Completed,0.32,174,453,2689,463,241,169
Completed,0.32,104,540,1869,555,52,51
Completed,0.53,77,4717,375,571,212,15
Completed,0.46,284,3985,4383,886,246,41
Completed,0.32,37,4031,502,425,114,102
Completed,0.32,65,84,1038,615,243,144
Completed,0.32,267,4749,4589,125,80,78
Completed,0.32,73,3376,1300,862,166,57
Completed,0.4,146,2723,2470,923,38,1
Completed,0.32,128,2199,2337,583,78,66
Completed,0.34,59,356,870,147,146,17
Completed,0.32,99,3646,1780,394,192,180
Completed,0.32,167,1523,2597,899,107,100
Completed,0.32,208,3264,3915,977,127,87
Completed,0.32,120,4861,1876,225,119,45
Completed,0.32,85,996,1495,784,237,211
Completed,0.32,69,3017,1155,537,160,125
Completed,0.32,75,2035,1285,348,103,30
Completed,0.33,41,207,526,910,175,75
Completed,0.54,313,3745,4963,220,164,5
Completed,0.45,33,924,183,832,216,138
Completed,0.32,267,4221,4192,339,115,80
Completed,0.32,150,2427,2329,924,227,100
Completed,0.33,272,703,4362,186,31,19
Completed,0.32,52,597,862,362,61,51
Completed,0.32,156,1275,2587,623,192,64
Completed,0.39,116,4774,1888,253,205,10
Completed,0.38,179,3928,2888,202,237,46
Completed,0.32,85,3928,1354,695,150,146
Completed,0.34,186,4774,3556,761,183,174
Completed,0.46,254,1817,3783,513,229,27
Completed,0.51,90,4568,729,361,250,81
Completed,0.32,239,4154,4181,186,216,115
Completed,0.33,110,453,1860,957,154,24
Completed,0.32,56,3744,793,708,202,187
Completed,0.32,202,3165,3669,172,135,93
Completed,0.32,33,4958,385,910,111,42
Completed,0.32,81,3116,1418,347,168,118
Completed,0.32,61,2133,986,537,96,25
Completed,0.32,119,304,2058,225,183,74
Completed,0.32,41,3264,605,473,229,223
Completed,0.52,182,3647,2769,901,171,4
Completed,0.32,258,356,4885,656,250,168
Completed,0.32,235,2736,4768,703,161,70
Completed,0.32,120,4138,1806,442,93,51
Completed,0.32,155,714,2573,947,240,233
Completed,0.32,118,507,2207,506,210,197
Completed,0.32,85,1788,1481,864,106,90
Completed,0.32,153,3377,2893,370,191,127
Completed,0.32,118,2845,2019,178,220,163
Completed,0.32,85,1965,1277,132,189,58
Completed,0.4,114,4625,1699,554,241,84
Completed,0.33,18,2297,80,269,70,69
Completed,0.32,80,27,1379,301,236,147
Completed,0.57,189,1312,2456,68,76,1
Completed,0.32,180,3525,3174,577,224,217
Completed,0.52,98,4268,926,845,248,17
Completed,0.38,262,4513,4299,669,219,54
Completed,0.32,69,1605,1114,455,199,125
Completed,0.52,63,1456,286,727,232,35
Completed,0.32,134,4417,2369,971,184,137
Completed,0.32,171,3210,2415,192,217,105
Completed,0.32,297,3633,4550,682,151,136
Completed,0.44,138,862,2110,614,230,5
Completed,0.32,39,2588,540,865,183,170
Completed,0.32,123,4218,1989,899,128,70
Completed,0.32,73,3541,1230,337,91,22
Completed,0.32,113,1868,2235,290,180,40
Completed,0.32,118,3974,2072,739,121,109
Completed,0.32,77,1388,1329,517,142,115
Completed,0.54,275,484,4617,279,104,2
Completed,0.32,41,738,610,205,73,38
Completed,0.32,184,2392,3580,966,176,82
Completed,0.32,68,400,1141,737,168,155
Completed,0.33,88,3690,1519,990,245,54
Completed,0.32,170,192,3305,134,234,124
Completed,0.34,98,1030,1766,318,201,88
Completed,0.32,27,2053,231,112,186,107
Completed,0.32,180,3780,2430,368,232,194
Completed,0.32,96,229,1581,674,102,62
Completed,0.32,123,1442,2106,946,214,167
Completed,0.32,83,2346,1534,476,60,18
Completed,0.5,315,3429,4713,89,239,9
Completed,0.32,149,139,2636,345,162,157
Completed,0.53,49,2871,40,397,211,47
Completed,0.32,46,2027,704,414,242,176
Completed,0.44,222,1877,3276,802,248,40
Completed,0.32,118,4550,2174,97,43,33
Completed,0.32,177,4172,3048,422,11,6
Completed,0.32,70,2221,1205,820,152,49
Completed,0.32,81,4242,1446,564,200,150
Completed,0.34,216,4460,3619,888,227,186
Completed,0.33,223,1500,4042,636,182,23
Completed,0.32,140,3246,2547,745,84,43
Completed,0.34,55,4881,822,492,169,93
Completed,0.32,122,3034,2211,804,117,13
Completed,0.32,194,2110,3416,310,218,205
Completed,0.32,132,1063,2442,652,163,124
Completed,0.38,30,3106,222,905,240,210
Completed,0.32,99,3255,1822,779,177,76
Completed,0.44,210,385,3630,95,159,6
Completed,0.32,82,914,1458,420,128,34
Completed,0.32,70,2624,1197,168,207,136
Completed,0.38,188,4539,3440,381,199,70
Completed,0.32,37,3586,478,634,51,49
Completed,0.38,107,1826,1660,743,218,16
Completed,0.32,268,3918,4065,550,169,126
Completed,0.32,94,1108,1626,826,235,158
Completed,0.32,141,4015,2290,875,203,60
Completed,0.33,105,1365,1926,454,244,82
Completed,0.32,58,4307,947,730,73,67
Completed,0.32,39,443,567,296,191,181
Completed,0.32,115,3715,2098,44,145,18
Completed,0.33,55,1658,779,91,126,44
Completed,0.32,172,217,2807,837,132,87
Completed,0.33,56,2106,886,921,208,73
Completed,0.34,235,1694,4338,597,243,108
Completed,0.33,69,4446,1152,281,222,37
Completed,0.32,108,2398,2034,558,82,53
Completed,0.32,192,724,3759,305,168,64
Completed,0.32,59,478,1001,246,135,102
Completed,0.32,77,3456,1341,498,213,203
Completed,0.33,175,1402,3035,991,112,19
Completed,0.32,239,3386,4216,882,155,47
Completed,0.32,150,4738,2495,136,100,89
Completed,0.32,156,113,3134,626,200,133
Completed,0.33,60,1839,970,962,229,132
Completed,0.32,84,4819,1368,718,181,45
Completed,0.4,226,3980,3542,769,152,10
Completed,0.32,104,1923,1846,265,115,103
Completed,0.32,145,2916,2534,758,217,177
Completed,0.32,134,3287,2246,699,249,145
Completed,0.32,206,1858,3384,190,86,77
Completed,0.32,81,4576,1443,936,67,7
Completed,0.32,157,575,2931,430,231,215
Completed,0.33,189,4205,3645,611,95,33
Completed,0.32,33,2667,372,374,150,83
Completed,0.38,47,2254,532,151,238,22
Completed,0.32,25,3700,275,262,162,150
Completed,0.32,68,4983,1039,124,27,14
Completed,0.32,132,3080,2150,686,192,94
Completed,0.33,199,941,3683,741,237,74
Completed,0.32,90,261,1559,808,206,107
Completed,0.44,183,3604,3343,70,196,36
Completed,0.56,155,2598,1727,387,223,3
Completed,0.32,88,2480,1595,109,140,65
Completed,0.32,224,2789,4112,268,201,96
Completed,0.32,125,4084,2401,529,53,20
Completed,0.54,88,3511,660,216,233,69
Completed,0.32,72,2880,1286,855,135,127
Completed,0.32,129,1998,2027,838,166,29
Completed,0.32,70,97,1190,401,114,78
Completed,0.32,230,3474,4220,725,102,8
Completed,0.32,112,4651,2196,479,157,113
Completed,0.32,53,2747,846,792,69,33
Completed,0.56,62,4232,191,188,147,55
Completed,0.34,48,1583,594,516,161,87
Completed,0.32,115,4852,2066,760,238,235
Completed,0.32,193,297,3556,255,89,45
Completed,0.32,79,983,1354,204,120,11
Completed,0.32,242,2139,4633,942,126,125
Completed,0.32,82,2044,1407,640,222,192
Completed,0.32,74,3751,1243,884,175,105
Completed,0.32,105,3178,1964,322,103,56
Completed,0.56,123,1413,782,307,130,5
Completed,0.32,128,462,2509,552,124,112
Completed,0.32,121,838,2250,993,93,85
Completed,0.33,209,4331,3378,488,241,136
Completed,0.32,95,4485,1602,800,142,59
Completed,0.32,223,2197,4198,996,221,177
Completed,0.33,103,596,1793,709,245,119
Completed,0.44,200,3346,3734,417,234,49
Completed,0.33,90,2934,1493,100,200,23
Completed,0.34,244,2938,4471,539,230,61
Completed,0.32,157,1230,2877,784,184,146
Completed,0.5,72,3342,463,981,197,27
Completed,0.32,11,689,1,341,250,115
Completed,0.57,1379,2433,3289,586,8,1
Completed,0.32,128,2192,2469,432,193,156
Completed,0.32,144,3516,2682,655,196,107
Completed,0.32,43,4614,648,395,50,24
Completed,0.32,130,2784,2384,831,231,73
Completed,0.5,30,4336,86,923,204,157
Completed,0.32,51,467,799,117,90,89
Completed,0.34,180,1408,2511,870,160,47
Completed,0.32,30,1673,386,252,225,204
Completed,0.32,72,3116,1236,694,108,52
Completed,0.32,79,2144,1361,378,163,83
Completed,0.32,48,1505,736,555,190,144
Completed,0.4,250,425,4085,578,207,27
Completed,0.44,76,797,673,879,236,59
Completed,0.32,104,2508,1676,631,159,146
Completed,0.32,143,2752,2575,356,99,12
Completed,0.32,55,4125,853,602,151,124
Completed,0.32,222,4656,4238,919,182,88
Completed,0.32,121,3469,2198,165,64,44
Completed,0.32,69,1788,1173,212,169,17
Completed,0.32,92,4764,1478,456,248,182
Completed,0.32,115,1129,2015,524,116,66
Completed,0.32,239,2876,4557,291,172,167
Completed,0.51,326,4824,4660,154,156,6
Completed,0.5,49,1325,203,970,138,76
Completed,0.32,89,652,1588,283,81,31
Completed,0.32,161,4184,2785,792,244,190
Completed,0.32,167,896,2643,702,145,126
Completed,0.32,123,326,2267,753,173,164
Completed,0.38,42,946,392,177,211,95
Completed,0.32,186,2181,3680,931,47,22
Completed,0.32,217,3085,3878,251,224,114
Completed,0.38,123,3792,2167,989,29,2
Completed,0.32,99,3869,1706,415,189,116
Completed,0.34,176,4912,3206,106,223,81
Completed,0.32,194,2249,3511,715,209,60
Completed,0.32,235,2672,3642,813,188,125
Completed,0.32,28,4200,354,52,70,11
Completed,0.32,91,3549,1431,738,154,87
Completed,0.32,186,12,3395,391,136,16
Completed,0.32,103,1209,1849,67,167,55
Completed,0.33,54,2920,806,319,246,156
Completed,0.54,84,3976,582,330,186,34
Completed,0.34,68,4702,918,237,198,48
Completed,0.46,281,4020,4331,311,229,23
Completed,0.32,46,4057,713,755,96,85
Completed,0.33,23,108,176,191,230,169
Completed,0.51,167,3382,2488,443,184,4
Completed,0.32,62,1406,1013,428,87,57
Completed,0.32,117,729,2051,864,139,105
Completed,0.32,43,2771,613,613,216,191
Completed,0.32,35,2310,442,898,179,127
Completed,0.38,192,4451,2861,841,193,14
Completed,0.32,97,4865,1834,581,106,19
Completed,0.52,48,3040,137,144,174,64
Completed,0.32,152,2069,2424,959,121,32
Completed,0.32,48,222,767,272,158,112
Completed,0.32,180,448,3525,860,224,143
Completed,0.32,82,852,1392,660,196,177
Completed,0.32,64,2560,950,913,148,30
Completed,0.32,69,2361,1120,565,247,94
Completed,0.32,106,514,1923,128,39,14
Completed,0.32,95,1723,1745,493,153,149
Completed,0.32,217,4545,3903,532,14,10
Completed,0.32,127,3582,2181,295,240,125
Completed,0.32,146,45,2721,579,220,55
Completed,0.34,152,1235,2344,904,192,17
Completed,0.32,140,4799,2732,436,166,137
Completed,0.45,293,1821,4932,183,243,37
Completed,0.32,288,4169,4607,511,202,74
Completed,0.32,121,3661,2012,786,210,132
Completed,0.32,89,1644,1564,1000,181,95
Completed,0.32,52,4937,775,744,228,198
Completed,0.45,35,1066,219,314,97,50
Completed,0.32,154,2058,3190,551,153,69
Completed,0.32,116,3845,2223,618,167,81
Completed,0.32,134,4876,2550,927,136,115
Completed,0.32,107,1496,2001,197,157,61
Completed,0.32,31,4455,348,453,203,146
Completed,0.32,155,2226,2914,256,185,26
Completed,0.28,160,2698,3065,220,211,87
Completed,0.32,62,4177,1026,982,48,45
Completed,0.32,43,2387,621,406,147,119
Completed,0.32,204,743,3587,644,107,14
Completed,0.32,79,479,1347,843,79,42
Completed,0.32,134,1778,2496,540,237,188
Completed,0.57,89,4735,165,796,160,23
Completed,0.32,94,2829,1628,484,120,68
Completed,0.32,137,2022,2745,974,206,150
Completed,0.55,245,2866,3332,961,236,5
Completed,0.32,31,1351,416,606,62,30
Completed,0.33,91,774,1531,168,224,75
Completed,0.32,78,4306,1400,329,140,15
Completed,0.32,105,2666,1977,713,93,26
Completed,0.32,187,2485,3651,208,241,192
Completed,0.32,196,2593,3500,306,154,132
Completed,0.33,67,336,1089,499,233,9
Completed,0.32,74,3628,1258,246,187,158
Completed,0.32,162,3882,2657,65,34,20
Completed,0.33,49,2997,633,826,212,101
Completed,0.32,102,2095,1768,12,21,8
Completed,0.34,212,1686,3317,445,49,32
Completed,0.45,277,3685,4479,429,216,29
Completed,0.32,104,807,1907,373,172,144
Completed,0.28,242,2682,4878,439,221,205
Completed,0.32,152,661,2776,195,173,119
Completed,0.32,132,560,2448,262,145,93
Completed,0.32,228,1317,4165,507,105,43
Completed,0.33,180,3311,3003,616,133,22
Completed,0.32,59,4811,974,371,125,97
Completed,0.32,241,22,4651,861,211,187
Completed,0.32,51,1180,573,685,239,151
Completed,0.32,208,3969,3802,179,92,67
Completed,0.32,110,2911,2090,933,162,49
Completed,0.32,105,3946,1837,922,223,138
Completed,0.33,210,4834,3385,598,188,168
Completed,0.57,280,1873,4276,850,143,4
Completed,0.34,196,3536,2938,772,123,62
Completed,0.39,92,79,1470,561,177,3
Completed,0.32,68,3372,1184,809,225,167
Completed,0.32,52,719,844,388,208,193
Completed,0.32,102,2741,1809,139,129,107
Completed,0.32,93,2339,1668,355,228,46
Completed,0.45,178,1460,3244,163,200,9
Completed,0.32,77,4999,1309,963,218,64
Completed,0.32,102,2170,1939,593,204,114
Completed,0.32,206,955,3972,332,54,7
Completed,0.32,88,3769,1415,45,116,38
Completed,0.32,121,212,1972,980,249,216
Completed,0.32,29,3170,378,731,172,114
Completed,0.32,134,3749,2502,148,230,145
Completed,0.52,57,823,97,92,151,28
Completed,0.32,119,2550,2253,340,197,175
Completed,0.5,61,4102,259,431,238,88
Completed,0.32,93,3502,1682,869,41,12
Completed,0.5,68,1752,520,759,193,54
Completed,0.32,27,2006,314,248,109,79
Completed,0.32,210,2850,4060,742,195,139
Completed,0.53,127,3933,1160,641,208,6
Completed,0.32,139,698,2341,750,57,55
Completed,0.32,245,2648,4190,24,169,16
Completed,0.32,103,361,1613,217,213,126
Completed,0.38,149,4476,2762,711,112,92
Completed,0.33,57,3652,727,466,134,40
Completed,0.32,112,1564,2065,419,99,21
Completed,0.32,232,309,3787,664,155,95
Completed,0.32,31,3106,389,209,193,165
Completed,0.32,60,312,980,332,209,153
Completed,0.32,81,3270,1359,85,130,51
Completed,0.54,79,1515,177,38,103,15
Completed,0.32,108,923,1605,725,175,91
Completed,0.44,220,4564,3295,702,246,56
Completed,0.32,83,1808,1490,424,234,112
Completed,0.32,34,1216,457,861,53,35
Completed,0.32,122,4755,2013,941,84,36
Completed,0.5,196,4025,2896,516,117,4
Completed,0.32,74,2850,1176,255,140,116
Completed,0.32,64,3414,1068,742,38,17
Completed,0.33,134,1331,2386,632,197,44
Completed,0.32,25,4624,264,876,150,131
Completed,0.32,146,2371,2685,823,230,11
Completed,0.32,50,4326,798,409,120,61
Completed,0.34,23,456,84,599,238,195
Completed,0.33,214,4376,4288,110,89,27
Completed,0.32,123,3747,2264,847,161,109
Completed,0.39,23,2239,69,954,192,102
Completed,0.38,235,1561,4704,529,220,78
Completed,0.38,251,3901,4521,170,210,33
Completed,0.32,65,2075,1053,228,223,52
Completed,0.32,85,3803,1295,471,178,153
Completed,0.39,60,4422,670,587,206,90
Completed,0.33,216,4358,4084,902,236,122
Completed,0.32,121,2407,2201,364,97,75
Completed,0.32,217,2743,3426,869,198,147
Completed,0.39,62,499,851,925,181,26
Completed,0.32,97,3459,1800,678,229,173
Completed,0.32,79,2482,1428,789,187,63
Completed,0.32,73,4210,1225,534,235,148
Completed,0.32,280,4590,4023,982,200,173
Completed,0.32,101,4830,1850,399,135,79
Completed,0.32,82,1945,1383,568,69,23
Completed,0.32,40,23,585,131,157,68
Completed,0.34,185,1854,3546,884,101,48
Completed,0.32,147,559,2786,749,215,162
Completed,0.32,133,663,2460,800,243,128
Completed,0.46,42,2685,202,552,166,42
Completed,0.32,109,4686,2048,658,172,13
Completed,0.32,63,2761,1015,96,116,93
Completed,0.32,69,2319,1138,380,32,28
Completed,0.28,185,811,2858,634,225,104
Completed,0.33,120,392,1897,817,194,77
Completed,0.38,148,3149,2617,57,204,7
Completed,0.45,23,1031,22,239,160,135
Completed,0.33,140,3054,2320,490,238,33
Completed,0.34,93,248,1709,114,222,19
Completed,0.32,82,2598,1267,692,208,123
Completed,0.32,242,4932,4148,264,159,49
Completed,0.32,130,3190,2426,503,87,70
Completed,0.32,59,1439,952,612,177,121
Completed,0.32,86,4399,1389,867,225,206
Completed,0.32,120,843,2101,175,109,40
Completed,0.32,201,2282,3828,935,149,92
Completed,0.32,72,3482,1123,896,218,56
Completed,0.32,133,1732,2305,974,51,6
Completed,0.34,65,1135,916,288,228,86
Completed,0.32,265,1103,4202,778,96,22
Completed,0.32,46,99,710,705,67,48
Completed,0.34,160,1773,2739,466,183,67
Completed,0.32,46,1396,615,913,249,161
Completed,0.32,200,3582,3054,712,186,130
Completed,0.32,120,2223,2009,736,239,221
Completed,0.32,207,2630,3616,246,91,60
Completed,0.44,45,4245,342,991,163,72
Completed,0.32,262,4457,4419,558,132,109
Completed,0.32,83,3670,1452,304,126,28
Completed,0.32,159,1499,2922,810,211,194
Completed,0.57,67,1583,134,320,145,38
Completed,0.32,205,290,3414,574,105,82
Completed,0.32,149,3846,2544,388,220,166
Completed,0.52,280,2119,4798,137,173,2
Completed,0.32,91,2059,1577,446,207,186
Completed,0.33,186,3091,2803,951,122,94
Completed,0.32,122,283,2225,919,137,53
Completed,0.33,205,1597,4249,158,113,63
Completed,0.32,84,4466,1200,966,102,9
Completed,0.32,107,2621,1998,279,186,89
Completed,0.44,206,1265,3062,302,239,62
Completed,0.32,131,4797,2347,572,221,118
Completed,0.34,185,3925,2723,880,190,79
Completed,0.32,46,2953,685,135,60,37
Completed,0.38,24,154,55,266,42,23
Completed,0.34,210,1721,3333,505,207,98
Completed,0.32,85,4634,1529,375,194,43
Completed,0.46,252,4068,3692,177,225,13
Completed,0.32,175,853,3532,336,141,77
Completed,0.32,87,446,1397,154,169,104
Completed,0.33,59,3717,940,405,248,189
Completed,0.32,222,223,4157,721,227,135
Completed,0.32,47,1057,772,795,199,171
Completed,0.32,99,4908,1718,906,168,166
Completed,0.34,232,2162,4122,834,213,38
Completed,0.32,126,2104,2308,525,183,151
Completed,0.33,279,4968,4742,707,197,22
Completed,0.32,82,4105,1344,636,108,77
Completed,0.32,115,470,2037,326,226,179
Completed,0.45,76,3449,623,74,180,32
Completed,0.32,94,1767,1629,59,91,34
Completed,0.33,157,2013,3129,492,119,6
Completed,0.39,182,4599,2778,269,144,30
Completed,0.32,120,1844,2088,609,133,85
Completed,0.32,220,31,3804,347,124,35
Completed,0.34,252,2916,4274,674,176,99
Completed,0.32,146,3957,2240,436,74,17
Completed,0.32,52,3286,811,873,142,66
Completed,0.32,72,634,1214,451,163,44
Completed,0.32,79,2675,1436,200,242,130
Completed,0.39,30,709,149,900,121,87
Completed,0.33,263,4123,4225,395,207,131
Completed,0.32,194,2414,3437,148,130,45
Completed,0.34,97,3694,1670,187,199,71
Completed,0.54,221,161,3469,939,219,1
Completed,0.32,65,3083,1045,762,171,141
Completed,0.33,196,2985,2820,570,202,51
Completed,0.32,119,897,2280,308,215,121
Completed,0.34,29,2472,213,462,220,142
Completed,0.32,87,202,1414,494,86,64
Completed,0.32,169,3740,3374,631,66,10
Completed,0.54,40,4390,96,384,184,123
Completed,0.32,102,2540,1875,821,96,46
Completed,0.38,283,745,4968,408,237,25
Completed,0.4,39,535,256,108,205,62
Completed,0.34,83,4722,1281,29,61,4
Completed,0.44,54,2873,522,716,227,80
Completed,0.32,81,4037,1468,978,148,99
Completed,0.33,209,4763,3601,538,178,65
Completed,0.32,28,3361,318,291,76,54
Completed,0.33,103,1386,1812,338,157,11
Completed,0.32,73,78,1162,840,241,97
Completed,0.32,101,4235,1616,260,247,226
Completed,0.34,191,4486,3163,194,212,188
Completed,0.32,78,1573,1350,931,202,134
Completed,0.32,182,3278,3025,426,100,84
Completed,0.32,64,4846,992,688,154,32
Completed,0.46,238,3856,3789,863,188,8
Completed,0.32,179,2149,3561,616,233,172
Completed,0.32,110,3760,1971,562,216,184
Completed,0.32,201,2044,3671,371,169,55
Completed,0.32,113,3851,2061,299,151,44
Completed,0.34,159,1513,2479,877,172,66
Completed,0.34,56,933,742,315,116,18
Completed,0.32,175,2189,2766,577,138,99
Completed,0.28,159,2732,2585,916,226,38
Completed,0.32,171,73,2891,276,205,73
Completed,0.32,109,1227,1889,210,238,108
Completed,0.32,92,2836,1485,665,73,58
Completed,0.32,222,2877,3481,156,190,120
Completed,0.33,40,3995,515,893,57,16
Completed,0.34,78,3403,1279,332,222,92
Completed,0.34,99,750,1696,971,209,50
Completed,0.32,52,2287,796,751,234,212
Completed,0.32,109,4328,1858,508,187,111
Completed,0.56,66,3735,83,195,99,35
Completed,0.32,84,1678,1421,180,134,31
Completed,0.32,70,4947,1233,423,213,180
Completed,0.32,31,1083,383,617,82,76
Completed,0.32,198,263,3677,203,152,148
Completed,0.32,89,940,1553,254,182,172
Completed,0.38,292,1036,4578,79,214,13
Completed,0.38,46,166,490,379,244,43
Completed,0.32,120,3144,2163,132,165,129
Completed,0.39,39,2503,288,801,203,67
Completed,0.5,55,2419,147,711,162,7
Completed,0.32,120,4128,2205,955,239,171
Completed,0.32,173,4652,2570,530,211,134
Completed,0.32,141,3291,2521,313,179,102
Completed,0.32,51,4838,809,551,79,29
Completed,0.32,283,3962,4262,1000,107,57
Completed,0.32,145,2911,2232,239,147,78
Completed,0.32,58,1942,960,470,129,89
Completed,0.32,137,36,2075,782,88,9
Completed,0.34,197,4815,3554,293,235,209
Completed,0.32,104,1322,1585,586,225,154
Completed,0.38,63,4595,757,829,177,53
Completed,0.32,228,4186,4179,654,149,19
Completed,0.32,143,2686,2454,392,109,102
Completed,0.32,88,2310,1522,533,212,80
Completed,0.32,60,1691,897,398,187,147
Completed,0.34,108,4963,1764,143,233,62
Completed,0.44,181,3817,3302,341,202,25
Completed,0.33,157,2167,2413,274,250,14
Completed,0.38,178,1633,2672,216,216,42
Completed,0.32,129,4507,2113,914,198,96
Completed,0.39,207,4293,3114,606,230,68
Completed,0.32,72,2499,1227,130,120,112
Completed,0.32,123,573,1990,567,160,32
Completed,0.32,110,2356,1918,992,144,141
Completed,0.53,71,4064,421,737,191,39
Completed,0.32,149,1365,2840,559,175,165
Completed,0.32,98,1150,1740,627,48,27
Completed,0.32,91,117,1632,365,131,122
Completed,0.32,42,4671,606,256,103,65
Completed,0.32,196,475,3766,765,188,153
Completed,0.32,61,727,1006,691,223,183
Completed,0.32,70,3654,1202,644,181,85
Completed,0.32,106,3045,1827,287,218,143
Completed,0.32,147,2120,2545,796,118,75
Completed,0.32,139,218,2427,161,203,159
Completed,0.54,78,3198,233,412,157,10
Completed,0.32,80,1433,1395,459,114,55
Completed,0.32,117,2568,2107,520,244,201
Completed,0.32,193,2269,3519,27,80,17
Completed,0.32,269,3666,4432,864,88,48
Completed,0.32,79,4462,1460,119,158,68
Completed,0.34,252,4240,3633,427,129,97
Completed,0.32,197,2703,3898,335,181,134
Completed,0.34,87,616,1319,404,198,7
Completed,0.32,197,3334,3273,720,219,78
Completed,0.33,90,2966,1658,794,247,103
Completed,0.32,150,2957,2725,699,30,15
Completed,0.34,55,3920,702,445,224,122
Completed,0.32,137,3323,2360,757,62,41
Completed,0.32,239,4163,3451,934,157,153
Completed,0.33,235,2452,3888,683,236,51
Completed,0.32,240,2626,4040,842,153,111
Completed,0.32,115,2277,2099,500,174,117
Completed,0.32,42,4298,564,245,219,217
Completed,0.28,194,848,3811,739,72,4
Completed,0.32,63,433,944,812,106,37
Completed,0.39,30,1648,224,573,210,174
Completed,0.38,135,4937,2439,828,133,25
Completed,0.32,49,3096,781,391,92,74
Completed,0.32,99,2115,1819,697,148,42
Completed,0.32,53,3841,835,952,196,128
Completed,0.4,233,1587,3406,755,178,13
Completed,0.32,70,1503,1194,374,237,232
Completed,0.32,67,806,1150,199,189,65
Completed,0.32,211,4681,3757,223,136,40
Completed,0.32,126,3446,2036,983,111,81
Completed,0.32,49,1768,718,905,154,109
Completed,0.32,93,4729,1623,650,201,196
Completed,0.32,164,104,2752,145,101,26
Completed,0.32,138,1098,2492,343,70,60
Completed,0.34,164,4051,3132,833,234,220
Completed,0.32,54,1985,903,106,56,10
Completed,0.32,145,1140,2624,851,202,122
Completed,0.32,127,141,2288,669,233,90
Completed,0.32,142,1868,2532,708,250,207
Completed,0.32,109,4585,1982,422,230,152
Completed,0.32,83,638,1445,604,97,96
Completed,0.32,232,2487,4407,350,150,21
Completed,0.33,202,4494,3505,565,41,5
Completed,0.34,49,3629,530,327,205,111
Completed,0.32,140,3212,2663,804,147,142
Completed,0.52,59,969,249,998,226,31
Completed,0.32,129,2990,2405,747,179,178
Completed,0.32,96,195,1775,872,165,131
Completed,0.32,101,1476,1914,511,28,16
Completed,0.27,256,322,4691,831,63,17
Completed,0.32,184,2244,3341,394,224,66
Completed,0.57,237,2680,3180,118,141,2
Completed,0.32,22,4199,209,870,116,114
Completed,0.32,213,658,4168,361,218,166
Completed,0.33,93,3522,1593,433,169,38
Completed,0.32,39,1849,568,448,64,27
Completed,0.32,202,3321,3805,938,228,195
Completed,0.32,190,28,3543,695,182,108
Completed,0.32,81,1174,1371,761,151,72
Completed,0.51,42,3955,107,526,139,91
Completed,0.32,254,4825,4810,959,171,121
Completed,0.32,103,3297,1843,214,87,15
Completed,0.32,28,88,319,887,214,206
Completed,0.32,108,3377,2030,639,137,120
Completed,0.32,53,1368,849,749,102,71
Completed,0.32,110,718,2194,62,186,22
Completed,0.32,191,2512,4100,710,47,34
Completed,0.32,125,4363,2374,463,211,86
Completed,0.32,45,3710,677,775,14,6
Completed,0.34,127,1701,2152,853,221,56
Completed,0.32,36,4992,499,610,173,141
Completed,0.32,154,2079,3075,663,191,31
Completed,0.32,77,209,1242,591,142,12
Completed,0.32,82,3169,1410,839,190,161
Completed,0.33,269,3742,4286,283,131,68
Completed,0.32,132,4380,2248,545,123,49
Completed,0.32,104,829,1866,480,242,199
Completed,0.38,55,2366,662,259,200,33
Completed,0.34,192,4629,3224,441,187,171
Completed,0.51,262,1336,4115,194,235,7
Completed,0.32,109,2891,2137,368,33,28
Completed,0.32,67,4030,1188,77,81,40
Completed,0.32,252,1114,4435,571,244,241
Completed,0.32,198,1221,3749,301,19,9
Completed,0.32,84,59,1497,251,50,47
Completed,0.33,253,1813,4469,988,196,89
Completed,0.46,304,4153,4755,317,249,52
Completed,0.34,105,2202,1618,918,108,3
Completed,0.32,164,1519,3155,602,78,37
Completed,0.32,120,992,2069,717,204,149
Completed,0.33,213,3859,3558,212,119,73
Completed,0.32,45,3016,592,965,127,62
Completed,0.32,202,3111,3660,648,222,129
Completed,0.32,21,306,181,611,47,37
Completed,0.34,179,1571,3151,372,211,79
Completed,0.32,82,4478,1363,502,191,25
Completed,0.32,220,2721,3918,796,214,209
Completed,0.32,211,700,3735,541,137,123
Completed,0.32,85,600,1494,974,166,89
Completed,0.32,76,3559,1169,722,244,237
Completed,0.32,92,2949,1794,333,156,53
Completed,0.38,49,1909,460,563,231,124
Completed,0.32,142,1162,2683,282,169,33
Completed,0.32,124,118,2385,208,141,7
Completed,0.32,186,3500,3106,922,152,77
Completed,0.32,72,4628,1066,161,98,58
Completed,0.32,36,758,510,849,227,190
Completed,0.32,230,4094,3865,360,64,28
Completed,0.32,113,2780,2143,598,181,103
Completed,0.32,107,2300,1963,883,207,43
Completed,0.32,129,4960,2263,305,225,67
Completed,0.32,129,3762,2512,247,194,98
Completed,0.32,50,3113,801,992,63,22
Completed,0.33,88,2131,1604,174,239,117
Completed,0.32,252,994,4892,934,15,3
Completed,0.32,136,3808,2370,691,78,35
Completed,0.32,117,1458,2167,114,119,76
Completed,0.32,215,419,3879,874,128,55
Completed,0.32,74,2511,1299,927,238,180
Completed,0.32,70,4141,1175,835,197,92
Completed,0.32,110,3463,2017,398,20,16
Completed,0.51,99,1791,855,476,250,50
Completed,0.32,95,4750,1800,221,173,151
Completed,0.32,244,2009,4238,43,217,21
Completed,0.32,44,1967,649,520,84,83
Completed,0.32,127,1949,2459,352,187,166
Completed,0.32,168,1850,2785,169,155,140
Completed,0.33,52,1310,584,706,213,109
Completed,0.32,193,563,3549,467,33,28
Completed,0.32,156,881,2832,1000,189,160
Completed,0.32,111,322,1948,552,222,130
Completed,0.32,96,1603,1731,818,95,18
Completed,0.32,149,3230,2644,329,242,200
Completed,0.32,193,2177,3357,636,122,54
Completed,0.32,169,2097,2860,218,157,66
Completed,0.32,75,3885,1268,149,144,85
Completed,0.32,109,1535,1705,539,161,57
Completed,0.34,26,864,243,227,124,105
Completed,0.33,234,4286,4134,732,210,179
Completed,0.32,100,3543,1846,940,202,121
Completed,0.34,69,4696,1119,439,150,20
Completed,0.32,113,2868,1923,751,66,65
Completed,0.32,195,1983,3705,261,229,153
Completed,0.32,42,104,611,489,181,141
Completed,0.32,143,735,2486,569,219,72
Completed,0.32,56,3687,893,346,110,86
Completed,0.32,109,1683,1898,268,130,100
Completed,0.32,69,1027,1135,955,89,55
Completed,0.45,39,374,135,769,210,14
Completed,0.32,82,4879,1454,848,58,48
Completed,0.33,227,3843,3617,673,27,23
Completed,0.45,43,3037,338,411,223,96
Completed,0.32,119,2056,2103,724,41,4
Completed,0.46,245,3724,4149,837,227,26
Completed,0.33,55,2576,765,646,192,62
Completed,0.32,58,2348,917,860,171,122
Completed,0.32,95,4076,1744,617,250,208
Completed,0.32,120,518,2301,423,115,46
Completed,0.32,86,1738,1542,196,198,183
Completed,0.32,159,52,3066,846,175,21
Completed,0.32,117,1248,2183,670,143,51
Completed,0.32,35,2959,471,918,189,152
Completed,0.46,54,1887,480,71,135,32
Completed,0.32,141,3907,2172,315,212,134
Completed,0.34,298,1835,4606,387,168,8
Completed,0.32,139,1257,2355,986,233,227
Completed,0.33,226,3575,3267,497,70,58
Completed,0.51,59,4548,297,743,188,78
Completed,0.32,93,2705,1642,56,100,29
Completed,0.32,148,2445,2730,561,202,189
Completed,0.32,136,2633,2541,963,164,128
Completed,0.4,244,906,4799,719,241,42
Completed,0.32,51,2271,776,369,140,131
Completed,0.5,193,4412,3191,425,250,11
Completed,0.33,263,1432,4160,178,171,159
Completed,0.33,89,1660,1401,703,230,65
Completed,0.32,185,2062,3535,753,197,99
Completed,0.32,119,3830,2002,822,246,111
Completed,0.39,129,1492,2224,494,201,31
Completed,0.32,247,4253,4790,301,188,143
Completed,0.32,143,2711,2722,455,130,121
Completed,0.32,28,609,308,278,241,239
Completed,0.32,95,476,1628,610,30,10
Completed,0.32,123,1762,2041,775,158,153
Completed,0.55,91,4741,622,532,237,52
Completed,0.4,274,4059,4622,957,206,19
Completed,0.32,237,2860,3696,726,161,39
Completed,0.32,32,4017,418,480,89,81
Completed,0.32,66,147,1131,545,205,165
Completed,0.54,47,1367,59,839,107,60
Completed,0.32,95,768,1756,402,179,109
Completed,0.32,203,871,4126,252,156,14
Completed,0.34,92,3622,1717,449,233,128
Completed,0.32,126,4904,2129,186,80,24
Completed,0.32,192,240,3500,679,243,198
Completed,0.32,68,3002,1092,623,136,69
Completed,0.32,88,2108,1509,309,65,37
Completed,0.32,230,1019,4479,555,181,80
Completed,0.32,33,184,433,996,152,117
Completed,0.32,99,4448,1770,887,117,74
Completed,0.32,142,409,2604,377,219,148
Completed,0.5,42,2521,35,325,170,25
Completed,0.34,40,1544,401,214,245,148
Completed,0.32,113,4523,1937,469,168,62
Completed,0.32,66,2601,1095,781,112,107
Completed,0.4,138,2894,2448,637,243,18
Completed,0.44,107,1920,1213,899,220,7
Completed,0.32,87,3962,1440,656,174,172
Completed,0.34,215,4838,3652,831,144,134
Completed,0.32,234,1860,4011,584,192,32
Completed,0.32,135,3552,2537,537,48,30
Completed,0.38,252,4207,4277,224,241,79
Completed,0.32,82,2745,1468,435,204,77
Completed,0.33,76,2333,1307,88,183,12
Completed,0.32,69,4375,1041,343,231,162
Completed,0.32,36,427,504,650,96,92
Completed,0.32,46,1712,682,983,217,199
Completed,0.32,96,4986,1666,728,138,98
Completed,0.33,176,3795,3244,786,172,68
Completed,0.32,209,2088,4096,535,249,231
Completed,0.32,121,2184,2276,859,155,79
Completed,0.33,245,939,4315,99,100,37
Completed,0.34,64,264,931,422,71,3
Completed,0.32,158,1616,2653,661,187,117
Completed,0.46,50,836,377,358,199,56
Completed,0.32,114,2378,2132,391,236,206
Completed,0.32,37,4086,518,136,159,120
Completed,0.32,252,4616,4567,319,128,92
Completed,0.32,74,3509,1283,573,122,40
Completed,0.53,63,1748,257,557,149,22
Completed,0.32,137,4725,2393,813,195,185
Completed,0.32,176,132,3229,303,109,95
Completed,0.32,93,1168,1681,245,77,71
Completed,0.32,158,3997,2692,739,225,151
Completed,0.34,273,1954,4970,990,177,50
Completed,0.44,214,1127,3434,689,194,7
Completed,0.32,53,3365,844,512,180,135
Completed,0.33,192,3477,3602,111,239,104
Completed,0.32,185,1805,3283,864,239,166
Completed,0.32,65,1286,1158,265,173,72
Completed,0.32,103,692,1883,952,105,27
Completed,0.32,233,2435,3908,191,145,108
Completed,0.33,212,2643,3785,289,244,44
Completed,0.32,143,1580,2462,152,55,53
Completed,0.39,61,986,726,590,232,98
Completed,0.32,147,2142,2759,335,22,18
Completed,0.32,103,3753,1872,280,40,6
Completed,0.51,46,3176,96,967,248,86
Completed,0.32,170,3734,2962,414,182,180
Completed,0.32,119,2440,1885,627,178,68
Completed,0.32,68,593,1166,65,110,23
Completed,0.33,182,1281,2887,825,148,96
Completed,0.46,31,1800,10,304,206,128
Completed,0.32,144,4781,2327,49,129,42
Completed,0.32,105,1897,1783,681,211,139
Completed,0.32,156,2936,2589,176,126,82
Completed,0.34,60,3936,877,936,132,38
Completed,0.32,102,1959,1698,430,144,26
Completed,0.32,46,4002,650,175,192,174
Completed,0.32,65,1339,1072,502,240,218
Completed,0.32,74,4611,1275,758,162,116
Completed,0.33,229,4091,3478,700,133,80
Completed,0.33,46,2786,516,445,125,36
Completed,0.39,263,831,3668,797,233,20
Completed,0.32,81,469,1417,723,202,52
Completed,0.32,70,3739,1234,974,156,153
Completed,0.57,102,4944,80,645,35,10
Completed,0.32,132,300,2479,458,229,102
Completed,0.32,243,2179,4298,295,184,121
Completed,0.32,26,3790,284,351,136,110
Completed,0.32,94,3139,1673,913,83,61
Completed,0.32,155,1717,2704,419,246,219
Completed,0.32,130,4430,2159,705,234,165
Completed,0.32,76,799,1290,273,101,81
Completed,0.32,244,2750,4447,999,242,100
Completed,0.53,57,1132,143,129,223,45
Completed,0.32,131,2841,2206,380,175,131
Completed,0.33,273,3957,4400,217,149,130
Completed,0.38,199,1915,2942,464,195,44
Completed,0.32,232,552,3797,620,226,85
Completed,0.32,88,2231,1548,836,250,152
Completed,0.34,78,4271,1112,581,171,51
Completed,0.32,127,3597,1949,144,114,96
Completed,0.32,58,1621,924,222,150,91
Completed,0.32,138,944,2274,534,66,15
Completed,0.32,33,1696,449,678,68,40
Completed,0.32,185,179,3723,432,186,92
Completed,0.32,66,3871,1079,800,85,27
Completed,0.32,247,4909,3838,750,116,60
Completed,0.32,120,3215,2112,488,141,72
Completed,0.5,170,346,2675,640,151,2
Completed,0.28,159,876,2417,815,182,38
Completed,0.33,238,2675,4260,417,43,18
Completed,0.32,131,4202,2236,664,207,99
Completed,0.4,157,4578,2524,854,236,67
Completed,0.32,30,4843,361,267,177,161
Completed,0.32,103,4699,1536,599,94,93
Completed,0.32,101,1148,1917,410,208,161
Completed,0.33,237,4022,3708,915,123,120
Completed,0.4,47,2855,425,162,131,13
Completed,0.32,61,2014,1011,150,163,142
Completed,0.45,203,4745,3582,93,211,31
Completed,0.33,96,1404,1635,783,191,86
Completed,0.45,33,731,168,471,26,6
Completed,0.32,57,404,896,941,244,186
Completed,0.33,112,3677,1768,694,165,21
Completed,0.32,224,4464,3418,686,183,154
Completed,0.38,286,1487,4246,934,231,53
Completed,0.32,168,3262,2927,949,9,8
Completed,0.32,69,4868,1206,197,249,123
Completed,0.33,258,3834,4043,262,217,89
Completed,0.34,42,2067,556,314,235,77
Completed,0.32,81,225,1393,876,54,28
Completed,0.55,75,4407,232,985,213,33
Completed,0.54,315,4315,4856,560,245,7
Completed,0.32,94,2359,1743,209,104,49
Completed,0.32,121,3495,2300,768,221,200
Completed,0.32,94,4179,1659,370,183,66
Completed,0.32,83,1830,1315,947,138,44
Completed,0.32,63,4790,1034,704,217,130
Completed,0.32,173,2954,3449,479,226,173
Completed,0.32,248,1243,3891,236,180,25
Completed,0.32,64,57,1026,286,146,63
Completed,0.34,200,1818,3049,547,108,73
Completed,0.33,219,3594,4074,594,127,117
Completed,0.52,178,4536,2363,332,119,3
Completed,0.33,57,2706,701,895,160,79
Completed,0.33,253,523,4322,987,82,6
Completed,0.32,159,2353,2626,300,134,86
Completed,0.27,168,2571,2807,211,222,22
Completed,0.39,128,3729,2440,277,190,50
Completed,0.32,56,1641,946,355,46,15
Completed,0.32,115,1069,2095,917,242,92
Completed,0.32,184,3032,3629,970,193,72
Completed,0.32,29,3848,345,233,61,59
Completed,0.32,79,3248,1456,546,226,108
Completed,0.33,199,379,3407,331,238,38
Completed,0.32,110,1482,1776,292,221,171
Completed,0.54,109,4440,885,48,173,7
Completed,0.33,235,4340,4337,473,144,33
Completed,0.32,127,2539,2314,735,105,83
Completed,0.32,177,2318,3314,225,190,135
Completed,0.39,220,3390,3759,680,203,13
Completed,0.32,89,1103,1339,624,185,129
Completed,0.32,32,1988,414,821,201,179
Completed,0.32,112,4012,1925,578,155,32
Completed,0.32,133,1349,2289,250,169,110
Completed,0.34,239,4211,3383,813,50,3
Completed,0.32,138,4281,2406,172,235,154
Completed,0.32,106,333,1713,853,121,101
Completed,0.32,195,4499,2665,347,208,183
Completed,0.33,43,4920,531,774,149,89
Completed,0.32,76,2995,1252,462,77,9
Completed,0.32,188,2149,3121,956,225,209
Completed,0.32,74,2092,1151,657,132,104
Completed,0.32,87,3819,1510,900,211,189
Completed,0.32,115,189,1911,95,92,59
Completed,0.32,96,264,1728,512,127,78
Completed,0.32,64,885,1103,436,227,134
Completed,0.32,93,2614,1560,185,179,32
Completed,0.32,75,2466,1370,344,216,97
Completed,0.44,196,1314,3542,145,250,69
Completed,0.32,50,1855,745,729,184,163
Completed,0.4,109,4814,1597,984,230,13
Completed,0.4,239,3967,3183,536,198,42
Completed,0.32,261,1944,4167,787,150,128
Completed,0.34,292,1201,4408,798,218,62
Completed,0.32,30,1,369,747,248,24
Completed,0.32,141,2004,2198,603,246,61
Completed,0.39,139,1796,2563,911,212,25
Completed,0.32,107,4664,2029,213,202,80
Completed,0.32,72,2744,1191,525,25,4
Completed,0.32,66,2337,1039,997,123,64
Completed,0.34,143,414,2151,310,164,19
Completed,0.33,181,3126,2715,564,175,90
Completed,0.32,45,4996,676,325,75,46
Completed,0.32,120,3076,2378,888,143,122
Completed,0.34,171,1516,3020,318,178,152
Completed,0.45,38,1566,193,812,236,121
Completed,0.32,88,989,1621,499,43,41
Completed,0.38,64,3767,784,682,220,71
Completed,0.32,124,3172,2251,120,59,26
Completed,0.57,302,2305,4003,444,240,1
Completed,0.32,118,4099,2136,795,101,54
Completed,0.32,75,546,1286,231,232,201
Completed,0.32,68,3505,1064,483,185,99
Completed,0.39,58,1157,661,842,136,11
Completed,0.32,100,2884,1689,591,215,159
Completed,0.32,120,3561,1889,834,149,34
Completed,0.32,134,1214,2326,474,159,76
Completed,0.33,230,2944,4753,772,181,30
Completed,0.32,155,1214,2598,517,228,179
Completed,0.32,135,66,2339,966,199,142
Completed,0.34,175,4767,3291,460,97,75
Completed,0.32,12,3355,2,714,153,57
Completed,0.39,92,1273,1496,667,118,5
Completed,0.33,40,695,464,106,170,85
Completed,0.32,197,2430,3748,851,83,35
Completed,0.53,87,4229,596,390,195,21
Completed,0.32,264,4473,4633,67,224,51
Completed,0.32,74,756,1278,707,132,17
Completed,0.32,66,2777,1071,959,211,182
Completed,0.33,84,4324,1419,805,232,82
Completed,0.34,225,4378,3671,746,203,114
Completed,0.34,109,1662,1856,384,214,59
Completed,0.32,180,2041,3366,75,244,27
Completed,0.4,203,4855,2765,451,228,40
Completed,0.34,122,1517,2059,673,248,95
Completed,0.4,163,2719,2889,649,177,6
Completed,0.32,35,603,450,581,195,136
Completed,0.32,74,4420,1293,191,71,52
Completed,0.33,203,4361,3465,265,100,19
Completed,0.32,37,2519,490,503,154,101
Completed,0.32,113,4131,2020,720,164,138
Completed,0.56,61,4753,145,336,190,73
Completed,0.32,104,2852,1803,898,29,24
Completed,0.32,44,127,653,351,220,210
Completed,0.32,107,2242,1952,319,86,7
Completed,0.32,246,2616,3675,828,249,215
Completed,0.32,235,888,3976,573,172,113
Completed,0.32,66,314,1110,881,138,83
Completed,0.32,184,269,3351,501,196,177
Completed,0.34,61,2976,927,304,183,59
Completed,0.32,91,2072,1672,612,112,89
Completed,0.38,36,169,287,176,168,9
Completed,0.32,119,3130,2364,427,245,157
Completed,0.32,33,3056,446,846,102,78
Completed,0.32,219,2093,3928,357,202,144
Completed,0.32,277,4920,4548,232,219,158
Completed,0.34,236,1627,3115,480,140,10
Completed,0.33,214,3626,4141,402,97,52
Completed,0.38,138,4501,2414,647,152,64
Completed,0.32,134,4279,2674,839,181,100
Completed,0.32,42,2595,639,86,65,19
Completed,0.44,149,577,2234,863,237,4
Completed,0.32,111,2927,1992,441,196,106
Completed,0.28,163,1182,2789,967,42,12
Completed,0.32,31,1730,422,361,165,106
Completed,0.32,195,143,3711,622,93,31
Completed,0.32,93,1137,1538,923,124,57
Completed,0.32,203,1100,3583,386,241,118
Completed,0.32,45,741,708,988,174,149
Completed,0.32,97,2764,1634,740,220,48
Completed,0.32,109,2317,1765,768,137,112
Completed,0.32,53,4337,898,524,215,214
Completed,0.32,93,4976,1523,409,185,30
Completed,0.32,121,4248,2209,349,49,39
Completed,0.34,60,3668,826,910,230,116
Completed,0.38,229,292,4040,219,250,60
Completed,0.39,253,3088,4670,338,234,15
Completed,0.32,115,234,2110,394,153,127
Completed,0.32,86,1437,1580,224,34,21
Completed,0.32,136,2350,2297,694,189,169
Completed,0.33,283,4643,4717,513,175,35
Completed,0.32,152,1352,2634,761,222,137
Completed,0.44,52,4799,475,218,115,25
Completed,0.32,63,1243,1031,778,250,223
Completed,0.32,278,3922,4591,268,86,62
Completed,0.32,76,2950,1317,529,171,74
Completed,0.33,67,3917,1023,243,179,87
Completed,0.32,89,4545,1648,815,205,156
Completed,0.28,162,623,2727,325,120,65
Completed,0.32,238,2632,4247,610,197,81
Completed,0.32,134,2271,2438,202,223,84
Completed,0.32,49,449,780,515,58,8
Completed,0.32,149,4924,2098,624,210,57
Completed,0.33,84,2128,1459,995,192,9
Completed,0.34,101,4468,1818,323,237,101
Completed,0.39,197,4253,3404,132,205,65
Completed,0.53,237,668,3273,347,183,4
Completed,0.32,91,612,1656,171,150,36
Completed,0.33,50,3590,691,419,198,138
Completed,0.32,68,3159,1148,825,161,15
Completed,0.32,129,1472,2311,809,72,50
Completed,0.32,54,820,887,497,144,95
Completed,0.32,96,2395,1622,276,167,137
Completed,0.32,187,2015,3756,848,232,105
Completed,0.32,64,1979,1124,340,100,42
Completed,0.33,150,1143,2851,585,154,94
Completed,0.32,105,157,1927,902,188,118
Completed,0.32,32,3426,411,654,233,204
Completed,0.34,153,3493,2624,226,168,47
Completed,0.32,56,4631,902,980,82,68
Completed,0.28,244,514,4726,471,246,150
Completed,0.55,70,1309,106,400,229,17
Completed,0.32,122,3005,2122,948,224,146
Completed,0.32,179,2160,3505,439,76,71
Completed,0.32,103,3810,1913,387,124,91
Completed,0.32,86,179,1512,576,240,163
Completed,0.33,108,3890,1727,969,159,40
Completed,0.34,185,4890,3342,520,128,16
Completed,0.32,97,1552,1563,360,146,70
Completed,0.32,33,895,408,922,78,21
Completed,0.32,224,2228,3686,161,180,95
Completed,0.34,227,2694,3545,321,217,34
Completed,0.32,58,547,969,389,172,170
Completed,0.54,137,3528,1372,138,249,6
Completed,0.32,164,34,3181,993,230,76
Completed,0.32,92,1188,1594,559,197,104
Completed,0.32,195,2918,3646,37,39,10
Completed,0.39,45,3959,367,790,219,125
Completed,0.32,259,4002,4116,819,137,74
Completed,0.32,146,2875,2400,73,113,63
Completed,0.32,138,2838,2561,611,245,124
Completed,0.32,124,3364,2194,935,213,88
Completed,0.33,117,711,2031,264,234,54
Completed,0.56,247,2506,3874,974,122,2
Completed,0.32,129,4367,2154,228,131,114
Completed,0.32,60,3697,1038,540,94,38
Completed,0.34,135,1716,2376,587,176,28
Completed,0.32,45,1044,679,150,104,73
Completed,0.32,151,2083,2712,896,142,60
Completed,0.33,64,2183,938,713,238,126
Completed,0.39,336,3281,4897,788,235,58
Completed,0.32,160,302,2756,533,158,145
Completed,0.54,58,3019,195,730,207,28
Completed,0.32,106,3182,1867,606,145,133
Completed,0.32,113,4387,1967,780,47,19
Completed,0.32,82,4089,1289,313,204,167
Completed,0.33,237,1342,3850,491,186,37
Completed,0.32,99,1739,1687,891,245,193
Completed,0.33,177,3405,2688,382,81,25
Completed,0.32,47,4719,664,635,166,108
Completed,0.32,100,1804,1797,127,185,81
Completed,0.33,222,1898,3295,326,157,115
Completed,0.32,96,75,1780,453,98,13
Completed,0.32,103,1283,1880,181,218,150
Completed,0.33,265,4147,4470,113,169,22
Completed,0.32,167,2439,2880,365,248,187
Completed,0.32,85,2196,1357,652,64,34
Completed,0.32,75,4330,1240,145,44,30
Completed,0.39,136,200,2515,298,224,5
Completed,0.33,132,1081,2265,223,195,35
Completed,0.46,25,3122,85,475,148,137
Completed,0.34,272,983,4197,422,161,157
Completed,0.32,41,1511,600,272,59,45
Completed,0.32,190,364,3572,525,192,87
Completed,0.32,81,936,1359,958,220,125
Completed,0.32,70,2434,1172,804,215,147
Completed,0.32,85,4142,1492,548,136,60
Completed,0.34,258,4560,3732,997,167,26
Completed,0.32,130,2501,2166,414,90,42
Completed,0.32,92,3473,1477,880,184,143
Completed,0.34,262,3369,4236,500,250,112
Completed,0.32,143,4039,2578,812,38,32
Completed,0.32,253,2880,4109,512,83,21
Completed,0.32,138,3997,2388,259,170,96
Completed,0.39,158,4724,2685,200,140,70
Completed,0.33,45,3400,647,946,118,51
Completed,0.32,37,4618,513,674,199,163
Completed,0.32,215,890,3679,483,103,61
Completed,0.32,89,332,1546,34,75,25
Completed,0.32,161,4526,2829,543,223,192
Completed,0.32,130,1612,2271,337,241,138
Completed,0.56,323,3895,4704,405,130,4
Completed,0.32,95,2983,1734,643,123,116
Completed,0.34,46,2088,672,461,179,24
Completed,0.32,93,3799,1680,204,227,187
Completed,0.32,123,163,2373,773,107,69
Completed,0.32,83,1449,1297,595,206,204
Completed,0.34,179,3702,3078,105,119,13
Completed,0.32,71,4428,1055,851,127,118
Completed,0.32,93,2582,1707,988,132,93
Completed,0.34,105,2496,1849,523,231,29
Completed,0.32,52,4207,802,767,186,176
Completed,0.32,80,4836,1427,164,214,113
Completed,0.33,284,1183,4866,120,233,64
Completed,0.34,194,1841,3169,682,52,19
Completed,0.32,126,650,2077,504,167,158
Completed,0.33,32,2233,396,721,143,74
Completed,0.32,121,407,2318,615,149,107
Completed,0.34,19,3678,20,864,195,194
Completed,0.33,170,3164,2858,261,129,37
Completed,0.32,70,4965,1136,506,122,79
Completed,0.32,36,1018,442,442,235,167
Completed,0.53,172,3058,1895,194,159,3
Completed,0.32,39,2165,545,878,105,98
Completed,0.32,224,3000,3832,385,190,187
Completed,0.34,173,3620,3207,562,162,119
Completed,0.53,59,4504,240,301,92,12
Completed,0.32,103,509,1746,909,217,176
Completed,0.32,138,4636,2631,416,116,108
Completed,0.34,60,3489,914,661,138,27
Completed,0.32,108,1728,1920,708,95,39
Completed,0.32,234,152,3949,463,151,82
Completed,0.32,86,2859,1539,270,230,215
Completed,0.52,176,1974,2833,775,67,2
Completed,0.32,117,2020,2047,284,200,63
Completed,0.32,62,115,1015,971,19,18
Completed,0.44,166,4107,2738,592,218,9
Completed,0.32,56,2313,890,178,77,62
Completed,0.32,131,2714,2356,537,201,126
Completed,0.55,56,4249,133,695,242,105
Completed,0.57,141,1599,341,118,190,6
Completed,0.44,71,1436,763,814,226,88
Completed,0.28,143,856,2426,377,60,12
Completed,0.33,247,2811,4328,853,172,59
Completed,0.32,132,4066,2303,99,85,72
Completed,0.32,144,3663,2553,472,200,93
Completed,0.32,58,4459,837,733,54,43
Completed,0.32,139,2444,2348,448,131,58
Completed,0.32,268,681,4070,694,123,77
Completed,0.32,209,3332,3907,116,74,33
Completed,0.32,143,4791,2180,870,176,83
Completed,0.34,186,3911,3064,678,142,113
Completed,0.32,65,2968,1030,433,104,7
Completed,0.32,77,3917,1319,833,112,22
Completed,0.33,238,4804,3453,656,82,50
Completed,0.4,49,3325,482,395,169,71
Completed,0.32,144,3585,2733,979,234,164
Completed,0.32,66,4007,1132,994,239,203
Completed,0.33,33,138,420,62,119,53
Completed,0.32,57,1357,905,322,194,158
Completed,0.39,194,4074,3335,379,180,47
Completed,0.32,22,2280,217,855,37,24
Completed,0.33,90,430,1568,418,249,73
Completed,0.32,57,1071,943,529,151,139
Completed,0.32,82,3093,1399,777,196,37
Completed,0.33,114,287,2000,655,213,22
Completed,0.33,232,4971,4483,973,152,54
Completed,0.32,88,3151,1506,235,98,67
Completed,0.32,183,1682,2869,725,199,155
Completed,0.32,145,4438,2309,401,218,210
Completed,0.32,105,803,1772,594,85,44
Completed,0.38,267,2759,4904,180,195,27
Completed,0.53,55,3443,164,372,224,60
Completed,0.32,88,1771,1345,263,10,2
Completed,0.32,181,2029,3586,196,43,38
Completed,0.32,99,1987,1531,749,160,102
Completed,0.32,71,3300,1216,575,191,94
Completed,0.4,66,640,813,248,240,16
Completed,0.32,167,3631,2412,962,68,31
Completed,0.32,216,1538,3218,457,232,191
Completed,0.32,67,1622,1094,915,165,34
Completed,0.32,72,4915,1257,671,244,136
Completed,0.32,119,971,2126,353,113,111
Completed,0.33,230,3885,3499,847,214,169
Completed,0.32,106,2098,1906,791,228,181
Completed,0.33,48,3067,680,558,250,169
Completed,0.32,153,2971,2655,868,154,17
Completed,0.32,59,3904,929,122,101,100
Completed,0.39,21,274,60,936,234,156
Completed,0.32,229,4896,4312,431,70,65
Completed,0.32,130,3231,2279,684,188,55
Completed,0.32,65,1553,1098,699,83,11
Completed,0.32,156,319,2818,446,167,125
Completed,0.32,39,2467,574,229,175,174
Completed,0.32,131,1847,2449,844,209,115
Completed,0.33,234,25,4161,83,45,1
Completed,0.34,102,4033,1810,712,193,69
Completed,0.39,183,4748,3437,771,226,95
Completed,0.34,87,1371,1465,103,237,41
Completed,0.32,69,4663,1185,359,161,127
Completed,0.32,37,4365,507,826,66,56
Completed,0.32,75,3707,1305,388,149,105
Completed,0.32,26,1703,280,498,114,85
Completed,0.32,173,174,3246,735,139,36
Completed,0.45,288,3862,4186,565,233,36
Completed,0.32,165,2133,3163,818,185,138
Completed,0.46,51,4383,379,182,229,94
Completed,0.32,87,2555,1412,619,52,14
Completed,0.32,75,2369,1281,905,89,78
Completed,0.32,47,539,521,343,129,29
Completed,0.32,110,4716,1684,296,110,33
Completed,0.32,134,1158,2396,731,224,213
Completed,0.32,54,62,875,605,162,65
Completed,0.32,105,3355,1786,857,240,228
Completed,0.38,267,3556,3910,273,174,10
Completed,0.32,91,702,1500,466,192,132
Completed,0.32,68,2724,1161,214,144,46
Completed,0.32,61,2200,989,312,243,107
Completed,0.59,368,3421,3522,396,234,4
Completed,0.48,157,1440,2150,508,193,6
Completed,0.31,334,3505,3836,179,40,2
Completed,0.57,177,4723,1221,997,128,4
Completed,0.6,492,4831,3991,583,250,6
Completed,0.31,216,2829,3387,125,126,8
Completed,0.49,182,4110,1708,805,213,7
Completed,0.43,94,1159,852,830,103,6
Completed,0.31,169,2562,2422,668,36,4
Completed,0.6,587,4468,525,128,160,1
Completed,0.31,180,594,3451,551,65,8
Completed,0.6,488,5000,4610,608,152,2
Completed,0.31,85,1,1418,2,162,2
Completed,0.58,496,5000,4381,1000,176,3
Completed,0.62,371,5000,1857,1000,192,2
Completed,0.6,520,5000,5000,2,137,2
Completed,0.6,559,5000,3912,1000,178,2
Completed,0.59,136,4978,1,2,250,2
Completed,0.43,29,5000,1,1000,83,6
Completed,0.59,730,5000,4787,2,189,2
Completed,0.57,333,5000,5000,1000,117,3
Completed,0.34,146,265,1997,227,30,2
Completed,0.32,72,3555,1062,280,88,10
Completed,0.56,354,1546,3050,921,184,4
Completed,0.46,42,2072,139,701,155,5
Completed,0.44,355,796,4942,381,59,1
Completed,0.53,229,3781,2538,472,132,3
Completed,0.35,263,2383,4093,26,190,10
Completed,0.35,97,1812,1459,371,227,9
Completed,0.32,286,3245,4390,946,7,4
Completed,0.51,112,348,431,445,210,3
Completed,0.33,218,4592,3682,866,56,10
Completed,0.3,82,1,1063,1000,170,2
Completed,0.32,364,1,5000,1000,152,1
Completed,0.32,46,1,562,2,142,2
Completed,0.33,134,1,1706,1000,165,2
Completed,0.32,187,217,2892,329,99,9
Completed,0.39,314,2120,4789,850,223,8
Failed,,,4872,1,2,79,5
Failed,,,5000,1392,2,171,3
Failed,,,1745,3669,664,103,188
Failed,,,3510,4831,711,130,248
Failed,,,4620,1860,465,124,134
Failed,,,531,2519,955,209,84
Failed,,,749,2261,530,241,112
Failed,,,2790,81,777,164,214
Failed,,,2375,4294,268,16,8
Failed,,,2288,271,750,201,149
Failed,,,2549,4104,241,100,69
Failed,,,4331,2392,994,153,48
Failed,,,839,3238,488,53,232
Failed,,,4391,2681,553,188,24
Failed,,,3732,651,307,70,97
Failed,,,1414,4973,801,234,187
Failed,,,4236,1,2,57,3
Failed,,,864,1,2,2,5
Failed,,,4393,1,1000,2,7
Failed,,,2437,3221,767,5,10
Failed,,,111,1838,110,2,8
Failed,,,1228,4871,931,6,8
Failed,,,3914,2276,869,4,9
Failed,,,4356,2873,405,10,10
Failed,,,935,3876,718,2,2
Failed,,,1696,1183,409,5,5
Failed,,,2696,806,954,7,10
Failed,,,3466,2784,8,3,6
Failed,,,2860,4554,691,6,6
Failed,,,3303,1532,272,2,10
Failed,,,198,3863,569,83,42
Failed,,,1082,1074,885,110,13
Failed,,,4302,1,2,52,4
Failed,,,4297,1,2,58,3
Failed,,,4256,1,2,48,4
Failed,,,1005,1,2,51,3
Failed,,,4238,1,2,59,3
Failed,,,4161,1,2,48,4
Failed,,,4293,1,2,62,3
Failed,,,4281,1,2,58,3
Failed,,,4279,1,2,58,3
Failed,,,4246,1,2,46,4
Failed,,,4201,1,2,49,4
Failed,,,1017,1,2,49,3
Failed,,,4224,1,2,47,4
Failed,,,1038,1,2,48,3
Failed,,,1327,5000,2,224,4
Failed,,,1163,1,2,250,3
Failed,,,1068,1,2,250,3
Failed,,,1017,1,2,2,6
Failed,,,4308,1,2,52,4
Failed,,,4344,1,2,60,3
Failed,,,1149,1,2,250,3
Failed,,,4369,1,2,48,4
Failed,,,1370,1,2,222,4
Failed,,,4524,1,516,2,6
Failed,,,1025,1,2,53,3
Failed,,,1019,1,2,51,3
Failed,,,4254,1,2,52,4
Failed,,,4339,1,1000,2,7
Failed,,,4260,1,2,55,3
Failed,,,4241,1,2,51,4
Failed,,,4659,1,1000,2,7
Failed,,,4289,1,2,60,3
Failed,,,4519,1,2,2,6
Failed,,,4169,1,2,53,4
Failed,,,4511,1380,2,250,6
Failed,,,983,1,2,50,3
Failed,,,4363,1,2,47,4
Failed,,,4446,1,2,62,3
Failed,,,5000,1,2,222,4
Failed,,,4361,1,2,2,6
Failed,,,4278,1,2,2,6
Failed,,,1023,1,2,48,3
Failed,,,4344,1,2,49,4
Failed,,,4437,1,2,2,6
Failed,,,4231,1,2,48,4
Failed,,,4277,1,1000,2,6
Failed,,,4396,1,2,2,6
Failed,,,4791,1,2,250,4
Failed,,,1014,1,2,51,3
Failed,,,4423,1,2,46,4
Failed,,,4249,1,2,57,3
Failed,,,1230,1,2,155,4
Failed,,,1004,1,2,50,3
Failed,,,1493,1,2,250,4
Failed,,,4237,1,2,47,4
Failed,,,986,1,2,51,3
Failed,,,4644,1,2,250,4
Failed,,,4297,1,2,47,4
Failed,,,4376,1,2,48,4
Failed,,,4404,1,2,56,4
Failed,,,4356,1,2,61,3
Failed,,,4503,1,2,2,6
Failed,,,4267,1,2,57,3
Failed,,,1064,1,2,2,6
Failed,,,4334,1,2,50,4
Failed,,,1217,1,2,150,4
Failed,,,4262,1,2,58,3
Failed,,,4322,1,2,41,4
Failed,,,919,1,2,2,6
Failed,,,4207,1,2,51,4
Failed,,,4779,1,2,250,4
Failed,,,4273,1,2,56,3
Failed,,,4409,1,2,59,3
Failed,,,4333,1,2,46,4
Failed,,,1004,1,2,51,3
Failed,,,4293,1,2,61,3
Failed,,,4261,1,2,52,4
Failed,,,985,1,2,50,3
Failed,,,4296,1,2,60,3
Failed,,,4239,1,2,45,4
Failed,,,5000,1,2,232,4
Failed,,,4203,1,2,62,3
Failed,,,4340,1,1000,2,6
Failed,,,4875,1,2,230,4
Failed,,,1012,1,2,50,3
Failed,,,4237,1,2,2,6
Failed,,,4237,1,2,60,3
Failed,,,4177,1,2,57,3
Failed,,,1010,1,2,51,3
Failed,,,1766,1,2,230,4
Failed,,,4168,1,2,250,4
Failed,,,4254,1,2,48,4
Failed,,,1011,1,2,51,3
Failed,,,4268,1,2,60,3
Failed,,,1383,1,2,245,4
Failed,,,4268,1,2,58,3
Failed,,,4222,1,982,2,6
Failed,,,4480,1,2,2,6
Failed,,,4277,1,2,51,4
Failed,,,1005,1,2,49,3
Failed,,,4738,1,2,231,4
Failed,,,1603,1,2,235,4
Failed,,,4409,1,2,58,4
Failed,,,1017,1,2,52,3
Failed,,,5000,1,2,203,4
Failed,,,4280,1,2,61,3
Failed,,,4622,1,1000,2,7
Failed,,,4386,1,2,59,3
Failed,,,1295,1,2,153,4
Failed,,,4602,1,2,232,4
Failed,,,4475,1,1000,2,6
Failed,,,4372,1,2,2,6
Failed,,,4315,1,949,2,6
Failed,,,4326,1,2,2,6
Failed,,,1066,1,2,250,3
Failed,,,4412,1,2,2,6
Failed,,,4444,1,2,2,6
Failed,,,1114,1,2,250,3
Failed,,,4232,1,2,50,4
Failed,,,1093,1,2,250,3
Failed,,,1884,1,2,238,4
Failed,,,4189,1,2,45,4
Failed,,,1001,1,2,50,3
Failed,,,973,1,2,35,4
Failed,,,4296,1,2,2,6
Failed,,,1011,1,2,50,3
Failed,,,1390,1,2,182,4
Failed,,,4273,1,2,54,4
Failed,,,4240,1,2,61,3
Failed,,,1479,1,2,233,4
Failed,,,4235,1,2,60,3
Failed,,,4797,1,2,226,4
Failed,,,4279,1,2,45,4
Failed,,,4247,1,2,60,3
Failed,,,4289,1,2,58,3
Failed,,,4337,1,2,43,4
Failed,,,1320,1,2,229,4
Failed,,,1153,1,2,166,4
Failed,,,4167,1,2,2,6
Failed,,,5000,5,2,250,4
Failed,,,1001,1,2,49,3
Failed,,,4216,1,813,2,6
Failed,,,4097,1,2,2,6
Failed,,,4328,1,2,48,4
Failed,,,4323,1,2,250,4
Failed,,,977,1,2,2,6
Failed,,,992,1,2,51,3
Failed,,,4025,228,2,149,3
Failed,,,4416,1,1000,2,7
Failed,,,1544,1,2,229,4
Failed,,,1158,1,2,250,3
Failed,,,4339,1,2,51,4
Failed,,,1273,1,2,238,4
Failed,,,4225,1,2,59,3
Failed,,,4205,1,2,53,4
Failed,,,999,1,2,49,3
Failed,,,4335,1,2,50,4
Failed,,,4176,1,2,62,3
Failed,,,4105,1,2,2,6
Failed,,,4244,1,2,51,4
Failed,,,4162,1,2,46,4
Failed,,,4314,1,2,2,6
Failed,,,4200,1,2,46,4
Failed,,,5000,1,2,233,4
Failed,,,4250,1,2,45,4
Failed,,,975,1,2,250,3
Failed,,,4421,1,2,51,4
Failed,,,995,1,2,2,6
Failed,,,4099,1,2,44,4
Failed,,,4464,1,2,51,4
Failed,,,931,1,2,2,5
Failed,,,4420,1,2,2,6
Failed,,,4277,1,2,49,4
Failed,,,4496,1,1000,2,7
Failed,,,4141,1,2,2,6
Failed,,,4330,1,2,45,4
Failed,,,1008,1,2,51,3
Failed,,,4390,1,1000,2,7
Failed,,,4271,1,2,55,4
Failed,,,4374,1,2,2,6
Failed,,,5000,617,2,239,5
Failed,,,1406,1,2,228,4
Failed,,,985,1,2,2,5
Failed,,,935,1,2,2,5
Failed,,,4327,1,2,45,4
Failed,,,1003,1,2,51,3
Failed,,,930,1,2,2,5
Failed,,,4446,1,2,2,6
Failed,,,4458,1,2,2,6
Failed,,,4500,1,1000,2,6
Failed,,,4278,1,2,44,4
Failed,,,1019,1,2,49,3
Failed,,,4253,1,2,55,4
Failed,,,4336,1,2,47,4
Failed,,,1006,1,2,250,3
Failed,,,5000,1,2,228,4
Failed,,,1002,1,2,51,3
Failed,,,4415,1,2,51,4
Failed,,,4352,1,2,2,6
Failed,,,4258,1,2,44,4
Failed,,,4229,1,2,2,6
Failed,,,1020,1,2,49,3
Failed,,,4326,1,2,41,4
Failed,,,4391,1,2,50,4
Failed,,,1003,1,2,50,3
Failed,,,4285,1,2,59,3
Failed,,,4387,1,2,56,4
Failed,,,4138,1,2,47,4
Failed,,,4574,1,1000,2,7
Failed,,,4531,1,1000,2,6
Failed,,,992,1,2,49,3
Failed,,,1007,1,2,49,3
Failed,,,1011,1,2,49,3
Failed,,,4294,1,2,47,4
Failed,,,1466,1,2,218,4
Failed,,,4193,1,2,43,4
Failed,,,4158,1,2,2,6
Failed,,,4169,1,2,48,4
Failed,,,4196,1,2,52,4
Failed,,,1009,1,2,50,3
Failed,,,4266,1,2,51,4
Failed,,,1031,1,2,250,3
Failed,,,4295,1,2,53,4
Failed,,,4353,1,2,2,6
Failed,,,4956,1,2,250,4
Failed,,,4260,1,2,56,3
Failed,,,998,1,2,50,3
Failed,,,4478,1,2,2,6
Failed,,,4530,1,2,2,6
Failed,,,997,1,2,3,5
Failed,,,4866,1,2,222,4
Failed,,,4313,1,2,49,4
Failed,,,4307,1,2,49,4
Failed,,,1002,1,2,49,3
Failed,,,4293,1,2,57,3
Failed,,,4226,1,2,2,6
Failed,,,4202,1,2,56,3
Failed,,,4319,1,2,49,4
Failed,,,948,1,2,8,5
Failed,,,4404,1,2,58,3
Failed,,,4241,1,2,54,4
Failed,,,4433,1,2,26,5
Failed,,,1007,1,2,51,3
Failed,,,5000,1,2,247,4
Failed,,,4335,1,2,59,3
Failed,,,4404,1,2,17,5
Failed,,,4358,1,2,49,4
Failed,,,4107,1,2,2,6
Failed,,,4185,1,2,10,5
Failed,,,4294,1,2,54,4
Failed,,,4350,1,1000,2,7
Failed,,,1018,1,2,51,3
Failed,,,993,1,2,2,5
Failed,,,1040,1,2,52,3
Failed,,,1090,1,2,2,6
Failed,,,4248,1,2,59,3
Failed,,,4369,1,2,2,6
Failed,,,4338,1,2,2,6
Failed,,,4351,1,2,47,4
Failed,,,4984,1,2,217,4
Failed,,,4332,1,2,58,3
Failed,,,4535,1,915,2,7
Failed,,,4251,1,2,48,4
Failed,,,4331,1,2,54,4
Failed,,,1291,1,2,250,3
Failed,,,4456,1,1000,2,6
Failed,,,4301,1,2,50,4
Failed,,,1435,1,2,228,4
Failed,,,4138,1,2,58,3
Failed,,,4283,1,2,44,4
Failed,,,4479,1,2,2,6
Failed,,,4390,1,2,2,6
Failed,,,1172,1,2,250,3
Failed,,,1028,1,2,48,3
Failed,,,4235,1,2,58,3
Failed,,,1456,1,2,229,4
Failed,,,1014,1,2,50,3
Failed,,,4287,1,2,59,3
Failed,,,1355,1,2,232,4
Failed,,,4300,1,2,51,4
Failed,,,1000,1,2,50,3
Failed,,,1025,1,2,51,3
Failed,,,4414,1,1000,2,7
Failed,,,4202,1,2,57,3
Failed,,,4363,1,2,2,6
Failed,,,4237,1,2,48,4
Failed,,,4372,1,2,60,3
Failed,,,4368,1,2,45,4
Failed,,,4194,1,2,50,4
Failed,,,1013,1,2,51,3
Failed,,,4260,1,2,2,6
Failed,,,1106,5000,1000,2,10
Failed,,,4352,1,2,48,4
Failed,,,4505,2863,2,250,4
Failed,,,4203,1,2,49,4
Failed,,,1022,1,2,48,3
Failed,,,4239,1,2,57,3
Failed,,,4325,1,2,2,6
Failed,,,2835,3442,932,43,3
Failed,,,4773,1337,445,229,3
Failed,,,4269,1,2,59,3
Failed,,,916,1,2,2,5
Failed,,,4130,1,2,2,6
Failed,,,4178,1,2,58,3
Failed,,,1119,1,2,243,3
Failed,,,1169,1,2,250,3
Failed,,,4277,1,2,47,4
Failed,,,4267,1,2,2,6
Failed,,,1258,1,2,239,3
Failed,,,5000,1,2,226,4
Failed,,,4177,1,2,48,4
Failed,,,4147,1,2,2,6
Failed,,,991,1,2,49,3
Failed,,,4236,1,866,2,6
Failed,,,1449,1,2,233,4
Failed,,,1467,498,2,237,4
Failed,,,1112,1,2,250,3
Failed,,,4310,1,2,48,4
Failed,,,4267,1,2,58,3
Failed,,,4534,1,1000,2,7
Failed,,,1016,1,2,50,3
Failed,,,4269,1,2,53,4
Failed,,,4217,1,2,59,3
Failed,,,1015,1,2,51,3
Failed,,,907,1,2,32,4
Failed,,,4117,1,2,2,6
Failed,,,4304,1,2,56,3
Failed,,,4240,1,2,47,4
Failed,,,4447,1,2,58,3
Failed,,,4258,1,2,55,3
Failed,,,4279,1,2,52,4
Failed,,,1017,1,2,51,3
Failed,,,1001,1,2,51,3
Failed,,,1067,1,2,52,3
Failed,,,4575,1,1000,2,7
Failed,,,4352,1,2,61,3
Failed,,,4218,1,2,53,4
Failed,,,4367,1,2,2,6
Failed,,,1030,1,2,48,3
Failed,,,1028,1,2,49,3
Failed,,,4179,1,2,57,3
Failed,,,1018,1,2,50,3
Failed,,,4303,1,2,60,3
Failed,,,5000,1,2,245,4
Failed,,,4177,1,2,61,3
Failed,,,4293,1,2,2,6
Failed,,,1022,1,2,50,3
Failed,,,4720,1,2,238,4
Failed,,,988,1,2,50,3
Failed,,,4366,1,2,58,3
Failed,,,1014,1,2,49,3
Failed,,,995,1,2,51,3
Failed,,,4422,1,2,2,6
Failed,,,4744,1,1000,2,7
Failed,,,2447,1,2,235,4
Failed,,,1073,1,2,49,3
Failed,,,4487,1,2,2,6
Failed,,,3843,1,2,126,4
Failed,,,4188,1,2,57,3
Failed,,,1055,1,2,53,3
Failed,,,2905,1,2,242,4
Failed,,,4247,1,2,47,4
Failed,,,1023,1,2,49,3
Failed,,,1633,1,2,250,4
Failed,,,4180,1,2,2,6
Failed,,,4429,1,2,2,6
Failed,,,1211,1,2,241,3
Failed,,,4250,1,2,2,6
Failed,,,2348,1,2,246,4
Failed,,,2290,1,2,241,4
Failed,,,4359,1,2,45,4
Failed,,,2325,1,2,248,4
Failed,,,4378,1,2,2,6
Failed,,,1201,1,2,236,3
Failed,,,2456,1,2,250,4
Failed,,,4085,1,2,61,3
Failed,,,1210,1,2,200,4
Failed,,,951,1,2,2,5
Failed,,,4169,1,2,63,3
Failed,,,3153,1,2,229,4
Failed,,,2681,1,2,240,4
Failed,,,3171,1,2,235,4
Failed,,,3107,1,2,229,4
Failed,,,4277,1,2,50,4
Failed,,,2189,1,2,250,4
Failed,,,4286,1,2,59,3
Failed,,,4258,1,2,2,6
Failed,,,4218,1,2,47,4
Failed,,,1912,1,2,240,4
Failed,,,2569,1,2,250,4
Failed,,,4369,1,1000,2,7
Failed,,,1916,1,2,236,4
Failed,,,1954,1,2,236,4
Failed,,,4215,1,2,48,4
Failed,,,4257,1,2,48,4
Failed,,,2286,1,2,234,4
Failed,,,2825,1,2,231,4
Failed,,,4218,1,2,60,3
Failed,,,4249,1,2,46,4
Failed,,,2653,1,2,245,4
Failed,,,1861,2357,2,246,3
Failed,,,2305,1,2,237,4
Failed,,,3930,1,2,147,3
Failed,,,2363,1,2,245,4
Failed,,,3894,1,2,155,3
Failed,,,2008,1,2,248,4
Failed,,,4461,1,2,2,6
Failed,,,2355,1,2,242,4
Failed,,,2689,1,2,243,4
Failed,,,2689,1,2,250,4
Failed,,,1018,1,2,52,3
Failed,,,2220,1,2,245,4
Failed,,,4546,1,1000,2,6
Failed,,,4156,1,2,2,6
Failed,,,4205,1,2,60,3
Failed,,,4168,1,2,48,4
Failed,,,2468,1,2,231,4
Failed,,,2359,1,2,236,4
Failed,,,4165,1,2,43,4
Failed,,,4153,1,2,2,6
Failed,,,2217,1,2,250,4
Failed,,,4183,1,2,58,3
Failed,,,4172,1,2,51,4
Failed,,,1021,1,2,50,3
Failed,,,917,1,2,2,5
Failed,,,2183,1,2,250,4
Failed,,,2300,1,2,250,4
Failed,,,2709,1,2,238,4
Failed,,,4183,1,2,47,4
Failed,,,2701,1,2,234,4
Failed,,,2490,1,2,231,4
Failed,,,4255,1,2,47,4
Failed,,,1216,1,2,173,4
Failed,,,1001,1,2,250,3
Failed,,,4167,1,2,51,4
Failed,,,3921,1,2,151,3
Failed,,,2467,1,2,250,4
Failed,,,4423,1,2,2,6
Failed,,,4257,1,2,47,4
Failed,,,2595,1,2,223,4
Failed,,,4375,1,2,2,6
Failed,,,1075,1,2,52,3
Failed,,,2452,1,2,250,4
Failed,,,1424,1,2,226,4
Failed,,,1267,1,2,250,3
Failed,,,2185,1,2,241,4
Failed,,,1920,1,2,242,4
Failed,,,1814,1,2,243,4
Failed,,,4138,1,2,56,3
Failed,,,4215,1,2,49,4
Failed,,,2289,1,2,250,4
Failed,,,4195,1,2,58,3
Failed,,,947,1,2,2,5
Failed,,,4298,1,2,2,6
Failed,,,2377,1,2,240,4
Failed,,,4189,1,2,59,3
Failed,,,4296,1,2,50,4
Failed,,,4337,1,2,2,6
Failed,,,1030,1,2,49,3
Failed,,,1433,1,2,250,3
Failed,,,3362,1,2,219,4
Failed,,,2166,1,2,236,4
Failed,,,4154,1,2,57,3
Failed,,,1015,1,2,50,3
Failed,,,2417,1,2,240,4
Failed,,,2370,1,2,245,4
Failed,,,3496,1,2,228,4
Failed,,,1080,1,2,49,3
Failed,,,4157,1,2,2,6
Failed,,,2326,1,2,245,4
Failed,,,4393,1,2,2,6
Failed,,,1991,1,2,250,4
Failed,,,4162,1,2,50,4
Failed,,,1024,1,2,52,3
Failed,,,4157,1,2,59,3
Failed,,,3014,1,2,232,4
Failed,,,1098,1,2,250,3
Failed,,,2686,1,2,250,4
Failed,,,4166,1,2,42,4
Failed,,,1974,1,2,229,4
Failed,,,1801,1,2,243,4
Failed,,,4058,1,2,60,3
Failed,,,4358,1,2,2,6
Failed,,,4151,1,2,46,4
Failed,,,4567,1,1000,2,7
Failed,,,2536,1,2,250,4
Failed,,,1021,1,2,51,3
Failed,,,4223,1,2,50,4
Failed,,,1021,1,2,49,3
Failed,,,2698,1,2,236,4
Failed,,,4084,1,2,59,3
Failed,,,2506,1,2,244,4
Failed,,,4144,1,2,56,3
Failed,,,938,1,2,2,5
Failed,,,4294,1,2,2,6
Failed,,,4193,1,2,2,6
Failed,,,1228,1,2,250,3
Failed,,,1020,1,2,51,3
Failed,,,4206,1,2,58,3
Failed,,,3075,1,2,228,4
Failed,,,2142,1,2,250,4
Failed,,,4117,1,2,59,3
Failed,,,1813,1,2,236,4
Failed,,,4231,1,2,24,5
Failed,,,2598,1,2,245,4
Failed,,,4114,1,2,2,6
Failed,,,2475,1,2,244,4
Failed,,,4332,1,2,45,4
Failed,,,1029,1,2,49,3
Failed,,,1806,1,2,240,4
Failed,,,4300,1,2,59,3
Failed,,,4332,1,756,2,6
Failed,,,2325,1,2,238,4
Failed,,,4372,1,1000,2,7
Failed,,,2007,1,2,246,4
Failed,,,4309,1,2,2,6
Failed,,,2368,1,2,241,4
Failed,,,3628,1,2,192,4
Failed,,,2675,1,2,250,4
Failed,,,1553,1,2,250,3
Failed,,,4185,1,2,61,3
Failed,,,2533,1,2,244,4
Failed,,,1027,1,2,52,3
Failed,,,4325,1,2,48,4
Failed,,,2622,1,2,250,4
Failed,,,1062,1,2,49,3
Failed,,,2573,1,2,234,5
Failed,,,4262,1,2,61,3
Failed,,,4425,1,2,2,6
Failed,,,4295,1,1000,2,6
Failed,,,4298,1,2,49,4
Failed,,,4184,1,2,60,3
Failed,,,4179,1,2,2,6
Failed,,,2267,1,2,250,4
Failed,,,2489,1,2,250,4
Failed,,,1840,1568,2,250,3
Failed,,,4131,1,2,60,3
Failed,,,4231,1,2,58,3
Failed,,,2614,1,2,233,4
Failed,,,1931,1,2,240,4
Failed,,,4263,1,2,43,4
Failed,,,1087,1,2,52,3
Failed,,,2290,1,2,250,4
Failed,,,4261,1,2,47,4
Failed,,,4221,1,2,48,4
Failed,,,2129,1,2,243,4
Failed,,,5000,771,2,250,4
Failed,,,2208,1,2,228,4
Failed,,,2060,1,2,250,4
Failed,,,2547,1,2,250,4
Failed,,,1296,1,2,250,3
Failed,,,4153,1,2,59,3
Failed,,,2806,1,2,250,4
Failed,,,1863,1,2,226,4
Failed,,,4079,1,2,57,3
Failed,,,2767,1,2,238,5
Failed,,,4389,1,1000,2,7
Failed,,,2681,1,2,236,4
Failed,,,4197,1,2,47,4
Failed,,,1860,1,2,250,4
Failed,,,4156,1,2,46,4
Failed,,,2269,1,2,226,4
Failed,,,1420,1,2,250,3
Failed,,,4166,1,2,58,3
Failed,,,4246,1,2,59,3
Failed,,,4484,1,1000,2,6
Failed,,,1202,1,2,250,3
Failed,,,916,1,2,35,4
Failed,,,4109,1,2,2,6
Failed,,,5000,1,2,244,4
Failed,,,4221,1,2,61,3
Failed,,,2590,1,2,247,4
Failed,,,4200,1,2,2,6
Failed,,,2169,1,2,250,4
Failed,,,4228,1,2,51,4
Failed,,,1321,1,2,170,4
Failed,,,2871,1,2,231,4
Failed,,,4154,1,2,48,4
Failed,,,2534,1,2,243,4
Failed,,,4214,1,2,60,3
Failed,,,2591,1,2,250,4
Failed,,,1213,1,2,250,3
Failed,,,2156,1,2,244,4
Failed,,,1960,1,2,240,4
Failed,,,4224,1,2,51,4
Failed,,,3323,1,2,225,4
Failed,,,4175,1,2,56,3
Failed,,,4368,1,2,2,6
Failed,,,2475,1,2,238,4
Failed,,,1506,1,2,224,4
Failed,,,4196,1,2,50,4
Failed,,,5000,375,2,250,5
Failed,,,2637,1,2,238,4
Failed,,,4254,1,2,2,6
Failed,,,2736,1,2,239,4
Failed,,,1063,1,2,250,3
Failed,,,4142,1,2,55,3
Failed,,,4182,1,2,60,3
Failed,,,2115,1,2,234,4
Failed,,,4171,1,2,2,6
Failed,,,2758,1,2,235,4
Failed,,,1053,1,2,52,3
Failed,,,1001,1,2,2,5
Failed,,,4133,1,2,46,4
Failed,,,2506,1,2,240,4
Failed,,,3118,1,2,232,4
Failed,,,4265,1,2,2,6
Failed,,,2152,1,2,250,4
Failed,,,1259,1,2,250,3
Failed,,,4262,1,2,60,3
Failed,,,4288,1,2,58,3
Failed,,,3112,1,2,227,4
Failed,,,1290,1,2,179,4
Failed,,,2479,1,2,250,4
Failed,,,4212,1,2,43,4
Failed,,,1432,1,2,230,4
Failed,,,2482,1,2,250,4
Failed,,,2772,1,2,222,4
Failed,,,2339,1,2,241,4
Failed,,,4203,1,2,47,4
Failed,,,2237,1,2,237,4
Failed,,,4554,1,2,2,6
Failed,,,4926,1,2,250,4
Failed,,,1797,1,2,241,4
Failed,,,2264,2092,2,243,3
Failed,,,4124,1,2,47,4
Failed,,,1012,1,2,51,3
Failed,,,4504,1,2,2,6
Failed,,,4095,1,2,58,3
Failed,,,1013,1,2,50,3
Failed,,,4325,1,2,41,4
Failed,,,2337,1,2,232,4
Failed,,,1075,1,2,49,3
Failed,,,2015,1,2,250,4
Failed,,,2432,1,2,250,4
Failed,,,2681,1,2,241,4
Failed,,,4147,1,2,59,3
Failed,,,2376,1,2,241,4
Failed,,,4329,1,2,59,3
Failed,,,4380,1,2,2,6
Failed,,,2721,1,2,240,4
Failed,,,4243,1,2,47,4
Failed,,,4210,1,2,59,3
Failed,,,4130,1,2,49,4
Failed,,,4299,1,386,2,6
Failed,,,2671,1,2,237,4
Failed,,,4146,1,2,60,3
Failed,,,1085,1,2,250,3
Failed,,,2243,1,2,239,4
Failed,,,4112,1,2,58,3
Failed,,,2710,1,2,234,4
Failed,,,2831,1,2,234,4
Failed,,,2150,1,2,244,4
Failed,,,4371,1,2,2,6
Failed,,,2613,1,2,240,4
Failed,,,4242,1,2,47,4
Failed,,,1878,1,2,240,4
Failed,,,4238,1,2,54,4
Failed,,,1824,1,2,250,4
Failed,,,2376,1,2,250,4
Failed,,,3109,1,2,216,5
Failed,,,2240,1,2,231,4
Failed,,,4184,1,2,55,3
Failed,,,4184,1,2,2,6
Failed,,,1760,1,2,250,4
Failed,,,4179,1,2,58,3
Failed,,,1009,1,2,51,3
Failed,,,3094,1,2,238,4
Failed,,,4271,1,2,47,4
Failed,,,1305,1,2,160,4
Failed,,,1494,1,2,244,4
Failed,,,4277,1,2,2,6
Failed,,,2247,1,2,250,4
Failed,,,2644,1,2,241,5
Failed,,,2141,1,2,235,4
Failed,,,4124,1,2,46,4
Failed,,,2566,1,2,244,4
Failed,,,2050,1,2,243,4
Failed,,,4238,1,2,60,3
Failed,,,1953,1,2,250,4
Failed,,,4271,1,2,57,3
Failed,,,1011,1,2,52,3
Failed,,,4245,1,2,61,3
Failed,,,4227,1,2,59,3
Failed,,,2386,1,2,242,4
Failed,,,4282,1,2,48,4
Failed,,,2270,1,2,235,4
Failed,,,4282,1,2,56,4
Failed,,,4208,1,2,59,3
Failed,,,4343,1,2,48,4
Failed,,,4170,1,2,62,3
Failed,,,1917,1,2,250,3
Failed,,,4213,1,2,48,4
Failed,,,2041,1,2,246,4
Failed,,,4192,1,2,63,3
Failed,,,1596,1,2,240,4
Failed,,,4280,1,2,48,4
Failed,,,2369,1,2,239,4
Failed,,,3164,1,2,228,4
Failed,,,4158,1,2,60,3
Failed,,,4085,1,2,43,4
Failed,,,2551,1,2,245,4
Failed,,,4194,1,2,62,3
Failed,,,4472,1,2,2,6
Failed,,,2419,1,2,242,4
Failed,,,1920,1,2,243,4
Failed,,,2081,1,2,238,4
Failed,,,2822,1,2,250,4
Failed,,,2225,1,2,250,4
Failed,,,1082,1,2,250,3
Failed,,,4229,1,2,62,3
Failed,,,4210,1,2,57,3
Failed,,,1274,1,2,162,3
Failed,,,1248,1,2,166,3
Failed,,,2176,1,2,250,4
Failed,,,4182,1,2,59,3
Failed,,,4284,1,2,58,3
Failed,,,1743,1,2,250,4
Failed,,,4155,1,2,2,6
Failed,,,2771,1,2,248,4
Failed,,,1074,1,2,52,3
Failed,,,1166,1,2,165,3
Failed,,,4309,1,2,49,4
Failed,,,1193,1,2,164,3
Failed,,,1228,1,2,167,3
Failed,,,1221,1,2,159,3
Failed,,,1221,1,2,165,3
Failed,,,1285,1,2,250,3
Failed,,,4161,1,2,61,3
Failed,,,2650,1,2,231,4
Failed,,,1211,1,2,164,3
Failed,,,4409,1,2,2,6
Failed,,,1247,1,2,250,3
Failed,,,1273,1,2,161,3
Failed,,,1447,1,2,250,3
Failed,,,2472,1,2,241,4
Failed,,,1257,1,2,160,3
Failed,,,1006,1,2,51,3
Failed,,,2713,1,2,250,4
Failed,,,4320,1,2,60,3
Failed,,,1820,1,2,240,4
Failed,,,1234,1,2,174,3
Failed,,,4205,1,2,47,4
Failed,,,2629,1,2,250,4
Failed,,,1261,1,2,165,3
Failed,,,4226,1,2,60,3
Failed,,,3540,1,2,162,4
Failed,,,3144,1,2,238,4
Failed,,,4508,1,1000,2,6
Failed,,,4124,1,2,60,3
Failed,,,2105,1,2,230,4
Failed,,,1201,1,2,161,3
Failed,,,1192,1,2,161,3
Failed,,,4250,1,2,61,3
Failed,,,1753,1,2,236,4
Failed,,,2319,1,2,250,4
Failed,,,1892,1,2,250,4
Failed,,,1160,1,2,165,3
Failed,,,1279,1,2,161,3
Failed,,,1203,1,2,164,3
Failed,,,4241,1,2,46,4
Failed,,,3186,1,2,230,4
Failed,,,1232,1,2,250,3
Failed,,,1156,1,2,157,3
Failed,,,2312,1,2,236,4
Failed,,,2858,1,2,226,5
Failed,,,4260,1,2,51,4
Failed,,,1045,1,2,52,3
Failed,,,898,1,2,2,6
Failed,,,4289,1,2,48,4
Failed,,,1304,1,2,160,3
Failed,,,2026,1,2,250,4
Failed,,,4163,1,2,58,3
Failed,,,2899,1,2,232,4
Failed,,,4318,1,2,52,4
Failed,,,4215,1,2,62,3
Failed,,,4187,1,2,63,3
Failed,,,4270,1,2,49,4
Failed,,,2104,1,2,250,4
Failed,,,1035,1,2,49,3
Failed,,,1197,1,2,166,3
Failed,,,1192,1,2,156,3
Failed,,,2091,21,2,250,4
Failed,,,1219,1,2,166,3
Failed,,,4388,1,2,2,6
Failed,,,2402,1,2,250,4
Failed,,,4145,1,2,60,3
Failed,,,2088,1,2,240,4
Failed,,,1918,1,2,250,4
Failed,,,2813,1,2,229,4
Failed,,,1280,1,2,161,3
Failed,,,4181,1,2,57,3
Failed,,,1197,1,2,170,3
Failed,,,4344,1,2,59,3
Failed,,,4193,1,2,45,4
Failed,,,2118,1,2,250,4
Failed,,,2141,1720,2,250,3
Failed,,,2383,1,2,234,4
Failed,,,3079,1,2,227,4
Failed,,,4415,1,2,2,6
Failed,,,2249,1,2,236,4
Failed,,,1188,1,2,152,3
Failed,,,4155,1,2,48,4
Failed,,,4130,1,2,61,3
Failed,,,4132,1,2,57,3
Failed,,,1208,1,2,161,3
Failed,,,1963,1,2,238,4
Failed,,,1265,1,2,160,3
Failed,,,1206,1,2,156,3
Failed,,,4367,1,2,48,4
Failed,,,1738,1,2,237,4
Failed,,,4152,1,2,62,3
Failed,,,2815,1,2,230,4
Failed,,,4188,1,2,64,3
Failed,,,4204,1,2,2,6
Failed,,,1236,1,2,160,3
Failed,,,4256,1,2,58,4
Failed,,,1209,1,2,165,3
Failed,,,4557,1,1000,2,7
Failed,,,1277,1,2,250,3
Failed,,,4246,1,2,48,4
Failed,,,1688,1,2,230,4
Failed,,,4205,1,2,50,4
Failed,,,1030,1,2,52,3
Failed,,,4199,1,2,112,4
Failed,,,4329,1,2,2,6
Failed,,,1224,1,2,166,3
Failed,,,1264,1,2,162,3
Failed,,,4184,1,2,43,4
Failed,,,1204,1,2,169,3
Failed,,,2723,1,2,248,4
Failed,,,4266,1,2,88,4
Failed,,,4184,1,2,61,3
Failed,,,4250,1,2,52,4
Failed,,,2729,1,2,250,4
Failed,,,4294,1,2,66,3
Failed,,,2301,1,2,236,4
Failed,,,1016,1,2,51,3
Failed,,,4121,1,2,60,3
Failed,,,1300,1,2,160,3
Failed,,,2958,1,2,247,4
Failed,,,4277,1,2,59,3
Failed,,,1251,1,2,161,3
Failed,,,4591,1,2,102,4
Failed,,,4220,1,2,61,3
Failed,,,989,1,2,2,6
Failed,,,2087,1,2,241,4
Failed,,,4292,1,2,56,3
Failed,,,4167,1,2,60,3
Failed,,,4242,1,2,58,3
Failed,,,4222,1,2,59,3
Failed,,,1232,1,2,161,3
Failed,,,2278,1,2,241,4
Failed,,,4421,1,2,53,4
Failed,,,2689,1,2,247,4
Failed,,,2706,1,2,250,4
Failed,,,1226,1,2,169,3
Failed,,,4288,1,2,46,4
Failed,,,1005,1,2,250,3
Failed,,,4161,1,2,49,4
Failed,,,1239,1,2,162,3
Failed,,,2795,1,2,250,4
Failed,,,1270,1,2,167,3
Failed,,,3183,1,2,247,4
Failed,,,4212,1,2,47,4
Failed,,,1047,1,2,250,3
Failed,,,1204,1,2,157,3
Failed,,,4232,1,2,56,3
Failed,,,4219,1,2,62,3
Failed,,,4262,1,2,46,4
Failed,,,1082,1,2,50,3
Failed,,,2249,1,2,241,4
Failed,,,1227,1,2,164,3
Failed,,,2676,1,2,250,4
Failed,,,4292,1,2,62,3
Failed,,,2418,1,2,250,4
Failed,,,1198,1,2,155,3
Failed,,,1233,1,2,162,3
Failed,,,2485,1,2,250,4
Failed,,,2418,1,2,237,4
Failed,,,4135,1,2,58,3
Failed,,,1158,1,2,164,3
Failed,,,2401,1,2,250,4
Failed,,,2105,1,2,250,4
Failed,,,4188,1,2,62,3
Failed,,,1294,1,2,250,3
Failed,,,1163,1,2,163,3
Failed,,,4211,1,2,58,3
Failed,,,1246,1,2,165,3
Failed,,,3122,1,2,242,4
Failed,,,1088,1,2,250,3
Failed,,,4417,1,2,2,6
Failed,,,4162,1,2,59,3
Failed,,,1221,1,2,243,3
Failed,,,4211,1,2,49,4
Failed,,,2064,1,2,240,4
Failed,,,4270,1,2,57,3
Failed,,,2653,1,2,250,4
Failed,,,1082,1,2,52,3
Failed,,,2061,1,2,250,4
Failed,,,4277,1,2,58,3
Failed,,,1210,1,2,163,3
Failed,,,1241,1,2,159,3
Failed,,,4190,1,2,53,4
Failed,,,2438,1,2,250,4
Failed,,,1124,1,2,161,3
Failed,,,4251,1,2,57,3
Failed,,,2484,1,2,233,4
Failed,,,4209,1,2,67,3
Failed,,,4207,1,2,41,4
Failed,,,1201,1,2,159,3
Failed,,,4231,1,2,46,4
Failed,,,4222,1,2,48,4
Failed,,,1202,1,2,243,3
Failed,,,1164,1,2,163,3
Failed,,,4093,1,2,58,3
Failed,,,4111,1,2,59,3
Failed,,,3631,1,2,158,4
Failed,,,4231,1,2,49,4
Failed,,,1142,1,2,160,3
Failed,,,1022,1,2,49,3
Failed,,,4155,1,2,59,3
Failed,,,4217,1,2,2,6
Failed,,,1245,1,2,162,3
Failed,,,4384,1,2,2,6
Failed,,,2413,1,2,250,4
Failed,,,1247,1,2,159,3
Failed,,,1245,1,2,163,3
Failed,,,2201,1,2,250,4
Failed,,,4253,1,2,60,3
Failed,,,2558,1,2,240,5
Failed,,,1092,1,2,51,3
Failed,,,4284,1,2,46,4
Failed,,,1222,1,2,250,3
Failed,,,1304,1,2,167,3
Failed,,,4283,1,2,2,6
Failed,,,2392,1,2,250,4
Failed,,,4260,1,2,60,3
Failed,,,1241,1,2,167,3
Failed,,,1796,1,2,230,4
Failed,,,4315,1,2,2,6
Failed,,,4128,1,2,56,3
Failed,,,4173,1,2,49,4
Failed,,,1271,1,2,165,3
Failed,,,1320,1,2,250,3
Failed,,,1281,1,2,160,3
Failed,,,4324,1,2,48,4
Failed,,,4291,1,2,2,6
Failed,,,1081,1,2,49,3
Failed,,,4217,1,2,60,3
Failed,,,4273,1,2,59,3
Failed,,,4301,1,2,2,6
Failed,,,4141,1,2,56,3
Failed,,,1275,1,2,165,3
Failed,,,4191,1,2,2,6
Failed,,,4225,1,2,61,3
Failed,,,2684,1,2,241,4
Failed,,,4248,1,2,57,3
Failed,,,4399,1,2,111,4
Failed,,,2935,1,2,250,4
Failed,,,4208,1,2,60,3
Failed,,,2035,1,2,245,4
Failed,,,4254,1,2,59,3
Failed,,,4204,1,2,59,3
Failed,,,4196,1,2,59,3
Failed,,,4200,1,2,58,3
Failed,,,4167,1,2,48,4
Failed,,,1248,1,2,167,3
Failed,,,2820,1,2,234,4
Failed,,,4131,1,2,58,3
Failed,,,4547,1,2,2,6
Failed,,,2117,1,2,250,4
Failed,,,2831,1,2,235,4
Failed,,,1273,1,2,170,3
Failed,,,2173,1,2,240,4
Failed,,,4104,1,2,59,3
Failed,,,2915,1,2,250,4
Failed,,,4177,1,2,2,6
Failed,,,4334,1,2,2,6
Failed,,,1253,1,2,156,3
Failed,,,4273,1,2,2,6
Failed,,,4261,1,2,60,3
Failed,,,2530,1,2,250,4
Failed,,,2313,1,2,250,4
Failed,,,4344,1,2,51,4
Failed,,,2788,1,2,246,4
Failed,,,4109,1,2,54,3
Failed,,,1228,1,2,160,3
Failed,,,4235,1,2,27,5
Failed,,,1127,1,2,250,3
Failed,,,2371,1,2,250,4
Failed,,,4181,1,2,2,6
Failed,,,1173,1,2,163,3
Failed,,,4233,1,2,53,4
Failed,,,1247,1,2,162,3
Failed,,,4210,1,2,60,3
Failed,,,1256,1,2,162,3
Failed,,,2011,1,2,234,4
Failed,,,4163,1,2,60,3
Failed,,,2302,1,2,235,4
Failed,,,4164,1,2,60,3
Failed,,,4474,1,2,2,6
Failed,,,4245,1,2,60,3
Failed,,,4164,1,2,2,6
Failed,,,1238,1,2,250,3
Failed,,,4313,1,2,2,6
Failed,,,2556,1,2,250,4
Failed,,,2512,1,2,233,4
Failed,,,2113,1,2,250,4
Failed,,,1240,1,2,155,3
Failed,,,2517,1,2,250,4
Failed,,,1064,1,2,48,3
Failed,,,4280,1,2,45,4
Failed,,,4142,1,2,61,3
Failed,,,1198,1,2,162,3
Failed,,,4268,1,2,61,3
Failed,,,1218,1,2,164,3
Failed,,,4179,1,2,49,4
Failed,,,4241,1,2,47,4
Failed,,,2736,1,2,250,4
Failed,,,4204,1,2,47,4
Failed,,,1259,1,2,160,3
Failed,,,4130,1,2,56,3
Failed,,,1213,1,2,161,3
Failed,,,1230,1,2,163,3
Failed,,,4386,1,2,2,6
Failed,,,4283,1,2,63,3
Failed,,,1885,1,2,231,4
Failed,,,4104,1,2,58,3
Failed,,,1249,1,2,161,3
Failed,,,1174,1,2,161,3
Failed,,,1193,1,2,158,3
Failed,,,1214,1,2,159,3
Failed,,,1669,1,2,231,4
Failed,,,4145,1,2,57,3
Failed,,,2140,1,2,250,4
Failed,,,1269,1,2,163,3
Failed,,,2235,1,2,245,4
Failed,,,4225,1,2,2,6
Failed,,,4430,1,2,56,3
Failed,,,2557,1,2,245,4
Failed,,,1207,1,2,163,3
Failed,,,1237,1,2,167,3
Failed,,,1176,1,2,165,3
Failed,,,4202,1,2,62,3
Failed,,,4142,1,2,60,3
Failed,,,2628,1,2,245,4
Failed,,,1212,1,2,244,3
Failed,,,2174,1,2,250,4
Failed,,,1779,1,2,231,4
Failed,,,1262,1,2,157,3
Failed,,,4156,1,2,62,3
Failed,,,1282,1,2,172,3
Failed,,,4140,1,2,48,4
Failed,,,1198,1,2,160,3
Failed,,,4194,1,2,58,3
Failed,,,1099,1,2,50,3
Failed,,,4222,1,2,46,4
Failed,,,4205,1,2,59,3
Failed,,,4803,1,2,57,3
Failed,,,1216,1,2,161,3
Failed,,,1246,1,2,162,3
Failed,,,2088,1,2,250,4
Failed,,,2538,1,2,250,4
Failed,,,2741,1,2,229,4
Failed,,,1251,1,2,158,3
Failed,,,4258,1,2,59,3
Failed,,,1187,1,2,160,3
Failed,,,2683,1,2,236,4
Failed,,,4362,1,2,48,4
Failed,,,1047,1,2,52,3
Failed,,,4251,1,2,59,3
Failed,,,1228,1,2,165,3
Failed,,,4125,1,2,47,4
Failed,,,4219,1,2,2,6
Failed,,,2242,1,2,250,4
Failed,,,4340,1,2,49,4
Failed,,,4250,1,2,60,3
Failed,,,2111,1,2,250,4
Failed,,,1248,1,2,157,3
Failed,,,1254,1,2,168,3
Failed,,,4248,1,2,46,4
Failed,,,1216,1,2,164,3
Failed,,,4263,1,2,60,3
Failed,,,4310,1,2,47,4
Failed,,,2442,1,2,237,4
Failed,,,2555,1,2,250,5
Failed,,,1064,1,2,49,3
Failed,,,4262,1,2,57,3
Failed,,,1304,1,2,250,3
Failed,,,4140,1,2,58,3
Failed,,,3019,1,2,231,4
Failed,,,4270,1,2,64,3
Failed,,,4214,1,2,2,6
Failed,,,4330,1,2,53,4
Failed,,,1252,1,2,165,3
Failed,,,2693,1,2,246,4
Failed,,,2544,1,2,246,4
Failed,,,4271,1,2,59,3
Failed,,,4178,1,2,60,3
Failed,,,2871,1,2,184,4
Failed,,,4416,1,2,2,6
Failed,,,1659,1,2,244,4
Failed,,,4215,1,2,60,3
Failed,,,4195,1,2,2,6
Failed,,,1079,1,2,50,3
Failed,,,2559,1,2,250,4
Failed,,,4262,1,2,43,4
Failed,,,4223,1,2,48,4
Failed,,,1085,1,2,52,3
Failed,,,1269,1,2,164,3
Failed,,,2001,1,2,236,4
Failed,,,4323,1,2,2,6
Failed,,,4233,1,2,62,3
Failed,,,4289,1,2,2,6
Failed,,,2547,1,2,229,4
Failed,,,4338,1,2,49,4
Failed,,,1167,1,2,166,3
Failed,,,4219,1,2,50,4
Failed,,,1905,1,2,243,4
Failed,,,2607,1,2,250,4
Failed,,,1065,1,2,52,3
Failed,,,1179,1,2,158,3
Failed,,,1228,1,2,164,3
Failed,,,4268,1,2,59,3
Failed,,,1177,1,2,157,3
Failed,,,1302,1,2,168,3
Failed,,,4206,1,2,59,3
Failed,,,2475,1,2,250,4
Failed,,,1973,76,2,235,4
Failed,,,2592,1,2,250,4
Failed,,,4061,1,2,58,3
Failed,,,4414,1,2,2,6
Failed,,,1926,1,2,238,4
Failed,,,4174,1,2,60,3
Failed,,,1202,1,2,165,3
Failed,,,2627,1,2,245,4
Failed,,,2474,1,2,250,4
Failed,,,4196,1,2,60,3
Failed,,,2388,1,2,233,4
Failed,,,4456,1,2,2,6
Failed,,,4262,1,2,50,4
Failed,,,1232,1,2,156,3
Failed,,,1259,1,2,166,3
Failed,,,1216,1,2,250,3
Failed,,,1879,1,2,234,4
Failed,,,1308,1,2,164,3
Failed,,,4257,1,2,59,3
Failed,,,4215,1,2,47,4
Failed,,,2357,1,2,240,4
Failed,,,1237,1,2,163,3
Failed,,,1089,1,2,50,3
Failed,,,4248,1,2,2,6
Failed,,,1937,1,2,250,4
Failed,,,4235,1,2,50,4
Failed,,,1239,1,2,167,3
Failed,,,4199,1,2,56,3
Failed,,,1596,1,2,234,4
Failed,,,1090,1,2,51,3
Failed,,,4325,1,2,43,4
Failed,,,4258,1,2,58,3
Failed,,,1006,1,2,50,3
Failed,,,4177,1,2,58,3
Failed,,,1931,1,2,244,4
Failed,,,1205,1,2,164,3
Failed,,,4297,1,2,49,4
Failed,,,2223,1,2,241,4
Failed,,,4259,1,2,49,4
Failed,,,4179,1,2,61,3
Failed,,,2642,1,2,232,5
Failed,,,1195,1,2,160,3
Failed,,,2574,1,2,250,4
Failed,,,1113,1,2,250,3
Failed,,,4161,1,2,2,6
Failed,,,2504,1,2,236,4
Failed,,,1240,1,2,169,3
Failed,,,2207,1,2,250,4
Failed,,,1176,1,2,159,3
Failed,,,4301,1,2,48,4
Failed,,,2137,1,2,243,4
Failed,,,1253,1,2,158,3
Failed,,,4127,1,2,61,3
Failed,,,1018,1,2,49,3
Failed,,,1242,1,2,167,3
Failed,,,2802,1,2,241,4
Failed,,,1181,1,2,158,3
Failed,,,2968,1,2,233,4
Failed,,,1257,1,2,166,3
Failed,,,1225,1,2,167,3
Failed,,,1169,1,2,159,3
Failed,,,1053,1,2,49,3
Failed,,,4187,1,2,2,6
Failed,,,1777,1,2,241,4
Failed,,,4210,1,2,2,6
Failed,,,2480,1,2,248,4
Failed,,,2514,1,2,230,4
Failed,,,1056,1,2,52,3
Failed,,,3668,1,2,152,4
Failed,,,4240,1,2,60,3
Failed,,,1834,1,2,235,4
Failed,,,1238,1,2,164,3
Failed,,,1685,1,2,248,4
Failed,,,2697,1,2,250,4
Failed,,,1125,1,2,250,3
Failed,,,1098,1,2,51,3
Failed,,,2106,1,2,249,4
Failed,,,4126,1,2,58,3
Failed,,,1216,1,2,156,3
Failed,,,4165,1,2,57,3
Failed,,,1231,1,2,250,3
Failed,,,4213,1,2,58,3
Failed,,,4201,1,2,2,6
Failed,,,1207,1,2,157,3
Failed,,,2205,1,2,247,4
Failed,,,4214,1,2,49,4
Failed,,,4224,1,2,63,3
Failed,,,1270,1,2,162,3
Failed,,,4222,1,2,63,3
Failed,,,4118,1,2,60,3
Failed,,,1197,1,2,155,3
Failed,,,1252,1,2,156,3
Failed,,,4182,1,2,43,4
Failed,,,2071,1,2,250,4
Failed,,,4302,1,2,2,6
Failed,,,4171,1,2,46,4
Failed,,,4319,1,2,45,4
Failed,,,1203,1,2,161,3
Failed,,,2096,1,2,247,4
Failed,,,2315,1,2,234,4
Failed,,,1220,1,2,163,3
Failed,,,4253,1,2,52,4
Failed,,,2643,1,2,243,4
Failed,,,4373,1,2,2,6
Failed,,,1233,1,2,167,3
Failed,,,1117,1,2,250,3
Failed,,,4251,1,2,50,4
Failed,,,1274,1,2,165,3
Failed,,,4218,1,2,58,3
Failed,,,2578,1,2,230,4
Failed,,,2743,1,2,250,4
Failed,,,2689,1,2,246,4
Failed,,,4151,1,2,58,3
Failed,,,2237,1,2,247,4
Failed,,,4266,1,2,101,4
Failed,,,1420,1,2,245,3
Failed,,,1150,1,2,157,3
Failed,,,4288,1,2,2,6
Failed,,,4175,1,2,51,4
Failed,,,2142,1,2,245,4
Failed,,,2007,1,2,250,4
Failed,,,1193,1,2,155,3
Failed,,,5000,863,2,250,5
Failed,,,1217,1,2,155,3
Failed,,,4157,1,2,58,3
Failed,,,4174,1,2,61,3
Failed,,,1024,1,2,51,3
Failed,,,1232,1,2,167,3
Failed,,,1229,1,2,157,3
Failed,,,1248,1,2,160,3
Failed,,,4271,1,2,50,4
Failed,,,1335,1,2,250,3
Failed,,,1289,1,2,163,3
Failed,,,1245,1,2,159,3
Failed,,,2676,1,2,240,4
Failed,,,1183,1,2,155,3
Failed,,,1674,1,2,233,4
Failed,,,4253,1,2,21,5
Failed,,,2176,1,2,242,4
Failed,,,3144,1,2,233,4
Failed,,,2412,1,2,250,4
Failed,,,4232,1,2,2,6
Failed,,,1278,1,2,162,3
Failed,,,2395,1,2,246,4
Failed,,,4117,1,2,56,3
Failed,,,1190,1,2,163,3
Failed,,,1378,1,2,250,3
Failed,,,1251,1,2,164,3
Failed,,,4137,1,2,47,4
Failed,,,4389,1,2,2,6
Failed,,,4147,1,2,49,4
Failed,,,4119,1,2,60,3
Failed,,,2309,1,2,250,4
Failed,,,4220,1,2,46,4
Failed,,,1052,1,2,52,3
Failed,,,4204,1,2,46,4
Failed,,,4264,1,2,2,6
Failed,,,2714,1,2,230,4
Failed,,,1253,1,2,165,3
Failed,,,2324,1,2,250,4
Failed,,,2524,1,2,246,4
Failed,,,2024,1,2,244,4
Failed,,,1995,1,2,234,4
Failed,,,4339,1,2,2,6
Failed,,,4252,1,2,47,4
Failed,,,1276,1,2,164,3
Failed,,,1229,1,2,155,3
Failed,,,2932,1,2,231,4
Failed,,,1162,1,2,165,3
Failed,,,4309,1,2,52,4
Failed,,,3963,1,2,146,3
Failed,,,4328,1,2,2,6
Failed,,,2339,1,2,250,4
Failed,,,4318,1,2,2,6
Failed,,,1825,1,2,233,4
Failed,,,4280,1,2,53,4
Failed,,,2472,1,2,250,4
Failed,,,1248,1,2,158,3
Failed,,,1226,1,2,164,3
Failed,,,4344,1,2,2,6
Failed,,,1091,1,2,52,3
Failed,,,4207,1,2,57,3
Failed,,,4182,1,2,2,6
Failed,,,4148,1,2,58,3
Failed,,,2617,1,2,250,4
Failed,,,2235,1,2,239,4
Failed,,,3116,1,2,250,4
Failed,,,4269,1,2,52,4
Failed,,,2641,1,2,233,4
Failed,,,1170,1,2,157,3
Failed,,,1290,1,2,170,3
Failed,,,4122,1,2,48,4
Failed,,,1224,1,2,162,3
Failed,,,4153,1,2,49,4
Failed,,,1284,1,2,163,3
Failed,,,2378,1,2,243,4
Failed,,,2695,1,2,241,4
Failed,,,1168,1,2,163,3
Failed,,,2132,1,2,235,4
Failed,,,4326,1,2,59,3
Failed,,,1260,1,2,158,3
Failed,,,4217,1,2,58,3
Failed,,,1943,1,2,234,4
Failed,,,1207,1,2,160,3
Failed,,,1286,1,2,246,3
Failed,,,1238,1,2,160,3
Failed,,,1243,1,2,161,3
Failed,,,1681,1,2,242,4
Failed,,,2460,1,2,234,4
Failed,,,4154,1,2,60,3
Failed,,,4287,1,2,46,4
Failed,,,4314,1,2,51,4
Failed,,,4349,1,2,2,6
Failed,,,4155,1,2,58,3
Failed,,,4270,1,2,68,3
Failed,,,2251,1,2,250,4
Failed,,,4193,1,2,44,4
Failed,,,2316,1,2,227,4
Failed,,,2232,1,2,250,4
Failed,,,4350,1,2,2,6
Failed,,,2298,1,2,250,4
Failed,,,4252,1,2,50,4
Failed,,,1216,1,2,163,3
Failed,,,4368,1,1000,2,6
Failed,,,2545,1,2,250,4
Failed,,,4182,1,2,57,3
Failed,,,1156,1,2,165,3
Failed,,,4203,1,2,59,3
Failed,,,1195,1,2,165,3
Failed,,,1145,1,2,153,3
Failed,,,1204,1,2,170,3
Failed,,,4241,1,2,59,3
Failed,,,1362,1,2,164,3
Failed,,,1223,1,2,162,3
Failed,,,1814,1,2,234,4
Failed,,,4080,1,2,58,3
Failed,,,2748,1,2,250,4
Failed,,,2399,1,2,240,4
Failed,,,4212,1,2,59,3
Failed,,,2448,1,2,250,4
Failed,,,1229,1,2,167,3
Failed,,,1263,1,2,156,3
Failed,,,4134,1,2,49,4
Failed,,,2649,1,2,246,4
Failed,,,1085,1,2,50,3
Failed,,,4655,1,1000,2,7
Failed,,,4215,1,2,61,3
Failed,,,4348,1,2,2,6
Failed,,,2101,1,2,250,4
Failed,,,4290,1,2,49,4
Failed,,,1900,1,2,245,4
Failed,,,4292,1,2,2,6
Failed,,,1243,1,2,158,3
Failed,,,2260,1,2,235,4
Failed,,,1212,1,2,159,3
Failed,,,4207,1,2,49,4
Failed,,,1419,1,2,230,4
Failed,,,4343,1,1000,2,6
Failed,,,1226,1,2,159,3
Failed,,,4283,1,2,47,4
Failed,,,1839,1,2,250,4
Failed,,,1190,1,2,153,3
Failed,,,5000,1,2,225,4
Failed,,,1192,1,2,162,3
Failed,,,4192,1,2,51,4
Failed,,,3061,421,2,224,5
Failed,,,1217,1,2,164,3
Failed,,,4239,1,2,50,4
Failed,,,1143,1,2,250,3
Failed,,,4212,1,2,60,3
Failed,,,4094,1,2,62,3
Failed,,,2081,1,2,235,4
Failed,,,4385,1,2,47,4
Failed,,,1280,1,2,160,3
Failed,,,4224,1,2,58,3
Failed,,,4201,1,2,57,3
Failed,,,4307,1,2,45,4
Failed,,,2794,1,2,237,4
Failed,,,4246,1,2,60,3
Failed,,,5000,1,2,96,4
Failed,,,4080,1,2,60,3
Failed,,,1276,1,2,164,4
Failed,,,4221,1,2,59,3
Failed,,,1032,1,2,49,3
Failed,,,1232,1,2,158,3
Failed,,,2121,1,2,238,4
Failed,,,1182,1,2,159,3
Failed,,,1298,1,2,161,3
Failed,,,2397,1,2,250,4
Failed,,,2342,1,2,250,4
Failed,,,1240,1,2,162,3
Failed,,,2119,1,2,237,4
Failed,,,4205,1,2,48,4
Failed,,,4252,1,2,2,6
Failed,,,4435,1,2,50,4
Failed,,,1994,1,2,250,4
Failed,,,4185,1,2,59,3
Failed,,,4240,1,2,48,4
Failed,,,1199,1,2,155,3
Failed,,,2455,1,2,241,4
Failed,,,4189,1,2,2,6
Failed,,,4184,1,2,45,4
Failed,,,4333,1,2,2,6
Failed,,,1233,1,2,169,3
Failed,,,4183,1,2,46,4
Failed,,,1214,1,2,165,3
Failed,,,2553,1,2,250,4
Failed,,,4175,1,2,47,4
Failed,,,1054,1,2,53,3
Failed,,,1221,1,2,155,3
Failed,,,1070,1,2,49,3
Failed,,,4279,1,2,49,4
Failed,,,4360,1,2,62,3
Failed,,,1702,1,2,250,4
Failed,,,1052,1,2,49,3
Failed,,,4223,1,2,2,6
Failed,,,1097,1,2,250,3
Failed,,,4334,1,2,58,3
Failed,,,4272,1,2,59,3
Failed,,,2694,1,2,250,4
Failed,,,2632,1,2,243,4
Failed,,,4232,1,2,52,4
Failed,,,1230,1,2,250,3
Failed,,,4276,1,2,51,4
Failed,,,1210,1,2,158,3
Failed,,,2149,1,2,241,4
Failed,,,1168,1,2,160,3
Failed,,,2709,1,2,250,4
Failed,,,4187,1,2,59,3
Failed,,,4159,1,2,65,3
Failed,,,1246,1,2,166,3
Failed,,,2604,1,2,232,4
Failed,,,4179,1,2,59,3
Failed,,,2560,1,2,250,4
Failed,,,2328,1,2,250,4
Failed,,,4407,1,2,2,6
Failed,,,1222,1,2,162,3
Failed,,,2625,1,2,235,4
Failed,,,4410,1,2,2,6
Failed,,,1062,1,2,52,3
Failed,,,2734,1,2,250,4
Failed,,,4274,1,2,2,6
Failed,,,1240,1,2,158,3
Failed,,,4122,1,2,2,6
Failed,,,1238,1,2,159,3
Failed,,,4222,1,2,58,3
Failed,,,4233,1,2,59,3
Failed,,,1171,1,2,157,3
Failed,,,2436,1,2,250,4
Failed,,,1073,1,2,52,3
Failed,,,4199,1,2,59,3
Failed,,,1583,1,2,250,3
Failed,,,1161,1,2,160,3
Failed,,,2496,1,2,238,4
Failed,,,1177,1,2,162,3
Failed,,,4344,1,2,44,4
Failed,,,1875,1,2,236,4
Failed,,,2710,1,2,250,4
Failed,,,1209,1,2,164,3
Failed,,,1227,1,2,156,3
Failed,,,1040,1,2,49,3
Failed,,,4164,1,2,59,3
Failed,,,4137,1,2,45,4
Failed,,,4303,1,2,2,6
Failed,,,1230,1,2,162,3
Failed,,,2058,1,2,250,4
Failed,,,1035,1,2,50,3
Failed,,,4321,1,2,2,6
Failed,,,4186,1,2,2,6
Failed,,,4295,1,2,2,6
Failed,,,4278,1,2,61,3
Failed,,,4200,1,2,57,3
Failed,,,4269,1,2,62,3
Failed,,,4606,1,2,2,6
Failed,,,2186,1,2,243,4
Failed,,,1259,1,2,158,3
Failed,,,2101,1,2,241,4
Failed,,,1243,1,2,157,3
Failed,,,2167,1,2,250,4
Failed,,,4218,1,2,62,3
Failed,,,2268,1,2,233,4
Failed,,,2858,1,2,236,4
Failed,,,4194,1,2,48,4
Failed,,,2146,1,2,246,4
Failed,,,1238,1,2,165,3
Failed,,,1034,1,2,48,3
Failed,,,4370,1,2,2,6
Failed,,,4295,1,2,109,4
Failed,,,1230,1,2,168,3
Failed,,,4266,1,2,50,4
Failed,,,1791,1,2,234,4
Failed,,,2032,1,2,238,4
Failed,,,4194,1,2,47,4
Failed,,,1669,1,2,250,4
Failed,,,4213,1,2,2,6
Failed,,,3328,1,2,235,4
Failed,,,3050,1,2,230,4
Failed,,,1212,1,2,250,3
Failed,,,2370,1,2,250,4
Failed,,,1084,1,2,50,3
Failed,,,4143,1,2,57,3
Failed,,,1188,1,2,164,3
Failed,,,1282,1,2,161,3
Failed,,,4190,1,2,58,3
Failed,,,2446,1,2,240,4
Failed,,,4248,1,2,64,3
Failed,,,4218,1,2,2,6
Failed,,,4269,1,2,63,3
Failed,,,2398,1,2,246,4
Failed,,,4209,1,2,60,3
Failed,,,4230,1,2,2,6
Failed,,,4222,1,2,2,6
Failed,,,1067,1,2,49,3
Failed,,,4399,1,2,2,6
Failed,,,2378,1,2,250,4
Failed,,,1948,219,2,250,4
Failed,,,2195,1,2,234,4
Failed,,,2702,1,2,250,4
Failed,,,1187,1,2,161,3
Failed,,,2184,1,2,241,4
Failed,,,1191,1,2,161,3
Failed,,,4131,1,2,57,3
Failed,,,1233,1,2,163,3
Failed,,,1165,1,2,156,3
Failed,,,4264,1,2,57,3
Failed,,,4110,1,2,59,3
Failed,,,1287,1,2,159,3
Failed,,,5000,1,2,243,4
Failed,,,4341,1,2,2,6
Failed,,,4441,1,2,58,3
Failed,,,2792,1,2,237,4
Failed,,,1231,1,2,159,3
Failed,,,4202,1,2,58,3
Failed,,,4340,1,2,54,4
Failed,,,4214,1,2,52,4
Failed,,,4332,1,2,50,4
Failed,,,1940,1,2,237,4
Failed,,,4209,1,2,59,3
Failed,,,2731,1,2,228,4
Failed,,,1068,1,2,52,3
Failed,,,1207,1,2,164,3
Failed,,,2219,1,2,250,4
Failed,,,1285,1,2,154,3
Failed,,,2232,1,2,240,4
Failed,,,4258,1,2,49,4
Failed,,,1232,1,2,166,3
Failed,,,1240,1,2,171,3
Failed,,,2303,1,2,250,4
Failed,,,4434,1,2,80,4
Failed,,,4169,1,2,46,4
Failed,,,2430,1,2,250,4
Failed,,,1100,1,2,51,3
Failed,,,4096,1,2,59,3
Failed,,,1046,1,2,49,3
Failed,,,4147,1,2,57,3
Failed,,,4215,1,2,2,6
Failed,,,1054,1,2,49,3
Failed,,,4183,1,2,114,4
Failed,,,2642,1,2,240,4
Failed,,,2328,1,2,248,4
Failed,,,1243,1,2,156,3
Failed,,,4231,1,2,2,6
Failed,,,1050,1,2,49,3
Failed,,,2086,1,2,250,4
Failed,,,1207,1,2,162,3
Failed,,,1032,1,2,52,3
Failed,,,4200,1,2,48,4
Failed,,,4307,1,2,60,3
Failed,,,1251,1,2,165,3
Failed,,,2199,1,2,239,4
Failed,,,4216,1,2,57,3
Failed,,,1098,1,2,52,3
Failed,,,4289,1,2,45,4
Failed,,,2396,1,2,238,4
Failed,,,4262,1,2,63,3
Failed,,,1989,1,2,250,4
Failed,,,4200,1,2,60,3
Failed,,,1038,1,2,49,3
Failed,,,2504,1,2,250,4
Failed,,,4179,1,2,60,3
Failed,,,1996,1,2,250,4
Failed,,,4071,1,2,59,3
Failed,,,4252,1,2,45,4
Failed,,,4427,1,2,2,6
Failed,,,4459,1,2,2,6
Failed,,,1144,1,2,240,3
Failed,,,4217,1,2,49,4
Failed,,,1180,1,2,161,3
Failed,,,1407,1,2,241,3
Failed,,,4282,1,2,2,6
Failed,,,1222,1,2,160,3
Failed,,,4314,1,2,47,4
Failed,,,2649,1,2,236,4
Failed,,,2655,1,2,250,4
Failed,,,4303,1,2,48,4
Failed,,,4185,1,2,57,3
Failed,,,2069,1,2,250,4
Failed,,,2512,1,2,244,4
Failed,,,2278,1,2,250,4
Failed,,,1873,1,2,250,4
Failed,,,1082,1,2,51,3
Failed,,,4176,1,2,61,3
Failed,,,1239,1,2,160,3
Failed,,,4243,1,2,45,4
Failed,,,3754,1,2,152,3
Failed,,,4214,1,2,45,4
Failed,,,4262,1,2,59,3
Failed,,,1029,1,2,51,3
Failed,,,4208,1,2,54,3
Failed,,,2451,1,2,250,4
Failed,,,4155,1,2,57,3
Failed,,,1216,1,2,165,3
Failed,,,4227,1,2,2,6
Failed,,,4268,1,2,2,6
Failed,,,4244,1,2,48,4
Failed,,,2551,1,2,250,4
Failed,,,1928,1,2,245,4
Failed,,,1229,1,2,162,3
Failed,,,2594,1,2,237,4
Failed,,,1258,1,2,158,3
Failed,,,4171,1,2,50,4
Failed,,,1885,1,2,250,4
Failed,,,1071,1,2,49,3
Failed,,,1072,1,2,250,3
Failed,,,4151,1,2,2,6
Failed,,,1172,1,2,162,3
Failed,,,1188,1,2,168,3
Failed,,,4247,1,2,59,3
Failed,,,1235,1,2,250,3
Failed,,,4354,1,2,2,6
Failed,,,4066,1,2,2,6
Failed,,,4236,1,2,63,3
Failed,,,5000,1,2,237,4
Failed,,,2561,1,2,247,4
Failed,,,4413,1,2,2,6
Failed,,,4324,1,2,2,6
Failed,,,4275,1,2,61,3
Failed,,,4320,1,2,62,3
Failed,,,1196,1,2,162,3
Failed,,,2507,1,2,250,4
Failed,,,4197,1,2,44,4
Failed,,,1036,1,2,49,3
Failed,,,2158,1,2,238,4
Failed,,,4238,1,2,2,6
Failed,,,1077,1,2,53,3
Failed,,,2210,1,2,228,4
Failed,,,1268,1,2,162,3
Failed,,,4411,1,2,2,6
Failed,,,4316,1,2,49,4
Failed,,,1225,1,2,165,3
Failed,,,4382,1,2,61,3
Failed,,,1202,1,2,158,3
Failed,,,1199,1,2,160,3
Failed,,,4287,1,2,2,6
Failed,,,4181,1,2,60,3
Failed,,,1219,1,2,162,3
Failed,,,2268,1,2,250,4
Failed,,,1245,1,2,165,3
Failed,,,2750,1,2,249,4
Failed,,,4195,1,2,56,3
Failed,,,1200,1,2,161,3
Failed,,,2541,1,2,250,4
Failed,,,4234,1,2,47,4
Failed,,,4202,1,2,2,6
Failed,,,2393,1,2,250,4
Failed,,,4134,1,2,2,6
Failed,,,4272,1,2,47,4
Failed,,,1088,1,2,51,3
Failed,,,4254,1,2,44,4
Failed,,,1064,1,2,52,3
Failed,,,4278,1,2,59,3
Failed,,,4252,1,2,63,3
Failed,,,1229,1,2,164,3
Failed,,,4244,1,2,59,3
Failed,,,2305,1,2,244,4
Failed,,,2604,1,2,250,4
Failed,,,4256,1,2,49,4
Failed,,,4283,1,2,60,3
Failed,,,1250,1,2,167,3
Failed,,,1191,1,2,162,3
Failed,,,1975,1,2,239,4
Failed,,,4266,1,2,58,3
Failed,,,2882,1,2,237,4
Failed,,,1172,1,2,164,3
Failed,,,2392,1,2,229,4
Failed,,,1892,1,2,228,4
Failed,,,4258,1,2,61,3
Failed,,,1526,331,2,182,4
Failed,,,2641,1,2,236,4
Failed,,,4212,1,2,56,3
Failed,,,2718,1,2,233,4
Failed,,,4239,1,2,51,4
Failed,,,4176,1,2,59,3
Failed,,,1222,1,2,164,3
Failed,,,4291,1,2,53,4
Failed,,,1936,1,2,240,4
Failed,,,4129,1,2,59,3
Failed,,,1984,1,2,250,4
Failed,,,2627,1,2,250,4
Failed,,,4198,1,2,63,3
Failed,,,4159,1,2,2,6
Failed,,,4195,1,2,63,3
Failed,,,4203,1,2,61,3
Failed,,,1176,1,2,158,3
Failed,,,4209,1,2,58,3
Failed,,,2539,1,2,250,4
Failed,,,1254,1,2,166,3
Failed,,,1651,1,2,232,4
Failed,,,4078,1,2,56,3
Failed,,,1701,13,2,243,4
Failed,,,2073,1,2,250,4
Failed,,,4177,1,2,51,4
Failed,,,4588,1,1000,2,7
Failed,,,4225,1,2,46,4
Failed,,,1024,1,2,50,3
Failed,,,4233,1,2,2,6
Failed,,,4347,1,2,2,6
Failed,,,4251,1,2,49,4
Failed,,,1875,1,2,234,4
Failed,,,4183,1,2,62,3
Failed,,,4189,1,2,62,3
Failed,,,3324,1,2,250,4
Failed,,,2736,1,2,244,4
Failed,,,4197,1,2,61,3
Failed,,,1029,1,2,50,3
Failed,,,4144,1,2,63,3
Failed,,,4214,1,2,47,4
Failed,,,2373,1,2,245,4
Failed,,,1840,2715,2,250,3
Failed,,,4231,1,2,60,3
Failed,,,1086,1,2,50,3
Failed,,,4266,1,2,2,6
Failed,,,4295,1,2,61,3
Failed,,,4334,1,2,63,3
Failed,,,2333,1,2,250,4
Failed,,,1190,1,2,167,3
Failed,,,2191,1,2,247,4
Failed,,,1745,1,2,250,4
Failed,,,4209,1,2,50,4
Failed,,,4291,1,2,47,4
Failed,,,4216,1,2,2,6
Failed,,,4235,1,2,59,3
Failed,,,1023,1,2,50,3
Failed,,,2500,1,2,250,4
Failed,,,1195,1,2,162,3
Failed,,,4208,1,2,2,6
Failed,,,2542,1,2,250,4
Failed,,,4200,1,2,61,3
Failed,,,2229,1,2,234,4
Failed,,,2770,1,2,234,4
Failed,,,1168,1,2,161,3
Failed,,,1577,1,2,237,4
Failed,,,4169,1,2,60,3
Failed,,,2261,1,2,232,4
Failed,,,2000,1,2,245,4
Failed,,,1048,1,2,49,3
Failed,,,4240,1,2,2,6
Failed,,,2022,1,2,250,4
Failed,,,4215,1,2,59,3
Failed,,,1241,1,2,158,3
Failed,,,4075,1,2,58,3
Failed,,,3050,1,2,242,4
Failed,,,4244,1,2,50,4
Failed,,,1896,1,2,250,4
Failed,,,1046,1,2,52,3
Failed,,,4269,1,2,2,6
Failed,,,4264,1,2,47,4
Failed,,,2097,1,2,228,4
Failed,,,1723,1,2,238,4
Failed,,,4226,1,2,56,3
Failed,,,5000,1,2,236,4
Failed,,,1181,1,2,163,3
Failed,,,1055,1,2,52,3
Failed,,,2740,1,2,239,5
Failed,,,4204,1,2,61,3
Failed,,,1262,1,2,168,3
Failed,,,4103,1,2,59,3
Failed,,,2002,1,2,250,3
Failed,,,4198,1,250,2,6
Failed,,,1031,1,2,49,3
Failed,,,4227,1,2,48,4
Failed,,,4434,1,2,91,4
Failed,,,2367,1,2,250,4
Failed,,,4449,1,2,50,4
Failed,,,1028,1,2,52,3
Failed,,,4272,1,2,54,4
Failed,,,2299,1,2,250,4
Failed,,,4230,1,2,60,3
Failed,,,2387,1,2,250,4
Failed,,,4246,1,2,2,6
Failed,,,2192,1,2,250,4
Failed,,,1078,1,2,50,3
Failed,,,2333,1,2,245,4
Failed,,,2694,1,2,233,4
Failed,,,1027,1,2,49,3
Failed,,,4234,1,2,44,4
Failed,,,1227,1,2,250,3
Failed,,,4193,1,2,59,3
Failed,,,4249,1,2,50,4
Failed,,,1289,1,2,250,3
Failed,,,4220,1,2,50,4
Failed,,,4362,1,2,89,4
Failed,,,4192,1,2,58,3
Failed,,,4226,1,2,57,3
Failed,,,1032,1,2,50,3
Failed,,,4275,1,2,60,3
Failed,,,2143,1,2,250,4
Failed,,,4412,1,2,59,3
Failed,,,1234,1,2,162,3
Failed,,,4512,1,2,113,4
Failed,,,4181,1,2,45,4
Failed,,,2186,1,2,250,4
Failed,,,1213,1,2,167,3
Failed,,,1272,1,2,167,3
Failed,,,4213,1,2,61,3
Failed,,,1060,1,2,49,3
Failed,,,1246,1,2,160,3
Failed,,,1212,1,2,167,3
Failed,,,4265,1,2,60,3
Failed,,,2085,1,2,247,4
Failed,,,4282,1,2,58,4
Failed,,,2528,1,2,238,4
Failed,,,2398,1,2,250,4
Failed,,,4325,1,2,63,3
Failed,,,3965,1,2,146,3
Failed,,,1237,1,2,250,3
Failed,,,4228,1,2,49,4
Failed,,,4220,1,2,60,3
Failed,,,2544,1,2,250,4
Failed,,,4139,1,2,2,6
Failed,,,2817,1,2,231,5
Failed,,,4189,1,2,61,3
Failed,,,1203,1,2,163,3
Failed,,,4448,1,2,2,6
Failed,,,4172,1,2,59,3
Failed,,,1676,1,2,243,4
Failed,,,2395,1,2,250,4
Failed,,,1240,1,2,156,3
Failed,,,1061,1,2,52,3
Failed,,,4256,1,2,2,6
Failed,,,4152,1,2,59,3
Failed,,,2434,1,2,246,4
Failed,,,2046,1,2,250,4
Failed,,,2228,1,2,250,4
Failed,,,1211,1,2,160,3
Failed,,,1272,1,2,246,3
Failed,,,2542,1,2,237,4
Failed,,,2470,1,2,250,4
Failed,,,1197,1,2,159,3
Failed,,,2087,1,2,250,4
Failed,,,1075,1,2,50,3
Failed,,,4224,1,2,56,3
Failed,,,2055,1,2,250,4
Failed,,,5000,1,2,239,4
Failed,,,4383,1,2,2,6
Failed,,,4215,1,2,45,4
Failed,,,4271,1,2,60,3
Failed,,,1135,1,2,250,3
Failed,,,4175,1,2,62,3
Failed,,,4230,1,2,59,3
Failed,,,2149,1,2,244,4
Failed,,,5000,1,2,57,3
Failed,,,4294,1,2,59,3
Failed,,,1206,1,2,163,3
Failed,,,2068,1,2,250,4
Failed,,,2723,1,2,250,4
Failed,,,1165,1,2,158,3
Failed,,,2201,1,2,235,4
Failed,,,4143,1,2,2,6
Failed,,,4226,1,2,50,4
Failed,,,4431,1,2,2,6
Failed,,,2150,1,2,250,4
Failed,,,2137,2462,2,250,3
Failed,,,4165,1,2,59,3
Failed,,,1166,1,2,167,3
Failed,,,1192,1,2,160,3
Failed,,,1211,1,2,158,3
Failed,,,2636,1,2,250,4
Failed,,,4310,1,2,2,6
Failed,,,1995,1,2,243,4
Failed,,,2384,1,2,231,4
Failed,,,5000,12,2,236,5
Failed,,,4249,1,2,49,4
Failed,,,5000,1,2,235,4
Failed,,,4263,1,2,56,3
Failed,,,3468,1,2,164,3
Failed,,,4284,1,2,52,4
Failed,,,1175,1,2,154,3
Failed,,,4331,1,2,47,4
Failed,,,2153,1,2,250,4
Failed,,,4278,1,2,60,3
Failed,,,1035,1,2,52,3
Failed,,,4201,1,2,61,3
Failed,,,1058,1,2,49,3
Failed,,,1215,1,2,163,3
Failed,,,2415,1,2,245,4
Failed,,,1876,1,2,239,4
Failed,,,4222,1,2,49,4
Failed,,,4207,1,2,60,3
Failed,,,4079,1,2,47,4
Failed,,,1986,1,2,250,4
Failed,,,4424,1,2,2,6
Failed,,,1876,1,2,233,4
Failed,,,4291,1,2,46,4
Failed,,,3458,1,2,250,4
Failed,,,2390,1,2,250,4
Failed,,,4269,1,2,50,4
Failed,,,4216,1,2,48,4
Failed,,,1028,1,2,51,3
Failed,,,2177,1,2,249,4
Failed,,,1042,1,2,49,3
Failed,,,1005,1,2,2,5
Failed,,,1256,1,2,159,3
Failed,,,2034,1,2,250,4
Failed,,,4299,1,2,49,4
Failed,,,2284,1,2,250,4
Failed,,,1085,1,2,51,3
Failed,,,1360,1,2,170,3
Failed,,,1724,1,2,250,4
Failed,,,4210,1,2,61,3
Failed,,,4317,1,2,58,3
Failed,,,4195,1,2,61,3
Failed,,,4193,1,2,60,3
Failed,,,1225,1,2,164,3
Failed,,,1239,1,2,158,3
Failed,,,2159,1,2,238,4
Failed,,,4120,1,2,57,3
Failed,,,4470,1,2,2,6
Failed,,,4262,1,2,62,3
Failed,,,2130,1,2,250,4
Failed,,,1264,1,2,160,3
Failed,,,2674,1,2,250,4
Failed,,,4182,1,2,48,4
Failed,,,1224,1,2,163,3
Failed,,,2281,1,2,247,4
Failed,,,1272,1,2,162,3
Failed,,,4179,1,2,62,3
Failed,,,1232,1,2,165,3
Failed,,,4436,1,2,2,6
Failed,,,2194,1,2,250,4
Failed,,,4115,1,2,60,3
Failed,,,2527,1,2,250,4
Failed,,,1250,1,2,162,3
Failed,,,2400,1,2,236,4
Failed,,,1906,1,2,239,4
Failed,,,1227,1,2,159,3
Failed,,,4379,1,2,2,6
Failed,,,1061,1,2,49,3
Failed,,,4203,1,2,2,6
Failed,,,4228,1,2,53,4
Failed,,,4333,1,2,52,4
Failed,,,1008,1,2,49,3
Failed,,,4348,1,2,60,3
Failed,,,4197,1,2,2,6
Failed,,,1162,1,2,163,3
Failed,,,2314,1,2,250,4
Failed,,,4288,1,2,60,3
Failed,,,1189,1,2,163,3
Failed,,,4260,1,2,53,4
Failed,,,2106,1,2,242,4
Failed,,,4373,1,2,60,3
Failed,,,1027,1,2,51,3
Failed,,,4236,1,2,51,4
Failed,,,4182,1,2,50,4
Failed,,,1166,1,2,159,3
Failed,,,1805,1,2,243,4
Failed,,,4315,1,2,96,4
Failed,,,1570,1,2,234,4
Failed,,,1246,1,2,170,3
Failed,,,4193,1,2,58,3
Failed,,,1095,1,2,50,3
Failed,,,4163,1,2,62,3
Failed,,,1153,1,2,159,3
Failed,,,2869,4,2,247,4
Failed,,,2093,1,2,236,4
Failed,,,4240,1,2,58,3
Failed,,,4475,1,2,2,6
Failed,,,4199,1,2,2,6
Failed,,,4194,1,2,45,4
Failed,,,1140,1,2,158,3
Failed,,,4230,1,2,47,4
Failed,,,2318,1,2,240,4
Failed,,,1202,1,2,157,3
Failed,,,4170,1,2,59,3
Failed,,,2865,1,2,233,4
Failed,,,1302,1,2,162,3
Failed,,,4308,1,2,56,3
Failed,,,4150,1,2,51,4
Failed,,,1010,1,2,50,3
Failed,,,4272,1,2,63,3
Failed,,,2599,1,2,238,4
Failed,,,4158,1,2,65,3
Failed,,,1280,1,2,153,3
Failed,,,1160,1,2,163,3
Failed,,,1015,1,2,49,3
Failed,,,4167,1,2,61,3
Failed,,,1057,1,2,49,3
Failed,,,1191,1,2,250,3
Failed,,,1230,1,2,158,3
Failed,,,1038,1,2,51,3
Failed,,,1277,1,2,160,3
Failed,,,2624,1,2,250,4
Failed,,,4109,1,2,58,3
Failed,,,4332,1,2,102,4
Failed,,,2655,1,2,235,4
Failed,,,1025,1,2,49,3
Failed,,,4342,1,2,2,6
Failed,,,4203,1,2,60,3
Failed,,,1235,1,2,156,3
Failed,,,4199,1,2,50,4
Failed,,,1033,1,2,52,3
Failed,,,2722,1,2,250,4
Failed,,,4265,1,2,52,4
Failed,,,4077,1,2,59,3
Failed,,,4324,1,2,52,4
Failed,,,1764,1,2,234,4
Failed,,,4234,1,2,61,3
Failed,,,4201,1,2,60,3
Failed,,,1879,1,2,250,4
Failed,,,4210,1,2,50,4
Failed,,,1656,1,2,226,4
Failed,,,2310,1,2,237,4
Failed,,,1919,2478,2,250,3
Failed,,,1069,1,2,49,3
Failed,,,4233,1,2,61,3
Failed,,,1209,1,2,160,3
Failed,,,4177,1,2,47,4
Failed,,,4204,1,2,62,3
Failed,,,2427,1,2,242,4
Failed,,,1204,1,2,166,3
Failed,,,2409,1,2,250,4
Failed,,,4208,1,2,47,4
Failed,,,1016,1,2,49,3
Failed,,,4228,1,2,58,3
Failed,,,4549,1,2,2,6
Failed,,,4236,1,2,58,3
Failed,,,1408,1,2,250,3
Failed,,,2340,1,2,250,4
Failed,,,4231,1,2,59,3
Failed,,,4377,1,2,61,3
Failed,,,4199,1,2,44,4
Failed,,,2604,1,2,233,4
Failed,,,4156,1,2,47,4
Failed,,,1223,1,2,158,3
Failed,,,4203,1,2,50,4
Failed,,,4252,1,2,64,3
Failed,,,4876,1,2,250,4
Failed,,,1182,1,2,156,3
Failed,,,2199,1,2,250,4
Failed,,,2486,1,2,246,4
Failed,,,4494,1,2,2,6
Failed,,,4198,1,2,62,3
Failed,,,1042,1,2,52,3
Failed,,,2422,1,2,244,4
Failed,,,2272,1,2,238,4
Failed,,,2218,67,2,243,4
Failed,,,4295,1,2,52,4
Failed,,,4284,1,2,2,6
Failed,,,4263,1,2,49,4
Failed,,,4253,1,2,61,3
Failed,,,1037,1,2,49,3
Failed,,,1215,1,2,160,3
Failed,,,4498,1,2,2,6
Failed,,,2537,1,2,248,4
Failed,,,4244,1,2,2,6
Failed,,,2575,1,2,250,4
Failed,,,5000,514,2,227,5
Failed,,,4160,1,2,2,6
Failed,,,1060,1,2,48,3
Failed,,,1241,1,2,160,3
Failed,,,1763,2145,2,250,3
Failed,,,1059,1,2,52,3
Failed,,,4255,1,2,2,6
Failed,,,2129,1,2,234,4
Failed,,,1158,1,2,165,3
Failed,,,4333,1,2,50,4
Failed,,,4169,1,2,2,6
Failed,,,4167,1,2,58,3
Failed,,,1226,1,2,163,3
Failed,,,1058,1,2,50,3
Failed,,,1258,1,2,167,3
Failed,,,2540,1,2,250,4
Failed,,,4463,1,2,2,6
Failed,,,4301,1,2,44,4
Failed,,,4353,1,2,50,4
Failed,,,1352,1,2,166,3
Failed,,,1826,1,2,250,3
Failed,,,4260,1,2,61,3
Failed,,,4173,1,2,58,3
Failed,,,4320,1,2,50,4
Failed,,,2180,1,2,246,4
Failed,,,4195,1,2,62,3
Failed,,,2125,1,2,236,4
Failed,,,4194,1,2,60,3
Failed,,,4394,1,2,2,6
Failed,,,4263,1,2,51,4
Failed,,,4308,1,2,2,6
Failed,,,1029,1,2,52,3
Failed,,,2032,1,2,241,4
Failed,,,1253,1,2,163,3
Failed,,,1185,1,2,241,3
Failed,,,1206,1,2,159,3
Failed,,,1083,1,2,49,3
Failed,,,4226,1,2,61,3
Failed,,,1188,1,2,155,3
Failed,,,4298,1,2,63,3
Failed,,,4201,1,2,58,3
Failed,,,1213,1,2,158,3
Failed,,,1202,1,2,160,3
Failed,,,1205,1,2,250,3
Failed,,,1076,1,2,50,3
Failed,,,2273,1,2,250,4
Failed,,,1177,1,2,159,3
Failed,,,2123,1,2,250,4
Failed,,,1240,1,2,153,3
Failed,,,4198,1,2,2,6
Failed,,,4270,1,2,52,4
Failed,,,4129,1,2,61,3
Failed,,,4218,1,2,42,4
Failed,,,2022,1,2,250,3
Failed,,,4280,1,2,47,4
Failed,,,4340,1,2,2,6
Failed,,,1270,1,2,165,3
Failed,,,4377,1,2,2,6
Failed,,,4185,1,2,58,3
Failed,,,1039,1,2,52,3
Failed,,,4360,1,2,2,6
Failed,,,1270,1,2,157,3
Failed,,,2581,1,2,250,4
Failed,,,4357,1,2,2,6
Failed,,,4251,1,2,2,6
Failed,,,4245,1,2,2,6
Failed,,,4288,1,2,52,4
Failed,,,1263,1,2,164,3
Failed,,,4171,1,2,48,4
Failed,,,1026,1,2,51,3
Failed,,,4152,1,2,60,3
Failed,,,1034,1,2,49,3
Failed,,,4306,1,2,59,3
Failed,,,2633,1,2,250,4
Failed,,,4257,1,2,2,6
Failed,,,1077,1,2,50,3
Failed,,,2595,1,2,250,4
Failed,,,1196,1,2,158,3
Failed,,,1063,1,2,52,3
Failed,,,1255,1,2,160,3
Failed,,,4230,1,2,53,4
Failed,,,4190,1,2,62,3
Failed,,,4229,1,2,59,3
Failed,,,4319,1,2,56,3
Failed,,,4286,1,2,2,6
Failed,,,2554,1,2,250,4
Failed,,,4082,1,2,151,3
Failed,,,1174,1,2,250,3
Failed,,,1045,1,2,49,3
Failed,,,4302,1,2,57,3
Failed,,,1943,1,2,228,4
Failed,,,3029,1,2,248,4
Failed,,,2389,1,2,250,4
Failed,,,4174,1,2,49,4
Failed,,,2544,1,2,249,4
Failed,,,4346,1,2,2,6
Failed,,,1238,1,2,161,3
Failed,,,4198,1,2,59,3
Failed,,,1057,1,2,52,3
Failed,,,4329,1,2,49,4
Failed,,,2375,1,2,229,4
Failed,,,4453,1,2,2,6
Failed,,,2942,1,2,239,4
Failed,,,2338,1,2,250,4
Failed,,,4281,1,2,2,6
Failed,,,4180,1,2,61,3
Failed,,,4275,1,2,50,4
Failed,,,1743,1,2,236,4
Failed,,,4276,1,2,59,3
Failed,,,1233,1,2,156,3
Failed,,,1237,1,2,161,3
Failed,,,2258,1,2,250,4
Failed,,,1220,1,2,157,3
Failed,,,4262,1,2,2,6
Failed,,,2156,1,2,250,4
Failed,,,4302,1,2,55,4
Failed,,,4408,1,2,2,6
Failed,,,4305,1,2,45,4
Failed,,,4290,1,2,2,6
Failed,,,4157,1,2,51,4
Failed,,,1036,1,2,52,3
Failed,,,1815,2172,2,250,3
Failed,,,4257,1,2,46,4
Failed,,,4182,1,1000,2,6
Failed,,,1191,1,2,157,3
Failed,,,2651,1,2,250,4
Failed,,,4262,1,2,48,4
Failed,,,4120,1,2,2,6
Failed,,,4225,1,2,60,3
Failed,,,4163,1,2,2,6
Failed,,,4189,1,2,49,4
Failed,,,3088,1,2,235,4
Failed,,,4175,1,2,60,3
Failed,,,4209,1,2,2,6
Failed,,,4251,1,2,62,3
Failed,,,2568,1,2,250,4
Failed,,,4144,1,2,58,3
Failed,,,4256,1,2,61,3
Failed,,,4331,1,2,2,6
Failed,,,2434,1,2,237,4
Failed,,,4249,1,2,51,4
Failed,,,4305,1,2,2,6
Failed,,,4264,1,2,58,3
Failed,,,1296,1,2,159,3
Failed,,,2046,1,2,240,4
Failed,,,2405,1,2,250,4
Failed,,,4258,1,2,60,3
Failed,,,1187,1,2,158,3
Failed,,,1038,1,1000,2,7
Failed,,,4149,1,2,2,6
Failed,,,4186,1,2,62,3
Failed,,,1026,1,2,50,3
Failed,,,1237,1,2,237,3
Failed,,,4188,1,2,60,3
Failed,,,4229,1,2,60,3
Failed,,,4109,1,2,56,3
Failed,,,2035,1,2,250,4
Failed,,,2296,1,2,250,4
Failed,,,1224,1,2,160,3
Failed,,,1087,1,2,50,3
Failed,,,4394,1,2,109,4
Failed,,,1033,1,2,51,3
Failed,,,3267,1,2,226,4
Failed,,,2406,1,2,204,4
Failed,,,1041,1,2,49,3
Failed,,,4354,1,2,58,3
Failed,,,1226,1,2,162,3
Failed,,,4298,1,2,52,4
Failed,,,1035,1,2,51,3
Failed,,,1265,1,2,155,3
Failed,,,1002,1,2,2,5
Failed,,,4273,1,2,51,4
Failed,,,1447,1069,2,163,3
Failed,,,4381,1,2,53,4
Failed,,,2447,1,2,250,4
Failed,,,4236,1,2,2,6
Failed,,,4508,1,2,63,4
Failed,,,4321,1,2,49,4
Failed,,,1055,1,2,49,3
Failed,,,3608,1,2,166,3
Failed,,,4200,1,2,51,4
Failed,,,4241,1,2,2,6
Failed,,,4255,1,2,59,3
Failed,,,1217,1,2,159,3
Failed,,,1774,1,2,242,4
Failed,,,1178,1,2,171,3
Failed,,,1072,1,2,50,3
Failed,,,4299,1,2,52,4
Failed,,,1325,1,2,160,3
Failed,,,1218,1,2,167,3
Failed,,,4231,1,2,57,3
Failed,,,1495,1,2,250,3
Failed,,,1937,1465,2,250,3
Failed,,,2510,1,2,250,4
Failed,,,4212,1,2,58,3
Failed,,,1254,1,2,164,3
Failed,,,4206,1,837,2,6
Failed,,,3368,1,2,240,4
Failed,,,1815,1,2,234,4
Failed,,,4291,1,2,58,4
Failed,,,2501,1,2,250,4
Failed,,,1922,1,2,250,4
Failed,,,1862,1950,2,250,3
Failed,,,4323,1,2,50,4
Failed,,,4280,1,2,2,6
Failed,,,1071,1,2,50,3
Failed,,,2879,1,2,232,4
Failed,,,4249,1,2,63,3
Failed,,,4181,1,2,52,4
Failed,,,4253,1,2,2,6
Failed,,,2124,1,2,250,4
Failed,,,2362,1,2,250,4
Failed,,,4226,1,2,48,4
Failed,,,4282,1,2,49,4
Failed,,,1060,1,2,50,3
Failed,,,4220,1,2,2,6
Failed,,,2304,1,2,250,4
Failed,,,4285,1,2,2,6
Failed,,,2340,1,2,235,4
Failed,,,4291,1,2,56,3
Failed,,,2504,1,2,245,4
Failed,,,1059,1,2,49,3
Failed,,,1261,1,2,150,3
Failed,,,4309,1,2,50,4
Failed,,,4330,1,2,2,6
Failed,,,2020,1,2,250,4
Failed,,,4128,1,2,48,4
Failed,,,1023,1,2,52,3
Failed,,,4262,1,2,53,4
Failed,,,2184,1,2,250,4
Failed,,,4194,1,2,59,3
Failed,,,2476,1,2,250,4
Failed,,,4177,1,2,59,3
Failed,,,2211,1,2,250,4
Failed,,,4190,1,2,47,4
Failed,,,1023,1,2,51,3
Failed,,,2659,1,2,250,4
Failed,,,4236,1,2,61,3
Failed,,,2093,1,2,250,4
Failed,,,1204,1,2,163,3
Failed,,,4279,1,2,46,4
Failed,,,4237,1,2,59,3
Failed,,,2850,1,2,250,4
Failed,,,4279,1,2,2,6
Failed,,,4224,1,2,49,4
Failed,,,1044,1,2,52,3
Failed,,,4270,1,2,2,6
Failed,,,4259,1,2,46,4
Failed,,,1022,1,2,51,3
Failed,,,3593,1,2,250,4
Failed,,,4303,1,2,54,4
Failed,,,1131,1,2,164,3
Failed,,,1063,1,2,51,3
Failed,,,2189,1,2,237,4
Failed,,,4179,1,2,100,4
Failed,,,1262,1,2,158,3
Failed,,,4185,1,2,2,6
Failed,,,4426,1,2,2,6
Failed,,,1156,1,2,151,3
Failed,,,1794,1,2,244,4
Failed,,,1064,1,2,51,3
Failed,,,3723,1,2,157,3
Failed,,,1814,2054,2,250,3
Failed,,,2887,187,2,241,4
Failed,,,2558,1,2,250,4
Failed,,,4204,1,2,58,3
Failed,,,4593,1,2,2,6
Failed,,,1081,1,2,250,3
Failed,,,4238,1,2,49,4
Failed,,,1036,1,2,50,3
Failed,,,2426,1,2,250,4
Failed,,,4205,1,2,52,4
Failed,,,2318,1,2,249,4
Failed,,,3927,6,420,48,183
Failed,,,1277,468,779,27,208
Failed,,,4566,1882,526,72,122
Failed,,,2425,4466,704,58,238
Failed,,,2653,4638,802,80,173
Failed,,,925,3024,550,3,26
Failed,,,355,2061,999,35,62
Failed,,,4483,3561,490,136,222
Failed,,,3647,589,743,114,147
Failed,,,1569,1615,634,156,168
Failed,,,1302,1,2,164,3
Failed,,,4355,1,2,60,3
Failed,,,1252,1,2,164,3
Failed,,,4171,1,2,60,3
Failed,,,4343,1,2,2,6
Failed,,,4223,1,2,52,4
Failed,,,1288,1,2,160,3
Failed,,,2710,1,2,239,4
Failed,,,4211,1,2,51,4
Failed,,,1212,1,2,162,3
Failed,,,1732,1,2,231,4
Failed,,,1273,1,2,160,3
Failed,,,2344,1,2,250,4
Failed,,,1234,1,2,159,3
Failed,,,1189,1,2,157,3
Failed,,,2748,1,2,238,4
Failed,,,4149,1,2,57,3
Failed,,,4763,1,2,250,4
Failed,,,4163,1,2,47,4
Failed,,,1776,1,2,248,4
Failed,,,2496,1,2,250,4
Failed,,,1939,1,2,241,4
Failed,,,2010,841,968,147,234
Failed,,,1117,2567,207,107,153
Failed,,,86,2191,281,79,185
Failed,,,1789,4225,519,179,197
Failed,,,3262,2762,129,56,116
Failed,,,305,4899,381,101,218
Failed,,,3018,2464,328,21,80
Failed,,,3764,2254,766,141,150
Failed,,,1094,3373,257,39,68
Failed,,,206,1873,198,7,97
Failed,,,4958,2504,692,170,188
Failed,,,3167,787,454,84,198
Failed,,,1426,1968,438,181,242
Failed,,,3744,3654,928,17,42
Failed,,,454,3998,676,65,128
Failed,,,827,1249,875,98,162
Failed,,,4159,1,2,52,4
Failed,,,1020,1,2,50,3
Failed,,,4271,1,2,2,6
Failed,,,1275,1,2,160,3
Failed,,,4198,1,2,51,4
Failed,,,4346,1,2,50,4
Failed,,,4285,1,2,60,3
Failed,,,4218,1,2,46,4
Failed,,,2880,1,2,250,4
Failed,,,1054,1,2,52,3
Failed,,,1284,1,2,250,3
Failed,,,1272,1,2,161,3
Failed,,,4095,1059,653,10,227
Failed,,,4626,3856,836,44,189
Failed,,,123,2694,789,196,248
Failed,,,1964,4117,477,31,172
Failed,,,2904,1600,151,93,141
Failed,,,1929,366,386,73,152
Failed,,,3466,2907,597,89,239
Failed,,,507,4442,849,12,91
Failed,,,715,316,665,41,121
Failed,,,2736,2023,921,120,207
Failed,,,2342,2155,573,20,143
Failed,,,1458,3067,882,49,179
Failed,,,3805,2708,305,8,213
Failed,,,2174,1723,374,53,201
Failed,,,4514,1554,951,4,159
Failed,,,4266,3687,502,34,131
Failed,,,1081,1,2,50,3
Failed,,,2551,1,2,230,5
Failed,,,4291,1,2,50,4
Failed,,,2674,1,2,244,4
Failed,,,4217,4812,741,91,206
Failed,,,2660,1841,496,163,164
Failed,,,2490,2539,986,15,121
Failed,,,860,4993,769,55,142
Failed,,,342,251,718,22,180
Failed,,,3210,4536,410,2,250
Failed,,,2611,404,265,212,236
Failed,,,2678,3802,723,28,109
Failed,,,656,3536,975,75,195
Failed,,,566,1373,541,103,219
Failed,,,3524,975,797,57,72
Failed,,,1313,4653,288,143,146
Failed,,,3318,3178,335,124,165
Failed,,,4806,211,588,130,217
Failed,,,1177,748,407,16,39
Failed,,,3974,4875,897,165,246
Failed,,,250,3118,162,81,86
Failed,,,3051,3719,286,64,99
Failed,,,193,1147,479,51,230
Failed,,,3692,4344,647,40,160
Failed,,,2530,881,838,6,130
Failed,,,2392,720,686,109,194
Failed,,,4121,1631,934,63,109
Failed,,,736,2749,425,149,176
Failed,,,4679,3130,617,29,72
Failed,,,1388,4211,861,77,221
Failed,,,3398,3029,752,159,216
Failed,,,3953,1975,138,26,50
Failed,,,1193,3649,632,173,234
Failed,,,9,1438,824,145,197
Failed,,,1291,2241,560,47,92
Failed,,,4582,100,808,126,240
Failed,,,1078,1,2,51,3
Failed,,,4307,1,2,2,6
Failed,,,4212,1,2,61,3
Failed,,,1038,1,2,50,3
Failed,,,4409,1,1000,2,6
Failed,,,4282,1,2,107,4
Failed,,,4225,1,2,49,4
Failed,,,2178,1,2,250,4
Failed,,,1080,1,2,51,3
Failed,,,1262,1,2,165,3
Failed,,,1928,1,2,242,4
Failed,,,1063,1,2,49,3
Failed,,,4301,1,2,52,4
Failed,,,1041,1,2,52,3
Failed,,,1219,1,2,161,3
Failed,,,2791,1,2,232,4
Failed,,,3247,352,903,134,187
Failed,,,1590,4028,393,33,97
Failed,,,1501,1826,981,99,129
Failed,,,907,125,294,187,205
Failed,,,2221,3403,539,71,161
Failed,,,4049,3755,440,122,140
Failed,,,2824,2039,701,128,246
Failed,,,2870,2844,240,11,182
Failed,,,4695,3960,552,204,227
Failed,,,3430,1930,307,42,154
Failed,,,3480,4720,816,108,123
Failed,,,523,2622,568,60,209
Failed,,,777,2294,884,32,238
Failed,,,2801,56,640,78,88
Failed,,,2577,4157,346,139,193
Failed,,,4301,2437,606,116,173
Failed,,,619,685,760,94,103
Failed,,,3580,1655,516,15,190
Failed,,,1833,473,625,221,247
Failed,,,41,3445,364,28,135
Failed,,,1239,1310,188,56,171
Failed,,,1888,4600,926,190,215
Failed,,,1877,1019,584,33,185
Failed,,,1825,3895,901,5,151
Failed,,,1267,1644,473,71,120
Failed,,,4537,694,225,24,206
Failed,,,4401,2812,908,86,148
Failed,,,1442,4851,663,9,63
Failed,,,4940,561,465,19,117
Failed,,,2051,2976,267,96,243
Failed,,,2112,1201,92,5,67
Failed,,,3839,1463,341,82,232
Failed,,,2441,1,2,250,4
Failed,,,2442,1,2,250,4
Failed,,,1227,1,2,160,3
Failed,,,4132,1,2,47,4
Failed,,,4248,1,2,62,3
Failed,,,4469,1,2,2,6
Failed,,,4188,1,2,2,6
Failed,,,4267,1,2,49,4
Failed,,,4185,1,2,47,4
Failed,,,1133,1,2,250,3
Failed,,,1241,1,2,161,3
Failed,,,1017,1,2,50,3
Failed,,,4187,1,2,62,3
Failed,,,4846,1,2,250,4
Failed,,,4219,1,2,49,4
Failed,,,2701,3282,942,46,226
Failed,,,4016,4506,531,20,166
Failed,,,2818,3575,794,98,155
Failed,,,4165,4078,292,53,240
Failed,,,2210,2216,940,163,190
Failed,,,2624,3411,450,16,32
Failed,,,915,4239,202,95,179
Failed,,,384,827,253,122,141
Failed,,,1493,2543,514,132,224
Failed,,,3253,4036,623,104,212
Failed,,,4870,2008,362,142,170
Failed,,,276,3614,871,57,110
Failed,,,1004,1452,680,28,86
Failed,,,3047,1210,924,74,250
Failed,,,2065,1388,242,128,155
Failed,,,3104,2984,747,41,66
Failed,,,1235,1,2,164,3
Failed,,,477,3138,403,85,237
Failed,,,2765,710,331,40,123
Failed,,,2400,4913,840,141,157
Failed,,,4356,1761,427,29,149
Failed,,,1694,1514,754,43,243
Failed,,,3815,3934,948,88,118
Failed,,,1064,4676,995,118,231
Failed,,,216,551,554,91,200
Failed,,,3196,2101,798,12,99
Failed,,,1657,3521,309,159,182
Failed,,,3715,4859,324,77,130
Failed,,,4412,1576,570,180,236
Failed,,,444,2801,76,32,44
Failed,,,4310,3202,886,146,210
Failed,,,2359,45,348,8,221
Failed,,,4706,428,956,49,139
Failed,,,4206,1,2,56,3
Failed,,,4303,1,2,58,3
Failed,,,4180,1,2,64,3
Failed,,,1185,1,2,163,3
Failed,,,1142,1,2,157,3
Failed,,,4165,1,2,63,3
Failed,,,1849,2211,2,240,3
Failed,,,1074,1,2,50,3
Failed,,,1251,1,2,162,3
Failed,,,4193,1,2,57,3
Failed,,,2317,1,2,244,4
Failed,,,4404,1,2,2,6
Failed,,,1107,3763,545,51,53
Failed,,,4738,4613,481,182,203
Failed,,,3384,1335,726,65,183
Failed,,,3457,4200,155,6,89
Failed,,,4592,1384,444,34,90
Failed,,,2480,3794,266,82,208
Failed,,,2600,3984,231,57,148
Failed,,,2106,3727,703,11,218
Failed,,,3874,2115,630,60,199
Failed,,,4906,3107,822,25,231
Failed,,,873,640,740,211,241
Failed,,,2256,2670,494,46,129
Failed,,,626,4820,277,23,104
Failed,,,576,109,210,54,78
Failed,,,3554,2231,455,102,225
Failed,,,1857,1224,408,137,215
Failed,,,2396,1,2,224,4
Failed,,,1049,1,2,52,3
Failed,,,4275,1,2,2,6
Failed,,,4207,1,2,58,3
Failed,,,260,4304,590,17,244
Failed,,,942,920,899,44,218
Failed,,,3080,4953,966,31,198
Failed,,,1039,2700,714,79,97
Failed,,,3141,290,517,62,232
Failed,,,428,4575,357,41,162
Failed,,,793,498,158,13,128
Failed,,,2331,3459,919,237,243
Failed,,,2749,3611,571,150,178
Failed,,,15,2945,669,113,171
Failed,,,1206,1984,845,80,135
Failed,,,2913,355,601,2,33
Failed,,,1939,1591,866,24,51
Failed,,,2893,2788,376,187,229
Failed,,,3982,759,613,70,154
Failed,,,4818,4173,938,100,184
Failed,,,1239,1,2,163,3
Failed,,,2462,1,2,250,4
Failed,,,4159,1,2,47,4
Failed,,,4226,1,2,59,3
Failed,,,2111,1,2,240,4
Failed,,,4242,1,2,60,3
Failed,,,4133,1,2,2,6
Failed,,,1185,1,2,159,3
Failed,,,4141,1,2,60,3
Failed,,,4247,1,2,2,6
Failed,,,4111,1,2,57,3
Failed,,,1263,1,2,161,3
Failed,,,1070,1,2,51,3
Failed,,,4322,1,2,2,6
Failed,,,4274,1946,977,188,223
Failed,,,3602,1108,290,27,174
Failed,,,4854,4890,603,48,99
Failed,,,4131,327,319,96,188
Failed,,,1379,2898,391,21,78
Failed,,,1781,139,989,86,172
Failed,,,4761,2202,737,8,8
Failed,,,97,3428,244,171,214
Failed,,,1125,1802,303,139,248
Failed,,,2000,4773,556,115,134
Failed,,,1171,3242,764,7,184
Failed,,,128,1694,690,39,152
Failed,,,1744,4977,452,219,233
Failed,,,3509,3483,436,51,207
Failed,,,532,3867,184,97,121
Failed,,,748,1070,368,65,90
Failed,,,1952,1,2,240,4
Failed,,,1070,1,2,50,3
Failed,,,2646,981,706,175,210
Failed,,,589,1892,492,3,196
Failed,,,3570,459,236,80,109
Failed,,,3341,2583,636,22,141
Failed,,,4781,867,383,232,245
Failed,,,2939,2334,820,55,165
Failed,,,2290,1423,397,120,179
Failed,,,840,4390,650,130,191
Failed,,,459,391,834,157,224
Failed,,,4392,3989,345,10,57
Failed,,,1680,798,535,30,111
Failed,,,4950,1865,788,76,213
Failed,,,3753,3365,728,110,249
Failed,,,2042,4290,985,63,85
Failed,,,2142,2475,659,93,230
Failed,,,3848,178,911,14,65
Failed,,,1084,1,2,51,3
Failed,,,4300,1,2,2,6
Failed,,,4204,1,2,57,3
Failed,,,1028,1,2,50,3
Failed,,,2348,1,2,250,4
Failed,,,2264,1,2,250,4
Failed,,,4136,1,2,2,6
Failed,,,4200,1,2,49,4
Failed,,,1187,1,2,162,3
Failed,,,4953,1,2,241,4
Failed,,,1027,1,2,50,3
Failed,,,4155,1,2,61,3
Failed,,,4224,1,2,2,6
Failed,,,1580,2774,859,124,202
Failed,,,3634,3779,781,144,235
Failed,,,4233,3016,469,72,159
Failed,,,2294,4383,961,92,154
Failed,,,2786,4563,551,54,219
Failed,,,2934,4375,256,19,129
Failed,,,3946,2337,509,227,241
Failed,,,4776,2595,943,200,205
Failed,,,3346,874,197,50,161
Failed,,,594,3913,927,40,232
Failed,,,686,1155,618,6,199
Failed,,,2725,1499,874,84,98
Failed,,,4238,993,903,109,135
Failed,,,4484,3782,579,77,171
Failed,,,3639,2070,342,177,214
Failed,,,1575,732,295,88,226
Failed,,,1263,1,2,170,3
Failed,,,4327,1,2,2,6
Failed,,,1050,1,2,51,3
Failed,,,92,156,683,134,236
Failed,,,4766,4224,173,33,43
Failed,,,1785,3431,430,112,130
Failed,,,1384,1188,950,53,99
Failed,,,3468,4436,445,155,182
Failed,,,4655,1474,698,99,200
Failed,,,4126,3599,757,71,230
Failed,,,978,2468,982,129,177
Failed,,,3853,3157,476,43,103
Failed,,,2146,4185,220,121,190
Failed,,,2046,2248,421,25,123
Failed,,,4945,4844,352,106,237
Failed,,,1675,2508,96,60,89
Failed,,,1408,373,527,125,182
Failed,,,465,3662,274,133,203
Failed,,,4335,2969,705,15,53
Failed,,,2326,501,484,208,216
Failed,,,798,3476,722,45,166
Failed,,,423,1304,796,16,140
Failed,,,159,4101,334,74,109
Failed,,,3085,1663,406,56,220
Failed,,,2987,4692,208,91,92
Failed,,,947,2649,460,12,240
Failed,,,3234,69,282,118,120
Failed,,,3597,2817,850,61,152
Failed,,,743,3091,803,102,117
Failed,,,537,2139,744,69,79
Failed,,,3514,525,1000,23,244
Failed,,,1167,264,329,36,148
Failed,,,1963,3224,566,214,221
Failed,,,4034,849,373,5,12
Failed,,,1130,4780,867,168,210
Failed,,,2611,1,2,230,4
Failed,,,4195,1,2,60,3
Failed,,,1252,1,2,167,3
Failed,,,1856,1,2,231,4
Failed,,,2343,1,2,250,4
Failed,,,1060,1,2,52,3
Failed,,,4165,1,2,2,6
Failed,,,1321,1,2,162,3
Failed,,,2856,1,2,250,4
Failed,,,4232,1,2,48,4
Failed,,,1025,1,2,50,3
Failed,,,2227,1,2,245,4
Failed,,,1083,1,2,51,3
Failed,,,4317,1,2,52,4
Failed,,,1170,1,2,163,3
Failed,,,2416,4056,501,23,66
Failed,,,4911,1085,262,63,195
Failed,,,2605,1943,666,32,186
Failed,,,2475,2084,827,116,250
Failed,,,4183,568,574,37,86
Failed,,,4597,4656,883,9,111
Failed,,,1325,3008,627,86,212
Failed,,,1846,209,247,20,55
Failed,,,3304,4170,736,183,225
Failed,,,4823,2443,499,67,142
Failed,,,2898,747,811,151,191
Failed,,,1919,1981,546,140,211
Failed,,,1211,4005,285,118,160
Failed,,,11,1217,234,84,131
Failed,,,3284,1444,478,7,45
Failed,,,1862,2933,972,171,236
Failed,,,1220,1,2,162,3
Failed,,,4449,38,561,26,153
Failed,,,4351,4740,987,59,185
Failed,,,2529,1773,249,191,198
Failed,,,2770,2750,770,3,85
Failed,,,730,4910,522,79,249
Failed,,,472,160,963,114,213
Failed,,,3452,2492,719,35,112
Failed,,,1405,3131,210,136,169
Failed,,,3549,4271,894,66,201
Failed,,,571,3380,646,18,100
Failed,,,631,1842,837,52,66
Failed,,,4202,2530,332,153,156
Failed,,,2673,819,593,97,229
Failed,,,2251,628,933,10,165
Failed,,,343,2403,371,207,245
Failed,,,1529,4130,616,44,141
Failed,,,4334,1,2,46,4
Failed,,,4304,1,2,58,3
Failed,,,2394,1,2,250,4
Failed,,,1236,1,2,159,3
Failed,,,1146,1,2,161,3
Failed,,,4268,1,2,48,4
Failed,,,1031,1,2,51,3
Failed,,,1953,165,2,250,4
Failed,,,2485,1,2,233,4
Failed,,,1055,1,2,51,3
Failed,,,4265,1,2,61,3
Failed,,,2731,1,2,244,4
Failed,,,4166,1,2,60,3
Failed,,,2219,1,2,249,4
Failed,,,1698,4474,315,14,207
Failed,,,3673,3312,300,220,233
Failed,,,389,2554,817,90,183
Failed,,,3379,4625,163,101,143
Failed,,,4743,1342,916,157,224
Failed,,,110,3035,411,55,57
Failed,,,1112,2035,110,22,30
Failed,,,4057,3592,600,185,191
Failed,,,2823,617,354,69,179
Failed,,,2854,4499,829,202,242
Failed,,,4701,3700,393,25,162
Failed,,,1358,1749,732,4,233
Failed,,,2364,3336,783,34,199
Failed,,,2560,3184,693,75,134
Failed,,,4314,224,447,175,248
Failed,,,851,4153,941,27,32
Failed,,,4320,1,2,2,6
Failed,,,4267,1,2,63,3
Failed,,,4532,2716,664,48,244
Failed,,,1820,2186,466,38,174
Failed,,,1893,1328,487,227,235
Failed,,,1234,4602,748,31,131
Failed,,,46,485,799,61,159
Failed,,,3720,1569,759,103,172
Failed,,,1652,563,868,131,144
Failed,,,3201,3809,363,45,78
Failed,,,1060,1405,432,94,189
Failed,,,3099,944,187,17,102
Failed,,,2070,4679,677,164,178
Failed,,,3042,2918,489,107,208
Failed,,,3837,1193,750,147,159
Failed,,,1000,4429,241,61,122
Failed,,,281,343,308,31,89
Failed,,,3662,4793,569,13,20
Failed,,,1079,1,2,51,3
Failed,,,2233,1,2,250,4
Failed,,,4253,1,2,49,4
Failed,,,2466,1,2,250,4
Failed,,,4214,1,2,58,3
Failed,,,4270,1,2,60,3
Failed,,,4272,1,2,48,4
Failed,,,2945,1,2,236,4
Failed,,,4225,1,2,58,3
Failed,,,2374,1,2,250,4
Failed,,,4197,1,2,57,3
Failed,,,910,2218,641,119,153
Failed,,,2619,121,885,40,52
Failed,,,2215,4256,380,127,228
Failed,,,2459,311,607,66,116
Failed,,,4170,2349,856,21,218
Failed,,,4012,2842,433,209,223
Failed,,,676,2360,133,89,100
Failed,,,2696,302,378,12,201
Failed,,,902,3415,854,150,245
Failed,,,379,1829,662,184,216
Failed,,,1496,4804,417,66,165
Failed,,,1585,2007,957,8,71
Failed,,,4878,335,709,87,220
Failed,,,3844,4421,776,115,196
Failed,,,2117,2929,532,38,109
Failed,,,2056,955,832,70,207
Failed,,,1051,1,2,52,3
Failed,,,2539,1,2,237,4
Failed,,,3909,1,2,152,3
Failed,,,4272,1,2,50,4
Failed,,,2741,1,2,226,4
Failed,,,481,4209,563,144,187
Failed,,,4116,4922,495,27,68
Failed,,,2387,2742,250,72,232
Failed,,,2535,2610,278,35,172
Failed,,,4443,4351,965,243,249
Failed,,,3787,1396,583,24,121
Failed,,,4935,3520,900,53,91
Failed,,,1646,3821,655,100,239
Failed,,,3728,2795,733,135,197
Failed,,,4397,772,472,111,184
Failed,,,2572,2430,785,167,233
Failed,,,2285,3195,291,4,51
Failed,,,2796,3328,201,103,111
Failed,,,772,4336,449,57,213
Failed,,,3484,1740,252,75,85
Failed,,,3435,3953,871,16,178
Failed,,,188,2857,918,21,188
Failed,,,1034,1904,602,56,226
Failed,,,2997,3516,544,7,238
Failed,,,976,3836,793,84,90
Failed,,,245,1076,725,117,122
Failed,,,3205,1264,970,39,208
Failed,,,1543,239,892,198,229
Failed,,,337,3211,154,52,153
Failed,,,865,1701,330,17,184
Failed,,,2485,810,426,44,80
Failed,,,2865,1115,679,45,142
Failed,,,2024,608,631,14,14
Failed,,,4044,2046,879,92,162
Failed,,,4736,3047,579,125,128
Failed,,,3393,1009,317,133,242
Failed,,,1393,2483,302,106,198
Failed,,,1183,1,2,250,3
Failed,,,4172,1,2,61,3
Failed,,,1359,1,2,166,3
Failed,,,1892,1,2,232,4
Failed,,,4252,1,2,59,3
Failed,,,1231,1,2,167,3
Failed,,,4280,1,2,50,4
Failed,,,4207,1,2,2,6
Failed,,,1044,1,2,49,3
Failed,,,4252,1,2,58,3
Failed,,,2067,1,2,250,4
Failed,,,4212,1,2,2,6
Failed,,,1068,1,2,49,3
Failed,,,4308,1,2,61,3
Failed,,,3687,2321,211,3,134
Failed,,,3146,4485,670,69,103
Failed,,,2169,4700,813,19,225
Failed,,,2665,4819,931,129,137
Failed,,,4587,3391,369,88,217
Failed,,,3538,118,614,158,168
Failed,,,1296,4262,125,9,117
Failed,,,1875,1436,505,76,148
Failed,,,4833,1228,753,30,61
Failed,,,4,4396,260,178,223
Failed,,,1198,359,193,148,193
Failed,,,1924,3638,947,110,174
Failed,,,2908,4872,715,119,161
Failed,,,3969,1583,462,127,205
Failed,,,20,2452,518,11,43
Failed,,,3313,199,774,90,129
Failed,,,4181,1,2,48,4
Failed,,,1062,1,2,51,3
Failed,,,2741,4044,482,94,243
Failed,,,720,3607,230,15,80
Failed,,,502,1483,289,46,117
Failed,,,4668,2895,794,131,167
Failed,,,3370,3419,589,56,63
Failed,,,81,4232,841,104,149
Failed,,,1318,1380,852,180,186
Failed,,,3520,2997,358,32,98
Failed,,,661,577,415,108,231
Failed,,,2682,2074,159,60,68
Failed,,,2462,3554,668,146,150
Failed,,,4519,4512,392,37,135
Failed,,,3606,1551,629,217,247
Failed,,,1611,77,738,50,189
Failed,,,4901,2272,990,95,104
Failed,,,3899,2637,557,67,77
Failed,,,4223,1,2,58,3
Failed,,,1037,1,2,51,3
Failed,,,4241,1,2,60,3
Failed,,,4243,1,2,2,6
Failed,,,4391,1,2,2,6
Failed,,,2410,1,2,250,4
Failed,,,2254,1,2,250,4
Failed,,,4248,1,2,51,4
Failed,,,1283,1,2,169,3
Failed,,,1182,1,2,154,3
Failed,,,1634,1,2,235,4
Failed,,,3800,668,865,33,237
Failed,,,5000,4090,681,5,209
Failed,,,1708,3258,937,82,123
Failed,,,1463,1046,443,23,155
Failed,,,790,2162,756,200,203
Failed,,,4478,601,929,169,196
Failed,,,360,3771,435,6,22
Failed,,,1122,858,642,74,173
Failed,,,2006,2570,404,176,193
Failed,,,1969,2389,912,59,130
Failed,,,1752,2676,604,26,160
Failed,,,4622,2148,273,14,231
Failed,,,4100,3099,213,47,201
Failed,,,2301,1231,549,186,246
Failed,,,2551,4391,59,22,38
Failed,,,822,2958,312,68,140
Failed,,,4235,1,2,48,4
Failed,,,1047,1,2,51,3
Failed,,,2257,1,2,250,4
Failed,,,1043,1,2,49,3
Failed,,,2436,1,2,244,4
Failed,,,4770,1789,534,43,179
Failed,,,3932,3296,984,11,141
Failed,,,1913,871,279,18,191
Failed,,,4565,1157,919,39,169
Failed,,,459,1957,237,102,166
Failed,,,1421,3991,998,155,216
Failed,,,3172,2516,889,113,221
Failed,,,211,4833,637,36,72
Failed,,,1089,81,821,2,108
Failed,,,3769,4296,327,165,176
Failed,,,3109,2257,565,81,195
Failed,,,2137,184,258,152,165
Failed,,,3013,4193,763,51,120
Failed,,,990,3146,511,99,206
Failed,,,310,1608,945,64,241
Failed,,,3267,741,688,18,91
Failed,,,359,996,572,75,233
Failed,,,3649,1355,827,30,70
Failed,,,3272,4182,302,89,163
Failed,,,4858,2471,556,157,207
Failed,,,311,3159,51,10,14
Failed,,,3864,2758,989,129,240
Failed,,,3009,730,244,120,127
Failed,,,2037,1871,937,174,220
Failed,,,3108,2509,428,26,60
Failed,,,1085,4841,177,72,147
Failed,,,215,90,376,106,175
Failed,,,920,982,111,40,50
Failed,,,4224,4640,620,142,234
Failed,,,2648,1366,367,117,151
Failed,,,4160,1164,396,77,110
Failed,,,1272,3738,344,63,250
Failed,,,1665,3378,614,144,195
Failed,,,3747,4385,505,124,245
Failed,,,4378,1409,266,134,140
Failed,,,455,2966,756,48,82
Failed,,,825,1965,698,14,115
Failed,,,4324,3659,192,161,165
Failed,,,2553,376,953,93,217
Failed,,,2369,527,544,55,157
Failed,,,754,3489,290,203,230
Failed,,,1333,4566,976,22,181
Failed,,,1750,2402,405,80,87
Failed,,,3993,4964,336,35,211
Failed,,,4156,3916,595,6,137
Failed,,,2716,1877,357,247,249
Failed,,,2651,3557,629,62,96
Failed,,,922,3784,880,110,197
Failed,,,4485,1,2,2,6
Failed,,,4240,1,2,62,3
Failed,,,1019,1,2,50,3
Failed,,,4230,1,2,61,3
Failed,,,1050,1,2,52,3
Failed,,,4248,1,2,49,4
Failed,,,1582,1,2,248,4
Failed,,,4287,1,2,50,4
Failed,,,4181,1,2,59,3
Failed,,,4443,1,2,2,6
Failed,,,1033,1,2,50,3
Failed,,,4312,1,2,53,4
Failed,,,1038,1,2,52,3
Failed,,,1265,1,2,157,3
Failed,,,1056,1,2,49,3
Failed,,,1281,1,2,158,3
Failed,,,1563,1940,873,62,214
Failed,,,4520,410,622,107,112
Failed,,,4260,4527,929,79,84
Failed,,,2237,2815,674,31,248
Failed,,,2685,3005,834,115,187
Failed,,,1121,4221,349,4,74
Failed,,,81,847,166,34,106
Failed,,,4755,4777,660,135,174
Failed,,,3375,1817,421,111,193
Failed,,,1374,323,468,154,244
Failed,,,500,3596,706,100,138
Failed,,,722,1472,780,70,168
Failed,,,4356,1301,746,44,229
Failed,,,4424,3474,804,17,203
Failed,,,1463,3877,548,94,100
Failed,,,169,4949,819,223,238
Failed,,,3314,4880,224,21,118
Failed,,,25,2783,475,67,204
Failed,,,2908,207,297,49,93
Failed,,,2929,2931,554,141,149
Failed,,,3949,1219,308,117,222
Failed,,,4831,4008,242,84,194
Failed,,,3293,1978,995,170,173
Failed,,,1871,3644,486,6,107
Failed,,,1298,816,886,65,138
Failed,,,4589,1844,638,19,38
Failed,,,640,2244,324,152,218
Failed,,,2482,4269,570,98,167
Failed,,,1053,276,636,188,208
Failed,,,2074,3252,382,58,158
Failed,,,3900,2284,452,13,178
Failed,,,3225,935,763,206,227
Failed,,,2505,1,2,250,4
Failed,,,1267,1,2,156,3
Failed,,,2592,1,2,246,4
Failed,,,1045,1,2,50,3
Failed,,,2072,1,2,250,4
Failed,,,1063,1,2,50,3
Failed,,,2295,1,2,250,4
Failed,,,1205,1,2,160,3
Failed,,,4298,1,2,66,3
Failed,,,2265,1,2,250,4
Failed,,,1067,1,2,50,3
Failed,,,4169,1,2,58,3
Failed,,,4310,1,2,63,3
Failed,,,558,571,906,8,48
Failed,,,4607,3808,397,172,232
Failed,,,3518,2083,651,87,149
Failed,,,2024,4628,362,68,241
Failed,,,2863,3963,316,99,105
Failed,,,146,1525,384,24,224
Failed,,,3436,1127,141,71,77
Failed,,,2596,4127,909,11,228
Failed,,,3626,627,609,43,203
Failed,,,1631,2120,531,194,237
Failed,,,249,3846,269,64,133
Failed,,,973,1088,219,29,157
Failed,,,3149,438,338,15,144
Failed,,,3682,2601,785,73,113
Failed,,,393,4737,538,25,215
Failed,,,809,36,978,59,247
Failed,,,1034,1,2,51,3
Failed,,,2139,1,2,250,4
Failed,,,1058,1,2,52,3
Failed,,,4398,4152,523,57,70
Failed,,,1440,3187,767,105,234
Failed,,,3191,4682,845,132,206
Failed,,,3787,3527,407,95,126
Failed,,,3090,565,669,163,240
Failed,,,2061,3812,164,16,40
Failed,,,2117,1993,481,108,146
Failed,,,1010,4032,727,146,221
Failed,,,2385,2494,762,2,22
Failed,,,2760,3134,253,165,199
Failed,,,4112,157,515,80,186
Failed,,,4687,4909,939,113,150
Failed,,,1396,2753,696,36,49
Failed,,,4732,2032,434,54,119
Failed,,,100,3591,924,156,161
Failed,,,4048,3033,118,23,93
Failed,,,1057,1,2,50,3
Failed,,,4212,1,2,57,3
Failed,,,2352,1,2,241,4
Failed,,,1234,1,2,165,3
Failed,,,1033,1,2,49,3
Failed,,,2401,1,2,238,4
Failed,,,1051,1,2,49,3
Failed,,,4454,1,2,2,6
Failed,,,4237,1,2,43,4
Failed,,,2317,1,2,250,4
Failed,,,4275,1,2,48,4
Failed,,,3484,3338,740,5,170
Failed,,,2796,1752,806,34,136
Failed,,,2282,1571,716,74,196
Failed,,,4304,777,964,28,95
Failed,,,841,4845,454,176,186
Failed,,,1596,1448,440,172,209
Failed,,,290,1195,793,180,195
Failed,,,1498,118,593,12,82
Failed,,,4458,2220,840,91,246
Failed,,,4244,2558,649,118,216
Failed,,,2628,831,403,128,166
Failed,,,2224,4791,892,42,115
Failed,,,677,2718,863,20,155
Failed,,,623,2352,688,49,182
Failed,,,1252,4063,426,197,200
Failed,,,3339,3057,442,37,236
Failed,,,4356,1,2,2,6
Failed,,,4776,1,2,250,4
Failed,,,1090,1,2,52,3
Failed,,,2197,1,2,238,4
Failed,,,1222,1,2,166,3
Failed,,,445,4143,496,112,247
Failed,,,2563,1581,298,5,113
Failed,,,2275,2798,808,168,170
Failed,,,2805,2636,719,190,232
Failed,,,4070,911,456,56,151
Failed,,,1233,478,260,85,124
Failed,,,1884,2175,973,78,108
Failed,,,3926,488,725,33,193
Failed,,,4796,4604,791,60,222
Failed,,,614,3266,838,204,219
Failed,,,666,1651,647,239,243
Failed,,,2459,4924,401,12,139
Failed,,,4258,1831,861,151,182
Failed,,,912,2549,371,50,102
Failed,,,388,2211,181,19,64
Failed,,,3659,129,424,67,227
Failed,,,111,2043,586,126,191
Failed,,,3384,610,830,47,104
Failed,,,1767,3770,340,132,180
Failed,,,3449,2745,293,105,136
Failed,,,4674,705,540,145,250
Failed,,,4107,4207,980,173,212
Failed,,,2773,2485,228,73,170
Failed,,,282,4424,702,86,157
Failed,,,998,336,752,116,133
Failed,,,3038,2004,508,37,47
Failed,,,3098,3824,823,71,145
Failed,,,1056,3518,576,23,59
Failed,,,4926,2981,386,154,190
Failed,,,3201,957,633,99,177
Failed,,,1427,2431,742,134,135
Failed,,,3718,3199,248,33,83
Failed,,,4287,1,2,51,4
Failed,,,1053,1,2,51,3
Failed,,,1274,1,2,164,3
Failed,,,1659,1,2,233,4
Failed,,,1066,1,2,51,3
Failed,,,1226,1,2,165,3
Failed,,,1051,1,2,51,3
Failed,,,2276,1,2,250,4
Failed,,,4310,1,2,53,4
Failed,,,4261,1,2,2,6
Failed,,,4270,1,2,59,3
Failed,,,4301,1,2,53,4
Failed,,,1720,1118,846,15,241
Failed,,,1982,3955,672,46,205
Failed,,,2818,4619,655,14,76
Failed,,,1111,3045,902,91,225
Failed,,,1191,3172,453,126,143
Failed,,,4822,2791,510,12,105
Failed,,,2308,2324,254,36,235
Failed,,,4453,4729,447,81,94
Failed,,,1473,2612,204,2,197
Failed,,,4967,1902,926,22,126
Failed,,,3813,2854,626,55,164
Failed,,,3066,1143,364,203,206
Failed,,,2163,1262,553,6,176
Failed,,,235,542,240,218,221
Failed,,,1637,3513,993,40,145
Failed,,,1533,637,378,98,114
Failed,,,4236,1,2,47,4
Failed,,,1050,1,2,50,3
Failed,,,4285,1,2,62,3
Failed,,,2884,1,2,241,4
Failed,,,2693,1378,676,147,212
Failed,,,323,399,399,38,197
Failed,,,3236,4699,731,49,127
Failed,,,4891,1736,477,197,239
Failed,,,2985,74,789,20,163
Failed,,,4290,3212,322,18,246
Failed,,,2495,115,907,128,200
Failed,,,568,1855,345,87,155
Failed,,,3547,807,102,10,54
Failed,,,1305,4817,607,159,230
Failed,,,3284,3636,529,77,210
Failed,,,15,4019,776,29,124
Failed,,,1207,1230,711,63,87
Failed,,,2918,1433,954,109,237
Failed,,,1939,197,692,120,224
Failed,,,3978,2455,943,41,75
Failed,,,1034,1,2,52,3
Failed,,,2529,1,2,240,4
Failed,,,1289,1,2,165,3
Failed,,,4166,1,2,53,4
Failed,,,1252,1,2,157,3
Failed,,,4222,1,2,50,4
Failed,,,4244,1,2,58,3
Failed,,,1054,1,2,50,3
Failed,,,1297,1,2,159,3
Failed,,,4168,1,2,2,6
Failed,,,4363,1,2,50,4
Failed,,,1171,1,2,160,3
Failed,,,1842,4869,766,89,192
Failed,,,1327,2072,366,31,36
Failed,,,3529,3551,875,179,249
Failed,,,4182,4666,438,107,169
Failed,,,2383,3861,951,210,245
Failed,,,4333,1955,287,69,202
Failed,,,1042,4088,856,34,174
Failed,,,160,665,658,4,146
Failed,,,3692,3885,466,24,217
Failed,,,423,3463,215,70,115
Failed,,,2414,1181,490,93,181
Failed,,,4122,1481,238,17,17
Failed,,,711,2892,744,165,201
Failed,,,491,2018,802,130,229
Failed,,,4658,3604,312,45,55
Failed,,,1785,1806,566,57,125
Failed,,,2111,1,2,232,4
Failed,,,1074,1,2,51,3
Failed,,,4316,1,2,2,6
Failed,,,2689,1,2,244,4
Failed,,,2147,739,770,52,57
Failed,,,3022,4884,281,153,227
Failed,,,3858,1611,519,98,144
Failed,,,4845,3148,967,65,178
Failed,,,3278,182,207,181,189
Failed,,,1575,4190,713,17,29
Failed,,,4487,985,412,7,84
Failed,,,4762,856,817,103,211
Failed,,,4038,4229,635,75,235
Failed,,,1995,3421,890,28,87
Failed,,,2873,2679,935,58,192
Failed,,,1163,4972,684,106,106
Failed,,,137,270,867,72,75
Failed,,,3407,2391,612,26,222
Failed,,,533,3097,264,13,168
Failed,,,747,2144,191,48,138
Failed,,,930,604,597,140,172
Failed,,,2194,3565,359,118,214
Failed,,,4150,452,882,224,233
Failed,,,4552,4462,574,196,198
Failed,,,3570,1485,320,62,188
Failed,,,77,3299,558,44,242
Failed,,,1223,1790,991,10,204
Failed,,,2931,860,736,88,118
Failed,,,1228,4750,427,47,246
Failed,,,3344,2340,375,91,115
Failed,,,4389,2955,230,101,228
Failed,,,1411,4393,485,55,65
Failed,,,1671,2260,897,113,158
Failed,,,1078,792,334,166,238
Failed,,,3758,4830,844,3,46
Failed,,,2051,2518,588,80,132
Failed,,,1024,1,2,49,3
Failed,,,1901,1,2,250,4
Failed,,,4117,1,2,51,4
Failed,,,1036,1,2,51,3
Failed,,,1257,1,2,168,3
Failed,,,1728,1,2,244,4
Failed,,,4158,1,2,59,3
Failed,,,2359,1,2,237,4
Failed,,,4250,1,2,58,3
Failed,,,1037,1,2,50,3
Failed,,,4276,1,2,2,6
Failed,,,1280,1,2,158,3
Failed,,,1047,1,2,49,3
Failed,,,4386,1,2,50,4
Failed,,,1043,1,2,51,3
Failed,,,4196,1,2,57,3
Failed,,,2878,658,500,29,234
Failed,,,2000,150,451,60,113
Failed,,,2837,4227,944,146,171
Failed,,,4757,2564,258,78,247
Failed,,,3565,4464,755,25,146
Failed,,,4145,3744,443,191,194
Failed,,,2735,465,697,59,176
Failed,,,2190,588,794,81,236
Failed,,,4230,2065,543,2,88
Failed,,,364,1351,482,137,160
Failed,,,4492,3026,975,36,124
Failed,,,1513,4635,720,112,210
Failed,,,3273,3160,642,155,231
Failed,,,4850,190,404,102,156
Failed,,,3027,1613,841,186,201
Failed,,,1083,2501,774,141,212
Failed,,,2505,3070,582,19,205
Failed,,,795,4581,833,67,119
Failed,,,3697,2157,905,50,242
Failed,,,165,2706,223,37,186
Failed,,,1037,2379,296,9,150
Failed,,,2980,3346,350,54,139
Failed,,,3894,62,604,200,243
Failed,,,197,2252,715,169,250
Failed,,,4949,3370,206,6,34
Failed,,,1676,4281,461,85,136
Failed,,,1415,1415,920,18,105
Failed,,,4393,1247,668,64,190
Failed,,,4328,3995,852,99,224
Failed,,,2287,3655,596,51,76
Failed,,,752,3854,629,11,164
Failed,,,528,1056,828,43,126
Failed,,,3241,1720,167,23,167
Failed,,,328,3690,959,5,222
Failed,,,894,1556,526,33,194
Failed,,,2477,973,746,29,47
Failed,,,2688,4650,237,176,237
Failed,,,4187,1376,998,74,133
Failed,,,4594,3538,549,104,157
Failed,,,3534,573,311,143,209
Failed,,,1837,1598,326,123,228
Failed,,,4817,751,75,46,63
Failed,,,36,4876,565,131,155
Failed,,,1381,2026,621,90,177
Failed,,,4653,314,872,11,28
Failed,,,496,4059,367,160,189
Failed,,,4127,4439,673,42,59
Failed,,,2419,2909,928,119,144
Failed,,,4457,1,2,45,4
Failed,,,5000,1,2,231,4
Failed,,,1055,1,2,50,3
Failed,,,4263,1,2,2,6
Failed,,,1232,1,2,151,3
Failed,,,1069,1,2,50,3
Failed,,,1828,1,2,249,4
Failed,,,1048,1,2,50,3
Failed,,,1382,1,2,250,3
Failed,,,1077,1,2,51,3
Failed,,,4259,1,2,2,6
Failed,,,1065,1,2,50,3
Failed,,,2861,1,2,224,4
Failed,,,1260,1,2,161,3
Failed,,,4197,1,2,59,3
Failed,,,4376,1,2,59,3
Failed,,,4112,2497,416,148,238
Failed,,,3454,722,854,76,158
Failed,,,1186,214,889,164,183
Failed,,,3983,4163,383,16,101
Failed,,,2913,4412,394,72,214
Failed,,,1202,2940,147,27,112
Failed,,,20,1977,337,58,84
Failed,,,572,4815,784,125,177
Failed,,,630,102,734,92,143
Failed,,,2670,2238,977,13,58
Failed,,,2500,3386,472,162,226
Failed,,,2251,2410,514,102,118
Failed,,,4295,254,761,56,204
Failed,,,4505,4995,695,21,242
Failed,,,1529,2659,938,69,94
Failed,,,1632,535,433,3,187
Failed,,,2813,1347,220,44,101
Failed,,,2019,3032,709,129,184
Failed,,,1725,2846,283,41,217
Failed,,,3490,4321,330,193,220
Failed,,,4637,2292,592,61,147
Failed,,,4065,2619,891,32,175
Failed,,,2568,4854,862,38,87
Failed,,,859,2810,615,115,235
Failed,,,962,1260,870,215,232
Failed,,,3062,2871,799,229,244
Failed,,,4962,3943,487,52,168
Failed,,,3160,1910,748,198,217
Failed,,,1468,884,639,39,223
Failed,,,4351,3318,571,84,106
Failed,,,2312,4345,814,7,193
Failed,,,2768,4214,663,110,132
Failed,,,3713,219,687,8,125
Failed,,,3196,2979,193,66,156
Failed,,,4931,940,946,184,230
Failed,,,220,4685,441,20,55
Failed,,,3771,3816,506,150,201
Failed,,,3103,2094,260,97,181
Failed,,,2121,349,579,167,213
Failed,,,3043,4026,70,4,4
Failed,,,1003,3628,317,83,169
Failed,,,277,1464,142,111,137
Failed,,,3257,1198,385,34,35
Failed,,,1601,4426,879,135,250
Failed,,,3654,3401,988,100,191
Failed,,,4469,127,251,153,178
Failed,,,3389,3589,270,9,64
Failed,,,1106,1003,463,121,202
Failed,,,1066,1,2,52,3
Failed,,,4398,1,2,2,6
Failed,,,4292,1,2,48,4
Failed,,,1032,1,2,51,3
Failed,,,4363,1,2,58,3
Failed,,,3400,1,2,247,4
Failed,,,1049,1,2,50,3
Failed,,,4406,1,2,2,6
Failed,,,1233,1,2,154,3
Failed,,,2629,1,2,243,4
Failed,,,4234,1,2,50,4
Failed,,,4173,1,2,60,3
Failed,,,1061,1,2,50,3
Failed,,,4140,1,2,56,3
Failed,,,1041,1,2,51,3
Failed,,,441,2434,930,87,211
Failed,,,3095,3525,234,127,218
Failed,,,3783,548,972,119,168
Failed,,,4939,4674,546,90,138
Failed,,,3186,1390,285,160,244
Failed,,,1646,2987,790,13,36
Failed,,,383,4253,741,53,106
Failed,,,917,839,807,24,75
Failed,,,2626,1823,563,70,223
Failed,,,2454,1653,965,45,163
Failed,,,1268,3279,524,16,127
Failed,,,1823,1028,109,75,96
Failed,,,4801,1313,356,27,197
Failed,,,2965,3892,577,35,248
Failed,,,43,1322,634,83,113
Failed,,,3335,1017,877,4,214
Failed,,,4192,1,2,59,3
Failed,,,4645,3321,933,216,239
Failed,,,3479,48,180,38,132
Failed,,,3432,2835,701,96,101
Failed,,,141,4503,948,48,202
Failed,,,1139,426,508,21,228
Failed,,,2029,1337,801,97,217
Failed,,,4053,1012,554,51,115
Failed,,,4728,3761,994,18,81
Failed,,,618,4080,249,25,144
Failed,,,682,697,299,53,178
Failed,,,2219,1832,457,17,94
Failed,,,4463,4242,276,124,204
Failed,,,3667,2213,522,131,162
Failed,,,1590,1207,600,104,150
Failed,,,285,2924,354,143,232
Failed,,,2112,4035,916,75,188
Failed,,,1049,1,2,51,3
Failed,,,4326,1,2,50,4
Failed,,,2612,1,2,228,4
Failed,,,1048,1,2,51,3
Failed,,,4249,1,2,2,6
Failed,,,1069,1,2,51,3
Failed,,,2227,1,2,250,4
Failed,,,1226,1,2,166,3
Failed,,,1617,1,2,230,4
Failed,,,1076,1,2,51,3
Failed,,,894,1,2,34,4
Failed,,,1060,1,2,51,3
Failed,,,1445,228,331,79,192
Failed,,,845,1573,893,147,147
Failed,,,4299,2799,400,62,74
Failed,,,2801,4710,370,7,159
Failed,,,4216,111,253,22,41
Failed,,,636,4267,759,184,239
Failed,,,586,804,693,157,207
Failed,,,1770,3578,751,66,245
Failed,,,1391,711,132,7,26
Failed,,,3447,4916,641,171,195
Failed,,,4682,1637,379,84,175
Failed,,,2755,174,816,140,220
Failed,,,2390,4203,323,39,61
Failed,,,2534,4354,171,76,125
Failed,,,804,3306,418,30,211
Failed,,,3154,3729,777,44,180
Failed,,,2183,1,2,240,4
Failed,,,4344,1,2,27,5
Failed,,,1044,1,2,50,3
Failed,,,4273,1,2,48,4
Failed,,,1293,2526,446,101,163
Failed,,,1866,352,925,35,69
Failed,,,3298,4020,431,136,153
Failed,,,4827,1986,677,114,234
Failed,,,3953,2948,868,79,198
Failed,,,1934,4401,625,3,95
Failed,,,2903,3166,857,24,114
Failed,,,1173,4175,606,71,216
Failed,,,29,762,914,99,246
Failed,,,3318,1589,659,53,82
Failed,,,3523,3791,216,112,175
Failed,,,3049,1518,712,10,156
Failed,,,2154,1080,392,191,249
Failed,,,968,3108,654,58,137
Failed,,,254,2118,829,26,169
Failed,,,2591,2419,470,47,192
Failed,,,4206,1,2,2,6
Failed,,,1090,1,2,50,3
Failed,,,1857,1,2,242,4
Failed,,,1047,1,2,50,3
Failed,,,1031,1,2,50,3
Failed,,,2945,1,2,234,4
Failed,,,1204,1,2,168,3
Failed,,,4387,1,2,2,6
Failed,,,1057,1,2,51,3
Failed,,,3222,74,2,233,4
Failed,,,1061,1,2,51,3
Failed,,,1052,1,2,50,3
Failed,,,4241,1,2,58,3
Failed,,,1030,1,2,51,3
Failed,,,4151,1,2,61,3
Failed,,,1068,1,2,50,3
Failed,,,3379,4775,981,86,235
Failed,,,86,2575,730,9,70
Failed,,,1116,2200,788,37,95
Failed,,,4030,3425,294,138,186
Failed,,,2843,142,533,116,196
Failed,,,3988,1691,771,5,247
Failed,,,4602,2080,961,134,194
Failed,,,4197,2993,528,169,220
Failed,,,2680,964,274,81,145
Failed,,,2242,1105,239,57,210
Failed,,,4265,1547,491,104,124
Failed,,,1558,3982,313,28,236
Failed,,,4895,922,567,16,181
Failed,,,3905,4307,890,45,155
Failed,,,2079,292,942,32,135
Failed,,,174,1677,255,193,212
Failed,,,2558,3667,389,121,241
Failed,,,4319,389,628,129,129
Failed,,,830,3986,138,42,93
Failed,,,450,1238,321,11,119
Failed,,,4383,4387,826,158,161
Failed,,,3167,4292,559,29,49
Failed,,,210,3362,810,76,151
Failed,,,1090,1863,737,109,187
Failed,,,2032,4829,498,148,199
Failed,,,3013,2771,683,92,167
Failed,,,1701,4956,509,61,170
Failed,,,4419,495,365,42,225
Failed,,,2342,3081,437,91,104
Failed,,,2410,1480,580,151,240
Failed,,,717,4450,341,95,126
Failed,,,1370,3613,903,183,206
Failed,,,2220,1,2,250,4
Failed,,,4247,1,2,63,3
Failed,,,4192,1,2,47,4
Failed,,,1030,1,2,50,3
Failed,,,1238,1,2,162,3
Failed,,,4742,1,2,2,6
Failed,,,4292,1,2,52,4
Failed,,,1866,1,2,241,4
Failed,,,4311,1,2,2,6
Failed,,,4241,1,2,48,4
Failed,,,1268,1,2,161,3
Failed,,,4317,1,2,2,6
Failed,,,1064,1,2,50,3
Failed,,,4714,3240,713,40,215
Failed,,,1338,1274,413,50,145
Failed,,,542,4558,667,200,226
Failed,,,2722,1778,579,9,63
Failed,,,2655,2755,409,194,219
Failed,,,4222,732,671,60,167
Failed,,,4480,4183,845,33,139
Failed,,,3859,738,429,162,219
Failed,,,3267,2473,866,125,139
Failed,,,1521,979,757,145,173
Failed,,,3644,4646,263,60,108
Failed,,,927,2056,444,73,221
Failed,,,2656,598,190,25,74
Failed,,,4570,2886,484,2,133
Failed,,,1813,2331,644,23,203
Failed,,,4772,19,896,68,102
Failed,,,2274,1,2,235,4
Failed,,,4240,1,2,49,4
Failed,,,1046,1,2,50,3
Failed,,,1669,2967,329,104,119
Failed,,,1423,92,792,46,150
Failed,,,2298,4842,726,15,186
Failed,,,2780,4965,753,99,247
Failed,,,759,2687,505,54,83
Failed,,,541,2398,946,23,113
Failed,,,3501,262,703,71,215
Failed,,,1755,1287,687,168,225
Failed,,,1908,2581,843,54,227
Failed,,,3930,1878,806,183,209
Failed,,,4773,2880,741,151,237
Failed,,,3352,1153,494,96,132
Failed,,,1280,2335,385,139,183
Failed,,,3559,3287,879,37,101
Failed,,,600,4374,632,116,203
Failed,,,700,873,822,86,228
Failed,,,4222,1,2,62,3
Failed,,,5000,1,2,234,4
Failed,,,1145,1,2,155,3
Failed,,,1075,1,2,51,3
Failed,,,1170,1,2,154,3
Failed,,,1046,1,2,51,3
Failed,,,4351,1,2,2,6
Failed,,,1081,1,2,51,3
Failed,,,1279,1,2,162,3
Failed,,,4254,1,2,64,3
Failed,,,4173,1,2,2,6
Failed,,,1257,1,2,158,3
Failed,,,4862,1357,278,90,107
Failed,,,2130,3780,456,42,222
Failed,,,2033,1967,154,74,93
Failed,,,3761,373,402,28,242
Failed,,,4517,936,337,149,201
Failed,,,881,67,656,29,53
Failed,,,2609,2281,899,77,156
Failed,,,3409,3090,178,5,59
Failed,,,120,4562,425,82,144
Failed,,,1967,3490,862,134,189
Failed,,,2008,1474,325,2,126
Failed,,,4661,1813,996,55,234
Failed,,,4139,3428,556,22,196
Failed,,,2412,4222,799,68,95
Failed,,,783,3248,957,126,136
Failed,,,419,1661,532,91,170
Failed,,,2385,1,2,250,4
Failed,,,4277,1,2,61,3
Failed,,,4272,1,2,2,6
Failed,,,1056,1,2,50,3
Failed,,,7,820,469,8,163
Failed,,,3545,4007,661,20,233
Failed,,,584,3648,912,66,69
Failed,,,2657,1218,859,49,197
Failed,,,2265,1087,637,89,137
Failed,,,1460,4950,270,163,212
Failed,,,3132,3475,348,73,225
Failed,,,172,3873,101,26,76
Failed,,,1050,1036,417,59,105
Failed,,,3808,4587,910,145,180
Failed,,,2177,1099,978,159,160
Failed,,,2974,4523,472,10,124
Failed,,,950,2816,225,87,210
Failed,,,271,1942,290,122,236
Failed,,,1604,3966,537,128,130
Failed,,,3613,2648,584,109,182
Failed,,,1535,3845,820,120,169
Failed,,,1624,1711,311,61,76
Failed,,,3883,4131,493,79,191
Failed,,,2156,3220,237,31,106
Failed,,,2096,39,435,124,211
Failed,,,3826,2312,184,45,125
Failed,,,1027,3312,673,130,159
Failed,,,4974,2600,366,17,87
Failed,,,4436,437,763,75,181
Failed,,,4345,4475,689,103,156
Failed,,,2469,2443,623,39,216
Failed,,,1311,2779,923,6,246
Failed,,,4809,2084,201,18,176
Failed,,,3971,3006,251,51,146
Failed,,,2901,968,513,199,221
Failed,,,1932,2243,781,216,239
Failed,,,4647,1,2,221,4
Failed,,,1040,1,2,50,3
Failed,,,4336,1,2,2,6
Failed,,,4268,1,2,51,4
Failed,,,1039,1,2,49,3
Failed,,,1781,2404,2,250,3
Failed,,,1049,1,2,49,3
Failed,,,4234,1,2,60,3
Failed,,,4195,1,2,53,4
Failed,,,4819,159,2,240,4
Failed,,,4280,1,2,51,4
Failed,,,1039,1,2,51,3
Failed,,,1840,2073,2,250,3
Failed,,,1039,1,2,50,3
Failed,,,4286,1255,888,12,35
Failed,,,863,3125,383,161,249
Failed,,,3244,2219,265,31,205
Failed,,,376,2920,613,10,149
Failed,,,904,1996,937,44,187
Failed,,,2532,1514,450,143,230
Failed,,,2756,3038,535,83,116
Failed,,,733,4627,786,4,216
Failed,,,489,617,728,34,245
Failed,,,3396,4912,396,53,175
Failed,,,2868,4726,597,156,208
Failed,,,4005,1751,358,101,158
Failed,,,4698,3337,159,69,132
Failed,,,3432,54,920,185,238
Failed,,,1737,4326,415,21,46
Failed,,,1355,1528,967,80,202
Failed,,,2740,1,2,235,4
Failed,,,1065,1,2,51,3
Failed,,,44,4067,976,140,226
Failed,,,1236,694,542,170,188
Failed,,,3909,4936,34,7,30
Failed,,,1886,2717,289,84,177
Failed,,,1250,4925,950,75,163
Failed,,,50,302,502,110,126
Failed,,,1823,3263,263,147,239
Failed,,,4645,1126,716,3,100
Failed,,,520,4499,206,166,184
Failed,,,780,413,280,136,154
Failed,,,4077,3962,773,35,64
Failed,,,2348,3701,518,113,229
Failed,,,2574,3531,990,26,168
Failed,,,4404,4680,303,192,244
Failed,,,3726,1406,558,58,137
Failed,,,226,3186,319,48,193
Failed,,,610,3050,121,43,95
Failed,,,671,2177,429,10,69
Failed,,,2212,333,334,51,169
Failed,,,918,3622,588,198,213
Failed,,,382,1448,895,228,249
Failed,,,1490,4420,150,18,137
Failed,,,1601,2208,722,83,105
Failed,,,4872,130,973,6,192
Failed,,,3830,4803,541,39,224
Failed,,,2063,770,598,22,236
Failed,,,2446,476,841,17,84
Failed,,,4174,2188,589,65,248
Failed,,,4548,3061,897,98,214
Failed,,,1256,4592,642,52,112
Failed,,,1836,2351,231,118,144
Failed,,,4793,312,482,39,58
Failed,,,1045,1,2,51,3
Failed,,,4304,1,2,44,4
Failed,,,4306,1,2,2,6
Failed,,,1072,1,2,52,3
Failed,,,4297,1,2,2,6
Failed,,,1080,1,2,50,3
Failed,,,2657,1,2,230,4
Failed,,,1052,1,2,51,3
Failed,,,4239,1,2,2,6
Failed,,,1066,1,2,50,3
Failed,,,4287,1,2,65,3
Failed,,,1043,1,2,50,3
Failed,,,5000,1,2,2,6
Failed,,,1048,1,2,52,3
Failed,,,3588,4600,373,120,198
Failed,,,4539,1327,611,129,185
Failed,,,4353,1139,788,135,244
Failed,,,812,4483,295,34,36
Failed,,,410,446,221,4,4
Failed,,,3771,1578,850,69,87
Failed,,,4931,3195,667,101,125
Failed,,,1659,4144,922,55,211
Failed,,,3713,2982,969,215,229
Failed,,,4410,953,208,35,156
Failed,,,4312,3819,282,3,180
Failed,,,2809,3709,498,59,81
Failed,,,769,3951,247,106,245
Failed,,,512,1115,305,72,217
Failed,,,3419,4334,575,93,146
Failed,,,4703,2296,321,161,220
Failed,,,4366,1,2,2,6
Failed,,,4261,1,2,64,3
Failed,,,181,2608,652,70,223
Failed,,,1021,2321,835,100,192
Failed,,,3060,28,580,52,107
Failed,,,3003,3209,779,87,204
Failed,,,960,4139,528,8,118
Failed,,,242,639,961,38,94
Failed,,,3219,1701,706,115,242
Failed,,,1526,538,659,150,199
Failed,,,351,3514,420,96,188
Failed,,,2579,1076,352,21,47
Failed,,,149,3326,826,14,61
Failed,,,2861,912,883,124,175
Failed,,,4059,2481,676,17,132
Failed,,,4740,2740,874,45,159
Failed,,,4110,4616,197,75,101
Failed,,,2402,3046,453,27,202
Failed,,,4335,1,2,2,6
Failed,,,4220,1,2,59,3
Failed,,,2270,1,2,250,4
Failed,,,4149,1,2,46,4
Failed,,,1037,1,2,52,3
Failed,,,4350,1,2,51,4
Failed,,,1264,1,2,164,3
Failed,,,1042,1,2,51,3
Failed,,,1948,1,2,250,4
Failed,,,1041,1,2,50,3
Failed,,,2272,1,2,250,4
Failed,,,4270,1,1000,2,6
Failed,,,1058,1,2,51,3
Failed,,,4447,3927,730,167,218
Failed,,,3681,1903,476,82,168
Failed,,,3162,4730,903,25,74
Failed,,,2086,1293,816,36,119
Failed,,,3078,3086,323,137,161
Failed,,,3797,1047,569,113,205
Failed,,,4983,3885,885,80,241
Failed,,,2254,4547,857,184,233
Failed,,,4209,1434,381,41,214
Failed,,,1859,1851,803,31,178
Failed,,,1204,115,490,193,227
Failed,,,1921,3390,744,62,144
Failed,,,2895,4665,979,43,133
Failed,,,3307,579,539,11,157
Failed,,,555,4873,339,29,228
Failed,,,2235,2272,115,6,37
Failed,,,4221,1,2,51,4
Failed,,,1229,1,2,161,3
Failed,,,2164,1,2,250,4
Failed,,,796,2366,553,156,232
Failed,,,2334,4092,307,102,151
Failed,,,2747,4233,218,15,214
Failed,,,704,3420,465,91,114
Failed,,,3475,859,268,46,247
Failed,,,1778,2022,346,190,190
Failed,,,94,4045,608,59,177
Failed,,,1128,1179,908,25,145
Failed,,,2603,3352,625,170,243
Failed,,,4277,78,363,84,139
Failed,,,4523,4703,188,117,167
Failed,,,3599,1736,924,141,219
Failed,,,1615,397,940,98,221
Failed,,,4888,1952,693,50,74
Failed,,,3892,2827,759,19,108
Failed,,,2185,4515,515,64,193
Failed,,,1956,2148,646,105,164
Failed,,,1169,3860,400,142,206
Failed,,,4727,4554,594,28,40
Failed,,,1746,3101,837,74,126
Failed,,,1345,273,285,16,95
Failed,,,3507,4107,790,163,186
Failed,,,4086,2679,478,122,235
Failed,,,2793,654,724,132,152
Failed,,,2377,4976,234,46,70
Failed,,,462,2258,439,53,135
Failed,,,1415,4296,701,201,250
Failed,,,3175,2959,685,34,191
Failed,,,1714,3467,641,2,93
Failed,,,1446,668,241,68,187
Failed,,,4426,1672,488,22,22
Failed,,,426,2703,994,185,199
Failed,,,1062,1,2,50,3
Failed,,,4319,1,2,2,6
Failed,,,1059,1,2,50,3
Failed,,,4345,1,2,2,6
Failed,,,1214,1,2,163,3
Failed,,,4134,1,2,57,3
Failed,,,1614,1,2,234,4
Failed,,,1061,1,2,53,3
Failed,,,1462,278,2,250,4
Failed,,,4158,1,2,50,4
Failed,,,1235,1,2,168,3
Failed,,,4175,1,2,59,3
Failed,,,2430,1,2,250,5
Failed,,,4211,1,2,2,6
Failed,,,4239,1,2,49,4
Failed,,,4145,1,2,2,6
Failed,,,1900,1882,403,45,48
Failed,,,2932,3743,893,131,232
Failed,,,3943,468,156,123,149
Failed,,,4778,4468,330,94,187
Failed,,,3349,1501,592,164,198
Failed,,,1802,2874,87,17,24
Failed,,,1280,7,546,75,243
Failed,,,4553,2343,793,27,93
Failed,,,3125,1958,860,5,225
Failed,,,986,3569,809,49,237
Failed,,,295,1367,742,20,210
Failed,,,3274,984,986,67,124
Failed,,,3636,3147,387,9,155
Failed,,,2436,1789,410,78,246
Failed,,,4145,864,163,32,82
Failed,,,587,15,848,146,166
Failed,,,2780,1,2,250,4
Failed,,,4242,1,2,49,4
Failed,,,1067,1,2,51,3
Failed,,,4190,1,2,61,3
Failed,,,1059,1,2,51,3
Failed,,,4228,1,2,2,6
Failed,,,4199,1,2,58,3
Failed,,,1040,1,2,51,3
Failed,,,1073,1,2,50,3
Failed,,,4234,1,2,2,6
Failed,,,4558,4365,354,61,114
Failed,,,1807,1164,522,42,60
Failed,,,4783,1489,770,118,145
Failed,,,3938,3741,719,91,175
Failed,,,2937,451,457,159,194
Failed,,,1896,3924,963,12,28
Failed,,,1997,1187,735,195,202
Failed,,,689,1787,234,143,162
Failed,,,4150,2593,727,58,118
Failed,,,2441,4749,971,104,204
Failed,,,2639,4899,506,4,143
Failed,,,3641,188,947,35,178
Failed,,,981,591,369,25,214
Failed,,,3021,2063,126,71,112
Failed,,,3120,3999,300,38,202
Failed,,,3180,1250,250,8,229
Failed,,,4284,1,2,60,3
Failed,,,1070,1,2,52,3
Failed,,,1054,1,2,51,3
Failed,,,4273,1,2,47,4
Failed,,,1042,1,2,50,3
Failed,,,1205,1,2,162,3
Failed,,,1719,507,202,39,115
Failed,,,3139,3872,696,140,165
Failed,,,4988,2155,449,118,217
Failed,,,467,4279,878,21,158
Failed,,,833,789,578,48,131
Failed,,,2292,2504,316,198,238
Failed,,,2382,1684,670,13,106
Failed,,,4091,656,917,90,192
Failed,,,4611,4119,601,119,223
Failed,,,3511,2397,355,127,148
Failed,,,1340,3233,844,41,74
Failed,,,1742,1059,277,107,168
Failed,,,136,3093,523,147,218
Failed,,,1164,2131,963,179,244
Failed,,,4000,3494,455,31,36
Failed,,,1960,3858,211,79,138
Failed,,,1550,930,995,3,41
Failed,,,3594,4695,486,166,240
Failed,,,4528,1723,748,79,127
Failed,,,4272,3350,798,114,164
Failed,,,2691,4162,956,72,75
Failed,,,652,3178,709,26,224
Failed,,,1132,2907,473,63,181
Failed,,,1783,4062,785,224,230
Failed,,,3470,2568,832,10,211
Failed,,,493,4782,585,89,125
Failed,,,2752,2192,657,44,235
Failed,,,2329,2382,871,65,175
Failed,,,4369,280,624,18,26
Failed,,,421,681,434,153,220
Failed,,,4431,4944,924,51,60
Failed,,,1451,2710,680,97,147
Failed,,,1053,1,2,50,3
Failed,,,1243,1,2,162,3
Failed,,,2354,1,2,250,4
Failed,,,1227,1,2,164,4
Failed,,,4149,1,2,58,3
Failed,,,1056,1,2,51,3
Failed,,,1232,1,2,162,3
Failed,,,1044,1,2,51,3
Failed,,,4262,1,2,49,4
Failed,,,1223,1,2,161,3
Failed,,,1071,1,2,51,3
Failed,,,2081,4585,252,7,81
Failed,,,3887,1098,324,55,70
Failed,,,258,405,638,184,184
Failed,,,4893,3975,133,21,96
Failed,,,1620,3689,376,69,197
Failed,,,177,881,213,95,196
Failed,,,550,1602,774,58,191
Failed,,,3530,750,531,106,106
Failed,,,4820,576,852,210,249
Failed,,,2900,1374,416,14,169
Failed,,,1916,98,185,28,182
Failed,,,13,1839,622,189,231
Failed,,,1864,4811,367,57,155
Failed,,,1306,1974,764,122,124
Failed,,,4576,365,512,46,210
Failed,,,4204,4413,945,16,236
Failed,,,1083,1,2,50,3
Failed,,,4278,1,2,49,4
Failed,,,1034,1,2,50,3
Failed,,,1735,2609,2,229,3
Failed,,,4154,1,2,58,3
Failed,,,2527,1147,603,86,164
Failed,,,2397,1004,887,61,224
Failed,,,4676,3585,819,78,105
Failed,,,1402,3754,564,32,190
Failed,,,3382,2748,549,238,250
Failed,,,4745,719,310,12,136
Failed,,,2249,1256,297,155,195
Failed,,,876,4534,536,99,176
Failed,,,346,536,984,71,146
Failed,,,3618,2126,729,24,59
Failed,,,1531,3497,224,186,221
Failed,,,237,2659,397,5,115
Failed,,,965,2411,89,33,82
Failed,,,3872,3216,583,134,139
Failed,,,3008,251,344,112,246
Failed,,,1026,4342,271,68,234
Failed,,,2857,2620,444,88,150
Failed,,,4023,905,698,158,231
Failed,,,1146,4717,193,11,49
Failed,,,4698,4317,756,128,199
Failed,,,3496,4495,614,63,93
Failed,,,517,2843,865,109,241
Failed,,,764,1930,682,76,206
Failed,,,2804,419,937,29,119
Failed,,,4317,2091,842,40,144
Failed,,,4405,2975,643,5,176
Failed,,,3157,1771,468,50,95
Failed,,,1696,2606,958,151,185
Failed,,,3676,3944,911,116,126
Failed,,,405,3716,660,37,40
Failed,,,817,1505,858,9,16
Failed,,,4348,2867,349,173,206
Failed,,,1051,1,2,50,3
Failed,,,4191,1,2,58,3
Failed,,,4202,1,2,59,3
Failed,,,1072,1,2,51,3
Failed,,,1084,1,2,49,3
Failed,,,1192,1,2,163,3
Failed,,,4093,1,2,56,3
Failed,,,1935,1,2,239,4
Failed,,,4253,1,2,58,3
Failed,,,2379,1,2,250,4
Failed,,,1073,1,2,51,3
Failed,,,4223,1,2,59,3
Failed,,,4205,1,2,2,6
Failed,,,1163,1,2,162,3
Failed,,,4054,4210,236,42,170
Failed,,,2820,2498,997,205,212
Failed,,,1884,4937,629,145,243
Failed,,,1891,696,849,112,155
Failed,,,3914,1645,597,36,54
Failed,,,48,2359,411,165,200
Failed,,,4788,3271,921,2,18
Failed,,,1831,4079,666,81,181
Failed,,,1654,2435,483,19,248
Failed,,,4926,216,231,64,83
Failed,,,3776,4850,289,98,113
Failed,,,2125,836,357,81,101
Failed,,,4867,3402,414,36,228
Failed,,,1485,1461,715,54,157
Failed,,,387,4428,460,204,209
Failed,,,2217,3624,772,23,133
Failed,,,1068,1,2,51,3
Failed,,,4211,1,2,60,3
Failed,,,2451,3454,281,55,124
Failed,,,899,4038,497,14,145
Failed,,,3249,4241,825,59,246
Failed,,,1010,1836,882,73,114
Failed,,,3031,827,626,25,216
Failed,,,1068,4861,700,43,197
Failed,,,231,226,758,11,234
Failed,,,4303,3523,684,195,240
Failed,,,2569,551,430,63,126
Failed,,,2707,3443,738,125,194
Failed,,,4167,473,500,133,173
Failed,,,665,3904,989,47,107
Failed,,,615,1029,557,15,73
Failed,,,3593,1310,811,92,222
Failed,,,1818,304,827,174,219
Failed,,,1246,1654,390,105,138
Failed,,,775,3703,844,169,180
Failed,,,525,1541,645,141,142
Failed,,,4640,2834,151,40,76
Failed,,,1350,4507,407,117,225
Failed,,,3437,3325,485,152,212
Failed,,,4693,47,723,99,170
Failed,,,4010,4709,797,64,136
Failed,,,1990,2631,542,18,34
Failed,,,2831,3140,527,50,187
Failed,,,4046,173,273,196,200
Failed,,,3391,1640,960,19,151
Failed,,,3441,3765,419,86,119
Failed,,,738,1335,351,37,241
Failed,,,1251,1321,207,22,88
Failed,,,4543,1021,458,68,237
Failed,,,2698,2171,771,155,160
Failed,,,4639,1,2,88,3
Failed,,,1,1,2,2,10
Failed,,,1,3396,481,2,7
Failed,,,1,1,2,2,7
Failed,,,938,1,2,58,3
Failed,,,1,5000,1000,2,10
Failed,,,1439,1,2,214,5
Failed,,,5000,1,1000,2,7
Failed,,,1363,1,2,167,4
Failed,,,1,5000,525,2,9
Failed,,,941,1,228,2,7
Failed,,,1265,5000,1000,2,10
Failed,,,4505,1,2,2,6
Failed,,,1074,1,2,49,3
Failed,,,4187,1,2,56,3
Failed,,,4081,1921,335,6,104
Failed,,,3540,1984,222,54,193
Failed,,,2,2530,904,33,139
Failed,,,1200,2231,581,5,167
Failed,,,2537,4492,890,180,190
Failed,,,4440,3728,328,108,145
Failed,,,3684,445,566,146,226
Failed,,,1690,1763,550,119,215
Failed,,,4979,891,802,42,113
Failed,,,190,4733,312,127,171
Failed,,,3821,4353,743,11,83
Failed,,,2091,3310,999,90,247
Failed,,,2151,242,676,56,64
Failed,,,2995,4133,183,142,154
Failed,,,3878,2422,928,104,227
Failed,,,4922,2671,620,74,203
Failed,,,551,1,1000,2,7
Failed,,,1316,758,487,35,204
Failed,,,4605,1591,240,114,118
Failed,,,4195,3167,306,80,94
Failed,,,2613,4303,464,106,178
Failed,,,4259,2269,710,144,189
Failed,,,317,1732,267,27,57
Failed,,,4522,2646,777,174,227
Failed,,,3224,3678,607,13,113
Failed,,,3207,642,366,176,182
Failed,,,1629,4983,875,29,102
Failed,,,1540,2117,256,94,133
Failed,,,334,3833,511,164,238
Failed,,,868,1084,943,131,209
Failed,,,2260,3108,198,123,158
Failed,,,2662,2947,296,23,222
Failed,,,579,356,477,100,108
Failed,,,955,1107,664,125,248
Failed,,,2979,1544,907,48,84
Failed,,,2172,2829,417,133,134
Failed,,,3075,4574,733,76,228
Failed,,,1055,3077,980,30,65
Failed,,,167,2164,540,62,101
Failed,,,3127,497,783,110,202
Failed,,,1465,1678,830,129,238
Failed,,,3705,2699,340,44,46
Failed,,,788,289,393,88,158
Failed,,,2517,2371,149,9,10
Failed,,,2335,3256,655,158,208
Failed,,,4666,4771,432,17,192
Failed,,,3966,966,816,21,188
Failed,,,4814,3792,640,56,149
Failed,,,3316,2076,378,202,233
Failed,,,1542,1,2,155,4
Failed,,,1206,1,306,2,5
Failed,,,4406,983,2,191,5
Failed,,,3886,1,2,105,5
Failed,,,1585,1,224,2,5
Failed,,,4547,1,2,244,5
Failed,,,1,1,290,2,5
Failed,,,4377,1,245,2,7
Failed,,,1,1,565,2,7
Failed,,,493,1,2,2,6
Failed,,,873,1,1000,2,6
Failed,,,1891,1,2,245,4
Failed,,,1,5000,2,2,10
Failed,,,1,1,2,2,5
Failed,,,1549,1,2,180,3
Failed,,,266,3983,854,92,214
Failed,,,3864,600,647,93,96
Failed,,,1567,3013,595,45,234
Failed,,,3649,4195,548,189,207
Failed,,,4476,2475,286,57,163
Failed,,,1373,2576,189,65,107
Failed,,,1797,326,694,7,138
Failed,,,2003,4451,760,39,168
Failed,,,1972,511,298,171,229
Failed,,,2886,3866,808,8,55
Failed,,,1155,3483,560,87,156
Failed,,,125,1271,985,115,181
Failed,,,1750,4560,248,140,201
Failed,,,546,4108,386,49,87
Failed,,,2775,1693,314,66,211
Failed,,,2303,1864,162,41,146
Failed,,,2524,1,220,2,4
Failed,,,2428,865,509,135,179
Failed,,,695,2582,262,111,192
Failed,,,3563,16,440,4,75
Failed,,,3357,2882,933,70,169
Failed,,,3934,3920,372,153,249
Failed,,,2943,1891,618,100,136
Failed,,,1911,1504,885,132,170
Failed,,,2942,2876,380,46,111
Failed,,,69,466,323,95,250
Failed,,,824,4825,915,205,219
Failed,,,1419,3362,353,13,175
Failed,,,1664,1240,769,79,81
Failed,,,4955,1422,521,32,246
Failed,,,3766,3663,962,61,217
Failed,,,2038,3988,718,107,115
Failed,,,2135,2052,894,16,197
Failed,,,975,1,2,143,5
Failed,,,1,1,1000,2,6
Failed,,,1211,1,2,2,3
Failed,,,4114,1,2,192,7
Failed,,,1,1811,2,2,10
Failed,,,707,1,2,91,8
Failed,,,4097,962,2,2,9
Failed,,,2348,1,2,64,3
Failed,,,4579,796,2,157,6
Failed,,,3876,554,2,138,5
Failed,,,4410,759,2,2,6
Failed,,,3812,1,2,97,6
Failed,,,4121,64,2,143,5
Failed,,,3426,1,407,2,6
Failed,,,4227,2772,235,27,127
Failed,,,2650,734,972,222,239
Failed,,,756,4121,925,91,130
Failed,,,544,659,624,118,160
Failed,,,1331,2692,363,127,210
Failed,,,3418,3855,254,108,230
Failed,,,3562,4751,553,74,180
Failed,,,4563,1785,308,176,191
Failed,,,602,2590,801,28,31
Failed,,,4159,3283,241,142,225
Failed,,,2718,10,994,104,142
Failed,,,2203,190,530,5,206
Failed,,,4226,2463,778,82,120
Failed,,,1519,4903,955,33,240
Failed,,,3866,4637,347,24,151
Failed,,,3011,1352,608,234,235
Failed,,,992,1,2,181,4
Failed,,,1268,1,2,2,5
Failed,,,2882,1057,203,77,200
Failed,,,4028,2026,497,64,244
Failed,,,1793,4441,300,77,117
Failed,,,1377,2189,824,11,148
Failed,,,2403,2566,633,43,173
Failed,,,2518,2707,848,65,238
Failed,,,791,4946,600,19,89
Failed,,,412,283,916,51,123
Failed,,,2040,1247,293,37,140
Failed,,,1087,2964,538,217,246
Failed,,,1662,3997,226,8,166
Failed,,,1419,1872,653,67,73
Failed,,,4380,790,902,20,220
Failed,,,4322,4282,585,49,194
Failed,,,2302,3372,830,95,109
Failed,,,2778,3230,677,12,44
Failed,,,4422,4096,411,152,157
Failed,,,3703,2380,672,98,209
Failed,,,1709,1043,719,141,227
Failed,,,3129,4582,209,40,53
Failed,,,171,3071,458,117,154
Failed,,,3074,505,277,6,19
Failed,,,2072,3869,770,170,203
Failed,,,3898,403,838,156,215
Failed,,,267,1096,156,23,34
Failed,,,4902,4528,645,185,247
Failed,,,3228,1558,400,68,134
Failed,,,1560,64,478,166,177
Failed,,,3605,4316,972,2,103
Failed,,,4712,2134,515,146,155
Failed,,,1155,1284,447,32,99
Failed,,,3991,3095,941,180,181
Failed,,,3210,1,2,65,6
Failed,,,1696,1167,2,2,3
Failed,,,3769,1,2,123,8
Failed,,,2213,1,2,2,2
Failed,,,2747,1,1000,2,3
Failed,,,5000,1,2,157,10
Failed,,,4579,1276,2,200,5
Failed,,,4823,1,2,184,5
Failed,,,3224,1,2,67,8
Failed,,,4257,1,2,152,4
Failed,,,707,1,2,157,6
Failed,,,4425,1,2,115,6
Failed,,,4317,1148,2,2,5
Failed,,,4503,1,2,2,5
Failed,,,5000,1,2,2,4
Failed,,,5000,832,2,122,9
Failed,,,3822,882,264,66,171
Failed,,,4978,4345,189,96,134
Failed,,,3146,2305,951,150,248
Failed,,,1484,1144,935,115,189
Failed,,,314,3347,724,80,190
Failed,,,888,1721,791,113,226
Failed,,,2617,933,546,36,77
Failed,,,4190,1599,700,25,161
Failed,,,4610,3177,752,60,129
Failed,,,1947,3540,423,15,232
Failed,,,1198,2535,413,74,80
Failed,,,3296,102,360,58,218
Failed,,,1296,1439,282,209,222
Failed,,,579,4410,520,44,147
Failed,,,643,363,969,17,174
Failed,,,2258,2127,811,52,90
Failed,,,3440,1003,587,31,127
Failed,,,102,4212,287,13,199
Failed,,,1991,2291,468,89,213
Failed,,,4014,57,215,10,111
Failed,,,1136,4320,705,157,169
Failed,,,144,906,780,130,137
Failed,,,4688,4720,275,43,85
Failed,,,4643,1932,858,110,179
Failed,,,4279,533,559,100,239
Failed,,,4501,4533,992,70,208
Failed,,,1542,3119,737,24,122
Failed,,,4918,2408,390,3,52
Failed,,,246,3215,883,167,228
Failed,,,975,1715,575,135,202
Failed,,,2152,4994,321,111,183
Failed,,,3056,2604,501,184,214
Failed,,,4079,2846,658,76,143
Failed,,,2794,1129,421,178,224
Failed,,,2351,4493,914,30,56
Failed,,,2573,4683,567,118,121
Failed,,,843,2977,819,39,207
Failed,,,437,2094,635,7,239
Failed,,,3727,558,891,83,91
Failed,,,3193,2808,491,18,185
Failed,,,3785,4159,803,199,234
Failed,,,2115,126,874,244,245
Failed,,,292,1823,437,35,165
Failed,,,4442,1507,683,38,102
Failed,,,4338,3720,867,8,78
Failed,,,2316,3942,610,86,227
Failed,,,2762,3751,896,62,162
Failed,,,4685,3031,334,227,242
Failed,,,913,1,2,172,5
Failed,,,4425,1,2,112,6
Failed,,,3865,1,2,99,6
Failed,,,2389,1,2,2,3
Failed,,,3436,1,2,2,5
Failed,,,5000,188,2,243,5
Failed,,,4495,745,2,152,5
Failed,,,3488,1,2,2,6
Failed,,,1826,1,2,114,4
Failed,,,4010,1,2,148,6
Failed,,,4215,1,2,2,8
Failed,,,5000,1,2,2,9
Failed,,,3521,1,2,68,5
Failed,,,3361,1,2,2,4
Failed,,,5000,1,2,102,4
Failed,,,4096,1,2,110,5
Failed,,,2461,3057,763,156,223
Failed,,,2213,1455,222,92,122
Failed,,,4256,1208,475,13,208
Failed,,,1593,830,833,58,184
Failed,,,1587,4789,675,215,217
Failed,,,3669,3626,690,55,220
Failed,,,904,1198,509,70,110
Failed,,,2630,1464,765,22,195
Failed,,,2448,1312,729,124,131
Failed,,,675,4596,476,134,236
Failed,,,1255,3446,789,93,160
Failed,,,1827,687,342,26,66
Failed,,,3914,3278,398,106,201
Failed,,,2963,306,651,144,180
Failed,,,1895,4071,142,59,100
Failed,,,2952,4083,872,114,217
Failed,,,2129,4243,650,26,153
Failed,,,3101,3200,469,206,248
Failed,,,3779,229,707,44,134
Failed,,,4923,4863,782,10,172
Failed,,,4410,2105,350,76,79
Failed,,,2273,4675,423,62,188
Failed,,,4072,1543,821,170,242
Failed,,,766,2837,327,7,42
Failed,,,4630,3706,637,140,204
Failed,,,1241,3269,620,35,117
Failed,,,59,1642,929,3,80
Failed,,,3329,698,673,80,244
Failed,,,1260,2173,689,185,193
Failed,,,3591,3457,199,21,25
Failed,,,612,3894,451,69,174
Failed,,,2709,1323,258,56,61
Failed,,,1,1888,1000,2,10
Failed,,,4355,1,2,129,5
Failed,,,4722,1548,2,184,5
Failed,,,5000,1349,2,250,4
Failed,,,5000,266,2,250,6
Failed,,,3804,803,2,2,6
Failed,,,1078,1,2,147,6
Failed,,,2651,1,2,49,3
Failed,,,1562,1,2,2,3
Failed,,,4337,861,2,145,6
Failed,,,5000,969,2,2,5
Failed,,,1,1,2,106,8
Failed,,,3057,1,1000,2,3
Failed,,,4650,411,2,187,6
Failed,,,4470,1,2,152,10
Failed,,,1001,2215,396,220,229
Failed,,,965,2669,920,103,165
Failed,,,238,2419,596,75,140
Failed,,,3218,244,852,28,39
Failed,,,1640,4136,358,175,245
Failed,,,3493,427,384,118,162
Failed,,,3428,2630,998,52,69
Failed,,,155,4712,746,98,232
Failed,,,1145,48,805,65,198
Failed,,,2852,2302,549,17,97
Failed,,,2016,1638,503,49,249
Failed,,,4743,4204,696,66,111
Failed,,,1764,3137,952,20,213
Failed,,,4676,1338,175,8,143
Failed,,,4104,3579,375,37,178
Failed,,,2528,3933,404,31,91
Failed,,,4849,1,2,184,8
Failed,,,2493,1987,304,24,159
Failed,,,570,1223,991,201,235
Failed,,,1307,2949,245,53,131
Failed,,,4840,2229,881,34,201
Failed,,,3959,2527,572,4,230
Failed,,,2897,3549,591,68,86
Failed,,,1189,3790,839,22,250
Failed,,,33,963,648,55,212
Failed,,,402,1518,336,107,207
Failed,,,1470,4490,589,147,163
Failed,,,3158,3309,542,120,152
Failed,,,4969,24,289,126,233
Failed,,,181,4356,794,41,51
Failed,,,1021,893,720,12,21
Failed,,,3811,4736,230,161,197
Failed,,,3064,1760,976,89,185
Failed,,,1,627,1000,2,9
Failed,,,3610,1,2,68,6
Failed,,,4324,1,2,117,4
Failed,,,1810,1,1000,2,3
Failed,,,2166,1,2,2,2
Failed,,,1037,1,2,178,4
Failed,,,5000,1,2,113,9
Failed,,,5000,710,2,206,5
Failed,,,3465,1466,2,2,5
Failed,,,1653,1106,2,2,3
Failed,,,954,1,2,2,5
Failed,,,3966,1170,2,2,9
Failed,,,3615,3111,280,93,196
Failed,,,4508,1081,518,165,175
Failed,,,878,544,462,45,71
Failed,,,4292,3831,967,130,147
Failed,,,92,2899,965,85,98
Failed,,,2839,323,768,40,231
Failed,,,3305,1385,892,103,110
Failed,,,3526,4174,480,36,141
Failed,,,4596,2457,726,214,224
Failed,,,2229,922,441,105,241
Failed,,,4269,1730,193,59,92
Failed,,,4531,3355,260,26,120
Failed,,,1619,1547,615,15,50
Failed,,,4888,1105,863,91,151
Failed,,,3892,3980,687,126,185
Failed,,,2988,1947,426,132,196
Failed,,,2476,1,2,99,4
Failed,,,4093,1,2,138,6
Failed,,,3834,1,2,2,8
Failed,,,3338,1,2,71,5
Failed,,,745,267,583,183,222
Failed,,,4089,4109,93,19,62
Failed,,,2380,3238,338,67,149
Failed,,,833,4291,433,119,123
Failed,,,3736,1861,361,12,237
Failed,,,2085,495,740,77,166
Failed,,,1045,3460,495,177,216
Failed,,,1715,4571,807,109,139
Failed,,,1455,2370,317,43,108
Failed,,,3695,3253,823,128,176
Failed,,,4367,4954,386,87,221
Failed,,,2326,2696,141,10,72
Failed,,,2416,1797,846,199,210
Failed,,,489,140,409,18,129
Failed,,,1383,3424,670,228,236
Failed,,,3363,4449,717,6,200
Failed,,,1076,1424,939,60,155
Failed,,,3020,3016,887,15,135
Failed,,,4847,3776,325,208,215
Failed,,,3280,2054,570,46,171
Failed,,,367,2770,309,56,226
Failed,,,933,2472,243,28,189
Failed,,,2640,179,487,74,104
Failed,,,2727,4359,531,134,241
Failed,,,4147,2331,270,111,129
Failed,,,4555,2579,219,82,162
Failed,,,1962,1066,784,9,117
Failed,,,4004,1274,536,86,219
Failed,,,4717,3485,978,116,243
Failed,,,3405,509,224,138,139
Failed,,,1741,3863,734,37,79
Failed,,,536,4979,900,151,194
Failed,,,5000,1235,2,250,5
Failed,,,1,1,2,99,8
Failed,,,4581,1029,2,117,9
Failed,,,5000,769,2,168,5
Failed,,,5000,44,2,202,5
Failed,,,4420,1073,2,250,6
Failed,,,5000,1,2,118,9
Failed,,,5000,1,2,179,8
Failed,,,3864,1,2,100,6
Failed,,,2554,1,2,2,3
Failed,,,3442,1,2,2,5
Failed,,,4412,563,2,153,5
Failed,,,3675,1,2,94,8
Failed,,,3674,1,2,2,6
Failed,,,4263,1,2,2,9
Failed,,,204,3666,513,32,183
Failed,,,2375,260,777,100,185
Failed,,,3573,868,958,168,205
Failed,,,1284,4759,463,5,12
Failed,,,1798,1894,911,71,231
Failed,,,4778,456,662,23,68
Failed,,,1225,1168,348,154,186
Failed,,,3944,4454,854,54,98
Failed,,,1904,2884,609,99,199
Failed,,,3939,1496,294,20,72
Failed,,,70,1876,732,150,174
Failed,,,4783,3746,227,49,110
Failed,,,1803,3914,471,97,195
Failed,,,1289,1781,903,38,39
Failed,,,3568,2596,393,139,245
Failed,,,4560,871,654,115,141
Failed,,,4794,1,2,2,4
Failed,,,4722,527,418,83,207
Failed,,,1957,3086,346,34,91
Failed,,,2834,3595,333,3,189
Failed,,,1379,152,235,202,214
Failed,,,494,3431,973,56,172
Failed,,,708,1815,547,21,133
Failed,,,4142,4371,831,87,166
Failed,,,938,4181,678,61,229
Failed,,,362,728,870,31,201
Failed,,,3635,1620,625,79,100
Failed,,,3850,3019,693,205,211
Failed,,,3025,994,448,41,159
Failed,,,1081,4383,379,27,179
Failed,,,1678,3659,816,189,224
Failed,,,3731,4840,800,45,213
Failed,,,2549,89,749,16,249
Failed,,,2330,675,701,48,97
Failed,,,2503,4947,196,133,188
Failed,,,4372,1664,950,125,198
Failed,,,4428,3250,508,92,233
Failed,,,1450,4097,753,14,68
Failed,,,1710,1300,372,72,162
Failed,,,162,4588,617,174,204
Failed,,,1040,502,934,144,242
Failed,,,2090,3472,180,106,128
Failed,,,2186,409,496,9,62
Failed,,,2983,3968,985,158,222
Failed,,,3897,1940,248,88,147
Failed,,,531,1688,465,188,234
Failed,,,4619,2689,954,24,51
Failed,,,1346,4962,710,70,152
Failed,,,1746,2135,169,4,121
Failed,,,5000,970,2,125,5
Failed,,,4343,1,2,117,6
Failed,,,4975,1,2,2,9
Failed,,,4270,795,2,2,6
Failed,,,1372,1,2,153,6
Failed,,,801,1,2,2,3
Failed,,,1686,1,2,2,5
Failed,,,5000,1493,2,250,8
Failed,,,5000,1,2,163,3
Failed,,,4933,1,2,2,5
Failed,,,4815,945,2,2,5
Failed,,,2348,5000,2,2,9
Failed,,,4307,918,2,144,6
Failed,,,3532,1135,2,2,5
Failed,,,2245,1,2,67,3
Failed,,,2421,4777,286,233,248
Failed,,,873,3504,897,11,97
Failed,,,348,1252,588,42,67
Failed,,,3620,1088,844,119,232
Failed,,,1635,2407,798,146,205
Failed,,,4883,2813,299,121,174
Failed,,,3239,1102,560,129,192
Failed,,,1547,2284,576,110,245
Failed,,,4526,65,824,62,80
Failed,,,4274,4688,632,30,116
Failed,,,2233,2650,876,76,218
Failed,,,2691,2782,599,39,153
Failed,,,4189,743,353,219,228
Failed,,,3531,2445,915,7,183
Failed,,,3310,4657,457,65,90
Failed,,,1184,2081,276,52,208
Failed,,,3893,1,2,2,3
Failed,,,3059,4739,412,123,148
Failed,,,3816,1777,665,131,221
Failed,,,1016,2603,160,46,63
Failed,,,186,2314,359,15,25
Failed,,,4965,3316,849,164,193
Failed,,,3679,2864,519,29,79
Failed,,,407,4478,771,74,243
Failed,,,815,439,712,104,219
Failed,,,2523,1911,968,56,117
Failed,,,2315,3714,459,142,167
Failed,,,4109,620,810,5,154
Failed,,,4835,4270,446,9,226
Failed,,,1302,1221,683,19,171
Failed,,,2497,4008,868,50,135
Failed,,,2583,3848,645,90,200
Failed,,,4297,2121,407,160,187
Failed,,,3561,1,2,2,6
Failed,,,3801,1,2,2,8
Failed,,,3977,1,2,160,6
Failed,,,1805,1207,2,2,3
Failed,,,3479,1,2,76,5
Failed,,,4442,1262,2,188,5
Failed,,,1119,1,2,158,4
Failed,,,3562,1,2,68,6
Failed,,,1734,1,1000,2,3
Failed,,,4941,1,2,2,10
Failed,,,1,1,2,2,9
Failed,,,2176,1,2,2,2
Failed,,,1,2121,2,2,10
Failed,,,960,627,485,78,129
Failed,,,2999,1713,229,32,43
Failed,,,2165,2666,723,180,241
Failed,,,1494,347,857,88,110
Failed,,,4471,1995,605,11,212
Failed,,,4671,4629,736,33,182
Failed,,,1759,159,389,54,238
Failed,,,4062,2754,320,71,123
Failed,,,2857,4324,114,55,72
Failed,,,1150,3340,366,102,221
Failed,,,3423,900,438,22,109
Failed,,,3488,3699,944,81,140
Failed,,,510,3965,691,2,38
Failed,,,4067,4502,257,137,216
Failed,,,2812,1525,510,113,166
Failed,,,2268,1404,983,25,230
Failed,,,4385,237,2,147,5
Failed,,,3734,1,2,85,8
Failed,,,3973,1,2,118,4
Failed,,,673,3059,566,64,186
Failed,,,607,2185,890,99,152
Failed,,,3324,2720,238,117,206
Failed,,,4803,691,999,141,164
Failed,,,54,4934,490,40,120
Failed,,,2957,2353,313,85,240
Failed,,,1890,2362,706,29,78
Failed,,,3909,299,958,77,225
Failed,,,4793,4923,525,109,189
Failed,,,3332,1649,271,149,176
Failed,,,1434,3528,533,59,200
Failed,,,3194,4846,580,211,237
Failed,,,4928,1572,343,47,130
Failed,,,2124,2222,214,63,180
Failed,,,274,833,527,225,225
Failed,,,1598,2558,274,30,142
Failed,,,2976,1,2,2,9
Failed,,,4700,622,2,79,9
Failed,,,5000,5000,1000,2,6
Failed,,,1436,1,2,2,5
Failed,,,5000,654,2,2,9
Failed,,,1,2509,1000,2,10
Failed,,,4837,725,2,144,6
Failed,,,4560,1,2,107,5
Failed,,,4407,1,2,147,9
Failed,,,4170,1,2,2,9
Failed,,,3868,1,2,101,6
Failed,,,2373,1,2,2,3
Failed,,,3382,1,2,2,5
Failed,,,4251,2917,913,43,250
Failed,,,2456,1035,328,182,197
Failed,,,2714,4595,818,18,21
Failed,,,1986,4332,907,125,237
Failed,,,2825,4918,919,94,108
Failed,,,1832,2728,781,63,104
Failed,,,1260,487,349,121,135
Failed,,,620,3449,603,129,247
Failed,,,680,1324,912,158,215
Failed,,,2635,4422,326,50,231
Failed,,,372,2004,383,64,98
Failed,,,287,4800,997,6,129
Failed,,,1012,129,548,40,161
Failed,,,3092,4141,621,23,173
Failed,,,3188,768,930,54,149
Failed,,,3722,3516,452,113,117
Failed,,,437,1,2,177,6
Failed,,,1,1,2,83,8
Failed,,,3314,1,2,85,6
Failed,,,2757,2043,461,28,139
Failed,,,4343,448,303,33,98
Failed,,,802,3930,812,134,182
Failed,,,4438,4486,244,4,66
Failed,,,1479,2853,500,81,231
Failed,,,3151,4347,390,186,210
Failed,,,4974,2323,628,71,160
Failed,,,848,956,259,2,243
Failed,,,2798,2839,984,145,203
Failed,,,4074,1117,223,105,183
Failed,,,4648,3954,298,73,154
Failed,,,3482,1915,536,174,228
Failed,,,1736,909,582,92,209
Failed,,,4693,1742,834,15,123
Failed,,,1141,2298,145,133,133
Failed,,,4009,3329,651,47,89
Failed,,,4687,1144,2,249,5
Failed,,,1282,1212,2,2,3
Failed,,,3671,1167,2,2,6
Failed,,,4078,470,2,201,6
Failed,,,5000,5000,2,250,5
Failed,,,1,1,1000,2,9
Failed,,,3494,1,2,250,6
Failed,,,1289,1,2,163,5
Failed,,,5000,1,2,156,3
Failed,,,3767,1,2,2,4
Failed,,,2227,1,2,2,2
Failed,,,4398,1,2,2,10
Failed,,,1095,2742,667,16,195
Failed,,,107,2484,851,45,221
Failed,,,4680,1010,773,189,216
Failed,,,4120,3768,714,222,246
Failed,,,4605,197,316,30,165
Failed,,,4195,4871,141,63,140
Failed,,,3826,2611,828,99,130
Failed,,,2157,1703,756,85,141
Failed,,,3887,636,504,9,56
Failed,,,251,235,444,138,190
Failed,,,1624,3212,697,116,179
Failed,,,1537,1078,176,49,86
Failed,,,4497,1261,429,95,250
Failed,,,2263,3837,376,20,110
Failed,,,2489,360,643,205,234
Failed,,,638,3633,405,42,151
Failed,,,1302,1,2,135,4
Failed,,,5000,1,2,250,7
Failed,,,2705,1,1000,2,3
Failed,,,1153,1,2,2,3
Failed,,,883,4699,355,84,202
Failed,,,3610,2275,408,39,65
Failed,,,1556,3354,917,140,157
Failed,,,3232,4516,964,97,159
Failed,,,950,1951,767,18,45
Failed,,,3903,3674,277,181,235
Failed,,,2970,401,523,66,130
Failed,,,2077,2161,331,136,223
Failed,,,3069,3464,840,35,57
Failed,,,1045,3887,592,114,142
Failed,,,3300,3392,795,32,240
Failed,,,9,4259,543,78,92
Failed,,,1193,807,977,108,120
Failed,,,2921,1854,721,61,207
Failed,,,1952,580,988,44,195
Failed,,,1848,4668,562,10,220
Failed,,,3912,1,2,106,6
Failed,,,2332,1,2,2,3
Failed,,,3197,1,2,2,5
Failed,,,4355,1,2,147,5
Failed,,,3878,1,2,100,8
Failed,,,3454,1,2,56,6
Failed,,,3856,1,2,2,8
Failed,,,3877,1,2,2,6
Failed,,,4208,1,2,122,4
Failed,,,4556,1109,2,163,5
Failed,,,4290,1,2,137,6
Failed,,,3489,1,2,68,5
Failed,,,4017,1074,2,2,5
Failed,,,2677,1587,878,196,245
Failed,,,2244,1739,601,171,181
Failed,,,2612,2641,107,7,99
Failed,,,4385,2520,463,52,198
Failed,,,1667,1955,661,34,128
Failed,,,176,1050,893,80,179
Failed,,,3133,1291,649,3,31
Failed,,,417,3261,481,22,85
Failed,,,4364,2705,545,157,169
Failed,,,2513,667,284,101,213
Failed,,,2408,856,194,14,152
Failed,,,1372,4231,261,47,184
Failed,,,4748,1181,616,59,240
Failed,,,4032,4048,932,26,207
Failed,,,2011,3606,688,72,121
Failed,,,2887,3098,638,103,227
Failed,,,3694,2029,2,2,8
Failed,,,3918,1610,2,2,5
Failed,,,2242,821,2,2,3
Failed,,,1523,1611,396,7,218
Failed,,,4481,739,147,86,116
Failed,,,2723,3301,435,78,184
Failed,,,4154,13,680,179,203
Failed,,,4568,4763,871,146,229
Failed,,,3353,3925,514,40,122
Failed,,,64,3738,762,119,208
Failed,,,1216,1487,695,90,238
Failed,,,3986,1075,377,143,143
Failed,,,1160,4555,886,58,78
Failed,,,120,518,569,27,103
Failed,,,3413,2146,814,75,188
Failed,,,1336,652,798,164,248
Failed,,,3497,4973,308,17,32
Failed,,,761,2393,486,123,172
Failed,,,2367,4104,747,131,214
Failed,,,2947,1167,940,13,90
Failed,,,2947,4632,448,96,219
Failed,,,1217,3018,201,48,72
Failed,,,63,2067,251,21,110
Failed,,,3557,2757,623,7,39
Failed,,,596,4893,870,86,141
Failed,,,704,192,679,115,165
Failed,,,2426,3158,433,139,217
Failed,,,4221,1,831,31,229
Failed,,,4481,4752,656,61,201
Failed,,,1568,462,472,40,131
Failed,,,304,3747,734,205,235
Failed,,,207,3994,416,212,243
Failed,,,2035,2957,853,4,163
Failed,,,3862,1364,785,48,174
Failed,,,4860,3567,735,21,148
Failed,,,665,5000,2,213,5
Failed,,,5000,1,1000,2,5
Failed,,,1,5000,2,2,6
Failed,,,1,1,2,136,10
Failed,,,5000,1,2,137,3
Failed,,,3162,1,1000,2,5
Failed,,,3868,1,2,39,6
Failed,,,3090,1,1000,2,3
Failed,,,1053,1,2,193,4
Failed,,,3880,1324,2,2,6
Failed,,,3631,5000,408,2,8
Failed,,,4147,1117,519,2,9
Failed,,,1,1,2,154,8
Failed,,,4196,1,2,2,4
Failed,,,3752,5000,2,2,9
Failed,,,4280,1,2,2,3
Failed,,,2887,1408,134,4,91
Failed,,,1788,3072,368,3,227
Failed,,,4662,2376,506,22,172
Failed,,,4138,2714,946,55,133
Failed,,,2343,846,283,161,188
Failed,,,2513,4776,792,14,97
Failed,,,787,2562,544,93,198
Failed,,,3115,3087,853,189,192
Failed,,,4957,3851,416,27,143
Failed,,,3166,2134,663,223,224
Failed,,,1424,660,710,17,212
Failed,,,4384,1688,957,94,112
Failed,,,2297,4112,775,45,249
Failed,,,2783,4283,749,70,185
Failed,,,4096,2250,487,188,197
Failed,,,3497,783,799,100,152
Failed,,,3709,153,726,47,68
Failed,,,1457,4220,233,133,150
Failed,,,4994,1190,892,144,204
Failed,,,1046,321,86,26,42
Failed,,,3806,4056,591,174,242
Failed,,,3069,2028,329,72,128
Failed,,,2176,570,524,130,222
Failed,,,949,3541,278,121,147
Failed,,,273,1369,212,89,174
Failed,,,3232,971,455,10,26
Failed,,,1605,4657,965,158,192
Failed,,,3610,3182,918,76,245
Failed,,,320,4166,671,30,80
Failed,,,1756,1964,814,135,163
Failed,,,3413,3658,325,34,121
Failed,,,1159,1244,378,83,239
Failed,,,4015,1,1000,2,9
Failed,,,2043,1,1000,2,3
Failed,,,3730,1198,1000,2,8
Failed,,,3741,1,494,2,6
Failed,,,2238,1,2,2,2
Failed,,,4323,5000,2,227,5
Failed,,,1364,1,2,203,3
Failed,,,5000,1,2,250,5
Failed,,,3640,1,1000,2,8
Failed,,,1842,1,239,2,5
Failed,,,1,5000,2,2,9
Failed,,,1940,1147,1000,2,3
Failed,,,2470,1,2,116,8
Failed,,,3133,1,2,164,6
Failed,,,5000,1,2,2,10
Failed,,,416,2196,970,124,233
Failed,,,2994,1846,755,146,241
Failed,,,3827,1625,319,16,63
Failed,,,1030,2754,828,163,221
Failed,,,191,2495,630,131,193
Failed,,,882,744,846,63,116
Failed,,,4267,4879,356,148,168
Failed,,,2612,1596,602,110,218
Failed,,,2468,1727,879,7,153
Failed,,,1312,3344,579,39,184
Failed,,,4805,1558,301,52,238
Failed,,,3975,3683,251,18,208
Failed,,,1952,3969,495,66,122
Failed,,,2921,2666,231,85,103
Failed,,,1194,4997,482,9,190
Failed,,,3541,4541,841,49,171
Failed,,,3698,1,2,2,5
Failed,,,4344,3760,812,74,219
Failed,,,2320,3592,557,28,117
Failed,,,2393,1912,461,213,227
Failed,,,737,3940,715,33,154
Failed,,,485,1152,773,4,182
Failed,,,108,3315,358,71,89
Failed,,,1094,1778,159,99,123
Failed,,,2825,886,415,53,209
Failed,,,4219,3503,403,230,247
Failed,,,2661,532,642,20,135
Failed,,,2263,371,864,119,200
Failed,,,4283,1979,613,42,97
Failed,,,4497,2932,936,12,67
Failed,,,1537,4410,681,91,231
Failed,,,3209,3384,697,180,205
Failed,,,4914,105,443,78,161
Failed,,,3852,1,1000,2,9
Failed,,,1,1,2,2,8
Failed,,,5000,1,2,250,4
Failed,,,1,1,2,250,9
Failed,,,1867,1,1000,2,5
Failed,,,4528,1257,2,250,3
Failed,,,3614,1,1000,2,8
Failed,,,3939,1814,2,2,6
Failed,,,4335,847,2,250,5
Failed,,,4128,1,2,84,5
Failed,,,3914,5000,2,2,6
Failed,,,2265,1,2,2,3
Failed,,,3806,1,2,22,8
Failed,,,1681,4217,391,122,173
Failed,,,1480,1340,990,57,79
Failed,,,4437,1000,739,104,243
Failed,,,4549,3631,604,64,152
Failed,,,1986,222,396,23,72
Failed,,,4694,2808,343,102,194
Failed,,,3429,779,582,156,176
Failed,,,1356,2097,535,113,140
Failed,,,4649,566,786,36,38
Failed,,,521,3814,296,137,246
Failed,,,779,947,223,166,216
Failed,,,4073,4683,728,2,2
Failed,,,2346,2972,983,81,166
Failed,,,2578,2849,511,60,230
Failed,,,431,415,689,73,99
Failed,,,3722,1926,944,25,200
Failed,,,2954,1,2,250,7
Failed,,,3829,1,2,189,3
Failed,,,5000,1,2,250,8
Failed,,,1247,4245,551,109,225
Failed,,,53,821,1000,77,189
Failed,,,3324,1829,745,30,104
Failed,,,4538,2003,891,159,247
Failed,,,606,3619,381,11,33
Failed,,,4164,2926,567,128,215
Failed,,,2713,1205,328,122,171
Failed,,,4250,1325,420,64,68
Failed,,,228,2627,184,15,130
Failed,,,1072,2290,367,47,161
Failed,,,3035,3276,311,29,180
Failed,,,4882,4933,998,194,225
Failed,,,3246,1660,237,63,142
Failed,,,373,3440,889,42,212
Failed,,,908,1316,565,11,250
Failed,,,4173,1457,912,98,186
Failed,,,3254,2728,274,218,241
Failed,,,4871,700,528,40,129
Failed,,,3831,4073,961,6,161
Failed,,,2064,40,903,55,173
Failed,,,1658,4712,580,22,149
Failed,,,4414,424,295,2,218
Failed,,,2358,1392,510,173,203
Failed,,,770,4672,256,73,183
Failed,,,511,555,197,105,154
Failed,,,1364,3517,942,145,228
Failed,,,3423,4855,926,126,209
Failed,,,3578,347,350,182,235
Failed,,,1260,4033,859,19,49
Failed,,,1832,1821,272,84,206
Failed,,,3910,4256,469,40,92
Failed,,,2956,3417,803,63,78
Failed,,,5000,1,2,96,6
Failed,,,3917,1,2,250,6
Failed,,,3397,1,1000,2,3
Failed,,,3926,1,2,107,6
Failed,,,3814,1,2,2,8
Failed,,,4935,1,2,250,5
Failed,,,5000,1,2,244,6
Failed,,,3848,1,2,2,5
Failed,,,2124,1,2,2,2
Failed,,,605,1227,2,250,5
Failed,,,2012,1,711,2,3
Failed,,,3843,1,2,2,6
Failed,,,661,5000,2,250,5
Failed,,,3803,1500,1000,2,8
Failed,,,5000,5000,2,250,7
Failed,,,1494,3890,352,51,199
Failed,,,959,4816,973,37,56
Failed,,,243,113,541,9,32
Failed,,,3222,2235,796,86,179
Failed,,,3619,4398,334,19,86
Failed,,,872,1988,406,95,212
Failed,,,4707,1580,182,132,157
Failed,,,151,2797,675,47,123
Failed,,,1149,2430,874,14,89
Failed,,,2858,231,619,91,237
Failed,,,4061,1767,826,46,195
Failed,,,4739,3304,628,15,221
Failed,,,1401,1520,498,28,166
Failed,,,724,448,811,190,246
Failed,,,2523,3580,459,82,200
Failed,,,4354,609,713,168,182
Failed,,,5000,1287,2,176,5
Failed,,,3965,4986,502,78,120
Failed,,,1922,2674,757,32,207
Failed,,,2892,3980,522,10,195
Failed,,,1184,3675,770,88,109
Failed,,,3310,1113,963,44,220
Failed,,,1321,2275,916,196,217
Failed,,,648,925,354,30,140
Failed,,,816,3768,208,5,98
Failed,,,406,1009,282,33,66
Failed,,,4446,4618,771,135,155
Failed,,,185,3143,850,99,160
Failed,,,1017,1634,666,71,130
Failed,,,3059,704,922,23,44
Failed,,,2105,4919,412,187,236
Failed,,,2999,2523,722,115,142
Failed,,,3873,806,484,138,224
Failed,,,2234,1587,387,39,99
Failed,,,2599,2792,877,140,181
Failed,,,4527,4177,315,84,230
Failed,,,1546,3173,72,7,65
Failed,,,1614,962,561,65,159
Failed,,,261,2995,299,181,211
Failed,,,941,2073,249,152,235
Failed,,,2186,3799,986,98,131
Failed,,,2090,2019,685,3,57
Failed,,,3798,332,932,80,142
Failed,,,4982,4448,617,114,179
Failed,,,3142,1482,371,137,191
Failed,,,2583,360,150,50,110
Failed,,,2255,4018,644,150,170
Failed,,,4575,3111,429,42,185
Failed,,,1858,2416,699,60,240
Failed,,,5000,5000,2,154,3
Failed,,,3406,1,2,2,4
Failed,,,3707,1,2,84,3
Failed,,,5000,1,2,82,9
Failed,,,5000,1,2,2,5
Failed,,,5000,1,1000,2,4
Failed,,,628,1,2,2,3
Failed,,,2855,1,2,2,5
Failed,,,5000,5000,2,157,4
Failed,,,3243,1,2,2,3
Failed,,,1,1,1000,2,2
Failed,,,5000,1034,2,2,4
Failed,,,5000,4678,2,217,4
Failed,,,3666,1,2,71,5
Failed,,,1879,1,2,85,3
Failed,,,2479,2642,600,223,245
Failed,,,1679,2146,323,167,93
Failed,,,3179,3479,816,4,128
Failed,,,1450,144,261,102,249
Failed,,,4373,2573,439,21,111
Failed,,,2748,4959,285,48,152
Failed,,,4129,1674,547,210,233
Failed,,,3474,285,234,14,184
Failed,,,3368,3084,646,72,91
Failed,,,98,4580,893,27,240
Failed,,,1124,493,593,58,207
Failed,,,2835,2160,837,106,121
Failed,,,1957,1419,856,75,226
Failed,,,3998,1235,608,27,78
Failed,,,129,386,418,143,178
Failed,,,4723,3994,908,57,103
Failed,,,5000,1,2,2,3
Failed,,,3751,4556,379,212,204
Failed,,,3121,1276,641,34,163
Failed,,,2043,3098,132,135,118
Failed,,,2140,1167,447,230,193
Failed,,,3025,4463,940,66,25
Failed,,,3850,1487,203,184,106
Failed,,,982,2888,693,20,174
Failed,,,298,1887,759,49,147
Failed,,,4852,3738,254,150,74
Failed,,,3275,454,516,97,61
Failed,,,1509,1792,625,139,4
Failed,,,4490,862,868,216,168
Failed,,,363,4764,363,115,116
Failed,,,937,12,187,87,80
