index,ACCURACY,RUNTIME,transformed_accuracy,transformed_runtime,is_pareto,pareto_layer,recent_samples_size,feature_id,batch_size,divergence,detect_batch,statistic,significance,subsets
0,0.04,5,0.0,0.8988593418826402,0,6,1004,6,740,str('KL'),3,str('stdev'),0.331,57
1,0.05,4,0.25000000000000006,0.9254628147961788,0,4,714,13,3428,str('KL'),1,str('stdev'),0.073,29
2,0.04,5,0.0,0.8988593418826402,0,6,4414,1,1117,str('H'),2,str('tstat'),0.554,66
3,0.04,4,0.0,0.9254628147961788,0,5,3207,16,4331,str('KL'),2,str('tstat'),0.867,85
4,0.08,4,1.0,0.9254628147961788,0,2,1902,9,1483,str('H'),1,str('stdev'),0.257,22
5,0.04,6,0.0,0.8763664260283587,0,7,1422,18,252,str('H'),1,str('tstat'),0.925,58
6,0.04,4,0.0,0.9254628147961788,0,5,2769,7,3019,str('KL'),2,str('stdev'),0.451,46
7,0.04,3,0.0,0.9580228341795545,0,4,3914,10,2464,str('H'),2,str('stdev'),0.128,5
8,0.04,8,0.0,0.8396958495857259,0,9,256,3,4537,str('KL'),1,str('tstat'),0.746,93
9,0.06,2,0.4999999999999999,1.0,1,1,1429,12,1013,str('KL'),3,str('tstat'),0.433,63
10,0.06,3,0.4999999999999999,0.9580228341795545,0,2,3706,14,2135,str('H'),3,str('tstat'),0.3,32
11,0.06,3,0.4999999999999999,0.9580228341795545,0,2,2919,14,2529,str('H'),3,str('tstat'),0.071,69
12,0.06,3,0.4999999999999999,0.9580228341795545,0,2,2177,14,1381,str('KL'),1,str('stdev'),0.584,42
13,0.06,3,0.4999999999999999,0.9580228341795545,0,2,889,14,3897,str('H'),2,str('stdev'),0.914,87
14,0.06,3,0.4999999999999999,0.9580228341795545,0,2,1778,14,4297,str('KL'),3,str('stdev'),0.012,27
15,0.06,4,0.4999999999999999,0.9254628147961788,0,3,3147,14,551,str('H'),1,str('tstat'),0.522,52
16,0.06,2,0.4999999999999999,1.0,1,1,3598,12,2809,str('H'),3,str('stdev'),0.631,90
17,0.04,4,0.0,0.9254628147961788,0,5,2743,3,3233,str('H'),2,str('stdev'),0.942,26
18,0.04,4,0.0,0.9254628147961788,0,5,3940,19,1272,str('KL'),2,str('stdev'),0.635,25
19,0.04,3,0.0,0.9580228341795545,0,4,1119,10,3790,str('KL'),2,str('tstat'),0.936,29
20,0.04,4,0.0,0.9254628147961788,0,5,4927,4,1648,str('H'),3,str('stdev'),0.439,67
21,0.04,4,0.0,0.9254628147961788,0,5,3631,18,3453,str('KL'),2,str('stdev'),0.14,84
22,0.04,5,0.0,0.8988593418826402,0,6,2433,6,755,str('H'),3,str('tstat'),0.734,22
23,0.04,5,0.0,0.8988593418826402,0,6,1661,15,1907,str('H'),1,str('stdev'),0.069,58
24,0.08,4,1.0,0.9254628147961788,0,2,2822,9,4844,str('KL'),3,str('tstat'),0.558,45
25,0.05,4,0.25000000000000006,0.9254628147961788,0,4,4174,13,379,str('H'),3,str('tstat'),0.863,6
26,0.04,4,0.0,0.9254628147961788,0,5,2083,16,2872,str('KL'),3,str('tstat'),0.473,77
27,0.04,4,0.0,0.9254628147961788,0,5,3436,10,105,str('H'),1,str('stdev'),0.903,14
28,0.06,3,0.4999999999999999,0.9580228341795545,0,2,4575,14,4410,str('KL'),3,str('stdev'),0.705,36
29,0.04,4,0.0,0.9254628147961788,0,5,924,2,2337,str('H'),2,str('tstat'),0.169,74
30,0.04,4,0.0,0.9254628147961788,0,5,1106,20,4942,str('H'),3,str('tstat'),0.429,49
31,0.04,4,0.0,0.9254628147961788,0,5,4809,20,3511,str('H'),1,str('tstat'),0.793,44
32,0.04,4,0.0,0.9254628147961788,0,5,7,16,3953,str('KL'),2,str('stdev'),0.192,4
33,0.04,3,0.0,0.9580228341795545,0,4,3851,10,1798,str('H'),3,str('tstat'),0.685,92
34,0.06,3,0.4999999999999999,0.9580228341795545,0,2,2520,14,3606,str('KL'),2,str('tstat'),0.986,59
35,0.04,4,0.0,0.9254628147961788,0,5,1359,2,914,str('H'),3,str('stdev'),0.388,47
36,0.04,7,0.0,0.8568821760621947,0,8,2112,11,2071,str('H'),1,str('tstat'),0.806,83
37,0.06,4,0.4999999999999999,0.9254628147961788,0,3,3310,5,4994,str('KL'),3,str('stdev'),0.321,20
38,0.04,5,0.0,0.8988593418826402,0,6,4624,19,533,str('H'),3,str('stdev'),0.009,31
39,0.04,4,0.0,0.9254628147961788,0,5,816,7,2762,str('KL'),2,str('tstat'),0.616,68
40,0.06,5,0.4999999999999999,0.8988593418826402,0,4,1213,14,156,str('KL'),2,str('tstat'),0.856,42
41,0.04,4,0.0,0.9254628147961788,0,5,4911,0,2845,str('H'),3,str('stdev'),0.269,55
42,0.05,8,0.25000000000000006,0.8396958495857259,0,8,3725,17,2290,str('KL'),1,str('stdev'),0.091,97
43,0.06,4,0.4999999999999999,0.9254628147961788,0,3,2418,8,4442,str('H'),2,str('tstat'),0.533,9
44,0.04,4,0.0,0.9254628147961788,0,5,1609,19,3210,str('H'),2,str('stdev'),0.148,70
45,0.06,4,0.4999999999999999,0.9254628147961788,0,3,2953,5,977,str('KL'),1,str('tstat'),0.727,32
46,0.06,2,0.4999999999999999,1.0,1,1,4122,12,4192,str('H'),1,str('tstat'),0.912,18
47,0.04,4,0.0,0.9254628147961788,0,5,461,3,1265,str('KL'),3,str('stdev'),0.461,81
48,0.05,4,0.25000000000000006,0.9254628147961788,0,4,553,13,2972,str('H'),1,str('tstat'),0.31,24
49,0.04,14,0.0,0.7651586643819046,0,14,4243,3,284,str('KL'),2,str('stdev'),0.815,86
50,0.04,4,0.0,0.9254628147961788,0,5,3065,20,4588,str('H'),3,str('stdev'),0.512,65
51,0.04,4,0.0,0.9254628147961788,0,5,1750,6,2437,str('KL'),1,str('tstat'),0.112,28
52,0.05,4,0.25000000000000006,0.9254628147961788,0,4,2188,17,1163,str('KL'),3,str('stdev'),0.694,88
53,0.06,4,0.4999999999999999,0.9254628147961788,0,3,3545,8,3396,str('H'),2,str('tstat'),0.181,1
54,0.04,4,0.0,0.9254628147961788,0,5,4701,15,1431,str('KL'),3,str('tstat'),0.491,50
55,0.04,5,0.0,0.8988593418826402,0,6,1053,1,4358,str('H'),1,str('stdev'),0.882,62
56,0.04,4,0.0,0.9254628147961788,0,5,665,18,1671,str('H'),3,str('stdev'),0.644,35
57,0.04,6,0.0,0.8763664260283587,0,7,4521,6,3826,str('KL'),1,str('tstat'),0.233,73
58,0.04,7,0.0,0.8568821760621947,0,8,3177,11,767,str('H'),2,str('tstat'),0.409,78
59,0.04,4,0.0,0.9254628147961788,0,5,2029,4,3460,str('KL'),3,str('stdev'),0.965,15
60,0.05,4,0.25000000000000006,0.9254628147961788,0,4,1530,13,4808,str('KL'),3,str('tstat'),0.354,51
61,0.04,4,0.0,0.9254628147961788,0,5,2720,1,1885,str('H'),1,str('stdev'),0.773,39
62,0.04,4,0.0,0.9254628147961788,0,5,4042,15,2596,str('KL'),2,str('stdev'),0.586,12
63,0.08,10,1.0,0.8104149597932945,0,8,227,9,367,str('H'),2,str('tstat'),0.039,100
64,0.05,4,0.25000000000000006,0.9254628147961788,0,4,290,13,2265,str('H'),3,str('tstat'),0.841,3
65,0.04,4,0.0,0.9254628147961788,0,5,3978,2,4487,str('KL'),2,str('stdev'),0.282,90
66,0.05,4,0.25000000000000006,0.9254628147961788,0,4,2783,17,24,str('H'),3,str('stdev'),0.109,61
67,0.04,3,0.0,0.9580228341795545,0,4,1466,10,2959,str('KL'),1,str('tstat'),0.517,48
68,0.04,7,0.0,0.8568821760621947,0,8,1926,19,4069,str('KL'),1,str('stdev'),0.161,87
69,0.04,4,0.0,0.9254628147961788,0,5,3280,7,1369,str('H'),2,str('tstat'),0.713,25
70,0.04,4,0.0,0.9254628147961788,0,5,4418,11,3175,str('KL'),3,str('tstat'),0.895,26
71,0.04,7,0.0,0.8568821760621947,0,8,767,4,1032,str('H'),1,str('stdev'),0.48,64
72,0.05,3,0.25000000000000006,0.9580228341795545,0,3,950,17,3717,str('H'),3,str('stdev'),0.236,40
73,0.06,6,0.4999999999999999,0.8763664260283587,0,5,4804,8,783,str('KL'),1,str('tstat'),0.639,52
74,0.06,10,0.4999999999999999,0.8104149597932945,0,9,3442,14,3996,str('H'),1,str('tstat'),0.938,98
75,0.04,4,0.0,0.9254628147961788,0,5,2291,0,1774,str('KL'),3,str('stdev'),0.437,11
76,0.04,5,0.0,0.8988593418826402,0,6,1813,11,585,str('KL'),3,str('tstat'),0.76,75
77,0.04,4,0.0,0.9254628147961788,0,5,3001,2,2729,str('H'),1,str('stdev'),0.364,38
78,0.04,4,0.0,0.9254628147961788,0,5,4307,20,2172,str('KL'),2,str('stdev'),0.059,14
79,0.06,7,0.4999999999999999,0.8568821760621947,0,6,489,5,4873,str('H'),1,str('tstat'),0.568,76
80,0.04,4,0.0,0.9254628147961788,0,5,368,20,656,str('KL'),1,str('stdev'),0.657,21
81,0.04,4,0.0,0.9254628147961788,0,5,4214,6,3590,str('H'),3,str('tstat'),0.218,84
82,0.06,2,0.4999999999999999,1.0,1,1,2860,12,1628,str('KL'),3,str('tstat'),0.393,67
83,0.04,4,0.0,0.9254628147961788,0,5,1701,3,3849,str('H'),2,str('stdev'),0.983,29
84,0.04,4,0.0,0.9254628147961788,0,5,2471,15,2544,str('H'),2,str('tstat'),0.339,94
85,0.04,5,0.0,0.8988593418826402,0,6,3671,0,399,str('KL'),3,str('stdev'),0.785,6
86,0.04,4,0.0,0.9254628147961788,0,5,4965,18,4707,str('H'),3,str('stdev'),0.605,45
87,0.06,4,0.4999999999999999,0.9254628147961788,0,3,1160,8,2006,str('KL'),3,str('tstat'),0.022,57
88,0.04,4,0.0,0.9254628147961788,0,5,870,10,4614,str('KL'),2,str('tstat'),0.264,34
89,0.04,6,0.0,0.8763664260283587,0,7,4570,4,2392,str('H'),1,str('stdev'),0.859,72
90,0.04,6,0.0,0.8763664260283587,0,7,3363,18,3105,str('KL'),1,str('stdev'),0.562,79
91,0.04,5,0.0,0.8988593418826402,0,6,2059,6,170,str('H'),3,str('tstat'),0.065,17
92,0.04,5,0.0,0.8988593418826402,0,6,1266,16,1555,str('H'),2,str('stdev'),0.738,56
93,0.08,3,1.0,0.9580228341795545,1,1,2612,9,4254,str('KL'),3,str('tstat'),0.136,43
94,0.05,4,0.25000000000000006,0.9254628147961788,0,4,3758,13,1198,str('H'),1,str('tstat'),0.443,8
95,0.04,4,0.0,0.9254628147961788,0,5,99,1,3341,str('KL'),3,str('stdev'),0.932,95
96,0.04,6,0.0,0.8763664260283587,0,7,97,19,1426,str('H'),1,str('stdev'),0.609,61
97,0.06,4,0.4999999999999999,0.9254628147961788,0,3,3780,5,4349,str('KL'),2,str('tstat'),0.018,48
98,0.06,4,0.4999999999999999,0.9254628147961788,0,3,2586,12,1138,str('H'),2,str('tstat'),0.342,3
99,0.04,4,0.0,0.9254628147961788,0,5,1274,3,3368,str('KL'),3,str('stdev'),0.781,90
100,0.04,4,0.0,0.9254628147961788,0,5,2046,15,4597,str('KL'),1,str('tstat'),0.396,26
101,0.04,4,0.0,0.9254628147961788,0,5,3395,0,2442,str('H'),2,str('stdev'),0.979,63
102,0.05,4,0.25000000000000006,0.9254628147961788,0,4,4533,17,3000,str('KL'),2,str('stdev'),0.66,87
103,0.04,5,0.0,0.8988593418826402,0,6,887,7,308,str('H'),1,str('tstat'),0.214,25
104,0.04,4,0.0,0.9254628147961788,0,5,1148,11,2605,str('H'),3,str('tstat'),0.439,98
105,0.06,4,0.4999999999999999,0.9254628147961788,0,3,4997,5,372,str('KL'),1,str('stdev'),0.936,11
106,0.04,4,0.0,0.9254628147961788,0,5,3635,19,4836,str('H'),2,str('stdev'),0.735,40
107,0.04,4,0.0,0.9254628147961788,0,5,2489,7,1910,str('KL'),3,str('tstat'),0.14,53
108,0.04,6,0.0,0.8763664260283587,0,7,1699,16,762,str('KL'),2,str('stdev'),0.558,14
109,0.08,4,1.0,0.9254628147961788,0,2,2882,9,3451,str('H'),3,str('tstat'),0.069,76
110,0.06,6,0.4999999999999999,0.8763664260283587,0,5,4187,14,1646,str('KL'),1,str('tstat'),0.261,75
111,0.04,4,0.0,0.9254628147961788,0,5,375,2,3797,str('H'),3,str('stdev'),0.863,37
112,0.05,5,0.25000000000000006,0.8988593418826402,0,5,487,13,518,str('KL'),3,str('tstat'),0.891,67
113,0.04,4,0.0,0.9254628147961788,0,5,4329,1,2752,str('H'),1,str('stdev'),0.484,29
114,0.04,4,0.0,0.9254628147961788,0,5,2975,16,2037,str('KL'),3,str('stdev'),0.158,22
115,0.08,6,1.0,0.8763664260283587,0,4,1821,9,4964,str('H'),1,str('tstat'),0.717,84
116,0.04,4,0.0,0.9254628147961788,0,5,2278,18,3617,str('H'),1,str('stdev'),0.106,45
117,0.04,5,0.0,0.8988593418826402,0,6,3473,6,928,str('KL'),2,str('tstat'),0.521,58
118,0.04,3,0.0,0.9580228341795545,0,4,4767,10,3983,str('H'),3,str('tstat'),0.838,93
119,0.04,4,0.0,0.9254628147961788,0,5,967,4,1831,str('KL'),2,str('stdev'),0.286,6
120,0.05,3,0.25000000000000006,0.9580228341795545,0,3,755,17,4203,str('KL'),2,str('stdev'),0.063,80
121,0.06,5,0.4999999999999999,0.8988593418826402,0,4,4450,8,1280,str('H'),1,str('tstat'),0.564,17
122,0.04,4,0.0,0.9254628147961788,0,5,3244,15,3241,str('KL'),3,str('tstat'),0.763,34
123,0.04,6,0.0,0.8763664260283587,0,7,1944,1,1011,str('H'),2,str('stdev'),0.36,72
124,0.06,3,0.4999999999999999,0.9580228341795545,0,2,1464,12,2276,str('H'),2,str('tstat'),0.942,7
125,0.04,8,0.0,0.8396958495857259,0,9,2805,3,4431,str('KL'),1,str('stdev'),0.433,95
126,0.04,9,0.0,0.8243221566788189,0,10,3951,20,123,str('H'),1,str('stdev'),0.239,56
127,0.04,4,0.0,0.9254628147961788,0,5,297,6,2815,str('KL'),2,str('tstat'),0.635,44
128,0.04,5,0.0,0.8988593418826402,0,6,204,11,4713,str('KL'),1,str('tstat'),0.487,59
129,0.04,4,0.0,0.9254628147961788,0,5,4044,2,2014,str('H'),2,str('stdev'),0.887,46
130,0.04,4,0.0,0.9254628147961788,0,5,2712,20,2570,str('KL'),3,str('stdev'),0.691,4
131,0.06,9,0.4999999999999999,0.8243221566788189,0,8,1556,5,427,str('H'),2,str('tstat'),0.186,92
132,0.05,3,0.25000000000000006,0.9580228341795545,0,3,1998,17,1620,str('H'),3,str('stdev'),0.508,31
133,0.06,5,0.4999999999999999,0.8988593418826402,0,4,3190,8,3842,str('KL'),1,str('tstat'),0.117,69
134,0.06,5,0.4999999999999999,0.8988593418826402,0,4,4504,14,629,str('H'),3,str('tstat'),0.307,82
135,0.04,4,0.0,0.9254628147961788,0,5,702,0,3564,str('KL'),2,str('stdev'),0.819,20
136,0.04,4,0.0,0.9254628147961788,0,5,1021,19,1191,str('KL'),3,str('stdev'),0.59,97
137,0.04,4,0.0,0.9254628147961788,0,5,4713,7,3335,str('H'),1,str('tstat'),0.034,9
138,0.04,5,0.0,0.8988593418826402,0,6,3527,11,1527,str('KL'),3,str('tstat'),0.357,42
139,0.04,4,0.0,0.9254628147961788,0,5,2225,4,4228,str('H'),2,str('stdev'),0.768,54
140,0.05,4,0.25000000000000006,0.9254628147961788,0,4,1728,13,3112,str('H'),2,str('tstat'),0.413,18
141,0.04,20,0.0,0.7160622756140845,0,19,3067,2,178,str('KL'),1,str('stdev'),0.96,81
142,0.04,4,0.0,0.9254628147961788,0,5,4236,16,4640,str('H'),3,str('stdev'),0.647,70
143,0.04,3,0.0,0.9580228341795545,0,4,580,10,2419,str('KL'),2,str('tstat'),0.228,33
144,0.04,6,0.0,0.8763664260283587,0,7,438,16,3188,str('H'),1,str('stdev'),0.013,65
145,0.08,3,1.0,0.9580228341795545,1,1,4124,9,1044,str('KL'),2,str('tstat'),0.611,28
146,0.05,4,0.25000000000000006,0.9254628147961788,0,4,2945,13,4101,str('H'),2,str('tstat'),0.809,23
147,0.04,8,0.0,0.8396958495857259,0,9,1635,1,1400,str('KL'),1,str('stdev'),0.316,86
148,0.04,29,0.0,0.6640180062645448,0,21,2386,10,12,str('KL'),1,str('tstat'),0.99,50
149,0.04,4,0.0,0.9254628147961788,0,5,3738,4,2946,str('H'),3,str('stdev'),0.384,62
150,0.04,4,0.0,0.9254628147961788,0,5,4894,18,2233,str('KL'),2,str('stdev'),0.195,89
151,0.04,4,0.0,0.9254628147961788,0,5,1250,7,4454,str('H'),3,str('tstat'),0.681,1
152,0.04,4,0.0,0.9254628147961788,0,5,784,15,2160,str('H'),2,str('tstat'),0.908,78
153,0.04,4,0.0,0.9254628147961788,0,5,4636,0,4860,str('KL'),3,str('stdev'),0.466,15
154,0.04,4,0.0,0.9254628147961788,0,5,3292,18,554,str('H'),2,str('stdev'),0.145,36
155,0.08,3,1.0,0.9580228341795545,1,1,2149,9,2696,str('KL'),3,str('tstat'),0.732,73
156,0.04,4,0.0,0.9254628147961788,0,5,1337,20,4009,str('KL'),3,str('stdev'),0.087,13
157,0.04,11,0.0,0.7977186837652803,0,12,2522,6,1786,str('H'),1,str('tstat'),0.538,100
158,0.06,3,0.4999999999999999,0.9580228341795545,0,2,3844,12,3750,str('KL'),2,str('tstat'),0.853,51
159,0.04,5,0.0,0.8988593418826402,0,6,34,3,815,str('H'),3,str('stdev'),0.274,39
160,0.06,3,0.4999999999999999,0.9580228341795545,0,2,48,14,3477,str('KL'),3,str('stdev'),0.178,55
161,0.04,6,0.0,0.8763664260283587,0,7,3887,0,711,str('H'),1,str('tstat'),0.698,43
162,0.05,3,0.25000000000000006,0.9580228341795545,0,3,2556,17,3765,str('KL'),2,str('tstat'),0.878,8
163,0.06,10,0.4999999999999999,0.8104149597932945,0,9,1400,8,1692,str('H'),1,str('stdev'),0.494,96
164,0.04,5,0.0,0.8988593418826402,0,6,2154,20,345,str('H'),3,str('tstat'),0.827,32
165,0.06,4,0.4999999999999999,0.9254628147961788,0,3,3346,5,2656,str('KL'),2,str('stdev'),0.298,69
166,0.04,7,0.0,0.8568821760621947,0,8,4660,11,1942,str('H'),2,str('stdev'),0.124,82
167,0.04,4,0.0,0.9254628147961788,0,5,858,2,4790,str('KL'),2,str('tstat'),0.5,19
168,0.04,9,0.0,0.8243221566788189,0,10,1177,16,2493,str('KL'),1,str('tstat'),0.776,91
169,0.04,3,0.0,0.9580228341795545,0,4,4870,10,4570,str('H'),2,str('stdev'),0.35,4
170,0.05,5,0.25000000000000006,0.8988593418826402,0,5,3684,13,262,str('KL'),3,str('stdev'),0.043,47
171,0.04,5,0.0,0.8988593418826402,0,6,2381,2,3032,str('H'),1,str('tstat'),0.583,60
172,0.04,4,0.0,0.9254628147961788,0,5,1572,11,4298,str('H'),3,str('stdev'),0.221,21
173,0.04,7,0.0,0.8568821760621947,0,8,2911,4,1453,str('KL'),2,str('tstat'),0.656,83
174,0.04,4,0.0,0.9254628147961788,0,5,4080,19,3414,str('H'),3,str('tstat'),0.953,68
175,0.04,4,0.0,0.9254628147961788,0,5,424,7,1106,str('KL'),1,str('stdev'),0.421,30
176,0.04,4,0.0,0.9254628147961788,0,5,594,18,4385,str('H'),2,str('tstat'),0.324,73
177,0.04,4,0.0,0.9254628147961788,0,5,4280,7,2308,str('KL'),3,str('stdev'),0.802,35
178,0.04,3,0.0,0.9580228341795545,0,4,3101,10,2866,str('H'),1,str('stdev'),0.62,16
179,0.04,5,0.0,0.8988593418826402,0,6,1791,4,96,str('KL'),3,str('tstat'),0.006,79
180,0.05,4,0.25000000000000006,0.9254628147961788,0,4,2230,13,1326,str('KL'),2,str('stdev'),0.673,39
181,0.04,5,0.0,0.8988593418826402,0,6,3581,1,4171,str('H'),1,str('tstat'),0.204,52
182,0.04,16,0.0,0.7468954686199614,0,16,4738,16,960,str('KL'),1,str('tstat'),0.376,99
183,0.08,3,1.0,0.9580228341795545,1,1,1094,9,3268,str('H'),3,str('stdev'),0.998,12
184,0.06,6,0.4999999999999999,0.8763664260283587,0,5,628,12,896,str('H'),1,str('stdev'),0.723,86
185,0.04,4,0.0,0.9254628147961788,0,5,4480,3,3663,str('KL'),3,str('tstat'),0.152,24
186,0.04,4,0.0,0.9254628147961788,0,5,3136,20,1858,str('H'),3,str('tstat'),0.457,27
187,0.04,5,0.0,0.8988593418826402,0,6,1992,6,3932,str('KL'),2,str('stdev'),0.915,65
188,0.04,8,0.0,0.8396958495857259,0,9,1493,18,2783,str('KL'),1,str('tstat'),0.281,1
189,0.06,4,0.4999999999999999,0.9254628147961788,0,3,2679,8,472,str('H'),3,str('stdev'),0.844,88
190,0.04,5,0.0,0.8988593418826402,0,6,4000,15,4936,str('KL'),1,str('stdev'),0.545,63
191,0.04,4,0.0,0.9254628147961788,0,5,190,0,2088,str('H'),2,str('tstat'),0.079,50
192,0.05,6,0.25000000000000006,0.8763664260283587,0,6,254,17,229,str('H'),2,str('tstat'),0.789,52
193,0.06,4,0.4999999999999999,0.9254628147961788,0,3,3937,8,3085,str('KL'),1,str('stdev'),0.335,40
194,0.06,3,0.4999999999999999,0.9580228341795545,0,2,2742,14,2373,str('H'),1,str('stdev'),0.026,11
195,0.04,4,0.0,0.9254628147961788,0,5,1430,0,4672,str('KL'),3,str('tstat'),0.601,99
196,0.06,3,0.4999999999999999,0.9580228341795545,0,2,1890,12,3283,str('KL'),2,str('stdev'),0.206,38
197,0.04,4,0.0,0.9254628147961788,0,5,3238,3,1217,str('H'),3,str('tstat'),0.668,75
198,0.04,6,0.0,0.8763664260283587,0,7,4377,19,4275,str('KL'),1,str('tstat'),0.972,76
199,0.06,4,0.4999999999999999,0.9254628147961788,0,3,731,5,1496,str('H'),2,str('stdev'),0.404,13
200,0.06,8,0.4999999999999999,0.8396958495857259,0,7,991,14,3869,str('H'),1,str('stdev'),0.132,91
201,0.04,4,0.0,0.9254628147961788,0,5,4840,2,1569,str('KL'),3,str('tstat'),0.742,4
202,0.04,4,0.0,0.9254628147961788,0,5,3479,16,3533,str('H'),3,str('tstat'),0.928,47
203,0.04,5,0.0,0.8988593418826402,0,6,2332,10,675,str('KL'),2,str('stdev'),0.447,60
204,0.04,4,0.0,0.9254628147961788,0,5,1855,19,1987,str('KL'),2,str('tstat'),0.871,24
205,0.04,4,0.0,0.9254628147961788,0,5,3038,7,4764,str('H'),3,str('stdev'),0.253,87
206,0.04,5,0.0,0.8988593418826402,0,6,4343,11,458,str('KL'),3,str('stdev'),0.076,64
207,0.04,4,0.0,0.9254628147961788,0,5,531,4,2523,str('H'),3,str('tstat'),0.55,27
208,0.04,4,0.0,0.9254628147961788,0,5,331,11,1755,str('KL'),3,str('stdev'),0.709,72
209,0.04,4,0.0,0.9254628147961788,0,5,4173,4,4055,str('H'),2,str('tstat'),0.165,35
210,0.04,4,0.0,0.9254628147961788,0,5,2818,18,841,str('KL'),3,str('tstat'),0.476,16
211,0.04,6,0.0,0.8763664260283587,0,7,1665,6,3698,str('H'),1,str('stdev'),0.899,79
212,0.04,4,0.0,0.9254628147961788,0,5,2435,15,4891,str('H'),3,str('tstat'),0.294,43
213,0.08,4,1.0,0.9254628147961788,0,2,3630,9,2114,str('KL'),1,str('stdev'),0.83,55
214,0.05,4,0.25000000000000006,0.9254628147961788,0,4,4923,13,2670,str('H'),2,str('stdev'),0.528,96
215,0.04,5,0.0,0.8988593418826402,0,6,1123,1,605,str('KL'),3,str('tstat'),0.098,8
216,0.04,4,0.0,0.9254628147961788,0,5,912,20,2899,str('KL'),3,str('tstat'),0.368,83
217,0.06,5,0.4999999999999999,0.8988593418826402,0,4,4607,5,43,str('H'),2,str('stdev'),0.756,21
218,0.05,4,0.25000000000000006,0.9254628147961788,0,4,3400,13,4506,str('KL'),2,str('stdev'),0.572,30
219,0.04,6,0.0,0.8763664260283587,0,7,2100,3,2206,str('H'),1,str('tstat'),0.055,68
220,0.04,5,0.0,0.8988593418826402,0,6,1307,15,1091,str('H'),1,str('stdev'),0.627,7
221,0.04,4,0.0,0.9254628147961788,0,5,2649,1,3156,str('KL'),2,str('tstat'),0.247,94
222,0.05,5,0.25000000000000006,0.8988593418826402,0,5,3795,17,1349,str('H'),3,str('tstat'),0.426,57
223,0.06,5,0.4999999999999999,0.8988593418826402,0,4,141,8,4128,str('KL'),1,str('stdev'),0.95,44
224,0.05,4,0.25000000000000006,0.9254628147961788,0,4,156,17,3068,str('H'),1,str('stdev'),0.874,34
225,0.06,5,0.4999999999999999,0.8988593418826402,0,4,3800,8,221,str('KL'),3,str('tstat'),0.252,71
226,0.04,6,0.0,0.8763664260283587,0,7,2643,15,4685,str('H'),3,str('tstat'),0.078,80
227,0.04,5,0.0,0.8988593418826402,0,6,1292,1,2374,str('KL'),2,str('stdev'),0.547,17
228,0.05,6,0.25000000000000006,0.8763664260283587,0,6,2104,13,1225,str('KL'),2,str('tstat'),0.131,56
229,0.04,6,0.0,0.8763664260283587,0,7,3414,3,3300,str('H'),1,str('stdev'),0.745,44
230,0.04,4,0.0,0.9254628147961788,0,5,4593,20,1494,str('KL'),3,str('stdev'),0.926,7
231,0.06,11,0.4999999999999999,0.7977186837652803,0,10,907,5,4262,str('H'),1,str('tstat'),0.448,95
232,0.05,5,0.25000000000000006,0.8988593418826402,0,5,1127,13,1577,str('H'),3,str('tstat'),0.205,22
233,0.04,7,0.0,0.8568821760621947,0,8,4937,1,3886,str('KL'),1,str('stdev'),0.671,85
234,0.04,5,0.0,0.8988593418826402,0,6,3616,15,674,str('H'),3,str('stdev'),0.968,67
235,0.08,3,1.0,0.9580228341795545,1,1,2431,9,3520,str('KL'),2,str('tstat'),0.405,29
236,0.04,4,0.0,0.9254628147961788,0,5,1680,18,4748,str('KL'),3,str('stdev'),0.792,93
237,0.04,4,0.0,0.9254628147961788,0,5,2824,6,1979,str('H'),1,str('tstat'),0.334,5
238,0.04,4,0.0,0.9254628147961788,0,5,4167,11,2536,str('KL'),1,str('tstat'),0.026,45
239,0.04,7,0.0,0.8568821760621947,0,8,316,4,460,str('H'),2,str('stdev'),0.598,58
240,0.04,5,0.0,0.8988593418826402,0,6,545,11,4052,str('KL'),1,str('tstat'),0.626,41
241,0.04,4,0.0,0.9254628147961788,0,5,4347,4,1743,str('H'),3,str('stdev'),0.25,53
242,0.04,4,0.0,0.9254628147961788,0,5,3033,19,3705,str('KL'),2,str('stdev'),0.422,98
243,0.04,5,0.0,0.8988593418826402,0,6,1841,7,859,str('H'),1,str('tstat'),0.951,10
244,0.04,6,0.0,0.8763664260283587,0,7,2338,16,2125,str('H'),1,str('stdev'),0.371,74
245,0.04,3,0.0,0.9580228341795545,0,4,3494,10,4894,str('KL'),2,str('tstat'),0.755,37
246,0.06,4,0.4999999999999999,0.9254628147961788,0,3,4825,14,587,str('H'),2,str('tstat'),0.572,14
247,0.04,4,0.0,0.9254628147961788,0,5,986,2,2663,str('KL'),3,str('stdev'),0.052,77
248,0.04,5,0.0,0.8988593418826402,0,6,736,19,55,str('KL'),3,str('stdev'),0.297,2
249,0.06,4,0.4999999999999999,0.9254628147961788,0,3,4392,5,2902,str('H'),2,str('tstat'),0.829,90
250,0.06,4,0.4999999999999999,0.9254628147961788,0,3,3223,12,2189,str('KL'),1,str('tstat'),0.53,61
251,0.04,4,0.0,0.9254628147961788,0,5,1884,3,4499,str('H'),3,str('stdev'),0.095,49
252,0.06,7,0.4999999999999999,0.8568821760621947,0,6,1444,14,3153,str('H'),1,str('tstat'),0.708,88
253,0.04,4,0.0,0.9254628147961788,0,5,2746,0,1079,str('KL'),3,str('stdev'),0.168,25
254,0.05,3,0.25000000000000006,0.9580228341795545,0,3,3932,17,4135,str('H'),2,str('stdev'),0.474,26
255,0.06,4,0.4999999999999999,0.9254628147961788,0,3,240,8,1367,str('KL'),3,str('tstat'),0.9,63
256,0.04,6,0.0,0.8763664260283587,0,7,186,15,716,str('KL'),1,str('tstat'),0.222,36
257,0.04,4,0.0,0.9254628147961788,0,5,3986,0,3497,str('H'),2,str('stdev'),0.653,74
258,0.04,6,0.0,0.8763664260283587,0,7,2693,18,1688,str('KL'),2,str('stdev'),0.955,77
259,0.06,5,0.4999999999999999,0.8988593418826402,0,4,1498,8,3755,str('H'),3,str('tstat'),0.419,15
260,0.04,4,0.0,0.9254628147961788,0,5,1977,20,2637,str('H'),1,str('stdev'),0.773,51
261,0.04,5,0.0,0.8988593418826402,0,6,3130,6,339,str('KL'),3,str('tstat'),0.35,38
262,0.06,3,0.4999999999999999,0.9580228341795545,0,2,4485,12,4800,str('H'),2,str('tstat'),0.041,13
263,0.04,11,0.0,0.7977186837652803,0,12,643,3,1946,str('KL'),1,str('stdev'),0.585,100
264,0.04,4,0.0,0.9254628147961788,0,5,1079,16,4551,str('KL'),1,str('stdev'),0.824,23
265,0.08,3,1.0,0.9580228341795545,1,1,4732,9,2488,str('H'),3,str('tstat'),0.3,85
266,0.05,5,0.25000000000000006,0.8988593418826402,0,5,3587,13,3043,str('KL'),1,str('tstat'),0.124,66
267,0.04,5,0.0,0.8988593418826402,0,6,2245,1,266,str('H'),3,str('stdev'),0.504,28
268,0.04,5,0.0,0.8988593418826402,0,6,1787,10,1458,str('H'),3,str('tstat'),0.179,89
269,0.04,4,0.0,0.9254628147961788,0,5,3087,4,4317,str('KL'),2,str('stdev'),0.696,2
270,0.04,6,0.0,0.8763664260283587,0,7,4294,18,1102,str('H'),1,str('stdev'),0.882,49
271,0.04,4,0.0,0.9254628147961788,0,5,599,6,3404,str('KL'),3,str('tstat'),0.494,62
272,0.04,4,0.0,0.9254628147961788,0,5,419,19,2322,str('H'),2,str('stdev'),0.278,41
273,0.04,5,0.0,0.8988593418826402,0,6,4065,7,4386,str('KL'),1,str('tstat'),0.846,54
274,0.04,5,0.0,0.8988593418826402,0,6,2926,11,81,str('H'),3,str('tstat'),0.545,97
275,0.04,4,0.0,0.9254628147961788,0,5,1578,4,2857,str('KL'),1,str('stdev'),0.083,10
276,0.05,5,0.25000000000000006,0.8988593418826402,0,5,2367,13,4170,str('KL'),1,str('tstat'),0.725,71
277,0.04,5,0.0,0.8988593418826402,0,6,3679,2,1312,str('H'),2,str('stdev'),0.15,33
278,0.04,4,0.0,0.9254628147961788,0,5,4874,16,3277,str('KL'),3,str('stdev'),0.461,18
279,0.04,6,0.0,0.8763664260283587,0,7,1191,10,975,str('H'),1,str('tstat'),0.915,81
280,0.04,4,0.0,0.9254628147961788,0,5,844,11,3662,str('H'),3,str('tstat'),0.674,5
281,0.04,17,0.0,0.7385551914683661,0,17,4656,2,882,str('KL'),1,str('stdev'),0.2,92
282,0.04,5,0.0,0.8988593418826402,0,6,3351,20,3941,str('H'),1,str('stdev'),0.378,59
283,0.06,4,0.4999999999999999,0.9254628147961788,0,3,2168,5,1874,str('KL'),2,str('tstat'),0.996,46
284,0.05,3,0.25000000000000006,0.9580228341795545,0,3,1395,17,486,str('KL'),3,str('stdev'),0.321,82
285,0.06,4,0.4999999999999999,0.9254628147961788,0,3,2541,8,2784,str('H'),1,str('tstat'),0.802,20
286,0.06,3,0.4999999999999999,0.9580228341795545,0,2,3903,14,2073,str('KL'),3,str('tstat'),0.618,31
287,0.04,4,0.0,0.9254628147961788,0,5,54,0,4927,str('H'),2,str('stdev'),0.008,69
288,0.06,3,0.4999999999999999,0.9580228341795545,0,2,30,12,2030,str('KL'),2,str('stdev'),0.412,28
289,0.04,4,0.0,0.9254628147961788,0,5,3830,3,4721,str('H'),3,str('tstat'),0.964,65
290,0.04,19,0.0,0.7231814985614591,0,18,2536,20,414,str('KL'),1,str('tstat'),0.645,86
291,0.04,4,0.0,0.9254628147961788,0,5,1341,6,2568,str('H'),2,str('stdev'),0.23,23
292,0.04,4,0.0,0.9254628147961788,0,5,2133,18,3835,str('H'),2,str('tstat'),0.593,62
293,0.08,4,1.0,0.9254628147961788,0,2,3287,9,1604,str('KL'),1,str('stdev'),0.034,50
294,0.04,8,0.0,0.8396958495857259,0,9,4641,15,3566,str('H'),1,str('stdev'),0.358,1
295,0.04,8,0.0,0.8396958495857259,0,9,800,0,642,str('KL'),2,str('tstat'),0.766,89
296,0.04,4,0.0,0.9254628147961788,0,5,1235,18,3327,str('KL'),2,str('tstat'),0.511,16
297,0.04,4,0.0,0.9254628147961788,0,5,4889,7,1174,str('H'),3,str('stdev'),0.115,78
298,0.04,5,0.0,0.8988593418826402,0,6,3743,10,4230,str('KL'),1,str('stdev'),0.307,73
299,0.04,4,0.0,0.9254628147961788,0,5,2401,4,1540,str('H'),3,str('tstat'),0.816,35
300,0.05,22,0.25000000000000006,0.7027881171440163,0,17,1631,13,194,str('H'),2,str('stdev'),0.486,99
301,0.04,6,0.0,0.8763664260283587,0,7,2931,1,3119,str('KL'),3,str('tstat'),0.889,12
302,0.04,4,0.0,0.9254628147961788,0,5,4138,16,2406,str('H'),2,str('tstat'),0.687,39
303,0.08,4,1.0,0.9254628147961788,0,2,443,9,4638,str('KL'),1,str('stdev'),0.186,52
304,0.05,4,0.25000000000000006,0.9254628147961788,0,4,729,17,2822,str('H'),1,str('stdev'),0.564,49
305,0.06,7,0.4999999999999999,0.8568821760621947,0,6,4378,8,120,str('KL'),2,str('tstat'),0.063,61
306,0.04,4,0.0,0.9254628147961788,0,5,575,16,1047,str('H'),3,str('tstat'),0.09,47
307,0.04,3,0.0,0.9580228341795545,0,4,4221,10,3200,str('KL'),2,str('stdev'),0.536,59
308,0.06,9,0.4999999999999999,0.8243221566788189,0,8,3083,14,1394,str('H'),1,str('stdev'),0.853,92
309,0.04,4,0.0,0.9254628147961788,0,5,1734,2,4084,str('KL'),2,str('tstat'),0.27,4
310,0.04,4,0.0,0.9254628147961788,0,5,2211,11,2934,str('KL'),3,str('stdev'),0.907,68
311,0.04,9,0.0,0.8243221566788189,0,10,3523,4,9,str('H'),1,str('tstat'),0.468,31
312,0.04,5,0.0,0.8988593418826402,0,6,4717,19,4472,str('KL'),3,str('tstat'),0.142,20
313,0.04,4,0.0,0.9254628147961788,0,5,1035,7,2240,str('H'),2,str('stdev'),0.732,83
314,0.06,3,0.4999999999999999,0.9580228341795545,0,2,688,14,4848,str('H'),1,str('stdev'),0.989,9
315,0.04,4,0.0,0.9254628147961788,0,5,4500,0,2157,str('KL'),2,str('tstat'),0.387,96
316,0.05,5,0.25000000000000006,0.8988593418826402,0,5,3194,17,2714,str('H'),3,str('tstat'),0.193,55
317,0.06,4,0.4999999999999999,0.9254628147961788,0,3,2011,8,560,str('KL'),1,str('stdev'),0.682,42
318,0.04,4,0.0,0.9254628147961788,0,5,1551,20,1789,str('KL'),3,str('tstat'),0.016,81
319,0.06,4,0.4999999999999999,0.9254628147961788,0,3,2697,5,4020,str('H'),2,str('stdev'),0.611,19
320,0.04,4,0.0,0.9254628147961788,0,5,1492,6,1613,str('KL'),2,str('tstat'),0.69,36
321,0.04,5,0.0,0.8988593418826402,0,6,1989,18,424,str('KL'),3,str('stdev'),0.116,100
322,0.06,4,0.4999999999999999,0.9254628147961788,0,3,3140,8,2577,str('H'),2,str('tstat'),0.508,13
323,0.04,4,0.0,0.9254628147961788,0,5,4481,15,2021,str('KL'),2,str('tstat'),0.819,39
324,0.04,4,0.0,0.9254628147961788,0,5,627,0,4711,str('H'),3,str('stdev'),0.306,51
325,0.04,4,0.0,0.9254628147961788,0,5,1090,18,2417,str('H'),3,str('stdev'),0.035,28
326,0.04,4,0.0,0.9254628147961788,0,5,4742,6,4647,str('KL'),2,str('tstat'),0.59,66
327,0.04,4,0.0,0.9254628147961788,0,5,330,1,2603,str('KL'),3,str('stdev'),0.26,93
328,0.06,3,0.4999999999999999,0.9580228341795545,0,2,530,14,1834,str('H'),3,str('tstat'),0.483,10
329,0.04,5,0.0,0.8988593418826402,0,6,4345,2,3976,str('KL'),2,str('stdev'),0.891,98
330,0.04,5,0.0,0.8988593418826402,0,6,3042,16,921,str('H'),3,str('stdev'),0.717,53
331,0.04,4,0.0,0.9254628147961788,0,5,1851,10,3619,str('KL'),1,str('tstat'),0.157,40
332,0.04,4,0.0,0.9254628147961788,0,5,2331,19,4971,str('KL'),3,str('stdev'),0.521,76
333,0.04,4,0.0,0.9254628147961788,0,5,3480,7,2034,str('H'),2,str('tstat'),0.106,14
334,0.04,4,0.0,0.9254628147961788,0,5,4844,11,2749,str('KL'),1,str('tstat'),0.286,37
335,0.04,8,0.0,0.8396958495857259,0,9,988,4,526,str('H'),2,str('stdev'),0.837,75
336,0.04,4,0.0,0.9254628147961788,0,5,423,16,4462,str('KL'),2,str('stdev'),0.612,9
337,0.04,8,0.0,0.8396958495857259,0,9,4081,10,2231,str('H'),1,str('tstat'),0.013,97
338,0.05,5,0.25000000000000006,0.8988593418826402,0,5,2915,13,2943,str('KL'),1,str('tstat'),0.317,54
339,0.04,5,0.0,0.8988593418826402,0,6,1568,2,19,str('H'),3,str('stdev'),0.81,42
340,0.04,7,0.0,0.8568821760621947,0,8,2380,11,1403,str('H'),2,str('tstat'),0.384,81
341,0.04,4,0.0,0.9254628147961788,0,5,3685,4,4094,str('KL'),3,str('stdev'),0.99,18
342,0.04,4,0.0,0.9254628147961788,0,5,4873,19,1037,str('H'),1,str('stdev'),0.681,33
343,0.04,4,0.0,0.9254628147961788,0,5,1173,7,3191,str('KL'),2,str('tstat'),0.196,70
344,0.06,5,0.4999999999999999,0.8988593418826402,0,4,857,14,817,str('KL'),1,str('tstat'),0.465,46
345,0.04,5,0.0,0.8988593418826402,0,6,4662,0,3742,str('H'),3,str('stdev'),0.908,59
346,0.06,4,0.4999999999999999,0.9254628147961788,0,3,3242,14,4429,str('H'),2,str('tstat'),0.36,90
347,0.04,7,0.0,0.8568821760621947,0,8,1886,0,2283,str('KL'),1,str('stdev'),0.764,3
348,0.06,8,0.4999999999999999,0.8396958495857259,0,7,250,5,4205,str('H'),1,str('tstat'),0.24,87
349,0.06,2,0.4999999999999999,1.0,1,1,186,12,3557,str('H'),3,str('tstat'),0.886,15
350,0.04,7,0.0,0.8568821760621947,0,8,4004,3,631,str('KL'),2,str('stdev'),0.487,77
351,0.04,4,0.0,0.9254628147961788,0,5,2680,20,3845,str('H'),3,str('stdev'),0.185,73
352,0.04,4,0.0,0.9254628147961788,0,5,30,15,4793,str('H'),2,str('stdev'),0.699,24
353,0.04,7,0.0,0.8568821760621947,0,8,3847,0,1934,str('KL'),1,str('tstat'),0.178,86
354,0.04,4,0.0,0.9254628147961788,0,5,2524,18,2649,str('H'),3,str('tstat'),0.495,65
355,0.08,3,1.0,0.9580228341795545,1,1,1336,9,347,str('KL'),1,str('stdev'),0.879,27
356,0.04,8,0.0,0.8396958495857259,0,9,2145,20,1699,str('KL'),2,str('tstat'),0.299,88
357,0.04,4,0.0,0.9254628147961788,0,5,3296,6,3763,str('H'),3,str('stdev'),0.827,1
358,0.06,3,0.4999999999999999,0.9580228341795545,0,2,4637,12,708,str('KL'),3,str('stdev'),0.501,50
359,0.04,4,0.0,0.9254628147961788,0,5,783,3,3485,str('H'),2,str('tstat'),0.125,63
360,0.04,4,0.0,0.9254628147961788,0,5,1247,16,1114,str('H'),3,str('tstat'),0.349,35
361,0.08,5,1.0,0.8988593418826402,0,3,4898,9,3412,str('KL'),1,str('stdev'),0.776,73
362,0.04,11,0.0,0.7977186837652803,0,12,3583,10,185,str('H'),2,str('tstat'),0.769,86
363,0.04,4,0.0,0.9254628147961788,0,5,2229,4,3109,str('KL'),1,str('stdev'),0.358,23
364,0.05,5,0.25000000000000006,0.8988593418826402,0,5,1788,13,4221,str('KL'),1,str('tstat'),0.961,62
365,0.04,5,0.0,0.8988593418826402,0,6,3105,1,1530,str('H'),2,str('stdev'),0.413,50
366,0.04,5,0.0,0.8988593418826402,0,6,4281,16,3337,str('KL'),3,str('stdev'),0.229,1
367,0.08,8,1.0,0.8396958495857259,0,6,593,9,1183,str('H'),1,str('tstat'),0.648,89
368,0.04,4,0.0,0.9254628147961788,0,5,579,19,3265,str('KL'),1,str('tstat'),0.801,4
369,0.04,4,0.0,0.9254628147961788,0,5,4237,7,967,str('H'),3,str('stdev'),0.324,91
370,0.04,4,0.0,0.9254628147961788,0,5,3071,11,4178,str('KL'),2,str('stdev'),0.005,60
371,0.04,6,0.0,0.8763664260283587,0,7,1725,4,1324,str('H'),1,str('tstat'),0.619,47
372,0.05,22,0.25000000000000006,0.7027881171440163,0,17,2224,13,89,str('H'),1,str('stdev'),0.203,83
373,0.04,4,0.0,0.9254628147961788,0,5,3529,2,2869,str('KL'),3,str('tstat'),0.673,21
374,0.04,4,0.0,0.9254628147961788,0,5,4717,16,2310,str('H'),2,str('tstat'),0.997,30
375,0.04,3,0.0,0.9580228341795545,0,4,1017,10,4378,str('KL'),3,str('stdev'),0.375,68
376,0.06,3,0.4999999999999999,0.9580228341795545,0,2,701,12,2081,str('KL'),3,str('stdev'),0.153,43
377,0.04,6,0.0,0.8763664260283587,0,7,4505,2,4939,str('H'),1,str('tstat'),0.724,55
378,0.05,3,0.25000000000000006,0.9580228341795545,0,3,3350,17,1779,str('KL'),3,str('stdev'),0.731,92
379,0.06,4,0.4999999999999999,0.9254628147961788,0,3,2150,8,4011,str('H'),2,str('tstat'),0.144,4
380,0.04,4,0.0,0.9254628147961788,0,5,1399,20,2704,str('H'),2,str('stdev'),0.537,69
381,0.06,5,0.4999999999999999,0.8988593418826402,0,4,2557,5,551,str('KL'),3,str('tstat'),0.087,31
382,0.04,4,0.0,0.9254628147961788,0,5,3891,11,4857,str('H'),2,str('tstat'),0.273,20
383,0.04,4,0.0,0.9254628147961788,0,5,45,2,2167,str('KL'),3,str('stdev'),0.852,82
384,0.05,4,0.25000000000000006,0.9254628147961788,0,4,294,17,1503,str('KL'),1,str('tstat'),0.335,21
385,0.06,4,0.4999999999999999,0.9254628147961788,0,3,3955,8,4272,str('H'),2,str('stdev'),0.789,84
386,0.04,5,0.0,0.8988593418826402,0,6,2806,15,1215,str('KL'),2,str('stdev'),0.601,68
387,0.04,4,0.0,0.9254628147961788,0,5,1462,1,3291,str('H'),1,str('tstat'),0.025,30
388,0.06,8,0.4999999999999999,0.8396958495857259,0,7,1940,12,4674,str('H'),1,str('stdev'),0.668,94
389,0.04,4,0.0,0.9254628147961788,0,5,3247,3,2365,str('KL'),3,str('tstat'),0.206,7
390,0.04,4,0.0,0.9254628147961788,0,5,4452,20,3078,str('H'),2,str('tstat'),0.404,44
391,0.04,7,0.0,0.8568821760621947,0,8,754,6,231,str('KL'),1,str('stdev'),0.971,57
392,0.05,4,0.25000000000000006,0.9254628147961788,0,4,963,13,2526,str('KL'),1,str('stdev'),0.742,35
393,0.04,5,0.0,0.8988593418826402,0,6,4770,1,451,str('H'),3,str('tstat'),0.132,72
394,0.05,8,0.25000000000000006,0.8396958495857259,0,8,3739,13,1451,str('H'),1,str('stdev'),0.582,79
395,0.04,4,0.0,0.9254628147961788,0,5,2385,1,4305,str('KL'),2,str('tstat'),0.042,16
396,0.04,3,0.0,0.9580228341795545,0,4,1631,10,3035,str('KL'),3,str('stdev'),0.655,52
397,0.04,5,0.0,0.8988593418826402,0,6,2949,4,255,str('H'),1,str('tstat'),0.221,39
398,0.04,4,0.0,0.9254628147961788,0,5,4125,18,4563,str('KL'),3,str('tstat'),0.42,11
399,0.04,4,0.0,0.9254628147961788,0,5,437,7,2496,str('H'),2,str('stdev'),0.952,99
400,0.04,5,0.0,0.8988593418826402,0,6,374,11,598,str('H'),2,str('stdev'),0.165,3
401,0.06,5,0.4999999999999999,0.8988593418826402,0,4,4188,5,2672,str('KL'),3,str('tstat'),0.709,91
402,0.04,4,0.0,0.9254628147961788,0,5,2885,19,2116,str('H'),3,str('tstat'),0.899,60
403,0.04,4,0.0,0.9254628147961788,0,5,1695,7,4884,str('KL'),2,str('stdev'),0.477,47
404,0.04,4,0.0,0.9254628147961788,0,5,2488,16,3696,str('KL'),3,str('tstat'),0.83,87
405,0.08,4,1.0,0.9254628147961788,0,2,3636,9,849,str('H'),1,str('stdev'),0.294,24
406,0.06,3,0.4999999999999999,0.9580228341795545,0,2,5000,14,4062,str('KL'),3,str('stdev'),0.098,27
407,0.04,6,0.0,0.8763664260283587,0,7,1144,2,1752,str('H'),1,str('tstat'),0.529,65
408,0.04,4,0.0,0.9254628147961788,0,5,886,19,4126,str('H'),3,str('tstat'),0.756,40
409,0.06,6,0.4999999999999999,0.8763664260283587,0,5,4534,5,1356,str('KL'),1,str('stdev'),0.368,52
410,0.04,9,0.0,0.8243221566788189,0,10,3194,20,474,str('KL'),2,str('tstat'),0.916,96
411,0.06,4,0.4999999999999999,0.9254628147961788,0,3,1994,5,2776,str('H'),3,str('stdev'),0.458,8
412,0.05,5,0.25000000000000006,0.8988593418826402,0,5,1555,17,3929,str('H'),1,str('tstat'),0.845,69
413,0.06,4,0.4999999999999999,0.9254628147961788,0,3,2714,8,1866,str('KL'),2,str('stdev'),0.281,32
414,0.06,4,0.4999999999999999,0.9254628147961788,0,3,4047,14,3670,str('H'),1,str('stdev'),0.08,19
415,0.04,4,0.0,0.9254628147961788,0,5,201,0,894,str('KL'),3,str('tstat'),0.546,82
416,0.04,4,0.0,0.9254628147961788,0,5,101,10,2344,str('KL'),1,str('stdev'),0.101,66
417,0.04,4,0.0,0.9254628147961788,0,5,3757,4,4408,str('H'),2,str('tstat'),0.525,29
418,0.04,6,0.0,0.8763664260283587,0,7,2609,18,103,str('KL'),2,str('tstat'),0.834,22
419,0.04,8,0.0,0.8396958495857259,0,9,1270,6,2880,str('H'),1,str('stdev'),0.29,85
420,0.04,4,0.0,0.9254628147961788,0,5,2060,16,4148,str('H'),3,str('tstat'),0.903,46
421,0.08,4,1.0,0.9254628147961788,0,2,3362,9,1290,str('KL'),2,str('stdev'),0.472,58
422,0.05,4,0.25000000000000006,0.9254628147961788,0,4,4566,13,3254,str('H'),2,str('stdev'),0.169,93
423,0.04,6,0.0,0.8763664260283587,0,7,874,1,953,str('KL'),1,str('tstat'),0.705,5
424,0.04,5,0.0,0.8988593418826402,0,6,1161,20,3640,str('KL'),3,str('tstat'),0.946,80
425,0.04,5,0.0,0.8988593418826402,0,6,4964,6,860,str('H'),1,str('stdev'),0.43,18
426,0.04,6,0.0,0.8763664260283587,0,7,3475,16,4757,str('KL'),1,str('tstat'),0.447,79
427,0.08,3,1.0,0.9580228341795545,1,1,2277,9,1989,str('H'),3,str('stdev'),0.929,16
428,0.04,4,0.0,0.9254628147961788,0,5,1817,18,683,str('H'),3,str('tstat'),0.253,55
429,0.04,4,0.0,0.9254628147961788,0,5,2978,6,3530,str('KL'),2,str('stdev'),0.871,43
430,0.04,4,0.0,0.9254628147961788,0,5,4330,10,1567,str('H'),1,str('stdev'),0.55,8
431,0.04,4,0.0,0.9254628147961788,0,5,486,4,3877,str('KL'),3,str('tstat'),0.077,96
432,0.05,5,0.25000000000000006,0.8988593418826402,0,5,493,17,733,str('H'),2,str('tstat'),0.401,61
433,0.06,4,0.4999999999999999,0.9254628147961788,0,3,4303,8,3513,str('KL'),3,str('stdev'),0.975,49
434,0.06,4,0.4999999999999999,0.9254628147961788,0,3,3000,14,1705,str('H'),2,str('stdev'),0.664,2
435,0.04,4,0.0,0.9254628147961788,0,5,1815,0,3772,str('KL'),3,str('tstat'),0.21,90
436,0.04,4,0.0,0.9254628147961788,0,5,2295,11,2620,str('KL'),2,str('stdev'),0.597,26
437,0.04,4,0.0,0.9254628147961788,0,5,3439,2,323,str('H'),3,str('tstat'),0.03,63
438,0.04,5,0.0,0.8988593418826402,0,6,4803,20,4784,str('KL'),3,str('tstat'),0.331,88
439,0.06,4,0.4999999999999999,0.9254628147961788,0,3,951,5,1929,str('H'),1,str('stdev'),0.793,25
440,0.05,3,0.25000000000000006,0.9580228341795545,0,3,771,13,4535,str('H'),2,str('stdev'),0.554,98
441,0.04,4,0.0,0.9254628147961788,0,5,4415,1,2471,str('KL'),3,str('tstat'),0.072,10
442,0.06,2,0.4999999999999999,1.0,1,1,3398,12,3164,str('H'),3,str('stdev'),0.055,99
443,0.04,4,0.0,0.9254628147961788,0,5,2042,3,1088,str('KL'),2,str('tstat'),0.571,11
444,0.04,4,0.0,0.9254628147961788,0,5,1272,15,2199,str('KL'),2,str('stdev'),0.247,75
445,0.04,4,0.0,0.9254628147961788,0,5,2587,0,4508,str('H'),1,str('tstat'),0.627,38
446,0.05,4,0.25000000000000006,0.9254628147961788,0,4,3784,17,46,str('KL'),1,str('tstat'),0.95,13
447,0.04,4,0.0,0.9254628147961788,0,5,94,7,2892,str('H'),2,str('stdev'),0.425,76
448,0.08,3,1.0,0.9580228341795545,1,1,1,9,3174,str('H'),1,str('stdev'),0.999,29
449,0.08,4,1.0,0.9254628147961788,0,2,3588,9,1480,str('KL'),2,str('tstat'),0.999,1
450,0.08,5,1.0,0.8988593418826402,0,3,2433,9,1008,str('KL'),1,str('stdev'),0.999,58
451,0.08,3,1.0,0.9580228341795545,1,1,888,9,334,str('H'),3,str('stdev'),0.999,19
452,0.08,6,1.0,0.8763664260283587,0,4,1022,9,983,str('H'),1,str('tstat'),0.001,57
453,0.08,4,1.0,0.9254628147961788,0,2,1,9,794,str('H'),2,str('tstat'),0.001,1
454,0.08,4,1.0,0.9254628147961788,0,2,5000,9,1781,str('KL'),1,str('stdev'),0.001,57
455,0.08,5,1.0,0.8988593418826402,0,3,5000,9,908,str('KL'),2,str('stdev'),0.999,1
456,0.08,4,1.0,0.9254628147961788,0,2,2445,9,456,str('KL'),3,str('tstat'),0.999,76
457,0.08,4,1.0,0.9254628147961788,0,2,4848,9,323,str('KL'),1,str('stdev'),0.999,60
458,0.06,3,0.4999999999999999,0.9580228341795545,0,2,3668,12,3918,str('KL'),1,str('stdev'),0.243,33
459,0.04,4,0.0,0.9254628147961788,0,5,2475,3,1851,str('H'),3,str('tstat'),0.631,71
460,0.04,5,0.0,0.8988593418826402,0,6,1703,15,508,str('H'),3,str('stdev'),0.051,7
461,0.04,4,0.0,0.9254628147961788,0,5,2859,0,2806,str('KL'),2,str('tstat'),0.576,94
462,0.04,4,0.0,0.9254628147961788,0,5,4210,18,2095,str('H'),3,str('tstat'),0.752,57
463,0.06,4,0.4999999999999999,0.9254628147961788,0,3,371,8,4950,str('KL'),2,str('stdev'),0.372,44
464,0.08,3,1.0,0.9580228341795545,1,1,1,9,3320,str('H'),2,str('tstat'),0.999,100
465,0.08,3,1.0,0.9580228341795545,1,1,1,9,4726,str('H'),3,str('stdev'),0.001,100
466,0.08,5,1.0,0.8988593418826402,0,3,4897,9,2952,str('H'),1,str('tstat'),0.999,75
467,0.08,3,1.0,0.9580228341795545,1,1,4923,9,3735,str('H'),2,str('tstat'),0.999,1
468,0.08,4,1.0,0.9254628147961788,0,2,650,9,651,str('H'),3,str('stdev'),0.001,73
469,0.08,6,1.0,0.8763664260283587,0,4,255,9,513,str('H'),1,str('tstat'),0.999,1
470,0.08,4,1.0,0.9254628147961788,0,2,4069,9,4707,str('KL'),1,str('tstat'),0.001,69
471,0.08,3,1.0,0.9580228341795545,1,1,5000,9,3464,str('KL'),2,str('tstat'),0.001,27
472,0.08,3,1.0,0.9580228341795545,1,1,5000,9,4752,str('KL'),3,str('tstat'),0.001,18
473,0.08,3,1.0,0.9580228341795545,1,1,2065,9,1882,str('KL'),3,str('tstat'),0.001,80
474,0.04,4,0.0,0.9254628147961788,0,5,3279,16,3026,str('H'),1,str('tstat'),0.257,41
475,0.04,6,0.0,0.8763664260283587,0,7,1928,10,249,str('KL'),2,str('stdev'),0.867,54
476,0.04,4,0.0,0.9254628147961788,0,5,1470,19,1475,str('KL'),2,str('tstat'),0.451,14
477,0.04,8,0.0,0.8396958495857259,0,9,2780,7,4334,str('H'),1,str('stdev'),0.924,77
478,0.08,4,1.0,0.9254628147961788,0,2,1,9,173,str('KL'),2,str('tstat'),0.999,15
479,0.08,7,1.0,0.8568821760621947,0,5,3615,9,1,str('H'),3,str('stdev'),0.999,68
480,0.08,3,1.0,0.9580228341795545,1,1,4170,9,3775,str('H'),3,str('stdev'),0.001,24
481,0.08,9,1.0,0.8243221566788189,0,7,1,9,2018,str('H'),1,str('stdev'),0.001,100
482,0.08,14,1.0,0.7651586643819046,0,11,4767,9,604,str('KL'),1,str('stdev'),0.001,96
483,0.08,3,1.0,0.9580228341795545,1,1,4446,9,2039,str('H'),2,str('tstat'),0.001,54
484,0.08,4,1.0,0.9254628147961788,0,2,4160,9,4104,str('KL'),1,str('stdev'),0.001,57
485,0.08,3,1.0,0.9580228341795545,1,1,5000,9,4808,str('KL'),3,str('stdev'),0.001,17
486,0.08,3,1.0,0.9580228341795545,1,1,421,9,4345,str('KL'),2,str('stdev'),0.001,54
487,0.08,9,1.0,0.8243221566788189,0,7,1,9,1886,str('KL'),1,str('stdev'),0.999,100
488,0.08,3,1.0,0.9580228341795545,1,1,1072,9,3203,str('KL'),2,str('tstat'),0.999,1
489,0.08,3,1.0,0.9580228341795545,1,1,5000,9,3721,str('H'),3,str('tstat'),0.999,57
490,0.08,3,1.0,0.9580228341795545,1,1,1256,9,4770,str('KL'),3,str('tstat'),0.001,100
491,0.08,3,1.0,0.9580228341795545,1,1,386,9,1464,str('H'),3,str('tstat'),0.001,77
492,0.08,4,1.0,0.9254628147961788,0,2,4379,9,282,str('KL'),1,str('stdev'),0.001,63
493,0.08,3,1.0,0.9580228341795545,1,1,5000,9,4748,str('KL'),3,str('tstat'),0.999,100
494,0.08,3,1.0,0.9580228341795545,1,1,5000,9,3892,str('H'),2,str('tstat'),0.999,76
495,0.08,4,1.0,0.9254628147961788,0,2,4536,9,1412,str('H'),2,str('stdev'),0.001,1
496,0.04,10,0.0,0.8104149597932945,0,11,2772,1,2177,str('KL'),1,str('tstat'),0.263,89
497,0.04,7,0.0,0.8568821760621947,0,8,3843,16,4786,str('H'),1,str('tstat'),0.832,54
498,0.06,5,0.4999999999999999,0.8988593418826402,0,4,2375,8,1077,str('KL'),3,str('stdev'),0.144,18
499,0.04,5,0.0,0.8988593418826402,0,6,1887,11,4674,str('KL'),1,str('stdev'),0.639,33
500,0.04,11,0.0,0.7977186837652803,0,12,4331,3,887,str('H'),2,str('tstat'),0.322,95
501,0.04,7,0.0,0.8568821760621947,0,8,1737,0,3012,str('KL'),1,str('stdev'),0.436,80
502,0.04,43,0.0,0.6081336435585749,0,22,346,18,6,str('H'),2,str('stdev'),0.974,64
503,0.06,4,0.4999999999999999,0.9254628147961788,0,3,4489,14,1722,str('H'),3,str('tstat'),0.617,44
504,0.05,5,0.25000000000000006,0.8988593418826402,0,5,1603,13,665,str('H'),3,str('tstat'),0.079,39
505,0.08,4,1.0,0.9254628147961788,0,2,3371,9,3796,str('KL'),3,str('tstat'),0.032,2
506,0.08,6,1.0,0.8763664260283587,0,4,1,9,3683,str('KL'),1,str('stdev'),0.999,1
507,0.08,7,1.0,0.8568821760621947,0,5,1717,9,748,str('KL'),2,str('tstat'),0.999,83
508,0.08,3,1.0,0.9580228341795545,1,1,3833,9,2008,str('H'),2,str('stdev'),0.999,44
509,0.08,3,1.0,0.9580228341795545,1,1,1,9,4314,str('KL'),2,str('tstat'),0.999,86
510,0.08,3,1.0,0.9580228341795545,1,1,1,9,4356,str('H'),3,str('tstat'),0.001,18
511,0.08,4,1.0,0.9254628147961788,0,2,5000,9,572,str('KL'),2,str('tstat'),0.999,19
512,0.08,10,1.0,0.8104149597932945,0,8,144,9,97,str('KL'),2,str('stdev'),0.999,51
513,0.08,9,1.0,0.8243221566788189,0,7,738,9,1012,str('KL'),2,str('stdev'),0.999,100
514,0.08,5,1.0,0.8988593418826402,0,3,361,9,348,str('KL'),2,str('stdev'),0.999,65
515,0.08,6,1.0,0.8763664260283587,0,4,2072,9,352,str('H'),2,str('tstat'),0.999,65
516,0.08,5,1.0,0.8988593418826402,0,3,2124,9,1417,str('H'),2,str('tstat'),0.999,54
517,0.08,4,1.0,0.9254628147961788,0,2,3165,9,1291,str('KL'),1,str('stdev'),0.001,41
518,0.08,3,1.0,0.9580228341795545,1,1,2588,9,3142,str('KL'),2,str('tstat'),0.999,54
519,0.08,4,1.0,0.9254628147961788,0,2,4488,9,2837,str('H'),3,str('stdev'),0.001,49
520,0.08,4,1.0,0.9254628147961788,0,2,2672,9,3028,str('KL'),3,str('stdev'),0.001,13
521,0.08,4,1.0,0.9254628147961788,0,2,2747,9,5000,str('H'),3,str('stdev'),0.001,86
522,0.08,6,1.0,0.8763664260283587,0,4,150,9,4378,str('KL'),1,str('tstat'),0.999,1
523,0.06,4,0.4999999999999999,0.9254628147961788,0,3,3548,12,509,str('KL'),2,str('tstat'),0.56,50
524,0.06,5,0.4999999999999999,0.8988593418826402,0,4,4938,5,2509,str('H'),1,str('tstat'),0.1,10
525,0.04,5,0.0,0.8988593418826402,0,6,171,4,4221,str('H'),3,str('stdev'),0.496,85
526,0.04,6,0.0,0.8763664260283587,0,7,1287,19,1298,str('KL'),2,str('stdev'),0.909,70
527,0.04,5,0.0,0.8988593418826402,0,6,953,15,3388,str('H'),3,str('stdev'),0.698,28
528,0.08,4,1.0,0.9254628147961788,0,2,4675,9,190,str('H'),3,str('stdev'),0.483,87
529,0.08,4,1.0,0.9254628147961788,0,2,1062,9,2963,str('KL'),2,str('tstat'),0.001,14
530,0.08,7,1.0,0.8568821760621947,0,5,4494,9,1777,str('H'),2,str('tstat'),0.001,82
531,0.08,10,1.0,0.8104149597932945,0,8,1184,9,835,str('KL'),2,str('stdev'),0.001,97
532,0.08,3,1.0,0.9580228341795545,1,1,4245,9,4794,str('KL'),2,str('stdev'),0.999,56
533,0.08,4,1.0,0.9254628147961788,0,2,4949,9,1734,str('H'),3,str('stdev'),0.999,19
534,0.08,7,1.0,0.8568821760621947,0,5,485,9,1,str('KL'),3,str('stdev'),0.001,46
535,0.08,5,1.0,0.8988593418826402,0,3,2262,9,2120,str('H'),1,str('tstat'),0.001,50
536,0.08,5,1.0,0.8988593418826402,0,3,2833,9,3652,str('KL'),2,str('stdev'),0.001,89
537,0.08,4,1.0,0.9254628147961788,0,2,1695,9,3339,str('KL'),1,str('stdev'),0.999,53
538,0.04,4,0.0,0.9254628147961788,0,5,4672,1,4377,str('KL'),2,str('stdev'),0.884,78
539,0.05,6,0.25000000000000006,0.8763664260283587,0,6,3251,17,2391,str('H'),1,str('stdev'),0.455,68
540,0.04,4,0.0,0.9254628147961788,0,5,534,10,3603,str('KL'),2,str('tstat'),0.523,4
541,0.04,5,0.0,0.8988593418826402,0,6,817,6,2290,str('H'),2,str('stdev'),0.211,25
542,0.04,5,0.0,0.8988593418826402,0,6,2909,20,3578,str('KL'),3,str('tstat'),0.766,61
543,0.08,243,1.0,0.3581841567372457,0,12,1747,9,1,str('KL'),2,str('stdev'),0.999,49
544,0.06,6,0.4999999999999999,0.8763664260283587,0,5,89,14,245,str('KL'),2,str('tstat'),0.999,49
545,0.08,3,1.0,0.9580228341795545,1,1,5000,9,1947,str('KL'),1,str('stdev'),0.001,13
546,0.08,4,1.0,0.9254628147961788,0,2,2258,9,2916,str('H'),1,str('tstat'),0.001,19
547,0.08,8,1.0,0.8396958495857259,0,6,3360,9,2679,str('H'),1,str('tstat'),0.328,88
548,0.08,4,1.0,0.9254628147961788,0,2,3710,9,246,str('H'),3,str('stdev'),0.999,34
549,0.08,3,1.0,0.9580228341795545,1,1,1141,9,4109,str('KL'),2,str('stdev'),0.477,40
550,0.08,12,1.0,0.7860392419978666,0,10,322,9,840,str('KL'),2,str('stdev'),0.5,100
551,0.08,3,1.0,0.9580228341795545,1,1,1299,9,2016,str('H'),2,str('tstat'),0.999,1
552,0.08,5,1.0,0.8988593418826402,0,3,4249,9,832,str('H'),1,str('stdev'),0.001,11
553,0.08,5,1.0,0.8988593418826402,0,3,1,9,381,str('H'),2,str('stdev'),0.999,62
554,0.08,5,1.0,0.8988593418826402,0,3,1773,9,612,str('H'),1,str('tstat'),0.001,42
555,0.08,3,1.0,0.9580228341795545,1,1,4359,9,3532,str('H'),1,str('stdev'),0.001,15
556,0.08,4,1.0,0.9254628147961788,0,2,3235,9,966,str('KL'),2,str('stdev'),0.999,38
557,0.08,4,1.0,0.9254628147961788,0,2,1177,9,5000,str('H'),2,str('stdev'),0.999,85
558,0.08,11,1.0,0.7977186837652803,0,9,1743,9,1028,str('H'),1,str('tstat'),0.999,84
559,0.08,3,1.0,0.9580228341795545,1,1,4215,9,958,str('KL'),3,str('tstat'),0.501,86
560,0.08,5,1.0,0.8988593418826402,0,3,1426,9,4695,str('KL'),2,str('tstat'),0.999,30
561,0.08,5,1.0,0.8988593418826402,0,3,4448,9,4398,str('H'),1,str('tstat'),0.934,46
562,0.08,6,1.0,0.8763664260283587,0,4,3803,9,998,str('KL'),1,str('tstat'),0.623,32
563,0.08,3,1.0,0.9580228341795545,1,1,1416,9,4190,str('KL'),3,str('stdev'),0.999,45
564,0.08,4,1.0,0.9254628147961788,0,2,3578,9,321,str('KL'),1,str('tstat'),0.001,18
565,0.08,8,1.0,0.8396958495857259,0,6,875,9,805,str('H'),2,str('stdev'),0.001,90
566,0.08,3,1.0,0.9580228341795545,1,1,2013,9,1674,str('KL'),3,str('tstat'),0.999,88
567,0.08,3,1.0,0.9580228341795545,1,1,1606,9,2683,str('KL'),3,str('tstat'),0.001,10
568,0.08,4,1.0,0.9254628147961788,0,2,4218,9,5000,str('KL'),2,str('tstat'),0.529,51
569,0.08,3,1.0,0.9580228341795545,1,1,3010,9,2880,str('KL'),2,str('stdev'),0.519,64
570,0.08,3,1.0,0.9580228341795545,1,1,3504,9,4566,str('KL'),3,str('tstat'),0.999,37
571,0.08,8,1.0,0.8396958495857259,0,6,1,9,4853,str('H'),1,str('stdev'),0.999,84
572,0.08,4,1.0,0.9254628147961788,0,2,5000,9,1639,str('KL'),2,str('stdev'),0.001,64
573,0.08,4,1.0,0.9254628147961788,0,2,211,9,2845,str('H'),2,str('stdev'),0.001,88
574,0.08,4,1.0,0.9254628147961788,0,2,3937,9,2538,str('KL'),2,str('stdev'),0.001,47
575,0.08,4,1.0,0.9254628147961788,0,2,3077,9,335,str('KL'),2,str('stdev'),0.999,48
576,0.08,6,1.0,0.8763664260283587,0,4,113,9,1,str('H'),3,str('stdev'),0.999,84
577,0.08,3,1.0,0.9580228341795545,1,1,1595,9,4698,str('H'),2,str('tstat'),0.001,99
578,0.08,4,1.0,0.9254628147961788,0,2,1048,9,1744,str('KL'),2,str('stdev'),0.999,57
579,0.08,4,1.0,0.9254628147961788,0,2,3539,9,3595,str('H'),2,str('stdev'),0.999,45
580,0.08,3,1.0,0.9580228341795545,1,1,1,9,3145,str('H'),3,str('stdev'),0.999,51
581,0.08,4,1.0,0.9254628147961788,0,2,5000,9,630,str('KL'),3,str('stdev'),0.999,43
582,0.08,4,1.0,0.9254628147961788,0,2,1703,9,2578,str('KL'),3,str('tstat'),0.999,48
583,0.08,4,1.0,0.9254628147961788,0,2,1,9,3492,str('H'),2,str('tstat'),0.001,14
584,0.08,3,1.0,0.9580228341795545,1,1,1,9,3208,str('H'),2,str('stdev'),0.999,39
585,0.08,4,1.0,0.9254628147961788,0,2,2226,9,236,str('H'),3,str('tstat'),0.999,72
586,0.08,4,1.0,0.9254628147961788,0,2,3245,9,2595,str('H'),1,str('stdev'),0.001,39
587,0.08,3,1.0,0.9580228341795545,1,1,4213,9,3834,str('KL'),2,str('tstat'),0.353,64
588,0.08,6,1.0,0.8763664260283587,0,4,1635,9,271,str('KL'),1,str('stdev'),0.514,79
589,0.08,5,1.0,0.8988593418826402,0,3,3547,9,39,str('KL'),1,str('tstat'),0.363,16
590,0.08,4,1.0,0.9254628147961788,0,2,1,9,1494,str('H'),1,str('tstat'),0.009,49
591,0.08,4,1.0,0.9254628147961788,0,2,497,9,4668,str('KL'),1,str('tstat'),0.001,11
592,0.08,4,1.0,0.9254628147961788,0,2,4054,9,549,str('H'),3,str('tstat'),0.502,90
593,0.08,6,1.0,0.8763664260283587,0,4,2088,9,3578,str('H'),1,str('tstat'),0.999,79
594,0.08,3,1.0,0.9580228341795545,1,1,5000,9,4488,str('KL'),3,str('tstat'),0.999,1
595,0.08,4,1.0,0.9254628147961788,0,2,1,9,2946,str('H'),1,str('tstat'),0.001,54
596,0.08,3,1.0,0.9580228341795545,1,1,3194,9,4717,str('KL'),3,str('tstat'),0.001,74
597,0.08,4,1.0,0.9254628147961788,0,2,5000,9,3469,str('KL'),3,str('stdev'),0.999,37
598,0.08,6,1.0,0.8763664260283587,0,4,1,9,5000,str('KL'),1,str('stdev'),0.501,1
599,0.08,4,1.0,0.9254628147961788,0,2,575,9,884,str('KL'),2,str('tstat'),0.001,19
600,0.08,7,1.0,0.8568821760621947,0,5,1544,9,1633,str('H'),1,str('tstat'),0.999,86
601,0.08,3,1.0,0.9580228341795545,1,1,3129,9,4615,str('H'),2,str('tstat'),0.477,63
602,0.06,5,0.4999999999999999,0.8988593418826402,0,4,1849,14,517,str('KL'),2,str('stdev'),0.999,68
603,0.08,5,1.0,0.8988593418826402,0,3,5000,9,523,str('H'),1,str('tstat'),0.001,53
604,0.08,7,1.0,0.8568821760621947,0,5,895,9,4340,str('H'),1,str('stdev'),0.999,88
605,0.08,4,1.0,0.9254628147961788,0,2,3818,9,791,str('KL'),3,str('tstat'),0.001,56
606,0.08,4,1.0,0.9254628147961788,0,2,867,9,3575,str('H'),3,str('tstat'),0.001,14
607,0.08,6,1.0,0.8763664260283587,0,4,2934,9,1841,str('H'),1,str('tstat'),0.999,78
608,0.08,4,1.0,0.9254628147961788,0,2,1729,9,2387,str('H'),2,str('tstat'),0.598,71
609,0.08,4,1.0,0.9254628147961788,0,2,1991,9,4309,str('KL'),2,str('stdev'),0.001,29
610,0.08,3,1.0,0.9580228341795545,1,1,4501,9,4784,str('H'),3,str('tstat'),0.501,37
611,0.08,3,1.0,0.9580228341795545,1,1,677,9,2258,str('H'),2,str('tstat'),0.529,36
612,0.08,3,1.0,0.9580228341795545,1,1,3498,9,2340,str('H'),2,str('tstat'),0.999,90
613,0.08,5,1.0,0.8988593418826402,0,3,1203,9,3776,str('KL'),1,str('tstat'),0.999,15
614,0.08,5,1.0,0.8988593418826402,0,3,1755,9,216,str('H'),3,str('stdev'),0.504,10
615,0.08,3,1.0,0.9580228341795545,1,1,1,9,3085,str('KL'),1,str('stdev'),0.999,12
616,0.08,4,1.0,0.9254628147961788,0,2,769,9,1871,str('H'),3,str('stdev'),0.001,69
617,0.08,6,1.0,0.8763664260283587,0,4,1999,9,1366,str('H'),1,str('stdev'),0.999,65
618,0.08,3,1.0,0.9580228341795545,1,1,1562,9,4584,str('H'),2,str('stdev'),0.999,1
619,0.08,5,1.0,0.8988593418826402,0,3,1,9,1208,str('KL'),2,str('stdev'),0.001,48
620,0.08,3,1.0,0.9580228341795545,1,1,2037,9,3428,str('H'),2,str('tstat'),0.482,63
621,0.08,6,1.0,0.8763664260283587,0,4,5000,9,5000,str('KL'),1,str('stdev'),0.999,81
622,0.08,5,1.0,0.8988593418826402,0,3,3292,9,4034,str('H'),3,str('stdev'),0.001,11
623,0.08,10,1.0,0.8104149597932945,0,8,539,9,1,str('KL'),2,str('tstat'),0.525,11
624,0.08,9,1.0,0.8243221566788189,0,7,1,9,4705,str('KL'),1,str('tstat'),0.001,1
625,0.08,4,1.0,0.9254628147961788,0,2,2156,9,2707,str('KL'),2,str('tstat'),0.668,12
626,0.08,4,1.0,0.9254628147961788,0,2,4388,9,1591,str('KL'),1,str('tstat'),0.501,11
627,0.08,4,1.0,0.9254628147961788,0,2,3068,9,3357,str('H'),3,str('tstat'),0.999,71
628,0.08,4,1.0,0.9254628147961788,0,2,2341,9,1147,str('H'),3,str('stdev'),0.999,72
629,0.08,4,1.0,0.9254628147961788,0,2,1,9,375,str('KL'),1,str('tstat'),0.546,37
630,0.08,3,1.0,0.9580228341795545,1,1,4751,9,2945,str('H'),2,str('stdev'),0.419,20
631,0.08,11,1.0,0.7977186837652803,0,9,1800,9,1618,str('H'),2,str('tstat'),0.999,100
632,0.08,3,1.0,0.9580228341795545,1,1,5000,9,1921,str('H'),3,str('tstat'),0.999,25
633,0.08,3,1.0,0.9580228341795545,1,1,3390,9,1432,str('KL'),3,str('tstat'),0.555,29
634,0.08,4,1.0,0.9254628147961788,0,2,4579,9,2564,str('H'),3,str('stdev'),0.999,13
635,0.08,4,1.0,0.9254628147961788,0,2,5000,9,3206,str('H'),2,str('stdev'),0.999,85
636,0.08,3,1.0,0.9580228341795545,1,1,4593,9,3260,str('KL'),2,str('tstat'),0.999,89
637,0.08,3,1.0,0.9580228341795545,1,1,3579,9,4293,str('H'),2,str('stdev'),0.498,13
638,0.08,3,1.0,0.9580228341795545,1,1,805,9,5000,str('KL'),3,str('stdev'),0.602,12
639,0.08,9,1.0,0.8243221566788189,0,7,3323,9,540,str('H'),1,str('stdev'),0.273,84
640,0.08,4,1.0,0.9254628147961788,0,2,4485,9,4736,str('KL'),2,str('tstat'),0.999,91
641,0.08,11,1.0,0.7977186837652803,0,9,5000,9,1935,str('H'),2,str('tstat'),0.999,100
642,0.08,4,1.0,0.9254628147961788,0,2,1221,9,2645,str('KL'),2,str('stdev'),0.999,86
643,0.08,4,1.0,0.9254628147961788,0,2,2466,9,1027,str('H'),3,str('stdev'),0.999,90
644,0.08,4,1.0,0.9254628147961788,0,2,3254,9,3281,str('H'),3,str('tstat'),0.999,13
645,0.08,3,1.0,0.9580228341795545,1,1,5000,9,3889,str('H'),2,str('tstat'),0.999,10
646,0.08,5,1.0,0.8988593418826402,0,3,826,9,952,str('KL'),3,str('tstat'),0.999,3
647,0.08,3,1.0,0.9580228341795545,1,1,339,9,1200,str('KL'),3,str('stdev'),0.001,11
648,0.08,4,1.0,0.9254628147961788,0,2,1,9,4583,str('KL'),3,str('stdev'),0.999,37
649,0.08,4,1.0,0.9254628147961788,0,2,5000,9,4356,str('KL'),2,str('tstat'),0.999,100
650,0.08,3,1.0,0.9580228341795545,1,1,1200,9,3977,str('H'),2,str('stdev'),0.001,87
651,0.08,3,1.0,0.9580228341795545,1,1,1,9,3919,str('H'),3,str('tstat'),0.001,50
652,0.08,5,1.0,0.8988593418826402,0,3,5000,9,375,str('H'),3,str('stdev'),0.001,1
653,0.08,4,1.0,0.9254628147961788,0,2,478,9,2159,str('KL'),3,str('tstat'),0.494,31
654,0.08,3,1.0,0.9580228341795545,1,1,4264,9,4789,str('H'),3,str('stdev'),0.39,90
655,0.08,4,1.0,0.9254628147961788,0,2,3513,9,599,str('KL'),3,str('stdev'),0.532,15
656,0.08,3,1.0,0.9580228341795545,1,1,4572,9,2801,str('H'),2,str('tstat'),0.001,100
657,0.08,5,1.0,0.8988593418826402,0,3,5000,9,2686,str('H'),3,str('stdev'),0.999,92
658,0.08,4,1.0,0.9254628147961788,0,2,4125,9,4758,str('KL'),1,str('stdev'),0.668,51
659,0.08,6,1.0,0.8763664260283587,0,4,1376,9,2251,str('KL'),1,str('stdev'),0.999,1
660,0.08,7,1.0,0.8568821760621947,0,5,3076,9,1703,str('KL'),2,str('stdev'),0.999,87
661,0.08,3,1.0,0.9580228341795545,1,1,2843,9,4742,str('H'),3,str('stdev'),0.521,7
662,0.08,4,1.0,0.9254628147961788,0,2,400,9,5000,str('H'),2,str('tstat'),0.361,73
663,0.08,5,1.0,0.8988593418826402,0,3,681,9,412,str('H'),2,str('tstat'),0.001,29
664,0.08,4,1.0,0.9254628147961788,0,2,1022,9,5000,str('KL'),2,str('tstat'),0.001,90
665,0.08,3,1.0,0.9580228341795545,1,1,4259,9,1442,str('KL'),3,str('stdev'),0.003,65
666,0.08,4,1.0,0.9254628147961788,0,2,1650,9,3867,str('KL'),1,str('stdev'),0.49,39
667,0.08,7,1.0,0.8568821760621947,0,5,3340,9,3658,str('H'),1,str('tstat'),0.001,84
668,0.08,5,1.0,0.8988593418826402,0,3,4857,9,1588,str('KL'),3,str('stdev'),0.999,11
669,0.08,7,1.0,0.8568821760621947,0,5,4397,9,848,str('H'),1,str('stdev'),0.001,40
670,0.08,3,1.0,0.9580228341795545,1,1,3967,9,3833,str('H'),3,str('tstat'),0.001,72
671,0.08,4,1.0,0.9254628147961788,0,2,223,9,338,str('KL'),2,str('tstat'),0.001,60
672,0.04,4,0.0,0.9254628147961788,0,5,524,18,1931,str('KL'),3,str('tstat'),0.975,18
673,0.08,6,1.0,0.8763664260283587,0,4,4370,9,4776,str('H'),1,str('stdev'),0.4,80
674,0.04,7,0.0,0.8568821760621947,0,8,3016,15,315,str('KL'),2,str('stdev'),0.21,71
675,0.04,4,0.0,0.9254628147961788,0,5,1858,0,2623,str('H'),3,str('tstat'),0.664,33
676,0.08,4,1.0,0.9254628147961788,0,2,5000,9,2037,str('KL'),3,str('stdev'),0.001,86
677,0.08,5,1.0,0.8988593418826402,0,3,4648,9,2733,str('H'),1,str('tstat'),0.001,57
678,0.08,6,1.0,0.8763664260283587,0,4,5000,9,4277,str('KL'),1,str('tstat'),0.001,75
679,0.08,8,1.0,0.8396958495857259,0,6,4654,9,1759,str('H'),1,str('stdev'),0.001,1
680,0.08,4,1.0,0.9254628147961788,0,2,867,9,3377,str('H'),1,str('tstat'),0.699,39
681,0.04,4,0.0,0.9254628147961788,0,5,134,11,950,str('H'),2,str('stdev'),0.525,10
682,0.08,4,1.0,0.9254628147961788,0,2,5000,9,4733,str('H'),2,str('tstat'),0.001,46
683,0.08,3,1.0,0.9580228341795545,1,1,4831,9,2599,str('H'),3,str('stdev'),0.374,100
684,0.08,4,1.0,0.9254628147961788,0,2,1331,9,189,str('H'),1,str('stdev'),0.618,56
685,0.08,5,1.0,0.8988593418826402,0,3,4396,9,1864,str('KL'),1,str('stdev'),0.669,64
686,0.08,5,1.0,0.8988593418826402,0,3,4209,9,3859,str('KL'),1,str('stdev'),0.999,72
687,0.08,8,1.0,0.8396958495857259,0,6,5000,9,1,str('KL'),3,str('tstat'),0.001,44
688,0.04,4,0.0,0.9254628147961788,0,5,163,19,2678,str('KL'),1,str('tstat'),0.379,10
689,0.04,4,0.0,0.9254628147961788,0,5,4007,7,612,str('H'),3,str('stdev'),0.993,97
690,0.04,4,0.0,0.9254628147961788,0,5,2676,11,4919,str('KL'),2,str('stdev'),0.677,54
691,0.06,4,0.4999999999999999,0.9254628147961788,0,3,1515,5,2140,str('H'),3,str('tstat'),0.199,41
692,0.06,6,0.4999999999999999,0.8763664260283587,0,5,1956,14,834,str('H'),2,str('stdev'),0.623,80
693,0.04,4,0.0,0.9254628147961788,0,5,3153,2,3690,str('KL'),1,str('tstat'),0.001,18
694,0.04,4,0.0,0.9254628147961788,0,5,4467,16,1728,str('H'),2,str('tstat'),0.328,33
695,0.08,3,1.0,0.9580228341795545,1,1,660,9,4027,str('KL'),3,str('stdev'),0.797,71
696,0.06,4,0.4999999999999999,0.9254628147961788,0,3,1057,12,1342,str('KL'),1,str('stdev'),0.542,46
697,0.04,4,0.0,0.9254628147961788,0,5,4755,3,4120,str('H'),2,str('tstat'),0.084,59
698,0.04,8,0.0,0.8396958495857259,0,9,3569,19,1064,str('KL'),2,str('tstat'),0.277,93
699,0.04,7,0.0,0.8568821760621947,0,8,2447,2,501,str('KL'),1,str('tstat'),0.243,2
700,0.06,4,0.4999999999999999,0.9254628147961788,0,3,1657,14,1849,str('KL'),1,str('stdev'),0.575,63
701,0.04,4,0.0,0.9254628147961788,0,5,2845,0,3926,str('H'),3,str('tstat'),0.051,26
702,0.05,4,0.25000000000000006,0.9254628147961788,0,4,4150,17,867,str('KL'),3,str('tstat'),0.372,25
703,0.06,4,0.4999999999999999,0.9254628147961788,0,3,333,8,3638,str('H'),2,str('stdev'),0.752,88
704,0.06,7,0.4999999999999999,0.8568821760621947,0,6,1,14,1,str('KL'),3,str('tstat'),0.001,100
705,0.06,9,0.4999999999999999,0.8243221566788189,0,8,5000,14,1,str('H'),2,str('stdev'),0.001,1
706,0.06,8,0.4999999999999999,0.8396958495857259,0,7,5000,14,1,str('H'),3,str('tstat'),0.001,100
707,0.06,5,0.4999999999999999,0.8988593418826402,0,4,5000,14,5000,str('H'),3,str('stdev'),0.999,1
708,0.06,10,0.4999999999999999,0.8104149597932945,0,9,5000,14,5000,str('H'),1,str('stdev'),0.001,1
709,0.06,5,0.4999999999999999,0.8988593418826402,0,4,1,14,5000,str('H'),3,str('stdev'),0.001,1
710,0.06,13,0.4999999999999999,0.7752257679109988,0,12,1,14,5000,str('H'),1,str('stdev'),0.999,100
711,0.06,21,0.4999999999999999,0.7092743016759346,0,16,1,14,413,str('KL'),1,str('stdev'),0.999,100
712,0.06,5,0.4999999999999999,0.8988593418826402,0,4,1,14,5000,str('KL'),2,str('stdev'),0.999,1
713,0.06,12,0.4999999999999999,0.7860392419978666,0,11,2707,14,2659,str('KL'),1,str('tstat'),0.999,100
714,0.06,4,0.4999999999999999,0.9254628147961788,0,3,2563,14,1259,str('KL'),3,str('tstat'),0.999,40
715,0.06,4,0.4999999999999999,0.9254628147961788,0,3,2261,5,3129,str('H'),3,str('stdev'),0.849,5
716,0.05,5,0.25000000000000006,0.8988593418826402,0,5,1765,17,4514,str('H'),1,str('tstat'),0.454,69
717,0.04,4,0.0,0.9254628147961788,0,5,3109,7,2213,str('KL'),2,str('stdev'),0.92,32
718,0.06,3,0.4999999999999999,0.9580228341795545,0,2,4278,14,2927,str('H'),2,str('stdev'),0.72,19
719,0.04,28,0.0,0.6689647554454448,0,20,617,0,70,str('KL'),1,str('tstat'),0.157,82
720,0.06,6,0.4999999999999999,0.8763664260283587,0,5,2494,14,847,str('H'),1,str('stdev'),0.001,41
721,0.06,13,0.4999999999999999,0.7752257679109988,0,12,1938,14,3394,str('KL'),1,str('tstat'),0.001,100
722,0.06,5,0.4999999999999999,0.8988593418826402,0,4,2157,14,2026,str('KL'),1,str('tstat'),0.999,31
723,0.06,13,0.4999999999999999,0.7752257679109988,0,12,1966,14,1967,str('KL'),1,str('tstat'),0.001,100
724,0.06,5,0.4999999999999999,0.8988593418826402,0,4,2523,14,5000,str('KL'),1,str('tstat'),0.001,46
725,0.06,5,0.4999999999999999,0.8988593418826402,0,4,5000,14,5000,str('H'),3,str('tstat'),0.001,1
726,0.06,5,0.4999999999999999,0.8988593418826402,0,4,5000,14,5000,str('H'),2,str('stdev'),0.999,1
727,0.06,5,0.4999999999999999,0.8988593418826402,0,4,1,14,5000,str('H'),2,str('stdev'),0.001,100
728,0.06,5,0.4999999999999999,0.8988593418826402,0,4,1,14,5000,str('H'),2,str('tstat'),0.999,1
729,0.06,5,0.4999999999999999,0.8988593418826402,0,4,53,14,2102,str('KL'),2,str('stdev'),0.999,20
730,0.06,9,0.4999999999999999,0.8243221566788189,0,8,3703,14,2800,str('KL'),1,str('tstat'),0.469,80
731,0.06,13,0.4999999999999999,0.7752257679109988,0,12,5000,14,3690,str('KL'),1,str('tstat'),0.001,100
732,0.06,9,0.4999999999999999,0.8243221566788189,0,8,117,14,1202,str('KL'),1,str('stdev'),0.424,100
733,0.06,4,0.4999999999999999,0.9254628147961788,0,3,5000,14,2841,str('KL'),3,str('tstat'),0.001,1
734,0.06,5,0.4999999999999999,0.8988593418826402,0,4,1012,14,1099,str('H'),1,str('stdev'),0.001,16
735,0.06,9,0.4999999999999999,0.8243221566788189,0,8,1,14,1,str('KL'),3,str('tstat'),0.001,1
736,0.06,5,0.4999999999999999,0.8988593418826402,0,4,2147,14,3626,str('KL'),3,str('tstat'),0.999,1
737,0.06,4,0.4999999999999999,0.9254628147961788,0,3,1,14,5000,str('KL'),3,str('tstat'),0.001,1
738,0.06,10,0.4999999999999999,0.8104149597932945,0,9,1,14,3163,str('H'),1,str('stdev'),0.001,1
739,0.06,11,0.4999999999999999,0.7977186837652803,0,10,5000,14,520,str('H'),1,str('stdev'),0.999,1
740,0.06,9,0.4999999999999999,0.8243221566788189,0,8,1,14,3005,str('H'),1,str('tstat'),0.999,1
741,0.06,6,0.4999999999999999,0.8763664260283587,0,5,5000,14,909,str('KL'),1,str('tstat'),0.999,1
742,0.06,5,0.4999999999999999,0.8988593418826402,0,4,2681,14,3463,str('H'),3,str('tstat'),0.001,100
743,0.06,16,0.4999999999999999,0.7468954686199614,0,15,78,14,392,str('H'),1,str('tstat'),0.242,78
744,0.06,5,0.4999999999999999,0.8988593418826402,0,4,2330,14,2735,str('KL'),3,str('tstat'),0.475,17
745,0.06,5,0.4999999999999999,0.8988593418826402,0,4,2705,14,1934,str('H'),2,str('stdev'),0.841,62
746,0.06,5,0.4999999999999999,0.8988593418826402,0,4,3408,14,3386,str('H'),2,str('stdev'),0.667,10
747,0.06,5,0.4999999999999999,0.8988593418826402,0,4,1627,14,1361,str('KL'),3,str('tstat'),0.018,69
748,0.06,5,0.4999999999999999,0.8988593418826402,0,4,781,14,4265,str('H'),1,str('tstat'),0.251,27
749,0.06,5,0.4999999999999999,0.8988593418826402,0,4,4273,14,990,str('KL'),3,str('stdev'),0.933,96
750,0.06,9,0.4999999999999999,0.8243221566788189,0,8,2263,14,3104,str('KL'),1,str('tstat'),0.999,1
751,0.06,6,0.4999999999999999,0.8763664260283587,0,5,2071,14,4934,str('KL'),1,str('tstat'),0.999,51
752,0.06,6,0.4999999999999999,0.8763664260283587,0,5,5000,14,183,str('H'),3,str('tstat'),0.402,1
753,0.06,8,0.4999999999999999,0.8396958495857259,0,7,4389,14,267,str('H'),1,str('stdev'),0.818,1
754,0.06,4,0.4999999999999999,0.9254628147961788,0,3,3986,14,1671,str('KL'),3,str('tstat'),0.399,1
755,0.06,5,0.4999999999999999,0.8988593418826402,0,4,4384,14,1767,str('H'),3,str('tstat'),0.001,1
756,0.06,6,0.4999999999999999,0.8763664260283587,0,5,1472,14,2715,str('KL'),1,str('tstat'),0.001,1
757,0.06,5,0.4999999999999999,0.8988593418826402,0,4,399,14,2146,str('KL'),3,str('tstat'),0.706,1
758,0.06,8,0.4999999999999999,0.8396958495857259,0,7,5000,14,5000,str('KL'),1,str('stdev'),0.474,1
759,0.06,4,0.4999999999999999,0.9254628147961788,0,3,2151,14,3810,str('KL'),2,str('tstat'),0.735,57
760,0.06,5,0.4999999999999999,0.8988593418826402,0,4,2875,14,860,str('H'),3,str('stdev'),0.074,16
761,0.06,5,0.4999999999999999,0.8988593418826402,0,4,3577,14,4486,str('H'),3,str('stdev'),0.435,64
762,0.06,5,0.4999999999999999,0.8988593418826402,0,4,1447,14,261,str('KL'),1,str('tstat'),0.756,9
763,0.06,4,0.4999999999999999,0.9254628147961788,0,3,1225,14,2865,str('H'),2,str('tstat'),0.523,98
764,0.06,5,0.4999999999999999,0.8988593418826402,0,4,3821,14,2389,str('KL'),1,str('stdev'),0.169,31
765,0.06,7,0.4999999999999999,0.8568821760621947,0,6,4145,14,4106,str('H'),1,str('tstat'),0.04,74
766,0.06,10,0.4999999999999999,0.8104149597932945,0,9,1,14,4023,str('KL'),1,str('stdev'),0.001,1
767,0.06,14,0.4999999999999999,0.7651586643819046,0,13,1,14,3529,str('H'),1,str('tstat'),0.999,100
768,0.06,4,0.4999999999999999,0.9254628147961788,0,3,3136,14,1519,str('KL'),2,str('tstat'),0.304,34
769,0.06,5,0.4999999999999999,0.8988593418826402,0,4,2589,14,2570,str('KL'),2,str('tstat'),0.19,83
770,0.06,5,0.4999999999999999,0.8988593418826402,0,4,2378,14,2099,str('H'),1,str('stdev'),0.619,40
771,0.06,4,0.4999999999999999,0.9254628147961788,0,3,255,14,4778,str('KL'),3,str('stdev'),0.854,54
772,0.06,5,0.4999999999999999,0.8988593418826402,0,4,4692,14,556,str('H'),2,str('tstat'),0.454,25
773,0.06,5,0.4999999999999999,0.8988593418826402,0,4,4977,14,4942,str('KL'),2,str('stdev'),0.575,45
774,0.06,3,0.4999999999999999,0.9580228341795545,0,2,1,14,4467,str('KL'),3,str('stdev'),0.569,1
775,0.06,7,0.4999999999999999,0.8568821760621947,0,6,1,14,1,str('KL'),3,str('tstat'),0.516,100
776,0.06,6,0.4999999999999999,0.8763664260283587,0,5,1,14,5000,str('H'),1,str('stdev'),0.999,1
777,0.06,6,0.4999999999999999,0.8763664260283587,0,5,1,14,5000,str('KL'),1,str('tstat'),0.999,1
778,0.06,3,0.4999999999999999,0.9580228341795545,0,2,1,14,5000,str('H'),3,str('stdev'),0.484,1
779,0.06,4,0.4999999999999999,0.9254628147961788,0,3,2346,14,5000,str('KL'),1,str('stdev'),0.999,49
780,0.06,6,0.4999999999999999,0.8763664260283587,0,5,1,14,5000,str('H'),1,str('tstat'),0.001,1
781,0.06,6,0.4999999999999999,0.8763664260283587,0,5,1,14,1,str('H'),3,str('tstat'),0.001,48
782,0.06,5,0.4999999999999999,0.8988593418826402,0,4,4012,14,3023,str('H'),3,str('tstat'),0.797,1
783,0.06,5,0.4999999999999999,0.8988593418826402,0,4,945,14,2232,str('KL'),2,str('stdev'),0.386,72
784,0.06,9,0.4999999999999999,0.8243221566788189,0,8,5000,14,4898,str('KL'),1,str('stdev'),0.454,100
785,0.06,9,0.4999999999999999,0.8243221566788189,0,8,5000,14,5000,str('H'),1,str('tstat'),0.001,100
786,0.06,3,0.4999999999999999,0.9580228341795545,0,2,5000,14,5000,str('KL'),3,str('stdev'),0.462,100
787,0.06,10,0.4999999999999999,0.8104149597932945,0,9,5000,14,5000,str('H'),1,str('tstat'),0.639,100
788,0.06,6,0.4999999999999999,0.8763664260283587,0,5,1,14,824,str('H'),1,str('tstat'),0.644,1
789,0.06,3,0.4999999999999999,0.9580228341795545,0,2,53,14,4937,str('H'),3,str('tstat'),0.446,100
790,0.06,3,0.4999999999999999,0.9580228341795545,0,2,1,14,5000,str('H'),3,str('stdev'),0.999,100
791,0.06,3,0.4999999999999999,0.9580228341795545,0,2,5000,14,5000,str('H'),3,str('tstat'),0.999,1
792,0.06,3,0.4999999999999999,0.9580228341795545,0,2,1,14,2848,str('KL'),2,str('tstat'),0.999,100
793,0.06,3,0.4999999999999999,0.9580228341795545,0,2,5000,14,2621,str('H'),1,str('stdev'),0.001,12
794,0.06,3,0.4999999999999999,0.9580228341795545,0,2,220,14,707,str('KL'),3,str('stdev'),0.001,21
795,0.06,3,0.4999999999999999,0.9580228341795545,0,2,1,14,2348,str('H'),2,str('stdev'),0.001,100
796,0.06,3,0.4999999999999999,0.9580228341795545,0,2,5000,14,3138,str('H'),2,str('tstat'),0.001,100
797,0.06,4,0.4999999999999999,0.9254628147961788,0,3,5000,14,866,str('KL'),2,str('stdev'),0.001,41
798,0.06,5,0.4999999999999999,0.8988593418826402,0,4,801,14,1148,str('KL'),3,str('stdev'),0.652,6
799,0.06,9,0.4999999999999999,0.8243221566788189,0,8,1831,14,3228,str('H'),1,str('stdev'),0.887,88
800,0.06,3,0.4999999999999999,0.9580228341795545,0,2,4761,14,753,str('H'),2,str('tstat'),0.999,39
801,0.06,4,0.4999999999999999,0.9254628147961788,0,3,123,14,804,str('KL'),2,str('stdev'),0.001,40
802,0.06,3,0.4999999999999999,0.9580228341795545,0,2,1,14,2387,str('KL'),1,str('tstat'),0.999,45
803,0.06,4,0.4999999999999999,0.9254628147961788,0,3,4,14,4425,str('KL'),1,str('stdev'),0.999,58
804,0.06,3,0.4999999999999999,0.9580228341795545,0,2,1,14,4627,str('KL'),3,str('stdev'),0.001,1
805,0.06,3,0.4999999999999999,0.9580228341795545,0,2,5000,14,3185,str('KL'),2,str('tstat'),0.999,100
806,0.06,6,0.4999999999999999,0.8763664260283587,0,5,5000,14,1,str('KL'),3,str('stdev'),0.999,100
807,0.06,6,0.4999999999999999,0.8763664260283587,0,5,4934,14,1,str('H'),3,str('stdev'),0.58,1
808,0.06,3,0.4999999999999999,0.9580228341795545,0,2,1,14,498,str('H'),3,str('stdev'),0.668,1
809,0.06,6,0.4999999999999999,0.8763664260283587,0,5,5000,14,5000,str('H'),1,str('tstat'),0.999,1
810,0.06,3,0.4999999999999999,0.9580228341795545,0,2,1,14,2331,str('H'),2,str('stdev'),0.999,100
811,0.06,3,0.4999999999999999,0.9580228341795545,0,2,5000,14,2307,str('H'),2,str('stdev'),0.001,100
812,0.06,3,0.4999999999999999,0.9580228341795545,0,2,5000,14,2365,str('H'),2,str('stdev'),0.999,100
813,0.06,3,0.4999999999999999,0.9580228341795545,0,2,1,14,2269,str('KL'),2,str('tstat'),0.001,100
814,0.06,3,0.4999999999999999,0.9580228341795545,0,2,5000,14,3268,str('KL'),2,str('stdev'),0.001,100
815,0.06,4,0.4999999999999999,0.9254628147961788,0,3,884,14,91,str('KL'),3,str('stdev'),0.514,1
816,0.06,3,0.4999999999999999,0.9580228341795545,0,2,5000,14,2383,str('KL'),2,str('stdev'),0.001,100
817,0.06,3,0.4999999999999999,0.9580228341795545,0,2,648,14,2502,str('KL'),1,str('stdev'),0.999,13
818,0.06,3,0.4999999999999999,0.9580228341795545,0,2,5000,14,2377,str('KL'),2,str('tstat'),0.001,100
819,0.06,3,0.4999999999999999,0.9580228341795545,0,2,1,14,2812,str('KL'),2,str('stdev'),0.001,100
820,0.06,4,0.4999999999999999,0.9254628147961788,0,3,5000,14,777,str('H'),3,str('stdev'),0.001,18
821,0.06,9,0.4999999999999999,0.8243221566788189,0,8,3022,14,3204,str('H'),1,str('tstat'),0.999,100
822,0.06,3,0.4999999999999999,0.9580228341795545,0,2,5000,14,2645,str('H'),3,str('stdev'),0.999,1
823,0.06,6,0.4999999999999999,0.8763664260283587,0,5,5000,14,2507,str('KL'),1,str('stdev'),0.999,1
824,0.06,6,0.4999999999999999,0.8763664260283587,0,5,5000,14,3405,str('KL'),1,str('tstat'),0.999,1
825,0.06,6,0.4999999999999999,0.8763664260283587,0,5,4116,14,2785,str('H'),1,str('tstat'),0.001,1
826,0.06,3,0.4999999999999999,0.9580228341795545,0,2,5000,14,5000,str('H'),3,str('stdev'),0.001,1
827,0.06,6,0.4999999999999999,0.8763664260283587,0,5,1,14,1,str('KL'),3,str('stdev'),0.001,100
828,0.06,3,0.4999999999999999,0.9580228341795545,0,2,3783,14,5000,str('KL'),3,str('stdev'),0.999,100
829,0.06,6,0.4999999999999999,0.8763664260283587,0,5,5000,14,1,str('KL'),3,str('tstat'),0.999,1
830,0.06,4,0.4999999999999999,0.9254628147961788,0,3,5000,14,446,str('H'),2,str('tstat'),0.999,9
831,0.06,3,0.4999999999999999,0.9580228341795545,0,2,5000,14,2959,str('H'),2,str('stdev'),0.999,100
832,0.06,6,0.4999999999999999,0.8763664260283587,0,5,516,14,1,str('H'),3,str('stdev'),0.607,100
833,0.06,6,0.4999999999999999,0.8763664260283587,0,5,1,14,3181,str('KL'),1,str('tstat'),0.999,1
834,0.06,6,0.4999999999999999,0.8763664260283587,0,5,5000,14,3082,str('KL'),1,str('stdev'),0.001,1
835,0.06,6,0.4999999999999999,0.8763664260283587,0,5,5000,14,2107,str('H'),1,str('stdev'),0.999,1
836,0.06,3,0.4999999999999999,0.9580228341795545,0,2,1,14,2455,str('KL'),3,str('tstat'),0.999,1
837,0.06,6,0.4999999999999999,0.8763664260283587,0,5,5000,14,2682,str('H'),1,str('stdev'),0.999,82
838,0.06,9,0.4999999999999999,0.8243221566788189,0,8,5000,14,2572,str('H'),1,str('stdev'),0.999,100
839,0.06,3,0.4999999999999999,0.9580228341795545,0,2,1,14,3250,str('H'),3,str('stdev'),0.001,100
840,0.06,3,0.4999999999999999,0.9580228341795545,0,2,1,14,771,str('H'),3,str('stdev'),0.999,1
841,0.06,6,0.4999999999999999,0.8763664260283587,0,5,5000,14,24,str('H'),1,str('tstat'),0.001,1
842,0.06,9,0.4999999999999999,0.8243221566788189,0,8,1,14,2804,str('H'),1,str('stdev'),0.999,100
843,0.06,6,0.4999999999999999,0.8763664260283587,0,5,1,14,875,str('H'),1,str('tstat'),0.001,1
844,0.06,6,0.4999999999999999,0.8763664260283587,0,5,1,14,1479,str('H'),1,str('stdev'),0.999,1
845,0.06,3,0.4999999999999999,0.9580228341795545,0,2,1,14,3400,str('KL'),3,str('tstat'),0.001,1
846,0.06,3,0.4999999999999999,0.9580228341795545,0,2,5000,14,2206,str('KL'),2,str('tstat'),0.999,100
847,0.06,4,0.4999999999999999,0.9254628147961788,0,3,193,14,894,str('H'),2,str('tstat'),0.999,41
848,0.06,9,0.4999999999999999,0.8243221566788189,0,8,5000,14,3490,str('KL'),1,str('stdev'),0.999,100
849,0.06,3,0.4999999999999999,0.9580228341795545,0,2,1,14,2001,str('KL'),3,str('stdev'),0.999,1
850,0.06,3,0.4999999999999999,0.9580228341795545,0,2,5000,14,2235,str('KL'),3,str('stdev'),0.001,1
851,0.06,9,0.4999999999999999,0.8243221566788189,0,8,1,14,978,str('H'),1,str('stdev'),0.999,100
852,0.06,9,0.4999999999999999,0.8243221566788189,0,8,1,14,5000,str('H'),1,str('stdev'),0.001,100
853,0.06,6,0.4999999999999999,0.8763664260283587,0,5,5000,14,2185,str('KL'),1,str('tstat'),0.999,1
854,0.06,10,0.4999999999999999,0.8104149597932945,0,9,1,14,1666,str('H'),1,str('tstat'),0.999,100
855,0.06,6,0.4999999999999999,0.8763664260283587,0,5,5000,14,414,str('KL'),1,str('stdev'),0.001,1
856,0.06,3,0.4999999999999999,0.9580228341795545,0,2,1,14,2523,str('KL'),3,str('stdev'),0.001,1
857,0.06,6,0.4999999999999999,0.8763664260283587,0,5,5000,14,1909,str('H'),1,str('tstat'),0.999,1
858,0.06,3,0.4999999999999999,0.9580228341795545,0,2,1,14,2472,str('H'),3,str('tstat'),0.999,1
859,0.06,6,0.4999999999999999,0.8763664260283587,0,5,1,14,2091,str('H'),1,str('tstat'),0.999,1
860,0.06,6,0.4999999999999999,0.8763664260283587,0,5,1,14,973,str('H'),1,str('stdev'),0.001,1
861,0.06,4,0.4999999999999999,0.9254628147961788,0,3,5000,14,600,str('H'),3,str('stdev'),0.999,1
862,0.06,3,0.4999999999999999,0.9580228341795545,0,2,1,14,5000,str('H'),3,str('stdev'),0.999,1
863,0.06,6,0.4999999999999999,0.8763664260283587,0,5,1720,14,5000,str('H'),1,str('stdev'),0.461,1
864,0.06,6,0.4999999999999999,0.8763664260283587,0,5,5000,14,1,str('H'),3,str('stdev'),0.999,100
865,0.06,6,0.4999999999999999,0.8763664260283587,0,5,336,14,5000,str('KL'),1,str('stdev'),0.187,1
866,0.06,8,0.4999999999999999,0.8396958495857259,0,7,1,14,1,str('KL'),3,str('stdev'),0.999,1
867,0.06,6,0.4999999999999999,0.8763664260283587,0,5,5000,14,1,str('KL'),3,str('stdev'),0.999,1
868,0.06,8,0.4999999999999999,0.8396958495857259,0,7,1,14,1,str('H'),3,str('tstat'),0.999,1
869,0.06,6,0.4999999999999999,0.8763664260283587,0,5,1,14,1842,str('KL'),1,str('stdev'),0.999,1
870,0.06,6,0.4999999999999999,0.8763664260283587,0,5,5000,14,1455,str('KL'),1,str('stdev'),0.999,1
871,0.06,6,0.4999999999999999,0.8763664260283587,0,5,1,14,2302,str('KL'),1,str('stdev'),0.001,1
872,0.06,6,0.4999999999999999,0.8763664260283587,0,5,5000,14,1,str('KL'),3,str('stdev'),0.001,1
873,0.06,9,0.4999999999999999,0.8243221566788189,0,8,1,14,2492,str('H'),1,str('tstat'),0.001,100
874,0.06,3,0.4999999999999999,0.9580228341795545,0,2,5000,14,2718,str('KL'),3,str('tstat'),0.999,1
875,0.06,6,0.4999999999999999,0.8763664260283587,0,5,2351,14,1,str('KL'),2,str('stdev'),0.001,1
876,0.06,3,0.4999999999999999,0.9580228341795545,0,2,2385,14,3488,str('H'),2,str('tstat'),0.999,1
877,0.06,5,0.4999999999999999,0.8988593418826402,0,4,1858,14,140,str('H'),3,str('stdev'),0.999,100
878,0.06,9,0.4999999999999999,0.8243221566788189,0,8,5000,14,5000,str('KL'),1,str('stdev'),0.999,100
879,0.06,10,0.4999999999999999,0.8104149597932945,0,9,5000,14,3596,str('H'),1,str('stdev'),0.001,100
880,0.06,3,0.4999999999999999,0.9580228341795545,0,2,1267,14,5000,str('H'),3,str('tstat'),0.001,100
881,0.06,6,0.4999999999999999,0.8763664260283587,0,5,1693,14,1,str('H'),3,str('tstat'),0.999,100
882,0.06,6,0.4999999999999999,0.8763664260283587,0,5,1,14,1,str('H'),3,str('stdev'),0.001,1
883,0.06,6,0.4999999999999999,0.8763664260283587,0,5,1,14,1,str('KL'),3,str('tstat'),0.999,100
884,0.06,3,0.4999999999999999,0.9580228341795545,0,2,2030,14,5000,str('KL'),3,str('stdev'),0.001,100
885,0.06,3,0.4999999999999999,0.9580228341795545,0,2,3711,14,5000,str('KL'),3,str('tstat'),0.999,100
886,0.06,4,0.4999999999999999,0.9254628147961788,0,3,2445,14,4597,str('KL'),2,str('tstat'),0.001,1
887,0.06,9,0.4999999999999999,0.8243221566788189,0,8,2379,14,4747,str('H'),1,str('tstat'),0.001,100
888,0.06,148,0.4999999999999999,0.4301526951946043,0,18,2334,14,1,str('H'),2,str('stdev'),0.999,47
889,0.06,15,0.4999999999999999,0.7557415179448348,0,14,2433,14,285,str('H'),1,str('stdev'),0.001,100
890,0.06,11,0.4999999999999999,0.7977186837652803,0,10,1910,14,867,str('H'),1,str('stdev'),0.001,100
891,0.06,3,0.4999999999999999,0.9580228341795545,0,2,1902,14,4538,str('H'),1,str('tstat'),0.999,14
892,0.06,6,0.4999999999999999,0.8763664260283587,0,5,4021,14,1,str('H'),3,str('stdev'),0.999,1
893,0.06,3,0.4999999999999999,0.9580228341795545,0,2,3504,14,5000,str('KL'),3,str('stdev'),0.999,1
894,0.06,3,0.4999999999999999,0.9580228341795545,0,2,5000,14,2520,str('H'),3,str('stdev'),0.999,100
895,0.06,6,0.4999999999999999,0.8763664260283587,0,5,1,14,1,str('KL'),3,str('tstat'),0.999,1
896,0.06,4,0.4999999999999999,0.9254628147961788,0,3,2368,14,1568,str('KL'),2,str('tstat'),0.001,1
897,0.06,3,0.4999999999999999,0.9580228341795545,0,2,5000,14,1978,str('H'),3,str('tstat'),0.999,1
898,0.06,3,0.4999999999999999,0.9580228341795545,0,2,1,14,2495,str('H'),3,str('stdev'),0.001,1
899,0.06,3,0.4999999999999999,0.9580228341795545,0,2,1,14,4992,str('H'),1,str('tstat'),0.001,25
900,0.06,3,0.4999999999999999,0.9580228341795545,0,2,5000,14,5000,str('KL'),2,str('stdev'),0.999,1
901,0.06,3,0.4999999999999999,0.9580228341795545,0,2,5000,14,1719,str('KL'),3,str('stdev'),0.999,100
902,0.06,3,0.4999999999999999,0.9580228341795545,0,2,5000,14,1866,str('H'),3,str('tstat'),0.001,100
903,0.06,3,0.4999999999999999,0.9580228341795545,0,2,1,14,701,str('KL'),1,str('stdev'),0.999,36
904,0.06,3,0.4999999999999999,0.9580228341795545,0,2,5000,14,1641,str('KL'),3,str('stdev'),0.001,100
905,0.06,3,0.4999999999999999,0.9580228341795545,0,2,4728,14,5000,str('KL'),1,str('stdev'),0.001,44
906,0.06,5,0.4999999999999999,0.8988593418826402,0,4,2371,14,453,str('H'),2,str('tstat'),0.001,1
907,0.06,3,0.4999999999999999,0.9580228341795545,0,2,2398,14,2264,str('KL'),2,str('stdev'),0.999,1
908,0.06,6,0.4999999999999999,0.8763664260283587,0,5,2391,14,1,str('KL'),2,str('tstat'),0.999,1
909,0.06,9,0.4999999999999999,0.8243221566788189,0,8,2377,14,5000,str('KL'),1,str('stdev'),0.999,100
910,0.06,6,0.4999999999999999,0.8763664260283587,0,5,4222,14,1,str('H'),3,str('tstat'),0.001,1
911,0.06,3,0.4999999999999999,0.9580228341795545,0,2,1192,14,5000,str('H'),3,str('stdev'),0.999,100
912,0.06,3,0.4999999999999999,0.9580228341795545,0,2,1,14,1988,str('H'),3,str('stdev'),0.999,100
913,0.06,5,0.4999999999999999,0.8988593418826402,0,4,5000,14,232,str('H'),1,str('tstat'),0.999,37
914,0.06,90,0.4999999999999999,0.5021015176119512,0,17,2914,14,1,str('KL'),2,str('stdev'),0.001,40
915,0.06,3,0.4999999999999999,0.9580228341795545,0,2,1,14,1666,str('KL'),3,str('stdev'),0.001,100
916,0.06,3,0.4999999999999999,0.9580228341795545,0,2,5000,14,2136,str('H'),3,str('stdev'),0.001,1
917,0.06,3,0.4999999999999999,0.9580228341795545,0,2,1,14,5000,str('H'),2,str('stdev'),0.001,1
918,0.06,3,0.4999999999999999,0.9580228341795545,0,2,5000,14,1444,str('KL'),3,str('tstat'),0.999,100
919,0.06,3,0.4999999999999999,0.9580228341795545,0,2,5000,14,5000,str('KL'),2,str('stdev'),0.001,100
920,0.06,3,0.4999999999999999,0.9580228341795545,0,2,1,14,2273,str('H'),3,str('stdev'),0.999,1
921,0.06,3,0.4999999999999999,0.9580228341795545,0,2,1,14,5000,str('H'),2,str('tstat'),0.999,100
922,0.06,3,0.4999999999999999,0.9580228341795545,0,2,1,14,5000,str('H'),2,str('tstat'),0.001,100
923,0.06,3,0.4999999999999999,0.9580228341795545,0,2,340,14,2162,str('KL'),3,str('tstat'),0.999,14
924,0.06,3,0.4999999999999999,0.9580228341795545,0,2,1,14,3300,str('H'),3,str('tstat'),0.999,88
925,0.06,3,0.4999999999999999,0.9580228341795545,0,2,1,14,2053,str('H'),3,str('tstat'),0.001,15
926,0.06,2840,0.4999999999999999,0.0,0,19,2332,14,1,str('KL'),2,str('tstat'),0.001,100
927,0.06,3,0.4999999999999999,0.9580228341795545,0,2,3855,14,5000,str('H'),3,str('stdev'),0.001,100
928,0.06,3,0.4999999999999999,0.9580228341795545,0,2,5000,14,5000,str('H'),2,str('stdev'),0.999,100
929,0.06,3,0.4999999999999999,0.9580228341795545,0,2,1,14,4016,str('KL'),3,str('stdev'),0.999,100
930,0.06,3,0.4999999999999999,0.9580228341795545,0,2,4678,14,4138,str('KL'),2,str('tstat'),0.001,13
931,0.06,3,0.4999999999999999,0.9580228341795545,0,2,4758,14,1959,str('H'),3,str('stdev'),0.999,80
932,0.06,4,0.4999999999999999,0.9254628147961788,0,3,3658,14,3388,str('KL'),1,str('tstat'),0.001,37
933,0.06,3,0.4999999999999999,0.9580228341795545,0,2,1,14,4012,str('KL'),3,str('tstat'),0.999,100
934,0.06,3,0.4999999999999999,0.9580228341795545,0,2,1,14,3985,str('H'),3,str('stdev'),0.999,100
935,0.06,3,0.4999999999999999,0.9580228341795545,0,2,1,14,1988,str('H'),3,str('stdev'),0.001,71
936,0.06,3,0.4999999999999999,0.9580228341795545,0,2,5000,14,2253,str('H'),3,str('stdev'),0.001,85
937,0.06,3,0.4999999999999999,0.9580228341795545,0,2,5000,14,3932,str('H'),3,str('tstat'),0.999,100
938,0.06,3,0.4999999999999999,0.9580228341795545,0,2,206,14,2480,str('KL'),3,str('tstat'),0.999,85
939,0.06,3,0.4999999999999999,0.9580228341795545,0,2,1343,14,1951,str('KL'),3,str('stdev'),0.999,72
940,0.06,3,0.4999999999999999,0.9580228341795545,0,2,1,14,4095,str('H'),2,str('tstat'),0.001,13
941,0.06,3,0.4999999999999999,0.9580228341795545,0,2,1,14,3826,str('H'),3,str('tstat'),0.001,100
942,0.06,3,0.4999999999999999,0.9580228341795545,0,2,2407,14,2651,str('H'),2,str('stdev'),0.001,1
943,0.06,7,0.4999999999999999,0.8568821760621947,0,6,3988,14,1,str('KL'),3,str('tstat'),0.001,100
944,0.06,3,0.4999999999999999,0.9580228341795545,0,2,4872,14,2941,str('H'),3,str('tstat'),0.001,21
945,0.06,3,0.4999999999999999,0.9580228341795545,0,2,5000,14,3609,str('H'),2,str('tstat'),0.001,1
946,0.06,3,0.4999999999999999,0.9580228341795545,0,2,5000,14,2822,str('KL'),3,str('stdev'),0.999,20
947,0.06,4,0.4999999999999999,0.9254628147961788,0,3,1,14,4105,str('KL'),2,str('stdev'),0.999,72
948,0.06,3,0.4999999999999999,0.9580228341795545,0,2,5000,14,3445,str('H'),3,str('tstat'),0.999,16
949,0.06,3,0.4999999999999999,0.9580228341795545,0,2,4800,14,3830,str('H'),2,str('stdev'),0.001,67
950,0.06,3,0.4999999999999999,0.9580228341795545,0,2,5000,14,3622,str('KL'),1,str('tstat'),0.999,28
951,0.06,3,0.4999999999999999,0.9580228341795545,0,2,370,14,3401,str('KL'),1,str('tstat'),0.999,30
952,0.06,3,0.4999999999999999,0.9580228341795545,0,2,1,14,3679,str('H'),1,str('stdev'),0.999,30
953,0.06,3,0.4999999999999999,0.9580228341795545,0,2,1,14,3088,str('KL'),3,str('stdev'),0.999,100
954,0.06,3,0.4999999999999999,0.9580228341795545,0,2,5000,14,4027,str('H'),3,str('tstat'),0.999,1
955,0.06,3,0.4999999999999999,0.9580228341795545,0,2,2516,14,5000,str('KL'),3,str('tstat'),0.999,64
956,0.06,4,0.4999999999999999,0.9254628147961788,0,3,4740,14,3967,str('KL'),2,str('stdev'),0.001,68
957,0.06,3,0.4999999999999999,0.9580228341795545,0,2,1,14,4021,str('H'),2,str('tstat'),0.001,67
958,0.06,4,0.4999999999999999,0.9254628147961788,0,3,3316,14,5000,str('H'),1,str('tstat'),0.001,61
959,0.06,3,0.4999999999999999,0.9580228341795545,0,2,1,14,2478,str('KL'),3,str('stdev'),0.001,78
960,0.06,3,0.4999999999999999,0.9580228341795545,0,2,1,14,3913,str('H'),2,str('stdev'),0.999,9
961,0.06,3,0.4999999999999999,0.9580228341795545,0,2,1,14,3918,str('H'),2,str('stdev'),0.001,71
962,0.06,3,0.4999999999999999,0.9580228341795545,0,2,1,14,3858,str('KL'),2,str('tstat'),0.001,70
963,0.06,3,0.4999999999999999,0.9580228341795545,0,2,1,14,3022,str('KL'),3,str('tstat'),0.001,17
964,0.06,3,0.4999999999999999,0.9580228341795545,0,2,616,14,2788,str('KL'),3,str('tstat'),0.001,100
965,0.06,4,0.4999999999999999,0.9254628147961788,0,3,5000,14,3649,str('H'),3,str('stdev'),0.001,14
966,0.06,3,0.4999999999999999,0.9580228341795545,0,2,5000,14,3974,str('H'),2,str('tstat'),0.001,71
967,0.06,3,0.4999999999999999,0.9580228341795545,0,2,1,14,5000,str('H'),3,str('stdev'),0.001,58
968,0.06,3,0.4999999999999999,0.9580228341795545,0,2,1,14,5000,str('KL'),3,str('stdev'),0.001,64
969,0.06,3,0.4999999999999999,0.9580228341795545,0,2,1,14,5000,str('KL'),3,str('stdev'),0.999,53
970,0.06,3,0.4999999999999999,0.9580228341795545,0,2,1,14,5000,str('H'),3,str('tstat'),0.001,65
971,0.06,3,0.4999999999999999,0.9580228341795545,0,2,5000,14,5000,str('KL'),3,str('tstat'),0.001,59
972,0.06,3,0.4999999999999999,0.9580228341795545,0,2,2846,14,5000,str('H'),3,str('tstat'),0.999,57
973,0.06,3,0.4999999999999999,0.9580228341795545,0,2,5000,14,5000,str('KL'),2,str('stdev'),0.999,52
974,0.06,4,0.4999999999999999,0.9254628147961788,0,3,5000,14,3103,str('KL'),3,str('stdev'),0.001,86
975,0.06,3,0.4999999999999999,0.9580228341795545,0,2,4711,14,3201,str('KL'),3,str('tstat'),0.001,38
976,0.06,3,0.4999999999999999,0.9580228341795545,0,2,1,14,5000,str('H'),2,str('tstat'),0.999,48
977,0.06,3,0.4999999999999999,0.9580228341795545,0,2,5000,14,5000,str('H'),3,str('stdev'),0.001,61
978,0.06,3,0.4999999999999999,0.9580228341795545,0,2,516,14,5000,str('KL'),3,str('stdev'),0.546,57
979,0.06,3,0.4999999999999999,0.9580228341795545,0,2,5000,14,5000,str('KL'),2,str('tstat'),0.999,46
980,0.06,3,0.4999999999999999,0.9580228341795545,0,2,5000,14,5000,str('KL'),2,str('stdev'),0.001,49
981,0.06,3,0.4999999999999999,0.9580228341795545,0,2,5000,14,5000,str('H'),2,str('stdev'),0.999,49
982,0.06,3,0.4999999999999999,0.9580228341795545,0,2,3099,14,5000,str('H'),3,str('stdev'),0.001,37
983,0.06,3,0.4999999999999999,0.9580228341795545,0,2,1,14,5000,str('KL'),3,str('stdev'),0.001,1
984,0.06,9,0.4999999999999999,0.8243221566788189,0,8,1,14,5000,str('KL'),1,str('tstat'),0.001,100
985,0.06,3,0.4999999999999999,0.9580228341795545,0,2,5000,14,5000,str('KL'),3,str('tstat'),0.999,56
986,0.06,4,0.4999999999999999,0.9254628147961788,0,3,1,14,5000,str('H'),3,str('stdev'),0.999,58
987,0.06,3,0.4999999999999999,0.9580228341795545,0,2,5000,14,5000,str('KL'),3,str('stdev'),0.001,61
988,0.06,3,0.4999999999999999,0.9580228341795545,0,2,2655,14,5000,str('KL'),3,str('stdev'),0.999,57
989,0.06,3,0.4999999999999999,0.9580228341795545,0,2,2521,14,5000,str('H'),3,str('tstat'),0.001,59
990,0.06,3,0.4999999999999999,0.9580228341795545,0,2,4897,14,3866,str('H'),2,str('stdev'),0.999,68
991,0.06,3,0.4999999999999999,0.9580228341795545,0,2,5000,14,3922,str('KL'),2,str('tstat'),0.999,70
992,0.06,3,0.4999999999999999,0.9580228341795545,0,2,5000,14,5000,str('KL'),3,str('stdev'),0.999,73
993,0.06,3,0.4999999999999999,0.9580228341795545,0,2,5000,14,5000,str('H'),3,str('tstat'),0.999,50
994,0.06,3,0.4999999999999999,0.9580228341795545,0,2,5000,14,5000,str('H'),3,str('tstat'),0.001,57
995,0.06,3,0.4999999999999999,0.9580228341795545,0,2,5000,14,5000,str('H'),3,str('stdev'),0.999,59
996,0.06,3,0.4999999999999999,0.9580228341795545,0,2,1,14,5000,str('KL'),3,str('tstat'),0.999,52
997,0.06,3,0.4999999999999999,0.9580228341795545,0,2,2868,14,5000,str('KL'),3,str('tstat'),0.001,58
998,0.06,9,0.4999999999999999,0.8243221566788189,0,8,1,14,836,str('KL'),1,str('tstat'),0.999,100
999,0.06,6,0.4999999999999999,0.8763664260283587,0,5,5000,14,5000,str('H'),1,str('stdev'),0.999,1
1000,0.06,9,0.4999999999999999,0.8243221566788189,0,8,5000,14,5000,str('H'),1,str('stdev'),0.999,100
1001,0.06,3,0.4999999999999999,0.9580228341795545,0,2,1,14,5000,str('KL'),3,str('stdev'),0.001,100
1002,0.06,6,0.4999999999999999,0.8763664260283587,0,5,5000,14,1,str('KL'),3,str('stdev'),0.479,1
1003,0.06,6,0.4999999999999999,0.8763664260283587,0,5,1,14,1,str('H'),3,str('tstat'),0.001,100
1004,0.06,6,0.4999999999999999,0.8763664260283587,0,5,5000,14,5000,str('H'),1,str('tstat'),0.001,1
1005,0.06,6,0.4999999999999999,0.8763664260283587,0,5,1,14,5000,str('KL'),1,str('stdev'),0.999,1
1006,0.06,3,0.4999999999999999,0.9580228341795545,0,2,4231,14,5000,str('H'),3,str('tstat'),0.456,43
1007,0.06,3,0.4999999999999999,0.9580228341795545,0,2,4817,14,5000,str('KL'),3,str('stdev'),0.595,58
1008,0.06,9,0.4999999999999999,0.8243221566788189,0,8,1,14,5000,str('KL'),1,str('stdev'),0.001,100
1009,0.06,6,0.4999999999999999,0.8763664260283587,0,5,1,14,1,str('H'),3,str('tstat'),0.999,100
1010,0.06,3,0.4999999999999999,0.9580228341795545,0,2,1,14,5000,str('H'),3,str('tstat'),0.999,1
1011,0.06,9,0.4999999999999999,0.8243221566788189,0,8,5000,14,5000,str('H'),1,str('stdev'),0.001,100
1012,0.06,3,0.4999999999999999,0.9580228341795545,0,2,5000,14,5000,str('KL'),3,str('tstat'),0.999,100
1013,0.06,6,0.4999999999999999,0.8763664260283587,0,5,5000,14,1,str('KL'),3,str('tstat'),0.001,1
1014,0.06,6,0.4999999999999999,0.8763664260283587,0,5,5000,14,5000,str('KL'),1,str('tstat'),0.001,1
1015,0.06,3,0.4999999999999999,0.9580228341795545,0,2,5000,14,5000,str('H'),3,str('stdev'),0.999,100
1016,0.06,3,0.4999999999999999,0.9580228341795545,0,2,1,14,5000,str('H'),3,str('tstat'),0.001,1
1017,0.06,9,0.4999999999999999,0.8243221566788189,0,8,1,14,5000,str('KL'),1,str('tstat'),0.999,100
1018,0.06,3,0.4999999999999999,0.9580228341795545,0,2,1,14,5000,str('KL'),3,str('stdev'),0.999,1
1019,0.06,9,0.4999999999999999,0.8243221566788189,0,8,5000,14,5000,str('KL'),1,str('tstat'),0.001,100
1020,0.06,10,0.4999999999999999,0.8104149597932945,0,9,1,14,5000,str('H'),1,str('tstat'),0.999,100
1021,0.06,4,0.4999999999999999,0.9254628147961788,0,3,5000,14,5000,str('KL'),3,str('tstat'),0.001,100
1022,0.06,3,0.4999999999999999,0.9580228341795545,0,2,1,14,5000,str('KL'),3,str('tstat'),0.001,54
1023,0.06,3,0.4999999999999999,0.9580228341795545,0,2,1,14,5000,str('H'),3,str('tstat'),0.999,55
1024,0.06,6,0.4999999999999999,0.8763664260283587,0,5,5000,14,1,str('H'),3,str('stdev'),0.001,1
1025,0.06,6,0.4999999999999999,0.8763664260283587,0,5,5000,14,5000,str('KL'),1,str('stdev'),0.001,1
1026,0.06,4,0.4999999999999999,0.9254628147961788,0,3,1,14,5000,str('KL'),3,str('tstat'),0.999,1
1027,0.06,6,0.4999999999999999,0.8763664260283587,0,5,1,14,1,str('KL'),3,str('stdev'),0.999,100
1028,0.06,3,0.4999999999999999,0.9580228341795545,0,2,5000,14,5000,str('H'),3,str('tstat'),0.001,100
1029,0.06,7,0.4999999999999999,0.8568821760621947,0,6,5000,14,5000,str('KL'),1,str('stdev'),0.999,1
1030,0.06,6,0.4999999999999999,0.8763664260283587,0,5,5000,14,1,str('H'),3,str('stdev'),0.001,100
1031,0.06,3,0.4999999999999999,0.9580228341795545,0,2,5000,14,5000,str('H'),2,str('stdev'),0.001,32
1032,0.06,3,0.4999999999999999,0.9580228341795545,0,2,4844,14,5000,str('H'),3,str('stdev'),0.999,14
1033,0.06,3,0.4999999999999999,0.9580228341795545,0,2,4168,14,4209,str('KL'),2,str('stdev'),0.999,38
1034,0.06,3,0.4999999999999999,0.9580228341795545,0,2,5000,14,3261,str('H'),2,str('tstat'),0.001,37
1035,0.06,4,0.4999999999999999,0.9254628147961788,0,3,5000,14,1626,str('H'),2,str('stdev'),0.999,48
1036,0.06,7,0.4999999999999999,0.8568821760621947,0,6,5000,14,1,str('KL'),3,str('tstat'),0.999,85
1037,0.06,3,0.4999999999999999,0.9580228341795545,0,2,5000,14,2471,str('KL'),2,str('stdev'),0.999,61
1038,0.06,3,0.4999999999999999,0.9580228341795545,0,2,1,14,5000,str('KL'),3,str('tstat'),0.001,100
1039,0.06,6,0.4999999999999999,0.8763664260283587,0,5,5000,14,1,str('H'),3,str('tstat'),0.999,100
1040,0.06,3,0.4999999999999999,0.9580228341795545,0,2,5000,14,5000,str('H'),2,str('tstat'),0.999,8
1041,0.06,6,0.4999999999999999,0.8763664260283587,0,5,5000,14,5000,str('KL'),1,str('tstat'),0.999,1
1042,0.06,6,0.4999999999999999,0.8763664260283587,0,5,5000,14,1,str('KL'),3,str('stdev'),0.001,100
1043,0.06,3,0.4999999999999999,0.9580228341795545,0,2,5000,14,5000,str('H'),2,str('tstat'),0.001,27
1044,0.06,3,0.4999999999999999,0.9580228341795545,0,2,5000,14,3529,str('KL'),2,str('tstat'),0.001,39
1045,0.06,3,0.4999999999999999,0.9580228341795545,0,2,5000,14,5000,str('H'),2,str('tstat'),0.999,88
1046,0.06,3,0.4999999999999999,0.9580228341795545,0,2,5000,14,5000,str('H'),2,str('stdev'),0.001,87
1047,0.06,3,0.4999999999999999,0.9580228341795545,0,2,1,14,5000,str('H'),2,str('stdev'),0.999,20
1048,0.06,3,0.4999999999999999,0.9580228341795545,0,2,1,14,2479,str('KL'),2,str('stdev'),0.001,50
1049,0.06,6,0.4999999999999999,0.8763664260283587,0,5,1,14,1,str('KL'),3,str('stdev'),0.001,14
1050,0.06,3,0.4999999999999999,0.9580228341795545,0,2,1,14,5000,str('KL'),2,str('tstat'),0.001,43
1051,0.06,3,0.4999999999999999,0.9580228341795545,0,2,777,14,4526,str('KL'),2,str('tstat'),0.999,1
1052,0.06,4,0.4999999999999999,0.9254628147961788,0,3,1,14,5000,str('KL'),2,str('stdev'),0.001,33
1053,0.06,3,0.4999999999999999,0.9580228341795545,0,2,1,14,3056,str('KL'),2,str('tstat'),0.999,54
1054,0.06,3,0.4999999999999999,0.9580228341795545,0,2,5000,14,5000,str('KL'),3,str('tstat'),0.999,1
1055,0.06,3,0.4999999999999999,0.9580228341795545,0,2,5000,14,5000,str('KL'),3,str('stdev'),0.001,1
1056,0.06,3,0.4999999999999999,0.9580228341795545,0,2,1,14,2612,str('H'),2,str('tstat'),0.001,44
1057,0.06,6,0.4999999999999999,0.8763664260283587,0,5,5000,14,1,str('H'),3,str('tstat'),0.999,1
1058,0.06,4,0.4999999999999999,0.9254628147961788,0,3,5000,14,1082,str('KL'),2,str('stdev'),0.001,50
1059,0.06,10,0.4999999999999999,0.8104149597932945,0,9,1,14,4324,str('H'),1,str('stdev'),0.999,100
1060,0.06,6,0.4999999999999999,0.8763664260283587,0,5,5000,14,4156,str('H'),1,str('stdev'),0.001,1
1061,0.06,3,0.4999999999999999,0.9580228341795545,0,2,5000,14,4987,str('H'),3,str('tstat'),0.999,92
1062,0.06,4,0.4999999999999999,0.9254628147961788,0,3,5000,14,1478,str('KL'),3,str('tstat'),0.999,56
1063,0.06,3,0.4999999999999999,0.9580228341795545,0,2,768,14,5000,str('H'),3,str('stdev'),0.001,94
1064,0.06,3,0.4999999999999999,0.9580228341795545,0,2,5000,14,3099,str('KL'),3,str('stdev'),0.999,1
1065,0.06,4,0.4999999999999999,0.9254628147961788,0,3,5000,14,1638,str('KL'),1,str('stdev'),0.001,58
1066,0.06,3,0.4999999999999999,0.9580228341795545,0,2,5000,14,5000,str('KL'),3,str('tstat'),0.001,1
1067,0.06,3,0.4999999999999999,0.9580228341795545,0,2,1,14,3285,str('H'),3,str('stdev'),0.999,9
1068,0.06,7,0.4999999999999999,0.8568821760621947,0,6,5000,14,5000,str('KL'),1,str('tstat'),0.999,92
1069,0.06,7,0.4999999999999999,0.8568821760621947,0,6,1,14,5000,str('H'),1,str('stdev'),0.001,1
1070,0.06,6,0.4999999999999999,0.8763664260283587,0,5,694,14,1,str('H'),3,str('stdev'),0.999,19
1071,0.06,6,0.4999999999999999,0.8763664260283587,0,5,1,14,1,str('H'),3,str('stdev'),0.001,92
1072,0.06,3,0.4999999999999999,0.9580228341795545,0,2,5000,14,5000,str('KL'),2,str('stdev'),0.999,88
1073,0.06,3,0.4999999999999999,0.9580228341795545,0,2,586,14,5000,str('KL'),2,str('tstat'),0.001,87
1074,0.06,3,0.4999999999999999,0.9580228341795545,0,2,1,14,2779,str('H'),2,str('stdev'),0.999,43
1075,0.06,3,0.4999999999999999,0.9580228341795545,0,2,5000,14,1663,str('KL'),3,str('tstat'),0.001,59
1076,0.06,3,0.4999999999999999,0.9580228341795545,0,2,1,14,1613,str('KL'),3,str('tstat'),0.999,58
1077,0.06,3,0.4999999999999999,0.9580228341795545,0,2,1,14,1589,str('H'),3,str('tstat'),0.999,56
1078,0.06,8,0.4999999999999999,0.8396958495857259,0,7,1,14,4969,str('H'),1,str('tstat'),0.001,92
1079,0.06,3,0.4999999999999999,0.9580228341795545,0,2,1,14,5000,str('KL'),3,str('stdev'),0.999,91
1080,0.06,3,0.4999999999999999,0.9580228341795545,0,2,1,14,3625,str('H'),3,str('stdev'),0.001,33
1081,0.06,9,0.4999999999999999,0.8243221566788189,0,8,5000,14,4675,str('H'),1,str('tstat'),0.999,96
1082,0.06,3,0.4999999999999999,0.9580228341795545,0,2,5000,14,1673,str('KL'),3,str('stdev'),0.999,59
1083,0.06,6,0.4999999999999999,0.8763664260283587,0,5,1,14,4999,str('H'),1,str('tstat'),0.999,1
1084,0.06,3,0.4999999999999999,0.9580228341795545,0,2,1,14,5000,str('H'),3,str('tstat'),0.999,92
1085,0.06,7,0.4999999999999999,0.8568821760621947,0,6,5000,14,5000,str('KL'),1,str('stdev'),0.001,90
1086,0.06,3,0.4999999999999999,0.9580228341795545,0,2,1,14,5000,str('H'),2,str('stdev'),0.999,88
1087,0.06,3,0.4999999999999999,0.9580228341795545,0,2,692,14,5000,str('KL'),2,str('tstat'),0.999,88
1088,0.06,7,0.4999999999999999,0.8568821760621947,0,6,1,14,4982,str('KL'),1,str('stdev'),0.999,91
1089,0.06,3,0.4999999999999999,0.9580228341795545,0,2,5000,14,3640,str('H'),3,str('stdev'),0.001,34
1090,0.06,6,0.4999999999999999,0.8763664260283587,0,5,1,14,3455,str('H'),1,str('stdev'),0.999,1
1091,0.06,5,0.4999999999999999,0.8988593418826402,0,4,4207,14,7,str('KL'),2,str('tstat'),0.428,10
1092,0.06,3,0.4999999999999999,0.9580228341795545,0,2,4312,14,3965,str('H'),3,str('stdev'),0.616,49
1093,0.06,8,0.4999999999999999,0.8396958495857259,0,7,755,14,258,str('KL'),1,str('tstat'),0.105,74
1094,0.06,3,0.4999999999999999,0.9580228341795545,0,2,1967,14,2735,str('H'),3,str('tstat'),0.397,5
1095,0.06,6,0.4999999999999999,0.8763664260283587,0,5,3099,14,1482,str('KL'),1,str('stdev'),0.885,80
1096,0.06,3,0.4999999999999999,0.9580228341795545,0,2,3563,14,3279,str('KL'),2,str('stdev'),0.735,18
1097,0.06,8,0.4999999999999999,0.8396958495857259,0,7,1494,14,1880,str('H'),2,str('tstat'),0.232,92
1098,0.06,3,0.4999999999999999,0.9580228341795545,0,2,282,14,4396,str('KL'),1,str('tstat'),0.267,37
1099,0.06,4,0.4999999999999999,0.9254628147961788,0,3,4775,14,758,str('H'),3,str('stdev'),0.762,61
1100,0.06,3,0.4999999999999999,0.9580228341795545,0,2,4435,14,3067,str('KL'),2,str('tstat'),0.979,21
1101,0.06,9,0.4999999999999999,0.8243221566788189,0,8,490,14,1775,str('H'),2,str('stdev'),0.491,96
1102,0.06,5,0.4999999999999999,0.8988593418826402,0,4,1,14,1542,str('KL'),1,str('stdev'),0.001,57
1103,0.06,4,0.4999999999999999,0.9254628147961788,0,3,1,14,1282,str('KL'),3,str('tstat'),0.001,48
1104,0.06,4,0.4999999999999999,0.9254628147961788,0,3,2693,14,4689,str('H'),1,str('tstat'),0.855,40
1105,0.06,3,0.4999999999999999,0.9580228341795545,0,2,2261,14,1090,str('KL'),3,str('stdev'),0.361,64
1106,0.06,3,0.4999999999999999,0.9580228341795545,0,2,1,14,1637,str('KL'),3,str('stdev'),0.001,58
1107,0.06,5,0.4999999999999999,0.8988593418826402,0,4,3752,14,3664,str('H'),1,str('stdev'),0.331,69
1108,0.06,3,0.4999999999999999,0.9580228341795545,0,2,1134,14,2428,str('KL'),3,str('tstat'),0.827,47
1109,0.06,3,0.4999999999999999,0.9580228341795545,0,2,2346,14,4950,str('H'),2,str('tstat'),0.674,76
1110,0.06,5,0.4999999999999999,0.8988593418826402,0,4,2540,14,1148,str('KL'),2,str('stdev'),0.173,3
1111,0.06,3,0.4999999999999999,0.9580228341795545,0,2,3336,14,4190,str('KL'),3,str('stdev'),0.459,91
1112,0.06,5,0.4999999999999999,0.8988593418826402,0,4,1580,14,339,str('H'),1,str('tstat'),0.945,14
1113,0.06,3,0.4999999999999999,0.9580228341795545,0,2,367,14,2822,str('KL'),3,str('tstat'),0.553,59
1114,0.06,4,0.4999999999999999,0.9254628147961788,0,3,4548,14,1713,str('H'),1,str('stdev'),0.04,32
1115,0.06,3,0.4999999999999999,0.9580228341795545,0,2,4993,14,4618,str('KL'),2,str('tstat'),0.204,97
1116,0.06,4,0.4999999999999999,0.9254628147961788,0,3,113,14,855,str('H'),2,str('stdev'),0.705,25
1117,0.06,4,0.4999999999999999,0.9254628147961788,0,3,1401,14,3332,str('KL'),1,str('stdev'),0.796,54
1118,0.06,6,0.4999999999999999,0.8763664260283587,0,5,1,14,5000,str('KL'),1,str('tstat'),0.001,1
1119,0.06,3,0.4999999999999999,0.9580228341795545,0,2,1,14,1594,str('H'),3,str('tstat'),0.001,56
1120,0.04,4,0.0,0.9254628147961788,0,5,397,15,4286,str('H'),3,str('stdev'),0.121,15
1121,0.04,7,0.0,0.8568821760621947,0,8,4087,0,1508,str('KL'),1,str('tstat'),0.505,77
1122,0.05,3,0.25000000000000006,0.9580228341795545,0,3,2908,17,3314,str('H'),3,str('tstat'),0.823,74
1123,0.06,4,0.4999999999999999,0.9254628147961788,0,3,1594,8,1249,str('KL'),2,str('stdev'),0.303,36
1124,0.04,4,0.0,0.9254628147961788,0,5,2345,20,2360,str('KL'),2,str('tstat'),0.875,100
1125,0.04,4,0.0,0.9254628147961788,0,5,3701,6,4660,str('H'),1,str('stdev'),0.499,13
1126,0.06,3,0.4999999999999999,0.9580228341795545,0,2,4857,12,197,str('KL'),3,str('stdev'),0.174,38
1127,0.04,4,0.0,0.9254628147961788,0,5,1209,3,3054,str('H'),2,str('tstat'),0.702,51
1128,0.04,6,0.0,0.8763664260283587,0,7,821,15,446,str('H'),1,str('tstat'),0.956,28
1129,0.08,3,1.0,0.9580228341795545,1,1,4677,9,2512,str('KL'),2,str('stdev'),0.416,66
1130,0.05,4,0.25000000000000006,0.9254628147961788,0,4,3334,13,1955,str('H'),3,str('stdev'),0.225,85
1131,0.04,4,0.0,0.9254628147961788,0,5,2185,1,4734,str('KL'),2,str('tstat'),0.651,22
1132,0.04,3,0.0,0.9580228341795545,0,4,1374,10,3544,str('KL'),3,str('stdev'),0.046,62
1133,0.04,6,0.0,0.8763664260283587,0,7,2564,4,688,str('H'),2,str('tstat'),0.578,49
1134,0.04,4,0.0,0.9254628147961788,0,5,3885,18,3900,str('KL'),3,str('tstat'),0.78,2
1135,0.04,9,0.0,0.8243221566788189,0,10,71,6,1601,str('H'),1,str('stdev'),0.345,90
1136,0.04,4,0.0,0.9254628147961788,0,5,3515,3,1702,str('KL'),3,str('tstat'),0.597,7
1137,0.06,7,0.4999999999999999,0.8568821760621947,0,6,2315,12,3779,str('H'),1,str('stdev'),0.029,94
1138,0.04,4,0.0,0.9254628147961788,0,5,1310,7,4146,str('KL'),2,str('stdev'),0.834,41
1139,0.04,6,0.0,0.8763664260283587,0,7,2627,19,1297,str('H'),1,str('tstat'),0.29,54
1140,0.04,10,0.0,0.8104149597932945,0,11,3822,4,3262,str('KL'),1,str('tstat'),0.102,98
1141,0.06,4,0.4999999999999999,0.9254628147961788,0,3,4960,5,2098,str('KL'),2,str('stdev'),0.946,61
