index,ACCURACY,RUNTIME,transformed_accuracy,transformed_runtime,is_pareto,pareto_layer,recent_samples_size,feature_id,batch_size,divergence,detect_batch,statistic,significance,subsets
0,0.57,16,0.3157894736842103,0.80507157479825,0,22,553,4,4189,str('H'),3,str('stdev'),0.812,43
1,0.64,38,0.6842105263157897,0.6932073385825838,0,31,2634,3,1164,str('KL'),2,str('tstat'),0.306,89
2,0.57,15,0.3157894736842103,0.8132389028922857,0,20,3330,5,2216,str('KL'),1,str('tstat'),0.881,35
3,0.57,12,0.3157894736842103,0.8412120063372186,0,15,956,2,3059,str('H'),3,str('stdev'),0.376,86
4,0.66,4,0.7894736842105267,0.96993817790452,0,2,1836,3,2682,str('KL'),3,str('stdev'),0.999,85
5,0.65,8,0.7368421052631582,0.8907517615984447,0,7,4457,3,5000,str('KL'),1,str('stdev'),0.526,58
6,0.65,34,0.7368421052631582,0.7077858352974099,0,28,393,3,2488,str('KL'),1,str('tstat'),0.646,92
7,0.57,17,0.3157894736842103,0.7973712130445876,0,23,1337,7,4481,str('H'),2,str('tstat'),0.37,54
8,0.57,13,0.3157894736842103,0.8312282059467472,0,17,4354,0,167,str('KL'),3,str('stdev'),0.872,3
9,0.64,14,0.6842105263157897,0.8219335101498851,0,14,3862,5,4732,str('KL'),2,str('stdev'),0.233,48
10,0.57,13,0.3157894736842103,0.8312282059467472,0,17,1858,2,619,str('H'),3,str('tstat'),0.727,96
11,0.57,14,0.3157894736842103,0.8219335101498851,0,18,299,6,2609,str('KL'),2,str('tstat'),0.257,59
12,0.57,20,0.3157894736842103,0.7766040867459696,0,26,1304,6,3519,str('KL'),2,str('stdev'),0.001,28
13,0.57,21,0.3157894736842103,0.7703369263209483,0,27,4868,6,4463,str('KL'),3,str('tstat'),0.999,5
14,0.57,21,0.3157894736842103,0.7703369263209483,0,27,1598,6,4900,str('H'),2,str('tstat'),0.999,3
15,0.57,19,0.3157894736842103,0.7831770807968056,0,25,4794,6,150,str('KL'),3,str('tstat'),0.999,76
16,0.62,12,0.5789473684210528,0.8412120063372186,0,13,261,3,4373,str('H'),1,str('stdev'),0.999,61
17,0.66,15,0.7894736842105267,0.8132389028922857,0,13,2419,3,4930,str('KL'),1,str('stdev'),0.497,78
18,0.57,19,0.3157894736842103,0.7831770807968056,0,25,855,7,1999,str('H'),2,str('stdev'),0.519,66
19,0.57,14,0.3157894736842103,0.8219335101498851,0,18,3461,0,2729,str('KL'),3,str('tstat'),0.021,18
20,0.57,14,0.3157894736842103,0.8219335101498851,0,18,3077,6,3776,str('KL'),3,str('tstat'),0.667,62
21,0.57,15,0.3157894736842103,0.8132389028922857,0,20,139,1,874,str('H'),1,str('stdev'),0.169,7
22,0.57,12,0.3157894736842103,0.8412120063372186,0,15,2927,1,2041,str('H'),1,str('stdev'),0.751,10
23,0.57,37,0.3157894736842103,0.6967067471314727,0,43,3622,7,676,str('H'),1,str('stdev'),0.436,69
24,0.57,14,0.3157894736842103,0.8219335101498851,0,18,702,0,4052,str('KL'),2,str('tstat'),0.931,14
25,0.57,13,0.3157894736842103,0.8312282059467472,0,17,2257,4,1666,str('H'),3,str('tstat'),0.085,27
26,0.66,20,0.7894736842105267,0.7766040867459696,0,16,4553,3,3607,str('KL'),1,str('stdev'),0.58,82
27,0.57,15,0.3157894736842103,0.8132389028922857,0,20,4400,4,342,str('H'),3,str('tstat'),0.995,30
28,0.62,7,0.5789473684210528,0.9066194514461429,0,9,2879,3,1403,str('KL'),1,str('tstat'),0.001,42
29,0.58,4,0.3684210526315788,0.96993817790452,0,10,343,3,233,str('H'),3,str('stdev'),0.999,22
30,0.68,9,0.8947368421052636,0.8765576293506627,0,5,5000,3,2749,str('KL'),1,str('stdev'),0.9,1
31,0.57,15,0.3157894736842103,0.8132389028922857,0,20,1488,0,1490,str('KL'),2,str('stdev'),0.205,6
32,0.57,16,0.3157894736842103,0.80507157479825,0,22,4231,4,4848,str('KL'),2,str('tstat'),0.717,1
33,0.57,19,0.3157894736842103,0.7831770807968056,0,25,439,2,5000,str('H'),2,str('tstat'),0.795,100
34,0.57,35,0.3157894736842103,0.7039906644907304,0,41,2514,6,5000,str('H'),2,str('tstat'),0.823,100
35,0.59,4,0.4210526315789473,0.96993817790452,0,9,3064,3,2554,str('KL'),2,str('tstat'),0.001,30
36,0.67,5,0.8421052631578951,0.9453758807992224,0,2,210,3,4784,str('H'),2,str('tstat'),0.748,1
37,0.62,6,0.5789473684210528,0.9246087545006043,0,8,1887,3,2519,str('KL'),2,str('tstat'),0.561,53
38,0.66,4,0.7894736842105267,0.96993817790452,0,2,987,3,2496,str('KL'),3,str('tstat'),0.331,1
39,0.57,35,0.3157894736842103,0.7039906644907304,0,41,761,4,3674,str('H'),2,str('tstat'),0.69,100
40,0.57,60,0.3157894736842103,0.6329455911972497,0,62,605,2,1,str('KL'),2,str('tstat'),0.001,1
41,0.57,17,0.3157894736842103,0.7973712130445876,0,23,402,4,4916,str('KL'),2,str('tstat'),0.001,1
42,0.64,14,0.6842105263157897,0.8219335101498851,0,14,1560,5,4851,str('KL'),3,str('tstat'),0.276,1
43,0.57,31,0.3157894736842103,0.7198583543384285,0,37,4625,4,5000,str('H'),2,str('tstat'),0.841,100
44,0.57,18,0.3157894736842103,0.7900872956853299,0,24,1372,2,4808,str('H'),2,str('tstat'),0.733,1
45,0.61,6,0.5263157894736843,0.9246087545006043,0,9,4914,3,4994,str('H'),2,str('tstat'),0.883,51
46,0.66,5,0.7894736842105267,0.9453758807992224,0,3,496,3,4679,str('KL'),2,str('tstat'),0.711,1
47,0.57,15,0.3157894736842103,0.8132389028922857,0,20,1448,4,4840,str('H'),2,str('stdev'),0.502,50
48,0.65,9,0.7368421052631582,0.8765576293506627,0,8,2727,3,3698,str('KL'),2,str('tstat'),0.632,66
49,0.61,22,0.5263157894736843,0.7643484002337513,0,23,1849,3,3793,str('KL'),2,str('tstat'),0.001,100
50,0.57,18,0.3157894736842103,0.7900872956853299,0,24,4456,4,4812,str('H'),2,str('tstat'),0.825,1
51,0.64,26,0.6842105263157897,0.7427470938438099,0,23,677,5,4741,str('H'),2,str('tstat'),0.719,98
52,0.63,5,0.6315789473684212,0.9453758807992224,0,6,1097,3,4854,str('H'),2,str('tstat'),0.996,1
53,0.65,6,0.7368421052631582,0.9246087545006043,0,5,701,3,4825,str('KL'),1,str('tstat'),0.307,47
54,0.57,15,0.3157894736842103,0.8132389028922857,0,20,909,2,3758,str('H'),2,str('tstat'),0.708,75
55,0.57,14,0.3157894736842103,0.8219335101498851,0,18,4566,4,3791,str('KL'),2,str('tstat'),0.672,35
56,0.64,17,0.6842105263157897,0.7973712130445876,0,17,3166,3,3765,str('H'),2,str('tstat'),0.684,82
57,0.63,27,0.6315789473684212,0.73784765739289,0,24,3722,3,3852,str('KL'),2,str('stdev'),0.439,100
58,0.66,4,0.7894736842105267,0.96993817790452,0,2,1,3,2865,str('KL'),2,str('stdev'),0.999,1
59,0.68,7,0.8947368421052636,0.9066194514461429,0,3,3989,3,3969,str('KL'),1,str('tstat'),0.999,1
60,0.67,4,0.8421052631578951,0.96993817790452,1,1,1214,3,1872,str('H'),2,str('stdev'),0.001,1
61,0.66,47,0.7894736842105267,0.6652342351376508,0,34,1,3,1,str('KL'),3,str('tstat'),0.001,1
62,0.69,6,0.9473684210526315,0.9246087545006043,1,1,467,3,1013,str('H'),1,str('tstat'),0.999,1
63,0.67,4,0.8421052631578951,0.96993817790452,1,1,1,3,1117,str('KL'),2,str('tstat'),0.001,1
64,0.59,39,0.4210526315789473,0.6897965322429485,0,33,2799,5,1890,str('H'),2,str('stdev'),0.001,100
65,0.58,17,0.3684210526315788,0.7973712130445876,0,22,1,5,1975,str('KL'),2,str('stdev'),0.001,1
66,0.65,6,0.7368421052631582,0.9246087545006043,0,5,742,3,4278,str('H'),1,str('tstat'),0.999,1
67,0.67,130,0.8421052631578951,0.5299761990128307,0,21,4699,3,849,str('KL'),1,str('tstat'),0.999,100
68,0.64,13,0.6842105263157897,0.8312282059467472,0,13,5000,5,5000,str('H'),3,str('tstat'),0.999,1
69,0.65,50,0.7368421052631582,0.6570669070436153,0,37,203,3,2358,str('H'),1,str('stdev'),0.001,100
70,0.57,53,0.3157894736842103,0.6493665452899527,0,56,3882,1,1887,str('KL'),2,str('stdev'),0.001,100
71,0.69,6,0.9473684210526315,0.9246087545006043,1,1,2630,3,2089,str('H'),1,str('tstat'),0.001,1
72,0.57,66,0.3157894736842103,0.6203063609261443,0,64,2561,5,236,str('H'),1,str('tstat'),0.999,66
73,0.59,19,0.4210526315789473,0.7831770807968056,0,22,833,5,3257,str('H'),1,str('tstat'),0.001,1
74,0.69,7,0.9473684210526315,0.9066194514461429,0,2,2063,3,1300,str('KL'),1,str('stdev'),0.999,1
75,0.69,6,0.9473684210526315,0.9246087545006043,1,1,1,3,641,str('KL'),1,str('tstat'),0.999,1
76,0.57,15,0.3157894736842103,0.8132389028922857,0,20,341,7,1145,str('KL'),2,str('tstat'),0.001,1
77,0.6,44,0.47368421052631576,0.6739288423952503,0,35,1408,3,2574,str('KL'),1,str('stdev'),0.999,100
78,0.67,6,0.8421052631578951,0.9246087545006043,0,3,1,3,1057,str('H'),2,str('tstat'),0.001,1
79,0.57,14,0.3157894736842103,0.8219335101498851,0,18,3988,5,4177,str('H'),3,str('tstat'),0.001,1
80,0.63,37,0.6315789473684212,0.6967067471314727,0,31,1,3,3938,str('H'),1,str('tstat'),0.001,100
81,0.57,12,0.3157894736842103,0.8412120063372186,0,15,3609,1,5000,str('KL'),3,str('tstat'),0.999,100
82,0.63,4,0.6315789473684212,0.96993817790452,0,5,152,3,2674,str('KL'),2,str('stdev'),0.51,1
83,0.66,4,0.7894736842105267,0.96993817790452,0,2,79,3,2733,str('H'),2,str('stdev'),0.537,1
84,0.69,6,0.9473684210526315,0.9246087545006043,1,1,1979,3,799,str('H'),1,str('tstat'),0.525,1
85,0.69,6,0.9473684210526315,0.9246087545006043,1,1,854,3,1496,str('KL'),1,str('stdev'),0.411,1
86,0.66,4,0.7894736842105267,0.96993817790452,0,2,1991,3,2350,str('KL'),2,str('stdev'),0.379,1
87,0.66,5,0.7894736842105267,0.9453758807992224,0,3,1365,3,4022,str('KL'),2,str('stdev'),0.999,1
88,0.64,24,0.6842105263157897,0.7531152587013256,0,22,5000,5,5000,str('KL'),2,str('stdev'),0.999,100
89,0.66,5,0.7894736842105267,0.9453758807992224,0,3,4307,3,2914,str('KL'),2,str('stdev'),0.599,1
90,0.66,4,0.7894736842105267,0.96993817790452,0,2,5000,3,2839,str('H'),2,str('stdev'),0.588,1
91,0.65,5,0.7368421052631582,0.9453758807992224,0,4,5000,3,5000,str('KL'),2,str('stdev'),0.999,1
92,0.67,6,0.8421052631578951,0.9246087545006043,0,3,1,3,2550,str('KL'),1,str('tstat'),0.999,1
93,0.68,6,0.8947368421052636,0.9246087545006043,0,2,360,3,1348,str('KL'),1,str('tstat'),0.43,1
94,0.7,7,1.0,0.9066194514461429,1,1,481,3,116,str('KL'),1,str('stdev'),0.297,1
95,0.69,7,0.9473684210526315,0.9066194514461429,0,2,4213,3,415,str('H'),1,str('tstat'),0.44,1
96,0.66,45,0.7894736842105267,0.6709678516798943,0,33,3697,3,1,str('KL'),2,str('stdev'),0.001,1
97,0.68,7,0.8947368421052636,0.9066194514461429,0,3,4951,3,1351,str('KL'),1,str('stdev'),0.001,1
98,0.68,7,0.8947368421052636,0.9066194514461429,0,3,1766,3,99,str('KL'),1,str('stdev'),0.001,16
99,0.66,439,0.7894736842105267,0.3667529100100396,0,45,3504,3,1,str('KL'),2,str('stdev'),0.001,26
100,0.66,103,0.7894736842105267,0.5610703606756471,0,41,3714,3,1,str('H'),2,str('stdev'),0.001,14
101,0.66,249,0.7894736842105267,0.442911790944274,0,44,4720,3,1,str('KL'),2,str('stdev'),0.999,21
102,0.66,6694,0.7894736842105267,0.0,0,51,4912,3,1,str('KL'),2,str('stdev'),0.001,57
103,0.6,4,0.47368421052631576,0.96993817790452,0,8,4998,3,586,str('KL'),2,str('tstat'),0.001,16
104,0.66,95,0.7894736842105267,0.5718536865837938,0,40,266,3,1,str('KL'),2,str('stdev'),0.999,11
105,0.64,5,0.6842105263157897,0.9453758807992224,0,5,2269,3,1234,str('H'),1,str('stdev'),0.001,24
106,0.66,534,0.7894736842105267,0.3404162926566625,0,46,3533,3,1,str('H'),2,str('stdev'),0.001,29
107,0.66,209,0.7894736842105267,0.46640061898891805,0,43,1,3,1,str('KL'),2,str('stdev'),0.001,19
108,0.67,7,0.8421052631578951,0.9066194514461429,0,4,1,3,19,str('KL'),3,str('stdev'),0.001,37
109,0.67,5,0.8421052631578951,0.9453758807992224,0,2,1383,3,2925,str('KL'),1,str('tstat'),0.999,5
110,0.62,4,0.5789473684210528,0.96993817790452,0,6,3445,3,1941,str('KL'),1,str('stdev'),0.001,6
111,0.64,16,0.6842105263157897,0.80507157479825,0,16,61,3,1650,str('KL'),2,str('stdev'),0.999,77
112,0.62,21,0.5789473684210528,0.7703369263209483,0,22,2316,3,1256,str('H'),2,str('stdev'),0.999,78
113,0.64,14,0.6842105263157897,0.8219335101498851,0,14,1962,3,1429,str('H'),1,str('stdev'),0.999,62
114,0.64,24,0.6842105263157897,0.7531152587013256,0,22,619,3,1874,str('H'),2,str('stdev'),0.999,77
115,0.67,18,0.8421052631578951,0.7900872956853299,0,11,1284,3,2133,str('KL'),2,str('stdev'),0.999,75
116,0.65,13,0.7368421052631582,0.8312282059467472,0,12,775,3,837,str('H'),1,str('stdev'),0.999,52
117,0.67,16,0.8421052631578951,0.80507157479825,0,10,243,3,2634,str('KL'),1,str('tstat'),0.999,68
118,0.65,19,0.7368421052631582,0.7831770807968056,0,18,711,3,1156,str('KL'),2,str('stdev'),0.999,78
119,0.66,32,0.7894736842105267,0.7157128071201706,0,25,299,3,1584,str('H'),1,str('stdev'),0.999,81
120,0.63,69,0.6315789473684212,0.6144052867435528,0,41,1,3,842,str('H'),1,str('stdev'),0.999,85
121,0.67,6,0.8421052631578951,0.9246087545006043,0,3,4577,3,1589,str('H'),1,str('stdev'),0.999,46
122,0.65,15,0.7368421052631582,0.8132389028922857,0,14,992,3,1912,str('KL'),2,str('stdev'),0.999,76
123,0.65,18,0.7368421052631582,0.7900872956853299,0,17,835,3,1446,str('H'),2,str('tstat'),0.001,77
124,0.66,13,0.7894736842105267,0.8312282059467472,0,11,2207,3,1188,str('KL'),1,str('stdev'),0.999,60
125,0.64,117,0.6842105263157897,0.5440561136579134,0,44,2722,3,329,str('H'),2,str('tstat'),0.999,82
126,0.65,23,0.7368421052631582,0.758614783691508,0,20,2181,3,5000,str('KL'),1,str('stdev'),0.001,90
127,0.65,139,0.7368421052631582,0.5210247381896957,0,43,2118,3,312,str('KL'),1,str('stdev'),0.001,85
128,0.61,12,0.5263157894736843,0.8412120063372186,0,14,1,3,673,str('KL'),1,str('stdev'),0.999,55
129,0.66,13,0.7894736842105267,0.8312282059467472,0,11,1279,3,3373,str('KL'),1,str('stdev'),0.999,70
130,0.64,20,0.6842105263157897,0.7766040867459696,0,20,537,3,2158,str('H'),2,str('stdev'),0.001,75
131,0.66,5,0.7894736842105267,0.9453758807992224,0,3,336,3,2397,str('KL'),1,str('stdev'),0.555,23
132,0.65,4,0.7368421052631582,0.96993817790452,0,3,919,3,5000,str('KL'),1,str('stdev'),0.999,9
133,0.64,4,0.6842105263157897,0.96993817790452,0,4,884,3,951,str('KL'),1,str('tstat'),0.999,17
134,0.63,5,0.6315789473684212,0.9453758807992224,0,6,1750,3,3410,str('KL'),1,str('stdev'),0.999,29
135,0.67,4,0.8421052631578951,0.96993817790452,1,1,3567,3,4052,str('KL'),1,str('tstat'),0.999,10
136,0.58,4,0.3684210526315788,0.96993817790452,0,10,3865,3,1591,str('KL'),2,str('stdev'),0.999,17
137,0.63,5,0.6315789473684212,0.9453758807992224,0,6,1256,3,598,str('KL'),1,str('stdev'),0.999,29
138,0.63,4,0.6315789473684212,0.96993817790452,0,5,455,3,1881,str('KL'),2,str('stdev'),0.001,17
139,0.67,4,0.8421052631578951,0.96993817790452,1,1,977,3,2288,str('KL'),1,str('stdev'),0.001,19
140,0.66,5,0.7894736842105267,0.9453758807992224,0,3,913,3,789,str('KL'),1,str('stdev'),0.001,15
141,0.61,4,0.5263157894736843,0.96993817790452,0,7,4607,3,4612,str('KL'),1,str('tstat'),0.001,10
142,0.67,6,0.8421052631578951,0.9246087545006043,0,3,3901,3,1267,str('KL'),1,str('tstat'),0.999,31
143,0.58,5,0.3684210526315788,0.9453758807992224,0,11,4849,3,2677,str('KL'),1,str('tstat'),0.999,25
144,0.66,4,0.7894736842105267,0.96993817790452,0,2,1,3,1479,str('H'),2,str('stdev'),0.999,20
145,0.66,4,0.7894736842105267,0.96993817790452,0,2,4673,3,2247,str('KL'),1,str('stdev'),0.001,20
146,0.63,5,0.6315789473684212,0.9453758807992224,0,6,438,3,425,str('KL'),1,str('tstat'),0.999,22
147,0.67,6,0.8421052631578951,0.9246087545006043,0,3,1,3,3423,str('KL'),1,str('tstat'),0.001,60
148,0.66,4,0.7894736842105267,0.96993817790452,0,2,1,3,2096,str('H'),2,str('stdev'),0.999,17
149,0.64,4,0.6842105263157897,0.96993817790452,0,4,1,3,1113,str('KL'),3,str('stdev'),0.999,12
150,0.66,6,0.7894736842105267,0.9246087545006043,0,4,559,3,3894,str('KL'),1,str('stdev'),0.001,34
151,0.63,5,0.6315789473684212,0.9453758807992224,0,6,714,3,2053,str('KL'),2,str('tstat'),0.999,14
152,0.62,4,0.5789473684210528,0.96993817790452,0,6,1825,3,5000,str('H'),2,str('tstat'),0.001,33
153,0.65,42,0.7368421052631582,0.6800535177151712,0,33,2699,3,5000,str('H'),1,str('stdev'),0.001,100
154,0.62,8,0.5789473684210528,0.8907517615984447,0,10,4446,3,5000,str('KL'),2,str('stdev'),0.001,70
155,0.66,25,0.7894736842105267,0.7478314577833614,0,21,3833,3,4012,str('KL'),1,str('stdev'),0.999,91
156,0.62,4,0.5789473684210528,0.96993817790452,0,6,4162,3,5000,str('H'),2,str('stdev'),0.001,28
157,0.63,3,0.6315789473684212,1.0,0,3,696,3,2347,str('H'),3,str('stdev'),0.001,48
158,0.67,8,0.8421052631578951,0.8907517615984447,0,5,32,3,4263,str('H'),1,str('stdev'),0.001,56
159,0.62,4,0.5789473684210528,0.96993817790452,0,6,1693,3,5000,str('KL'),2,str('stdev'),0.999,34
160,0.65,18,0.7368421052631582,0.7900872956853299,0,17,4687,3,4421,str('H'),1,str('tstat'),0.001,85
161,0.62,4,0.5789473684210528,0.96993817790452,0,6,363,3,5000,str('H'),3,str('stdev'),0.999,24
162,0.62,4,0.5789473684210528,0.96993817790452,0,6,1369,3,5000,str('H'),3,str('stdev'),0.001,56
163,0.62,4,0.5789473684210528,0.96993817790452,0,6,1,3,5000,str('KL'),3,str('tstat'),0.999,63
164,0.62,4,0.5789473684210528,0.96993817790452,0,6,1,3,5000,str('KL'),2,str('tstat'),0.001,21
165,0.64,6,0.6842105263157897,0.9246087545006043,0,6,1,3,4767,str('KL'),2,str('tstat'),0.001,67
166,0.64,5,0.6842105263157897,0.9453758807992224,0,5,4214,3,1930,str('KL'),2,str('tstat'),0.999,39
167,0.64,3,0.6842105263157897,1.0,0,2,4176,3,3566,str('KL'),3,str('stdev'),0.999,31
168,0.66,12,0.7894736842105267,0.8412120063372186,0,10,4734,3,4532,str('KL'),1,str('tstat'),0.999,69
169,0.67,29,0.8421052631578951,0.7285529615960279,0,14,1199,3,3712,str('KL'),1,str('tstat'),0.001,93
170,0.62,11,0.5789473684210528,0.8519953322453652,0,12,5000,3,5000,str('H'),2,str('tstat'),0.999,73
171,0.62,3,0.5789473684210528,1.0,0,4,1965,3,5000,str('H'),3,str('tstat'),0.999,34
172,0.67,10,0.8421052631578951,0.8637174748748055,0,7,3693,3,2390,str('KL'),1,str('stdev'),0.001,57
173,0.62,3,0.5789473684210528,1.0,0,4,3651,3,5000,str('KL'),3,str('tstat'),0.001,15
174,0.62,10,0.5789473684210528,0.8637174748748055,0,11,3990,3,5000,str('KL'),2,str('stdev'),0.999,79
175,0.66,40,0.7894736842105267,0.6864699520106605,0,30,5000,3,1,str('H'),3,str('stdev'),0.999,75
176,0.6,4,0.47368421052631576,0.96993817790452,0,8,4225,3,3997,str('H'),3,str('stdev'),0.999,26
177,0.61,3,0.5263157894736843,1.0,0,5,1,3,3396,str('KL'),3,str('tstat'),0.999,49
178,0.65,67,0.7368421052631582,0.6183104776905357,0,40,1686,3,691,str('KL'),2,str('stdev'),0.001,85
179,0.67,4,0.8421052631578951,0.96993817790452,1,1,5000,3,3112,str('KL'),1,str('stdev'),0.001,16
180,0.64,6,0.6842105263157897,0.9246087545006043,0,6,475,3,2499,str('KL'),1,str('stdev'),0.999,45
181,0.65,13,0.7368421052631582,0.8312282059467472,0,12,1,3,5000,str('H'),1,str('tstat'),0.001,67
182,0.67,10,0.8421052631578951,0.8637174748748055,0,7,189,3,4222,str('KL'),1,str('stdev'),0.999,77
183,0.67,56,0.8421052631578951,0.642082627930695,0,19,4982,3,1513,str('H'),1,str('stdev'),0.999,93
184,0.65,7,0.7368421052631582,0.9066194514461429,0,6,4953,3,4338,str('H'),1,str('stdev'),0.001,46
185,0.63,4,0.6315789473684212,0.96993817790452,0,5,47,3,5000,str('H'),2,str('stdev'),0.999,9
186,0.66,23,0.7894736842105267,0.758614783691508,0,19,4922,3,2621,str('H'),1,str('tstat'),0.001,80
187,0.65,7,0.7368421052631582,0.9066194514461429,0,6,262,3,1916,str('KL'),1,str('tstat'),0.001,50
188,0.63,95,0.6315789473684212,0.5718536865837938,0,44,188,3,397,str('H'),2,str('stdev'),0.999,89
189,0.63,13,0.6315789473684212,0.8312282059467472,0,14,2679,3,2332,str('H'),2,str('stdev'),0.001,68
190,0.66,36,0.7894736842105267,0.7002994841595456,0,27,103,3,1499,str('KL'),1,str('tstat'),0.001,94
191,0.65,244,0.7368421052631582,0.44563349269029984,0,47,2961,3,137,str('KL'),1,str('stdev'),0.001,75
192,0.54,21,0.15789473684210545,0.7703369263209483,0,29,2124,3,3024,str('KL'),2,str('tstat'),0.999,93
193,0.65,23,0.7368421052631582,0.758614783691508,0,20,664,3,863,str('KL'),1,str('tstat'),0.001,76
194,0.64,11,0.6842105263157897,0.8519953322453652,0,11,5000,3,3874,str('H'),1,str('stdev'),0.999,64
195,0.64,53,0.6842105263157897,0.6493665452899527,0,39,451,3,703,str('H'),2,str('stdev'),0.999,85
196,0.64,4,0.6842105263157897,0.96993817790452,0,4,3416,3,2182,str('H'),3,str('stdev'),0.999,61
197,0.6,4,0.47368421052631576,0.96993817790452,0,8,4502,3,2287,str('H'),3,str('tstat'),0.001,38
198,0.62,4,0.5789473684210528,0.96993817790452,0,6,1431,3,5000,str('KL'),3,str('stdev'),0.001,90
199,0.62,4,0.5789473684210528,0.96993817790452,0,6,2721,3,968,str('KL'),3,str('stdev'),0.001,1
200,0.59,3,0.4210526315789473,1.0,0,7,1033,3,1277,str('KL'),3,str('tstat'),0.001,57
201,0.64,4,0.6842105263157897,0.96993817790452,0,4,4837,3,1163,str('H'),3,str('stdev'),0.001,83
202,0.61,3,0.5263157894736843,1.0,0,5,1764,3,4097,str('H'),3,str('tstat'),0.001,73
203,0.65,4,0.7368421052631582,0.96993817790452,0,3,3236,3,4467,str('KL'),3,str('tstat'),0.999,93
204,0.64,4,0.6842105263157897,0.96993817790452,0,4,4673,3,2665,str('H'),3,str('tstat'),0.999,68
205,0.64,4,0.6842105263157897,0.96993817790452,0,4,204,3,1136,str('H'),3,str('stdev'),0.001,49
206,0.6,3,0.47368421052631576,1.0,0,6,3881,3,4226,str('KL'),3,str('stdev'),0.001,100
207,0.65,5,0.7368421052631582,0.9453758807992224,0,4,2666,3,957,str('KL'),3,str('tstat'),0.999,1
208,0.66,4,0.7894736842105267,0.96993817790452,0,2,5000,3,2395,str('KL'),3,str('stdev'),0.001,63
209,0.62,4,0.5789473684210528,0.96993817790452,0,6,2831,3,5000,str('H'),3,str('stdev'),0.001,86
210,0.65,4,0.7368421052631582,0.96993817790452,0,3,822,3,2633,str('KL'),3,str('tstat'),0.999,58
211,0.63,4,0.6315789473684212,0.96993817790452,0,5,1674,3,1616,str('KL'),3,str('stdev'),0.999,38
212,0.62,3,0.5789473684210528,1.0,0,4,5000,3,959,str('H'),3,str('tstat'),0.001,1
213,0.63,4,0.6315789473684212,0.96993817790452,0,5,376,3,1538,str('H'),3,str('stdev'),0.001,59
214,0.64,4,0.6842105263157897,0.96993817790452,0,4,4269,3,3670,str('KL'),3,str('stdev'),0.999,10
215,0.65,4,0.7368421052631582,0.96993817790452,0,3,142,3,999,str('H'),3,str('stdev'),0.999,1
216,0.64,4,0.6842105263157897,0.96993817790452,0,4,660,3,1892,str('KL'),3,str('tstat'),0.999,37
217,0.65,4,0.7368421052631582,0.96993817790452,0,3,1161,3,1326,str('KL'),3,str('stdev'),0.999,87
218,0.64,4,0.6842105263157897,0.96993817790452,0,4,906,3,953,str('KL'),3,str('tstat'),0.999,20
219,0.62,4,0.5789473684210528,0.96993817790452,0,6,1,3,5000,str('KL'),3,str('stdev'),0.999,75
220,0.64,3,0.6842105263157897,1.0,0,2,4552,3,3699,str('H'),3,str('tstat'),0.001,11
221,0.66,25,0.7894736842105267,0.7478314577833614,0,21,283,3,1436,str('KL'),1,str('stdev'),0.001,73
222,0.65,5,0.7368421052631582,0.9453758807992224,0,4,2468,3,3098,str('H'),1,str('stdev'),0.999,37
223,0.55,3,0.21052631578947392,1.0,0,9,179,3,3132,str('KL'),2,str('stdev'),0.999,9
224,0.65,17,0.7368421052631582,0.7973712130445876,0,16,4491,3,1576,str('KL'),1,str('tstat'),0.001,73
225,0.66,39,0.7894736842105267,0.6897965322429485,0,29,3318,3,1878,str('KL'),2,str('stdev'),0.001,94
226,0.67,23,0.8421052631578951,0.758614783691508,0,13,510,3,2836,str('H'),2,str('stdev'),0.001,85
227,0.54,4,0.15789473684210545,0.96993817790452,0,13,4694,3,4373,str('H'),2,str('tstat'),0.001,27
228,0.65,25,0.7368421052631582,0.7478314577833614,0,22,3388,3,1468,str('H'),1,str('stdev'),0.999,72
229,0.66,18,0.7894736842105267,0.7900872956853299,0,15,4326,3,2449,str('KL'),2,str('tstat'),0.001,89
230,0.67,23,0.8421052631578951,0.758614783691508,0,13,2858,3,1329,str('KL'),1,str('tstat'),0.999,71
231,0.58,3,0.3684210526315788,1.0,0,8,206,3,3138,str('H'),2,str('tstat'),0.001,9
232,0.64,5,0.6842105263157897,0.9453758807992224,0,5,2377,3,4379,str('H'),2,str('stdev'),0.999,27
233,0.65,46,0.7368421052631582,0.668070543146917,0,35,349,3,1453,str('H'),2,str('stdev'),0.001,95
234,0.57,4,0.3157894736842103,0.96993817790452,0,11,4738,3,3073,str('H'),2,str('stdev'),0.001,9
235,0.67,40,0.8421052631578951,0.6864699520106605,0,17,4077,3,1978,str('H'),2,str('stdev'),0.001,94
236,0.62,15,0.5789473684210528,0.8132389028922857,0,17,3397,3,5000,str('KL'),2,str('stdev'),0.999,91
237,0.66,5,0.7894736842105267,0.9453758807992224,0,3,3645,3,2227,str('H'),2,str('stdev'),0.999,37
238,0.65,4,0.7368421052631582,0.96993817790452,0,3,3671,3,949,str('KL'),3,str('tstat'),0.001,100
239,0.66,4,0.7894736842105267,0.96993817790452,0,2,2254,3,910,str('H'),2,str('tstat'),0.999,14
240,0.63,4,0.6315789473684212,0.96993817790452,0,5,3735,3,2322,str('KL'),3,str('stdev'),0.999,9
241,0.66,4,0.7894736842105267,0.96993817790452,0,2,3813,3,2886,str('KL'),3,str('tstat'),0.001,26
242,0.61,4,0.5263157894736843,0.96993817790452,0,7,2574,3,1751,str('KL'),2,str('tstat'),0.001,32
243,0.63,4,0.6315789473684212,0.96993817790452,0,5,2003,3,2844,str('KL'),3,str('stdev'),0.999,26
244,0.51,7,0.0,0.9066194514461429,0,15,203,3,4209,str('KL'),2,str('stdev'),0.001,64
245,0.63,4,0.6315789473684212,0.96993817790452,0,5,1,3,1064,str('KL'),3,str('stdev'),0.001,100
246,0.65,4,0.7368421052631582,0.96993817790452,0,3,1842,3,4284,str('KL'),3,str('stdev'),0.001,53
247,0.64,22,0.6842105263157897,0.7643484002337513,0,21,1850,3,629,str('H'),1,str('stdev'),0.999,60
248,0.65,5,0.7368421052631582,0.9453758807992224,0,4,3950,3,5000,str('H'),1,str('tstat'),0.999,15
249,0.64,5,0.6842105263157897,0.9453758807992224,0,5,2970,3,4604,str('KL'),1,str('tstat'),0.999,5
250,0.67,23,0.8421052631578951,0.758614783691508,0,13,730,3,4474,str('KL'),1,str('tstat'),0.001,95
251,0.61,13,0.5263157894736843,0.8312282059467472,0,15,2021,3,2741,str('H'),1,str('tstat'),0.999,63
252,0.61,5,0.5263157894736843,0.9453758807992224,0,8,1644,3,3584,str('KL'),2,str('tstat'),0.001,49
253,0.64,5,0.6842105263157897,0.9453758807992224,0,5,879,3,4660,str('KL'),1,str('stdev'),0.999,39
254,0.66,5,0.7894736842105267,0.9453758807992224,0,3,5000,3,4530,str('KL'),1,str('stdev'),0.999,29
255,0.67,6,0.8421052631578951,0.9246087545006043,0,3,4081,3,4513,str('H'),1,str('tstat'),0.001,39
256,0.64,4,0.6842105263157897,0.96993817790452,0,4,4187,3,710,str('KL'),1,str('stdev'),0.999,23
257,0.61,5,0.5263157894736843,0.9453758807992224,0,8,261,3,3176,str('H'),1,str('stdev'),0.001,21
258,0.64,5,0.6842105263157897,0.9453758807992224,0,5,4542,3,3522,str('H'),2,str('tstat'),0.999,50
259,0.66,4,0.7894736842105267,0.96993817790452,0,2,3327,3,4254,str('KL'),2,str('stdev'),0.999,6
260,0.66,5,0.7894736842105267,0.9453758807992224,0,3,1,3,3189,str('H'),1,str('tstat'),0.999,21
261,0.66,5,0.7894736842105267,0.9453758807992224,0,3,733,3,893,str('H'),1,str('stdev'),0.001,28
262,0.66,5,0.7894736842105267,0.9453758807992224,0,3,34,3,4422,str('H'),1,str('stdev'),0.999,28
263,0.67,11,0.8421052631578951,0.8519953322453652,0,8,601,3,1510,str('H'),1,str('stdev'),0.001,54
264,0.66,4,0.7894736842105267,0.96993817790452,0,2,4809,3,2387,str('KL'),2,str('tstat'),0.001,21
265,0.64,4,0.6842105263157897,0.96993817790452,0,4,96,3,477,str('H'),3,str('tstat'),0.001,69
266,0.62,3,0.5789473684210528,1.0,0,4,3313,3,5000,str('KL'),3,str('tstat'),0.999,45
267,0.66,4,0.7894736842105267,0.96993817790452,0,2,3001,3,1922,str('KL'),3,str('stdev'),0.999,76
268,0.65,10,0.7368421052631582,0.8637174748748055,0,9,5000,3,1487,str('KL'),1,str('tstat'),0.999,55
269,0.62,4,0.5789473684210528,0.96993817790452,0,6,4999,3,5000,str('H'),3,str('tstat'),0.001,7
270,0.67,4,0.8421052631578951,0.96993817790452,1,1,1434,3,2658,str('KL'),1,str('tstat'),0.999,13
271,0.62,3,0.5789473684210528,1.0,0,4,1119,3,5000,str('KL'),3,str('stdev'),0.999,7
272,0.65,14,0.7368421052631582,0.8219335101498851,0,13,1720,3,4513,str('KL'),2,str('stdev'),0.999,88
273,0.64,5,0.6842105263157897,0.9453758807992224,0,5,302,3,2532,str('KL'),2,str('tstat'),0.999,45
274,0.65,697,0.7368421052631582,0.30458728321031436,0,49,903,3,112,str('KL'),1,str('stdev'),0.001,94
275,0.65,4,0.7368421052631582,0.96993817790452,0,3,2214,3,2465,str('H'),2,str('tstat'),0.999,6
276,0.66,4,0.7894736842105267,0.96993817790452,0,2,90,3,2815,str('KL'),2,str('stdev'),0.999,6
277,0.65,4,0.7368421052631582,0.96993817790452,0,3,4880,3,1432,str('KL'),1,str('tstat'),0.001,13
278,0.66,21,0.7894736842105267,0.7703369263209483,0,17,4649,3,100,str('H'),1,str('tstat'),0.999,34
279,0.63,207,0.6315789473684212,0.46768981212178995,0,47,2117,3,347,str('H'),2,str('stdev'),0.001,100
280,0.65,6,0.7368421052631582,0.9246087545006043,0,5,519,3,5000,str('H'),1,str('stdev'),0.001,43
281,0.64,4,0.6842105263157897,0.96993817790452,0,4,4988,3,2514,str('KL'),2,str('tstat'),0.001,5
282,0.66,81,0.7894736842105267,0.5930894034568034,0,39,2424,3,1493,str('KL'),1,str('tstat'),0.999,100
283,0.66,80,0.7894736842105267,0.5947424260891752,0,38,4554,3,1481,str('H'),1,str('stdev'),0.001,100
284,0.63,4,0.6315789473684212,0.96993817790452,0,5,1422,3,4373,str('KL'),3,str('tstat'),0.999,16
285,0.62,4,0.5789473684210528,0.96993817790452,0,6,308,3,2245,str('H'),3,str('stdev'),0.001,94
286,0.62,4,0.5789473684210528,0.96993817790452,0,6,4872,3,1195,str('H'),3,str('tstat'),0.999,5
287,0.65,3,0.7368421052631582,1.0,1,1,4617,3,1825,str('H'),3,str('tstat'),0.001,17
288,0.64,4,0.6842105263157897,0.96993817790452,0,4,2688,3,3246,str('KL'),3,str('stdev'),0.999,95
289,0.61,4,0.5263157894736843,0.96993817790452,0,7,3442,3,4459,str('H'),3,str('stdev'),0.001,12
290,0.58,3,0.3684210526315788,1.0,0,8,2157,3,3115,str('KL'),3,str('tstat'),0.999,79
291,0.66,4,0.7894736842105267,0.96993817790452,0,2,4532,3,1798,str('KL'),3,str('stdev'),0.001,17
292,0.64,4,0.6842105263157897,0.96993817790452,0,4,2262,3,3606,str('KL'),3,str('tstat'),0.999,20
293,0.61,3,0.5263157894736843,1.0,0,5,1,3,4590,str('H'),3,str('tstat'),0.001,68
294,0.65,32,0.7368421052631582,0.7157128071201706,0,27,1,3,1494,str('KL'),1,str('stdev'),0.999,100
295,0.65,37,0.7368421052631582,0.6967067471314727,0,30,3007,3,1495,str('KL'),1,str('tstat'),0.001,100
296,0.65,4,0.7368421052631582,0.96993817790452,0,3,4881,3,1749,str('H'),3,str('stdev'),0.999,94
297,0.67,4,0.8421052631578951,0.96993817790452,1,1,4618,3,746,str('KL'),3,str('stdev'),0.001,6
298,0.65,3,0.7368421052631582,1.0,1,1,1,3,1799,str('H'),3,str('stdev'),0.999,17
299,0.6,4,0.47368421052631576,0.96993817790452,0,8,783,3,4486,str('KL'),3,str('tstat'),0.001,30
300,0.65,31,0.7368421052631582,0.7198583543384285,0,26,5000,3,1495,str('KL'),1,str('stdev'),0.999,100
301,0.61,4,0.5263157894736843,0.96993817790452,0,7,4532,3,4137,str('H'),2,str('tstat'),0.001,42
302,0.57,38,0.3157894736842103,0.6932073385825838,0,44,4830,6,352,str('H'),1,str('stdev'),0.134,61
303,0.58,8,0.3684210526315788,0.8907517615984447,0,13,1199,3,3117,str('KL'),2,str('tstat'),0.947,49
304,0.57,23,0.3157894736842103,0.758614783691508,0,29,2457,4,1708,str('H'),3,str('tstat'),0.466,21
305,0.57,35,0.3157894736842103,0.7039906644907304,0,41,3591,1,4239,str('KL'),2,str('stdev'),0.655,84
306,0.6,25,0.47368421052631576,0.7478314577833614,0,25,2563,5,3658,str('KL'),1,str('stdev'),0.375,2
307,0.57,19,0.3157894736842103,0.7831770807968056,0,25,1429,0,1039,str('H'),3,str('tstat'),0.56,89
308,0.57,15,0.3157894736842103,0.8132389028922857,0,20,190,7,4958,str('KL'),3,str('tstat'),0.042,68
309,0.57,14,0.3157894736842103,0.8219335101498851,0,18,3822,2,2261,str('H'),1,str('stdev'),0.852,31
310,0.57,19,0.3157894736842103,0.7831770807968056,0,25,4205,4,4457,str('H'),2,str('stdev'),0.258,10
311,0.57,19,0.3157894736842103,0.7831770807968056,0,25,573,1,2078,str('KL'),1,str('tstat'),0.573,97
312,0.57,25,0.3157894736842103,0.7478314577833614,0,31,1832,6,3177,str('H'),2,str('tstat'),0.092,73
313,0.63,4,0.6315789473684212,0.96993817790452,0,5,2966,3,876,str('KL'),3,str('stdev'),0.78,35
314,0.57,17,0.3157894736842103,0.7973712130445876,0,23,3188,7,1535,str('KL'),3,str('stdev'),0.25,56
315,0.57,16,0.3157894736842103,0.80507157479825,0,22,2054,2,3768,str('H'),2,str('tstat'),0.934,44
316,0.57,19,0.3157894736842103,0.7831770807968056,0,25,815,5,159,str('KL'),1,str('tstat'),0.417,13
317,0.57,19,0.3157894736842103,0.7831770807968056,0,25,4447,0,2626,str('H'),3,str('stdev'),0.727,76
318,0.59,17,0.4210526315789473,0.7973712130445876,0,21,4673,5,2029,str('KL'),2,str('tstat'),0.987,17
319,0.57,17,0.3157894736842103,0.7973712130445876,0,23,726,0,4565,str('H'),3,str('stdev'),0.174,80
320,0.57,19,0.3157894736842103,0.7831770807968056,0,25,1987,7,651,str('KL'),2,str('stdev'),0.663,53
321,0.57,14,0.3157894736842103,0.8219335101498851,0,18,3431,2,3421,str('H'),1,str('tstat'),0.473,40
322,0.65,8,0.7368421052631582,0.8907517615984447,0,7,1788,3,2985,str('KL'),2,str('tstat'),0.999,60
323,0.65,10,0.7368421052631582,0.8637174748748055,0,9,937,3,2989,str('H'),2,str('stdev'),0.001,60
324,0.64,40,0.6842105263157897,0.6864699520106605,0,32,2314,3,1782,str('KL'),1,str('stdev'),0.999,88
325,0.65,35,0.7368421052631582,0.7039906644907304,0,29,5000,3,3696,str('KL'),1,str('stdev'),0.001,100
326,0.64,4,0.6842105263157897,0.96993817790452,0,4,1,3,3574,str('KL'),2,str('stdev'),0.001,41
327,0.65,9,0.7368421052631582,0.8765576293506627,0,8,2274,3,5000,str('KL'),1,str('stdev'),0.999,59
328,0.65,6,0.7368421052631582,0.9246087545006043,0,5,1037,3,986,str('KL'),2,str('stdev'),0.979,47
329,0.56,6,0.2631578947368424,0.9246087545006043,0,13,4671,3,667,str('KL'),2,str('stdev'),0.999,42
330,0.66,8,0.7894736842105267,0.8907517615984447,0,6,1681,3,1101,str('KL'),2,str('stdev'),0.66,44
331,0.66,10,0.7894736842105267,0.8637174748748055,0,8,295,3,900,str('KL'),2,str('stdev'),0.999,58
332,0.66,22,0.7894736842105267,0.7643484002337513,0,18,3742,3,802,str('KL'),2,str('stdev'),0.001,64
333,0.64,32,0.6842105263157897,0.7157128071201706,0,28,4267,3,3077,str('KL'),1,str('stdev'),0.001,90
334,0.6,7,0.47368421052631576,0.9066194514461429,0,10,1446,3,1419,str('H'),2,str('stdev'),0.999,37
335,0.65,6,0.7368421052631582,0.9246087545006043,0,5,4856,3,1457,str('KL'),2,str('stdev'),0.001,39
336,0.65,6,0.7368421052631582,0.9246087545006043,0,5,605,3,1741,str('KL'),1,str('stdev'),0.001,27
337,0.65,13,0.7368421052631582,0.8312282059467472,0,12,3382,3,770,str('KL'),2,str('stdev'),0.999,50
338,0.66,12,0.7894736842105267,0.8412120063372186,0,10,675,3,532,str('H'),1,str('stdev'),0.001,42
339,0.65,76,0.7368421052631582,0.6015651322676955,0,42,910,3,555,str('KL'),1,str('stdev'),0.001,79
340,0.69,9,0.9473684210526315,0.8765576293506627,0,3,2920,3,222,str('H'),1,str('stdev'),0.72,1
341,0.62,6,0.5789473684210528,0.9246087545006043,0,8,2530,3,130,str('KL'),3,str('stdev'),0.424,1
342,0.65,11,0.7368421052631582,0.8519953322453652,0,10,1436,3,1325,str('KL'),2,str('stdev'),0.001,55
343,0.66,27,0.7894736842105267,0.73784765739289,0,22,1336,3,2093,str('H'),1,str('tstat'),0.999,70
344,0.66,6,0.7894736842105267,0.9246087545006043,0,4,1900,3,1888,str('KL'),3,str('stdev'),0.001,1
345,0.67,6,0.8421052631578951,0.9246087545006043,0,3,2418,3,3603,str('KL'),1,str('tstat'),0.001,16
346,0.66,6,0.7894736842105267,0.9246087545006043,0,4,3224,3,408,str('KL'),2,str('stdev'),0.188,1
347,0.62,7,0.5789473684210528,0.9066194514461429,0,9,4704,3,452,str('KL'),2,str('stdev'),0.001,34
348,0.66,33,0.7894736842105267,0.711691026244393,0,26,3514,3,869,str('KL'),1,str('stdev'),0.117,62
349,0.65,10,0.7368421052631582,0.8637174748748055,0,9,2144,3,1136,str('KL'),1,str('stdev'),0.999,42
350,0.65,66,0.7368421052631582,0.6203063609261443,0,39,3600,3,275,str('H'),1,str('stdev'),0.001,63
351,0.64,12,0.6842105263157897,0.8412120063372186,0,12,898,3,898,str('H'),1,str('stdev'),0.001,46
352,0.65,197,0.7368421052631582,0.47432759081167875,0,45,1487,3,114,str('H'),1,str('stdev'),0.839,74
353,0.67,70,0.8421052631578951,0.6124943376208641,0,20,4587,3,408,str('KL'),1,str('stdev'),0.001,70
354,0.65,50,0.7368421052631582,0.6570669070436153,0,37,1604,3,597,str('H'),2,str('stdev'),0.999,78
355,0.65,202,0.7368421052631582,0.47096782431137874,0,46,4494,3,550,str('H'),1,str('tstat'),0.999,96
356,0.67,39,0.8421052631578951,0.6897965322429485,0,16,889,3,3157,str('H'),1,str('stdev'),0.999,100
357,0.65,73,0.7368421052631582,0.6069189356056883,0,41,3889,3,1796,str('KL'),1,str('stdev'),0.001,100
358,0.66,57,0.7894736842105267,0.6397396183646316,0,36,1032,3,1180,str('KL'),1,str('stdev'),0.001,84
359,0.67,16,0.8421052631578951,0.80507157479825,0,10,4823,3,2954,str('KL'),1,str('stdev'),0.999,74
360,0.66,29,0.7894736842105267,0.7285529615960279,0,23,3480,3,2215,str('KL'),1,str('stdev'),0.999,83
361,0.62,4,0.5789473684210528,0.96993817790452,0,6,1210,3,567,str('H'),3,str('stdev'),0.999,51
362,0.66,5,0.7894736842105267,0.9453758807992224,0,3,1,3,3521,str('KL'),2,str('stdev'),0.999,1
363,0.65,5,0.7368421052631582,0.9453758807992224,0,4,1760,3,1736,str('KL'),1,str('stdev'),0.001,16
364,0.66,6,0.7894736842105267,0.9246087545006043,0,4,3687,3,650,str('KL'),2,str('stdev'),0.999,28
365,0.64,38,0.6842105263157897,0.6932073385825838,0,31,322,3,994,str('KL'),1,str('stdev'),0.001,66
366,0.66,5,0.7894736842105267,0.9453758807992224,0,3,4453,3,554,str('KL'),1,str('stdev'),0.001,10
367,0.61,8,0.5263157894736843,0.8907517615984447,0,11,1994,3,2804,str('KL'),1,str('stdev'),0.999,46
368,0.65,9,0.7368421052631582,0.8765576293506627,0,8,2135,3,3960,str('KL'),1,str('stdev'),0.001,49
369,0.63,13,0.6315789473684212,0.8312282059467472,0,14,804,3,1907,str('KL'),1,str('stdev'),0.001,61
370,0.64,12,0.6842105263157897,0.8412120063372186,0,12,183,3,288,str('H'),1,str('stdev'),0.001,31
371,0.65,6,0.7368421052631582,0.9246087545006043,0,5,211,3,1872,str('KL'),1,str('stdev'),0.999,38
372,0.65,6,0.7368421052631582,0.9246087545006043,0,5,964,3,2695,str('KL'),1,str('stdev'),0.001,36
373,0.65,9,0.7368421052631582,0.8765576293506627,0,8,1378,3,2178,str('H'),1,str('stdev'),0.999,48
374,0.62,14,0.5789473684210528,0.8219335101498851,0,16,992,3,3841,str('KL'),1,str('tstat'),0.001,76
375,0.61,5,0.5263157894736843,0.9453758807992224,0,8,3555,3,2346,str('KL'),1,str('tstat'),0.001,7
376,0.61,5,0.5263157894736843,0.9453758807992224,0,8,2568,3,285,str('H'),2,str('stdev'),0.999,13
377,0.62,72,0.5789473684210528,0.6087518843473614,0,42,1727,3,930,str('KL'),2,str('stdev'),0.999,100
378,0.65,35,0.7368421052631582,0.7039906644907304,0,29,4219,3,845,str('H'),2,str('stdev'),0.001,73
379,0.65,48,0.7368421052631582,0.6624564118934944,0,36,1047,3,2596,str('H'),2,str('stdev'),0.001,100
380,0.65,6,0.7368421052631582,0.9246087545006043,0,5,41,3,1521,str('H'),1,str('tstat'),0.001,35
381,0.63,8,0.6315789473684212,0.8907517615984447,0,9,1036,3,1274,str('KL'),2,str('stdev'),0.001,47
382,0.63,8,0.6315789473684212,0.8907517615984447,0,9,1135,3,600,str('H'),2,str('tstat'),0.001,34
383,0.62,51,0.5789473684210528,0.6544509092295041,0,38,2002,3,2890,str('H'),1,str('stdev'),0.999,100
384,0.66,10,0.7894736842105267,0.8637174748748055,0,8,1266,3,3097,str('KL'),1,str('stdev'),0.001,63
385,0.63,4,0.6315789473684212,0.96993817790452,0,5,3359,3,1071,str('H'),2,str('stdev'),0.999,27
386,0.65,44,0.7368421052631582,0.6739288423952503,0,34,1916,3,4291,str('KL'),1,str('stdev'),0.999,100
387,0.65,9,0.7368421052631582,0.8765576293506627,0,8,1884,3,727,str('KL'),1,str('stdev'),0.999,40
388,0.65,5,0.7368421052631582,0.9453758807992224,0,4,1112,3,3344,str('KL'),1,str('stdev'),0.001,10
389,0.66,29,0.7894736842105267,0.7285529615960279,0,23,2641,3,4770,str('KL'),1,str('tstat'),0.999,92
390,0.67,22,0.8421052631578951,0.7643484002337513,0,12,3655,3,3298,str('KL'),1,str('tstat'),0.001,84
391,0.61,9,0.5263157894736843,0.8765576293506627,0,12,4454,3,4666,str('H'),1,str('stdev'),0.001,58
392,0.67,4,0.8421052631578951,0.96993817790452,1,1,3509,3,1529,str('H'),1,str('tstat'),0.999,7
393,0.64,14,0.6842105263157897,0.8219335101498851,0,14,4328,3,1521,str('KL'),2,str('stdev'),0.999,66
394,0.65,13,0.7368421052631582,0.8312282059467472,0,12,4832,3,1686,str('KL'),2,str('stdev'),0.001,55
395,0.66,1693,0.7894736842105267,0.18514096148092962,0,49,119,3,49,str('KL'),1,str('stdev'),0.001,91
396,0.67,150,0.8421052631578951,0.510834891894699,0,23,3448,3,890,str('KL'),1,str('stdev'),0.58,97
397,0.64,11,0.6842105263157897,0.8519953322453652,0,11,877,3,465,str('H'),1,str('stdev'),0.707,32
398,0.62,4,0.5789473684210528,0.96993817790452,0,6,4016,3,153,str('KL'),1,str('stdev'),0.999,8
399,0.64,26,0.6842105263157897,0.7427470938438099,0,23,4418,3,255,str('KL'),1,str('stdev'),0.001,48
400,0.65,417,0.7368421052631582,0.3736631248985639,0,48,1728,3,265,str('KL'),1,str('stdev'),0.001,100
401,0.63,300,0.6315789473684212,0.41790117510806124,0,48,4812,3,264,str('KL'),1,str('stdev'),0.999,100
402,0.66,4,0.7894736842105267,0.96993817790452,0,2,1867,3,800,str('KL'),3,str('stdev'),0.351,63
403,0.62,4,0.5789473684210528,0.96993817790452,0,6,2217,3,459,str('KL'),3,str('stdev'),0.001,1
404,0.64,4,0.6842105263157897,0.96993817790452,0,4,4762,3,3784,str('H'),1,str('tstat'),0.707,24
405,0.66,113,0.7894736842105267,0.5487020793768379,0,42,2428,3,1170,str('KL'),1,str('stdev'),0.062,100
406,0.67,5,0.8421052631578951,0.9453758807992224,0,2,3206,3,1161,str('KL'),1,str('stdev'),0.001,11
407,0.67,7,0.8421052631578951,0.9066194514461429,0,4,943,3,727,str('H'),2,str('stdev'),0.408,1
408,0.6,5,0.47368421052631576,0.9453758807992224,0,9,514,3,1196,str('KL'),3,str('stdev'),0.468,32
409,0.61,6,0.5263157894736843,0.9246087545006043,0,9,702,3,460,str('KL'),3,str('stdev'),0.387,17
410,0.66,5,0.7894736842105267,0.9453758807992224,0,3,4689,3,4354,str('H'),1,str('stdev'),0.999,12
411,0.68,6,0.8947368421052636,0.9246087545006043,0,2,4510,3,1767,str('KL'),1,str('tstat'),0.999,1
412,0.65,5,0.7368421052631582,0.9453758807992224,0,4,4200,3,4727,str('KL'),1,str('stdev'),0.999,21
413,0.66,5,0.7894736842105267,0.9453758807992224,0,3,4870,3,1480,str('H'),1,str('stdev'),0.001,22
414,0.65,6,0.7368421052631582,0.9246087545006043,0,5,4265,3,368,str('H'),1,str('stdev'),0.001,17
415,0.67,5,0.8421052631578951,0.9453758807992224,0,2,1666,3,1992,str('KL'),1,str('tstat'),0.601,24
416,0.67,5,0.8421052631578951,0.9453758807992224,0,2,4921,3,4180,str('KL'),1,str('stdev'),0.999,34
417,0.68,9,0.8947368421052636,0.8765576293506627,0,5,2877,3,2890,str('KL'),1,str('stdev'),0.4,1
418,0.62,5,0.5789473684210528,0.9453758807992224,0,7,4420,3,497,str('KL'),2,str('stdev'),0.999,8
419,0.64,4,0.6842105263157897,0.96993817790452,0,4,1771,3,1184,str('KL'),2,str('stdev'),0.204,13
420,0.67,7,0.8421052631578951,0.9066194514461429,0,4,3328,3,4722,str('KL'),1,str('tstat'),0.754,1
421,0.66,4,0.7894736842105267,0.96993817790452,0,2,694,3,2919,str('KL'),2,str('stdev'),0.552,23
422,0.64,15,0.6842105263157897,0.8132389028922857,0,15,517,5,4690,str('KL'),3,str('stdev'),0.999,47
423,0.65,4,0.7368421052631582,0.96993817790452,0,3,2860,3,412,str('KL'),3,str('stdev'),0.19,81
424,0.66,1032,0.7894736842105267,0.25177672520468397,0,47,2746,3,48,str('KL'),2,str('stdev'),0.404,93
425,0.67,5,0.8421052631578951,0.9453758807992224,0,2,1072,3,2951,str('KL'),1,str('tstat'),0.544,29
426,0.59,7,0.4210526315789473,0.9066194514461429,0,11,1369,3,2296,str('KL'),2,str('stdev'),0.464,54
427,0.64,4,0.6842105263157897,0.96993817790452,0,4,1961,3,2048,str('KL'),2,str('stdev'),0.469,28
428,0.64,104,0.6842105263157897,0.5597811675427752,0,43,4514,3,624,str('KL'),2,str('stdev'),0.356,100
429,0.67,9,0.8421052631578951,0.8765576293506627,0,6,2510,3,4193,str('H'),1,str('tstat'),0.584,67
430,0.64,5,0.6842105263157897,0.9453758807992224,0,5,1436,3,311,str('KL'),3,str('stdev'),0.317,100
431,0.64,4,0.6842105263157897,0.96993817790452,0,4,2892,3,745,str('KL'),3,str('stdev'),0.33,78
432,0.66,17,0.7894736842105267,0.7973712130445876,0,14,2100,3,519,str('KL'),1,str('tstat'),0.393,49
433,0.6,17,0.47368421052631576,0.7973712130445876,0,20,1862,3,1831,str('H'),1,str('tstat'),0.505,73
434,0.64,5,0.6842105263157897,0.9453758807992224,0,5,837,3,1525,str('H'),3,str('stdev'),0.496,1
435,0.65,4,0.7368421052631582,0.96993817790452,0,3,2048,3,368,str('KL'),3,str('stdev'),0.182,42
436,0.66,9,0.7894736842105267,0.8765576293506627,0,7,4337,3,3619,str('KL'),1,str('stdev'),0.999,55
437,0.66,24,0.7894736842105267,0.7531152587013256,0,20,2562,3,2381,str('KL'),1,str('stdev'),0.999,73
438,0.63,6,0.6315789473684212,0.9246087545006043,0,7,1268,3,312,str('KL'),3,str('stdev'),0.13,58
439,0.66,4,0.7894736842105267,0.96993817790452,0,2,787,3,3803,str('KL'),1,str('stdev'),0.9,10
440,0.67,12,0.8421052631578951,0.8412120063372186,0,9,971,3,4785,str('KL'),1,str('stdev'),0.999,69
441,0.66,4,0.7894736842105267,0.96993817790452,0,2,1913,3,4808,str('KL'),1,str('stdev'),0.999,8
442,0.66,4,0.7894736842105267,0.96993817790452,0,2,3364,3,1451,str('KL'),2,str('stdev'),0.001,1
443,0.62,28,0.5789473684210528,0.7331201669184887,0,25,3239,3,1121,str('KL'),1,str('stdev'),0.999,75
444,0.65,7,0.7368421052631582,0.9066194514461429,0,6,3058,3,4069,str('H'),1,str('stdev'),0.999,43
445,0.64,14,0.6842105263157897,0.8219335101498851,0,14,2230,3,1218,str('H'),1,str('stdev'),0.268,48
446,0.64,13,0.6842105263157897,0.8312282059467472,0,13,422,5,4723,str('KL'),3,str('stdev'),0.999,100
447,0.64,4,0.6842105263157897,0.96993817790452,0,4,630,3,219,str('KL'),3,str('stdev'),0.001,69
448,0.66,38,0.7894736842105267,0.6932073385825838,0,28,1748,3,4703,str('KL'),1,str('stdev'),0.781,100
449,0.65,12,0.7368421052631582,0.8412120063372186,0,11,4184,3,798,str('KL'),2,str('stdev'),0.001,52
450,0.67,9,0.8421052631578951,0.8765576293506627,0,6,3269,3,3189,str('KL'),1,str('stdev'),0.566,49
451,0.67,8,0.8421052631578951,0.8907517615984447,0,5,1646,3,2968,str('KL'),1,str('stdev'),0.714,55
452,0.64,4,0.6842105263157897,0.96993817790452,0,4,777,3,1204,str('KL'),2,str('stdev'),0.373,22
453,0.68,10,0.8947368421052636,0.8637174748748055,0,6,2406,3,3475,str('KL'),1,str('stdev'),0.621,1
454,0.64,13,0.6842105263157897,0.8312282059467472,0,13,4899,3,313,str('KL'),1,str('tstat'),0.212,39
455,0.64,5,0.6842105263157897,0.9453758807992224,0,5,32,3,4396,str('KL'),1,str('tstat'),0.999,19
456,0.67,4,0.8421052631578951,0.96993817790452,1,1,2319,3,1710,str('H'),1,str('stdev'),0.465,8
457,0.66,6,0.7894736842105267,0.9246087545006043,0,4,3962,3,2033,str('H'),1,str('tstat'),0.352,41
458,0.68,7,0.8947368421052636,0.9066194514461429,0,3,143,3,2118,str('KL'),1,str('stdev'),0.529,1
459,0.65,6,0.7368421052631582,0.9246087545006043,0,5,598,3,2821,str('H'),1,str('stdev'),0.545,17
460,0.67,4,0.8421052631578951,0.96993817790452,1,1,2038,3,2609,str('KL'),1,str('stdev'),0.505,7
461,0.64,14,0.6842105263157897,0.8219335101498851,0,14,472,5,4748,str('H'),3,str('stdev'),0.999,21
462,0.58,16,0.3684210526315788,0.80507157479825,0,21,1705,3,1683,str('KL'),1,str('stdev'),0.432,63
463,0.66,6,0.7894736842105267,0.9246087545006043,0,4,743,3,1135,str('KL'),1,str('tstat'),0.001,6
464,0.66,6,0.7894736842105267,0.9246087545006043,0,4,1611,3,681,str('KL'),3,str('stdev'),0.27,21
465,0.64,7,0.6842105263157897,0.9066194514461429,0,7,1879,3,2324,str('H'),1,str('tstat'),0.597,12
466,0.62,7,0.5789473684210528,0.9066194514461429,0,9,712,3,403,str('KL'),2,str('stdev'),0.265,24
467,0.66,22,0.7894736842105267,0.7643484002337513,0,18,143,3,4724,str('H'),1,str('stdev'),0.556,82
468,0.67,8,0.8421052631578951,0.8907517615984447,0,5,4329,3,2608,str('KL'),1,str('tstat'),0.495,54
469,0.65,5,0.7368421052631582,0.9453758807992224,0,4,1116,3,4014,str('KL'),1,str('stdev'),0.999,24
470,0.67,6,0.8421052631578951,0.9246087545006043,0,3,768,3,4781,str('KL'),1,str('stdev'),0.857,34
471,0.66,7,0.7894736842105267,0.9066194514461429,0,5,2733,3,4492,str('KL'),1,str('stdev'),0.933,50
472,0.65,12,0.7368421052631582,0.8412120063372186,0,11,4066,3,3629,str('KL'),1,str('stdev'),0.999,67
473,0.66,7,0.7894736842105267,0.9066194514461429,0,5,3933,3,3146,str('KL'),1,str('stdev'),0.999,7
474,0.64,5,0.6842105263157897,0.9453758807992224,0,5,781,3,3682,str('H'),1,str('stdev'),0.001,34
475,0.67,6,0.8421052631578951,0.9246087545006043,0,3,677,3,4123,str('KL'),1,str('stdev'),0.001,5
476,0.66,42,0.7894736842105267,0.6800535177151712,0,32,704,3,3439,str('KL'),1,str('stdev'),0.744,100
477,0.67,137,0.8421052631578951,0.5229631839252593,0,22,2311,3,486,str('H'),1,str('tstat'),0.999,86
478,0.67,23,0.8421052631578951,0.758614783691508,0,13,634,3,3213,str('KL'),1,str('tstat'),0.698,74
479,0.67,45,0.8421052631578951,0.6709678516798943,0,18,4298,3,2274,str('H'),1,str('stdev'),0.001,91
480,0.63,15,0.6315789473684212,0.8132389028922857,0,16,4869,3,2150,str('H'),1,str('tstat'),0.328,62
481,0.65,6,0.7368421052631582,0.9246087545006043,0,5,813,3,3051,str('KL'),1,str('tstat'),0.001,42
482,0.65,9,0.7368421052631582,0.8765576293506627,0,8,4348,3,176,str('KL'),1,str('stdev'),0.245,24
483,0.68,8,0.8947368421052636,0.8907517615984447,0,4,4610,3,4451,str('KL'),1,str('stdev'),0.86,1
484,0.66,45,0.7894736842105267,0.6709678516798943,0,33,787,3,1,str('KL'),3,str('stdev'),0.001,29
485,0.61,6,0.5263157894736843,0.9246087545006043,0,9,2383,3,3737,str('KL'),1,str('stdev'),0.666,46
486,0.67,5,0.8421052631578951,0.9453758807992224,0,2,452,3,3529,str('KL'),1,str('stdev'),0.001,23
487,0.67,6,0.8421052631578951,0.9246087545006043,0,3,2790,3,3267,str('KL'),1,str('tstat'),0.001,33
488,0.68,9,0.8947368421052636,0.8765576293506627,0,5,1,3,395,str('KL'),1,str('stdev'),0.001,1
489,0.67,8,0.8421052631578951,0.8907517615984447,0,5,2754,3,4043,str('KL'),1,str('tstat'),0.999,55
490,0.67,8,0.8421052631578951,0.8907517615984447,0,5,5000,3,2490,str('H'),1,str('stdev'),0.467,1
491,0.66,17,0.7894736842105267,0.7973712130445876,0,14,841,3,4493,str('KL'),1,str('tstat'),0.999,77
492,0.65,7,0.7368421052631582,0.9066194514461429,0,6,5000,3,2411,str('H'),1,str('tstat'),0.001,40
493,0.57,14,0.3157894736842103,0.8219335101498851,0,18,4976,5,3804,str('KL'),3,str('tstat'),0.999,100
494,0.61,5,0.5263157894736843,0.9453758807992224,0,8,64,3,322,str('KL'),1,str('tstat'),0.001,9
495,0.63,22,0.6315789473684212,0.7643484002337513,0,22,423,3,3985,str('H'),1,str('stdev'),0.999,84
496,0.66,6,0.7894736842105267,0.9246087545006043,0,4,3990,3,219,str('KL'),2,str('stdev'),0.001,1
497,0.63,78,0.6315789473684212,0.5981105928796924,0,43,1983,3,480,str('KL'),2,str('stdev'),0.004,84
498,0.65,57,0.7368421052631582,0.6397396183646316,0,38,2422,3,68,str('KL'),1,str('stdev'),0.156,43
499,0.65,5,0.7368421052631582,0.9453758807992224,0,4,3571,3,4371,str('H'),1,str('stdev'),0.001,7
500,0.66,10,0.7894736842105267,0.8637174748748055,0,8,3747,3,2439,str('H'),1,str('stdev'),0.999,64
501,0.65,30,0.7368421052631582,0.7241355280002928,0,25,1930,3,2886,str('KL'),1,str('tstat'),0.999,86
502,0.65,4,0.7368421052631582,0.96993817790452,0,3,203,3,907,str('KL'),2,str('stdev'),0.999,7
503,0.65,7,0.7368421052631582,0.9066194514461429,0,6,2685,3,990,str('KL'),1,str('tstat'),0.999,30
504,0.65,40,0.7368421052631582,0.6864699520106605,0,31,1789,3,3335,str('H'),1,str('stdev'),0.267,92
505,0.66,4,0.7894736842105267,0.96993817790452,0,2,3853,3,1966,str('KL'),1,str('tstat'),0.001,15
506,0.67,4,0.8421052631578951,0.96993817790452,1,1,3622,3,3589,str('KL'),1,str('stdev'),0.408,9
507,0.67,5,0.8421052631578951,0.9453758807992224,0,2,1383,3,2732,str('H'),1,str('tstat'),0.999,8
508,0.64,5,0.6842105263157897,0.9453758807992224,0,5,417,3,1791,str('KL'),2,str('stdev'),0.999,8
509,0.66,5,0.7894736842105267,0.9453758807992224,0,3,1258,3,1692,str('KL'),1,str('tstat'),0.001,40
510,0.66,17,0.7894736842105267,0.7973712130445876,0,14,1724,3,4007,str('H'),1,str('stdev'),0.999,71
511,0.66,5,0.7894736842105267,0.9453758807992224,0,3,337,3,4796,str('H'),1,str('tstat'),0.999,18
512,0.66,5,0.7894736842105267,0.9453758807992224,0,3,4229,3,3759,str('KL'),2,str('stdev'),0.999,1
513,0.65,4,0.7368421052631582,0.96993817790452,0,3,4231,3,991,str('KL'),3,str('stdev'),0.001,71
514,0.67,5,0.8421052631578951,0.9453758807992224,0,2,262,3,4160,str('H'),1,str('stdev'),0.001,26
515,0.67,5,0.8421052631578951,0.9453758807992224,0,2,600,3,3589,str('KL'),1,str('stdev'),0.999,29
516,0.66,9,0.7894736842105267,0.8765576293506627,0,7,4165,3,4869,str('KL'),1,str('tstat'),0.999,59
517,0.66,5,0.7894736842105267,0.9453758807992224,0,3,4697,3,3356,str('H'),1,str('stdev'),0.999,15
518,0.66,8,0.7894736842105267,0.8907517615984447,0,6,2794,3,2148,str('KL'),1,str('tstat'),0.001,53
519,0.65,5,0.7368421052631582,0.9453758807992224,0,4,1,3,2516,str('KL'),1,str('tstat'),0.999,31
520,0.68,7,0.8947368421052636,0.9066194514461429,0,3,2610,3,1082,str('KL'),1,str('stdev'),0.001,1
521,0.61,4,0.5263157894736843,0.96993817790452,0,7,235,3,1163,str('H'),1,str('tstat'),0.041,18
522,0.66,6,0.7894736842105267,0.9246087545006043,0,4,4843,3,744,str('KL'),1,str('stdev'),0.279,7
523,0.66,6,0.7894736842105267,0.9246087545006043,0,4,1551,3,4841,str('H'),1,str('tstat'),0.001,4
524,0.65,6,0.7368421052631582,0.9246087545006043,0,5,3238,3,1770,str('KL'),1,str('stdev'),0.999,35
525,0.56,5,0.2631578947368424,0.9453758807992224,0,12,4490,3,1452,str('KL'),1,str('stdev'),0.999,31
526,0.64,8,0.6842105263157897,0.8907517615984447,0,8,4619,3,1822,str('H'),1,str('tstat'),0.001,50
527,0.64,8,0.6842105263157897,0.8907517615984447,0,8,2401,3,1210,str('KL'),2,str('stdev'),0.001,34
528,0.67,5,0.8421052631578951,0.9453758807992224,0,2,1584,3,1361,str('KL'),1,str('stdev'),0.001,7
529,0.65,8,0.7368421052631582,0.8907517615984447,0,7,4282,3,4818,str('KL'),1,str('stdev'),0.999,45
530,0.66,6,0.7894736842105267,0.9246087545006043,0,4,3867,3,3222,str('KL'),2,str('stdev'),0.001,1
531,0.66,5,0.7894736842105267,0.9453758807992224,0,3,689,3,2558,str('H'),1,str('stdev'),0.001,17
532,0.65,16,0.7368421052631582,0.80507157479825,0,15,2755,3,2623,str('KL'),2,str('stdev'),0.999,75
533,0.67,32,0.8421052631578951,0.7157128071201706,0,15,3662,3,1988,str('KL'),1,str('stdev'),0.001,79
534,0.67,6,0.8421052631578951,0.9246087545006043,0,3,145,3,1385,str('KL'),1,str('tstat'),0.999,18
535,0.64,6,0.6842105263157897,0.9246087545006043,0,6,5000,3,1970,str('H'),1,str('stdev'),0.001,28
536,0.68,8,0.8947368421052636,0.8907517615984447,0,4,1434,3,2321,str('KL'),1,str('stdev'),0.999,1
537,0.69,6,0.9473684210526315,0.9246087545006043,1,1,1,3,3157,str('KL'),1,str('tstat'),0.999,1
538,0.62,4,0.5789473684210528,0.96993817790452,0,6,4889,3,1596,str('KL'),3,str('stdev'),0.001,78
539,0.64,7,0.6842105263157897,0.9066194514461429,0,7,3176,3,3664,str('KL'),2,str('stdev'),0.999,7
540,0.6,16,0.47368421052631576,0.80507157479825,0,19,2961,3,3347,str('KL'),2,str('stdev'),0.001,86
541,0.65,6,0.7368421052631582,0.9246087545006043,0,5,2399,3,4331,str('KL'),1,str('tstat'),0.999,36
542,0.67,4,0.8421052631578951,0.96993817790452,1,1,146,3,911,str('KL'),2,str('stdev'),0.001,21
543,0.61,9,0.5263157894736843,0.8765576293506627,0,12,1105,3,3392,str('H'),1,str('stdev'),0.001,52
544,0.64,4,0.6842105263157897,0.96993817790452,0,4,3160,3,3411,str('KL'),2,str('stdev'),0.001,11
545,0.63,6,0.6315789473684212,0.9246087545006043,0,7,2319,3,1754,str('KL'),1,str('stdev'),0.999,13
546,0.65,7,0.7368421052631582,0.9066194514461429,0,6,2130,3,3849,str('H'),1,str('tstat'),0.001,16
547,0.61,4,0.5263157894736843,0.96993817790452,0,7,3481,3,608,str('KL'),3,str('stdev'),0.001,87
548,0.63,5,0.6315789473684212,0.9453758807992224,0,6,2928,3,3175,str('KL'),2,str('stdev'),0.001,34
549,0.67,9,0.8421052631578951,0.8765576293506627,0,6,4497,3,4552,str('KL'),1,str('stdev'),0.001,18
550,0.61,4,0.5263157894736843,0.96993817790452,0,7,2500,3,823,str('H'),3,str('tstat'),0.001,11
551,0.62,5,0.5789473684210528,0.9453758807992224,0,7,4814,3,4702,str('KL'),2,str('stdev'),0.999,28
552,0.57,4,0.3157894736842103,0.96993817790452,0,11,3839,3,585,str('H'),3,str('tstat'),0.001,34
553,0.64,4,0.6842105263157897,0.96993817790452,0,4,68,3,3738,str('KL'),2,str('stdev'),0.999,21
554,0.64,17,0.6842105263157897,0.7973712130445876,0,17,470,5,4724,str('KL'),3,str('stdev'),0.999,58
555,0.64,5,0.6842105263157897,0.9453758807992224,0,5,2047,3,4464,str('KL'),2,str('stdev'),0.001,38
556,0.64,20,0.6842105263157897,0.7766040867459696,0,20,920,5,4643,str('KL'),2,str('stdev'),0.001,77
557,0.64,4,0.6842105263157897,0.96993817790452,0,4,5000,3,1738,str('KL'),3,str('stdev'),0.999,67
558,0.66,8,0.7894736842105267,0.8907517615984447,0,6,2856,3,3775,str('KL'),1,str('tstat'),0.001,56
559,0.63,6,0.6315789473684212,0.9246087545006043,0,7,3309,3,4027,str('KL'),2,str('stdev'),0.001,54
560,0.57,15,0.3157894736842103,0.8132389028922857,0,20,2194,7,4688,str('KL'),2,str('stdev'),0.513,47
561,0.57,14,0.3157894736842103,0.8219335101498851,0,18,1743,0,3234,str('KL'),3,str('tstat'),0.195,72
562,0.57,14,0.3157894736842103,0.8219335101498851,0,18,4304,6,926,str('H'),1,str('stdev'),0.721,8
563,0.61,4,0.5263157894736843,0.96993817790452,0,7,2548,3,4040,str('KL'),3,str('stdev'),0.774,31
564,0.57,48,0.3157894736842103,0.6624564118934944,0,53,137,5,1332,str('H'),2,str('tstat'),0.31,92
565,0.64,4,0.6842105263157897,0.96993817790452,0,4,781,3,1443,str('H'),3,str('stdev'),0.999,100
566,0.64,22,0.6842105263157897,0.7643484002337513,0,21,4934,5,4808,str('H'),2,str('tstat'),0.001,84
567,0.66,4,0.7894736842105267,0.96993817790452,0,2,3667,3,2686,str('KL'),2,str('stdev'),0.999,14
568,0.64,20,0.6842105263157897,0.7766040867459696,0,20,4434,5,5000,str('H'),2,str('stdev'),0.999,60
569,0.66,5,0.7894736842105267,0.9453758807992224,0,3,405,3,2147,str('KL'),2,str('stdev'),0.001,6
570,0.57,14,0.3157894736842103,0.8219335101498851,0,18,2473,5,4306,str('H'),3,str('stdev'),0.999,64
571,0.68,8,0.8947368421052636,0.8907517615984447,0,4,1,3,1865,str('KL'),1,str('stdev'),0.001,1
572,0.66,5,0.7894736842105267,0.9453758807992224,0,3,3920,3,3809,str('KL'),1,str('tstat'),0.999,36
573,0.55,21,0.21052631578947392,0.7703369263209483,0,28,3725,3,4247,str('KL'),1,str('stdev'),0.999,91
574,0.66,4,0.7894736842105267,0.96993817790452,0,2,1880,3,1608,str('KL'),3,str('stdev'),0.001,6
575,0.64,4,0.6842105263157897,0.96993817790452,0,4,3773,3,3418,str('KL'),3,str('stdev'),0.999,1
576,0.61,16,0.5263157894736843,0.80507157479825,0,18,2003,5,3524,str('H'),3,str('tstat'),0.863,27
577,0.57,13,0.3157894736842103,0.8312282059467472,0,17,1561,2,4964,str('H'),2,str('stdev'),0.437,55
578,0.57,15,0.3157894736842103,0.8132389028922857,0,20,3956,4,2285,str('KL'),2,str('tstat'),0.9,19
579,0.57,13,0.3157894736842103,0.8312282059467472,0,17,2905,1,2918,str('H'),1,str('tstat'),0.594,46
580,0.57,13,0.3157894736842103,0.8312282059467472,0,17,349,7,619,str('KL'),3,str('stdev'),0.069,85
581,0.6,5,0.47368421052631576,0.9453758807992224,0,9,2964,3,4343,str('KL'),2,str('stdev'),0.999,1
582,0.57,14,0.3157894736842103,0.8219335101498851,0,18,761,6,3838,str('H'),3,str('stdev'),0.999,1
583,0.61,5,0.5263157894736843,0.9453758807992224,0,8,1,3,2682,str('KL'),1,str('stdev'),0.001,25
584,0.66,60,0.7894736842105267,0.6329455911972497,0,37,771,3,2269,str('H'),2,str('stdev'),0.001,100
585,0.61,5,0.5263157894736843,0.9453758807992224,0,8,3517,3,969,str('KL'),3,str('stdev'),0.001,56
586,0.66,30,0.7894736842105267,0.7241355280002928,0,24,2474,3,1604,str('KL'),2,str('stdev'),0.001,86
587,0.69,7,0.9473684210526315,0.9066194514461429,0,2,1,3,1584,str('H'),1,str('stdev'),0.001,1
588,0.66,5,0.7894736842105267,0.9453758807992224,0,3,1,3,2062,str('H'),1,str('stdev'),0.999,18
589,0.57,15,0.3157894736842103,0.8132389028922857,0,20,907,2,280,str('H'),2,str('stdev'),0.99,15
590,0.57,18,0.3157894736842103,0.7900872956853299,0,24,3341,4,2593,str('KL'),1,str('tstat'),0.456,51
591,0.57,12,0.3157894736842103,0.8412120063372186,0,15,4790,1,1975,str('H'),3,str('tstat'),0.041,87
592,0.57,16,0.3157894736842103,0.80507157479825,0,22,2443,4,1778,str('H'),3,str('tstat'),0.315,47
593,0.64,65,0.6842105263157897,0.6223322585663136,0,40,1650,3,342,str('H'),1,str('stdev'),0.883,73
594,0.58,16,0.3684210526315788,0.80507157479825,0,21,4084,5,3040,str('KL'),1,str('tstat'),0.419,12
595,0.57,14,0.3157894736842103,0.8219335101498851,0,18,2797,0,2387,str('H'),2,str('tstat'),0.086,26
596,0.57,14,0.3157894736842103,0.8219335101498851,0,18,201,6,4705,str('KL'),3,str('stdev'),0.612,90
597,0.57,14,0.3157894736842103,0.8219335101498851,0,18,520,1,4157,str('H'),2,str('tstat'),0.14,40
598,0.57,25,0.3157894736842103,0.7478314577833614,0,31,3125,7,1839,str('KL'),2,str('stdev'),0.667,76
599,0.57,12,0.3157894736842103,0.8412120063372186,0,15,3785,2,3742,str('H'),3,str('stdev'),0.829,62
600,0.57,17,0.3157894736842103,0.7973712130445876,0,23,1342,4,1044,str('KL'),1,str('tstat'),0.364,23
601,0.64,45,0.6842105263157897,0.6709678516798943,0,35,2145,3,2482,str('KL'),1,str('stdev'),0.936,97
602,0.64,14,0.6842105263157897,0.8219335101498851,0,14,4544,5,4805,str('H'),2,str('tstat'),0.401,33
603,0.57,14,0.3157894736842103,0.8219335101498851,0,18,3567,0,398,str('KL'),3,str('tstat'),0.095,6
604,0.57,15,0.3157894736842103,0.8132389028922857,0,20,1016,6,3101,str('H'),1,str('stdev'),0.568,67
605,0.57,17,0.3157894736842103,0.7973712130445876,0,23,1108,0,1676,str('KL'),1,str('tstat'),0.639,10
606,0.57,24,0.3157894736842103,0.7531152587013256,0,30,3708,6,4360,str('H'),2,str('stdev'),0.168,74
607,0.64,52,0.6842105263157897,0.6518847429877439,0,38,4452,3,1221,str('KL'),1,str('stdev'),0.33,88
608,0.57,70,0.3157894736842103,0.6124943376208641,0,66,2105,6,12,str('KL'),2,str('stdev'),0.058,30
609,0.57,15,0.3157894736842103,0.8132389028922857,0,20,1302,1,1463,str('KL'),3,str('tstat'),0.736,53
610,0.57,14,0.3157894736842103,0.8219335101498851,0,18,3903,7,3751,str('H'),1,str('stdev'),0.208,13
611,0.57,16,0.3157894736842103,0.80507157479825,0,22,3008,2,658,str('KL'),3,str('stdev'),0.296,49
612,0.57,30,0.3157894736842103,0.7241355280002928,0,36,558,4,3346,str('H'),2,str('tstat'),0.761,85
613,0.64,6,0.6842105263157897,0.9246087545006043,0,6,241,3,2801,str('KL'),1,str('stdev'),0.49,35
614,0.62,15,0.5789473684210528,0.8132389028922857,0,17,2679,5,112,str('H'),3,str('tstat'),0.956,99
615,0.57,16,0.3157894736842103,0.80507157479825,0,22,4201,0,4455,str('KL'),2,str('tstat'),0.541,64
616,0.58,19,0.3684210526315788,0.7831770807968056,0,24,1612,6,2167,str('H'),1,str('stdev'),0.013,2
617,0.57,17,0.3157894736842103,0.7973712130445876,0,23,2405,1,714,str('H'),1,str('tstat'),0.695,80
618,0.57,13,0.3157894736842103,0.8312282059467472,0,17,4970,7,3407,str('KL'),3,str('stdev'),0.222,44
619,0.57,12,0.3157894736842103,0.8412120063372186,0,15,3131,2,1558,str('H'),2,str('stdev'),0.274,20
620,0.57,16,0.3157894736842103,0.80507157479825,0,22,727,4,3851,str('KL'),3,str('tstat'),0.81,59
621,0.57,13,0.3157894736842103,0.8312282059467472,0,17,687,1,3647,str('KL'),2,str('tstat'),0.181,17
622,0.57,18,0.3157894736842103,0.7900872956853299,0,24,3248,7,943,str('H'),2,str('stdev'),0.653,56
623,0.57,16,0.3157894736842103,0.80507157479825,0,22,4854,2,4100,str('KL'),1,str('stdev'),0.85,83
624,0.61,19,0.5263157894736843,0.7831770807968056,0,21,2280,5,446,str('H'),1,str('stdev'),0.175,41
625,0.57,13,0.3157894736842103,0.8312282059467472,0,17,1834,2,1810,str('H'),1,str('tstat'),0.619,66
626,0.57,15,0.3157894736842103,0.8132389028922857,0,20,4233,4,4186,str('KL'),3,str('stdev'),0.091,2
627,0.57,14,0.3157894736842103,0.8219335101498851,0,18,2628,1,1092,str('H'),3,str('stdev'),0.413,38
628,0.57,31,0.3157894736842103,0.7198583543384285,0,37,77,7,3693,str('KL'),2,str('tstat'),0.878,99
629,0.57,11,0.3157894736842103,0.8519953322453652,0,14,467,2,1880,str('KL'),1,str('stdev'),0.938,42
630,0.57,14,0.3157894736842103,0.8219335101498851,0,18,2866,4,4588,str('H'),3,str('tstat'),0.474,82
631,0.57,58,0.3157894736842103,0.6374366622117705,0,60,3995,1,224,str('KL'),2,str('tstat'),0.032,58
632,0.57,15,0.3157894736842103,0.8132389028922857,0,20,1445,7,2532,str('H'),1,str('stdev'),0.557,22
633,0.57,31,0.3157894736842103,0.7198583543384285,0,37,1886,0,3984,str('H'),1,str('tstat'),0.236,97
634,0.57,13,0.3157894736842103,0.8312282059467472,0,17,4491,6,1270,str('KL'),3,str('stdev'),0.707,36
635,0.66,5,0.7894736842105267,0.9453758807992224,0,3,3669,3,3139,str('H'),2,str('stdev'),0.795,1
636,0.58,28,0.3684210526315788,0.7331201669184887,0,32,1226,5,826,str('KL'),1,str('tstat'),0.261,65
637,0.65,4,0.7368421052631582,0.96993817790452,0,3,1054,3,4399,str('H'),3,str('stdev'),0.438,9
638,0.59,24,0.4210526315789473,0.7531152587013256,0,25,3450,5,2106,str('KL'),1,str('tstat'),0.973,70
639,0.57,15,0.3157894736842103,0.8132389028922857,0,20,4662,0,2705,str('H'),3,str('tstat'),0.531,93
640,0.57,13,0.3157894736842103,0.8312282059467472,0,17,1923,7,1510,str('KL'),1,str('tstat'),0.448,33
641,0.57,14,0.3157894736842103,0.8219335101498851,0,18,1466,0,141,str('KL'),3,str('stdev'),0.751,61
642,0.57,13,0.3157894736842103,0.8312282059467472,0,17,4031,6,2771,str('H'),2,str('tstat'),0.286,25
643,0.65,5,0.7368421052631582,0.9453758807992224,0,4,2819,3,2119,str('KL'),2,str('tstat'),0.218,39
644,0.62,21,0.5789473684210528,0.7703369263209483,0,22,415,5,4505,str('H'),1,str('stdev'),0.745,78
645,0.57,18,0.3157894736842103,0.7900872956853299,0,24,21,0,1165,str('H'),1,str('tstat'),0.68,35
646,0.57,14,0.3157894736842103,0.8219335101498851,0,18,2587,6,3463,str('KL'),3,str('stdev'),0.155,95
647,0.64,4,0.6842105263157897,0.96993817790452,0,4,4265,3,1581,str('H'),3,str('stdev'),0.352,69
648,0.59,15,0.4210526315789473,0.8132389028922857,0,19,1861,5,4260,str('KL'),2,str('tstat'),0.814,5
649,0.57,12,0.3157894736842103,0.8412120063372186,0,15,2312,2,2822,str('KL'),3,str('stdev'),0.385,77
650,0.57,21,0.3157894736842103,0.7703369263209483,0,27,4751,4,519,str('H'),2,str('tstat'),0.917,38
651,0.57,14,0.3157894736842103,0.8219335101498851,0,18,3380,1,4908,str('KL'),3,str('tstat'),0.584,24
652,0.57,22,0.3157894736842103,0.7643484002337513,0,28,790,7,2224,str('H'),1,str('stdev'),0.114,60
653,0.57,14,0.3157894736842103,0.8219335101498851,0,18,831,0,4834,str('KL'),2,str('stdev'),0.321,21
654,0.57,14,0.3157894736842103,0.8219335101498851,0,18,3436,6,2453,str('H'),3,str('tstat'),0.856,57
655,0.65,18,0.7368421052631582,0.7900872956853299,0,17,4724,3,3052,str('KL'),1,str('tstat'),0.648,80
656,0.57,16,0.3157894736842103,0.80507157479825,0,22,2383,6,3168,str('KL'),1,str('tstat'),0.996,40
657,0.57,22,0.3157894736842103,0.7643484002337513,0,28,1575,1,4539,str('KL'),1,str('stdev'),0.305,67
658,0.57,16,0.3157894736842103,0.80507157479825,0,22,4179,7,1928,str('H'),2,str('tstat'),0.767,6
659,0.57,11,0.3157894736842103,0.8519953322453652,0,14,2730,2,2562,str('KL'),2,str('tstat'),0.726,32
660,0.57,362,0.3157894736842103,0.392669184887262,0,85,287,4,195,str('H'),1,str('stdev'),0.201,96
661,0.6,8,0.47368421052631576,0.8907517615984447,0,12,595,3,897,str('KL'),2,str('tstat'),0.547,46
662,0.57,14,0.3157894736842103,0.8219335101498851,0,18,3030,5,3263,str('H'),3,str('stdev'),0.022,82
663,0.57,34,0.3157894736842103,0.7077858352974099,0,40,3852,0,1380,str('KL'),1,str('stdev'),0.484,56
664,0.57,14,0.3157894736842103,0.8219335101498851,0,18,1256,6,3991,str('H'),2,str('tstat'),0.947,17
665,0.57,33,0.3157894736842103,0.711691026244393,0,39,2054,1,2622,str('H'),2,str('stdev'),0.252,91
666,0.57,15,0.3157894736842103,0.8132389028922857,0,20,4616,7,251,str('KL'),1,str('tstat'),0.785,26
667,0.57,12,0.3157894736842103,0.8412120063372186,0,15,3487,2,4639,str('H'),1,str('tstat'),0.716,12
668,0.57,14,0.3157894736842103,0.8219335101498851,0,18,1076,4,2023,str('KL'),3,str('stdev'),0.246,73
669,0.57,11,0.3157894736842103,0.8519953322453652,0,14,1179,2,3378,str('H'),1,str('tstat'),0.048,4
670,0.57,57,0.3157894736842103,0.6397396183646316,0,59,3618,4,743,str('KL'),2,str('stdev'),0.521,68
671,0.57,12,0.3157894736842103,0.8412120063372186,0,15,4512,1,3900,str('H'),3,str('stdev'),0.983,94
672,0.57,17,0.3157894736842103,0.7973712130445876,0,23,2172,4,4878,str('H'),1,str('stdev'),0.63,36
673,0.64,5,0.6842105263157897,0.9453758807992224,0,5,1373,3,3512,str('H'),2,str('tstat'),0.078,59
674,0.57,13,0.3157894736842103,0.8312282059467472,0,17,3812,5,1117,str('KL'),3,str('stdev'),0.604,20
675,0.57,14,0.3157894736842103,0.8219335101498851,0,18,3068,0,4230,str('H'),1,str('stdev'),0.89,43
676,0.57,35,0.3157894736842103,0.7039906644907304,0,41,478,6,1609,str('KL'),1,str('tstat'),0.427,79
677,0.57,12,0.3157894736842103,0.8412120063372186,0,15,169,1,2314,str('H'),3,str('stdev'),0.821,29
678,0.57,27,0.3157894736842103,0.73784765739289,0,33,2770,7,4934,str('KL'),1,str('tstat'),0.357,93
679,0.57,32,0.3157894736842103,0.7157128071201706,0,38,4141,2,571,str('H'),2,str('tstat'),0.148,70
680,0.57,14,0.3157894736842103,0.8219335101498851,0,18,1692,4,2967,str('KL'),3,str('stdev'),0.674,9
681,0.53,3,0.10526315789473696,1.0,0,10,2500,3,4330,str('KL'),3,str('tstat'),0.119,86
682,0.57,15,0.3157894736842103,0.8132389028922857,0,20,4895,5,1705,str('H'),2,str('stdev'),0.59,50
683,0.57,13,0.3157894736842103,0.8312282059467472,0,17,3217,0,3573,str('KL'),3,str('stdev'),0.912,14
684,0.57,19,0.3157894736842103,0.7831770807968056,0,25,660,6,1173,str('H'),1,str('tstat'),0.378,53
685,0.63,4,0.6315789473684212,0.96993817790452,0,5,777,3,1319,str('H'),3,str('tstat'),0.506,23
686,0.57,17,0.3157894736842103,0.7973712130445876,0,23,3177,5,3934,str('KL'),2,str('stdev'),0.036,62
687,0.57,29,0.3157894736842103,0.7285529615960279,0,35,4934,0,797,str('H'),2,str('stdev'),0.463,76
688,0.57,14,0.3157894736842103,0.8219335101498851,0,18,2256,4,2737,str('KL'),3,str('stdev'),0.607,61
689,0.65,4,0.7368421052631582,0.96993817790452,0,3,1760,3,3876,str('KL'),1,str('tstat'),0.163,33
690,0.62,65,0.5789473684210528,0.6223322585663136,0,41,4366,5,1495,str('H'),2,str('stdev'),0.628,97
691,0.57,17,0.3157894736842103,0.7973712130445876,0,23,2526,0,3383,str('KL'),2,str('stdev'),0.868,67
692,0.57,14,0.3157894736842103,0.8219335101498851,0,18,82,6,777,str('H'),1,str('tstat'),0.341,7
693,0.57,14,0.3157894736842103,0.8219335101498851,0,18,376,0,2991,str('H'),3,str('stdev'),0.373,49
694,0.57,79,0.3157894736842103,0.5964159836890913,0,68,2937,6,390,str('KL'),2,str('tstat'),0.839,88
695,0.64,3,0.6842105263157897,1.0,0,2,3915,3,4734,str('H'),3,str('tstat'),0.658,52
696,0.6,15,0.47368421052631576,0.8132389028922857,0,18,1505,5,2358,str('KL'),1,str('stdev'),0.13,16
697,0.57,15,0.3157894736842103,0.8132389028922857,0,20,1961,2,992,str('KL'),3,str('tstat'),0.578,91
698,0.57,15,0.3157894736842103,0.8132389028922857,0,20,4396,4,3597,str('H'),2,str('stdev'),0.105,30
699,0.57,12,0.3157894736842103,0.8412120063372186,0,15,3736,1,1749,str('KL'),1,str('stdev'),0.391,7
700,0.57,13,0.3157894736842103,0.8312282059467472,0,17,1140,7,4130,str('H'),3,str('tstat'),0.927,71
701,0.57,16,0.3157894736842103,0.80507157479825,0,22,960,1,471,str('KL'),2,str('stdev'),0.873,3
702,0.57,13,0.3157894736842103,0.8312282059467472,0,17,3525,7,2872,str('H'),3,str('tstat'),0.339,64
703,0.57,11,0.3157894736842103,0.8519953322453652,0,14,4576,2,2253,str('KL'),3,str('tstat'),0.158,100
704,0.57,24,0.3157894736842103,0.7531152587013256,0,30,1986,6,4210,str('H'),1,str('tstat'),0.77,63
705,0.57,18,0.3157894736842103,0.7900872956853299,0,24,1500,1,3086,str('H'),2,str('stdev'),0.468,44
706,0.57,60,0.3157894736842103,0.6329455911972497,0,62,3940,7,451,str('KL'),1,str('tstat'),0.994,80
707,0.57,13,0.3157894736842103,0.8312282059467472,0,17,2962,2,4820,str('H'),3,str('tstat'),0.501,60
708,0.57,17,0.3157894736842103,0.7973712130445876,0,23,371,4,2429,str('KL'),1,str('stdev'),0.037,20
709,0.57,12,0.3157894736842103,0.8412120063372186,0,15,116,2,3800,str('KL'),2,str('tstat'),0.007,28
710,0.57,54,0.3157894736842103,0.646894555671611,0,57,2511,4,1415,str('H'),1,str('stdev'),0.534,89
711,0.57,17,0.3157894736842103,0.7973712130445876,0,23,4351,1,3317,str('KL'),1,str('stdev'),0.961,75
712,0.57,13,0.3157894736842103,0.8312282059467472,0,17,1794,7,687,str('H'),3,str('tstat'),0.497,11
713,0.57,30,0.3157894736842103,0.7241355280002928,0,36,2241,0,2058,str('H'),2,str('stdev'),0.804,83
714,0.57,16,0.3157894736842103,0.80507157479825,0,22,4842,6,4449,str('KL'),3,str('tstat'),0.269,44
715,0.64,9,0.6842105263157897,0.8765576293506627,0,9,3319,3,41,str('H'),1,str('tstat'),0.228,18
716,0.57,17,0.3157894736842103,0.7973712130445876,0,23,870,5,2676,str('KL'),2,str('stdev'),0.7,54
717,0.57,14,0.3157894736842103,0.8219335101498851,0,18,885,1,2143,str('H'),1,str('stdev'),0.897,76
718,0.57,16,0.3157894736842103,0.80507157479825,0,22,3285,7,4519,str('KL'),3,str('tstat'),0.424,40
719,0.57,16,0.3157894736842103,0.80507157479825,0,22,4808,2,136,str('H'),2,str('tstat'),0.071,22
720,0.57,15,0.3157894736842103,0.8132389028922857,0,20,2465,7,1112,str('H'),1,str('tstat'),0.285,58
721,0.57,14,0.3157894736842103,0.8219335101498851,0,18,1706,0,2238,str('H'),2,str('stdev'),0.976,37
722,0.57,32,0.3157894736842103,0.7157128071201706,0,38,4107,6,4854,str('KL'),2,str('tstat'),0.451,98
723,0.63,8,0.6315789473684212,0.8907517615984447,0,9,2736,3,505,str('H'),3,str('tstat'),0.055,65
724,0.6,21,0.47368421052631576,0.7703369263209483,0,23,184,5,2876,str('KL'),1,str('stdev'),0.518,1
725,0.57,11,0.3157894736842103,0.8519953322453652,0,14,503,2,3578,str('H'),3,str('tstat'),0.235,51
726,0.57,15,0.3157894736842103,0.8132389028922857,0,20,3063,4,1207,str('KL'),1,str('stdev'),0.697,15
727,0.57,14,0.3157894736842103,0.8219335101498851,0,18,3807,1,4305,str('H'),1,str('stdev'),0.797,48
728,0.57,14,0.3157894736842103,0.8219335101498851,0,18,1398,7,1690,str('KL'),3,str('tstat'),0.272,87
729,0.57,15,0.3157894736842103,0.8132389028922857,0,20,2167,0,566,str('KL'),2,str('stdev'),0.966,8
730,0.57,14,0.3157894736842103,0.8219335101498851,0,18,4600,6,2933,str('H'),3,str('tstat'),0.496,72
731,0.54,24,0.15789473684210545,0.7531152587013256,0,31,3549,3,2338,str('KL'),1,str('tstat'),0.003,92
732,0.64,13,0.6842105263157897,0.8312282059467472,0,13,955,5,4949,str('H'),3,str('stdev'),0.535,31
733,0.62,3,0.5789473684210528,1.0,0,4,1164,3,1058,str('KL'),3,str('tstat'),0.733,99
734,0.64,13,0.6842105263157897,0.8312282059467472,0,13,3731,5,3688,str('H'),2,str('stdev'),0.199,35
735,0.57,13,0.3157894736842103,0.8312282059467472,0,17,4391,0,1825,str('KL'),3,str('stdev'),0.298,2
736,0.59,13,0.4210526315789473,0.8312282059467472,0,16,2049,5,1943,str('KL'),3,str('stdev'),0.09,69
737,0.57,12,0.3157894736842103,0.8412120063372186,0,15,1280,2,802,str('KL'),1,str('tstat'),0.641,39
738,0.57,14,0.3157894736842103,0.8219335101498851,0,18,3847,4,3202,str('H'),3,str('stdev'),0.178,77
739,0.57,18,0.3157894736842103,0.7900872956853299,0,24,3025,1,1294,str('KL'),2,str('stdev'),0.328,60
740,0.57,13,0.3157894736842103,0.8312282059467472,0,17,620,7,3920,str('H'),3,str('tstat'),0.853,24
741,0.57,18,0.3157894736842103,0.7900872956853299,0,24,302,0,4624,str('KL'),2,str('stdev'),0.398,74
742,0.57,17,0.3157894736842103,0.7973712130445876,0,23,2696,6,1999,str('H'),1,str('tstat'),0.924,10
743,0.67,5,0.8421052631578951,0.9453758807992224,0,2,4145,3,2657,str('KL'),1,str('tstat'),0.571,28
744,0.59,131,0.4210526315789473,0.5289517100124564,0,45,1589,5,256,str('H'),2,str('stdev'),0.108,88
745,0.57,11,0.3157894736842103,0.8519953322453652,0,14,2349,2,1395,str('H'),3,str('tstat'),0.662,18
746,0.57,19,0.3157894736842103,0.7831770807968056,0,25,4948,4,4015,str('KL'),1,str('stdev'),0.129,55
747,0.57,15,0.3157894736842103,0.8132389028922857,0,20,3191,1,863,str('H'),1,str('stdev'),0.369,84
748,0.57,15,0.3157894736842103,0.8132389028922857,0,20,743,7,3258,str('KL'),2,str('tstat'),0.84,45
749,0.57,14,0.3157894736842103,0.8219335101498851,0,18,626,2,4244,str('KL'),1,str('tstat'),0.213,81
750,0.57,19,0.3157894736842103,0.7831770807968056,0,25,3232,4,1634,str('H'),1,str('stdev'),0.746,42
751,0.57,15,0.3157894736842103,0.8132389028922857,0,20,4910,1,3478,str('KL'),3,str('stdev'),0.756,22
752,0.57,14,0.3157894736842103,0.8219335101498851,0,18,2337,6,2290,str('H'),3,str('stdev'),0.207,55
753,0.57,15,0.3157894736842103,0.8132389028922857,0,20,1856,1,1236,str('H'),3,str('tstat'),0.524,27
754,0.57,28,0.3157894736842103,0.7331201669184887,0,34,4289,7,3549,str('KL'),2,str('stdev'),0.061,91
755,0.57,12,0.3157894736842103,0.8412120063372186,0,15,2611,2,1642,str('H'),3,str('stdev'),0.445,74
756,0.57,17,0.3157894736842103,0.7973712130445876,0,23,16,4,4355,str('KL'),1,str('tstat'),0.97,13
757,0.57,15,0.3157894736842103,0.8132389028922857,0,20,410,1,75,str('KL'),3,str('stdev'),0.907,56
758,0.57,15,0.3157894736842103,0.8132389028922857,0,20,2844,7,2681,str('H'),1,str('tstat'),0.379,17
759,0.57,12,0.3157894736842103,0.8412120063372186,0,15,4056,2,2043,str('KL'),1,str('tstat'),0.124,47
760,0.57,26,0.3157894736842103,0.7427470938438099,0,32,1461,4,4424,str('H'),2,str('stdev'),0.589,83
761,0.64,4,0.6842105263157897,0.96993817790452,0,4,1947,3,3282,str('H'),3,str('tstat'),0.142,12
762,0.59,40,0.4210526315789473,0.6864699520106605,0,34,4508,5,682,str('KL'),1,str('stdev'),0.677,72
763,0.57,27,0.3157894736842103,0.73784765739289,0,33,3613,0,3815,str('H'),1,str('stdev'),0.827,90
764,0.57,13,0.3157894736842103,0.8312282059467472,0,17,1204,6,1439,str('KL'),2,str('tstat'),0.354,26
765,0.57,34,0.3157894736842103,0.7077858352974099,0,40,1071,0,2557,str('H'),1,str('stdev'),0.408,95
766,0.57,13,0.3157894736842103,0.8312282059467472,0,17,3511,6,161,str('KL'),3,str('tstat'),0.879,34
767,0.67,5,0.8421052631578951,0.9453758807992224,0,2,4640,3,4563,str('H'),2,str('tstat'),0.624,4
768,0.57,35,0.3157894736842103,0.7039906644907304,0,41,1901,4,911,str('KL'),2,str('tstat'),0.418,69
769,0.67,7,0.8421052631578951,0.9066194514461429,0,4,1410,3,1970,str('KL'),2,str('stdev'),0.843,50
770,0.6,41,0.47368421052631576,0.6832235381921123,0,33,4010,5,4654,str('H'),1,str('tstat'),0.318,86
771,0.57,25,0.3157894736842103,0.7478314577833614,0,31,2881,0,304,str('KL'),1,str('tstat'),0.188,53
772,0.57,12,0.3157894736842103,0.8412120063372186,0,15,432,6,2607,str('H'),3,str('stdev'),0.65,14
773,0.65,20,0.7368421052631582,0.7766040867459696,0,19,43,3,1725,str('H'),2,str('tstat'),0.712,71
774,0.57,15,0.3157894736842103,0.8132389028922857,0,20,2642,5,4115,str('KL'),2,str('stdev'),0.247,10
775,0.57,16,0.3157894736842103,0.80507157479825,0,22,4248,0,997,str('H'),1,str('stdev'),0.257,30
776,0.57,14,0.3157894736842103,0.8219335101498851,0,18,1799,6,3632,str('KL'),3,str('tstat'),0.784,94
777,0.57,14,0.3157894736842103,0.8219335101498851,0,18,2295,1,4759,str('KL'),2,str('stdev'),0.477,13
778,0.57,19,0.3157894736842103,0.7831770807968056,0,25,4689,7,2373,str('H'),1,str('tstat'),0.95,52
779,0.57,14,0.3157894736842103,0.8219335101498851,0,18,3402,2,2986,str('KL'),2,str('tstat'),0.554,85
780,0.57,16,0.3157894736842103,0.80507157479825,0,22,846,4,356,str('H'),3,str('stdev'),0.019,49
781,0.65,3,0.7368421052631582,1.0,1,1,815,3,2903,str('KL'),3,str('stdev'),0.291,82
782,0.62,21,0.5789473684210528,0.7703369263209483,0,22,3375,5,595,str('H'),1,str('tstat'),0.762,46
783,0.57,15,0.3157894736842103,0.8132389028922857,0,20,4746,0,4998,str('KL'),2,str('tstat'),0.741,16
784,0.64,14,0.6842105263157897,0.8219335101498851,0,14,2400,5,3785,str('KL'),2,str('tstat'),0.903,51
785,0.57,13,0.3157894736842103,0.8312282059467472,0,17,1636,2,2730,str('KL'),2,str('stdev'),0.335,31
786,0.57,16,0.3157894736842103,0.80507157479825,0,22,4197,4,27,str('H'),3,str('tstat'),0.862,92
787,0.57,17,0.3157894736842103,0.7973712130445876,0,23,2674,1,4394,str('KL'),1,str('tstat'),0.634,71
788,0.57,14,0.3157894736842103,0.8219335101498851,0,18,265,7,2072,str('H'),2,str('stdev'),0.17,7
789,0.57,19,0.3157894736842103,0.7831770807968056,0,25,573,0,1524,str('KL'),1,str('tstat'),0.579,57
790,0.57,15,0.3157894736842103,0.8132389028922857,0,20,2974,6,3846,str('H'),2,str('stdev'),0.115,21
791,0.63,4,0.6315789473684212,0.96993817790452,0,5,3868,3,729,str('KL'),3,str('stdev'),0.39,42
792,0.57,29,0.3157894736842103,0.7285529615960279,0,35,1317,5,3432,str('H'),1,str('tstat'),0.916,81
793,0.57,12,0.3157894736842103,0.8412120063372186,0,15,2071,2,4490,str('H'),3,str('stdev'),0.345,1
794,0.57,19,0.3157894736842103,0.7831770807968056,0,25,4676,4,2172,str('KL'),2,str('tstat'),0.817,65
795,0.57,49,0.3157894736842103,0.6597347101474683,0,54,3464,1,2786,str('H'),2,str('tstat'),0.686,98
796,0.57,32,0.3157894736842103,0.7157128071201706,0,38,1020,7,88,str('KL'),1,str('stdev'),0.152,37
797,0.57,18,0.3157894736842103,0.7900872956853299,0,24,1241,1,4045,str('H'),2,str('tstat'),0.081,93
798,0.57,13,0.3157894736842103,0.8312282059467472,0,17,3635,7,1366,str('KL'),3,str('stdev'),0.613,29
799,0.57,13,0.3157894736842103,0.8312282059467472,0,17,4456,2,3209,str('H'),1,str('stdev'),0.888,8
800,0.57,26,0.3157894736842103,0.7427470938438099,0,32,2111,7,3015,str('H'),1,str('stdev'),0.724,75
801,0.57,15,0.3157894736842103,0.8132389028922857,0,20,1356,0,4066,str('H'),3,str('tstat'),0.046,45
802,0.57,32,0.3157894736842103,0.7157128071201706,0,38,3751,6,1773,str('KL'),2,str('stdev'),0.511,84
803,0.64,4,0.6842105263157897,0.96993817790452,0,4,3091,3,3661,str('H'),3,str('stdev'),0.985,54
804,0.57,14,0.3157894736842103,0.8219335101498851,0,18,535,5,968,str('KL'),3,str('tstat'),0.458,18
805,0.57,32,0.3157894736842103,0.7157128071201706,0,38,225,2,422,str('H'),2,str('stdev'),0.79,68
806,0.57,14,0.3157894736842103,0.8219335101498851,0,18,2792,4,3115,str('KL'),3,str('tstat'),0.262,4
807,0.57,12,0.3157894736842103,0.8412120063372186,0,15,4080,1,2477,str('H'),1,str('tstat'),0.241,34
808,0.57,14,0.3157894736842103,0.8219335101498851,0,18,1674,7,4770,str('KL'),3,str('stdev'),0.706,95
809,0.57,13,0.3157894736842103,0.8312282059467472,0,17,2438,0,3717,str('KL'),1,str('tstat'),0.025,25
810,0.57,13,0.3157894736842103,0.8312282059467472,0,17,4878,6,1029,str('H'),3,str('stdev'),0.56,61
811,0.55,3,0.21052631578947392,1.0,0,9,3273,3,4161,str('KL'),3,str('stdev'),0.944,78
812,0.59,16,0.4210526315789473,0.80507157479825,0,20,682,5,1873,str('H'),2,str('tstat'),0.471,39
813,0.57,59,0.3157894736842103,0.6351724130421709,0,61,722,0,633,str('H'),2,str('tstat'),0.6,87
814,0.57,16,0.3157894736842103,0.80507157479825,0,22,3155,6,3332,str('KL'),1,str('stdev'),0.066,48
815,0.65,5,0.7368421052631582,0.9453758807992224,0,4,4995,3,1468,str('H'),1,str('stdev'),0.43,16
816,0.57,14,0.3157894736842103,0.8219335101498851,0,18,1726,2,39,str('KL'),3,str('tstat'),0.279,85
817,0.57,14,0.3157894736842103,0.8219335101498851,0,18,4321,4,2718,str('H'),3,str('stdev'),0.804,46
818,0.57,14,0.3157894736842103,0.8219335101498851,0,18,2560,1,2084,str('KL'),3,str('stdev'),0.689,19
819,0.57,16,0.3157894736842103,0.80507157479825,0,22,126,7,4382,str('H'),1,str('tstat'),0.227,55
820,0.63,4,0.6315789473684212,0.96993817790452,0,5,546,3,2202,str('H'),2,str('tstat'),0.332,3
821,0.6,8,0.47368421052631576,0.8907517615984447,0,12,315,3,4903,str('H'),2,str('stdev'),0.281,63
822,0.62,14,0.5789473684210528,0.8219335101498851,0,16,2920,5,2190,str('KL'),3,str('tstat'),0.807,24
823,0.57,13,0.3157894736842103,0.8312282059467472,0,17,3971,0,2847,str('H'),3,str('tstat'),0.688,41
824,0.57,16,0.3157894736842103,0.80507157479825,0,22,1526,6,534,str('KL'),3,str('stdev'),0.225,77
825,0.57,16,0.3157894736842103,0.80507157479825,0,22,2017,1,1585,str('KL'),2,str('tstat'),0.545,5
826,0.57,14,0.3157894736842103,0.8219335101498851,0,18,4418,7,4294,str('H'),3,str('stdev'),0.012,66
827,0.57,24,0.3157894736842103,0.7531152587013256,0,30,3674,2,1141,str('KL'),1,str('stdev'),0.486,96
828,0.57,15,0.3157894736842103,0.8132389028922857,0,20,1122,4,3449,str('H'),3,str('tstat'),0.957,32
829,0.57,12,0.3157894736842103,0.8412120063372186,0,15,982,2,2421,str('KL'),3,str('stdev'),0.78,89
830,0.57,17,0.3157894736842103,0.7973712130445876,0,23,3581,4,4709,str('H'),2,str('tstat'),0.307,28
831,0.57,12,0.3157894736842103,0.8412120063372186,0,15,4559,1,327,str('KL'),1,str('tstat'),0.188,11
832,0.57,13,0.3157894736842103,0.8312282059467472,0,17,3983,6,4074,str('KL'),2,str('tstat'),0.563,32
833,0.62,4,0.5789473684210528,0.96993817790452,0,6,2927,3,960,str('H'),2,str('tstat'),0.931,8
834,0.64,13,0.6842105263157897,0.8312282059467472,0,13,327,5,3669,str('KL'),3,str('stdev'),0.406,72
835,0.57,12,0.3157894736842103,0.8412120063372186,0,15,257,1,843,str('KL'),3,str('stdev'),0.044,23
836,0.57,21,0.3157894736842103,0.7703369263209483,0,27,2662,7,3160,str('H'),1,str('tstat'),0.509,62
837,0.57,14,0.3157894736842103,0.8219335101498851,0,18,132,1,3153,str('KL'),3,str('tstat'),0.102,64
838,0.57,17,0.3157894736842103,0.7973712130445876,0,23,2572,7,850,str('H'),2,str('stdev'),0.565,3
839,0.57,12,0.3157894736842103,0.8412120063372186,0,15,4329,2,3949,str('KL'),2,str('stdev'),0.929,36
840,0.57,101,0.3157894736842103,0.5636863584897582,0,74,1738,4,1266,str('H'),1,str('tstat'),0.404,100
841,0.61,5,0.5263157894736843,0.9453758807992224,0,8,2219,3,209,str('H'),1,str('stdev'),0.833,19
842,0.62,18,0.5789473684210528,0.7900872956853299,0,20,4785,5,2507,str('KL'),2,str('tstat'),0.363,58
843,0.57,13,0.3157894736842103,0.8312282059467472,0,17,931,6,4593,str('KL'),1,str('stdev'),0.668,43
844,0.57,16,0.3157894736842103,0.80507157479825,0,22,919,0,3324,str('H'),3,str('stdev'),0.543,27
845,0.57,43,0.3157894736842103,0.6769563777670912,0,49,3328,6,641,str('KL'),1,str('tstat'),0.011,88
846,0.64,4,0.6842105263157897,0.96993817790452,0,4,4773,3,3778,str('H'),3,str('tstat'),0.488,74
847,0.63,14,0.6315789473684212,0.8219335101498851,0,15,2212,5,1475,str('KL'),2,str('stdev'),0.959,10
848,0.57,15,0.3157894736842103,0.8132389028922857,0,20,4072,7,1248,str('KL'),2,str('tstat'),0.116,50
849,0.57,13,0.3157894736842103,0.8312282059467472,0,17,2779,2,4342,str('H'),2,str('tstat'),0.387,14
850,0.57,17,0.3157894736842103,0.7973712130445876,0,23,219,4,1654,str('KL'),1,str('stdev'),0.915,53
851,0.57,18,0.3157894736842103,0.7900872956853299,0,24,444,0,3834,str('KL'),1,str('stdev'),0.526,5
852,0.57,25,0.3157894736842103,0.7478314577833614,0,31,2888,6,1536,str('H'),1,str('tstat'),0.063,69
853,0.63,17,0.6315789473684212,0.7973712130445876,0,18,3098,5,4890,str('KL'),1,str('stdev'),0.86,64
854,0.57,14,0.3157894736842103,0.8219335101498851,0,18,3764,0,546,str('H'),3,str('stdev'),0.636,100
855,0.57,12,0.3157894736842103,0.8412120063372186,0,15,2122,1,4286,str('KL'),2,str('stdev'),0.599,59
856,0.57,13,0.3157894736842103,0.8312282059467472,0,17,4567,7,1593,str('H'),1,str('tstat'),0.064,20
857,0.57,12,0.3157894736842103,0.8412120063372186,0,15,3594,2,3441,str('KL'),1,str('tstat'),0.432,44
858,0.57,37,0.3157894736842103,0.6967067471314727,0,43,988,4,1148,str('H'),2,str('stdev'),0.905,80
859,0.57,19,0.3157894736842103,0.7831770807968056,0,25,1131,2,4722,str('KL'),1,str('tstat'),0.832,48
860,0.57,14,0.3157894736842103,0.8219335101498851,0,18,3686,4,2409,str('H'),3,str('stdev'),0.361,87
861,0.57,12,0.3157894736842103,0.8412120063372186,0,15,4425,1,3028,str('KL'),2,str('stdev'),0.137,51
862,0.57,14,0.3157894736842103,0.8219335101498851,0,18,2030,7,315,str('H'),1,str('tstat'),0.671,15
863,0.57,66,0.3157894736842103,0.6203063609261443,0,64,1535,0,1766,str('H'),1,str('stdev'),0.1,92
864,0.59,17,0.4210526315789473,0.7973712130445876,0,21,3880,5,1963,str('H'),1,str('stdev'),0.265,26
865,0.57,14,0.3157894736842103,0.8219335101498851,0,18,2981,0,2615,str('KL'),3,str('stdev'),0.24,12
866,0.57,51,0.3157894736842103,0.6544509092295041,0,55,586,6,297,str('H'),2,str('tstat'),0.704,73
867,0.57,13,0.3157894736842103,0.8312282059467472,0,17,8,2,3123,str('H'),2,str('tstat'),0.846,22
868,0.57,36,0.3157894736842103,0.7002994841595456,0,42,2599,4,415,str('KL'),1,str('stdev'),0.32,58
869,0.57,32,0.3157894736842103,0.7157128071201706,0,38,4189,2,1258,str('KL'),2,str('tstat'),0.986,76
870,0.57,16,0.3157894736842103,0.80507157479825,0,22,1623,4,3957,str('H'),3,str('stdev'),0.46,40
871,0.65,15,0.7368421052631582,0.8132389028922857,0,14,2392,3,2519,str('H'),1,str('tstat'),0.778,67
872,0.57,13,0.3157894736842103,0.8312282059467472,0,17,4983,5,197,str('KL'),3,str('stdev'),0.306,6
873,0.57,14,0.3157894736842103,0.8219335101498851,0,18,3148,0,4605,str('H'),2,str('stdev'),0.191,33
874,0.57,14,0.3157894736842103,0.8219335101498851,0,18,709,6,1902,str('KL'),3,str('tstat'),0.726,97
875,0.65,5,0.7368421052631582,0.9453758807992224,0,4,671,3,602,str('KL'),1,str('tstat'),0.346,30
876,0.59,37,0.4210526315789473,0.6967067471314727,0,32,3265,5,2895,str('H'),2,str('stdev'),0.819,94
877,0.57,17,0.3157894736842103,0.7973712130445876,0,23,4865,0,2297,str('KL'),2,str('stdev'),0.685,70
878,0.57,14,0.3157894736842103,0.8219335101498851,0,18,2432,6,4990,str('H'),3,str('tstat'),0.149,9
879,0.57,42,0.3157894736842103,0.6800535177151712,0,48,1663,1,3536,str('H'),1,str('stdev'),0.582,86
880,0.57,13,0.3157894736842103,0.8312282059467472,0,17,4256,6,2231,str('KL'),3,str('stdev'),0.382,39
881,0.64,5,0.6842105263157897,0.9453758807992224,0,5,2655,3,2884,str('H'),1,str('stdev'),0.123,25
882,0.57,13,0.3157894736842103,0.8312282059467472,0,17,50,5,498,str('KL'),3,str('tstat'),0.587,61
883,0.57,12,0.3157894736842103,0.8412120063372186,0,15,608,1,2688,str('KL'),1,str('tstat'),0.978,9
884,0.57,14,0.3157894736842103,0.8219335101498851,0,18,3017,7,68,str('H'),3,str('stdev'),0.453,70
885,0.64,26,0.6842105263157897,0.7427470938438099,0,23,4022,3,3420,str('KL'),2,str('tstat'),0.443,96
886,0.57,13,0.3157894736842103,0.8312282059467472,0,17,1417,5,741,str('H'),3,str('stdev'),0.968,35
887,0.57,12,0.3157894736842103,0.8412120063372186,0,15,1912,2,2180,str('H'),3,str('tstat'),0.293,60
888,0.57,16,0.3157894736842103,0.80507157479825,0,22,4464,4,4482,str('KL'),1,str('stdev'),0.763,24
889,0.57,14,0.3157894736842103,0.8219335101498851,0,18,3647,1,95,str('H'),1,str('stdev'),0.738,38
890,0.57,14,0.3157894736842103,0.8219335101498851,0,18,1247,7,2779,str('KL'),3,str('tstat'),0.205,77
891,0.57,14,0.3157894736842103,0.8219335101498851,0,18,1028,1,1354,str('H'),3,str('stdev'),0.027,47
892,0.57,14,0.3157894736842103,0.8219335101498851,0,18,3476,7,4057,str('KL'),3,str('tstat'),0.562,83
893,0.57,16,0.3157894736842103,0.80507157479825,0,22,4684,2,899,str('H'),3,str('tstat'),0.942,56
894,0.57,17,0.3157894736842103,0.7973712130445876,0,23,2084,4,3221,str('KL'),1,str('stdev'),0.469,17
895,0.67,23,0.8421052631578951,0.758614783691508,0,13,1325,3,4661,str('KL'),1,str('tstat'),0.792,90
896,0.57,20,0.3157894736842103,0.7766040867459696,0,26,4045,4,814,str('H'),1,str('tstat'),0.249,38
897,0.57,12,0.3157894736842103,0.8412120063372186,0,15,2837,1,3907,str('KL'),3,str('tstat'),0.255,2
898,0.57,22,0.3157894736842103,0.7643484002337513,0,28,398,7,1307,str('H'),2,str('stdev'),0.783,66
899,0.64,4,0.6842105263157897,0.96993817790452,0,4,192,3,4103,str('H'),3,str('stdev'),0.643,17
900,0.61,17,0.5263157894736843,0.7973712130445876,0,19,2747,5,1737,str('KL'),2,str('tstat'),0.18,56
901,0.57,14,0.3157894736842103,0.8219335101498851,0,18,4282,1,4778,str('H'),1,str('stdev'),0.185,82
902,0.57,14,0.3157894736842103,0.8219335101498851,0,18,1843,7,2470,str('KL'),2,str('tstat'),0.649,43
903,0.57,26,0.3157894736842103,0.7427470938438099,0,32,2329,0,1017,str('KL'),2,str('stdev'),0.082,65
904,0.58,19,0.3684210526315788,0.7831770807968056,0,24,4734,6,3730,str('H'),1,str('tstat'),0.616,1
905,0.66,4,0.7894736842105267,0.96993817790452,0,2,3368,3,1861,str('KL'),3,str('tstat'),0.887,37
906,0.57,34,0.3157894736842103,0.7077858352974099,0,40,801,5,4174,str('H'),2,str('stdev'),0.415,98
907,0.57,15,0.3157894736842103,0.8132389028922857,0,20,858,2,1622,str('KL'),2,str('stdev'),0.144,34
908,0.57,43,0.3157894736842103,0.6769563777670912,0,49,3410,4,4256,str('H'),1,str('tstat'),0.679,95
909,0.57,18,0.3157894736842103,0.7900872956853299,0,24,4703,1,1100,str('KL'),1,str('tstat'),0.825,68
910,0.57,15,0.3157894736842103,0.8132389028922857,0,20,2302,7,3490,str('H'),2,str('stdev'),0.352,4
911,0.57,24,0.3157894736842103,0.7531152587013256,0,30,1811,0,4861,str('H'),2,str('tstat'),0.909,79
912,0.57,16,0.3157894736842103,0.80507157479825,0,22,4153,5,3883,str('H'),2,str('tstat'),0.696,43
913,0.57,17,0.3157894736842103,0.7973712130445876,0,23,2709,0,770,str('KL'),1,str('tstat'),0.799,20
914,0.57,17,0.3157894736842103,0.7973712130445876,0,23,308,6,3390,str('H'),2,str('stdev'),0.273,59
915,0.57,11,0.3157894736842103,0.8519953322453652,0,14,359,2,1200,str('H'),3,str('stdev'),0.161,11
916,0.57,21,0.3157894736842103,0.7703369263209483,0,27,2954,4,3585,str('KL'),2,str('tstat'),0.626,75
917,0.57,17,0.3157894736842103,0.7973712130445876,0,23,3834,2,4432,str('KL'),2,str('stdev'),0.053,93
918,0.57,14,0.3157894736842103,0.8219335101498851,0,18,1273,4,2036,str('H'),2,str('tstat'),0.516,29
919,0.63,14,0.6315789473684212,0.8219335101498851,0,15,2037,3,669,str('H'),2,str('stdev'),0.215,53
920,0.57,15,0.3157894736842103,0.8132389028922857,0,20,4632,5,3295,str('KL'),3,str('tstat'),0.748,14
921,0.57,19,0.3157894736842103,0.7831770807968056,0,25,3498,0,1427,str('H'),2,str('tstat'),0.754,50
922,0.57,23,0.3157894736842103,0.758614783691508,0,29,1065,6,3827,str('KL'),2,str('stdev'),0.283,86
923,0.57,13,0.3157894736842103,0.8312282059467472,0,17,1196,0,168,str('H'),3,str('tstat'),0.479,41
924,0.57,24,0.3157894736842103,0.7531152587013256,0,30,3602,6,2549,str('KL'),2,str('stdev'),0.952,80
925,0.66,11,0.7894736842105267,0.8519953322453652,0,9,4501,3,1950,str('H'),1,str('stdev'),0.552,57
926,0.64,13,0.6842105263157897,0.8312282059467472,0,13,1935,5,4556,str('KL'),3,str('tstat'),0.017,21
927,0.57,12,0.3157894736842103,0.8412120063372186,0,15,1454,2,3190,str('KL'),3,str('stdev'),0.714,99
928,0.57,17,0.3157894736842103,0.7973712130445876,0,23,3795,7,3074,str('KL'),3,str('stdev'),0.921,33
929,0.57,12,0.3157894736842103,0.8412120063372186,0,15,3057,2,2441,str('H'),1,str('stdev'),0.572,6
930,0.57,13,0.3157894736842103,0.8312282059467472,0,17,491,4,4808,str('KL'),3,str('tstat'),0.11,67
931,0.57,15,0.3157894736842103,0.8132389028922857,0,20,89,0,2011,str('KL'),1,str('tstat'),0.465,16
932,0.57,14,0.3157894736842103,0.8219335101498851,0,18,2537,6,4612,str('H'),3,str('stdev'),0.993,52
933,0.57,15,0.3157894736842103,0.8132389028922857,0,20,4113,0,3619,str('H'),3,str('tstat'),0.326,82
934,0.57,15,0.3157894736842103,0.8132389028922857,0,20,1719,6,1009,str('KL'),1,str('stdev'),0.851,47
935,0.57,14,0.3157894736842103,0.8219335101498851,0,18,2473,1,2380,str('KL'),3,str('tstat'),0.41,74
936,0.57,15,0.3157894736842103,0.8132389028922857,0,20,4921,7,4751,str('H'),2,str('stdev'),0.88,13
937,0.57,14,0.3157894736842103,0.8219335101498851,0,18,3238,2,363,str('KL'),3,str('stdev'),0.621,27
938,0.57,31,0.3157894736842103,0.7198583543384285,0,37,638,4,2979,str('H'),1,str('tstat'),0.088,91
939,0.57,14,0.3157894736842103,0.8219335101498851,0,18,755,1,4532,str('H'),3,str('tstat'),0.965,36
940,0.57,30,0.3157894736842103,0.7241355280002928,0,36,3200,7,2131,str('KL'),1,str('stdev'),0.494,100
941,0.57,13,0.3157894736842103,0.8312282059467472,0,17,4961,2,2749,str('H'),3,str('stdev'),0.004,64
942,0.57,21,0.3157894736842103,0.7703369263209483,0,27,2356,4,124,str('KL'),2,str('tstat'),0.538,3
943,0.64,4,0.6842105263157897,0.96993817790452,0,4,1601,3,1488,str('KL'),3,str('stdev'),0.232,79
944,0.57,16,0.3157894736842103,0.80507157479825,0,22,4338,7,4551,str('H'),3,str('stdev'),0.836,60
945,0.57,22,0.3157894736842103,0.7643484002337513,0,28,2503,2,183,str('KL'),2,str('stdev'),0.659,80
946,0.57,15,0.3157894736842103,0.8132389028922857,0,20,104,4,2574,str('H'),3,str('tstat'),0.133,44
947,0.57,72,0.3157894736842103,0.6087518843473614,0,67,486,0,378,str('H'),1,str('tstat'),0.303,89
948,0.57,14,0.3157894736842103,0.8219335101498851,0,18,3082,6,3003,str('KL'),2,str('stdev'),0.766,28
949,0.57,21,0.3157894736842103,0.7703369263209483,0,27,3926,1,1683,str('H'),2,str('tstat'),0.87,90
950,0.57,19,0.3157894736842103,0.7831770807968056,0,25,1493,7,4313,str('KL'),1,str('stdev'),0.343,29
951,0.57,19,0.3157894736842103,0.7831770807968056,0,25,1974,0,2945,str('KL'),1,str('tstat'),0.895,54
952,0.57,14,0.3157894736842103,0.8219335101498851,0,18,4383,6,554,str('H'),2,str('stdev'),0.423,18
953,0.61,3,0.5263157894736843,1.0,0,5,3718,3,4961,str('KL'),3,str('stdev'),0.074,44
954,0.63,36,0.6315789473684212,0.7002994841595456,0,30,1157,5,2326,str('H'),1,str('tstat'),0.609,84
955,0.64,4,0.6842105263157897,0.96993817790452,0,4,947,3,3680,str('KL'),2,str('stdev'),0.66,41
956,0.57,29,0.3157894736842103,0.7285529615960279,0,35,3538,5,1065,str('H'),1,str('tstat'),0.128,77
957,0.57,15,0.3157894736842103,0.8132389028922857,0,20,4594,0,4203,str('KL'),1,str('tstat'),0.371,63
958,0.57,13,0.3157894736842103,0.8312282059467472,0,17,2154,6,1832,str('H'),3,str('stdev'),0.842,23
959,0.57,60,0.3157894736842103,0.6329455911972497,0,62,1390,1,463,str('H'),2,str('tstat'),0.396,96
960,0.57,14,0.3157894736842103,0.8219335101498851,0,18,2584,5,174,str('H'),3,str('stdev'),0.785,63
961,0.57,24,0.3157894736842103,0.7531152587013256,0,30,4267,0,4557,str('KL'),2,str('stdev'),0.712,99
962,0.57,13,0.3157894736842103,0.8312282059467472,0,17,1858,6,1947,str('H'),1,str('tstat'),0.247,35
963,0.57,13,0.3157894736842103,0.8312282059467472,0,17,2314,1,817,str('H'),1,str('stdev'),0.554,60
964,0.57,12,0.3157894736842103,0.8412120063372186,0,15,4748,7,3189,str('KL'),2,str('tstat'),0.019,20
965,0.65,161,0.7368421052631582,0.501361877535318,0,44,4372,3,268,str('KL'),1,str('stdev'),0.504,88
966,0.59,17,0.4210526315789473,0.7973712130445876,0,21,1773,5,2644,str('H'),2,str('tstat'),0.038,49
967,0.57,13,0.3157894736842103,0.8312282059467472,0,17,2263,2,4007,str('H'),1,str('stdev'),0.732,71
968,0.57,14,0.3157894736842103,0.8219335101498851,0,18,4819,4,1402,str('KL'),3,str('tstat'),0.196,7
969,0.57,16,0.3157894736842103,0.80507157479825,0,22,3292,1,3251,str('H'),2,str('tstat'),0.3,31
970,0.57,16,0.3157894736842103,0.80507157479825,0,22,897,7,870,str('KL'),3,str('stdev'),0.773,91
971,0.64,4,0.6842105263157897,0.96993817790452,0,4,863,3,3942,str('H'),3,str('stdev'),0.575,63
972,0.59,15,0.4210526315789473,0.8132389028922857,0,19,3306,5,1312,str('KL'),3,str('tstat'),0.103,2
973,0.57,16,0.3157894736842103,0.80507157479825,0,22,4833,0,3175,str('H'),1,str('tstat'),0.393,35
974,0.57,13,0.3157894736842103,0.8312282059467472,0,17,2229,6,790,str('KL'),3,str('stdev'),0.928,99
975,0.57,13,0.3157894736842103,0.8312282059467472,0,17,1787,1,1916,str('KL'),1,str('tstat'),0.372,21
976,0.57,17,0.3157894736842103,0.7973712130445876,0,23,3032,6,599,str('KL'),1,str('stdev'),0.917,51
977,0.63,17,0.6315789473684212,0.7973712130445876,0,18,3849,3,4982,str('H'),2,str('stdev'),0.58,87
978,0.57,16,0.3157894736842103,0.80507157479825,0,22,1258,5,2303,str('KL'),2,str('tstat'),0.114,48
979,0.57,13,0.3157894736842103,0.8312282059467472,0,17,2051,2,1242,str('KL'),3,str('stdev'),0.687,71
980,0.57,18,0.3157894736842103,0.7900872956853299,0,24,4618,4,3545,str('H'),1,str('tstat'),0.151,7
981,0.66,4,0.7894736842105267,0.96993817790452,0,2,3820,3,2346,str('H'),2,str('stdev'),0.729,11
982,0.6,23,0.47368421052631576,0.758614783691508,0,24,1385,5,4747,str('KL'),1,str('tstat'),0.203,75
983,0.57,12,0.3157894736842103,0.8412120063372186,0,15,2179,2,3605,str('KL'),1,str('stdev'),0.504,45
984,0.57,47,0.3157894736842103,0.6652342351376508,0,52,4589,4,984,str('H'),2,str('tstat'),0.033,84
985,0.57,16,0.3157894736842103,0.80507157479825,0,22,3533,1,4137,str('KL'),2,str('tstat'),0.464,55
986,0.57,13,0.3157894736842103,0.8312282059467472,0,17,971,7,1742,str('H'),3,str('stdev'),0.998,19
987,0.57,15,0.3157894736842103,0.8132389028922857,0,20,1300,2,4752,str('H'),1,str('tstat'),0.328,84
988,0.57,15,0.3157894736842103,0.8132389028922857,0,20,3905,4,2376,str('KL'),3,str('stdev'),0.853,45
989,0.57,13,0.3157894736842103,0.8312282059467472,0,17,3006,1,2970,str('H'),2,str('stdev'),0.641,19
990,0.57,13,0.3157894736842103,0.8312282059467472,0,17,561,7,370,str('KL'),3,str('tstat'),0.178,55
991,0.68,6,0.8947368421052636,0.9246087545006043,0,2,23,3,2540,str('KL'),1,str('tstat'),0.257,2
992,0.57,15,0.3157894736842103,0.8132389028922857,0,20,2772,4,1352,str('H'),3,str('tstat'),0.706,75
993,0.57,42,0.3157894736842103,0.6800535177151712,0,48,4138,1,3216,str('KL'),1,str('tstat'),0.79,89
994,0.57,13,0.3157894736842103,0.8312282059467472,0,17,1694,7,908,str('H'),3,str('stdev'),0.263,28
995,0.57,19,0.3157894736842103,0.7831770807968056,0,25,2497,0,1954,str('H'),2,str('tstat'),0.944,54
996,0.57,15,0.3157894736842103,0.8132389028922857,0,20,4897,6,4667,str('KL'),3,str('stdev'),0.471,18
997,0.57,15,0.3157894736842103,0.8132389028922857,0,20,3382,2,1301,str('H'),2,str('tstat'),0.477,44
998,0.57,13,0.3157894736842103,0.8312282059467472,0,17,787,4,3916,str('KL'),3,str('stdev'),0.95,80
999,0.63,8,0.6315789473684212,0.8907517615984447,0,9,834,3,1540,str('H'),1,str('stdev'),0.74,41
1000,0.57,17,0.3157894736842103,0.7973712130445876,0,23,3434,5,3833,str('KL'),2,str('tstat'),0.207,77
1001,0.57,26,0.3157894736842103,0.7427470938438099,0,32,4726,0,734,str('H'),2,str('tstat'),0.291,63
1002,0.57,13,0.3157894736842103,0.8312282059467472,0,17,2278,6,3428,str('KL'),1,str('stdev'),0.761,24
1003,0.57,17,0.3157894736842103,0.7973712130445876,0,23,1836,1,4474,str('KL'),1,str('tstat'),0.445,96
1004,0.57,15,0.3157894736842103,0.8132389028922857,0,20,4231,7,2186,str('H'),2,str('stdev'),0.97,32
1005,0.57,12,0.3157894736842103,0.8412120063372186,0,15,2630,2,2780,str('KL'),3,str('stdev'),0.524,5
1006,0.57,106,0.3157894736842103,0.557239211859857,0,76,75,4,91,str('H'),1,str('tstat'),0.061,66
1007,0.57,14,0.3157894736842103,0.8219335101498851,0,18,593,0,2897,str('H'),3,str('tstat'),0.389,15
1008,0.64,16,0.6842105263157897,0.80507157479825,0,16,2939,5,3328,str('H'),1,str('tstat'),0.225,55
1009,0.57,33,0.3157894736842103,0.711691026244393,0,39,3912,0,1484,str('KL'),1,str('tstat'),0.281,82
1010,0.57,13,0.3157894736842103,0.8312282059467472,0,17,1507,6,3772,str('H'),3,str('stdev'),0.806,46
1011,0.57,26,0.3157894736842103,0.7427470938438099,0,32,1959,1,2723,str('H'),2,str('tstat'),0.486,74
1012,0.57,15,0.3157894736842103,0.8132389028922857,0,20,4398,7,30,str('KL'),3,str('stdev'),0.956,13
1013,0.57,13,0.3157894736842103,0.8312282059467472,0,17,3484,1,1657,str('KL'),2,str('tstat'),0.344,31
1014,0.57,30,0.3157894736842103,0.7241355280002928,0,36,1078,7,4341,str('H'),1,str('stdev'),0.817,92
1015,0.57,13,0.3157894736842103,0.8312282059467472,0,17,1182,1,416,str('KL'),1,str('tstat'),0.889,36
1016,0.57,14,0.3157894736842103,0.8219335101498851,0,18,3615,7,3119,str('H'),3,str('stdev'),0.417,100
1017,0.57,12,0.3157894736842103,0.8412120063372186,0,15,4515,2,2462,str('KL'),3,str('stdev'),0.08,64
1018,0.57,17,0.3157894736842103,0.7973712130445876,0,23,1921,4,4784,str('H'),2,str('tstat'),0.614,3
1019,0.66,22,0.7894736842105267,0.7643484002337513,0,18,1469,3,3723,str('H'),1,str('stdev'),0.187,79
1020,0.62,15,0.5789473684210528,0.8132389028922857,0,17,4029,5,1025,str('KL'),3,str('tstat'),0.651,43
1021,0.57,15,0.3157894736842103,0.8132389028922857,0,20,2822,0,4177,str('H'),2,str('tstat'),0.844,19
1022,0.57,17,0.3157894736842103,0.7973712130445876,0,23,413,6,1860,str('KL'),2,str('stdev'),0.318,58
1023,0.57,12,0.3157894736842103,0.8412120063372186,0,15,167,2,4060,str('KL'),2,str('stdev'),0.242,11
1024,0.57,21,0.3157894736842103,0.7703369263209483,0,27,2513,7,4723,str('KL'),2,str('stdev'),0.404,69
1025,0.57,17,0.3157894736842103,0.7973712130445876,0,23,4348,2,321,str('H'),1,str('stdev'),0.101,93
1026,0.57,16,0.3157894736842103,0.80507157479825,0,22,1796,4,3019,str('KL'),1,str('tstat'),0.565,29
1027,0.63,4,0.6315789473684212,0.96993817790452,0,5,2238,3,4082,str('KL'),3,str('stdev'),0.135,53
1028,0.61,16,0.5263157894736843,0.80507157479825,0,18,4844,5,1760,str('H'),1,str('tstat'),0.669,14
1029,0.63,20,0.6315789473684212,0.7766040867459696,0,21,3214,3,299,str('H'),1,str('stdev'),0.025,45
1030,0.59,14,0.4210526315789473,0.8219335101498851,0,17,662,5,2612,str('KL'),3,str('tstat'),0.56,84
1031,0.57,15,0.3157894736842103,0.8132389028922857,0,20,780,0,4887,str('KL'),1,str('tstat'),0.43,42
1032,0.57,14,0.3157894736842103,0.8219335101498851,0,18,3175,6,2203,str('H'),3,str('stdev'),0.903,81
1033,0.66,6,0.7894736842105267,0.9246087545006043,0,4,4936,3,2841,str('KL'),2,str('stdev'),0.601,57
1034,0.62,14,0.5789473684210528,0.8219335101498851,0,16,2381,5,538,str('H'),2,str('tstat'),0.066,21
1035,0.57,18,0.3157894736842103,0.7900872956853299,0,24,1577,2,1601,str('H'),2,str('stdev'),0.634,98
1036,0.57,13,0.3157894736842103,0.8312282059467472,0,17,4177,4,4280,str('KL'),3,str('tstat'),0.169,37
1037,0.57,17,0.3157894736842103,0.7973712130445876,0,23,2733,1,1147,str('H'),2,str('tstat'),0.334,1
1038,0.57,17,0.3157894736842103,0.7973712130445876,0,23,285,7,3445,str('KL'),1,str('stdev'),0.862,65
1039,0.63,5,0.6315789473684212,0.9453758807992224,0,6,373,3,639,str('KL'),2,str('stdev'),0.687,16
1040,0.57,18,0.3157894736842103,0.7900872956853299,0,24,3066,7,2587,str('H'),1,str('stdev'),0.364,47
1041,0.57,18,0.3157894736842103,0.7900872956853299,0,24,3805,2,1988,str('KL'),1,str('stdev'),0.14,17
1042,0.57,21,0.3157894736842103,0.7703369263209483,0,27,1401,4,4672,str('H'),2,str('tstat'),0.667,56
1043,0.57,7,0.3157894736842103,0.9066194514461429,0,12,2165,3,3230,str('H'),2,str('stdev'),0.095,26
1044,0.6,73,0.47368421052631576,0.6069189356056883,0,43,4603,5,932,str('KL'),1,str('tstat'),0.568,90
1045,0.57,12,0.3157894736842103,0.8412120063372186,0,15,3733,2,4379,str('H'),1,str('stdev'),0.545,27
1046,0.57,14,0.3157894736842103,0.8219335101498851,0,18,1142,4,2086,str('KL'),3,str('tstat'),0.013,91
1047,0.57,12,0.3157894736842103,0.8412120063372186,0,15,962,2,3160,str('H'),1,str('stdev'),0.189,34
1048,0.57,94,0.3157894736842103,0.5732643764821355,0,70,3523,4,847,str('KL'),2,str('tstat'),0.724,95
1049,0.57,15,0.3157894736842103,0.8132389028922857,0,20,4578,1,3965,str('H'),3,str('tstat'),0.78,68
1050,0.57,17,0.3157894736842103,0.7973712130445876,0,23,2170,7,1252,str('KL'),1,str('stdev'),0.308,4
1051,0.57,125,0.3157894736842103,0.5352188704374776,0,79,1376,0,204,str('KL'),1,str('tstat'),0.985,78
1052,0.57,15,0.3157894736842103,0.8132389028922857,0,20,3810,6,2511,str('H'),2,str('stdev'),0.458,39
1053,0.6,4,0.47368421052631576,0.96993817790452,0,8,3071,3,1898,str('KL'),3,str('stdev'),0.046,25
1054,0.6,20,0.47368421052631576,0.7766040867459696,0,22,476,5,4606,str('H'),1,str('tstat'),0.511,61
1055,0.57,16,0.3157894736842103,0.80507157479825,0,22,113,1,2406,str('H'),3,str('tstat'),0.93,8
1056,0.61,16,0.5263157894736843,0.80507157479825,0,18,2699,5,4375,str('KL'),1,str('tstat'),0.014,30
1057,0.57,14,0.3157894736842103,0.8219335101498851,0,18,4143,0,1218,str('H'),2,str('tstat'),0.491,9
1058,0.57,16,0.3157894736842103,0.80507157479825,0,22,1592,6,3531,str('KL'),3,str('stdev'),0.955,70
1059,0.57,13,0.3157894736842103,0.8312282059467472,0,17,2347,1,4977,str('KL'),3,str('tstat'),0.275,49
1060,0.57,19,0.3157894736842103,0.7831770807968056,0,25,4951,7,2269,str('H'),2,str('stdev'),0.809,85
1061,0.57,15,0.3157894736842103,0.8132389028922857,0,20,3317,0,3667,str('KL'),3,str('tstat'),0.834,50
1062,0.57,42,0.3157894736842103,0.6800535177151712,0,48,872,6,964,str('H'),2,str('stdev'),0.363,86
1063,0.57,13,0.3157894736842103,0.8312282059467472,0,17,887,2,4143,str('KL'),2,str('stdev'),0.042,58
1064,0.57,16,0.3157894736842103,0.80507157479825,0,22,3282,4,1855,str('H'),3,str('tstat'),0.512,22
1065,0.57,19,0.3157894736842103,0.7831770807968056,0,25,4810,1,3738,str('KL'),3,str('tstat'),0.989,42
1066,0.57,54,0.3157894736842103,0.646894555671611,0,57,2253,7,1049,str('H'),1,str('stdev'),0.457,81
1067,0.57,14,0.3157894736842103,0.8219335101498851,0,18,1762,0,2496,str('H'),3,str('tstat'),0.773,1
1068,0.57,28,0.3157894736842103,0.7331201669184887,0,34,4363,6,4789,str('KL'),1,str('stdev'),0.311,65
1069,0.62,5,0.5789473684210528,0.9453758807992224,0,7,2528,3,401,str('H'),3,str('stdev'),0.196,98
1070,0.57,15,0.3157894736842103,0.8132389028922857,0,20,79,5,3094,str('KL'),2,str('tstat'),0.721,37
1071,0.57,21,0.3157894736842103,0.7703369263209483,0,27,501,1,284,str('KL'),3,str('tstat'),0.829,83
1072,0.57,20,0.3157894736842103,0.7766040867459696,0,26,2847,4,949,str('KL'),1,str('tstat'),0.557,47
1073,0.57,13,0.3157894736842103,0.8312282059467472,0,17,4054,1,4087,str('H'),2,str('tstat'),0.937,15
1074,0.57,13,0.3157894736842103,0.8312282059467472,0,17,1464,7,1794,str('KL'),3,str('stdev'),0.474,51
1075,0.57,18,0.3157894736842103,0.7900872956853299,0,24,1945,0,345,str('KL'),1,str('tstat'),0.795,31
1076,0.57,42,0.3157894736842103,0.6800535177151712,0,48,4510,6,3033,str('H'),1,str('stdev'),0.262,92
1077,0.57,15,0.3157894736842103,0.8132389028922857,0,20,3547,0,4026,str('H'),3,str('tstat'),0.936,73
1078,0.57,14,0.3157894736842103,0.8219335101498851,0,18,958,6,1347,str('KL'),2,str('stdev'),0.401,12
1079,0.57,25,0.3157894736842103,0.7478314577833614,0,31,1167,0,2804,str('H'),1,str('tstat'),0.33,69
1080,0.57,16,0.3157894736842103,0.80507157479825,0,22,3728,6,106,str('KL'),2,str('stdev'),0.863,5
1081,0.63,5,0.6315789473684212,0.9453758807992224,0,6,4393,3,4469,str('H'),2,str('stdev'),0.639,35
1082,0.63,16,0.6315789473684212,0.80507157479825,0,17,1983,5,2152,str('KL'),3,str('tstat'),0.168,95
1083,0.57,12,0.3157894736842103,0.8412120063372186,0,15,1502,2,710,str('KL'),1,str('stdev'),0.594,24
1084,0.57,13,0.3157894736842103,0.8312282059467472,0,17,3937,4,3413,str('H'),3,str('tstat'),0.069,60
1085,0.57,14,0.3157894736842103,0.8219335101498851,0,18,2964,1,1545,str('KL'),2,str('tstat'),0.437,77
1086,0.57,13,0.3157894736842103,0.8312282059467472,0,17,368,7,3867,str('H'),1,str('stdev'),0.9,38
1087,0.65,48,0.7368421052631582,0.6624564118934944,0,36,299,3,1662,str('H'),1,str('stdev'),0.54,94
1088,0.57,13,0.3157894736842103,0.8312282059467472,0,17,2645,6,2091,str('H'),1,str('stdev'),0.814,27
1089,0.66,4,0.7894736842105267,0.96993817790452,0,2,4245,3,2709,str('KL'),3,str('stdev'),0.68,10
1090,0.61,1516,0.5263157894736843,0.20000833906249182,0,50,1802,5,6,str('H'),2,str('tstat'),0.154,74
1091,0.57,14,0.3157894736842103,0.8219335101498851,0,18,2293,2,1450,str('H'),2,str('stdev'),0.585,46
1092,0.57,22,0.3157894736842103,0.7643484002337513,0,28,4692,4,3767,str('KL'),1,str('tstat'),0.114,85
1093,0.57,13,0.3157894736842103,0.8312282059467472,0,17,3189,2,2922,str('KL'),2,str('stdev'),0.694,53
1094,0.57,15,0.3157894736842103,0.8132389028922857,0,20,746,4,614,str('H'),3,str('tstat'),0.222,13
1095,0.57,13,0.3157894736842103,0.8312282059467472,0,17,628,1,1893,str('H'),1,str('tstat'),0.851,62
1096,0.57,14,0.3157894736842103,0.8219335101498851,0,18,3229,7,4572,str('KL'),2,str('stdev'),0.315,23
1097,0.57,24,0.3157894736842103,0.7531152587013256,0,30,4912,2,228,str('H'),2,str('stdev'),0.181,40
1098,0.57,28,0.3157894736842103,0.7331201669184887,0,34,2463,4,2526,str('KL'),1,str('tstat'),0.654,76
1099,0.66,5,0.7894736842105267,0.9453758807992224,0,3,1708,3,3970,str('KL'),1,str('stdev'),0.085,6
1100,0.59,22,0.4210526315789473,0.7643484002337513,0,24,4104,5,1286,str('H'),2,str('tstat'),0.613,67
1101,0.57,46,0.3157894736842103,0.668070543146917,0,51,2738,0,3135,str('KL'),2,str('tstat'),0.884,97
1102,0.57,13,0.3157894736842103,0.8312282059467472,0,17,181,6,832,str('H'),3,str('stdev'),0.418,33
1103,0.57,12,0.3157894736842103,0.8412120063372186,0,15,408,2,3642,str('H'),3,str('stdev'),0.032,87
1104,0.63,15,0.6315789473684212,0.8132389028922857,0,16,2971,5,2447,str('KL'),3,str('stdev'),0.947,40
1105,0.64,5,0.6842105263157897,0.9453758807992224,0,5,482,3,1567,str('KL'),1,str('stdev'),0.999,25
1106,0.57,13,0.3157894736842103,0.8312282059467472,0,17,4733,6,1297,str('KL'),3,str('stdev'),0.44,71
1107,0.57,15,0.3157894736842103,0.8132389028922857,0,20,2048,1,3429,str('H'),2,str('tstat'),0.942,25
1108,0.62,15,0.5789473684210528,0.8132389028922857,0,17,1108,5,1050,str('KL'),1,str('tstat'),0.042,38
1109,0.66,14,0.7894736842105267,0.8219335101498851,0,12,3611,3,2401,str('KL'),2,str('stdev'),0.237,72
1110,0.64,14,0.6842105263157897,0.8219335101498851,0,14,1206,5,4689,str('H'),3,str('tstat'),0.707,8
1111,0.66,20,0.7894736842105267,0.7766040867459696,0,16,1074,3,1162,str('KL'),1,str('stdev'),0.53,64
1112,0.61,19,0.5263157894736843,0.7831770807968056,0,21,3508,5,3470,str('H'),1,str('tstat'),0.058,3
1113,0.57,13,0.3157894736842103,0.8312282059467472,0,17,4642,0,1567,str('KL'),3,str('tstat'),0.439,35
1114,0.57,29,0.3157894736842103,0.7285529615960279,0,35,2047,6,4275,str('H'),2,str('stdev'),0.973,99
1115,0.57,12,0.3157894736842103,0.8412120063372186,0,15,1282,1,2826,str('H'),3,str('tstat'),0.296,20
1116,0.57,14,0.3157894736842103,0.8219335101498851,0,18,3844,7,514,str('KL'),3,str('stdev'),0.76,59
1117,0.57,11,0.3157894736842103,0.8519953322453652,0,14,3028,2,4921,str('H'),3,str('stdev'),0.735,79
1118,0.57,16,0.3157894736842103,0.80507157479825,0,22,617,4,2208,str('KL'),2,str('tstat'),0.208,44
1119,0.57,20,0.3157894736842103,0.7766040867459696,0,26,41,0,4413,str('KL'),2,str('tstat'),0.351,88
1120,0.65,5,0.7368421052631582,0.9453758807992224,0,4,1,3,5000,str('KL'),1,str('stdev'),0.001,20
1121,0.66,3277,0.7894736842105267,0.09620700977745433,0,50,1,3,1,str('KL'),2,str('stdev'),0.999,45
1122,0.6,15,0.47368421052631576,0.8132389028922857,0,18,1,5,2534,str('KL'),3,str('stdev'),0.001,1
1123,0.57,12,0.3157894736842103,0.8412120063372186,0,15,3167,2,4225,str('H'),3,str('stdev'),0.544,83
1124,0.57,15,0.3157894736842103,0.8132389028922857,0,20,2784,4,2866,str('H'),2,str('stdev'),0.144,40
1125,0.57,29,0.3157894736842103,0.7285529615960279,0,35,3399,1,654,str('H'),1,str('tstat'),0.384,55
1126,0.57,21,0.3157894736842103,0.7703369263209483,0,27,849,7,3352,str('KL'),2,str('stdev'),0.918,19
1127,0.57,18,0.3157894736842103,0.7900872956853299,0,24,812,0,883,str('H'),2,str('stdev'),0.648,52
1128,0.57,16,0.3157894736842103,0.80507157479825,0,22,3377,6,3279,str('KL'),1,str('tstat'),0.175,16
1129,0.64,11,0.6842105263157897,0.8519953322453652,0,11,4743,3,1377,str('H'),1,str('tstat'),0.322,49
1130,0.57,14,0.3157894736842103,0.8219335101498851,0,18,2339,5,3997,str('KL'),3,str('stdev'),0.856,88
1131,0.57,12,0.3157894736842103,0.8412120063372186,0,15,1853,2,2636,str('KL'),2,str('tstat'),0.413,7
1132,0.57,68,0.3157894736842103,0.6163437324791166,0,65,4291,4,235,str('H'),1,str('stdev'),0.877,71
1133,0.57,31,0.3157894736842103,0.7198583543384285,0,37,2608,1,4643,str('KL'),1,str('stdev'),0.618,91
1134,0.57,14,0.3157894736842103,0.8219335101498851,0,18,18,7,2017,str('H'),2,str('tstat'),0.091,30
1135,0.63,18,0.6315789473684212,0.7900872956853299,0,19,576,3,4838,str('H'),1,str('tstat'),0.484,76
1136,0.57,14,0.3157894736842103,0.8219335101498851,0,18,3734,6,3010,str('H'),3,str('stdev'),0.352,81
1137,0.57,13,0.3157894736842103,0.8312282059467472,0,17,2684,6,2232,str('H'),3,str('stdev'),0.025,29
1138,0.57,42,0.3157894736842103,0.6800535177151712,0,48,952,6,3223,str('KL'),1,str('tstat'),0.816,94
1139,0.62,4,0.5789473684210528,0.96993817790452,0,6,1,3,5000,str('KL'),3,str('stdev'),0.999,100
1140,0.67,7,0.8421052631578951,0.9066194514461429,0,4,1,3,5000,str('KL'),1,str('stdev'),0.999,1
1141,0.65,7,0.7368421052631582,0.9066194514461429,0,6,5000,3,5000,str('KL'),1,str('stdev'),0.001,52
1142,0.57,117,0.3157894736842103,0.5440561136579134,0,78,1,5,1,str('KL'),3,str('stdev'),0.001,13
1143,0.66,56,0.7894736842105267,0.642082627930695,0,35,1,3,1,str('KL'),3,str('stdev'),0.528,62
1144,0.59,14,0.4210526315789473,0.8219335101498851,0,17,654,5,2491,str('KL'),3,str('stdev'),0.001,100
1145,0.66,1594,0.7894736842105267,0.19325362548238556,0,48,5000,3,1,str('KL'),2,str('tstat'),0.999,39
1146,0.55,4,0.21052631578947392,0.96993817790452,0,12,5000,3,3133,str('KL'),3,str('stdev'),0.999,100
1147,0.62,4,0.5789473684210528,0.96993817790452,0,6,1,3,5000,str('KL'),3,str('stdev'),0.999,1
1148,0.63,16,0.6315789473684212,0.80507157479825,0,17,5000,5,5000,str('KL'),2,str('stdev'),0.001,1
1149,0.67,6,0.8421052631578951,0.9246087545006043,0,3,5000,3,5000,str('KL'),1,str('tstat'),0.999,1
1150,0.57,15,0.3157894736842103,0.8132389028922857,0,20,1,0,4982,str('H'),1,str('tstat'),0.001,29
1151,0.63,15,0.6315789473684212,0.8132389028922857,0,16,257,5,4109,str('KL'),1,str('stdev'),0.001,19
1152,0.58,18,0.3684210526315788,0.7900872956853299,0,23,1626,6,3746,str('H'),1,str('tstat'),0.496,4
1153,0.57,13,0.3157894736842103,0.8312282059467472,0,17,474,6,1116,str('KL'),3,str('tstat'),0.066,77
1154,0.57,15,0.3157894736842103,0.8132389028922857,0,20,3163,6,4682,str('H'),1,str('stdev'),0.779,49
1155,0.57,218,0.3157894736842103,0.46074721659272655,0,84,2963,6,156,str('H'),1,str('stdev'),0.595,99
1156,0.57,13,0.3157894736842103,0.8312282059467472,0,17,908,6,4088,str('KL'),3,str('tstat'),0.31,27
1157,0.57,15,0.3157894736842103,0.8132389028922857,0,20,4213,6,1873,str('H'),1,str('tstat'),0.279,37
1158,0.57,13,0.3157894736842103,0.8312282059467472,0,17,2158,6,2685,str('KL'),3,str('stdev'),0.562,90
1159,0.57,14,0.3157894736842103,0.8219335101498851,0,18,732,6,308,str('H'),2,str('stdev'),0.998,17
1160,0.57,15,0.3157894736842103,0.8132389028922857,0,20,3060,6,4240,str('KL'),2,str('tstat'),0.159,58
1161,0.57,12,0.3157894736842103,0.8412120063372186,0,15,3338,6,965,str('KL'),3,str('tstat'),0.467,9
1162,0.57,20,0.3157894736842103,0.7766040867459696,0,26,376,6,4530,str('H'),2,str('stdev'),0.626,68
1163,0.57,14,0.3157894736842103,0.8219335101498851,0,18,1724,6,1900,str('KL'),3,str('stdev'),0.812,39
1164,0.57,25,0.3157894736842103,0.7478314577833614,0,31,4413,6,3585,str('H'),1,str('tstat'),0.098,86
1165,0.57,15,0.3157894736842103,0.8132389028922857,0,20,4769,6,563,str('KL'),2,str('stdev'),0.213,1
1166,0.57,18,0.3157894736842103,0.7900872956853299,0,24,1523,6,3955,str('H'),2,str('tstat'),0.88,73
1167,0.57,16,0.3157894736842103,0.80507157479825,0,22,137,6,1497,str('KL'),1,str('tstat'),0.558,47
1168,0.58,19,0.3684210526315788,0.7831770807968056,0,24,5000,6,523,str('H'),1,str('tstat'),0.001,1
1169,0.58,19,0.3684210526315788,0.7831770807968056,0,24,5000,6,2686,str('H'),1,str('tstat'),0.999,1
1170,0.58,19,0.3684210526315788,0.7831770807968056,0,24,76,6,3056,str('H'),1,str('tstat'),0.692,1
1171,0.57,15,0.3157894736842103,0.8132389028922857,0,20,1438,6,5000,str('H'),3,str('tstat'),0.999,1
1172,0.57,15,0.3157894736842103,0.8132389028922857,0,20,5000,6,1270,str('H'),2,str('tstat'),0.001,1
1173,0.57,14,0.3157894736842103,0.8219335101498851,0,18,2416,6,667,str('H'),2,str('tstat'),0.744,25
1174,0.57,17,0.3157894736842103,0.7973712130445876,0,23,3797,6,4777,str('KL'),1,str('stdev'),0.413,53
1175,0.57,13,0.3157894736842103,0.8312282059467472,0,17,3935,6,828,str('H'),3,str('tstat'),0.848,94
1176,0.57,15,0.3157894736842103,0.8132389028922857,0,20,2202,6,4938,str('KL'),1,str('stdev'),0.057,34
1177,0.57,13,0.3157894736842103,0.8312282059467472,0,17,1167,6,2384,str('H'),3,str('stdev'),0.382,60
1178,0.57,14,0.3157894736842103,0.8219335101498851,0,18,2547,6,3374,str('KL'),2,str('tstat'),0.714,14
1179,0.57,20,0.3157894736842103,0.7766040867459696,0,26,3519,6,1346,str('KL'),2,str('tstat'),0.91,65
1180,0.57,13,0.3157894736842103,0.8312282059467472,0,17,273,6,2858,str('H'),2,str('stdev'),0.243,13
1181,0.57,37,0.3157894736842103,0.6967067471314727,0,43,1387,6,401,str('KL'),1,str('stdev'),0.319,82
1182,0.57,14,0.3157894736842103,0.8219335101498851,0,18,4985,6,3794,str('H'),3,str('tstat'),0.526,41
1183,0.57,22,0.3157894736842103,0.7643484002337513,0,28,4588,6,2060,str('KL'),2,str('stdev'),0.657,71
1184,0.58,20,0.3684210526315788,0.7766040867459696,0,25,1,6,740,str('H'),1,str('tstat'),0.001,1
1185,0.57,13,0.3157894736842103,0.8312282059467472,0,17,1,6,3636,str('H'),3,str('tstat'),0.001,1
1186,0.57,15,0.3157894736842103,0.8132389028922857,0,20,332,6,2222,str('H'),1,str('tstat'),0.999,13
1187,0.58,19,0.3684210526315788,0.7831770807968056,0,24,727,6,4926,str('H'),1,str('stdev'),0.999,3
1188,0.58,18,0.3684210526315788,0.7900872956853299,0,23,2239,6,287,str('KL'),1,str('tstat'),0.001,2
1189,0.58,19,0.3684210526315788,0.7831770807968056,0,24,4981,6,2089,str('H'),1,str('tstat'),0.114,1
1190,0.58,19,0.3684210526315788,0.7831770807968056,0,24,1,6,2268,str('H'),1,str('tstat'),0.999,1
1191,0.57,14,0.3157894736842103,0.8219335101498851,0,18,1434,6,5000,str('H'),3,str('tstat'),0.001,1
1192,0.57,13,0.3157894736842103,0.8312282059467472,0,17,5000,6,2971,str('H'),1,str('tstat'),0.001,20
1193,0.58,19,0.3684210526315788,0.7831770807968056,0,24,5000,6,2994,str('H'),1,str('tstat'),0.001,1
1194,0.58,19,0.3684210526315788,0.7831770807968056,0,24,5000,6,1355,str('H'),1,str('tstat'),0.999,1
1195,0.58,19,0.3684210526315788,0.7831770807968056,0,24,1,6,1521,str('H'),1,str('tstat'),0.001,1
1196,0.57,16,0.3157894736842103,0.80507157479825,0,22,5000,6,1756,str('H'),2,str('tstat'),0.999,1
1197,0.57,14,0.3157894736842103,0.8219335101498851,0,18,3139,6,141,str('H'),3,str('tstat'),0.999,1
1198,0.57,16,0.3157894736842103,0.80507157479825,0,22,5000,6,4361,str('H'),2,str('tstat'),0.999,1
1199,0.57,16,0.3157894736842103,0.80507157479825,0,22,5000,6,5000,str('H'),2,str('tstat'),0.001,1
1200,0.57,16,0.3157894736842103,0.80507157479825,0,22,2704,6,4192,str('KL'),2,str('stdev'),0.001,5
1201,0.57,187,0.3157894736842103,0.48130944603920267,0,83,241,6,1,str('KL'),3,str('stdev'),0.001,100
1202,0.58,19,0.3684210526315788,0.7831770807968056,0,24,296,6,175,str('KL'),1,str('tstat'),0.47,2
1203,0.57,92,0.3157894736842103,0.5761308602456578,0,69,271,6,1,str('KL'),3,str('stdev'),0.001,51
1204,0.57,14,0.3157894736842103,0.8219335101498851,0,18,4187,6,4915,str('KL'),3,str('stdev'),0.026,17
1205,0.57,13,0.3157894736842103,0.8312282059467472,0,17,198,6,3023,str('H'),1,str('tstat'),0.001,25
1206,0.57,13,0.3157894736842103,0.8312282059467472,0,17,5000,6,2947,str('H'),1,str('tstat'),0.001,11
1207,0.57,14,0.3157894736842103,0.8219335101498851,0,18,4414,6,2898,str('H'),1,str('tstat'),0.999,22
1208,0.58,19,0.3684210526315788,0.7831770807968056,0,24,4155,6,3461,str('H'),1,str('tstat'),0.001,1
1209,0.57,13,0.3157894736842103,0.8312282059467472,0,17,5000,6,3092,str('H'),3,str('tstat'),0.999,1
1210,0.57,103,0.3157894736842103,0.5610703606756471,0,75,5000,6,1,str('H'),3,str('tstat'),0.001,1
1211,0.57,16,0.3157894736842103,0.80507157479825,0,22,1,6,5000,str('H'),2,str('tstat'),0.999,1
1212,0.58,19,0.3684210526315788,0.7831770807968056,0,24,1,6,1705,str('H'),1,str('tstat'),0.999,1
1213,0.58,19,0.3684210526315788,0.7831770807968056,0,24,1,6,2473,str('H'),1,str('tstat'),0.001,1
1214,0.57,14,0.3157894736842103,0.8219335101498851,0,18,856,6,1242,str('H'),3,str('tstat'),0.999,1
1215,0.58,20,0.3684210526315788,0.7766040867459696,0,25,5000,6,1576,str('H'),1,str('tstat'),0.001,1
1216,0.58,19,0.3684210526315788,0.7831770807968056,0,24,2977,6,333,str('KL'),1,str('tstat'),0.999,3
1217,0.57,13,0.3157894736842103,0.8312282059467472,0,17,2153,6,692,str('KL'),3,str('tstat'),0.194,68
1218,0.57,23,0.3157894736842103,0.758614783691508,0,29,2926,6,788,str('KL'),1,str('tstat'),0.271,61
1219,0.57,34,0.3157894736842103,0.7077858352974099,0,40,2165,6,700,str('KL'),1,str('tstat'),0.153,74
1220,0.58,21,0.3684210526315788,0.7703369263209483,0,26,3310,6,379,str('H'),1,str('tstat'),0.999,1
1221,0.58,23,0.3684210526315788,0.758614783691508,0,28,315,6,58,str('KL'),1,str('tstat'),0.999,2
1222,0.58,19,0.3684210526315788,0.7831770807968056,0,24,4285,6,4938,str('KL'),1,str('stdev'),0.999,2
1223,0.58,20,0.3684210526315788,0.7766040867459696,0,25,1223,6,3223,str('KL'),1,str('tstat'),0.001,2
1224,0.58,20,0.3684210526315788,0.7766040867459696,0,25,2410,6,1646,str('KL'),1,str('stdev'),0.999,2
1225,0.58,20,0.3684210526315788,0.7766040867459696,0,25,3318,6,2776,str('KL'),1,str('tstat'),0.999,2
1226,0.57,14,0.3157894736842103,0.8219335101498851,0,18,829,6,2166,str('KL'),3,str('tstat'),0.999,51
1227,0.58,21,0.3684210526315788,0.7703369263209483,0,26,1241,6,4694,str('KL'),1,str('tstat'),0.306,2
1228,0.58,20,0.3684210526315788,0.7766040867459696,0,25,3814,6,2041,str('KL'),1,str('stdev'),0.001,2
1229,0.58,19,0.3684210526315788,0.7831770807968056,0,24,174,6,4611,str('KL'),1,str('tstat'),0.001,3
1230,0.58,20,0.3684210526315788,0.7766040867459696,0,25,555,6,5000,str('H'),1,str('stdev'),0.001,2
1231,0.57,14,0.3157894736842103,0.8219335101498851,0,18,1700,6,2141,str('KL'),3,str('tstat'),0.999,68
1232,0.57,14,0.3157894736842103,0.8219335101498851,0,18,2606,6,426,str('KL'),1,str('tstat'),0.999,6
1233,0.57,14,0.3157894736842103,0.8219335101498851,0,18,4460,6,327,str('KL'),1,str('tstat'),0.999,6
1234,0.57,53,0.3157894736842103,0.6493665452899527,0,56,4097,6,735,str('KL'),2,str('stdev'),0.001,91
1235,0.57,17,0.3157894736842103,0.7973712130445876,0,23,2527,6,615,str('KL'),2,str('tstat'),0.001,53
1236,0.57,32,0.3157894736842103,0.7157128071201706,0,38,2367,6,1194,str('H'),2,str('stdev'),0.001,83
1237,0.57,20,0.3157894736842103,0.7766040867459696,0,26,1488,6,5000,str('H'),1,str('stdev'),0.001,67
1238,0.58,19,0.3684210526315788,0.7831770807968056,0,24,615,6,5000,str('KL'),1,str('tstat'),0.999,2
1239,0.57,31,0.3157894736842103,0.7198583543384285,0,37,705,6,5000,str('KL'),2,str('tstat'),0.999,100
1240,0.57,14,0.3157894736842103,0.8219335101498851,0,18,2967,6,5000,str('KL'),3,str('stdev'),0.001,49
1241,0.57,14,0.3157894736842103,0.8219335101498851,0,18,4154,6,4750,str('H'),3,str('stdev'),0.999,48
1242,0.58,20,0.3684210526315788,0.7766040867459696,0,25,2741,6,4105,str('KL'),1,str('stdev'),0.999,2
1243,0.57,15,0.3157894736842103,0.8132389028922857,0,20,4342,6,1066,str('KL'),2,str('tstat'),0.001,4
1244,0.57,14,0.3157894736842103,0.8219335101498851,0,18,3754,6,1638,str('KL'),3,str('stdev'),0.001,68
1245,0.57,14,0.3157894736842103,0.8219335101498851,0,18,1443,6,5000,str('KL'),3,str('stdev'),0.001,70
1246,0.58,19,0.3684210526315788,0.7831770807968056,0,24,386,6,3020,str('KL'),1,str('stdev'),0.001,2
1247,0.57,16,0.3157894736842103,0.80507157479825,0,22,550,6,5000,str('KL'),2,str('stdev'),0.001,48
1248,0.57,22,0.3157894736842103,0.7643484002337513,0,28,3853,6,9,str('KL'),3,str('stdev'),0.001,35
1249,0.57,16,0.3157894736842103,0.80507157479825,0,22,2281,6,5000,str('H'),1,str('stdev'),0.001,40
1250,0.57,17,0.3157894736842103,0.7973712130445876,0,23,4025,6,1332,str('KL'),1,str('stdev'),0.999,4
1251,0.57,98,0.3157894736842103,0.5677081393655359,0,73,2962,6,1,str('KL'),3,str('tstat'),0.001,33
1252,0.57,16,0.3157894736842103,0.80507157479825,0,22,3736,6,5000,str('H'),1,str('stdev'),0.999,43
1253,0.57,33,0.3157894736842103,0.711691026244393,0,39,1867,6,728,str('KL'),2,str('tstat'),0.001,84
1254,0.57,47,0.3157894736842103,0.6652342351376508,0,52,1065,6,754,str('KL'),2,str('stdev'),0.499,90
1255,0.57,22,0.3157894736842103,0.7643484002337513,0,28,1733,6,692,str('KL'),1,str('tstat'),0.977,60
1256,0.57,32,0.3157894736842103,0.7157128071201706,0,38,84,6,752,str('KL'),1,str('tstat'),0.999,75
1257,0.57,13,0.3157894736842103,0.8312282059467472,0,17,1337,6,558,str('KL'),2,str('tstat'),0.001,42
1258,0.57,16,0.3157894736842103,0.80507157479825,0,22,3945,6,650,str('KL'),1,str('tstat'),0.001,59
1259,0.57,13,0.3157894736842103,0.8312282059467472,0,17,4555,6,389,str('KL'),3,str('tstat'),0.999,22
1260,0.57,25,0.3157894736842103,0.7478314577833614,0,31,3684,6,752,str('KL'),2,str('stdev'),0.999,81
1261,0.57,40,0.3157894736842103,0.6864699520106605,0,46,2537,6,696,str('KL'),1,str('stdev'),0.001,71
1262,0.58,20,0.3684210526315788,0.7766040867459696,0,25,2556,6,4203,str('H'),1,str('tstat'),0.001,3
1263,0.57,13,0.3157894736842103,0.8312282059467472,0,17,4757,6,778,str('KL'),3,str('stdev'),0.784,86
1264,0.57,15,0.3157894736842103,0.8132389028922857,0,20,1976,6,4446,str('KL'),3,str('stdev'),0.001,63
1265,0.57,18,0.3157894736842103,0.7900872956853299,0,24,2133,6,4722,str('H'),3,str('stdev'),0.001,44
1266,0.57,17,0.3157894736842103,0.7973712130445876,0,23,4232,6,4791,str('H'),2,str('tstat'),0.001,45
1267,0.57,13,0.3157894736842103,0.8312282059467472,0,17,4524,6,283,str('H'),3,str('stdev'),0.999,32
1268,0.57,101,0.3157894736842103,0.5636863584897582,0,74,2081,6,1,str('H'),3,str('stdev'),0.999,24
1269,0.57,68,0.3157894736842103,0.6163437324791166,0,65,29,6,789,str('KL'),2,str('tstat'),0.981,96
1270,0.57,22,0.3157894736842103,0.7643484002337513,0,28,4542,6,3875,str('KL'),2,str('stdev'),0.001,89
1271,0.57,26,0.3157894736842103,0.7427470938438099,0,32,2242,6,695,str('KL'),1,str('tstat'),0.001,63
1272,0.58,19,0.3684210526315788,0.7831770807968056,0,24,171,6,3741,str('KL'),1,str('stdev'),0.001,1
1273,0.57,20,0.3157894736842103,0.7766040867459696,0,26,4284,6,623,str('KL'),2,str('tstat'),0.999,54
1274,0.58,19,0.3684210526315788,0.7831770807968056,0,24,3873,6,3645,str('KL'),1,str('stdev'),0.999,1
1275,0.57,24,0.3157894736842103,0.7531152587013256,0,30,12,6,1204,str('H'),1,str('stdev'),0.001,61
1276,0.58,19,0.3684210526315788,0.7831770807968056,0,24,1733,6,374,str('H'),1,str('stdev'),0.999,1
1277,0.57,48,0.3157894736842103,0.6624564118934944,0,53,3715,6,768,str('KL'),2,str('tstat'),0.999,86
1278,0.57,18,0.3157894736842103,0.7900872956853299,0,24,2395,6,2342,str('H'),1,str('stdev'),0.001,5
1279,0.57,15,0.3157894736842103,0.8132389028922857,0,20,784,6,4585,str('KL'),3,str('tstat'),0.999,44
1280,0.57,15,0.3157894736842103,0.8132389028922857,0,20,470,6,4213,str('H'),3,str('stdev'),0.683,4
1281,0.58,20,0.3684210526315788,0.7766040867459696,0,25,4869,6,4598,str('H'),1,str('stdev'),0.66,1
1282,0.57,14,0.3157894736842103,0.8219335101498851,0,18,4877,6,39,str('H'),3,str('stdev'),0.999,75
1283,0.58,19,0.3684210526315788,0.7831770807968056,0,24,4742,6,3688,str('H'),1,str('stdev'),0.326,1
1284,0.57,13,0.3157894736842103,0.8312282059467472,0,17,5000,6,852,str('H'),3,str('stdev'),0.955,54
1285,0.57,14,0.3157894736842103,0.8219335101498851,0,18,4900,6,719,str('KL'),1,str('stdev'),0.999,5
1286,0.57,14,0.3157894736842103,0.8219335101498851,0,18,4490,6,4950,str('KL'),3,str('tstat'),0.999,33
1287,0.57,13,0.3157894736842103,0.8312282059467472,0,17,3888,6,4710,str('H'),1,str('stdev'),0.999,28
1288,0.57,13,0.3157894736842103,0.8312282059467472,0,17,2064,6,262,str('KL'),1,str('tstat'),0.001,30
1289,0.57,15,0.3157894736842103,0.8132389028922857,0,20,286,6,84,str('KL'),3,str('tstat'),0.999,14
1290,0.57,15,0.3157894736842103,0.8132389028922857,0,20,32,6,4296,str('KL'),3,str('stdev'),0.999,24
1291,0.57,16,0.3157894736842103,0.80507157479825,0,22,1016,6,5000,str('H'),1,str('tstat'),0.001,31
1292,0.57,15,0.3157894736842103,0.8132389028922857,0,20,1674,6,5000,str('H'),3,str('stdev'),0.999,57
1293,0.57,23,0.3157894736842103,0.758614783691508,0,29,893,6,5000,str('KL'),1,str('stdev'),0.001,79
1294,0.57,18,0.3157894736842103,0.7900872956853299,0,24,4316,6,5000,str('KL'),3,str('stdev'),0.999,84
1295,0.57,18,0.3157894736842103,0.7900872956853299,0,24,1721,6,3105,str('KL'),1,str('tstat'),0.999,5
1296,0.57,13,0.3157894736842103,0.8312282059467472,0,17,4986,6,1643,str('H'),3,str('stdev'),0.841,37
1297,0.58,19,0.3684210526315788,0.7831770807968056,0,24,4555,6,1280,str('H'),1,str('stdev'),0.756,1
1298,0.57,14,0.3157894736842103,0.8219335101498851,0,18,4204,6,413,str('H'),3,str('stdev'),0.31,5
1299,0.57,13,0.3157894736842103,0.8312282059467472,0,17,4980,6,344,str('H'),3,str('stdev'),0.999,72
1300,0.57,16,0.3157894736842103,0.80507157479825,0,22,3206,6,4639,str('H'),2,str('stdev'),0.812,2
1301,0.57,19,0.3157894736842103,0.7831770807968056,0,25,3419,6,128,str('H'),1,str('stdev'),0.001,4
1302,0.58,18,0.3684210526315788,0.7900872956853299,0,23,3416,6,1647,str('H'),1,str('tstat'),0.999,4
1303,0.57,14,0.3157894736842103,0.8219335101498851,0,18,4066,6,5000,str('KL'),3,str('stdev'),0.001,11
1304,0.57,14,0.3157894736842103,0.8219335101498851,0,18,1202,6,5000,str('H'),3,str('tstat'),0.001,79
1305,0.57,94,0.3157894736842103,0.5732643764821355,0,70,3257,6,1,str('KL'),3,str('stdev'),0.999,11
1306,0.57,14,0.3157894736842103,0.8219335101498851,0,18,3426,6,4884,str('KL'),3,str('tstat'),0.001,65
1307,0.58,19,0.3684210526315788,0.7831770807968056,0,24,3938,6,3536,str('H'),1,str('stdev'),0.754,1
1308,0.58,19,0.3684210526315788,0.7831770807968056,0,24,3091,6,1445,str('H'),1,str('tstat'),0.682,2
1309,0.58,19,0.3684210526315788,0.7831770807968056,0,24,1933,6,4672,str('H'),1,str('stdev'),0.391,1
1310,0.58,19,0.3684210526315788,0.7831770807968056,0,24,1893,6,337,str('H'),1,str('stdev'),0.267,1
1311,0.58,19,0.3684210526315788,0.7831770807968056,0,24,131,6,2871,str('H'),1,str('stdev'),0.776,1
1312,0.57,117,0.3157894736842103,0.5440561136579134,0,78,4172,6,1,str('KL'),2,str('stdev'),0.001,8
1313,0.57,15,0.3157894736842103,0.8132389028922857,0,20,878,6,3699,str('KL'),3,str('tstat'),0.35,17
1314,0.57,13,0.3157894736842103,0.8312282059467472,0,17,4491,6,232,str('KL'),1,str('tstat'),0.127,10
1315,0.57,14,0.3157894736842103,0.8219335101498851,0,18,1933,6,2947,str('KL'),3,str('tstat'),0.649,11
1316,0.57,12,0.3157894736842103,0.8412120063372186,0,15,4287,6,635,str('KL'),1,str('stdev'),0.916,17
1317,0.58,19,0.3684210526315788,0.7831770807968056,0,24,4609,6,1632,str('H'),1,str('tstat'),0.415,2
1318,0.58,19,0.3684210526315788,0.7831770807968056,0,24,1518,6,4280,str('H'),1,str('stdev'),0.576,1
1319,0.58,19,0.3684210526315788,0.7831770807968056,0,24,584,6,996,str('H'),1,str('tstat'),0.237,2
1320,0.58,19,0.3684210526315788,0.7831770807968056,0,24,4886,6,1061,str('H'),1,str('tstat'),0.534,2
1321,0.58,19,0.3684210526315788,0.7831770807968056,0,24,556,6,4795,str('H'),1,str('stdev'),0.698,1
1322,0.58,19,0.3684210526315788,0.7831770807968056,0,24,4229,6,1919,str('H'),1,str('tstat'),0.775,2
1323,0.58,19,0.3684210526315788,0.7831770807968056,0,24,1670,6,1814,str('KL'),1,str('stdev'),0.461,1
1324,0.58,19,0.3684210526315788,0.7831770807968056,0,24,1,6,3649,str('KL'),1,str('stdev'),0.345,1
1325,0.58,19,0.3684210526315788,0.7831770807968056,0,24,4809,6,3441,str('H'),1,str('tstat'),0.692,2
1326,0.58,19,0.3684210526315788,0.7831770807968056,0,24,4749,6,1997,str('H'),1,str('stdev'),0.428,1
1327,0.58,19,0.3684210526315788,0.7831770807968056,0,24,2667,6,2870,str('H'),1,str('stdev'),0.263,1
1328,0.57,15,0.3157894736842103,0.8132389028922857,0,20,2511,6,3952,str('H'),3,str('tstat'),0.999,22
1329,0.57,15,0.3157894736842103,0.8132389028922857,0,20,3308,6,4953,str('KL'),1,str('tstat'),0.619,18
1330,0.57,14,0.3157894736842103,0.8219335101498851,0,18,3915,6,374,str('KL'),1,str('stdev'),0.999,22
1331,0.57,12,0.3157894736842103,0.8412120063372186,0,15,4480,6,1289,str('H'),1,str('stdev'),0.492,23
1332,0.57,13,0.3157894736842103,0.8312282059467472,0,17,1439,6,229,str('KL'),2,str('stdev'),0.999,8
1333,0.58,19,0.3684210526315788,0.7831770807968056,0,24,285,6,3649,str('H'),1,str('stdev'),0.547,1
1334,0.57,15,0.3157894736842103,0.8132389028922857,0,20,20,6,4806,str('H'),2,str('tstat'),0.129,4
1335,0.58,19,0.3684210526315788,0.7831770807968056,0,24,132,6,760,str('H'),1,str('stdev'),0.348,1
1336,0.57,15,0.3157894736842103,0.8132389028922857,0,20,2288,6,4296,str('KL'),2,str('stdev'),0.867,37
1337,0.57,14,0.3157894736842103,0.8219335101498851,0,18,3638,6,2141,str('KL'),1,str('stdev'),0.767,9
1338,0.57,15,0.3157894736842103,0.8132389028922857,0,20,2522,6,35,str('KL'),1,str('stdev'),0.836,8
1339,0.57,16,0.3157894736842103,0.80507157479825,0,22,4247,6,3171,str('H'),3,str('tstat'),0.336,11
1340,0.57,14,0.3157894736842103,0.8219335101498851,0,18,4226,6,2442,str('H'),3,str('tstat'),0.389,16
1341,0.57,13,0.3157894736842103,0.8312282059467472,0,17,4511,6,955,str('KL'),2,str('stdev'),0.999,8
1342,0.57,15,0.3157894736842103,0.8132389028922857,0,20,1382,6,2939,str('H'),3,str('tstat'),0.635,8
1343,0.57,13,0.3157894736842103,0.8312282059467472,0,17,503,6,2871,str('H'),3,str('tstat'),0.86,20
1344,0.57,15,0.3157894736842103,0.8132389028922857,0,20,5000,6,2049,str('KL'),2,str('stdev'),0.001,14
1345,0.58,19,0.3684210526315788,0.7831770807968056,0,24,1268,6,1587,str('KL'),1,str('tstat'),0.001,2
1346,0.57,14,0.3157894736842103,0.8219335101498851,0,18,2367,6,4644,str('H'),3,str('stdev'),0.999,97
1347,0.57,13,0.3157894736842103,0.8312282059467472,0,17,2391,6,1042,str('H'),3,str('tstat'),0.001,88
1348,0.57,13,0.3157894736842103,0.8312282059467472,0,17,4712,6,2823,str('KL'),2,str('stdev'),0.001,33
1349,0.57,14,0.3157894736842103,0.8219335101498851,0,18,2345,6,3157,str('KL'),2,str('stdev'),0.313,27
1350,0.57,14,0.3157894736842103,0.8219335101498851,0,18,2119,6,2980,str('KL'),1,str('stdev'),0.553,20
1351,0.57,13,0.3157894736842103,0.8312282059467472,0,17,2997,6,249,str('H'),1,str('stdev'),0.999,20
1352,0.57,14,0.3157894736842103,0.8219335101498851,0,18,2390,6,5000,str('KL'),3,str('stdev'),0.001,29
1353,0.57,15,0.3157894736842103,0.8132389028922857,0,20,1207,6,4429,str('H'),3,str('tstat'),0.06,14
1354,0.57,15,0.3157894736842103,0.8132389028922857,0,20,267,6,4009,str('KL'),1,str('stdev'),0.651,17
1355,0.57,13,0.3157894736842103,0.8312282059467472,0,17,125,6,3961,str('KL'),2,str('stdev'),0.937,21
1356,0.57,14,0.3157894736842103,0.8219335101498851,0,18,3812,6,2989,str('H'),3,str('tstat'),0.001,19
1357,0.57,16,0.3157894736842103,0.80507157479825,0,22,2007,6,216,str('KL'),2,str('stdev'),0.999,30
1358,0.57,13,0.3157894736842103,0.8312282059467472,0,17,3917,6,3230,str('H'),3,str('tstat'),0.773,14
1359,0.57,12,0.3157894736842103,0.8412120063372186,0,15,643,6,3203,str('H'),3,str('tstat'),0.001,13
1360,0.57,13,0.3157894736842103,0.8312282059467472,0,17,5000,6,452,str('H'),3,str('tstat'),0.001,47
1361,0.57,17,0.3157894736842103,0.7973712130445876,0,23,1728,6,3043,str('H'),1,str('tstat'),0.001,41
1362,0.57,16,0.3157894736842103,0.80507157479825,0,22,2459,6,1231,str('KL'),2,str('stdev'),0.999,51
1363,0.57,13,0.3157894736842103,0.8312282059467472,0,17,1361,6,2047,str('KL'),3,str('stdev'),0.554,39
1364,0.58,19,0.3684210526315788,0.7831770807968056,0,24,3483,6,3242,str('KL'),1,str('tstat'),0.001,1
1365,0.57,15,0.3157894736842103,0.8132389028922857,0,20,3594,6,451,str('H'),1,str('stdev'),0.881,34
1366,0.57,13,0.3157894736842103,0.8312282059467472,0,17,5000,6,2262,str('H'),2,str('stdev'),0.999,10
1367,0.57,17,0.3157894736842103,0.7973712130445876,0,23,1682,6,1082,str('H'),1,str('tstat'),0.001,3
1368,0.58,19,0.3684210526315788,0.7831770807968056,0,24,879,6,407,str('KL'),1,str('stdev'),0.001,2
1369,0.58,19,0.3684210526315788,0.7831770807968056,0,24,3861,6,5000,str('H'),1,str('tstat'),0.999,2
1370,0.57,14,0.3157894736842103,0.8219335101498851,0,18,4769,6,2489,str('KL'),2,str('stdev'),0.001,10
1371,0.57,14,0.3157894736842103,0.8219335101498851,0,18,5000,6,1339,str('KL'),3,str('stdev'),0.001,8
1372,0.57,14,0.3157894736842103,0.8219335101498851,0,18,4850,6,2929,str('H'),2,str('stdev'),0.999,20
1373,0.57,15,0.3157894736842103,0.8132389028922857,0,20,5000,6,2714,str('H'),2,str('stdev'),0.001,2
1374,0.57,27,0.3157894736842103,0.73784765739289,0,33,1860,6,225,str('H'),1,str('stdev'),0.999,56
1375,0.58,17,0.3684210526315788,0.7973712130445876,0,22,2180,6,1072,str('H'),1,str('tstat'),0.001,4
1376,0.57,15,0.3157894736842103,0.8132389028922857,0,20,3221,6,2404,str('H'),2,str('tstat'),0.994,31
1377,0.57,13,0.3157894736842103,0.8312282059467472,0,17,3479,6,3873,str('KL'),3,str('tstat'),0.001,100
1378,0.57,14,0.3157894736842103,0.8219335101498851,0,18,4593,6,1782,str('H'),3,str('tstat'),0.165,70
1379,0.57,15,0.3157894736842103,0.8132389028922857,0,20,3355,6,3553,str('H'),3,str('tstat'),0.606,83
1380,0.57,16,0.3157894736842103,0.80507157479825,0,22,3443,6,4227,str('H'),2,str('tstat'),0.656,37
1381,0.57,13,0.3157894736842103,0.8312282059467472,0,17,3375,6,2108,str('H'),3,str('stdev'),0.999,97
1382,0.57,14,0.3157894736842103,0.8219335101498851,0,18,5000,6,1979,str('KL'),2,str('stdev'),0.001,11
1383,0.57,37,0.3157894736842103,0.6967067471314727,0,43,203,6,2570,str('H'),1,str('stdev'),0.999,90
1384,0.57,14,0.3157894736842103,0.8219335101498851,0,18,4550,6,2775,str('KL'),2,str('stdev'),0.999,10
1385,0.57,12,0.3157894736842103,0.8412120063372186,0,15,2177,6,192,str('H'),3,str('tstat'),0.001,97
1386,0.57,20,0.3157894736842103,0.7766040867459696,0,26,3080,6,1077,str('KL'),2,str('stdev'),0.999,61
1387,0.57,15,0.3157894736842103,0.8132389028922857,0,20,4420,6,2998,str('H'),2,str('stdev'),0.999,42
1388,0.57,15,0.3157894736842103,0.8132389028922857,0,20,4824,6,2325,str('H'),2,str('stdev'),0.999,1
1389,0.57,14,0.3157894736842103,0.8219335101498851,0,18,5000,6,2559,str('KL'),2,str('stdev'),0.999,17
1390,0.58,20,0.3684210526315788,0.7766040867459696,0,25,734,6,1386,str('H'),1,str('stdev'),0.001,2
1391,0.57,22,0.3157894736842103,0.7643484002337513,0,28,3288,6,4817,str('H'),2,str('stdev'),0.999,77
1392,0.57,14,0.3157894736842103,0.8219335101498851,0,18,775,6,1148,str('KL'),2,str('tstat'),0.746,34
1393,0.57,15,0.3157894736842103,0.8132389028922857,0,20,1638,6,946,str('KL'),2,str('stdev'),0.999,1
1394,0.57,12,0.3157894736842103,0.8412120063372186,0,15,62,6,1385,str('H'),3,str('stdev'),0.999,28
1395,0.58,20,0.3684210526315788,0.7766040867459696,0,25,1,6,4025,str('H'),1,str('tstat'),0.999,1
1396,0.57,15,0.3157894736842103,0.8132389028922857,0,20,3278,6,907,str('KL'),3,str('stdev'),0.999,1
1397,0.58,20,0.3684210526315788,0.7766040867459696,0,25,2306,6,2483,str('H'),1,str('tstat'),0.651,1
1398,0.57,14,0.3157894736842103,0.8219335101498851,0,18,1224,6,4131,str('H'),3,str('stdev'),0.678,30
1399,0.57,14,0.3157894736842103,0.8219335101498851,0,18,1485,6,2997,str('H'),3,str('stdev'),0.475,51
1400,0.57,14,0.3157894736842103,0.8219335101498851,0,18,3945,6,34,str('KL'),3,str('tstat'),0.001,76
1401,0.57,14,0.3157894736842103,0.8219335101498851,0,18,3302,6,2550,str('KL'),3,str('tstat'),0.116,93
1402,0.58,19,0.3684210526315788,0.7831770807968056,0,24,1153,6,4702,str('H'),1,str('tstat'),0.999,1
1403,0.58,19,0.3684210526315788,0.7831770807968056,0,24,2198,6,271,str('H'),1,str('tstat'),0.999,1
1404,0.58,19,0.3684210526315788,0.7831770807968056,0,24,3267,6,3610,str('KL'),1,str('stdev'),0.547,1
1405,0.57,13,0.3157894736842103,0.8312282059467472,0,17,4281,6,2000,str('H'),3,str('tstat'),0.001,62
1406,0.57,13,0.3157894736842103,0.8312282059467472,0,17,1294,6,690,str('KL'),3,str('stdev'),0.386,27
1407,0.57,13,0.3157894736842103,0.8312282059467472,0,17,1318,6,3964,str('H'),3,str('stdev'),0.773,42
1408,0.57,16,0.3157894736842103,0.80507157479825,0,22,571,6,757,str('H'),2,str('stdev'),0.001,1
1409,0.57,13,0.3157894736842103,0.8312282059467472,0,17,221,6,911,str('H'),2,str('stdev'),0.999,7
1410,0.57,13,0.3157894736842103,0.8312282059467472,0,17,47,6,402,str('H'),2,str('tstat'),0.001,13
1411,0.57,16,0.3157894736842103,0.80507157479825,0,22,2484,6,690,str('KL'),2,str('stdev'),0.001,40
1412,0.57,17,0.3157894736842103,0.7973712130445876,0,23,5000,6,2687,str('H'),1,str('stdev'),0.001,5
1413,0.57,13,0.3157894736842103,0.8312282059467472,0,17,1105,6,894,str('H'),3,str('stdev'),0.935,17
1414,0.58,18,0.3684210526315788,0.7900872956853299,0,23,2593,6,4200,str('KL'),1,str('tstat'),0.571,4
1415,0.58,19,0.3684210526315788,0.7831770807968056,0,24,4405,6,3255,str('KL'),1,str('stdev'),0.001,1
1416,0.57,15,0.3157894736842103,0.8132389028922857,0,20,1127,6,3559,str('KL'),3,str('stdev'),0.999,32
1417,0.58,19,0.3684210526315788,0.7831770807968056,0,24,1219,6,3827,str('KL'),1,str('stdev'),0.999,1
1418,0.58,19,0.3684210526315788,0.7831770807968056,0,24,2141,6,5000,str('KL'),1,str('tstat'),0.702,1
1419,0.57,14,0.3157894736842103,0.8219335101498851,0,18,2815,6,3673,str('H'),3,str('stdev'),0.001,92
1420,0.58,19,0.3684210526315788,0.7831770807968056,0,24,3672,6,1472,str('KL'),1,str('tstat'),0.325,1
1421,0.57,13,0.3157894736842103,0.8312282059467472,0,17,3663,6,106,str('KL'),3,str('tstat'),0.001,91
1422,0.57,140,0.3157894736842103,0.5200658753922822,0,81,4920,6,360,str('KL'),1,str('stdev'),0.001,100
1423,0.57,14,0.3157894736842103,0.8219335101498851,0,18,3779,6,423,str('H'),3,str('tstat'),0.573,64
1424,0.57,15,0.3157894736842103,0.8132389028922857,0,20,3049,6,400,str('KL'),2,str('tstat'),0.999,2
1425,0.57,33,0.3157894736842103,0.711691026244393,0,39,478,6,51,str('KL'),1,str('tstat'),0.001,45
1426,0.57,18,0.3157894736842103,0.7900872956853299,0,24,1154,6,693,str('KL'),1,str('stdev'),0.428,3
1427,0.57,15,0.3157894736842103,0.8132389028922857,0,20,1791,6,489,str('KL'),1,str('tstat'),0.001,4
1428,0.57,13,0.3157894736842103,0.8312282059467472,0,17,4218,6,1704,str('KL'),3,str('stdev'),0.999,79
1429,0.57,14,0.3157894736842103,0.8219335101498851,0,18,2040,6,1123,str('KL'),2,str('stdev'),0.001,33
1430,0.58,19,0.3684210526315788,0.7831770807968056,0,24,5000,6,539,str('KL'),1,str('stdev'),0.999,1
1431,0.57,14,0.3157894736842103,0.8219335101498851,0,18,3512,6,3718,str('KL'),1,str('tstat'),0.001,7
1432,0.57,12,0.3157894736842103,0.8412120063372186,0,15,5000,6,1208,str('H'),3,str('tstat'),0.001,24
1433,0.58,18,0.3684210526315788,0.7900872956853299,0,23,2796,6,621,str('KL'),1,str('stdev'),0.999,3
1434,0.57,114,0.3157894736842103,0.547525481030557,0,77,1113,6,1,str('KL'),3,str('tstat'),0.001,1
1435,0.57,14,0.3157894736842103,0.8219335101498851,0,18,924,6,1331,str('KL'),2,str('stdev'),0.001,23
1436,0.57,13,0.3157894736842103,0.8312282059467472,0,17,1572,6,1319,str('H'),2,str('stdev'),0.001,12
1437,0.58,20,0.3684210526315788,0.7766040867459696,0,25,1,6,1950,str('KL'),1,str('stdev'),0.999,1
1438,0.57,13,0.3157894736842103,0.8312282059467472,0,17,1855,6,388,str('H'),1,str('tstat'),0.001,5
1439,0.57,15,0.3157894736842103,0.8132389028922857,0,20,2731,6,3843,str('H'),1,str('tstat'),0.001,24
1440,0.58,18,0.3684210526315788,0.7900872956853299,0,23,4824,6,1341,str('KL'),1,str('stdev'),0.412,3
1441,0.57,18,0.3157894736842103,0.7900872956853299,0,24,1905,6,2865,str('H'),1,str('stdev'),0.001,52
1442,0.57,18,0.3157894736842103,0.7900872956853299,0,24,4319,6,4995,str('KL'),1,str('tstat'),0.001,4
1443,0.57,20,0.3157894736842103,0.7766040867459696,0,26,4555,6,361,str('KL'),1,str('tstat'),0.598,45
1444,0.57,18,0.3157894736842103,0.7900872956853299,0,24,2669,6,4456,str('KL'),1,str('stdev'),0.001,3
1445,0.58,19,0.3684210526315788,0.7831770807968056,0,24,5000,6,5000,str('KL'),1,str('tstat'),0.001,1
1446,0.57,17,0.3157894736842103,0.7973712130445876,0,23,1,6,3577,str('H'),1,str('tstat'),0.999,5
1447,0.57,18,0.3157894736842103,0.7900872956853299,0,24,4897,6,4336,str('KL'),1,str('tstat'),0.999,6
1448,0.57,16,0.3157894736842103,0.80507157479825,0,22,1035,6,249,str('H'),2,str('tstat'),0.001,1
1449,0.57,19,0.3157894736842103,0.7831770807968056,0,25,4285,6,301,str('KL'),2,str('stdev'),0.999,43
1450,0.57,14,0.3157894736842103,0.8219335101498851,0,18,1,6,1503,str('KL'),3,str('stdev'),0.001,22
1451,0.57,13,0.3157894736842103,0.8312282059467472,0,17,4438,6,1016,str('H'),2,str('tstat'),0.001,24
1452,0.58,18,0.3684210526315788,0.7900872956853299,0,23,1325,6,565,str('KL'),1,str('tstat'),0.001,1
1453,0.57,13,0.3157894736842103,0.8312282059467472,0,17,403,6,527,str('H'),3,str('stdev'),0.999,40
1454,0.57,12,0.3157894736842103,0.8412120063372186,0,15,3158,6,1425,str('KL'),3,str('stdev'),0.861,15
1455,0.57,14,0.3157894736842103,0.8219335101498851,0,18,4302,6,1492,str('KL'),3,str('tstat'),0.944,18
1456,0.57,13,0.3157894736842103,0.8312282059467472,0,17,3435,6,358,str('KL'),3,str('stdev'),0.001,35
1457,0.58,19,0.3684210526315788,0.7831770807968056,0,24,2639,6,3765,str('KL'),1,str('tstat'),0.001,1
1458,0.57,14,0.3157894736842103,0.8219335101498851,0,18,1039,6,285,str('H'),2,str('tstat'),0.999,13
1459,0.57,14,0.3157894736842103,0.8219335101498851,0,18,3775,6,384,str('H'),1,str('tstat'),0.999,19
1460,0.58,19,0.3684210526315788,0.7831770807968056,0,24,3,6,287,str('H'),1,str('tstat'),0.103,1
1461,0.57,12,0.3157894736842103,0.8412120063372186,0,15,2888,6,500,str('KL'),3,str('stdev'),0.999,44
1462,0.57,13,0.3157894736842103,0.8312282059467472,0,17,4738,6,821,str('KL'),3,str('tstat'),0.001,55
1463,0.57,20,0.3157894736842103,0.7766040867459696,0,26,2065,6,2849,str('H'),1,str('stdev'),0.019,57
1464,0.57,16,0.3157894736842103,0.80507157479825,0,22,3609,6,636,str('KL'),1,str('stdev'),0.406,4
1465,0.58,19,0.3684210526315788,0.7831770807968056,0,24,2955,6,1006,str('KL'),1,str('stdev'),0.363,2
1466,0.57,33,0.3157894736842103,0.711691026244393,0,39,186,6,79,str('H'),1,str('tstat'),0.001,50
1467,0.57,13,0.3157894736842103,0.8312282059467472,0,17,187,6,1335,str('KL'),3,str('stdev'),0.812,9
1468,0.57,13,0.3157894736842103,0.8312282059467472,0,17,1686,6,610,str('H'),3,str('stdev'),0.999,36
1469,0.57,15,0.3157894736842103,0.8132389028922857,0,20,830,6,1505,str('H'),3,str('stdev'),0.999,84
1470,0.57,12,0.3157894736842103,0.8412120063372186,0,15,1655,6,1743,str('KL'),3,str('stdev'),0.999,73
1471,0.57,16,0.3157894736842103,0.80507157479825,0,22,4294,6,1702,str('KL'),1,str('stdev'),0.001,45
1472,0.57,48,0.3157894736842103,0.6624564118934944,0,53,2620,6,2019,str('H'),1,str('tstat'),0.262,93
1473,0.57,21,0.3157894736842103,0.7703369263209483,0,27,3011,6,1716,str('KL'),1,str('stdev'),0.999,94
1474,0.57,15,0.3157894736842103,0.8132389028922857,0,20,4659,6,3576,str('KL'),2,str('stdev'),0.001,46
1475,0.57,14,0.3157894736842103,0.8219335101498851,0,18,2967,6,1924,str('KL'),3,str('tstat'),0.001,92
1476,0.57,31,0.3157894736842103,0.7198583543384285,0,37,2386,6,4275,str('H'),1,str('tstat'),0.001,98
1477,0.57,12,0.3157894736842103,0.8412120063372186,0,15,4589,6,584,str('KL'),3,str('stdev'),0.999,42
1478,0.57,17,0.3157894736842103,0.7973712130445876,0,23,2179,6,1639,str('KL'),1,str('stdev'),0.001,50
1479,0.57,15,0.3157894736842103,0.8132389028922857,0,20,1523,6,2291,str('H'),2,str('tstat'),0.185,49
1480,0.57,13,0.3157894736842103,0.8312282059467472,0,17,3097,6,2402,str('KL'),1,str('stdev'),0.785,37
1481,0.57,18,0.3157894736842103,0.7900872956853299,0,24,149,6,3073,str('KL'),1,str('stdev'),0.999,3
1482,0.57,12,0.3157894736842103,0.8412120063372186,0,15,4510,6,1718,str('KL'),3,str('tstat'),0.001,43
1483,0.57,12,0.3157894736842103,0.8412120063372186,0,15,4754,6,445,str('H'),3,str('tstat'),0.001,89
1484,0.57,14,0.3157894736842103,0.8219335101498851,0,18,3642,6,333,str('H'),3,str('tstat'),0.999,10
1485,0.57,13,0.3157894736842103,0.8312282059467472,0,17,651,6,325,str('H'),3,str('tstat'),0.999,5
1486,0.58,19,0.3684210526315788,0.7831770807968056,0,24,1572,6,2392,str('H'),1,str('stdev'),0.999,1
1487,0.58,20,0.3684210526315788,0.7766040867459696,0,25,1832,6,62,str('H'),1,str('stdev'),0.999,1
1488,0.57,94,0.3157894736842103,0.5732643764821355,0,70,4993,6,1,str('KL'),3,str('stdev'),0.999,39
1489,0.58,17,0.3684210526315788,0.7973712130445876,0,22,3227,6,672,str('H'),1,str('tstat'),0.292,3
1490,0.57,17,0.3157894736842103,0.7973712130445876,0,23,734,6,2904,str('H'),2,str('stdev'),0.001,61
1491,0.57,21,0.3157894736842103,0.7703369263209483,0,27,1373,6,2864,str('H'),2,str('tstat'),0.001,77
1492,0.57,14,0.3157894736842103,0.8219335101498851,0,18,287,6,3163,str('KL'),2,str('tstat'),0.999,47
1493,0.58,20,0.3684210526315788,0.7766040867459696,0,25,974,6,2446,str('KL'),1,str('stdev'),0.999,1
1494,0.57,32,0.3157894736842103,0.7157128071201706,0,38,4215,6,2007,str('KL'),2,str('tstat'),0.001,100
1495,0.57,17,0.3157894736842103,0.7973712130445876,0,23,705,6,166,str('H'),1,str('stdev'),0.999,4
1496,0.58,20,0.3684210526315788,0.7766040867459696,0,25,1193,6,4376,str('H'),1,str('tstat'),0.999,1
1497,0.57,53,0.3157894736842103,0.6493665452899527,0,56,4697,6,1850,str('H'),2,str('tstat'),0.999,100
1498,0.57,61,0.3157894736842103,0.6307549794464355,0,63,1905,6,1981,str('KL'),1,str('tstat'),0.999,100
1499,0.57,13,0.3157894736842103,0.8312282059467472,0,17,4871,6,437,str('H'),3,str('tstat'),0.001,81
1500,0.58,19,0.3684210526315788,0.7831770807968056,0,24,4227,6,187,str('KL'),1,str('stdev'),0.999,2
1501,0.57,16,0.3157894736842103,0.80507157479825,0,22,1,6,3676,str('KL'),1,str('stdev'),0.001,38
1502,0.57,16,0.3157894736842103,0.80507157479825,0,22,2788,6,315,str('KL'),2,str('stdev'),0.001,34
1503,0.57,12,0.3157894736842103,0.8412120063372186,0,15,475,6,2016,str('KL'),3,str('tstat'),0.001,100
1504,0.57,19,0.3157894736842103,0.7831770807968056,0,25,4122,6,3444,str('H'),1,str('tstat'),0.504,71
1505,0.57,16,0.3157894736842103,0.80507157479825,0,22,284,6,2151,str('H'),2,str('stdev'),0.001,46
1506,0.57,16,0.3157894736842103,0.80507157479825,0,22,3871,6,527,str('H'),1,str('tstat'),0.486,4
1507,0.57,18,0.3157894736842103,0.7900872956853299,0,24,2127,6,4633,str('H'),1,str('tstat'),0.999,50
1508,0.57,16,0.3157894736842103,0.80507157479825,0,22,4445,6,1803,str('KL'),1,str('stdev'),0.999,67
1509,0.57,14,0.3157894736842103,0.8219335101498851,0,18,4216,6,3635,str('H'),3,str('stdev'),0.001,69
1510,0.57,12,0.3157894736842103,0.8412120063372186,0,15,4900,6,3237,str('KL'),3,str('stdev'),0.999,100
1511,0.57,13,0.3157894736842103,0.8312282059467472,0,17,100,6,1732,str('H'),3,str('tstat'),0.999,96
1512,0.57,12,0.3157894736842103,0.8412120063372186,0,15,695,6,2791,str('H'),3,str('tstat'),0.001,68
1513,0.57,13,0.3157894736842103,0.8312282059467472,0,17,4347,6,910,str('H'),3,str('stdev'),0.264,4
1514,0.57,13,0.3157894736842103,0.8312282059467472,0,17,1275,6,1473,str('KL'),3,str('tstat'),0.001,15
1515,0.57,14,0.3157894736842103,0.8219335101498851,0,18,416,6,1082,str('KL'),3,str('stdev'),0.488,78
1516,0.57,13,0.3157894736842103,0.8312282059467472,0,17,2165,6,3231,str('KL'),3,str('tstat'),0.456,56
1517,0.57,13,0.3157894736842103,0.8312282059467472,0,17,4933,6,1051,str('H'),3,str('stdev'),0.011,30
1518,0.57,18,0.3157894736842103,0.7900872956853299,0,24,4956,6,2903,str('KL'),2,str('tstat'),0.113,67
1519,0.57,17,0.3157894736842103,0.7973712130445876,0,23,3997,6,2323,str('H'),2,str('stdev'),0.001,54
1520,0.57,13,0.3157894736842103,0.8312282059467472,0,17,1664,6,4030,str('H'),3,str('stdev'),0.999,73
1521,0.58,19,0.3684210526315788,0.7831770807968056,0,24,5000,6,3219,str('H'),1,str('tstat'),0.999,1
1522,0.58,20,0.3684210526315788,0.7766040867459696,0,25,3027,6,2505,str('KL'),1,str('stdev'),0.001,1
1523,0.57,14,0.3157894736842103,0.8219335101498851,0,18,4879,6,722,str('H'),3,str('tstat'),0.817,35
1524,0.57,14,0.3157894736842103,0.8219335101498851,0,18,2208,6,892,str('KL'),1,str('tstat'),0.999,13
1525,0.57,20,0.3157894736842103,0.7766040867459696,0,26,30,6,5000,str('KL'),2,str('tstat'),0.001,75
1526,0.58,20,0.3684210526315788,0.7766040867459696,0,25,3639,6,4444,str('KL'),1,str('stdev'),0.001,1
1527,0.57,14,0.3157894736842103,0.8219335101498851,0,18,1978,6,5000,str('KL'),3,str('tstat'),0.999,57
1528,0.57,26,0.3157894736842103,0.7427470938438099,0,32,3731,6,2277,str('H'),2,str('stdev'),0.999,100
1529,0.57,14,0.3157894736842103,0.8219335101498851,0,18,467,6,4030,str('H'),3,str('tstat'),0.999,66
1530,0.57,22,0.3157894736842103,0.7643484002337513,0,28,2024,6,2209,str('H'),2,str('stdev'),0.999,94
1531,0.57,15,0.3157894736842103,0.8132389028922857,0,20,3546,6,5000,str('H'),2,str('stdev'),0.001,30
1532,0.57,14,0.3157894736842103,0.8219335101498851,0,18,3614,6,3513,str('KL'),3,str('stdev'),0.999,63
1533,0.57,14,0.3157894736842103,0.8219335101498851,0,18,1943,6,3852,str('KL'),3,str('tstat'),0.058,70
1534,0.57,17,0.3157894736842103,0.7973712130445876,0,23,1001,6,4361,str('H'),1,str('tstat'),0.999,68
1535,0.57,18,0.3157894736842103,0.7900872956853299,0,24,1609,6,5000,str('KL'),2,str('tstat'),0.001,69
1536,0.57,13,0.3157894736842103,0.8312282059467472,0,17,2153,6,1434,str('KL'),1,str('tstat'),0.001,25
1537,0.57,13,0.3157894736842103,0.8312282059467472,0,17,88,6,2758,str('H'),3,str('stdev'),0.999,61
1538,0.57,14,0.3157894736842103,0.8219335101498851,0,18,3795,6,1643,str('KL'),3,str('tstat'),0.999,59
1539,0.57,18,0.3157894736842103,0.7900872956853299,0,24,372,6,3645,str('H'),2,str('tstat'),0.999,59
1540,0.58,20,0.3684210526315788,0.7766040867459696,0,25,1507,6,946,str('H'),1,str('stdev'),0.999,1
1541,0.58,19,0.3684210526315788,0.7831770807968056,0,24,5000,6,613,str('H'),1,str('stdev'),0.001,1
1542,0.57,14,0.3157894736842103,0.8219335101498851,0,18,131,6,2911,str('H'),2,str('tstat'),0.001,33
1543,0.57,13,0.3157894736842103,0.8312282059467472,0,17,2499,6,482,str('KL'),3,str('stdev'),0.999,4
1544,0.57,14,0.3157894736842103,0.8219335101498851,0,18,4599,6,692,str('H'),1,str('tstat'),0.001,35
1545,0.58,19,0.3684210526315788,0.7831770807968056,0,24,3462,6,4057,str('H'),1,str('stdev'),0.001,1
1546,0.57,13,0.3157894736842103,0.8312282059467472,0,17,1519,6,513,str('KL'),3,str('stdev'),0.999,20
1547,0.58,19,0.3684210526315788,0.7831770807968056,0,24,4411,6,1138,str('H'),1,str('stdev'),0.999,2
1548,0.58,19,0.3684210526315788,0.7831770807968056,0,24,2906,6,877,str('KL'),1,str('tstat'),0.999,2
1549,0.57,13,0.3157894736842103,0.8312282059467472,0,17,1286,6,505,str('KL'),3,str('stdev'),0.999,7
1550,0.58,19,0.3684210526315788,0.7831770807968056,0,24,1732,6,3683,str('KL'),1,str('tstat'),0.999,1
1551,0.57,15,0.3157894736842103,0.8132389028922857,0,20,4229,6,727,str('KL'),1,str('tstat'),0.001,41
1552,0.57,14,0.3157894736842103,0.8219335101498851,0,18,3501,6,2511,str('KL'),3,str('stdev'),0.856,45
1553,0.57,12,0.3157894736842103,0.8412120063372186,0,15,2143,6,2422,str('H'),1,str('tstat'),0.001,27
1554,0.57,14,0.3157894736842103,0.8219335101498851,0,18,4117,6,3373,str('H'),2,str('tstat'),0.001,29
1555,0.57,15,0.3157894736842103,0.8132389028922857,0,20,452,6,3375,str('H'),1,str('stdev'),0.999,64
1556,0.57,15,0.3157894736842103,0.8132389028922857,0,20,2167,6,4029,str('H'),3,str('stdev'),0.001,59
1557,0.58,20,0.3684210526315788,0.7766040867459696,0,25,1159,6,4020,str('KL'),1,str('stdev'),0.241,1
1558,0.57,14,0.3157894736842103,0.8219335101498851,0,18,4857,6,1236,str('KL'),3,str('stdev'),0.001,54
1559,0.57,13,0.3157894736842103,0.8312282059467472,0,17,4219,6,2660,str('KL'),3,str('tstat'),0.999,60
1560,0.57,13,0.3157894736842103,0.8312282059467472,0,17,1775,6,1804,str('KL'),1,str('stdev'),0.999,26
1561,0.58,21,0.3684210526315788,0.7703369263209483,0,26,4659,6,2734,str('KL'),1,str('tstat'),0.001,1
1562,0.57,13,0.3157894736842103,0.8312282059467472,0,17,1205,6,1319,str('KL'),3,str('tstat'),0.999,87
1563,0.57,13,0.3157894736842103,0.8312282059467472,0,17,3122,6,2215,str('H'),3,str('stdev'),0.001,89
1564,0.57,12,0.3157894736842103,0.8412120063372186,0,15,3819,6,1814,str('H'),1,str('stdev'),0.999,30
1565,0.57,14,0.3157894736842103,0.8219335101498851,0,18,4,6,3864,str('KL'),2,str('stdev'),0.999,58
1566,0.57,14,0.3157894736842103,0.8219335101498851,0,18,3632,6,835,str('H'),1,str('stdev'),0.001,14
1567,0.57,12,0.3157894736842103,0.8412120063372186,0,15,1075,6,457,str('H'),3,str('stdev'),0.999,2
1568,0.58,19,0.3684210526315788,0.7831770807968056,0,24,558,6,1121,str('H'),1,str('stdev'),0.001,1
1569,0.57,19,0.3157894736842103,0.7831770807968056,0,25,3200,6,3497,str('H'),1,str('stdev'),0.999,71
1570,0.58,20,0.3684210526315788,0.7766040867459696,0,25,4097,6,4785,str('KL'),1,str('stdev'),0.001,2
1571,0.58,22,0.3684210526315788,0.7643484002337513,0,27,3790,6,3661,str('H'),2,str('tstat'),0.927,4
1572,0.57,16,0.3157894736842103,0.80507157479825,0,22,1930,6,685,str('KL'),3,str('stdev'),0.026,62
1573,0.57,13,0.3157894736842103,0.8312282059467472,0,17,1134,6,3312,str('KL'),3,str('tstat'),0.001,30
1574,0.57,13,0.3157894736842103,0.8312282059467472,0,17,95,6,958,str('H'),3,str('tstat'),0.88,78
1575,0.57,15,0.3157894736842103,0.8132389028922857,0,20,4406,6,1636,str('KL'),2,str('tstat'),0.999,39
1576,0.57,15,0.3157894736842103,0.8132389028922857,0,20,2882,6,109,str('KL'),3,str('tstat'),0.999,76
1577,0.58,20,0.3684210526315788,0.7766040867459696,0,25,1714,6,3290,str('KL'),1,str('stdev'),0.999,1
1578,0.57,15,0.3157894736842103,0.8132389028922857,0,20,1872,6,452,str('H'),2,str('tstat'),0.001,2
1579,0.57,12,0.3157894736842103,0.8412120063372186,0,15,3823,6,1995,str('KL'),2,str('tstat'),0.244,11
1580,0.58,19,0.3684210526315788,0.7831770807968056,0,24,3012,6,1231,str('KL'),1,str('tstat'),0.001,1
1581,0.57,13,0.3157894736842103,0.8312282059467472,0,17,2803,6,1292,str('KL'),3,str('tstat'),0.001,50
1582,0.58,19,0.3684210526315788,0.7831770807968056,0,24,4701,6,718,str('KL'),1,str('tstat'),0.999,3
1583,0.58,19,0.3684210526315788,0.7831770807968056,0,24,4958,6,200,str('H'),1,str('tstat'),0.577,3
1584,0.57,18,0.3157894736842103,0.7900872956853299,0,24,2471,6,4107,str('H'),3,str('tstat'),0.22,37
1585,0.57,44,0.3157894736842103,0.6739288423952503,0,50,4342,6,1450,str('KL'),1,str('stdev'),0.825,79
1586,0.57,19,0.3157894736842103,0.7831770807968056,0,25,4097,6,4257,str('H'),3,str('tstat'),0.252,60
1587,0.57,18,0.3157894736842103,0.7900872956853299,0,24,2217,6,1282,str('KL'),2,str('stdev'),0.669,5
1588,0.57,26,0.3157894736842103,0.7427470938438099,0,32,762,6,3082,str('H'),2,str('stdev'),0.869,87
1589,0.58,19,0.3684210526315788,0.7831770807968056,0,24,662,6,2271,str('KL'),1,str('tstat'),0.001,2
1590,0.57,12,0.3157894736842103,0.8412120063372186,0,15,2397,6,1966,str('H'),3,str('tstat'),0.001,16
1591,0.58,19,0.3684210526315788,0.7831770807968056,0,24,4155,6,4437,str('H'),1,str('tstat'),0.001,1
1592,0.57,13,0.3157894736842103,0.8312282059467472,0,17,3229,6,3296,str('KL'),3,str('tstat'),0.001,36
1593,0.57,13,0.3157894736842103,0.8312282059467472,0,17,3069,6,579,str('H'),3,str('tstat'),0.001,3
1594,0.57,25,0.3157894736842103,0.7478314577833614,0,31,1124,6,3482,str('H'),2,str('stdev'),0.999,83
1595,0.57,19,0.3157894736842103,0.7831770807968056,0,25,4793,6,1931,str('H'),1,str('tstat'),0.999,55
1596,0.58,19,0.3684210526315788,0.7831770807968056,0,24,1,6,2197,str('KL'),1,str('stdev'),0.999,1
1597,0.57,14,0.3157894736842103,0.8219335101498851,0,18,3300,6,199,str('KL'),3,str('tstat'),0.999,87
1598,0.57,15,0.3157894736842103,0.8132389028922857,0,20,1385,6,4352,str('KL'),3,str('tstat'),0.999,89
1599,0.57,12,0.3157894736842103,0.8412120063372186,0,15,1373,6,2664,str('H'),3,str('tstat'),0.001,48
1600,0.57,22,0.3157894736842103,0.7643484002337513,0,28,1141,6,449,str('H'),2,str('stdev'),0.999,3
1601,0.57,22,0.3157894736842103,0.7643484002337513,0,28,3936,6,2719,str('H'),2,str('tstat'),0.999,3
1602,0.57,20,0.3157894736842103,0.7766040867459696,0,26,4337,6,4651,str('KL'),2,str('tstat'),0.693,27
1603,0.57,20,0.3157894736842103,0.7766040867459696,0,26,4231,6,637,str('KL'),3,str('tstat'),0.969,54
1604,0.57,21,0.3157894736842103,0.7703369263209483,0,27,4722,6,2904,str('KL'),3,str('tstat'),0.792,95
1605,0.57,19,0.3157894736842103,0.7831770807968056,0,25,1042,6,4987,str('H'),1,str('stdev'),0.451,31
1606,0.57,19,0.3157894736842103,0.7831770807968056,0,25,2921,6,2016,str('KL'),3,str('tstat'),0.595,84
1607,0.57,17,0.3157894736842103,0.7973712130445876,0,23,3725,6,4013,str('KL'),2,str('tstat'),0.755,40
1608,0.57,66,0.3157894736842103,0.6203063609261443,0,64,595,6,1662,str('H'),1,str('stdev'),0.166,100
1609,0.57,17,0.3157894736842103,0.7973712130445876,0,23,1444,6,2682,str('KL'),3,str('stdev'),0.374,19
1610,0.57,54,0.3157894736842103,0.646894555671611,0,57,4554,6,337,str('H'),2,str('tstat'),0.705,71
1611,0.57,16,0.3157894736842103,0.80507157479825,0,22,4793,6,4383,str('KL'),1,str('stdev'),0.54,46
1612,0.57,38,0.3157894736842103,0.6932073385825838,0,44,1673,6,2347,str('H'),2,str('tstat'),0.38,94
1613,0.57,16,0.3157894736842103,0.80507157479825,0,22,42,6,3209,str('KL'),2,str('tstat'),0.082,25
1614,0.57,19,0.3157894736842103,0.7831770807968056,0,25,3182,6,1177,str('H'),3,str('stdev'),0.998,65
1615,0.57,29,0.3157894736842103,0.7285529615960279,0,35,802,6,276,str('KL'),1,str('tstat'),0.304,56
1616,0.57,24,0.3157894736842103,0.7531152587013256,0,30,2734,6,1277,str('H'),2,str('tstat'),0.999,3
1617,0.57,20,0.3157894736842103,0.7766040867459696,0,26,1755,6,207,str('KL'),3,str('stdev'),0.001,16
1618,0.57,17,0.3157894736842103,0.7973712130445876,0,23,4462,6,173,str('H'),3,str('tstat'),0.001,73
1619,0.57,18,0.3157894736842103,0.7900872956853299,0,24,4684,6,212,str('H'),3,str('tstat'),0.001,82
1620,0.57,21,0.3157894736842103,0.7703369263209483,0,27,2841,6,299,str('H'),3,str('stdev'),0.001,93
1621,0.57,22,0.3157894736842103,0.7643484002337513,0,28,2622,6,112,str('KL'),1,str('tstat'),0.21,28
1622,0.57,41,0.3157894736842103,0.6832235381921123,0,47,3382,6,3436,str('KL'),1,str('tstat'),0.424,96
1623,0.57,18,0.3157894736842103,0.7900872956853299,0,24,271,6,1086,str('H'),3,str('stdev'),0.529,44
1624,0.57,30,0.3157894736842103,0.7241355280002928,0,36,1765,6,4606,str('KL'),2,str('stdev'),0.946,75
1625,0.57,18,0.3157894736842103,0.7900872956853299,0,24,4896,6,2260,str('H'),3,str('tstat'),0.1,15
1626,0.57,42,0.3157894736842103,0.6800535177151712,0,48,4509,6,2557,str('KL'),2,str('stdev'),0.156,90
1627,0.57,38,0.3157894736842103,0.6932073385825838,0,44,1369,6,520,str('H'),1,str('tstat'),0.799,50
1628,0.57,18,0.3157894736842103,0.7900872956853299,0,24,344,6,3883,str('KL'),3,str('tstat'),0.723,69
1629,0.57,17,0.3157894736842103,0.7973712130445876,0,23,3464,6,1851,str('H'),1,str('stdev'),0.322,21
1630,0.57,27,0.3157894736842103,0.73784765739289,0,33,3017,6,4784,str('H'),2,str('stdev'),0.045,53
1631,0.57,18,0.3157894736842103,0.7900872956853299,0,24,2022,6,469,str('H'),2,str('stdev'),0.999,9
1632,0.57,20,0.3157894736842103,0.7766040867459696,0,26,2602,6,4732,str('KL'),3,str('stdev'),0.001,10
1633,0.58,29,0.3684210526315788,0.7285529615960279,0,33,4365,6,3900,str('KL'),1,str('tstat'),0.999,1
1634,0.57,20,0.3157894736842103,0.7766040867459696,0,26,115,6,229,str('KL'),3,str('tstat'),0.999,26
1635,0.57,20,0.3157894736842103,0.7766040867459696,0,26,1497,6,233,str('KL'),3,str('tstat'),0.999,3
1636,0.57,25,0.3157894736842103,0.7478314577833614,0,31,1800,6,2189,str('H'),1,str('tstat'),0.999,38
1637,0.57,17,0.3157894736842103,0.7973712130445876,0,23,4527,6,562,str('KL'),1,str('tstat'),0.005,12
1638,0.57,20,0.3157894736842103,0.7766040867459696,0,26,1785,6,4229,str('H'),3,str('stdev'),0.999,58
1639,0.57,17,0.3157894736842103,0.7973712130445876,0,23,2531,6,4107,str('H'),3,str('tstat'),0.171,5
1640,0.57,18,0.3157894736842103,0.7900872956853299,0,24,3824,6,1791,str('H'),3,str('tstat'),0.001,5
1641,0.57,20,0.3157894736842103,0.7766040867459696,0,26,4605,6,204,str('KL'),1,str('stdev'),0.999,12
1642,0.57,19,0.3157894736842103,0.7831770807968056,0,25,1029,6,2441,str('H'),3,str('tstat'),0.001,62
1643,0.57,21,0.3157894736842103,0.7703369263209483,0,27,1124,6,381,str('KL'),2,str('stdev'),0.999,32
1644,0.57,18,0.3157894736842103,0.7900872956853299,0,24,3754,6,2609,str('H'),3,str('tstat'),0.001,26
1645,0.57,26,0.3157894736842103,0.7427470938438099,0,32,3667,6,185,str('H'),1,str('stdev'),0.547,33
1646,0.57,18,0.3157894736842103,0.7900872956853299,0,24,2459,6,4588,str('H'),2,str('tstat'),0.999,4
1647,0.57,163,0.3157894736842103,0.49970885490294625,0,82,3844,6,1,str('H'),2,str('tstat'),0.999,3
1648,0.57,39,0.3157894736842103,0.6897965322429485,0,45,4959,6,1700,str('KL'),2,str('tstat'),0.999,70
1649,0.57,20,0.3157894736842103,0.7766040867459696,0,26,1808,6,3091,str('H'),2,str('tstat'),0.999,3
1650,0.58,28,0.3684210526315788,0.7331201669184887,0,32,3088,6,2618,str('H'),1,str('stdev'),0.001,2
1651,0.57,22,0.3157894736842103,0.7643484002337513,0,28,4534,6,3784,str('H'),2,str('stdev'),0.001,27
1652,0.58,30,0.3684210526315788,0.7241355280002928,0,34,1,6,4182,str('KL'),1,str('tstat'),0.001,1
1653,0.57,15,0.3157894736842103,0.8132389028922857,0,20,1227,6,1552,str('H'),2,str('tstat'),0.999,3
1654,0.57,23,0.3157894736842103,0.758614783691508,0,29,329,6,2614,str('H'),1,str('tstat'),0.999,40
1655,0.57,19,0.3157894736842103,0.7831770807968056,0,25,527,6,938,str('H'),1,str('tstat'),0.001,41
1656,0.58,23,0.3684210526315788,0.758614783691508,0,28,2568,6,2143,str('KL'),1,str('tstat'),0.999,1
1657,0.57,22,0.3157894736842103,0.7643484002337513,0,28,4462,6,769,str('KL'),2,str('stdev'),0.999,37
1658,0.58,26,0.3684210526315788,0.7427470938438099,0,31,649,6,423,str('KL'),1,str('tstat'),0.687,2
1659,0.57,20,0.3157894736842103,0.7766040867459696,0,26,3374,6,3417,str('H'),3,str('tstat'),0.999,7
1660,0.57,18,0.3157894736842103,0.7900872956853299,0,24,2799,6,573,str('KL'),3,str('stdev'),0.999,82
1661,0.57,33,0.3157894736842103,0.711691026244393,0,39,3020,6,4096,str('H'),2,str('stdev'),0.999,93
1662,0.57,20,0.3157894736842103,0.7766040867459696,0,26,549,6,3456,str('KL'),1,str('tstat'),0.001,30
1663,0.57,20,0.3157894736842103,0.7766040867459696,0,26,635,6,1827,str('KL'),2,str('tstat'),0.999,26
1664,0.58,28,0.3684210526315788,0.7331201669184887,0,32,5000,6,4201,str('H'),1,str('stdev'),0.999,1
1665,0.58,28,0.3684210526315788,0.7331201669184887,0,32,5000,6,2377,str('H'),1,str('tstat'),0.001,1
1666,0.57,21,0.3157894736842103,0.7703369263209483,0,27,4401,6,2058,str('H'),3,str('tstat'),0.999,3
1667,0.57,25,0.3157894736842103,0.7478314577833614,0,31,843,6,4821,str('H'),1,str('stdev'),0.001,28
1668,0.57,20,0.3157894736842103,0.7766040867459696,0,26,2840,6,227,str('KL'),3,str('tstat'),0.001,40
1669,0.57,24,0.3157894736842103,0.7531152587013256,0,30,2510,6,4410,str('H'),2,str('tstat'),0.001,55
1670,0.57,20,0.3157894736842103,0.7766040867459696,0,26,436,6,782,str('H'),3,str('tstat'),0.999,6
1671,0.57,33,0.3157894736842103,0.711691026244393,0,39,470,6,4128,str('H'),1,str('stdev'),0.001,64
1672,0.57,20,0.3157894736842103,0.7766040867459696,0,26,553,6,3377,str('KL'),2,str('tstat'),0.001,56
1673,0.57,19,0.3157894736842103,0.7831770807968056,0,25,2149,6,3235,str('H'),3,str('tstat'),0.999,74
1674,0.57,15,0.3157894736842103,0.8132389028922857,0,20,5000,6,4485,str('KL'),3,str('stdev'),0.999,100
1675,0.57,23,0.3157894736842103,0.758614783691508,0,29,1841,6,1157,str('KL'),1,str('stdev'),0.001,35
1676,0.57,17,0.3157894736842103,0.7973712130445876,0,23,1702,6,1414,str('H'),3,str('stdev'),0.001,69
1677,0.57,21,0.3157894736842103,0.7703369263209483,0,27,343,6,2303,str('KL'),2,str('tstat'),0.999,9
1678,0.57,21,0.3157894736842103,0.7703369263209483,0,27,1,6,4537,str('H'),3,str('tstat'),0.999,100
1679,0.57,15,0.3157894736842103,0.8132389028922857,0,20,2064,6,3866,str('H'),3,str('tstat'),0.999,3
1680,0.57,20,0.3157894736842103,0.7766040867459696,0,26,1,6,1504,str('KL'),2,str('stdev'),0.999,44
1681,0.57,20,0.3157894736842103,0.7766040867459696,0,26,1,6,1917,str('H'),3,str('tstat'),0.001,73
1682,0.58,28,0.3684210526315788,0.7331201669184887,0,32,5000,6,327,str('KL'),1,str('stdev'),0.001,1
1683,0.58,30,0.3684210526315788,0.7241355280002928,0,34,2909,6,3077,str('KL'),1,str('stdev'),0.999,1
1684,0.58,23,0.3684210526315788,0.758614783691508,0,28,4971,6,3304,str('KL'),1,str('tstat'),0.001,1
1685,0.57,15,0.3157894736842103,0.8132389028922857,0,20,4006,6,1426,str('H'),2,str('stdev'),0.999,37
1686,0.57,22,0.3157894736842103,0.7643484002337513,0,28,3889,6,3808,str('H'),1,str('tstat'),0.001,53
1687,0.58,29,0.3684210526315788,0.7285529615960279,0,33,1019,6,3378,str('H'),1,str('stdev'),0.999,1
1688,0.57,18,0.3157894736842103,0.7900872956853299,0,24,1793,6,4815,str('KL'),3,str('tstat'),0.999,97
1689,0.57,16,0.3157894736842103,0.80507157479825,0,22,4252,6,4263,str('KL'),2,str('tstat'),0.999,19
1690,0.58,22,0.3684210526315788,0.7643484002337513,0,27,1771,6,4493,str('H'),1,str('stdev'),0.001,28
1691,0.57,19,0.3157894736842103,0.7831770807968056,0,25,451,6,851,str('H'),3,str('tstat'),0.001,74
1692,0.57,19,0.3157894736842103,0.7831770807968056,0,25,183,6,299,str('H'),3,str('tstat'),0.001,95
1693,0.57,20,0.3157894736842103,0.7766040867459696,0,26,4321,6,1620,str('H'),1,str('stdev'),0.001,28
1694,0.57,25,0.3157894736842103,0.7478314577833614,0,31,244,6,3211,str('H'),1,str('stdev'),0.001,28
1695,0.57,20,0.3157894736842103,0.7766040867459696,0,26,4705,6,3537,str('KL'),1,str('stdev'),0.001,28
1696,0.57,24,0.3157894736842103,0.7531152587013256,0,30,4127,6,3291,str('H'),2,str('tstat'),0.999,3
1697,0.58,26,0.3684210526315788,0.7427470938438099,0,31,63,6,3566,str('KL'),1,str('tstat'),0.001,2
1698,0.58,22,0.3684210526315788,0.7643484002337513,0,27,407,6,4465,str('H'),2,str('tstat'),0.999,3
1699,0.58,28,0.3684210526315788,0.7331201669184887,0,32,5000,6,894,str('KL'),1,str('stdev'),0.001,1
1700,0.58,25,0.3684210526315788,0.7478314577833614,0,30,5000,6,1471,str('H'),1,str('stdev'),0.001,1
1701,0.57,25,0.3157894736842103,0.7478314577833614,0,31,4602,6,4181,str('H'),1,str('stdev'),0.001,28
1702,0.58,26,0.3684210526315788,0.7427470938438099,0,31,3942,6,4068,str('H'),1,str('tstat'),0.999,4
1703,0.58,28,0.3684210526315788,0.7331201669184887,0,32,2774,6,2190,str('H'),1,str('tstat'),0.999,3
1704,0.57,58,0.3157894736842103,0.6374366622117705,0,60,4322,6,2873,str('KL'),1,str('stdev'),0.001,98
1705,0.58,32,0.3684210526315788,0.7157128071201706,0,35,3075,6,1747,str('KL'),1,str('tstat'),0.999,1
1706,0.57,19,0.3157894736842103,0.7831770807968056,0,25,5000,6,3179,str('H'),3,str('stdev'),0.001,70
1707,0.57,35,0.3157894736842103,0.7039906644907304,0,41,5000,6,4596,str('H'),1,str('stdev'),0.999,96
1708,0.57,21,0.3157894736842103,0.7703369263209483,0,27,4932,6,4741,str('H'),3,str('tstat'),0.001,92
1709,0.58,29,0.3684210526315788,0.7285529615960279,0,33,1,6,3886,str('H'),1,str('stdev'),0.001,1
1710,0.57,22,0.3157894736842103,0.7643484002337513,0,28,262,6,757,str('KL'),2,str('tstat'),0.607,1
1711,0.57,18,0.3157894736842103,0.7900872956853299,0,24,3142,6,942,str('H'),3,str('tstat'),0.001,54
1712,0.57,16,0.3157894736842103,0.80507157479825,0,22,1568,6,2853,str('KL'),3,str('tstat'),0.999,40
1713,0.57,20,0.3157894736842103,0.7766040867459696,0,26,1011,6,4039,str('H'),2,str('tstat'),0.999,3
1714,0.58,24,0.3684210526315788,0.7531152587013256,0,29,5000,6,4861,str('H'),1,str('tstat'),0.999,1
1715,0.57,20,0.3157894736842103,0.7766040867459696,0,26,3428,6,3420,str('H'),3,str('stdev'),0.999,95
1716,0.57,24,0.3157894736842103,0.7531152587013256,0,30,4787,6,2243,str('H'),2,str('stdev'),0.001,66
1717,0.57,19,0.3157894736842103,0.7831770807968056,0,25,1,6,452,str('H'),3,str('stdev'),0.001,100
1718,0.57,24,0.3157894736842103,0.7531152587013256,0,30,2034,6,1999,str('H'),2,str('tstat'),0.999,3
1719,0.57,20,0.3157894736842103,0.7766040867459696,0,26,3921,6,3187,str('H'),1,str('tstat'),0.001,59
1720,0.57,23,0.3157894736842103,0.758614783691508,0,29,2236,6,2002,str('H'),1,str('stdev'),0.001,27
1721,0.57,18,0.3157894736842103,0.7900872956853299,0,24,4616,6,4643,str('KL'),3,str('stdev'),0.999,70
1722,0.57,23,0.3157894736842103,0.758614783691508,0,29,2315,6,2562,str('H'),2,str('tstat'),0.999,43
1723,0.57,16,0.3157894736842103,0.80507157479825,0,22,50,6,1649,str('H'),3,str('tstat'),0.999,8
1724,0.57,20,0.3157894736842103,0.7766040867459696,0,26,1895,6,1214,str('KL'),3,str('tstat'),0.001,100
1725,0.57,22,0.3157894736842103,0.7643484002337513,0,28,3896,6,2774,str('H'),1,str('stdev'),0.001,27
1726,0.57,19,0.3157894736842103,0.7831770807968056,0,25,3353,6,1488,str('H'),3,str('tstat'),0.999,100
1727,0.57,18,0.3157894736842103,0.7900872956853299,0,24,1,6,3121,str('KL'),3,str('tstat'),0.999,34
1728,0.65,5,0.7368421052631582,0.9453758807992224,0,4,1,3,5000,str('KL'),1,str('stdev'),0.999,33
1729,0.62,4,0.5789473684210528,0.96993817790452,0,6,5000,3,5000,str('KL'),3,str('stdev'),0.001,100
1730,0.57,96,0.3157894736842103,0.5704576154966339,0,71,1,5,1,str('KL'),3,str('stdev'),0.001,45
1731,0.66,41,0.7894736842105267,0.6832235381921123,0,31,5000,3,1,str('KL'),3,str('stdev'),0.999,100
1732,0.62,14,0.5789473684210528,0.8219335101498851,0,16,5000,5,2747,str('KL'),3,str('stdev'),0.001,1
1733,0.66,41,0.7894736842105267,0.6832235381921123,0,31,1,3,1,str('KL'),3,str('stdev'),0.99,21
1734,0.57,97,0.3157894736842103,0.5690758633396371,0,72,5000,5,1,str('KL'),3,str('stdev'),0.001,15
1735,0.65,6,0.7368421052631582,0.9246087545006043,0,5,4895,3,5000,str('H'),1,str('stdev'),0.001,35
1736,0.57,138,0.3157894736842103,0.5219904746142089,0,80,1,5,1,str('KL'),3,str('stdev'),0.001,93
1737,0.6,4,0.47368421052631576,0.96993817790452,0,8,5000,3,2855,str('KL'),3,str('tstat'),0.999,87
1738,0.53,4,0.10526315789473696,0.96993817790452,0,14,1,3,2996,str('H'),3,str('tstat'),0.941,1
1739,0.59,19,0.4210526315789473,0.7831770807968056,0,22,5000,5,5000,str('KL'),1,str('stdev'),0.001,1
1740,0.65,4,0.7368421052631582,0.96993817790452,0,3,4739,3,4949,str('H'),2,str('tstat'),0.789,1
1741,0.57,16,0.3157894736842103,0.80507157479825,0,22,4839,4,4903,str('H'),2,str('tstat'),0.742,52
1742,0.63,5,0.6315789473684212,0.9453758807992224,0,6,3132,3,4871,str('KL'),2,str('tstat'),0.748,1
1743,0.57,17,0.3157894736842103,0.7973712130445876,0,23,4649,4,5000,str('H'),2,str('tstat'),0.999,1
1744,0.57,18,0.3157894736842103,0.7900872956853299,0,24,4195,7,3157,str('H'),1,str('tstat'),0.71,51
1745,0.57,55,0.3157894736842103,0.6444671088390328,0,58,4022,2,1785,str('H'),2,str('tstat'),0.317,100
1746,0.63,14,0.6315789473684212,0.8219335101498851,0,15,1709,5,3565,str('KL'),1,str('stdev'),0.815,45
1747,0.62,5,0.5789473684210528,0.9453758807992224,0,7,3889,3,299,str('KL'),3,str('stdev'),0.001,91
