index,ACCURACY,RUNTIME,transformed_accuracy,transformed_runtime,is_pareto,pareto_layer,recent_samples_size,feature_id,batch_size,divergence,detect_batch,statistic,significance,subsets
0,0.12,178,0.2666666666666666,0.7090964306410996,0,98,225,17,2761,str('H'),3,str('tstat'),0.879,15
1,0.16,300,0.5333333333333332,0.5867887269088363,0,118,4673,3,799,str('KL'),1,str('stdev'),0.314,86
2,0.11,176,0.19999999999999996,0.7117406362325246,0,97,3145,21,3937,str('H'),1,str('stdev'),0.626,69
3,0.1,133,0.13333333333333333,0.7772358196928197,0,54,1353,7,2115,str('KL'),2,str('tstat'),0.068,32
4,0.11,185,0.19999999999999996,0.7000688977200731,0,106,1728,16,4100,str('KL'),1,str('tstat'),0.984,20
5,0.1,186,0.13333333333333333,0.6988070618723943,0,108,3676,2,2273,str('H'),3,str('stdev'),0.303,81
6,0.1,215,0.13333333333333333,0.6648793223525504,0,137,107,24,891,str('KL'),3,str('stdev'),0.758,65
7,0.1,215,0.13333333333333333,0.6648793223525504,0,137,5000,24,3572,str('H'),3,str('stdev'),0.396,100
8,0.1,191,0.13333333333333333,0.6925974187069388,0,113,554,24,3479,str('H'),3,str('stdev'),0.999,59
9,0.1,287,0.13333333333333333,0.597178576152464,0,199,4689,24,450,str('KL'),1,str('tstat'),0.001,1
10,0.1,248,0.13333333333333333,0.6314211408988839,0,166,5000,24,138,str('H'),1,str('tstat'),0.999,1
11,0.1,225,0.13333333333333333,0.6542290062071052,0,147,4832,24,923,str('KL'),2,str('tstat'),0.001,28
12,0.1,270,0.13333333333333333,0.6114965546646273,0,186,5000,24,2735,str('KL'),2,str('stdev'),0.001,28
13,0.1,245,0.13333333333333333,0.6342736827552681,0,163,1,24,5000,str('KL'),2,str('tstat'),0.001,1
14,0.1,270,0.13333333333333333,0.6114965546646273,0,186,136,24,3501,str('H'),1,str('stdev'),0.001,63
15,0.1,281,0.13333333333333333,0.6021331132934182,0,193,5000,24,3152,str('H'),1,str('tstat'),0.586,100
16,0.15,179,0.46666666666666656,0.7077853864604593,0,93,436,4,2679,str('H'),3,str('stdev'),0.999,100
17,0.21,111,0.8666666666666666,0.8194404471509675,0,33,3657,26,1455,str('KL'),2,str('tstat'),0.658,68
18,0.15,222,0.46666666666666656,0.6573737989528441,0,116,1877,3,3684,str('H'),3,str('stdev'),0.999,100
19,0.21,137,0.8666666666666666,0.7703137965019462,0,52,1,26,2555,str('KL'),2,str('stdev'),0.999,100
20,0.18,188,0.6666666666666665,0.6963035082421045,0,90,4948,9,3326,str('KL'),1,str('tstat'),0.001,63
21,0.18,98,0.6666666666666665,0.8484754569686281,0,32,4537,0,1573,str('KL'),1,str('tstat'),0.944,49
22,0.21,114,0.8666666666666666,0.8132198606098551,0,36,4290,26,1341,str('H'),2,str('stdev'),0.725,19
23,0.15,196,0.46666666666666656,0.6865474242876628,0,104,593,9,2004,str('H'),2,str('tstat'),0.001,100
24,0.12,288,0.2666666666666666,0.5963628671147305,0,151,321,12,3889,str('KL'),1,str('stdev'),0.001,2
25,0.21,98,0.8666666666666666,0.8484754569686281,0,21,891,26,1429,str('H'),2,str('stdev'),0.53,14
26,0.1,159,0.13333333333333333,0.7355034828148477,0,81,4728,25,2915,str('KL'),3,str('stdev'),0.74,72
27,0.1,133,0.13333333333333333,0.7772358196928197,0,54,437,11,948,str('H'),2,str('tstat'),0.048,29
28,0.13,201,0.3333333333333333,0.6806490748814107,0,109,1073,23,1597,str('H'),1,str('tstat'),0.592,58
29,0.17,142,0.6,0.7619381145524806,0,57,4115,9,4767,str('KL'),3,str('stdev'),0.153,43
30,0.1,136,0.13333333333333333,0.7720253082041393,0,58,3058,19,418,str('H'),2,str('stdev'),0.839,10
31,0.15,142,0.46666666666666656,0.7619381145524806,0,59,855,1,4618,str('H'),3,str('tstat'),0.479,95
32,0.22,105,0.9333333333333332,0.8323977648215923,0,26,1045,26,580,str('KL'),1,str('stdev'),0.518,5
33,0.21,118,0.8666666666666666,0.8051735444549065,0,40,5000,26,5000,str('KL'),2,str('tstat'),0.999,1
34,0.21,90,0.8666666666666666,0.868304597134993,0,13,5000,26,5000,str('H'),3,str('tstat'),0.001,61
35,0.21,188,0.8666666666666666,0.6963035082421045,0,70,5000,26,1,str('KL'),2,str('tstat'),0.001,3
36,0.17,100,0.6,0.8437686636359718,0,35,672,0,5000,str('KL'),2,str('stdev'),0.42,100
37,0.21,108,0.8666666666666666,0.8258299388706621,0,31,56,26,5000,str('KL'),2,str('stdev'),0.482,100
38,0.21,118,0.8666666666666666,0.8051735444549065,0,40,1,26,5000,str('KL'),2,str('stdev'),0.303,100
39,0.21,92,0.8666666666666666,0.8631884864746343,0,15,4887,26,4974,str('KL'),2,str('stdev'),0.417,59
40,0.21,92,0.8666666666666666,0.8631884864746343,0,15,48,26,4796,str('KL'),3,str('stdev'),0.368,64
41,0.21,122,0.8666666666666666,0.7973932715098292,0,44,5000,26,5000,str('KL'),2,str('stdev'),0.394,100
42,0.21,92,0.8666666666666666,0.8631884864746343,0,15,207,26,4816,str('KL'),2,str('stdev'),0.39,35
43,0.21,94,0.8666666666666666,0.8581812375355501,0,17,2746,26,4831,str('KL'),2,str('stdev'),0.344,46
44,0.1,147,0.13333333333333333,0.7538503143967605,0,69,1899,15,4984,str('KL'),2,str('stdev'),0.375,64
45,0.11,203,0.19999999999999996,0.6783305160108779,0,124,834,25,4912,str('KL'),2,str('stdev'),0.433,2
46,0.22,94,0.9333333333333332,0.8581812375355501,0,15,3709,26,4782,str('KL'),3,str('stdev'),0.381,15
47,0.21,115,0.8666666666666666,0.8111823429315359,0,37,1,26,5000,str('KL'),2,str('stdev'),0.389,100
48,0.13,134,0.3333333333333333,0.7754861326605458,0,54,775,10,4752,str('KL'),3,str('tstat'),0.999,19
49,0.21,551,0.8666666666666666,0.4440746189928241,0,80,362,26,1,str('H'),2,str('tstat'),0.999,20
50,0.21,253,0.8666666666666666,0.6267424217472056,0,74,5000,26,1,str('H'),3,str('tstat'),0.999,100
51,0.19,103,0.7333333333333333,0.8368804112454389,0,27,2510,0,785,str('KL'),2,str('stdev'),0.999,1
52,0.21,168,0.8666666666666666,0.7226249724749032,0,68,5000,26,1,str('KL'),3,str('tstat'),0.001,76
53,0.22,131,0.9333333333333332,0.7807747107685417,0,48,4561,26,5000,str('H'),1,str('stdev'),0.999,100
54,0.16,61,0.5333333333333332,0.9586073290291091,0,5,2403,0,4569,str('KL'),2,str('stdev'),0.001,9
55,0.21,92,0.8666666666666666,0.8631884864746343,0,15,5000,26,5000,str('KL'),3,str('stdev'),0.999,61
56,0.22,154,0.9333333333333332,0.742974961827982,0,63,5000,26,5000,str('KL'),1,str('tstat'),0.999,1
57,0.21,101,0.8666666666666666,0.8414501047654391,0,24,5000,26,3824,str('KL'),3,str('tstat'),0.999,67
58,0.11,53,0.19999999999999996,0.9911184998616728,0,3,1562,0,4277,str('H'),3,str('stdev'),0.999,41
59,0.23,108,1.0,0.8258299388706621,1,1,3898,26,80,str('KL'),2,str('stdev'),0.999,1
60,0.18,79,0.6666666666666665,0.8986230715694088,0,19,4603,0,5000,str('KL'),2,str('tstat'),0.001,1
61,0.22,110,0.9333333333333332,0.8215510605968469,0,31,1129,26,2610,str('H'),1,str('tstat'),0.001,97
62,0.21,105,0.8666666666666666,0.8323977648215923,0,28,609,26,5000,str('H'),2,str('stdev'),0.001,1
63,0.21,159,0.8666666666666666,0.7355034828148477,0,65,3805,26,1,str('H'),3,str('stdev'),0.999,71
64,0.22,149,0.9333333333333332,0.7506914505683682,0,60,305,26,2461,str('KL'),1,str('stdev'),0.999,1
65,0.22,78,0.9333333333333332,0.9015832593017726,1,1,3163,26,2709,str('H'),3,str('stdev'),0.999,100
66,0.11,57,0.19999999999999996,0.974301931686097,0,5,2035,0,3909,str('H'),2,str('tstat'),0.001,8
67,0.22,131,0.9333333333333332,0.7807747107685417,0,48,1746,26,4535,str('H'),1,str('tstat'),0.137,100
68,0.16,69,0.5333333333333332,0.9300472574589626,0,13,3727,0,3627,str('H'),2,str('stdev'),0.001,64
69,0.15,61,0.46666666666666656,0.9586073290291091,0,6,4434,0,2726,str('KL'),3,str('stdev'),0.724,4
70,0.21,84,0.8666666666666666,0.8843561688733478,0,7,233,26,4657,str('KL'),3,str('tstat'),0.001,61
71,0.16,62,0.5333333333333332,0.9548419395511404,0,6,4099,0,4186,str('KL'),2,str('tstat'),0.999,23
72,0.21,358,0.8666666666666666,0.545320406811625,0,79,750,26,1,str('H'),2,str('stdev'),0.001,17
73,0.21,108,0.8666666666666666,0.8258299388706621,0,31,5000,26,5000,str('H'),2,str('tstat'),0.001,1
74,0.21,164,0.8666666666666666,0.7282619323219758,0,67,5000,26,1,str('KL'),3,str('stdev'),0.999,100
75,0.18,79,0.6666666666666665,0.8986230715694088,0,19,3088,0,4666,str('H'),2,str('stdev'),0.001,3
76,0.22,136,0.9333333333333332,0.7720253082041393,0,50,5000,26,5000,str('H'),1,str('tstat'),0.001,1
77,0.21,116,0.8666666666666666,0.8091623148910506,0,38,5000,26,5000,str('H'),3,str('stdev'),0.001,58
78,0.21,270,0.8666666666666666,0.6114965546646273,0,77,1,26,1,str('KL'),3,str('tstat'),0.999,1
79,0.21,269,0.8666666666666666,0.6123665439059847,0,76,3972,26,1,str('H'),3,str('stdev'),0.001,77
80,0.17,77,0.6,0.9045811574455254,0,19,1,0,5000,str('H'),3,str('stdev'),0.001,82
81,0.11,114,0.19999999999999996,0.8132198606098551,0,42,1684,1,4009,str('KL'),1,str('tstat'),0.083,55
82,0.15,128,0.46666666666666656,0.7861848759739298,0,48,4362,1,3091,str('KL'),3,str('tstat'),0.999,97
83,0.16,62,0.5333333333333332,0.9548419395511404,0,6,966,0,4599,str('KL'),3,str('tstat'),0.999,1
84,0.17,70,0.6,0.9267091614651907,0,12,4385,0,5000,str('KL'),3,str('tstat'),0.999,64
85,0.17,64,0.6,0.9474872215534342,0,7,506,0,2286,str('KL'),1,str('stdev'),0.999,74
86,0.15,65,0.46666666666666656,0.9438942995231028,0,10,2022,0,2452,str('H'),3,str('stdev'),0.25,1
87,0.19,106,0.7333333333333333,0.8301880601191358,0,30,1853,0,2596,str('KL'),1,str('tstat'),0.999,1
88,0.17,86,0.6,0.8788830891316224,0,25,4280,0,4892,str('H'),1,str('stdev'),0.001,79
89,0.21,84,0.8666666666666666,0.8843561688733478,0,7,3791,26,4554,str('H'),3,str('tstat'),0.999,100
90,0.12,134,0.2666666666666666,0.7754861326605458,0,55,3514,1,4341,str('KL'),3,str('stdev'),0.999,8
91,0.15,66,0.46666666666666656,0.940355408447381,0,11,5000,0,2957,str('KL'),3,str('stdev'),0.446,51
92,0.19,104,0.7333333333333333,0.834628414904488,0,28,1376,0,3612,str('KL'),1,str('stdev'),0.848,1
93,0.15,159,0.46666666666666656,0.7355034828148477,0,76,4946,1,4894,str('KL'),1,str('tstat'),0.838,17
94,0.16,67,0.5333333333333332,0.9368689473199137,0,11,3182,0,2709,str('KL'),2,str('tstat'),0.55,42
95,0.21,84,0.8666666666666666,0.8843561688733478,0,7,1732,26,5000,str('H'),3,str('stdev'),0.999,9
96,0.17,63,0.6,0.9511358500159747,0,6,895,0,4827,str('H'),1,str('tstat'),0.001,60
97,0.19,106,0.7333333333333333,0.8301880601191358,0,30,1,0,1620,str('H'),1,str('stdev'),0.001,1
98,0.21,84,0.8666666666666666,0.8843561688733478,0,7,656,26,3524,str('H'),3,str('tstat'),0.094,100
99,0.17,92,0.6,0.8631884864746343,0,29,2669,0,2228,str('KL'),1,str('stdev'),0.001,62
100,0.17,66,0.6,0.940355408447381,0,9,3556,0,2541,str('H'),1,str('stdev'),0.999,58
101,0.21,85,0.8666666666666666,0.8816037185284046,0,8,2748,26,5000,str('H'),3,str('tstat'),0.999,37
102,0.18,237,0.6666666666666665,0.6420539557003453,0,103,4800,0,634,str('KL'),2,str('stdev'),0.999,100
103,0.17,70,0.6,0.9267091614651907,0,12,1506,0,2710,str('H'),1,str('stdev'),0.98,8
104,0.18,64,0.6666666666666665,0.9474872215534342,0,5,3610,0,4569,str('H'),1,str('tstat'),0.685,34
105,0.16,58,0.5333333333333332,0.9702790675415603,1,1,2410,0,3785,str('KL'),3,str('tstat'),0.537,38
106,0.17,263,0.6,0.6176551220139805,0,111,1466,1,1785,str('KL'),1,str('tstat'),0.885,1
107,0.17,70,0.6,0.9267091614651907,0,12,1477,0,3048,str('KL'),1,str('tstat'),0.999,46
108,0.1,154,0.13333333333333333,0.742974961827982,0,76,2663,25,4476,str('H'),1,str('tstat'),0.001,91
109,0.19,108,0.7333333333333333,0.8258299388706621,0,32,2571,0,2344,str('H'),1,str('tstat'),0.001,1
110,0.15,138,0.46666666666666656,0.7686146423927286,0,54,4312,1,3977,str('KL'),3,str('stdev'),0.419,38
111,0.18,143,0.6666666666666665,0.7602981649070252,0,58,2651,0,1,str('KL'),3,str('tstat'),0.999,32
112,0.17,91,0.6,0.865732639056421,0,28,4782,0,3189,str('H'),1,str('stdev'),0.999,100
113,0.21,97,0.8666666666666666,0.8508646330405213,0,20,2868,26,2791,str('KL'),1,str('tstat'),0.001,59
114,0.16,62,0.5333333333333332,0.9548419395511404,0,6,3038,0,2829,str('KL'),3,str('tstat'),0.999,100
115,0.19,106,0.7333333333333333,0.8301880601191358,0,30,289,0,5000,str('H'),1,str('tstat'),0.001,1
116,0.14,191,0.4,0.6925974187069388,0,104,808,10,2046,str('H'),3,str('stdev'),0.001,62
117,0.22,93,0.9333333333333332,0.8606715446024541,0,14,672,26,5000,str('H'),1,str('stdev'),0.999,22
118,0.2,76,0.7999999999999999,0.9076177392125702,0,3,1903,26,3162,str('KL'),3,str('tstat'),0.001,100
119,0.22,91,0.9333333333333332,0.865732639056421,0,12,4009,26,1578,str('KL'),3,str('stdev'),0.001,1
120,0.18,298,0.6666666666666665,0.588357611531324,0,111,644,0,528,str('KL'),2,str('stdev'),0.001,100
121,0.14,147,0.4,0.7538503143967605,0,65,1142,10,89,str('KL'),3,str('stdev'),0.001,63
122,0.18,97,0.6666666666666665,0.8508646330405213,0,31,1,0,558,str('H'),1,str('stdev'),0.987,62
123,0.22,115,0.9333333333333332,0.8111823429315359,0,36,3310,26,2428,str('KL'),1,str('tstat'),0.001,100
124,0.11,52,0.19999999999999996,0.9955173535761535,0,2,3120,0,4282,str('KL'),3,str('tstat'),0.001,55
125,0.22,157,0.9333333333333332,0.7384636705472114,0,64,2809,26,2269,str('H'),2,str('stdev'),0.999,100
126,0.19,106,0.7333333333333333,0.8301880601191358,0,30,1211,0,4864,str('H'),1,str('tstat'),0.999,1
127,0.17,61,0.6,0.9586073290291091,0,4,316,0,3820,str('KL'),1,str('tstat'),0.001,73
128,0.18,69,0.6666666666666665,0.9300472574589626,0,10,4433,0,3861,str('KL'),1,str('stdev'),0.001,64
129,0.21,92,0.8666666666666666,0.8631884864746343,0,15,5000,26,5000,str('H'),2,str('stdev'),0.999,24
130,0.17,63,0.6,0.9511358500159747,0,6,432,0,3269,str('H'),1,str('tstat'),0.999,44
131,0.22,88,0.9333333333333332,0.8735344083999395,0,9,1130,26,3586,str('H'),3,str('stdev'),0.999,41
132,0.19,179,0.7333333333333333,0.7077853864604593,0,78,952,9,653,str('H'),1,str('tstat'),0.999,33
133,0.18,79,0.6666666666666665,0.8986230715694088,0,19,1,0,1108,str('H'),2,str('stdev'),0.999,1
134,0.18,98,0.6666666666666665,0.8484754569686281,0,32,2086,0,3189,str('KL'),1,str('tstat'),0.999,100
135,0.2,74,0.7999999999999999,0.9138110393229293,1,1,3941,26,4352,str('H'),3,str('stdev'),0.999,100
136,0.11,52,0.19999999999999996,0.9955173535761535,0,2,1865,0,3092,str('KL'),2,str('stdev'),0.999,46
137,0.16,70,0.5333333333333332,0.9267091614651907,0,14,1370,0,3724,str('H'),2,str('tstat'),0.764,38
138,0.17,59,0.6,0.9663238177694953,0,2,1457,0,3112,str('KL'),1,str('stdev'),0.974,69
139,0.21,83,0.8666666666666666,0.8871411933510539,0,6,4004,26,3369,str('KL'),3,str('tstat'),0.001,30
140,0.2,95,0.7999999999999999,0.8557170074614999,0,19,4511,26,3995,str('H'),3,str('stdev'),0.999,67
141,0.14,148,0.4,0.75226558233568,0,66,3055,10,890,str('H'),3,str('stdev'),0.675,70
142,0.18,152,0.6666666666666665,0.7460312622109644,0,65,659,9,2453,str('H'),3,str('stdev'),0.001,71
143,0.18,100,0.6666666666666665,0.8437686636359718,0,34,2920,0,5000,str('H'),1,str('tstat'),0.999,100
144,0.21,100,0.8666666666666666,0.8437686636359718,0,23,1,26,5000,str('H'),2,str('stdev'),0.999,48
145,0.22,146,0.9333333333333332,0.7554457904860468,0,59,5000,26,5000,str('H'),1,str('stdev'),0.999,1
146,0.21,103,0.8666666666666666,0.8368804112454389,0,26,2573,26,3512,str('KL'),2,str('tstat'),0.001,1
147,0.16,98,0.5333333333333332,0.8484754569686281,0,33,1700,0,3626,str('KL'),2,str('tstat'),0.999,100
148,0.14,145,0.4,0.7570521572813891,0,63,2376,9,4801,str('H'),1,str('stdev'),0.999,62
149,0.17,62,0.6,0.9548419395511404,0,5,3987,0,2450,str('KL'),1,str('stdev'),0.999,41
150,0.22,86,0.9333333333333332,0.8788830891316224,0,7,392,26,2198,str('KL'),3,str('stdev'),0.999,62
151,0.22,151,0.9333333333333332,0.7475744272275548,0,62,5000,26,5000,str('KL'),1,str('stdev'),0.001,1
152,0.22,81,0.9333333333333332,0.8928121140643037,0,2,4628,26,2818,str('KL'),3,str('stdev'),0.999,27
153,0.21,90,0.8666666666666666,0.868304597134993,0,13,2145,26,5000,str('KL'),3,str('tstat'),0.749,100
154,0.2,466,0.7999999999999999,0.4834265211498381,0,95,3156,9,686,str('KL'),1,str('tstat'),0.999,100
155,0.2,164,0.7999999999999999,0.7282619323219758,0,68,4515,9,247,str('H'),3,str('tstat'),0.999,100
156,0.22,85,0.9333333333333332,0.8816037185284046,0,6,1407,26,3284,str('H'),3,str('tstat'),0.999,100
157,0.21,107,0.8666666666666666,0.8279989111071117,0,30,2272,26,3056,str('KL'),2,str('stdev'),0.001,18
158,0.15,58,0.46666666666666656,0.9702790675415603,0,2,2602,0,4665,str('H'),2,str('tstat'),0.317,50
159,0.22,108,0.9333333333333332,0.8258299388706621,0,29,4105,26,2888,str('KL'),3,str('stdev'),0.001,100
160,0.2,201,0.7999999999999999,0.6806490748814107,0,77,4260,9,1960,str('H'),2,str('stdev'),0.999,1
161,0.19,185,0.7333333333333333,0.7000688977200731,0,82,4197,9,3303,str('H'),3,str('tstat'),0.999,1
162,0.18,80,0.6666666666666665,0.895699657307198,0,20,673,0,342,str('H'),3,str('tstat'),0.999,1
163,0.22,111,0.9333333333333332,0.8194404471509675,0,32,586,26,5000,str('H'),1,str('stdev'),0.001,60
164,0.19,164,0.7333333333333333,0.7282619323219758,0,70,2881,9,72,str('H'),3,str('stdev'),0.001,1
165,0.19,188,0.7333333333333333,0.6963035082421045,0,84,4830,9,1845,str('H'),3,str('stdev'),0.999,1
166,0.2,182,0.7999999999999999,0.7038955157197266,0,72,2900,9,155,str('H'),1,str('stdev'),0.001,7
167,0.22,108,0.9333333333333332,0.8258299388706621,0,29,5000,26,1726,str('KL'),2,str('stdev'),0.999,1
168,0.18,60,0.6666666666666665,0.9624339470287625,0,2,4854,0,4093,str('KL'),1,str('tstat'),0.001,51
169,0.22,111,0.9333333333333332,0.8194404471509675,0,32,1,26,2262,str('KL'),3,str('stdev'),0.999,1
170,0.18,157,0.6666666666666665,0.7384636705472114,0,69,2927,9,100,str('H'),3,str('tstat'),0.01,1
171,0.21,85,0.8666666666666666,0.8816037185284046,0,8,5000,26,4245,str('KL'),3,str('tstat'),0.001,100
172,0.21,87,0.8666666666666666,0.8761935533230162,0,10,17,26,3741,str('KL'),2,str('tstat'),0.001,66
173,0.18,171,0.6666666666666665,0.7184841297738433,0,79,4933,9,223,str('H'),3,str('stdev'),0.999,1
174,0.18,192,0.6666666666666665,0.6913749129874984,0,92,4767,9,1726,str('H'),3,str('tstat'),0.999,1
175,0.18,79,0.6666666666666665,0.8986230715694088,0,19,4657,0,3774,str('H'),1,str('tstat'),0.018,59
176,0.22,119,0.9333333333333332,0.803204229014934,0,39,4009,26,1415,str('KL'),1,str('stdev'),0.001,63
177,0.21,99,0.8666666666666666,0.8461102931228427,0,22,2130,26,1113,str('KL'),2,str('stdev'),0.999,73
178,0.21,80,0.8666666666666666,0.895699657307198,0,3,1,26,3355,str('H'),3,str('stdev'),0.999,100
179,0.18,153,0.6666666666666665,0.744498150458009,0,66,5000,0,1,str('H'),2,str('tstat'),0.999,1
180,0.21,83,0.8666666666666666,0.8871411933510539,0,6,1,26,4560,str('H'),3,str('tstat'),0.299,100
181,0.18,79,0.6666666666666665,0.8986230715694088,0,19,3008,0,2848,str('KL'),2,str('stdev'),0.999,1
182,0.21,106,0.8666666666666666,0.8301880601191358,0,29,835,26,3157,str('H'),1,str('stdev'),0.999,72
183,0.22,98,0.9333333333333332,0.8484754569686281,0,19,212,26,4805,str('H'),3,str('tstat'),0.156,1
184,0.21,91,0.8666666666666666,0.865732639056421,0,14,1,26,5000,str('H'),3,str('stdev'),0.999,100
185,0.2,234,0.7999999999999999,0.6450391774013271,0,83,476,9,2754,str('H'),2,str('tstat'),0.001,1
186,0.21,85,0.8666666666666666,0.8816037185284046,0,8,1,26,4636,str('H'),2,str('tstat'),0.001,50
187,0.19,265,0.7333333333333333,0.6158790243625476,0,98,3405,9,1,str('H'),2,str('stdev'),0.999,1
188,0.21,105,0.8666666666666666,0.8323977648215923,0,28,4424,26,4173,str('KL'),2,str('tstat'),0.001,63
189,0.21,95,0.8666666666666666,0.8557170074614999,0,18,2230,26,1042,str('KL'),1,str('stdev'),0.999,54
190,0.16,140,0.5333333333333332,0.7652527020479793,0,56,635,9,1481,str('H'),3,str('tstat'),0.001,1
191,0.17,63,0.6,0.9511358500159747,0,6,1,0,3646,str('H'),1,str('stdev'),0.999,52
192,0.17,64,0.6,0.9474872215534342,0,7,1688,0,771,str('H'),3,str('stdev'),0.999,28
193,0.18,140,0.6666666666666665,0.7652527020479793,0,55,5000,0,1,str('H'),3,str('tstat'),0.001,49
194,0.21,90,0.8666666666666666,0.868304597134993,0,13,3755,26,793,str('KL'),1,str('tstat'),0.001,33
195,0.21,113,0.8666666666666666,0.8152751734276412,0,35,616,26,3121,str('KL'),1,str('stdev'),0.001,84
196,0.16,176,0.5333333333333332,0.7117406362325246,0,89,2652,13,4714,str('H'),3,str('tstat'),0.999,98
197,0.18,140,0.6666666666666665,0.7652527020479793,0,55,4706,0,1,str('H'),3,str('tstat'),0.999,90
198,0.22,101,0.9333333333333332,0.8414501047654391,0,22,3810,26,668,str('KL'),1,str('tstat'),0.999,32
199,0.17,62,0.6,0.9548419395511404,0,5,396,0,4775,str('KL'),1,str('tstat'),0.001,62
200,0.18,196,0.6666666666666665,0.6865474242876628,0,94,5000,0,1,str('H'),2,str('tstat'),0.001,1
201,0.21,130,0.8666666666666666,0.7825643149956816,0,48,661,26,1505,str('KL'),1,str('tstat'),0.999,74
202,0.21,110,0.8666666666666666,0.8215510605968469,0,32,2952,26,5000,str('H'),2,str('tstat'),0.001,100
203,0.11,52,0.19999999999999996,0.9955173535761535,0,2,4092,0,4843,str('KL'),2,str('tstat'),0.001,56
204,0.22,126,0.9333333333333332,0.7898620105017669,0,45,1,26,1738,str('KL'),1,str('stdev'),0.001,76
205,0.21,86,0.8666666666666666,0.8788830891316224,0,9,783,26,3610,str('KL'),3,str('stdev'),0.999,100
206,0.21,169,0.8666666666666666,0.7212365801187866,0,69,1,26,2366,str('H'),1,str('stdev'),0.001,100
207,0.18,134,0.6666666666666665,0.7754861326605458,0,51,5000,0,1,str('H'),3,str('stdev'),0.999,1
208,0.15,64,0.46666666666666656,0.9474872215534342,0,9,1915,0,1512,str('H'),2,str('stdev'),0.999,41
209,0.18,73,0.6666666666666665,0.9169699031513214,0,14,476,0,1112,str('H'),3,str('tstat'),0.999,24
210,0.22,128,0.9333333333333332,0.7861848759739298,0,46,2971,26,2228,str('KL'),2,str('tstat'),0.001,100
211,0.15,60,0.46666666666666656,0.9624339470287625,0,5,69,0,2755,str('H'),2,str('stdev'),0.999,34
212,0.19,105,0.7333333333333333,0.8323977648215923,0,29,2970,0,661,str('H'),1,str('stdev'),0.999,1
213,0.17,64,0.6,0.9474872215534342,0,7,253,0,1856,str('H'),3,str('tstat'),0.999,23
214,0.22,100,0.9333333333333332,0.8437686636359718,0,21,2607,26,2158,str('KL'),2,str('stdev'),0.999,46
215,0.2,75,0.7999999999999999,0.910694015982116,0,2,280,26,3159,str('KL'),3,str('tstat'),0.001,72
216,0.21,88,0.8666666666666666,0.8735344083999395,0,11,1,26,5000,str('KL'),3,str('tstat'),0.001,1
217,0.15,59,0.46666666666666656,0.9663238177694953,0,4,3159,0,1512,str('H'),3,str('stdev'),0.999,43
218,0.15,67,0.46666666666666656,0.9368689473199137,0,12,4214,0,2196,str('H'),3,str('stdev'),0.999,40
219,0.22,123,0.9333333333333332,0.7954877402745478,0,43,1481,26,4396,str('H'),1,str('tstat'),0.999,52
220,0.22,98,0.9333333333333332,0.8484754569686281,0,19,4188,26,5000,str('KL'),1,str('stdev'),0.999,63
221,0.22,91,0.9333333333333332,0.865732639056421,0,12,3815,26,2860,str('KL'),3,str('stdev'),0.001,29
222,0.13,58,0.3333333333333333,0.9702790675415603,0,3,2514,0,2140,str('H'),2,str('stdev'),0.999,36
223,0.14,168,0.4,0.7226249724749032,0,85,3867,13,4370,str('KL'),3,str('tstat'),0.999,52
224,0.21,91,0.8666666666666666,0.865732639056421,0,14,2342,26,879,str('KL'),1,str('stdev'),0.708,13
225,0.23,137,1.0,0.7703137965019462,0,3,4628,26,1836,str('KL'),1,str('stdev'),0.251,1
226,0.22,108,0.9333333333333332,0.8258299388706621,0,29,4037,26,839,str('KL'),1,str('tstat'),0.506,52
227,0.22,100,0.9333333333333332,0.8437686636359718,0,21,1625,26,1839,str('KL'),2,str('stdev'),0.44,51
228,0.21,885,0.8666666666666666,0.3327229187333258,0,81,2385,26,1,str('KL'),2,str('stdev'),0.001,25
229,0.17,65,0.6,0.9438942995231028,0,8,4918,0,5000,str('H'),1,str('stdev'),0.999,50
230,0.22,108,0.9333333333333332,0.8258299388706621,0,29,3792,26,3894,str('H'),1,str('tstat'),0.999,53
231,0.2,88,0.7999999999999999,0.8735344083999395,0,12,3250,26,3035,str('KL'),1,str('stdev'),0.999,76
232,0.22,86,0.9333333333333332,0.8788830891316224,0,7,480,26,4342,str('H'),1,str('stdev'),0.999,51
233,0.22,85,0.9333333333333332,0.8816037185284046,0,6,3088,26,2971,str('KL'),2,str('stdev'),0.999,50
234,0.17,152,0.6,0.7460312622109644,0,66,3233,9,1883,str('KL'),3,str('tstat'),0.001,22
235,0.18,193,0.6666666666666665,0.6901587251552692,0,93,1646,9,83,str('KL'),3,str('tstat'),0.001,1
236,0.21,101,0.8666666666666666,0.8414501047654391,0,24,517,26,5000,str('H'),2,str('tstat'),0.999,39
237,0.18,72,0.6666666666666665,0.9201717460359502,0,13,1200,0,1384,str('H'),3,str('tstat'),0.999,22
238,0.22,140,0.9333333333333332,0.7652527020479793,0,54,295,26,1560,str('KL'),1,str('tstat'),0.001,1
239,0.17,70,0.6,0.9267091614651907,0,12,1,0,1854,str('H'),1,str('stdev'),0.999,29
240,0.22,281,0.9333333333333332,0.6021331132934182,0,74,4736,26,709,str('KL'),1,str('tstat'),0.553,90
241,0.22,105,0.9333333333333332,0.8323977648215923,0,26,4299,26,686,str('KL'),2,str('tstat'),0.488,1
242,0.21,155,0.8666666666666666,0.7414615686909642,0,64,5000,26,1354,str('H'),1,str('tstat'),0.255,100
243,0.23,167,1.0,0.7240216045964928,0,18,1329,26,2012,str('KL'),1,str('stdev'),0.353,1
244,0.22,183,0.9333333333333332,0.7026130503018598,0,68,3372,26,1967,str('KL'),1,str('stdev'),0.478,100
245,0.22,119,0.9333333333333332,0.803204229014934,0,39,4802,26,2049,str('KL'),1,str('stdev'),0.211,75
246,0.22,140,0.9333333333333332,0.7652527020479793,0,54,1209,26,3349,str('KL'),2,str('tstat'),0.509,100
247,0.21,89,0.8666666666666666,0.8709049752150205,0,12,4831,26,3495,str('KL'),3,str('tstat'),0.459,67
248,0.22,110,0.9333333333333332,0.8215510605968469,0,31,5000,26,2072,str('KL'),1,str('stdev'),0.001,7
249,0.21,110,0.8666666666666666,0.8215510605968469,0,32,3790,26,2835,str('H'),3,str('tstat'),0.558,92
250,0.22,134,0.9333333333333332,0.7754861326605458,0,49,3129,26,1095,str('KL'),1,str('stdev'),0.651,3
251,0.21,85,0.8666666666666666,0.8816037185284046,0,8,1116,26,1499,str('KL'),3,str('stdev'),0.604,22
252,0.22,103,0.9333333333333332,0.8368804112454389,0,24,3968,26,1473,str('KL'),2,str('stdev'),0.54,1
253,0.2,133,0.7999999999999999,0.7772358196928197,0,49,5000,26,900,str('H'),1,str('tstat'),0.003,91
254,0.22,103,0.9333333333333332,0.8368804112454389,0,24,770,26,3250,str('H'),2,str('tstat'),0.576,1
255,0.18,64,0.6666666666666665,0.9474872215534342,0,5,605,0,4643,str('H'),1,str('stdev'),0.559,25
256,0.22,86,0.9333333333333332,0.8788830891316224,0,7,2903,26,2127,str('KL'),2,str('tstat'),0.349,17
257,0.21,88,0.8666666666666666,0.8735344083999395,0,11,1320,26,2137,str('KL'),1,str('tstat'),0.682,12
258,0.22,82,0.9333333333333332,0.8899595722079197,0,3,2935,26,2842,str('H'),2,str('stdev'),0.402,17
259,0.22,81,0.9333333333333332,0.8928121140643037,0,2,1334,26,2805,str('KL'),2,str('stdev'),0.613,36
260,0.22,92,0.9333333333333332,0.8631884864746343,0,13,658,26,2310,str('H'),2,str('tstat'),0.101,44
261,0.21,83,0.8666666666666666,0.8871411933510539,0,6,3603,26,4160,str('KL'),2,str('stdev'),0.001,43
262,0.22,97,0.9333333333333332,0.8508646330405213,0,18,5000,26,1082,str('H'),2,str('tstat'),0.001,16
263,0.22,113,0.9333333333333332,0.8152751734276412,0,34,1616,26,2009,str('H'),3,str('tstat'),0.65,100
264,0.19,118,0.7333333333333333,0.8051735444549065,0,41,1,0,3174,str('KL'),1,str('stdev'),0.141,1
265,0.19,134,0.7333333333333333,0.7754861326605458,0,50,4244,0,3920,str('H'),1,str('stdev'),0.491,1
266,0.18,78,0.6666666666666665,0.9015832593017726,0,18,3517,0,1987,str('H'),1,str('stdev'),0.583,60
267,0.21,85,0.8666666666666666,0.8816037185284046,0,8,2923,26,1444,str('KL'),3,str('stdev'),0.47,90
268,0.22,114,0.9333333333333332,0.8132198606098551,0,35,4931,26,1314,str('KL'),1,str('stdev'),0.539,24
269,0.21,197,0.8666666666666666,0.6853558682140669,0,71,2014,26,1351,str('KL'),1,str('stdev'),0.553,98
270,0.22,115,0.9333333333333332,0.8111823429315359,0,36,49,26,2436,str('H'),2,str('tstat'),0.474,1
271,0.21,95,0.8666666666666666,0.8557170074614999,0,18,2870,26,4897,str('H'),3,str('stdev'),0.622,62
272,0.21,94,0.8666666666666666,0.8581812375355501,0,17,181,26,2647,str('H'),3,str('stdev'),0.158,1
273,0.22,93,0.9333333333333332,0.8606715446024541,0,14,4037,26,3711,str('KL'),1,str('tstat'),0.577,47
274,0.21,93,0.8666666666666666,0.8606715446024541,0,16,3930,26,5000,str('KL'),3,str('tstat'),0.624,1
275,0.22,99,0.9333333333333332,0.8461102931228427,0,20,2088,26,3332,str('H'),1,str('tstat'),0.476,11
276,0.17,65,0.6,0.9438942995231028,0,8,1476,0,5000,str('KL'),1,str('stdev'),0.487,71
277,0.22,89,0.9333333333333332,0.8709049752150205,0,10,4927,26,3184,str('H'),2,str('stdev'),0.603,24
278,0.17,70,0.6,0.9267091614651907,0,12,1933,0,4922,str('H'),1,str('stdev'),0.57,83
279,0.22,89,0.9333333333333332,0.8709049752150205,0,10,4064,26,2794,str('H'),3,str('stdev'),0.492,1
280,0.23,131,1.0,0.7807747107685417,0,2,308,26,82,str('H'),1,str('tstat'),0.348,3
281,0.22,105,0.9333333333333332,0.8323977648215923,0,26,3716,26,2615,str('H'),2,str('stdev'),0.422,1
282,0.23,137,1.0,0.7703137965019462,0,3,1175,26,301,str('KL'),1,str('tstat'),0.469,1
283,0.22,94,0.9333333333333332,0.8581812375355501,0,15,4606,26,4747,str('KL'),2,str('stdev'),0.988,67
284,0.21,105,0.8666666666666666,0.8323977648215923,0,28,1350,26,3646,str('H'),2,str('stdev'),0.001,64
285,0.21,92,0.8666666666666666,0.8631884864746343,0,15,3683,26,2692,str('KL'),1,str('tstat'),0.942,16
286,0.22,102,0.9333333333333332,0.8391541663420585,0,23,4223,26,2743,str('KL'),2,str('stdev'),0.72,89
287,0.23,139,1.0,0.7669276687044017,0,5,593,26,1078,str('KL'),1,str('tstat'),0.515,1
288,0.18,67,0.6666666666666665,0.9368689473199137,0,8,1090,0,2204,str('H'),1,str('tstat'),0.675,20
289,0.18,67,0.6666666666666665,0.9368689473199137,0,8,893,0,4597,str('H'),1,str('stdev'),0.851,77
290,0.21,90,0.8666666666666666,0.868304597134993,0,13,3150,26,3401,str('KL'),3,str('tstat'),0.647,1
291,0.21,76,0.8666666666666666,0.9076177392125702,1,1,1414,26,3534,str('H'),3,str('tstat'),0.001,27
292,0.21,86,0.8666666666666666,0.8788830891316224,0,9,4465,26,1428,str('KL'),3,str('stdev'),0.35,46
293,0.21,86,0.8666666666666666,0.8788830891316224,0,9,2956,26,2625,str('H'),3,str('tstat'),0.999,45
294,0.21,91,0.8666666666666666,0.865732639056421,0,14,2652,26,1090,str('H'),3,str('stdev'),0.413,40
295,0.21,88,0.8666666666666666,0.8735344083999395,0,11,1001,26,3252,str('KL'),3,str('stdev'),0.431,43
296,0.22,101,0.9333333333333332,0.8414501047654391,0,22,4073,26,4360,str('H'),1,str('stdev'),0.543,53
297,0.22,100,0.9333333333333332,0.8437686636359718,0,21,2863,26,112,str('H'),1,str('stdev'),0.773,31
298,0.22,137,0.9333333333333332,0.7703137965019462,0,51,2808,26,1940,str('H'),1,str('tstat'),0.576,1
299,0.22,106,0.9333333333333332,0.8301880601191358,0,27,1890,26,3565,str('H'),2,str('stdev'),0.365,58
300,0.22,93,0.9333333333333332,0.8606715446024541,0,14,2138,26,2767,str('KL'),1,str('tstat'),0.552,29
301,0.23,138,1.0,0.7686146423927286,0,4,819,26,1471,str('H'),1,str('tstat'),0.153,2
302,0.18,94,0.6666666666666665,0.8581812375355501,0,28,2416,0,1174,str('H'),1,str('tstat'),0.626,69
303,0.22,103,0.9333333333333332,0.8368804112454389,0,24,1669,26,2891,str('H'),2,str('stdev'),0.423,85
304,0.16,59,0.5333333333333332,0.9663238177694953,0,3,1983,0,2883,str('KL'),3,str('tstat'),0.828,55
305,0.18,75,0.6666666666666665,0.910694015982116,0,16,2835,0,898,str('H'),3,str('stdev'),0.614,22
306,0.22,91,0.9333333333333332,0.865732639056421,0,12,2580,26,1649,str('KL'),2,str('tstat'),0.999,8
307,0.23,169,1.0,0.7212365801187866,0,19,3781,26,4015,str('H'),1,str('stdev'),0.226,1
308,0.21,93,0.8666666666666666,0.8606715446024541,0,16,3538,26,3614,str('KL'),3,str('stdev'),0.645,23
309,0.17,67,0.6,0.9368689473199137,0,10,668,0,2869,str('H'),3,str('tstat'),0.967,1
310,0.19,106,0.7333333333333333,0.8301880601191358,0,30,3904,0,3922,str('H'),1,str('tstat'),0.351,1
311,0.18,73,0.6666666666666665,0.9169699031513214,0,14,979,0,2570,str('H'),1,str('stdev'),0.046,51
312,0.18,70,0.6666666666666665,0.9267091614651907,0,11,816,0,4747,str('KL'),1,str('tstat'),0.512,46
313,0.22,89,0.9333333333333332,0.8709049752150205,0,10,2538,26,1564,str('KL'),3,str('tstat'),0.999,16
314,0.21,87,0.8666666666666666,0.8761935533230162,0,10,4749,26,461,str('KL'),3,str('stdev'),0.724,39
315,0.21,85,0.8666666666666666,0.8816037185284046,0,8,1752,26,3783,str('H'),3,str('tstat'),0.001,1
316,0.22,89,0.9333333333333332,0.8709049752150205,0,10,1571,26,1631,str('H'),3,str('stdev'),0.186,42
317,0.22,97,0.9333333333333332,0.8508646330405213,0,18,4930,26,3855,str('KL'),1,str('stdev'),0.65,16
318,0.18,74,0.6666666666666665,0.9138110393229293,0,15,1521,0,2079,str('KL'),1,str('stdev'),0.497,31
319,0.22,91,0.9333333333333332,0.865732639056421,0,12,1519,26,194,str('KL'),2,str('stdev'),0.741,13
320,0.21,89,0.8666666666666666,0.8709049752150205,0,12,4679,26,2567,str('H'),3,str('stdev'),0.646,47
321,0.22,105,0.9333333333333332,0.8323977648215923,0,26,1352,26,366,str('H'),1,str('stdev'),0.524,29
322,0.16,58,0.5333333333333332,0.9702790675415603,1,1,2607,0,2606,str('KL'),1,str('stdev'),0.727,52
323,0.17,70,0.6,0.9267091614651907,0,12,2327,0,1241,str('H'),3,str('tstat'),0.688,1
324,0.17,66,0.6,0.940355408447381,0,9,4955,0,2780,str('KL'),1,str('tstat'),0.176,81
325,0.2,79,0.7999999999999999,0.8986230715694088,0,4,648,26,912,str('KL'),3,str('stdev'),0.999,36
326,0.21,88,0.8666666666666666,0.8735344083999395,0,11,406,26,4718,str('KL'),3,str('tstat'),0.598,50
327,0.18,60,0.6666666666666665,0.9624339470287625,0,2,3633,0,4584,str('KL'),1,str('stdev'),0.813,44
328,0.21,99,0.8666666666666666,0.8461102931228427,0,22,1783,26,338,str('KL'),1,str('stdev'),0.831,33
329,0.22,84,0.9333333333333332,0.8843561688733478,0,5,4176,26,3798,str('H'),3,str('tstat'),0.4,47
330,0.22,88,0.9333333333333332,0.8735344083999395,0,9,4899,26,3555,str('KL'),1,str('stdev'),0.355,36
331,0.16,63,0.5333333333333332,0.9511358500159747,0,7,290,0,4128,str('H'),3,str('stdev'),0.27,80
332,0.19,104,0.7333333333333333,0.834628414904488,0,28,4873,0,1457,str('H'),1,str('stdev'),0.505,1
333,0.17,102,0.6,0.8391541663420585,0,37,1666,0,2215,str('H'),1,str('tstat'),0.999,73
334,0.21,84,0.8666666666666666,0.8843561688733478,0,7,4772,26,1663,str('H'),3,str('stdev'),0.335,65
335,0.16,59,0.5333333333333332,0.9663238177694953,0,3,4053,0,3096,str('KL'),1,str('tstat'),0.08,26
336,0.2,231,0.7999999999999999,0.6480627541769748,0,82,4615,9,996,str('H'),1,str('tstat'),0.001,91
337,0.23,138,1.0,0.7686146423927286,0,4,5000,26,1656,str('H'),1,str('stdev'),0.001,1
338,0.17,101,0.6,0.8414501047654391,0,36,4074,0,2509,str('KL'),1,str('stdev'),0.52,100
339,0.15,61,0.46666666666666656,0.9586073290291091,0,6,3993,0,2389,str('KL'),3,str('tstat'),0.1,74
340,0.11,51,0.19999999999999996,1.0,1,1,3095,0,2260,str('KL'),3,str('stdev'),0.745,50
341,0.18,63,0.6666666666666665,0.9511358500159747,0,4,4680,0,4515,str('KL'),1,str('stdev'),0.19,48
342,0.18,72,0.6666666666666665,0.9201717460359502,0,13,1402,0,3415,str('H'),1,str('stdev'),0.504,69
343,0.18,363,0.6666666666666665,0.5420654196258706,0,117,3507,9,343,str('H'),1,str('tstat'),0.001,100
344,0.18,72,0.6666666666666665,0.9201717460359502,0,13,1838,0,4668,str('KL'),3,str('tstat'),0.614,1
345,0.18,73,0.6666666666666665,0.9169699031513214,0,14,130,0,613,str('H'),3,str('tstat'),0.624,23
346,0.12,55,0.2666666666666666,0.9825600359055284,0,2,2888,0,2610,str('KL'),3,str('stdev'),0.744,97
347,0.15,61,0.46666666666666656,0.9586073290291091,0,6,39,0,2214,str('H'),3,str('stdev'),0.601,25
348,0.16,66,0.5333333333333332,0.940355408447381,0,10,1727,0,4496,str('H'),3,str('tstat'),0.984,51
349,0.23,146,1.0,0.7554457904860468,0,8,1948,26,680,str('H'),1,str('stdev'),0.502,1
350,0.22,88,0.9333333333333332,0.8735344083999395,0,9,2826,26,1357,str('KL'),3,str('tstat'),0.295,37
351,0.21,91,0.8666666666666666,0.865732639056421,0,14,440,26,755,str('KL'),3,str('tstat'),0.29,34
352,0.14,64,0.4,0.9474872215534342,0,10,4617,0,4220,str('KL'),3,str('tstat'),0.756,61
353,0.2,276,0.7999999999999999,0.6063430971568556,0,89,3021,9,2336,str('KL'),1,str('stdev'),0.001,1
354,0.21,90,0.8666666666666666,0.868304597134993,0,13,860,26,4483,str('H'),3,str('stdev'),0.801,27
355,0.22,157,0.9333333333333332,0.7384636705472114,0,64,4324,26,2547,str('H'),2,str('tstat'),0.999,100
356,0.18,94,0.6666666666666665,0.8581812375355501,0,28,4990,0,1868,str('KL'),1,str('tstat'),0.159,6
357,0.22,86,0.9333333333333332,0.8788830891316224,0,7,2801,26,415,str('H'),3,str('stdev'),0.586,80
358,0.22,87,0.9333333333333332,0.8761935533230162,0,8,2111,26,4804,str('KL'),3,str('tstat'),0.286,100
359,0.21,82,0.8666666666666666,0.8899595722079197,0,5,4630,26,4181,str('KL'),3,str('tstat'),0.325,1
360,0.18,161,0.6666666666666665,0.7325800685526371,0,72,2310,9,1250,str('KL'),2,str('stdev'),0.234,22
361,0.19,106,0.7333333333333333,0.8301880601191358,0,30,3837,0,2769,str('H'),1,str('stdev'),0.001,1
362,0.18,95,0.6666666666666665,0.8557170074614999,0,29,2750,0,4964,str('H'),1,str('tstat'),0.48,95
363,0.21,97,0.8666666666666666,0.8508646330405213,0,20,3060,26,368,str('H'),2,str('tstat'),0.103,38
364,0.2,85,0.7999999999999999,0.8816037185284046,0,9,2579,26,4100,str('KL'),3,str('stdev'),0.001,100
365,0.21,101,0.8666666666666666,0.8414501047654391,0,24,4788,26,1804,str('KL'),3,str('tstat'),0.623,37
366,0.21,91,0.8666666666666666,0.865732639056421,0,14,77,26,4154,str('H'),3,str('tstat'),0.635,52
367,0.22,89,0.9333333333333332,0.8709049752150205,0,10,3493,26,1700,str('H'),3,str('tstat'),0.4,48
368,0.2,188,0.7999999999999999,0.6963035082421045,0,73,2470,9,3200,str('KL'),1,str('stdev'),0.001,12
369,0.19,110,0.7333333333333333,0.8215510605968469,0,33,600,0,3664,str('KL'),1,str('tstat'),0.717,1
370,0.18,167,0.6666666666666665,0.7240216045964928,0,77,3242,9,1652,str('KL'),2,str('stdev'),0.486,44
371,0.18,172,0.6666666666666665,0.717119883508187,0,80,541,9,1841,str('KL'),2,str('stdev'),0.001,61
372,0.19,106,0.7333333333333333,0.8301880601191358,0,30,104,0,3985,str('KL'),1,str('tstat'),0.001,1
373,0.18,158,0.6666666666666665,0.7369789222671177,0,70,999,9,3458,str('KL'),2,str('tstat'),0.645,29
374,0.18,67,0.6666666666666665,0.9368689473199137,0,8,483,0,917,str('KL'),1,str('tstat'),0.311,30
375,0.17,157,0.6,0.7384636705472114,0,70,2728,9,2979,str('KL'),2,str('tstat'),0.496,74
376,0.21,93,0.8666666666666666,0.8606715446024541,0,16,266,26,520,str('H'),3,str('stdev'),0.512,100
377,0.17,102,0.6,0.8391541663420585,0,37,3500,0,1767,str('H'),1,str('tstat'),0.001,100
378,0.18,68,0.6666666666666665,0.9334333852565074,0,9,4645,0,4541,str('H'),1,str('stdev'),0.873,27
379,0.17,190,0.6,0.6938263082971938,0,92,3912,9,3661,str('KL'),2,str('tstat'),0.766,98
380,0.18,78,0.6666666666666665,0.9015832593017726,0,18,2838,0,1288,str('H'),1,str('tstat'),0.15,50
381,0.17,93,0.6,0.8606715446024541,0,30,3672,0,2952,str('H'),1,str('stdev'),0.197,100
382,0.23,142,1.0,0.7619381145524806,0,6,4366,26,126,str('H'),1,str('tstat'),0.038,1
383,0.18,67,0.6666666666666665,0.9368689473199137,0,8,4904,0,5000,str('KL'),1,str('stdev'),0.001,34
384,0.16,65,0.5333333333333332,0.9438942995231028,0,9,2309,0,1787,str('H'),3,str('tstat'),0.424,37
385,0.2,255,0.7999999999999999,0.6248966725068523,0,86,4291,9,4926,str('KL'),1,str('tstat'),0.001,1
386,0.22,84,0.9333333333333332,0.8843561688733478,0,5,4103,26,3017,str('KL'),3,str('tstat'),0.303,9
387,0.17,61,0.6,0.9586073290291091,0,4,2852,0,5000,str('KL'),1,str('stdev'),0.756,19
388,0.19,105,0.7333333333333333,0.8323977648215923,0,29,4416,0,2297,str('H'),1,str('tstat'),0.999,1
389,0.19,121,0.7333333333333333,0.7993143582742014,0,44,1349,0,900,str('KL'),1,str('tstat'),0.641,1
390,0.17,66,0.6,0.940355408447381,0,9,482,0,215,str('KL'),3,str('tstat'),0.405,86
391,0.21,83,0.8666666666666666,0.8871411933510539,0,6,742,26,4976,str('H'),3,str('tstat'),0.607,77
392,0.18,87,0.6666666666666665,0.8761935533230162,0,25,4500,0,1696,str('KL'),1,str('tstat'),0.324,72
393,0.19,78,0.7333333333333333,0.9015832593017726,0,4,1124,26,4087,str('H'),3,str('tstat'),0.001,57
394,0.17,60,0.6,0.9624339470287625,0,3,1926,0,4022,str('KL'),1,str('tstat'),0.282,63
395,0.17,68,0.6,0.9334333852565074,0,11,4623,0,5000,str('H'),1,str('stdev'),0.331,34
396,0.21,86,0.8666666666666666,0.8788830891316224,0,9,4580,26,2755,str('H'),3,str('stdev'),0.25,44
397,0.18,75,0.6666666666666665,0.910694015982116,0,16,1444,0,641,str('KL'),3,str('tstat'),0.578,1
398,0.22,90,0.9333333333333332,0.868304597134993,0,11,3670,26,3128,str('H'),3,str('tstat'),0.999,1
399,0.19,168,0.7333333333333333,0.7226249724749032,0,72,3871,9,3983,str('H'),2,str('stdev'),0.359,26
400,0.22,96,0.9333333333333332,0.8532783139098303,0,17,1500,26,1911,str('KL'),3,str('stdev'),0.001,44
401,0.17,64,0.6,0.9474872215534342,0,7,1638,0,2278,str('H'),1,str('tstat'),0.283,48
402,0.16,231,0.5333333333333332,0.6480627541769748,0,110,1969,3,3336,str('H'),1,str('tstat'),0.999,100
403,0.22,136,0.9333333333333332,0.7720253082041393,0,50,300,26,2461,str('H'),1,str('tstat'),0.999,1
404,0.14,125,0.4,0.7917223507965792,0,48,739,3,1267,str('H'),3,str('tstat'),0.001,1
405,0.14,131,0.4,0.7807747107685417,0,50,2988,1,65,str('KL'),3,str('tstat'),0.37,76
406,0.19,101,0.7333333333333333,0.8414501047654391,0,25,4568,0,15,str('KL'),1,str('tstat'),0.447,18
407,0.2,252,0.7999999999999999,0.6276707536089015,0,85,1990,9,4117,str('KL'),1,str('tstat'),0.001,1
408,0.18,162,0.6666666666666665,0.7311318681561029,0,73,3271,9,4991,str('KL'),1,str('tstat'),0.307,32
409,0.18,352,0.6666666666666665,0.5492867673611417,0,116,1892,0,579,str('H'),1,str('tstat'),0.263,100
410,0.22,97,0.9333333333333332,0.8508646330405213,0,18,402,26,2738,str('H'),1,str('tstat'),0.319,58
411,0.17,90,0.6,0.868304597134993,0,27,3696,0,1121,str('KL'),1,str('tstat'),0.001,76
412,0.22,141,0.9333333333333332,0.7635895727106295,0,55,3376,26,4717,str('H'),1,str('tstat'),0.728,100
413,0.17,227,0.6,0.6521555846730801,0,107,582,3,3615,str('H'),1,str('tstat'),0.001,1
414,0.16,59,0.5333333333333332,0.9663238177694953,0,3,1749,0,2831,str('KL'),3,str('tstat'),0.27,45
415,0.18,66,0.6666666666666665,0.940355408447381,0,7,627,0,707,str('H'),3,str('tstat'),0.304,100
416,0.21,95,0.8666666666666666,0.8557170074614999,0,18,4612,26,4649,str('KL'),3,str('stdev'),0.999,1
417,0.16,64,0.5333333333333332,0.9474872215534342,0,8,797,0,1294,str('H'),3,str('tstat'),0.011,68
418,0.21,83,0.8666666666666666,0.8871411933510539,0,6,4400,26,794,str('KL'),2,str('stdev'),0.752,23
419,0.2,252,0.7999999999999999,0.6276707536089015,0,85,4223,9,4916,str('KL'),1,str('tstat'),0.976,1
420,0.18,65,0.6666666666666665,0.9438942995231028,0,6,4604,0,680,str('KL'),3,str('tstat'),0.071,13
421,0.23,148,1.0,0.75226558233568,0,10,1733,26,3196,str('H'),1,str('tstat'),0.001,1
422,0.17,75,0.6,0.910694015982116,0,17,111,0,1240,str('H'),3,str('tstat'),0.547,96
423,0.22,91,0.9333333333333332,0.865732639056421,0,12,274,26,3424,str('H'),1,str('tstat'),0.001,38
424,0.22,96,0.9333333333333332,0.8532783139098303,0,17,3880,26,3975,str('KL'),1,str('stdev'),0.821,77
425,0.22,93,0.9333333333333332,0.8606715446024541,0,14,4772,26,2015,str('KL'),3,str('stdev'),0.172,1
426,0.21,82,0.8666666666666666,0.8899595722079197,0,5,4372,26,813,str('KL'),3,str('stdev'),0.745,1
427,0.17,70,0.6,0.9267091614651907,0,12,2403,0,1656,str('KL'),1,str('tstat'),0.001,46
428,0.21,90,0.8666666666666666,0.868304597134993,0,13,3686,26,3529,str('H'),3,str('tstat'),0.999,48
429,0.16,65,0.5333333333333332,0.9438942995231028,0,9,4634,0,1522,str('H'),3,str('tstat'),0.215,89
430,0.22,107,0.9333333333333332,0.8279989111071117,0,28,1754,26,1315,str('KL'),1,str('tstat'),0.999,33
431,0.18,71,0.6666666666666665,0.9234177536615864,0,12,1478,0,677,str('KL'),3,str('tstat'),0.252,56
432,0.22,138,0.9333333333333332,0.7686146423927286,0,52,4097,26,3132,str('KL'),1,str('tstat'),0.756,1
433,0.22,89,0.9333333333333332,0.8709049752150205,0,10,677,26,2677,str('KL'),2,str('tstat'),0.729,10
434,0.17,65,0.6,0.9438942995231028,0,8,256,0,372,str('KL'),3,str('tstat'),0.24,33
435,0.22,99,0.9333333333333332,0.8461102931228427,0,20,141,26,2556,str('KL'),3,str('tstat'),0.999,1
436,0.19,190,0.7333333333333333,0.6938263082971938,0,86,2407,9,4360,str('H'),2,str('tstat'),0.999,1
437,0.19,106,0.7333333333333333,0.8301880601191358,0,30,1672,0,761,str('KL'),1,str('tstat'),0.001,1
438,0.11,52,0.19999999999999996,0.9955173535761535,0,2,1936,0,5000,str('H'),3,str('stdev'),0.745,1
439,0.18,273,0.6666666666666665,0.608905719449578,0,108,3306,13,948,str('H'),1,str('stdev'),0.999,100
440,0.18,67,0.6666666666666665,0.9368689473199137,0,8,678,0,1177,str('KL'),3,str('tstat'),0.323,83
441,0.2,280,0.7999999999999999,0.6029691064346259,0,91,134,9,4552,str('H'),1,str('tstat'),0.974,1
442,0.22,122,0.9333333333333332,0.7973932715098292,0,42,781,26,3847,str('KL'),1,str('stdev'),0.999,100
443,0.19,105,0.7333333333333333,0.8323977648215923,0,29,4564,0,5000,str('KL'),1,str('stdev'),0.306,1
444,0.23,151,1.0,0.7475744272275548,0,13,5000,26,1920,str('KL'),1,str('tstat'),0.999,1
445,0.18,67,0.6666666666666665,0.9368689473199137,0,8,1059,0,1092,str('KL'),3,str('tstat'),0.038,47
446,0.18,67,0.6666666666666665,0.9368689473199137,0,8,1386,0,1630,str('H'),1,str('tstat'),0.429,24
447,0.21,78,0.8666666666666666,0.9015832593017726,0,2,1615,26,1203,str('H'),3,str('tstat'),0.001,74
448,0.11,52,0.19999999999999996,0.9955173535761535,0,2,1416,0,5000,str('H'),3,str('stdev'),0.836,100
449,0.22,93,0.9333333333333332,0.8606715446024541,0,14,3918,26,3301,str('H'),2,str('tstat'),0.001,71
450,0.19,104,0.7333333333333333,0.834628414904488,0,28,3300,0,1968,str('KL'),1,str('stdev'),0.001,1
451,0.19,105,0.7333333333333333,0.8323977648215923,0,29,3679,0,2475,str('H'),1,str('stdev'),0.563,3
452,0.16,58,0.5333333333333332,0.9702790675415603,1,1,2909,0,3374,str('KL'),3,str('tstat'),0.232,100
453,0.18,64,0.6666666666666665,0.9474872215534342,0,5,2768,0,1819,str('H'),1,str('tstat'),0.001,46
454,0.18,167,0.6666666666666665,0.7240216045964928,0,77,4932,0,1,str('KL'),3,str('tstat'),0.409,1
455,0.22,95,0.9333333333333332,0.8557170074614999,0,16,3466,26,3676,str('KL'),1,str('tstat'),0.999,14
456,0.16,61,0.5333333333333332,0.9586073290291091,0,5,289,0,4438,str('H'),2,str('stdev'),0.661,55
457,0.23,150,1.0,0.7491277782255682,0,12,4975,26,342,str('KL'),1,str('stdev'),0.755,1
458,0.21,81,0.8666666666666666,0.8928121140643037,0,4,3222,26,2667,str('H'),3,str('stdev'),0.999,15
459,0.17,65,0.6,0.9438942995231028,0,8,4921,0,1807,str('KL'),3,str('stdev'),0.424,1
460,0.16,65,0.5333333333333332,0.9438942995231028,0,9,3784,0,1262,str('KL'),3,str('tstat'),0.242,1
461,0.22,93,0.9333333333333332,0.8606715446024541,0,14,4495,26,3803,str('H'),2,str('tstat'),0.195,51
462,0.21,91,0.8666666666666666,0.865732639056421,0,14,3293,26,1015,str('KL'),2,str('tstat'),0.197,35
463,0.18,69,0.6666666666666665,0.9300472574589626,0,10,2522,0,996,str('H'),3,str('tstat'),0.33,53
464,0.1,162,0.13333333333333333,0.7311318681561029,0,84,1511,5,1731,str('H'),3,str('tstat'),0.24,35
465,0.12,203,0.2666666666666666,0.6783305160108779,0,122,2752,17,3714,str('KL'),2,str('stdev'),0.516,88
466,0.1,144,0.13333333333333333,0.75866956448497,0,66,3798,11,646,str('H'),1,str('stdev'),0.316,66
467,0.22,97,0.9333333333333332,0.8508646330405213,0,18,77,26,3902,str('KL'),3,str('tstat'),0.913,7
468,0.22,90,0.9333333333333332,0.868304597134993,0,11,3987,26,4158,str('H'),1,str('tstat'),0.404,38
469,0.22,138,0.9333333333333332,0.7686146423927286,0,52,2499,26,3343,str('H'),1,str('stdev'),0.999,1
470,0.16,60,0.5333333333333332,0.9624339470287625,0,4,2670,0,3167,str('KL'),3,str('tstat'),0.001,1
471,0.17,61,0.6,0.9586073290291091,0,4,2965,0,1878,str('KL'),3,str('stdev'),0.071,1
472,0.2,75,0.7999999999999999,0.910694015982116,0,2,1677,26,1212,str('KL'),2,str('tstat'),0.001,43
473,0.22,84,0.9333333333333332,0.8843561688733478,0,5,3451,26,2192,str('H'),3,str('tstat'),0.001,34
474,0.22,104,0.9333333333333332,0.834628414904488,0,25,4227,26,5000,str('H'),1,str('stdev'),0.654,42
475,0.21,85,0.8666666666666666,0.8816037185284046,0,8,3059,26,2358,str('H'),3,str('tstat'),0.001,98
476,0.16,60,0.5333333333333332,0.9624339470287625,0,4,1040,0,3377,str('KL'),2,str('tstat'),0.064,49
477,0.16,64,0.5333333333333332,0.9474872215534342,0,8,464,0,2688,str('H'),3,str('tstat'),0.497,1
478,0.2,86,0.7999999999999999,0.8788830891316224,0,10,4508,26,1504,str('KL'),1,str('tstat'),0.001,54
479,0.22,138,0.9333333333333332,0.7686146423927286,0,52,787,26,3730,str('KL'),1,str('tstat'),0.75,1
480,0.1,162,0.13333333333333333,0.7311318681561029,0,84,1840,8,247,str('KL'),3,str('stdev'),0.543,74
481,0.1,157,0.13333333333333333,0.7384636705472114,0,79,3120,20,4574,str('H'),1,str('tstat'),0.203,1
482,0.15,214,0.46666666666666656,0.6659713513272776,0,113,4084,1,2286,str('KL'),2,str('tstat'),0.902,30
483,0.11,188,0.19999999999999996,0.6963035082421045,0,109,323,16,2885,str('H'),3,str('stdev'),0.368,95
484,0.18,71,0.6666666666666665,0.9234177536615864,0,12,607,0,961,str('KL'),1,str('tstat'),0.133,27
485,0.1,189,0.13333333333333333,0.6950616487809889,0,111,4347,15,4212,str('H'),2,str('stdev'),0.597,98
486,0.19,171,0.7333333333333333,0.7184841297738433,0,73,2817,9,1421,str('KL'),3,str('stdev'),0.298,70
487,0.11,258,0.19999999999999996,0.6221549115317533,0,159,1597,21,3400,str('H'),1,str('tstat'),0.956,5
488,0.12,179,0.2666666666666666,0.7077853864604593,0,99,2041,12,4398,str('H'),2,str('tstat'),0.421,51
489,0.11,188,0.19999999999999996,0.6963035082421045,0,109,3321,25,149,str('KL'),3,str('stdev'),0.823,24
490,0.15,161,0.46666666666666656,0.7325800685526371,0,78,4518,3,2983,str('H'),2,str('stdev'),0.025,46
491,0.1,184,0.13333333333333333,0.7013375359501945,0,106,758,19,2462,str('KL'),1,str('tstat'),0.746,79
492,0.1,160,0.13333333333333333,0.7340372361914138,0,82,1136,7,2668,str('KL'),2,str('tstat'),0.466,60
493,0.13,172,0.3333333333333333,0.717119883508187,0,89,4915,23,2152,str('H'),1,str('stdev'),0.804,14
494,0.15,166,0.46666666666666656,0.7254265748696861,0,82,3537,1,4709,str('KL'),2,str('stdev'),0.106,42
495,0.12,180,0.2666666666666666,0.7064816057197421,0,100,2278,14,464,str('H'),3,str('tstat'),0.64,82
496,0.18,69,0.6666666666666665,0.9300472574589626,0,10,2417,0,4225,str('H'),1,str('tstat'),0.999,59
497,0.19,114,0.7333333333333333,0.8132198606098551,0,37,3281,0,3827,str('H'),1,str('tstat'),0.999,4
498,0.15,164,0.46666666666666656,0.7282619323219758,0,81,1673,1,3261,str('H'),1,str('stdev'),0.999,29
499,0.16,68,0.5333333333333332,0.9334333852565074,0,12,2013,0,3135,str('H'),3,str('tstat'),0.149,37
500,0.17,91,0.6,0.865732639056421,0,28,1371,0,5000,str('H'),1,str('stdev'),0.717,40
501,0.22,91,0.9333333333333332,0.865732639056421,0,12,3991,26,3908,str('KL'),3,str('stdev'),0.001,1
502,0.18,3642,0.6666666666666665,0.0,0,119,698,13,22,str('H'),1,str('tstat'),0.001,100
503,0.15,63,0.46666666666666656,0.9511358500159747,0,8,4187,0,2568,str('KL'),3,str('stdev'),0.001,19
504,0.17,78,0.6,0.9015832593017726,0,20,4277,0,5000,str('KL'),1,str('stdev'),0.999,58
505,0.18,74,0.6666666666666665,0.9138110393229293,0,15,1292,0,604,str('H'),3,str('tstat'),0.719,66
506,0.18,79,0.6666666666666665,0.8986230715694088,0,19,2407,0,2272,str('H'),3,str('stdev'),0.001,41
507,0.16,68,0.5333333333333332,0.9334333852565074,0,12,46,0,1754,str('H'),2,str('tstat'),0.64,42
508,0.21,120,0.8666666666666666,0.8012512566300579,0,42,2671,26,1169,str('KL'),3,str('stdev'),0.699,51
509,0.17,73,0.6,0.9169699031513214,0,15,330,0,1145,str('KL'),3,str('tstat'),0.697,43
510,0.22,112,0.9333333333333332,0.8173485949616665,0,33,2297,26,3159,str('KL'),1,str('tstat'),0.999,55
511,0.2,91,0.7999999999999999,0.865732639056421,0,15,2122,26,1121,str('H'),3,str('tstat'),0.106,35
512,0.15,226,0.46666666666666656,0.6531900119288148,0,119,3715,3,2005,str('H'),1,str('tstat'),0.001,94
513,0.16,241,0.5333333333333332,0.6381316678754967,0,115,2917,3,4933,str('KL'),1,str('tstat'),0.791,51
514,0.17,254,0.6,0.6258177375643121,0,110,2128,3,3807,str('KL'),1,str('stdev'),0.001,3
515,0.16,167,0.5333333333333332,0.7240216045964928,0,80,2136,3,4824,str('H'),1,str('stdev'),0.88,11
516,0.16,252,0.5333333333333332,0.6276707536089015,0,116,3998,3,1145,str('H'),1,str('tstat'),0.967,1
517,0.22,98,0.9333333333333332,0.8484754569686281,0,19,1185,26,4838,str('KL'),1,str('tstat'),0.31,55
518,0.12,441,0.2666666666666666,0.49637433104025586,0,155,2258,14,306,str('H'),1,str('tstat'),0.999,75
519,0.2,214,0.7999999999999999,0.6659713513272776,0,80,2872,9,1404,str('H'),1,str('tstat'),0.371,6
520,0.14,219,0.4,0.6605611861218892,0,116,534,10,4411,str('KL'),1,str('stdev'),0.186,5
521,0.18,156,0.6666666666666665,0.7399578458636504,0,68,1782,9,1065,str('H'),3,str('stdev'),0.489,33
522,0.17,165,0.6,0.7268399834533585,0,77,3140,9,4568,str('KL'),3,str('stdev'),0.717,22
523,0.18,177,0.6666666666666665,0.7104148196453782,0,83,2845,9,3992,str('KL'),3,str('stdev'),0.603,68
524,0.1,186,0.13333333333333333,0.6988070618723943,0,108,4133,13,3297,str('H'),1,str('stdev'),0.999,100
525,0.18,81,0.6666666666666665,0.8928121140643037,0,21,1773,0,4240,str('H'),1,str('stdev'),0.221,66
526,0.19,120,0.7333333333333333,0.8012512566300579,0,43,652,0,1989,str('KL'),1,str('stdev'),0.826,1
527,0.16,87,0.5333333333333332,0.8761935533230162,0,26,2676,0,2843,str('H'),3,str('tstat'),0.999,51
528,0.22,93,0.9333333333333332,0.8606715446024541,0,14,2085,26,2614,str('H'),3,str('tstat'),0.435,40
529,0.17,409,0.6,0.5140601581086155,0,121,3434,4,1916,str('KL'),1,str('tstat'),0.001,1
530,0.15,184,0.46666666666666656,0.7013375359501945,0,98,1981,4,3166,str('H'),1,str('tstat'),0.596,8
531,0.17,233,0.6,0.6460427261364895,0,108,2580,1,11,str('H'),1,str('tstat'),0.999,1
532,0.17,267,0.6,0.6141162309382586,0,113,3164,3,472,str('H'),1,str('stdev'),0.001,1
533,0.14,177,0.4,0.7104148196453782,0,92,1424,10,66,str('H'),1,str('tstat'),0.999,24
534,0.15,254,0.46666666666666656,0.6258177375643121,0,124,31,10,1627,str('KL'),1,str('tstat'),0.001,1
535,0.16,196,0.5333333333333332,0.6865474242876628,0,101,2697,3,4878,str('H'),1,str('stdev'),0.211,30
536,0.1,190,0.13333333333333333,0.6938263082971938,0,112,1596,8,2412,str('KL'),1,str('tstat'),0.092,20
537,0.17,265,0.6,0.6158790243625476,0,112,2437,1,891,str('KL'),1,str('stdev'),0.416,1
538,0.11,225,0.19999999999999996,0.6542290062071052,0,142,944,12,1771,str('H'),3,str('stdev'),0.999,97
539,0.12,186,0.2666666666666666,0.6988070618723943,0,106,1070,23,2464,str('KL'),3,str('stdev'),0.001,100
540,0.13,162,0.3333333333333333,0.7311318681561029,0,81,4576,13,4808,str('KL'),3,str('tstat'),0.133,100
541,0.17,168,0.6,0.7226249724749032,0,79,1429,1,2387,str('H'),1,str('stdev'),0.111,11
542,0.15,224,0.46666666666666656,0.6552726080138934,0,117,4906,4,2661,str('H'),1,str('stdev'),0.001,71
543,0.14,195,0.4,0.6877450442859603,0,105,3880,1,1886,str('H'),3,str('stdev'),0.078,38
544,0.17,178,0.6,0.7090964306410996,0,85,338,9,3906,str('H'),3,str('stdev'),0.999,2
545,0.16,313,0.5333333333333332,0.5768382571090893,0,120,4382,4,3855,str('H'),2,str('tstat'),0.001,2
546,0.1,205,0.13333333333333333,0.6760345775874974,0,127,1503,2,3776,str('KL'),1,str('stdev'),0.72,4
547,0.22,99,0.9333333333333332,0.8461102931228427,0,20,1603,26,3445,str('H'),3,str('stdev'),0.811,86
548,0.19,125,0.7333333333333333,0.7917223507965792,0,46,1268,0,540,str('KL'),1,str('stdev'),0.493,1
549,0.15,186,0.46666666666666656,0.6988070618723943,0,100,903,4,126,str('H'),1,str('tstat'),0.361,29
550,0.15,216,0.46666666666666656,0.6637923374095407,0,114,2268,10,3599,str('KL'),1,str('tstat'),0.629,5
551,0.15,178,0.46666666666666656,0.7090964306410996,0,92,993,4,1583,str('H'),3,str('tstat'),0.999,100
552,0.16,166,0.5333333333333332,0.7254265748696861,0,79,959,3,2412,str('KL'),1,str('tstat'),0.562,14
553,0.16,215,0.5333333333333332,0.6648793223525504,0,108,1049,4,3949,str('KL'),3,str('tstat'),0.999,95
554,0.13,185,0.3333333333333333,0.7000688977200731,0,101,744,10,3303,str('H'),3,str('stdev'),0.999,93
555,0.15,187,0.46666666666666656,0.6975519558478929,0,101,392,4,4118,str('H'),3,str('stdev'),0.661,88
556,0.12,161,0.2666666666666666,0.7325800685526371,0,81,4306,4,3445,str('H'),1,str('stdev'),0.688,8
557,0.17,203,0.6,0.6783305160108779,0,98,366,13,2518,str('KL'),3,str('tstat'),0.999,100
558,0.15,160,0.46666666666666656,0.7340372361914138,0,77,1118,3,3725,str('KL'),1,str('stdev'),0.926,28
559,0.16,190,0.5333333333333332,0.6938263082971938,0,100,3624,3,2407,str('H'),1,str('stdev'),0.662,11
560,0.1,213,0.13333333333333333,0.6670684713645746,0,135,3759,21,4,str('H'),3,str('stdev'),0.001,1
561,0.18,80,0.6666666666666665,0.895699657307198,0,20,755,0,1002,str('H'),3,str('stdev'),0.001,1
562,0.1,244,0.13333333333333333,0.6352322658393943,0,162,1091,18,439,str('H'),1,str('stdev'),0.999,48
563,0.15,213,0.46666666666666656,0.6670684713645746,0,112,1023,3,3844,str('H'),1,str('stdev'),0.511,98
564,0.21,130,0.8666666666666666,0.7825643149956816,0,48,2027,26,5000,str('KL'),3,str('stdev'),0.999,64
565,0.19,318,0.7333333333333333,0.5731204574840165,0,102,4113,9,2288,str('H'),1,str('stdev'),0.001,93
566,0.12,241,0.2666666666666666,0.6381316678754967,0,137,4079,14,2107,str('H'),3,str('stdev'),0.576,65
567,0.11,174,0.19999999999999996,0.7144148902578356,0,95,2873,14,2193,str('H'),3,str('stdev'),0.999,100
568,0.1,170,0.13333333333333333,0.7198563308731665,0,92,578,15,649,str('H'),3,str('tstat'),0.317,100
569,0.18,169,0.6666666666666665,0.7212365801187866,0,78,837,9,2439,str('H'),3,str('tstat'),0.001,100
570,0.18,179,0.6666666666666665,0.7077853864604593,0,84,4855,13,1620,str('KL'),3,str('stdev'),0.999,18
571,0.13,176,0.3333333333333333,0.7117406362325246,0,93,3625,23,4685,str('H'),3,str('tstat'),0.999,44
572,0.16,187,0.5333333333333332,0.6975519558478929,0,99,1918,4,413,str('H'),3,str('stdev'),0.001,100
573,0.15,265,0.46666666666666656,0.6158790243625476,0,127,1491,10,565,str('H'),1,str('stdev'),0.001,1
574,0.22,126,0.9333333333333332,0.7898620105017669,0,45,172,26,104,str('H'),3,str('tstat'),0.187,100
575,0.12,143,0.2666666666666666,0.7602981649070252,0,62,3056,1,432,str('H'),3,str('tstat'),0.001,18
576,0.16,179,0.5333333333333332,0.7077853864604593,0,92,132,13,3313,str('H'),3,str('tstat'),0.999,39
577,0.18,177,0.6666666666666665,0.7104148196453782,0,83,88,9,3468,str('KL'),3,str('stdev'),0.001,97
578,0.23,160,1.0,0.7340372361914138,0,16,1665,26,608,str('KL'),1,str('stdev'),0.999,1
579,0.16,182,0.5333333333333332,0.7038955157197266,0,95,6,9,4824,str('KL'),1,str('stdev'),0.4,10
580,0.22,89,0.9333333333333332,0.8709049752150205,0,10,3403,26,696,str('H'),3,str('tstat'),0.305,51
581,0.22,157,0.9333333333333332,0.7384636705472114,0,64,1581,26,1436,str('H'),2,str('tstat'),0.884,1
582,0.21,120,0.8666666666666666,0.8012512566300579,0,42,481,26,773,str('H'),2,str('stdev'),0.601,54
583,0.21,99,0.8666666666666666,0.8461102931228427,0,22,2136,26,2961,str('KL'),2,str('tstat'),0.999,46
584,0.17,372,0.6,0.536317545306177,0,118,2979,3,3868,str('H'),1,str('tstat'),0.999,1
585,0.15,171,0.46666666666666656,0.7184841297738433,0,86,3462,4,3234,str('KL'),3,str('stdev'),0.999,85
586,0.13,154,0.3333333333333333,0.742974961827982,0,73,1180,9,4975,str('H'),3,str('tstat'),0.517,76
587,0.21,92,0.8666666666666666,0.8631884864746343,0,15,1113,26,1293,str('H'),3,str('stdev'),0.001,100
588,0.13,172,0.3333333333333333,0.717119883508187,0,89,1876,4,4759,str('KL'),3,str('tstat'),0.001,100
589,0.18,218,0.6666666666666665,0.6616333147269143,0,100,1336,9,3434,str('H'),1,str('tstat'),0.001,100
590,0.16,165,0.5333333333333332,0.7268399834533585,0,78,114,13,2383,str('H'),3,str('stdev'),0.999,10
591,0.1,228,0.13333333333333333,0.65112568446577,0,150,1227,24,1103,str('H'),1,str('stdev'),0.001,1
592,0.17,355,0.6,0.547295230890817,0,117,3127,13,1,str('H'),2,str('stdev'),0.999,1
593,0.22,115,0.9333333333333332,0.8111823429315359,0,36,1,26,2197,str('KL'),2,str('stdev'),0.079,1
594,0.17,180,0.6,0.7064816057197421,0,87,156,13,507,str('H'),3,str('tstat'),0.001,49
595,0.17,76,0.6,0.9076177392125702,0,18,4647,0,2257,str('KL'),3,str('tstat'),0.999,1
596,0.15,158,0.46666666666666656,0.7369789222671177,0,75,471,3,2440,str('KL'),3,str('stdev'),0.999,95
597,0.21,161,0.8666666666666666,0.7325800685526371,0,66,398,26,1406,str('KL'),2,str('stdev'),0.803,100
598,0.22,107,0.9333333333333332,0.8279989111071117,0,28,3751,26,2708,str('KL'),2,str('tstat'),0.999,1
599,0.22,104,0.9333333333333332,0.834628414904488,0,25,293,26,665,str('H'),1,str('stdev'),0.999,41
600,0.1,273,0.13333333333333333,0.608905719449578,0,188,3077,6,91,str('H'),1,str('stdev'),0.001,1
601,0.18,124,0.6666666666666665,0.7935975146762768,0,46,4573,0,1740,str('H'),2,str('stdev'),0.292,1
602,0.16,197,0.5333333333333332,0.6853558682140669,0,102,2369,4,1922,str('H'),3,str('stdev'),0.573,52
603,0.14,179,0.4,0.7077853864604593,0,94,2197,4,1649,str('KL'),3,str('tstat'),0.999,26
604,0.17,163,0.6,0.7296925253097426,0,75,847,9,4720,str('H'),3,str('stdev'),0.001,87
605,0.2,191,0.7999999999999999,0.6925974187069388,0,74,3194,9,203,str('H'),3,str('tstat'),0.999,1
606,0.14,173,0.4,0.7157635003770612,0,89,2548,10,2812,str('H'),1,str('tstat'),0.001,35
607,0.14,159,0.4,0.7355034828148477,0,77,430,10,969,str('H'),3,str('tstat'),0.999,84
608,0.21,80,0.8666666666666666,0.895699657307198,0,3,2910,26,4117,str('KL'),1,str('stdev'),0.999,33
609,0.18,223,0.6666666666666665,0.6563208583964064,0,102,622,13,351,str('KL'),3,str('stdev'),0.001,82
610,0.18,196,0.6666666666666665,0.6865474242876628,0,94,2780,13,687,str('KL'),3,str('tstat'),0.557,9
611,0.16,149,0.5333333333333332,0.7506914505683682,0,63,4984,3,747,str('KL'),3,str('stdev'),0.001,32
612,0.2,310,0.7999999999999999,0.579097459948847,0,92,1150,9,1244,str('H'),1,str('stdev'),0.999,1
613,0.16,239,0.5333333333333332,0.6400846402603728,0,114,2150,3,1541,str('KL'),2,str('tstat'),0.734,62
614,0.16,174,0.5333333333333332,0.7144148902578356,0,87,3459,3,4348,str('KL'),3,str('stdev'),0.001,12
615,0.15,219,0.46666666666666656,0.6605611861218892,0,115,134,1,2021,str('H'),1,str('stdev'),0.308,65
616,0.22,157,0.9333333333333332,0.7384636705472114,0,64,4335,26,2131,str('H'),2,str('stdev'),0.449,4
617,0.19,215,0.7333333333333333,0.6648793223525504,0,91,2933,9,4723,str('KL'),2,str('stdev'),0.001,1
618,0.18,109,0.6666666666666665,0.8236807748764503,0,35,1,0,85,str('KL'),2,str('tstat'),0.108,1
619,0.21,101,0.8666666666666666,0.8414501047654391,0,24,2894,26,1671,str('KL'),2,str('stdev'),0.77,28
620,0.17,81,0.6,0.8928121140643037,0,22,359,0,4995,str('KL'),3,str('stdev'),0.001,1
621,0.18,147,0.6666666666666665,0.7538503143967605,0,60,1,0,1,str('KL'),3,str('stdev'),0.001,100
622,0.2,229,0.7999999999999999,0.650100271855294,0,81,55,9,1339,str('H'),2,str('tstat'),0.999,1
623,0.22,107,0.9333333333333332,0.8279989111071117,0,28,4035,26,760,str('H'),2,str('stdev'),0.623,1
624,0.16,307,0.5333333333333332,0.5813785617034481,0,119,3759,4,425,str('H'),2,str('stdev'),0.999,94
625,0.22,143,0.9333333333333332,0.7602981649070252,0,57,3893,26,3744,str('KL'),2,str('stdev'),0.999,1
626,0.15,159,0.46666666666666656,0.7355034828148477,0,76,421,3,4968,str('KL'),3,str('tstat'),0.999,81
627,0.17,202,0.6,0.6794869400665288,0,97,2008,4,70,str('H'),2,str('stdev'),0.001,1
628,0.13,174,0.3333333333333333,0.7144148902578356,0,91,855,1,4972,str('H'),2,str('tstat'),0.999,11
629,0.22,106,0.9333333333333332,0.8301880601191358,0,27,1,26,715,str('KL'),2,str('stdev'),0.999,4
630,0.21,264,0.8666666666666666,0.6167653976204652,0,75,1151,26,1,str('H'),2,str('tstat'),0.001,1
631,0.16,197,0.5333333333333332,0.6853558682140669,0,102,2451,3,29,str('H'),3,str('stdev'),0.999,100
632,0.13,150,0.3333333333333333,0.7491277782255682,0,69,4969,9,4974,str('KL'),3,str('tstat'),0.279,2
633,0.22,1062,0.9333333333333332,0.28986112737914904,0,77,1372,26,116,str('KL'),2,str('stdev'),0.611,100
634,0.22,123,0.9333333333333332,0.7954877402745478,0,43,2053,26,3404,str('H'),2,str('tstat'),0.999,1
635,0.15,200,0.46666666666666656,0.6818169771383451,0,106,4824,3,2930,str('H'),3,str('stdev'),0.554,6
636,0.21,117,0.8666666666666666,0.8071594787869991,0,39,1,26,5000,str('H'),3,str('tstat'),0.999,100
637,0.19,229,0.7333333333333333,0.650100271855294,0,94,659,9,4993,str('H'),2,str('stdev'),0.999,1
638,0.17,111,0.6,0.8194404471509675,0,39,747,0,5000,str('KL'),3,str('stdev'),0.001,100
639,0.11,185,0.19999999999999996,0.7000688977200731,0,106,235,4,201,str('KL'),3,str('tstat'),0.001,53
640,0.21,80,0.8666666666666666,0.895699657307198,0,3,489,26,1313,str('KL'),3,str('tstat'),0.001,1
641,0.18,211,0.6666666666666665,0.6692781760670312,0,99,1034,13,2096,str('KL'),1,str('tstat'),0.999,37
642,0.18,173,0.6666666666666665,0.7157635003770612,0,81,2187,9,1227,str('H'),2,str('tstat'),0.135,66
643,0.22,111,0.9333333333333332,0.8194404471509675,0,32,2575,26,855,str('H'),1,str('tstat'),0.273,41
644,0.19,295,0.7333333333333333,0.5907307256421993,0,100,3874,9,862,str('H'),2,str('tstat'),0.999,89
645,0.17,202,0.6,0.6794869400665288,0,97,184,13,2165,str('KL'),2,str('stdev'),0.999,100
646,0.16,149,0.5333333333333332,0.7506914505683682,0,63,193,3,2748,str('H'),3,str('tstat'),0.999,27
647,0.17,406,0.6,0.515788428949241,0,120,944,13,1331,str('H'),1,str('tstat'),0.999,100
648,0.19,185,0.7333333333333333,0.7000688977200731,0,82,4427,9,353,str('H'),3,str('tstat'),0.001,84
649,0.16,186,0.5333333333333332,0.6988070618723943,0,98,3874,3,269,str('H'),3,str('tstat'),0.999,42
650,0.18,81,0.6666666666666665,0.8928121140643037,0,21,901,0,1491,str('KL'),2,str('tstat'),0.999,1
651,0.15,261,0.46666666666666656,0.6194447262411205,0,126,4359,1,4892,str('KL'),1,str('stdev'),0.104,83
652,0.18,80,0.6666666666666665,0.895699657307198,0,20,1249,0,777,str('KL'),2,str('tstat'),0.177,50
653,0.15,135,0.46666666666666656,0.7737493585653525,0,52,276,3,3328,str('KL'),3,str('tstat'),0.017,65
654,0.15,219,0.46666666666666656,0.6605611861218892,0,115,154,4,4190,str('KL'),1,str('tstat'),0.999,100
655,0.22,120,0.9333333333333332,0.8012512566300579,0,40,4803,26,1520,str('H'),2,str('tstat'),0.001,89
656,0.21,90,0.8666666666666666,0.868304597134993,0,13,1238,26,2336,str('H'),1,str('tstat'),0.632,44
657,0.21,110,0.8666666666666666,0.8215510605968469,0,32,1333,26,5000,str('KL'),2,str('tstat'),0.999,100
658,0.22,221,0.9333333333333332,0.6584314718422857,0,72,3386,26,199,str('H'),2,str('tstat'),0.836,69
659,0.18,185,0.6666666666666665,0.7000688977200731,0,89,2505,9,3340,str('KL'),2,str('stdev'),0.999,11
660,0.18,99,0.6666666666666665,0.8461102931228427,0,33,2204,0,1043,str('KL'),2,str('tstat'),0.001,63
661,0.22,129,0.9333333333333332,0.7843676327988731,0,47,1508,26,600,str('H'),2,str('stdev'),0.999,1
662,0.19,82,0.7333333333333333,0.8899595722079197,0,6,1311,0,1385,str('KL'),2,str('tstat'),0.001,2
663,0.22,205,0.9333333333333332,0.6760345775874974,0,71,4125,26,454,str('H'),2,str('tstat'),0.999,74
664,0.19,355,0.7333333333333333,0.547295230890817,0,103,693,9,608,str('H'),2,str('stdev'),0.051,87
665,0.2,409,0.7999999999999999,0.5140601581086155,0,94,1053,9,167,str('H'),1,str('stdev'),0.492,70
666,0.18,221,0.6666666666666665,0.6584314718422857,0,101,2529,13,922,str('KL'),2,str('tstat'),0.999,15
667,0.22,111,0.9333333333333332,0.8194404471509675,0,32,293,26,1740,str('KL'),2,str('tstat'),0.745,43
668,0.21,110,0.8666666666666666,0.8215510605968469,0,32,1896,26,1392,str('KL'),3,str('stdev'),0.999,100
669,0.18,189,0.6666666666666665,0.6950616487809889,0,91,129,9,4886,str('KL'),1,str('stdev'),0.001,98
670,0.18,94,0.6666666666666665,0.8581812375355501,0,28,3743,0,3128,str('KL'),2,str('stdev'),0.001,1
671,0.17,73,0.6,0.9169699031513214,0,15,4201,0,3975,str('H'),3,str('stdev'),0.001,1
672,0.16,389,0.5333333333333332,0.5258292014898371,0,121,2013,4,790,str('KL'),1,str('tstat'),0.923,94
673,0.18,113,0.6666666666666665,0.8152751734276412,0,36,1970,0,4757,str('KL'),2,str('stdev'),0.94,1
674,0.21,93,0.8666666666666666,0.8606715446024541,0,16,2325,26,1417,str('H'),3,str('tstat'),0.605,1
675,0.23,159,1.0,0.7355034828148477,0,15,2988,26,3559,str('H'),1,str('stdev'),0.31,1
676,0.18,182,0.6666666666666665,0.7038955157197266,0,87,4626,9,2498,str('KL'),3,str('tstat'),0.999,100
677,0.18,143,0.6666666666666665,0.7602981649070252,0,58,1308,0,1,str('KL'),3,str('stdev'),0.001,1
678,0.18,143,0.6666666666666665,0.7602981649070252,0,58,2903,0,844,str('KL'),2,str('tstat'),0.999,70
679,0.21,103,0.8666666666666666,0.8368804112454389,0,26,1083,26,1090,str('H'),2,str('tstat'),0.426,56
680,0.18,98,0.6666666666666665,0.8484754569686281,0,32,4555,0,2997,str('KL'),2,str('tstat'),0.999,1
681,0.14,63,0.4,0.9511358500159747,0,9,3510,0,4246,str('KL'),2,str('stdev'),0.001,53
682,0.23,149,1.0,0.7506914505683682,0,11,2842,26,985,str('H'),1,str('stdev'),0.001,1
683,0.22,162,0.9333333333333332,0.7311318681561029,0,65,1723,26,5000,str('KL'),1,str('stdev'),0.001,100
684,0.2,256,0.7999999999999999,0.623979198355417,0,87,1257,9,857,str('KL'),2,str('tstat'),0.001,3
685,0.22,142,0.9333333333333332,0.7619381145524806,0,56,3107,26,4839,str('KL'),2,str('tstat'),0.567,54
686,0.22,144,0.9333333333333332,0.75866956448497,0,58,2922,26,3810,str('H'),2,str('stdev'),0.29,1
687,0.22,166,0.9333333333333332,0.7254265748696861,0,66,3473,26,4558,str('H'),1,str('stdev'),0.362,1
688,0.19,201,0.7333333333333333,0.6806490748814107,0,89,1013,13,579,str('H'),2,str('tstat'),0.485,7
689,0.22,186,0.9333333333333332,0.6988070618723943,0,69,578,26,4303,str('KL'),1,str('stdev'),0.049,1
690,0.17,202,0.6,0.6794869400665288,0,97,4995,13,582,str('KL'),3,str('tstat'),0.001,100
691,0.21,96,0.8666666666666666,0.8532783139098303,0,19,3836,26,2060,str('H'),3,str('tstat'),0.999,1
692,0.18,327,0.6666666666666665,0.5665729365551815,0,113,2770,13,2293,str('H'),1,str('stdev'),0.999,1
693,0.18,123,0.6666666666666665,0.7954877402745478,0,45,1408,0,5000,str('H'),2,str('tstat'),0.999,1
694,0.17,269,0.6,0.6123665439059847,0,114,226,13,1065,str('H'),3,str('tstat'),0.999,85
695,0.22,120,0.9333333333333332,0.8012512566300579,0,40,118,26,2749,str('KL'),2,str('stdev'),0.001,79
696,0.14,153,0.4,0.744498150458009,0,71,521,9,4877,str('KL'),2,str('tstat'),0.197,51
697,0.21,119,0.8666666666666666,0.803204229014934,0,41,1988,26,1739,str('KL'),2,str('stdev'),0.916,57
698,0.16,160,0.5333333333333332,0.7340372361914138,0,73,3931,13,2662,str('H'),3,str('tstat'),0.001,1
699,0.18,201,0.6666666666666665,0.6806490748814107,0,96,3695,9,2972,str('H'),2,str('stdev'),0.999,100
700,0.18,221,0.6666666666666665,0.6584314718422857,0,101,959,9,2583,str('KL'),3,str('stdev'),0.001,1
701,0.17,242,0.6,0.6371612259981624,0,109,2551,13,2660,str('H'),2,str('tstat'),0.999,100
702,0.22,102,0.9333333333333332,0.8391541663420585,0,23,3864,26,3309,str('KL'),1,str('stdev'),0.999,46
703,0.15,155,0.46666666666666656,0.7414615686909642,0,72,462,3,4885,str('KL'),3,str('tstat'),0.476,1
704,0.22,124,0.9333333333333332,0.7935975146762768,0,44,5000,26,4412,str('H'),2,str('stdev'),0.999,1
705,0.2,344,0.7999999999999999,0.5546814293008192,0,93,3148,9,3224,str('KL'),1,str('stdev'),0.999,1
706,0.22,109,0.9333333333333332,0.8236807748764503,0,30,3395,26,327,str('H'),2,str('tstat'),0.999,1
707,0.21,104,0.8666666666666666,0.834628414904488,0,27,798,26,1046,str('H'),1,str('tstat'),0.561,19
708,0.22,150,0.9333333333333332,0.7491277782255682,0,61,4323,26,3481,str('H'),1,str('tstat'),0.795,100
709,0.22,113,0.9333333333333332,0.8152751734276412,0,34,4751,26,2468,str('H'),3,str('tstat'),0.903,100
710,0.16,185,0.5333333333333332,0.7000688977200731,0,97,1170,1,3674,str('KL'),2,str('stdev'),0.001,4
711,0.19,245,0.7333333333333333,0.6342736827552681,0,96,2670,13,2624,str('KL'),2,str('stdev'),0.047,1
712,0.23,162,1.0,0.7311318681561029,0,17,5000,26,2349,str('H'),1,str('tstat'),0.001,1
713,0.23,148,1.0,0.75226558233568,0,10,5000,26,892,str('H'),1,str('stdev'),0.999,1
714,0.18,96,0.6666666666666665,0.8532783139098303,0,30,2466,0,1454,str('KL'),2,str('tstat'),0.504,1
715,0.22,102,0.9333333333333332,0.8391541663420585,0,23,4866,26,2225,str('H'),2,str('stdev'),0.247,46
716,0.23,147,1.0,0.7538503143967605,0,9,3617,26,2727,str('H'),1,str('stdev'),0.282,1
717,0.22,99,0.9333333333333332,0.8461102931228427,0,20,2961,26,1863,str('H'),3,str('stdev'),0.485,100
718,0.17,210,0.6,0.6703908581482496,0,100,2991,13,3107,str('H'),2,str('tstat'),0.086,1
719,0.21,120,0.8666666666666666,0.8012512566300579,0,42,405,26,1264,str('KL'),3,str('tstat'),0.506,1
720,0.17,445,0.6,0.494254210198283,0,122,1684,13,1521,str('H'),1,str('stdev'),0.001,100
721,0.19,356,0.7333333333333333,0.5466351131458709,0,104,392,13,1432,str('KL'),1,str('stdev'),0.38,100
722,0.22,129,0.9333333333333332,0.7843676327988731,0,47,1341,26,1549,str('H'),1,str('stdev'),0.68,31
723,0.22,119,0.9333333333333332,0.803204229014934,0,39,300,26,2959,str('H'),1,str('stdev'),0.001,31
724,0.22,97,0.9333333333333332,0.8508646330405213,0,18,2554,26,2853,str('H'),1,str('stdev'),0.297,13
725,0.21,87,0.8666666666666666,0.8761935533230162,0,10,4592,26,2951,str('H'),1,str('stdev'),0.602,62
726,0.22,106,0.9333333333333332,0.8301880601191358,0,27,3742,26,228,str('H'),1,str('stdev'),0.999,12
727,0.22,116,0.9333333333333332,0.8091623148910506,0,37,4323,26,1212,str('H'),2,str('tstat'),0.565,37
728,0.16,166,0.5333333333333332,0.7254265748696861,0,79,2559,1,3273,str('KL'),1,str('tstat'),0.999,15
729,0.23,144,1.0,0.75866956448497,0,7,4559,26,481,str('H'),1,str('tstat'),0.658,1
730,0.22,121,0.9333333333333332,0.7993143582742014,0,41,5000,26,399,str('H'),2,str('tstat'),0.999,1
731,0.18,255,0.6666666666666665,0.6248966725068523,0,105,597,13,1248,str('KL'),2,str('stdev'),0.001,1
732,0.21,128,0.8666666666666666,0.7861848759739298,0,47,5000,26,4078,str('H'),1,str('tstat'),0.999,100
733,0.22,162,0.9333333333333332,0.7311318681561029,0,65,2066,26,2827,str('H'),1,str('tstat'),0.999,100
734,0.21,119,0.8666666666666666,0.803204229014934,0,41,3453,26,4194,str('H'),2,str('tstat'),0.999,100
735,0.22,120,0.9333333333333332,0.8012512566300579,0,40,3599,26,398,str('H'),2,str('stdev'),0.479,1
736,0.18,76,0.6666666666666665,0.9076177392125702,0,17,503,0,929,str('H'),3,str('tstat'),0.528,84
737,0.22,101,0.9333333333333332,0.8414501047654391,0,22,1075,26,487,str('H'),1,str('tstat'),0.947,18
738,0.21,117,0.8666666666666666,0.8071594787869991,0,39,2417,26,1642,str('H'),1,str('tstat'),0.597,19
739,0.17,218,0.6,0.6616333147269143,0,105,792,13,3816,str('KL'),3,str('stdev'),0.059,1
740,0.18,100,0.6666666666666665,0.8437686636359718,0,34,3066,0,168,str('KL'),1,str('tstat'),0.001,40
741,0.21,91,0.8666666666666666,0.865732639056421,0,14,1297,26,500,str('H'),3,str('stdev'),0.81,14
742,0.21,127,0.8666666666666666,0.7880162612614134,0,46,4220,26,462,str('H'),2,str('tstat'),0.697,46
743,0.21,289,0.8666666666666666,0.5955499757304088,0,78,2898,9,186,str('H'),1,str('tstat'),0.001,1
744,0.22,94,0.9333333333333332,0.8581812375355501,0,15,1591,26,177,str('H'),3,str('stdev'),0.999,11
745,0.18,286,0.6666666666666665,0.5979971224447354,0,110,119,13,4769,str('KL'),1,str('stdev'),0.001,1
746,0.16,199,0.5333333333333332,0.6829907043682817,0,103,2609,9,2719,str('H'),1,str('stdev'),0.999,41
747,0.22,172,0.9333333333333332,0.717119883508187,0,67,1148,26,328,str('H'),1,str('tstat'),0.999,55
748,0.19,292,0.7333333333333333,0.5931280145063631,0,99,3292,9,4420,str('KL'),2,str('stdev'),0.001,100
749,0.16,168,0.5333333333333332,0.7226249724749032,0,81,3952,3,1553,str('KL'),3,str('tstat'),0.999,100
750,0.22,115,0.9333333333333332,0.8111823429315359,0,36,5000,26,1325,str('KL'),2,str('tstat'),0.999,1
751,0.22,89,0.9333333333333332,0.8709049752150205,0,10,426,26,2439,str('H'),1,str('stdev'),0.999,22
752,0.17,110,0.6,0.8215510605968469,0,38,5000,0,5000,str('KL'),2,str('tstat'),0.889,100
753,0.15,157,0.46666666666666656,0.7384636705472114,0,74,4984,3,4146,str('H'),2,str('stdev'),0.777,24
754,0.2,310,0.7999999999999999,0.579097459948847,0,92,375,9,2617,str('H'),2,str('stdev'),0.31,1
755,0.15,159,0.46666666666666656,0.7355034828148477,0,76,4178,3,4028,str('H'),3,str('tstat'),0.999,55
756,0.2,275,0.7999999999999999,0.6071942077473853,0,88,4595,9,1539,str('KL'),1,str('stdev'),0.001,89
757,0.14,374,0.4,0.5350590833672411,0,130,4659,4,1338,str('KL'),2,str('stdev'),0.001,100
758,0.22,197,0.9333333333333332,0.6853558682140669,0,70,4737,26,2812,str('H'),1,str('tstat'),0.34,1
759,0.22,288,0.9333333333333332,0.5963628671147305,0,75,123,26,883,str('H'),2,str('tstat'),0.643,100
760,0.23,201,1.0,0.6806490748814107,0,21,4870,26,1329,str('H'),1,str('stdev'),0.358,1
761,0.21,103,0.8666666666666666,0.8368804112454389,0,26,3644,26,4750,str('H'),1,str('tstat'),0.598,37
762,0.12,325,0.2666666666666666,0.5680122794015416,0,153,4274,14,1118,str('KL'),1,str('tstat'),0.999,1
763,0.21,102,0.8666666666666666,0.8391541663420585,0,25,2963,26,2693,str('H'),1,str('stdev'),0.001,13
764,0.22,121,0.9333333333333332,0.7993143582742014,0,41,4504,26,667,str('H'),3,str('tstat'),0.661,91
765,0.22,103,0.9333333333333332,0.8368804112454389,0,24,3929,26,637,str('H'),2,str('tstat'),0.882,20
766,0.22,119,0.9333333333333332,0.803204229014934,0,39,5000,26,2942,str('H'),2,str('stdev'),0.999,1
767,0.22,108,0.9333333333333332,0.8258299388706621,0,29,4362,26,3302,str('KL'),1,str('tstat'),0.999,25
768,0.16,234,0.5333333333333332,0.6450391774013271,0,112,572,3,2866,str('H'),2,str('tstat'),0.999,22
769,0.16,177,0.5333333333333332,0.7104148196453782,0,90,615,3,2548,str('KL'),2,str('tstat'),0.218,92
770,0.14,162,0.4,0.7311318681561029,0,80,3165,10,2277,str('H'),3,str('tstat'),0.999,2
771,0.16,70,0.5333333333333332,0.9267091614651907,0,14,2387,0,3504,str('KL'),2,str('stdev'),0.44,23
772,0.16,174,0.5333333333333332,0.7144148902578356,0,87,1214,9,1289,str('H'),3,str('tstat'),0.001,100
773,0.11,555,0.19999999999999996,0.44237546488360624,0,171,4352,3,1,str('H'),2,str('tstat'),0.769,21
774,0.1,146,0.13333333333333333,0.7554457904860468,0,68,4592,13,4970,str('KL'),1,str('tstat'),0.999,15
775,0.1,151,0.13333333333333333,0.7475744272275548,0,73,4445,13,3451,str('KL'),1,str('stdev'),0.001,43
776,0.15,150,0.46666666666666656,0.7491277782255682,0,67,1382,1,1400,str('KL'),2,str('tstat'),0.999,29
777,0.17,393,0.6,0.5234278355331017,0,119,126,4,4930,str('H'),1,str('tstat'),0.001,1
778,0.13,222,0.3333333333333333,0.6573737989528441,0,119,173,10,3131,str('KL'),1,str('stdev'),0.001,100
779,0.15,151,0.46666666666666656,0.7475744272275548,0,68,1690,1,1415,str('KL'),3,str('tstat'),0.996,100
780,0.16,176,0.5333333333333332,0.7117406362325246,0,89,1737,3,2336,str('KL'),2,str('stdev'),0.001,1
781,0.15,226,0.46666666666666656,0.6531900119288148,0,119,3305,1,3449,str('KL'),1,str('stdev'),0.116,80
782,0.16,71,0.5333333333333332,0.9234177536615864,0,15,1813,0,3514,str('KL'),3,str('stdev'),0.001,75
783,0.18,134,0.6666666666666665,0.7754861326605458,0,51,1874,0,2281,str('KL'),2,str('stdev'),0.001,100
784,0.17,212,0.6,0.6681707301561548,0,101,1,13,5000,str('H'),2,str('tstat'),0.001,1
785,0.22,166,0.9333333333333332,0.7254265748696861,0,66,1374,26,1320,str('H'),2,str('stdev'),0.627,1
786,0.17,215,0.6,0.6648793223525504,0,103,343,13,3931,str('H'),2,str('tstat'),0.999,82
787,0.16,83,0.5333333333333332,0.8871411933510539,0,25,1,0,1453,str('KL'),3,str('tstat'),0.001,1
788,0.2,195,0.7999999999999999,0.6877450442859603,0,75,4896,9,1929,str('H'),1,str('tstat'),0.999,7
789,0.2,83,0.7999999999999999,0.8871411933510539,0,7,1,26,4514,str('H'),3,str('stdev'),0.999,1
790,0.16,225,0.5333333333333332,0.6542290062071052,0,109,4904,1,1133,str('KL'),2,str('stdev'),0.999,1
791,0.23,177,1.0,0.7104148196453782,0,20,1,26,993,str('KL'),1,str('tstat'),0.999,1
792,0.22,111,0.9333333333333332,0.8194404471509675,0,32,4007,26,2958,str('KL'),1,str('stdev'),0.001,13
793,0.11,166,0.19999999999999996,0.7254265748696861,0,87,1063,13,4880,str('KL'),3,str('tstat'),0.331,1
794,0.16,215,0.5333333333333332,0.6648793223525504,0,108,1281,3,2118,str('H'),3,str('stdev'),0.001,1
795,0.17,181,0.6,0.7051850083804319,0,88,347,13,2869,str('KL'),3,str('stdev'),0.001,100
796,0.22,114,0.9333333333333332,0.8132198606098551,0,35,4182,26,870,str('H'),2,str('stdev'),0.999,17
797,0.14,217,0.4,0.6627103501161009,0,115,1353,4,4922,str('H'),3,str('stdev'),0.001,5
798,0.16,176,0.5333333333333332,0.7117406362325246,0,89,702,3,1515,str('H'),3,str('stdev'),0.001,91
799,0.23,156,1.0,0.7399578458636504,0,14,1,26,1251,str('KL'),1,str('stdev'),0.001,1
800,0.11,202,0.19999999999999996,0.6794869400665288,0,123,3467,16,1522,str('KL'),1,str('stdev'),0.532,6
801,0.14,145,0.4,0.7570521572813891,0,63,343,10,2542,str('H'),3,str('tstat'),0.151,69
802,0.1,145,0.13333333333333333,0.7570521572813891,0,67,1113,20,4255,str('H'),3,str('stdev'),0.692,50
803,0.1,140,0.13333333333333333,0.7652527020479793,0,62,2970,7,432,str('KL'),2,str('tstat'),0.125,87
804,0.21,92,0.8666666666666666,0.8631884864746343,0,15,4736,26,3201,str('H'),3,str('tstat'),0.362,53
805,0.17,74,0.6,0.9138110393229293,0,16,1612,0,2111,str('KL'),1,str('stdev'),0.945,16
806,0.1,177,0.13333333333333333,0.7104148196453782,0,99,1551,14,3584,str('KL'),1,str('stdev'),0.635,72
807,0.11,148,0.19999999999999996,0.75226558233568,0,69,4680,12,2358,str('H'),2,str('tstat'),0.049,10
808,0.11,166,0.19999999999999996,0.7254265748696861,0,87,2615,21,4013,str('KL'),2,str('tstat'),0.309,31
809,0.1,378,0.13333333333333333,0.5325621705875252,0,232,725,5,54,str('H'),1,str('stdev'),0.881,94
810,0.11,164,0.19999999999999996,0.7282619323219758,0,85,243,25,1745,str('H'),3,str('tstat'),0.463,25
811,0.1,177,0.13333333333333333,0.7104148196453782,0,99,3372,2,2940,str('KL'),2,str('stdev'),0.846,63
812,0.13,241,0.3333333333333333,0.6381316678754967,0,123,3886,17,690,str('H'),2,str('stdev'),0.608,78
813,0.1,181,0.13333333333333333,0.7051850083804319,0,103,1995,8,4620,str('KL'),1,str('tstat'),0.208,40
814,0.17,277,0.6,0.6054950536381674,0,115,239,13,4569,str('H'),2,str('stdev'),0.999,1
815,0.15,188,0.46666666666666656,0.6963035082421045,0,102,133,4,3171,str('H'),2,str('stdev'),0.999,83
816,0.13,189,0.3333333333333333,0.6950616487809889,0,105,3280,23,289,str('H'),1,str('tstat'),0.913,17
817,0.1,184,0.13333333333333333,0.7013375359501945,0,106,140,2,3771,str('KL'),2,str('stdev'),0.279,55
818,0.1,141,0.13333333333333333,0.7635895727106295,0,63,906,20,3028,str('KL'),2,str('tstat'),0.814,36
819,0.1,155,0.13333333333333333,0.7414615686909642,0,77,2785,6,1664,str('H'),1,str('stdev'),0.494,98
820,0.11,182,0.19999999999999996,0.7038955157197266,0,103,4471,14,4394,str('KL'),1,str('stdev'),0.239,64
821,0.17,198,0.6,0.6841703149673048,0,96,1330,13,923,str('H'),2,str('tstat'),0.578,2
822,0.11,182,0.19999999999999996,0.7038955157197266,0,103,1757,25,4772,str('H'),2,str('tstat'),0.761,58
823,0.15,154,0.46666666666666656,0.742974961827982,0,71,4864,1,1165,str('KL'),3,str('stdev'),0.429,21
824,0.1,210,0.13333333333333333,0.6703908581482496,0,132,2881,18,2781,str('H'),1,str('stdev'),0.183,43
825,0.1,145,0.13333333333333333,0.7570521572813891,0,67,1007,7,1281,str('KL'),3,str('tstat'),0.502,80
826,0.1,135,0.13333333333333333,0.7737493585653525,0,57,527,15,516,str('KL'),2,str('stdev'),0.094,11
827,0.1,137,0.13333333333333333,0.7703137965019462,0,59,3634,11,4174,str('H'),3,str('tstat'),0.722,74
828,0.11,167,0.19999999999999996,0.7240216045964928,0,88,4073,22,1884,str('KL'),3,str('tstat'),0.977,89
829,0.13,183,0.3333333333333333,0.7026130503018598,0,99,2199,4,3431,str('H'),1,str('stdev'),0.331,27
830,0.13,172,0.3333333333333333,0.717119883508187,0,89,2422,23,1092,str('KL'),3,str('tstat'),0.398,97
831,0.16,158,0.5333333333333332,0.7369789222671177,0,72,4279,3,4847,str('H'),1,str('stdev'),0.793,34
832,0.13,264,0.3333333333333333,0.6167653976204652,0,127,3748,23,3474,str('H'),1,str('tstat'),0.253,2
833,0.15,206,0.46666666666666656,0.6748949539474718,0,108,609,4,2464,str('KL'),2,str('stdev'),0.93,65
834,0.22,105,0.9333333333333332,0.8323977648215923,0,26,1062,26,741,str('KL'),2,str('tstat'),0.476,46
835,0.16,60,0.5333333333333332,0.9624339470287625,0,4,2943,0,4573,str('H'),3,str('stdev'),0.84,83
836,0.1,166,0.13333333333333333,0.7254265748696861,0,88,4938,19,1873,str('KL'),1,str('stdev'),0.58,55
837,0.1,140,0.13333333333333333,0.7652527020479793,0,62,1800,6,2816,str('H'),2,str('tstat'),0.23,18
838,0.11,252,0.19999999999999996,0.6276707536089015,0,158,1285,21,1470,str('H'),1,str('tstat'),0.415,74
839,0.1,189,0.13333333333333333,0.6950616487809889,0,111,4399,5,2589,str('KL'),3,str('stdev'),0.767,12
840,0.1,163,0.13333333333333333,0.7296925253097426,0,85,2720,15,964,str('H'),3,str('stdev'),0.531,28
841,0.11,177,0.19999999999999996,0.7104148196453782,0,98,854,12,4971,str('KL'),2,str('tstat'),0.162,90
842,0.1,175,0.13333333333333333,0.7130739645684552,0,97,55,18,3232,str('KL'),2,str('stdev'),0.744,21
843,0.18,160,0.6666666666666665,0.7340372361914138,0,71,3169,9,2085,str('H'),3,str('tstat'),0.064,59
844,0.1,227,0.13333333333333333,0.6521555846730801,0,149,3912,24,4366,str('KL'),1,str('tstat'),0.326,81
845,0.12,141,0.2666666666666666,0.7635895727106295,0,61,2046,1,326,str('H'),1,str('stdev'),0.991,43
846,0.12,200,0.2666666666666666,0.6818169771383451,0,120,2137,17,2282,str('H'),2,str('stdev'),0.018,83
847,0.17,171,0.6,0.7184841297738433,0,80,4016,9,3653,str('KL'),3,str('tstat'),0.666,45
848,0.11,182,0.19999999999999996,0.7038955157197266,0,103,3307,16,4746,str('KL'),3,str('stdev'),0.13,13
849,0.19,195,0.7333333333333333,0.6877450442859603,0,88,191,9,1196,str('H'),1,str('tstat'),0.562,51
850,0.17,163,0.6,0.7296925253097426,0,75,640,13,2008,str('H'),3,str('stdev'),0.096,32
851,0.12,173,0.2666666666666666,0.7157635003770612,0,93,2504,12,3302,str('KL'),1,str('tstat'),0.713,95
852,0.1,149,0.13333333333333333,0.7506914505683682,0,71,4576,20,563,str('H'),2,str('tstat'),0.959,66
853,0.1,140,0.13333333333333333,0.7652527020479793,0,62,1460,6,4122,str('KL'),3,str('stdev'),0.356,4
854,0.1,153,0.13333333333333333,0.744498150458009,0,75,1706,19,165,str('KL'),3,str('stdev'),0.048,60
855,0.1,156,0.13333333333333333,0.7399578458636504,0,78,4837,8,3900,str('H'),2,str('tstat'),0.645,23
856,0.12,199,0.2666666666666666,0.6829907043682817,0,119,3083,25,2235,str('KL'),2,str('tstat'),0.899,39
857,0.17,74,0.6,0.9138110393229293,0,16,1195,0,3705,str('H'),1,str('stdev'),0.284,76
858,0.11,215,0.19999999999999996,0.6648793223525504,0,132,398,22,4500,str('H'),1,str('tstat'),0.871,7
859,0.14,209,0.4,0.6715088261499269,0,111,3529,4,813,str('KL'),2,str('stdev'),0.445,70
860,0.1,166,0.13333333333333333,0.7254265748696861,0,88,4353,15,3054,str('H'),2,str('stdev'),0.198,92
861,0.1,139,0.13333333333333333,0.7669276687044017,0,61,2465,11,1633,str('KL'),1,str('tstat'),0.61,29
862,0.11,234,0.19999999999999996,0.6450391774013271,0,147,2293,16,3982,str('H'),2,str('stdev'),0.676,99
863,0.14,178,0.4,0.7090964306410996,0,93,4174,10,80,str('KL'),1,str('tstat'),0.016,37
864,0.22,89,0.9333333333333332,0.8709049752150205,0,10,3594,26,4672,str('H'),2,str('stdev'),0.002,12
865,0.18,64,0.6666666666666665,0.9474872215534342,0,5,451,0,643,str('KL'),3,str('tstat'),0.682,75
866,0.12,193,0.2666666666666666,0.6901587251552692,0,113,1220,23,2405,str('KL'),1,str('stdev'),0.224,44
867,0.15,159,0.46666666666666656,0.7355034828148477,0,76,3097,3,3533,str('H'),3,str('tstat'),0.593,81
868,0.11,768,0.19999999999999996,0.36605201887514405,0,175,4785,16,22,str('KL'),2,str('tstat'),0.83,59
869,0.13,142,0.3333333333333333,0.7619381145524806,0,61,1641,10,4040,str('H'),1,str('stdev'),0.478,22
870,0.1,156,0.13333333333333333,0.7399578458636504,0,78,1444,24,425,str('H'),3,str('stdev'),0.168,65
871,0.16,170,0.5333333333333332,0.7198563308731665,0,83,4553,1,4267,str('KL'),2,str('tstat'),0.517,3
872,0.1,214,0.13333333333333333,0.6659713513272776,0,136,2567,18,2183,str('H'),2,str('tstat'),0.777,38
873,0.1,168,0.13333333333333333,0.7226249724749032,0,90,695,8,3135,str('KL'),3,str('stdev'),0.413,100
874,0.1,201,0.13333333333333333,0.6806490748814107,0,123,214,14,4913,str('KL'),2,str('tstat'),0.993,19
875,0.11,193,0.19999999999999996,0.6901587251552692,0,114,3323,12,1021,str('H'),2,str('stdev'),0.316,56
876,0.11,229,0.19999999999999996,0.650100271855294,0,143,3759,21,2530,str('KL'),1,str('stdev'),0.078,85
877,0.1,155,0.13333333333333333,0.7414615686909642,0,77,1887,5,1529,str('H'),3,str('tstat'),0.738,47
878,0.1,197,0.13333333333333333,0.6853558682140669,0,119,1949,24,2676,str('KL'),3,str('tstat'),0.799,86
879,0.15,146,0.46666666666666656,0.7554457904860468,0,63,3813,3,1392,str('H'),2,str('stdev'),0.385,48
880,0.17,216,0.6,0.6637923374095407,0,104,3154,13,3360,str('KL'),3,str('tstat'),0.383,23
881,0.11,204,0.19999999999999996,0.6771797468631767,0,125,32,12,1950,str('H'),1,str('stdev'),0.809,61
882,0.12,193,0.2666666666666666,0.6901587251552692,0,113,799,17,1099,str('H'),1,str('tstat'),0.346,30
883,0.11,127,0.19999999999999996,0.7880162612614134,0,49,2658,9,4843,str('KL'),3,str('stdev'),0.961,92
884,0.1,158,0.13333333333333333,0.7369789222671177,0,80,4422,24,1293,str('H'),3,str('stdev'),0.707,70
885,0.14,140,0.4,0.7652527020479793,0,58,1301,3,2774,str('KL'),1,str('tstat'),0.11,8
886,0.1,138,0.13333333333333333,0.7686146423927286,0,60,1865,15,1691,str('KL'),3,str('tstat'),0.293,51
887,0.1,131,0.13333333333333333,0.7807747107685417,0,51,4991,11,2996,str('H'),1,str('stdev'),0.897,14
888,0.11,198,0.19999999999999996,0.6841703149673048,0,119,2930,22,872,str('KL'),1,str('stdev'),0.651,49
889,0.15,174,0.46666666666666656,0.7144148902578356,0,88,1036,4,4440,str('H'),2,str('tstat'),0.034,86
890,0.11,161,0.19999999999999996,0.7325800685526371,0,82,557,25,3607,str('H'),3,str('stdev'),0.624,5
891,0.14,155,0.4,0.7414615686909642,0,73,3683,1,2333,str('KL'),1,str('tstat'),0.192,68
892,0.1,221,0.13333333333333333,0.6584314718422857,0,143,4200,19,3803,str('H'),1,str('tstat'),0.447,96
893,0.1,645,0.13333333333333333,0.4070683470223717,0,242,2306,8,262,str('KL'),2,str('stdev'),0.861,33
894,0.1,195,0.13333333333333333,0.6877450442859603,0,117,2452,19,2914,str('H'),1,str('tstat'),0.928,91
895,0.1,165,0.13333333333333333,0.7268399834533585,0,87,4328,6,1776,str('KL'),3,str('stdev'),0.263,28
896,0.1,136,0.13333333333333333,0.7720253082041393,0,58,3621,19,373,str('KL'),3,str('tstat'),0.784,8
897,0.1,137,0.13333333333333333,0.7703137965019462,0,59,502,7,4314,str('H'),1,str('stdev'),0.4,71
898,0.11,175,0.19999999999999996,0.7130739645684552,0,96,954,16,2641,str('H'),3,str('tstat'),0.944,40
899,0.13,198,0.3333333333333333,0.6841703149673048,0,108,2816,10,1424,str('KL'),2,str('stdev'),0.372,77
900,0.1,173,0.13333333333333333,0.7157635003770612,0,95,4890,22,4945,str('H'),3,str('stdev'),0.112,61
901,0.16,160,0.5333333333333332,0.7340372361914138,0,73,1771,3,995,str('KL'),1,str('tstat'),0.698,25
902,0.12,177,0.2666666666666666,0.7104148196453782,0,97,1393,17,4561,str('KL'),3,str('tstat'),0.883,68
903,0.1,207,0.13333333333333333,0.6737608224908778,0,129,4526,8,749,str('H'),1,str('stdev'),0.3,6
904,0.11,171,0.19999999999999996,0.7184841297738433,0,92,2769,25,2882,str('KL'),1,str('stdev'),0.063,34
905,0.1,248,0.13333333333333333,0.6314211408988839,0,166,883,2,1802,str('H'),2,str('tstat'),0.629,96
906,0.11,168,0.19999999999999996,0.7226249724749032,0,89,85,21,151,str('H'),3,str('stdev'),0.214,15
907,0.1,154,0.13333333333333333,0.742974961827982,0,76,3218,5,3916,str('KL'),1,str('tstat'),0.595,53
908,0.1,183,0.13333333333333333,0.7026130503018598,0,105,4039,14,2457,str('H'),3,str('tstat'),0.856,87
909,0.1,141,0.13333333333333333,0.7635895727106295,0,63,2153,11,3486,str('KL'),2,str('stdev'),0.461,49
910,0.1,136,0.13333333333333333,0.7720253082041393,0,58,2108,20,4181,str('KL'),3,str('stdev'),0.548,77
911,0.1,138,0.13333333333333333,0.7686146423927286,0,60,3967,6,504,str('H'),2,str('tstat'),0.136,39
912,0.1,133,0.13333333333333333,0.7772358196928197,0,54,3434,20,1567,str('H'),2,str('stdev'),0.66,20
913,0.1,151,0.13333333333333333,0.7475744272275548,0,73,298,6,3125,str('KL'),1,str('tstat'),0.032,57
914,0.1,194,0.13333333333333333,0.6889487902443983,0,116,748,24,3829,str('KL'),1,str('stdev'),0.564,26
915,0.1,144,0.13333333333333333,0.75866956448497,0,66,2631,2,231,str('H'),3,str('tstat'),0.245,88
916,0.12,186,0.2666666666666666,0.6988070618723943,0,106,4625,17,3712,str('KL'),2,str('tstat'),0.491,73
917,0.13,151,0.3333333333333333,0.7475744272275548,0,70,1489,10,2223,str('H'),3,str('stdev'),0.824,11
918,0.11,191,0.19999999999999996,0.6925974187069388,0,112,1599,22,3334,str('H'),2,str('stdev'),0.515,54
919,0.15,187,0.46666666666666656,0.6975519558478929,0,101,4710,4,1981,str('KL'),2,str('tstat'),0.177,17
920,0.1,151,0.13333333333333333,0.7475744272275548,0,73,3035,15,4076,str('H'),1,str('tstat'),0.431,45
921,0.1,136,0.13333333333333333,0.7720253082041393,0,58,1166,11,614,str('KL'),3,str('stdev'),0.752,82
922,0.1,164,0.13333333333333333,0.7282619323219758,0,86,369,18,1340,str('KL'),3,str('tstat'),0.341,1
923,0.1,147,0.13333333333333333,0.7538503143967605,0,69,3480,7,2722,str('H'),2,str('stdev'),0.975,64
924,0.2,173,0.7999999999999999,0.7157635003770612,0,71,4227,26,1223,str('KL'),1,str('stdev'),0.728,98
925,0.15,148,0.46666666666666656,0.75226558233568,0,65,2358,1,4714,str('H'),3,str('tstat'),0.08,35
926,0.22,149,0.9333333333333332,0.7506914505683682,0,60,2263,26,2054,str('KL'),1,str('stdev'),0.146,93
927,0.17,72,0.6,0.9201717460359502,0,14,4125,0,3259,str('H'),1,str('tstat'),0.546,30
928,0.11,638,0.19999999999999996,0.40963229884711916,0,173,3498,21,1128,str('KL'),1,str('stdev'),0.57,94
929,0.1,157,0.13333333333333333,0.7384636705472114,0,79,391,5,4814,str('H'),3,str('tstat'),0.247,31
930,0.1,172,0.13333333333333333,0.717119883508187,0,94,1143,24,3390,str('H'),1,str('stdev'),0.658,62
931,0.16,139,0.5333333333333332,0.7669276687044017,0,54,3017,1,1920,str('KL'),3,str('tstat'),0.026,25
932,0.1,176,0.13333333333333333,0.7117406362325246,0,98,4688,18,4210,str('H'),3,str('tstat'),0.27,41
933,0.18,248,0.6666666666666665,0.6314211408988839,0,104,1582,9,475,str('KL'),1,str('stdev'),0.921,78
934,0.11,235,0.19999999999999996,0.644039890032438,0,148,1506,23,3812,str('KL'),2,str('stdev'),0.73,35
935,0.14,158,0.4,0.7369789222671177,0,76,4647,4,253,str('H'),3,str('tstat'),0.086,97
936,0.11,199,0.19999999999999996,0.6829907043682817,0,120,2649,16,3617,str('KL'),1,str('tstat'),0.339,69
937,0.13,142,0.3333333333333333,0.7619381145524806,0,61,770,10,2323,str('H'),2,str('stdev'),0.97,7
938,0.1,159,0.13333333333333333,0.7355034828148477,0,81,276,19,881,str('H'),2,str('tstat'),0.437,88
939,0.1,142,0.13333333333333333,0.7619381145524806,0,64,3417,7,4431,str('KL'),1,str('stdev'),0.753,50
940,0.21,91,0.8666666666666666,0.865732639056421,0,14,3841,26,1702,str('H'),1,str('stdev'),0.51,16
941,0.15,75,0.46666666666666656,0.910694015982116,0,18,1962,0,2985,str('KL'),2,str('tstat'),0.175,54
942,0.12,282,0.2666666666666666,0.6013000794261582,0,148,1979,14,825,str('H'),1,str('tstat'),0.269,79
943,0.11,170,0.19999999999999996,0.7198563308731665,0,91,3862,13,4492,str('KL'),3,str('stdev'),0.915,41
944,0.1,169,0.13333333333333333,0.7212365801187866,0,91,3235,19,2395,str('H'),2,str('tstat'),0.938,80
945,0.1,170,0.13333333333333333,0.7198563308731665,0,92,106,8,3542,str('KL'),1,str('stdev'),0.37,42
946,0.1,153,0.13333333333333333,0.744498150458009,0,75,861,15,4661,str('KL'),3,str('tstat'),0.786,73
947,0.1,136,0.13333333333333333,0.7720253082041393,0,58,2752,11,653,str('H'),2,str('stdev'),0.406,11
948,0.11,183,0.19999999999999996,0.7026130503018598,0,104,4504,22,2904,str('KL'),2,str('stdev'),0.144,27
949,0.12,217,0.2666666666666666,0.6627103501161009,0,131,1375,4,1785,str('H'),1,str('tstat'),0.54,89
950,0.12,178,0.2666666666666666,0.7090964306410996,0,98,1788,17,2502,str('H'),3,str('tstat'),0.854,46
951,0.16,182,0.5333333333333332,0.7038955157197266,0,95,4912,9,1558,str('KL'),2,str('stdev'),0.455,83
952,0.1,155,0.13333333333333333,0.7414615686909642,0,77,2833,24,4883,str('H'),3,str('stdev'),0.216,55
953,0.15,160,0.46666666666666656,0.7340372361914138,0,77,976,3,1051,str('KL'),3,str('tstat'),0.6,17
954,0.1,141,0.13333333333333333,0.7635895727106295,0,63,480,20,2154,str('KL'),3,str('stdev'),0.057,99
955,0.1,134,0.13333333333333333,0.7754861326605458,0,56,3604,6,3163,str('H'),2,str('tstat'),0.627,36
956,0.18,274,0.6666666666666665,0.6080484076753232,0,109,4103,13,395,str('KL'),1,str('tstat'),0.889,1
957,0.08,177,0.0,0.7104148196453782,0,100,2246,12,4297,str('H'),1,str('stdev'),0.302,64
958,0.1,140,0.13333333333333333,0.7652527020479793,0,62,2374,15,1323,str('KL'),2,str('tstat'),0.486,9
959,0.12,168,0.2666666666666666,0.7226249724749032,0,88,4248,12,2744,str('H'),3,str('stdev'),0.822,72
960,0.1,189,0.13333333333333333,0.6950616487809889,0,111,3705,14,3859,str('H'),2,str('tstat'),0.348,90
961,0.13,178,0.3333333333333333,0.7090964306410996,0,95,574,12,201,str('KL'),1,str('stdev'),0.967,27
962,0.1,210,0.13333333333333333,0.6703908581482496,0,132,1019,18,1596,str('KL'),1,str('tstat'),0.377,59
963,0.1,174,0.13333333333333333,0.7144148902578356,0,96,2907,8,3096,str('H'),2,str('stdev'),0.807,21
964,0.1,162,0.13333333333333333,0.7311318681561029,0,84,4974,24,855,str('KL'),3,str('stdev'),0.554,43
965,0.1,172,0.13333333333333333,0.717119883508187,0,94,1843,2,4462,str('H'),1,str('tstat'),0.138,80
966,0.11,168,0.19999999999999996,0.7226249724749032,0,89,1323,16,1233,str('H'),3,str('tstat'),0.453,37
967,0.13,157,0.3333333333333333,0.7384636705472114,0,76,4439,10,4704,str('KL'),2,str('stdev'),0.863,99
968,0.12,175,0.2666666666666666,0.7130739645684552,0,95,2680,23,1350,str('H'),3,str('stdev'),0.618,65
969,0.17,222,0.6,0.6573737989528441,0,106,816,3,2713,str('KL'),1,str('tstat'),0.19,3
970,0.19,82,0.7333333333333333,0.8899595722079197,0,6,15,26,4086,str('KL'),3,str('stdev'),0.653,84
971,0.18,81,0.6666666666666665,0.8928121140643037,0,21,3131,0,604,str('H'),1,str('tstat'),0.04,46
972,0.1,135,0.13333333333333333,0.7737493585653525,0,57,3951,20,3343,str('KL'),2,str('tstat'),0.291,18
973,0.1,145,0.13333333333333333,0.7570521572813891,0,67,2087,7,1972,str('H'),3,str('stdev'),0.891,56
974,0.11,217,0.19999999999999996,0.6627103501161009,0,134,2171,25,12,str('H'),1,str('stdev'),0.118,20
975,0.17,67,0.6,0.9368689473199137,0,10,4061,0,4051,str('KL'),2,str('tstat'),0.7,58
976,0.11,172,0.19999999999999996,0.717119883508187,0,93,3345,25,2630,str('KL'),3,str('stdev'),0.222,76
977,0.14,135,0.4,0.7737493585653525,0,53,231,1,1434,str('H'),2,str('tstat'),0.587,38
978,0.11,265,0.19999999999999996,0.6158790243625476,0,160,678,22,364,str('H'),2,str('stdev'),0.008,69
979,0.15,179,0.46666666666666656,0.7077853864604593,0,93,2545,4,4323,str('KL'),3,str('tstat'),0.683,7
980,0.1,143,0.13333333333333333,0.7602981649070252,0,65,4536,15,2043,str('H'),1,str('tstat'),0.923,29
981,0.1,146,0.13333333333333333,0.7554457904860468,0,68,1422,11,3269,str('KL'),3,str('stdev'),0.261,91
982,0.12,169,0.2666666666666666,0.7212365801187866,0,89,1663,23,2427,str('KL'),2,str('stdev'),0.072,48
983,0.1,237,0.13333333333333333,0.6420539557003453,0,157,4802,2,3516,str('H'),1,str('tstat'),0.736,85
984,0.12,287,0.2666666666666666,0.597178576152464,0,150,3118,17,122,str('KL'),1,str('tstat'),0.999,51
985,0.19,177,0.7333333333333333,0.7104148196453782,0,76,1237,9,3945,str('H'),3,str('stdev'),0.318,14
986,0.11,216,0.19999999999999996,0.6637923374095407,0,133,434,14,2853,str('H'),2,str('tstat'),0.775,95
987,0.17,164,0.6,0.7282619323219758,0,76,3572,13,1832,str('KL'),3,str('stdev'),0.407,32
988,0.1,132,0.13333333333333333,0.7789986131171088,0,52,4310,20,4533,str('H'),1,str('stdev'),0.169,4
989,0.1,181,0.13333333333333333,0.7051850083804319,0,103,2429,5,777,str('KL'),2,str('tstat'),0.523,67
990,0.11,164,0.19999999999999996,0.7282619323219758,0,85,2328,21,3741,str('H'),3,str('stdev'),0.705,12
991,0.1,162,0.13333333333333333,0.7311318681561029,0,84,4216,5,2194,str('KL'),2,str('tstat'),0.104,75
992,0.12,245,0.2666666666666666,0.6342736827552681,0,138,3547,17,3037,str('H'),1,str('stdev'),0.102,100
993,0.1,174,0.13333333333333333,0.7144148902578356,0,96,420,8,1655,str('KL'),2,str('tstat'),0.715,37
994,0.11,171,0.19999999999999996,0.7184841297738433,0,92,1172,14,299,str('KL'),3,str('stdev'),0.128,56
995,0.1,141,0.13333333333333333,0.7635895727106295,0,63,3066,11,3761,str('H'),1,str('tstat'),0.556,19
996,0.11,199,0.19999999999999996,0.6829907043682817,0,120,4816,21,2291,str('KL'),1,str('tstat'),0.801,47
997,0.1,198,0.13333333333333333,0.6841703149673048,0,120,1689,5,3644,str('H'),2,str('stdev'),0.391,84
998,0.1,158,0.13333333333333333,0.7369789222671177,0,80,1476,19,1913,str('H'),2,str('stdev'),0.2,29
999,0.1,139,0.13333333333333333,0.7669276687044017,0,61,4598,7,3402,str('KL'),2,str('tstat'),0.616,91
1000,0.21,86,0.8666666666666666,0.8788830891316224,0,9,2522,26,546,str('H'),3,str('tstat'),0.869,75
1001,0.18,59,0.6666666666666665,0.9663238177694953,1,1,663,0,4144,str('KL'),1,str('stdev'),0.44,13
1002,0.11,186,0.19999999999999996,0.6988070618723943,0,107,168,22,2810,str('KL'),1,str('tstat'),0.905,82
1003,0.15,159,0.46666666666666656,0.7355034828148477,0,76,3290,3,1252,str('H'),2,str('stdev'),0.286,44
1004,0.1,156,0.13333333333333333,0.7399578458636504,0,78,3792,16,4802,str('KL'),3,str('stdev'),0.042,22
1005,0.15,184,0.46666666666666656,0.7013375359501945,0,98,1933,10,1135,str('H'),2,str('tstat'),0.643,60
1006,0.1,182,0.13333333333333333,0.7038955157197266,0,104,1909,18,4935,str('KL'),1,str('tstat'),0.832,22
1007,0.1,137,0.13333333333333333,0.7703137965019462,0,59,3776,7,1004,str('H'),3,str('stdev'),0.484,60
1008,0.11,165,0.19999999999999996,0.7268399834533585,0,86,3186,22,4226,str('KL'),1,str('tstat'),0.47,86
1009,0.1,162,0.13333333333333333,0.7311318681561029,0,84,77,5,461,str('H'),3,str('stdev'),0.838,48
1010,0.11,171,0.19999999999999996,0.7184841297738433,0,92,832,25,1492,str('H'),2,str('tstat'),0.255,67
1011,0.16,154,0.5333333333333332,0.742974961827982,0,69,2704,1,2572,str('KL'),2,str('stdev'),0.936,5
1012,0.1,161,0.13333333333333333,0.7325800685526371,0,83,4377,18,1064,str('H'),1,str('stdev'),0.674,33
1013,0.1,147,0.13333333333333333,0.7538503143967605,0,69,1268,7,4876,str('KL'),3,str('tstat'),0.01,95
1014,0.1,148,0.13333333333333333,0.75226558233568,0,70,1817,20,680,str('KL'),1,str('tstat'),0.324,39
1015,0.1,142,0.13333333333333333,0.7619381145524806,0,64,4961,6,4630,str('H'),3,str('stdev'),0.985,76
1016,0.11,193,0.19999999999999996,0.6901587251552692,0,114,2960,14,1734,str('KL'),2,str('stdev'),0.746,61
1017,0.14,172,0.4,0.717119883508187,0,88,1084,13,2951,str('H'),1,str('tstat'),0.07,24
1018,0.12,184,0.2666666666666666,0.7013375359501945,0,104,588,17,4004,str('H'),1,str('stdev'),0.525,92
1019,0.19,158,0.7333333333333333,0.7369789222671177,0,66,3731,9,63,str('KL'),3,str('tstat'),0.16,30
1020,0.11,158,0.19999999999999996,0.7369789222671177,0,79,4152,23,3574,str('H'),2,str('tstat'),0.421,8
1021,0.1,172,0.13333333333333333,0.717119883508187,0,94,2276,2,2368,str('KL'),3,str('stdev'),0.769,71
1022,0.11,169,0.19999999999999996,0.7212365801187866,0,90,2482,25,4404,str('H'),3,str('tstat'),0.954,3
1023,0.1,187,0.13333333333333333,0.6975519558478929,0,109,4375,2,913,str('KL'),1,str('stdev'),0.354,66
1024,0.1,260,0.13333333333333333,0.6203446578225864,0,177,3656,24,2018,str('KL'),1,str('tstat'),0.816,96
1025,0.1,162,0.13333333333333333,0.7311318681561029,0,84,545,2,3292,str('H'),3,str('stdev'),0.5,34
1026,0.11,177,0.19999999999999996,0.7104148196453782,0,98,989,21,4755,str('H'),3,str('tstat'),0.907,52
1027,0.1,162,0.13333333333333333,0.7311318681561029,0,84,2858,5,1187,str('KL'),2,str('stdev'),0.277,15
1028,0.1,179,0.13333333333333333,0.7077853864604593,0,101,4847,14,2686,str('H'),1,str('stdev'),0.024,50
1029,0.12,180,0.2666666666666666,0.7064816057197421,0,100,1736,12,1381,str('KL'),3,str('tstat'),0.668,87
1030,0.22,98,0.9333333333333332,0.8484754569686281,0,19,1352,26,3084,str('KL'),1,str('tstat'),0.983,31
1031,0.17,120,0.6,0.8012512566300579,0,44,4488,0,1603,str('H'),2,str('stdev'),0.333,93
1032,0.1,168,0.13333333333333333,0.7226249724749032,0,90,2807,19,4528,str('KL'),2,str('stdev'),0.088,71
1033,0.1,137,0.13333333333333333,0.7703137965019462,0,59,924,6,784,str('H'),1,str('tstat'),0.72,9
1034,0.11,233,0.19999999999999996,0.6460427261364895,0,146,122,16,2265,str('H'),1,str('stdev'),0.185,78
1035,0.14,159,0.4,0.7355034828148477,0,77,3258,10,3675,str('KL'),3,str('tstat'),0.508,40
1036,0.13,285,0.3333333333333333,0.5988185257979195,0,130,3999,23,194,str('H'),2,str('tstat'),0.759,24
1037,0.14,150,0.4,0.7491277782255682,0,68,2116,3,3871,str('KL'),3,str('stdev'),0.423,62
1038,0.1,150,0.13333333333333333,0.7491277782255682,0,72,2063,15,3171,str('KL'),1,str('stdev'),0.586,14
1039,0.1,142,0.13333333333333333,0.7619381145524806,0,64,3935,11,2141,str('H'),1,str('tstat'),0.232,52
1040,0.1,137,0.13333333333333333,0.7703137965019462,0,59,3394,15,712,str('H'),3,str('stdev'),0.69,82
1041,0.1,155,0.13333333333333333,0.7414615686909642,0,77,260,11,4603,str('KL'),2,str('tstat'),0.12,44
1042,0.1,163,0.13333333333333333,0.7296925253097426,0,85,708,19,3445,str('KL'),2,str('stdev'),0.538,63
1043,0.1,296,0.13333333333333333,0.5899370256595922,0,207,2594,8,2492,str('H'),1,str('tstat'),0.153,1
1044,0.1,206,0.13333333333333333,0.6748949539474718,0,128,4663,25,3952,str('KL'),1,str('tstat'),0.393,35
1045,0.12,504,0.2666666666666666,0.4650167076802836,0,156,1529,1,110,str('H'),2,str('stdev'),0.791,97
1046,0.1,149,0.13333333333333333,0.7506914505683682,0,71,1634,13,4355,str('H'),2,str('stdev'),0.603,42
1047,0.18,175,0.6666666666666665,0.7130739645684552,0,82,4753,13,337,str('KL'),3,str('tstat'),0.206,79
1048,0.11,178,0.19999999999999996,0.7090964306410996,0,99,2991,21,3223,str('H'),3,str('tstat'),0.468,57
1049,0.1,148,0.13333333333333333,0.75226558233568,0,70,1130,6,2094,str('KL'),1,str('stdev'),0.848,20
1050,0.1,159,0.13333333333333333,0.7355034828148477,0,81,326,24,953,str('KL'),3,str('tstat'),0.307,89
1051,0.15,125,0.46666666666666656,0.7917223507965792,0,47,3445,3,4982,str('H'),2,str('stdev'),0.875,26
1052,0.12,171,0.2666666666666666,0.7184841297738433,0,91,4262,17,1461,str('KL'),3,str('stdev'),0.637,10
1053,0.18,163,0.6666666666666665,0.7296925253097426,0,74,2400,9,2599,str('H'),1,str('tstat'),0.055,73
1054,0.1,220,0.13333333333333333,0.659493919794817,0,142,2220,18,572,str('KL'),2,str('stdev'),0.237,5
1055,0.1,168,0.13333333333333333,0.7226249724749032,0,90,4089,8,4113,str('H'),3,str('tstat'),0.572,68
1056,0.1,155,0.13333333333333333,0.7414615686909642,0,77,3448,24,3283,str('KL'),3,str('stdev'),0.759,45
1057,0.15,193,0.46666666666666656,0.6901587251552692,0,103,322,3,2029,str('H'),1,str('tstat'),0.425,83
1058,0.1,138,0.13333333333333333,0.7686146423927286,0,60,1114,20,1176,str('H'),3,str('stdev'),0.98,2
1059,0.1,150,0.13333333333333333,0.7491277782255682,0,72,3008,6,4764,str('KL'),2,str('tstat'),0.336,64
1060,0.17,210,0.6,0.6703908581482496,0,100,4756,13,1370,str('H'),2,str('tstat'),0.089,98
1061,0.17,153,0.6,0.744498150458009,0,67,1630,13,2694,str('KL'),1,str('stdev'),0.72,36
1062,0.1,171,0.13333333333333333,0.7184841297738433,0,93,1535,25,1612,str('KL'),3,str('stdev'),0.908,79
1063,0.14,174,0.4,0.7144148902578356,0,90,4657,1,3073,str('H'),1,str('tstat'),0.275,42
1064,0.1,138,0.13333333333333333,0.7686146423927286,0,60,2580,19,793,str('KL'),1,str('tstat'),0.021,21
1065,0.1,164,0.13333333333333333,0.7282619323219758,0,86,721,8,4517,str('H'),1,str('stdev'),0.672,58
1066,0.1,149,0.13333333333333333,0.7506914505683682,0,71,266,15,3686,str('H'),3,str('tstat'),0.236,26
1067,0.1,165,0.13333333333333333,0.7268399834533585,0,87,3388,11,2256,str('KL'),1,str('stdev'),0.572,89
1068,0.11,185,0.19999999999999996,0.7000688977200731,0,106,3889,22,3882,str('H'),2,str('stdev'),0.82,74
1069,0.14,174,0.4,0.7144148902578356,0,90,2030,4,185,str('KL'),2,str('tstat'),0.497,11
1070,0.11,169,0.19999999999999996,0.7212365801187866,0,90,2017,22,1845,str('H'),3,str('tstat'),0.364,16
1071,0.15,156,0.46666666666666656,0.7399578458636504,0,73,3903,4,2845,str('KL'),1,str('stdev'),0.951,54
1072,0.1,163,0.13333333333333333,0.7296925253097426,0,85,3245,16,4595,str('H'),2,str('tstat'),0.639,34
1073,0.14,419,0.4,0.5083892373953658,0,131,136,10,722,str('KL'),2,str('stdev'),0.052,97
1074,0.1,190,0.13333333333333333,0.6938263082971938,0,112,930,19,2481,str('KL'),2,str('tstat'),0.604,16
1075,0.1,138,0.13333333333333333,0.7686146423927286,0,60,2801,6,3453,str('H'),3,str('stdev'),0.205,53
1076,0.22,888,0.9333333333333332,0.33192743012763726,0,76,4475,26,99,str('KL'),1,str('stdev'),0.465,88
1077,0.17,86,0.6,0.8788830891316224,0,25,1366,0,3961,str('H'),2,str('tstat'),0.85,50
1078,0.11,429,0.19999999999999996,0.5028517625727164,0,169,1719,14,346,str('H'),2,str('tstat'),0.536,94
1079,0.12,182,0.2666666666666666,0.7038955157197266,0,102,4863,12,4344,str('KL'),3,str('stdev'),0.156,32
1080,0.11,218,0.19999999999999996,0.6616333147269143,0,135,2862,21,2103,str('H'),1,str('stdev'),0.393,10
1081,0.1,198,0.13333333333333333,0.6841703149673048,0,120,986,5,3212,str('KL'),2,str('tstat'),0.79,72
1082,0.1,146,0.13333333333333333,0.7554457904860468,0,68,529,24,4993,str('KL'),2,str('stdev'),0.367,41
1083,0.1,286,0.13333333333333333,0.5979971224447354,0,198,3672,2,945,str('H'),1,str('tstat'),0.949,78
1084,0.1,225,0.13333333333333333,0.6542290062071052,0,147,4093,18,2610,str('KL'),1,str('tstat'),0.688,63
1085,0.1,166,0.13333333333333333,0.7254265748696861,0,88,2217,8,1453,str('H'),3,str('stdev'),0.12,25
1086,0.12,178,0.2666666666666666,0.7090964306410996,0,98,2384,17,4104,str('KL'),1,str('tstat'),0.188,55
1087,0.19,174,0.7333333333333333,0.7144148902578356,0,75,4278,9,583,str('H'),2,str('stdev'),0.504,17
1088,0.12,158,0.2666666666666666,0.7369789222671177,0,78,4228,17,3957,str('H'),1,str('stdev'),0.308,67
1089,0.11,388,0.19999999999999996,0.5264333913512859,0,167,4893,14,181,str('KL'),2,str('stdev'),0.907,82
1090,0.12,204,0.2666666666666666,0.6771797468631767,0,123,1087,14,3752,str('KL'),1,str('tstat'),0.204,4
1091,0.18,166,0.6666666666666665,0.7254265748696861,0,76,2956,13,310,str('H'),3,str('stdev'),0.614,66
1092,0.1,178,0.13333333333333333,0.7090964306410996,0,100,4944,20,3635,str('KL'),2,str('stdev'),0.868,94
1093,0.1,139,0.13333333333333333,0.7669276687044017,0,61,1833,6,2302,str('H'),2,str('tstat'),0.44,32
1094,0.1,168,0.13333333333333333,0.7226249724749032,0,90,1255,18,3413,str('H'),2,str('tstat'),0.128,76
1095,0.1,166,0.13333333333333333,0.7254265748696861,0,88,4391,7,1904,str('KL'),3,str('stdev'),0.557,38
1096,0.22,81,0.9333333333333332,0.8928121140643037,0,2,2709,26,4155,str('H'),1,str('stdev'),0.803,23
1097,0.14,151,0.4,0.7475744272275548,0,69,826,1,537,str('KL'),3,str('tstat'),0.387,60
1098,0.11,151,0.19999999999999996,0.7475744272275548,0,72,64,22,1261,str('KL'),2,str('stdev'),0.955,29
1099,0.1,172,0.13333333333333333,0.717119883508187,0,94,3200,5,2799,str('H'),1,str('tstat'),0.354,92
1100,0.1,141,0.13333333333333333,0.7635895727106295,0,63,3940,15,1144,str('KL'),1,str('tstat'),0.099,70
1101,0.1,137,0.13333333333333333,0.7703137965019462,0,59,2057,11,4791,str('H'),2,str('stdev'),0.718,7
1102,0.13,219,0.3333333333333333,0.6605611861218892,0,117,2122,23,2837,str('H'),1,str('stdev'),0.307,69
1103,0.16,168,0.5333333333333332,0.7226249724749032,0,81,3993,3,1855,str('KL'),3,str('tstat'),0.877,6
1104,0.1,171,0.13333333333333333,0.7184841297738433,0,93,768,5,2559,str('KL'),2,str('stdev'),0.049,36
1105,0.1,159,0.13333333333333333,0.7355034828148477,0,81,278,24,4240,str('KL'),3,str('tstat'),0.609,55
1106,0.16,148,0.5333333333333332,0.75226558233568,0,62,3414,1,445,str('H'),1,str('stdev'),0.208,18
1107,0.1,175,0.13333333333333333,0.7130739645684552,0,97,3842,18,3184,str('KL'),1,str('stdev'),0.462,46
1108,0.18,208,0.6666666666666665,0.6726321305345966,0,98,1959,9,2126,str('H'),2,str('tstat'),0.845,83
1109,0.11,170,0.19999999999999996,0.7198563308731665,0,91,1981,22,4340,str('KL'),1,str('tstat'),0.689,61
1110,0.16,179,0.5333333333333332,0.7077853864604593,0,92,3860,4,350,str('H'),1,str('stdev'),0.119,24
1111,0.1,182,0.13333333333333333,0.7038955157197266,0,104,3436,15,3206,str('KL'),3,str('stdev'),0.364,39
1112,0.1,141,0.13333333333333333,0.7635895727106295,0,63,295,11,2109,str('H'),2,str('tstat'),0.952,76
1113,0.1,171,0.13333333333333333,0.7184841297738433,0,93,751,18,940,str('H'),2,str('stdev'),0.392,8
1114,0.1,180,0.13333333333333333,0.7064816057197421,0,102,2630,8,4997,str('KL'),3,str('tstat'),0.791,71
1115,0.21,86,0.8666666666666666,0.8788830891316224,0,9,4628,26,1447,str('H'),3,str('tstat'),0.539,92
1116,0.15,142,0.46666666666666656,0.7619381145524806,0,59,1487,1,2615,str('KL'),1,str('stdev'),0.154,30
1117,0.12,217,0.2666666666666666,0.6627103501161009,0,131,1602,14,1850,str('KL'),2,str('stdev'),0.468,86
1118,0.15,176,0.46666666666666656,0.7117406362325246,0,90,4709,13,2842,str('H'),1,str('tstat'),0.847,48
1119,0.1,218,0.13333333333333333,0.6616333147269143,0,140,3478,2,2487,str('KL'),1,str('stdev'),0.055,95
1120,0.1,173,0.13333333333333333,0.7157635003770612,0,95,974,8,3786,str('H'),3,str('tstat'),0.43,48
1121,0.1,143,0.13333333333333333,0.7602981649070252,0,65,482,15,3011,str('H'),2,str('stdev'),0.977,66
1122,0.1,136,0.13333333333333333,0.7720253082041393,0,58,3601,11,1679,str('KL'),1,str('tstat'),0.331,4
1123,0.11,157,0.19999999999999996,0.7384636705472114,0,78,4105,21,4379,str('H'),1,str('tstat'),0.094,32
1124,0.12,148,0.2666666666666666,0.75226558233568,0,68,2243,4,936,str('KL'),3,str('stdev'),0.723,95
1125,0.11,174,0.19999999999999996,0.7144148902578356,0,95,2377,23,3587,str('H'),3,str('tstat'),0.533,28
1126,0.15,210,0.46666666666666656,0.6703908581482496,0,111,4245,4,2353,str('KL'),2,str('stdev'),0.152,90
1127,0.11,179,0.19999999999999996,0.7077853864604593,0,100,3499,16,4018,str('H'),3,str('stdev'),0.398,74
1128,0.14,163,0.4,0.7296925253097426,0,81,388,10,47,str('KL'),1,str('tstat'),0.793,12
1129,0.1,171,0.13333333333333333,0.7184841297738433,0,93,1147,19,1750,str('KL'),1,str('stdev'),0.362,81
1130,0.1,140,0.13333333333333333,0.7652527020479793,0,62,3016,7,2937,str('H'),2,str('tstat'),0.946,43
1131,0.22,117,0.9333333333333332,0.8071594787869991,0,38,4691,26,696,str('KL'),3,str('tstat'),0.691,21
1132,0.18,68,0.6666666666666665,0.9334333852565074,0,9,1580,0,4616,str('H'),1,str('stdev'),0.125,59
1133,0.1,148,0.13333333333333333,0.75226558233568,0,70,1509,15,1079,str('H'),3,str('stdev'),0.31,2
1134,0.12,184,0.2666666666666666,0.7013375359501945,0,104,4645,12,4863,str('KL'),1,str('tstat'),0.882,65
1135,0.11,248,0.19999999999999996,0.6314211408988839,0,155,2651,21,1508,str('H'),2,str('tstat'),0.635,99
1136,0.12,164,0.2666666666666666,0.7282619323219758,0,84,819,12,2477,str('H'),2,str('tstat'),0.768,34
1137,0.1,188,0.13333333333333333,0.6963035082421045,0,110,12,18,727,str('H'),2,str('stdev'),0.325,53
1138,0.1,221,0.13333333333333333,0.6584314718422857,0,143,3133,8,4590,str('KL'),3,str('tstat'),0.991,16
1139,0.1,249,0.13333333333333333,0.6304779259217159,0,167,3947,24,1860,str('H'),1,str('tstat'),0.744,50
1140,0.1,157,0.13333333333333333,0.7384636705472114,0,79,2088,2,2832,str('KL'),3,str('stdev'),0.065,87
1141,0.12,161,0.2666666666666666,0.7325800685526371,0,81,2172,17,4777,str('KL'),2,str('stdev'),0.912,39
1142,0.19,162,0.7333333333333333,0.7311318681561029,0,69,4058,9,1158,str('H'),3,str('tstat'),0.278,76
1143,0.1,160,0.13333333333333333,0.7340372361914138,0,82,3237,24,2784,str('KL'),2,str('tstat'),0.018,60
1144,0.15,175,0.46666666666666656,0.7130739645684552,0,89,103,3,1276,str('H'),2,str('stdev'),0.667,23
1145,0.1,146,0.13333333333333333,0.7554457904860468,0,68,864,20,522,str('H'),1,str('tstat'),0.239,92
1146,0.1,143,0.13333333333333333,0.7602981649070252,0,65,2750,6,4170,str('KL'),3,str('stdev'),0.577,29
1147,0.18,181,0.6666666666666665,0.7051850083804319,0,86,4507,13,1889,str('H'),2,str('stdev'),0.815,7
1148,0.12,213,0.2666666666666666,0.6670684713645746,0,129,1374,12,3428,str('KL'),2,str('tstat'),0.494,70
1149,0.11,166,0.19999999999999996,0.7254265748696861,0,87,1791,25,2268,str('KL'),2,str('tstat'),0.183,13
1150,0.15,59,0.46666666666666656,0.9663238177694953,0,4,4910,0,3670,str('H'),3,str('stdev'),0.501,51
1151,0.1,158,0.13333333333333333,0.7369789222671177,0,80,2836,19,276,str('KL'),1,str('stdev'),0.762,86
1152,0.13,133,0.3333333333333333,0.7772358196928197,0,53,1241,1,1210,str('KL'),3,str('stdev'),0.645,45
1153,0.1,164,0.13333333333333333,0.7282619323219758,0,86,430,22,1995,str('KL'),3,str('tstat'),0.199,64
1154,0.17,319,0.6,0.5723838940602864,0,116,3574,4,3317,str('H'),1,str('stdev'),0.611,2
1155,0.1,140,0.13333333333333333,0.7652527020479793,0,62,4308,15,549,str('KL'),3,str('stdev'),0.871,36
1156,0.1,177,0.13333333333333333,0.7104148196453782,0,99,2431,11,4139,str('H'),2,str('tstat'),0.445,98
1157,0.11,191,0.19999999999999996,0.6925974187069388,0,112,2325,16,1477,str('KL'),1,str('stdev'),0.253,31
1158,0.14,157,0.4,0.7384636705472114,0,75,4219,10,2585,str('H'),3,str('tstat'),0.93,94
1159,0.13,213,0.3333333333333333,0.6670684713645746,0,113,3702,23,969,str('KL'),2,str('tstat'),0.676,72
1160,0.15,156,0.46666666666666656,0.7399578458636504,0,73,576,3,4968,str('H'),3,str('stdev'),0.017,10
1161,0.22,117,0.9333333333333332,0.8071594787869991,0,38,1017,26,3236,str('H'),1,str('tstat'),0.579,78
1162,0.18,64,0.6666666666666665,0.9474872215534342,0,5,2911,0,2079,str('KL'),3,str('stdev'),0.229,40
1163,0.1,139,0.13333333333333333,0.7669276687044017,0,61,4972,20,4368,str('H'),3,str('stdev'),0.477,25
1164,0.1,167,0.13333333333333333,0.7240216045964928,0,89,1846,7,321,str('KL'),2,str('tstat'),0.84,63
1165,0.11,173,0.19999999999999996,0.7157635003770612,0,94,1321,21,3966,str('KL'),2,str('tstat'),0.531,6
1166,0.1,271,0.13333333333333333,0.6106297698107913,0,187,4443,5,94,str('H'),1,str('stdev'),0.161,69
1167,0.1,202,0.13333333333333333,0.6794869400665288,0,124,2678,14,3458,str('KL'),1,str('stdev'),0.416,97
1168,0.1,156,0.13333333333333333,0.7399578458636504,0,78,660,8,630,str('H'),3,str('stdev'),0.517,30
1169,0.1,195,0.13333333333333333,0.6877450442859603,0,117,171,14,2419,str('H'),1,str('tstat'),0.079,61
1170,0.1,150,0.13333333333333333,0.7491277782255682,0,72,3287,11,3516,str('KL'),2,str('stdev'),0.738,24
1171,0.11,211,0.19999999999999996,0.6692781760670312,0,130,3793,21,35,str('H'),2,str('stdev'),0.992,40
1172,0.1,161,0.13333333333333333,0.7325800685526371,0,83,1929,5,4025,str('KL'),1,str('tstat'),0.315,77
1173,0.13,223,0.3333333333333333,0.6563208583964064,0,120,1906,23,170,str('H'),1,str('tstat'),0.131,42
1174,0.1,173,0.13333333333333333,0.7157635003770612,0,95,3778,2,3897,str('KL'),2,str('stdev'),0.562,80
1175,0.12,203,0.2666666666666666,0.6783305160108779,0,122,3342,17,2241,str('H'),3,str('stdev'),0.798,58
1176,0.16,172,0.5333333333333332,0.717119883508187,0,85,233,9,3701,str('KL'),1,str('tstat'),0.384,21
1177,0.1,160,0.13333333333333333,0.7340372361914138,0,82,676,13,4503,str('KL'),1,str('stdev'),0.96,90
1178,0.17,174,0.6,0.7144148902578356,0,82,2548,13,807,str('H'),2,str('tstat'),0.357,27
1179,0.1,145,0.13333333333333333,0.7570521572813891,0,67,4534,20,3058,str('KL'),2,str('tstat'),0.096,11
1180,0.1,135,0.13333333333333333,0.7737493585653525,0,57,1425,6,1627,str('H'),1,str('stdev'),0.713,74
1181,0.1,159,0.13333333333333333,0.7355034828148477,0,81,1662,18,2660,str('H'),3,str('stdev'),0.899,17
1182,0.1,160,0.13333333333333333,0.7340372361914138,0,82,4805,7,1405,str('KL'),1,str('tstat'),0.284,55
1183,0.1,159,0.13333333333333333,0.7355034828148477,0,81,3117,25,4730,str('H'),1,str('tstat'),0.047,83
1184,0.1,197,0.13333333333333333,0.6853558682140669,0,119,1082,5,1936,str('KL'),1,str('tstat'),0.897,41
1185,0.11,165,0.19999999999999996,0.7268399834533585,0,86,589,25,1112,str('KL'),3,str('stdev'),0.447,73
1186,0.15,151,0.46666666666666656,0.7475744272275548,0,68,3728,1,4828,str('H'),1,str('tstat'),0.861,11
1187,0.1,165,0.13333333333333333,0.7268399834533585,0,87,4154,18,1307,str('KL'),3,str('tstat'),0.624,26
1188,0.1,140,0.13333333333333333,0.7652527020479793,0,62,2273,7,2757,str('H'),2,str('stdev'),0.193,88
1189,0.1,151,0.13333333333333333,0.7475744272275548,0,73,2484,19,418,str('KL'),1,str('tstat'),0.003,34
1190,0.1,142,0.13333333333333333,0.7619381145524806,0,64,4372,7,4272,str('H'),1,str('stdev'),0.682,96
1191,0.22,112,0.9333333333333332,0.8173485949616665,0,33,3548,26,2177,str('KL'),2,str('stdev'),0.928,68
1192,0.16,60,0.5333333333333332,0.9624339470287625,0,4,417,0,3138,str('H'),3,str('tstat'),0.262,6
1193,0.1,190,0.13333333333333333,0.6938263082971938,0,112,1176,22,4909,str('H'),3,str('stdev'),0.83,87
1194,0.15,151,0.46666666666666656,0.7475744272275548,0,68,3064,3,1028,str('KL'),3,str('tstat'),0.478,49
1195,0.11,157,0.19999999999999996,0.7384636705472114,0,78,4818,16,2527,str('H'),2,str('tstat'),0.223,15
1196,0.14,150,0.4,0.7491277782255682,0,68,1687,10,1535,str('KL'),3,str('stdev'),0.593,53
1197,0.1,153,0.13333333333333333,0.744498150458009,0,75,1480,25,2930,str('KL'),1,str('stdev'),0.777,8
1198,0.1,172,0.13333333333333333,0.717119883508187,0,94,4596,2,1762,str('H'),2,str('tstat'),0.414,71
1199,0.12,165,0.2666666666666666,0.7268399834533585,0,85,2524,17,4687,str('KL'),2,str('tstat'),0.167,93
1200,0.1,181,0.13333333333333333,0.7051850083804319,0,103,926,2,4298,str('KL'),2,str('tstat'),0.3,28
1201,0.11,148,0.19999999999999996,0.75226558233568,0,69,119,21,2656,str('KL'),1,str('stdev'),0.855,59
1202,0.1,161,0.13333333333333333,0.7325800685526371,0,83,3260,5,1411,str('H'),3,str('tstat'),0.46,22
1203,0.1,189,0.13333333333333333,0.6950616487809889,0,111,3996,14,4961,str('KL'),3,str('tstat'),0.214,44
1204,0.13,227,0.3333333333333333,0.6521555846730801,0,121,2117,12,981,str('H'),1,str('stdev'),0.595,81
1205,0.1,148,0.13333333333333333,0.75226558233568,0,70,2065,20,1686,str('H'),2,str('stdev'),0.382,45
1206,0.1,139,0.13333333333333333,0.7669276687044017,0,61,3931,6,2999,str('KL'),1,str('tstat'),0.808,82
1207,0.11,193,0.19999999999999996,0.6901587251552692,0,114,3188,14,865,str('H'),1,str('tstat'),0.548,54
1208,0.15,162,0.46666666666666656,0.7311318681561029,0,79,74,13,4445,str('KL'),2,str('stdev'),0.136,17
1209,0.12,197,0.2666666666666666,0.6853558682140669,0,117,835,17,3603,str('KL'),2,str('tstat'),0.707,98
1210,0.2,169,0.7999999999999999,0.7212365801187866,0,70,2702,9,2339,str('H'),1,str('stdev'),0.109,35
1211,0.12,179,0.2666666666666666,0.7077853864604593,0,99,4380,23,3798,str('KL'),3,str('stdev'),0.347,1
1212,0.1,181,0.13333333333333333,0.7051850083804319,0,103,1266,2,269,str('H'),2,str('tstat'),0.962,64
1213,0.1,173,0.13333333333333333,0.7157635003770612,0,95,1820,15,4196,str('H'),3,str('tstat'),0.65,20
1214,0.14,145,0.4,0.7570521572813891,0,63,4959,10,491,str('KL'),3,str('stdev'),0.033,57
1215,0.11,195,0.19999999999999996,0.6877450442859603,0,116,2963,22,3376,str('H'),3,str('stdev'),0.294,79
1216,0.1,135,0.13333333333333333,0.7737493585653525,0,57,1133,11,3109,str('H'),1,str('stdev'),0.177,39
1217,0.1,188,0.13333333333333333,0.6963035082421045,0,110,323,19,3846,str('H'),1,str('tstat'),0.729,70
1218,0.1,151,0.13333333333333333,0.7475744272275548,0,73,3447,8,217,str('KL'),2,str('stdev'),0.081,8
1219,0.11,178,0.19999999999999996,0.7090964306410996,0,99,4259,25,3727,str('H'),2,str('stdev'),0.34,30
1220,0.15,145,0.46666666666666656,0.7570521572813891,0,62,2402,1,2210,str('KL'),3,str('tstat'),0.975,92
1221,0.21,86,0.8666666666666666,0.8788830891316224,0,9,2218,26,4558,str('H'),2,str('stdev'),0.783,38
1222,0.18,329,0.6666666666666665,0.5651423435674146,0,114,4092,0,754,str('KL'),1,str('tstat'),0.4,100
1223,0.1,145,0.13333333333333333,0.7570521572813891,0,67,3653,19,2878,str('H'),3,str('tstat'),0.146,65
1224,0.1,136,0.13333333333333333,0.7720253082041393,0,58,546,6,1809,str('KL'),2,str('stdev'),0.547,3
1225,0.11,175,0.19999999999999996,0.7130739645684552,0,96,988,16,145,str('KL'),3,str('tstat'),0.112,85
1226,0.13,141,0.3333333333333333,0.7635895727106295,0,60,2862,10,3920,str('H'),1,str('stdev'),0.697,47
1227,0.12,156,0.2666666666666666,0.7399578458636504,0,76,4845,23,2450,str('KL'),1,str('stdev'),0.944,19
1228,0.15,140,0.46666666666666656,0.7652527020479793,0,57,1738,3,3490,str('H'),2,str('tstat'),0.372,56
1229,0.1,153,0.13333333333333333,0.744498150458009,0,75,1351,18,2066,str('H'),3,str('tstat'),0.063,12
1230,0.1,180,0.13333333333333333,0.7064816057197421,0,102,4491,8,3244,str('KL'),1,str('stdev'),0.629,75
1231,0.1,151,0.13333333333333333,0.7475744272275548,0,73,2805,24,387,str('H'),3,str('stdev'),0.884,91
1232,0.1,160,0.13333333333333333,0.7340372361914138,0,82,825,25,4171,str('H'),1,str('stdev'),0.247,52
1233,0.17,205,0.6,0.6760345775874974,0,99,1019,13,1319,str('H'),1,str('stdev'),0.255,40
1234,0.11,176,0.19999999999999996,0.7117406362325246,0,97,3705,16,3753,str('KL'),2,str('tstat'),0.741,68
1235,0.16,893,0.5333333333333332,0.3306075622720831,0,123,4614,3,72,str('H'),2,str('tstat'),0.812,79
1236,0.1,133,0.13333333333333333,0.7772358196928197,0,54,1987,20,2516,str('KL'),1,str('stdev'),0.175,1
1237,0.15,150,0.46666666666666656,0.7491277782255682,0,67,1816,1,4494,str('KL'),3,str('tstat'),0.949,62
1238,0.1,197,0.13333333333333333,0.6853558682140669,0,119,4169,24,1982,str('H'),2,str('stdev'),0.062,33
1239,0.1,172,0.13333333333333333,0.717119883508187,0,94,2597,8,3258,str('KL'),2,str('stdev'),0.385,22
1240,0.1,412,0.13333333333333333,0.5123444871674308,0,236,264,18,736,str('H'),1,str('tstat'),0.62,100
1241,0.1,328,0.13333333333333333,0.5658565529828857,0,221,706,24,1334,str('H'),1,str('stdev'),0.492,96
1242,0.16,151,0.5333333333333332,0.7475744272275548,0,66,2596,3,2726,str('KL'),1,str('tstat'),0.824,33
1243,0.13,182,0.3333333333333333,0.7038955157197266,0,98,4661,17,1217,str('H'),2,str('tstat'),0.563,5
1244,0.17,164,0.6,0.7282619323219758,0,76,1532,9,4717,str('KL'),3,str('stdev'),0.245,68
1245,0.11,180,0.19999999999999996,0.7064816057197421,0,101,1632,22,839,str('KL'),1,str('stdev'),0.431,23
1246,0.15,166,0.46666666666666656,0.7254265748696861,0,82,4756,4,4476,str('H'),3,str('tstat'),0.752,61
1247,0.1,151,0.13333333333333333,0.7475744272275548,0,73,2990,15,1580,str('KL'),2,str('tstat'),0.515,77
1248,0.1,152,0.13333333333333333,0.7460312622109644,0,74,1212,15,3403,str('KL'),2,str('tstat'),0.427,73
1249,0.1,158,0.13333333333333333,0.7369789222671177,0,80,627,2,1109,str('KL'),2,str('tstat'),0.076,36
1250,0.21,87,0.8666666666666666,0.8761935533230162,0,10,3312,26,3665,str('H'),3,str('stdev'),0.935,57
1251,0.1,153,0.13333333333333333,0.744498150458009,0,75,4845,7,2346,str('KL'),2,str('stdev'),0.509,95
1252,0.11,178,0.19999999999999996,0.7090964306410996,0,99,2219,16,4912,str('H'),3,str('tstat'),0.496,24
1253,0.1,136,0.13333333333333333,0.7720253082041393,0,58,1422,11,3080,str('H'),2,str('stdev'),0.63,66
1254,0.1,138,0.13333333333333333,0.7686146423927286,0,60,3776,15,602,str('KL'),3,str('tstat'),0.367,44
1255,0.1,163,0.13333333333333333,0.7296925253097426,0,85,2829,5,4326,str('H'),2,str('tstat'),0.188,5
1256,0.11,212,0.19999999999999996,0.6681707301561548,0,131,495,22,1839,str('KL'),1,str('stdev'),0.798,77
1257,0.1,144,0.13333333333333333,0.75866956448497,0,66,379,6,3504,str('H'),3,str('tstat'),0.877,12
1258,0.13,232,0.3333333333333333,0.6470505727380176,0,122,3028,23,943,str('KL'),2,str('stdev'),0.111,84
1259,0.13,145,0.3333333333333333,0.7570521572813891,0,64,3975,10,4757,str('H'),1,str('stdev'),0.445,71
1260,0.11,172,0.19999999999999996,0.717119883508187,0,93,1307,14,2206,str('KL'),2,str('tstat'),0.552,49
1261,0.1,134,0.13333333333333333,0.7754861326605458,0,56,2417,7,434,str('KL'),3,str('stdev'),0.324,88
1262,0.1,175,0.13333333333333333,0.7130739645684552,0,97,4730,18,2917,str('H'),1,str('tstat'),0.68,17
1263,0.1,202,0.13333333333333333,0.6794869400665288,0,124,3197,2,1698,str('KL'),3,str('tstat'),0.763,30
1264,0.1,169,0.13333333333333333,0.7212365801187866,0,91,782,18,1917,str('KL'),2,str('tstat'),0.581,54
1265,0.15,161,0.46666666666666656,0.7325800685526371,0,78,1132,3,4783,str('KL'),2,str('tstat'),0.915,42
1266,0.11,167,0.19999999999999996,0.7240216045964928,0,88,3447,21,2339,str('H'),3,str('stdev'),0.087,64
1267,0.16,187,0.5333333333333332,0.6975519558478929,0,99,4414,13,3517,str('KL'),2,str('stdev'),0.483,77
1268,0.11,201,0.19999999999999996,0.6806490748814107,0,122,2040,16,1083,str('H'),1,str('tstat'),0.528,5
1269,0.17,183,0.6,0.7026130503018598,0,90,1587,9,1597,str('H'),2,str('stdev'),0.348,59
1270,0.1,151,0.13333333333333333,0.7475744272275548,0,73,4232,19,4119,str('KL'),3,str('tstat'),0.642,37
1271,0.15,132,0.46666666666666656,0.7789986131171088,0,49,2680,1,340,str('H'),3,str('tstat'),0.787,24
1272,0.1,163,0.13333333333333333,0.7296925253097426,0,85,14,24,2852,str('KL'),3,str('stdev'),0.208,96
1273,0.19,189,0.7333333333333333,0.6950616487809889,0,85,145,9,3924,str('KL'),2,str('stdev'),0.698,15
1274,0.1,142,0.13333333333333333,0.7619381145524806,0,64,2789,19,1475,str('H'),3,str('tstat'),0.306,93
1275,0.17,68,0.6,0.9334333852565074,0,11,4361,0,2661,str('KL'),1,str('tstat'),0.14,56
1276,0.1,155,0.13333333333333333,0.7414615686909642,0,77,1697,24,222,str('H'),2,str('stdev'),0.871,28
1277,0.15,185,0.46666666666666656,0.7000688977200731,0,99,2179,4,2140,str('H'),2,str('tstat'),0.004,86
1278,0.11,174,0.19999999999999996,0.7144148902578356,0,95,4495,21,4667,str('KL'),3,str('stdev'),0.984,8
1279,0.12,200,0.2666666666666666,0.6818169771383451,0,120,3586,12,886,str('H'),1,str('stdev'),0.57,45
1280,0.11,194,0.19999999999999996,0.6889487902443983,0,115,1012,21,501,str('H'),2,str('stdev'),0.776,71
1281,0.1,135,0.13333333333333333,0.7737493585653525,0,57,896,7,2801,str('H'),1,str('stdev'),0.722,33
1282,0.12,232,0.2666666666666666,0.6470505727380176,0,135,3210,17,235,str('KL'),2,str('tstat'),0.268,61
1283,0.1,181,0.13333333333333333,0.7051850083804319,0,103,4801,2,4057,str('H'),2,str('tstat'),0.164,98
1284,0.2,91,0.7999999999999999,0.865732639056421,0,15,2429,26,1501,str('KL'),1,str('stdev'),0.832,20
1285,0.1,222,0.13333333333333333,0.6573737989528441,0,144,1349,5,821,str('KL'),1,str('tstat'),0.042,68
1286,0.11,160,0.19999999999999996,0.7340372361914138,0,81,3996,22,3309,str('H'),2,str('stdev'),0.96,40
1287,0.1,131,0.13333333333333333,0.7807747107685417,0,51,3068,11,2088,str('KL'),3,str('stdev'),0.608,3
1288,0.12,190,0.2666666666666666,0.6938263082971938,0,110,402,14,4566,str('H'),1,str('tstat'),0.404,81
1289,0.14,144,0.4,0.75866956448497,0,62,599,10,98,str('KL'),2,str('stdev'),0.295,9
1290,0.17,195,0.6,0.6877450442859603,0,94,2954,13,2649,str('H'),3,str('tstat'),0.718,87
1291,0.1,136,0.13333333333333333,0.7720253082041393,0,58,3882,6,1332,str('KL'),1,str('tstat'),0.852,75
1292,0.12,184,0.2666666666666666,0.7013375359501945,0,104,1547,23,3893,str('H'),3,str('stdev'),0.152,47
1293,0.14,167,0.4,0.7240216045964928,0,84,2314,1,3156,str('H'),2,str('tstat'),0.972,92
1294,0.11,167,0.19999999999999996,0.7240216045964928,0,88,4998,25,683,str('KL'),3,str('stdev'),0.023,14
1295,0.1,178,0.13333333333333333,0.7090964306410996,0,100,3407,8,4400,str('H'),1,str('stdev'),0.407,26
1296,0.18,164,0.6666666666666665,0.7282619323219758,0,75,938,13,18,str('KL'),3,str('stdev'),0.976,58
1297,0.17,68,0.6,0.9334333852565074,0,11,976,0,2932,str('KL'),1,str('stdev'),0.517,46
1298,0.1,194,0.13333333333333333,0.6889487902443983,0,116,3603,24,420,str('H'),2,str('tstat'),0.472,74
1299,0.14,144,0.4,0.75866956448497,0,62,4570,9,4196,str('KL'),1,str('tstat'),0.083,88
1300,0.1,146,0.13333333333333333,0.7554457904860468,0,68,1884,19,1674,str('H'),3,str('stdev'),0.911,9
1301,0.1,164,0.13333333333333333,0.7282619323219758,0,86,1743,12,1006,str('H'),3,str('tstat'),0.212,55
1302,0.11,162,0.19999999999999996,0.7311318681561029,0,83,4076,16,3440,str('KL'),2,str('stdev'),0.791,27
1303,0.13,164,0.3333333333333333,0.7282619323219758,0,83,2523,4,2259,str('H'),1,str('stdev'),0.654,13
1304,0.1,143,0.13333333333333333,0.7602981649070252,0,65,170,20,4703,str('KL'),3,str('tstat'),0.36,92
1305,0.15,56,0.46666666666666656,0.9783947621822024,1,1,208,0,2486,str('H'),3,str('tstat'),0.099,19
1306,0.12,175,0.2666666666666666,0.7130739645684552,0,95,2559,23,4925,str('KL'),2,str('stdev'),0.896,91
1307,0.19,174,0.7333333333333333,0.7144148902578356,0,75,4112,9,1243,str('H'),3,str('stdev'),0.532,52
1308,0.1,175,0.13333333333333333,0.7130739645684552,0,97,1780,19,3691,str('KL'),1,str('tstat'),0.456,30
1309,0.1,133,0.13333333333333333,0.7772358196928197,0,54,1920,11,4262,str('KL'),3,str('stdev'),0.669,82
1310,0.1,137,0.13333333333333333,0.7703137965019462,0,59,4607,15,1745,str('H'),2,str('tstat'),0.344,10
1311,0.12,194,0.2666666666666666,0.6889487902443983,0,114,3640,4,3027,str('KL'),1,str('tstat'),0.228,49
1312,0.12,212,0.2666666666666666,0.6681707301561548,0,128,1168,23,2410,str('H'),1,str('tstat'),0.658,69
1313,0.1,138,0.13333333333333333,0.7686146423927286,0,60,739,11,4642,str('H'),2,str('tstat'),0.836,31
1314,0.11,165,0.19999999999999996,0.7268399834533585,0,86,3366,14,2164,str('KL'),1,str('stdev'),0.167,53
1315,0.1,198,0.13333333333333333,0.6841703149673048,0,120,4957,5,3388,str('H'),3,str('stdev'),0.28,90
1316,0.1,169,0.13333333333333333,0.7212365801187866,0,91,2272,22,900,str('KL'),2,str('tstat'),0.734,18
1317,0.1,152,0.13333333333333333,0.7460312622109644,0,74,1505,2,1422,str('KL'),3,str('stdev'),0.392,70
1318,0.22,88,0.9333333333333332,0.8735344083999395,0,9,3840,26,3978,str('H'),1,str('tstat'),0.597,48
1319,0.1,139,0.13333333333333333,0.7669276687044017,0,61,2912,7,159,str('KL'),1,str('tstat'),0.956,11
1320,0.12,219,0.2666666666666666,0.6605611861218892,0,132,558,17,2725,str('H'),2,str('stdev'),0.038,83
1321,0.1,186,0.13333333333333333,0.6988070618723943,0,108,443,8,1998,str('KL'),1,str('tstat'),0.148,4
1322,0.1,175,0.13333333333333333,0.7130739645684552,0,97,3110,18,4480,str('H'),3,str('stdev'),0.848,76
1323,0.15,150,0.46666666666666656,0.7491277782255682,0,67,4038,1,761,str('KL'),2,str('stdev'),0.707,64
1324,0.1,155,0.13333333333333333,0.7414615686909642,0,77,1390,25,3234,str('H'),1,str('tstat'),0.284,43
1325,0.1,142,0.13333333333333333,0.7619381145524806,0,64,2471,6,3815,str('H'),1,str('stdev'),0.593,97
1326,0.12,178,0.2666666666666666,0.7090964306410996,0,98,4842,23,1254,str('KL'),2,str('tstat'),0.419,25
1327,0.13,145,0.3333333333333333,0.7570521572813891,0,64,3250,10,2569,str('H'),2,str('tstat'),0.027,36
1328,0.11,162,0.19999999999999996,0.7311318681561029,0,83,669,22,3580,str('H'),2,str('tstat'),0.32,62
1329,0.1,157,0.13333333333333333,0.7384636705472114,0,79,1176,8,659,str('H'),3,str('tstat'),0.186,50
1330,0.1,171,0.13333333333333333,0.7184841297738433,0,93,3549,18,3181,str('KL'),1,str('stdev'),0.824,72
1331,0.11,139,0.19999999999999996,0.7669276687044017,0,58,4458,1,1903,str('H'),1,str('stdev'),0.745,84
1332,0.11,160,0.19999999999999996,0.7340372361914138,0,81,2143,25,4415,str('KL'),2,str('tstat'),0.26,12
1333,0.15,135,0.46666666666666656,0.7737493585653525,0,52,1660,3,2595,str('KL'),3,str('stdev'),0.617,51
1334,0.1,140,0.13333333333333333,0.7652527020479793,0,62,4325,20,151,str('H'),1,str('tstat'),0.381,29
1335,0.17,158,0.6,0.7369789222671177,0,71,2753,13,3829,str('KL'),3,str('tstat'),0.05,17
1336,0.11,211,0.19999999999999996,0.6692781760670312,0,130,107,16,1395,str('H'),2,str('stdev'),0.937,89
1337,0.16,168,0.5333333333333332,0.7226249724749032,0,81,51,4,577,str('H'),1,str('stdev'),0.468,21
1338,0.11,169,0.19999999999999996,0.7212365801187866,0,90,2715,21,3104,str('KL'),3,str('tstat'),0.544,99
1339,0.12,165,0.2666666666666666,0.7268399834533585,0,85,4269,12,1823,str('H'),3,str('tstat'),0.9,60
1340,0.1,174,0.13333333333333333,0.7144148902578356,0,96,1624,15,4341,str('KL'),2,str('stdev'),0.103,32
1341,0.19,182,0.7333333333333333,0.7038955157197266,0,80,2076,9,3612,str('KL'),2,str('tstat'),0.772,81
1342,0.1,134,0.13333333333333333,0.7754861326605458,0,56,4451,20,1164,str('H'),1,str('stdev'),0.224,2
1343,0.17,82,0.6,0.8899595722079197,0,23,3484,0,4849,str('KL'),3,str('stdev'),0.332,40
1344,0.1,176,0.13333333333333333,0.7117406362325246,0,98,1055,19,4004,str('KL'),1,str('stdev'),0.015,65
1345,0.1,151,0.13333333333333333,0.7475744272275548,0,73,783,5,1759,str('KL'),3,str('stdev'),0.492,27
1346,0.11,173,0.19999999999999996,0.7157635003770612,0,94,3156,22,4247,str('H'),3,str('tstat'),0.506,55
1347,0.1,140,0.13333333333333333,0.7652527020479793,0,62,4689,11,524,str('KL'),1,str('tstat'),0.924,94
1348,0.12,171,0.2666666666666666,0.7184841297738433,0,91,2375,14,3002,str('H'),3,str('stdev'),0.064,16
1349,0.1,167,0.13333333333333333,0.7240216045964928,0,89,1266,6,4989,str('H'),1,str('tstat'),0.81,74
1350,0.12,192,0.2666666666666666,0.6913749129874984,0,112,3932,17,2423,str('KL'),2,str('stdev'),0.2,46
1351,0.15,142,0.46666666666666656,0.7619381145524806,0,59,2986,3,3746,str('H'),1,str('stdev'),0.371,7
1352,0.22,86,0.9333333333333332,0.8788830891316224,0,7,339,26,1189,str('KL'),3,str('tstat'),0.634,85
1353,0.1,201,0.13333333333333333,0.6806490748814107,0,123,536,2,4095,str('H'),2,str('stdev'),0.556,2
1354,0.21,124,0.8666666666666666,0.7935975146762768,0,45,2872,26,1622,str('KL'),1,str('tstat'),0.449,80
1355,0.1,133,0.13333333333333333,0.7772358196928197,0,54,3818,7,2838,str('H'),3,str('tstat'),0.122,67
1356,0.13,185,0.3333333333333333,0.7000688977200731,0,101,1463,17,355,str('KL'),1,str('stdev'),0.889,39
1357,0.14,220,0.4,0.659493919794817,0,117,2261,10,2285,str('KL'),1,str('tstat'),0.235,99
1358,0.11,170,0.19999999999999996,0.7198563308731665,0,91,4886,14,4836,str('H'),3,str('stdev'),0.752,21
1359,0.1,136,0.13333333333333333,0.7720253082041393,0,58,3353,6,1019,str('KL'),3,str('stdev'),0.677,34
1360,0.1,162,0.13333333333333333,0.7311318681561029,0,84,806,19,3120,str('H'),1,str('stdev'),0.131,22
1361,0.1,140,0.13333333333333333,0.7652527020479793,0,62,1078,6,181,str('H'),2,str('stdev'),0.372,85
1362,0.11,191,0.19999999999999996,0.6925974187069388,0,112,3725,23,2698,str('KL'),1,str('tstat'),0.639,13
1363,0.14,190,0.4,0.6938263082971938,0,103,4673,10,1438,str('H'),1,str('tstat'),0.806,49
1364,0.17,168,0.6,0.7226249724749032,0,79,2006,13,3965,str('KL'),2,str('stdev'),0.2,71
1365,0.1,171,0.13333333333333333,0.7184841297738433,0,93,1875,8,3363,str('KL'),2,str('tstat'),0.926,16
1366,0.1,370,0.13333333333333333,0.537582773202024,0,230,4188,18,925,str('H'),1,str('stdev'),0.071,88
1367,0.1,164,0.13333333333333333,0.7282619323219758,0,86,2655,2,4629,str('KL'),1,str('stdev'),0.484,52
1368,0.1,167,0.13333333333333333,0.7240216045964928,0,89,283,25,2180,str('H'),2,str('tstat'),0.502,30
1369,0.13,189,0.3333333333333333,0.6950616487809889,0,105,301,12,3323,str('KL'),1,str('tstat'),0.859,23
1370,0.1,137,0.13333333333333333,0.7703137965019462,0,59,2633,15,806,str('H'),3,str('stdev'),0.128,95
1371,0.15,213,0.46666666666666656,0.6670684713645746,0,112,4205,4,4590,str('KL'),2,str('stdev'),0.303,58
1372,0.11,202,0.19999999999999996,0.6794869400665288,0,123,1853,21,2063,str('H'),3,str('tstat'),0.694,36
1373,0.18,323,0.6666666666666665,0.569460479798076,0,112,2022,0,299,str('H'),1,str('stdev'),0.432,78
1374,0.1,143,0.13333333333333333,0.7602981649070252,0,65,4651,24,2738,str('KL'),3,str('tstat'),0.574,6
1375,0.19,166,0.7333333333333333,0.7254265748696861,0,71,3743,9,1555,str('H'),2,str('tstat'),0.996,43
1376,0.11,216,0.19999999999999996,0.6637923374095407,0,133,1192,22,4454,str('KL'),1,str('tstat'),0.449,6
1377,0.13,164,0.3333333333333333,0.7282619323219758,0,83,685,10,2246,str('KL'),3,str('tstat'),0.053,93
1378,0.1,157,0.13333333333333333,0.7384636705472114,0,79,3331,19,4719,str('H'),2,str('stdev'),0.944,15
1379,0.18,73,0.6666666666666665,0.9169699031513214,0,14,4904,0,980,str('KL'),1,str('stdev'),0.609,28
1380,0.12,181,0.2666666666666666,0.7051850083804319,0,101,2239,23,3463,str('H'),2,str('tstat'),0.377,57
1381,0.1,166,0.13333333333333333,0.7254265748696861,0,88,1481,5,4211,str('H'),3,str('stdev'),0.746,8
1382,0.11,247,0.19999999999999996,0.6323681515199866,0,154,3796,21,1659,str('KL'),2,str('tstat'),0.265,86
1383,0.1,173,0.13333333333333333,0.7157635003770612,0,95,2888,11,2955,str('H'),3,str('tstat'),0.182,73
1384,0.1,133,0.13333333333333333,0.7772358196928197,0,54,514,15,394,str('KL'),2,str('stdev'),0.823,45
1385,0.12,247,0.2666666666666666,0.6323681515199866,0,139,321,12,4871,str('H'),1,str('tstat'),0.994,67
1386,0.11,177,0.19999999999999996,0.7104148196453782,0,98,3008,16,2384,str('KL'),3,str('stdev'),0.01,39
1387,0.14,137,0.4,0.7703137965019462,0,54,3916,3,3627,str('H'),3,str('stdev'),0.436,1
1388,0.1,137,0.13333333333333333,0.7703137965019462,0,59,1287,20,1149,str('KL'),3,str('tstat'),0.574,79
1389,0.15,150,0.46666666666666656,0.7491277782255682,0,67,2359,1,1798,str('KL'),2,str('stdev'),0.3,34
1390,0.1,176,0.13333333333333333,0.7117406362325246,0,98,4710,24,4364,str('H'),3,str('tstat'),0.688,62
1391,0.1,294,0.13333333333333333,0.591527111585872,0,205,3138,8,564,str('KL'),2,str('tstat'),0.866,100
1392,0.11,222,0.19999999999999996,0.6573737989528441,0,139,723,25,784,str('KL'),1,str('tstat'),0.541,25
1393,0.14,130,0.4,0.7825643149956816,0,49,1151,10,3729,str('KL'),3,str('tstat'),0.956,87
1394,0.11,174,0.19999999999999996,0.7144148902578356,0,95,3506,14,1202,str('H'),2,str('stdev'),0.034,9
1395,0.1,145,0.13333333333333333,0.7570521572813891,0,67,4433,6,4966,str('KL'),3,str('stdev'),0.397,47
1396,0.12,167,0.2666666666666666,0.7240216045964928,0,87,2098,23,2449,str('H'),3,str('tstat'),0.598,75
1397,0.1,184,0.13333333333333333,0.7013375359501945,0,106,1606,2,539,str('H'),3,str('stdev'),0.276,14
1398,0.11,201,0.19999999999999996,0.6806490748814107,0,122,4291,25,2988,str('KL'),2,str('tstat'),0.726,92
1399,0.1,135,0.13333333333333333,0.7737493585653525,0,57,2699,7,1785,str('H'),1,str('tstat'),0.842,54
1400,0.12,205,0.2666666666666666,0.6760345775874974,0,124,73,17,4224,str('KL'),2,str('stdev'),0.17,26
1401,0.1,179,0.13333333333333333,0.7077853864604593,0,101,86,2,2556,str('KL'),3,str('stdev'),0.674,57
1402,0.22,126,0.9333333333333332,0.7898620105017669,0,45,2769,26,34,str('H'),2,str('tstat'),0.313,35
1403,0.1,135,0.13333333333333333,0.7737493585653525,0,57,4302,7,3791,str('KL'),2,str('tstat'),0.243,23
1404,0.12,254,0.2666666666666666,0.6258177375643121,0,142,1677,17,1279,str('H'),1,str('stdev'),0.755,95
1405,0.1,145,0.13333333333333333,0.7570521572813891,0,67,2120,11,776,str('H'),1,str('tstat'),0.121,44
1406,0.11,174,0.19999999999999996,0.7144148902578356,0,95,4475,14,3220,str('KL'),2,str('stdev'),0.883,66
1407,0.1,180,0.13333333333333333,0.7064816057197421,0,102,3528,5,2020,str('H'),2,str('stdev'),0.56,78
1408,0.1,161,0.13333333333333333,0.7325800685526371,0,83,953,15,1634,str('H'),3,str('stdev'),0.846,4
1409,0.16,79,0.5333333333333332,0.8986230715694088,0,21,915,0,3855,str('H'),2,str('stdev'),0.65,91
1410,0.1,183,0.13333333333333333,0.7026130503018598,0,105,3268,24,1372,str('KL'),1,str('tstat'),0.352,19
1411,0.18,155,0.6666666666666665,0.7414615686909642,0,67,4821,9,2609,str('H'),1,str('tstat'),0.219,31
1412,0.1,138,0.13333333333333333,0.7686146423927286,0,60,2487,19,136,str('KL'),3,str('stdev'),0.794,52
1413,0.12,143,0.2666666666666666,0.7602981649070252,0,62,1369,12,1879,str('KL'),2,str('tstat'),0.083,10
1414,0.1,148,0.13333333333333333,0.75226558233568,0,70,4055,15,4440,str('H'),1,str('stdev'),0.907,82
1415,0.16,269,0.5333333333333332,0.6123665439059847,0,117,3088,4,643,str('KL'),1,str('stdev'),0.522,70
1416,0.11,166,0.19999999999999996,0.7254265748696861,0,87,460,21,3194,str('H'),2,str('tstat'),0.473,48
1417,0.16,133,0.5333333333333332,0.7772358196928197,0,50,579,3,1539,str('KL'),3,str('stdev'),0.332,63
1418,0.1,131,0.13333333333333333,0.7807747107685417,0,51,2896,20,4017,str('H'),2,str('tstat'),0.662,41
1419,0.17,195,0.6,0.6877450442859603,0,94,3863,13,275,str('KL'),2,str('tstat'),0.766,5
1420,0.11,235,0.19999999999999996,0.644039890032438,0,148,1488,16,2763,str('H'),1,str('stdev'),0.223,76
1421,0.1,208,0.13333333333333333,0.6726321305345966,0,130,2295,8,4603,str('H'),3,str('tstat'),0.903,38
1422,0.1,176,0.13333333333333333,0.7117406362325246,0,98,4940,18,2047,str('KL'),2,str('stdev'),0.11,60
1423,0.14,186,0.4,0.6988070618723943,0,101,3387,1,3350,str('H'),2,str('stdev'),0.462,97
1424,0.1,130,0.13333333333333333,0.7825643149956816,0,50,879,20,1463,str('KL'),2,str('stdev'),0.891,13
1425,0.1,134,0.13333333333333333,0.7754861326605458,0,56,995,7,4300,str('KL'),3,str('stdev'),0.602,76
1426,0.12,174,0.2666666666666666,0.7144148902578356,0,94,3662,17,1861,str('H'),3,str('tstat'),0.401,4
1427,0.1,154,0.13333333333333333,0.742974961827982,0,76,4589,2,3066,str('KL'),3,str('tstat'),0.046,42
1428,0.11,229,0.19999999999999996,0.650100271855294,0,143,1942,25,617,str('H'),1,str('stdev'),0.968,64
1429,0.1,151,0.13333333333333333,0.7475744272275548,0,73,1762,6,2370,str('H'),2,str('tstat'),0.158,25
1430,0.1,177,0.13333333333333333,0.7104148196453782,0,99,4135,22,4887,str('KL'),1,str('stdev'),0.831,97
1431,0.13,140,0.3333333333333333,0.7652527020479793,0,59,2543,10,1125,str('H'),3,str('stdev'),0.723,59
1432,0.11,181,0.19999999999999996,0.7051850083804319,0,102,229,14,3652,str('KL'),1,str('tstat'),0.272,37
1433,0.1,137,0.13333333333333333,0.7703137965019462,0,59,188,7,1045,str('H'),2,str('tstat'),0.03,61
1434,0.11,153,0.19999999999999996,0.744498150458009,0,73,2501,16,3557,str('KL'),3,str('stdev'),0.983,33
1435,0.16,142,0.5333333333333332,0.7619381145524806,0,58,4093,3,2299,str('H'),2,str('stdev'),0.586,19
1436,0.22,113,0.9333333333333332,0.8152751734276412,0,34,1722,26,4821,str('KL'),1,str('tstat'),0.417,98
1437,0.1,172,0.13333333333333333,0.717119883508187,0,94,1900,5,2815,str('KL'),2,str('stdev'),0.707,40
1438,0.1,193,0.13333333333333333,0.6901587251552692,0,115,4548,22,381,str('H'),3,str('tstat'),0.288,68
1439,0.1,139,0.13333333333333333,0.7669276687044017,0,61,3621,11,4078,str('KL'),1,str('tstat'),0.143,82
1440,0.12,170,0.2666666666666666,0.7198563308731665,0,90,1109,17,965,str('H'),3,str('tstat'),0.711,11
1441,0.16,215,0.5333333333333332,0.6648793223525504,0,108,759,4,3274,str('H'),1,str('tstat'),0.782,98
1442,0.11,167,0.19999999999999996,0.7240216045964928,0,88,3424,21,723,str('KL'),3,str('stdev'),0.207,20
1443,0.12,175,0.2666666666666666,0.7130739645684552,0,95,4977,12,4518,str('H'),2,str('stdev'),0.348,32
1444,0.1,152,0.13333333333333333,0.7460312622109644,0,74,2331,15,1957,str('KL'),1,str('tstat'),0.647,60
1445,0.2,212,0.7999999999999999,0.6681707301561548,0,79,1525,9,58,str('KL'),1,str('stdev'),0.477,3
1446,0.1,142,0.13333333333333333,0.7619381145524806,0,64,3899,19,2531,str('H'),3,str('tstat'),0.526,81
1447,0.16,103,0.5333333333333332,0.8368804112454389,0,38,2931,0,1293,str('KL'),2,str('tstat'),0.919,69
1448,0.1,159,0.13333333333333333,0.7355034828148477,0,81,616,24,3776,str('H'),3,str('stdev'),0.094,41
1449,0.14,132,0.4,0.7789986131171088,0,51,423,1,860,str('KL'),3,str('tstat'),0.234,74
1450,0.1,141,0.13333333333333333,0.7635895727106295,0,63,3052,25,3426,str('H'),1,str('stdev'),0.778,46
1451,0.1,166,0.13333333333333333,0.7254265748696861,0,88,4019,8,2126,str('KL'),3,str('stdev'),0.666,10
1452,0.1,179,0.13333333333333333,0.7077853864604593,0,101,1332,18,4682,str('H'),2,str('tstat'),0.337,88
1453,0.17,166,0.6,0.7254265748696861,0,78,2451,13,2684,str('H'),3,str('stdev'),0.538,27
1454,0.12,250,0.2666666666666666,0.6295384762838188,0,141,4783,16,197,str('KL'),1,str('tstat'),0.458,55
1455,0.15,172,0.46666666666666656,0.717119883508187,0,87,3231,3,3941,str('H'),1,str('tstat'),0.098,91
1456,0.11,167,0.19999999999999996,0.7240216045964928,0,88,650,16,4952,str('H'),3,str('tstat'),0.312,17
1457,0.15,200,0.46666666666666656,0.6818169771383451,0,106,1234,1,2100,str('H'),1,str('tstat'),0.196,79
1458,0.11,170,0.19999999999999996,0.7198563308731665,0,91,3569,25,4549,str('KL'),3,str('stdev'),0.802,1
1459,0.1,182,0.13333333333333333,0.7038955157197266,0,104,4516,8,847,str('H'),2,str('stdev'),0.628,38
1460,0.1,164,0.13333333333333333,0.7282619323219758,0,86,2162,18,3286,str('KL'),3,str('tstat'),0.361,66
1461,0.13,155,0.3333333333333333,0.7414615686909642,0,74,1718,10,4042,str('KL'),1,str('stdev'),0.514,21
1462,0.19,181,0.7333333333333333,0.7051850083804319,0,79,4344,13,1515,str('H'),3,str('tstat'),0.497,100
1463,0.1,138,0.13333333333333333,0.7686146423927286,0,60,2812,6,2778,str('KL'),2,str('tstat'),0.074,63
1464,0.13,201,0.3333333333333333,0.6806490748814107,0,109,127,23,261,str('H'),1,str('stdev'),0.93,35
1465,0.1,136,0.13333333333333333,0.7720253082041393,0,58,32,11,1714,str('H'),1,str('stdev'),0.413,53
1466,0.11,177,0.19999999999999996,0.7104148196453782,0,98,2657,14,4158,str('KL'),2,str('tstat'),0.583,31
1467,0.1,166,0.13333333333333333,0.7254265748696861,0,88,4249,5,458,str('H'),1,str('tstat'),0.971,18
1468,0.11,208,0.19999999999999996,0.6726321305345966,0,128,1565,22,2892,str('KL'),3,str('stdev'),0.018,90
1469,0.15,160,0.46666666666666656,0.7340372361914138,0,77,2056,3,4743,str('KL'),3,str('tstat'),0.858,48
1470,0.22,110,0.9333333333333332,0.8215510605968469,0,31,4392,26,2221,str('H'),3,str('stdev'),0.154,69
1471,0.1,146,0.13333333333333333,0.7554457904860468,0,68,3465,6,3477,str('KL'),2,str('stdev'),0.292,83
1472,0.22,112,0.9333333333333332,0.8173485949616665,0,33,1036,26,2632,str('KL'),2,str('stdev'),0.117,7
1473,0.13,450,0.3333333333333333,0.4916306398622231,0,132,842,12,318,str('KL'),2,str('stdev'),0.389,94
1474,0.1,147,0.13333333333333333,0.7538503143967605,0,69,3175,15,2879,str('H'),1,str('tstat'),0.621,22
1475,0.15,214,0.46666666666666656,0.6659713513272776,0,113,4748,4,1581,str('KL'),3,str('tstat'),0.948,36
1476,0.11,194,0.19999999999999996,0.6889487902443983,0,115,2395,21,4132,str('H'),1,str('stdev'),0.057,58
1477,0.16,64,0.5333333333333332,0.9474872215534342,0,8,1325,0,3542,str('H'),3,str('tstat'),0.819,7
1478,0.13,177,0.3333333333333333,0.7104148196453782,0,94,3952,23,1059,str('KL'),3,str('stdev'),0.178,79
1479,0.11,154,0.19999999999999996,0.742974961827982,0,74,3044,9,4796,str('H'),3,str('stdev'),0.253,65
1480,0.1,199,0.13333333333333333,0.6829907043682817,0,121,358,20,2323,str('KL'),1,str('tstat'),0.735,43
1481,0.17,151,0.6,0.7475744272275548,0,65,477,9,3041,str('H'),3,str('stdev'),0.563,72
1482,0.1,141,0.13333333333333333,0.7635895727106295,0,63,2852,19,484,str('KL'),1,str('tstat'),0.424,50
1483,0.11,52,0.19999999999999996,0.9955173535761535,0,2,3760,0,4287,str('H'),2,str('tstat'),0.006,12
1484,0.1,154,0.13333333333333333,0.742974961827982,0,76,1444,24,1721,str('KL'),3,str('stdev'),0.99,84
1485,0.14,160,0.4,0.7340372361914138,0,78,2202,4,1227,str('KL'),1,str('tstat'),0.135,29
1486,0.1,146,0.13333333333333333,0.7554457904860468,0,68,4867,20,3705,str('H'),2,str('stdev'),0.87,51
1487,0.12,195,0.2666666666666666,0.6877450442859603,0,115,3294,12,2464,str('KL'),1,str('stdev'),0.7,89
1488,0.1,174,0.13333333333333333,0.7144148902578356,0,96,855,15,2475,str('H'),1,str('stdev'),0.363,86
1489,0.1,180,0.13333333333333333,0.7064816057197421,0,102,1052,2,4537,str('H'),3,str('stdev'),0.136,24
1490,0.22,136,0.9333333333333332,0.7720253082041393,0,50,3678,26,2094,str('KL'),1,str('tstat'),0.867,96
1491,0.1,154,0.13333333333333333,0.742974961827982,0,76,4645,7,3294,str('H'),2,str('tstat'),0.702,57
1492,0.13,187,0.3333333333333333,0.6975519558478929,0,103,1960,17,860,str('KL'),1,str('stdev'),0.31,35
1493,0.1,133,0.13333333333333333,0.7772358196928197,0,54,1818,11,1507,str('KL'),3,str('tstat'),0.566,77
1494,0.12,166,0.2666666666666666,0.7254265748696861,0,86,4152,14,4029,str('H'),1,str('stdev'),0.424,5
1495,0.1,206,0.13333333333333333,0.6748949539474718,0,128,2600,5,273,str('KL'),1,str('stdev'),0.008,44
1496,0.11,190,0.19999999999999996,0.6938263082971938,0,111,246,22,2785,str('H'),3,str('tstat'),0.988,66
1497,0.1,169,0.13333333333333333,0.7212365801187866,0,91,242,5,4377,str('KL'),3,str('tstat'),0.759,56
1498,0.1,199,0.13333333333333333,0.6829907043682817,0,121,2613,22,1943,str('H'),1,str('stdev'),0.246,28
1499,0.1,142,0.13333333333333333,0.7619381145524806,0,64,4146,11,3141,str('KL'),1,str('stdev'),0.326,16
1500,0.11,391,0.19999999999999996,0.5246254555313992,0,168,1833,14,697,str('H'),2,str('tstat'),0.686,94
1501,0.1,142,0.13333333333333333,0.7619381145524806,0,64,1964,7,1357,str('H'),3,str('stdev'),0.438,45
1502,0.11,202,0.19999999999999996,0.6794869400665288,0,123,4632,17,3869,str('KL'),1,str('tstat'),0.549,74
1503,0.1,152,0.13333333333333333,0.7460312622109644,0,74,3684,2,110,str('H'),3,str('tstat'),0.879,85
1504,0.11,689,0.19999999999999996,0.3915618405462582,0,174,1250,25,99,str('KL'),2,str('tstat'),0.058,89
1505,0.12,206,0.2666666666666666,0.6748949539474718,0,125,663,12,2890,str('KL'),2,str('tstat'),0.441,1
1506,0.11,181,0.19999999999999996,0.7051850083804319,0,102,3290,16,324,str('H'),3,str('stdev'),0.548,79
1507,0.12,147,0.2666666666666666,0.7538503143967605,0,67,4883,4,4124,str('KL'),1,str('stdev'),0.881,67
1508,0.1,157,0.13333333333333333,0.7384636705472114,0,79,2196,20,1568,str('H'),3,str('tstat'),0.115,39
1509,0.18,183,0.6666666666666665,0.7026130503018598,0,88,1430,0,1067,str('H'),2,str('stdev'),0.76,100
1510,0.1,176,0.13333333333333333,0.7117406362325246,0,98,3763,24,3555,str('KL'),1,str('tstat'),0.243,22
1511,0.19,171,0.7333333333333333,0.7184841297738433,0,73,2836,9,2311,str('H'),1,str('tstat'),0.328,34
1512,0.1,140,0.13333333333333333,0.7652527020479793,0,62,483,19,4789,str('KL'),3,str('stdev'),0.684,62
1513,0.2,204,0.7999999999999999,0.6771797468631767,0,78,364,9,478,str('H'),1,str('tstat'),0.513,28
1514,0.1,158,0.13333333333333333,0.7369789222671177,0,80,3028,20,3029,str('KL'),2,str('stdev'),0.5,56
1515,0.17,64,0.6,0.9474872215534342,0,7,3956,0,1733,str('H'),3,str('stdev'),0.072,93
1516,0.13,157,0.3333333333333333,0.7384636705472114,0,76,1311,23,4295,str('KL'),1,str('tstat'),0.932,15
1517,0.15,163,0.46666666666666656,0.7296925253097426,0,80,2389,4,3692,str('KL'),3,str('stdev'),0.192,73
1518,0.11,198,0.19999999999999996,0.6841703149673048,0,119,4764,21,1219,str('H'),2,str('tstat'),0.803,45
1519,0.11,150,0.19999999999999996,0.7491277782255682,0,71,3171,12,4958,str('KL'),3,str('tstat'),0.626,8
1520,0.11,223,0.19999999999999996,0.6563208583964064,0,140,743,21,3928,str('KL'),2,str('tstat'),0.964,82
1521,0.1,160,0.13333333333333333,0.7340372361914138,0,82,1096,6,1874,str('KL'),2,str('tstat'),0.536,20
1522,0.12,249,0.2666666666666666,0.6304779259217159,0,140,3468,17,4308,str('H'),1,str('stdev'),0.46,98
1523,0.16,202,0.5333333333333332,0.6794869400665288,0,104,4376,3,611,str('KL'),1,str('stdev'),0.095,61
1524,0.21,102,0.8666666666666666,0.8391541663420585,0,25,2062,26,3054,str('H'),3,str('tstat'),0.892,33
1525,0.1,220,0.13333333333333333,0.659493919794817,0,142,1579,5,4893,str('H'),2,str('stdev'),0.232,81
1526,0.11,174,0.19999999999999996,0.7144148902578356,0,95,4245,22,2381,str('KL'),3,str('tstat'),0.78,3
1527,0.1,163,0.13333333333333333,0.7296925253097426,0,85,2673,11,3639,str('H'),1,str('tstat'),0.665,40
1528,0.1,205,0.13333333333333333,0.6760345775874974,0,127,26,14,1117,str('KL'),2,str('stdev'),0.34,68
1529,0.1,134,0.13333333333333333,0.7754861326605458,0,56,130,6,1950,str('KL'),1,str('stdev'),0.816,49
1530,0.12,145,0.2666666666666666,0.7570521572813891,0,65,2798,23,4389,str('H'),3,str('tstat'),0.179,71
1531,0.14,141,0.4,0.7635895727106295,0,59,4351,10,685,str('KL'),3,str('tstat'),0.252,84
1532,0.17,179,0.6,0.7077853864604593,0,86,1702,13,3133,str('H'),3,str('stdev'),0.737,12
1533,0.1,164,0.13333333333333333,0.7282619323219758,0,86,2159,8,3882,str('H'),1,str('tstat'),0.389,52
1534,0.1,193,0.13333333333333333,0.6901587251552692,0,115,4530,18,1365,str('KL'),3,str('stdev'),0.624,30
1535,0.11,144,0.19999999999999996,0.75866956448497,0,64,3563,1,2626,str('H'),1,str('stdev'),0.945,17
1536,0.11,217,0.19999999999999996,0.6627103501161009,0,134,982,17,3490,str('H'),1,str('stdev'),0.646,93
1537,0.15,149,0.46666666666666656,0.7506914505683682,0,66,863,3,710,str('H'),3,str('stdev'),0.856,5
1538,0.1,159,0.13333333333333333,0.7355034828148477,0,81,3237,20,3266,str('KL'),2,str('tstat'),0.156,77
1539,0.17,183,0.6,0.7026130503018598,0,90,4770,13,1964,str('H'),1,str('tstat'),0.291,64
1540,0.1,187,0.13333333333333333,0.6975519558478929,0,109,2455,16,4530,str('KL'),3,str('stdev'),0.714,42
1541,0.1,165,0.13333333333333333,0.7268399834533585,0,87,1347,8,2524,str('KL'),3,str('tstat'),0.411,96
1542,0.1,154,0.13333333333333333,0.742974961827982,0,76,4013,18,46,str('H'),1,str('stdev'),0.585,24
1543,0.11,143,0.19999999999999996,0.7602981649070252,0,63,3065,1,3788,str('KL'),2,str('stdev'),0.968,38
1544,0.11,170,0.19999999999999996,0.7198563308731665,0,91,420,25,1300,str('H'),1,str('tstat'),0.019,59
1545,0.18,69,0.6666666666666665,0.9300472574589626,0,10,613,0,3434,str('KL'),1,str('stdev'),0.16,30
1546,0.1,151,0.13333333333333333,0.7475744272275548,0,73,2945,24,873,str('H'),3,str('tstat'),0.828,52
1547,0.18,206,0.6666666666666665,0.6748949539474718,0,97,3893,9,4671,str('KL'),1,str('tstat'),0.726,90
1548,0.1,157,0.13333333333333333,0.7384636705472114,0,79,1541,19,2119,str('H'),2,str('stdev'),0.272,19
1549,0.12,351,0.2666666666666666,0.5499543758138941,0,154,2335,12,208,str('H'),2,str('tstat'),0.604,71
1550,0.1,158,0.13333333333333333,0.7369789222671177,0,80,4964,15,2691,str('KL'),3,str('stdev'),0.4,49
1551,0.15,201,0.46666666666666656,0.6806490748814107,0,107,3431,4,1455,str('H'),3,str('stdev'),0.046,11
1552,0.1,168,0.13333333333333333,0.7226249724749032,0,90,899,24,3357,str('KL'),3,str('stdev'),0.601,80
1553,0.1,136,0.13333333333333333,0.7720253082041393,0,58,940,11,1195,str('KL'),1,str('stdev'),0.904,18
1554,0.1,143,0.13333333333333333,0.7602981649070252,0,65,3625,15,3717,str('H'),3,str('tstat'),0.106,90
1555,0.1,254,0.13333333333333333,0.6258177375643121,0,172,4533,5,2461,str('KL'),2,str('tstat'),0.464,53
1556,0.11,173,0.19999999999999996,0.7157635003770612,0,94,1906,22,4973,str('H'),1,str('stdev'),0.54,31
1557,0.15,153,0.46666666666666656,0.744498150458009,0,70,1735,3,2975,str('H'),1,str('tstat'),0.336,83
1558,0.21,101,0.8666666666666666,0.8414501047654391,0,24,4089,26,531,str('KL'),2,str('stdev'),0.662,11
1559,0.1,167,0.13333333333333333,0.7240216045964928,0,89,2517,7,4230,str('H'),2,str('stdev'),0.768,48
1560,0.12,165,0.2666666666666666,0.7268399834533585,0,85,182,17,1796,str('KL'),3,str('tstat'),0.22,70
1561,0.13,176,0.3333333333333333,0.7117406362325246,0,93,223,10,4150,str('H'),3,str('tstat'),0.48,47
1562,0.11,201,0.19999999999999996,0.6806490748814107,0,122,2559,14,1701,str('KL'),2,str('stdev'),0.525,75
1563,0.1,151,0.13333333333333333,0.7475744272275548,0,73,4131,6,2904,str('H'),2,str('stdev'),0.92,87
1564,0.11,281,0.19999999999999996,0.6021331132934182,0,161,1776,22,465,str('KL'),1,str('tstat'),0.091,8
1565,0.1,207,0.13333333333333333,0.6737608224908778,0,129,1948,2,2210,str('KL'),1,str('stdev'),0.784,54
1566,0.22,97,0.9333333333333332,0.8508646330405213,0,18,4573,26,4737,str('H'),2,str('tstat'),0.205,26
1567,0.1,162,0.13333333333333333,0.7311318681561029,0,84,3666,7,973,str('KL'),3,str('tstat'),0.352,14
1568,0.17,213,0.6,0.6670684713645746,0,102,1138,13,4071,str('H'),2,str('tstat'),0.795,97
1569,0.16,181,0.5333333333333332,0.7051850083804319,0,94,707,1,1379,str('H'),3,str('tstat'),0.71,9
1570,0.1,166,0.13333333333333333,0.7254265748696861,0,88,3393,25,3867,str('KL'),1,str('stdev'),0.287,87
1571,0.1,230,0.13333333333333333,0.6490793079035345,0,151,4926,8,123,str('H'),3,str('stdev'),0.144,74
1572,0.1,186,0.13333333333333333,0.6988070618723943,0,108,2299,18,2601,str('KL'),1,str('tstat'),0.844,46
1573,0.1,147,0.13333333333333333,0.7538503143967605,0,69,1504,13,4453,str('KL'),1,str('stdev'),0.03,92
1574,0.11,191,0.19999999999999996,0.6925974187069388,0,112,3857,16,1887,str('H'),2,str('tstat'),0.98,14
1575,0.16,178,0.5333333333333332,0.7090964306410996,0,91,2909,3,3188,str('KL'),3,str('tstat'),0.589,27
1576,0.1,164,0.13333333333333333,0.7282619323219758,0,86,575,20,631,str('H'),2,str('stdev'),0.416,55
1577,0.15,180,0.46666666666666656,0.7064816057197421,0,94,456,4,4005,str('KL'),2,str('tstat'),0.276,32
1578,0.11,204,0.19999999999999996,0.6771797468631767,0,125,3101,21,1532,str('H'),1,str('stdev'),0.73,60
1579,0.12,264,0.2666666666666666,0.6167653976204652,0,146,4049,12,2771,str('KL'),2,str('stdev'),0.84,99
1580,0.1,171,0.13333333333333333,0.7184841297738433,0,93,1385,15,288,str('H'),3,str('tstat'),0.171,21
1581,0.19,192,0.7333333333333333,0.6913749129874984,0,87,2491,9,2039,str('H'),3,str('stdev'),0.952,69
1582,0.1,164,0.13333333333333333,0.7282619323219758,0,86,4807,19,4590,str('KL'),3,str('tstat'),0.034,41
1583,0.19,87,0.7333333333333333,0.8761935533230162,0,11,3274,0,796,str('H'),2,str('tstat'),0.396,2
1584,0.1,170,0.13333333333333333,0.7198563308731665,0,92,699,20,556,str('H'),2,str('tstat'),0.196,78
1585,0.1,210,0.13333333333333333,0.6703908581482496,0,132,1208,5,2706,str('H'),1,str('tstat'),0.299,15
1586,0.11,574,0.19999999999999996,0.43446790465416685,0,172,3522,22,194,str('KL'),2,str('stdev'),0.69,94
1587,0.1,169,0.13333333333333333,0.7212365801187866,0,91,4489,11,3953,str('H'),3,str('stdev'),0.863,55
1588,0.11,192,0.19999999999999996,0.6913749129874984,0,113,2116,14,1431,str('KL'),2,str('tstat'),0.132,27
1589,0.1,164,0.13333333333333333,0.7282619323219758,0,86,1661,7,936,str('KL'),3,str('stdev'),0.992,86
1590,0.11,173,0.19999999999999996,0.7157635003770612,0,94,4308,17,3370,str('H'),1,str('tstat'),0.011,8
1591,0.1,166,0.13333333333333333,0.7254265748696861,0,88,2756,2,2172,str('KL'),3,str('tstat'),0.435,45
1592,0.22,117,0.9333333333333332,0.8071594787869991,0,38,89,26,4616,str('H'),1,str('stdev'),0.578,74
1593,0.1,139,0.13333333333333333,0.7669276687044017,0,61,67,7,3569,str('H'),2,str('stdev'),0.079,42
1594,0.1,327,0.13333333333333333,0.5665729365551815,0,220,2715,18,1052,str('KL'),1,str('tstat'),0.907,64
1595,0.1,271,0.13333333333333333,0.6106297698107913,0,187,4287,2,4813,str('H'),1,str('tstat'),0.521,76
1596,0.11,209,0.19999999999999996,0.6715088261499269,0,129,1620,25,2286,str('KL'),2,str('stdev'),0.476,4
1597,0.1,150,0.13333333333333333,0.7491277782255682,0,72,2105,5,389,str('KL'),3,str('tstat'),0.65,59
1598,0.12,170,0.2666666666666666,0.7198563308731665,0,90,4417,23,2828,str('H'),1,str('stdev'),0.356,37
1599,0.14,222,0.4,0.6573737989528441,0,118,3509,10,1622,str('KL'),1,str('stdev'),0.216,25
1600,0.12,204,0.2666666666666666,0.6771797468631767,0,123,1094,23,2028,str('KL'),3,str('stdev'),0.377,99
1601,0.1,170,0.13333333333333333,0.7198563308731665,0,92,819,8,4712,str('KL'),1,str('stdev'),0.119,12
1602,0.1,196,0.13333333333333333,0.6865474242876628,0,118,3134,19,2234,str('H'),2,str('tstat'),0.884,83
1603,0.15,149,0.46666666666666656,0.7506914505683682,0,66,4726,1,3475,str('KL'),2,str('tstat'),0.56,72
1604,0.1,153,0.13333333333333333,0.744498150458009,0,75,2353,24,987,str('H'),3,str('stdev'),0.453,50
1605,0.16,238,0.5333333333333332,0.6410672380209594,0,113,1274,3,1648,str('H'),1,str('tstat'),0.673,89
1606,0.1,135,0.13333333333333333,0.7737493585653525,0,57,3920,20,4204,str('KL'),2,str('stdev'),0.316,18
1607,0.12,177,0.2666666666666666,0.7104148196453782,0,97,2992,12,402,str('H'),2,str('stdev'),0.239,29
1608,0.11,208,0.19999999999999996,0.6726321305345966,0,128,327,16,2968,str('KL'),3,str('tstat'),0.755,51
1609,0.1,152,0.13333333333333333,0.7460312622109644,0,74,520,11,2397,str('H'),2,str('stdev'),0.927,36
1610,0.1,143,0.13333333333333333,0.7602981649070252,0,65,2872,15,4879,str('KL'),1,str('tstat'),0.068,58
1611,0.13,188,0.3333333333333333,0.6963035082421045,0,104,3800,4,1142,str('H'),3,str('tstat'),0.488,95
1612,0.11,192,0.19999999999999996,0.6913749129874984,0,113,1467,21,3616,str('KL'),2,str('stdev'),0.502,23
1613,0.16,82,0.5333333333333332,0.8899595722079197,0,24,2232,0,4371,str('KL'),2,str('tstat'),0.375,65
1614,0.11,157,0.19999999999999996,0.7384636705472114,0,78,4920,23,1810,str('H'),1,str('stdev'),0.638,43
1615,0.15,150,0.46666666666666656,0.7491277782255682,0,67,3328,10,3108,str('KL'),3,str('stdev'),0.806,6
1616,0.11,186,0.19999999999999996,0.6988070618723943,0,107,797,22,1027,str('H'),3,str('stdev'),0.261,44
1617,0.19,195,0.7333333333333333,0.6877450442859603,0,88,1071,9,3173,str('H'),1,str('stdev'),0.239,57
1618,0.1,151,0.13333333333333333,0.7475744272275548,0,73,3737,19,646,str('KL'),3,str('tstat'),0.751,28
1619,0.16,59,0.5333333333333332,0.9663238177694953,0,3,4665,0,4427,str('H'),3,str('tstat'),0.678,15
1620,0.1,325,0.13333333333333333,0.5680122794015416,0,219,2019,24,1910,str('KL'),1,str('stdev'),0.317,93
1621,0.15,210,0.46666666666666656,0.6703908581482496,0,111,1837,4,139,str('KL'),1,str('tstat'),0.557,44
1622,0.11,176,0.19999999999999996,0.7117406362325246,0,97,4211,21,2588,str('H'),3,str('stdev'),0.446,72
1623,0.12,260,0.2666666666666666,0.6203446578225864,0,144,2619,12,1403,str('KL'),1,str('stdev'),0.125,86
1624,0.1,140,0.13333333333333333,0.7652527020479793,0,62,304,15,3841,str('H'),2,str('tstat'),0.887,8
1625,0.1,160,0.13333333333333333,0.7340372361914138,0,82,287,2,21,str('KL'),2,str('tstat'),0.749,38
1626,0.1,169,0.13333333333333333,0.7212365801187866,0,91,2642,25,2548,str('H'),3,str('stdev'),0.263,67
1627,0.1,293,0.13333333333333333,0.5923262017314856,0,204,4194,8,1285,str('KL'),1,str('stdev'),0.182,80
1628,0.1,164,0.13333333333333333,0.7282619323219758,0,86,1858,18,3802,str('H'),3,str('tstat'),0.82,2
1629,0.14,187,0.4,0.6975519558478929,0,102,2002,10,3213,str('H'),2,str('stdev'),0.054,62
1630,0.18,198,0.6666666666666665,0.6841703149673048,0,95,4686,13,765,str('KL'),1,str('tstat'),0.941,34
1631,0.1,161,0.13333333333333333,0.7325800685526371,0,83,3719,6,4467,str('H'),2,str('tstat'),0.613,21
1632,0.1,189,0.13333333333333333,0.6950616487809889,0,111,1191,18,1547,str('KL'),3,str('tstat'),0.067,34
1633,0.1,147,0.13333333333333333,0.7538503143967605,0,69,682,6,4255,str('KL'),1,str('tstat'),0.432,71
1634,0.1,169,0.13333333333333333,0.7212365801187866,0,91,3349,22,1772,str('H'),2,str('stdev'),0.57,50
1635,0.13,139,0.3333333333333333,0.7669276687044017,0,57,4902,10,2991,str('KL'),3,str('stdev'),0.998,13
1636,0.11,242,0.19999999999999996,0.6371612259981624,0,152,2255,14,518,str('H'),1,str('tstat'),0.014,85
1637,0.1,144,0.13333333333333333,0.75866956448497,0,66,1450,7,2435,str('H'),3,str('stdev'),0.863,29
1638,0.12,192,0.2666666666666666,0.6913749129874984,0,112,3822,17,4996,str('KL'),2,str('tstat'),0.128,51
1639,0.1,206,0.13333333333333333,0.6748949539474718,0,128,2855,2,1182,str('H'),2,str('tstat'),0.304,88
1640,0.22,104,0.9333333333333332,0.834628414904488,0,25,542,26,3733,str('KL'),1,str('stdev'),0.692,16
1641,0.16,215,0.5333333333333332,0.6648793223525504,0,108,344,3,1609,str('H'),2,str('tstat'),0.613,95
1642,0.2,84,0.7999999999999999,0.8843561688733478,0,8,2970,26,4087,str('KL'),3,str('stdev'),0.381,23
1643,0.1,135,0.13333333333333333,0.7737493585653525,0,57,3936,6,362,str('H'),1,str('stdev'),0.049,35
1644,0.12,180,0.2666666666666666,0.7064816057197421,0,100,1253,17,2850,str('KL'),2,str('tstat'),0.94,57
1645,0.1,149,0.13333333333333333,0.7506914505683682,0,71,2369,11,4829,str('KL'),2,str('stdev'),0.186,6
1646,0.11,237,0.19999999999999996,0.6420539557003453,0,150,4705,14,2273,str('H'),1,str('tstat'),0.827,78
1647,0.1,166,0.13333333333333333,0.7254265748696861,0,88,3152,5,3593,str('KL'),1,str('tstat'),0.742,66
1648,0.11,184,0.19999999999999996,0.7013375359501945,0,105,724,14,2563,str('KL'),1,str('tstat'),0.911,40
1649,0.18,68,0.6666666666666665,0.9334333852565074,0,9,1154,0,427,str('KL'),3,str('tstat'),0.59,53
1650,0.12,194,0.2666666666666666,0.6889487902443983,0,114,3488,23,2944,str('H'),2,str('stdev'),0.421,31
1651,0.19,160,0.7333333333333333,0.7340372361914138,0,68,4435,9,1661,str('KL'),2,str('stdev'),0.026,19
1652,0.1,140,0.13333333333333333,0.7652527020479793,0,62,2082,20,4188,str('H'),1,str('tstat'),0.979,91
1653,0.1,164,0.13333333333333333,0.7282619323219758,0,86,1637,12,3452,str('H'),1,str('stdev'),0.147,48
1654,0.1,139,0.13333333333333333,0.7669276687044017,0,61,4265,15,1014,str('KL'),2,str('tstat'),0.85,70
1655,0.13,158,0.3333333333333333,0.7369789222671177,0,77,2731,4,4696,str('H'),3,str('tstat'),0.703,82
1656,0.11,190,0.19999999999999996,0.6938263082971938,0,111,45,21,2247,str('KL'),1,str('stdev'),0.284,10
1657,0.16,199,0.5333333333333332,0.6829907043682817,0,103,111,13,819,str('KL'),3,str('stdev'),0.81,79
1658,0.12,262,0.2666666666666666,0.6185482229787487,0,145,2740,16,3331,str('H'),1,str('tstat'),0.204,1
1659,0.15,152,0.46666666666666656,0.7460312622109644,0,69,4331,3,2056,str('KL'),2,str('tstat'),0.368,39
1660,0.1,154,0.13333333333333333,0.742974961827982,0,76,1644,20,4578,str('H'),1,str('stdev'),0.635,67
1661,0.14,138,0.4,0.7686146423927286,0,55,2139,1,2745,str('H'),3,str('tstat'),0.489,22
1662,0.11,783,0.19999999999999996,0.36150586677683805,0,176,4471,25,311,str('KL'),1,str('stdev'),0.506,100
1663,0.1,152,0.13333333333333333,0.7460312622109644,0,74,3543,8,3991,str('H'),2,str('stdev'),0.922,62
1664,0.1,166,0.13333333333333333,0.7254265748696861,0,88,962,24,4855,str('H'),2,str('stdev'),0.73,38
1665,0.13,161,0.3333333333333333,0.7325800685526371,0,79,922,10,2157,str('H'),1,str('stdev'),0.77,75
1666,0.15,153,0.46666666666666656,0.744498150458009,0,70,3257,13,4631,str('KL'),3,str('tstat'),0.227,47
1667,0.1,140,0.13333333333333333,0.7652527020479793,0,62,4828,6,913,str('H'),1,str('tstat'),0.329,9
1668,0.12,204,0.2666666666666666,0.6771797468631767,0,123,2474,23,3396,str('KL'),2,str('stdev'),0.658,87
1669,0.15,143,0.46666666666666656,0.7602981649070252,0,60,1406,1,3966,str('KL'),2,str('tstat'),0.466,26
1670,0.1,173,0.13333333333333333,0.7157635003770612,0,95,4032,25,1414,str('H'),3,str('stdev'),0.545,54
1671,0.1,157,0.13333333333333333,0.7384636705472114,0,79,3124,8,2732,str('KL'),3,str('stdev'),0.9,92
1672,0.1,165,0.13333333333333333,0.7268399834533585,0,87,439,18,171,str('H'),1,str('tstat'),0.106,14
1673,0.1,135,0.13333333333333333,0.7737493585653525,0,57,554,7,4492,str('KL'),3,str('stdev'),0.215,98
1674,0.12,177,0.2666666666666666,0.7104148196453782,0,97,2925,17,2004,str('H'),2,str('tstat'),0.79,20
1675,0.1,166,0.13333333333333333,0.7254265748696861,0,88,3834,2,3226,str('KL'),2,str('tstat'),0.654,33
1676,0.22,97,0.9333333333333332,0.8508646330405213,0,18,1521,26,748,str('H'),3,str('stdev'),0.356,61
1677,0.1,158,0.13333333333333333,0.7369789222671177,0,80,2276,5,1262,str('H'),3,str('tstat'),0.518,3
1678,0.11,168,0.19999999999999996,0.7226249724749032,0,89,4944,22,3828,str('KL'),1,str('stdev'),0.469,81
1679,0.1,285,0.13333333333333333,0.5988185257979195,0,197,3372,11,6,str('H'),2,str('stdev'),0.087,68
1680,0.12,219,0.2666666666666666,0.6605611861218892,0,132,880,17,4413,str('KL'),2,str('stdev'),0.53,48
1681,0.13,162,0.3333333333333333,0.7311318681561029,0,81,998,4,2326,str('KL'),2,str('stdev'),0.975,60
1682,0.11,195,0.19999999999999996,0.6877450442859603,0,116,3644,21,4775,str('H'),1,str('tstat'),0.022,32
1683,0.1,135,0.13333333333333333,0.7737493585653525,0,57,4591,11,1090,str('KL'),3,str('tstat'),0.409,20
1684,0.1,156,0.13333333333333333,0.7399578458636504,0,78,1926,15,3529,str('H'),2,str('stdev'),0.579,98
1685,0.19,155,0.7333333333333333,0.7414615686909642,0,65,1794,9,4112,str('H'),3,str('tstat'),0.296,41
1686,0.1,148,0.13333333333333333,0.75226558233568,0,70,4109,19,1585,str('KL'),1,str('stdev'),0.715,69
1687,0.11,56,0.19999999999999996,0.9783947621822024,0,4,2575,0,2865,str('H'),3,str('stdev'),0.854,81
1688,0.13,194,0.3333333333333333,0.6889487902443983,0,107,201,23,348,str('KL'),2,str('tstat'),0.15,3
1689,0.16,202,0.5333333333333332,0.6794869400665288,0,104,164,4,3092,str('H'),2,str('tstat'),0.393,76
1690,0.1,135,0.13333333333333333,0.7737493585653525,0,57,2539,20,570,str('KL'),1,str('stdev'),0.594,5
1691,0.08,143,0.0,0.7602981649070252,0,66,4072,12,4348,str('H'),1,str('stdev'),0.96,41
1692,0.11,172,0.19999999999999996,0.717119883508187,0,93,1756,16,1836,str('KL'),3,str('tstat'),0.038,63
1693,0.19,154,0.7333333333333333,0.742974961827982,0,64,1890,9,1156,str('KL'),2,str('stdev'),0.839,24
1694,0.1,148,0.13333333333333333,0.75226558233568,0,70,4554,19,3599,str('H'),3,str('tstat'),0.166,96
1695,0.15,166,0.46666666666666656,0.7254265748696861,0,82,3607,1,2421,str('KL'),1,str('tstat'),0.28,60
1696,0.11,164,0.19999999999999996,0.7282619323219758,0,85,1119,21,3015,str('H'),3,str('tstat'),0.834,26
1697,0.1,175,0.13333333333333333,0.7130739645684552,0,97,766,8,248,str('H'),2,str('tstat'),0.67,64
1698,0.1,190,0.13333333333333333,0.6938263082971938,0,112,3413,18,2809,str('KL'),1,str('stdev'),0.34,42
1699,0.16,174,0.5333333333333332,0.7144148902578356,0,87,4985,1,1494,str('H'),2,str('stdev'),0.23,4
1700,0.11,189,0.19999999999999996,0.6950616487809889,0,110,2318,25,4045,str('KL'),3,str('tstat'),0.774,76
1701,0.1,135,0.13333333333333333,0.7737493585653525,0,57,1562,6,3316,str('KL'),1,str('stdev'),0.102,37
1702,0.12,179,0.2666666666666666,0.7077853864604593,0,99,3876,23,833,str('H'),3,str('tstat'),0.895,59
1703,0.13,214,0.3333333333333333,0.6659713513272776,0,114,2968,10,4553,str('KL'),1,str('tstat'),0.534,97
1704,0.17,155,0.6,0.7414615686909642,0,68,595,13,2080,str('H'),3,str('stdev'),0.454,25
1705,0.1,137,0.13333333333333333,0.7703137965019462,0,59,398,11,2641,str('KL'),3,str('tstat'),0.344,90
1706,0.1,175,0.13333333333333333,0.7130739645684552,0,97,3082,14,85,str('H'),3,str('stdev'),0.643,18
1707,0.1,175,0.13333333333333333,0.7130739645684552,0,97,3990,5,3904,str('KL'),3,str('stdev'),0.786,32
1708,0.11,168,0.19999999999999996,0.7226249724749032,0,89,1365,22,1338,str('H'),2,str('tstat'),0.211,54
1709,0.1,152,0.13333333333333333,0.7460312622109644,0,74,2432,2,671,str('H'),1,str('stdev'),0.915,11
1710,0.2,90,0.7999999999999999,0.868304597134993,0,14,4788,26,3149,str('KL'),2,str('tstat'),0.09,83
1711,0.1,140,0.13333333333333333,0.7652527020479793,0,62,3216,7,1925,str('H'),3,str('tstat'),0.481,69
1712,0.21,94,0.8666666666666666,0.8581812375355501,0,17,640,26,1686,str('H'),1,str('tstat'),0.174,45
1713,0.12,177,0.2666666666666666,0.7104148196453782,0,97,1228,12,3764,str('H'),3,str('tstat'),0.321,58
1714,0.11,163,0.19999999999999996,0.7296925253097426,0,84,3580,16,1325,str('KL'),3,str('stdev'),0.682,36
1715,0.13,156,0.3333333333333333,0.7399578458636504,0,75,4508,4,2508,str('H'),1,str('stdev'),0.763,23
1716,0.11,168,0.19999999999999996,0.7226249724749032,0,89,2175,21,60,str('KL'),3,str('tstat'),0.25,95
1717,0.11,52,0.19999999999999996,0.9955173535761535,0,2,1681,0,1990,str('KL'),2,str('stdev'),0.875,43
1718,0.1,164,0.13333333333333333,0.7282619323219758,0,86,4367,24,4507,str('H'),1,str('tstat'),0.113,65
1719,0.19,231,0.7333333333333333,0.6480627541769748,0,95,2776,9,724,str('KL'),2,str('tstat'),0.442,78
1720,0.1,143,0.13333333333333333,0.7602981649070252,0,65,148,19,3251,str('H'),3,str('stdev'),0.553,7
1721,0.14,187,0.4,0.6975519558478929,0,102,8,1,4933,str('H'),1,str('stdev'),0.042,88
1722,0.1,157,0.13333333333333333,0.7384636705472114,0,79,2695,24,2499,str('KL'),3,str('tstat'),0.964,10
1723,0.16,157,0.5333333333333332,0.7384636705472114,0,71,4229,9,3680,str('H'),2,str('tstat'),0.606,47
1724,0.1,170,0.13333333333333333,0.7198563308731665,0,92,1600,19,1236,str('KL'),1,str('stdev'),0.405,75
1725,0.17,191,0.6,0.6925974187069388,0,93,2046,13,1756,str('KL'),1,str('tstat'),0.719,13
1726,0.11,198,0.19999999999999996,0.6841703149673048,0,119,4398,16,4269,str('H'),2,str('stdev'),0.268,91
1727,0.16,176,0.5333333333333332,0.7117406362325246,0,89,3451,3,493,str('KL'),2,str('stdev'),0.162,55
1728,0.11,172,0.19999999999999996,0.717119883508187,0,93,1035,16,898,str('KL'),2,str('stdev'),0.492,29
1729,0.1,166,0.13333333333333333,0.7254265748696861,0,88,839,2,3654,str('KL'),3,str('stdev'),0.002,66
1730,0.11,212,0.19999999999999996,0.6681707301561548,0,131,3193,25,1103,str('H'),1,str('tstat'),0.986,38
1731,0.1,136,0.13333333333333333,0.7720253082041393,0,58,4746,7,4919,str('KL'),1,str('tstat'),0.567,2
1732,0.1,188,0.13333333333333333,0.6963035082421045,0,110,2411,18,2358,str('H'),2,str('stdev'),0.428,80
1733,0.14,151,0.4,0.7475744272275548,0,69,1293,10,594,str('H'),2,str('tstat'),0.696,35
1734,0.1,198,0.13333333333333333,0.6841703149673048,0,120,3978,14,3067,str('KL'),1,str('stdev'),0.308,63
1735,0.1,141,0.13333333333333333,0.7635895727106295,0,63,3012,6,1850,str('H'),1,str('stdev'),0.139,99
1736,0.12,155,0.2666666666666666,0.7414615686909642,0,75,386,23,4333,str('KL'),2,str('tstat'),0.874,21
1737,0.1,183,0.13333333333333333,0.7026130503018598,0,105,501,5,949,str('H'),1,str('stdev'),0.951,94
1738,0.11,173,0.19999999999999996,0.7157635003770612,0,94,2814,21,3515,str('KL'),2,str('tstat'),0.061,16
1739,0.1,147,0.13333333333333333,0.7538503143967605,0,69,3780,11,2193,str('H'),2,str('tstat'),0.385,28
1740,0.12,176,0.2666666666666666,0.7117406362325246,0,96,1409,14,4749,str('KL'),1,str('stdev'),0.617,56
1741,0.1,165,0.13333333333333333,0.7268399834533585,0,87,2213,7,2930,str('KL'),1,str('tstat'),0.257,7
1742,0.11,174,0.19999999999999996,0.7144148902578356,0,95,4861,16,442,str('H'),3,str('stdev'),0.739,85
1743,0.15,140,0.46666666666666656,0.7652527020479793,0,57,3308,3,4164,str('KL'),2,str('stdev'),0.815,73
1744,0.1,174,0.13333333333333333,0.7144148902578356,0,96,834,18,677,str('KL'),3,str('tstat'),0.443,7
1745,0.15,167,0.46666666666666656,0.7240216045964928,0,83,1030,3,3523,str('KL'),1,str('tstat'),0.06,95
1746,0.1,137,0.13333333333333333,0.7703137965019462,0,59,3695,20,1079,str('H'),3,str('stdev'),0.951,23
1747,0.1,170,0.13333333333333333,0.7198563308731665,0,92,4622,13,4777,str('KL'),1,str('stdev'),0.619,36
1748,0.11,207,0.19999999999999996,0.6737608224908778,0,127,1978,16,2343,str('H'),2,str('tstat'),0.387,58
1749,0.1,151,0.13333333333333333,0.7475744272275548,0,73,1805,8,337,str('H'),1,str('stdev'),0.739,6
1750,0.1,200,0.13333333333333333,0.6818169771383451,0,122,4180,18,2859,str('KL'),3,str('tstat'),0.258,78
1751,0.12,141,0.2666666666666666,0.7635895727106295,0,61,2588,1,1600,str('H'),2,str('tstat'),0.173,65
1752,0.1,157,0.13333333333333333,0.7384636705472114,0,79,272,24,4112,str('KL'),2,str('stdev'),0.814,43
1753,0.1,204,0.13333333333333333,0.6771797468631767,0,126,267,8,1469,str('KL'),1,str('tstat'),0.631,84
1754,0.1,179,0.13333333333333333,0.7077853864604593,0,101,2583,18,3912,str('H'),2,str('stdev'),0.364,12
1755,0.15,145,0.46666666666666656,0.7570521572813891,0,62,4175,1,235,str('KL'),3,str('stdev'),0.192,50
1756,0.1,190,0.13333333333333333,0.6938263082971938,0,112,1800,24,2669,str('H'),2,str('tstat'),0.798,72
1757,0.15,128,0.46666666666666656,0.7861848759739298,0,48,1983,3,4654,str('H'),3,str('stdev'),0.078,17
1758,0.1,170,0.13333333333333333,0.7198563308731665,0,92,4627,20,2132,str('KL'),2,str('tstat'),0.934,89
1759,0.17,202,0.6,0.6794869400665288,0,97,3699,13,3410,str('H'),3,str('tstat'),0.51,51
1760,0.11,169,0.19999999999999996,0.7212365801187866,0,90,1223,21,1741,str('H'),1,str('stdev'),0.138,17
1761,0.1,137,0.13333333333333333,0.7703137965019462,0,59,635,6,4061,str('H'),3,str('stdev'),0.365,80
1762,0.11,206,0.19999999999999996,0.6748949539474718,0,126,3303,16,1495,str('KL'),2,str('tstat'),0.632,2
1763,0.1,171,0.13333333333333333,0.7184841297738433,0,93,4856,2,2797,str('H'),3,str('tstat'),0.796,39
1764,0.22,237,0.9333333333333332,0.6420539557003453,0,73,2208,26,241,str('KL'),1,str('stdev'),0.19,67
1765,0.1,173,0.13333333333333333,0.7157635003770612,0,95,1414,5,2081,str('KL'),3,str('tstat'),0.933,21
1766,0.11,208,0.19999999999999996,0.6726321305345966,0,128,3785,22,4569,str('H'),2,str('stdev'),0.078,99
1767,0.1,134,0.13333333333333333,0.7754861326605458,0,56,2818,11,828,str('KL'),2,str('stdev'),0.494,62
1768,0.1,179,0.13333333333333333,0.7077853864604593,0,101,506,15,3306,str('H'),1,str('tstat'),0.512,34
1769,0.14,149,0.4,0.7506914505683682,0,67,390,10,1338,str('KL'),2,str('stdev'),0.683,55
1770,0.11,178,0.19999999999999996,0.7090964306410996,0,99,3017,14,3890,str('H'),3,str('tstat'),0.322,27
1771,0.1,141,0.13333333333333333,0.7635895727106295,0,63,3983,6,92,str('KL'),1,str('tstat'),0.249,16
1772,0.13,180,0.3333333333333333,0.7064816057197421,0,97,1298,23,2653,str('H'),2,str('stdev'),0.761,94
1773,0.1,173,0.13333333333333333,0.7157635003770612,0,95,2406,2,4396,str('H'),2,str('tstat'),0.113,46
1774,0.11,199,0.19999999999999996,0.6829907043682817,0,120,4741,25,1923,str('KL'),1,str('stdev'),0.875,74
1775,0.1,136,0.13333333333333333,0.7720253082041393,0,58,3188,7,3160,str('H'),1,str('stdev'),0.554,85
1776,0.1,156,0.13333333333333333,0.7399578458636504,0,78,770,25,2911,str('H'),3,str('stdev'),0.854,11
1777,0.17,174,0.6,0.7144148902578356,0,82,1124,13,78,str('H'),3,str('stdev'),0.644,99
1778,0.11,160,0.19999999999999996,0.7340372361914138,0,81,3456,16,2512,str('KL'),2,str('tstat'),0.346,20
1779,0.15,132,0.46666666666666656,0.7789986131171088,0,49,4402,3,1313,str('H'),3,str('tstat'),0.21,33
1780,0.11,166,0.19999999999999996,0.7254265748696861,0,87,2051,21,3756,str('KL'),1,str('stdev'),0.785,61
1781,0.14,135,0.4,0.7737493585653525,0,53,1595,1,3254,str('KL'),3,str('tstat'),0.089,2
1782,0.1,183,0.13333333333333333,0.7026130503018598,0,105,4224,24,742,str('H'),2,str('stdev'),0.913,80
1783,0.1,165,0.13333333333333333,0.7268399834533585,0,87,2690,8,4498,str('KL'),3,str('stdev'),0.531,69
1784,0.1,186,0.13333333333333333,0.6988070618723943,0,108,3,19,1976,str('H'),1,str('tstat'),0.482,40
1785,0.17,68,0.6,0.9334333852565074,0,11,153,0,1246,str('H'),3,str('tstat'),0.986,72
1786,0.1,216,0.13333333333333333,0.6637923374095407,0,138,2780,24,3685,str('KL'),1,str('stdev'),0.002,50
1787,0.19,159,0.7333333333333333,0.7355034828148477,0,67,4372,9,2483,str('H'),1,str('stdev'),0.43,12
1788,0.1,175,0.13333333333333333,0.7130739645684552,0,97,1686,19,4931,str('KL'),2,str('tstat'),0.568,84
1789,0.11,178,0.19999999999999996,0.7090964306410996,0,99,2170,12,3022,str('KL'),3,str('stdev'),0.308,29
1790,0.1,139,0.13333333333333333,0.7669276687044017,0,61,4503,15,504,str('H'),1,str('tstat'),0.696,51
1791,0.15,183,0.46666666666666656,0.7026130503018598,0,97,3576,4,4267,str('KL'),2,str('tstat'),0.872,89
1792,0.1,145,0.13333333333333333,0.7570521572813891,0,67,1003,15,4663,str('KL'),3,str('tstat'),0.535,13
1793,0.1,243,0.13333333333333333,0.6361947695196402,0,161,885,2,2350,str('KL'),1,str('tstat'),0.962,76
1794,0.21,97,0.8666666666666666,0.8508646330405213,0,20,3220,26,4906,str('H'),3,str('stdev'),0.04,4
1795,0.1,133,0.13333333333333333,0.7772358196928197,0,54,4793,7,1105,str('KL'),3,str('stdev'),0.406,43
1796,0.12,219,0.2666666666666666,0.6605611861218892,0,132,2437,17,3671,str('H'),2,str('tstat'),0.607,64
1797,0.1,139,0.13333333333333333,0.7669276687044017,0,61,1360,11,4320,str('H'),1,str('stdev'),0.27,25
1798,0.11,177,0.19999999999999996,0.7104148196453782,0,98,3985,14,1842,str('KL'),3,str('tstat'),0.72,97
1799,0.1,214,0.13333333333333333,0.6659713513272776,0,136,3077,5,3086,str('H'),3,str('tstat'),0.834,59
1800,0.11,175,0.19999999999999996,0.7130739645684552,0,96,393,22,598,str('KL'),3,str('stdev'),0.162,37
1801,0.1,130,0.13333333333333333,0.7825643149956816,0,50,590,6,4764,str('H'),3,str('tstat'),0.021,53
1802,0.12,170,0.2666666666666666,0.7198563308731665,0,90,2963,23,2203,str('KL'),1,str('stdev'),0.974,31
1803,0.14,147,0.4,0.7538503143967605,0,65,3871,10,3497,str('H'),3,str('stdev'),0.579,18
1804,0.16,173,0.5333333333333332,0.7157635003770612,0,86,1557,13,946,str('KL'),3,str('tstat'),0.41,90
1805,0.1,147,0.13333333333333333,0.7538503143967605,0,69,2323,8,1694,str('KL'),3,str('stdev'),0.716,48
1806,0.1,177,0.13333333333333333,0.7104148196453782,0,99,4990,18,4177,str('H'),2,str('tstat'),0.297,70
1807,0.15,225,0.46666666666666656,0.6542290062071052,0,118,3418,1,438,str('KL'),1,str('tstat'),0.15,83
1808,0.12,259,0.2666666666666666,0.6212480440443119,0,143,927,23,4840,str('H'),1,str('tstat'),0.704,3
1809,0.19,204,0.7333333333333333,0.6771797468631767,0,90,967,9,1899,str('H'),2,str('tstat'),0.789,91
1810,0.1,174,0.13333333333333333,0.7144148902578356,0,96,3612,19,4421,str('KL'),1,str('stdev'),0.214,19
1811,0.18,70,0.6666666666666665,0.9267091614651907,0,11,4559,0,663,str('H'),3,str('stdev'),0.357,30
1812,0.1,166,0.13333333333333333,0.7254265748696861,0,88,1895,24,3175,str('KL'),2,str('tstat'),0.655,52
1813,0.13,184,0.3333333333333333,0.7013375359501945,0,100,1751,4,3835,str('KL'),2,str('stdev'),0.47,10
1814,0.1,160,0.13333333333333333,0.7340372361914138,0,82,4068,20,1391,str('H'),1,str('tstat'),0.519,82
1815,0.12,194,0.2666666666666666,0.6889487902443983,0,114,2534,12,2589,str('KL'),1,str('tstat'),0.91,71
1816,0.11,241,0.19999999999999996,0.6381316678754967,0,151,159,16,155,str('H'),2,str('stdev'),0.085,49
1817,0.18,183,0.6666666666666665,0.7026130503018598,0,88,197,9,2664,str('KL'),2,str('stdev'),0.342,74
1818,0.1,138,0.13333333333333333,0.7686146423927286,0,60,2570,19,215,str('H'),1,str('tstat'),0.671,46
1819,0.18,68,0.6666666666666665,0.9334333852565074,0,9,4104,0,3921,str('KL'),1,str('tstat'),0.774,9
1820,0.12,164,0.2666666666666666,0.7282619323219758,0,84,1789,23,1482,str('H'),3,str('stdev'),0.23,87
1821,0.14,169,0.4,0.7212365801187866,0,86,1931,4,880,str('H'),2,str('tstat'),0.894,27
1822,0.11,216,0.19999999999999996,0.6637923374095407,0,133,4596,21,3407,str('KL'),1,str('stdev'),0.101,55
1823,0.1,168,0.13333333333333333,0.7226249724749032,0,90,3649,11,2146,str('H'),1,str('stdev'),0.455,92
1824,0.1,167,0.13333333333333333,0.7240216045964928,0,89,1159,20,2744,str('KL'),3,str('stdev'),0.898,24
1825,0.1,228,0.13333333333333333,0.65112568446577,0,150,729,5,518,str('KL'),2,str('stdev'),0.595,87
1826,0.11,200,0.19999999999999996,0.6818169771383451,0,121,3377,22,3006,str('H'),2,str('tstat'),0.394,9
1827,0.1,135,0.13333333333333333,0.7737493585653525,0,57,4949,11,1764,str('KL'),2,str('tstat'),0.036,47
1828,0.11,156,0.19999999999999996,0.7399578458636504,0,77,2281,14,4242,str('H'),3,str('stdev'),0.958,75
1829,0.1,151,0.13333333333333333,0.7475744272275548,0,73,1517,7,3749,str('H'),2,str('tstat'),0.166,14
1830,0.12,286,0.2666666666666666,0.5979971224447354,0,149,3829,17,1183,str('KL'),1,str('stdev'),0.838,92
1831,0.1,179,0.13333333333333333,0.7077853864604593,0,101,2921,2,4986,str('H'),2,str('stdev'),0.731,54
1832,0.22,102,0.9333333333333332,0.8391541663420585,0,23,549,26,2429,str('KL'),3,str('tstat'),0.281,26
1833,0.16,181,0.5333333333333332,0.7051850083804319,0,94,434,1,2835,str('H'),1,str('stdev'),0.421,61
1834,0.1,167,0.13333333333333333,0.7240216045964928,0,89,3119,25,362,str('KL'),2,str('tstat'),0.591,33
1835,0.1,180,0.13333333333333333,0.7064816057197421,0,102,4028,8,4098,str('H'),3,str('tstat'),0.978,20
1836,0.1,218,0.13333333333333333,0.6616333147269143,0,140,1401,18,1615,str('KL'),2,str('stdev'),0.025,98
1837,0.15,171,0.46666666666666656,0.7184841297738433,0,86,2479,10,1025,str('KL'),2,str('tstat'),0.85,40
1838,0.15,143,0.46666666666666656,0.7602981649070252,0,60,4833,13,3576,str('H'),1,str('stdev'),0.146,68
1839,0.1,138,0.13333333333333333,0.7686146423927286,0,60,3262,6,2279,str('KL'),3,str('stdev'),0.285,81
1840,0.11,195,0.19999999999999996,0.6877450442859603,0,116,678,14,1258,str('KL'),1,str('stdev'),0.125,6
1841,0.15,171,0.46666666666666656,0.7184841297738433,0,86,1187,1,4192,str('KL'),3,str('stdev'),0.383,93
1842,0.11,175,0.19999999999999996,0.7130739645684552,0,96,3538,25,1680,str('H'),1,str('tstat'),0.615,15
1843,0.1,170,0.13333333333333333,0.7198563308731665,0,92,4466,8,2936,str('KL'),2,str('tstat'),0.939,28
1844,0.1,177,0.13333333333333333,0.7104148196453782,0,99,2134,18,414,str('H'),3,str('stdev'),0.049,56
1845,0.17,166,0.6,0.7254265748696861,0,78,1649,13,2265,str('H'),2,str('tstat'),0.826,8
1846,0.11,168,0.19999999999999996,0.7226249724749032,0,89,4336,16,4699,str('KL'),3,str('stdev'),0.185,86
1847,0.15,199,0.46666666666666656,0.6829907043682817,0,105,2745,3,999,str('H'),1,str('stdev'),0.261,73
1848,0.1,135,0.13333333333333333,0.7737493585653525,0,57,116,20,3443,str('KL'),3,str('tstat'),0.743,45
1849,0.11,163,0.19999999999999996,0.7296925253097426,0,84,40,12,4583,str('KL'),1,str('tstat'),0.226,64
1850,0.1,142,0.13333333333333333,0.7619381145524806,0,64,2727,15,2066,str('H'),2,str('stdev'),0.77,42
1851,0.16,213,0.5333333333333332,0.6670684713645746,0,107,4260,4,3330,str('KL'),2,str('stdev'),0.659,5
1852,0.11,309,0.19999999999999996,0.5798553730734208,0,163,1632,21,803,str('H'),1,str('tstat'),0.33,77
1853,0.18,71,0.6666666666666665,0.9234177536615864,0,12,2087,0,1559,str('H'),1,str('stdev'),0.546,37
1854,0.13,212,0.3333333333333333,0.6681707301561548,0,112,4440,23,3998,str('KL'),2,str('tstat'),0.466,59
1855,0.19,502,0.7333333333333333,0.4659505653413303,0,105,3493,9,296,str('H'),2,str('tstat'),0.105,96
1856,0.1,171,0.13333333333333333,0.7184841297738433,0,93,1066,24,1169,str('H'),2,str('tstat'),0.304,22
1857,0.1,135,0.13333333333333333,0.7737493585653525,0,57,792,11,3382,str('H'),3,str('tstat'),0.202,84
1858,0.13,173,0.3333333333333333,0.7157635003770612,0,90,3147,14,904,str('KL'),1,str('stdev'),0.808,13
1859,0.1,158,0.13333333333333333,0.7369789222671177,0,80,4700,5,4648,str('H'),1,str('stdev'),0.636,49
1860,0.11,230,0.19999999999999996,0.6490793079035345,0,144,2364,22,2160,str('KL'),2,str('tstat'),0.368,71
1861,0.16,145,0.5333333333333332,0.7570521572813891,0,60,1257,3,162,str('KL'),2,str('stdev'),0.507,17
1862,0.21,113,0.8666666666666666,0.8152751734276412,0,35,3941,26,2719,str('H'),1,str('tstat'),0.49,89
1863,0.1,138,0.13333333333333333,0.7686146423927286,0,60,2974,6,1419,str('KL'),3,str('tstat'),0.066,52
1864,0.12,185,0.2666666666666666,0.7000688977200731,0,105,349,17,3985,str('H'),2,str('stdev'),0.922,30
1865,0.1,144,0.13333333333333333,0.75866956448497,0,66,547,7,757,str('KL'),1,str('tstat'),0.75,57
1866,0.12,213,0.2666666666666666,0.6670684713645746,0,129,2860,17,3240,str('H'),2,str('stdev'),0.237,36
1867,0.1,161,0.13333333333333333,0.7325800685526371,0,83,3827,2,2001,str('KL'),2,str('stdev'),0.318,24
1868,0.21,93,0.8666666666666666,0.8606715446024541,0,16,1455,26,4474,str('H'),3,str('tstat'),0.678,96
1869,0.1,145,0.13333333333333333,0.7570521572813891,0,67,2250,6,2575,str('H'),1,str('stdev'),0.447,44
1870,0.11,177,0.19999999999999996,0.7104148196453782,0,98,4897,22,14,str('KL'),3,str('tstat'),0.558,65
1871,0.13,150,0.3333333333333333,0.7491277782255682,0,69,3344,10,3810,str('H'),2,str('tstat'),0.887,77
1872,0.1,215,0.13333333333333333,0.6648793223525504,0,137,814,24,2044,str('KL'),1,str('tstat'),0.434,65
1873,0.13,140,0.3333333333333333,0.7652527020479793,0,59,1089,10,4969,str('KL'),3,str('tstat'),0.068,28
1874,0.13,147,0.3333333333333333,0.7538503143967605,0,66,3714,13,2442,str('H'),1,str('stdev'),0.928,56
1875,0.1,138,0.13333333333333333,0.7686146423927286,0,60,4681,6,3725,str('KL'),2,str('stdev'),0.5,94
1876,0.13,175,0.3333333333333333,0.7130739645684552,0,92,1997,23,1208,str('H'),3,str('tstat'),0.487,16
1877,0.1,168,0.13333333333333333,0.7226249724749032,0,90,1863,2,1779,str('H'),3,str('stdev'),0.637,73
1878,0.1,161,0.13333333333333333,0.7325800685526371,0,83,4199,25,4228,str('KL'),1,str('tstat'),0.374,45
1879,0.1,178,0.13333333333333333,0.7090964306410996,0,100,2647,8,544,str('H'),3,str('tstat'),0.198,7
1880,0.1,168,0.13333333333333333,0.7226249724749032,0,90,292,18,2983,str('KL'),3,str('stdev'),0.808,85
1881,0.16,180,0.5333333333333332,0.7064816057197421,0,93,309,4,1817,str('H'),3,str('stdev'),0.572,68
1882,0.11,181,0.19999999999999996,0.7051850083804319,0,102,2624,21,4344,str('KL'),1,str('tstat'),0.433,39
1883,0.12,171,0.2666666666666666,0.7184841297738433,0,91,4216,12,583,str('H'),3,str('tstat'),0.013,1
1884,0.1,142,0.13333333333333333,0.7619381145524806,0,64,1842,15,3100,str('KL'),1,str('stdev'),0.998,79
1885,0.11,127,0.19999999999999996,0.7880162612614134,0,49,2014,9,4853,str('KL'),3,str('tstat'),0.126,33
1886,0.1,169,0.13333333333333333,0.7212365801187866,0,91,4660,19,2404,str('H'),3,str('stdev'),0.861,62
1887,0.16,59,0.5333333333333332,0.9663238177694953,0,3,3732,0,3608,str('KL'),3,str('stdev'),0.692,100
1888,0.11,302,0.19999999999999996,0.5852302323269362,0,162,1203,14,374,str('H'),1,str('stdev'),0.24,63
1889,0.16,76,0.5333333333333332,0.9076177392125702,0,19,694,0,2615,str('H'),2,str('stdev'),0.263,50
1890,0.12,561,0.2666666666666666,0.43984951768006475,0,157,3323,23,132,str('KL'),1,str('tstat'),0.749,72
1891,0.13,173,0.3333333333333333,0.7157635003770612,0,90,4915,10,3849,str('H'),1,str('tstat'),0.821,84
1892,0.1,141,0.13333333333333333,0.7635895727106295,0,63,2228,19,1376,str('KL'),3,str('stdev'),0.184,12
1893,0.12,214,0.2666666666666666,0.6659713513272776,0,130,1472,12,639,str('KL'),2,str('tstat'),0.942,51
1894,0.1,142,0.13333333333333333,0.7619381145524806,0,64,3804,15,3200,str('H'),3,str('stdev'),0.055,29
1895,0.1,174,0.13333333333333333,0.7144148902578356,0,96,2877,5,1883,str('KL'),1,str('stdev'),0.376,17
1896,0.11,172,0.19999999999999996,0.717119883508187,0,93,525,21,4435,str('H'),3,str('tstat'),0.612,89
1897,0.16,172,0.5333333333333332,0.717119883508187,0,85,332,3,279,str('KL'),1,str('stdev'),0.69,23
1898,0.1,150,0.13333333333333333,0.7491277782255682,0,72,2997,20,2757,str('H'),2,str('tstat'),0.298,94
1899,0.1,179,0.13333333333333333,0.7077853864604593,0,101,3925,12,1535,str('KL'),3,str('tstat'),0.133,58
1900,0.11,185,0.19999999999999996,0.7000688977200731,0,106,1279,16,4023,str('H'),1,str('stdev'),0.864,36
1901,0.1,157,0.13333333333333333,0.7384636705472114,0,79,2348,8,3344,str('H'),1,str('tstat'),0.012,79
1902,0.1,139,0.13333333333333333,0.7669276687044017,0,61,4721,19,787,str('KL'),2,str('stdev'),0.992,7
1903,0.15,154,0.46666666666666656,0.742974961827982,0,71,3129,1,4610,str('H'),2,str('stdev'),0.576,43
1904,0.1,173,0.13333333333333333,0.7157635003770612,0,95,712,18,4361,str('H'),3,str('stdev'),0.768,69
1905,0.1,160,0.13333333333333333,0.7340372361914138,0,82,1143,5,1441,str('H'),2,str('stdev'),0.728,31
1906,0.11,198,0.19999999999999996,0.6841703149673048,0,119,3514,23,3958,str('KL'),3,str('tstat'),0.274,53
1907,0.14,715,0.4,0.38285725313197727,0,132,4422,10,178,str('H'),1,str('tstat'),0.172,90
1908,0.17,159,0.6,0.7355034828148477,0,72,2110,13,2705,str('KL'),3,str('stdev'),0.84,18
1909,0.1,162,0.13333333333333333,0.7311318681561029,0,84,1615,7,4623,str('KL'),2,str('tstat'),0.036,70
1910,0.12,189,0.2666666666666666,0.6950616487809889,0,109,4283,17,2184,str('H'),3,str('stdev'),0.954,48
1911,0.1,166,0.13333333333333333,0.7254265748696861,0,88,2710,2,3369,str('KL'),1,str('stdev'),0.6,11
1912,0.11,171,0.19999999999999996,0.7184841297738433,0,92,62,25,920,str('H'),3,str('tstat'),0.396,83
1913,0.1,136,0.13333333333333333,0.7720253082041393,0,58,94,7,2305,str('H'),1,str('tstat'),0.885,1
1914,0.11,166,0.19999999999999996,0.7254265748696861,0,87,2761,17,4817,str('KL'),3,str('stdev'),0.119,80
1915,0.1,169,0.13333333333333333,0.7212365801187866,0,91,4313,2,1039,str('H'),3,str('stdev'),0.452,66
1916,0.21,88,0.8666666666666666,0.8735344083999395,0,11,1666,26,3561,str('KL'),2,str('tstat'),0.559,38
1917,0.1,203,0.13333333333333333,0.6783305160108779,0,125,2112,5,4074,str('KL'),1,str('stdev'),0.316,100
1918,0.11,183,0.19999999999999996,0.7026130503018598,0,104,4484,22,1640,str('H'),3,str('tstat'),0.672,22
1919,0.15,180,0.46666666666666656,0.7064816057197421,0,94,3517,10,2818,str('KL'),2,str('tstat'),0.757,35
1920,0.11,198,0.19999999999999996,0.6841703149673048,0,119,945,22,3213,str('KL'),1,str('tstat'),0.589,59
1921,0.2,167,0.7999999999999999,0.7240216045964928,0,69,904,9,987,str('KL'),3,str('tstat'),0.909,46
1922,0.1,193,0.13333333333333333,0.6901587251552692,0,115,3279,19,3460,str('H'),1,str('stdev'),0.081,74
1923,0.15,58,0.46666666666666656,0.9702790675415603,0,2,4812,0,2240,str('KL'),3,str('stdev'),0.476,88
1924,0.1,183,0.13333333333333333,0.7026130503018598,0,105,2496,24,4723,str('H'),1,str('tstat'),0.52,10
1925,0.15,208,0.46666666666666656,0.6726321305345966,0,110,1380,4,2951,str('H'),3,str('stdev'),0.354,55
1926,0.11,191,0.19999999999999996,0.6925974187069388,0,112,4044,21,400,str('KL'),1,str('tstat'),0.649,27
1927,0.12,188,0.2666666666666666,0.6963035082421045,0,108,3096,12,4215,str('H'),2,str('tstat'),0.796,13
1928,0.1,161,0.13333333333333333,0.7325800685526371,0,83,452,15,1654,str('KL'),1,str('stdev'),0.217,91
1929,0.17,179,0.6,0.7077853864604593,0,86,571,13,3631,str('H'),2,str('tstat'),0.108,20
1930,0.11,176,0.19999999999999996,0.7117406362325246,0,97,2904,16,1144,str('KL'),3,str('stdev'),0.905,98
1931,0.15,150,0.46666666666666656,0.7491277782255682,0,67,3852,3,4868,str('H'),2,str('stdev'),0.54,60
1932,0.1,149,0.13333333333333333,0.7506914505683682,0,71,1499,20,2390,str('KL'),2,str('tstat'),0.464,32
1933,0.15,244,0.46666666666666656,0.6352322658393943,0,122,2303,1,558,str('KL'),1,str('stdev'),0.66,81
1934,0.11,172,0.19999999999999996,0.717119883508187,0,93,4931,25,3124,str('H'),3,str('tstat'),0.335,3
1935,0.1,146,0.13333333333333333,0.7554457904860468,0,68,3398,8,1805,str('KL'),3,str('tstat'),0.221,41
1936,0.11,163,0.19999999999999996,0.7296925253097426,0,84,868,16,3711,str('H'),3,str('tstat'),0.664,70
1937,0.1,167,0.13333333333333333,0.7240216045964928,0,89,987,2,841,str('H'),1,str('tstat'),0.829,33
1938,0.11,221,0.19999999999999996,0.6584314718422857,0,138,3670,25,3289,str('KL'),3,str('stdev'),0.16,61
1939,0.1,138,0.13333333333333333,0.7686146423927286,0,60,4578,7,2107,str('H'),2,str('stdev'),0.27,97
1940,0.11,186,0.19999999999999996,0.6988070618723943,0,107,1953,17,4546,str('KL'),1,str('tstat'),0.724,19
1941,0.13,163,0.3333333333333333,0.7296925253097426,0,82,1771,10,2782,str('KL'),1,str('stdev'),0.399,68
1942,0.1,183,0.13333333333333333,0.7026130503018598,0,105,4126,14,255,str('H'),2,str('tstat'),0.604,40
1943,0.1,137,0.13333333333333333,0.7703137965019462,0,59,2554,6,4038,str('KL'),2,str('tstat'),0.966,3
1944,0.11,224,0.19999999999999996,0.6552726080138934,0,141,218,22,1521,str('H'),3,str('stdev'),0.048,82
1945,0.16,207,0.5333333333333332,0.6737608224908778,0,106,177,3,3796,str('KL'),1,str('stdev'),0.286,4
1946,0.22,139,0.9333333333333332,0.7669276687044017,0,53,2512,26,1274,str('H'),2,str('tstat'),0.709,76
1947,0.1,134,0.13333333333333333,0.7754861326605458,0,56,4084,7,2550,str('KL'),3,str('tstat'),0.844,64
1948,0.12,265,0.2666666666666666,0.6158790243625476,0,147,1730,17,38,str('H'),1,str('stdev'),0.144,42
1949,0.1,143,0.13333333333333333,0.7602981649070252,0,65,1911,11,2016,str('H'),1,str('tstat'),0.981,97
1950,0.1,142,0.13333333333333333,0.7619381145524806,0,64,4538,15,4460,str('KL'),2,str('stdev'),0.032,25
1951,0.1,177,0.13333333333333333,0.7104148196453782,0,99,3629,5,779,str('H'),3,str('stdev'),0.415,37
1952,0.21,90,0.8666666666666666,0.868304597134993,0,13,1101,26,3873,str('KL'),2,str('stdev'),0.97,54
1953,0.1,163,0.13333333333333333,0.7296925253097426,0,85,748,12,1577,str('KL'),3,str('stdev'),0.524,41
1954,0.1,144,0.13333333333333333,0.75866956448497,0,66,3435,15,4139,str('H'),3,str('tstat'),0.479,63
1955,0.14,156,0.4,0.7399578458636504,0,74,4968,4,321,str('KL'),3,str('tstat'),0.092,76
1956,0.11,192,0.19999999999999996,0.6913749129874984,0,113,2340,21,2872,str('H'),2,str('stdev'),0.921,4
1957,0.17,66,0.6,0.940355408447381,0,9,1536,0,4802,str('H'),3,str('tstat'),0.205,60
1958,0.1,167,0.13333333333333333,0.7240216045964928,0,89,3888,24,2319,str('KL'),2,str('stdev'),0.784,38
1959,0.19,182,0.7333333333333333,0.7038955157197266,0,80,2940,9,3536,str('H'),3,str('stdev'),0.644,25
1960,0.1,175,0.13333333333333333,0.7130739645684552,0,97,608,19,1063,str('KL'),2,str('tstat'),0.35,96
1961,0.1,154,0.13333333333333333,0.742974961827982,0,76,415,8,4281,str('H'),1,str('stdev'),0.46,19
1962,0.1,247,0.13333333333333333,0.6323681515199866,0,165,3060,18,1724,str('KL'),2,str('tstat'),0.536,91
1963,0.16,162,0.5333333333333332,0.7311318681561029,0,75,4008,1,3046,str('H'),1,str('tstat'),0.894,53
1964,0.11,170,0.19999999999999996,0.7198563308731665,0,91,1342,25,480,str('KL'),3,str('stdev'),0.096,31
1965,0.15,163,0.46666666666666656,0.7296925253097426,0,80,2460,3,2467,str('KL'),2,str('tstat'),0.78,82
1966,0.1,138,0.13333333333333333,0.7686146423927286,0,60,4775,20,4945,str('H'),3,str('stdev'),0.232,10
1967,0.15,170,0.46666666666666656,0.7198563308731665,0,85,3242,13,1223,str('KL'),2,str('stdev'),0.338,48
1968,0.1,138,0.13333333333333333,0.7686146423927286,0,60,658,20,203,str('KL'),2,str('stdev'),0.008,73
1969,0.1,173,0.13333333333333333,0.7157635003770612,0,95,1245,8,3060,str('KL'),1,str('stdev'),0.498,35
1970,0.1,194,0.13333333333333333,0.6889487902443983,0,116,3558,18,621,str('H'),2,str('tstat'),0.512,57
1971,0.16,150,0.5333333333333332,0.7491277782255682,0,64,4525,1,4307,str('KL'),3,str('tstat'),0.932,95
1972,0.11,183,0.19999999999999996,0.7026130503018598,0,104,2154,25,1858,str('H'),2,str('stdev'),0.072,23
1973,0.1,136,0.13333333333333333,0.7720253082041393,0,58,1707,6,1130,str('H'),1,str('tstat'),0.804,66
1974,0.12,176,0.2666666666666666,0.7117406362325246,0,96,4356,23,3647,str('KL'),3,str('stdev'),0.194,44
1975,0.14,149,0.4,0.7506914505683682,0,67,2803,10,2366,str('H'),3,str('stdev'),0.362,6
1976,0.15,170,0.46666666666666656,0.7198563308731665,0,85,135,13,4893,str('KL'),2,str('tstat'),0.625,78
1977,0.1,169,0.13333333333333333,0.7212365801187866,0,91,21,5,3137,str('KL'),2,str('tstat'),0.156,9
1978,0.11,312,0.19999999999999996,0.5775889174641315,0,164,2668,22,703,str('H'),1,str('stdev'),0.856,87
1979,0.1,145,0.13333333333333333,0.7570521572813891,0,67,4240,11,4381,str('KL'),3,str('stdev'),0.712,75
1980,0.12,197,0.2666666666666666,0.6853558682140669,0,117,1574,14,1938,str('H'),2,str('tstat'),0.29,47
1981,0.1,167,0.13333333333333333,0.7240216045964928,0,89,2067,6,117,str('H'),2,str('stdev'),0.584,92
1982,0.12,191,0.2666666666666666,0.6925974187069388,0,111,4381,17,2629,str('KL'),1,str('tstat'),0.411,14
1983,0.16,166,0.5333333333333332,0.7254265748696861,0,79,3473,3,1351,str('H'),1,str('tstat'),0.02,26
1984,0.12,171,0.2666666666666666,0.7184841297738433,0,91,1047,17,2225,str('H'),3,str('tstat'),0.327,51
1985,0.13,159,0.3333333333333333,0.7355034828148477,0,78,850,4,4514,str('H'),1,str('tstat'),0.18,39
1986,0.11,155,0.19999999999999996,0.7414615686909642,0,76,3166,21,1963,str('KL'),2,str('stdev'),0.818,67
1987,0.12,180,0.2666666666666666,0.7064816057197421,0,100,4759,12,3278,str('H'),2,str('stdev'),0.736,79
1988,0.1,135,0.13333333333333333,0.7737493585653525,0,57,2384,15,716,str('KL'),3,str('tstat'),0.251,1
1989,0.19,183,0.7333333333333333,0.7026130503018598,0,81,1316,9,1298,str('KL'),1,str('stdev'),0.623,62
1990,0.1,133,0.13333333333333333,0.7772358196928197,0,54,3960,20,3771,str('H'),2,str('tstat'),0.387,34
1991,0.18,75,0.6666666666666665,0.910694015982116,0,16,3033,0,52,str('KL'),2,str('tstat'),0.059,22
1992,0.12,226,0.2666666666666666,0.6531900119288148,0,133,369,23,2535,str('H'),1,str('stdev'),0.946,100
1993,0.17,68,0.6,0.9334333852565074,0,11,488,0,2120,str('KL'),3,str('tstat'),0.868,15
1994,0.1,253,0.13333333333333333,0.6267424217472056,0,171,2841,24,4686,str('H'),1,str('stdev'),0.137,93
1995,0.19,260,0.7333333333333333,0.6203446578225864,0,97,3768,9,866,str('KL'),1,str('stdev'),0.31,56
1996,0.1,171,0.13333333333333333,0.7184841297738433,0,93,1435,18,3422,str('H'),2,str('tstat'),0.701,28
1997,0.12,185,0.2666666666666666,0.7000688977200731,0,105,2192,12,3944,str('H'),2,str('stdev'),0.422,86
1998,0.11,176,0.19999999999999996,0.7117406362325246,0,97,4878,16,1456,str('KL'),1,str('tstat'),0.564,8
1999,0.16,171,0.5333333333333332,0.7184841297738433,0,84,3285,4,2681,str('H'),3,str('tstat'),0.989,45
2000,0.11,158,0.19999999999999996,0.7369789222671177,0,79,847,21,2688,str('KL'),1,str('tstat'),0.074,29
2001,0.1,144,0.13333333333333333,0.75866956448497,0,66,1041,7,614,str('KL'),2,str('tstat'),0.426,67
2002,0.12,170,0.2666666666666666,0.7198563308731665,0,90,3689,17,3048,str('H'),3,str('stdev'),0.564,38
2003,0.1,252,0.13333333333333333,0.6276707536089015,0,170,4637,2,1871,str('KL'),1,str('stdev'),0.99,2
2004,0.21,94,0.8666666666666666,0.8581812375355501,0,17,1969,26,4314,str('H'),2,str('tstat'),0.005,80
2005,0.1,148,0.13333333333333333,0.75226558233568,0,70,1829,5,3634,str('H'),2,str('stdev'),0.868,34
2006,0.11,183,0.19999999999999996,0.7026130503018598,0,104,4141,22,1122,str('KL'),1,str('tstat'),0.134,63
2007,0.1,140,0.13333333333333333,0.7652527020479793,0,62,2608,11,4899,str('H'),1,str('tstat'),0.312,99
2008,0.12,196,0.2666666666666666,0.6865474242876628,0,116,237,14,2377,str('KL'),3,str('stdev'),0.7,21
2009,0.1,146,0.13333333333333333,0.7554457904860468,0,68,251,11,454,str('H'),3,str('stdev'),0.547,13
2010,0.11,151,0.19999999999999996,0.7475744272275548,0,72,2605,14,2898,str('KL'),3,str('tstat'),0.44,85
2011,0.1,164,0.13333333333333333,0.7282619323219758,0,86,4157,5,1718,str('H'),2,str('tstat'),0.115,71
2012,0.11,192,0.19999999999999996,0.6913749129874984,0,113,1823,22,4152,str('KL'),3,str('stdev'),0.881,49
2013,0.1,154,0.13333333333333333,0.742974961827982,0,76,1955,2,3484,str('KL'),2,str('tstat'),0.245,88
2014,0.22,85,0.9333333333333332,0.8816037185284046,0,6,4640,26,962,str('H'),3,str('stdev'),0.761,16
2015,0.1,147,0.13333333333333333,0.7538503143967605,0,69,3673,7,4737,str('KL'),1,str('stdev'),0.684,30
2016,0.1,173,0.13333333333333333,0.7157635003770612,0,95,1239,18,4730,str('H'),1,str('stdev'),0.254,46
2017,0.16,169,0.5333333333333332,0.7212365801187866,0,82,654,4,1970,str('H'),3,str('stdev'),0.245,58
2018,0.1,139,0.13333333333333333,0.7669276687044017,0,61,3299,20,4526,str('KL'),1,str('tstat'),0.757,36
2019,0.12,193,0.2666666666666666,0.6901587251552692,0,113,4871,12,704,str('H'),3,str('tstat'),0.686,23
2020,0.11,151,0.19999999999999996,0.7475744272275548,0,72,2207,16,3270,str('KL'),1,str('stdev'),0.326,95
2021,0.19,162,0.7333333333333333,0.7311318681561029,0,69,1439,9,3784,str('KL'),3,str('tstat'),0.551,43
2022,0.1,156,0.13333333333333333,0.7399578458636504,0,78,3755,19,1306,str('H'),2,str('stdev'),0.439,65
2023,0.14,55,0.4,0.9825600359055284,1,1,2847,0,2528,str('KL'),3,str('stdev'),0.117,78
2024,0.1,159,0.13333333333333333,0.7355034828148477,0,81,472,24,40,str('H'),3,str('tstat'),0.879,6
2025,0.15,62,0.46666666666666656,0.9548419395511404,0,7,353,0,4674,str('KL'),2,str('stdev'),0.8,83
2026,0.12,173,0.2666666666666666,0.7157635003770612,0,93,3039,23,2113,str('H'),3,str('tstat'),0.194,11
2027,0.19,160,0.7333333333333333,0.7340372361914138,0,68,3947,9,3430,str('KL'),3,str('tstat'),0.361,50
2028,0.1,136,0.13333333333333333,0.7720253082041393,0,58,1320,20,879,str('H'),1,str('stdev'),0.628,72
2029,0.12,205,0.2666666666666666,0.6760345775874974,0,124,2400,12,1448,str('H'),1,str('tstat'),0.498,18
2030,0.1,143,0.13333333333333333,0.7602981649070252,0,65,4752,15,3931,str('KL'),3,str('stdev'),0.515,89
2031,0.14,180,0.4,0.7064816057197421,0,95,3180,4,215,str('H'),2,str('stdev'),0.929,51
2032,0.1,148,0.13333333333333333,0.75226558233568,0,70,754,15,1216,str('H'),1,str('stdev'),0.724,27
2033,0.15,133,0.46666666666666656,0.7772358196928197,0,51,1104,3,3297,str('H'),3,str('stdev'),0.777,64
2034,0.21,84,0.8666666666666666,0.8843561688733478,0,7,3460,26,853,str('KL'),2,str('tstat'),0.234,42
2035,0.1,172,0.13333333333333333,0.717119883508187,0,94,4387,6,4534,str('H'),3,str('tstat'),0.338,4
2036,0.12,207,0.2666666666666666,0.6737608224908778,0,126,2052,17,2100,str('KL'),2,str('stdev'),0.667,76
2037,0.1,141,0.13333333333333333,0.7635895727106295,0,63,1570,11,267,str('KL'),3,str('tstat'),0.458,37
2038,0.1,181,0.13333333333333333,0.7051850083804319,0,103,4254,14,2789,str('H'),2,str('stdev'),0.538,59
2039,0.1,200,0.13333333333333333,0.6818169771383451,0,122,2662,5,1513,str('KL'),2,str('stdev'),0.89,97
2040,0.11,162,0.19999999999999996,0.7311318681561029,0,83,37,22,4025,str('H'),1,str('tstat'),0.097,25
2041,0.13,166,0.3333333333333333,0.7254265748696861,0,84,122,10,2910,str('H'),1,str('tstat'),0.623,94
2042,0.17,174,0.6,0.7144148902578356,0,82,2807,13,461,str('KL'),2,str('stdev'),0.391,15
2043,0.1,131,0.13333333333333333,0.7807747107685417,0,51,4340,6,4144,str('H'),3,str('stdev'),0.056,27
2044,0.12,198,0.2666666666666666,0.6841703149673048,0,118,1713,23,1705,str('KL'),1,str('tstat'),0.947,56
2045,0.15,150,0.46666666666666656,0.7491277782255682,0,67,2167,1,970,str('KL'),3,str('stdev'),0.177,7
2046,0.11,229,0.19999999999999996,0.650100271855294,0,143,4521,25,3497,str('H'),2,str('tstat'),0.818,86
2047,0.1,185,0.13333333333333333,0.7000688977200731,0,107,3574,8,2213,str('KL'),2,str('tstat'),0.735,74
2048,0.11,197,0.19999999999999996,0.6853558682140669,0,118,990,25,1359,str('KL'),1,str('tstat'),0.917,48
2049,0.17,177,0.6,0.7104148196453782,0,84,874,13,4131,str('KL'),2,str('tstat'),0.583,60
2050,0.11,185,0.19999999999999996,0.7000688977200731,0,106,3226,16,1565,str('H'),1,str('stdev'),0.414,32
2051,0.16,141,0.5333333333333332,0.7635895727106295,0,57,4778,3,2884,str('KL'),1,str('stdev'),0.017,21
2052,0.1,143,0.13333333333333333,0.7602981649070252,0,65,2446,20,328,str('H'),2,str('tstat'),0.97,99
2053,0.14,138,0.4,0.7686146423927286,0,55,1336,1,2307,str('H'),2,str('stdev'),0.154,41
2054,0.11,202,0.19999999999999996,0.6794869400665288,0,123,4024,25,4795,str('KL'),3,str('tstat'),0.857,69
2055,0.1,265,0.13333333333333333,0.6158790243625476,0,181,3057,8,1071,str('H'),1,str('tstat'),0.712,80
2056,0.1,200,0.13333333333333333,0.6818169771383451,0,122,428,18,3549,str('KL'),2,str('stdev'),0.293,2
2057,0.16,146,0.5333333333333332,0.7554457904860468,0,61,621,9,1737,str('H'),3,str('tstat'),0.402,87
2058,0.1,168,0.13333333333333333,0.7226249724749032,0,90,2936,19,4289,str('KL'),2,str('stdev'),0.603,9
2059,0.18,83,0.6666666666666665,0.8871411933510539,0,22,3904,0,474,str('H'),2,str('stdev'),0.966,46
2060,0.1,188,0.13333333333333333,0.6963035082421045,0,110,1530,24,3035,str('KL'),1,str('tstat'),0.044,74
2061,0.1,145,0.13333333333333333,0.7570521572813891,0,67,2326,4,4952,str('KL'),1,str('stdev'),0.83,14
2062,0.11,209,0.19999999999999996,0.6715088261499269,0,129,4972,21,2479,str('H'),2,str('tstat'),0.157,92
2063,0.12,158,0.2666666666666666,0.7369789222671177,0,78,3420,12,3698,str('KL'),2,str('tstat'),0.274,55
2064,0.1,151,0.13333333333333333,0.7475744272275548,0,73,910,19,1816,str('H'),2,str('tstat'),0.842,37
2065,0.1,157,0.13333333333333333,0.7384636705472114,0,79,948,5,3946,str('H'),3,str('tstat'),0.663,75
2066,0.11,195,0.19999999999999996,0.6877450442859603,0,116,3616,22,1434,str('KL'),3,str('stdev'),0.334,47
2067,0.1,132,0.13333333333333333,0.7789986131171088,0,52,4543,11,2713,str('H'),3,str('stdev'),0.222,8
2068,0.1,145,0.13333333333333333,0.7570521572813891,0,67,1895,15,191,str('KL'),1,str('tstat'),0.766,87
2069,0.1,133,0.13333333333333333,0.7772358196928197,0,54,1726,7,2176,str('KL'),1,str('stdev'),0.109,26
2070,0.12,185,0.2666666666666666,0.7000688977200731,0,105,4098,17,4610,str('H'),3,str('tstat'),0.902,54
2071,0.16,145,0.5333333333333332,0.7570521572813891,0,60,2505,3,932,str('KL'),3,str('tstat'),0.542,93
2072,0.21,101,0.8666666666666666,0.8414501047654391,0,24,193,26,3376,str('H'),2,str('stdev'),0.462,15
2073,0.1,172,0.13333333333333333,0.717119883508187,0,94,234,6,690,str('KL'),2,str('stdev'),0.206,90
2074,0.11,174,0.19999999999999996,0.7144148902578356,0,95,2548,22,3129,str('H'),3,str('tstat'),0.781,18
2075,0.13,141,0.3333333333333333,0.7635895727106295,0,60,4140,10,1944,str('KL'),1,str('tstat'),0.648,31
2076,0.11,175,0.19999999999999996,0.7130739645684552,0,96,1767,14,4393,str('H'),1,str('stdev'),0.35,53
2077,0.1,138,0.13333333333333333,0.7686146423927286,0,60,1937,7,2623,str('H'),2,str('tstat'),0.527,11
2078,0.12,160,0.2666666666666666,0.7340372361914138,0,80,4585,17,105,str('KL'),3,str('stdev'),0.478,83
2079,0.1,161,0.13333333333333333,0.7325800685526371,0,83,3657,2,3886,str('H'),2,str('stdev'),0.093,70
2080,0.11,174,0.19999999999999996,0.7144148902578356,0,95,1147,22,768,str('KL'),3,str('stdev'),0.523,40
2081,0.1,156,0.13333333333333333,0.7399578458636504,0,78,718,8,3472,str('KL'),1,str('stdev'),0.982,52
2082,0.1,152,0.13333333333333333,0.7460312622109644,0,74,3382,18,994,str('H'),3,str('tstat'),0.029,30
2083,0.15,141,0.46666666666666656,0.7635895727106295,0,58,4935,1,4715,str('KL'),2,str('tstat'),0.417,19
2084,0.1,215,0.13333333333333333,0.6648793223525504,0,137,2290,25,2227,str('H'),1,str('stdev'),0.587,91
2085,0.16,182,0.5333333333333332,0.7038955157197266,0,95,1493,3,408,str('H'),1,str('tstat'),0.289,49
2086,0.1,157,0.13333333333333333,0.7384636705472114,0,79,3868,20,2964,str('KL'),3,str('stdev'),0.708,70
2087,0.17,182,0.6,0.7038955157197266,0,89,2901,13,1642,str('H'),2,str('stdev'),0.846,82
2088,0.11,180,0.19999999999999996,0.7064816057197421,0,101,584,16,4208,str('KL'),1,str('tstat'),0.142,11
2089,0.1,181,0.13333333333333333,0.7051850083804319,0,103,465,12,1137,str('H'),3,str('stdev'),0.033,77
2090,0.1,153,0.13333333333333333,0.744498150458009,0,75,3093,15,3620,str('KL'),1,str('tstat'),0.955,5
2091,0.15,155,0.46666666666666656,0.7414615686909642,0,72,4060,4,2402,str('H'),1,str('tstat'),0.599,42
2092,0.11,169,0.19999999999999996,0.7212365801187866,0,90,1374,21,4876,str('KL'),2,str('stdev'),0.398,63
2093,0.16,67,0.5333333333333332,0.9368689473199137,0,11,2482,0,3111,str('KL'),3,str('tstat'),0.728,24
2094,0.1,349,0.13333333333333333,0.5512953015032747,0,228,4816,24,550,str('H'),1,str('stdev'),0.277,96
2095,0.18,173,0.6666666666666665,0.7157635003770612,0,81,3263,9,4368,str('KL'),3,str('stdev'),0.17,59
2096,0.1,173,0.13333333333333333,0.7157635003770612,0,95,690,24,4597,str('KL'),3,str('stdev'),0.486,34
2097,0.1,135,0.13333333333333333,0.7737493585653525,0,57,1197,11,2455,str('KL'),1,str('stdev'),0.01,71
2098,0.1,177,0.13333333333333333,0.7104148196453782,0,99,3533,14,4977,str('H'),2,str('tstat'),0.994,49
2099,0.1,160,0.13333333333333333,0.7340372361914138,0,82,4480,5,1201,str('KL'),2,str('tstat'),0.576,12
2100,0.1,169,0.13333333333333333,0.7212365801187866,0,91,2125,22,3714,str('H'),3,str('stdev'),0.437,84
2101,0.1,187,0.13333333333333333,0.6975519558478929,0,109,1673,2,4234,str('H'),1,str('tstat'),0.688,30
2102,0.21,83,0.8666666666666666,0.8871411933510539,0,6,4298,26,1790,str('KL'),3,str('stdev'),0.3,52
2103,0.1,148,0.13333333333333333,0.75226558233568,0,70,2765,7,2971,str('H'),2,str('stdev'),0.13,89
2104,0.12,176,0.2666666666666666,0.7117406362325246,0,96,81,17,537,str('KL'),3,str('tstat'),0.865,17
2105,0.1,227,0.13333333333333333,0.6521555846730801,0,149,77,2,1281,str('KL'),1,str('tstat'),0.353,98
2106,0.11,162,0.19999999999999996,0.7311318681561029,0,83,2704,25,3808,str('H'),2,str('stdev'),0.652,20
2107,0.1,140,0.13333333333333333,0.7652527020479793,0,62,4296,7,25,str('KL'),2,str('stdev'),0.793,33
2108,0.1,188,0.13333333333333333,0.6963035082421045,0,110,1611,18,2542,str('H'),3,str('tstat'),0.218,61
2109,0.15,227,0.46666666666666656,0.6521555846730801,0,120,2093,10,4473,str('H'),1,str('stdev'),0.906,3
2110,0.17,152,0.6,0.7460312622109644,0,66,4428,13,2024,str('KL'),3,str('tstat'),0.081,81
2111,0.1,164,0.13333333333333333,0.7282619323219758,0,86,3501,5,3207,str('H'),1,str('tstat'),0.474,68
2112,0.16,156,0.5333333333333332,0.7399578458636504,0,70,1083,13,2831,str('H'),2,str('tstat'),0.181,44
2113,0.15,252,0.46666666666666656,0.6276707536089015,0,123,810,1,119,str('H'),1,str('tstat'),0.314,56
2114,0.1,166,0.13333333333333333,0.7254265748696861,0,88,3143,24,2607,str('KL'),2,str('stdev'),0.675,28
2115,0.1,163,0.13333333333333333,0.7296925253097426,0,85,4715,8,1383,str('H'),3,str('stdev'),0.754,15
2116,0.1,218,0.13333333333333333,0.6616333147269143,0,140,2364,19,3861,str('KL'),2,str('tstat'),0.241,93
2117,0.12,159,0.2666666666666666,0.7355034828148477,0,79,1282,12,3194,str('KL'),2,str('stdev'),0.883,45
2118,0.11,220,0.19999999999999996,0.659493919794817,0,137,3911,16,628,str('H'),1,str('tstat'),0.121,73
2119,0.15,148,0.46666666666666656,0.75226558233568,0,65,3003,3,4447,str('KL'),3,str('tstat'),0.451,86
2120,0.1,144,0.13333333333333333,0.75866956448497,0,66,316,20,1891,str('H'),1,str('stdev'),0.562,8
2121,0.14,199,0.4,0.6829907043682817,0,106,509,4,2765,str('KL'),1,str('tstat'),0.64,79
2122,0.11,194,0.19999999999999996,0.6889487902443983,0,115,2883,21,292,str('H'),2,str('stdev'),0.373,1
2123,0.1,169,0.13333333333333333,0.7212365801187866,0,91,3791,11,4011,str('KL'),1,str('stdev'),0.198,39
2124,0.1,157,0.13333333333333333,0.7384636705472114,0,79,1476,15,1528,str('H'),3,str('tstat'),0.805,67
2125,0.15,175,0.46666666666666656,0.7130739645684552,0,89,2243,10,799,str('H'),1,str('stdev'),0.07,22
2126,0.1,141,0.13333333333333333,0.7635895727106295,0,63,4909,20,3350,str('KL'),1,str('tstat'),0.926,100
2127,0.18,92,0.6666666666666665,0.8631884864746343,0,27,3336,0,2036,str('H'),1,str('tstat'),0.504,62
2128,0.11,177,0.19999999999999996,0.7104148196453782,0,98,788,14,3822,str('KL'),2,str('tstat'),0.051,99
2129,0.18,69,0.6666666666666665,0.9300472574589626,0,10,1060,0,1667,str('KL'),1,str('tstat'),0.448,12
2130,0.1,156,0.13333333333333333,0.7399578458636504,0,78,3748,24,4184,str('H'),2,str('stdev'),0.555,84
2131,0.19,154,0.7333333333333333,0.742974961827982,0,64,4656,9,421,str('KL'),3,str('stdev'),0.889,72
2132,0.1,150,0.13333333333333333,0.7491277782255682,0,72,2027,19,2948,str('H'),1,str('tstat'),0.123,50
2133,0.12,150,0.2666666666666666,0.7491277782255682,0,70,1848,12,4693,str('H'),3,str('stdev'),0.753,89
2134,0.1,140,0.13333333333333333,0.7652527020479793,0,62,4200,15,2254,str('KL'),2,str('tstat'),0.236,17
2135,0.15,145,0.46666666666666656,0.7570521572813891,0,62,2628,4,3456,str('H'),2,str('tstat'),0.319,29
2136,0.11,195,0.19999999999999996,0.6877450442859603,0,116,296,21,1007,str('KL'),1,str('stdev'),0.676,51
2137,0.1,152,0.13333333333333333,0.7460312622109644,0,74,278,8,4809,str('H'),3,str('stdev'),0.943,96
2138,0.1,171,0.13333333333333333,0.7184841297738433,0,93,2650,18,2292,str('KL'),1,str('tstat'),0.053,24
2139,0.1,156,0.13333333333333333,0.7399578458636504,0,78,4184,2,3573,str('H'),3,str('tstat'),0.379,35
2140,0.11,166,0.19999999999999996,0.7254265748696861,0,87,1870,25,1046,str('KL'),2,str('stdev'),0.611,57
2141,0.1,147,0.13333333333333333,0.7538503143967605,0,69,2011,6,1629,str('KL'),2,str('tstat'),0.265,5
2142,0.12,190,0.2666666666666666,0.6938263082971938,0,110,4677,23,4068,str('H'),1,str('stdev'),0.747,77
2143,0.14,140,0.4,0.7652527020479793,0,58,3730,10,382,str('KL'),3,str('stdev'),0.822,66
2144,0.11,176,0.19999999999999996,0.7117406362325246,0,97,1181,25,3596,str('H'),3,str('stdev'),0.37,78
2145,0.14,154,0.4,0.742974961827982,0,72,674,10,917,str('H'),2,str('stdev'),0.129,16
2146,0.11,177,0.19999999999999996,0.7104148196453782,0,98,3358,14,3390,str('KL'),3,str('tstat'),0.86,94
2147,0.1,135,0.13333333333333333,0.7737493585653525,0,57,4891,6,2153,str('H'),2,str('tstat'),0.694,56
2148,0.11,165,0.19999999999999996,0.7268399834533585,0,86,2266,22,4636,str('KL'),3,str('stdev'),0.302,28
2149,0.1,187,0.13333333333333333,0.6975519558478929,0,109,1458,2,2725,str('KL'),1,str('tstat'),0.572,85
2150,0.22,83,0.9333333333333332,0.8871411933510539,0,4,3814,26,174,str('H'),3,str('stdev'),0.43,7
2151,0.1,138,0.13333333333333333,0.7686146423927286,0,60,2867,7,3972,str('KL'),2,str('stdev'),0.016,45
2152,0.12,172,0.2666666666666666,0.717119883508187,0,92,531,17,1411,str('H'),3,str('tstat'),0.996,73
2153,0.1,135,0.13333333333333333,0.7737493585653525,0,57,334,6,3232,str('KL'),3,str('stdev'),0.825,38
2154,0.12,228,0.2666666666666666,0.65112568446577,0,134,2981,17,744,str('H'),1,str('tstat'),0.188,66
2155,0.16,179,0.5333333333333332,0.7077853864604593,0,92,3928,3,4485,str('KL'),1,str('tstat'),0.259,80
2156,0.22,105,0.9333333333333332,0.8323977648215923,0,26,1261,26,2007,str('H'),2,str('stdev'),0.744,2
2157,0.1,223,0.13333333333333333,0.6563208583964064,0,145,2380,5,2,str('H'),3,str('tstat'),0.379,63
2158,0.11,161,0.19999999999999996,0.7325800685526371,0,82,4694,22,2568,str('KL'),2,str('stdev'),0.615,35
2159,0.1,135,0.13333333333333333,0.7737493585653525,0,57,3160,11,1266,str('H'),1,str('stdev'),0.938,21
2160,0.1,188,0.13333333333333333,0.6963035082421045,0,110,735,22,2267,str('H'),2,str('stdev'),0.652,97
2161,0.17,157,0.6,0.7384636705472114,0,70,1163,9,4433,str('H'),2,str('stdev'),0.848,10
2162,0.1,133,0.13333333333333333,0.7772358196928197,0,54,3479,20,1906,str('KL'),3,str('tstat'),0.148,88
2163,0.17,78,0.6,0.9015832593017726,0,20,4446,0,3168,str('H'),1,str('tstat'),0.282,75
2164,0.12,179,0.2666666666666666,0.7077853864604593,0,99,2071,23,651,str('KL'),2,str('stdev'),0.705,46
2165,0.13,245,0.3333333333333333,0.6342736827552681,0,124,1629,4,1399,str('KL'),2,str('tstat'),0.419,91
2166,0.11,169,0.19999999999999996,0.7212365801187866,0,90,4274,21,3848,str('H'),3,str('stdev'),0.592,13
2167,0.12,167,0.2666666666666666,0.7240216045964928,0,87,2720,12,143,str('KL'),2,str('stdev'),0.977,26
2168,0.1,137,0.13333333333333333,0.7703137965019462,0,59,56,15,2582,str('H'),3,str('tstat'),0.028,55
2169,0.16,157,0.5333333333333332,0.7384636705472114,0,71,102,3,4352,str('H'),2,str('tstat'),0.504,36
2170,0.1,136,0.13333333333333333,0.7720253082041393,0,58,2748,20,1830,str('KL'),3,str('stdev'),0.491,58
2171,0.13,169,0.3333333333333333,0.7212365801187866,0,87,4320,13,3089,str('H'),1,str('stdev'),0.064,94
2172,0.11,182,0.19999999999999996,0.7038955157197266,0,103,1655,16,577,str('KL'),2,str('tstat'),0.924,23
2173,0.1,175,0.13333333333333333,0.7130739645684552,0,97,2147,8,2416,str('KL'),2,str('stdev'),0.201,65
2174,0.1,185,0.13333333333333333,0.7000688977200731,0,107,4463,18,4859,str('H'),1,str('tstat'),0.811,43
2175,0.16,156,0.5333333333333332,0.7399578458636504,0,70,3554,1,1162,str('KL'),1,str('tstat'),0.633,6
2176,0.1,158,0.13333333333333333,0.7369789222671177,0,80,971,19,307,str('KL'),1,str('tstat'),0.958,81
2177,0.1,137,0.13333333333333333,0.7703137965019462,0,59,933,6,2995,str('KL'),3,str('tstat'),0.544,18
2178,0.13,342,0.3333333333333333,0.5560496414209533,0,131,3245,23,512,str('H'),2,str('stdev'),0.468,90
2179,0.13,153,0.3333333333333333,0.744498150458009,0,72,4837,10,4250,str('KL'),2,str('stdev'),0.104,54
2180,0.19,188,0.7333333333333333,0.6963035082421045,0,84,2466,13,1777,str('H'),1,str('tstat'),0.901,32
2181,0.1,268,0.13333333333333333,0.6132397613151863,0,184,1395,8,1175,str('H'),1,str('stdev'),0.224,83
2182,0.1,185,0.13333333333333333,0.7000688977200731,0,107,4043,18,3736,str('KL'),2,str('tstat'),0.772,11
2183,0.15,142,0.46666666666666656,0.7619381145524806,0,59,3115,1,2441,str('H'),2,str('tstat'),0.656,47
2184,0.11,188,0.19999999999999996,0.6963035082421045,0,109,447,25,4992,str('KL'),1,str('stdev'),0.331,69
2185,0.1,158,0.13333333333333333,0.7369789222671177,0,80,563,2,368,str('H'),2,str('tstat'),0.472,42
2186,0.22,94,0.9333333333333332,0.8581812375355501,0,15,2917,26,2846,str('KL'),1,str('stdev'),0.516,64
2187,0.1,142,0.13333333333333333,0.7619381145524806,0,64,3845,7,1602,str('H'),1,str('stdev'),0.913,76
2188,0.12,157,0.2666666666666666,0.7384636705472114,0,77,1510,17,4090,str('KL'),3,str('tstat'),0.084,4
2189,0.1,136,0.13333333333333333,0.7720253082041393,0,58,2268,11,3589,str('KL'),2,str('stdev'),0.791,59
2190,0.12,168,0.2666666666666666,0.7226249724749032,0,88,4952,14,1033,str('H'),3,str('tstat'),0.213,37
2191,0.1,176,0.13333333333333333,0.7117406362325246,0,98,3361,5,4833,str('KL'),1,str('tstat'),0.358,25
2192,0.22,97,0.9333333333333332,0.8508646330405213,0,18,891,26,446,str('H'),3,str('tstat'),0.788,92
2193,0.1,142,0.13333333333333333,0.7619381145524806,0,64,1007,11,2504,str('H'),3,str('tstat'),0.717,5
2194,0.1,142,0.13333333333333333,0.7619381145524806,0,64,3635,15,65,str('KL'),2,str('stdev'),0.294,77
2195,0.15,207,0.46666666666666656,0.6737608224908778,0,109,4602,4,3768,str('H'),2,str('stdev'),0.153,63
2196,0.1,159,0.13333333333333333,0.7355034828148477,0,81,1915,21,1319,str('KL'),3,str('tstat'),0.852,41
2197,0.18,73,0.6666666666666665,0.9169699031513214,0,14,1785,0,730,str('KL'),3,str('stdev'),0.024,96
2198,0.12,176,0.2666666666666666,0.7117406362325246,0,96,4117,23,3247,str('H'),2,str('tstat'),0.974,24
2199,0.13,146,0.3333333333333333,0.7554457904860468,0,65,2564,10,1984,str('KL'),1,str('tstat'),0.581,38
2200,0.1,161,0.13333333333333333,0.7325800685526371,0,83,212,19,4511,str('H'),3,str('stdev'),0.407,60
2201,0.12,195,0.2666666666666666,0.6877450442859603,0,115,175,12,2059,str('KL'),3,str('stdev'),0.168,32
2202,0.1,183,0.13333333333333333,0.7026130503018598,0,105,2528,16,4572,str('H'),2,str('tstat'),0.836,60
2203,0.15,160,0.46666666666666656,0.7340372361914138,0,77,4081,4,816,str('KL'),3,str('tstat'),0.732,99
2204,0.1,138,0.13333333333333333,0.7686146423927286,0,60,1748,20,3338,str('H'),3,str('stdev'),0.278,20
2205,0.15,156,0.46666666666666656,0.7399578458636504,0,73,1879,1,3985,str('H'),3,str('tstat'),0.596,69
2206,0.1,161,0.13333333333333333,0.7325800685526371,0,83,4565,24,1551,str('KL'),2,str('stdev'),0.392,41
2207,0.2,248,0.7999999999999999,0.6314211408988839,0,84,3599,9,2751,str('H'),1,str('stdev'),0.04,3
2208,0.11,245,0.19999999999999996,0.6342736827552681,0,153,1127,16,2138,str('KL'),2,str('stdev'),0.608,82
2209,0.14,154,0.4,0.742974961827982,0,72,777,1,4914,str('KL'),2,str('stdev'),0.898,20
2210,0.1,173,0.13333333333333333,0.7157635003770612,0,95,3402,25,2363,str('H'),1,str('tstat'),0.1,98
2211,0.1,150,0.13333333333333333,0.7491277782255682,0,72,4993,8,3660,str('KL'),1,str('tstat'),0.456,61
2212,0.1,180,0.13333333333333333,0.7064816057197421,0,102,2310,18,1099,str('H'),2,str('stdev'),0.532,33
2213,0.13,157,0.3333333333333333,0.7384636705472114,0,76,1551,10,1854,str('H'),3,str('tstat'),0.342,82
2214,0.18,267,0.6666666666666665,0.6141162309382586,0,107,3887,13,4327,str('KL'),1,str('stdev'),0.668,3
2215,0.1,134,0.13333333333333333,0.7754861326605458,0,56,2959,6,591,str('H'),3,str('stdev'),0.776,40
2216,0.12,187,0.2666666666666666,0.6975519558478929,0,107,604,23,3074,str('KL'),2,str('tstat'),0.229,68
2217,0.1,184,0.13333333333333333,0.7013375359501945,0,106,406,5,2190,str('H'),1,str('stdev'),0.089,47
2218,0.11,196,0.19999999999999996,0.6865474242876628,0,117,3073,22,4756,str('KL'),3,str('tstat'),0.917,75
2219,0.1,140,0.13333333333333333,0.7652527020479793,0,62,4001,11,953,str('H'),2,str('tstat'),0.528,87
2220,0.11,163,0.19999999999999996,0.7296925253097426,0,84,1354,14,3509,str('KL'),3,str('stdev'),0.483,9
2221,0.1,133,0.13333333333333333,0.7772358196928197,0,54,2424,7,4170,str('KL'),1,str('tstat'),0.64,54
2222,0.12,193,0.2666666666666666,0.6901587251552692,0,113,4796,17,1682,str('H'),2,str('stdev'),0.346,26
2223,0.1,167,0.13333333333333333,0.7240216045964928,0,89,3205,2,2924,str('KL'),2,str('stdev'),0.209,14
2224,0.11,201,0.19999999999999996,0.6806490748814107,0,122,632,16,3154,str('KL'),1,str('stdev'),0.383,88
2225,0.16,197,0.5333333333333332,0.6853558682140669,0,102,1216,4,1086,str('KL'),3,str('stdev'),0.112,1
2226,0.11,200,0.19999999999999996,0.6818169771383451,0,121,3591,21,3534,str('H'),1,str('tstat'),0.878,79
2227,0.12,180,0.2666666666666666,0.7064816057197421,0,100,4500,12,2330,str('KL'),1,str('tstat'),0.551,67
2228,0.1,169,0.13333333333333333,0.7212365801187866,0,91,2184,15,4769,str('H'),2,str('stdev'),0.444,39
2229,0.19,218,0.7333333333333333,0.6616333147269143,0,92,1692,9,2871,str('H'),2,str('tstat'),0.68,100
2230,0.1,145,0.13333333333333333,0.7570521572813891,0,67,4356,19,344,str('KL'),1,str('stdev'),0.323,22
2231,0.18,62,0.6666666666666665,0.9548419395511404,0,3,2784,0,4105,str('H'),1,str('stdev'),0.248,34
2232,0.1,179,0.13333333333333333,0.7077853864604593,0,101,140,24,1588,str('KL'),2,str('tstat'),0.765,62
2233,0.18,177,0.6666666666666665,0.7104148196453782,0,83,19,9,228,str('KL'),2,str('tstat'),0.266,31
2234,0.1,163,0.13333333333333333,0.7296925253097426,0,85,2684,19,2672,str('H'),1,str('stdev'),0.72,53
2235,0.14,133,0.4,0.7772358196928197,0,52,4237,1,1475,str('KL'),3,str('stdev'),0.833,91
2236,0.1,166,0.13333333333333333,0.7254265748696861,0,88,1591,24,3909,str('H'),1,str('tstat'),0.164,19
2237,0.14,125,0.4,0.7917223507965792,0,48,2035,3,3414,str('H'),2,str('stdev'),0.962,70
2238,0.11,175,0.19999999999999996,0.7130739645684552,0,96,4409,21,892,str('KL'),1,str('tstat'),0.044,48
2239,0.12,157,0.2666666666666666,0.7384636705472114,0,77,3442,12,4650,str('H'),3,str('tstat'),0.403,10
2240,0.1,161,0.13333333333333333,0.7325800685526371,0,83,1024,20,4274,str('H'),1,str('tstat'),0.19,86
2241,0.1,133,0.13333333333333333,0.7772358196928197,0,54,830,7,1488,str('H'),3,str('tstat'),0.306,23
2242,0.1,199,0.13333333333333333,0.6829907043682817,0,121,3201,18,4050,str('KL'),2,str('stdev'),0.698,95
2243,0.1,177,0.13333333333333333,0.7104148196453782,0,99,4735,2,254,str('H'),1,str('stdev'),0.872,57
2244,0.11,178,0.19999999999999996,0.7090964306410996,0,99,2422,25,2805,str('KL'),3,str('tstat'),0.141,35
2245,0.1,132,0.13333333333333333,0.7789986131171088,0,52,1302,6,4556,str('KL'),3,str('stdev'),0.985,77
2246,0.12,164,0.2666666666666666,0.7282619323219758,0,84,3970,23,2074,str('H'),1,str('tstat'),0.004,6
2247,0.13,145,0.3333333333333333,0.7570521572813891,0,64,3023,10,3313,str('KL'),2,str('tstat'),0.426,44
2248,0.11,198,0.19999999999999996,0.6841703149673048,0,119,374,14,840,str('H'),3,str('stdev'),0.568,66
2249,0.1,135,0.13333333333333333,0.7737493585653525,0,57,490,11,3901,str('KL'),1,str('tstat'),0.74,50
2250,0.1,140,0.13333333333333333,0.7652527020479793,0,62,2824,15,1345,str('H'),3,str('stdev'),0.255,72
2251,0.1,159,0.13333333333333333,0.7355034828148477,0,81,3771,5,2645,str('KL'),3,str('stdev'),0.176,84
2252,0.11,186,0.19999999999999996,0.6988070618723943,0,107,1417,21,79,str('H'),1,str('tstat'),0.814,13
2253,0.15,143,0.46666666666666656,0.7602981649070252,0,60,2224,3,1931,str('H'),3,str('stdev'),0.063,51
2254,0.22,108,0.9333333333333332,0.8258299388706621,0,29,4850,26,4409,str('KL'),1,str('tstat'),0.95,30
2255,0.1,143,0.13333333333333333,0.7602981649070252,0,65,3317,7,666,str('H'),3,str('tstat'),0.619,16
2256,0.11,177,0.19999999999999996,0.7104148196453782,0,98,827,14,3224,str('H'),2,str('tstat'),0.938,45
2257,0.15,177,0.46666666666666656,0.7104148196453782,0,91,1021,1,1015,str('H'),2,str('tstat'),0.555,58
2258,0.1,159,0.13333333333333333,0.7355034828148477,0,81,3708,24,3449,str('KL'),1,str('stdev'),0.448,36
2259,0.1,192,0.13333333333333333,0.6913749129874984,0,114,4617,8,2249,str('H'),3,str('stdev'),0.123,23
2260,0.1,189,0.13333333333333333,0.6950616487809889,0,111,1988,18,4693,str('KL'),2,str('tstat'),0.89,95
2261,0.17,205,0.6,0.6760345775874974,0,99,1809,13,2942,str('KL'),2,str('stdev'),0.236,43
2262,0.11,249,0.19999999999999996,0.6304779259217159,0,156,4161,16,430,str('H'),1,str('tstat'),0.753,65
2263,0.16,161,0.5333333333333332,0.7325800685526371,0,74,2589,3,4186,str('KL'),3,str('tstat'),0.676,78
2264,0.1,147,0.13333333333333333,0.7538503143967605,0,69,257,20,1664,str('H'),2,str('stdev'),0.319,6
2265,0.11,114,0.19999999999999996,0.8132198606098551,0,42,259,1,3673,str('H'),1,str('stdev'),0.936,29
2266,0.1,171,0.13333333333333333,0.7184841297738433,0,93,2592,24,1239,str('KL'),3,str('tstat'),0.076,57
2267,0.1,220,0.13333333333333333,0.659493919794817,0,142,4164,8,4939,str('H'),2,str('tstat'),0.494,93
2268,0.1,173,0.13333333333333333,0.7157635003770612,0,95,1811,18,2495,str('KL'),1,str('stdev'),0.508,15
2269,0.18,266,0.6666666666666665,0.6149959770909035,0,106,1991,13,496,str('KL'),1,str('tstat'),0.366,72
2270,0.11,181,0.19999999999999996,0.7051850083804319,0,102,4619,16,3009,str('H'),3,str('stdev'),0.629,44
2271,0.15,147,0.46666666666666656,0.7538503143967605,0,64,3710,3,1752,str('KL'),2,str('stdev'),0.8,8
2272,0.1,168,0.13333333333333333,0.7226249724749032,0,90,1219,24,4350,str('KL'),3,str('stdev'),0.633,29
2273,0.1,140,0.13333333333333333,0.7652527020479793,0,62,635,11,1412,str('KL'),2,str('stdev'),0.86,66
2274,0.1,154,0.13333333333333333,0.742974961827982,0,76,3319,15,3968,str('H'),1,str('tstat'),0.129,38
2275,0.1,158,0.13333333333333333,0.7369789222671177,0,80,4852,5,169,str('KL'),2,str('tstat'),0.302,1
2276,0.11,158,0.19999999999999996,0.7369789222671177,0,79,2227,22,2735,str('H'),3,str('stdev'),0.693,80
2277,0.16,129,0.5333333333333332,0.7843676327988731,0,48,1419,3,4632,str('H'),1,str('tstat'),0.431,35
2278,0.22,88,0.9333333333333332,0.8735344083999395,0,9,3775,26,2154,str('KL'),3,str('stdev'),0.573,63
2279,0.1,142,0.13333333333333333,0.7619381145524806,0,64,2827,6,3398,str('H'),2,str('stdev'),0.997,99
2280,0.11,179,0.19999999999999996,0.7077853864604593,0,100,492,16,910,str('KL'),3,str('tstat'),0.016,21
2281,0.1,145,0.13333333333333333,0.7570521572813891,0,67,373,7,3825,str('H'),3,str('stdev'),0.187,94
2282,0.1,171,0.13333333333333333,0.7184841297738433,0,93,3020,18,1264,str('KL'),2,str('tstat'),0.825,16
2283,0.1,183,0.13333333333333333,0.7026130503018598,0,105,3967,2,2560,str('H'),3,str('tstat'),0.744,28
2284,0.11,1288,0.19999999999999996,0.24449582977749362,0,177,1300,25,8,str('KL'),2,str('stdev'),0.259,56
2285,0.1,162,0.13333333333333333,0.7311318681561029,0,84,2419,6,2007,str('KL'),1,str('tstat'),0.616,7
2286,0.12,178,0.2666666666666666,0.7090964306410996,0,98,4733,23,4490,str('H'),2,str('stdev'),0.38,85
2287,0.14,157,0.4,0.7384636705472114,0,75,3200,10,751,str('KL'),3,str('stdev'),0.051,73
2288,0.13,198,0.3333333333333333,0.6841703149673048,0,108,774,23,365,str('KL'),1,str('stdev'),0.359,47
2289,0.1,183,0.13333333333333333,0.7026130503018598,0,105,1124,8,2585,str('KL'),1,str('stdev'),0.149,60
2290,0.1,138,0.13333333333333333,0.7686146423927286,0,60,3440,19,141,str('H'),3,str('tstat'),0.849,32
2291,0.13,138,0.3333333333333333,0.7686146423927286,0,56,4407,1,3839,str('KL'),1,str('tstat'),0.706,20
2292,0.1,163,0.13333333333333333,0.7296925253097426,0,85,2032,24,1405,str('H'),3,str('stdev'),0.283,98
2293,0.16,152,0.5333333333333332,0.7460312622109644,0,67,1590,3,649,str('H'),2,str('tstat'),0.592,41
2294,0.11,167,0.19999999999999996,0.7240216045964928,0,88,4234,21,3171,str('KL'),1,str('stdev'),0.419,69
2295,0.17,180,0.6,0.7064816057197421,0,87,2681,13,1913,str('H'),2,str('stdev'),0.027,81
2296,0.11,208,0.19999999999999996,0.6726321305345966,0,128,17,16,4426,str('KL'),3,str('tstat'),0.977,3
2297,0.15,177,0.46666666666666656,0.7104148196453782,0,91,141,4,3603,str('KL'),1,str('tstat'),0.491,84
2298,0.11,195,0.19999999999999996,0.6877450442859603,0,116,2787,21,1154,str('H'),2,str('stdev'),0.505,12
2299,0.11,154,0.19999999999999996,0.742974961827982,0,74,4359,12,4858,str('KL'),2,str('stdev'),0.925,50
2300,0.1,137,0.13333333333333333,0.7703137965019462,0,59,1694,15,2420,str('H'),3,str('tstat'),0.065,72
2301,0.19,186,0.7333333333333333,0.6988070618723943,0,83,2187,9,567,str('H'),1,str('stdev'),0.811,17
2302,0.1,168,0.13333333333333333,0.7226249724749032,0,90,4502,19,3094,str('KL'),2,str('tstat'),0.201,89
2303,0.17,71,0.6,0.9234177536615864,0,13,3593,0,1833,str('H'),2,str('tstat'),0.37,51
2304,0.1,146,0.13333333333333333,0.7554457904860468,0,68,1010,19,2053,str('H'),2,str('tstat'),0.039,26
2305,0.1,177,0.13333333333333333,0.7104148196453782,0,99,894,5,4999,str('H'),2,str('tstat'),0.467,64
2306,0.1,168,0.13333333333333333,0.7226249724749032,0,90,3207,22,2433,str('KL'),1,str('stdev'),0.543,42
2307,0.1,139,0.13333333333333333,0.7669276687044017,0,61,4798,11,3736,str('H'),3,str('stdev'),0.901,4
2308,0.11,193,0.19999999999999996,0.6901587251552692,0,114,2427,14,1179,str('KL'),2,str('tstat'),0.104,76
2309,0.1,151,0.13333333333333333,0.7475744272275548,0,73,1356,7,1768,str('KL'),2,str('stdev'),0.773,37
2310,0.12,159,0.2666666666666666,0.7355034828148477,0,79,4004,17,4256,str('H'),1,str('tstat'),0.225,59
2311,0.1,270,0.13333333333333333,0.6114965546646273,0,186,3076,2,514,str('KL'),1,str('tstat'),0.331,97
2312,0.22,82,0.9333333333333332,0.8899595722079197,0,3,408,26,2992,str('H'),2,str('stdev'),0.657,25
2313,0.15,207,0.46666666666666656,0.6737608224908778,0,109,602,1,2275,str('KL'),1,str('tstat'),0.516,90
2314,0.11,200,0.19999999999999996,0.6818169771383451,0,121,2956,25,4826,str('H'),2,str('stdev'),0.471,18
2315,0.1,189,0.13333333333333333,0.6950616487809889,0,111,3884,8,1029,str('KL'),2,str('stdev'),0.084,32
2316,0.1,198,0.13333333333333333,0.6841703149673048,0,120,1549,18,3590,str('H'),1,str('tstat'),0.912,53
2317,0.15,196,0.46666666666666656,0.6865474242876628,0,104,2306,10,4085,str('H'),1,str('stdev'),0.213,11
2318,0.18,180,0.6666666666666665,0.7064816057197421,0,85,4991,13,1612,str('KL'),2,str('tstat'),0.792,83
2319,0.1,144,0.13333333333333333,0.75866956448497,0,66,3400,6,2848,str('H'),2,str('tstat'),0.653,69
2320,0.11,167,0.19999999999999996,0.7240216045964928,0,88,930,25,2196,str('KL'),3,str('tstat'),0.209,40
2321,0.11,168,0.19999999999999996,0.7226249724749032,0,89,968,12,4504,str('KL'),1,str('tstat'),0.294,53
2322,0.11,175,0.19999999999999996,0.7130739645684552,0,96,3597,16,1992,str('H'),3,str('stdev'),0.717,31
2323,0.15,171,0.46666666666666656,0.7184841297738433,0,86,4563,4,3248,str('KL'),3,str('stdev'),0.853,19
2324,0.1,139,0.13333333333333333,0.7669276687044017,0,61,1876,20,726,str('H'),1,str('tstat'),0.153,91
2325,0.18,89,0.6666666666666665,0.8709049752150205,0,26,1746,0,1328,str('H'),1,str('stdev'),0.973,48
2326,0.1,162,0.13333333333333333,0.7311318681561029,0,84,4078,24,3762,str('KL'),3,str('tstat'),0.024,70
2327,0.19,1073,0.7333333333333333,0.2874384105775025,0,106,2525,9,63,str('H'),1,str('tstat'),0.407,82
2328,0.1,160,0.13333333333333333,0.7340372361914138,0,82,173,19,2506,str('KL'),2,str('stdev'),0.58,10
2329,0.1,149,0.13333333333333333,0.7506914505683682,0,71,214,11,309,str('H'),1,str('stdev'),0.837,88
2330,0.1,142,0.13333333333333333,0.7619381145524806,0,64,2567,15,2748,str('KL'),2,str('tstat'),0.168,10
2331,0.15,164,0.46666666666666656,0.7282619323219758,0,81,4120,4,1546,str('H'),3,str('tstat'),0.279,46
2332,0.11,215,0.19999999999999996,0.6648793223525504,0,132,1787,21,3994,str('KL'),2,str('stdev'),0.733,75
2333,0.16,64,0.5333333333333332,0.9474872215534342,0,8,1918,0,3333,str('KL'),3,str('tstat'),0.391,13
2334,0.13,183,0.3333333333333333,0.7026130503018598,0,99,4604,23,816,str('H'),3,str('stdev'),0.596,91
2335,0.17,162,0.6,0.7311318681561029,0,74,3637,9,4580,str('KL'),3,str('stdev'),0.957,54
2336,0.1,148,0.13333333333333333,0.75226558233568,0,70,1166,15,232,str('H'),3,str('stdev'),0.403,38
2337,0.1,221,0.13333333333333333,0.6584314718422857,0,143,738,2,3070,str('H'),1,str('stdev'),0.1,75
2338,0.21,99,0.8666666666666666,0.8461102931228427,0,22,3363,26,592,str('KL'),2,str('tstat'),0.897,47
2339,0.1,137,0.13333333333333333,0.7703137965019462,0,59,4954,7,4336,str('H'),3,str('tstat'),0.531,9
2340,0.12,238,0.2666666666666666,0.6410672380209594,0,136,2271,17,1849,str('KL'),1,str('stdev'),0.455,87
2341,0.1,135,0.13333333333333333,0.7737493585653525,0,57,1512,11,1100,str('KL'),3,str('tstat'),0.668,26
2342,0.11,184,0.19999999999999996,0.7013375359501945,0,105,3848,14,3656,str('H'),2,str('stdev'),0.343,54
2343,0.1,196,0.13333333333333333,0.6865474242876628,0,118,2920,5,2355,str('KL'),3,str('stdev'),0.229,92
2344,0.11,176,0.19999999999999996,0.7117406362325246,0,97,565,22,4921,str('H'),1,str('tstat'),0.777,14
2345,0.1,141,0.13333333333333333,0.7635895727106295,0,63,446,6,444,str('KL'),2,str('stdev'),0.916,98
2346,0.12,178,0.2666666666666666,0.7090964306410996,0,98,3112,23,2927,str('H'),3,str('tstat'),0.088,20
2347,0.14,156,0.4,0.7399578458636504,0,74,4040,10,1688,str('KL'),1,str('tstat'),0.483,33
2348,0.17,180,0.6,0.7064816057197421,0,87,1393,13,4161,str('H'),2,str('stdev'),0.527,61
2349,0.1,221,0.13333333333333333,0.6584314718422857,0,143,2463,8,3514,str('H'),2,str('tstat'),0.347,3
2350,0.1,240,0.13333333333333333,0.6391061281571578,0,159,4835,18,953,str('KL'),1,str('stdev'),0.641,81
2351,0.11,111,0.19999999999999996,0.8194404471509675,0,41,3244,1,4747,str('H'),1,str('stdev'),0.788,68
2352,0.11,162,0.19999999999999996,0.7311318681561029,0,83,671,17,3903,str('H'),1,str('stdev'),0.619,44
2353,0.16,137,0.5333333333333332,0.7703137965019462,0,53,1178,3,1587,str('H'),3,str('stdev'),0.878,57
2354,0.1,135,0.13333333333333333,0.7737493585653525,0,57,3552,20,4109,str('KL'),2,str('tstat'),0.112,29
2355,0.18,171,0.6666666666666665,0.7184841297738433,0,79,4461,13,350,str('H'),3,str('tstat'),0.444,15
2356,0.11,201,0.19999999999999996,0.6806490748814107,0,122,2144,16,2862,str('KL'),1,str('stdev'),0.551,93
2357,0.1,166,0.13333333333333333,0.7254265748696861,0,88,1653,8,4773,str('KL'),1,str('tstat'),0.323,44
2358,0.1,196,0.13333333333333333,0.6865474242876628,0,118,4317,18,2329,str('H'),2,str('stdev'),0.679,73
2359,0.15,139,0.46666666666666656,0.7669276687044017,0,55,2745,1,3527,str('KL'),3,str('stdev'),0.764,86
2360,0.11,187,0.19999999999999996,0.6975519558478929,0,108,100,25,1093,str('H'),1,str('tstat'),0.248,8
2361,0.18,151,0.6666666666666665,0.7475744272275548,0,64,58,9,2130,str('H'),3,str('tstat'),0.721,77
2362,0.1,135,0.13333333333333333,0.7737493585653525,0,57,2723,20,4657,str('KL'),1,str('stdev'),0.267,5
2363,0.18,89,0.6666666666666665,0.8709049752150205,0,26,4277,0,896,str('H'),2,str('stdev'),0.165,41
2364,0.12,188,0.2666666666666666,0.6963035082421045,0,108,1631,23,3413,str('KL'),1,str('tstat'),0.833,63
2365,0.16,153,0.5333333333333332,0.744498150458009,0,68,2074,4,3914,str('KL'),3,str('stdev'),0.043,24
2366,0.11,341,0.19999999999999996,0.5567367421186056,0,165,4448,21,1465,str('H'),1,str('tstat'),0.961,96
2367,0.11,186,0.19999999999999996,0.6988070618723943,0,107,3481,12,2671,str('KL'),2,str('tstat'),0.607,60
2368,0.11,180,0.19999999999999996,0.7064816057197421,0,101,1063,21,3681,str('KL'),3,str('tstat'),0.799,34
2369,0.1,136,0.13333333333333333,0.7720253082041393,0,58,791,6,831,str('KL'),1,str('tstat'),0.697,72
2370,0.12,185,0.2666666666666666,0.7000688977200731,0,105,3162,17,3319,str('H'),3,str('stdev'),0.305,50
2371,0.15,150,0.46666666666666656,0.7491277782255682,0,67,4696,3,2078,str('KL'),1,str('stdev'),0.141,13
2372,0.21,98,0.8666666666666666,0.8484754569686281,0,21,2383,26,4556,str('H'),2,str('tstat'),0.872,85
2373,0.1,168,0.13333333333333333,0.7226249724749032,0,90,1263,5,2811,str('H'),2,str('stdev'),0.005,30
2374,0.11,192,0.19999999999999996,0.6913749129874984,0,113,3931,22,245,str('KL'),3,str('tstat'),0.985,51
2375,0.1,140,0.13333333333333333,0.7652527020479793,0,62,2984,11,4047,str('H'),3,str('tstat'),0.569,88
2376,0.12,192,0.2666666666666666,0.6913749129874984,0,112,335,14,1491,str('KL'),1,str('stdev'),0.426,16
2377,0.15,166,0.46666666666666656,0.7254265748696861,0,82,529,10,3146,str('H'),3,str('tstat'),0.254,95
2378,0.11,178,0.19999999999999996,0.7090964306410996,0,99,2864,14,673,str('KL'),2,str('stdev'),0.74,23
2379,0.1,136,0.13333333333333333,0.7720253082041393,0,58,3810,6,4410,str('H'),3,str('stdev'),0.813,35
2380,0.11,166,0.19999999999999996,0.7254265748696861,0,87,1456,22,1927,str('KL'),3,str('tstat'),0.176,57
2381,0.1,173,0.13333333333333333,0.7157635003770612,0,95,2263,2,88,str('KL'),3,str('stdev'),0.95,6
2382,0.21,130,0.8666666666666666,0.7825643149956816,0,48,4889,26,2640,str('H'),1,str('tstat'),0.063,78
2383,0.1,137,0.13333333333333333,0.7703137965019462,0,59,3356,7,1342,str('KL'),2,str('tstat'),0.384,66
2384,0.1,149,0.13333333333333333,0.7506914505683682,0,71,808,20,4672,str('H'),3,str('tstat'),0.929,78
2385,0.1,193,0.13333333333333333,0.6901587251552692,0,115,1080,8,2380,str('H'),1,str('tstat'),0.564,15
2386,0.1,163,0.13333333333333333,0.7296925253097426,0,85,3728,18,4897,str('KL'),3,str('stdev'),0.425,94
2387,0.1,185,0.13333333333333333,0.7000688977200731,0,107,4676,2,1116,str('H'),2,str('stdev'),0.005,55
2388,0.11,164,0.19999999999999996,0.7282619323219758,0,85,2008,25,3643,str('KL'),1,str('tstat'),0.989,27
2389,0.1,138,0.13333333333333333,0.7686146423927286,0,60,1868,6,4310,str('KL'),1,str('stdev'),0.134,86
2390,0.12,159,0.2666666666666666,0.7355034828148477,0,79,4180,23,1871,str('H'),2,str('tstat'),0.869,7
2391,0.14,149,0.4,0.7506914505683682,0,67,2647,10,3057,str('KL'),2,str('tstat'),0.701,46
2392,0.19,307,0.7333333333333333,0.5813785617034481,0,101,276,13,608,str('H'),1,str('stdev'),0.313,74
2393,0.15,72,0.46666666666666656,0.9201717460359502,0,16,298,0,4272,str('KL'),2,str('stdev'),0.077,79
2394,0.1,312,0.13333333333333333,0.5775889174641315,0,214,2631,24,1754,str('H'),1,str('tstat'),0.936,1
2395,0.2,182,0.7999999999999999,0.7038955157197266,0,72,4203,9,3018,str('KL'),1,str('tstat'),0.508,39
2396,0.1,155,0.13333333333333333,0.7414615686909642,0,77,1850,19,491,str('H'),3,str('stdev'),0.495,67
2397,0.12,160,0.2666666666666666,0.7340372361914138,0,80,2030,12,2496,str('H'),2,str('tstat'),0.629,22
2398,0.1,142,0.13333333333333333,0.7619381145524806,0,64,4658,15,4935,str('KL'),3,str('stdev'),0.366,100
2399,0.16,203,0.5333333333333332,0.6783305160108779,0,105,3750,4,1233,str('H'),1,str('stdev'),0.189,62
2400,0.12,162,0.2666666666666666,0.7311318681561029,0,82,1200,17,2902,str('KL'),2,str('stdev'),0.736,99
2401,0.1,155,0.13333333333333333,0.7414615686909642,0,77,693,5,48,str('KL'),3,str('stdev'),0.758,12
2402,0.11,176,0.19999999999999996,0.7117406362325246,0,97,3338,21,2521,str('H'),1,str('tstat'),0.245,83
2403,0.11,160,0.19999999999999996,0.7340372361914138,0,81,4911,12,1302,str('KL'),3,str('tstat'),0.326,72
2404,0.1,142,0.13333333333333333,0.7619381145524806,0,64,2247,15,3785,str('H'),1,str('stdev'),0.687,50
2405,0.13,175,0.3333333333333333,0.7130739645684552,0,92,1478,10,3264,str('H'),1,str('tstat'),0.439,89
2406,0.1,154,0.13333333333333333,0.742974961827982,0,76,3794,19,713,str('KL'),2,str('stdev'),0.55,18
2407,0.16,66,0.5333333333333332,0.940355408447381,0,10,2886,0,4528,str('H'),3,str('stdev'),0.878,29
2408,0.12,167,0.2666666666666666,0.7240216045964928,0,87,511,23,1966,str('KL'),2,str('tstat'),0.116,51
2409,0.13,154,0.3333333333333333,0.742974961827982,0,73,314,1,2694,str('H'),2,str('stdev'),0.195,36
2410,0.1,196,0.13333333333333333,0.6865474242876628,0,118,3000,24,206,str('KL'),1,str('tstat'),0.801,58
2411,0.1,180,0.13333333333333333,0.7064816057197421,0,102,3908,8,3931,str('H'),2,str('tstat'),0.629,95
2412,0.1,154,0.13333333333333333,0.742974961827982,0,76,1281,19,1453,str('KL'),3,str('stdev'),0.362,23
2413,0.12,174,0.2666666666666666,0.7144148902578356,0,94,2361,12,870,str('KL'),3,str('tstat'),0.515,65
2414,0.11,167,0.19999999999999996,0.7240216045964928,0,88,4714,16,3436,str('H'),3,str('stdev'),0.498,43
2415,0.16,165,0.5333333333333332,0.7268399834533585,0,78,3141,3,2116,str('KL'),2,str('stdev'),0.073,6
2416,0.11,251,0.19999999999999996,0.628602762042018,0,157,715,16,1730,str('KL'),2,str('stdev'),0.273,80
2417,0.1,197,0.13333333333333333,0.6853558682140669,0,119,1144,2,4032,str('KL'),1,str('stdev'),0.233,18
2418,0.11,241,0.19999999999999996,0.6381316678754967,0,151,3499,25,1506,str('H'),2,str('tstat'),0.777,90
2419,0.1,134,0.13333333333333333,0.7754861326605458,0,56,4426,7,2788,str('KL'),3,str('tstat'),0.667,53
2420,0.12,182,0.2666666666666666,0.7038955157197266,0,102,2090,17,271,str('H'),2,str('stdev'),0.338,31
2421,0.13,179,0.3333333333333333,0.7077853864604593,0,96,1609,10,2091,str('H'),3,str('tstat'),0.539,83
2422,0.1,133,0.13333333333333333,0.7772358196928197,0,54,4293,13,4539,str('KL'),1,str('stdev'),0.459,11
2423,0.1,160,0.13333333333333333,0.7340372361914138,0,82,2701,5,857,str('H'),3,str('stdev'),0.097,48
2424,0.12,209,0.2666666666666666,0.6715088261499269,0,127,76,23,3296,str('KL'),1,str('tstat'),0.891,70
2425,0.13,145,0.3333333333333333,0.7570521572813891,0,64,83,10,4734,str('KL'),2,str('tstat'),0.39,39
2426,0.12,171,0.2666666666666666,0.7184841297738433,0,91,2768,14,2212,str('H'),1,str('stdev'),0.622,67
2427,0.1,157,0.13333333333333333,0.7384636705472114,0,79,4301,5,3487,str('KL'),1,str('stdev'),0.947,80
2428,0.11,201,0.19999999999999996,0.6806490748814107,0,122,1674,22,975,str('H'),2,str('tstat'),0.056,2
2429,0.1,160,0.13333333333333333,0.7340372361914138,0,82,2128,2,1704,str('H'),3,str('stdev'),0.818,63
2430,0.22,102,0.9333333333333332,0.8391541663420585,0,23,4482,26,4148,str('KL'),1,str('tstat'),0.177,34
2431,0.1,138,0.13333333333333333,0.7686146423927286,0,60,3535,7,468,str('H'),1,str('tstat'),0.254,21
2432,0.21,81,0.8666666666666666,0.8928121140643037,0,4,951,26,688,str('H'),3,str('tstat'),0.093,97
2433,0.11,181,0.19999999999999996,0.7051850083804319,0,102,913,12,3552,str('H'),1,str('tstat'),0.414,9
2434,0.1,172,0.13333333333333333,0.717119883508187,0,94,3265,15,1069,str('KL'),2,str('stdev'),0.584,87
2435,0.13,188,0.3333333333333333,0.6963035082421045,0,104,4818,4,4786,str('H'),2,str('stdev'),0.97,74
2436,0.11,164,0.19999999999999996,0.7282619323219758,0,85,2485,21,2313,str('KL'),3,str('tstat'),0.017,46
2437,0.18,334,0.6666666666666665,0.5616034524916927,0,115,1375,0,327,str('KL'),1,str('stdev'),0.857,92
2438,0.1,159,0.13333333333333333,0.7355034828148477,0,81,4063,24,2889,str('H'),2,str('tstat'),0.153,14
2439,0.19,151,0.7333333333333333,0.7475744272275548,0,63,3096,9,1571,str('KL'),2,str('tstat'),0.293,27
2440,0.1,178,0.13333333333333333,0.7090964306410996,0,100,467,19,4122,str('H'),3,str('stdev'),0.712,55
2441,0.1,206,0.13333333333333333,0.6748949539474718,0,128,582,8,1217,str('KL'),2,str('tstat'),0.603,32
2442,0.1,173,0.13333333333333333,0.7157635003770612,0,95,2897,18,3695,str('H'),1,str('stdev'),0.402,60
2443,0.16,232,0.5333333333333332,0.6470505727380176,0,111,3864,1,2473,str('KL'),1,str('stdev'),0.045,99
2444,0.11,179,0.19999999999999996,0.7077853864604593,0,100,1491,25,4961,str('H'),2,str('tstat'),0.967,21
2445,0.15,167,0.46666666666666656,0.7240216045964928,0,83,2287,3,3031,str('H'),2,str('stdev'),0.157,69
2446,0.1,158,0.13333333333333333,0.7369789222671177,0,80,4933,20,474,str('KL'),1,str('tstat'),0.83,41
2447,0.15,160,0.46666666666666656,0.7340372361914138,0,77,3380,13,4296,str('H'),3,str('tstat'),0.724,2
2448,0.1,204,0.13333333333333333,0.6771797468631767,0,126,871,18,1140,str('KL'),1,str('tstat'),0.169,83
2449,0.1,134,0.13333333333333333,0.7754861326605458,0,56,987,6,3373,str('KL'),3,str('tstat'),0.333,20
2450,0.11,381,0.19999999999999996,0.5307067195426327,0,166,3655,22,934,str('H'),1,str('stdev'),0.663,98
2451,0.14,139,0.4,0.7669276687044017,0,56,4583,10,4619,str('KL'),2,str('stdev'),0.765,61
2452,0.11,156,0.19999999999999996,0.7399578458636504,0,77,1934,14,2170,str('H'),1,str('tstat'),0.222,33
2453,0.1,138,0.13333333333333333,0.7686146423927286,0,60,1765,7,191,str('H'),3,str('stdev'),0.902,81
2454,0.13,252,0.3333333333333333,0.6276707536089015,0,125,4137,17,2708,str('KL'),1,str('tstat'),0.109,3
2455,0.1,183,0.13333333333333333,0.7026130503018598,0,105,2545,2,1428,str('H'),1,str('tstat'),0.463,40
2456,0.11,164,0.19999999999999996,0.7282619323219758,0,85,232,25,3955,str('KL'),3,str('stdev'),0.542,68
2457,0.1,160,0.13333333333333333,0.7340372361914138,0,82,195,5,1367,str('H'),2,str('stdev'),0.781,42
2458,0.11,184,0.19999999999999996,0.7013375359501945,0,105,2509,22,3879,str('KL'),3,str('tstat'),0.206,64
2459,0.1,156,0.13333333333333333,0.7399578458636504,0,78,4101,11,101,str('H'),2,str('tstat'),0.349,76
2460,0.1,161,0.13333333333333333,0.7325800685526371,0,83,1728,15,2623,str('KL'),3,str('stdev'),0.648,4
2461,0.1,135,0.13333333333333333,0.7737493585653525,0,57,1898,7,4387,str('KL'),2,str('tstat'),0.478,59
2462,0.12,188,0.2666666666666666,0.6963035082421045,0,108,4545,17,1953,str('H'),1,str('stdev'),0.527,37
2463,0.15,161,0.46666666666666656,0.7325800685526371,0,78,3618,3,3131,str('KL'),2,str('stdev'),0.918,25
2464,0.11,232,0.19999999999999996,0.6470505727380176,0,145,1107,22,1288,str('H'),2,str('stdev'),0.474,93
2465,0.2,198,0.7999999999999999,0.6841703149673048,0,76,757,9,4201,str('H'),2,str('stdev'),0.029,5
2466,0.1,173,0.13333333333333333,0.7157635003770612,0,95,3421,19,1650,str('KL'),3,str('tstat'),0.982,77
2467,0.17,75,0.6,0.910694015982116,0,17,4974,0,2965,str('H'),1,str('tstat'),0.587,63
2468,0.1,150,0.13333333333333333,0.7491277782255682,0,72,2329,24,404,str('KL'),3,str('stdev'),0.418,42
2469,0.15,238,0.46666666666666656,0.6410672380209594,0,121,1532,4,2237,str('KL'),2,str('tstat'),0.708,96
2470,0.11,170,0.19999999999999996,0.7198563308731665,0,91,3907,21,4710,str('H'),1,str('stdev'),0.289,24
2471,0.12,214,0.2666666666666666,0.6659713513272776,0,130,2939,12,990,str('KL'),1,str('stdev'),0.142,37
2472,0.1,157,0.13333333333333333,0.7384636705472114,0,79,623,15,3473,str('H'),3,str('tstat'),0.845,59
2473,0.16,175,0.5333333333333332,0.7130739645684552,0,88,426,13,1808,str('KL'),1,str('stdev'),0.955,30
2474,0.11,179,0.19999999999999996,0.7077853864604593,0,100,3054,16,4374,str('H'),2,str('tstat'),0.033,52
2475,0.16,161,0.5333333333333332,0.7325800685526371,0,74,4021,3,555,str('KL'),3,str('tstat'),0.398,90
2476,0.1,140,0.13333333333333333,0.7652527020479793,0,62,1335,20,3111,str('H'),1,str('stdev'),0.599,19
2477,0.14,164,0.4,0.7282619323219758,0,82,2443,1,4881,str('H'),3,str('tstat'),0.277,70
2478,0.11,164,0.19999999999999996,0.7282619323219758,0,85,4777,25,2394,str('KL'),2,str('stdev'),0.727,49
2479,0.1,188,0.13333333333333333,0.6963035082421045,0,110,3224,8,3618,str('H'),3,str('stdev'),0.841,11
2480,0.1,189,0.13333333333333333,0.6950616487809889,0,111,651,24,2773,str('H'),2,str('stdev'),0.503,86
2481,0.14,141,0.4,0.7635895727106295,0,59,1236,10,529,str('H'),2,str('stdev'),0.993,24
2482,0.1,135,0.13333333333333333,0.7737493585653525,0,57,3572,13,2978,str('KL'),1,str('tstat'),0.009,96
2483,0.1,136,0.13333333333333333,0.7720253082041393,0,58,4519,6,1794,str('H'),1,str('tstat'),0.437,57
2484,0.11,164,0.19999999999999996,0.7282619323219758,0,85,2164,23,4233,str('KL'),3,str('stdev'),0.575,35
2485,0.15,149,0.46666666666666656,0.7506914505683682,0,66,1711,1,3719,str('KL'),2,str('tstat'),0.301,77
2486,0.1,160,0.13333333333333333,0.7340372361914138,0,82,4337,25,1192,str('H'),3,str('stdev'),0.689,5
2487,0.1,170,0.13333333333333333,0.7198563308731665,0,92,2804,8,4975,str('KL'),1,str('stdev'),0.865,44
2488,0.1,186,0.13333333333333333,0.6988070618723943,0,108,120,18,2458,str('H'),2,str('tstat'),0.13,66
2489,0.16,183,0.5333333333333332,0.7026130503018598,0,96,39,3,766,str('H'),1,str('tstat'),0.651,47
2490,0.22,85,0.9333333333333332,0.8816037185284046,0,6,2665,26,3210,str('KL'),3,str('stdev'),0.353,75
2491,0.1,135,0.13333333333333333,0.7737493585653525,0,57,4257,6,2029,str('H'),3,str('stdev'),0.218,87
2492,0.12,175,0.2666666666666666,0.7130739645684552,0,95,1572,17,4463,str('KL'),3,str('tstat'),0.793,9
2493,0.1,135,0.13333333333333333,0.7737493585653525,0,57,2054,11,2546,str('KL'),1,str('stdev'),0.082,54
2494,0.11,199,0.19999999999999996,0.6829907043682817,0,120,4389,14,24,str('H'),3,str('tstat'),0.906,26
2495,0.1,182,0.13333333333333333,0.7038955157197266,0,104,3462,5,3800,str('KL'),1,str('tstat'),0.523,14
2496,0.11,221,0.19999999999999996,0.6584314718422857,0,138,1044,14,4811,str('KL'),1,str('tstat'),0.822,89
2497,0.17,66,0.6,0.940355408447381,0,9,850,0,1889,str('KL'),3,str('tstat'),0.675,1
2498,0.12,187,0.2666666666666666,0.6975519558478929,0,107,3182,23,4450,str('H'),2,str('stdev'),0.314,79
2499,0.19,220,0.7333333333333333,0.659493919794817,0,93,4754,9,633,str('KL'),1,str('stdev'),0.242,67
2500,0.1,158,0.13333333333333333,0.7369789222671177,0,80,2403,20,3185,str('H'),3,str('tstat'),0.754,39
2501,0.12,174,0.2666666666666666,0.7144148902578356,0,94,1321,12,3865,str('H'),3,str('stdev'),0.12,100
2502,0.1,133,0.13333333333333333,0.7772358196928197,0,54,3950,15,1382,str('KL'),1,str('tstat'),0.882,22
2503,0.12,168,0.2666666666666666,0.7226249724749032,0,88,3042,4,2599,str('H'),2,str('tstat'),0.561,34
2504,0.11,312,0.19999999999999996,0.5775889174641315,0,164,355,21,126,str('KL'),1,str('stdev'),0.45,62
2505,0.14,152,0.4,0.7460312622109644,0,70,470,4,4594,str('H'),1,str('tstat'),0.373,28
2506,0.1,165,0.13333333333333333,0.7268399834533585,0,87,2844,20,2037,str('KL'),3,str('stdev'),0.64,56
2507,0.12,204,0.2666666666666666,0.6771797468631767,0,123,3752,12,3360,str('H'),1,str('stdev'),0.805,93
2508,0.11,195,0.19999999999999996,0.6877450442859603,0,116,1437,16,794,str('KL'),2,str('tstat'),0.199,15
2509,0.17,159,0.6,0.7355034828148477,0,72,2204,9,1529,str('KL'),2,str('stdev'),0.925,73
2510,0.1,161,0.13333333333333333,0.7325800685526371,0,83,4870,19,4007,str('H'),3,str('tstat'),0.07,45
2511,0.18,68,0.6666666666666665,0.9334333852565074,0,9,3297,0,285,str('KL'),3,str('tstat'),0.485,8
2512,0.12,177,0.2666666666666666,0.7104148196453782,0,97,853,23,278,str('H'),2,str('tstat'),0.577,17
2513,0.1,159,0.13333333333333333,0.7355034828148477,0,81,1050,11,2984,str('H'),2,str('tstat'),0.928,80
2514,0.12,202,0.2666666666666666,0.6794869400665288,0,121,3675,14,540,str('KL'),3,str('stdev'),0.069,1
2515,0.1,181,0.13333333333333333,0.7051850083804319,0,103,4642,5,4221,str('H'),3,str('stdev'),0.487,38
2516,0.11,236,0.19999999999999996,0.6430448279927368,0,149,1958,22,1787,str('KL'),1,str('tstat'),0.501,66
2517,0.1,158,0.13333333333333333,0.7369789222671177,0,80,1824,2,1205,str('KL'),2,str('stdev'),0.374,22
2518,0.22,150,0.9333333333333332,0.7491277782255682,0,61,4160,26,3727,str('H'),1,str('tstat'),0.637,100
2519,0.1,149,0.13333333333333333,0.7506914505683682,0,71,2608,7,2451,str('KL'),3,str('tstat'),0.807,63
2520,0.11,161,0.19999999999999996,0.7325800685526371,0,82,252,17,4964,str('H'),1,str('stdev'),0.197,35
2521,0.1,152,0.13333333333333333,0.7460312622109644,0,74,239,7,2824,str('KL'),3,str('stdev'),0.052,49
2522,0.13,280,0.3333333333333333,0.6029691064346259,0,129,2612,17,390,str('H'),2,str('tstat'),0.943,71
2523,0.1,174,0.13333333333333333,0.7144148902578356,0,96,4144,2,4068,str('KL'),2,str('tstat'),0.61,84
2524,0.22,105,0.9333333333333332,0.8323977648215923,0,26,1830,26,1624,str('H'),1,str('stdev'),0.378,12
2525,0.1,226,0.13333333333333333,0.6531900119288148,0,148,1972,5,1055,str('H'),1,str('tstat'),0.747,52
2526,0.11,197,0.19999999999999996,0.6853558682140669,0,118,4639,22,3567,str('KL'),2,str('stdev'),0.266,30
2527,0.1,147,0.13333333333333333,0.7538503143967605,0,69,3691,11,2289,str('H'),3,str('stdev'),0.181,17
2528,0.13,179,0.3333333333333333,0.7077853864604593,0,96,1242,13,2296,str('KL'),3,str('stdev'),0.756,7
2529,0.18,85,0.6666666666666665,0.8816037185284046,0,24,655,0,4444,str('KL'),1,str('stdev'),0.748,94
2530,0.1,185,0.13333333333333333,0.7000688977200731,0,107,3284,24,1878,str('H'),3,str('tstat'),0.262,23
2531,0.19,173,0.7333333333333333,0.7157635003770612,0,74,4876,9,3197,str('KL'),2,str('tstat'),0.183,36
2532,0.1,146,0.13333333333333333,0.7554457904860468,0,68,2189,19,641,str('H'),1,str('stdev'),0.821,58
2533,0.12,189,0.2666666666666666,0.6950616487809889,0,109,1433,12,1369,str('H'),1,str('tstat'),0.055,7
2534,0.11,179,0.19999999999999996,0.7077853864604593,0,100,3765,16,3857,str('KL'),2,str('stdev'),0.942,79
2535,0.14,273,0.4,0.608905719449578,0,128,2838,4,133,str('H'),2,str('stdev'),0.612,65
2536,0.1,151,0.13333333333333333,0.7475744272275548,0,73,486,20,2611,str('KL'),3,str('tstat'),0.376,43
2537,0.16,185,0.5333333333333332,0.7000688977200731,0,97,371,4,2049,str('H'),2,str('stdev'),0.298,72
2538,0.11,190,0.19999999999999996,0.6938263082971938,0,111,3036,21,4600,str('KL'),1,str('tstat'),0.689,50
2539,0.13,174,0.3333333333333333,0.7144148902578356,0,91,3964,12,786,str('H'),3,str('tstat'),0.864,12
2540,0.1,144,0.13333333333333333,0.75866956448497,0,66,1318,15,3347,str('KL'),2,str('stdev'),0.133,84
2541,0.19,178,0.7333333333333333,0.7090964306410996,0,77,2387,9,4015,str('KL'),3,str('tstat'),0.993,29
2542,0.1,144,0.13333333333333333,0.75866956448497,0,66,4761,20,1542,str('H'),1,str('stdev'),0.012,51
2543,0.17,82,0.6,0.8899595722079197,0,23,3168,0,2761,str('KL'),1,str('stdev'),0.434,89
2544,0.1,144,0.13333333333333333,0.75866956448497,0,66,751,19,3626,str('KL'),3,str('stdev'),0.221,13
2545,0.1,261,0.13333333333333333,0.6194447262411205,0,178,1104,5,926,str('KL'),1,str('stdev'),0.275,76
2546,0.11,185,0.19999999999999996,0.7000688977200731,0,106,3475,22,3360,str('H'),2,str('tstat'),0.729,4
2547,0.1,150,0.13333333333333333,0.7491277782255682,0,72,4383,11,2182,str('KL'),2,str('tstat'),0.841,42
2548,0.11,162,0.19999999999999996,0.7311318681561029,0,83,2070,14,4626,str('H'),3,str('stdev'),0.172,64
2549,0.1,148,0.13333333333333333,0.75226558233568,0,70,1576,6,2696,str('H'),1,str('tstat'),0.953,25
2550,0.12,171,0.2666666666666666,0.7184841297738433,0,91,4244,17,184,str('KL'),3,str('stdev'),0.035,97
2551,0.15,149,0.46666666666666656,0.7506914505683682,0,66,2671,3,3963,str('H'),2,str('stdev'),0.395,59
2552,0.21,92,0.8666666666666666,0.8631884864746343,0,15,23,26,1441,str('KL'),1,str('tstat'),0.6,37
2553,0.1,167,0.13333333333333333,0.7240216045964928,0,89,133,8,379,str('KL'),1,str('tstat'),0.12,56
2554,0.1,165,0.13333333333333333,0.7268399834533585,0,87,2800,18,2818,str('H'),2,str('stdev'),0.885,27
2555,0.15,144,0.46666666666666656,0.75866956448497,0,61,4352,1,1632,str('KL'),1,str('stdev'),0.559,16
2556,0.11,167,0.19999999999999996,0.7240216045964928,0,88,1705,25,4081,str('H'),3,str('tstat'),0.452,94
2557,0.1,134,0.13333333333333333,0.7754861326605458,0,56,2150,6,3559,str('H'),3,str('stdev'),0.672,45
2558,0.12,207,0.2666666666666666,0.6737608224908778,0,126,4523,23,1042,str('KL'),2,str('tstat'),0.315,73
2559,0.13,159,0.3333333333333333,0.7355034828148477,0,78,3556,10,4823,str('H'),2,str('tstat'),0.24,85
2560,0.1,163,0.13333333333333333,0.7296925253097426,0,85,984,22,3792,str('H'),2,str('tstat'),0.415,11
2561,0.1,179,0.13333333333333333,0.7077853864604593,0,101,865,8,1658,str('H'),2,str('tstat'),0.08,98
2562,0.1,162,0.13333333333333333,0.7311318681561029,0,84,3240,18,4214,str('KL'),1,str('stdev'),0.908,20
2563,0.12,135,0.2666666666666666,0.7737493585653525,0,56,4773,1,392,str('H'),3,str('stdev'),0.52,32
2564,0.11,204,0.19999999999999996,0.6771797468631767,0,125,2457,25,2958,str('KL'),1,str('tstat'),0.475,60
2565,0.16,171,0.5333333333333332,0.7184841297738433,0,84,1341,3,4722,str('KL'),2,str('stdev'),0.649,3
2566,0.1,132,0.13333333333333333,0.7789986131171088,0,52,4005,20,2244,str('H'),3,str('tstat'),0.355,81
2567,0.16,168,0.5333333333333332,0.7226249724749032,0,81,3057,13,3465,str('KL'),3,str('tstat'),0.217,69
2568,0.11,177,0.19999999999999996,0.7104148196453782,0,98,413,16,977,str('H'),1,str('stdev'),0.796,41
2569,0.12,183,0.2666666666666666,0.7026130503018598,0,103,610,12,4361,str('KL'),3,str('tstat'),0.905,74
2570,0.1,172,0.13333333333333333,0.717119883508187,0,94,2943,15,1800,str('H'),1,str('stdev'),0.107,46
2571,0.16,180,0.5333333333333332,0.7064816057197421,0,93,3891,4,3118,str('KL'),2,str('stdev'),0.463,10
2572,0.11,160,0.19999999999999996,0.7340372361914138,0,81,1538,21,566,str('H'),3,str('tstat'),0.539,88
2573,0.17,64,0.6,0.9474872215534342,0,7,2343,0,2387,str('H'),1,str('stdev'),0.335,27
2574,0.1,149,0.13333333333333333,0.7506914505683682,0,71,4970,24,4870,str('KL'),2,str('tstat'),0.661,55
2575,0.2,278,0.7999999999999999,0.6046500551655987,0,90,3437,9,1152,str('H'),1,str('tstat'),0.769,91
2576,0.1,153,0.13333333333333333,0.744498150458009,0,75,907,15,4285,str('KL'),1,str('tstat'),0.339,25
2577,0.16,190,0.5333333333333332,0.6938263082971938,0,100,948,3,1517,str('KL'),2,str('tstat'),0.161,87
2578,0.21,80,0.8666666666666666,0.895699657307198,0,3,3631,26,4039,str('H'),1,str('stdev'),0.829,9
2579,0.1,139,0.13333333333333333,0.7669276687044017,0,61,4539,7,263,str('KL'),1,str('stdev'),0.725,47
2580,0.12,209,0.2666666666666666,0.6715088261499269,0,127,1914,17,2775,str('H'),2,str('tstat'),0.271,75
2581,0.1,134,0.13333333333333333,0.7754861326605458,0,56,1732,11,4547,str('H'),2,str('stdev'),0.603,14
2582,0.1,145,0.13333333333333333,0.7570521572813891,0,67,4087,15,2103,str('KL'),1,str('tstat'),0.399,92
2583,0.1,185,0.13333333333333333,0.7000688977200731,0,107,2515,5,3284,str('H'),1,str('tstat'),0.047,54
2584,0.11,179,0.19999999999999996,0.7077853864604593,0,100,179,22,850,str('KL'),3,str('stdev'),0.965,26
2585,0.1,179,0.13333333333333333,0.7077853864604593,0,101,216,2,3223,str('H'),3,str('stdev'),0.709,53
2586,0.21,97,0.8666666666666666,0.8508646330405213,0,20,2551,26,774,str('KL'),1,str('tstat'),0.286,32
2587,0.1,146,0.13333333333333333,0.7554457904860468,0,68,4123,7,4457,str('H'),1,str('tstat'),0.145,18
2588,0.11,209,0.19999999999999996,0.6715088261499269,0,129,1769,17,2018,str('KL'),2,str('stdev'),0.845,90
2589,0.14,309,0.4,0.5798553730734208,0,129,1950,10,31,str('KL'),2,str('tstat'),0.031,48
2590,0.11,178,0.19999999999999996,0.7090964306410996,0,99,4576,14,2558,str('H'),1,str('stdev'),0.981,70
2591,0.1,143,0.13333333333333333,0.7602981649070252,0,65,3669,6,1275,str('KL'),3,str('stdev'),0.588,83
2592,0.11,248,0.19999999999999996,0.6314211408988839,0,155,1140,25,3143,str('H'),1,str('stdev'),0.02,4
2593,0.18,183,0.6666666666666665,0.7026130503018598,0,88,709,13,1057,str('H'),3,str('stdev'),0.479,91
2594,0.11,167,0.19999999999999996,0.7240216045964928,0,88,3396,16,3545,str('KL'),2,str('tstat'),0.524,19
2595,0.15,158,0.46666666666666656,0.7369789222671177,0,75,4929,3,2321,str('H'),1,str('tstat'),0.921,31
2596,0.1,135,0.13333333333333333,0.7737493585653525,0,57,2300,20,4799,str('KL'),2,str('stdev'),0.092,53
2597,0.14,157,0.4,0.7384636705472114,0,75,1497,1,2881,str('KL'),3,str('tstat'),0.784,10
2598,0.11,469,0.19999999999999996,0.4819195886467659,0,170,3849,25,315,str('H'),1,str('stdev'),0.206,82
2599,0.1,166,0.13333333333333333,0.7254265748696861,0,88,2901,8,4134,str('KL'),3,str('stdev'),0.351,70
2600,0.1,172,0.13333333333333333,0.717119883508187,0,94,569,18,1578,str('H'),2,str('tstat'),0.645,49
2601,0.16,143,0.5333333333333332,0.7602981649070252,0,59,454,9,3702,str('KL'),1,str('stdev'),0.535,63
2602,0.1,142,0.13333333333333333,0.7619381145524806,0,64,3099,19,1229,str('H'),3,str('tstat'),0.459,41
2603,0.18,84,0.6666666666666665,0.8843561688733478,0,23,4047,0,4948,str('KL'),2,str('tstat'),0.096,4
2604,0.1,194,0.13333333333333333,0.6889487902443983,0,116,1382,24,2466,str('H'),3,str('stdev'),0.893,76
2605,0.15,168,0.46666666666666656,0.7226249724749032,0,84,2499,4,487,str('H'),2,str('tstat'),0.233,38
2606,0.11,158,0.19999999999999996,0.7369789222671177,0,79,4814,21,3039,str('KL'),3,str('stdev'),0.781,60
2607,0.1,198,0.13333333333333333,0.6841703149673048,0,120,3281,12,1724,str('H'),2,str('stdev'),0.664,96
2608,0.14,209,0.4,0.6715088261499269,0,111,131,4,1333,str('KL'),1,str('stdev'),0.711,84
2609,0.12,306,0.2666666666666666,0.5821438691153784,0,152,744,14,724,str('KL'),1,str('stdev'),0.179,1
2610,0.16,111,0.5333333333333332,0.8194404471509675,0,40,3795,0,2514,str('H'),2,str('tstat'),0.612,100
2611,0.11,174,0.19999999999999996,0.7144148902578356,0,95,2744,25,1912,str('KL'),3,str('tstat'),0.425,55
2612,0.1,137,0.13333333333333333,0.7703137965019462,0,59,2036,11,3837,str('H'),1,str('stdev'),0.866,46
2613,0.1,156,0.13333333333333333,0.7399578458636504,0,78,1668,5,1864,str('KL'),3,str('tstat'),0.193,16
2614,0.11,194,0.19999999999999996,0.6889487902443983,0,115,4316,22,4298,str('H'),2,str('stdev'),0.804,88
2615,0.1,166,0.13333333333333333,0.7254265748696861,0,88,2764,11,621,str('KL'),1,str('stdev'),0.625,52
2616,0.11,170,0.19999999999999996,0.7198563308731665,0,91,96,14,3064,str('H'),2,str('tstat'),0.362,30
2617,0.1,163,0.13333333333333333,0.7296925253097426,0,85,60,5,3873,str('H'),3,str('tstat'),0.857,61
2618,0.13,191,0.3333333333333333,0.6925974187069388,0,106,2707,23,1355,str('KL'),2,str('stdev'),0.157,33
2619,0.13,173,0.3333333333333333,0.7157635003770612,0,90,4279,10,2636,str('H'),3,str('stdev'),0.29,19
2620,0.18,1497,0.6666666666666665,0.2091338909904451,0,118,1613,13,109,str('KL'),1,str('tstat'),0.713,97
2621,0.1,135,0.13333333333333333,0.7737493585653525,0,57,2106,7,1940,str('KL'),3,str('stdev'),0.411,40
2622,0.12,175,0.2666666666666666,0.7130739645684552,0,95,4420,17,4379,str('H'),2,str('tstat'),0.584,68
2623,0.1,198,0.13333333333333333,0.6841703149673048,0,120,3512,2,694,str('KL'),2,str('tstat'),0.969,82
2624,0.1,156,0.13333333333333333,0.7399578458636504,0,78,4139,24,519,str('H'),2,str('tstat'),0.449,42
2625,0.1,166,0.13333333333333333,0.7254265748696861,0,88,2823,24,2594,str('KL'),3,str('tstat'),0.129,72
2626,0.1,164,0.13333333333333333,0.7282619323219758,0,86,629,24,2307,str('H'),1,str('stdev'),0.79,11
2627,0.1,174,0.13333333333333333,0.7144148902578356,0,96,3474,8,4943,str('KL'),2,str('stdev'),0.37,89
2628,0.1,176,0.13333333333333333,0.7117406362325246,0,98,2361,5,3454,str('KL'),1,str('tstat'),0.405,91
2629,0.1,150,0.13333333333333333,0.7491277782255682,0,72,2288,19,2378,str('H'),3,str('stdev'),0.192,10
2630,0.1,139,0.13333333333333333,0.7669276687044017,0,61,2840,6,4299,str('KL'),2,str('tstat'),0.506,91
2631,0.11,219,0.19999999999999996,0.6605611861218892,0,136,4363,22,1199,str('H'),1,str('tstat'),0.444,62
2632,0.1,187,0.13333333333333333,0.6975519558478929,0,109,1156,8,2985,str('KL'),3,str('stdev'),0.753,39
2633,0.21,103,0.8666666666666666,0.8368804112454389,0,26,540,26,4882,str('KL'),2,str('stdev'),0.358,72
2634,0.12,178,0.2666666666666666,0.7090964306410996,0,98,4998,12,1804,str('H'),1,str('tstat'),0.913,29
2635,0.1,144,0.13333333333333333,0.75866956448497,0,66,3475,15,3696,str('KL'),2,str('tstat'),0.103,25
2636,0.13,144,0.3333333333333333,0.75866956448497,0,63,1673,1,479,str('H'),3,str('stdev'),0.669,76
2637,0.1,140,0.13333333333333333,0.7652527020479793,0,62,1417,20,3229,str('H'),2,str('stdev'),0.275,64
2638,0.1,148,0.13333333333333333,0.75226558233568,0,70,3376,7,18,str('KL'),3,str('tstat'),0.964,37
2639,0.1,163,0.13333333333333333,0.7296925253097426,0,85,4433,18,4406,str('H'),3,str('tstat'),0.029,17
2640,0.1,160,0.13333333333333333,0.7340372361914138,0,82,4004,24,1286,str('H'),3,str('tstat'),0.899,81
2641,0.1,188,0.13333333333333333,0.6963035082421045,0,110,2805,24,4368,str('KL'),1,str('tstat'),0.71,8
2642,0.1,176,0.13333333333333333,0.7117406362325246,0,98,1236,24,885,str('H'),2,str('stdev'),0.374,75
2643,0.1,195,0.13333333333333333,0.6877450442859603,0,117,1092,24,4162,str('KL'),2,str('tstat'),0.926,87
2644,0.1,165,0.13333333333333333,0.7268399834533585,0,87,2646,24,779,str('H'),3,str('stdev'),0.03,45
2645,0.1,196,0.13333333333333333,0.6865474242876628,0,118,3830,24,3624,str('KL'),1,str('stdev'),0.331,69
2646,0.1,163,0.13333333333333333,0.7296925253097426,0,85,2280,24,1472,str('H'),3,str('tstat'),0.745,2
2647,0.1,187,0.13333333333333333,0.6975519558478929,0,109,1456,24,2988,str('H'),2,str('tstat'),0.85,59
2648,0.1,200,0.13333333333333333,0.6818169771383451,0,122,4887,24,2073,str('KL'),1,str('stdev'),0.202,23
2649,0.1,144,0.13333333333333333,0.75866956448497,0,66,3620,24,4775,str('H'),3,str('stdev'),0.376,91
2650,0.1,152,0.13333333333333333,0.7460312622109644,0,74,193,24,130,str('KL'),2,str('tstat'),0.539,29
2651,0.1,175,0.13333333333333333,0.7130739645684552,0,97,588,24,3238,str('H'),1,str('stdev'),0.678,56
2652,0.1,159,0.13333333333333333,0.7355034828148477,0,81,3413,24,1708,str('KL'),2,str('tstat'),0.281,14
2653,0.1,198,0.13333333333333333,0.6841703149673048,0,120,4646,24,3931,str('H'),1,str('tstat'),0.08,100
2654,0.1,155,0.13333333333333333,0.7414615686909642,0,77,1825,24,1171,str('KL'),3,str('stdev'),0.993,33
2655,0.1,160,0.13333333333333333,0.7340372361914138,0,82,1940,24,4537,str('KL'),3,str('stdev'),0.599,78
2656,0.1,446,0.13333333333333333,0.4937271510266441,0,240,5000,24,1,str('H'),2,str('stdev'),0.001,26
2657,0.1,137,0.13333333333333333,0.7703137965019462,0,59,1,24,5000,str('H'),2,str('tstat'),0.001,23
2658,0.1,271,0.13333333333333333,0.6106297698107913,0,187,1,24,1,str('H'),3,str('stdev'),0.001,98
2659,0.1,274,0.13333333333333333,0.6080484076753232,0,189,5000,24,1,str('H'),3,str('stdev'),0.999,100
2660,0.1,185,0.13333333333333333,0.7000688977200731,0,107,1,24,5000,str('H'),3,str('tstat'),0.999,100
2661,0.1,186,0.13333333333333333,0.6988070618723943,0,108,4278,24,4431,str('KL'),2,str('stdev'),0.756,4
2662,0.1,188,0.13333333333333333,0.6963035082421045,0,110,2104,24,313,str('H'),1,str('tstat'),0.172,66
2663,0.1,168,0.13333333333333333,0.7226249724749032,0,90,1672,24,3822,str('H'),1,str('tstat'),0.301,20
2664,0.1,157,0.13333333333333333,0.7384636705472114,0,79,4478,24,967,str('KL'),3,str('stdev'),0.651,62
2665,0.1,147,0.13333333333333333,0.7538503143967605,0,69,3250,24,3422,str('H'),2,str('stdev'),0.958,27
2666,0.1,153,0.13333333333333333,0.744498150458009,0,75,449,24,1836,str('KL'),3,str('tstat'),0.123,93
2667,0.1,147,0.13333333333333333,0.7538503143967605,0,69,20,24,4979,str('H'),2,str('stdev'),0.221,17
2668,0.1,178,0.13333333333333333,0.7090964306410996,0,100,3471,24,239,str('KL'),1,str('tstat'),0.823,53
2669,0.1,163,0.13333333333333333,0.7296925253097426,0,85,4742,24,2860,str('H'),3,str('tstat'),0.504,36
2670,0.1,207,0.13333333333333333,0.6737608224908778,0,129,1297,24,1889,str('KL'),2,str('stdev'),0.419,97
2671,0.1,185,0.13333333333333333,0.7000688977200731,0,107,2429,24,3499,str('KL'),1,str('stdev'),0.049,39
2672,0.1,139,0.13333333333333333,0.7669276687044017,0,61,1,24,5000,str('KL'),3,str('stdev'),0.999,100
2673,0.1,311,0.13333333333333333,0.578341979936403,0,213,1,24,1,str('H'),2,str('tstat'),0.001,21
2674,0.1,177,0.13333333333333333,0.7104148196453782,0,99,5000,24,5000,str('KL'),3,str('tstat'),0.999,1
2675,0.1,134,0.13333333333333333,0.7754861326605458,0,56,5000,24,5000,str('H'),3,str('tstat'),0.001,1
2676,0.1,273,0.13333333333333333,0.608905719449578,0,188,5000,24,1,str('KL'),3,str('tstat'),0.001,100
2677,0.1,187,0.13333333333333333,0.6975519558478929,0,109,5000,24,5000,str('H'),2,str('stdev'),0.001,27
2678,0.1,136,0.13333333333333333,0.7720253082041393,0,58,1,24,5000,str('H'),3,str('tstat'),0.001,100
2679,0.1,147,0.13333333333333333,0.7538503143967605,0,69,5000,24,5000,str('H'),3,str('stdev'),0.999,100
2680,0.1,183,0.13333333333333333,0.7026130503018598,0,105,5000,24,5000,str('KL'),3,str('stdev'),0.001,100
2681,0.1,381,0.13333333333333333,0.5307067195426327,0,233,1,24,1,str('H'),3,str('tstat'),0.999,100
2682,0.1,136,0.13333333333333333,0.7720253082041393,0,58,1,24,5000,str('KL'),3,str('tstat'),0.001,1
2683,0.1,274,0.13333333333333333,0.6080484076753232,0,189,1,24,1,str('H'),3,str('stdev'),0.999,15
2684,0.1,336,0.13333333333333333,0.5602026637023748,0,224,1,24,1,str('KL'),2,str('stdev'),0.001,21
2685,0.1,284,0.13333333333333333,0.5996428062265142,0,196,5000,24,1,str('KL'),3,str('tstat'),0.001,11
2686,0.1,177,0.13333333333333333,0.7104148196453782,0,99,5000,24,5000,str('KL'),3,str('tstat'),0.999,100
2687,0.1,163,0.13333333333333333,0.7296925253097426,0,85,5000,24,5000,str('H'),3,str('tstat'),0.001,100
2688,0.1,156,0.13333333333333333,0.7399578458636504,0,78,5000,24,5000,str('KL'),1,str('tstat'),0.001,100
2689,0.1,263,0.13333333333333333,0.6176551220139805,0,179,1,24,5000,str('H'),1,str('tstat'),0.999,1
2690,0.1,269,0.13333333333333333,0.6123665439059847,0,185,1,24,5000,str('KL'),1,str('tstat'),0.001,1
2691,0.1,232,0.13333333333333333,0.6470505727380176,0,153,5000,24,5000,str('H'),1,str('tstat'),0.999,100
2692,0.1,265,0.13333333333333333,0.6158790243625476,0,181,5000,24,5000,str('KL'),1,str('stdev'),0.999,1
2693,0.1,283,0.13333333333333333,0.6004699839560683,0,195,5000,24,5000,str('KL'),1,str('tstat'),0.001,1
2694,0.1,280,0.13333333333333333,0.6029691064346259,0,192,1,24,1,str('KL'),3,str('tstat'),0.999,1
2695,0.1,225,0.13333333333333333,0.6542290062071052,0,147,1,24,5000,str('KL'),1,str('tstat'),0.999,100
2696,0.1,338,0.13333333333333333,0.5588101636526308,0,225,5000,24,1,str('H'),2,str('tstat'),0.999,26
2697,0.1,315,0.13333333333333333,0.5753440817926503,0,216,1,24,1,str('H'),2,str('stdev'),0.999,26
2698,0.1,135,0.13333333333333333,0.7737493585653525,0,57,5000,24,5000,str('KL'),2,str('tstat'),0.001,29
2699,0.1,292,0.13333333333333333,0.5931280145063631,0,203,1,24,1,str('KL'),3,str('stdev'),0.999,100
2700,0.1,283,0.13333333333333333,0.6004699839560683,0,195,1,24,1,str('H'),3,str('stdev'),0.001,1
2701,0.1,183,0.13333333333333333,0.7026130503018598,0,105,1,24,5000,str('KL'),3,str('stdev'),0.001,100
2702,0.1,215,0.13333333333333333,0.6648793223525504,0,137,1,24,5000,str('H'),2,str('tstat'),0.999,22
2703,0.1,301,0.13333333333333333,0.586008189471007,0,208,5000,24,1,str('H'),3,str('stdev'),0.001,100
2704,0.1,287,0.13333333333333333,0.597178576152464,0,199,1,24,1,str('KL'),3,str('tstat'),0.001,1
2705,0.1,190,0.13333333333333333,0.6938263082971938,0,112,5000,24,5000,str('H'),3,str('stdev'),0.001,1
2706,0.1,137,0.13333333333333333,0.7703137965019462,0,59,5000,24,4825,str('KL'),3,str('stdev'),0.999,1
2707,0.1,142,0.13333333333333333,0.7619381145524806,0,64,5000,24,5000,str('H'),3,str('stdev'),0.999,1
2708,0.1,179,0.13333333333333333,0.7077853864604593,0,101,1,24,5000,str('KL'),3,str('tstat'),0.999,100
2709,0.1,158,0.13333333333333333,0.7369789222671177,0,80,1,24,5000,str('H'),1,str('tstat'),0.001,100
2710,0.1,176,0.13333333333333333,0.7117406362325246,0,98,1,24,5000,str('KL'),3,str('stdev'),0.001,1
2711,0.1,264,0.13333333333333333,0.6167653976204652,0,180,5000,24,1,str('KL'),3,str('stdev'),0.999,100
2712,0.1,274,0.13333333333333333,0.6080484076753232,0,189,1,24,1,str('KL'),3,str('tstat'),0.999,100
2713,0.1,156,0.13333333333333333,0.7399578458636504,0,78,5000,24,5000,str('KL'),1,str('stdev'),0.999,100
2714,0.1,274,0.13333333333333333,0.6080484076753232,0,189,1,24,5000,str('KL'),1,str('stdev'),0.999,1
2715,0.1,268,0.13333333333333333,0.6132397613151863,0,184,5000,24,5000,str('KL'),1,str('tstat'),0.999,1
2716,0.1,162,0.13333333333333333,0.7311318681561029,0,84,1,24,5000,str('KL'),1,str('tstat'),0.001,100
2717,0.1,168,0.13333333333333333,0.7226249724749032,0,90,1,24,5000,str('H'),1,str('stdev'),0.999,100
2718,0.1,212,0.13333333333333333,0.6681707301561548,0,134,1,24,5000,str('KL'),3,str('tstat'),0.999,1
2719,0.1,289,0.13333333333333333,0.5955499757304088,0,201,5000,24,1,str('KL'),3,str('tstat'),0.999,1
2720,0.1,156,0.13333333333333333,0.7399578458636504,0,78,1,24,660,str('KL'),3,str('tstat'),0.999,1
2721,0.1,390,0.13333333333333333,0.5252265588512379,0,234,5000,24,586,str('KL'),1,str('stdev'),0.001,100
2722,0.1,224,0.13333333333333333,0.6552726080138934,0,146,1,24,638,str('H'),1,str('tstat'),0.001,100
2723,0.1,197,0.13333333333333333,0.6853558682140669,0,119,5000,24,652,str('KL'),1,str('tstat'),0.999,1
2724,0.1,197,0.13333333333333333,0.6853558682140669,0,119,1,24,643,str('KL'),1,str('stdev'),0.001,1
2725,0.1,194,0.13333333333333333,0.6889487902443983,0,116,1,24,599,str('KL'),1,str('stdev'),0.999,1
2726,0.1,331,0.13333333333333333,0.5637203946987975,0,222,5000,24,601,str('KL'),1,str('tstat'),0.999,100
2727,0.1,271,0.13333333333333333,0.6106297698107913,0,187,1,24,5000,str('H'),1,str('stdev'),0.001,1
2728,0.1,177,0.13333333333333333,0.7104148196453782,0,99,5000,24,5000,str('KL'),3,str('stdev'),0.001,1
2729,0.1,159,0.13333333333333333,0.7355034828148477,0,81,5000,24,4926,str('H'),3,str('tstat'),0.999,100
2730,0.1,182,0.13333333333333333,0.7038955157197266,0,104,1,24,5000,str('H'),3,str('tstat'),0.999,1
2731,0.1,278,0.13333333333333333,0.6046500551655987,0,191,5000,24,1,str('H'),3,str('tstat'),0.001,1
2732,0.1,160,0.13333333333333333,0.7340372361914138,0,82,5000,24,5000,str('H'),1,str('stdev'),0.999,100
2733,0.1,227,0.13333333333333333,0.6521555846730801,0,149,1,24,5000,str('KL'),1,str('stdev'),0.001,100
2734,0.1,267,0.13333333333333333,0.6141162309382586,0,183,5000,24,5000,str('H'),1,str('tstat'),0.001,1
2735,0.1,287,0.13333333333333333,0.597178576152464,0,199,5000,24,1,str('H'),3,str('tstat'),0.001,100
2736,0.1,146,0.13333333333333333,0.7554457904860468,0,68,1,24,4751,str('H'),3,str('stdev'),0.999,100
2737,0.1,195,0.13333333333333333,0.6877450442859603,0,117,5000,24,1399,str('H'),1,str('tstat'),0.001,100
2738,0.1,158,0.13333333333333333,0.7369789222671177,0,80,4537,24,700,str('H'),3,str('tstat'),0.999,100
2739,0.1,168,0.13333333333333333,0.7226249724749032,0,90,1,24,2704,str('KL'),3,str('stdev'),0.001,1
2740,0.1,294,0.13333333333333333,0.591527111585872,0,205,5000,24,4671,str('H'),1,str('stdev'),0.001,100
2741,0.1,157,0.13333333333333333,0.7384636705472114,0,79,1,24,609,str('H'),3,str('stdev'),0.999,1
2742,0.1,201,0.13333333333333333,0.6806490748814107,0,123,1,24,631,str('H'),1,str('stdev'),0.999,1
2743,0.1,203,0.13333333333333333,0.6783305160108779,0,125,5000,24,755,str('H'),1,str('tstat'),0.001,1
2744,0.1,193,0.13333333333333333,0.6901587251552692,0,115,5000,24,567,str('KL'),1,str('stdev'),0.999,1
2745,0.1,158,0.13333333333333333,0.7369789222671177,0,80,1,24,516,str('KL'),3,str('tstat'),0.001,100
2746,0.1,207,0.13333333333333333,0.6737608224908778,0,129,5000,24,668,str('H'),1,str('stdev'),0.001,1
2747,0.1,146,0.13333333333333333,0.7554457904860468,0,68,5000,24,609,str('KL'),3,str('tstat'),0.001,1
2748,0.1,258,0.13333333333333333,0.6221549115317533,0,175,1,24,4654,str('H'),1,str('stdev'),0.001,100
2749,0.1,151,0.13333333333333333,0.7475744272275548,0,73,1,24,4575,str('H'),3,str('tstat'),0.001,1
2750,0.1,347,0.13333333333333333,0.5526439116224999,0,227,1,24,601,str('H'),1,str('tstat'),0.999,100
2751,0.1,193,0.13333333333333333,0.6901587251552692,0,115,1,24,1254,str('KL'),1,str('tstat'),0.001,100
2752,0.1,170,0.13333333333333333,0.7198563308731665,0,92,987,24,3726,str('H'),3,str('tstat'),0.999,1
2753,0.1,182,0.13333333333333333,0.7038955157197266,0,104,1369,24,323,str('H'),2,str('tstat'),0.999,1
2754,0.1,169,0.13333333333333333,0.7212365801187866,0,91,5000,24,1774,str('KL'),3,str('stdev'),0.001,1
2755,0.1,148,0.13333333333333333,0.75226558233568,0,70,202,24,324,str('H'),3,str('tstat'),0.001,91
2756,0.1,167,0.13333333333333333,0.7240216045964928,0,89,1,24,333,str('KL'),3,str('stdev'),0.001,1
2757,0.1,153,0.13333333333333333,0.744498150458009,0,75,5000,24,340,str('KL'),3,str('tstat'),0.001,12
2758,0.1,158,0.13333333333333333,0.7369789222671177,0,80,161,24,309,str('H'),2,str('stdev'),0.999,1
2759,0.1,162,0.13333333333333333,0.7311318681561029,0,84,5000,24,326,str('H'),2,str('tstat'),0.001,1
2760,0.1,165,0.13333333333333333,0.7268399834533585,0,87,1,24,318,str('KL'),2,str('tstat'),0.999,1
2761,0.1,228,0.13333333333333333,0.65112568446577,0,150,5000,24,1206,str('KL'),1,str('stdev'),0.001,1
2762,0.1,242,0.13333333333333333,0.6371612259981624,0,160,5000,24,1539,str('H'),1,str('stdev'),0.999,1
2763,0.1,163,0.13333333333333333,0.7296925253097426,0,85,5000,24,3219,str('KL'),3,str('tstat'),0.999,1
2764,0.1,227,0.13333333333333333,0.6521555846730801,0,149,5000,24,1365,str('KL'),3,str('stdev'),0.001,100
2765,0.1,212,0.13333333333333333,0.6681707301561548,0,134,1,24,1374,str('KL'),1,str('stdev'),0.999,100
2766,0.1,238,0.13333333333333333,0.6410672380209594,0,158,5000,24,1483,str('H'),1,str('stdev'),0.001,1
2767,0.1,225,0.13333333333333333,0.6542290062071052,0,147,1,24,1111,str('KL'),1,str('tstat'),0.001,1
2768,0.1,171,0.13333333333333333,0.7184841297738433,0,93,1,24,3579,str('KL'),3,str('stdev'),0.999,100
2769,0.1,180,0.13333333333333333,0.7064816057197421,0,102,3492,24,4929,str('H'),2,str('stdev'),0.001,100
2770,0.1,153,0.13333333333333333,0.744498150458009,0,75,5000,24,288,str('H'),3,str('tstat'),0.999,1
2771,0.1,222,0.13333333333333333,0.6573737989528441,0,144,5000,24,3392,str('H'),2,str('tstat'),0.999,100
2772,0.1,164,0.13333333333333333,0.7282619323219758,0,86,5000,24,3326,str('KL'),2,str('tstat'),0.001,100
2773,0.1,162,0.13333333333333333,0.7311318681561029,0,84,4853,24,339,str('KL'),3,str('stdev'),0.999,1
2774,0.1,152,0.13333333333333333,0.7460312622109644,0,74,5000,24,285,str('KL'),2,str('stdev'),0.999,43
2775,0.1,165,0.13333333333333333,0.7268399834533585,0,87,1,24,310,str('KL'),2,str('stdev'),0.001,1
2776,0.1,283,0.13333333333333333,0.6004699839560683,0,195,1,24,2539,str('H'),1,str('tstat'),0.001,1
2777,0.1,188,0.13333333333333333,0.6963035082421045,0,110,1,24,2677,str('H'),1,str('tstat'),0.001,100
2778,0.1,155,0.13333333333333333,0.7414615686909642,0,77,1,24,307,str('H'),3,str('stdev'),0.001,73
2779,0.1,202,0.13333333333333333,0.6794869400665288,0,124,5000,24,2524,str('KL'),1,str('tstat'),0.001,100
2780,0.1,198,0.13333333333333333,0.6841703149673048,0,120,389,24,4718,str('KL'),3,str('stdev'),0.001,1
2781,0.1,159,0.13333333333333333,0.7355034828148477,0,81,2823,24,2276,str('KL'),3,str('stdev'),0.999,1
2782,0.1,150,0.13333333333333333,0.7491277782255682,0,72,4787,24,308,str('H'),3,str('stdev'),0.001,29
2783,0.1,147,0.13333333333333333,0.7538503143967605,0,69,5000,24,3755,str('KL'),3,str('tstat'),0.001,100
2784,0.1,174,0.13333333333333333,0.7144148902578356,0,96,972,24,260,str('KL'),1,str('tstat'),0.269,1
2785,0.1,169,0.13333333333333333,0.7212365801187866,0,91,30,24,434,str('KL'),2,str('stdev'),0.593,1
2786,0.1,193,0.13333333333333333,0.6901587251552692,0,115,1468,24,3528,str('H'),3,str('stdev'),0.001,100
2787,0.1,152,0.13333333333333333,0.7460312622109644,0,74,366,24,465,str('H'),3,str('tstat'),0.234,1
2788,0.1,147,0.13333333333333333,0.7538503143967605,0,69,1451,24,4886,str('KL'),2,str('stdev'),0.999,100
2789,0.1,152,0.13333333333333333,0.7460312622109644,0,74,416,24,431,str('H'),3,str('stdev'),0.509,26
2790,0.1,167,0.13333333333333333,0.7240216045964928,0,89,5000,24,3412,str('H'),3,str('stdev'),0.254,1
2791,0.1,154,0.13333333333333333,0.742974961827982,0,76,4052,24,4794,str('H'),3,str('tstat'),0.52,37
2792,0.1,152,0.13333333333333333,0.7460312622109644,0,74,1201,24,343,str('KL'),2,str('tstat'),0.362,15
2793,0.1,153,0.13333333333333333,0.744498150458009,0,75,3240,24,4898,str('KL'),2,str('tstat'),0.114,100
2794,0.1,152,0.13333333333333333,0.7460312622109644,0,74,4878,24,412,str('H'),3,str('tstat'),0.483,22
2795,0.1,149,0.13333333333333333,0.7506914505683682,0,71,5000,24,308,str('H'),3,str('stdev'),0.999,100
2796,0.1,268,0.13333333333333333,0.6132397613151863,0,184,5000,24,4109,str('H'),1,str('stdev'),0.001,1
2797,0.1,263,0.13333333333333333,0.6176551220139805,0,179,4846,24,271,str('H'),2,str('stdev'),0.999,100
2798,0.1,135,0.13333333333333333,0.7737493585653525,0,57,293,24,3697,str('H'),3,str('tstat'),0.001,1
2799,0.1,144,0.13333333333333333,0.75866956448497,0,66,5000,24,3473,str('H'),3,str('stdev'),0.999,86
2800,0.1,144,0.13333333333333333,0.75866956448497,0,66,4690,24,4937,str('KL'),2,str('stdev'),0.779,100
2801,0.1,145,0.13333333333333333,0.7570521572813891,0,67,5000,24,3500,str('H'),3,str('tstat'),0.001,79
2802,0.1,243,0.13333333333333333,0.6361947695196402,0,161,5000,24,2940,str('KL'),1,str('stdev'),0.001,100
2803,0.1,197,0.13333333333333333,0.6853558682140669,0,119,5000,24,2687,str('KL'),1,str('stdev'),0.999,100
2804,0.1,190,0.13333333333333333,0.6938263082971938,0,112,1,24,1980,str('H'),3,str('tstat'),0.001,1
2805,0.1,178,0.13333333333333333,0.7090964306410996,0,100,4803,24,3482,str('KL'),3,str('tstat'),0.01,1
2806,0.1,175,0.13333333333333333,0.7130739645684552,0,97,4926,24,4714,str('KL'),3,str('tstat'),0.999,100
2807,0.1,165,0.13333333333333333,0.7268399834533585,0,87,5000,24,3440,str('KL'),3,str('stdev'),0.001,32
2808,0.1,172,0.13333333333333333,0.717119883508187,0,94,5000,24,3832,str('H'),3,str('stdev'),0.001,1
2809,0.1,203,0.13333333333333333,0.6783305160108779,0,125,1,24,3198,str('KL'),2,str('stdev'),0.001,1
2810,0.1,160,0.13333333333333333,0.7340372361914138,0,82,4542,24,405,str('H'),3,str('stdev'),0.696,1
2811,0.1,158,0.13333333333333333,0.7369789222671177,0,80,1,24,1886,str('H'),3,str('tstat'),0.999,100
2812,0.1,169,0.13333333333333333,0.7212365801187866,0,91,5000,24,1895,str('KL'),3,str('tstat'),0.999,1
2813,0.1,264,0.13333333333333333,0.6167653976204652,0,180,4612,24,2949,str('H'),1,str('stdev'),0.001,100
2814,0.1,157,0.13333333333333333,0.7384636705472114,0,79,1,24,5000,str('KL'),2,str('tstat'),0.001,100
2815,0.1,156,0.13333333333333333,0.7399578458636504,0,78,3834,24,2892,str('KL'),3,str('stdev'),0.929,100
2816,0.1,153,0.13333333333333333,0.744498150458009,0,75,1,24,1701,str('KL'),3,str('stdev'),0.999,70
2817,0.1,146,0.13333333333333333,0.7554457904860468,0,68,4638,24,4341,str('KL'),3,str('tstat'),0.001,1
2818,0.1,205,0.13333333333333333,0.6760345775874974,0,127,1,24,990,str('KL'),1,str('tstat'),0.001,100
2819,0.1,145,0.13333333333333333,0.7570521572813891,0,67,59,24,3205,str('H'),3,str('stdev'),0.999,100
2820,0.1,151,0.13333333333333333,0.7475744272275548,0,73,4076,24,1034,str('H'),3,str('tstat'),0.001,100
2821,0.1,196,0.13333333333333333,0.6865474242876628,0,118,3883,24,3660,str('KL'),2,str('stdev'),0.999,1
2822,0.1,266,0.13333333333333333,0.6149959770909035,0,182,5000,24,3627,str('H'),1,str('tstat'),0.999,1
2823,0.1,143,0.13333333333333333,0.7602981649070252,0,65,450,24,3882,str('H'),3,str('stdev'),0.999,81
2824,0.1,154,0.13333333333333333,0.742974961827982,0,76,1,24,4881,str('H'),3,str('stdev'),0.001,51
2825,0.1,153,0.13333333333333333,0.744498150458009,0,75,429,24,4326,str('KL'),3,str('stdev'),0.999,100
2826,0.1,173,0.13333333333333333,0.7157635003770612,0,95,5000,24,3159,str('KL'),3,str('tstat'),0.999,100
2827,0.1,171,0.13333333333333333,0.7184841297738433,0,93,1,24,3120,str('KL'),3,str('stdev'),0.001,100
2828,0.1,167,0.13333333333333333,0.7240216045964928,0,89,1,24,3932,str('KL'),3,str('tstat'),0.999,100
2829,0.1,213,0.13333333333333333,0.6670684713645746,0,135,679,24,2358,str('KL'),2,str('tstat'),0.999,100
2830,0.1,304,0.13333333333333333,0.5836819910730743,0,209,1537,24,2576,str('H'),1,str('tstat'),0.999,100
2831,0.1,285,0.13333333333333333,0.5988185257979195,0,197,1,24,2234,str('KL'),1,str('tstat'),0.999,100
2832,0.1,167,0.13333333333333333,0.7240216045964928,0,89,2812,24,1009,str('H'),3,str('tstat'),0.999,100
2833,0.1,152,0.13333333333333333,0.7460312622109644,0,74,1,24,4320,str('KL'),3,str('tstat'),0.001,100
2834,0.1,350,0.13333333333333333,0.550623883582015,0,229,1,24,1688,str('H'),1,str('tstat'),0.999,100
2835,0.1,170,0.13333333333333333,0.7198563308731665,0,92,1,24,4251,str('KL'),3,str('tstat'),0.999,1
2836,0.1,165,0.13333333333333333,0.7268399834533585,0,87,1,24,1667,str('H'),3,str('tstat'),0.999,38
2837,0.1,149,0.13333333333333333,0.7506914505683682,0,71,5000,24,1682,str('KL'),3,str('stdev'),0.999,63
2838,0.1,159,0.13333333333333333,0.7355034828148477,0,81,1,24,2442,str('H'),3,str('stdev'),0.999,1
2839,0.1,140,0.13333333333333333,0.7652527020479793,0,62,1,24,3953,str('KL'),3,str('stdev'),0.999,50
2840,0.1,190,0.13333333333333333,0.6938263082971938,0,112,300,24,2172,str('KL'),3,str('tstat'),0.999,68
2841,0.1,145,0.13333333333333333,0.7570521572813891,0,67,1789,24,2727,str('KL'),3,str('stdev'),0.999,100
2842,0.1,161,0.13333333333333333,0.7325800685526371,0,83,1,24,953,str('H'),3,str('tstat'),0.999,1
2843,0.1,148,0.13333333333333333,0.75226558233568,0,70,5000,24,377,str('KL'),3,str('tstat'),0.001,53
2844,0.1,179,0.13333333333333333,0.7077853864604593,0,101,1,24,2074,str('KL'),3,str('stdev'),0.999,100
2845,0.1,167,0.13333333333333333,0.7240216045964928,0,89,5000,24,2204,str('H'),3,str('stdev'),0.999,100
2846,0.1,158,0.13333333333333333,0.7369789222671177,0,80,5000,24,1006,str('KL'),3,str('stdev'),0.001,100
2847,0.1,160,0.13333333333333333,0.7340372361914138,0,82,1,24,3934,str('H'),3,str('stdev'),0.001,100
2848,0.1,192,0.13333333333333333,0.6913749129874984,0,114,5000,24,4424,str('H'),3,str('stdev'),0.001,1
2849,0.1,149,0.13333333333333333,0.7506914505683682,0,71,1,24,1212,str('H'),3,str('tstat'),0.001,1
2850,0.1,258,0.13333333333333333,0.6221549115317533,0,175,1,24,1144,str('H'),2,str('tstat'),0.999,100
2851,0.1,197,0.13333333333333333,0.6853558682140669,0,119,5000,24,3794,str('KL'),2,str('stdev'),0.001,88
2852,0.1,162,0.13333333333333333,0.7311318681561029,0,84,1,24,2764,str('H'),3,str('tstat'),0.001,100
2853,0.1,290,0.13333333333333333,0.5947398826007945,0,202,1,24,3275,str('H'),1,str('tstat'),0.999,1
2854,0.1,145,0.13333333333333333,0.7570521572813891,0,67,1,24,4444,str('H'),3,str('stdev'),0.999,1
2855,0.1,165,0.13333333333333333,0.7268399834533585,0,87,1,24,3738,str('KL'),3,str('stdev'),0.001,56
2856,0.1,184,0.13333333333333333,0.7013375359501945,0,106,1,24,4142,str('H'),3,str('stdev'),0.001,100
2857,0.1,173,0.13333333333333333,0.7157635003770612,0,95,5000,24,1250,str('KL'),3,str('tstat'),0.999,1
2858,0.1,211,0.13333333333333333,0.6692781760670312,0,133,5000,24,2134,str('KL'),2,str('stdev'),0.999,1
2859,0.1,168,0.13333333333333333,0.7226249724749032,0,90,264,24,4441,str('KL'),3,str('tstat'),0.999,39
2860,0.1,177,0.13333333333333333,0.7104148196453782,0,99,1,24,2723,str('KL'),3,str('stdev'),0.001,100
2861,0.1,199,0.13333333333333333,0.6829907043682817,0,121,5000,24,3825,str('KL'),2,str('tstat'),0.999,100
2862,0.1,173,0.13333333333333333,0.7157635003770612,0,95,5000,24,4375,str('KL'),3,str('stdev'),0.001,40
2863,0.1,270,0.13333333333333333,0.6114965546646273,0,186,5000,24,4610,str('KL'),1,str('tstat'),0.001,1
2864,0.1,164,0.13333333333333333,0.7282619323219758,0,86,4847,24,583,str('KL'),3,str('stdev'),0.74,90
2865,0.1,192,0.13333333333333333,0.6913749129874984,0,114,1,24,3751,str('KL'),1,str('stdev'),0.999,100
2866,0.1,170,0.13333333333333333,0.7198563308731665,0,92,5000,24,2900,str('H'),3,str('stdev'),0.001,1
2867,0.1,170,0.13333333333333333,0.7198563308731665,0,92,470,24,3756,str('H'),3,str('tstat'),0.999,56
2868,0.1,179,0.13333333333333333,0.7077853864604593,0,101,1,24,368,str('H'),1,str('tstat'),0.001,1
2869,0.1,202,0.13333333333333333,0.6794869400665288,0,124,1,24,3912,str('KL'),2,str('tstat'),0.999,1
2870,0.1,164,0.13333333333333333,0.7282619323219758,0,86,4185,24,1199,str('H'),3,str('stdev'),0.001,1
2871,0.1,185,0.13333333333333333,0.7000688977200731,0,107,5000,24,2593,str('H'),3,str('tstat'),0.999,100
2872,0.1,169,0.13333333333333333,0.7212365801187866,0,91,5000,24,393,str('KL'),3,str('tstat'),0.999,77
2873,0.1,174,0.13333333333333333,0.7144148902578356,0,96,3112,24,4446,str('H'),3,str('tstat'),0.999,100
2874,0.1,146,0.13333333333333333,0.7554457904860468,0,68,5000,24,3714,str('H'),3,str('stdev'),0.999,57
2875,0.1,171,0.13333333333333333,0.7184841297738433,0,93,71,24,2991,str('KL'),3,str('stdev'),0.001,1
2876,0.1,261,0.13333333333333333,0.6194447262411205,0,178,5000,24,1179,str('H'),2,str('stdev'),0.001,100
2877,0.1,200,0.13333333333333333,0.6818169771383451,0,122,5000,24,1100,str('H'),2,str('tstat'),0.001,100
2878,0.1,169,0.13333333333333333,0.7212365801187866,0,91,5000,24,4395,str('H'),3,str('tstat'),0.999,37
2879,0.1,245,0.13333333333333333,0.6342736827552681,0,163,1763,24,1134,str('KL'),2,str('tstat'),0.999,100
2880,0.1,136,0.13333333333333333,0.7720253082041393,0,58,1637,24,4784,str('H'),3,str('tstat'),0.001,46
2881,0.1,151,0.13333333333333333,0.7475744272275548,0,73,227,24,488,str('KL'),3,str('stdev'),0.167,65
2882,0.1,157,0.13333333333333333,0.7384636705472114,0,79,5000,24,3011,str('KL'),2,str('stdev'),0.999,44
2883,0.1,161,0.13333333333333333,0.7325800685526371,0,83,1,24,3009,str('KL'),2,str('stdev'),0.999,5
2884,0.1,164,0.13333333333333333,0.7282619323219758,0,86,1,24,4035,str('H'),3,str('tstat'),0.001,66
2885,0.1,139,0.13333333333333333,0.7669276687044017,0,61,5000,24,4903,str('H'),3,str('stdev'),0.999,52
2886,0.1,165,0.13333333333333333,0.7268399834533585,0,87,1,24,2956,str('H'),2,str('stdev'),0.999,39
2887,0.1,157,0.13333333333333333,0.7384636705472114,0,79,4969,24,2910,str('H'),3,str('stdev'),0.999,1
2888,0.1,148,0.13333333333333333,0.75226558233568,0,70,5000,24,552,str('H'),3,str('stdev'),0.999,74
2889,0.1,166,0.13333333333333333,0.7254265748696861,0,88,429,24,568,str('H'),3,str('stdev'),0.479,100
2890,0.1,161,0.13333333333333333,0.7325800685526371,0,83,1,24,592,str('KL'),3,str('stdev'),0.999,84
2891,0.1,141,0.13333333333333333,0.7635895727106295,0,63,1,24,3986,str('KL'),3,str('tstat'),0.001,22
2892,0.1,176,0.13333333333333333,0.7117406362325246,0,98,5000,24,547,str('KL'),3,str('stdev'),0.001,100
2893,0.1,157,0.13333333333333333,0.7384636705472114,0,79,4213,24,3011,str('KL'),3,str('stdev'),0.999,1
2894,0.1,141,0.13333333333333333,0.7635895727106295,0,63,4368,24,3993,str('H'),3,str('tstat'),0.001,33
2895,0.1,153,0.13333333333333333,0.744498150458009,0,75,1,24,3087,str('H'),3,str('stdev'),0.999,35
2896,0.1,166,0.13333333333333333,0.7254265748696861,0,88,294,24,3284,str('H'),2,str('stdev'),0.999,100
2897,0.1,152,0.13333333333333333,0.7460312622109644,0,74,5000,24,908,str('KL'),3,str('tstat'),0.001,1
2898,0.1,150,0.13333333333333333,0.7491277782255682,0,72,5000,24,839,str('H'),3,str('tstat'),0.001,56
2899,0.1,161,0.13333333333333333,0.7325800685526371,0,83,2512,24,1581,str('KL'),3,str('stdev'),0.999,1
2900,0.1,266,0.13333333333333333,0.6149959770909035,0,182,5000,24,2828,str('H'),1,str('stdev'),0.999,1
2901,0.1,142,0.13333333333333333,0.7619381145524806,0,64,5000,24,4036,str('KL'),3,str('tstat'),0.001,54
2902,0.1,176,0.13333333333333333,0.7117406362325246,0,98,1,24,644,str('H'),3,str('stdev'),0.999,100
2903,0.1,144,0.13333333333333333,0.75866956448497,0,66,959,24,3823,str('KL'),2,str('tstat'),0.001,51
2904,0.1,203,0.13333333333333333,0.6783305160108779,0,125,5000,24,2515,str('H'),2,str('stdev'),0.001,1
2905,0.1,167,0.13333333333333333,0.7240216045964928,0,89,1,24,3177,str('KL'),3,str('stdev'),0.999,27
2906,0.1,156,0.13333333333333333,0.7399578458636504,0,78,3612,24,4148,str('KL'),3,str('stdev'),0.999,1
2907,0.1,157,0.13333333333333333,0.7384636705472114,0,79,5000,24,937,str('KL'),3,str('stdev'),0.999,100
2908,0.1,153,0.13333333333333333,0.744498150458009,0,75,3462,24,1466,str('KL'),3,str('tstat'),0.001,35
2909,0.1,153,0.13333333333333333,0.744498150458009,0,75,4649,24,4711,str('KL'),3,str('tstat'),0.001,64
2910,0.1,203,0.13333333333333333,0.6783305160108779,0,125,4683,24,4025,str('KL'),2,str('tstat'),0.001,1
2911,0.1,142,0.13333333333333333,0.7619381145524806,0,64,1,24,4043,str('H'),3,str('tstat'),0.001,10
2912,0.1,154,0.13333333333333333,0.742974961827982,0,76,1021,24,939,str('KL'),3,str('tstat'),0.001,44
2913,0.1,162,0.13333333333333333,0.7311318681561029,0,84,1715,24,3109,str('KL'),3,str('tstat'),0.001,100
2914,0.1,179,0.13333333333333333,0.7077853864604593,0,101,5000,24,3616,str('H'),1,str('tstat'),0.001,100
2915,0.1,159,0.13333333333333333,0.7355034828148477,0,81,5000,24,955,str('KL'),3,str('stdev'),0.001,1
2916,0.1,186,0.13333333333333333,0.6988070618723943,0,108,651,24,2317,str('H'),3,str('stdev'),0.001,100
2917,0.1,142,0.13333333333333333,0.7619381145524806,0,64,1,24,5000,str('H'),2,str('stdev'),0.999,100
2918,0.1,210,0.13333333333333333,0.6703908581482496,0,132,5000,24,971,str('KL'),1,str('stdev'),0.999,1
2919,0.1,199,0.13333333333333333,0.6829907043682817,0,121,4961,24,2455,str('H'),2,str('stdev'),0.683,100
2920,0.1,143,0.13333333333333333,0.7602981649070252,0,65,4803,24,3792,str('H'),3,str('tstat'),0.001,30
2921,0.1,146,0.13333333333333333,0.7554457904860468,0,68,1,24,939,str('H'),3,str('tstat'),0.001,35
2922,0.1,174,0.13333333333333333,0.7144148902578356,0,96,4532,24,3250,str('KL'),2,str('stdev'),0.999,100
2923,0.1,189,0.13333333333333333,0.6950616487809889,0,111,1,24,880,str('KL'),2,str('stdev'),0.999,1
2924,0.1,314,0.13333333333333333,0.5760899835954522,0,215,3022,24,2408,str('KL'),1,str('stdev'),0.001,100
2925,0.1,169,0.13333333333333333,0.7212365801187866,0,91,3851,24,270,str('KL'),1,str('tstat'),0.999,1
2926,0.1,193,0.13333333333333333,0.6901587251552692,0,115,5000,24,925,str('H'),2,str('stdev'),0.999,1
2927,0.1,288,0.13333333333333333,0.5963628671147305,0,200,1,24,2366,str('H'),1,str('stdev'),0.001,100
2928,0.1,152,0.13333333333333333,0.7460312622109644,0,74,4815,24,4002,str('KL'),3,str('stdev'),0.678,100
2929,0.1,161,0.13333333333333333,0.7325800685526371,0,83,1,24,1930,str('H'),3,str('stdev'),0.509,27
2930,0.1,144,0.13333333333333333,0.75866956448497,0,66,1957,24,3610,str('H'),2,str('tstat'),0.001,39
2931,0.1,169,0.13333333333333333,0.7212365801187866,0,91,3265,24,2606,str('KL'),3,str('stdev'),0.999,42
2932,0.1,201,0.13333333333333333,0.6806490748814107,0,123,5000,24,2800,str('KL'),2,str('tstat'),0.001,100
2933,0.1,158,0.13333333333333333,0.7369789222671177,0,80,2086,24,2138,str('H'),3,str('tstat'),0.001,100
2934,0.1,161,0.13333333333333333,0.7325800685526371,0,83,764,24,1613,str('KL'),3,str('tstat'),0.272,100
2935,0.1,170,0.13333333333333333,0.7198563308731665,0,92,4255,24,2235,str('KL'),3,str('stdev'),0.001,94
2936,0.1,178,0.13333333333333333,0.7090964306410996,0,100,1,24,696,str('KL'),2,str('tstat'),0.001,1
2937,0.1,170,0.13333333333333333,0.7198563308731665,0,92,1,24,4046,str('H'),3,str('stdev'),0.202,1
2938,0.1,139,0.13333333333333333,0.7669276687044017,0,61,1,24,4834,str('H'),3,str('stdev'),0.999,39
2939,0.1,162,0.13333333333333333,0.7311318681561029,0,84,1,24,384,str('KL'),2,str('tstat'),0.001,51
2940,0.1,219,0.13333333333333333,0.6605611861218892,0,141,2680,24,2496,str('H'),2,str('stdev'),0.147,100
2941,0.1,150,0.13333333333333333,0.7491277782255682,0,72,5000,24,781,str('KL'),3,str('tstat'),0.001,100
2942,0.1,190,0.13333333333333333,0.6938263082971938,0,112,1,24,880,str('H'),2,str('stdev'),0.999,1
2943,0.1,214,0.13333333333333333,0.6659713513272776,0,136,5000,24,2440,str('KL'),2,str('stdev'),0.001,100
2944,0.1,258,0.13333333333333333,0.6221549115317533,0,175,4220,24,3382,str('KL'),1,str('stdev'),0.999,1
2945,0.1,200,0.13333333333333333,0.6818169771383451,0,122,1,24,2628,str('KL'),2,str('stdev'),0.999,1
2946,0.1,138,0.13333333333333333,0.7686146423927286,0,60,1276,24,5000,str('H'),3,str('tstat'),0.001,29
2947,0.1,179,0.13333333333333333,0.7077853864604593,0,101,225,24,4481,str('KL'),1,str('stdev'),0.999,100
2948,0.1,200,0.13333333333333333,0.6818169771383451,0,122,5000,24,3613,str('H'),2,str('tstat'),0.001,1
2949,0.1,199,0.13333333333333333,0.6829907043682817,0,121,1,24,2016,str('KL'),2,str('tstat'),0.001,100
2950,0.1,258,0.13333333333333333,0.6221549115317533,0,175,4086,24,4162,str('H'),1,str('tstat'),0.999,1
2951,0.1,153,0.13333333333333333,0.744498150458009,0,75,1,24,539,str('H'),3,str('tstat'),0.001,76
2952,0.1,176,0.13333333333333333,0.7117406362325246,0,98,1,24,2784,str('KL'),3,str('tstat'),0.999,1
2953,0.1,148,0.13333333333333333,0.75226558233568,0,70,5000,24,3658,str('H'),2,str('tstat'),0.001,66
2954,0.1,139,0.13333333333333333,0.7669276687044017,0,61,1841,24,5000,str('H'),2,str('tstat'),0.001,81
2955,0.1,151,0.13333333333333333,0.7475744272275548,0,73,2992,24,1334,str('H'),3,str('stdev'),0.999,100
2956,0.1,196,0.13333333333333333,0.6865474242876628,0,118,1,24,2840,str('KL'),2,str('tstat'),0.001,100
2957,0.1,176,0.13333333333333333,0.7117406362325246,0,98,4742,24,1978,str('KL'),2,str('tstat'),0.001,68
2958,0.1,164,0.13333333333333333,0.7282619323219758,0,86,4524,24,2645,str('KL'),3,str('stdev'),0.999,1
2959,0.1,150,0.13333333333333333,0.7491277782255682,0,72,5000,24,509,str('H'),3,str('tstat'),0.999,1
2960,0.1,135,0.13333333333333333,0.7737493585653525,0,57,1418,24,5000,str('H'),3,str('tstat'),0.272,1
2961,0.1,134,0.13333333333333333,0.7754861326605458,0,56,4976,24,4906,str('KL'),3,str('stdev'),0.607,48
2962,0.1,149,0.13333333333333333,0.7506914505683682,0,71,564,24,894,str('H'),3,str('tstat'),0.348,100
2963,0.1,136,0.13333333333333333,0.7720253082041393,0,58,1285,24,4950,str('H'),3,str('stdev'),0.573,28
2964,0.1,143,0.13333333333333333,0.7602981649070252,0,65,1559,24,4937,str('KL'),3,str('tstat'),0.225,19
2965,0.1,159,0.13333333333333333,0.7355034828148477,0,81,3,24,3207,str('KL'),2,str('stdev'),0.633,45
2966,0.1,173,0.13333333333333333,0.7157635003770612,0,95,641,24,328,str('H'),1,str('tstat'),0.647,1
2967,0.1,161,0.13333333333333333,0.7325800685526371,0,83,4776,24,723,str('KL'),3,str('tstat'),0.999,61
2968,0.1,155,0.13333333333333333,0.7414615686909642,0,77,1,24,3876,str('KL'),3,str('tstat'),0.396,1
2969,0.1,135,0.13333333333333333,0.7737493585653525,0,57,1,24,5000,str('KL'),3,str('stdev'),0.999,1
2970,0.1,154,0.13333333333333333,0.742974961827982,0,76,4806,24,1910,str('H'),3,str('stdev'),0.319,100
2971,0.1,196,0.13333333333333333,0.6865474242876628,0,118,1,24,634,str('KL'),2,str('stdev'),0.001,1
2972,0.1,201,0.13333333333333333,0.6806490748814107,0,123,5000,24,1940,str('H'),2,str('stdev'),0.001,1
2973,0.1,148,0.13333333333333333,0.75226558233568,0,70,5000,24,399,str('H'),3,str('stdev'),0.999,48
2974,0.1,164,0.13333333333333333,0.7282619323219758,0,86,4532,24,1893,str('H'),3,str('stdev'),0.798,38
2975,0.1,181,0.13333333333333333,0.7051850083804319,0,103,5000,24,2202,str('KL'),3,str('stdev'),0.001,1
2976,0.1,156,0.13333333333333333,0.7399578458636504,0,78,3474,24,3087,str('H'),2,str('stdev'),0.577,8
2977,0.1,157,0.13333333333333333,0.7384636705472114,0,79,4996,24,4350,str('H'),3,str('tstat'),0.454,1
2978,0.1,153,0.13333333333333333,0.744498150458009,0,75,60,24,3458,str('H'),2,str('stdev'),0.568,37
2979,0.1,153,0.13333333333333333,0.744498150458009,0,75,618,24,1974,str('KL'),3,str('tstat'),0.446,100
2980,0.1,155,0.13333333333333333,0.7414615686909642,0,77,135,24,1193,str('H'),3,str('stdev'),0.662,100
2981,0.1,150,0.13333333333333333,0.7491277782255682,0,72,4787,24,3393,str('H'),3,str('tstat'),0.625,100
2982,0.1,184,0.13333333333333333,0.7013375359501945,0,106,4008,24,4823,str('H'),1,str('stdev'),0.605,100
2983,0.1,221,0.13333333333333333,0.6584314718422857,0,143,601,24,4212,str('H'),1,str('stdev'),0.677,100
2984,0.1,168,0.13333333333333333,0.7226249724749032,0,90,1655,24,3379,str('H'),2,str('tstat'),0.384,99
2985,0.1,154,0.13333333333333333,0.742974961827982,0,76,4406,24,3187,str('KL'),3,str('stdev'),0.535,99
2986,0.1,152,0.13333333333333333,0.7460312622109644,0,74,3428,24,998,str('KL'),3,str('tstat'),0.374,100
2987,0.1,147,0.13333333333333333,0.7538503143967605,0,69,4751,24,4861,str('H'),2,str('tstat'),0.358,65
2988,0.1,158,0.13333333333333333,0.7369789222671177,0,80,1085,24,3520,str('H'),3,str('tstat'),0.397,79
2989,0.1,152,0.13333333333333333,0.7460312622109644,0,74,4038,24,1179,str('KL'),3,str('tstat'),0.341,1
2990,0.1,157,0.13333333333333333,0.7384636705472114,0,79,4920,24,3364,str('H'),2,str('stdev'),0.607,69
2991,0.1,168,0.13333333333333333,0.7226249724749032,0,90,63,24,1187,str('KL'),3,str('stdev'),0.425,19
2992,0.1,146,0.13333333333333333,0.7554457904860468,0,68,5000,24,4743,str('H'),2,str('stdev'),0.999,69
2993,0.1,204,0.13333333333333333,0.6771797468631767,0,126,526,24,4519,str('H'),1,str('tstat'),0.99,100
2994,0.1,142,0.13333333333333333,0.7619381145524806,0,64,1876,24,4722,str('KL'),3,str('tstat'),0.001,100
2995,0.1,170,0.13333333333333333,0.7198563308731665,0,92,4392,24,2809,str('KL'),3,str('stdev'),0.503,51
2996,0.1,138,0.13333333333333333,0.7686146423927286,0,60,1288,24,4892,str('H'),2,str('stdev'),0.719,38
2997,0.1,196,0.13333333333333333,0.6865474242876628,0,118,4853,24,474,str('KL'),3,str('tstat'),0.494,41
2998,0.1,138,0.13333333333333333,0.7686146423927286,0,60,3159,24,4924,str('H'),2,str('stdev'),0.778,64
2999,0.1,152,0.13333333333333333,0.7460312622109644,0,74,305,24,434,str('KL'),3,str('tstat'),0.424,44
3000,0.1,212,0.13333333333333333,0.6681707301561548,0,134,1,24,4600,str('KL'),1,str('tstat'),0.212,100
3001,0.1,150,0.13333333333333333,0.7491277782255682,0,72,4142,24,1472,str('H'),3,str('stdev'),0.703,100
3002,0.1,198,0.13333333333333333,0.6841703149673048,0,120,4588,24,3452,str('KL'),2,str('tstat'),0.557,1
3003,0.1,296,0.13333333333333333,0.5899370256595922,0,207,4013,24,1173,str('H'),1,str('tstat'),0.373,100
3004,0.1,137,0.13333333333333333,0.7703137965019462,0,59,74,24,5000,str('KL'),3,str('stdev'),0.566,1
3005,0.1,200,0.13333333333333333,0.6818169771383451,0,122,4788,24,2913,str('KL'),2,str('stdev'),0.566,1
3006,0.1,168,0.13333333333333333,0.7226249724749032,0,90,1295,24,253,str('KL'),1,str('tstat'),0.653,1
3007,0.1,177,0.13333333333333333,0.7104148196453782,0,99,919,24,3583,str('KL'),2,str('tstat'),0.331,96
3008,0.1,174,0.13333333333333333,0.7144148902578356,0,96,5000,24,3361,str('KL'),1,str('tstat'),0.001,100
3009,0.1,136,0.13333333333333333,0.7720253082041393,0,58,482,24,4869,str('H'),3,str('stdev'),0.737,74
3010,0.1,149,0.13333333333333333,0.7506914505683682,0,71,4693,24,411,str('KL'),3,str('stdev'),0.65,51
3011,0.1,147,0.13333333333333333,0.7538503143967605,0,69,1074,24,3540,str('KL'),3,str('stdev'),0.999,1
3012,0.1,169,0.13333333333333333,0.7212365801187866,0,91,5000,24,453,str('KL'),2,str('stdev'),0.999,1
3013,0.1,168,0.13333333333333333,0.7226249724749032,0,90,1,24,420,str('KL'),2,str('tstat'),0.53,1
3014,0.1,166,0.13333333333333333,0.7254265748696861,0,88,4677,24,4436,str('KL'),2,str('stdev'),0.999,100
3015,0.1,287,0.13333333333333333,0.597178576152464,0,199,5000,24,1626,str('H'),1,str('stdev'),0.001,100
3016,0.1,155,0.13333333333333333,0.7414615686909642,0,77,76,24,495,str('KL'),3,str('stdev'),0.001,17
3017,0.1,158,0.13333333333333333,0.7369789222671177,0,80,4861,24,4649,str('H'),3,str('stdev'),0.999,1
3018,0.1,159,0.13333333333333333,0.7355034828148477,0,81,935,24,4709,str('KL'),3,str('stdev'),0.999,36
3019,0.1,135,0.13333333333333333,0.7737493585653525,0,57,2980,24,5000,str('KL'),3,str('stdev'),0.768,46
3020,0.1,150,0.13333333333333333,0.7491277782255682,0,72,4906,24,4474,str('KL'),3,str('stdev'),0.999,42
3021,0.1,137,0.13333333333333333,0.7703137965019462,0,59,5000,24,5000,str('KL'),3,str('tstat'),0.001,30
3022,0.1,255,0.13333333333333333,0.6248966725068523,0,173,3506,24,1859,str('KL'),1,str('tstat'),0.001,1
3023,0.1,172,0.13333333333333333,0.717119883508187,0,94,161,24,2399,str('H'),3,str('tstat'),0.602,1
3024,0.1,165,0.13333333333333333,0.7268399834533585,0,87,5000,24,3162,str('H'),3,str('tstat'),0.001,1
3025,0.1,230,0.13333333333333333,0.6490793079035345,0,151,1,24,780,str('H'),2,str('tstat'),0.001,100
3026,0.1,171,0.13333333333333333,0.7184841297738433,0,93,4574,24,3970,str('H'),2,str('stdev'),0.999,100
3027,0.1,188,0.13333333333333333,0.6963035082421045,0,110,5000,24,1733,str('H'),3,str('tstat'),0.391,85
3028,0.1,160,0.13333333333333333,0.7340372361914138,0,82,480,24,4789,str('H'),3,str('tstat'),0.215,100
3029,0.1,186,0.13333333333333333,0.6988070618723943,0,108,225,24,227,str('KL'),1,str('stdev'),0.999,1
3030,0.1,194,0.13333333333333333,0.6889487902443983,0,116,1,24,1619,str('H'),3,str('stdev'),0.999,100
3031,0.1,151,0.13333333333333333,0.7475744272275548,0,73,1,24,3196,str('H'),3,str('tstat'),0.143,100
3032,0.1,187,0.13333333333333333,0.6975519558478929,0,109,4242,24,761,str('H'),2,str('tstat'),0.001,88
3033,0.1,157,0.13333333333333333,0.7384636705472114,0,79,888,24,3236,str('H'),3,str('tstat'),0.558,47
3034,0.1,160,0.13333333333333333,0.7340372361914138,0,82,3821,24,3176,str('H'),3,str('tstat'),0.315,71
3035,0.1,169,0.13333333333333333,0.7212365801187866,0,91,5000,24,532,str('H'),3,str('stdev'),0.001,1
3036,0.1,158,0.13333333333333333,0.7369789222671177,0,80,4928,24,3707,str('KL'),3,str('tstat'),0.409,54
3037,0.1,209,0.13333333333333333,0.6715088261499269,0,131,1,24,4584,str('H'),2,str('tstat'),0.001,100
3038,0.1,155,0.13333333333333333,0.7414615686909642,0,77,5000,24,1721,str('KL'),3,str('stdev'),0.999,100
3039,0.1,145,0.13333333333333333,0.7570521572813891,0,67,5000,24,4120,str('H'),3,str('stdev'),0.999,74
3040,0.1,151,0.13333333333333333,0.7475744272275548,0,73,5000,24,1106,str('H'),3,str('stdev'),0.852,1
3041,0.1,150,0.13333333333333333,0.7491277782255682,0,72,4499,24,1591,str('H'),2,str('tstat'),0.001,65
3042,0.1,208,0.13333333333333333,0.6726321305345966,0,130,4256,24,4545,str('KL'),2,str('tstat'),0.999,1
3043,0.1,143,0.13333333333333333,0.7602981649070252,0,65,1,24,4918,str('H'),3,str('tstat'),0.001,1
3044,0.1,208,0.13333333333333333,0.6726321305345966,0,130,1,24,4840,str('H'),2,str('tstat'),0.001,1
3045,0.1,152,0.13333333333333333,0.7460312622109644,0,74,84,24,3949,str('H'),3,str('stdev'),0.999,1
3046,0.1,227,0.13333333333333333,0.6521555846730801,0,149,1,24,1557,str('H'),2,str('tstat'),0.001,1
3047,0.1,164,0.13333333333333333,0.7282619323219758,0,86,5000,24,264,str('KL'),2,str('stdev'),0.999,1
3048,0.1,163,0.13333333333333333,0.7296925253097426,0,85,4964,24,1629,str('H'),3,str('stdev'),0.307,45
3049,0.1,142,0.13333333333333333,0.7619381145524806,0,64,5000,24,3437,str('H'),3,str('stdev'),0.999,1
3050,0.1,161,0.13333333333333333,0.7325800685526371,0,83,545,24,2317,str('KL'),3,str('tstat'),0.001,100
3051,0.1,203,0.13333333333333333,0.6783305160108779,0,125,4790,24,1498,str('KL'),2,str('tstat'),0.001,1
3052,0.1,165,0.13333333333333333,0.7268399834533585,0,87,2992,24,1568,str('KL'),3,str('tstat'),0.999,100
3053,0.1,155,0.13333333333333333,0.7414615686909642,0,77,1,24,1481,str('H'),3,str('stdev'),0.999,33
3054,0.1,271,0.13333333333333333,0.6106297698107913,0,187,2335,24,3686,str('H'),1,str('stdev'),0.001,1
3055,0.1,278,0.13333333333333333,0.6046500551655987,0,191,2553,24,2104,str('H'),1,str('stdev'),0.999,1
3056,0.1,135,0.13333333333333333,0.7737493585653525,0,57,1,24,3715,str('KL'),3,str('tstat'),0.001,53
3057,0.1,151,0.13333333333333333,0.7475744272275548,0,73,4456,24,4976,str('H'),3,str('tstat'),0.088,48
3058,0.1,136,0.13333333333333333,0.7720253082041393,0,58,10,24,5000,str('H'),3,str('tstat'),0.039,41
3059,0.1,147,0.13333333333333333,0.7538503143967605,0,69,4959,24,5000,str('H'),3,str('stdev'),0.689,47
3060,0.1,135,0.13333333333333333,0.7737493585653525,0,57,313,24,4108,str('H'),3,str('stdev'),0.984,53
3061,0.1,154,0.13333333333333333,0.742974961827982,0,76,87,24,4149,str('H'),3,str('tstat'),0.672,57
3062,0.1,171,0.13333333333333333,0.7184841297738433,0,93,3731,24,4104,str('KL'),3,str('stdev'),0.999,49
3063,0.1,139,0.13333333333333333,0.7669276687044017,0,61,254,24,5000,str('KL'),2,str('stdev'),0.74,78
3064,0.1,151,0.13333333333333333,0.7475744272275548,0,73,328,24,1218,str('KL'),3,str('tstat'),0.131,44
3065,0.1,169,0.13333333333333333,0.7212365801187866,0,91,101,24,3697,str('H'),3,str('stdev'),0.845,36
3066,0.1,138,0.13333333333333333,0.7686146423927286,0,60,1,24,5000,str('KL'),3,str('tstat'),0.001,46
3067,0.1,138,0.13333333333333333,0.7686146423927286,0,60,513,24,4924,str('H'),3,str('tstat'),0.001,49
3068,0.1,157,0.13333333333333333,0.7384636705472114,0,79,4197,24,1105,str('H'),3,str('stdev'),0.999,63
3069,0.1,146,0.13333333333333333,0.7554457904860468,0,68,2352,24,1398,str('KL'),3,str('stdev'),0.999,87
3070,0.1,147,0.13333333333333333,0.7538503143967605,0,69,1,24,1614,str('H'),3,str('tstat'),0.001,1
3071,0.1,182,0.13333333333333333,0.7038955157197266,0,104,4633,24,1572,str('KL'),2,str('tstat'),0.001,100
3072,0.1,156,0.13333333333333333,0.7399578458636504,0,78,335,24,4169,str('H'),3,str('stdev'),0.7,46
3073,0.1,140,0.13333333333333333,0.7652527020479793,0,62,1019,24,5000,str('H'),3,str('stdev'),0.926,43
3074,0.1,146,0.13333333333333333,0.7554457904860468,0,68,244,24,4907,str('KL'),3,str('tstat'),0.297,50
3075,0.1,150,0.13333333333333333,0.7491277782255682,0,72,1073,24,431,str('KL'),3,str('stdev'),0.999,50
3076,0.1,154,0.13333333333333333,0.742974961827982,0,76,306,24,1248,str('H'),2,str('stdev'),0.999,34
3077,0.1,148,0.13333333333333333,0.75226558233568,0,70,4546,24,1406,str('KL'),3,str('tstat'),0.001,1
3078,0.1,154,0.13333333333333333,0.742974961827982,0,76,1,24,4155,str('KL'),3,str('stdev'),0.999,100
3079,0.1,162,0.13333333333333333,0.7311318681561029,0,84,1562,24,3986,str('H'),3,str('stdev'),0.71,100
3080,0.1,163,0.13333333333333333,0.7296925253097426,0,85,4852,24,1763,str('KL'),3,str('tstat'),0.338,36
3081,0.1,203,0.13333333333333333,0.6783305160108779,0,125,5000,24,2971,str('H'),2,str('stdev'),0.999,100
3082,0.1,162,0.13333333333333333,0.7311318681561029,0,84,562,24,1014,str('H'),3,str('tstat'),0.386,44
3083,0.1,158,0.13333333333333333,0.7369789222671177,0,80,4524,24,1254,str('H'),3,str('tstat'),0.272,51
3084,0.1,162,0.13333333333333333,0.7311318681561029,0,84,2806,24,1884,str('KL'),3,str('stdev'),0.107,64
3085,0.1,135,0.13333333333333333,0.7737493585653525,0,57,17,24,4995,str('KL'),3,str('stdev'),0.783,45
3086,0.1,142,0.13333333333333333,0.7619381145524806,0,64,362,24,5000,str('H'),2,str('stdev'),0.603,79
3087,0.1,158,0.13333333333333333,0.7369789222671177,0,80,4096,24,1169,str('KL'),3,str('stdev'),0.97,87
3088,0.1,169,0.13333333333333333,0.7212365801187866,0,91,3934,24,2472,str('KL'),3,str('stdev'),0.799,100
3089,0.1,147,0.13333333333333333,0.7538503143967605,0,69,5000,24,502,str('H'),3,str('tstat'),0.001,1
3090,0.1,148,0.13333333333333333,0.75226558233568,0,70,4859,24,2716,str('H'),3,str('tstat'),0.001,1
3091,0.1,142,0.13333333333333333,0.7619381145524806,0,64,1183,24,4513,str('H'),3,str('tstat'),0.001,59
3092,0.1,160,0.13333333333333333,0.7340372361914138,0,82,604,24,2511,str('H'),3,str('stdev'),0.701,100
3093,0.1,165,0.13333333333333333,0.7268399834533585,0,87,1,24,3686,str('KL'),1,str('tstat'),0.001,50
3094,0.1,155,0.13333333333333333,0.7414615686909642,0,77,505,24,938,str('H'),3,str('stdev'),0.374,100
3095,0.1,238,0.13333333333333333,0.6410672380209594,0,158,94,24,3407,str('H'),1,str('stdev'),0.001,100
3096,0.1,161,0.13333333333333333,0.7325800685526371,0,83,4924,24,5000,str('KL'),2,str('tstat'),0.174,72
3097,0.1,157,0.13333333333333333,0.7384636705472114,0,79,168,24,4475,str('KL'),3,str('tstat'),0.265,29
3098,0.1,181,0.13333333333333333,0.7051850083804319,0,103,3789,24,4149,str('H'),3,str('tstat'),0.999,100
3099,0.1,137,0.13333333333333333,0.7703137965019462,0,59,3012,24,5000,str('KL'),2,str('tstat'),0.001,61
3100,0.1,205,0.13333333333333333,0.6760345775874974,0,127,1207,24,5000,str('H'),2,str('stdev'),0.925,1
3101,0.1,165,0.13333333333333333,0.7268399834533585,0,87,5000,24,2492,str('H'),3,str('stdev'),0.999,100
3102,0.1,157,0.13333333333333333,0.7384636705472114,0,79,4994,24,1347,str('KL'),2,str('stdev'),0.999,56
3103,0.1,152,0.13333333333333333,0.7460312622109644,0,74,1,24,1146,str('H'),3,str('stdev'),0.999,65
3104,0.1,228,0.13333333333333333,0.65112568446577,0,150,2412,24,3524,str('H'),3,str('tstat'),0.462,99
3105,0.1,295,0.13333333333333333,0.5907307256421993,0,206,554,24,288,str('KL'),2,str('tstat'),0.179,100
3106,0.1,249,0.13333333333333333,0.6304779259217159,0,167,4992,24,354,str('H'),2,str('tstat'),0.001,100
3107,0.1,155,0.13333333333333333,0.7414615686909642,0,77,2970,24,1525,str('H'),3,str('tstat'),0.39,1
3108,0.1,156,0.13333333333333333,0.7399578458636504,0,78,3935,24,2323,str('KL'),3,str('tstat'),0.315,100
3109,0.1,148,0.13333333333333333,0.75226558233568,0,70,906,24,3861,str('KL'),3,str('stdev'),0.999,100
3110,0.1,196,0.13333333333333333,0.6865474242876628,0,118,5000,24,1374,str('KL'),2,str('stdev'),0.999,1
3111,0.1,142,0.13333333333333333,0.7619381145524806,0,64,4481,24,5000,str('H'),2,str('tstat'),0.117,62
3112,0.1,154,0.13333333333333333,0.742974961827982,0,76,558,24,1427,str('H'),3,str('stdev'),0.467,1
3113,0.1,146,0.13333333333333333,0.7554457904860468,0,68,4932,24,4783,str('KL'),2,str('stdev'),0.948,100
3114,0.1,173,0.13333333333333333,0.7157635003770612,0,95,616,24,3367,str('KL'),1,str('stdev'),0.501,100
3115,0.1,151,0.13333333333333333,0.7475744272275548,0,73,1613,24,417,str('H'),3,str('tstat'),0.001,39
3116,0.1,152,0.13333333333333333,0.7460312622109644,0,74,3125,24,4410,str('KL'),3,str('tstat'),0.365,54
3117,0.1,147,0.13333333333333333,0.7538503143967605,0,69,4981,24,4959,str('H'),2,str('stdev'),0.882,100
3118,0.1,150,0.13333333333333333,0.7491277782255682,0,72,938,24,5000,str('H'),3,str('stdev'),0.707,1
3119,0.1,218,0.13333333333333333,0.6616333147269143,0,140,4665,24,3227,str('H'),2,str('stdev'),0.999,1
3120,0.1,196,0.13333333333333333,0.6865474242876628,0,118,3496,24,119,str('KL'),3,str('stdev'),0.032,95
3121,0.1,378,0.13333333333333333,0.5325621705875252,0,232,2028,24,4925,str('H'),1,str('tstat'),0.581,1
3122,0.1,207,0.13333333333333333,0.6737608224908778,0,129,2183,24,178,str('KL'),2,str('stdev'),0.353,46
3123,0.1,292,0.13333333333333333,0.5931280145063631,0,203,3645,24,4748,str('H'),1,str('tstat'),0.777,53
3124,0.1,257,0.13333333333333333,0.6230652872193687,0,174,4716,24,2131,str('KL'),3,str('tstat'),0.608,12
3125,0.1,283,0.13333333333333333,0.6004699839560683,0,195,709,24,2952,str('H'),2,str('stdev'),0.029,94
3126,0.1,221,0.13333333333333333,0.6584314718422857,0,143,204,24,1751,str('H'),1,str('stdev'),0.38,15
3127,0.1,233,0.13333333333333333,0.6460427261364895,0,154,4361,24,3197,str('KL'),3,str('tstat'),0.991,85
3128,0.1,247,0.13333333333333333,0.6323681515199866,0,165,2905,24,1205,str('H'),1,str('tstat'),0.627,30
3129,0.1,226,0.13333333333333333,0.6531900119288148,0,148,1667,24,2400,str('H'),3,str('tstat'),0.064,22
3130,0.1,233,0.13333333333333333,0.6460427261364895,0,154,2509,24,2517,str('KL'),2,str('stdev'),0.55,77
3131,0.1,232,0.13333333333333333,0.6470505727380176,0,153,3975,24,603,str('H'),2,str('stdev'),0.818,38
3132,0.1,269,0.13333333333333333,0.6123665439059847,0,185,599,24,4470,str('KL'),1,str('tstat'),0.302,68
3133,0.1,233,0.13333333333333333,0.6460427261364895,0,154,949,24,829,str('KL'),1,str('tstat'),0.17,41
3134,0.1,226,0.13333333333333333,0.6531900119288148,0,148,4486,24,4071,str('H'),3,str('stdev'),0.718,59
3135,0.1,258,0.13333333333333333,0.6221549115317533,0,175,3406,24,1532,str('KL'),2,str('stdev'),0.916,6
3136,0.1,189,0.13333333333333333,0.6950616487809889,0,111,188,24,793,str('H'),3,str('tstat'),0.202,16
3137,0.1,215,0.13333333333333333,0.6648793223525504,0,137,2267,24,4180,str('KL'),2,str('tstat'),0.522,43
3138,0.1,255,0.13333333333333333,0.6248966725068523,0,173,2248,24,1278,str('KL'),1,str('stdev'),0.722,55
3139,0.1,225,0.13333333333333333,0.6542290062071052,0,147,3247,24,3661,str('H'),2,str('tstat'),0.143,48
3140,0.1,437,0.13333333333333333,0.4985137259723531,0,239,4645,24,731,str('KL'),1,str('tstat'),0.473,89
3141,0.1,189,0.13333333333333333,0.6950616487809889,0,111,1112,24,4364,str('H'),3,str('stdev'),0.896,7
3142,0.1,211,0.13333333333333333,0.6692781760670312,0,133,446,24,349,str('H'),3,str('stdev'),0.515,86
3143,0.1,205,0.13333333333333333,0.6760345775874974,0,127,3827,24,4606,str('KL'),2,str('tstat'),0.124,16
3144,0.1,215,0.13333333333333333,0.6648793223525504,0,137,2659,24,2303,str('H'),3,str('tstat'),0.258,71
3145,0.1,245,0.13333333333333333,0.6342736827552681,0,163,1822,24,2809,str('KL'),1,str('stdev'),0.869,26
3146,0.1,308,0.13333333333333333,0.5806157350330227,0,211,1445,24,990,str('H'),2,str('tstat'),0.948,79
3147,0.1,226,0.13333333333333333,0.6531900119288148,0,148,3064,24,3919,str('KL'),3,str('stdev'),0.432,24
3148,0.1,301,0.13333333333333333,0.586008189471007,0,208,4203,24,1693,str('H'),1,str('stdev'),0.2,63
3149,0.1,225,0.13333333333333333,0.6542290062071052,0,147,40,24,3372,str('KL'),3,str('tstat'),0.686,33
3150,0.1,251,0.13333333333333333,0.628602762042018,0,169,863,24,1916,str('KL'),2,str('tstat'),0.788,61
3151,0.1,245,0.13333333333333333,0.6342736827552681,0,163,4864,24,2972,str('H'),1,str('stdev'),0.334,42
3152,0.1,215,0.13333333333333333,0.6648793223525504,0,137,5000,24,5000,str('KL'),3,str('tstat'),0.001,1
3153,0.1,259,0.13333333333333333,0.6212480440443119,0,176,5000,24,5000,str('H'),3,str('tstat'),0.999,1
3154,0.1,270,0.13333333333333333,0.6114965546646273,0,186,5000,24,5000,str('H'),3,str('stdev'),0.001,100
3155,0.1,207,0.13333333333333333,0.6737608224908778,0,129,2248,24,5000,str('H'),3,str('tstat'),0.001,100
3156,0.1,196,0.13333333333333333,0.6865474242876628,0,118,5000,24,5000,str('H'),3,str('tstat'),0.001,50
3157,0.1,196,0.13333333333333333,0.6865474242876628,0,118,1,24,5000,str('KL'),3,str('tstat'),0.001,100
3158,0.1,213,0.13333333333333333,0.6670684713645746,0,135,1,24,5000,str('H'),3,str('stdev'),0.999,100
3159,0.1,170,0.13333333333333333,0.7198563308731665,0,92,1676,24,5000,str('H'),3,str('stdev'),0.999,100
3160,0.1,344,0.13333333333333333,0.5546814293008192,0,226,3284,24,2241,str('H'),1,str('stdev'),0.464,1
3161,0.1,268,0.13333333333333333,0.6132397613151863,0,184,5000,24,349,str('H'),1,str('stdev'),0.999,1
3162,0.1,180,0.13333333333333333,0.7064816057197421,0,102,5000,24,5000,str('KL'),3,str('tstat'),0.001,100
3163,0.1,206,0.13333333333333333,0.6748949539474718,0,128,5000,24,5000,str('KL'),3,str('stdev'),0.999,100
3164,0.1,213,0.13333333333333333,0.6670684713645746,0,135,4763,24,4822,str('H'),3,str('stdev'),0.712,5
3165,0.1,177,0.13333333333333333,0.7104148196453782,0,99,575,24,2897,str('H'),3,str('tstat'),0.531,100
3166,0.1,232,0.13333333333333333,0.6470505727380176,0,153,193,24,4781,str('KL'),2,str('stdev'),0.6,94
3167,0.1,186,0.13333333333333333,0.6988070618723943,0,108,4991,24,3418,str('KL'),1,str('tstat'),0.348,50
3168,0.1,244,0.13333333333333333,0.6352322658393943,0,162,5000,24,592,str('H'),3,str('stdev'),0.001,46
3169,0.1,230,0.13333333333333333,0.6490793079035345,0,151,37,24,3189,str('KL'),3,str('stdev'),0.572,52
3170,0.1,290,0.13333333333333333,0.5947398826007945,0,202,4894,24,3518,str('KL'),1,str('stdev'),0.999,100
3171,0.1,217,0.13333333333333333,0.6627103501161009,0,139,1557,24,527,str('H'),3,str('tstat'),0.999,31
3172,0.1,282,0.13333333333333333,0.6013000794261582,0,194,1625,24,5000,str('H'),2,str('tstat'),0.999,74
3173,0.1,237,0.13333333333333333,0.6420539557003453,0,157,108,24,375,str('H'),1,str('stdev'),0.001,1
3174,0.1,216,0.13333333333333333,0.6637923374095407,0,138,1,24,1625,str('H'),3,str('tstat'),0.001,100
3175,0.1,306,0.13333333333333333,0.5821438691153784,0,210,5000,24,5000,str('KL'),2,str('stdev'),0.001,1
3176,0.1,206,0.13333333333333333,0.6748949539474718,0,128,1,24,5000,str('H'),3,str('stdev'),0.432,100
3177,0.1,260,0.13333333333333333,0.6203446578225864,0,177,1,24,5000,str('H'),3,str('stdev'),0.001,1
3178,0.1,233,0.13333333333333333,0.6460427261364895,0,154,4798,24,425,str('KL'),3,str('stdev'),0.597,1
3179,0.1,406,0.13333333333333333,0.515788428949241,0,235,1,24,1,str('KL'),3,str('stdev'),0.999,1
3180,0.1,246,0.13333333333333333,0.6333189884570191,0,164,4913,24,450,str('KL'),2,str('tstat'),0.001,1
3181,0.1,231,0.13333333333333333,0.6480627541769748,0,152,1,24,4856,str('KL'),3,str('stdev'),0.001,46
3182,0.1,174,0.13333333333333333,0.7144148902578356,0,96,5000,24,5000,str('KL'),3,str('stdev'),0.999,64
3183,0.1,202,0.13333333333333333,0.6794869400665288,0,124,3199,24,5000,str('KL'),3,str('stdev'),0.999,100
3184,0.1,189,0.13333333333333333,0.6950616487809889,0,111,546,24,5000,str('KL'),3,str('stdev'),0.351,100
3185,0.1,325,0.13333333333333333,0.5680122794015416,0,219,1,24,5000,str('KL'),2,str('tstat'),0.75,1
3186,0.1,281,0.13333333333333333,0.6021331132934182,0,193,1,24,5000,str('KL'),2,str('stdev'),0.001,1
3187,0.1,338,0.13333333333333333,0.5588101636526308,0,225,1,24,5000,str('KL'),2,str('stdev'),0.001,100
3188,0.1,251,0.13333333333333333,0.628602762042018,0,169,5000,24,4029,str('H'),3,str('tstat'),0.999,1
3189,0.1,243,0.13333333333333333,0.6361947695196402,0,161,1,24,470,str('KL'),3,str('stdev'),0.001,100
3190,0.1,846,0.13333333333333333,0.34331667625592843,0,243,5000,24,68,str('KL'),1,str('tstat'),0.999,100
3191,0.1,267,0.13333333333333333,0.6141162309382586,0,183,1,24,4569,str('KL'),3,str('tstat'),0.999,100
3192,0.1,233,0.13333333333333333,0.6460427261364895,0,154,1,24,4651,str('H'),3,str('stdev'),0.999,70
3193,0.1,322,0.13333333333333333,0.5701879357769328,0,218,1,24,5000,str('KL'),2,str('tstat'),0.999,100
3194,0.1,219,0.13333333333333333,0.6605611861218892,0,141,4116,24,1459,str('H'),3,str('tstat'),0.999,41
3195,0.1,202,0.13333333333333333,0.6794869400665288,0,124,1,24,5000,str('H'),3,str('stdev'),0.999,1
3196,0.1,224,0.13333333333333333,0.6552726080138934,0,146,5000,24,609,str('H'),3,str('stdev'),0.999,1
3197,0.1,213,0.13333333333333333,0.6670684713645746,0,135,5000,24,4252,str('H'),3,str('tstat'),0.001,100
3198,0.1,250,0.13333333333333333,0.6295384762838188,0,168,651,24,3297,str('H'),1,str('tstat'),0.001,35
3199,0.1,167,0.13333333333333333,0.7240216045964928,0,89,1,24,1252,str('KL'),3,str('tstat'),0.773,100
3200,0.1,214,0.13333333333333333,0.6659713513272776,0,136,353,24,3914,str('KL'),2,str('stdev'),0.999,47
3201,0.1,258,0.13333333333333333,0.6221549115317533,0,175,1,24,5000,str('H'),2,str('tstat'),0.999,45
3202,0.1,271,0.13333333333333333,0.6106297698107913,0,187,5000,24,5000,str('KL'),2,str('stdev'),0.001,45
3203,0.1,197,0.13333333333333333,0.6853558682140669,0,119,3201,24,1532,str('H'),3,str('stdev'),0.001,76
3204,0.1,208,0.13333333333333333,0.6726321305345966,0,130,632,24,5000,str('H'),3,str('tstat'),0.72,100
3205,0.1,215,0.13333333333333333,0.6648793223525504,0,137,1,24,1371,str('KL'),3,str('stdev'),0.999,1
3206,0.1,211,0.13333333333333333,0.6692781760670312,0,133,769,24,3857,str('H'),1,str('stdev'),0.59,52
3207,0.1,566,0.13333333333333333,0.43776507693306876,0,241,42,24,403,str('KL'),1,str('tstat'),0.999,100
3208,0.1,246,0.13333333333333333,0.6333189884570191,0,164,377,24,276,str('KL'),3,str('tstat'),0.999,47
3209,0.1,215,0.13333333333333333,0.6648793223525504,0,137,4845,24,4468,str('KL'),3,str('tstat'),0.001,28
3210,0.1,217,0.13333333333333333,0.6627103501161009,0,139,3890,24,674,str('KL'),3,str('stdev'),0.999,64
3211,0.1,310,0.13333333333333333,0.579097459948847,0,212,1,24,5000,str('KL'),2,str('stdev'),0.999,1
3212,0.1,237,0.13333333333333333,0.6420539557003453,0,157,148,24,368,str('H'),1,str('tstat'),0.739,26
3213,0.1,427,0.13333333333333333,0.5039488826100135,0,237,1655,24,1,str('H'),3,str('tstat'),0.001,1
3214,0.1,233,0.13333333333333333,0.6460427261364895,0,154,1,24,2215,str('KL'),3,str('tstat'),0.001,1
3215,0.1,219,0.13333333333333333,0.6605611861218892,0,141,2869,24,5000,str('KL'),3,str('tstat'),0.001,18
3216,0.1,214,0.13333333333333333,0.6659713513272776,0,136,171,24,3902,str('KL'),3,str('tstat'),0.14,87
3217,0.1,197,0.13333333333333333,0.6853558682140669,0,119,5000,24,2623,str('H'),3,str('tstat'),0.001,100
3218,0.1,235,0.13333333333333333,0.644039890032438,0,155,4484,24,760,str('KL'),3,str('tstat'),0.623,38
3219,0.1,210,0.13333333333333333,0.6703908581482496,0,132,527,24,3300,str('H'),3,str('stdev'),0.592,1
3220,0.1,144,0.13333333333333333,0.75866956448497,0,66,4949,24,4866,str('KL'),3,str('stdev'),0.45,8
3221,0.1,219,0.13333333333333333,0.6605611861218892,0,141,5000,24,824,str('H'),3,str('stdev'),0.999,100
3222,0.1,185,0.13333333333333333,0.7000688977200731,0,107,454,24,3103,str('H'),3,str('stdev'),0.001,31
3223,0.1,265,0.13333333333333333,0.6158790243625476,0,181,628,24,2271,str('H'),3,str('stdev'),0.999,53
3224,0.1,238,0.13333333333333333,0.6410672380209594,0,158,550,24,364,str('KL'),1,str('tstat'),0.001,24
3225,0.1,304,0.13333333333333333,0.5836819910730743,0,209,4418,24,1208,str('KL'),1,str('stdev'),0.999,1
3226,0.1,228,0.13333333333333333,0.65112568446577,0,150,95,24,1481,str('KL'),3,str('stdev'),0.534,49
3227,0.1,225,0.13333333333333333,0.6542290062071052,0,147,1246,24,1446,str('KL'),3,str('stdev'),0.001,1
3228,0.1,270,0.13333333333333333,0.6114965546646273,0,186,4627,24,563,str('H'),2,str('tstat'),0.767,1
3229,0.1,251,0.13333333333333333,0.628602762042018,0,169,808,24,673,str('KL'),3,str('stdev'),0.241,20
3230,0.1,248,0.13333333333333333,0.6314211408988839,0,166,1,24,716,str('KL'),3,str('tstat'),0.999,100
3231,0.1,226,0.13333333333333333,0.6531900119288148,0,148,4660,24,679,str('KL'),3,str('tstat'),0.001,54
3232,0.1,236,0.13333333333333333,0.6430448279927368,0,156,5000,24,419,str('H'),2,str('tstat'),0.001,61
3233,0.1,150,0.13333333333333333,0.7491277782255682,0,72,4196,24,5000,str('KL'),3,str('stdev'),0.327,100
3234,0.1,206,0.13333333333333333,0.6748949539474718,0,128,4974,24,4377,str('KL'),3,str('tstat'),0.454,100
3235,0.1,156,0.13333333333333333,0.7399578458636504,0,78,5000,24,5000,str('H'),3,str('stdev'),0.999,79
3236,0.1,168,0.13333333333333333,0.7226249724749032,0,90,5000,24,4941,str('KL'),3,str('stdev'),0.734,100
3237,0.1,247,0.13333333333333333,0.6323681515199866,0,165,5000,24,5000,str('H'),1,str('tstat'),0.001,100
3238,0.1,242,0.13333333333333333,0.6371612259981624,0,160,5000,24,5000,str('KL'),3,str('tstat'),0.59,1
3239,0.1,193,0.13333333333333333,0.6901587251552692,0,115,55,24,4808,str('H'),3,str('stdev'),0.618,44
3240,0.1,233,0.13333333333333333,0.6460427261364895,0,154,5000,24,3335,str('KL'),1,str('tstat'),0.001,60
3241,0.1,204,0.13333333333333333,0.6771797468631767,0,126,4079,24,5000,str('KL'),3,str('tstat'),0.999,42
3242,0.1,212,0.13333333333333333,0.6681707301561548,0,134,5000,24,5000,str('H'),2,str('tstat'),0.001,100
3243,0.1,210,0.13333333333333333,0.6703908581482496,0,132,5000,24,5000,str('H'),1,str('stdev'),0.999,17
3244,0.1,210,0.13333333333333333,0.6703908581482496,0,132,2566,24,2938,str('H'),3,str('tstat'),0.563,1
3245,0.1,215,0.13333333333333333,0.6648793223525504,0,137,801,24,2007,str('KL'),3,str('stdev'),0.001,84
3246,0.1,170,0.13333333333333333,0.7198563308731665,0,92,2975,24,4760,str('H'),3,str('tstat'),0.294,72
3247,0.1,225,0.13333333333333333,0.6542290062071052,0,147,1960,24,1037,str('KL'),3,str('stdev'),0.001,78
3248,0.1,240,0.13333333333333333,0.6391061281571578,0,159,1,24,751,str('H'),3,str('stdev'),0.001,1
3249,0.1,211,0.13333333333333333,0.6692781760670312,0,133,1,24,339,str('KL'),2,str('stdev'),0.999,31
3250,0.1,205,0.13333333333333333,0.6760345775874974,0,127,94,24,669,str('H'),3,str('stdev'),0.999,59
3251,0.1,228,0.13333333333333333,0.65112568446577,0,150,5000,24,992,str('H'),3,str('tstat'),0.3,73
3252,0.1,287,0.13333333333333333,0.597178576152464,0,199,1,24,561,str('H'),1,str('tstat'),0.999,1
3253,0.1,275,0.13333333333333333,0.6071942077473853,0,190,1,24,3152,str('H'),1,str('stdev'),0.001,50
3254,0.1,318,0.13333333333333333,0.5731204574840165,0,217,5000,24,3865,str('KL'),1,str('stdev'),0.001,100
3255,0.1,201,0.13333333333333333,0.6806490748814107,0,123,1,24,282,str('KL'),1,str('tstat'),0.999,1
3256,0.1,237,0.13333333333333333,0.6420539557003453,0,157,1,24,5000,str('KL'),1,str('stdev'),0.999,100
3257,0.1,221,0.13333333333333333,0.6584314718422857,0,143,780,24,621,str('KL'),3,str('tstat'),0.483,1
3258,0.1,221,0.13333333333333333,0.6584314718422857,0,143,35,24,2491,str('H'),3,str('stdev'),0.314,1
3259,0.1,267,0.13333333333333333,0.6141162309382586,0,183,5000,24,5000,str('H'),2,str('tstat'),0.999,59
3260,0.1,335,0.13333333333333333,0.5609020158419316,0,223,5000,24,4023,str('KL'),1,str('tstat'),0.999,100
3261,0.1,377,0.13333333333333333,0.5331839194875434,0,231,2898,24,5000,str('H'),1,str('stdev'),0.999,1
3262,0.1,436,0.13333333333333333,0.4990516275134401,0,238,2910,24,4037,str('KL'),1,str('stdev'),0.999,1
3263,0.1,164,0.13333333333333333,0.7282619323219758,0,86,5000,24,1143,str('H'),3,str('tstat'),0.001,1
3264,0.21,88,0.8666666666666666,0.8735344083999395,0,11,4543,26,5000,str('KL'),3,str('stdev'),0.311,96
3265,0.17,65,0.6,0.9438942995231028,0,8,22,0,4965,str('KL'),2,str('stdev'),0.35,32
3266,0.15,150,0.46666666666666656,0.7491277782255682,0,67,1254,3,4904,str('KL'),2,str('stdev'),0.454,68
3267,0.21,105,0.8666666666666666,0.8323977648215923,0,28,1,26,5000,str('KL'),2,str('stdev'),0.395,77
3268,0.17,99,0.6,0.8461102931228427,0,34,1,0,5000,str('KL'),2,str('stdev'),0.291,100
3269,0.21,121,0.8666666666666666,0.7993143582742014,0,43,815,26,5000,str('KL'),2,str('stdev'),0.413,100
3270,0.11,166,0.19999999999999996,0.7254265748696861,0,87,180,12,4999,str('KL'),2,str('stdev'),0.353,97
3271,0.21,106,0.8666666666666666,0.8301880601191358,0,29,151,26,5000,str('KL'),2,str('stdev'),0.254,100
3272,0.21,94,0.8666666666666666,0.8581812375355501,0,17,233,26,5000,str('KL'),2,str('stdev'),0.322,63
3273,0.21,118,0.8666666666666666,0.8051735444549065,0,40,4707,26,5000,str('KL'),2,str('stdev'),0.29,100
3274,0.15,176,0.46666666666666656,0.7117406362325246,0,90,415,4,4465,str('KL'),2,str('stdev'),0.369,47
3275,0.1,138,0.13333333333333333,0.7686146423927286,0,60,3622,20,4983,str('KL'),2,str('stdev'),0.393,65
3276,0.21,93,0.8666666666666666,0.8606715446024541,0,16,1,26,5000,str('KL'),3,str('stdev'),0.319,87
3277,0.22,116,0.9333333333333332,0.8091623148910506,0,37,78,26,4707,str('KL'),2,str('stdev'),0.448,100
3278,0.21,87,0.8666666666666666,0.8761935533230162,0,10,1567,26,4648,str('KL'),2,str('stdev'),0.414,41
3279,0.21,115,0.8666666666666666,0.8111823429315359,0,37,1,26,5000,str('KL'),2,str('stdev'),0.344,99
3280,0.1,140,0.13333333333333333,0.7652527020479793,0,62,4054,15,1443,str('KL'),2,str('stdev'),0.795,6
3281,0.21,107,0.8666666666666666,0.8279989111071117,0,30,4912,26,5000,str('KL'),2,str('stdev'),0.348,90
3282,0.22,87,0.9333333333333332,0.8761935533230162,0,8,5000,26,1768,str('KL'),3,str('tstat'),0.001,1
3283,0.21,98,0.8666666666666666,0.8484754569686281,0,21,214,26,3228,str('H'),2,str('stdev'),0.511,61
3284,0.18,286,0.6666666666666665,0.5979971224447354,0,110,547,13,3957,str('KL'),1,str('tstat'),0.783,1
3285,0.15,259,0.46666666666666656,0.6212480440443119,0,125,4936,1,3981,str('KL'),2,str('tstat'),0.999,71
3286,0.18,115,0.6666666666666665,0.8111823429315359,0,38,2186,0,850,str('KL'),2,str('tstat'),0.999,11
3287,0.21,101,0.8666666666666666,0.8414501047654391,0,24,4392,26,3582,str('KL'),2,str('stdev'),0.251,55
3288,0.18,98,0.6666666666666665,0.8484754569686281,0,32,5000,0,3149,str('KL'),2,str('tstat'),0.001,1
3289,0.15,182,0.46666666666666656,0.7038955157197266,0,96,2304,10,3736,str('H'),2,str('stdev'),0.001,1
