index,ACCURACY,RUNTIME,transformed_accuracy,transformed_runtime,is_pareto,pareto_layer,recent_samples_size,feature_id,batch_size,divergence,detect_batch,statistic,significance,subsets
0,0.47,1976,0.7031249999999999,0.5965722809297259,0,171,2389,6,2777,str('H'),1,str('tstat'),0.828,54
1,0.47,1679,0.7031249999999999,0.6827901088130333,0,99,2353,37,1867,str('KL'),1,str('tstat'),0.071,33
2,0.65,1213,0.984375,0.8548548066691071,0,24,1,0,1789,str('KL'),2,str('tstat'),0.001,1
3,0.31,1546,0.45312499999999994,0.7264725379046365,0,100,5000,53,2332,str('KL'),3,str('tstat'),0.001,1
4,0.47,1934,0.7031249999999999,0.6079452838279664,0,162,1,53,4221,str('H'),2,str('tstat'),0.999,1
5,0.45,1778,0.671875,0.6524643777889818,0,132,1536,53,2556,str('KL'),1,str('tstat'),0.999,13
6,0.47,1915,0.7031249999999999,0.6131715512044434,0,158,4799,9,2605,str('KL'),2,str('tstat'),0.124,5
7,0.45,1661,0.671875,0.6884954060753516,0,99,1,53,1055,str('H'),3,str('stdev'),0.001,41
8,0.46,1656,0.6875,0.6900911790241123,0,97,3710,53,2738,str('KL'),1,str('tstat'),0.001,15
9,0.62,941,0.9375,0.98920810257803,1,1,1,0,1918,str('KL'),3,str('tstat'),0.001,12
10,0.46,2059,0.6875,0.5747907417619614,0,185,5000,53,2793,str('H'),1,str('tstat'),0.001,3
11,0.41,1580,0.6093749999999999,0.7149582444065541,0,90,1,53,1414,str('H'),3,str('tstat'),0.001,1
12,0.02,1401,0.0,0.7785982018987282,0,80,751,38,2636,str('KL'),3,str('tstat'),0.999,8
13,0.63,1048,0.953125,0.9322259084765693,0,13,1,0,1827,str('KL'),2,str('tstat'),0.999,6
14,0.45,1742,0.671875,0.6632920797454527,0,123,5000,53,3385,str('H'),3,str('tstat'),0.999,1
15,0.46,1765,0.6875,0.6563488952489278,0,130,1,53,1825,str('KL'),2,str('tstat'),0.999,3
16,0.24,1563,0.34375,0.7206841016984178,0,109,2335,23,2817,str('H'),3,str('stdev'),0.428,60
17,0.35,1432,0.5156249999999999,0.7670148577665303,0,83,1173,31,404,str('H'),3,str('tstat'),0.049,29
18,0.44,1843,0.65625,0.6334579874671766,0,150,1901,7,4553,str('KL'),3,str('tstat'),0.557,3
19,0.44,2024,0.65625,0.5838667447288315,0,179,4889,51,1464,str('H'),2,str('stdev'),0.387,79
20,0.46,1739,0.6875,0.6642044600589813,0,120,3822,4,829,str('H'),1,str('stdev'),0.736,21
21,0.07,1494,0.078125,0.7445815374820506,0,100,1732,40,2687,str('KL'),3,str('tstat'),0.317,98
22,0.25,1690,0.359375,0.6793335536484832,0,122,116,24,2270,str('H'),2,str('tstat'),0.827,71
23,0.36,1812,0.5312499999999999,0.6424375494905867,0,140,3104,35,4216,str('KL'),1,str('stdev'),0.244,48
24,0.09,1529,0.10937499999999999,0.7323249360263999,0,108,2653,11,1901,str('KL'),2,str('stdev'),0.629,19
25,0.16,1684,0.21875000000000003,0.681216150326216,0,129,562,48,3803,str('H'),1,str('tstat'),0.3,89
26,0.25,1911,0.359375,0.6142784202405864,0,162,1281,17,1232,str('KL'),2,str('tstat'),0.805,69
27,0.22,1516,0.3125,0.7368443440416668,0,104,4268,27,3066,str('H'),3,str('stdev'),0.141,39
28,0.47,1724,0.7031249999999999,0.6687900873280475,0,114,726,1,3168,str('H'),1,str('tstat'),0.575,12
29,0.23,4982,0.328125,0.10694885389575404,0,218,3715,44,36,str('KL'),2,str('stdev'),0.495,83
30,0.46,1588,0.6875,0.7122849938555147,0,87,3473,1,4031,str('H'),2,str('tstat'),0.009,10
31,0.44,2221,0.65625,0.5346963431965187,0,201,2059,32,826,str('H'),3,str('tstat'),0.332,95
32,0.63,1062,0.953125,0.9252041077350437,0,20,3525,0,2832,str('KL'),3,str('stdev'),0.687,100
33,0.53,1080,0.796875,0.9163107462276308,0,29,1,0,5000,str('KL'),2,str('stdev'),0.999,100
34,0.53,934,0.796875,0.993158527378472,0,3,1,0,1544,str('KL'),3,str('stdev'),0.999,100
35,0.47,1671,0.7031249999999999,0.6853182121382773,0,98,4047,1,1404,str('KL'),3,str('stdev'),0.001,1
36,0.63,1130,0.953125,0.8923628767500861,0,44,5000,0,2942,str('KL'),3,str('tstat'),0.52,100
37,0.65,1225,0.984375,0.8496452239359479,0,28,1,0,5000,str('KL'),2,str('tstat'),0.999,1
38,0.65,1222,0.984375,0.8509428235421996,0,27,5000,0,4763,str('KL'),2,str('stdev'),0.999,1
39,0.46,1788,0.6875,0.6494955547631291,0,134,1405,7,1386,str('KL'),3,str('tstat'),0.999,1
40,0.61,1403,0.9218749999999999,0.7778431958677708,0,73,2342,0,4844,str('KL'),2,str('tstat'),0.999,100
41,0.44,1900,0.65625,0.6173342918448914,0,158,2002,4,4874,str('KL'),2,str('stdev'),0.999,49
42,0.64,1043,0.96875,0.9347564275810196,0,10,1,0,2215,str('KL'),3,str('stdev'),0.443,100
43,0.64,1289,0.96875,0.8226944617401009,0,68,5000,0,2894,str('KL'),3,str('stdev'),0.999,1
44,0.59,995,0.8906249999999999,0.9596851059333538,0,6,1,0,1377,str('KL'),3,str('tstat'),0.001,100
45,0.47,1742,0.7031249999999999,0.6632920797454527,0,122,1059,4,2572,str('KL'),3,str('stdev'),0.001,1
46,0.64,1155,0.96875,0.8807831273239684,0,52,5000,0,2873,str('KL'),3,str('stdev'),0.001,1
47,0.64,1148,0.96875,0.8840000191979281,0,49,5000,0,3098,str('KL'),3,str('tstat'),0.936,1
48,0.63,973,0.953125,0.9715150455533661,0,4,2567,0,1704,str('KL'),3,str('stdev'),0.929,1
49,0.47,1666,0.7031249999999999,0.6869044266842733,0,97,678,1,1510,str('KL'),3,str('stdev'),0.001,1
50,0.46,1806,0.6875,0.6441932526707913,0,139,366,7,1141,str('H'),3,str('stdev'),0.001,1
51,0.58,966,0.8749999999999999,0.975335213055089,0,5,5000,0,3179,str('KL'),3,str('tstat'),0.001,100
52,0.52,1004,0.78125,0.9549207262103057,0,8,5000,0,4657,str('KL'),2,str('stdev'),0.999,100
53,0.61,1225,0.9218749999999999,0.8496452239359479,0,64,1,0,1085,str('H'),3,str('stdev'),0.999,1
54,0.47,1916,0.7031249999999999,0.6128951950066641,0,159,453,1,1462,str('KL'),3,str('stdev'),0.999,77
55,0.45,2330,0.671875,0.509332219854219,0,203,2096,4,4804,str('KL'),2,str('stdev'),0.324,98
56,0.64,1525,0.96875,0.733711420171659,0,74,458,0,1874,str('KL'),2,str('tstat'),0.435,100
57,0.63,1147,0.953125,0.8844611743346178,0,49,1,0,2435,str('KL'),3,str('tstat'),0.999,37
58,0.64,1030,0.96875,0.9413929253353222,0,5,4347,0,1014,str('KL'),3,str('tstat'),0.447,39
59,0.63,1189,0.953125,0.8654302656627677,0,61,1594,0,1142,str('KL'),2,str('stdev'),0.038,48
60,0.6,1093,0.9062499999999999,0.9099793822492297,0,29,2386,0,4720,str('H'),3,str('tstat'),0.571,42
61,0.63,1075,0.953125,0.9187661824337476,0,23,4791,0,403,str('H'),3,str('tstat'),0.689,38
62,0.65,1179,0.984375,0.869899799706433,0,16,1,0,3720,str('KL'),1,str('stdev'),0.001,15
63,0.64,1697,0.96875,0.677145615165393,0,83,2575,0,1,str('KL'),3,str('tstat'),0.001,42
64,0.63,1114,0.953125,0.8999090295645473,0,38,3663,0,564,str('KL'),3,str('stdev'),0.357,61
65,0.6,1180,0.9062499999999999,0.8694511451764046,0,60,4378,0,8,str('H'),3,str('stdev'),0.406,91
66,0.64,1609,0.96875,0.7053312400372166,0,81,2328,0,1,str('H'),3,str('stdev'),0.001,100
67,0.25,1860,0.359375,0.628597590120257,0,153,1,30,2795,str('KL'),1,str('tstat'),0.999,100
68,0.64,1093,0.96875,0.9099793822492297,0,27,1399,0,3908,str('KL'),3,str('tstat'),0.253,33
69,0.66,1675,1.0,0.6840526520593516,0,18,1,0,471,str('H'),1,str('stdev'),0.256,1
70,0.47,1944,0.7031249999999999,0.6052151920045177,0,165,508,8,3566,str('KL'),1,str('stdev'),0.001,40
71,0.22,1499,0.3125,0.7428131330310619,0,99,4574,30,2132,str('KL'),1,str('tstat'),0.001,27
72,0.64,1598,0.96875,0.708962293867317,0,80,1173,0,1,str('H'),3,str('tstat'),0.119,51
73,0.64,1122,0.96875,0.8961225137688191,0,40,5000,0,5000,str('H'),3,str('tstat'),0.999,5
74,0.45,1918,0.671875,0.61234291483042,0,160,4806,8,3239,str('KL'),1,str('stdev'),0.839,81
75,0.34,1659,0.5,0.689133138411316,0,106,793,9,3837,str('H'),3,str('stdev'),0.999,100
76,0.47,2033,0.7031249999999999,0.5815180196334978,0,179,1601,8,2772,str('H'),1,str('stdev'),0.001,69
77,0.45,2150,0.671875,0.5518962088655537,0,194,896,8,3569,str('H'),1,str('tstat'),0.001,100
78,0.61,1196,0.9218749999999999,0.8623238834967762,0,63,4683,0,4830,str('H'),3,str('tstat'),0.332,49
79,0.46,2208,0.6875,0.5378041274839223,0,198,618,9,1006,str('H'),3,str('stdev'),0.001,14
80,0.47,1742,0.7031249999999999,0.6632920797454527,0,122,815,9,1553,str('KL'),3,str('stdev'),0.001,65
81,0.63,1073,0.953125,0.9197515532129064,0,22,4200,0,80,str('KL'),3,str('tstat'),0.813,24
82,0.45,1889,0.671875,0.6204078974380005,0,155,2312,8,432,str('KL'),1,str('stdev'),0.999,100
83,0.57,1242,0.8593749999999999,0.8423516109855699,0,65,1943,0,1908,str('H'),1,str('stdev'),0.362,84
84,0.48,1676,0.7187499999999999,0.6837367339819697,0,94,4098,33,4765,str('KL'),3,str('tstat'),0.999,68
85,0.46,2153,0.6875,0.5511580392115312,0,195,4083,8,2886,str('H'),2,str('stdev'),0.001,100
86,0.65,1275,0.984375,0.8284738744838557,0,40,3095,0,1299,str('H'),2,str('tstat'),0.999,1
87,0.66,1612,1.0,0.7043452577958498,0,10,1,0,4558,str('KL'),1,str('tstat'),0.251,1
88,0.66,1601,1.0,0.7079695351117459,0,7,1,0,5000,str('H'),1,str('tstat'),0.001,1
89,0.48,2770,0.7187499999999999,0.417752268494921,0,169,758,42,4609,str('KL'),1,str('stdev'),0.999,1
90,0.48,2371,0.7187499999999999,0.5000974112518802,0,156,1915,42,5000,str('H'),1,str('tstat'),0.001,1
91,0.64,1048,0.96875,0.9322259084765693,0,12,5000,0,1216,str('KL'),3,str('tstat'),0.999,1
92,0.48,2322,0.7187499999999999,0.5111530609807643,0,154,1,33,1459,str('H'),1,str('stdev'),0.001,1
93,0.48,2336,0.7187499999999999,0.5079706853228529,0,155,851,42,5000,str('H'),1,str('tstat'),0.999,1
94,0.64,1040,0.96875,0.9362805628516018,0,8,4931,0,1355,str('H'),3,str('tstat'),0.999,1
95,0.66,1958,1.0,0.6014165522711383,0,21,1,0,1702,str('KL'),1,str('tstat'),0.618,1
96,0.65,1416,0.984375,0.7729617176164927,0,53,2724,0,1139,str('KL'),2,str('tstat'),0.999,1
97,0.59,967,0.8906249999999999,0.9747877849536125,0,4,5000,0,1266,str('H'),3,str('stdev'),0.999,1
98,0.47,2143,0.7031249999999999,0.5536226162089042,0,192,5000,42,5000,str('H'),1,str('tstat'),0.999,100
99,0.55,1249,0.828125,0.83937730995826,0,66,1,0,3729,str('H'),2,str('tstat'),0.001,100
100,0.66,1605,1.0,0.7066487447987637,0,9,1,0,1723,str('H'),1,str('tstat'),0.595,1
101,0.48,2318,0.7187499999999999,0.5120658343924256,0,153,132,33,2611,str('KL'),1,str('tstat'),0.001,1
102,0.35,1892,0.5156249999999999,0.6195678708685263,0,158,1,42,5000,str('H'),3,str('stdev'),0.999,1
103,0.65,1236,0.984375,0.8449143739262202,0,34,1258,0,1771,str('H'),2,str('tstat'),0.546,1
104,0.66,1657,1.0,0.6897716395628194,0,17,2308,0,4288,str('H'),1,str('tstat'),0.999,1
105,0.44,1390,0.65625,0.7827700838709545,0,77,1,43,5000,str('H'),3,str('tstat'),0.999,100
106,0.47,1654,0.7031249999999999,0.6907308368808814,0,95,1,33,1667,str('KL'),3,str('stdev'),0.001,1
107,0.47,1832,0.7031249999999999,0.6366268862603801,0,142,311,42,4235,str('KL'),1,str('stdev'),0.999,100
108,0.66,1585,1.0,0.7132858822939039,0,3,1421,0,1244,str('KL'),1,str('tstat'),0.999,1
109,0.46,2438,0.6875,0.48534457429246625,0,209,4945,33,1842,str('KL'),1,str('stdev'),0.001,100
110,0.45,2162,0.671875,0.5489496830960987,0,197,4601,32,390,str('KL'),1,str('tstat'),0.999,76
111,0.4,1486,0.59375,0.7474233237284332,0,92,4136,21,3518,str('H'),1,str('stdev'),0.999,100
112,0.65,1402,0.984375,0.7782205643490201,0,51,1,0,5000,str('H'),2,str('stdev'),0.001,1
113,0.47,2080,0.7031249999999999,0.5694188679105161,0,188,1319,42,4903,str('KL'),1,str('stdev'),0.001,100
114,0.48,1973,0.7187499999999999,0.597376588815546,0,133,183,52,4764,str('KL'),1,str('stdev'),0.001,75
115,0.64,1044,0.96875,0.9342493556025772,0,11,2815,0,2223,str('KL'),3,str('stdev'),0.136,50
116,0.64,1044,0.96875,0.9342493556025772,0,11,5000,0,1880,str('KL'),3,str('tstat'),0.999,37
117,0.65,1227,0.984375,0.8487819203364502,0,29,3772,0,2101,str('KL'),2,str('tstat'),0.75,1
118,0.64,1089,0.96875,0.9119194453746238,0,25,3199,0,3846,str('H'),3,str('stdev'),0.375,51
119,0.63,1022,0.953125,0.9455186454459945,0,6,2068,0,1756,str('H'),3,str('tstat'),0.621,36
120,0.64,1042,0.96875,0.9352639854933915,0,9,2488,0,2087,str('H'),3,str('stdev'),0.001,51
121,0.66,1613,1.0,0.7040170045216132,0,11,1,0,3068,str('KL'),1,str('stdev'),0.389,1
122,0.65,1296,0.984375,0.8198282340359312,0,45,1,0,2053,str('KL'),2,str('stdev'),0.001,1
123,0.02,1583,0.0,0.7139541936015399,0,119,1,28,1257,str('KL'),1,str('tstat'),0.999,1
124,0.64,1096,0.96875,0.9085289843340753,0,29,3825,0,1329,str('KL'),3,str('tstat'),0.999,17
125,0.65,1282,0.984375,0.8255762850079407,0,42,3277,0,5000,str('KL'),2,str('tstat'),0.999,1
126,0.66,1784,1.0,0.6506810877506333,0,20,1,0,2377,str('KL'),1,str('stdev'),0.001,1
127,0.66,1621,1.0,0.7013982766104792,0,14,1330,0,5000,str('KL'),1,str('tstat'),0.833,1
128,0.02,1632,0.0,0.6978185376058802,0,125,3466,28,1920,str('H'),1,str('tstat'),0.999,28
129,0.48,2621,0.7187499999999999,0.4470257520103884,0,162,1,52,5000,str('H'),1,str('stdev'),0.001,1
130,0.66,1705,1.0,0.6746561316582271,0,19,1,0,5000,str('KL'),1,str('stdev'),0.452,1
131,0.44,1487,0.65625,0.7470672654689547,0,82,3299,36,178,str('H'),3,str('tstat'),0.001,100
132,0.65,1210,0.984375,0.8561652485113049,0,22,656,0,1059,str('H'),2,str('stdev'),0.001,1
133,0.64,1051,0.96875,0.9307133801539177,0,13,1,0,2226,str('H'),2,str('stdev'),0.001,6
134,0.65,1135,0.984375,0.8900265842938309,0,7,3178,0,4872,str('KL'),1,str('tstat'),0.53,20
135,0.62,1037,0.9375,0.9378090967870716,0,9,1459,0,4502,str('KL'),2,str('stdev'),0.248,27
136,0.37,1552,0.546875,0.7244223289921763,0,99,27,52,4172,str('KL'),3,str('stdev'),0.999,10
137,0.64,1197,0.96875,0.8618815981758529,0,59,4576,0,1815,str('KL'),3,str('stdev'),0.352,31
138,0.65,1320,0.984375,0.8101172825572586,0,48,5000,0,1995,str('KL'),2,str('tstat'),0.999,1
139,0.02,1418,0.0,0.7722146982528408,0,88,76,28,3256,str('KL'),1,str('stdev'),0.999,1
140,0.64,1057,0.96875,0.9277012205221031,0,17,1505,0,4991,str('KL'),3,str('stdev'),0.001,55
141,0.66,1617,1.0,0.7027060220675431,0,13,2875,0,3065,str('KL'),1,str('stdev'),0.712,1
142,0.65,1234,0.984375,0.845771391331706,0,32,2001,0,1326,str('KL'),2,str('tstat'),0.601,1
143,0.64,1143,0.96875,0.8863098206827413,0,47,2122,0,3774,str('KL'),3,str('stdev'),0.001,71
144,0.64,1180,0.96875,0.8694511451764046,0,58,849,0,4138,str('KL'),1,str('stdev'),0.235,58
145,0.65,1228,0.984375,0.8483507956557244,0,30,504,0,4779,str('H'),1,str('stdev'),0.001,61
146,0.62,1105,0.9375,0.9042014706814215,0,34,140,0,4505,str('KL'),2,str('stdev'),0.001,50
147,0.46,1548,0.6875,0.7257882527435235,0,84,3656,29,947,str('H'),3,str('stdev'),0.001,89
148,0.64,1092,0.96875,0.910463732206192,0,26,1999,0,3078,str('H'),2,str('tstat'),0.684,35
149,0.48,1654,0.7187499999999999,0.6907308368808814,0,91,1538,29,3824,str('H'),3,str('stdev'),0.001,1
150,0.48,1550,0.7187499999999999,0.7251048505312507,0,81,1033,29,4583,str('H'),3,str('stdev'),0.999,100
151,0.47,1551,0.7031249999999999,0.7247634798194476,0,84,3979,29,511,str('KL'),3,str('stdev'),0.001,1
152,0.64,1058,0.96875,0.9272008552123064,0,18,4135,0,4118,str('H'),2,str('stdev'),0.444,49
153,0.64,1112,0.96875,0.9008599035022286,0,36,2371,0,2201,str('H'),3,str('stdev'),0.001,100
154,0.47,2459,0.7031249999999999,0.4808038771762122,0,209,3553,5,1,str('H'),3,str('tstat'),0.999,100
155,0.65,1112,0.984375,0.9008599035022286,0,2,4144,0,4929,str('KL'),1,str('stdev'),0.634,58
156,0.25,1953,0.359375,0.6027700839074348,0,169,1,30,2908,str('H'),3,str('stdev'),0.001,1
157,0.47,1513,0.7031249999999999,0.7378927837922045,0,80,1465,29,1538,str('H'),3,str('stdev'),0.999,1
158,0.24,1491,0.34375,0.7456454212834157,0,95,4193,30,1722,str('H'),3,str('stdev'),0.999,46
159,0.44,1442,0.65625,0.763331695211187,0,81,4715,29,143,str('H'),3,str('stdev'),0.999,100
160,0.47,1572,0.7031249999999999,0.7176450562105451,0,85,1002,29,1366,str('H'),3,str('tstat'),0.999,86
161,0.44,1551,0.65625,0.7247634798194476,0,85,3288,29,2354,str('KL'),3,str('stdev'),0.999,19
162,0.46,1766,0.6875,0.6560490726306593,0,131,68,29,4967,str('H'),3,str('tstat'),0.999,1
163,0.47,1978,0.7031249999999999,0.5960367534412017,0,172,314,29,1446,str('H'),3,str('stdev'),0.001,34
164,0.47,1739,0.7031249999999999,0.6642044600589813,0,119,3488,29,1751,str('KL'),3,str('stdev'),0.001,46
165,0.24,2008,0.34375,0.5880681481467163,0,177,3539,30,3270,str('H'),3,str('stdev'),0.999,24
166,0.47,1722,0.7031249999999999,0.6694045150547603,0,112,4789,29,4045,str('H'),3,str('tstat'),0.944,100
167,0.46,1560,0.6875,0.7217010043615826,0,85,3183,29,943,str('KL'),3,str('tstat'),0.62,28
168,0.46,1788,0.6875,0.6494955547631291,0,134,3620,6,31,str('H'),3,str('stdev'),0.999,85
169,0.63,1167,0.953125,0.87531350927096,0,56,1980,0,5000,str('H'),3,str('stdev'),0.114,100
170,0.22,1514,0.3125,0.7375430732208809,0,103,109,30,538,str('H'),3,str('stdev'),0.999,9
171,0.65,1421,0.984375,0.7710961410450542,0,56,711,0,5000,str('KL'),1,str('stdev'),0.175,62
172,0.47,1591,0.7031249999999999,0.7112859932933266,0,87,4701,29,1565,str('H'),3,str('stdev'),0.333,4
173,0.48,1740,0.7187499999999999,0.6639001586193969,0,102,799,30,4809,str('H'),3,str('stdev'),0.799,96
174,0.63,1264,0.953125,0.8330595017529214,0,66,5000,0,5000,str('H'),2,str('stdev'),0.147,9
175,0.15,1514,0.203125,0.7375430732208809,0,105,1,34,3425,str('H'),3,str('tstat'),0.001,100
176,0.64,1135,0.96875,0.8900265842938309,0,45,5000,0,5000,str('H'),3,str('stdev'),0.001,44
177,0.47,1611,0.7031249999999999,0.7046737146380216,0,89,1054,4,4598,str('H'),3,str('tstat'),0.001,45
178,0.47,2395,0.7031249999999999,0.49476545372661684,0,205,5000,5,1,str('KL'),3,str('stdev'),0.999,1
179,0.46,1627,0.6875,0.6994426929449566,0,91,627,33,1984,str('H'),3,str('tstat'),0.001,100
180,0.16,1688,0.21875000000000003,0.6799603426459279,0,130,48,34,68,str('H'),3,str('tstat'),0.999,1
181,0.66,1586,1.0,0.7129520426099687,0,4,4356,0,5000,str('H'),1,str('stdev'),0.42,1
182,0.65,1117,0.984375,0.8984859118941041,0,4,2043,0,5000,str('H'),1,str('stdev'),0.749,16
183,0.47,2018,0.7031249999999999,0.5854383679622385,0,178,4762,5,1069,str('KL'),1,str('tstat'),0.999,23
184,0.47,1714,0.7031249999999999,0.6718693787986016,0,109,309,6,1906,str('KL'),3,str('tstat'),0.001,100
185,0.48,1771,0.7187499999999999,0.65455250017113,0,105,4857,5,4503,str('KL'),1,str('tstat'),0.001,45
186,0.46,1564,0.6875,0.7203455675603168,0,86,255,33,4958,str('H'),3,str('tstat'),0.001,100
187,0.22,1507,0.3125,0.7399959102129845,0,100,5000,5,4212,str('KL'),3,str('tstat'),0.001,100
188,0.61,1060,0.9218749999999999,0.926201540498812,0,20,4898,0,4861,str('KL'),3,str('stdev'),0.248,55
189,0.39,1892,0.578125,0.6195678708685263,0,157,5000,6,3362,str('KL'),1,str('tstat'),0.001,96
190,0.47,2018,0.7031249999999999,0.5854383679622385,0,178,4891,4,658,str('KL'),3,str('tstat'),0.929,1
191,0.38,1656,0.5625,0.6900911790241123,0,102,4800,6,2646,str('KL'),3,str('tstat'),0.001,100
192,0.47,1799,0.7031249999999999,0.6462489561038638,0,135,4913,4,4591,str('H'),3,str('stdev'),0.046,56
193,0.66,1655,1.0,0.6904109113857855,0,16,1,0,5000,str('H'),1,str('stdev'),0.999,1
194,0.43,1782,0.640625,0.6512748508632996,0,135,100,4,3922,str('H'),3,str('tstat'),0.708,7
195,0.64,1638,0.96875,0.6958761027598603,0,82,1,0,1,str('KL'),2,str('stdev'),0.999,1
196,0.6,1053,0.9062499999999999,0.9297074223186885,0,16,1168,0,4933,str('KL'),3,str('tstat'),0.467,89
197,0.41,1730,0.6093749999999999,0.666951069365718,0,119,52,3,2961,str('KL'),3,str('tstat'),0.001,100
198,0.47,1741,0.7031249999999999,0.6635960319150729,0,121,880,4,4671,str('H'),3,str('tstat'),0.001,94
199,0.64,1538,0.96875,0.7292185538604086,0,75,5000,0,1,str('KL'),3,str('stdev'),0.999,1
200,0.47,1749,0.7031249999999999,0.6611692847552952,0,123,469,3,4945,str('KL'),3,str('tstat'),0.001,79
201,0.41,1673,0.6093749999999999,0.6846850540939219,0,103,4336,4,4114,str('H'),3,str('tstat'),0.001,8
202,0.66,1598,1.0,0.708962293867317,0,6,5000,0,5000,str('KL'),1,str('stdev'),0.409,1
203,0.47,1721,0.7031249999999999,0.6697119964224834,0,111,4827,4,724,str('KL'),3,str('stdev'),0.999,1
204,0.47,1689,0.7031249999999999,0.6796468554269339,0,101,1618,32,4237,str('KL'),3,str('stdev'),0.107,100
205,0.47,1856,0.7031249999999999,0.6297372067859254,0,147,532,32,3934,str('KL'),3,str('tstat'),0.964,60
206,0.02,4165,0.0,0.2017939466296227,0,220,3703,32,1,str('KL'),3,str('stdev'),0.001,100
207,0.45,1706,0.671875,0.6743457673709823,0,107,3562,32,3941,str('H'),3,str('stdev'),0.999,100
208,0.47,1702,0.7031249999999999,0.675588317245352,0,103,1604,32,3127,str('H'),3,str('tstat'),0.999,100
209,0.46,1627,0.6875,0.6994426929449566,0,91,4186,32,4733,str('KL'),3,str('tstat'),0.001,100
210,0.47,1572,0.7031249999999999,0.7176450562105451,0,85,169,32,4787,str('KL'),3,str('stdev'),0.608,100
211,0.48,1659,0.7187499999999999,0.689133138411316,0,92,2259,32,5000,str('H'),3,str('stdev'),0.999,63
212,0.44,1634,0.65625,0.6971702674624893,0,92,1762,32,667,str('KL'),3,str('tstat'),0.598,100
213,0.46,1886,0.6875,0.6212492584426184,0,153,4564,32,4688,str('H'),3,str('stdev'),0.001,1
214,0.46,1822,0.6875,0.6395242492902236,0,144,1414,32,1719,str('KL'),3,str('stdev'),0.001,100
215,0.65,1172,0.984375,0.8730510682355194,0,12,920,0,4374,str('H'),1,str('stdev'),0.001,18
216,0.44,1662,0.65625,0.6881768276350534,0,100,4875,32,642,str('KL'),3,str('stdev'),0.999,100
217,0.36,1628,0.5312499999999999,0.6991174631889419,0,105,1129,32,45,str('H'),3,str('stdev'),0.963,100
218,0.48,1926,0.7187499999999999,0.6101395350908592,0,128,2749,32,4945,str('H'),2,str('stdev'),0.001,100
219,0.46,1640,0.6875,0.6952302043370953,0,94,619,32,3199,str('H'),3,str('stdev'),0.91,100
220,0.5,1643,0.75,0.6942628312078386,0,83,4902,36,4770,str('H'),2,str('stdev'),0.999,9
221,0.02,4358,0.0,0.17780864670286345,0,222,365,32,1,str('KL'),3,str('stdev'),0.969,100
222,0.46,1757,0.6875,0.6587536060360779,0,128,4995,32,1598,str('H'),3,str('stdev'),0.001,70
223,0.42,1877,0.6249999999999999,0.6237813906331187,0,156,1329,32,3367,str('H'),3,str('tstat'),0.001,100
224,0.47,1959,0.7031249999999999,0.6011462605372666,0,166,2711,32,3981,str('H'),2,str('stdev'),0.374,100
225,0.65,1138,0.984375,0.8886297395957403,0,8,1925,0,4826,str('KL'),1,str('stdev'),0.554,22
226,0.5,1962,0.75,0.6003362119862533,0,87,4747,36,4811,str('H'),2,str('stdev'),0.999,100
227,0.46,1702,0.6875,0.675588317245352,0,105,293,32,4760,str('H'),3,str('stdev'),0.001,86
228,0.47,1706,0.7031249999999999,0.6743457673709823,0,105,565,32,4276,str('KL'),2,str('tstat'),0.001,100
229,0.64,1028,0.96875,0.9424213463206396,0,4,1010,0,2004,str('H'),2,str('tstat'),0.999,12
230,0.48,1591,0.7187499999999999,0.7112859932933266,0,84,3307,36,1571,str('H'),2,str('stdev'),0.999,14
231,0.48,2587,0.7187499999999999,0.45393857405842597,0,160,1263,36,92,str('H'),1,str('stdev'),0.999,1
232,0.47,1797,0.7031249999999999,0.646837768439136,0,134,294,32,3988,str('KL'),3,str('tstat'),0.749,100
233,0.44,2124,0.65625,0.5583371454315602,0,191,4192,36,3383,str('H'),2,str('stdev'),0.999,100
234,0.65,1253,0.984375,0.837685178675379,0,36,5000,0,616,str('H'),2,str('tstat'),0.001,1
235,0.45,2151,0.671875,0.5516500379845115,0,195,4043,32,954,str('H'),2,str('tstat'),0.999,94
236,0.48,2272,0.7187499999999999,0.5226773764124396,0,150,2168,1,88,str('H'),1,str('tstat'),0.001,3
237,0.65,1258,0.984375,0.8355775887831243,0,38,5000,0,574,str('KL'),2,str('tstat'),0.001,1
238,0.54,1037,0.8125,0.9378090967870716,0,11,1,0,4818,str('KL'),3,str('stdev'),0.999,1
239,0.53,1048,0.796875,0.9322259084765693,0,14,1,0,4480,str('H'),3,str('stdev'),0.937,1
240,0.46,1686,0.6875,0.6805878742845382,0,100,3484,32,1043,str('H'),3,str('tstat'),0.999,68
241,0.58,1005,0.8749999999999999,0.954393986593516,0,8,5000,0,939,str('H'),3,str('tstat'),0.001,100
242,0.47,1753,0.7031249999999999,0.65996006815463,0,124,4508,32,964,str('H'),2,str('tstat'),0.999,1
243,0.65,1202,0.984375,0.8596756947745714,0,20,5000,0,189,str('H'),2,str('tstat'),0.001,1
244,0.6,1590,0.9062499999999999,0.7116187841563193,0,80,5000,0,677,str('H'),2,str('tstat'),0.001,95
245,0.66,1587,1.0,0.7126184132187625,0,5,5000,0,454,str('KL'),1,str('tstat'),0.001,1
246,0.5,1292,0.75,0.8214641786293522,0,69,3561,0,464,str('H'),1,str('tstat'),0.001,100
247,0.64,1065,0.96875,0.9237114717794515,0,19,5000,0,1531,str('H'),3,str('stdev'),0.001,100
248,0.64,1010,0.96875,0.9517681178482538,0,2,4514,0,2902,str('H'),3,str('stdev'),0.999,100
249,0.54,966,0.8125,0.975335213055089,0,6,4078,0,4428,str('KL'),3,str('stdev'),0.984,1
250,0.51,1162,0.765625,0.8775856562178563,0,55,5000,0,505,str('KL'),1,str('tstat'),0.001,100
251,0.66,1582,1.0,0.7142886657572893,0,2,5000,0,3906,str('KL'),1,str('tstat'),0.999,1
252,0.52,971,0.78125,0.9726037132358055,0,7,657,0,3341,str('H'),3,str('stdev'),0.999,1
253,0.38,1582,0.5625,0.7142886657572893,0,100,2394,52,128,str('KL'),3,str('tstat'),0.999,1
254,0.22,1511,0.3125,0.7385928984229373,0,102,1544,45,4995,str('H'),3,str('tstat'),0.001,80
255,0.02,4889,0.0,0.11692711066025085,0,224,1872,51,1,str('KL'),3,str('stdev'),0.999,1
256,0.65,1207,0.984375,0.8574789407293207,0,21,5000,0,2446,str('H'),2,str('tstat'),0.999,1
257,0.02,1396,0.0,0.7804904391420106,0,79,1637,18,4855,str('H'),3,str('tstat'),0.001,58
258,0.02,3381,0.0,0.3122174091992471,0,218,1712,52,1,str('H'),3,str('tstat'),0.999,100
259,0.02,1449,0.0,0.7607686369861795,0,99,4708,49,146,str('H'),3,str('tstat'),0.942,90
260,0.61,1079,0.9218749999999999,0.9168009236259016,0,28,1,0,4848,str('H'),3,str('stdev'),0.001,1
261,0.38,944,0.5625,0.9875240418872366,0,5,423,0,2575,str('H'),3,str('stdev'),0.999,1
262,0.6,937,0.9062499999999999,0.9914618789194753,1,1,3555,0,4249,str('H'),3,str('stdev'),0.999,1
263,0.64,1130,0.96875,0.8923628767500861,0,43,5000,0,2169,str('H'),2,str('stdev'),0.001,60
264,0.55,958,0.828125,0.9797351273813075,0,3,5000,0,2157,str('H'),3,str('tstat'),0.001,96
265,0.64,1056,0.96875,0.9282020589906558,0,16,3894,0,2224,str('H'),3,str('tstat'),0.999,100
266,0.57,976,0.8593749999999999,0.9698862283566708,0,6,5000,0,2229,str('H'),2,str('tstat'),0.001,61
267,0.62,1002,0.9375,0.9559757796289687,0,6,1155,0,2418,str('H'),3,str('tstat'),0.001,100
268,0.56,922,0.84375,1.0,1,1,5000,0,3223,str('KL'),2,str('tstat'),0.001,13
269,0.64,1098,0.96875,0.9075642543022634,0,31,5000,0,1822,str('H'),2,str('stdev'),0.001,41
270,0.47,1689,0.7031249999999999,0.6796468554269339,0,101,1782,42,769,str('H'),3,str('tstat'),0.999,1
271,0.66,1585,1.0,0.7132858822939039,0,3,5000,0,3487,str('H'),1,str('stdev'),0.001,1
272,0.65,1235,0.984375,0.8453427092839998,0,33,5000,0,3667,str('KL'),2,str('stdev'),0.001,1
273,0.65,1220,0.984375,0.8518096594820582,0,26,996,0,4053,str('KL'),2,str('stdev'),0.999,1
274,0.63,950,0.953125,0.9841719000578747,1,1,4892,0,2034,str('H'),3,str('stdev'),0.999,89
275,0.39,1406,0.578125,0.7767127010073409,0,79,3983,21,788,str('KL'),3,str('stdev'),0.999,100
276,0.56,983,0.84375,0.9661050226103844,0,7,5000,0,3737,str('H'),3,str('stdev'),0.999,85
277,0.63,963,0.953125,0.9769809004724392,0,3,5000,0,2111,str('KL'),3,str('tstat'),0.001,68
278,0.36,1619,0.5312499999999999,0.7020517457137676,0,103,4837,22,4977,str('KL'),2,str('tstat'),0.999,52
279,0.46,1838,0.6875,0.634896046023814,0,147,4123,42,1249,str('H'),3,str('tstat'),0.999,8
280,0.23,1508,0.328125,0.7396448086813816,0,99,902,23,787,str('KL'),3,str('stdev'),0.999,100
281,0.64,1130,0.96875,0.8923628767500861,0,43,3152,0,2603,str('H'),2,str('stdev'),0.001,66
282,0.02,1404,0.0,0.777466096071828,0,81,99,22,180,str('H'),3,str('stdev'),0.999,67
283,0.58,965,0.8749999999999999,0.975883207559255,0,4,5000,0,2546,str('KL'),2,str('tstat'),0.001,48
284,0.43,1479,0.640625,0.7499224564322167,0,84,1003,43,2464,str('H'),3,str('tstat'),0.999,1
285,0.62,954,0.9375,0.9819488678707436,0,2,5000,0,2984,str('H'),3,str('tstat'),0.001,86
286,0.52,954,0.78125,0.9819488678707436,0,5,5000,0,4456,str('KL'),3,str('tstat'),0.001,58
287,0.22,1575,0.3125,0.7166359038423118,0,114,3460,23,304,str('H'),3,str('stdev'),0.999,24
288,0.39,1415,0.578125,0.7733356227792348,0,80,848,21,4159,str('KL'),3,str('stdev'),0.001,1
289,0.24,2021,0.34375,0.5846519733990178,0,179,190,44,1966,str('H'),1,str('tstat'),0.999,87
290,0.48,1786,0.7187499999999999,0.6500879895464069,0,111,2245,23,4827,str('KL'),1,str('tstat'),0.999,100
291,0.35,1572,0.5156249999999999,0.7176450562105451,0,100,2627,22,4438,str('KL'),2,str('stdev'),0.999,93
292,0.43,2309,0.640625,0.5141253443408371,0,202,800,52,3498,str('KL'),1,str('stdev'),0.001,1
293,0.63,1069,0.953125,0.9217278116290857,0,21,5000,0,4019,str('H'),3,str('stdev'),0.001,100
294,0.65,1220,0.984375,0.8518096594820582,0,26,488,0,567,str('H'),2,str('tstat'),0.999,1
295,0.64,1053,0.96875,0.9297074223186885,0,15,5000,0,2384,str('KL'),3,str('stdev'),0.001,100
296,0.66,1604,1.0,0.7069786337169512,0,8,3632,0,4282,str('KL'),1,str('stdev'),0.832,1
297,0.63,1076,0.953125,0.9182741836607672,0,24,5000,0,2863,str('H'),3,str('stdev'),0.001,100
298,0.66,1982,1.0,0.5949673201833001,0,22,856,0,633,str('KL'),1,str('stdev'),0.001,1
299,0.65,1196,0.984375,0.8623238834967762,0,19,1,0,542,str('KL'),2,str('tstat'),0.001,1
300,0.64,1094,0.96875,0.9094954748231254,0,28,5000,0,553,str('H'),3,str('stdev'),0.001,1
301,0.65,1758,0.984375,0.6584524194251595,0,62,4933,0,639,str('KL'),2,str('stdev'),0.001,1
302,0.6,1296,0.9062499999999999,0.8198282340359312,0,69,1665,0,4371,str('H'),3,str('stdev'),0.001,100
303,0.62,1026,0.9375,0.9434517681262555,0,8,5000,0,2431,str('KL'),3,str('tstat'),0.999,38
304,0.64,1011,0.96875,0.9512445027378577,0,3,1254,0,247,str('H'),3,str('stdev'),0.001,1
305,0.39,1446,0.578125,0.7618655720852816,0,85,1885,20,2040,str('KL'),3,str('stdev'),0.999,1
306,0.64,1070,0.96875,0.9212330552726712,0,20,5000,0,2245,str('H'),3,str('tstat'),0.999,1
307,0.66,1612,1.0,0.7043452577958498,0,10,2231,0,4325,str('KL'),1,str('stdev'),0.133,1
308,0.39,1430,0.578125,0.7677545738658613,0,82,3572,20,2650,str('KL'),3,str('stdev'),0.999,100
309,0.63,1059,0.953125,0.9267009621680917,0,19,390,0,755,str('H'),3,str('tstat'),0.999,90
310,0.66,1631,1.0,0.6981429704742346,0,15,4849,0,4345,str('H'),1,str('stdev'),0.999,1
311,0.23,3616,0.328125,0.27663763649862794,0,217,415,15,233,str('KL'),1,str('stdev'),0.001,100
312,0.02,1412,0.0,0.7744589246658956,0,85,970,20,2888,str('KL'),3,str('stdev'),0.999,100
313,0.39,1419,0.578125,0.7718415833088946,0,81,4667,20,3294,str('KL'),3,str('tstat'),0.999,100
314,0.46,1754,0.6875,0.6596581948828346,0,126,1243,1,4637,str('KL'),3,str('tstat'),0.999,100
315,0.64,1103,0.96875,0.9051600892979199,0,33,2668,0,765,str('H'),3,str('tstat'),0.999,1
316,0.65,1295,0.984375,0.820236746698704,0,44,5000,0,569,str('H'),2,str('stdev'),0.999,1
317,0.61,1043,0.9218749999999999,0.9347564275810196,0,11,5000,0,4425,str('H'),3,str('stdev'),0.001,100
318,0.64,1070,0.96875,0.9212330552726712,0,20,1975,0,3058,str('KL'),2,str('tstat'),0.999,51
319,0.64,1031,0.96875,0.9408794627250371,0,6,5000,0,2461,str('H'),3,str('stdev'),0.001,100
320,0.02,1391,0.0,0.7823894610439175,0,78,139,20,2850,str('KL'),1,str('stdev'),0.999,100
321,0.6,1056,0.9062499999999999,0.9282020589906558,0,18,5000,0,4386,str('H'),3,str('stdev'),0.001,1
322,0.24,1924,0.34375,0.6106895212680352,0,163,232,15,731,str('KL'),1,str('stdev'),0.999,1
323,0.02,1551,0.0,0.7247634798194476,0,117,5000,20,1756,str('H'),3,str('stdev'),0.001,1
324,0.22,1623,0.3125,0.7007456127681508,0,120,4969,53,8,str('KL'),2,str('stdev'),0.999,1
325,0.35,1793,0.5156249999999999,0.6480173605548525,0,139,879,53,50,str('KL'),1,str('stdev'),0.001,1
326,0.4,1449,0.59375,0.7607686369861795,0,85,4775,21,3413,str('KL'),3,str('stdev'),0.001,1
327,0.62,1082,0.9375,0.9153317503092803,0,28,3857,0,3252,str('H'),3,str('stdev'),0.001,52
328,0.61,1185,0.9218749999999999,0.8672135557011158,0,60,1958,0,3325,str('KL'),2,str('stdev'),0.001,85
329,0.65,1260,0.984375,0.8347368955256161,0,39,1,0,77,str('H'),2,str('stdev'),0.001,1
330,0.54,932,0.8125,0.9942926533814811,0,2,1235,0,2762,str('KL'),3,str('tstat'),0.001,85
331,0.02,1426,0.0,0.7692371126673988,0,91,4872,20,1348,str('KL'),3,str('stdev'),0.001,1
332,0.4,1489,0.59375,0.7463558662471204,0,93,4604,21,3242,str('H'),3,str('stdev'),0.001,1
333,0.4,1457,0.59375,0.7578545353236712,0,86,4999,21,2194,str('KL'),3,str('stdev'),0.001,1
334,0.02,3675,0.0,0.26806798243075713,0,219,5000,53,1,str('KL'),3,str('tstat'),0.999,1
335,0.41,1615,0.6093749999999999,0.7033611076687154,0,93,4320,21,3522,str('KL'),1,str('stdev'),0.001,1
336,0.48,2642,0.7187499999999999,0.4428007079671151,0,163,288,6,4644,str('H'),1,str('stdev'),0.999,1
337,0.48,2644,0.7187499999999999,0.4424000750879309,0,164,1135,3,5000,str('H'),1,str('stdev'),0.001,1
338,0.4,1436,0.59375,0.765538517741545,0,80,4161,21,2750,str('H'),3,str('tstat'),0.001,1
339,0.66,1540,1.0,0.7285307139701896,1,1,3029,0,187,str('H'),2,str('tstat'),0.999,1
340,0.02,1391,0.0,0.7823894610439175,0,78,4117,20,3121,str('H'),3,str('tstat'),0.001,1
341,0.39,1403,0.578125,0.7778431958677708,0,78,5000,20,3023,str('H'),3,str('stdev'),0.001,1
342,0.4,1490,0.59375,0.7460005246430319,0,94,4907,21,2621,str('H'),3,str('stdev'),0.001,4
343,0.4,1754,0.59375,0.6596581948828346,0,128,4796,21,2479,str('KL'),2,str('stdev'),0.001,1
344,0.02,1411,0.0,0.7748338886752049,0,84,5000,20,907,str('H'),2,str('stdev'),0.001,1
345,0.48,2293,0.7187499999999999,0.5178065869002368,0,151,1823,42,2494,str('KL'),1,str('tstat'),0.001,1
346,0.41,1518,0.6093749999999999,0.7361465354545226,0,86,4550,21,1235,str('KL'),1,str('stdev'),0.001,1
347,0.02,1413,0.0,0.7740842259300504,0,86,5000,20,548,str('H'),3,str('stdev'),0.001,1
348,0.46,1948,0.6875,0.6041270834738236,0,167,1,53,114,str('KL'),2,str('stdev'),0.001,1
349,0.02,4179,0.0,0.20001706670410546,0,221,1,53,1,str('KL'),3,str('stdev'),0.999,1
350,0.52,959,0.78125,0.9791831350009343,0,6,5000,0,2525,str('H'),2,str('stdev'),0.999,7
351,0.65,1230,0.984375,0.8474895976756902,0,31,2327,0,441,str('H'),2,str('stdev'),0.001,1
352,0.65,1177,0.984375,0.8707982505427937,0,14,3800,0,4524,str('H'),1,str('stdev'),0.71,42
353,0.65,1254,0.984375,0.8372629892221531,0,37,4562,0,3481,str('H'),1,str('tstat'),0.999,58
354,0.65,1114,0.984375,0.8999090295645473,0,3,3296,0,5000,str('H'),1,str('stdev'),0.865,42
355,0.61,1104,0.9218749999999999,0.9046805631076013,0,34,5000,0,1577,str('H'),3,str('tstat'),0.773,69
356,0.63,957,0.953125,0.9802876956536795,0,2,5000,0,949,str('KL'),3,str('stdev'),0.999,100
357,0.4,1470,0.59375,0.7531530525341176,0,89,4740,21,2776,str('KL'),3,str('tstat'),0.999,1
358,0.61,1079,0.9218749999999999,0.9168009236259016,0,28,1303,0,813,str('H'),2,str('stdev'),0.516,52
359,0.6,1143,0.9062499999999999,0.8863098206827413,0,49,5000,0,713,str('KL'),3,str('tstat'),0.23,1
360,0.65,1304,0.984375,0.8165714265960828,0,46,594,0,4909,str('KL'),1,str('tstat'),0.458,55
361,0.65,1178,0.984375,0.8703488346133866,0,15,171,0,4788,str('H'),1,str('tstat'),0.622,55
362,0.65,1177,0.984375,0.8707982505427937,0,14,957,0,3663,str('H'),1,str('stdev'),0.577,40
363,0.65,1178,0.984375,0.8703488346133866,0,15,1234,0,780,str('H'),1,str('tstat'),0.999,48
364,0.6,1148,0.9062499999999999,0.8840000191979281,0,50,2661,0,3497,str('KL'),2,str('tstat'),0.702,25
365,0.46,4481,0.6875,0.16307060565984888,0,216,3163,37,297,str('KL'),1,str('stdev'),0.001,100
366,0.65,1216,0.984375,0.8535475991580681,0,25,3190,0,4449,str('H'),1,str('tstat'),0.747,56
367,0.64,1178,0.96875,0.8703488346133866,0,57,1524,0,4680,str('H'),1,str('stdev'),0.41,33
368,0.63,1233,0.953125,0.8462004206310079,0,64,3766,0,1749,str('H'),1,str('tstat'),0.999,53
369,0.65,1292,0.984375,0.8214641786293522,0,43,2052,0,103,str('KL'),2,str('tstat'),0.495,1
370,0.28,1665,0.40625,0.6872222404598028,0,108,295,51,2136,str('KL'),3,str('tstat'),0.001,1
371,0.6,1176,0.9062499999999999,0.8712480481418257,0,59,1213,0,7,str('H'),3,str('stdev'),0.486,32
372,0.64,1951,0.96875,0.6033124665877352,0,84,4844,0,1,str('KL'),3,str('tstat'),0.53,1
373,0.43,3871,0.640625,0.24055549605513993,0,216,222,7,87,str('KL'),1,str('tstat'),0.001,86
374,0.65,1190,0.984375,0.8649853797558641,0,18,4881,0,4745,str('H'),1,str('tstat'),0.752,55
375,0.65,1212,0.984375,0.8552912604564984,0,23,3484,0,2660,str('H'),2,str('stdev'),0.001,1
376,0.65,1175,0.984375,0.8716982280593046,0,13,5000,0,5000,str('KL'),1,str('tstat'),0.999,48
377,0.64,1150,0.96875,0.8830789117639783,0,50,194,0,2888,str('H'),1,str('stdev'),0.001,40
378,0.64,1542,0.96875,0.727843766220156,0,76,4456,0,1,str('H'),3,str('stdev'),0.999,50
379,0.47,1023,0.7031249999999999,0.945001169448769,0,10,1296,0,423,str('KL'),1,str('stdev'),0.999,86
380,0.64,1118,0.96875,0.8980123878205174,0,38,4272,0,3127,str('H'),1,str('tstat'),0.519,54
381,0.47,1859,0.7031249999999999,0.6288822644840184,0,150,4325,33,2567,str('KL'),3,str('stdev'),0.919,6
382,0.62,1023,0.9375,0.945001169448769,0,7,3010,0,1076,str('KL'),3,str('tstat'),0.999,99
383,0.64,1052,0.96875,0.9302101624048725,0,14,2189,0,5000,str('KL'),3,str('stdev'),0.001,1
384,0.48,1823,0.7187499999999999,0.6392337986983396,0,118,2362,37,4595,str('KL'),1,str('tstat'),0.001,55
385,0.64,1039,0.96875,0.9367895841700014,0,7,4480,0,1535,str('H'),3,str('stdev'),0.001,1
386,0.64,1567,0.96875,0.719331261522203,0,78,1,0,3051,str('H'),1,str('tstat'),0.999,100
387,0.42,1857,0.6249999999999999,0.6294520726519719,0,152,4954,52,2465,str('KL'),1,str('tstat'),0.999,55
388,0.64,1223,0.96875,0.8505099370113361,0,63,5000,0,1000,str('KL'),3,str('tstat'),0.999,100
389,0.47,1818,0.7031249999999999,0.6406876471023858,0,141,3674,1,4771,str('H'),1,str('stdev'),0.999,55
390,0.65,1341,0.984375,0.8017638465647746,0,50,3432,0,5000,str('H'),2,str('tstat'),0.77,1
391,0.45,1617,0.671875,0.7027060220675431,0,91,3239,33,2071,str('KL'),3,str('stdev'),0.999,100
392,0.47,1617,0.7031249999999999,0.7027060220675431,0,90,4838,33,2669,str('KL'),3,str('stdev'),0.759,10
393,0.48,2403,0.7187499999999999,0.49299999662184246,0,157,2338,37,4612,str('KL'),1,str('stdev'),0.001,1
394,0.63,1078,0.953125,0.9172915551024208,0,25,4916,0,4896,str('H'),2,str('tstat'),0.895,52
395,0.64,1053,0.96875,0.9297074223186885,0,15,4787,0,4021,str('KL'),2,str('tstat'),0.771,26
396,0.65,1446,0.984375,0.7618655720852816,0,57,2733,0,4363,str('H'),1,str('stdev'),0.666,100
397,0.65,1304,0.984375,0.8165714265960828,0,46,1,0,454,str('KL'),2,str('tstat'),0.999,1
398,0.64,1052,0.96875,0.9302101624048725,0,14,5000,0,2318,str('H'),3,str('stdev'),0.371,1
399,0.39,1540,0.578125,0.7285307139701896,0,98,607,29,4869,str('KL'),3,str('tstat'),0.001,100
400,0.64,2214,0.96875,0.5363674991861938,0,86,5000,0,1,str('H'),2,str('stdev'),0.001,1
401,0.45,1136,0.671875,0.8895605599425787,0,47,4577,25,4855,str('KL'),1,str('stdev'),0.999,75
402,0.48,2336,0.7187499999999999,0.5079706853228529,0,155,941,37,4990,str('H'),1,str('stdev'),0.001,1
403,0.64,1051,0.96875,0.9307133801539177,0,13,476,0,1159,str('KL'),3,str('tstat'),0.999,34
404,0.47,1844,0.7031249999999999,0.6331708437133138,0,146,714,37,4720,str('H'),1,str('tstat'),0.001,69
405,0.48,1400,0.7187499999999999,0.7789761089008673,0,76,3691,25,4942,str('H'),1,str('tstat'),0.999,1
406,0.47,1196,0.7031249999999999,0.8623238834967762,0,64,3163,25,4893,str('H'),2,str('stdev'),0.999,100
407,0.43,1869,0.640625,0.626042382929236,0,154,4937,52,2772,str('H'),2,str('stdev'),0.999,36
408,0.5,1934,0.75,0.6079452838279664,0,86,99,36,4602,str('H'),1,str('tstat'),0.999,43
409,0.48,1733,0.7187499999999999,0.6660339494118345,0,101,1072,24,4980,str('H'),1,str('stdev'),0.001,56
410,0.47,1305,0.7031249999999999,0.8161657301832728,0,71,1,25,5000,str('KL'),1,str('stdev'),0.001,98
411,0.63,1170,0.953125,0.8739548852484145,0,57,586,0,1083,str('H'),3,str('stdev'),0.001,1
412,0.48,1946,0.7187499999999999,0.6046708583070386,0,131,1937,24,4790,str('KL'),1,str('tstat'),0.001,1
413,0.64,1128,0.96875,0.8933002869789154,0,42,519,0,2033,str('H'),2,str('stdev'),0.333,51
414,0.64,2401,0.96875,0.49344080949874713,0,88,1,0,1,str('KL'),3,str('tstat'),0.999,24
415,0.26,1908,0.375,0.615110092708301,0,161,598,24,4423,str('H'),1,str('stdev'),0.001,1
416,0.45,1177,0.671875,0.8707982505427937,0,60,256,25,4342,str('H'),1,str('stdev'),0.001,72
417,0.63,992,0.953125,0.9612828044029194,0,5,2720,0,1895,str('KL'),3,str('tstat'),0.303,43
418,0.47,1174,0.7031249999999999,0.872148790945709,0,59,4737,25,4936,str('H'),2,str('stdev'),0.001,1
419,0.48,1331,0.7187499999999999,0.80572524604212,0,74,788,25,4989,str('KL'),1,str('tstat'),0.001,1
420,0.49,2486,0.7343749999999999,0.4750224616506854,0,92,4752,36,1812,str('H'),1,str('tstat'),0.001,1
421,0.64,1125,0.96875,0.8947095205580617,0,41,4767,0,4090,str('KL'),2,str('stdev'),0.563,55
422,0.47,1224,0.7031249999999999,0.8500774040015665,0,66,668,25,5000,str('H'),2,str('tstat'),0.001,1
423,0.48,2199,0.7187499999999999,0.5399664030067002,0,148,4481,24,4988,str('H'),1,str('stdev'),0.999,1
424,0.64,1459,0.96875,0.7571285082860237,0,73,4783,0,2274,str('KL'),2,str('stdev'),0.562,100
425,0.64,1133,0.96875,0.8909598649600389,0,44,3771,0,4141,str('KL'),1,str('tstat'),0.999,31
426,0.48,2763,0.7187499999999999,0.41909191021625025,0,168,3204,36,142,str('H'),1,str('tstat'),0.001,1
427,0.48,1955,0.7187499999999999,0.6022282560944232,0,132,2300,24,5000,str('KL'),1,str('stdev'),0.135,1
428,0.49,2094,0.7343749999999999,0.5658676510744154,0,90,4486,36,2293,str('KL'),2,str('tstat'),0.001,1
429,0.48,1834,0.7187499999999999,0.6360493108039843,0,121,4930,24,4657,str('H'),1,str('stdev'),0.367,74
430,0.48,1826,0.7187499999999999,0.6383634013931185,0,120,635,24,4980,str('H'),1,str('stdev'),0.401,29
431,0.48,1629,0.7187499999999999,0.6987924330216209,0,88,1359,24,4900,str('H'),2,str('tstat'),0.346,28
432,0.24,1672,0.34375,0.6850015385019215,0,125,4790,24,4632,str('H'),2,str('stdev'),0.999,100
433,0.48,1626,0.7187499999999999,0.699768122534935,0,86,579,24,4953,str('KL'),2,str('stdev'),0.001,61
434,0.52,1078,0.78125,0.9172915551024208,0,26,1,0,5000,str('KL'),3,str('tstat'),0.001,39
435,0.47,1726,0.7031249999999999,0.6681763715687321,0,115,3050,36,1264,str('H'),3,str('stdev'),0.001,1
436,0.24,1575,0.34375,0.7166359038423118,0,111,602,24,4643,str('H'),3,str('tstat'),0.974,34
437,0.61,1042,0.9218749999999999,0.9352639854933915,0,10,74,0,3323,str('KL'),3,str('stdev'),0.001,16
438,0.63,1079,0.953125,0.9168009236259016,0,26,3265,0,2949,str('KL'),2,str('tstat'),0.729,47
439,0.35,1444,0.5156249999999999,0.7625981263390321,0,85,4912,22,2427,str('KL'),1,str('tstat'),0.001,100
440,0.64,1252,0.96875,0.8381077049371397,0,65,4456,0,2906,str('H'),2,str('tstat'),0.795,77
441,0.63,1194,0.953125,0.8632095637048863,0,62,5000,0,2944,str('H'),2,str('tstat'),0.999,63
442,0.66,1601,1.0,0.7079695351117459,0,7,3841,0,1802,str('H'),1,str('stdev'),0.178,1
443,0.64,1167,0.96875,0.87531350927096,0,55,4768,0,3952,str('H'),3,str('tstat'),0.737,35
444,0.61,1051,0.9218749999999999,0.9307133801539177,0,14,3618,0,989,str('H'),3,str('tstat'),0.001,33
445,0.61,1003,0.9218749999999999,0.9554479902070894,0,7,4368,0,4382,str('KL'),3,str('tstat'),0.704,1
446,0.02,1408,0.0,0.7759603761066582,0,83,707,41,407,str('H'),1,str('tstat'),0.001,12
447,0.61,1015,0.9218749999999999,0.9491552036142068,0,8,5000,0,5000,str('KL'),3,str('stdev'),0.463,1
448,0.65,1092,0.984375,0.910463732206192,1,1,786,0,4056,str('KL'),1,str('tstat'),0.764,20
449,0.64,1093,0.96875,0.9099793822492297,0,27,4909,0,1141,str('KL'),3,str('stdev'),0.001,56
450,0.62,1079,0.9375,0.9168009236259016,0,27,4552,0,5000,str('KL'),3,str('tstat'),0.69,1
451,0.02,1654,0.0,0.6907308368808814,0,128,4847,41,19,str('H'),1,str('tstat'),0.999,3
452,0.65,1281,0.984375,0.825989257068651,0,41,771,0,3813,str('KL'),1,str('tstat'),0.761,79
453,0.42,1872,0.6249999999999999,0.6251933793153873,0,155,3853,52,1085,str('KL'),2,str('tstat'),0.001,1
454,0.63,1059,0.953125,0.9267009621680917,0,19,5000,0,2247,str('KL'),3,str('tstat'),0.764,100
455,0.48,2113,0.7187499999999999,0.5610859145414198,0,140,1,33,5000,str('KL'),1,str('tstat'),0.999,100
456,0.65,1147,0.984375,0.8844611743346178,0,10,1621,0,3225,str('KL'),1,str('tstat'),0.999,27
457,0.42,2244,0.6249999999999999,0.5292422351177483,0,202,4714,52,701,str('H'),1,str('tstat'),0.001,1
458,0.47,1632,0.7031249999999999,0.6978185376058802,0,91,3506,1,253,str('H'),3,str('tstat'),0.999,27
459,0.61,1188,0.9218749999999999,0.8658755255805657,0,61,4749,0,5000,str('H'),2,str('stdev'),0.372,72
460,0.66,1614,1.0,0.7036889545631373,0,12,5000,0,2437,str('H'),1,str('stdev'),0.423,1
461,0.42,1844,0.6249999999999999,0.6331708437133138,0,151,4560,52,845,str('KL'),2,str('tstat'),0.001,1
462,0.48,1942,0.7187499999999999,0.6057600857161871,0,130,4722,33,4739,str('KL'),1,str('tstat'),0.999,60
463,0.35,1608,0.5156249999999999,0.7056603091009414,0,102,3925,22,4836,str('H'),1,str('tstat'),0.001,100
464,0.48,2057,0.7187499999999999,0.5753052018714035,0,138,580,2,2472,str('H'),1,str('tstat'),0.625,39
465,0.03,1508,0.015624999999999997,0.7396448086813816,0,104,1975,38,4927,str('KL'),1,str('tstat'),0.216,25
466,0.02,1527,0.0,0.7330177244064439,0,113,4046,20,1125,str('H'),3,str('stdev'),0.915,61
467,0.48,2744,0.7187499999999999,0.4227452542277662,0,167,4163,26,4993,str('H'),2,str('stdev'),0.359,98
468,0.5,1976,0.75,0.5965722809297259,0,88,3380,36,5000,str('KL'),3,str('stdev'),0.001,1
469,0.5,1736,0.75,0.6651184148000615,0,84,1016,36,4686,str('KL'),3,str('tstat'),0.001,93
470,0.65,1309,0.984375,0.8145460450034832,0,47,359,0,715,str('H'),2,str('tstat'),0.356,1
471,0.65,1220,0.984375,0.8518096594820582,0,26,2145,0,5000,str('H'),1,str('tstat'),0.722,43
472,0.64,1158,0.96875,0.8794104181986759,0,53,2862,0,3181,str('KL'),1,str('tstat'),0.706,28
473,0.63,1134,0.953125,0.8904930190584794,0,45,4564,0,4056,str('KL'),3,str('stdev'),0.229,42
474,0.64,1137,0.96875,0.8890949452831167,0,46,5000,0,2845,str('H'),3,str('tstat'),0.999,100
475,0.64,1099,0.96875,0.9070825474559363,0,32,4658,0,995,str('H'),3,str('tstat'),0.999,43
476,0.41,2634,0.6093749999999999,0.4444062768845163,0,213,3587,52,1037,str('KL'),3,str('stdev'),0.137,22
477,0.48,2554,0.7187499999999999,0.46073548209812265,0,159,4364,24,4975,str('H'),3,str('stdev'),0.69,34
478,0.17,1976,0.23437500000000003,0.5965722809297259,0,172,366,34,1360,str('KL'),2,str('tstat'),0.275,92
479,0.07,2027,0.078125,0.5830826784997363,0,180,871,18,228,str('KL'),1,str('tstat'),0.514,50
480,0.58,1159,0.8749999999999999,0.8789536379711157,0,54,4285,0,3760,str('H'),1,str('stdev'),0.473,50
481,0.64,1409,0.96875,0.7755846140185108,0,72,1880,0,433,str('KL'),3,str('stdev'),0.001,1
482,0.49,2087,0.7343749999999999,0.5676402831317835,0,89,311,36,2740,str('H'),2,str('stdev'),0.001,1
483,0.47,2334,0.7031249999999999,0.508424141378829,0,201,5000,3,1827,str('KL'),1,str('stdev'),0.999,100
484,0.64,1215,0.96875,0.8539829766104736,0,61,927,0,3229,str('KL'),1,str('tstat'),0.677,51
485,0.65,1474,0.984375,0.7517147987214967,0,58,2710,0,4003,str('H'),2,str('stdev'),0.123,1
486,0.61,1051,0.9218749999999999,0.9307133801539177,0,14,4604,0,5000,str('H'),3,str('stdev'),0.601,1
487,0.63,1488,0.953125,0.7467114464155802,0,75,4316,0,1099,str('KL'),2,str('tstat'),0.728,33
488,0.64,1114,0.96875,0.8999090295645473,0,37,3560,0,4101,str('H'),3,str('stdev'),0.001,1
489,0.46,2639,0.6875,0.4434022260795021,0,213,1,53,2320,str('H'),1,str('stdev'),0.001,100
490,0.63,1113,0.953125,0.900384253141542,0,37,4036,0,2089,str('KL'),3,str('stdev'),0.44,100
491,0.02,1716,0.0,0.671252086606315,0,134,4628,28,1762,str('H'),3,str('stdev'),0.053,5
492,0.23,1573,0.328125,0.7173084583974827,0,112,1384,16,3125,str('KL'),1,str('tstat'),0.814,68
493,0.15,1742,0.203125,0.6632920797454527,0,134,1219,50,571,str('H'),2,str('tstat'),0.28,95
494,0.1,1701,0.125,0.6758994107292017,0,132,2898,11,4236,str('KL'),3,str('stdev'),0.602,34
495,0.21,1607,0.296875,0.7059895827460059,0,119,3587,47,3659,str('KL'),2,str('stdev'),0.491,78
496,0.65,1411,0.984375,0.7748338886752049,0,52,2282,0,5000,str('H'),1,str('tstat'),0.851,13
497,0.64,1074,0.96875,0.9192586386672991,0,21,4217,0,1747,str('H'),3,str('tstat'),0.999,100
498,0.47,1881,0.7031249999999999,0.6226545037377361,0,152,1247,3,153,str('H'),3,str('stdev'),0.001,100
499,0.63,1081,0.953125,0.9158210220678877,0,27,4353,0,2263,str('H'),3,str('stdev'),0.363,58
500,0.65,1143,0.984375,0.8863098206827413,0,9,2395,0,3115,str('KL'),1,str('stdev'),0.402,58
501,0.64,1283,0.96875,0.8251636347018875,0,67,1,0,497,str('KL'),3,str('stdev'),0.001,97
502,0.65,1275,0.984375,0.8284738744838557,0,40,3956,0,3655,str('KL'),2,str('tstat'),0.999,1
503,0.64,1152,0.96875,0.8821594034756834,0,51,3236,0,5000,str('KL'),2,str('stdev'),0.001,53
504,0.26,1778,0.375,0.6524643777889818,0,134,4770,18,2748,str('KL'),1,str('stdev'),0.999,1
505,0.65,1149,0.984375,0.8835392652401813,0,11,2997,0,3703,str('KL'),1,str('tstat'),0.999,50
506,0.22,1508,0.3125,0.7396448086813816,0,101,4912,18,2900,str('KL'),3,str('stdev'),0.999,17
507,0.02,4452,0.0,0.1665086619606897,0,223,5000,37,1,str('H'),3,str('tstat'),0.999,1
508,0.53,1267,0.796875,0.8318049335207731,0,68,1,0,1203,str('H'),1,str('tstat'),0.001,55
509,0.49,970,0.7343749999999999,0.9731488873869028,0,7,357,0,1539,str('H'),2,str('tstat'),0.001,20
510,0.65,1296,0.984375,0.8198282340359312,0,45,4074,0,954,str('H'),2,str('stdev'),0.431,1
511,0.65,1251,0.984375,0.8385305685452531,0,35,1115,0,4538,str('KL'),1,str('tstat'),0.999,31
512,0.47,2152,0.7031249999999999,0.5514039814685754,0,194,166,3,1326,str('H'),2,str('stdev'),0.999,1
513,0.64,1315,0.96875,0.8121257667276804,0,70,3438,0,3903,str('KL'),2,str('tstat'),0.546,40
514,0.63,1423,0.953125,0.7703517464867782,0,73,4679,0,2323,str('KL'),1,str('stdev'),0.77,100
515,0.65,1118,0.984375,0.8980123878205174,0,5,3615,0,2904,str('H'),2,str('stdev'),0.565,45
516,0.65,1659,0.984375,0.689133138411316,0,60,1409,0,5000,str('H'),1,str('tstat'),0.999,56
517,0.63,1136,0.953125,0.8895605599425787,0,46,125,0,3025,str('KL'),2,str('tstat'),0.257,16
518,0.62,1045,0.9375,0.9337427686284923,0,12,5000,0,2634,str('H'),3,str('stdev'),0.238,47
519,0.64,1080,0.96875,0.9163107462276308,0,22,927,0,3077,str('H'),3,str('tstat'),0.649,100
520,0.46,1819,0.6875,0.6403965579821003,0,142,4781,42,2342,str('KL'),3,str('stdev'),0.999,1
521,0.64,1551,0.96875,0.7247634798194476,0,77,57,0,1770,str('H'),3,str('tstat'),0.999,100
522,0.64,1573,0.96875,0.7173084583974827,0,79,1888,0,2081,str('KL'),3,str('tstat'),0.999,100
523,0.6,1069,0.9062499999999999,0.9217278116290857,0,23,4533,0,1101,str('H'),3,str('stdev'),0.431,47
524,0.65,1727,0.984375,0.6678697801616023,0,61,3219,0,2272,str('KL'),2,str('stdev'),0.001,1
525,0.37,1743,0.546875,0.662988301910324,0,124,1222,43,3394,str('H'),3,str('tstat'),0.001,79
526,0.61,1066,0.9218749999999999,0.9232148597964873,0,21,2054,0,5000,str('KL'),2,str('stdev'),0.586,39
527,0.65,1611,0.984375,0.7046737146380216,0,59,5000,0,1754,str('H'),2,str('stdev'),0.001,1
528,0.59,1064,0.8906249999999999,0.9242085498459968,0,22,1293,0,2640,str('H'),3,str('tstat'),0.386,38
529,0.64,1147,0.96875,0.8844611743346178,0,48,828,0,1758,str('KL'),3,str('tstat'),0.466,1
530,0.65,1418,0.984375,0.7722146982528408,0,54,5000,0,5000,str('KL'),1,str('tstat'),0.999,9
531,0.63,1086,0.953125,0.9133791706193314,0,28,1,0,2958,str('H'),3,str('stdev'),0.296,100
532,0.43,1659,0.640625,0.689133138411316,0,98,4076,8,1501,str('KL'),3,str('tstat'),0.001,100
533,0.63,1475,0.953125,0.75135584469825,0,74,652,0,3651,str('KL'),1,str('stdev'),0.999,77
534,0.59,1325,0.8906249999999999,0.8081163861804032,0,72,2383,0,3213,str('H'),2,str('stdev'),0.407,100
535,0.16,1881,0.21875000000000003,0.6226545037377361,0,158,4379,24,90,str('KL'),1,str('tstat'),0.001,56
536,0.57,1041,0.8593749999999999,0.9357720302719416,0,11,4593,0,3507,str('H'),3,str('tstat'),0.557,100
537,0.64,1598,0.96875,0.708962293867317,0,80,3507,0,3018,str('KL'),1,str('tstat'),0.999,78
538,0.63,1062,0.953125,0.9252041077350437,0,20,4846,0,2020,str('H'),3,str('tstat'),0.364,32
539,0.65,1182,0.984375,0.8685549746732052,0,17,1432,0,4895,str('H'),1,str('stdev'),0.115,30
540,0.61,1026,0.9218749999999999,0.9434517681262555,0,9,4251,0,2172,str('KL'),3,str('tstat'),0.553,1
541,0.64,1005,0.96875,0.954393986593516,1,1,1028,0,1945,str('KL'),3,str('tstat'),0.548,60
542,0.64,1349,0.96875,0.7986159226409654,0,71,710,0,4817,str('H'),2,str('tstat'),0.99,52
543,0.65,1225,0.984375,0.8496452239359479,0,28,2107,0,3720,str('KL'),1,str('stdev'),0.001,54
544,0.39,1722,0.578125,0.6694045150547603,0,113,90,6,2414,str('KL'),3,str('stdev'),0.999,100
545,0.65,1124,0.984375,0.8951800995681636,0,6,4375,0,3224,str('KL'),1,str('stdev'),0.488,23
546,0.64,1087,0.96875,0.9128921483863689,0,24,3893,0,2512,str('KL'),3,str('tstat'),0.24,39
547,0.6,1121,0.9062499999999999,0.8965943504512743,0,40,531,0,4988,str('H'),2,str('stdev'),0.481,74
548,0.64,1097,0.96875,0.9080463996619386,0,30,3154,0,2958,str('KL'),3,str('stdev'),0.244,100
549,0.46,2210,0.6875,0.5373248182738096,0,199,5000,53,1660,str('H'),2,str('stdev'),0.579,1
550,0.64,2291,0.96875,0.51826854649431,0,87,1,0,1,str('H'),3,str('stdev'),0.999,1
551,0.55,1201,0.828125,0.8601161410710785,0,64,2456,0,1127,str('KL'),3,str('stdev'),0.991,51
552,0.65,1991,0.984375,0.5925689614841176,0,63,1792,0,826,str('H'),1,str('stdev'),0.001,88
553,0.44,1835,0.65625,0.6357607590992017,0,147,3661,8,4901,str('H'),3,str('stdev'),0.001,1
554,0.64,1985,0.96875,0.5941666599536832,0,85,1,0,1532,str('KL'),2,str('stdev'),0.001,100
555,0.61,1376,0.9218749999999999,0.7881277256363038,0,72,2099,0,4201,str('H'),1,str('tstat'),0.682,25
556,0.64,1137,0.96875,0.8890949452831167,0,46,2709,0,4199,str('KL'),3,str('stdev'),0.005,1
557,0.61,983,0.9218749999999999,0.9661050226103844,0,5,4910,0,1819,str('KL'),3,str('tstat'),0.001,1
558,0.64,1247,0.96875,0.8402254072428033,0,64,4429,0,4141,str('H'),3,str('tstat'),0.75,100
559,0.45,1340,0.671875,0.8021586558570243,0,75,4016,25,4911,str('H'),1,str('tstat'),0.001,100
560,0.45,2006,0.671875,0.5885956747252152,0,176,3413,1,4907,str('KL'),3,str('stdev'),0.001,3
561,0.63,1173,0.953125,0.8725997374531782,0,58,4125,0,1046,str('H'),3,str('stdev'),0.001,40
562,0.64,1199,0.96875,0.8609981340159981,0,60,5000,0,1112,str('KL'),3,str('stdev'),0.001,1
563,0.64,1111,0.96875,0.9013359814138587,0,35,1,0,1815,str('H'),3,str('stdev'),0.001,1
564,0.63,1032,0.953125,0.9403664974151787,0,7,3144,0,2010,str('KL'),3,str('tstat'),0.047,51
565,0.61,1144,0.9218749999999999,0.8858470538197247,0,49,3388,0,1298,str('H'),3,str('tstat'),0.018,1
566,0.64,1300,0.96875,0.8181973270011951,0,69,5000,0,2567,str('KL'),3,str('tstat'),0.999,100
567,0.6,1274,0.9062499999999999,0.828889112953598,0,68,3245,0,4936,str('KL'),3,str('tstat'),0.19,1
568,0.41,1443,0.6093749999999999,0.7629647837721787,0,83,2696,21,4469,str('KL'),2,str('tstat'),0.732,35
569,0.46,1752,0.6875,0.660262113581138,0,125,1695,42,573,str('H'),3,str('stdev'),0.392,53
570,0.45,1993,0.671875,0.5920374645594071,0,174,459,2,2802,str('KL'),2,str('stdev'),0.102,96
571,0.48,2116,0.7187499999999999,0.5603348343290069,0,141,395,26,4613,str('KL'),1,str('tstat'),0.999,23
572,0.64,1119,0.96875,0.8975392867251677,0,39,5000,0,1714,str('KL'),3,str('stdev'),0.999,100
573,0.64,1108,0.96875,0.9027667881580351,0,34,2682,0,5000,str('H'),3,str('stdev'),0.001,1
574,0.48,2618,0.7187499999999999,0.4476320905322808,0,161,4601,9,4933,str('KL'),1,str('tstat'),0.001,1
575,0.48,2688,0.7187499999999999,0.43366196455009753,0,165,4537,9,4908,str('KL'),1,str('tstat'),0.999,1
576,0.47,1900,0.7031249999999999,0.6173342918448914,0,154,3452,3,1406,str('KL'),2,str('stdev'),0.197,20
577,0.08,1643,0.09375,0.6942628312078386,0,126,2187,40,3720,str('H'),3,str('tstat'),0.927,89
578,0.47,1200,0.7031249999999999,0.8605569539479831,0,65,903,25,866,str('KL'),1,str('tstat'),0.565,57
579,0.24,1703,0.34375,0.675277406381697,0,128,4716,45,4177,str('H'),2,str('stdev'),0.313,26
580,0.26,1707,0.375,0.6740355848490698,0,117,4351,17,2855,str('H'),2,str('tstat'),0.629,81
581,0.45,1843,0.671875,0.6334579874671766,0,149,30,53,2105,str('KL'),3,str('stdev'),0.499,12
582,0.48,1721,0.7187499999999999,0.6697119964224834,0,99,1256,12,4876,str('H'),1,str('stdev'),0.01,43
583,0.26,1831,0.375,0.6369159103554254,0,147,2820,10,3472,str('H'),1,str('stdev'),0.896,45
584,0.46,1779,0.6875,0.652166745501842,0,132,1546,33,1414,str('KL'),2,str('tstat'),0.23,64
585,0.23,1636,0.328125,0.6965227898255841,0,120,291,18,4268,str('H'),2,str('tstat'),0.278,82
586,0.42,2345,0.6249999999999999,0.5059349237862838,0,204,4095,52,701,str('KL'),1,str('stdev'),0.594,1
587,0.63,1188,0.953125,0.8658755255805657,0,60,1202,0,5000,str('H'),3,str('tstat'),0.71,1
588,0.53,1582,0.796875,0.7142886657572893,0,80,4607,0,4725,str('H'),2,str('stdev'),0.999,91
589,0.6,1061,0.9062499999999999,0.9257025893163365,0,21,3283,0,3467,str('KL'),2,str('stdev'),0.544,47
590,0.41,1697,0.6093749999999999,0.677145615165393,0,105,4959,21,1106,str('KL'),1,str('tstat'),0.999,1
591,0.41,1549,0.6093749999999999,0.7254464414112161,0,88,4780,21,2328,str('KL'),1,str('stdev'),0.999,1
592,0.13,1492,0.171875,0.7452905558490162,0,99,2312,49,4598,str('KL'),1,str('stdev'),0.701,78
593,0.47,1730,0.7031249999999999,0.666951069365718,0,117,1086,9,2369,str('H'),3,str('stdev'),0.805,71
594,0.2,1560,0.28125,0.7217010043615826,0,109,4548,27,2517,str('KL'),2,str('tstat'),0.067,40
595,0.42,1584,0.6249999999999999,0.7136199325358368,0,90,3895,1,3890,str('KL'),3,str('stdev'),0.991,91
596,0.36,1669,0.5312499999999999,0.6859521280021368,0,106,472,35,1225,str('H'),2,str('tstat'),0.131,23
597,0.26,1749,0.375,0.6611692847552952,0,126,1756,23,3371,str('KL'),1,str('tstat'),0.362,30
598,0.08,1580,0.09375,0.7149582444065541,0,117,2630,40,1661,str('H'),1,str('stdev'),0.514,61
599,0.47,1969,0.7031249999999999,0.5984509028573755,0,169,2501,2,839,str('H'),1,str('stdev'),0.243,36
600,0.48,1506,0.7187499999999999,0.7403472446477763,0,79,1862,34,4130,str('KL'),2,str('tstat'),0.879,54
601,0.02,1428,0.0,0.7684953245335,0,92,597,20,1276,str('H'),3,str('tstat'),0.611,98
602,0.43,1442,0.640625,0.763331695211187,0,82,3785,43,3610,str('KL'),1,str('stdev'),0.265,17
603,0.16,1479,0.21875000000000003,0.7499224564322167,0,95,3911,34,2323,str('H'),1,str('tstat'),0.776,15
604,0.48,2139,0.7187499999999999,0.5546116671798496,0,144,4523,8,960,str('H'),1,str('stdev'),0.164,66
605,0.02,1425,0.0,0.769608396693138,0,90,1110,28,3917,str('KL'),3,str('tstat'),0.964,48
606,0.23,1565,0.328125,0.7200072496688852,0,110,2364,16,1771,str('H'),3,str('tstat'),0.544,5
607,0.22,1496,0.3125,0.7438734670008844,0,96,3248,47,3189,str('KL'),3,str('stdev'),0.33,86
608,0.44,1775,0.65625,0.6533582795050185,0,133,1993,43,2194,str('KL'),2,str('stdev'),0.407,94
609,0.47,1964,0.7031249999999999,0.5997968670913487,0,167,777,4,4423,str('H'),1,str('stdev'),0.085,62
610,0.02,1418,0.0,0.7722146982528408,0,88,4854,38,546,str('KL'),1,str('tstat'),0.791,30
611,0.25,1826,0.359375,0.6383634013931185,0,147,4203,12,1797,str('KL'),3,str('stdev'),0.148,76
612,0.47,1547,0.7031249999999999,0.7261302848129028,0,83,165,31,3235,str('H'),2,str('tstat'),0.978,7
613,0.25,1592,0.359375,0.7109534114042021,0,108,1440,17,1089,str('KL'),3,str('tstat'),0.527,39
614,0.37,1718,0.546875,0.6706355130314116,0,111,2949,52,4026,str('H'),3,str('stdev'),0.345,71
615,0.21,1591,0.296875,0.7112859932933266,0,116,3002,19,2499,str('KL'),2,str('tstat'),0.379,50
616,0.14,1528,0.1875,0.7326712169416625,0,107,1386,50,2627,str('H'),3,str('stdev'),0.749,69
617,0.08,1662,0.09375,0.6881768276350534,0,127,140,11,398,str('KL'),2,str('stdev'),0.759,87
618,0.46,1641,0.6875,0.6949075502661805,0,95,4227,32,4645,str('H'),3,str('tstat'),0.115,6
619,0.22,1710,0.3125,0.6731061257494162,0,131,4965,24,1955,str('KL'),1,str('tstat'),0.465,56
620,0.26,1592,0.375,0.7109534114042021,0,103,653,46,3078,str('H'),2,str('stdev'),0.656,36
621,0.47,1708,0.7031249999999999,0.6737255838797124,0,106,1889,5,307,str('KL'),3,str('stdev'),0.834,19
622,0.03,1546,0.015624999999999997,0.7264725379046365,0,112,3749,38,4809,str('H'),1,str('tstat'),0.042,100
623,0.23,1582,0.328125,0.7142886657572893,0,114,3303,14,371,str('H'),3,str('tstat'),0.425,10
624,0.21,1464,0.296875,0.7553177829632761,0,90,2494,27,728,str('H'),3,str('tstat'),0.215,80
625,0.24,1607,0.34375,0.7059895827460059,0,115,1219,14,3582,str('KL'),1,str('tstat'),0.295,72
626,0.02,1454,0.0,0.7589454453716129,0,101,4398,49,1543,str('H'),2,str('stdev'),0.58,42
627,0.39,1596,0.578125,0.7096251683481218,0,100,4035,21,177,str('H'),2,str('tstat'),0.482,90
628,0.46,1700,0.6875,0.6762106870479045,0,104,348,42,4699,str('KL'),3,str('stdev'),0.642,21
629,0.6,1035,0.9062499999999999,0.9388305756784878,0,10,1564,0,1928,str('H'),1,str('stdev'),0.851,28
630,0.46,1719,0.6875,0.6703274952029992,0,111,2800,37,3031,str('KL'),3,str('tstat'),0.027,59
631,0.46,1714,0.6875,0.6718693787986016,0,110,2765,7,2047,str('H'),3,str('tstat'),0.258,31
632,0.47,1761,0.7031249999999999,0.6575498858792496,0,125,1618,29,2839,str('KL'),1,str('stdev'),0.62,63
633,0.04,3299,0.03125,0.32521722509456585,0,217,373,15,68,str('H'),1,str('stdev'),0.888,93
634,0.19,1577,0.265625,0.7159642022417837,0,115,3991,48,4901,str('KL'),2,str('tstat'),0.236,24
635,0.48,1628,0.7187499999999999,0.6991174631889419,0,87,4658,15,4985,str('KL'),1,str('tstat'),0.674,65
636,0.1,1553,0.125,0.7240813977663534,0,110,962,48,130,str('H'),2,str('stdev'),0.451,46
637,0.47,2016,0.7031249999999999,0.5859632804343693,0,176,2207,7,2901,str('KL'),2,str('stdev'),0.056,3
638,0.47,1967,0.7031249999999999,0.5989888781611484,0,168,3433,29,2131,str('H'),1,str('tstat'),0.816,84
639,0.25,1642,0.359375,0.6945850926361121,0,112,3619,26,2692,str('H'),3,str('tstat'),0.715,25
640,0.37,2137,0.546875,0.5551068861416202,0,194,2100,52,985,str('KL'),2,str('tstat'),0.094,98
641,0.24,1497,0.34375,0.7435197864261208,0,96,826,13,3131,str('H'),3,str('tstat'),0.416,54
642,0.23,1510,0.328125,0.7389433030940227,0,100,4786,30,1755,str('KL'),1,str('stdev'),0.708,35
643,0.46,2352,0.6875,0.5043569458209072,0,205,4272,4,589,str('KL'),2,str('tstat'),0.353,84
644,0.52,1596,0.78125,0.7096251683481218,0,81,117,39,4527,str('H'),1,str('stdev'),0.521,3
645,0.25,1642,0.359375,0.6945850926361121,0,112,1333,26,2298,str('KL'),3,str('stdev'),0.972,47
646,0.23,1768,0.328125,0.6554499360950181,0,138,3037,44,2735,str('H'),2,str('tstat'),0.156,65
647,0.47,1167,0.7031249999999999,0.87531350927096,0,57,2895,25,1207,str('KL'),1,str('stdev'),0.122,43
648,0.24,1688,0.34375,0.6799603426459279,0,126,1474,45,3836,str('H'),3,str('tstat'),0.75,73
649,0.47,2210,0.7031249999999999,0.5373248182738096,0,198,209,6,1690,str('KL'),1,str('tstat'),0.74,79
650,0.46,1790,0.6875,0.6489037819182943,0,135,4179,37,3436,str('H'),3,str('stdev'),0.386,10
651,0.47,1811,0.7031249999999999,0.6427297628171869,0,139,4842,6,3325,str('H'),2,str('stdev'),0.946,51
652,0.47,1771,0.7031249999999999,0.65455250017113,0,129,794,37,1635,str('KL'),3,str('tstat'),0.178,32
653,0.24,1588,0.34375,0.7122849938555147,0,112,2059,24,3781,str('H'),2,str('tstat'),0.316,14
654,0.26,2203,0.375,0.5390043016685209,0,200,3557,46,1096,str('KL'),1,str('stdev'),0.562,96
655,0.38,1709,0.5625,0.673415764250505,0,108,3143,9,4314,str('KL'),2,str('stdev'),0.912,11
656,0.47,2179,0.7031249999999999,0.5448033009253878,0,196,2230,36,2020,str('H'),2,str('stdev'),0.286,88
657,0.35,1485,0.5156249999999999,0.7477796215158541,0,92,1014,22,4791,str('KL'),2,str('stdev'),0.206,68
658,0.23,1477,0.328125,0.7506386656570117,0,93,4622,41,252,str('H'),3,str('tstat'),0.919,49
659,0.25,1722,0.359375,0.6694045150547603,0,128,3811,13,1469,str('H'),1,str('stdev'),0.019,95
660,0.15,1581,0.203125,0.7146233492698656,0,116,554,50,3491,str('KL'),3,str('tstat'),0.857,13
661,0.47,1835,0.7031249999999999,0.6357607590992017,0,144,1828,8,637,str('H'),2,str('tstat'),0.648,33
662,0.23,1403,0.328125,0.7778431958677708,0,79,2556,28,4240,str('KL'),1,str('stdev'),0.473,52
663,0.24,1537,0.34375,0.7295628090828162,0,105,2588,16,3261,str('KL'),1,str('stdev'),0.767,26
664,0.13,1758,0.171875,0.6584524194251595,0,137,1782,47,1865,str('H'),2,str('tstat'),0.109,58
665,0.47,3223,0.7031249999999999,0.33755757018878507,0,215,527,7,4011,str('KL'),1,str('tstat'),0.399,89
666,0.47,1913,0.7031249999999999,0.6137246965717212,0,157,3862,29,1032,str('H'),3,str('stdev'),0.723,20
667,0.02,1424,0.0,0.7699799411777027,0,89,4453,20,3694,str('KL'),3,str('stdev'),0.825,70
668,0.44,1420,0.65625,0.7714687310294859,0,78,1186,43,1339,str('H'),1,str('tstat'),0.05,38
669,0.46,1719,0.6875,0.6703274952029992,0,111,2451,1,4193,str('KL'),3,str('tstat'),0.445,8
670,0.35,1823,0.5156249999999999,0.6392337986983396,0,145,3169,35,923,str('H'),2,str('stdev'),0.683,77
671,0.24,1475,0.34375,0.75135584469825,0,92,3531,18,3984,str('H'),2,str('stdev'),0.784,17
672,0.48,1568,0.7187499999999999,0.7189935907163583,0,82,1924,31,4928,str('H'),3,str('stdev'),0.573,97
673,0.25,1734,0.359375,0.665728595329564,0,130,698,17,2157,str('KL'),2,str('stdev'),0.934,52
674,0.46,1750,0.6875,0.6608667216844977,0,124,4941,53,2969,str('H'),1,str('tstat'),0.188,34
675,0.47,1234,0.7031249999999999,0.845771391331706,0,67,4127,25,4064,str('H'),1,str('stdev'),0.87,85
676,0.23,1598,0.328125,0.708962293867317,0,116,235,45,813,str('KL'),3,str('tstat'),0.002,4
677,0.41,1789,0.6093749999999999,0.6491995856908686,0,137,1519,3,3667,str('H'),2,str('tstat'),0.491,49
678,0.07,1498,0.078125,0.7431663418744473,0,102,2862,40,1293,str('KL'),3,str('stdev'),0.635,67
679,0.46,1856,0.6875,0.6297372067859254,0,151,3084,5,4764,str('H'),2,str('tstat'),0.603,41
680,0.02,1466,0.0,0.7545952226315248,0,102,1301,38,205,str('KL'),1,str('stdev'),0.271,72
681,0.25,1517,0.359375,0.7364953248257237,0,96,66,23,2976,str('H'),3,str('stdev'),0.223,77
682,0.14,1568,0.1875,0.7189935907163583,0,113,4299,47,1910,str('KL'),2,str('tstat'),0.905,9
683,0.09,1527,0.10937499999999999,0.7330177244064439,0,106,4890,11,4533,str('H'),3,str('tstat'),0.554,58
684,0.45,1583,0.671875,0.7139541936015399,0,88,725,32,343,str('KL'),2,str('stdev'),0.323,28
685,0.23,1649,0.328125,0.6923333695438019,0,121,1970,19,2572,str('H'),1,str('stdev'),0.185,22
686,0.29,1683,0.42187499999999994,0.681530568050515,0,108,3665,51,2387,str('KL'),3,str('tstat'),0.937,91
687,0.64,1176,0.96875,0.8712480481418257,0,56,3387,0,3106,str('KL'),1,str('tstat'),0.587,6
688,0.24,1570,0.34375,0.7183188942671211,0,110,2419,41,3306,str('KL'),3,str('tstat'),0.798,83
689,0.47,1636,0.7031249999999999,0.6965227898255841,0,93,1135,1,1160,str('H'),3,str('tstat'),0.694,64
690,0.39,1736,0.578125,0.6651184148000615,0,120,4480,35,3809,str('KL'),2,str('stdev'),0.434,44
691,0.46,2076,0.6875,0.5704378901412244,0,187,3963,9,2599,str('KL'),2,str('tstat'),0.508,99
692,0.21,1478,0.296875,0.7502804399815175,0,94,423,27,2434,str('H'),1,str('stdev'),0.371,18
693,0.25,1730,0.359375,0.666951069365718,0,129,1649,14,4663,str('KL'),3,str('stdev'),0.139,38
694,0.13,1808,0.171875,0.6436073713709736,0,145,2718,49,453,str('H'),1,str('tstat'),0.985,57
695,0.48,1785,0.7187499999999999,0.6503844556280505,0,110,2714,4,2545,str('KL'),3,str('tstat'),0.671,89
696,0.16,1725,0.21875000000000003,0.6684831405556038,0,133,1674,39,2420,str('H'),1,str('stdev'),0.455,21
697,0.48,1713,0.7187499999999999,0.6721782949001132,0,97,399,26,4571,str('KL'),3,str('stdev'),0.037,26
698,0.24,2213,0.34375,0.5366066667861156,0,201,3968,44,321,str('H'),3,str('tstat'),0.836,57
699,0.48,2091,0.7187499999999999,0.5666266241792566,0,139,4572,3,2251,str('H'),1,str('tstat'),0.337,75
700,0.47,1644,0.7031249999999999,0.6939407657427441,0,94,1042,33,2708,str('KL'),2,str('stdev'),0.535,43
701,0.37,1893,0.546875,0.6192881578221372,0,158,2277,21,479,str('H'),1,str('stdev'),0.955,12
702,0.47,1740,0.7031249999999999,0.6639001586193969,0,120,3356,42,4397,str('KL'),3,str('tstat'),0.171,81
703,0.25,1674,0.359375,0.6843687586882679,0,119,3696,12,115,str('KL'),1,str('tstat'),0.304,16
704,0.41,1361,0.6093749999999999,0.7939288421312818,0,76,2127,43,4237,str('H'),2,str('tstat'),0.99,34
705,0.47,2204,0.7031249999999999,0.5387640491622339,0,197,882,2,1461,str('KL'),2,str('tstat'),0.5,15
706,0.48,1632,0.7187499999999999,0.6978185376058802,0,89,4735,34,3504,str('H'),1,str('stdev'),0.372,96
707,0.47,1784,0.7031249999999999,0.6506810877506333,0,132,4333,6,4779,str('H'),3,str('tstat'),0.688,48
708,0.22,1726,0.3125,0.6681763715687321,0,132,51,30,259,str('KL'),2,str('stdev'),0.434,67
709,0.25,1829,0.359375,0.6374944321399006,0,148,1315,15,3108,str('H'),2,str('stdev'),0.074,86
710,0.33,1723,0.484375,0.6690972120922506,0,114,3049,48,2003,str('KL'),1,str('tstat'),0.803,5
711,0.24,1665,0.34375,0.6872222404598028,0,124,2877,13,4205,str('H'),2,str('stdev'),0.957,79
712,0.15,1494,0.203125,0.7445815374820506,0,97,1486,50,915,str('KL'),1,str('tstat'),0.166,9
713,0.47,1891,0.7031249999999999,0.6198477317157391,0,153,270,8,3691,str('H'),1,str('tstat'),0.343,40
714,0.02,1445,0.0,0.7622317225603048,0,97,4113,28,1356,str('KL'),2,str('stdev'),0.535,71
715,0.21,1635,0.296875,0.6968464297018491,0,121,4760,19,746,str('KL'),3,str('stdev'),0.035,60
716,0.45,1897,0.671875,0.6181707805278925,0,157,878,51,4369,str('H'),1,str('tstat'),0.843,29
717,0.25,1719,0.359375,0.6703274952029992,0,127,2133,10,1515,str('KL'),1,str('tstat'),0.665,24
718,0.47,2005,0.7031249999999999,0.5888596351797326,0,175,3486,32,3517,str('H'),2,str('stdev'),0.459,92
719,0.26,2118,0.375,0.5598347052634897,0,192,3215,23,1580,str('H'),1,str('stdev'),0.076,2
720,0.47,1771,0.7031249999999999,0.65455250017113,0,129,2291,32,2772,str('KL'),3,str('stdev'),0.638,45
721,0.4,1446,0.59375,0.7618655720852816,0,84,1026,20,621,str('H'),1,str('stdev'),0.87,1
722,0.26,1613,0.375,0.7040170045216132,0,106,3837,24,3157,str('KL'),1,str('stdev'),0.932,37
723,0.26,1596,0.375,0.7096251683481218,0,104,532,46,1724,str('H'),3,str('tstat'),0.196,55
724,0.43,1727,0.640625,0.6678697801616023,0,116,1777,5,3948,str('KL'),3,str('tstat'),0.299,100
725,0.47,1740,0.7031249999999999,0.6639001586193969,0,120,2612,37,1007,str('H'),3,str('stdev'),0.576,19
726,0.47,1390,0.7031249999999999,0.7827700838709545,0,75,2562,25,1492,str('H'),2,str('stdev'),0.184,94
727,0.48,1818,0.7187499999999999,0.6406876471023858,0,116,1804,45,3555,str('KL'),1,str('tstat'),0.944,25
728,0.47,1787,0.7031249999999999,0.6497916893199227,0,133,579,3,779,str('H'),1,str('tstat'),0.548,31
729,0.47,1781,0.7031249999999999,0.6515719822265076,0,131,3806,40,4342,str('KL'),2,str('stdev'),0.326,62
730,0.26,2059,0.375,0.5747907417619614,0,186,4637,12,3002,str('KL'),2,str('tstat'),0.736,8
731,0.24,1455,0.34375,0.7585815589670366,0,88,4466,18,1711,str('H'),3,str('stdev'),0.224,12
732,0.41,2229,0.6093749999999999,0.5327928851153113,0,202,1170,52,3400,str('KL'),2,str('tstat'),0.898,80
733,0.23,1677,0.328125,0.683421004231322,0,126,2386,13,1176,str('H'),1,str('tstat'),0.607,75
734,0.23,1580,0.328125,0.7149582444065541,0,113,3230,30,3862,str('KL'),2,str('stdev'),0.269,44
735,0.39,1463,0.578125,0.7556794331248369,0,88,3509,21,655,str('KL'),3,str('stdev'),0.136,53
736,0.4,1474,0.59375,0.7517147987214967,0,90,720,21,2596,str('H'),2,str('stdev'),0.022,16
737,0.43,1696,0.640625,0.677457624977672,0,104,4914,42,2451,str('KL'),3,str('tstat'),0.852,98
738,0.22,1560,0.3125,0.7217010043615826,0,108,4144,16,1144,str('KL'),2,str('stdev'),0.209,46
739,0.21,1698,0.296875,0.6768337890503933,0,129,223,47,3810,str('H'),3,str('tstat'),0.915,65
740,0.46,2349,0.6875,0.505032646496473,0,204,1458,8,1586,str('KL'),1,str('tstat'),0.593,85
741,0.02,1467,0.0,0.7542343117889205,0,103,2928,28,3295,str('H'),1,str('stdev'),0.285,3
742,0.46,1660,0.6875,0.6888141762571245,0,98,3023,9,497,str('KL'),3,str('tstat'),0.438,80
743,0.21,1434,0.296875,0.7662761733496811,0,85,1368,27,4394,str('H'),2,str('stdev'),0.684,11
744,0.24,1483,0.34375,0.748492936965127,0,93,83,14,2243,str('KL'),1,str('stdev'),0.823,41
745,0.17,1508,0.23437500000000003,0.7396448086813816,0,102,4288,49,2721,str('H'),2,str('tstat'),0.054,73
746,0.25,1533,0.359375,0.7309420719483019,0,102,4782,23,3999,str('H'),3,str('stdev'),0.884,21
747,0.63,1143,0.953125,0.8863098206827413,0,48,4947,0,51,str('KL'),2,str('tstat'),0.406,23
748,0.5,1825,0.75,0.6386533749240559,0,85,674,36,4903,str('H'),1,str('stdev'),0.722,92
749,0.35,1474,0.5156249999999999,0.7517147987214967,0,91,1949,22,2054,str('KL'),1,str('stdev'),0.771,61
750,0.24,1438,0.34375,0.7648018880803437,0,86,3692,41,2827,str('H'),2,str('tstat'),0.104,30
751,0.1,1575,0.125,0.7166359038423118,0,115,3321,11,2275,str('H'),2,str('tstat'),0.486,64
752,0.27,1718,0.390625,0.6706355130314116,0,112,1201,10,4101,str('KL'),3,str('tstat'),0.358,6
753,0.48,2302,0.7187499999999999,0.5157327405397794,0,152,4418,33,791,str('H'),1,str('stdev'),0.518,87
754,0.48,1782,0.7187499999999999,0.6512748508632996,0,109,4015,5,2179,str('H'),1,str('tstat'),0.421,32
755,0.03,1578,0.015624999999999997,0.7156286706239561,0,117,367,38,2932,str('KL'),2,str('stdev'),0.705,51
756,0.18,3210,0.25,0.33969751912433865,0,216,1622,24,83,str('H'),2,str('stdev'),0.786,95
757,0.48,1713,0.7187499999999999,0.6721782949001132,0,97,2740,46,4954,str('KL'),1,str('tstat'),0.087,15
758,0.05,2194,0.046875,0.5411714925846831,0,200,2786,16,279,str('H'),1,str('tstat'),0.317,99
759,0.46,2328,0.6875,0.5097868436083364,0,202,1599,53,4841,str('KL'),3,str('stdev'),0.555,17
760,0.1,1530,0.125,0.73197888136461,0,108,315,11,1992,str('H'),2,str('stdev'),0.951,35
761,0.43,1671,0.640625,0.6853182121382773,0,102,4050,32,3055,str('KL'),3,str('tstat'),0.175,54
762,0.48,2727,0.7187499999999999,0.42603553445965636,0,166,4394,4,4289,str('KL'),1,str('stdev'),0.763,2
763,0.47,1399,0.7031249999999999,0.7793542857402315,0,76,980,31,1879,str('H'),3,str('stdev'),0.388,76
764,0.25,1752,0.359375,0.660262113581138,0,135,2264,17,4728,str('KL'),1,str('stdev'),0.122,70
765,0.43,1609,0.640625,0.7053312400372166,0,92,3373,53,227,str('H'),3,str('tstat'),0.757,39
766,0.47,1834,0.7031249999999999,0.6360493108039843,0,143,3640,2,4675,str('H'),2,str('tstat'),0.656,55
767,0.14,1482,0.1875,0.7488499552739118,0,97,1975,34,445,str('KL'),3,str('stdev'),0.472,36
768,0.47,1873,0.7031249999999999,0.6249106802742335,0,151,957,5,2887,str('KL'),1,str('stdev'),0.143,10
769,0.02,1513,0.0,0.7378927837922045,0,110,4682,38,2077,str('H'),2,str('tstat'),0.981,79
770,0.25,1648,0.359375,0.6926544587570475,0,114,3751,10,892,str('H'),3,str('stdev'),0.08,27
771,0.48,1824,0.7187499999999999,0.6389435073010875,0,119,611,33,4146,str('KL'),1,str('tstat'),0.794,59
772,0.21,1510,0.296875,0.7389433030940227,0,102,1846,19,1370,str('H'),3,str('tstat'),0.714,91
773,0.28,2520,0.40625,0.4678307993206672,0,211,2535,51,3741,str('KL'),2,str('stdev'),0.414,22
774,0.24,1718,0.34375,0.6706355130314116,0,129,2645,13,3758,str('KL'),3,str('stdev'),0.829,97
775,0.23,1511,0.328125,0.7385928984229373,0,101,1723,30,1133,str('H'),1,str('tstat'),0.046,16
776,0.25,1734,0.359375,0.665728595329564,0,130,507,18,3357,str('KL'),3,str('tstat'),0.464,34
777,0.37,1655,0.546875,0.6904109113857855,0,102,3881,52,1607,str('H'),2,str('stdev'),0.663,53
778,0.25,1746,0.359375,0.6620780124149296,0,132,4553,26,424,str('H'),2,str('tstat'),0.277,4
779,0.08,1839,0.09375,0.6346081217758821,0,149,851,40,1039,str('KL'),2,str('tstat'),0.242,90
780,0.47,1761,0.7031249999999999,0.6575498858792496,0,125,2077,1,3263,str('H'),3,str('tstat'),0.251,60
781,0.38,1663,0.5625,0.6878584407057016,0,103,3536,35,1848,str('KL'),2,str('stdev'),0.621,28
782,0.25,1454,0.359375,0.7589454453716129,0,87,3203,18,3640,str('KL'),3,str('stdev'),0.972,69
783,0.42,1689,0.6249999999999999,0.6796468554269339,0,103,2436,52,1325,str('H'),2,str('tstat'),0.15,50
784,0.44,1575,0.65625,0.7166359038423118,0,88,638,7,174,str('KL'),3,str('stdev'),0.999,20
785,0.44,1663,0.65625,0.6878584407057016,0,101,4998,29,4717,str('H'),2,str('tstat'),0.129,88
786,0.45,1698,0.671875,0.6768337890503933,0,104,4070,1,3566,str('H'),3,str('stdev'),0.811,43
787,0.38,1918,0.5625,0.61234291483042,0,161,295,35,1545,str('KL'),1,str('tstat'),0.067,74
788,0.4,1917,0.59375,0.6126189829320715,0,160,1540,20,4321,str('H'),1,str('tstat'),0.427,81
789,0.44,1379,0.65625,0.7869750883129837,0,76,2844,43,717,str('KL'),2,str('stdev'),0.697,13
790,0.35,2136,0.5156249999999999,0.5553546693700118,0,194,3102,22,2919,str('H'),1,str('tstat'),0.542,83
791,0.24,1433,0.34375,0.7666453867776881,0,84,1281,41,2128,str('KL'),3,str('stdev'),0.334,2
792,0.61,1477,0.9218749999999999,0.7506386656570117,0,75,7,0,4977,str('H'),2,str('stdev'),0.157,45
793,0.48,3346,0.7187499999999999,0.31772712820927584,0,170,4357,36,143,str('KL'),1,str('tstat'),0.964,63
794,0.48,2120,0.7187499999999999,0.559335048017916,0,142,4702,8,1265,str('KL'),1,str('stdev'),0.095,18
795,0.16,1443,0.21875000000000003,0.7629647837721787,0,87,1244,39,665,str('H'),3,str('tstat'),0.113,84
796,0.43,1148,0.640625,0.8840000191979281,0,51,2470,25,3441,str('KL'),2,str('tstat'),0.38,66
797,0.24,1694,0.34375,0.678082196560696,0,127,3148,44,1440,str('H'),1,str('stdev'),0.742,47
798,0.48,1572,0.7187499999999999,0.7176450562105451,0,83,3408,23,4853,str('KL'),3,str('tstat'),0.527,74
799,0.24,2558,0.34375,0.45990695374609314,0,212,2212,46,38,str('H'),1,str('stdev'),0.351,42
800,0.48,1146,0.7187499999999999,0.8849227313494725,0,50,1114,25,1835,str('H'),1,str('tstat'),0.629,8
801,0.25,1664,0.359375,0.6875402450571839,0,118,4498,45,3212,str('KL'),3,str('stdev'),0.493,78
802,0.22,1550,0.3125,0.7251048505312507,0,107,3945,19,4444,str('KL'),3,str('tstat'),0.567,29
803,0.27,1739,0.390625,0.6642044600589813,0,122,444,51,510,str('H'),3,str('stdev'),0.305,60
804,0.1,1576,0.125,0.7162999465579567,0,116,1709,11,2661,str('KL'),2,str('stdev'),0.202,93
805,0.46,1712,0.6875,0.6724873912853249,0,108,2661,32,2220,str('H'),3,str('tstat'),0.923,23
806,0.1,1742,0.125,0.6632920797454527,0,135,2669,11,1118,str('KL'),2,str('tstat'),0.809,1
807,0.48,2131,0.7187499999999999,0.5565953273302153,0,143,1717,32,3763,str('H'),1,str('stdev'),0.065,82
808,0.23,1636,0.328125,0.6965227898255841,0,120,433,19,1612,str('KL'),1,str('stdev'),0.429,64
809,0.3,1699,0.43749999999999994,0.6765221464164964,0,108,3934,51,3343,str('H'),3,str('tstat'),0.699,45
810,0.43,1163,0.640625,0.8771304463565496,0,56,4509,25,4628,str('H'),2,str('stdev'),0.367,100
811,0.25,1749,0.359375,0.6611692847552952,0,134,1062,44,4613,str('KL'),1,str('stdev'),0.601,86
812,0.43,1711,0.640625,0.6727966681647859,0,108,2336,4,2463,str('H'),3,str('stdev'),0.892,67
813,0.17,1514,0.23437500000000003,0.7375430732208809,0,104,3298,39,2649,str('KL'),1,str('tstat'),0.232,48
814,0.24,1641,0.34375,0.6949075502661805,0,120,3714,15,1941,str('KL'),2,str('tstat'),0.365,58
815,0.48,1543,0.7187499999999999,0.7275006261750938,0,80,1903,48,3023,str('H'),1,str('stdev'),0.509,27
816,0.02,1702,0.0,0.675588317245352,0,133,4692,28,160,str('H'),2,str('stdev'),0.234,10
817,0.64,1218,0.96875,0.8526779164650773,0,62,4368,0,1560,str('H'),1,str('tstat'),0.831,61
818,0.49,2522,0.7343749999999999,0.46741078610196485,0,93,17,36,3561,str('KL'),3,str('stdev'),0.047,30
819,0.02,1434,0.0,0.7662761733496811,0,95,1272,22,712,str('H'),1,str('stdev'),0.462,23
820,0.24,1464,0.34375,0.7553177829632761,0,89,3093,41,4336,str('KL'),1,str('tstat'),0.662,91
821,0.39,2136,0.578125,0.5553546693700118,0,193,2833,20,2114,str('H'),3,str('stdev'),0.569,15
822,0.45,1594,0.671875,0.7102888734989194,0,89,1529,43,2923,str('KL'),2,str('tstat'),0.307,96
823,0.45,1869,0.671875,0.626042382929236,0,152,303,1,148,str('H'),1,str('tstat'),0.201,53
824,0.48,1715,0.7187499999999999,0.6715606427706069,0,98,4078,35,4963,str('KL'),3,str('stdev'),0.921,35
825,0.38,1832,0.5625,0.6366268862603801,0,147,4990,7,3631,str('KL'),3,str('tstat'),0.013,86
826,0.45,1678,0.671875,0.6831054625830093,0,100,630,29,1260,str('H'),1,str('stdev'),0.859,5
827,0.02,1452,0.0,0.759673969064234,0,100,938,28,3616,str('H'),2,str('tstat'),0.777,99
828,0.24,1499,0.34375,0.7428131330310619,0,97,2153,13,840,str('KL'),2,str('tstat'),0.728,56
829,0.16,1660,0.21875000000000003,0.6888141762571245,0,126,3467,50,4114,str('H'),3,str('stdev'),0.398,38
830,0.47,1924,0.7031249999999999,0.6106895212680352,0,160,3272,6,1062,str('H'),3,str('stdev'),0.015,72
831,0.47,2399,0.7031249999999999,0.4938819895667621,0,206,2359,37,4059,str('KL'),2,str('tstat'),0.861,41
832,0.24,1637,0.34375,0.6961993475920037,0,119,4562,44,1820,str('KL'),1,str('tstat'),0.395,20
833,0.02,1513,0.0,0.7378927837922045,0,110,3872,18,525,str('KL'),1,str('stdev'),0.54,75
834,0.41,1740,0.6093749999999999,0.6639001586193969,0,121,498,52,4439,str('H'),2,str('tstat'),0.333,44
835,0.24,1532,0.34375,0.7312874496201606,0,102,1733,13,2215,str('KL'),3,str('tstat'),0.16,12
836,0.25,1680,0.359375,0.6824749426977962,0,120,2656,30,2676,str('H'),1,str('stdev'),0.966,81
837,0.23,1487,0.328125,0.7470672654689547,0,94,2527,19,4827,str('H'),3,str('stdev'),0.29,5
838,0.3,2928,0.43749999999999994,0.3883824327267623,0,215,1838,51,284,str('KL'),1,str('tstat'),0.582,87
839,0.26,1699,0.375,0.6765221464164964,0,115,622,10,3060,str('H'),2,str('tstat'),0.908,69
840,0.47,1662,0.7031249999999999,0.6881768276350534,0,96,3762,33,1978,str('KL'),3,str('stdev'),0.218,50
841,0.47,1713,0.7031249999999999,0.6721782949001132,0,108,4671,5,680,str('KL'),3,str('tstat'),0.845,96
842,0.48,1470,0.7187499999999999,0.7531530525341176,0,78,945,38,4284,str('H'),1,str('stdev'),0.031,14
843,0.25,1652,0.359375,0.6913712682056226,0,115,1125,45,420,str('KL'),3,str('tstat'),0.511,19
844,0.48,2015,0.7187499999999999,0.5862259318858352,0,136,2351,6,2644,str('H'),1,str('tstat'),0.997,37
845,0.47,1720,0.7031249999999999,0.6700196564026868,0,110,3264,37,2477,str('KL'),3,str('stdev'),0.127,56
846,0.25,1526,0.359375,0.7333644587173725,0,100,3476,13,3009,str('KL'),1,str('stdev'),0.276,40
847,0.15,1600,0.203125,0.7083002479798293,0,119,2162,50,1946,str('H'),3,str('tstat'),0.599,71
848,0.47,1584,0.7031249999999999,0.7136199325358368,0,86,4880,49,3868,str('KL'),1,str('tstat'),0.744,11
849,0.34,1596,0.5,0.7096251683481218,0,102,4189,22,2539,str('KL'),3,str('stdev'),0.32,59
850,0.24,1436,0.34375,0.765538517741545,0,85,180,41,2352,str('H'),2,str('tstat'),0.557,28
851,0.63,1324,0.953125,0.8085159611831555,0,71,1425,0,4576,str('KL'),3,str('tstat'),0.949,22
852,0.45,2857,0.671875,0.4013791800842639,0,214,2963,36,388,str('H'),1,str('stdev'),0.173,90
853,0.43,1946,0.640625,0.6046708583070386,0,167,2988,3,3166,str('KL'),2,str('tstat'),0.082,17
854,0.18,1565,0.25,0.7200072496688852,0,111,1401,34,1789,str('H'),3,str('stdev'),0.796,98
855,0.38,1437,0.5625,0.7651700748459719,0,83,127,21,3940,str('KL'),1,str('stdev'),0.712,55
856,0.41,1666,0.6093749999999999,0.6869044266842733,0,102,4243,42,942,str('H'),2,str('tstat'),0.412,36
857,0.23,1900,0.328125,0.6173342918448914,0,160,4815,16,2340,str('H'),2,str('stdev'),0.525,84
858,0.23,2257,0.328125,0.5261841425296794,0,204,816,47,2781,str('KL'),1,str('tstat'),0.349,4
859,0.24,1908,0.34375,0.615110092708301,0,162,1914,15,4109,str('KL'),2,str('stdev'),0.631,48
860,0.17,1481,0.23437500000000003,0.7492072144045082,0,95,3725,48,855,str('H'),3,str('tstat'),0.495,66
861,0.41,1701,0.6093749999999999,0.6758994107292017,0,106,3288,4,4044,str('H'),3,str('tstat'),0.097,26
862,0.15,1469,0.203125,0.7535132270743683,0,91,2326,39,1066,str('KL'),2,str('stdev'),0.78,57
863,0.26,1806,0.375,0.6441932526707913,0,141,1071,26,3217,str('H'),2,str('stdev'),0.726,89
864,0.15,1900,0.203125,0.6173342918448914,0,161,4385,39,2873,str('H'),3,str('stdev'),0.875,25
865,0.1,1673,0.125,0.6846850540939219,0,128,4059,11,4160,str('H'),1,str('tstat'),0.06,70
866,0.45,1508,0.671875,0.7396448086813816,0,80,324,31,887,str('KL'),3,str('stdev'),0.814,39
867,0.48,1867,0.7187499999999999,0.6266091423637652,0,125,1588,16,3736,str('H'),3,str('stdev'),0.679,7
868,0.44,2578,0.65625,0.45578364260494153,0,212,2775,53,1384,str('KL'),2,str('tstat'),0.449,76
869,0.48,2113,0.7187499999999999,0.5610859145414198,0,140,2751,24,3540,str('H'),1,str('tstat'),0.211,11
870,0.26,2002,0.375,0.5896523067784689,0,175,1633,46,1497,str('KL'),1,str('stdev'),0.917,79
871,0.47,2419,0.7031249999999999,0.48948663951944027,0,208,358,5,4346,str('H'),3,str('stdev'),0.591,73
872,0.02,1843,0.0,0.6334579874671766,0,151,4006,38,764,str('KL'),2,str('tstat'),0.283,42
873,0.25,1998,0.359375,0.5907110510411305,0,175,4427,10,1893,str('KL'),3,str('stdev'),0.654,90
874,0.47,2033,0.7031249999999999,0.5815180196334978,0,179,1210,33,2997,str('H'),3,str('tstat'),0.47,22
875,0.25,1552,0.359375,0.7244223289921763,0,104,2220,23,1435,str('KL'),2,str('stdev'),0.477,32
876,0.23,1517,0.328125,0.7364953248257237,0,102,3416,47,3456,str('H'),1,str('tstat'),0.645,51
877,0.47,1801,0.7031249999999999,0.645660797641392,0,137,3596,9,1644,str('H'),1,str('tstat'),0.761,42
878,0.21,1651,0.296875,0.6916917745034682,0,125,2019,27,3394,str('KL'),2,str('stdev'),0.111,73
879,0.24,1561,0.34375,0.7213618198216347,0,107,754,15,1243,str('H'),3,str('stdev'),0.381,80
880,0.07,1546,0.078125,0.7264725379046365,0,111,4773,40,2581,str('KL'),2,str('stdev'),0.754,6
881,0.24,1603,0.34375,0.7073087282374693,0,114,4296,14,3825,str('KL'),2,str('tstat'),0.181,52
882,0.02,1663,0.0,0.6878584407057016,0,129,92,49,1139,str('H'),1,str('stdev'),0.942,33
883,0.47,2056,0.7031249999999999,0.575562619441976,0,183,1356,9,3290,str('KL'),3,str('stdev'),0.55,13
884,0.21,1961,0.296875,0.6006060905352917,0,170,3012,27,1601,str('H'),2,str('tstat'),0.328,95
885,0.33,1937,0.484375,0.6071247776359391,0,164,2919,8,4380,str('KL'),1,str('stdev'),0.419,24
886,0.47,2566,0.7031249999999999,0.4582537752176846,0,211,1450,29,502,str('H'),2,str('tstat'),0.703,93
887,0.22,1621,0.3125,0.7013982766104792,0,119,234,16,2726,str('KL'),2,str('tstat'),0.787,63
888,0.23,1634,0.328125,0.6971702674624893,0,119,4155,47,2229,str('H'),3,str('stdev'),0.089,31
889,0.4,1937,0.59375,0.6071247776359391,0,163,4903,21,1053,str('H'),1,str('tstat'),0.974,77
890,0.46,1643,0.6875,0.6942628312078386,0,96,709,42,3995,str('KL'),3,str('stdev'),0.152,8
891,0.45,1754,0.671875,0.6596581948828346,0,127,2032,7,557,str('H'),1,str('tstat'),0.145,46
892,0.4,1518,0.59375,0.7361465354545226,0,96,3580,29,4491,str('KL'),3,str('stdev'),0.983,65
893,0.22,1709,0.3125,0.673415764250505,0,130,3159,26,23,str('KL'),1,str('stdev'),0.617,30
894,0.47,2144,0.7031249999999999,0.5533756417856707,0,193,2480,44,4858,str('H'),3,str('tstat'),0.262,62
895,0.45,2216,0.671875,0.5358894877448772,0,200,1235,4,2082,str('KL'),1,str('tstat'),0.249,94
896,0.45,1814,0.671875,0.6418536060565418,0,142,4649,31,4086,str('H'),3,str('tstat'),0.624,18
897,0.42,2067,0.6249999999999999,0.572737883994149,0,186,3795,3,2947,str('H'),1,str('stdev'),0.44,66
898,0.08,1626,0.09375,0.699768122534935,0,123,568,40,2174,str('KL'),1,str('tstat'),0.685,47
899,0.47,1534,0.7031249999999999,0.7305969193515138,0,82,1813,25,4950,str('H'),2,str('tstat'),0.82,2
900,0.24,1999,0.34375,0.5904461664939602,0,176,2569,45,98,str('KL'),3,str('stdev'),0.052,83
901,0.46,1830,0.6875,0.6372050922577923,0,145,2601,6,2405,str('KL'),1,str('stdev'),0.69,9
902,0.48,1781,0.7187499999999999,0.6515719822265076,0,108,1766,37,2550,str('H'),2,str('tstat'),0.436,77
903,0.2,1614,0.28125,0.7036889545631373,0,120,541,24,326,str('KL'),2,str('tstat'),0.072,72
904,0.26,1558,0.375,0.7223800257892393,0,102,3846,46,4556,str('H'),3,str('stdev'),0.8,41
905,0.39,1697,0.578125,0.677145615165393,0,106,4597,20,3415,str('H'),1,str('tstat'),0.134,92
906,0.16,1669,0.21875000000000003,0.6859521280021368,0,127,1018,50,1706,str('KL'),2,str('stdev'),0.988,24
907,0.02,1542,0.0,0.727843766220156,0,116,2425,18,222,str('KL'),3,str('tstat'),0.024,28
908,0.48,1860,0.7187499999999999,0.628597590120257,0,124,3192,51,4743,str('H'),1,str('stdev'),0.854,59
909,0.47,2076,0.7031249999999999,0.5704378901412244,0,186,3548,1,430,str('H'),2,str('stdev'),0.737,49
910,0.48,1785,0.7187499999999999,0.6503844556280505,0,110,2088,35,4680,str('KL'),1,str('tstat'),0.39,68
911,0.25,1661,0.359375,0.6884954060753516,0,117,843,23,2456,str('H'),1,str('tstat'),0.12,88
912,0.48,1770,0.7187499999999999,0.6548514765499566,0,104,4955,36,1446,str('H'),3,str('tstat'),0.267,1
913,0.46,1910,0.6875,0.6145554993162372,0,157,4104,9,273,str('H'),2,str('stdev'),0.668,57
914,0.02,1431,0.0,0.7673845866758047,0,93,262,28,4775,str('KL'),3,str('tstat'),0.453,37
915,0.22,1469,0.3125,0.7535132270743683,0,90,1497,14,1999,str('H'),2,str('tstat'),0.039,18
916,0.15,1635,0.203125,0.6968464297018491,0,124,2889,50,3122,str('KL'),3,str('stdev'),0.837,100
917,0.23,1500,0.328125,0.7424601595817916,0,98,3057,15,900,str('H'),3,str('tstat'),0.93,19
918,0.5,1557,0.75,0.7227198632349874,0,78,1324,48,4210,str('KL'),2,str('stdev'),0.194,88
919,0.47,1765,0.7031249999999999,0.6563488952489278,0,128,40,6,1361,str('H'),3,str('stdev'),0.3,58
920,0.25,1654,0.359375,0.6907308368808814,0,116,4322,30,3676,str('KL'),1,str('tstat'),0.578,27
921,0.48,1955,0.7187499999999999,0.6022282560944232,0,132,4746,2,4918,str('KL'),1,str('stdev'),0.488,82
922,0.02,1515,0.0,0.7371935934054771,0,111,893,34,46,str('H'),2,str('tstat'),0.639,12
923,0.47,2252,0.7031249999999999,0.5273582433009564,0,199,1983,2,1844,str('H'),2,str('stdev'),0.356,38
924,0.14,1499,0.1875,0.7428131330310619,0,100,3648,34,3277,str('KL'),1,str('tstat'),0.516,70
925,0.25,1800,0.359375,0.6459547952293057,0,142,3365,17,1310,str('KL'),2,str('tstat'),0.882,35
926,0.46,2469,0.6875,0.4786552468824703,0,210,2256,53,3645,str('H'),3,str('stdev'),0.239,54
927,0.25,2236,0.359375,0.5311329524885293,0,203,992,12,796,str('KL'),2,str('stdev'),0.253,98
928,0.37,1929,0.546875,0.6093156251901575,0,162,4454,52,607,str('KL'),2,str('stdev'),0.106,16
929,0.26,1620,0.375,0.7017249103803306,0,107,3980,26,1738,str('KL'),3,str('tstat'),0.959,67
930,0.48,1724,0.7187499999999999,0.6687900873280475,0,100,410,44,3152,str('H'),1,str('stdev'),0.168,49
931,0.48,2042,0.7187499999999999,0.5791796642191473,0,137,1665,4,1002,str('KL'),1,str('stdev'),0.341,4
932,0.16,1748,0.21875000000000003,0.6614720207686973,0,135,2705,39,3963,str('H'),2,str('tstat'),0.533,85
933,0.24,1506,0.34375,0.7403472446477763,0,98,2729,14,1870,str('KL'),3,str('tstat'),0.873,71
934,0.14,1488,0.1875,0.7467114464155802,0,98,1660,49,3246,str('H'),2,str('stdev'),0.004,40
935,0.45,1915,0.671875,0.6131715512044434,0,159,415,9,1017,str('KL'),2,str('stdev'),0.488,9
936,0.22,1643,0.3125,0.6942628312078386,0,123,3955,27,4016,str('H'),1,str('tstat'),0.634,78
937,0.48,1879,0.7187499999999999,0.6232176474814091,0,126,4488,1,2704,str('H'),1,str('stdev'),0.302,29
938,0.49,1775,0.7343749999999999,0.6533582795050185,0,85,1143,36,2266,str('KL'),2,str('tstat'),0.57,61
939,0.1,1712,0.125,0.6724873912853249,0,133,2302,11,3857,str('H'),2,str('stdev'),0.502,29
940,0.45,1564,0.671875,0.7203455675603168,0,87,3332,32,1190,str('KL'),3,str('tstat'),0.374,60
941,0.35,1418,0.5156249999999999,0.7722146982528408,0,81,3680,22,4222,str('KL'),2,str('tstat'),0.225,45
942,0.02,1478,0.0,0.7502804399815175,0,107,1937,41,660,str('H'),1,str('stdev'),0.9,64
943,0.54,1326,0.8125,0.8077171124027099,0,73,683,0,3509,str('KL'),2,str('stdev'),0.606,83
944,0.29,1797,0.42187499999999994,0.646837768439136,0,140,4751,51,2162,str('H'),1,str('stdev'),0.169,64
945,0.24,1547,0.34375,0.7261302848129028,0,106,4308,23,808,str('H'),3,str('tstat'),0.766,19
946,0.23,1588,0.328125,0.7122849938555147,0,115,75,47,4078,str('KL'),1,str('stdev'),0.107,100
947,0.43,1903,0.640625,0.6164991221984679,0,159,1291,5,1307,str('H'),2,str('stdev'),0.401,55
948,0.04,1458,0.03125,0.7574913973999309,0,91,3073,38,3662,str('KL'),1,str('tstat'),0.725,37
949,0.47,2084,0.7031249999999999,0.5684018025167881,0,189,4832,1,2191,str('KL'),1,str('tstat'),0.013,86
950,0.02,1520,0.0,0.7354496450368379,0,112,1208,28,2862,str('H'),3,str('stdev'),0.742,42
951,0.23,2128,0.328125,0.5573411194849316,0,193,2269,17,511,str('KL'),2,str('stdev'),0.953,14
952,0.27,1703,0.390625,0.675277406381697,0,109,3723,45,4853,str('H'),3,str('tstat'),0.293,58
953,0.43,1083,0.640625,0.9148429301167347,0,30,2835,25,3413,str('H'),3,str('stdev'),0.756,28
954,0.42,2080,0.6249999999999999,0.5694188679105161,0,189,1791,52,1503,str('KL'),2,str('tstat'),0.497,96
955,0.39,1380,0.578125,0.786591432634471,0,77,2119,20,2822,str('KL'),3,str('tstat'),0.868,43
956,0.44,1546,0.65625,0.7264725379046365,0,83,3500,43,2069,str('H'),2,str('stdev'),0.006,75
957,0.26,1625,0.375,0.7000937522046007,0,108,3238,12,2758,str('H'),2,str('stdev'),0.404,34
958,0.25,1696,0.359375,0.677457624977672,0,123,2394,30,2280,str('KL'),1,str('tstat'),0.719,52
959,0.48,1637,0.7187499999999999,0.6961993475920037,0,90,1158,18,4504,str('H'),1,str('tstat'),0.772,97
960,0.46,1798,0.6875,0.6465432804465461,0,137,2510,33,1866,str('H'),3,str('stdev'),0.564,81
961,0.24,1891,0.34375,0.6198477317157391,0,158,3419,10,182,str('H'),1,str('tstat'),0.108,11
962,0.46,2159,0.6875,0.549684779176666,0,196,1988,37,4593,str('KL'),3,str('stdev'),0.647,66
963,0.02,1591,0.0,0.7112859932933266,0,120,866,20,1940,str('H'),2,str('stdev'),0.923,88
964,0.23,1766,0.328125,0.6560490726306593,0,137,4512,47,2521,str('KL'),1,str('tstat'),0.323,33
965,0.33,1651,0.484375,0.6916917745034682,0,106,4536,22,1126,str('H'),3,str('stdev'),0.42,98
966,0.13,1495,0.171875,0.7442273839141726,0,100,675,49,4293,str('KL'),1,str('tstat'),0.834,30
967,0.26,2774,0.375,0.416988277535146,0,214,2100,12,1633,str('H'),1,str('tstat'),0.61,2
968,0.18,1862,0.25,0.6280287000107527,0,155,3161,39,3473,str('KL'),2,str('stdev'),0.136,69
969,0.47,2347,0.7031249999999999,0.5054835930039426,0,203,2779,4,4513,str('KL'),2,str('tstat'),0.662,40
970,0.47,1925,0.7031249999999999,0.610414456789753,0,161,1347,31,105,str('H'),1,str('stdev'),0.092,84
971,0.35,1543,0.5156249999999999,0.7275006261750938,0,99,2408,22,4412,str('H'),3,str('tstat'),0.935,92
972,0.02,1415,0.0,0.7733356227792348,0,87,3204,41,475,str('KL'),1,str('stdev'),0.19,23
973,0.48,1690,0.7187499999999999,0.6793335536484832,0,95,3496,10,4933,str('KL'),3,str('stdev'),0.339,82
974,0.48,1855,0.7187499999999999,0.6300224945068158,0,123,2144,33,100,str('H'),1,str('tstat'),0.537,1
975,0.22,1677,0.3125,0.683421004231322,0,127,869,19,2954,str('KL'),3,str('tstat'),0.953,46
976,0.29,3459,0.42187499999999994,0.3001409848157971,0,216,3123,51,435,str('KL'),1,str('tstat'),0.969,93
977,0.21,1916,0.296875,0.6128951950066641,0,164,3444,19,1270,str('KL'),2,str('stdev'),0.45,23
978,0.27,1725,0.390625,0.6684831405556038,0,115,2401,46,3177,str('H'),3,str('tstat'),0.803,55
979,0.47,1726,0.7031249999999999,0.6681763715687321,0,115,998,3,839,str('KL'),3,str('tstat'),0.516,77
980,0.47,1704,0.7031249999999999,0.6749666779239561,0,104,4876,29,3920,str('H'),2,str('stdev'),0.231,45
981,0.24,1694,0.34375,0.678082196560696,0,127,4947,17,3651,str('H'),3,str('stdev'),0.82,82
982,0.25,1712,0.359375,0.6724873912853249,0,125,1093,44,1733,str('KL'),1,str('tstat'),0.426,39
983,0.64,1081,0.96875,0.9158210220678877,0,23,2462,0,4081,str('H'),3,str('tstat'),0.146,17
984,0.2,1525,0.28125,0.733711420171659,0,105,3530,27,991,str('KL'),2,str('stdev'),0.608,61
985,0.46,1591,0.6875,0.7112859932933266,0,88,3032,9,1962,str('KL'),3,str('tstat'),0.067,30
986,0.49,2235,0.7343749999999999,0.5313697674448681,0,91,1593,36,2621,str('H'),1,str('stdev'),0.68,100
987,0.47,2077,0.7031249999999999,0.5701829507182382,0,187,359,8,3843,str('H'),1,str('tstat'),0.215,74
988,0.36,1624,0.5312499999999999,0.7004195822001289,0,104,4237,35,760,str('KL'),3,str('stdev'),0.532,7
989,0.23,1654,0.328125,0.6907308368808814,0,124,3935,16,4216,str('KL'),1,str('stdev'),0.849,53
990,0.44,1849,0.65625,0.6317374554472803,0,151,74,43,1047,str('H'),2,str('tstat'),0.404,21
991,0.41,1770,0.6093749999999999,0.6548514765499566,0,133,1450,5,3709,str('KL'),2,str('tstat'),0.183,49
992,0.4,1786,0.59375,0.6500879895464069,0,137,2708,42,2916,str('KL'),1,str('tstat'),0.256,78
993,0.39,1576,0.578125,0.7162999465579567,0,99,3227,21,3819,str('KL'),2,str('stdev'),0.79,7
994,0.17,1592,0.23437500000000003,0.7109534114042021,0,117,2180,48,662,str('H'),1,str('tstat'),0.456,64
995,0.1,1682,0.125,0.6818451725391399,0,129,751,11,3312,str('KL'),3,str('tstat'),0.24,92
996,0.02,1447,0.0,0.7614996745639746,0,98,4626,38,1482,str('H'),1,str('stdev'),0.514,35
997,0.48,2208,0.7187499999999999,0.5378041274839223,0,149,4417,12,4754,str('KL'),1,str('tstat'),0.728,96
998,0.16,1615,0.21875000000000003,0.7033611076687154,0,121,795,39,333,str('H'),2,str('stdev'),0.019,26
999,0.48,1975,0.7187499999999999,0.5968402478674066,0,134,1902,23,2995,str('KL'),1,str('stdev'),0.302,4
1000,0.16,1481,0.21875000000000003,0.7492072144045082,0,96,3358,50,2404,str('H'),3,str('tstat'),0.951,74
1001,0.24,1562,0.34375,0.7210228523598071,0,108,2586,13,895,str('H'),3,str('stdev'),0.471,44
1002,0.07,1511,0.078125,0.7385928984229373,0,104,1540,40,4055,str('KL'),1,str('tstat'),0.774,87
1003,0.25,1556,0.359375,0.7230599188749371,0,105,255,15,2755,str('KL'),3,str('stdev'),0.37,62
1004,0.23,1768,0.328125,0.6554499360950181,0,138,3901,41,2175,str('H'),2,str('tstat'),0.876,18
1005,0.47,2160,0.7031249999999999,0.5494396337702866,0,195,4184,6,3095,str('H'),2,str('tstat'),0.694,65
1006,0.46,1847,0.6875,0.6323103453257732,0,149,559,33,2427,str('KL'),2,str('stdev'),0.06,10
1007,0.25,1890,0.359375,0.6201277405200549,0,157,1669,24,4774,str('H'),3,str('stdev'),0.277,38
1008,0.38,2191,0.5625,0.541895864670737,0,199,2930,35,4317,str('H'),1,str('stdev'),0.162,91
1009,0.47,1940,0.7031249999999999,0.6063055405955275,0,164,3642,2,2700,str('H'),1,str('tstat'),0.633,20
1010,0.02,1405,0.0,0.7770892645788574,0,82,2203,28,2039,str('KL'),3,str('stdev'),0.113,51
1011,0.22,1596,0.3125,0.7096251683481218,0,116,1118,19,4380,str('H'),2,str('stdev'),0.332,79
1012,0.24,1600,0.34375,0.7083002479798293,0,113,4757,46,48,str('KL'),3,str('tstat'),0.921,48
1013,0.49,1722,0.7343749999999999,0.6694045150547603,0,84,4709,26,4563,str('H'),3,str('tstat'),0.597,78
1014,0.42,1825,0.6249999999999999,0.6386533749240559,0,146,1166,53,230,str('KL'),2,str('stdev'),0.15,46
1015,0.38,1588,0.5625,0.7122849938555147,0,101,2234,9,2571,str('H'),2,str('stdev'),0.438,24
1016,0.49,1968,0.7343749999999999,0.5987198222036085,0,88,3612,36,1911,str('KL'),1,str('tstat'),0.816,56
1017,0.63,1056,0.953125,0.9282020589906558,0,17,2958,0,1075,str('KL'),3,str('stdev'),0.352,36
1018,0.47,1973,0.7031249999999999,0.597376588815546,0,170,1833,27,4167,str('H'),2,str('tstat'),0.894,92
1019,0.19,1997,0.265625,0.5909760681299862,0,175,478,26,283,str('KL'),1,str('stdev'),0.905,72
1020,0.48,1934,0.7187499999999999,0.6079452838279664,0,129,4118,53,4613,str('H'),2,str('tstat'),0.348,2
1021,0.47,1635,0.7031249999999999,0.6968464297018491,0,92,3815,5,568,str('H'),1,str('tstat'),0.034,56
1022,0.48,1596,0.7187499999999999,0.7096251683481218,0,85,194,32,4987,str('KL'),3,str('stdev'),0.712,25
1023,0.25,1703,0.359375,0.675277406381697,0,124,1252,15,2327,str('H'),3,str('stdev'),0.998,47
1024,0.31,1753,0.45312499999999994,0.65996006815463,0,126,2637,48,3872,str('KL'),2,str('stdev'),0.046,83
1025,0.25,1556,0.359375,0.7230599188749371,0,105,3310,15,2832,str('KL'),3,str('tstat'),0.502,3
1026,0.47,1802,0.7031249999999999,0.645366963158944,0,138,1949,42,2239,str('H'),2,str('stdev'),0.244,71
1027,0.48,2146,0.7187499999999999,0.5528820381702352,0,145,825,5,4902,str('KL'),1,str('stdev'),0.468,100
1028,0.45,2069,0.671875,0.5722259104008492,0,186,4386,32,483,str('H'),1,str('tstat'),0.786,31
1029,0.44,2035,0.65625,0.580997492180271,0,181,4654,3,3128,str('KL'),2,str('stdev'),0.939,90
1030,0.23,1782,0.328125,0.6512748508632996,0,139,723,30,1299,str('H'),3,str('tstat'),0.306,34
1031,0.25,1616,0.359375,0.7030334635871083,0,110,2130,14,3949,str('KL'),1,str('tstat'),0.031,12
1032,0.02,1536,0.0,0.7299072882110749,0,115,3276,41,791,str('H'),1,str('stdev'),0.724,68
1033,0.25,2152,0.359375,0.5514039814685754,0,196,2661,23,2475,str('H'),1,str('tstat'),0.198,48
1034,0.02,1809,0.0,0.6433146735790384,0,146,1300,49,3065,str('KL'),3,str('stdev'),0.549,80
1035,0.47,1998,0.7031249999999999,0.5907110510411305,0,173,140,4,1402,str('H'),1,str('tstat'),0.561,59
1036,0.25,1635,0.359375,0.6968464297018491,0,111,4016,30,3235,str('KL'),3,str('stdev'),0.194,15
1037,0.25,1714,0.359375,0.6718693787986016,0,126,4298,24,1654,str('KL'),1,str('stdev'),0.379,69
1038,0.29,1751,0.42187499999999994,0.6605643313588256,0,125,445,51,3574,str('H'),3,str('tstat'),0.866,12
1039,0.46,2319,0.6875,0.5118374935218797,0,201,1862,8,1224,str('KL'),2,str('tstat'),0.593,34
1040,0.46,1792,0.6875,0.6483126695343608,0,136,1353,7,1431,str('KL'),3,str('stdev'),0.65,16
1041,0.26,1920,0.375,0.61179120994613,0,162,4600,45,4561,str('H'),2,str('tstat'),0.178,54
1042,0.41,1813,0.6093749999999999,0.6421454972962404,0,142,3867,3,3636,str('H'),2,str('stdev'),0.624,38
1043,0.16,1693,0.21875000000000003,0.6783947587657115,0,131,2104,48,510,str('KL'),1,str('tstat'),0.083,80
1044,0.4,1459,0.59375,0.7571285082860237,0,87,511,20,4252,str('H'),3,str('tstat'),0.482,69
1045,0.48,1396,0.7187499999999999,0.7804904391420106,0,75,3524,31,2375,str('KL'),1,str('stdev'),0.938,2
1046,0.09,1498,0.10937499999999999,0.7431663418744473,0,101,3250,11,3847,str('KL'),3,str('stdev'),0.558,57
1047,0.08,2009,0.09375,0.5878045817610696,0,178,159,40,1970,str('H'),1,str('tstat'),0.024,24
1048,0.24,1882,0.34375,0.6223731562458465,0,157,2374,14,3270,str('KL'),3,str('tstat'),0.416,38
1049,0.34,3508,0.5,0.29269296556242286,0,216,4215,37,144,str('H'),2,str('stdev'),0.88,95
1050,0.47,1279,0.7031249999999999,0.8268161684638328,0,70,4869,25,1641,str('H'),2,str('tstat'),0.328,10
1051,0.24,1610,0.34375,0.7050023753007724,0,116,394,17,1817,str('KL'),3,str('tstat'),0.676,63
1052,0.25,1796,0.359375,0.6471324202637185,0,140,4348,44,3738,str('H'),1,str('stdev'),0.078,8
1053,0.09,1939,0.10937499999999999,0.6065784788345112,0,165,4044,11,1532,str('H'),3,str('stdev'),0.26,61
1054,0.02,1404,0.0,0.777466096071828,0,81,112,38,3364,str('KL'),2,str('tstat'),0.986,16
1055,0.39,1449,0.578125,0.7607686369861795,0,86,1491,21,711,str('H'),3,str('tstat'),0.708,38
1056,0.47,1530,0.7031249999999999,0.73197888136461,0,81,1839,25,290,str('H'),2,str('tstat'),0.93,5
1057,0.46,1695,0.6875,0.6777698187037919,0,103,4696,29,3417,str('KL'),1,str('stdev'),0.396,64
1058,0.48,1774,0.7187499999999999,0.6536565823239584,0,106,4355,15,4955,str('KL'),1,str('tstat'),0.842,30
1059,0.17,1886,0.23437500000000003,0.6212492584426184,0,158,2201,39,1828,str('H'),3,str('stdev'),0.364,91
1060,0.26,1633,0.375,0.6974943033496401,0,110,24,12,3091,str('KL'),2,str('stdev'),0.202,52
1061,0.45,1516,0.671875,0.7368443440416668,0,81,3428,43,1211,str('H'),1,str('tstat'),0.72,16
1062,0.25,1586,0.359375,0.7129520426099687,0,107,3697,23,2569,str('H'),3,str('tstat'),0.776,73
1063,0.45,1818,0.671875,0.6406876471023858,0,143,372,32,690,str('KL'),2,str('stdev'),0.305,10
1064,0.47,2357,0.7031249999999999,0.5032326901641506,0,204,1926,6,4394,str('H'),1,str('stdev'),0.135,46
1065,0.02,1581,0.0,0.7146233492698656,0,118,4001,49,1266,str('KL'),3,str('tstat'),0.661,85
1066,0.47,1838,0.7031249999999999,0.634896046023814,0,145,4422,9,383,str('KL'),3,str('stdev'),0.109,21
1067,0.22,1573,0.3125,0.7173084583974827,0,113,225,13,406,str('H'),2,str('stdev'),0.77,52
1068,0.08,1484,0.09375,0.7481361591537053,0,99,3785,40,4823,str('KL'),3,str('tstat'),0.483,20
1069,0.02,1865,0.0,0.6271765089322451,0,156,4070,18,153,str('KL'),2,str('tstat'),0.165,73
1070,0.25,2139,0.359375,0.5546116671798496,0,195,3026,17,837,str('KL'),1,str('tstat'),0.261,91
1071,0.36,1610,0.5312499999999999,0.7050023753007724,0,102,1029,35,2714,str('H'),3,str('stdev'),0.788,28
1072,0.48,1808,0.7187499999999999,0.6436073713709736,0,114,1443,18,3782,str('H'),2,str('tstat'),0.388,19
1073,0.14,1631,0.1875,0.6981429704742346,0,123,4523,34,1908,str('KL'),1,str('stdev'),0.906,51
1074,0.4,1623,0.59375,0.7007456127681508,0,98,3928,21,997,str('KL'),1,str('tstat'),0.354,42
1075,0.25,1534,0.359375,0.7305969193515138,0,103,2019,30,2867,str('H'),3,str('stdev'),0.818,77
1076,0.47,1773,0.7031249999999999,0.6539550532481874,0,130,446,4,1591,str('KL'),2,str('stdev'),0.742,65
1077,0.23,1931,0.328125,0.6087670631100188,0,164,3605,47,4714,str('H'),1,str('tstat'),0.208,5
1078,0.23,1526,0.328125,0.7333644587173725,0,103,3335,13,1489,str('H'),3,str('tstat'),0.295,61
1079,0.02,1756,0.0,0.6590549640191883,0,138,97,38,4611,str('KL'),2,str('stdev'),0.752,21
1080,0.24,1562,0.34375,0.7210228523598071,0,108,2293,10,933,str('H'),2,str('stdev'),0.684,34
1081,0.22,1761,0.3125,0.6575498858792496,0,137,4281,41,2804,str('KL'),3,str('tstat'),0.141,99
1082,0.61,1114,0.9218749999999999,0.8999090295645473,0,39,4799,0,4314,str('KL'),3,str('stdev'),0.588,7
1083,0.02,1437,0.0,0.7651700748459719,0,96,1700,27,4770,str('KL'),1,str('stdev'),0.847,72
1084,0.46,1756,0.6875,0.6590549640191883,0,127,754,1,1085,str('H'),3,str('stdev'),0.716,85
1085,0.45,1705,0.671875,0.6746561316582271,0,106,2673,51,2963,str('KL'),2,str('tstat'),0.236,48
1086,0.47,2042,0.7031249999999999,0.5791796642191473,0,181,2539,1,2136,str('H'),1,str('stdev'),0.043,77
1087,0.46,1760,0.6875,0.6578505595410442,0,129,932,53,4012,str('KL'),2,str('tstat'),0.507,44
1088,0.47,2046,0.7031249999999999,0.5781436997988274,0,182,1617,3,2619,str('KL'),3,str('stdev'),0.17,2
1089,0.41,2003,0.6093749999999999,0.5893879510749387,0,175,4933,52,746,str('H'),1,str('tstat'),0.625,67
1090,0.25,1522,0.359375,0.73475367037555,0,98,4103,13,2294,str('H'),1,str('stdev'),0.073,26
1091,0.46,2130,0.6875,0.5568438080483677,0,192,2427,42,4167,str('KL'),1,str('tstat'),0.6,94
1092,0.22,1890,0.3125,0.6201277405200549,0,158,270,16,448,str('H'),3,str('tstat'),0.961,56
1093,0.16,1519,0.21875000000000003,0.7357979756255373,0,105,3196,39,3572,str('KL'),2,str('stdev'),0.489,13
1094,0.47,1910,0.7031249999999999,0.6145554993162372,0,156,3471,5,228,str('KL'),3,str('stdev'),0.015,70
1095,0.16,1550,0.21875000000000003,0.7251048505312507,0,108,624,50,3353,str('H'),1,str('tstat'),0.534,13
1096,0.34,1410,0.5,0.7752091183338516,0,80,2158,22,2035,str('KL'),3,str('tstat'),0.902,50
1097,0.47,1764,0.7031249999999999,0.6566488876902685,0,127,3755,33,3908,str('H'),2,str('stdev'),0.422,82
1098,0.22,1799,0.3125,0.6462489561038638,0,142,4663,18,3034,str('H'),3,str('tstat'),0.869,24
1099,0.27,1744,0.390625,0.6626846982098196,0,125,1487,46,3510,str('H'),1,str('tstat'),0.566,62
1100,0.02,1751,0.0,0.6605643313588256,0,137,1203,20,2190,str('KL'),1,str('tstat'),0.997,99
1101,0.48,1787,0.7187499999999999,0.6497916893199227,0,112,2887,35,4066,str('H'),3,str('stdev'),0.454,32
1102,0.48,2156,0.7187499999999999,0.550420896933838,0,146,2930,8,3166,str('H'),1,str('stdev'),0.53,88
1103,0.23,1904,0.328125,0.6162210247171361,0,161,1099,44,43,str('KL'),3,str('tstat'),0.051,31
1104,0.4,1522,0.59375,0.73475367037555,0,97,1314,21,2906,str('H'),1,str('stdev'),0.059,22
1105,0.23,1497,0.328125,0.7435197864261208,0,97,4629,30,1036,str('KL'),3,str('tstat'),0.523,61
1106,0.24,1789,0.34375,0.6491995856908686,0,139,3820,18,2025,str('KL'),2,str('stdev'),0.217,45
1107,0.16,1765,0.21875000000000003,0.6563488952489278,0,138,2145,34,3899,str('H'),3,str('tstat'),0.736,87
1108,0.47,6097,0.7031249999999999,0.0,0,216,555,7,82,str('KL'),1,str('tstat'),0.827,75
1109,0.25,1564,0.359375,0.7203455675603168,0,106,3479,44,3205,str('H'),2,str('stdev'),0.347,8
1110,0.2,1639,0.28125,0.6955530550883466,0,123,3128,24,497,str('H'),2,str('stdev'),0.151,51
1111,0.02,1476,0.0,0.7509971337864498,0,106,281,28,3620,str('KL'),3,str('tstat'),0.677,18
1112,0.64,1265,0.96875,0.832640982062217,0,66,2500,0,2400,str('H'),1,str('tstat'),0.761,31
1113,0.42,2410,0.6249999999999999,0.49146003437922414,0,207,4096,52,4275,str('KL'),1,str('stdev'),0.289,89
1114,0.27,1750,0.390625,0.6608667216844977,0,126,4986,10,2686,str('KL'),2,str('tstat'),0.981,4
1115,0.45,1646,0.671875,0.6932972217498041,0,97,1796,51,2440,str('H'),2,str('tstat'),0.117,75
1116,0.26,1688,0.375,0.6799603426459279,0,114,830,23,3737,str('KL'),1,str('tstat'),0.446,88
1117,0.02,1433,0.0,0.7666453867776881,0,94,2583,28,614,str('H'),3,str('stdev'),0.972,45
1118,0.48,1779,0.7187499999999999,0.652166745501842,0,107,2757,26,4483,str('KL'),2,str('tstat'),0.81,80
1119,0.47,1688,0.7031249999999999,0.6799603426459279,0,100,691,29,1363,str('H'),3,str('stdev'),0.269,40
1120,0.26,1632,0.375,0.6978185376058802,0,109,1726,12,4128,str('KL'),3,str('tstat'),0.277,12
1121,0.35,1852,0.5156249999999999,0.630879280847924,0,152,4807,42,2255,str('H'),2,str('stdev'),0.803,70
1122,0.47,1762,0.7031249999999999,0.6572493828124493,0,126,4231,2,629,str('H'),3,str('tstat'),0.497,36
1123,0.43,2169,0.640625,0.5472384162082513,0,198,2321,52,2501,str('KL'),2,str('stdev'),0.954,97
1124,0.25,1747,0.359375,0.6617749299225228,0,133,142,26,1323,str('H'),2,str('stdev'),0.609,59
1125,0.02,1609,0.0,0.7053312400372166,0,121,3302,28,4444,str('KL'),1,str('tstat'),0.067,23
1126,0.45,1731,0.671875,0.6666451862263885,0,119,3657,8,1856,str('KL'),3,str('tstat'),0.431,67
1127,0.49,1876,0.7343749999999999,0.6240634873860074,0,87,420,46,4977,str('H'),2,str('stdev'),0.896,3
1128,0.21,1567,0.296875,0.719331261522203,0,111,1972,19,1201,str('KL'),2,str('stdev'),0.543,40
1129,0.49,1801,0.7343749999999999,0.645660797641392,0,86,3959,36,3073,str('H'),1,str('tstat'),0.008,79
1130,0.35,1435,0.5156249999999999,0.7659072171236656,0,84,4456,22,4025,str('H'),1,str('stdev'),0.7,15
1131,0.48,1817,0.7187499999999999,0.6409788962936827,0,115,1269,36,1162,str('KL'),1,str('stdev'),0.335,59
1132,0.44,1770,0.65625,0.6548514765499566,0,132,965,8,4859,str('H'),3,str('stdev'),0.228,96
1133,0.27,1991,0.390625,0.5925689614841176,0,173,3109,46,1738,str('KL'),2,str('tstat'),0.691,36
1134,0.45,2040,0.671875,0.579698407297861,0,181,3059,4,4831,str('H'),2,str('tstat'),0.914,97
1135,0.14,1533,0.1875,0.7309420719483019,0,108,994,47,1709,str('KL'),1,str('stdev'),0.381,34
1136,0.47,1832,0.7031249999999999,0.6366268862603801,0,142,1557,3,549,str('KL'),3,str('tstat'),0.795,25
1137,0.32,1523,0.46875,0.7344060257020724,0,98,4413,48,3675,str('H'),2,str('stdev'),0.253,58
1138,0.45,1895,0.671875,0.6187291745079526,0,156,4051,7,4678,str('H'),3,str('tstat'),0.945,48
1139,0.24,1824,0.34375,0.6389435073010875,0,147,1898,45,1549,str('KL'),2,str('stdev'),0.473,83
1140,0.26,1762,0.375,0.6572493828124493,0,131,327,17,2753,str('H'),1,str('stdev'),0.089,72
1141,0.35,1621,0.5156249999999999,0.7013982766104792,0,104,3730,35,876,str('KL'),3,str('tstat'),0.615,11
1142,0.44,1887,0.65625,0.6209686562421333,0,154,3375,1,2846,str('KL'),1,str('tstat'),0.886,54
1143,0.15,1568,0.203125,0.7189935907163583,0,112,50,50,968,str('H'),2,str('stdev'),0.407,15
1144,0.24,1650,0.34375,0.6920124748711394,0,121,2249,24,4731,str('KL'),3,str('stdev'),0.031,28
1145,0.21,1748,0.296875,0.6614720207686973,0,134,4324,27,1602,str('H'),1,str('tstat'),0.549,93
1146,0.05,1891,0.046875,0.6198477317157391,0,159,4763,14,27,str('H'),3,str('stdev'),0.243,1
1147,0.23,1555,0.328125,0.7234001929894539,0,107,1592,41,815,str('H'),3,str('stdev'),0.439,65
1148,0.24,1641,0.34375,0.6949075502661805,0,120,643,14,4571,str('KL'),2,str('stdev'),0.125,79
1149,0.02,1494,0.0,0.7445815374820506,0,109,2787,38,1450,str('H'),1,str('tstat'),0.581,42
1150,0.22,1637,0.3125,0.6961993475920037,0,122,2648,16,3454,str('KL'),3,str('stdev'),0.634,83
1151,0.15,1583,0.203125,0.7139541936015399,0,117,817,39,330,str('H'),2,str('tstat'),0.162,50
1152,0.24,1719,0.34375,0.6703274952029992,0,130,1655,15,1789,str('H'),1,str('stdev'),0.514,8
1153,0.07,1518,0.078125,0.7361465354545226,0,106,4902,40,4916,str('KL'),2,str('tstat'),0.034,73
1154,0.47,1248,0.7031249999999999,0.8398011888452523,0,68,4151,25,3299,str('KL'),2,str('stdev'),0.726,33
1155,0.47,2588,0.7031249999999999,0.45373396264346944,0,212,2388,29,173,str('H'),1,str('tstat'),0.193,100
1156,0.47,2341,0.7031249999999999,0.5068387407991785,0,202,228,2,3973,str('KL'),1,str('tstat'),0.37,62
1157,0.44,1576,0.65625,0.7162999465579567,0,89,3241,53,2097,str('H'),3,str('stdev'),0.833,19
1158,0.22,1881,0.3125,0.6226545037377361,0,157,3591,19,4183,str('H'),2,str('stdev'),0.668,64
1159,0.49,1631,0.7343749999999999,0.6981429704742346,0,82,500,36,2308,str('KL'),3,str('tstat'),0.126,7
1160,0.46,1856,0.6875,0.6297372067859254,0,151,2032,9,3549,str('H'),3,str('tstat'),0.312,43
1161,0.23,1893,0.328125,0.6192881578221372,0,159,3873,45,422,str('KL'),1,str('stdev'),0.767,76
1162,0.47,2017,0.7031249999999999,0.5857007591695016,0,177,4547,6,1383,str('KL'),2,str('tstat'),0.461,18
1163,0.46,2011,0.6875,0.5872778421442799,0,176,1454,33,2153,str('KL'),2,str('tstat'),0.221,56
1164,0.39,1605,0.578125,0.7066487447987637,0,101,1172,5,3392,str('H'),3,str('tstat'),0.344,93
1165,0.15,1528,0.203125,0.7326712169416625,0,106,2924,50,267,str('KL'),1,str('stdev'),0.862,26
1166,0.39,1406,0.578125,0.7767127010073409,0,79,2822,20,2493,str('KL'),3,str('stdev'),0.185,94
1167,0.47,1731,0.7031249999999999,0.6666451862263885,0,118,1216,31,4369,str('H'),1,str('tstat'),0.641,37
1168,0.18,1696,0.25,0.677457624977672,0,129,1397,13,653,str('KL'),1,str('stdev'),0.734,95
1169,0.02,1471,0.0,0.7527931227608182,0,104,4556,38,2526,str('H'),3,str('tstat'),0.191,38
1170,0.47,1784,0.7031249999999999,0.6506810877506333,0,132,3901,23,4103,str('H'),1,str('stdev'),0.509,71
1171,0.02,1452,0.0,0.759673969064234,0,100,2070,28,2231,str('KL'),1,str('tstat'),0.038,10
1172,0.65,1420,0.984375,0.7714687310294859,0,55,477,0,3468,str('H'),1,str('tstat'),0.402,49
1173,0.27,1532,0.390625,0.7312874496201606,0,99,3558,51,347,str('KL'),3,str('stdev'),0.928,84
1174,0.25,1647,0.359375,0.6929757427468977,0,113,3206,17,3375,str('KL'),1,str('stdev'),0.576,27
1175,0.02,1653,0.0,0.6910509557428645,0,127,203,34,254,str('H'),2,str('tstat'),0.096,92
1176,0.47,1712,0.7031249999999999,0.6724873912853249,0,107,2419,8,4049,str('KL'),2,str('tstat'),0.469,55
1177,0.44,1428,0.65625,0.7684953245335,0,79,4171,43,2177,str('H'),3,str('stdev'),0.987,16
1178,0.47,2666,0.7031249999999999,0.4380129995141713,0,213,4903,4,1176,str('H'),1,str('tstat'),0.306,81
1179,0.47,2059,0.7031249999999999,0.5747907417619614,0,184,1828,37,3152,str('KL'),2,str('tstat'),0.707,68
1180,0.09,1544,0.10937499999999999,0.7271577082990636,0,110,860,11,1930,str('H'),2,str('tstat'),0.854,82
1181,0.08,1508,0.09375,0.7396448086813816,0,103,2545,40,3808,str('KL'),1,str('stdev'),0.319,39
1182,0.24,1816,0.34375,0.6412703057321358,0,145,2723,12,1094,str('H'),2,str('tstat'),0.403,86
1183,0.44,1437,0.65625,0.7651700748459719,0,80,726,43,2974,str('KL'),3,str('stdev'),0.922,47
1184,0.48,2490,0.7187499999999999,0.47417129772136835,0,158,1805,5,2012,str('H'),1,str('tstat'),0.952,85
1185,0.13,1457,0.171875,0.7578545353236712,0,90,4730,49,3883,str('KL'),2,str('stdev'),0.472,46
1186,0.46,1781,0.6875,0.6515719822265076,0,133,4310,9,2923,str('KL'),3,str('tstat'),0.79,63
1187,0.26,1701,0.375,0.6758994107292017,0,116,2245,46,1048,str('H'),1,str('stdev'),0.256,20
1188,0.25,1525,0.359375,0.733711420171659,0,99,69,18,4807,str('KL'),3,str('stdev'),0.184,32
1189,0.47,2543,0.7031249999999999,0.4630206407916575,0,210,3384,36,1684,str('H'),2,str('tstat'),0.648,99
1190,0.46,1813,0.6875,0.6421454972962404,0,141,3731,3,4597,str('H'),2,str('tstat'),0.856,44
1191,0.37,1766,0.546875,0.6560490726306593,0,132,338,52,1474,str('KL'),2,str('stdev'),0.315,76
1192,0.26,1640,0.375,0.6952302043370953,0,111,1892,26,2673,str('H'),3,str('stdev'),0.25,63
1193,0.47,1723,0.7031249999999999,0.6690972120922506,0,113,4035,29,799,str('KL'),1,str('tstat'),0.706,6
1194,0.22,1916,0.3125,0.6128951950066641,0,163,4378,16,2417,str('KL'),2,str('stdev'),0.026,91
1195,0.13,1597,0.171875,0.7092936274039453,0,119,1379,49,4512,str('H'),3,str('stdev'),0.988,53
1196,0.25,1943,0.359375,0.6054875687865695,0,166,1077,23,729,str('KL'),1,str('stdev'),0.573,90
1197,0.46,1730,0.6875,0.666951069365718,0,118,2996,32,2608,str('H'),1,str('tstat'),0.101,29
1198,0.26,1604,0.375,0.7069786337169512,0,105,2982,10,1307,str('KL'),3,str('tstat'),0.372,24
1199,0.24,1491,0.34375,0.7456454212834157,0,95,1073,41,4432,str('H'),2,str('stdev'),0.829,57
1200,0.1,1637,0.125,0.6961993475920037,0,125,1477,11,3315,str('H'),1,str('tstat'),0.495,98
1201,0.02,1494,0.0,0.7445815374820506,0,109,4489,41,187,str('KL'),2,str('stdev'),0.958,35
1202,0.63,1179,0.953125,0.869899799706433,0,59,3972,0,1774,str('KL'),3,str('tstat'),0.278,74
1203,0.48,1797,0.7187499999999999,0.646837768439136,0,113,1975,51,4902,str('H'),1,str('stdev'),0.797,7
1204,0.22,1538,0.3125,0.7292185538604086,0,106,402,24,1121,str('KL'),3,str('stdev'),0.639,46
1205,0.21,1717,0.296875,0.6709437100962776,0,132,3649,27,2996,str('H'),2,str('tstat'),0.159,87
1206,0.46,1888,0.6875,0.6206882026263522,0,154,3300,6,706,str('H'),3,str('tstat'),0.336,30
1207,0.26,1946,0.375,0.6046708583070386,0,168,132,45,2581,str('KL'),1,str('stdev'),0.863,89
1208,0.25,1683,0.359375,0.681530568050515,0,121,2328,17,1399,str('H'),3,str('stdev'),0.698,52
1209,0.18,1600,0.25,0.7083002479798293,0,118,4246,34,4525,str('KL'),1,str('tstat'),0.225,19
1210,0.4,1468,0.59375,0.7538736467146991,0,88,4842,21,3535,str('KL'),2,str('stdev'),0.543,78
1211,0.22,1636,0.3125,0.6965227898255841,0,121,1666,47,3049,str('KL'),3,str('stdev'),0.771,38
1212,0.4,1475,0.59375,0.75135584469825,0,91,720,21,1869,str('H'),2,str('stdev'),0.667,2
1213,0.48,1403,0.7187499999999999,0.7778431958677708,0,77,2707,31,4993,str('KL'),3,str('tstat'),0.133,69
1214,0.37,1581,0.546875,0.7146233492698656,0,100,2573,21,107,str('H'),3,str('stdev'),0.092,9
1215,0.47,2017,0.7031249999999999,0.5857007591695016,0,177,898,33,3229,str('KL'),1,str('tstat'),0.611,74
1216,0.48,1693,0.7187499999999999,0.6783947587657115,0,96,1574,23,4652,str('KL'),2,str('stdev'),0.214,82
1217,0.45,1779,0.671875,0.652166745501842,0,133,4977,32,1526,str('H'),3,str('tstat'),0.74,49
1218,0.02,1528,0.0,0.7326712169416625,0,114,4068,20,572,str('H'),1,str('stdev'),0.06,60
1219,0.39,2053,0.578125,0.5763356236770195,0,183,2462,35,3701,str('KL'),3,str('tstat'),0.516,23
1220,0.48,1922,0.7187499999999999,0.6112400791565166,0,127,305,9,2477,str('H'),1,str('tstat'),0.92,35
1221,0.24,1654,0.34375,0.6907308368808814,0,123,3161,46,4355,str('KL'),3,str('stdev'),0.377,96
1222,0.25,1862,0.359375,0.6280287000107527,0,154,3515,26,1945,str('KL'),1,str('stdev'),0.118,41
1223,0.48,1675,0.7187499999999999,0.6840526520593516,0,93,580,29,3823,str('H'),3,str('tstat'),0.582,80
1224,0.46,1835,0.6875,0.6357607590992017,0,146,3799,53,3130,str('H'),3,str('stdev'),0.444,3
1225,0.1,1746,0.125,0.6620780124149296,0,136,4629,11,4754,str('H'),1,str('tstat'),0.762,94
1226,0.44,1592,0.65625,0.7109534114042021,0,90,1303,43,1628,str('KL'),2,str('stdev'),0.282,27
1227,0.17,1625,0.23437500000000003,0.7000937522046007,0,122,1531,39,4288,str('H'),3,str('tstat'),0.552,30
1228,0.24,1800,0.34375,0.6459547952293057,0,143,1246,13,473,str('KL'),3,str('tstat'),0.886,17
1229,0.37,1903,0.546875,0.6164991221984679,0,160,2843,42,3595,str('H'),1,str('stdev'),0.413,52
1230,0.24,1803,0.34375,0.6450732916010866,0,144,2896,15,3950,str('H'),2,str('stdev'),0.602,21
1231,0.47,2128,0.7031249999999999,0.5573411194849316,0,191,1134,37,2071,str('KL'),1,str('tstat'),0.068,60
1232,0.16,1461,0.21875000000000003,0.7564034751255354,0,90,4674,50,1813,str('KL'),1,str('tstat'),0.595,31
1233,0.09,1876,0.10937499999999999,0.6240634873860074,0,156,3786,11,304,str('KL'),1,str('stdev'),0.168,65
1234,0.07,1563,0.078125,0.7206841016984178,0,112,2179,40,3432,str('H'),2,str('tstat'),0.632,4
1235,0.24,1728,0.34375,0.6675633661287411,0,131,588,14,2110,str('KL'),2,str('tstat'),0.806,42
1236,0.47,2270,0.7031249999999999,0.52314360588007,0,200,3445,37,3989,str('H'),1,str('stdev'),0.271,78
1237,0.45,1931,0.671875,0.6087670631100188,0,162,3172,4,2213,str('H'),3,str('stdev'),0.234,34
1238,0.31,1742,0.45312499999999994,0.6632920797454527,0,124,238,48,4092,str('KL'),2,str('tstat'),0.691,98
1239,0.02,1475,0.0,0.75135584469825,0,105,2456,20,368,str('H'),1,str('tstat'),0.872,61
1240,0.47,1800,0.7031249999999999,0.6459547952293057,0,136,4140,32,3496,str('KL'),2,str('stdev'),0.33,22
1241,0.24,1622,0.34375,0.7010718441557533,0,118,4951,17,4408,str('KL'),3,str('tstat'),0.901,87
1242,0.38,1789,0.5625,0.6491995856908686,0,138,1626,35,1281,str('H'),2,str('stdev'),0.429,45
1243,0.06,1374,0.062499999999999986,0.7888975464710001,0,77,1752,31,407,str('H'),3,str('tstat'),0.002,41
1244,0.43,1761,0.640625,0.6575498858792496,0,130,787,3,4209,str('KL'),3,str('tstat'),0.437,5
1245,0.17,1595,0.23437500000000003,0.7099569169596742,0,118,2627,48,2330,str('H'),2,str('stdev'),0.892,66
1246,0.47,2064,0.7031249999999999,0.573506773518532,0,185,2800,6,2768,str('KL'),3,str('tstat'),0.82,12
1247,0.13,1417,0.171875,0.772588076231665,0,81,647,49,890,str('H'),1,str('stdev'),0.349,71
1248,0.47,1606,0.7031249999999999,0.7063190612269439,0,88,4773,36,533,str('H'),3,str('stdev'),0.813,40
1249,0.34,1446,0.5,0.7618655720852816,0,86,4274,22,1409,str('H'),2,str('tstat'),0.386,57
1250,0.46,1800,0.6875,0.6459547952293057,0,138,2277,32,4534,str('KL'),3,str('stdev'),0.913,14
1251,0.47,1905,0.7031249999999999,0.6159430731804358,0,155,99,6,851,str('H'),3,str('stdev'),0.525,26
1252,0.14,1827,0.1875,0.6380735865344358,0,148,3345,49,2729,str('KL'),1,str('tstat'),0.053,93
1253,0.23,1753,0.328125,0.65996006815463,0,136,3624,15,1072,str('KL'),2,str('tstat'),0.453,50
1254,0.08,1482,0.09375,0.7488499552739118,0,98,454,40,2948,str('H'),1,str('stdev'),0.972,83
1255,0.27,1942,0.390625,0.6057600857161871,0,165,2006,12,1668,str('KL'),1,str('stdev'),0.592,70
1256,0.44,1747,0.65625,0.6617749299225228,0,124,3925,43,4794,str('H'),2,str('tstat'),0.112,12
1257,0.46,2469,0.6875,0.4786552468824703,0,210,4501,2,3247,str('H'),2,str('stdev'),0.682,97
1258,0.26,1648,0.375,0.6926544587570475,0,112,1409,53,118,str('KL'),3,str('tstat'),0.149,36
1259,0.25,1470,0.359375,0.7531530525341176,0,90,999,15,2831,str('H'),2,str('stdev'),0.156,14
1260,0.17,1447,0.23437500000000003,0.7614996745639746,0,87,3075,39,954,str('KL'),1,str('tstat'),0.674,55
1261,0.26,1835,0.375,0.6357607590992017,0,148,3103,24,3113,str('H'),3,str('tstat'),0.967,18
1262,0.21,1815,0.296875,0.6415618755941801,0,145,949,27,1238,str('KL'),2,str('stdev'),0.488,51
1263,0.47,2089,0.7031249999999999,0.5671332111533411,0,190,1270,1,4941,str('H'),2,str('stdev'),0.077,89
1264,0.02,1611,0.0,0.7046737146380216,0,122,4447,28,4142,str('H'),3,str('stdev'),0.364,28
1265,0.25,1739,0.359375,0.6642044600589813,0,131,4007,14,2643,str('H'),1,str('tstat'),0.935,68
1266,0.02,1691,0.0,0.6790204370913131,0,131,1941,38,771,str('KL'),3,str('stdev'),0.393,1
1267,0.48,1980,0.7187499999999999,0.5955017668896259,0,135,371,10,4471,str('H'),2,str('stdev'),0.045,39
1268,0.46,1820,0.6875,0.6401056287569726,0,143,3686,42,1346,str('KL'),3,str('tstat'),0.5,81
1269,0.41,1548,0.6093749999999999,0.7257882527435235,0,87,3410,21,4876,str('KL'),2,str('tstat'),0.993,37
1270,0.24,1652,0.34375,0.6913712682056226,0,122,16,30,1751,str('H'),3,str('stdev'),0.46,95
1271,0.47,2035,0.7031249999999999,0.580997492180271,0,180,2215,4,3010,str('KL'),1,str('stdev'),0.103,58
1272,0.13,1588,0.171875,0.7122849938555147,0,118,4358,47,1136,str('H'),2,str('tstat'),0.566,25
1273,0.46,1992,0.6875,0.5923031463512973,0,173,4719,7,2060,str('H'),2,str('stdev'),0.14,84
1274,0.26,2429,0.375,0.4873025678016333,0,209,1872,44,3932,str('KL'),1,str('tstat'),0.659,48
1275,0.47,2002,0.7031249999999999,0.5896523067784689,0,174,678,7,2542,str('KL'),1,str('stdev'),0.01,8
1276,0.24,1817,0.34375,0.6409788962936827,0,146,2753,44,666,str('H'),1,str('tstat'),0.536,75
1277,0.47,1813,0.7031249999999999,0.6421454972962404,0,140,2614,10,4238,str('KL'),2,str('stdev'),0.749,3
1278,0.26,1757,0.375,0.6587536060360779,0,129,851,45,2360,str('H'),3,str('tstat'),0.207,67
1279,0.23,1785,0.328125,0.6503844556280505,0,140,1761,19,3662,str('KL'),1,str('tstat'),0.357,79
1280,0.23,1705,0.328125,0.6746561316582271,0,129,4858,47,2884,str('KL'),1,str('tstat'),0.083,43
1281,0.41,2064,0.6093749999999999,0.573506773518532,0,186,4185,5,3766,str('KL'),3,str('stdev'),0.654,53
1282,0.15,1634,0.203125,0.6971702674624893,0,123,2354,50,1895,str('H'),2,str('tstat'),0.175,17
1283,0.33,1717,0.484375,0.6709437100962776,0,111,194,22,3190,str('KL'),2,str('tstat'),0.263,29
1284,0.34,3048,0.5,0.367116144449236,0,215,3275,32,68,str('H'),1,str('stdev'),0.781,90
1285,0.22,1597,0.3125,0.7092936274039453,0,117,3547,12,3713,str('H'),3,str('stdev'),0.713,47
1286,0.45,2187,0.671875,0.5428632377999937,0,198,544,42,590,str('KL'),2,str('tstat'),0.241,86
1287,0.23,1684,0.328125,0.681216150326216,0,127,2076,16,4327,str('H'),1,str('tstat'),0.321,73
1288,0.03,1486,0.015624999999999997,0.7474233237284332,0,100,3829,38,2456,str('KL'),1,str('stdev'),0.847,9
1289,0.24,1986,0.34375,0.5939000419560937,0,173,4582,26,916,str('KL'),3,str('tstat'),0.42,100
1290,0.47,1728,0.7031249999999999,0.6675633661287411,0,116,1344,29,2791,str('H'),2,str('stdev'),0.877,33
1291,0.47,1269,0.7031249999999999,0.8309702026292706,0,69,1127,25,3862,str('H'),1,str('tstat'),0.291,23
1292,0.26,1712,0.375,0.6724873912853249,0,118,2969,30,1984,str('KL'),2,str('stdev'),0.755,59
1293,0.64,1166,0.96875,0.8757671595265555,0,54,2857,0,464,str('KL'),2,str('stdev'),0.198,15
1294,0.43,1866,0.640625,0.6268927496749743,0,153,1182,52,3585,str('H'),3,str('tstat'),0.725,54
1295,0.25,1798,0.359375,0.6465432804465461,0,141,1522,24,2270,str('KL'),2,str('tstat'),0.836,92
1296,0.02,1479,0.0,0.7499224564322167,0,108,4571,28,2282,str('H'),2,str('tstat'),0.3,77
1297,0.21,1681,0.296875,0.6821599640140987,0,128,3838,16,773,str('H'),2,str('stdev'),0.991,16
1298,0.04,1475,0.03125,0.75135584469825,0,94,2086,38,2651,str('KL'),1,str('tstat'),0.458,53
1299,0.24,1739,0.34375,0.6642044600589813,0,132,534,12,1329,str('H'),3,str('tstat'),0.105,91
1300,0.39,1737,0.578125,0.6648135879478902,0,121,3537,42,4458,str('KL'),2,str('stdev'),0.568,30
1301,0.31,2014,0.45312499999999994,0.5864887136530854,0,178,3266,22,1744,str('KL'),3,str('stdev'),0.933,85
1302,0.46,1851,0.6875,0.631165184574719,0,150,184,33,4873,str('H'),2,str('tstat'),0.391,46
1303,0.45,1782,0.671875,0.6512748508632996,0,134,2363,5,1149,str('KL'),3,str('tstat'),0.047,10
1304,0.17,1617,0.23437500000000003,0.7027060220675431,0,121,4195,50,3027,str('H'),1,str('stdev'),0.502,73
1305,0.47,1857,0.7031249999999999,0.6294520726519719,0,148,4848,8,3940,str('H'),3,str('tstat'),0.196,32
1306,0.14,1443,0.1875,0.7629647837721787,0,88,1689,47,2062,str('KL'),3,str('stdev'),0.723,99
1307,0.07,1475,0.078125,0.75135584469825,0,93,904,18,215,str('H'),1,str('tstat'),0.778,11
1308,0.47,1858,0.7031249999999999,0.6291670919396739,0,149,2501,33,3336,str('KL'),3,str('stdev'),0.298,72
1309,0.22,1497,0.3125,0.7435197864261208,0,98,2679,19,1566,str('H'),1,str('tstat'),0.479,6
1310,0.51,1636,0.765625,0.6965227898255841,0,82,770,36,4689,str('KL'),2,str('stdev'),0.943,64
1311,0.47,1938,0.7031249999999999,0.606851557799585,0,163,1699,8,1009,str('H'),3,str('stdev'),0.618,76
1312,0.24,1966,0.34375,0.5992580708688633,0,170,4709,44,1002,str('KL'),3,str('stdev'),0.019,91
1313,0.48,2163,0.7187499999999999,0.5487048776186516,0,147,4368,4,1878,str('KL'),2,str('tstat'),0.711,2
1314,0.31,1552,0.45312499999999994,0.7244223289921763,0,101,2224,48,3753,str('H'),3,str('stdev'),0.239,69
1315,0.4,1920,0.59375,0.61179120994613,0,161,6,21,71,str('KL'),1,str('stdev'),0.323,80
1316,0.25,1531,0.359375,0.7316330526608266,0,101,3400,30,3197,str('H'),3,str('tstat'),0.849,39
1317,0.26,1968,0.375,0.5987198222036085,0,170,3676,10,602,str('H'),1,str('tstat'),0.652,96
1318,0.45,1688,0.671875,0.6799603426459279,0,101,361,42,3730,str('KL'),2,str('stdev'),0.173,37
1319,0.24,1534,0.34375,0.7305969193515138,0,104,1952,14,2449,str('H'),2,str('stdev'),0.265,24
1320,0.03,1785,0.015624999999999997,0.6503844556280505,0,141,4017,38,4324,str('KL'),3,str('tstat'),0.783,57
1321,0.26,1964,0.375,0.5997968670913487,0,169,4437,24,2778,str('KL'),1,str('stdev'),0.477,48
1322,0.21,1649,0.296875,0.6923333695438019,0,124,1513,27,899,str('H'),2,str('tstat'),0.941,85
1323,0.47,1925,0.7031249999999999,0.610414456789753,0,161,1042,2,1513,str('KL'),1,str('stdev'),0.559,20
1324,0.29,1952,0.42187499999999994,0.6030412058181553,0,168,3030,53,4636,str('H'),2,str('tstat'),0.017,62
1325,0.38,2071,0.5625,0.5717144312292518,0,187,3040,2,3582,str('KL'),3,str('tstat'),0.138,64
1326,0.43,2014,0.640625,0.5864887136530854,0,177,1053,53,457,str('H'),1,str('stdev'),0.657,5
1327,0.26,1807,0.375,0.6439002310085306,0,142,1335,26,4159,str('KL'),1,str('stdev'),0.78,44
1328,0.25,1595,0.359375,0.7099569169596742,0,109,1118,30,3116,str('KL'),2,str('tstat'),0.427,2
1329,0.42,1786,0.6249999999999999,0.6500879895464069,0,136,1419,2,1801,str('H'),2,str('tstat'),0.012,41
1330,0.46,1933,0.6875,0.608219068605853,0,162,4510,53,4923,str('KL'),3,str('stdev'),0.538,80
1331,0.27,1766,0.390625,0.6560490726306593,0,133,3915,12,3425,str('KL'),2,str('tstat'),0.232,13
1332,0.43,1459,0.640625,0.7571285082860237,0,83,1996,43,302,str('H'),3,str('stdev'),0.689,56
1333,0.22,1605,0.3125,0.7066487447987637,0,118,464,15,4001,str('KL'),2,str('stdev'),0.874,94
1334,0.08,1632,0.09375,0.6978185376058802,0,124,3633,40,2127,str('H'),3,str('tstat'),0.332,27
1335,0.39,2112,0.578125,0.5613365114900397,0,191,3355,6,4095,str('H'),1,str('tstat'),0.166,82
1336,0.16,2149,0.21875000000000003,0.5521424942180629,0,196,108,48,2220,str('KL'),2,str('stdev'),0.63,49
1337,0.33,1663,0.484375,0.6878584407057016,0,107,2268,22,3478,str('H'),2,str('stdev'),0.808,13
1338,0.43,1864,0.640625,0.6274604202984795,0,152,4265,32,356,str('KL'),1,str('tstat'),0.273,70
1339,0.2,1542,0.28125,0.727843766220156,0,107,780,19,3323,str('H'),3,str('stdev'),0.838,62
1340,0.45,1638,0.671875,0.6958761027598603,0,94,2689,36,198,str('KL'),2,str('tstat'),0.366,21
1341,0.25,1472,0.359375,0.7524334374220181,0,91,2511,18,4707,str('H'),3,str('stdev'),0.418,55
1342,0.48,1850,0.7187499999999999,0.631451242718874,0,122,914,33,1579,str('KL'),1,str('tstat'),0.875,16
1343,0.46,1956,0.6875,0.6019575499086027,0,168,1862,7,2881,str('H'),2,str('tstat'),0.561,28
1344,0.23,1570,0.328125,0.7183188942671211,0,111,3900,13,2322,str('H'),3,str('tstat'),0.001,4
1345,0.52,942,0.78125,0.9886461538345677,0,4,5000,0,5000,str('KL'),2,str('tstat'),0.001,59
1346,0.63,1032,0.953125,0.9403664974151787,0,7,945,0,1104,str('H'),3,str('stdev'),0.001,60
1347,0.18,1455,0.25,0.7585815589670366,0,89,4620,39,1013,str('KL'),1,str('tstat'),0.503,35
1348,0.22,1526,0.3125,0.7333644587173725,0,105,4169,19,1627,str('KL'),1,str('tstat'),0.373,65
1349,0.44,1594,0.65625,0.7102888734989194,0,91,1532,29,4700,str('H'),2,str('stdev'),0.698,42
1350,0.24,1611,0.34375,0.7046737146380216,0,117,375,12,257,str('KL'),3,str('stdev'),0.189,15
1351,0.14,1540,0.1875,0.7285307139701896,0,109,2660,49,3418,str('H'),1,str('tstat'),0.865,92
1352,0.24,1610,0.34375,0.7050023753007724,0,116,2833,26,479,str('H'),3,str('tstat'),0.261,75
1353,0.39,1663,0.578125,0.6878584407057016,0,102,197,35,3664,str('KL'),2,str('stdev'),0.685,45
1354,0.46,1945,0.6875,0.6049429552259578,0,166,1705,5,1371,str('H'),1,str('stdev'),0.179,25
1355,0.43,1513,0.640625,0.7378927837922045,0,85,3991,43,4488,str('KL'),2,str('tstat'),0.75,95
1356,0.24,1762,0.34375,0.6572493828124493,0,136,3263,14,3581,str('KL'),1,str('stdev'),0.882,53
1357,0.61,1266,0.9218749999999999,0.8322227928253096,0,67,1192,0,4643,str('KL'),2,str('tstat'),0.62,71
1358,0.44,1882,0.65625,0.6223731562458465,0,153,2866,51,1515,str('H'),1,str('stdev'),0.085,10
1359,0.45,1195,0.671875,0.8627665384669869,0,63,2958,25,1245,str('H'),1,str('stdev'),0.899,67
1360,0.42,1703,0.6249999999999999,0.675277406381697,0,106,1,53,1313,str('KL'),3,str('tstat'),0.001,1
1361,0.59,981,0.8906249999999999,0.9671826153341525,0,5,157,0,3006,str('KL'),3,str('tstat'),0.001,1
1362,0.46,1691,0.6875,0.6790204370913131,0,102,5000,53,2568,str('H'),3,str('tstat'),0.999,1
1363,0.59,947,0.8906249999999999,0.9858453189571886,0,2,1,0,1394,str('H'),3,str('tstat'),0.001,1
1364,0.47,1695,0.7031249999999999,0.6777698187037919,0,102,5000,53,4213,str('KL'),2,str('tstat'),0.999,33
1365,0.26,1663,0.375,0.6878584407057016,0,113,1026,23,1852,str('H'),2,str('tstat'),0.999,1
1366,0.48,1743,0.7187499999999999,0.662988301910324,0,103,1,53,4425,str('KL'),2,str('stdev'),0.001,5
1367,0.6,1053,0.9062499999999999,0.9297074223186885,0,16,1,0,4357,str('KL'),2,str('tstat'),0.999,41
1368,0.65,1321,0.984375,0.8097164980954346,0,49,1,0,5000,str('H'),1,str('tstat'),0.999,14
1369,0.46,1842,0.6875,0.6337452869811526,0,148,5000,53,2396,str('KL'),1,str('tstat'),0.999,5
1370,0.27,1617,0.390625,0.7027060220675431,0,104,5000,53,5000,str('KL'),3,str('tstat'),0.001,58
1371,0.6,1065,0.9062499999999999,0.9237114717794515,0,22,4639,0,2805,str('H'),3,str('tstat'),0.039,18
1372,0.57,998,0.8593749999999999,0.9580922125792217,0,7,441,0,1543,str('KL'),3,str('stdev'),0.45,1
1373,0.6,1019,0.9062499999999999,0.9470741139385344,0,9,1,0,1579,str('KL'),3,str('tstat'),0.484,100
1374,0.56,1006,0.84375,0.9538677703147326,0,9,1577,0,2683,str('KL'),3,str('stdev'),0.426,1
1375,0.64,1087,0.96875,0.9128921483863689,0,24,1,0,1662,str('KL'),3,str('stdev'),0.001,100
1376,0.23,1617,0.328125,0.7027060220675431,0,118,3217,16,2842,str('KL'),1,str('stdev'),0.633,31
1377,0.45,2129,0.671875,0.5570924053967607,0,192,3991,43,1773,str('H'),1,str('stdev'),0.19,19
1378,0.47,2413,0.7031249999999999,0.49080141878219474,0,207,32,5,4414,str('KL'),2,str('tstat'),0.776,57
1379,0.23,2476,0.328125,0.47715637525862675,0,211,1245,47,3434,str('KL'),2,str('tstat'),0.014,2
1380,0.07,2130,0.078125,0.5568438080483677,0,194,4735,11,410,str('H'),2,str('stdev'),0.959,74
1381,0.04,2050,0.03125,0.5771097577603113,0,183,3019,38,4362,str('KL'),1,str('stdev'),0.405,85
1382,0.02,2021,0.0,0.5846519733990178,0,180,1705,20,1962,str('H'),3,str('tstat'),0.567,41
1383,0.48,1822,0.7187499999999999,0.6395242492902236,0,117,3120,26,4942,str('H'),2,str('stdev'),0.6,18
1384,0.47,3221,0.7031249999999999,0.3378862308515359,0,214,4326,51,4665,str('H'),1,str('stdev'),0.418,84
1385,0.3,1597,0.43749999999999994,0.7092936274039453,0,103,1671,53,2199,str('KL'),3,str('tstat'),0.001,10
1386,0.31,1440,0.45312499999999994,0.7640662815162231,0,85,1,22,1908,str('KL'),2,str('tstat'),0.161,13
1387,0.44,1825,0.65625,0.6386533749240559,0,145,2161,53,757,str('H'),1,str('stdev'),0.945,76
1388,0.4,1504,0.59375,0.7410506134643342,0,95,4442,20,4931,str('H'),3,str('stdev'),0.984,61
1389,0.23,1530,0.328125,0.73197888136461,0,104,836,46,2140,str('KL'),3,str('stdev'),0.935,85
