index,ACCURACY,RUNTIME,transformed_accuracy,transformed_runtime,is_pareto,pareto_layer,recent_samples_size,n_reference_samples,recent_samples_proportion,threshold
0,0.72,4,0.7391304347826084,0.9217888224792302,0,4,3073,2672,0.734,0.321
1,0.73,9,0.7826086956521737,0.815662867428022,0,8,1970,1569,0.172,0.541
2,0.7,2,0.6521739130434779,1.0,0,4,162,4000,0.988,0.228
3,0.71,5,0.6956521739130432,0.8938740449487917,0,6,4323,1288,0.512,0.734
4,0.71,5,0.6956521739130432,0.8938740449487917,0,6,4460,3237,0.903,0.606
5,0.7,4,0.6521739130434779,0.9217888224792302,0,6,583,2444,0.466,0.265
6,0.72,3,0.7391304347826084,0.9559537490069676,0,3,2213,4409,0.631,0.949
7,0.69,6,0.6086956521739126,0.8702724368383106,0,9,2672,1117,0.195,0.171
8,0.69,4,0.6086956521739126,0.9217888224792302,0,7,3474,4326,0.329,0.045
9,0.7,3,0.6521739130434779,0.9559537490069676,0,5,1203,4940,0.403,0.583
10,0.71,7,0.6956521739130432,0.8498277939557592,0,8,1584,1885,0.695,0.147
11,0.64,4,0.39130434782608686,0.9217888224792302,0,12,3294,3612,0.133,0.988
12,0.71,5,0.6956521739130432,0.8938740449487917,0,6,3209,2122,0.868,0.449
13,0.69,5,0.6086956521739126,0.8938740449487917,0,8,1833,3517,0.306,0.665
14,0.67,4,0.5217391304347826,0.9217888224792302,0,9,3923,4689,0.035,0.759
15,0.73,73,0.7826086956521737,0.5092214903360722,0,57,1414,116,0.766,0.827
16,0.69,4,0.6086956521739126,0.9217888224792302,0,7,719,2999,0.074,0.388
17,0.73,15,0.7826086956521737,0.7437018389045511,0,14,3830,713,0.964,0.303
18,0.71,5,0.6956521739130432,0.8938740449487917,0,6,4943,3753,0.572,0.427
19,0.66,6,0.47826086956521735,0.8702724368383106,0,12,90,483,0.012,0.71
20,0.68,2,0.5652173913043479,1.0,0,6,2032,2581,0.829,0.022
21,0.64,3,0.39130434782608686,0.9559537490069676,0,11,2843,1811,0.267,0.866
22,0.7,3,0.6521739130434779,0.9559537490069676,0,5,2580,4636,0.804,0.642
23,0.7,4,0.6521739130434779,0.9217888224792302,0,6,2453,1051,0.368,0.488
24,0.69,3,0.6086956521739126,0.9559537490069676,0,6,333,3308,0.535,0.798
25,0.71,7,0.6956521739130432,0.8498277939557592,0,8,4542,2222,0.098,0.082
26,0.72,6,0.7391304347826084,0.8702724368383106,0,6,4094,2923,0.489,0.204
27,0.67,3,0.5217391304347826,0.9559537490069676,0,8,784,1505,0.926,0.923
28,0.7,8,0.6521739130434779,0.8317943408906159,0,10,4801,2214,0.333,0.261
29,0.72,12,0.7391304347826084,0.7754929599122368,0,12,5000,1104,0.911,0.389
30,0.72,9,0.7391304347826084,0.815662867428022,0,9,1642,1456,0.801,0.362
31,0.69,4,0.6086956521739126,0.9217888224792302,0,7,141,520,0.439,0.268
32,0.71,6,0.6956521739130432,0.8702724368383106,0,7,5000,2977,0.999,0.001
33,0.73,12,0.7826086956521737,0.7754929599122368,0,11,4725,1317,0.846,0.001
34,0.73,10,0.7826086956521737,0.8010701746471536,0,9,3103,718,0.45,0.379
35,0.69,7,0.6086956521739126,0.8498277939557592,0,10,4609,2488,0.277,0.29
36,0.73,13,0.7826086956521737,0.7641464817871022,0,12,1507,689,0.999,0.355
37,0.72,8,0.7391304347826084,0.8317943408906159,0,8,2586,563,0.44,0.001
38,0.72,8,0.7391304347826084,0.8317943408906159,0,8,5000,2045,0.369,0.344
39,0.73,17,0.7826086956521737,0.7256683858394077,0,16,5000,751,0.999,0.418
40,0.68,3,0.5652173913043479,0.9559537490069676,0,7,915,5000,0.999,0.001
41,0.64,3,0.39130434782608686,0.9559537490069676,0,11,43,2650,0.999,0.001
42,0.74,11,0.8260869565217389,0.7877480898975835,0,8,4810,1474,0.826,0.466
43,0.65,3,0.4347826086956521,0.9559537490069676,0,10,54,2687,0.27,0.001
44,0.68,2,0.5652173913043479,1.0,0,6,1,716,0.999,0.525
45,0.68,2,0.5652173913043479,1.0,0,6,3222,1050,0.999,0.898
46,0.72,7,0.7391304347826084,0.8498277939557592,0,7,3084,1014,0.999,0.449
47,0.69,2,0.6086956521739126,1.0,0,5,1,1721,0.999,0.505
48,0.71,4,0.6956521739130432,0.9217888224792302,0,5,1565,2286,0.999,0.712
49,0.66,4,0.47826086956521735,0.9217888224792302,0,10,1697,3636,0.999,0.001
50,0.71,2,0.6956521739130432,1.0,0,3,4230,520,0.999,0.999
51,0.68,3,0.5652173913043479,0.9559537490069676,0,7,1,2005,0.999,0.78
52,0.71,2,0.6956521739130432,1.0,0,3,1,4678,0.999,0.306
53,0.71,5,0.6956521739130432,0.8938740449487917,0,6,3124,1069,0.999,0.623
54,0.72,5,0.7391304347826084,0.8938740449487917,0,5,4525,3777,0.999,0.001
55,0.71,2,0.6956521739130432,1.0,0,3,1,3469,0.999,0.201
56,0.71,8,0.6956521739130432,0.8317943408906159,0,9,3036,862,0.999,0.347
57,0.69,2,0.6086956521739126,1.0,0,5,2416,5000,0.999,0.047
58,0.67,4,0.5217391304347826,0.9217888224792302,0,9,1724,4077,0.999,0.001
59,0.71,2,0.6956521739130432,1.0,0,3,3069,1111,0.999,0.999
60,0.74,3,0.8260869565217389,0.9559537490069676,1,1,2939,2404,0.999,0.912
61,0.69,4,0.6086956521739126,0.9217888224792302,0,7,3851,2527,0.999,0.79
62,0.72,5,0.7391304347826084,0.8938740449487917,0,5,5000,3891,0.001,0.001
63,0.72,2,0.7391304347826084,1.0,0,2,2055,2410,0.999,0.451
64,0.72,2,0.7391304347826084,1.0,0,2,1,668,0.999,0.396
65,0.68,2,0.5652173913043479,1.0,0,6,1,1806,0.999,0.222
66,0.69,4,0.6086956521739126,0.9217888224792302,0,7,1604,4019,0.999,0.302
67,0.68,4,0.5652173913043479,0.9217888224792302,0,8,1809,4421,0.001,0.001
68,0.67,2,0.5217391304347826,1.0,0,7,1,859,0.999,0.001
69,0.71,2,0.6956521739130432,1.0,0,3,1315,2141,0.999,0.999
70,0.69,2,0.6086956521739126,1.0,0,5,2001,3107,0.999,0.001
71,0.7,5,0.6521739130434779,0.8938740449487917,0,7,4991,97,0.999,0.999
72,0.69,6,0.6086956521739126,0.8702724368383106,0,9,5000,2856,0.999,0.371
73,0.7,15,0.6521739130434779,0.7437018389045511,0,17,5000,915,0.999,0.399
74,0.71,4,0.6956521739130432,0.9217888224792302,0,5,2501,1024,0.999,0.479
75,0.68,3,0.5652173913043479,0.9559537490069676,0,7,2155,2801,0.999,0.435
76,0.74,11,0.8260869565217389,0.7877480898975835,0,8,5000,989,0.999,0.562
77,0.69,3,0.6086956521739126,0.9559537490069676,0,6,2454,1031,0.999,0.63
78,0.72,7,0.7391304347826084,0.8498277939557592,0,7,3626,1834,0.999,0.179
79,0.7,7,0.6521739130434779,0.8498277939557592,0,9,2841,952,0.999,0.474
80,0.68,5,0.5652173913043479,0.8938740449487917,0,9,5000,3331,0.999,0.267
81,0.73,14,0.7826086956521737,0.7535831633698462,0,13,5000,929,0.999,0.226
82,0.73,6,0.7826086956521737,0.8702724368383106,0,5,5000,2558,0.371,0.001
83,0.72,11,0.7391304347826084,0.7877480898975835,0,11,3413,833,0.999,0.001
84,0.72,13,0.7391304347826084,0.7641464817871022,0,13,5000,971,0.374,0.323
85,0.71,7,0.6956521739130432,0.8498277939557592,0,8,3294,1660,0.999,0.313
86,0.66,5,0.47826086956521735,0.8938740449487917,0,11,1565,1106,0.999,0.673
87,0.7,4,0.6521739130434779,0.9217888224792302,0,6,2507,2323,0.999,0.354
88,0.71,5,0.6956521739130432,0.8938740449487917,0,6,3977,3979,0.999,0.4
89,0.72,11,0.7391304347826084,0.7877480898975835,0,11,3344,831,0.999,0.448
90,0.71,2,0.6956521739130432,1.0,0,3,5000,319,0.999,0.999
91,0.72,8,0.7391304347826084,0.8317943408906159,0,8,4279,1881,0.999,0.28
92,0.71,6,0.6956521739130432,0.8702724368383106,0,7,5000,2820,0.999,0.591
93,0.69,5,0.6086956521739126,0.8938740449487917,0,8,3010,1878,0.999,0.149
94,0.73,26,0.7826086956521737,0.6635886817812319,0,25,5000,545,0.999,0.22
95,0.71,3,0.6956521739130432,0.9559537490069676,0,4,4667,449,0.999,0.999
96,0.7,4,0.6521739130434779,0.9217888224792302,0,6,2813,1245,0.999,0.713
97,0.73,28,0.7826086956521737,0.6526477863808513,0,27,5000,442,0.999,0.001
98,0.65,3,0.4347826086956521,0.9559537490069676,0,10,5000,1902,0.999,0.894
99,0.73,20,0.7826086956521737,0.7020667777289264,0,19,5000,583,0.487,0.285
100,0.72,16,0.7391304347826084,0.7344197613453665,0,16,5000,810,0.999,0.001
101,0.72,3,0.7391304347826084,0.9559537490069676,0,3,2725,1267,0.999,0.81
102,0.67,4,0.5217391304347826,0.9217888224792302,0,9,5000,4532,0.206,0.001
103,0.73,18,0.7826086956521737,0.7173902947568793,0,17,5000,662,0.727,0.327
104,0.73,35,0.7826086956521737,0.6195424307881994,0,34,3243,205,0.541,0.001
105,0.73,31,0.7826086956521737,0.6375758838533427,0,30,5000,395,0.47,0.001
106,0.71,8,0.6956521739130432,0.8317943408906159,0,9,5000,1987,0.999,0.001
107,0.69,4,0.6086956521739126,0.9217888224792302,0,7,2354,853,0.999,0.001
108,0.74,17,0.8260869565217389,0.7256683858394077,0,12,5000,698,0.999,0.235
109,0.69,5,0.6086956521739126,0.8938740449487917,0,8,2550,868,0.999,0.155
110,0.71,2,0.6956521739130432,1.0,0,3,1,765,0.999,0.999
111,0.72,7,0.7391304347826084,0.8498277939557592,0,7,2768,850,0.999,0.212
112,0.73,19,0.7826086956521737,0.7095369123768137,0,18,5000,605,0.999,0.365
113,0.73,10,0.7826086956521737,0.8010701746471536,0,9,3302,794,0.999,0.293
114,0.72,20,0.7391304347826084,0.7020667777289264,0,20,5000,603,0.999,0.007
115,0.69,4,0.6086956521739126,0.9217888224792302,0,7,2686,2215,0.999,0.001
116,0.71,2,0.6956521739130432,1.0,0,3,4721,559,0.999,0.999
117,0.71,7,0.6956521739130432,0.8498277939557592,0,8,2715,786,0.39,0.001
118,0.64,2,0.39130434782608686,1.0,0,10,1,773,0.999,0.689
119,0.71,4,0.6956521739130432,0.9217888224792302,0,5,3217,2996,0.001,0.001
120,0.7,2,0.6521739130434779,1.0,0,4,4577,1349,0.999,0.997
121,0.69,6,0.6086956521739126,0.8702724368383106,0,9,3058,1633,0.999,0.001
122,0.71,3,0.6956521739130432,0.9559537490069676,0,4,3320,2714,0.999,0.923
123,0.72,3,0.7391304347826084,0.9559537490069676,0,3,2664,2513,0.999,0.928
124,0.72,3,0.7391304347826084,0.9559537490069676,0,3,3243,3118,0.999,0.918
125,0.72,2,0.7391304347826084,1.0,0,2,3160,2057,0.999,0.927
126,0.68,3,0.5652173913043479,0.9559537490069676,0,7,2932,3112,0.293,0.924
127,0.69,3,0.6086956521739126,0.9559537490069676,0,6,2205,2583,0.999,0.485
128,0.72,7,0.7391304347826084,0.8498277939557592,0,7,2905,1130,0.402,0.559
129,0.69,3,0.6086956521739126,0.9559537490069676,0,6,2470,2051,0.999,0.941
130,0.63,3,0.3478260869565216,0.9559537490069676,0,12,2989,3957,0.999,0.921
131,0.72,2,0.7391304347826084,1.0,0,2,2494,5000,0.999,0.931
132,0.68,3,0.5652173913043479,0.9559537490069676,0,7,2709,4144,0.367,0.343
133,0.68,3,0.5652173913043479,0.9559537490069676,0,7,2755,4811,0.999,0.34
134,0.7,4,0.6521739130434779,0.9217888224792302,0,6,2658,2244,0.948,0.556
135,0.69,5,0.6086956521739126,0.8938740449487917,0,8,4666,3140,0.878,0.179
136,0.66,2,0.47826086956521735,1.0,0,8,2813,2784,0.999,0.928
137,0.72,2,0.7391304347826084,1.0,0,2,2078,3873,0.999,0.938
138,0.67,5,0.5217391304347826,0.8938740449487917,0,10,3749,3290,0.999,0.179
139,0.71,2,0.6956521739130432,1.0,0,3,1402,4884,0.999,0.995
140,0.64,3,0.39130434782608686,0.9559537490069676,0,11,3549,2110,0.999,0.934
141,0.67,2,0.5217391304347826,1.0,0,7,216,4183,0.001,0.157
142,0.68,7,0.5652173913043479,0.8498277939557592,0,11,2359,2615,0.001,0.934
143,0.72,2,0.7391304347826084,1.0,0,2,1,5000,0.001,0.347
144,0.71,2,0.6956521739130432,1.0,0,3,3363,4193,0.999,0.922
145,0.71,5,0.6956521739130432,0.8938740449487917,0,6,3862,3483,0.001,0.176
146,0.72,3,0.7391304347826084,0.9559537490069676,0,3,3253,4492,0.999,0.322
147,0.68,10,0.5652173913043479,0.8010701746471536,0,14,1705,2582,0.001,0.555
148,0.71,2,0.6956521739130432,1.0,0,3,1,3574,0.311,0.152
149,0.73,26,0.7826086956521737,0.6635886817812319,0,25,4858,494,0.999,0.477
150,0.71,3,0.6956521739130432,0.9559537490069676,0,4,1554,1233,0.999,0.999
151,0.72,20,0.7391304347826084,0.7020667777289264,0,20,5000,580,0.999,0.537
152,0.7,3,0.6521739130434779,0.9559537490069676,0,5,1,3046,0.999,0.351
153,0.71,2,0.6956521739130432,1.0,0,3,2367,1085,0.999,0.999
154,0.72,2,0.7391304347826084,1.0,0,2,1,5000,0.999,0.386
155,0.71,7,0.6956521739130432,0.8498277939557592,0,8,5000,2197,0.999,0.549
156,0.74,47,0.8260869565217389,0.5754961797951669,0,37,5000,369,0.999,0.43
157,0.69,2,0.6086956521739126,1.0,0,5,1,4293,0.999,0.362
158,0.71,3,0.6956521739130432,0.9559537490069676,0,4,2540,1361,0.999,0.999
159,0.71,18,0.6956521739130432,0.7173902947568793,0,19,5000,798,0.999,0.524
160,0.58,2,0.1304347826086953,1.0,0,13,1,4660,0.001,0.327
161,0.71,14,0.6956521739130432,0.7535831633698462,0,15,3882,1045,0.545,0.279
162,0.74,13,0.8260869565217389,0.7641464817871022,0,10,5000,1120,0.22,0.001
163,0.68,3,0.5652173913043479,0.9559537490069676,0,7,2251,1063,0.703,0.001
164,0.71,3,0.6956521739130432,0.9559537490069676,0,4,5000,461,0.83,0.999
165,0.73,22,0.7826086956521737,0.6881383262895218,0,21,5000,583,0.302,0.001
166,0.73,19,0.7826086956521737,0.7095369123768137,0,18,4286,717,0.425,0.001
167,0.73,13,0.7826086956521737,0.7641464817871022,0,12,4403,1011,0.604,0.259
168,0.73,7,0.7826086956521737,0.8498277939557592,0,6,2965,1066,0.62,0.148
169,0.69,6,0.6086956521739126,0.8702724368383106,0,9,5000,2335,0.001,0.001
170,0.73,9,0.7826086956521737,0.815662867428022,0,8,5000,1644,0.431,0.001
171,0.71,2,0.6956521739130432,1.0,0,3,158,3821,0.999,0.999
172,0.71,3,0.6956521739130432,0.9559537490069676,0,4,4200,1645,0.999,0.999
173,0.71,2,0.6956521739130432,1.0,0,3,1,1720,0.999,0.999
174,0.74,22,0.8260869565217389,0.6881383262895218,0,17,5000,527,0.296,0.454
175,0.71,2,0.6956521739130432,1.0,0,3,21,5000,0.999,0.999
176,0.71,2,0.6956521739130432,1.0,0,3,1632,3200,0.999,0.999
177,0.71,2,0.6956521739130432,1.0,0,3,5000,3616,0.999,0.999
178,0.71,2,0.6956521739130432,1.0,0,3,846,4219,0.999,0.999
179,0.72,8,0.7391304347826084,0.8317943408906159,0,8,5000,1792,0.261,0.502
180,0.71,3,0.6956521739130432,0.9559537490069676,0,4,1,2157,0.999,0.302
181,0.74,22,0.8260869565217389,0.6881383262895218,0,17,5000,636,0.621,0.462
182,0.71,2,0.6956521739130432,1.0,0,3,5000,3210,0.999,0.999
183,0.73,34,0.7826086956521737,0.6238556002081566,0,33,5000,474,0.499,0.128
184,0.73,2,0.7826086956521737,1.0,1,1,3052,4742,0.999,0.999
185,0.71,2,0.6956521739130432,1.0,0,3,1,2347,0.999,0.999
186,0.71,3,0.6956521739130432,0.9559537490069676,0,4,859,3939,0.999,0.999
187,0.71,2,0.6956521739130432,1.0,0,3,638,3210,0.999,0.999
188,0.71,2,0.6956521739130432,1.0,0,3,1,1419,0.999,0.999
189,0.71,2,0.6956521739130432,1.0,0,3,1,3963,0.999,0.999
190,0.73,17,0.7826086956521737,0.7256683858394077,0,16,5000,787,0.527,0.001
191,0.71,2,0.6956521739130432,1.0,0,3,5000,2502,0.999,0.999
192,0.71,2,0.6956521739130432,1.0,0,3,3899,5000,0.999,0.999
193,0.73,10,0.7826086956521737,0.8010701746471536,0,9,5000,1569,0.495,0.547
194,0.67,2,0.5217391304347826,1.0,0,7,1,708,0.999,0.296
195,0.71,2,0.6956521739130432,1.0,0,3,5000,4138,0.999,0.999
196,0.72,15,0.7391304347826084,0.7437018389045511,0,15,5000,927,0.556,0.454
197,0.71,13,0.6956521739130432,0.7641464817871022,0,14,5000,880,0.459,0.575
198,0.63,2,0.3478260869565216,1.0,0,11,1,2045,0.001,0.001
199,0.71,2,0.6956521739130432,1.0,0,3,3839,898,0.999,0.999
200,0.71,2,0.6956521739130432,1.0,0,3,1,990,0.999,0.999
201,0.68,3,0.5652173913043479,0.9559537490069676,0,7,2615,5000,0.999,0.52
202,0.69,5,0.6086956521739126,0.8938740449487917,0,8,2463,926,0.717,0.347
203,0.71,3,0.6956521739130432,0.9559537490069676,0,4,5000,2799,0.999,0.999
204,0.72,2,0.7391304347826084,1.0,0,2,1,5000,0.999,0.587
205,0.72,6,0.7391304347826084,0.8702724368383106,0,6,5000,3329,0.001,0.593
206,0.71,2,0.6956521739130432,1.0,0,3,1,414,0.999,0.271
207,0.72,18,0.7391304347826084,0.7173902947568793,0,18,5000,777,0.533,0.415
208,0.66,5,0.47826086956521735,0.8938740449487917,0,11,5000,3447,0.001,0.001
209,0.73,22,0.7826086956521737,0.6881383262895218,0,21,4684,523,0.005,0.067
210,0.73,23,0.7826086956521737,0.6816221348463751,0,22,4824,572,0.853,0.074
211,0.73,17,0.7826086956521737,0.7256683858394077,0,16,5000,818,0.269,0.071
212,0.73,23,0.7826086956521737,0.6816221348463751,0,22,5000,224,0.964,0.757
213,0.7,5,0.6521739130434779,0.8938740449487917,0,7,5000,4012,0.999,0.621
214,0.66,3,0.47826086956521735,0.9559537490069676,0,9,3009,5000,0.99,0.585
215,0.73,23,0.7826086956521737,0.6816221348463751,0,22,5000,588,0.123,0.108
216,0.73,24,0.7826086956521737,0.6753719858490763,0,23,5000,534,0.592,0.376
217,0.71,9,0.6956521739130432,0.815662867428022,0,10,4922,2026,0.001,0.648
218,0.73,35,0.7826086956521737,0.6195424307881994,0,34,5000,381,0.041,0.053
219,0.71,2,0.6956521739130432,1.0,0,3,3063,5000,0.999,0.999
220,0.71,2,0.6956521739130432,1.0,0,3,5000,5000,0.999,0.999
221,0.71,2,0.6956521739130432,1.0,0,3,4051,4380,0.999,0.999
222,0.73,2,0.7826086956521737,1.0,1,1,5000,4690,0.999,0.999
223,0.71,11,0.6956521739130432,0.7877480898975835,0,12,5000,1164,0.512,0.071
224,0.7,3,0.6521739130434779,0.9559537490069676,0,5,310,4998,0.001,0.674
225,0.7,5,0.6521739130434779,0.8938740449487917,0,7,5000,2229,0.999,0.712
226,0.68,4,0.5652173913043479,0.9217888224792302,0,8,3684,4927,0.001,0.105
227,0.71,6,0.6956521739130432,0.8702724368383106,0,7,4784,232,0.999,0.831
228,0.67,3,0.5217391304347826,0.9559537490069676,0,8,105,581,0.999,0.1
229,0.69,4,0.6086956521739126,0.9217888224792302,0,7,4142,735,0.999,0.781
230,0.67,4,0.5217391304347826,0.9217888224792302,0,9,4769,4006,0.999,0.086
231,0.71,9,0.6956521739130432,0.815662867428022,0,10,4982,2225,0.001,0.468
232,0.71,4,0.6956521739130432,0.9217888224792302,0,5,4907,4804,0.723,0.104
233,0.7,3,0.6521739130434779,0.9559537490069676,0,5,589,4450,0.999,0.694
234,0.68,2,0.5652173913043479,1.0,0,6,334,4953,0.999,0.651
235,0.63,2,0.3478260869565216,1.0,0,11,127,4911,0.999,0.728
236,0.71,11,0.6956521739130432,0.7877480898975835,0,12,5000,828,0.999,0.623
237,0.72,12,0.7391304347826084,0.7754929599122368,0,12,4884,3144,0.001,0.678
238,0.68,4,0.5652173913043479,0.9217888224792302,0,8,3314,4845,0.001,0.627
239,0.72,8,0.7391304347826084,0.8317943408906159,0,8,5000,2130,0.001,0.586
240,0.73,12,0.7826086956521737,0.7754929599122368,0,11,5000,676,0.378,0.648
241,0.69,4,0.6086956521739126,0.9217888224792302,0,7,2451,950,0.999,0.333
242,0.72,17,0.7391304347826084,0.7256683858394077,0,17,5000,676,0.066,0.165
243,0.71,8,0.6956521739130432,0.8317943408906159,0,9,4956,1412,0.334,0.612
244,0.7,2,0.6521739130434779,1.0,0,4,186,5000,0.715,0.225
245,0.71,2,0.6956521739130432,1.0,0,3,4474,3824,0.999,0.999
246,0.71,2,0.6956521739130432,1.0,0,3,3707,3069,0.999,0.999
247,0.69,5,0.6086956521739126,0.8938740449487917,0,8,5000,4670,0.001,0.555
248,0.72,36,0.7391304347826084,0.6153474453872805,0,36,4993,306,0.333,0.687
249,0.73,20,0.7826086956521737,0.7020667777289264,0,19,5000,594,0.605,0.071
250,0.71,2,0.6956521739130432,1.0,0,3,1,332,0.956,0.999
251,0.72,6,0.7391304347826084,0.8702724368383106,0,6,5000,2552,0.474,0.578
252,0.72,9,0.7391304347826084,0.815662867428022,0,9,5000,1558,0.559,0.061
253,0.72,8,0.7391304347826084,0.8317943408906159,0,8,5000,1804,0.999,0.511
254,0.74,17,0.8260869565217389,0.7256683858394077,0,12,5000,742,0.999,0.125
255,0.71,2,0.6956521739130432,1.0,0,3,4055,4779,0.999,0.999
256,0.71,5,0.6956521739130432,0.8938740449487917,0,6,1,643,0.104,0.999
257,0.7,7,0.6521739130434779,0.8498277939557592,0,9,5000,1714,0.424,0.651
258,0.71,2,0.6956521739130432,1.0,0,3,1996,5000,0.999,0.999
259,0.71,2,0.6956521739130432,1.0,0,3,3421,3376,0.999,0.999
260,0.71,2,0.6956521739130432,1.0,0,3,2294,3452,0.999,0.999
261,0.73,18,0.7826086956521737,0.7173902947568793,0,17,5000,692,0.446,0.061
262,0.71,5,0.6956521739130432,0.8938740449487917,0,6,2652,954,0.999,0.38
263,0.7,2,0.6521739130434779,1.0,0,4,2348,4828,0.999,0.16
264,0.74,20,0.8260869565217389,0.7020667777289264,0,15,4296,631,0.999,0.333
265,0.72,7,0.7391304347826084,0.8498277939557592,0,7,4144,1846,0.015,0.056
266,0.73,18,0.7826086956521737,0.7173902947568793,0,17,3364,441,0.659,0.213
267,0.67,4,0.5217391304347826,0.9217888224792302,0,9,2589,4611,0.143,0.166
268,0.71,6,0.6956521739130432,0.8702724368383106,0,7,1662,342,0.572,0.911
269,0.68,3,0.5652173913043479,0.9559537490069676,0,7,56,3463,0.481,0.26
270,0.72,14,0.7391304347826084,0.7535831633698462,0,14,4127,1487,0.8,0.505
271,0.68,7,0.5652173913043479,0.8498277939557592,0,11,4616,3039,0.693,0.692
272,0.71,6,0.6956521739130432,0.8702724368383106,0,7,1207,2010,0.03,0.446
273,0.64,4,0.39130434782608686,0.9217888224792302,0,12,2072,3884,0.929,0.848
274,0.72,11,0.7391304347826084,0.7877480898975835,0,11,3665,1167,0.344,0.104
275,0.69,5,0.6086956521739126,0.8938740449487917,0,8,3346,3146,0.954,0.397
276,0.7,3,0.6521739130434779,0.9559537490069676,0,5,2400,1807,0.26,0.652
277,0.67,4,0.5217391304347826,0.9217888224792302,0,9,882,4928,0.668,0.056
278,0.74,489,0.8260869565217389,0.21979642288587486,0,64,4933,23,0.114,0.806
279,0.71,3,0.6956521739130432,0.9559537490069676,0,4,3820,4191,0.381,0.995
280,0.7,4,0.6521739130434779,0.9217888224792302,0,6,352,858,0.841,0.241
281,0.69,5,0.6086956521739126,0.8938740449487917,0,8,1364,2732,0.243,0.588
282,0.68,6,0.5652173913043479,0.8702724368383106,0,10,2898,2320,0.532,0.336
283,0.63,4,0.3478260869565216,0.9217888224792302,0,13,2985,2613,0.295,0.837
284,0.7,6,0.6521739130434779,0.8702724368383106,0,8,1433,2358,0.989,0.086
285,0.71,17,0.6956521739130432,0.7256683858394077,0,18,4044,742,0.633,0.49
286,0.7,4,0.6521739130434779,0.9217888224792302,0,6,4690,4734,0.868,0.305
287,0.73,15,0.7826086956521737,0.7437018389045511,0,14,656,297,0.408,0.557
288,0.65,4,0.4347826086956521,0.9217888224792302,0,11,2311,3419,0.504,0.147
289,0.71,5,0.6956521739130432,0.8938740449487917,0,6,3279,1610,0.216,0.901
290,0.71,5,0.6956521739130432,0.8938740449487917,0,6,3576,3922,0.607,0.598
291,0.7,2,0.6521739130434779,1.0,0,4,2005,1049,0.178,0.353
292,0.72,10,0.7391304347826084,0.8010701746471536,0,10,4684,2492,0.503,0.013
293,0.74,165,0.8260869565217389,0.3855225559173717,0,58,4498,91,0.22,0.405
294,0.72,15,0.7391304347826084,0.7437018389045511,0,15,4362,1840,0.454,0.427
295,0.74,357,0.8260869565217389,0.2678526072687061,0,61,1888,46,0.395,0.171
296,0.69,5,0.6086956521739126,0.8938740449487917,0,8,444,279,0.677,0.953
297,0.74,66,0.8260869565217389,0.5244361503462422,0,45,4939,187,0.039,0.176
298,0.74,77,0.8260869565217389,0.5011613457516444,0,47,4160,154,0.999,0.353
299,0.71,4,0.6956521739130432,0.9217888224792302,0,5,3569,160,0.999,0.999
300,0.73,309,0.7826086956521737,0.2898940524770426,0,85,3280,38,0.629,0.113
301,0.74,65,0.8260869565217389,0.5267385604865613,0,44,5000,184,0.445,0.453
302,0.74,102,0.8260869565217389,0.45859440471165747,0,52,4916,183,0.431,0.308
303,0.71,2,0.6956521739130432,1.0,0,3,1,449,0.999,0.999
304,0.71,14,0.6956521739130432,0.7535831633698462,0,15,5000,2850,0.001,0.588
305,0.73,40,0.7826086956521737,0.5996303358827746,0,39,5000,350,0.999,0.112
306,0.73,96,0.7826086956521737,0.46778360547754083,0,67,5000,173,0.999,0.3
307,0.71,3,0.6956521739130432,0.9559537490069676,0,4,2750,2267,0.475,0.999
308,0.73,8,0.7826086956521737,0.8317943408906159,0,7,5000,2102,0.999,0.001
309,0.71,4,0.6956521739130432,0.9217888224792302,0,5,854,180,0.999,0.999
310,0.71,3,0.6956521739130432,0.9559537490069676,0,4,1,616,0.999,0.999
311,0.73,43,0.7826086956521737,0.5888182645447371,0,41,5000,367,0.999,0.334
312,0.7,10,0.6521739130434779,0.8010701746471536,0,12,4739,2396,0.001,0.619
313,0.71,2,0.6956521739130432,1.0,0,3,3612,3709,0.999,0.999
314,0.71,2,0.6956521739130432,1.0,0,3,1760,4085,0.999,0.999
315,0.67,40,0.5217391304347826,0.5996303358827746,0,40,1,4083,0.001,0.999
316,0.73,66,0.7826086956521737,0.5244361503462422,0,55,4748,287,0.488,0.246
317,0.71,11,0.6956521739130432,0.7877480898975835,0,12,5000,1308,0.999,0.425
318,0.69,6,0.6086956521739126,0.8702724368383106,0,9,5000,3198,0.001,0.001
319,0.69,51,0.6086956521739126,0.5632410498098201,0,47,4761,4313,0.001,0.999
320,0.71,2,0.6956521739130432,1.0,0,3,3646,4900,0.999,0.999
321,0.73,30,0.7826086956521737,0.6424368441584047,0,29,5000,431,0.999,0.077
322,0.73,65,0.7826086956521737,0.5267385604865613,0,54,5000,216,0.013,0.097
323,0.74,40,0.8260869565217389,0.5996303358827746,0,33,5000,358,0.999,0.207
324,0.71,4,0.6956521739130432,0.9217888224792302,0,5,4190,1357,0.21,0.999
325,0.7,7,0.6521739130434779,0.8498277939557592,0,9,3767,3725,0.001,0.601
326,0.71,7,0.6956521739130432,0.8498277939557592,0,8,712,448,0.12,0.999
327,0.73,5,0.7826086956521737,0.8938740449487917,0,4,5000,4529,0.999,0.001
328,0.68,5,0.5652173913043479,0.8938740449487917,0,9,4794,4238,0.559,0.61
329,0.71,5,0.6956521739130432,0.8938740449487917,0,6,4811,3365,0.065,0.999
330,0.71,12,0.6956521739130432,0.7754929599122368,0,13,3304,962,0.023,0.999
331,0.7,7,0.6521739130434779,0.8498277939557592,0,9,5000,2732,0.999,0.001
332,0.73,5,0.7826086956521737,0.8938740449487917,0,4,5000,4050,0.429,0.001
333,0.71,5,0.6956521739130432,0.8938740449487917,0,6,3538,4881,0.064,0.999
334,0.71,10,0.6956521739130432,0.8010701746471536,0,11,5000,1540,0.999,0.001
335,0.71,14,0.6956521739130432,0.7535831633698462,0,15,5000,1313,0.313,0.055
336,0.73,34,0.7826086956521737,0.6238556002081566,0,33,5000,422,0.358,0.21
337,0.73,28,0.7826086956521737,0.6526477863808513,0,27,5000,432,0.999,0.271
338,0.71,3,0.6956521739130432,0.9559537490069676,0,4,93,395,0.721,0.999
339,0.69,5,0.6086956521739126,0.8938740449487917,0,8,5000,4206,0.916,0.001
340,0.71,3,0.6956521739130432,0.9559537490069676,0,4,1431,4122,0.666,0.999
341,0.71,4,0.6956521739130432,0.9217888224792302,0,5,531,2043,0.442,0.999
342,0.71,3,0.6956521739130432,0.9559537490069676,0,4,3011,2458,0.401,0.999
343,0.69,6,0.6086956521739126,0.8702724368383106,0,9,4691,3604,0.999,0.595
344,0.67,96,0.5217391304347826,0.46778360547754083,0,68,3314,2897,0.001,0.999
345,0.72,7,0.7391304347826084,0.8498277939557592,0,7,5000,2806,0.418,0.001
346,0.7,7,0.6521739130434779,0.8498277939557592,0,9,5000,3070,0.382,0.001
347,0.71,3,0.6956521739130432,0.9559537490069676,0,4,3974,4562,0.999,0.999
348,0.71,2,0.6956521739130432,1.0,0,3,2831,2923,0.999,0.999
349,0.7,6,0.6521739130434779,0.8702724368383106,0,8,5000,2730,0.001,0.001
350,0.71,3,0.6956521739130432,0.9559537490069676,0,4,1586,3201,0.554,0.999
351,0.72,5,0.7391304347826084,0.8938740449487917,0,5,5000,3776,0.468,0.001
352,0.71,7,0.6956521739130432,0.8498277939557592,0,8,3785,2797,0.001,0.372
353,0.7,84,0.6521739130434779,0.48800292471521267,0,61,3398,2420,0.001,0.999
354,0.71,3,0.6956521739130432,0.9559537490069676,0,4,1457,2559,0.627,0.999
355,0.69,7,0.6086956521739126,0.8498277939557592,0,10,4687,2348,0.537,0.683
356,0.71,3,0.6956521739130432,0.9559537490069676,0,4,1580,1475,0.554,0.999
357,0.71,3,0.6956521739130432,0.9559537490069676,0,4,4967,2377,0.703,0.999
358,0.71,8,0.6956521739130432,0.8317943408906159,0,9,5000,2092,0.474,0.001
359,0.68,6,0.5652173913043479,0.8702724368383106,0,10,5000,2859,0.477,0.49
360,0.67,3,0.5217391304347826,0.9559537490069676,0,8,2182,3689,0.575,0.999
361,0.67,6,0.5217391304347826,0.8702724368383106,0,11,3701,2100,0.474,0.647
362,0.69,6,0.6086956521739126,0.8702724368383106,0,9,4571,3228,0.381,0.424
363,0.71,4,0.6956521739130432,0.9217888224792302,0,5,38,545,0.279,0.88
364,0.71,3,0.6956521739130432,0.9559537490069676,0,4,1329,922,0.553,0.999
365,0.69,7,0.6086956521739126,0.8498277939557592,0,10,5000,2445,0.999,0.005
366,0.73,33,0.7826086956521737,0.6282938062941583,0,32,5000,364,0.418,0.147
367,0.71,3,0.6956521739130432,0.9559537490069676,0,4,3572,1172,0.341,0.999
368,0.73,13,0.7826086956521737,0.7641464817871022,0,12,4960,1019,0.999,0.062
369,0.72,14,0.7391304347826084,0.7535831633698462,0,14,4994,1114,0.999,0.311
370,0.69,5,0.6086956521739126,0.8938740449487917,0,8,4859,3518,0.481,0.564
371,0.73,11,0.7826086956521737,0.7877480898975835,0,10,681,394,0.981,0.184
372,0.68,6,0.5652173913043479,0.8702724368383106,0,10,1373,4501,0.033,0.958
373,0.71,6,0.6956521739130432,0.8702724368383106,0,7,3054,1374,0.532,0.294
374,0.71,4,0.6956521739130432,0.9217888224792302,0,5,3456,4180,0.787,0.407
375,0.67,3,0.5217391304347826,0.9559537490069676,0,8,2089,2302,0.289,0.837
376,0.67,3,0.5217391304347826,0.9559537490069676,0,8,281,2647,0.728,0.055
377,0.72,14,0.7391304347826084,0.7535831633698462,0,14,4150,776,0.231,0.701
378,0.68,4,0.5652173913043479,0.9217888224792302,0,8,3942,4748,0.649,0.799
379,0.68,3,0.5652173913043479,0.9559537490069676,0,7,388,1625,0.15,0.449
380,0.64,3,0.39130434782608686,0.9559537490069676,0,11,2330,3153,0.832,0.661
381,0.73,350,0.7826086956521737,0.27087598258408463,0,86,3387,27,0.333,0.091
382,0.68,4,0.5652173913043479,0.9217888224792302,0,8,2537,2871,0.081,0.204
383,0.72,13,0.7391304347826084,0.7641464817871022,0,13,1797,993,0.582,0.54
384,0.71,4,0.6956521739130432,0.9217888224792302,0,5,1239,3760,0.405,0.321
385,0.72,3,0.7391304347826084,0.9559537490069676,0,3,4482,1889,0.905,0.935
386,0.67,5,0.5217391304347826,0.8938740449487917,0,10,4671,3938,0.184,0.011
387,0.69,4,0.6086956521739126,0.9217888224792302,0,7,1040,2064,0.682,0.737
388,0.71,5,0.6956521739130432,0.8938740449487917,0,6,1595,3045,0.367,0.404
389,0.71,3,0.6956521739130432,0.9559537490069676,0,4,2729,1169,0.865,0.848
390,0.72,3,0.7391304347826084,0.9559537490069676,0,3,3263,3291,0.611,0.976
391,0.74,19,0.8260869565217389,0.7095369123768137,0,14,2443,163,0.111,0.268
392,0.69,3,0.6086956521739126,0.9559537490069676,0,6,499,4883,0.934,0.624
393,0.71,8,0.6956521739130432,0.8317943408906159,0,9,3821,1762,0.435,0.132
394,0.69,6,0.6086956521739126,0.8702724368383106,0,9,4340,2786,0.952,0.37
395,0.7,2,0.6521739130434779,1.0,0,4,83,912,0.452,0.878
396,0.68,4,0.5652173913043479,0.9217888224792302,0,8,1888,4315,0.504,0.232
397,0.69,6,0.6086956521739126,0.8702724368383106,0,9,3648,2439,0.003,0.52
398,0.69,3,0.6086956521739126,0.9559537490069676,0,6,2931,4678,0.256,0.648
399,0.7,8,0.6521739130434779,0.8317943408906159,0,10,1487,1549,0.754,0.096
400,0.67,4,0.5217391304347826,0.9217888224792302,0,9,792,3692,0.197,0.765
401,0.73,20,0.7826086956521737,0.7020667777289264,0,19,4738,571,0.696,0.491
402,0.71,4,0.6956521739130432,0.9217888224792302,0,5,4818,4429,0.817,0.149
403,0.67,5,0.5217391304347826,0.8938740449487917,0,10,874,1300,0.318,0.607
404,0.7,4,0.6521739130434779,0.9217888224792302,0,6,1410,3453,0.634,0.251
405,0.71,7,0.6956521739130432,0.8498277939557592,0,8,2856,332,0.134,0.993
406,0.64,4,0.39130434782608686,0.9217888224792302,0,12,3722,2566,0.391,0.864
407,0.73,19,0.7826086956521737,0.7095369123768137,0,18,1965,692,0.888,0.388
408,0.66,3,0.47826086956521735,0.9559537490069676,0,9,1,4086,0.067,0.721
409,0.71,7,0.6956521739130432,0.8498277939557592,0,8,4260,2210,0.565,0.027
410,0.71,5,0.6956521739130432,0.8938740449487917,0,6,3900,3237,0.049,0.476
411,0.74,31,0.8260869565217389,0.6375758838533427,0,25,581,108,0.548,0.779
412,0.7,3,0.6521739130434779,0.9559537490069676,0,5,2366,4840,0.497,0.11
413,0.7,5,0.6521739130434779,0.8938740449487917,0,7,3188,1719,0.996,0.634
414,0.7,3,0.6521739130434779,0.9559537490069676,0,5,2803,3835,0.745,0.505
415,0.69,7,0.6086956521739126,0.8498277939557592,0,10,1672,1961,0.245,0.247
416,0.68,3,0.5652173913043479,0.9559537490069676,0,7,958,2934,0.804,0.892
417,0.72,12,0.7391304347826084,0.7754929599122368,0,12,4592,1057,0.303,0.356
418,0.66,5,0.47826086956521735,0.8938740449487917,0,11,4400,3110,0.518,0.717
419,0.7,7,0.6521739130434779,0.8498277939557592,0,9,1160,1231,0.02,0.038
420,0.63,3,0.3478260869565216,0.9559537490069676,0,12,1872,4010,0.966,0.82
421,0.69,4,0.6086956521739126,0.9217888224792302,0,7,2614,2139,0.469,0.424
422,0.64,4,0.39130434782608686,0.9217888224792302,0,12,3310,4977,0.212,0.311
423,0.71,3,0.6956521739130432,0.9559537490069676,0,4,2255,1854,0.712,0.941
424,0.71,3,0.6956521739130432,0.9559537490069676,0,4,467,3373,0.271,0.167
425,0.74,52,0.8260869565217389,0.5603246304115135,0,40,4024,247,0.77,0.581
426,0.7,4,0.6521739130434779,0.9217888224792302,0,6,4069,4223,0.35,0.921
427,0.7,3,0.6521739130434779,0.9559537490069676,0,5,202,2345,0.851,0.335
428,0.68,3,0.5652173913043479,0.9559537490069676,0,7,2164,2702,0.167,0.555
429,0.74,13,0.8260869565217389,0.7641464817871022,0,10,3533,830,0.667,0.19
430,0.68,5,0.5652173913043479,0.8938740449487917,0,9,2977,3630,0.918,0.076
431,0.73,16,0.7826086956521737,0.7344197613453665,0,15,1299,506,0.419,0.676
432,0.65,3,0.4347826086956521,0.9559537490069676,0,10,760,4604,0.594,0.464
433,0.71,9,0.6956521739130432,0.815662867428022,0,10,4941,1478,0.096,0.784
434,0.71,5,0.6956521739130432,0.8938740449487917,0,6,4995,4103,0.591,0.338
435,0.68,5,0.5652173913043479,0.8938740449487917,0,9,736,2232,0.091,0.906
436,0.68,5,0.5652173913043479,0.8938740449487917,0,9,1274,2509,0.891,0.202
437,0.72,10,0.7391304347826084,0.8010701746471536,0,10,3031,631,0.392,0.554
438,0.73,5,0.7826086956521737,0.8938740449487917,0,4,3586,3515,0.149,0.683
439,0.72,5,0.7391304347826084,0.8938740449487917,0,5,2139,388,0.646,0.065
440,0.65,3,0.4347826086956521,0.9559537490069676,0,10,178,4407,0.34,0.793
441,0.73,12,0.7826086956521737,0.7754929599122368,0,11,4122,1283,0.837,0.459
442,0.67,6,0.5217391304347826,0.8702724368383106,0,11,4039,2912,0.291,0.041
443,0.68,3,0.5652173913043479,0.9559537490069676,0,7,404,1040,0.789,0.703
444,0.7,2,0.6521739130434779,1.0,0,4,2192,3896,0.224,0.436
445,0.71,5,0.6956521739130432,0.8938740449487917,0,6,3324,2017,0.723,0.819
446,0.72,3,0.7391304347826084,0.9559537490069676,0,3,2629,4784,0.971,0.948
447,0.71,8,0.6956521739130432,0.8317943408906159,0,9,1808,1658,0.471,0.3
448,0.68,4,0.5652173913043479,0.9217888224792302,0,8,1097,3254,0.547,0.59
449,0.73,102,0.7826086956521737,0.45859440471165747,0,68,4415,130,0.046,0.162
450,0.69,4,0.6086956521739126,0.9217888224792302,0,7,4538,3429,0.76,0.767
451,0.72,20,0.7391304347826084,0.7020667777289264,0,20,983,308,0.262,0.477
452,0.7,4,0.6521739130434779,0.9217888224792302,0,6,1697,4960,0.693,0.631
453,0.71,4,0.6956521739130432,0.9217888224792302,0,5,2750,1832,0.196,0.125
454,0.69,4,0.6086956521739126,0.9217888224792302,0,7,3135,4032,0.438,0.238
455,0.68,4,0.5652173913043479,0.9217888224792302,0,8,2391,2156,0.938,0.51
456,0.7,4,0.6521739130434779,0.9217888224792302,0,6,605,3049,0.014,0.349
457,0.71,3,0.6956521739130432,0.9559537490069676,0,4,3847,1175,0.513,0.903
458,0.7,4,0.6521739130434779,0.9217888224792302,0,6,4246,4543,0.124,0.595
459,0.69,3,0.6086956521739126,0.9559537490069676,0,6,64,1421,0.624,0.15
460,0.63,3,0.3478260869565216,0.9559537490069676,0,12,2029,3652,0.424,0.99
461,0.74,19,0.8260869565217389,0.7095369123768137,0,14,3708,523,0.925,0.266
462,0.68,4,0.5652173913043479,0.9217888224792302,0,8,2842,2684,0.676,0.379
463,0.67,6,0.5217391304347826,0.8702724368383106,0,11,1474,808,0.178,0.869
464,0.69,3,0.6086956521739126,0.9559537490069676,0,6,938,4280,0.867,0.021
465,0.73,6,0.7826086956521737,0.8702724368383106,0,5,4803,2406,0.368,0.731
466,0.7,4,0.6521739130434779,0.9217888224792302,0,6,4724,2591,0.24,0.887
467,0.72,9,0.7391304347826084,0.815662867428022,0,9,856,715,0.739,0.365
468,0.66,4,0.47826086956521735,0.9217888224792302,0,10,1551,4197,0.306,0.526
469,0.66,5,0.47826086956521735,0.8938740449487917,0,11,2916,2323,0.805,0.222
470,0.68,4,0.5652173913043479,0.9217888224792302,0,8,3633,4479,0.561,0.108
471,0.73,9,0.7826086956521737,0.815662867428022,0,8,1952,1357,0.063,0.648
472,0.68,3,0.5652173913043479,0.9559537490069676,0,7,146,3579,0.986,0.494
473,0.73,16,0.7826086956521737,0.7344197613453665,0,15,4325,451,0.488,0.75
474,0.68,4,0.5652173913043479,0.9217888224792302,0,8,3767,3821,0.875,0.746
475,0.68,4,0.5652173913043479,0.9217888224792302,0,8,523,1945,0.376,0.006
476,0.7,3,0.6521739130434779,0.9559537490069676,0,5,2468,2849,0.575,0.855
477,0.72,10,0.7391304347826084,0.8010701746471536,0,10,3209,976,0.077,0.393
478,0.7,4,0.6521739130434779,0.9217888224792302,0,6,2675,3170,0.323,0.281
479,0.74,55,0.8260869565217389,0.5518945716846857,0,41,1620,49,0.823,0.975
480,0.7,3,0.6521739130434779,0.9559537490069676,0,5,1065,4692,0.132,0.135
481,0.72,8,0.7391304347826084,0.8317943408906159,0,8,4617,1564,0.632,0.61
482,0.68,4,0.5652173913043479,0.9217888224792302,0,8,4497,4866,0.41,0.442
483,0.69,3,0.6086956521739126,0.9559537490069676,0,6,1176,1740,0.908,0.81
484,0.71,5,0.6956521739130432,0.8938740449487917,0,6,1734,3348,0.11,0.082
485,0.73,15,0.7826086956521737,0.7437018389045511,0,14,2552,224,0.608,0.666
486,0.68,5,0.5652173913043479,0.8938740449487917,0,9,3401,2984,0.852,0.537
487,0.69,3,0.6086956521739126,0.9559537490069676,0,6,2266,1113,0.353,0.218
488,0.62,3,0.3043478260869563,0.9559537490069676,0,13,324,3960,0.661,0.923
489,0.69,7,0.6086956521739126,0.8498277939557592,0,10,3957,2081,0.161,0.322
490,0.69,5,0.6086956521739126,0.8938740449487917,0,8,4204,3714,0.71,0.177
491,0.68,5,0.5652173913043479,0.8938740449487917,0,9,257,588,0.21,0.575
492,0.68,2,0.5652173913043479,1.0,0,6,2065,4617,0.776,0.285
493,0.7,3,0.6521739130434779,0.9559537490069676,0,5,3510,1493,0.276,0.963
494,0.67,4,0.5217391304347826,0.9217888224792302,0,9,3107,4371,0.029,0.834
495,0.7,5,0.6521739130434779,0.8938740449487917,0,7,1349,2500,0.528,0.422
496,0.69,3,0.6086956521739126,0.9559537490069676,0,6,657,2769,0.455,0.688
497,0.73,14,0.7826086956521737,0.7535831633698462,0,13,4913,890,0.953,0.056
498,0.7,4,0.6521739130434779,0.9217888224792302,0,6,4884,4810,0.01,0.656
499,0.67,5,0.5217391304347826,0.8938740449487917,0,10,628,1681,0.509,0.088
500,0.7,4,0.6521739130434779,0.9217888224792302,0,6,1340,3209,0.443,0.804
501,0.73,89,0.7826086956521737,0.47925154920925384,0,63,3098,87,0.941,0.452
502,0.7,5,0.6521739130434779,0.8938740449487917,0,7,3481,2966,0.691,0.315
503,0.69,3,0.6086956521739126,0.9559537490069676,0,6,2036,1092,0.19,0.933
504,0.65,3,0.4347826086956521,0.9559537490069676,0,10,247,3861,0.765,0.209
505,0.72,8,0.7391304347826084,0.8317943408906159,0,8,4195,1985,0.264,0.543
506,0.72,3,0.7391304347826084,0.9559537490069676,0,3,3966,3462,0.871,0.953
507,0.72,8,0.7391304347826084,0.8317943408906159,0,8,334,334,0.372,0.291
508,0.64,3,0.39130434782608686,0.9559537490069676,0,11,2296,4439,0.673,0.57
509,0.71,8,0.6956521739130432,0.8317943408906159,0,9,3430,1318,0.173,0.186
510,0.65,3,0.4347826086956521,0.9559537490069676,0,10,2562,4080,0.43,0.05
511,0.68,5,0.5652173913043479,0.8938740449487917,0,9,1743,2206,0.927,0.698
512,0.68,5,0.5652173913043479,0.8938740449487917,0,9,1205,2552,0.122,0.412
513,0.65,4,0.4347826086956521,0.9217888224792302,0,11,4526,676,0.619,0.84
514,0.67,6,0.5217391304347826,0.8702724368383106,0,11,4647,2730,0.342,0.227
515,0.72,9,0.7391304347826084,0.815662867428022,0,9,1094,851,0.843,0.517
516,0.69,4,0.6086956521739126,0.9217888224792302,0,7,1630,4254,0.144,0.375
517,0.7,3,0.6521739130434779,0.9559537490069676,0,5,2685,2382,0.644,0.881
518,0.73,3,0.7826086956521737,0.9559537490069676,0,2,3239,4578,0.895,0.76
519,0.69,4,0.6086956521739126,0.9217888224792302,0,7,2497,1454,0.396,0.488
520,0.67,3,0.5217391304347826,0.9559537490069676,0,8,533,3597,0.586,0.653
521,0.74,22,0.8260869565217389,0.6881383262895218,0,17,3777,471,0.088,0.099
522,0.69,5,0.6086956521739126,0.8938740449487917,0,8,4315,3999,0.541,0.399
523,0.66,3,0.47826086956521735,0.9559537490069676,0,9,136,2121,0.044,0.845
524,0.71,5,0.6956521739130432,0.8938740449487917,0,6,1922,3101,0.974,0.016
525,0.67,5,0.5217391304347826,0.8938740449487917,0,10,3604,1230,0.476,0.74
526,0.63,4,0.3478260869565216,0.9217888224792302,0,13,2906,3386,0.22,0.619
527,0.74,41,0.8260869565217389,0.5959408226777181,0,34,1541,262,0.719,0.129
528,0.67,3,0.5217391304347826,0.9559537490069676,0,8,826,4984,0.294,0.981
529,0.71,8,0.6956521739130432,0.8317943408906159,0,9,4694,1858,0.794,0.271
530,0.72,6,0.7391304347826084,0.8702724368383106,0,6,4773,3137,0.657,0.115
531,0.74,361,0.8260869565217389,0.2661513965545943,0,62,908,13,0.158,0.637
532,0.7,3,0.6521739130434779,0.9559537490069676,0,5,1464,4745,0.856,0.472
533,0.7,4,0.6521739130434779,0.9217888224792302,0,6,2831,1619,0.357,0.776
534,0.7,4,0.6521739130434779,0.9217888224792302,0,6,3678,3779,0.105,0.898
535,0.72,8,0.7391304347826084,0.8317943408906159,0,8,1999,1900,0.605,0.358
536,0.66,3,0.47826086956521735,0.9559537490069676,0,9,54,2872,0.412,0.5
537,0.72,13,0.7391304347826084,0.7641464817871022,0,13,4236,1001,0.913,0.244
538,0.71,4,0.6956521739130432,0.9217888224792302,0,5,3857,4523,0.458,0.256
539,0.7,3,0.6521739130434779,0.9559537490069676,0,5,615,1400,0.958,0.996
540,0.69,3,0.6086956521739126,0.9559537490069676,0,6,2420,3554,0.025,0.143
541,0.74,17,0.8260869565217389,0.7256683858394077,0,12,3164,428,0.524,0.605
542,0.71,3,0.6956521739130432,0.9559537490069676,0,4,2760,2627,0.779,0.725
543,0.72,14,0.7391304347826084,0.7535831633698462,0,14,1707,748,0.281,0.03
544,0.72,3,0.7391304347826084,0.9559537490069676,0,3,1012,4142,0.705,0.859
545,0.72,7,0.7391304347826084,0.8498277939557592,0,7,4568,2271,0.207,0.385
546,0.69,5,0.6086956521739126,0.8938740449487917,0,8,4444,4318,0.991,0.56
547,0.68,5,0.5652173913043479,0.8938740449487917,0,9,1126,2445,0.491,0.192
548,0.68,3,0.5652173913043479,0.9559537490069676,0,7,1818,2802,0.558,0.916
549,0.71,6,0.6956521739130432,0.8702724368383106,0,7,2639,926,0.058,0.332
550,0.66,4,0.47826086956521735,0.9217888224792302,0,10,3353,3691,0.31,0.468
551,0.69,3,0.6086956521739126,0.9559537490069676,0,6,2221,563,0.809,0.787
552,0.71,3,0.6956521739130432,0.9559537490069676,0,4,413,4660,0.236,0.071
553,0.71,6,0.6956521739130432,0.8702724368383106,0,7,4048,1538,0.735,0.673
554,0.7,5,0.6521739130434779,0.8938740449487917,0,7,4113,3010,0.129,0.825
555,0.68,3,0.5652173913043479,0.9559537490069676,0,7,168,1136,0.627,0.427
556,0.67,3,0.5217391304347826,0.9559537490069676,0,8,2110,3915,0.328,0.713
557,0.7,6,0.6521739130434779,0.8702724368383106,0,8,3558,2039,0.826,0.035
558,0.68,3,0.5652173913043479,0.9559537490069676,0,7,3021,4922,0.572,0.172
559,0.69,6,0.6086956521739126,0.8702724368383106,0,9,1265,1793,0.072,0.584
560,0.66,3,0.47826086956521735,0.9559537490069676,0,9,707,3312,0.879,0.306
561,0.73,37,0.7826086956521737,0.611264339705671,0,36,4965,190,0.38,0.939
562,0.71,6,0.6956521739130432,0.8702724368383106,0,7,4951,2816,0.93,0.434
563,0.67,4,0.5217391304347826,0.9217888224792302,0,9,771,940,0.431,0.814
564,0.7,4,0.6521739130434779,0.9217888224792302,0,6,1329,3796,0.614,0.044
565,0.67,4,0.5217391304347826,0.9217888224792302,0,9,3006,1922,0.115,0.708
566,0.71,4,0.6956521739130432,0.9217888224792302,0,5,3543,4723,0.362,0.587
567,0.68,4,0.5652173913043479,0.9217888224792302,0,8,2174,1602,0.862,0.157
568,0.68,3,0.5652173913043479,0.9559537490069676,0,7,232,3198,0.186,0.951
569,0.74,191,0.8260869565217389,0.3632442696927505,0,60,4098,69,0.687,0.305
570,0.7,5,0.6521739130434779,0.8938740449487917,0,7,3994,4203,0.201,0.199
571,0.67,3,0.5217391304347826,0.9559537490069676,0,8,438,2327,0.7,0.549
572,0.67,3,0.5217391304347826,0.9559537490069676,0,8,2246,2605,0.251,0.341
573,0.68,3,0.5652173913043479,0.9559537490069676,0,7,3299,731,0.751,0.911
574,0.67,3,0.5217391304347826,0.9559537490069676,0,8,2585,3571,0.506,0.79
575,0.73,26,0.7826086956521737,0.6635886817812319,0,25,1842,450,0.009,0.454
576,0.69,3,0.6086956521739126,0.9559537490069676,0,6,1150,4467,0.947,0.685
577,0.73,10,0.7826086956521737,0.8010701746471536,0,9,4390,1339,0.449,0.07
578,0.71,2,0.6956521739130432,1.0,0,3,4582,4642,0.734,0.987
579,0.69,5,0.6086956521739126,0.8938740449487917,0,8,949,1516,0.233,0.261
580,0.7,4,0.6521739130434779,0.9217888224792302,0,6,1643,3747,0.784,0.598
581,0.73,10,0.7826086956521737,0.8010701746471536,0,9,2774,624,0.284,0.154
582,0.67,4,0.5217391304347826,0.9217888224792302,0,9,3179,2741,0.037,0.018
583,0.67,3,0.5217391304347826,0.9559537490069676,0,8,2357,870,0.536,0.726
584,0.7,3,0.6521739130434779,0.9559537490069676,0,5,552,4340,0.478,0.382
585,0.7,3,0.6521739130434779,0.9559537490069676,0,5,3871,2462,0.976,0.874
586,0.7,5,0.6521739130434779,0.8938740449487917,0,7,4290,3334,0.403,0.628
587,0.72,4,0.7391304347826084,0.9217888224792302,0,4,30,207,0.9,0.12
588,0.68,4,0.5652173913043479,0.9217888224792302,0,8,1975,4861,0.086,0.77
589,0.72,8,0.7391304347826084,0.8317943408906159,0,8,3732,1737,0.584,0.482
590,0.71,3,0.6956521739130432,0.9559537490069676,0,4,2885,3971,0.829,0.346
591,0.62,3,0.3043478260869563,0.9559537490069676,0,13,1439,2100,0.329,0.899
592,0.69,4,0.6086956521739126,0.9217888224792302,0,7,884,2993,0.653,0.241
593,0.71,12,0.6956521739130432,0.7754929599122368,0,13,4827,1114,0.154,0.515
594,0.71,3,0.6956521739130432,0.9559537490069676,0,4,4748,3878,0.267,0.857
595,0.69,5,0.6086956521739126,0.8938740449487917,0,8,802,2007,0.766,0.398
596,0.65,5,0.4347826086956521,0.8938740449487917,0,12,1516,2910,0.216,0.743
597,0.71,7,0.6956521739130432,0.8498277939557592,0,8,2960,1031,0.715,0.001
598,0.72,5,0.7391304347826084,0.8938740449487917,0,5,3657,3270,0.964,0.138
599,0.74,85,0.8260869565217389,0.48621217460470545,0,49,1898,143,0.463,0.614
600,0.7,2,0.6521739130434779,1.0,0,4,112,4788,0.523,0.277
601,0.68,9,0.5652173913043479,0.815662867428022,0,13,4369,1664,0.023,0.971
602,0.72,6,0.7391304347826084,0.8702724368383106,0,6,3792,2530,0.599,0.53
603,0.71,6,0.6956521739130432,0.8702724368383106,0,7,470,659,0.099,0.226
604,0.68,2,0.5652173913043479,1.0,0,6,2434,4141,0.914,0.884
605,0.69,6,0.6086956521739126,0.8702724368383106,0,9,3253,2262,0.415,0.361
606,0.67,3,0.5217391304347826,0.9559537490069676,0,8,2700,4383,0.172,0.497
607,0.69,4,0.6086956521739126,0.9217888224792302,0,7,1566,1257,0.67,0.755
608,0.69,5,0.6086956521739126,0.8938740449487917,0,8,1031,3479,0.348,0.106
609,0.71,15,0.6956521739130432,0.7437018389045511,0,16,4662,356,0.845,0.642
610,0.7,5,0.6521739130434779,0.8938740449487917,0,7,4472,3653,0.07,0.288
611,0.67,3,0.5217391304347826,0.9559537490069676,0,8,1229,532,0.57,0.967
612,0.7,4,0.6521739130434779,0.9217888224792302,0,6,1768,4561,0.385,0.174
613,0.72,5,0.7391304347826084,0.8938740449487917,0,5,2508,1432,0.886,0.571
614,0.71,4,0.6956521739130432,0.9217888224792302,0,5,3376,4276,0.637,0.691
615,0.66,4,0.47826086956521735,0.9217888224792302,0,10,2320,2399,0.139,0.061
616,0.64,3,0.39130434782608686,0.9559537490069676,0,11,358,2669,0.813,0.831
617,0.73,16,0.7826086956521737,0.7344197613453665,0,15,3912,795,0.314,0.417
618,0.67,4,0.5217391304347826,0.9217888224792302,0,9,4180,4923,0.799,0.085
619,0.69,4,0.6086956521739126,0.9217888224792302,0,7,311,1801,0.301,0.671
620,0.73,2,0.7826086956521737,1.0,1,1,2099,3408,0.748,0.439
621,0.74,28,0.8260869565217389,0.6526477863808513,0,23,3466,280,0.25,0.805
622,0.64,3,0.39130434782608686,0.9559537490069676,0,11,3083,3084,0.493,0.926
623,0.7,9,0.6521739130434779,0.815662867428022,0,11,1403,1208,0.993,0.326
624,0.7,3,0.6521739130434779,0.9559537490069676,0,5,691,4055,0.053,0.534
625,0.71,7,0.6956521739130432,0.8498277939557592,0,8,4869,2182,0.552,0.214
626,0.71,2,0.6956521739130432,1.0,0,3,4877,4049,0.767,0.969
627,0.69,4,0.6086956521739126,0.9217888224792302,0,7,698,2178,0.27,0.274
628,0.68,5,0.5652173913043479,0.8938740449487917,0,9,1390,3071,0.717,0.616
629,0.71,7,0.6956521739130432,0.8498277939557592,0,8,3072,1192,0.219,0.141
630,0.66,5,0.47826086956521735,0.8938740449487917,0,11,3468,3412,0.462,0.005
631,0.71,4,0.6956521739130432,0.9217888224792302,0,5,2102,286,0.961,0.744
632,0.7,3,0.6521739130434779,0.9559537490069676,0,5,295,4938,0.021,0.395
633,0.69,3,0.6086956521739126,0.9559537490069676,0,6,4162,1815,0.521,0.856
634,0.68,6,0.5652173913043479,0.8702724368383106,0,10,3919,2662,0.101,0.642
635,0.69,5,0.6086956521739126,0.8938740449487917,0,8,366,791,0.601,0.103
636,0.7,3,0.6521739130434779,0.9559537490069676,0,5,2308,4262,0.417,0.756
637,0.69,5,0.6086956521739126,0.8938740449487917,0,8,3364,2384,0.917,0.499
638,0.64,3,0.39130434782608686,0.9559537490069676,0,11,2511,4564,0.669,0.363
639,0.69,4,0.6086956521739126,0.9217888224792302,0,7,1770,1438,0.17,0.884
640,0.71,4,0.6956521739130432,0.9217888224792302,0,5,1212,3669,0.844,0.224
641,0.74,24,0.8260869565217389,0.6753719858490763,0,19,4455,545,0.345,0.529
642,0.7,5,0.6521739130434779,0.8938740449487917,0,7,4655,3492,0.567,0.415
643,0.72,17,0.7391304347826084,0.7256683858394077,0,17,1023,371,0.068,0.828
644,0.72,4,0.7391304347826084,0.9217888224792302,0,4,1578,4389,0.883,0.062
645,0.66,4,0.47826086956521735,0.9217888224792302,0,10,2713,1261,0.384,0.694
646,0.7,4,0.6521739130434779,0.9217888224792302,0,6,3251,4125,0.141,0.574
647,0.69,4,0.6086956521739126,0.9217888224792302,0,7,2432,2249,0.639,0.175
648,0.68,3,0.5652173913043479,0.9559537490069676,0,7,487,2526,0.316,0.964
649,0.73,18,0.7826086956521737,0.7173902947568793,0,17,3808,652,0.814,0.287
650,0.66,4,0.47826086956521735,0.9217888224792302,0,10,4361,4801,0.298,0.213
651,0.65,3,0.4347826086956521,0.9559537490069676,0,10,105,1680,0.797,0.532
652,0.72,6,0.7391304347826084,0.8702724368383106,0,6,1910,3276,0.248,0.327
653,0.68,7,0.5652173913043479,0.8498277939557592,0,11,3669,148,0.746,0.928
654,0.68,3,0.5652173913043479,0.9559537490069676,0,7,2958,2895,0.995,0.807
655,0.74,9,0.8260869565217389,0.815662867428022,0,6,1513,1018,0.494,0.44
656,0.71,4,0.6956521739130432,0.9217888224792302,0,5,819,3874,0.554,0.668
657,0.73,7,0.7826086956521737,0.8498277939557592,0,6,4766,2000,0.054,0.085
658,0.72,6,0.7391304347826084,0.8702724368383106,0,6,4840,3006,0.433,0.301
659,0.65,2,0.4347826086956521,1.0,0,9,895,1130,0.931,0.95
660,0.67,4,0.5217391304347826,0.9217888224792302,0,9,1431,3977,0.118,0.161
661,0.71,5,0.6956521739130432,0.8938740449487917,0,6,2878,2103,0.615,0.588
662,0.67,4,0.5217391304347826,0.9217888224792302,0,9,3748,4845,0.86,0.71
663,0.74,9,0.8260869565217389,0.815662867428022,0,6,1992,1723,0.36,0.047
664,0.66,3,0.47826086956521735,0.9559537490069676,0,9,28,3331,0.684,0.813
665,0.74,57,0.8260869565217389,0.5465218313296432,0,42,4287,202,0.185,0.43
666,0.72,5,0.7391304347826084,0.8938740449487917,0,5,3883,4354,0.702,0.068
667,0.67,4,0.5217391304347826,0.9217888224792302,0,9,564,2478,0.202,0.685
668,0.67,3,0.5217391304347826,0.9559537490069676,0,8,2350,2747,0.753,0.456
669,0.71,5,0.6956521739130432,0.8938740449487917,0,6,3171,873,0.253,0.791
670,0.69,5,0.6086956521739126,0.8938740449487917,0,8,2792,3731,0.006,0.911
671,0.73,18,0.7826086956521737,0.7173902947568793,0,17,1660,610,0.504,0.343
672,0.73,3,0.7826086956521737,0.9559537490069676,0,2,946,4639,0.447,0.549
673,0.73,10,0.7826086956521737,0.8010701746471536,0,9,4580,1510,0.945,0.197
674,0.7,4,0.6521739130434779,0.9217888224792302,0,6,4379,4461,0.232,0.871
675,0.72,7,0.7391304347826084,0.8498277939557592,0,7,1137,1335,0.731,0.38
676,0.72,5,0.7391304347826084,0.8938740449487917,0,5,1849,3557,0.283,0.73
677,0.72,9,0.7391304347826084,0.815662867428022,0,9,2593,433,0.782,0.019
678,0.67,5,0.5217391304347826,0.8938740449487917,0,10,3282,2608,0.537,0.156
679,0.67,4,0.5217391304347826,0.9217888224792302,0,9,2229,737,0.04,0.601
680,0.71,3,0.6956521739130432,0.9559537490069676,0,4,441,4219,0.978,0.26
681,0.63,3,0.3478260869565216,0.9559537490069676,0,12,3996,2340,0.48,0.984
682,0.72,6,0.7391304347826084,0.8702724368383106,0,6,4085,3192,0.898,0.512
683,0.75,29,0.8695652173913042,0.6474572083186378,0,2,220,66,0.4,0.241
684,0.72,3,0.7391304347826084,0.9559537490069676,0,3,2182,4710,0.583,0.901
685,0.71,7,0.6956521739130432,0.8498277939557592,0,8,3549,1586,0.084,0.346
686,0.68,5,0.5652173913043479,0.8938740449487917,0,9,2990,3799,0.331,0.483
687,0.7,4,0.6521739130434779,0.9217888224792302,0,6,1311,1928,0.831,0.772
688,0.68,4,0.5652173913043479,0.9217888224792302,0,8,772,2832,0.155,0.12
689,0.73,10,0.7826086956521737,0.8010701746471536,0,9,4954,954,0.656,0.626
690,0.69,5,0.6086956521739126,0.8938740449487917,0,8,4979,3308,0.161,0.246
691,0.73,24,0.7826086956521737,0.6753719858490763,0,23,719,185,0.658,0.503
692,0.71,4,0.6956521739130432,0.9217888224792302,0,5,1257,4906,0.359,0.357
693,0.65,3,0.4347826086956521,0.9559537490069676,0,10,3014,1779,0.857,0.894
694,0.71,4,0.6956521739130432,0.9217888224792302,0,5,3574,3921,0.602,0.773
695,0.65,2,0.4347826086956521,1.0,0,9,2128,2042,0.103,0.47
696,0.64,3,0.39130434782608686,0.9559537490069676,0,11,166,3024,0.911,0.64
697,0.73,12,0.7826086956521737,0.7754929599122368,0,11,4110,1152,0.411,0.117
698,0.68,4,0.5652173913043479,0.9217888224792302,0,8,4059,4656,0.96,0.385
699,0.67,3,0.5217391304347826,0.9559537490069676,0,8,426,1532,0.459,0.862
700,0.71,3,0.6956521739130432,0.9559537490069676,0,4,2214,3675,0.527,0.03
701,0.73,17,0.7826086956521737,0.7256683858394077,0,16,3346,549,0.027,0.723
702,0.71,4,0.6956521739130432,0.9217888224792302,0,5,2656,2808,0.279,0.602
703,0.72,12,0.7391304347826084,0.7754929599122368,0,12,1834,929,0.778,0.143
704,0.68,4,0.5652173913043479,0.9217888224792302,0,8,1122,4332,0.205,0.998
705,0.72,7,0.7391304347826084,0.8498277939557592,0,7,4442,2461,0.703,0.257
706,0.68,5,0.5652173913043479,0.8938740449487917,0,9,4556,4158,0.489,0.674
707,0.71,4,0.6956521739130432,0.9217888224792302,0,5,999,2284,0.988,0.075
708,0.7,6,0.6521739130434779,0.8702724368383106,0,8,1714,2630,0.056,0.786
709,0.73,8,0.7826086956521737,0.8317943408906159,0,7,2768,754,0.556,0.465
710,0.7,4,0.6521739130434779,0.9217888224792302,0,6,3147,3540,0.81,0.329
711,0.66,4,0.47826086956521735,0.9217888224792302,0,10,2404,411,0.313,0.914
712,0.68,3,0.5652173913043479,0.9559537490069676,0,7,618,4518,0.736,0.196
713,0.72,8,0.7391304347826084,0.8317943408906159,0,8,3858,1396,0.239,0.561
714,0.71,3,0.6956521739130432,0.9559537490069676,0,4,4223,2889,0.626,0.939
715,0.7,2,0.6521739130434779,1.0,0,4,43,1015,0.127,0.308
716,0.68,3,0.5652173913043479,0.9559537490069676,0,7,2007,3782,0.824,0.583
717,0.71,8,0.6956521739130432,0.8317943408906159,0,9,3685,1906,0.326,0.17
718,0.68,3,0.5652173913043479,0.9559537490069676,0,7,2815,4732,0.073,0.033
719,0.69,5,0.6086956521739126,0.8938740449487917,0,8,1446,1603,0.574,0.712
720,0.65,4,0.4347826086956521,0.9217888224792302,0,11,910,3131,0.381,0.429
721,0.74,951,0.8260869565217389,0.11810867392066826,0,67,4777,10,0.882,0.826
722,0.7,4,0.6521739130434779,0.9217888224792302,0,6,4702,4999,0.51,0.547
723,0.71,5,0.6956521739130432,0.8938740449487917,0,6,833,1871,0.012,0.21
724,0.66,3,0.47826086956521735,0.9559537490069676,0,9,1528,3390,0.943,0.929
725,0.74,22,0.8260869565217389,0.6881383262895218,0,17,2894,269,0.445,0.314
726,0.68,5,0.5652173913043479,0.8938740449487917,0,9,3605,3088,0.189,0.451
727,0.72,3,0.7391304347826084,0.9559537490069676,0,3,1925,1214,0.689,0.8
728,0.67,2,0.5217391304347826,1.0,0,7,120,3993,0.263,0.089
729,0.68,6,0.5652173913043479,0.8702724368383106,0,10,4298,2117,0.762,0.66
730,0.67,4,0.5217391304347826,0.9217888224792302,0,9,3784,3613,0.374,0.842
731,0.73,8,0.7826086956521737,0.8317943408906159,0,7,541,484,0.874,0.412
732,0.65,3,0.4347826086956521,0.9559537490069676,0,10,2486,4582,0.175,0.695
733,0.69,7,0.6086956521739126,0.8498277939557592,0,10,3226,1460,0.675,0.05
734,0.71,3,0.6956521739130432,0.9559537490069676,0,4,2688,4240,0.925,0.186
735,0.7,6,0.6521739130434779,0.8702724368383106,0,8,1632,2367,0.427,0.567
736,0.68,4,0.5652173913043479,0.9217888224792302,0,8,1076,2723,0.618,0.292
737,0.71,5,0.6956521739130432,0.8938740449487917,0,6,4630,847,0.119,0.955
738,0.71,7,0.6956521739130432,0.8498277939557592,0,8,4519,2548,0.841,0.102
739,0.72,10,0.7391304347826084,0.8010701746471536,0,10,1197,669,0.341,0.654
740,0.71,5,0.6956521739130432,0.8938740449487917,0,6,1755,4064,0.642,0.484
741,0.68,4,0.5652173913043479,0.9217888224792302,0,8,2575,2193,0.142,0.759
742,0.67,3,0.5217391304347826,0.9559537490069676,0,8,3427,4445,0.398,0.879
743,0.68,4,0.5652173913043479,0.9217888224792302,0,8,2294,1322,0.896,0.372
744,0.65,3,0.4347826086956521,0.9559537490069676,0,10,351,3475,0.091,0.518
745,0.74,34,0.8260869565217389,0.6238556002081566,0,28,3983,349,0.588,0.231
746,0.67,5,0.5217391304347826,0.8938740449487917,0,10,4187,3857,0.041,0.273
747,0.67,3,0.5217391304347826,0.9559537490069676,0,8,241,1978,0.54,0.982
748,0.68,2,0.5652173913043479,1.0,0,6,2049,2951,0.474,0.127
749,0.71,7,0.6956521739130432,0.8498277939557592,0,8,3492,1080,0.972,0.619
750,0.7,4,0.6521739130434779,0.9217888224792302,0,6,3096,3215,0.722,0.74
751,0.74,88,0.8260869565217389,0.4809622640910375,0,50,1336,91,0.222,0.013
752,0.7,3,0.6521739130434779,0.9559537490069676,0,5,644,4823,0.796,0.845
753,0.72,8,0.7391304347826084,0.8317943408906159,0,8,4902,1697,0.295,0.402
754,0.67,4,0.5217391304347826,0.9217888224792302,0,9,4911,2763,0.741,0.753
755,0.7,6,0.6521739130434779,0.8702724368383106,0,8,654,886,0.241,0.494
756,0.66,4,0.47826086956521735,0.9217888224792302,0,10,1365,4357,0.808,0.645
757,0.67,5,0.5217391304347826,0.8938740449487917,0,10,3125,2484,0.307,0.108
758,0.68,4,0.5652173913043479,0.9217888224792302,0,8,3502,4620,0.061,0.221
759,0.69,3,0.6086956521739126,0.9559537490069676,0,6,2058,1499,0.559,0.524
760,0.72,3,0.7391304347826084,0.9559537490069676,0,3,270,3730,0.485,0.366
761,0.69,4,0.6086956521739126,0.9217888224792302,0,7,4216,601,0.984,0.889
762,0.69,5,0.6086956521739126,0.8938740449487917,0,8,3954,3954,0.379,0.613
763,0.63,3,0.3478260869565216,0.9559537490069676,0,12,323,2078,0.877,0.136
764,0.65,4,0.4347826086956521,0.9217888224792302,0,11,2284,2971,0.079,0.972
765,0.72,9,0.7391304347826084,0.815662867428022,0,9,3418,1097,0.576,0.279
766,0.68,3,0.5652173913043479,0.9559537490069676,0,7,2546,3351,0.821,0.392
767,0.74,37,0.8260869565217389,0.611264339705671,0,31,1726,230,0.321,0.851
768,0.71,4,0.6956521739130432,0.9217888224792302,0,5,1187,4883,0.63,0.008
769,0.72,6,0.7391304347826084,0.8702724368383106,0,6,4510,1754,0.131,0.749
770,0.66,4,0.47826086956521735,0.9217888224792302,0,10,4620,4706,0.906,0.324
771,0.66,3,0.47826086956521735,0.9559537490069676,0,9,1066,1580,0.408,0.923
772,0.72,5,0.7391304347826084,0.8938740449487917,0,5,1602,3176,0.606,0.216
773,0.74,74,0.8260869565217389,0.5071663267396924,0,46,2659,52,0.107,0.537
774,0.71,4,0.6956521739130432,0.9217888224792302,0,5,3216,2833,0.354,0.665
775,0.71,5,0.6956521739130432,0.8938740449487917,0,6,2476,962,0.854,0.08
776,0.68,3,0.5652173913043479,0.9559537490069676,0,7,512,3818,0.163,0.81
777,0.74,8,0.8260869565217389,0.8317943408906159,0,5,3754,1940,0.664,0.444
778,0.7,6,0.6521739130434779,0.8702724368383106,0,8,4327,3593,0.208,0.059
779,0.7,3,0.6521739130434779,0.9559537490069676,0,5,149,467,0.708,0.69
780,0.66,4,0.47826086956521735,0.9217888224792302,0,10,1935,4484,0.275,0.418
781,0.7,4,0.6521739130434779,0.9217888224792302,0,6,3615,1360,0.774,0.833
782,0.71,3,0.6956521739130432,0.9559537490069676,0,4,2924,4181,0.53,0.961
783,0.7,6,0.6521739130434779,0.8702724368383106,0,8,1557,2310,0.032,0.282
784,0.71,4,0.6956521739130432,0.9217888224792302,0,5,843,2587,0.954,0.577
785,0.74,18,0.8260869565217389,0.7173902947568793,0,13,4712,709,0.457,0.18
786,0.69,5,0.6086956521739126,0.8938740449487917,0,8,4787,4293,0.093,0.46
787,0.71,4,0.6956521739130432,0.9217888224792302,0,5,920,2421,0.593,0.795
788,0.69,5,0.6086956521739126,0.8938740449487917,0,8,1476,2691,0.393,0.065
789,0.68,4,0.5652173913043479,0.9217888224792302,0,8,2844,812,0.893,0.68
790,0.69,4,0.6086956521739126,0.9217888224792302,0,7,3695,3636,0.645,0.551
791,0.72,2,0.7391304347826084,1.0,0,2,2017,510,0.146,0.202
792,0.66,2,0.47826086956521735,1.0,0,8,72,4539,0.836,0.909
793,0.7,10,0.6521739130434779,0.8010701746471536,0,12,4253,1415,0.338,0.338
794,0.68,5,0.5652173913043479,0.8938740449487917,0,9,3829,3062,0.791,0.163
795,0.7,4,0.6521739130434779,0.9217888224792302,0,6,588,1191,0.293,0.593
796,0.68,3,0.5652173913043479,0.9559537490069676,0,7,2394,4038,0.725,0.299
797,0.69,4,0.6086956521739126,0.9217888224792302,0,7,3137,2160,0.227,0.945
798,0.68,3,0.5652173913043479,0.9559537490069676,0,7,2738,4945,0.47,0.816
799,0.7,9,0.6521739130434779,0.815662867428022,0,11,1684,1819,0.969,0.435
800,0.71,4,0.6956521739130432,0.9217888224792302,0,5,989,3425,0.044,0.706
801,0.74,38,0.8260869565217389,0.6072873008028528,0,32,4546,302,0.544,0.043
802,0.71,4,0.6956521739130432,0.9217888224792302,0,5,4433,3248,0.259,0.904
803,0.73,64,0.7826086956521737,0.529076123282083,0,53,1113,126,0.758,0.351
804,0.68,4,0.5652173913043479,0.9217888224792302,0,8,1805,4771,0.193,0.51
805,0.69,5,0.6086956521739126,0.8938740449487917,0,8,2627,1642,0.692,0.236
806,0.67,4,0.5217391304347826,0.9217888224792302,0,9,3336,3900,0.94,0.123
807,0.68,3,0.5652173913043479,0.9559537490069676,0,7,2205,2024,0.44,0.63
808,0.68,3,0.5652173913043479,0.9559537490069676,0,7,397,2927,0.515,0.48
809,0.72,12,0.7391304347826084,0.7754929599122368,0,12,4030,1054,0.015,0.767
810,0.7,5,0.6521739130434779,0.8938740449487917,0,7,4139,4400,0.622,0.733
811,0.68,3,0.5652173913043479,0.9559537490069676,0,7,195,1279,0.123,0.024
812,0.72,3,0.7391304347826084,0.9559537490069676,0,3,2137,3501,0.922,0.868
813,0.73,26,0.7826086956521737,0.6635886817812319,0,25,3583,373,0.423,0.376
814,0.67,5,0.5217391304347826,0.8938740449487917,0,10,3043,2513,0.18,0.262
815,0.68,3,0.5652173913043479,0.9559537490069676,0,7,1286,637,0.678,0.989
816,0.64,3,0.39130434782608686,0.9559537490069676,0,11,728,4119,0.371,0.153
817,0.72,7,0.7391304347826084,0.8498277939557592,0,7,4988,2245,0.869,0.596
818,0.71,5,0.6956521739130432,0.8938740449487917,0,6,4924,4600,0.319,0.025
819,0.69,4,0.6086956521739126,0.9217888224792302,0,7,743,1471,0.819,0.72
820,0.66,4,0.47826086956521735,0.9217888224792302,0,10,1301,3614,0.136,0.39
821,0.7,4,0.6521739130434779,0.9217888224792302,0,6,2980,493,0.636,0.865
822,0.71,2,0.6956521739130432,1.0,0,3,3520,2708,0.886,0.994
823,0.66,4,0.47826086956521735,0.9217888224792302,0,10,2152,834,0.388,0.253
824,0.71,2,0.6956521739130432,1.0,0,3,210,4236,0.563,0.607
825,0.71,7,0.6956521739130432,0.8498277939557592,0,8,4075,2360,0.064,0.146
826,0.71,6,0.6956521739130432,0.8702724368383106,0,7,4006,3369,0.549,0.352
827,0.74,13,0.8260869565217389,0.7641464817871022,0,10,451,241,0.051,0.891
828,0.68,2,0.5652173913043479,1.0,0,6,2259,4962,0.997,0.25
829,0.71,6,0.6956521739130432,0.8702724368383106,0,7,3312,1841,0.5,0.507
830,0.68,3,0.5652173913043479,0.9559537490069676,0,7,2603,4017,0.243,0.635
831,0.72,7,0.7391304347826084,0.8498277939557592,0,7,1859,2143,0.743,0.114
832,0.69,4,0.6086956521739126,0.9217888224792302,0,7,1167,3123,0.302,0.778
833,0.73,10,0.7826086956521737,0.8010701746471536,0,9,4408,1247,0.801,0.473
834,0.69,6,0.6086956521739126,0.8702724368383106,0,9,4609,2949,0.018,0.579
835,0.72,7,0.7391304347826084,0.8498277939557592,0,7,975,1071,0.516,0.166
836,0.64,3,0.39130434782608686,0.9559537490069676,0,11,1669,3839,0.466,0.944
837,0.69,5,0.6086956521739126,0.8938740449487917,0,8,2802,1968,0.965,0.311
838,0.68,3,0.5652173913043479,0.9559537490069676,0,7,3200,4827,0.714,0.424
839,0.71,3,0.6956521739130432,0.9559537490069676,0,4,2379,1703,0.214,0.823
840,0.67,4,0.5217391304347826,0.9217888224792302,0,9,574,3231,0.773,0.038
841,0.73,122,0.7826086956521737,0.4314246767733906,0,69,3892,104,0.272,0.715
842,0.7,4,0.6521739130434779,0.9217888224792302,0,6,4277,4101,0.848,0.781
843,0.71,2,0.6956521739130432,1.0,0,3,19,2223,0.349,0.462
844,0.71,6,0.6956521739130432,0.8702724368383106,0,7,1963,2569,0.665,0.679
845,0.72,16,0.7391304347826084,0.7344197613453665,0,16,3719,698,0.166,0.078
846,0.7,4,0.6521739130434779,0.9217888224792302,0,6,2869,3440,0.422,0.191
847,0.73,23,0.7826086956521737,0.6816221348463751,0,22,1422,316,0.919,0.558
848,0.64,3,0.39130434782608686,0.9559537490069676,0,11,867,4422,0.098,0.333
849,0.69,3,0.6086956521739126,0.9559537490069676,0,6,4811,1296,0.596,0.918
850,0.7,5,0.6521739130434779,0.8938740449487917,0,7,4737,3708,0.983,0.701
851,0.73,9,0.7826086956521737,0.815662867428022,0,8,790,584,0.483,0.052
852,0.68,3,0.5652173913043479,0.9559537490069676,0,7,1504,4681,0.535,0.837
853,0.7,5,0.6521739130434779,0.8938740449487917,0,7,2948,1555,0.034,0.41
854,0.67,4,0.5217391304347826,0.9217888224792302,0,9,3640,4301,0.287,0.297
855,0.69,3,0.6086956521739126,0.9559537490069676,0,6,1881,2422,0.786,0.958
856,0.7,3,0.6521739130434779,0.9559537490069676,0,5,96,2780,0.229,0.181
857,0.72,11,0.7391304347826084,0.7877480898975835,0,11,4352,908,0.727,0.564
858,0.71,4,0.6956521739130432,0.9217888224792302,0,5,3818,4900,0.153,0.934
859,0.68,4,0.5652173913043479,0.9217888224792302,0,8,497,1776,0.65,0.317
860,0.69,3,0.6086956521739126,0.9559537490069676,0,6,2461,3295,0.336,0.542
861,0.73,50,0.7826086956521737,0.5662141022359823,0,45,3279,169,0.834,0.207
862,0.67,4,0.5217391304347826,0.9217888224792302,0,9,2722,3032,0.579,0.094
863,0.73,9,0.7826086956521737,0.815662867428022,0,8,1588,1153,0.08,0.662
864,0.67,4,0.5217391304347826,0.9217888224792302,0,9,1052,3932,0.903,0.445
865,0.72,4,0.7391304347826084,0.9217888224792302,0,4,4684,2061,0.403,0.798
866,0.71,5,0.6956521739130432,0.8938740449487917,0,6,4485,3757,0.68,0.131
867,0.71,5,0.6956521739130432,0.8938740449487917,0,6,1241,1883,0.182,0.622
868,0.72,6,0.7391304347826084,0.8702724368383106,0,6,1780,2855,0.863,0.268
869,0.72,3,0.7391304347826084,0.9559537490069676,0,3,2521,979,0.365,0.979
870,0.72,5,0.7391304347826084,0.8938740449487917,0,5,3393,3159,0.112,0.85
871,0.73,92,0.7826086956521737,0.4742311850490206,0,65,2338,30,0.613,0.405
872,0.68,3,0.5652173913043479,0.9559537490069676,0,7,376,4762,0.436,0.734
873,0.72,10,0.7391304347826084,0.8010701746471536,0,10,3929,1641,0.936,0.011
874,0.7,6,0.6521739130434779,0.8702724368383106,0,8,4152,2644,0.45,0.49
875,0.69,2,0.6086956521739126,1.0,0,5,285,770,0.949,0.761
876,0.68,3,0.5652173913043479,0.9559537490069676,0,7,2073,4164,0.002,0.097
877,0.72,6,0.7391304347826084,0.8702724368383106,0,6,3438,2288,0.501,0.652
878,0.67,3,0.5217391304347826,0.9559537490069676,0,8,3061,4506,0.756,0.523
879,0.72,7,0.7391304347826084,0.8498277939557592,0,7,1380,1377,0.258,0.234
880,0.66,3,0.47826086956521735,0.9559537490069676,0,9,668,3532,0.697,0.875
881,0.74,31,0.8260869565217389,0.6375758838533427,0,25,4847,410,0.199,0.369
882,0.67,4,0.5217391304347826,0.9217888224792302,0,9,4851,4493,0.633,0.469
883,0.69,4,0.6086956521739126,0.9217888224792302,0,7,670,1372,0.135,0.775
884,0.67,4,0.5217391304347826,0.9217888224792302,0,9,1384,3526,0.816,0.117
885,0.73,19,0.7826086956521737,0.7095369123768137,0,18,3063,397,0.318,0.638
886,0.7,6,0.6521739130434779,0.8702724368383106,0,8,3447,2655,0.065,0.502
887,0.7,3,0.6521739130434779,0.9559537490069676,0,5,2079,779,0.566,0.246
888,0.69,2,0.6086956521739126,1.0,0,5,293,4172,0.389,0.895
889,0.71,6,0.6956521739130432,0.8702724368383106,0,7,4159,2299,0.889,0.357
890,0.69,6,0.6086956521739126,0.8702724368383106,0,9,3933,3145,0.497,0.142
891,0.73,94,0.7826086956521737,0.4709734581267254,0,66,377,24,0.996,0.603
892,0.71,3,0.6956521739130432,0.9559537490069676,0,4,2341,4756,0.048,0.258
893,0.71,3,0.6956521739130432,0.9559537490069676,0,4,3394,1627,0.548,0.998
894,0.68,3,0.5652173913043479,0.9559537490069676,0,7,2529,3768,0.802,0.861
895,0.71,8,0.6956521739130432,0.8317943408906159,0,9,1785,1892,0.305,0.387
896,0.7,4,0.6521739130434779,0.9217888224792302,0,6,1249,2864,0.744,0.724
897,0.73,14,0.7826086956521737,0.7535831633698462,0,13,4491,990,0.246,0.028
898,0.67,3,0.5217391304347826,0.9559537490069676,0,8,4683,3038,0.968,0.914
899,0.71,8,0.6956521739130432,0.8317943408906159,0,9,1048,1166,0.467,0.33
900,0.69,4,0.6086956521739126,0.9217888224792302,0,7,1587,3946,0.519,0.562
901,0.68,4,0.5652173913043479,0.9217888224792302,0,8,2719,2067,0.019,0.194
902,0.68,4,0.5652173913043479,0.9217888224792302,0,8,3274,4891,0.271,0.073
903,0.67,4,0.5217391304347826,0.9217888224792302,0,9,2453,1765,0.77,0.675
904,0.7,3,0.6521739130434779,0.9559537490069676,0,5,491,3284,0.213,0.467
905,0.73,59,0.7826086956521737,0.5413312532674297,0,49,3810,160,0.711,0.785
906,0.68,4,0.5652173913043479,0.9217888224792302,0,8,4350,4307,0.169,0.711
907,0.68,3,0.5652173913043479,0.9559537490069676,0,7,91,2436,0.666,0.034
908,0.67,5,0.5217391304347826,0.8938740449487917,0,10,1880,2793,0.351,0.827
909,0.72,13,0.7391304347826084,0.7641464817871022,0,13,3636,915,0.849,0.428
910,0.73,3,0.7826086956521737,0.9559537490069676,0,2,2942,3700,0.595,0.308
911,0.7,9,0.6521739130434779,0.815662867428022,0,11,1495,574,0.096,0.94
912,0.65,3,0.4347826086956521,0.9559537490069676,0,10,783,4671,0.919,0.17
913,0.73,10,0.7826086956521737,0.8010701746471536,0,9,4728,1547,0.419,0.582
914,0.68,6,0.5652173913043479,0.8702724368383106,0,10,4809,3451,0.034,0.802
915,0.73,16,0.7826086956521737,0.7344197613453665,0,15,862,325,0.532,0.45
916,0.68,4,0.5652173913043479,0.9217888224792302,0,8,1420,4431,0.482,0.658
917,0.69,7,0.6086956521739126,0.8498277939557592,0,10,2865,1307,0.98,0.09
918,0.66,4,0.47826086956521735,0.9217888224792302,0,10,3713,4088,0.73,0.211
919,0.72,7,0.7391304347826084,0.8498277939557592,0,7,1954,2217,0.229,0.545
920,0.66,3,0.47826086956521735,0.9559537490069676,0,9,12,2563,0.788,0.314
921,0.68,4,0.5652173913043479,0.9217888224792302,0,8,4268,685,0.288,0.93
922,0.69,4,0.6086956521739126,0.9217888224792302,0,7,3891,4838,0.833,0.567
923,0.67,4,0.5217391304347826,0.9217888224792302,0,9,571,1712,0.333,0.185
924,0.67,3,0.5217391304347826,0.9559537490069676,0,8,2378,3239,0.649,0.955
925,0.73,64,0.7826086956521737,0.529076123282083,0,53,3197,115,0.15,0.293
926,0.68,4,0.5652173913043479,0.9217888224792302,0,8,2796,2936,0.406,0.414
927,0.62,3,0.3043478260869563,0.9559537490069676,0,13,1661,1064,0.904,0.842
928,0.68,4,0.5652173913043479,0.9217888224792302,0,8,969,3833,0.083,0.048
929,0.71,6,0.6956521739130432,0.8702724368383106,0,7,4601,1954,0.58,0.696
930,0.69,5,0.6086956521739126,0.8938740449487917,0,8,4412,4008,0.366,0.373
931,0.61,3,0.2608695652173911,0.9559537490069676,0,14,1168,2132,0.866,0.879
932,0.69,5,0.6086956521739126,0.8938740449487917,0,8,1862,3112,0.182,0.23
933,0.69,5,0.6086956521739126,0.8938740449487917,0,8,2604,1238,0.683,0.519
934,0.68,4,0.5652173913043479,0.9217888224792302,0,8,3320,3375,0.933,0.655
935,0.73,9,0.7826086956521737,0.815662867428022,0,8,2264,254,0.435,0.1
936,0.68,3,0.5652173913043479,0.9559537490069676,0,7,459,4975,0.61,0.758
937,0.7,8,0.6521739130434779,0.8317943408906159,0,10,4012,1847,0.111,0.486
938,0.69,6,0.6086956521739126,0.8702724368383106,0,9,4079,2699,0.502,0.014
939,0.65,12,0.4347826086956521,0.7754929599122368,0,15,211,823,0.005,0.738
940,0.72,2,0.7391304347826084,1.0,0,2,2156,4226,0.951,0.401
941,0.68,4,0.5652173913043479,0.9217888224792302,0,8,3522,2352,0.453,0.847
942,0.63,3,0.3478260869565216,0.9559537490069676,0,12,2989,4606,0.196,0.983
943,0.72,7,0.7391304347826084,0.8498277939557592,0,7,1307,1484,0.696,0.273
944,0.68,3,0.5652173913043479,0.9559537490069676,0,7,752,3628,0.255,0.617
945,0.74,26,0.8260869565217389,0.6635886817812319,0,21,4931,499,0.754,0.127
946,0.72,5,0.7391304347826084,0.8938740449487917,0,5,4984,2502,0.306,0.745
947,0.72,8,0.7391304347826084,0.8317943408906159,0,8,727,628,0.805,0.003
948,0.72,4,0.7391304347826084,0.9217888224792302,0,4,1283,4110,0.24,0.855
949,0.7,5,0.6521739130434779,0.8938740449487917,0,7,3042,2234,0.738,0.396
950,0.68,4,0.5652173913043479,0.9217888224792302,0,8,3575,4414,0.987,0.276
951,0.72,3,0.7391304347826084,0.9559537490069676,0,3,2132,1285,0.487,0.969
952,0.72,3,0.7391304347826084,0.9559537490069676,0,3,187,3508,0.562,0.14
953,0.73,32,0.7826086956521737,0.6328645155377695,0,31,4133,386,0.062,0.616
954,0.73,3,0.7826086956521737,0.9559537490069676,0,2,4027,3889,0.575,0.886
955,0.7,3,0.6521739130434779,0.9559537490069676,0,5,396,2015,0.076,0.362
956,0.67,3,0.5217391304347826,0.9559537490069676,0,8,2201,2919,0.876,0.527
957,0.71,9,0.6956521739130432,0.815662867428022,0,10,3334,1042,0.376,0.225
958,0.69,3,0.6086956521739126,0.9559537490069676,0,6,2618,3261,0.133,0.103
959,0.74,101,0.8260869565217389,0.4600881471847743,0,51,1799,132,0.631,0.641
960,0.65,4,0.4347826086956521,0.9217888224792302,0,11,1104,4777,0.324,0.499
961,0.71,5,0.6956521739130432,0.8938740449487917,0,6,4426,1655,0.822,0.757
962,0.71,4,0.6956521739130432,0.9217888224792302,0,5,4548,4953,0.108,0.176
963,0.69,5,0.6086956521739126,0.8938740449487917,0,8,993,1829,0.609,0.572
964,0.7,5,0.6521739130434779,0.8938740449487917,0,7,1685,3436,0.409,0.286
965,0.71,3,0.6956521739130432,0.9559537490069676,0,4,2742,310,0.909,0.966
966,0.62,3,0.3043478260869563,0.9559537490069676,0,13,3143,3056,0.661,0.829
967,0.7,4,0.6521739130434779,0.9217888224792302,0,6,2403,1177,0.162,0.415
968,0.68,3,0.5652173913043479,0.9559537490069676,0,7,595,4025,0.851,0.693
969,0.71,7,0.6956521739130432,0.8498277939557592,0,8,3838,2154,0.353,0.062
970,0.71,5,0.6956521739130432,0.8938740449487917,0,6,4254,3645,0.775,0.441
971,0.68,3,0.5652173913043479,0.9559537490069676,0,7,76,521,0.278,0.807
972,0.68,2,0.5652173913043479,1.0,0,6,2018,4550,0.709,0.083
973,0.69,7,0.6086956521739126,0.8498277939557592,0,10,3698,1423,0.211,0.669
974,0.67,4,0.5217391304347826,0.9217888224792302,0,9,2850,4287,0.454,0.532
975,0.7,7,0.6521739130434779,0.8498277939557592,0,9,1484,2408,0.953,0.212
976,0.69,7,0.6086956521739126,0.8498277939557592,0,10,926,2677,0.029,0.927
977,0.73,16,0.7826086956521737,0.7344197613453665,0,15,4795,806,0.529,0.328
978,0.69,5,0.6086956521739126,0.8938740449487917,0,8,4713,4194,0.891,0.046
979,0.71,4,0.6956521739130432,0.9217888224792302,0,5,847,2316,0.392,0.71
980,0.71,6,0.6956521739130432,0.8702724368383106,0,7,1558,2594,0.591,0.431
981,0.71,8,0.6956521739130432,0.8317943408906159,0,9,2927,723,0.092,0.813
982,0.66,3,0.47826086956521735,0.9559537490069676,0,9,3621,3582,0.339,0.949
983,0.73,26,0.7826086956521737,0.6635886817812319,0,25,1943,458,0.839,0.303
984,0.68,3,0.5652173913043479,0.9559537490069676,0,7,155,4476,0.147,0.589
985,0.7,10,0.6521739130434779,0.8010701746471536,0,12,4335,1350,0.648,0.159
986,0.68,5,0.5652173913043479,0.8938740449487917,0,9,3756,2847,0.224,0.343
987,0.7,3,0.6521739130434779,0.9559537490069676,0,5,516,968,0.723,0.913
988,0.71,3,0.6956521739130432,0.9559537490069676,0,4,2477,3824,0.29,0.197
989,0.71,6,0.6956521739130432,0.8702724368383106,0,7,3220,1953,0.789,0.547
990,0.67,3,0.5217391304347826,0.9559537490069676,0,8,2665,4695,0.545,0.684
991,0.72,7,0.7391304347826084,0.8498277939557592,0,7,1611,1571,0.047,0.068
992,0.71,4,0.6956521739130432,0.9217888224792302,0,5,1073,3167,0.97,0.792
993,0.73,356,0.7826086956521737,0.2682808799649089,0,87,4629,41,0.473,0.456
994,0.68,5,0.5652173913043479,0.8938740449487917,0,9,4506,3345,0.695,0.6
995,0.74,38,0.8260869565217389,0.6072873008028528,0,32,1186,216,0.194,0.156
996,0.69,3,0.6086956521739126,0.9559537490069676,0,6,1722,4869,0.761,0.985
997,0.68,4,0.5652173913043479,0.9217888224792302,0,8,2544,1748,0.26,0.259
998,0.67,4,0.5217391304347826,0.9217888224792302,0,9,3409,3963,0.014,0.38
999,0.68,3,0.5652173913043479,0.9559537490069676,0,7,2278,2089,0.512,0.872
1000,0.66,3,0.47826086956521735,0.9559537490069676,0,9,314,2982,0.439,0.02
1001,0.71,5,0.6956521739130432,0.8938740449487917,0,6,3947,1105,0.938,0.728
1002,0.72,4,0.7391304347826084,0.9217888224792302,0,4,4212,4614,0.426,0.772
1003,0.69,4,0.6086956521739126,0.9217888224792302,0,7,269,1486,0.923,0.484
1004,0.68,3,0.5652173913043479,0.9559537490069676,0,7,2055,3717,0.126,0.626
1005,0.73,16,0.7826086956521737,0.7344197613453665,0,15,3501,595,0.623,0.118
1006,0.66,4,0.47826086956521735,0.9217888224792302,0,10,3117,2771,0.868,0.239
1007,0.73,10,0.7826086956521737,0.8010701746471536,0,9,1360,898,0.368,0.513
1008,0.7,3,0.6521739130434779,0.9559537490069676,0,5,645,4368,0.676,0.348
1009,0.69,4,0.6086956521739126,0.9217888224792302,0,7,4905,2492,0.177,0.9
1010,0.72,6,0.7391304347826084,0.8702724368383106,0,6,4895,3206,0.856,0.253
1011,0.73,22,0.7826086956521737,0.6881383262895218,0,21,635,80,0.356,0.995
1012,0.63,3,0.3478260869565216,0.9559537490069676,0,12,1330,4812,0.657,0.146
1013,0.71,5,0.6956521739130432,0.8938740449487917,0,6,3087,1688,0.158,0.606
1014,0.69,4,0.6086956521739126,0.9217888224792302,0,7,3491,3863,0.414,0.718
1015,0.64,3,0.39130434782608686,0.9559537490069676,0,11,2045,1992,0.912,0.026
1016,0.68,4,0.5652173913043479,0.9217888224792302,0,8,239,2964,0.106,0.866
1017,0.72,11,0.7391304347826084,0.7877480898975835,0,11,4183,1086,0.603,0.389
1018,0.72,4,0.7391304347826084,0.9217888224792302,0,4,3977,4437,0.026,0.112
1019,0.69,3,0.6086956521739126,0.9559537490069676,0,6,343,1311,0.524,0.636
1020,0.7,3,0.6521739130434779,0.9559537490069676,0,5,2288,3464,0.458,0.475
1021,0.71,6,0.6956521739130432,0.8702724368383106,0,7,3419,341,0.957,0.777
1022,0.64,3,0.39130434782608686,0.9559537490069676,0,11,2573,2554,0.706,0.891
1023,0.72,18,0.7391304347826084,0.7173902947568793,0,18,1751,683,0.206,0.353
1024,0.7,4,0.6521739130434779,0.9217888224792302,0,6,1196,4078,0.781,0.507
1025,0.74,7,0.8260869565217389,0.8498277939557592,0,4,4516,2199,0.28,0.249
1026,0.69,4,0.6086956521739126,0.9217888224792302,0,7,4639,4252,0.557,0.822
1027,0.68,5,0.5652173913043479,0.8938740449487917,0,9,1082,2375,0.059,0.426
1028,0.68,5,0.5652173913043479,0.8938740449487917,0,9,1640,2732,0.989,0.716
1029,0.72,6,0.7391304347826084,0.8702724368383106,0,6,2694,858,0.492,0.036
1030,0.71,4,0.6956521739130432,0.9217888224792302,0,5,3229,3599,0.235,0.165
1031,0.71,6,0.6956521739130432,0.8702724368383106,0,7,2487,478,0.735,0.579
1032,0.71,3,0.6956521739130432,0.9559537490069676,0,4,545,4576,0.31,0.313
1033,0.7,3,0.6521739130434779,0.9559537490069676,0,5,3785,1447,0.809,0.943
1034,0.7,5,0.6521739130434779,0.8938740449487917,0,7,4306,3099,0.327,0.557
1035,0.68,3,0.5652173913043479,0.9559537490069676,0,7,126,1223,0.827,0.191
1036,0.71,4,0.6956521739130432,0.9217888224792302,0,5,1934,4001,0.128,0.919
1037,0.68,6,0.5652173913043479,0.8702724368383106,0,10,3612,2128,0.628,0.333
1038,0.66,3,0.47826086956521735,0.9559537490069676,0,9,2898,4986,0.879,0.462
1039,0.69,5,0.6086956521739126,0.8938740449487917,0,8,1529,1865,0.381,0.783
1040,0.71,3,0.6956521739130432,0.9559537490069676,0,4,837,3384,0.571,0.078
1041,0.73,51,0.7826086956521737,0.5632410498098201,0,46,4704,255,0.072,0.677
1042,0.71,3,0.6956521739130432,0.9559537490069676,0,4,4785,4737,0.442,0.96
1043,0.67,6,0.5217391304347826,0.8702724368383106,0,11,916,1616,0.942,0.296
1044,0.7,5,0.6521739130434779,0.8938740449487917,0,7,1455,3144,0.009,0.563
1045,0.73,358,0.7826086956521737,0.267425529198033,0,88,2821,16,0.509,0.181
1046,0.68,5,0.5652173913043479,0.8938740449487917,0,9,3689,2880,0.763,0.053
1047,0.72,2,0.7391304347826084,1.0,0,2,2009,1004,0.266,0.699
1048,0.7,3,0.6521739130434779,0.9559537490069676,0,5,47,3771,0.689,0.409
1049,0.67,5,0.5217391304347826,0.8938740449487917,0,10,4224,1898,0.192,0.839
1050,0.7,5,0.6521739130434779,0.8938740449487917,0,7,3867,3546,0.672,0.663
1051,0.73,11,0.7826086956521737,0.7877480898975835,0,10,624,425,0.174,0.093
1052,0.71,3,0.6956521739130432,0.9559537490069676,0,4,2412,4531,0.871,0.797
1053,0.69,6,0.6086956521739126,0.8702724368383106,0,9,3152,1402,0.373,0.447
1054,0.71,3,0.6956521739130432,0.9559537490069676,0,4,2771,4150,0.12,0.318
1055,0.68,3,0.5652173913043479,0.9559537490069676,0,7,1715,2273,0.621,0.934
1056,0.68,4,0.5652173913043479,0.9217888224792302,0,8,1003,2619,0.428,0.206
1057,0.72,17,0.7391304347826084,0.7256683858394077,0,17,4557,745,0.929,0.542
1058,0.71,7,0.6956521739130432,0.8498277939557592,0,8,4436,2794,0.145,0.406
1059,0.69,3,0.6086956521739126,0.9559537490069676,0,6,1114,923,0.642,0.849
1060,0.7,4,0.6521739130434779,0.9217888224792302,0,6,1828,4326,0.344,0.009
1061,0.67,3,0.5217391304347826,0.9559537490069676,0,8,2648,2447,0.841,0.735
1062,0.67,3,0.5217391304347826,0.9559537490069676,0,8,3344,4667,0.587,0.622
1063,0.66,3,0.47826086956521735,0.9559537490069676,0,9,2211,1541,0.088,0.13
1064,0.71,3,0.6956521739130432,0.9559537490069676,0,4,425,3684,0.895,0.979
1065,0.74,22,0.8260869565217389,0.6881383262895218,0,17,4056,560,0.395,0.27
1066,0.71,5,0.6956521739130432,0.8938740449487917,0,6,4103,3907,0.976,0.234
1067,0.69,3,0.6086956521739126,0.9559537490069676,0,6,157,2036,0.475,0.522
1068,0.64,3,0.39130434782608686,0.9559537490069676,0,11,2122,3017,0.543,0.368
1069,0.72,9,0.7391304347826084,0.815662867428022,0,9,3565,1139,0.042,0.876
1070,0.67,4,0.5217391304347826,0.9217888224792302,0,9,3013,3319,0.294,0.763
1071,0.73,46,0.7826086956521737,0.5787196123083007,0,43,1253,193,0.793,0.489
1072,0.7,3,0.6521739130434779,0.9559537490069676,0,5,717,4914,0.221,0.65
1073,0.72,9,0.7391304347826084,0.815662867428022,0,9,4974,1790,0.719,0.098
1074,0.69,5,0.6086956521739126,0.8938740449487917,0,8,4960,3793,0.216,0.525
1075,0.7,5,0.6521739130434779,0.8938740449487917,0,7,781,1915,0.716,0.22
1076,0.72,3,0.7391304347826084,0.9559537490069676,0,3,1317,2819,0.267,0.889
1077,0.72,7,0.7391304347826084,0.8498277939557592,0,7,2998,948,0.766,0.367
1078,0.71,5,0.6956521739130432,0.8938740449487917,0,6,3550,3200,0.522,0.496
1079,0.64,3,0.39130434782608686,0.9559537490069676,0,11,221,4720,0.962,0.107
1080,0.69,7,0.6086956521739126,0.8498277939557592,0,10,4089,1594,0.465,0.645
1081,0.7,4,0.6521739130434779,0.9217888224792302,0,6,4003,2602,0.914,0.852
1082,0.71,5,0.6956521739130432,0.8938740449487917,0,6,450,723,0.416,0.392
1083,0.71,2,0.6956521739130432,1.0,0,3,2235,4206,0.598,0.748
1084,0.7,6,0.6521739130434779,0.8702724368383106,0,8,3291,2334,0.1,0.008
1085,0.68,3,0.5652173913043479,0.9559537490069676,0,7,2594,4470,0.346,0.137
1086,0.7,9,0.6521739130434779,0.815662867428022,0,11,1853,1346,0.846,0.611
1087,0.71,4,0.6956521739130432,0.9217888224792302,0,5,1139,3568,0.171,0.278
1088,0.65,3,0.4347826086956521,0.9559537490069676,0,10,4383,442,0.671,0.974
1089,0.7,5,0.6521739130434779,0.8938740449487917,0,7,4572,3745,0.387,0.08
1090,0.71,6,0.6956521739130432,0.8702724368383106,0,7,939,616,0.884,0.664
1091,0.7,4,0.6521739130434779,0.9217888224792302,0,6,1651,4645,0.071,0.444
1092,0.69,4,0.6086956521739126,0.9217888224792302,0,7,2786,1524,0.568,0.811
1093,0.71,3,0.6956521739130432,0.9559537490069676,0,4,3167,4343,0.813,0.925
1094,0.66,4,0.47826086956521735,0.9217888224792302,0,10,2349,2469,0.313,0.323
1095,0.7,4,0.6521739130434779,0.9217888224792302,0,6,560,2738,0.638,0.535
1096,0.72,15,0.7391304347826084,0.7437018389045511,0,15,3881,862,0.138,0.217
1097,0.71,4,0.6956521739130432,0.9217888224792302,0,5,4278,4858,0.749,0.283
1098,0.63,3,0.3478260869565216,0.9559537490069676,0,12,22,1729,0.249,0.961
1099,0.71,5,0.6956521739130432,0.8938740449487917,0,6,1984,3336,0.8,0.179
1100,0.73,51,0.7826086956521737,0.5632410498098201,0,46,3742,215,0.299,0.577
1101,0.68,4,0.5652173913043479,0.9217888224792302,0,8,2875,2995,0.053,0.69
1102,0.72,9,0.7391304347826084,0.815662867428022,0,9,1430,1121,0.551,0.058
1103,0.62,3,0.3043478260869563,0.9559537490069676,0,13,892,3968,0.493,0.832
1104,0.73,8,0.7826086956521737,0.8317943408906159,0,7,4839,2092,0.992,0.42
1105,0.71,6,0.6956521739130432,0.8702724368383106,0,7,4757,2903,0.614,0.2
1106,0.71,6,0.6956521739130432,0.8702724368383106,0,7,813,1029,0.115,0.552
1107,0.66,4,0.47826086956521735,0.9217888224792302,0,10,1505,3885,0.93,0.34
1108,0.67,3,0.5217391304347826,0.9559537490069676,0,8,2952,2009,0.431,0.908
1109,0.71,3,0.6956521739130432,0.9559537490069676,0,4,3666,4795,0.188,0.795
1110,0.72,9,0.7391304347826084,0.815662867428022,0,9,1910,1666,0.685,0.461
1111,0.65,3,0.4347826086956521,0.9559537490069676,0,10,102,3263,0.363,0.68
1112,0.74,109,0.8260869565217389,0.4485273829657914,0,53,4360,141,0.861,0.064
1113,0.66,5,0.47826086956521735,0.8938740449487917,0,11,3800,4134,0.252,0.435
1114,0.64,3,0.39130434782608686,0.9559537490069676,0,11,481,2260,0.75,0.817
1115,0.68,4,0.5652173913043479,0.9217888224792302,0,8,2423,2537,0.201,0.043
1116,0.7,6,0.6521739130434779,0.8702724368383106,0,8,3244,661,0.699,0.705
1117,0.69,3,0.6086956521739126,0.9559537490069676,0,6,2709,3486,0.948,0.592
1118,0.73,27,0.7826086956521737,0.658020526735894,0,26,1577,358,0.448,0.164
1119,0.64,3,0.39130434782608686,0.9559537490069676,0,11,1019,4376,0.507,0.946
1120,0.73,10,0.7826086956521737,0.8010701746471536,0,9,4653,1255,0.007,0.298
1121,0.7,4,0.6521739130434779,0.9217888224792302,0,6,4462,4554,0.783,0.629
1122,0.71,6,0.6956521739130432,0.8702724368383106,0,7,1221,1430,0.285,0.123
1123,0.69,5,0.6086956521739126,0.8938740449487917,0,8,1776,3660,0.732,0.769
1124,0.72,8,0.7391304347826084,0.8317943408906159,0,8,2520,534,0.234,0.479
1125,0.69,5,0.6086956521739126,0.8938740449487917,0,8,3365,2676,0.478,0.351
1126,0.68,3,0.5652173913043479,0.9559537490069676,0,7,2312,797,0.977,0.905
1127,0.7,3,0.6521739130434779,0.9559537490069676,0,5,368,4269,0.037,0.236
1128,0.7,7,0.6521739130434779,0.8498277939557592,0,9,3923,2397,0.536,0.508
1129,0.71,5,0.6956521739130432,0.8938740449487917,0,6,4168,3401,0.085,0.988
1130,0.73,9,0.7826086956521737,0.815662867428022,0,8,303,277,0.586,0.264
1131,0.7,2,0.6521739130434779,1.0,0,4,2108,4930,0.401,0.597
1132,0.7,7,0.6521739130434779,0.8498277939557592,0,9,3476,1804,0.901,0.151
1133,0.68,4,0.5652173913043479,0.9217888224792302,0,8,3073,4062,0.653,0.023
1134,0.72,5,0.7391304347826084,0.8938740449487917,0,5,1394,2184,0.154,0.733
1135,0.7,4,0.6521739130434779,0.9217888224792302,0,6,699,3077,0.828,0.377
1136,0.7,3,0.6521739130434779,0.9559537490069676,0,5,4880,1206,0.33,0.867
1137,0.72,5,0.7391304347826084,0.8938740449487917,0,5,4868,3073,0.116,0.067
1138,0.67,4,0.5217391304347826,0.9217888224792302,0,9,687,1200,0.617,0.682
1139,0.69,4,0.6086956521739126,0.9217888224792302,0,7,1401,4047,0.432,0.457
1140,0.66,4,0.47826086956521735,0.9217888224792302,0,10,3079,2171,0.933,0.794
1141,0.61,3,0.2608695652173911,0.9559537490069676,0,14,3459,4936,0.684,0.906
1142,0.69,2,0.6086956521739126,1.0,0,5,2090,1808,0.186,0.337
1143,0.7,3,0.6521739130434779,0.9559537490069676,0,5,305,3414,0.86,0.554
1144,0.74,46,0.8260869565217389,0.5787196123083007,0,36,4171,293,0.361,0.203
1145,0.69,5,0.6086956521739126,0.8938740449487917,0,8,3911,4264,0.752,0.3
1146,0.69,3,0.6086956521739126,0.9559537490069676,0,6,355,2391,0.254,0.947
1147,0.66,4,0.47826086956521735,0.9217888224792302,0,10,2319,2660,0.701,0.162
1148,0.72,11,0.7391304347826084,0.7877480898975835,0,11,3373,784,0.204,0.591
1149,0.7,3,0.6521739130434779,0.9559537490069676,0,5,2502,3667,0.446,0.704
1150,0.73,20,0.7826086956521737,0.7020667777289264,0,19,1759,538,0.946,0.041
1151,0.68,4,0.5652173913043479,0.9217888224792302,0,8,1223,4567,0.006,0.818
1152,0.72,10,0.7391304347826084,0.8010701746471536,0,10,4464,1445,0.505,0.437
1153,0.69,4,0.6086956521739126,0.9217888224792302,0,7,4665,4391,0.283,0.511
1154,0.72,6,0.7391304347826084,0.8702724368383106,0,6,1031,1268,0.781,0.238
1155,0.65,4,0.4347826086956521,0.9217888224792302,0,11,1570,3490,0.232,0.902
1156,0.72,12,0.7391304347826084,0.7754929599122368,0,12,2701,364,0.731,0.349
1157,0.71,5,0.6956521739130432,0.8938740449487917,0,6,3262,2524,0.979,0.478
1158,0.67,3,0.5217391304347826,0.9559537490069676,0,8,2440,645,0.479,0.765
1159,0.66,3,0.47826086956521735,0.9559537490069676,0,9,478,4127,0.539,0.124
1160,0.72,7,0.7391304347826084,0.8498277939557592,0,7,3798,2256,0.038,0.632
1161,0.59,4,0.17391304347826056,0.9217888224792302,0,17,4373,3278,0.583,0.87
1162,0.73,7,0.7826086956521737,0.8498277939557592,0,6,113,154,0.083,0.377
1163,0.68,4,0.5652173913043479,0.9217888224792302,0,8,1901,4799,0.899,0.731
1164,0.7,8,0.6521739130434779,0.8317943408906159,0,10,3659,1673,0.399,0.022
1165,0.7,3,0.6521739130434779,0.9559537490069676,0,5,2968,3872,0.157,0.151
1166,0.68,6,0.5652173913043479,0.8702724368383106,0,10,1523,1993,0.654,0.594
1167,0.65,4,0.4347826086956521,0.9217888224792302,0,11,811,2897,0.332,0.265
1168,0.63,3,0.3478260869565216,0.9559537490069676,0,12,4754,1026,0.83,0.99
1169,0.69,5,0.6086956521739126,0.8938740449487917,0,8,4831,3985,0.718,0.647
1170,0.67,5,0.5217391304347826,0.8938740449487917,0,10,885,2106,0.218,0.11
1171,0.67,4,0.5217391304347826,0.9217888224792302,0,9,1443,2999,0.769,0.751
1172,0.72,7,0.7391304347826084,0.8498277939557592,0,7,2887,1127,0.268,0.492
1173,0.68,5,0.5652173913043479,0.8938740449487917,0,9,3741,3323,0.022,0.364
1174,0.75,35,0.8695652173913042,0.6195424307881994,0,3,1981,199,0.52,0.887
1175,0.61,3,0.2608695652173911,0.9559537490069676,0,14,39,4852,0.462,0.223
1176,0.73,9,0.7826086956521737,0.815662867428022,0,8,4296,1726,0.961,0.526
1177,0.7,4,0.6521739130434779,0.9217888224792302,0,6,3874,2754,0.418,0.974
1178,0.7,5,0.6521739130434779,0.8938740449487917,0,7,552,875,0.915,0.281
1179,0.66,3,0.47826086956521735,0.9559537490069676,0,9,2360,4346,0.102,0.611
1180,0.71,5,0.6956521739130432,0.8938740449487917,0,6,3180,2475,0.6,0.135
1181,0.68,3,0.5652173913043479,0.9559537490069676,0,7,2783,4631,0.844,0.005
1182,0.71,5,0.6956521739130432,0.8938740449487917,0,6,1649,1507,0.345,0.748
1183,0.71,3,0.6956521739130432,0.9559537490069676,0,4,957,3739,0.669,0.394
1184,0.72,13,0.7391304347826084,0.7641464817871022,0,13,4588,612,0.169,0.853
1185,0.7,6,0.6521739130434779,0.8702724368383106,0,8,4389,3565,0.883,0.218
1186,0.73,17,0.7826086956521737,0.7256683858394077,0,16,1146,436,0.384,0.539
1187,0.69,4,0.6086956521739126,0.9217888224792302,0,7,1841,4454,0.567,0.322
1188,0.67,4,0.5217391304347826,0.9217888224792302,0,9,2582,1332,0.069,0.921
1189,0.68,3,0.5652173913043479,0.9559537490069676,0,7,3294,4211,0.315,0.808
1190,0.68,3,0.5652173913043479,0.9559537490069676,0,7,2237,2338,0.816,0.443
1191,0.67,4,0.5217391304347826,0.9217888224792302,0,9,432,2616,0.14,0.668
1192,0.73,18,0.7826086956521737,0.7173902947568793,0,17,3986,739,0.64,0.082
1193,0.71,4,0.6956521739130432,0.9217888224792302,0,5,4097,4717,0.247,0.42
1194,0.67,3,0.5217391304347826,0.9559537490069676,0,8,228,1589,0.747,0.835
1195,0.66,3,0.47826086956521735,0.9559537490069676,0,9,2172,3184,0.298,0.057
1196,0.74,140,0.8260869565217389,0.4105139531989165,0,56,3539,63,0.798,0.688
1197,0.7,4,0.6521739130434779,0.9217888224792302,0,6,3000,2825,0.553,0.575
1198,0.72,9,0.7391304347826084,0.815662867428022,0,9,1320,951,0.055,0.178
1199,0.64,3,0.39130434782608686,0.9559537490069676,0,11,764,3807,0.993,0.963
1200,0.73,9,0.7826086956521737,0.815662867428022,0,8,4942,1931,0.496,0.284
1201,0.6,3,0.2173913043478258,0.9559537490069676,0,15,4967,4908,0.944,0.836
1202,0.68,5,0.5652173913043479,0.8938740449487917,0,9,711,1787,0.444,0.408
1203,0.67,4,0.5217391304347826,0.9217888224792302,0,9,1266,3306,0.511,0.702
1204,0.72,5,0.7391304347826084,0.8938740449487917,0,5,3563,3021,0.264,0.183
1205,0.68,3,0.5652173913043479,0.9559537490069676,0,7,2118,1145,0.762,0.566
1206,0.7,3,0.6521739130434779,0.9559537490069676,0,5,174,3924,0.189,0.295
1207,0.7,3,0.6521739130434779,0.9559537490069676,0,5,4121,2050,0.688,0.956
1208,0.71,5,0.6956521739130432,0.8938740449487917,0,6,4049,3678,0.176,0.54
1209,0.72,6,0.7391304347826084,0.8702724368383106,0,6,417,556,0.674,0.206
1210,0.7,3,0.6521739130434779,0.9559537490069676,0,5,2223,4653,0.375,0.936
1211,0.71,8,0.6956521739130432,0.8317943408906159,0,9,3357,1525,0.872,0.319
1212,0.7,3,0.6521739130434779,0.9559537490069676,0,5,2645,4329,0.618,0.448
1213,0.71,5,0.6956521739130432,0.8938740449487917,0,6,1827,2453,0.119,0.799
1214,0.72,5,0.7391304347826084,0.8938740449487917,0,5,1132,2810,0.926,0.092
1215,0.72,10,0.7391304347826084,0.8010701746471536,0,10,4453,936,0.427,0.661
1216,0.71,6,0.6956521739130432,0.8702724368383106,0,7,4564,2633,0.641,0.266
1217,0.67,5,0.5217391304347826,0.8938740449487917,0,10,1011,761,0.143,0.977
1218,0.65,4,0.4347826086956521,0.9217888224792302,0,11,1703,4155,0.84,0.133
1219,0.7,4,0.6521739130434779,0.9217888224792302,0,6,2758,2277,0.341,0.623
1220,0.7,3,0.6521739130434779,0.9559537490069676,0,5,3156,4515,0.089,0.737
1221,0.69,4,0.6086956521739126,0.9217888224792302,0,7,2414,1388,0.589,0.012
1222,0.7,3,0.6521739130434779,0.9559537490069676,0,5,606,3543,0.397,0.848
1223,0.73,31,0.7826086956521737,0.6375758838533427,0,30,3850,419,0.897,0.403
1224,0.7,5,0.6521739130434779,0.8938740449487917,0,7,4233,3785,0.473,0.095
1225,0.68,3,0.5652173913043479,0.9559537490069676,0,7,53,1914,0.973,0.65
1226,0.68,6,0.5652173913043479,0.8702724368383106,0,10,1995,2886,0.041,0.491
1227,0.69,4,0.6086956521739126,0.9217888224792302,0,7,3677,1007,0.54,0.763
1228,0.65,3,0.4347826086956521,0.9559537490069676,0,10,2823,3128,0.795,0.876
1229,0.69,3,0.6086956521739126,0.9559537490069676,0,6,900,4734,0.72,0.521
1230,0.72,9,0.7391304347826084,0.815662867428022,0,9,4768,1610,0.223,0.232
1231,0.72,6,0.7391304347826084,0.8702724368383106,0,6,4691,3397,0.358,0.388
1232,0.68,4,0.5652173913043479,0.9217888224792302,0,8,826,271,0.859,0.863
1233,0.67,4,0.5217391304347826,0.9217888224792302,0,9,1537,4993,0.159,0.027
1234,0.7,4,0.6521739130434779,0.9217888224792302,0,6,2905,1869,0.66,0.722
1235,0.71,4,0.6956521739130432,0.9217888224792302,0,5,3595,3986,0.91,0.609
1236,0.7,7,0.6521739130434779,0.8498277939557592,0,9,1916,2115,0.411,0.148
1237,0.71,2,0.6956521739130432,1.0,0,3,128,3095,0.602,0.991
1238,0.72,11,0.7391304347826084,0.7877480898975835,0,11,4310,1217,0.104,0.252
1239,0.67,5,0.5217391304347826,0.8938740449487917,0,10,3773,4589,0.525,0.248
1240,0.71,4,0.6956521739130432,0.9217888224792302,0,5,532,1462,0.028,0.505
1241,0.68,3,0.5652173913043479,0.9559537490069676,0,7,2493,3606,0.958,0.354
1242,0.7,4,0.6521739130434779,0.9217888224792302,0,6,3237,482,0.461,0.893
1243,0.61,4,0.2608695652173911,0.9217888224792302,0,15,2677,2716,0.205,0.78
1244,0.72,14,0.7391304347826084,0.7535831633698462,0,14,1624,845,0.704,0.475
1245,0.67,4,0.5217391304347826,0.9217888224792302,0,9,1085,4247,0.278,0.633
1246,0.67,8,0.5217391304347826,0.8317943408906159,0,13,4641,2369,0.778,0.112
1247,0.71,5,0.6956521739130432,0.8938740449487917,0,6,4527,4071,0.057,0.942
1248,0.72,5,0.7391304347826084,0.8938740449487917,0,5,1209,2195,0.555,0.309
1249,0.71,6,0.6956521739130432,0.8702724368383106,0,7,1745,2541,0.49,0.581
1250,0.71,7,0.6956521739130432,0.8498277939557592,0,8,2566,667,0.988,0.168
1251,0.67,4,0.5217391304347826,0.9217888224792302,0,9,3437,3468,0.738,0.04
1252,0.73,8,0.7826086956521737,0.8317943408906159,0,7,2305,347,0.237,0.717
1253,0.67,3,0.5217391304347826,0.9559537490069676,0,8,340,4453,0.812,0.422
1254,0.7,5,0.6521739130434779,0.8938740449487917,0,7,3975,1324,0.311,0.821
1255,0.72,5,0.7391304347826084,0.8938740449487917,0,5,4196,2958,0.825,0.677
1256,0.65,3,0.4347826086956521,0.9559537490069676,0,10,251,1082,0.326,0.076
1257,0.67,2,0.5217391304347826,1.0,0,7,2037,3850,0.626,0.783
1258,0.71,6,0.6956521739130432,0.8702724368383106,0,7,3484,1976,0.126,0.464
1259,0.66,3,0.47826086956521735,0.9559537490069676,0,9,3104,4816,0.383,0.336
1260,0.67,3,0.5217391304347826,0.9559537490069676,0,8,1348,1695,0.88,0.919
1261,0.69,3,0.6086956521739126,0.9559537490069676,0,6,634,3222,0.075,0.189
1262,0.74,130,0.8260869565217389,0.42177692579208637,0,55,4892,93,0.572,0.556
1263,0.71,5,0.6956521739130432,0.8938740449487917,0,6,4922,4365,0.395,0.158
1264,0.67,4,0.5217391304347826,0.9217888224792302,0,9,663,2486,0.892,0.587
1265,0.7,5,0.6521739130434779,0.8938740449487917,0,7,1358,2755,0.094,0.304
1266,0.66,3,0.47826086956521735,0.9559537490069676,0,9,3114,884,0.592,0.951
1267,0.7,3,0.6521739130434779,0.9559537490069676,0,5,3513,3722,0.836,0.815
1268,0.65,3,0.4347826086956521,0.9559537490069676,0,10,2066,599,0.337,0.432
1269,0.67,3,0.5217391304347826,0.9559537490069676,0,8,261,4628,0.646,0.707
1270,0.72,9,0.7391304347826084,0.815662867428022,0,9,4206,1502,0.146,0.046
1271,0.7,6,0.6521739130434779,0.8702724368383106,0,8,3965,2978,0.726,0.454
1272,0.7,3,0.6521739130434779,0.9559537490069676,0,5,330,1100,0.225,0.789
1273,0.67,3,0.5217391304347826,0.9559537490069676,0,8,2275,3947,0.792,0.07
1274,0.69,6,0.6086956521739126,0.8702724368383106,0,9,3407,2075,0.292,0.687
1275,0.69,3,0.6086956521739126,0.9559537490069676,0,6,2556,4875,0.045,0.55
1276,0.73,8,0.7826086956521737,0.8317943408906159,0,7,1735,1751,0.544,0.199
1277,0.72,3,0.7391304347826084,0.9559537490069676,0,3,1179,3359,0.47,0.91
1278,0.74,50,0.8260869565217389,0.5662141022359823,0,38,4498,232,0.968,0.341
1279,0.68,5,0.5652173913043479,0.8938740449487917,0,9,4611,3183,0.193,0.728
1280,0.73,129,0.7826086956521737,0.4229501682308747,0,71,1056,55,0.692,0.017
1281,0.67,4,0.5217391304347826,0.9217888224792302,0,9,1614,4699,0.259,0.872
1282,0.71,5,0.6956521739130432,0.8938740449487917,0,6,2667,1577,0.759,0.382
1283,0.69,4,0.6086956521739126,0.9217888224792302,0,7,3209,3810,0.514,0.261
1284,0.69,10,0.6086956521739126,0.8010701746471536,0,13,2464,1937,0.016,0.986
1285,0.69,4,0.6086956521739126,0.9217888224792302,0,7,522,2841,0.939,0.154
1286,0.71,10,0.6956521739130432,0.8010701746471536,0,11,3764,965,0.441,0.599
1287,0.72,3,0.7391304347826084,0.9559537490069676,0,3,4319,4492,0.922,0.899
1288,0.67,3,0.5217391304347826,0.9559537490069676,0,8,137,1363,0.423,0.344
1289,0.71,5,0.6956521739130432,0.8938740449487917,0,6,1945,3585,0.621,0.515
1290,0.72,23,0.7391304347826084,0.6816221348463751,0,23,3624,464,0.123,0.242
1291,0.67,4,0.5217391304347826,0.9217888224792302,0,9,2914,2580,0.37,0.122
1292,0.74,9,0.8260869565217389,0.815662867428022,0,6,1547,706,0.87,0.627
1293,0.69,3,0.6086956521739126,0.9559537490069676,0,6,855,4188,0.179,0.481
1294,0.69,5,0.6086956521739126,0.8938740449487917,0,8,4720,2312,0.679,0.77
1295,0.68,6,0.5652173913043479,0.8702724368383106,0,10,4797,2693,0.807,0.614
1296,0.72,8,0.7391304347826084,0.8317943408906159,0,8,929,819,0.309,0.139
1297,0.68,3,0.5652173913043479,0.9559537490069676,0,7,1467,4290,0.74,0.971
1298,0.69,4,0.6086956521739126,0.9217888224792302,0,7,2833,2414,0.243,0.276
1299,0.71,4,0.6956521739130432,0.9217888224792302,0,5,3706,4536,0.485,0.397
1300,0.71,2,0.6956521739130432,1.0,0,3,2025,1408,0.985,0.858
1301,0.73,2,0.7826086956521737,1.0,1,1,63,3638,0.06,0.003
1302,0.72,9,0.7391304347826084,0.815662867428022,0,9,4242,517,0.56,0.742
1303,0.67,4,0.5217391304347826,0.9217888224792302,0,9,3841,4041,0.077,0.753
1304,0.68,4,0.5652173913043479,0.9217888224792302,0,8,597,2167,0.578,0.498
1305,0.66,3,0.47826086956521735,0.9559537490069676,0,9,2385,3060,0.377,0.644
1306,0.71,7,0.6956521739130432,0.8498277939557592,0,8,3127,1184,0.878,0.105
1307,0.69,4,0.6086956521739126,0.9217888224792302,0,7,2749,3423,0.629,0.226
1308,0.73,37,0.7826086956521737,0.611264339705671,0,36,1694,295,0.131,0.531
1309,0.69,3,0.6086956521739126,0.9559537490069676,0,6,982,4947,0.821,0.361
1310,0.7,4,0.6521739130434779,0.9217888224792302,0,6,4535,1826,0.322,0.883
1311,0.68,4,0.5652173913043479,0.9217888224792302,0,8,4423,4773,0.607,0.06
1312,0.72,5,0.7391304347826084,0.8938740449487917,0,5,1102,1649,0.107,0.693
1313,0.69,5,0.6086956521739126,0.8938740449487917,0,8,1817,3246,0.906,0.418
1314,0.74,31,0.8260869565217389,0.6375758838533427,0,25,2635,119,0.407,0.83
1315,0.69,4,0.6086956521739126,0.9217888224792302,0,7,3328,2925,0.164,0.966
1316,0.66,3,0.47826086956521735,0.9559537490069676,0,9,2193,1046,0.662,0.289
1317,0.7,3,0.6521739130434779,0.9559537490069676,0,5,407,3902,0.356,0.572
1318,0.71,7,0.6956521739130432,0.8498277939557592,0,8,4039,2031,0.853,0.173
1319,0.69,5,0.6086956521739126,0.8938740449487917,0,8,4131,3503,0.275,0.325
1320,0.64,3,0.39130434782608686,0.9559537490069676,0,11,184,380,0.774,0.926
1321,0.68,3,0.5652173913043479,0.9559537490069676,0,7,2148,4398,0.209,0.215
1322,0.72,8,0.7391304347826084,0.8317943408906159,0,8,3593,1272,0.707,0.534
1323,0.67,3,0.5217391304347826,0.9559537490069676,0,8,3034,4116,0.956,0.67
1324,0.69,5,0.6086956521739126,0.8938740449487917,0,8,1276,2238,0.455,0.087
1325,0.67,3,0.5217391304347826,0.9559537490069676,0,8,740,2515,0.531,0.805
1326,0.73,19,0.7826086956521737,0.7095369123768137,0,18,4996,644,0.03,0.438
1327,0.64,3,0.39130434782608686,0.9559537490069676,0,11,4933,3621,0.533,0.931
1328,0.72,10,0.7391304347826084,0.8010701746471536,0,10,755,495,0.036,0.316
1329,0.66,4,0.47826086956521735,0.9217888224792302,0,10,1291,4593,0.982,0.545
1330,0.72,6,0.7391304347826084,0.8702724368383106,0,6,2971,1469,0.484,0.208
1331,0.71,4,0.6956521739130432,0.9217888224792302,0,5,3529,4229,0.228,0.088
1332,0.65,3,0.4347826086956521,0.9559537490069676,0,10,2163,2358,0.727,0.658
1333,0.68,3,0.5652173913043479,0.9559537490069676,0,7,199,2715,0.286,0.452
1334,0.69,4,0.6086956521739126,0.9217888224792302,0,7,4068,836,0.786,0.802
1335,0.7,4,0.6521739130434779,0.9217888224792302,0,6,4015,4969,0.335,0.698
1336,0.66,5,0.47826086956521735,0.8938740449487917,0,11,461,1843,0.835,0.051
1337,0.68,3,0.5652173913043479,0.9559537490069676,0,7,2247,3362,0.152,0.84
1338,0.74,33,0.8260869565217389,0.6282938062941583,0,27,3303,238,0.652,0.411
1339,0.7,3,0.6521739130434779,0.9559537490069676,0,5,2611,3116,0.902,0.29
1340,0.71,3,0.6956521739130432,0.9559537490069676,0,4,1870,1245,0.404,0.954
1341,0.64,4,0.39130434782608686,0.9217888224792302,0,12,1156,4024,0.579,0.188
1342,0.72,7,0.7391304347826084,0.8498277939557592,0,7,4399,2145,0.08,0.569
1343,0.69,5,0.6086956521739126,0.8938740449487917,0,8,4598,3846,0.864,0.487
1344,0.69,4,0.6086956521739126,0.9217888224792302,0,7,967,1970,0.364,0.76
1345,0.68,5,0.5652173913043479,0.8938740449487917,0,9,1679,2942,0.681,0.1
1346,0.69,6,0.6086956521739126,0.8702724368383106,0,9,2812,1069,0.181,0.653
1347,0.72,4,0.7391304347826084,0.9217888224792302,0,4,3190,3224,0.437,0.516
1348,0.73,26,0.7826086956521737,0.6635886817812319,0,25,2370,102,0.935,0.229
1349,0.68,3,0.5652173913043479,0.9559537490069676,0,7,582,4834,0.114,0.881
1350,0.71,9,0.6956521739130432,0.815662867428022,0,10,3904,1705,0.611,0.373
1351,0.71,7,0.6956521739130432,0.8498277939557592,0,8,4266,2576,0.002,0.128
1352,0.66,3,0.47826086956521735,0.9559537490069676,0,9,9,700,0.501,0.621
1353,0.7,5,0.6521739130434779,0.8938740449487917,0,7,1971,4095,0.451,0.271
1354,0.65,3,0.4347826086956521,0.9559537490069676,0,10,3730,2221,0.949,0.98
1355,0.72,3,0.7391304347826084,0.9559537490069676,0,3,2857,4415,0.699,0.843
1356,0.73,8,0.7826086956521737,0.8317943408906159,0,7,1414,1294,0.198,0.4
1357,0.7,4,0.6521739130434779,0.9217888224792302,0,6,875,3447,0.757,0.741
1358,0.73,35,0.7826086956521737,0.6195424307881994,0,34,4821,319,0.257,0.015
1359,0.68,5,0.5652173913043479,0.8938740449487917,0,9,4744,4684,0.137,0.359
1360,0.62,3,0.3043478260869563,0.9559537490069676,0,13,801,1563,0.635,0.896
1361,0.71,4,0.6956521739130432,0.9217888224792302,0,5,1493,3705,0.321,0.243
1362,0.72,11,0.7391304347826084,0.7877480898975835,0,11,2939,577,0.818,0.502
1363,0.69,5,0.6086956521739126,0.8938740449487917,0,8,3649,2777,0.564,0.638
1364,0.73,14,0.7826086956521737,0.7535831633698462,0,13,1891,901,0.064,0.115
1365,0.67,3,0.5217391304347826,0.9559537490069676,0,8,84,4304,0.887,0.775
1366,0.71,7,0.6956521739130432,0.8498277939557592,0,8,4343,2430,0.388,0.472
1367,0.68,5,0.5652173913043479,0.8938740449487917,0,9,3827,3297,0.999,0.032
1368,0.73,17,0.7826086956521737,0.7256683858394077,0,16,507,176,0.498,0.725
1369,0.65,3,0.4347826086956521,0.9559537490069676,0,10,2450,4897,0.551,0.383
1370,0.68,5,0.5652173913043479,0.8938740449487917,0,9,3272,1768,0.05,0.86
1371,0.71,3,0.6956521739130432,0.9559537490069676,0,4,2730,3930,0.303,0.996
1372,0.69,6,0.6086956521739126,0.8702724368383106,0,9,1600,2053,0.801,0.255
1373,0.67,4,0.5217391304347826,0.9217888224792302,0,9,1042,3035,0.244,0.604
1374,0.73,11,0.7826086956521737,0.7877480898975835,0,10,4675,1161,0.743,0.145
1375,0.69,5,0.6086956521739126,0.8938740449487917,0,8,4473,2858,0.465,0.788
1376,0.73,9,0.7826086956521737,0.815662867428022,0,8,1233,987,0.965,0.467
1377,0.73,5,0.7826086956521737,0.8938740449487917,0,4,1789,3754,0.017,0.672
1378,0.7,4,0.6521739130434779,0.9217888224792302,0,6,2531,1876,0.517,0.073
1379,0.7,4,0.6521739130434779,0.9217888224792302,0,6,3383,4760,0.771,0.194
1380,0.69,4,0.6086956521739126,0.9217888224792302,0,7,2329,1633,0.274,0.559
1381,0.69,3,0.6086956521739126,0.9559537490069676,0,6,384,3161,0.713,0.331
1382,0.73,236,0.7826086956521737,0.3310052476662847,0,83,3940,38,0.215,0.916
1383,0.7,5,0.6521739130434779,0.8938740449487917,0,7,4142,4166,0.664,0.586
1384,0.67,3,0.5217391304347826,0.9559537490069676,0,8,276,2295,0.166,0.171
1385,0.71,2,0.6956521739130432,1.0,0,3,2081,2641,0.848,0.937
1386,0.71,13,0.6956521739130432,0.7641464817871022,0,14,3450,762,0.349,0.307
1387,0.67,4,0.5217391304347826,0.9217888224792302,0,9,3050,3529,0.097,0.427
1388,0.69,5,0.6086956521739126,0.8938740449487917,0,8,1372,403,0.597,0.824
1389,0.71,3,0.6956521739130432,0.9559537490069676,0,4,678,4509,0.42,0.035
1390,0.71,6,0.6956521739130432,0.8702724368383106,0,7,4858,1385,0.921,0.714
1391,0.7,4,0.6521739130434779,0.9217888224792302,0,6,4856,4174,0.147,0.778
1392,0.69,4,0.6086956521739126,0.9217888224792302,0,7,675,2297,0.644,0.474
1393,0.67,5,0.5217391304347826,0.8938740449487917,0,10,1370,2654,0.338,0.635
1394,0.72,9,0.7391304347826084,0.815662867428022,0,9,3048,780,0.836,0.113
1395,0.68,4,0.5652173913043479,0.9217888224792302,0,8,3453,3522,0.593,0.25
1396,0.68,4,0.5652173913043479,0.9217888224792302,0,8,2084,401,0.094,0.506
1397,0.68,3,0.5652173913043479,0.9559537490069676,0,7,278,4497,0.893,0.352
1398,0.7,4,0.6521739130434779,0.9217888224792302,0,6,4145,1368,0.393,0.892
1399,0.69,6,0.6086956521739126,0.8702724368383106,0,9,3938,2865,0.97,0.607
1400,0.68,4,0.5652173913043479,0.9217888224792302,0,8,382,989,0.469,0.145
1401,0.71,3,0.6956521739130432,0.9559537490069676,0,4,2326,3767,0.544,0.994
1402,0.71,6,0.6956521739130432,0.8702724368383106,0,7,3380,1893,0.044,0.254
1403,0.68,3,0.5652173913043479,0.9559537490069676,0,7,2534,4752,0.292,0.391
1404,0.68,3,0.5652173913043479,0.9559537490069676,0,7,1791,1631,0.791,0.865
1405,0.67,4,0.5217391304347826,0.9217888224792302,0,9,1235,3149,0.226,0.025
1406,0.74,534,0.8260869565217389,0.20634420010121768,0,65,4476,20,0.725,0.719
1407,0.72,5,0.7391304347826084,0.8938740449487917,0,5,4678,3285,0.441,0.334
1408,0.73,15,0.7826086956521737,0.7437018389045511,0,14,1044,159,0.94,0.918
1409,0.72,4,0.7391304347826084,0.9217888224792302,0,4,1602,4890,0.015,0.19
1410,0.7,6,0.6521739130434779,0.8702724368383106,0,8,2733,1766,0.515,0.558
1411,0.71,4,0.6956521739130432,0.9217888224792302,0,5,3269,3942,0.757,0.679
1412,0.68,4,0.5652173913043479,0.9217888224792302,0,8,2447,2071,0.26,0.077
1413,0.69,3,0.6086956521739126,0.9559537490069676,0,6,505,3041,0.691,0.781
1414,0.72,11,0.7391304347826084,0.7877480898975835,0,11,3825,1163,0.194,0.463
1415,0.69,4,0.6086956521739126,0.9217888224792302,0,7,4346,4672,0.678,0.037
1416,0.67,3,0.5217391304347826,0.9559537490069676,0,8,86,1546,0.179,0.715
1417,0.67,5,0.5217391304347826,0.8938740449487917,0,10,1894,3699,0.869,0.425
1418,0.7,5,0.6521739130434779,0.8938740449487917,0,7,3651,575,0.371,0.823
1419,0.68,6,0.5652173913043479,0.8702724368383106,0,10,2936,2790,0.122,0.944
1420,0.72,11,0.7391304347826084,0.7877480898975835,0,11,1491,918,0.623,0.311
1421,0.67,3,0.5217391304347826,0.9559537490069676,0,8,798,4311,0.422,0.578
1422,0.71,7,0.6956521739130432,0.8498277939557592,0,8,4742,2432,0.923,0.166
1423,0.69,7,0.6086956521739126,0.8498277939557592,0,10,4824,2560,0.559,0.446
1424,0.73,9,0.7826086956521737,0.815662867428022,0,8,878,688,0.061,0.798
1425,0.7,4,0.6521739130434779,0.9217888224792302,0,6,1416,4092,0.984,0.094
1426,0.68,4,0.5652173913043479,0.9217888224792302,0,8,2860,2213,0.486,0.662
1427,0.68,4,0.5652173913043479,0.9217888224792302,0,8,3728,4432,0.241,0.541
1428,0.72,12,0.7391304347826084,0.7754929599122368,0,12,1968,1306,0.741,0.207
1429,0.71,2,0.6956521739130432,1.0,0,3,7,3450,0.308,0.934
1430,0.73,36,0.7826086956521737,0.6153474453872805,0,35,4264,326,0.807,0.317
1431,0.7,5,0.6521739130434779,0.8938740449487917,0,7,3907,3829,0.321,0.18
1432,0.66,4,0.47826086956521735,0.9217888224792302,0,10,585,1958,0.821,0.564
1433,0.69,3,0.6086956521739126,0.9559537490069676,0,6,2373,2939,0.13,0.297
1434,0.71,3,0.6956521739130432,0.9559537490069676,0,4,3192,1061,0.63,0.959
1435,0.68,3,0.5652173913043479,0.9559537490069676,0,7,2810,3240,0.877,0.838
1436,0.73,91,0.7826086956521737,0.47588641618710525,0,64,1676,114,0.379,0.41
1437,0.64,3,0.39130434782608686,0.9559537490069676,0,11,965,4837,0.577,0.7
1438,0.71,8,0.6956521739130432,0.8317943408906159,0,9,4596,1713,0.078,0.052
1439,0.71,3,0.6956521739130432,0.9559537490069676,0,4,4397,4972,0.854,0.875
1440,0.69,6,0.6086956521739126,0.8702724368383106,0,9,1154,1850,0.354,0.369
1441,0.71,5,0.6956521739130432,0.8938740449487917,0,6,1868,3379,0.663,0.523
1442,0.73,16,0.7826086956521737,0.7344197613453665,0,15,2608,250,0.164,0.233
1443,0.67,5,0.5217391304347826,0.8938740449487917,0,10,3306,3113,0.408,0.097
1444,0.67,4,0.5217391304347826,0.9217888224792302,0,9,2249,1237,0.906,0.651
1445,0.7,3,0.6521739130434779,0.9559537490069676,0,5,463,4007,0.108,0.49
1446,0.72,5,0.7391304347826084,0.8938740449487917,0,5,4017,2133,0.605,0.762
1447,0.69,6,0.6086956521739126,0.8702724368383106,0,9,4065,3624,0.032,0.734
1448,0.69,4,0.6086956521739126,0.9217888224792302,0,7,196,503,0.53,0.01
1449,0.71,2,0.6956521739130432,1.0,0,3,2160,4610,0.456,0.851
1450,0.72,10,0.7391304347826084,0.8010701746471536,0,10,3527,1481,0.955,0.405
1451,0.72,4,0.7391304347826084,0.9217888224792302,0,4,2973,4227,0.708,0.269
1452,0.71,4,0.6956521739130432,0.9217888224792302,0,5,1293,2351,0.208,0.979
1453,0.67,4,0.5217391304347826,0.9217888224792302,0,9,757,2698,0.775,0.131
1454,0.72,15,0.7391304347826084,0.7437018389045511,0,15,4935,824,0.274,0.621
1455,0.69,5,0.6086956521739126,0.8938740449487917,0,8,4998,3511,0.785,0.007
1456,0.73,9,0.7826086956521737,0.815662867428022,0,8,743,382,0.287,0.749
1457,0.67,4,0.5217391304347826,0.9217888224792302,0,9,1279,4410,0.726,0.393
1458,0.68,3,0.5652173913043479,0.9559537490069676,0,7,3037,1289,0.229,0.852
1459,0.71,3,0.6956521739130432,0.9559537490069676,0,4,3591,4109,0.483,0.972
1460,0.66,3,0.47826086956521735,0.9559537490069676,0,9,2146,2235,0.983,0.279
1461,0.73,3,0.7826086956521737,0.9559537490069676,0,2,182,2504,0.035,0.612
1462,0.73,19,0.7826086956521737,0.7095369123768137,0,18,4129,627,0.535,0.136
1463,0.68,4,0.5652173913043479,0.9217888224792302,0,8,4042,4781,0.079,0.366
1464,0.66,3,0.47826086956521735,0.9559537490069676,0,9,410,1652,0.58,0.889
1465,0.66,3,0.47826086956521735,0.9559537490069676,0,9,2195,3257,0.403,0.22
1466,0.74,61,0.8260869565217389,0.5363108891071965,0,43,3330,136,0.903,0.524
1467,0.69,5,0.6086956521739126,0.8938740449487917,0,8,2632,2917,0.651,0.644
1468,0.74,16,0.8260869565217389,0.7344197613453665,0,11,1814,1044,0.152,0.108
1469,0.68,5,0.5652173913043479,0.8938740449487917,0,9,1100,3890,0.834,0.753
1470,0.72,8,0.7391304347826084,0.8317943408906159,0,8,4421,2014,0.336,0.495
1471,0.71,7,0.6956521739130432,0.8498277939557592,0,8,4532,4029,0.612,0.576
1472,0.7,5,0.6521739130434779,0.8938740449487917,0,7,979,2150,0.113,0.179
1473,0.71,2,0.6956521739130432,1.0,0,3,1691,3052,0.936,0.962
1474,0.71,7,0.6956521739130432,0.8498277939557592,0,8,2746,1181,0.436,0.283
1475,0.7,6,0.6521739130434779,0.8702724368383106,0,8,3129,3435,0.182,0.419
1476,0.68,4,0.5652173913043479,0.9217888224792302,0,8,2387,311,0.679,0.833
1477,0.72,4,0.7391304347826084,0.9217888224792302,0,4,599,4955,0.365,0.059
1478,0.67,7,0.5217391304347826,0.8498277939557592,0,12,3843,1828,0.863,0.689
1479,0.72,5,0.7391304347826084,0.8938740449487917,0,5,4239,2681,0.257,0.811
1480,0.67,3,0.5217391304347826,0.9559537490069676,0,8,60,802,0.756,0.445
1481,0.7,2,0.6521739130434779,1.0,0,4,2022,4283,0.199,0.665
1482,0.68,8,0.5652173913043479,0.8317943408906159,0,12,3704,2412,0.697,0.079
1483,0.66,4,0.47826086956521735,0.9217888224792302,0,10,2835,4548,0.95,0.216
1484,0.72,7,0.7391304347826084,0.8498277939557592,0,7,1470,1425,0.45,0.536
1485,0.7,4,0.6521739130434779,0.9217888224792302,0,6,931,3646,0.502,0.324
1486,0.66,5,0.47826086956521735,0.8938740449487917,0,11,4717,4475,0.389,0.706
1487,0.68,6,0.5652173913043479,0.8702724368383106,0,10,852,1351,0.886,0.042
1488,0.68,5,0.5652173913043479,0.8938740449487917,0,9,1544,3583,0.065,0.816
1489,0.73,17,0.7826086956521737,0.7256683858394077,0,16,2912,457,0.563,0.436
1490,0.65,5,0.4347826086956521,0.8938740449487917,0,12,3627,2597,0.819,0.299
1491,0.7,4,0.6521739130434779,0.9217888224792302,0,6,1948,719,0.319,0.945
1492,0.71,2,0.6956521739130432,1.0,0,3,140,4191,0.635,0.163
1493,0.69,8,0.6086956521739126,0.8317943408906159,0,11,4321,2320,0.136,0.593
1494,0.66,3,0.47826086956521735,0.9559537490069676,0,9,3761,3166,0.743,0.909
1495,0.73,78,0.7826086956521737,0.4992109067756688,0,59,520,42,0.243,0.339
1496,0.69,3,0.6086956521739126,0.9559537490069676,0,6,2462,4696,0.802,0.551
1497,0.72,7,0.7391304347826084,0.8498277939557592,0,7,3206,1570,0.301,0.201
1498,0.66,3,0.47826086956521735,0.9559537490069676,0,9,2669,3828,0.051,0.065
1499,0.67,5,0.5217391304347826,0.8938740449487917,0,10,1616,1949,0.549,0.679
1500,0.67,4,0.5217391304347826,0.9217888224792302,0,9,1059,2843,0.499,0.46
1501,0.68,4,0.5652173913043479,0.9217888224792302,0,8,4614,972,0.998,0.796
1502,0.72,6,0.7391304347826084,0.8702724368383106,0,6,4500,2980,0.214,0.152
1503,0.69,7,0.6086956521739126,0.8498277939557592,0,10,1182,1106,0.714,0.596
1504,0.69,4,0.6086956521739126,0.9217888224792302,0,7,1737,3964,0.273,0.263
1505,0.71,3,0.6956521739130432,0.9559537490069676,0,4,2558,2088,0.772,0.989
1506,0.69,3,0.6086956521739126,0.9559537490069676,0,6,3404,4873,0.516,0.868
1507,0.68,3,0.5652173913043479,0.9559537490069676,0,7,2272,1744,0.018,0.376
1508,0.66,3,0.47826086956521735,0.9559537490069676,0,9,328,3341,0.964,0.732
1509,0.73,62,0.7826086956521737,0.5338611186195423,0,51,3962,220,0.467,0.024
1510,0.68,4,0.5652173913043479,0.9217888224792302,0,8,4208,4367,0.92,0.48
1511,0.66,3,0.47826086956521735,0.9559537490069676,0,9,263,2493,0.422,0.768
1512,0.68,3,0.5652173913043479,0.9559537490069676,0,7,2069,2773,0.596,0.122
1513,0.72,11,0.7391304347826084,0.7877480898975835,0,11,3516,896,0.098,0.63
1514,0.71,4,0.6956521739130432,0.9217888224792302,0,5,3111,3721,0.348,0.509
1515,0.73,17,0.7826086956521737,0.7256683858394077,0,16,1355,592,0.849,0.235
1516,0.61,3,0.2608695652173911,0.9559537490069676,0,14,661,4611,0.165,0.904
1517,0.72,9,0.7391304347826084,0.815662867428022,0,9,4919,1489,0.666,0.351
1518,0.71,3,0.6956521739130432,0.9559537490069676,0,4,4890,2960,0.36,0.999
1519,0.72,5,0.7391304347826084,0.8938740449487917,0,5,631,1089,0.86,0.257
1520,0.68,4,0.5652173913043479,0.9217888224792302,0,8,1345,3867,0.184,0.601
1521,0.69,6,0.6086956521739126,0.8702724368383106,0,9,3101,1988,0.685,0.143
1522,0.71,4,0.6956521739130432,0.9217888224792302,0,5,3486,4813,0.931,0.029
1523,0.71,3,0.6956521739130432,0.9559537490069676,0,4,2039,1687,0.433,0.723
1524,0.65,3,0.4347826086956521,0.9559537490069676,0,10,253,3205,0.616,0.386
1525,0.73,153,0.7826086956521737,0.3970109973248718,0,74,4198,81,0.117,0.862
1526,0.68,5,0.5652173913043479,0.8938740449487917,0,9,3973,4074,0.504,0.64
1527,0.68,3,0.5652173913043479,0.9559537490069676,0,7,338,2203,0.007,0.116
1528,0.69,3,0.6086956521739126,0.9559537490069676,0,6,2302,2558,0.945,0.774
1529,0.72,17,0.7391304347826084,0.7256683858394077,0,17,3434,679,0.447,0.47
1530,0.69,3,0.6086956521739126,0.9559537490069676,0,6,2568,3466,0.202,0.358
1531,0.67,4,0.5217391304347826,0.9217888224792302,0,9,1747,340,0.702,0.894
1532,0.69,4,0.6086956521739126,0.9217888224792302,0,7,1211,4436,0.253,0.245
1533,0.72,10,0.7391304347826084,0.8010701746471536,0,10,4530,1312,0.752,0.503
1534,0.7,5,0.6521739130434779,0.8938740449487917,0,7,4643,4572,0.039,0.43
1535,0.64,3,0.39130434782608686,0.9559537490069676,0,11,1088,1451,0.538,0.826
1536,0.7,5,0.6521739130434779,0.8938740449487917,0,7,1626,3603,0.48,0.032
1537,0.66,5,0.47826086956521735,0.8938740449487917,0,11,2679,474,0.978,0.712
1538,0.65,5,0.4347826086956521,0.8938740449487917,0,12,3235,2733,0.732,0.583
1539,0.71,5,0.6956521739130432,0.8938740449487917,0,6,2491,857,0.231,0.169
1540,0.71,2,0.6956521739130432,1.0,0,3,529,4250,0.782,0.939
1541,0.72,6,0.7391304347826084,0.8702724368383106,0,6,3771,2377,0.282,0.309
1542,0.71,5,0.6956521739130432,0.8938740449487917,0,6,4312,3380,0.831,0.195
1543,0.71,6,0.6956521739130432,0.8702724368383106,0,7,130,259,0.331,0.56
1544,0.69,5,0.6086956521739126,0.8938740449487917,0,8,1919,4990,0.655,0.329
1545,0.69,4,0.6086956521739126,0.9217888224792302,0,7,3598,1861,0.156,0.915
1546,0.62,3,0.3043478260869563,0.9559537490069676,0,13,2903,4003,0.4,0.786
1547,0.71,8,0.6956521739130432,0.8317943408906159,0,9,1535,2126,0.898,0.466
1548,0.65,5,0.4347826086956521,0.8938740449487917,0,12,823,3098,0.085,0.674
1549,0.72,11,0.7391304347826084,0.7877480898975835,0,11,4688,1224,0.582,0.074
1550,0.67,6,0.5217391304347826,0.8702724368383106,0,11,4770,3773,0.962,0.292
1551,0.68,4,0.5652173913043479,0.9217888224792302,0,8,902,1896,0.461,0.956
1552,0.68,5,0.5652173913043479,0.8938740449487917,0,9,1460,2879,0.521,0.185
1553,0.72,7,0.7391304347826084,0.8498277939557592,0,7,2826,1005,0.021,0.566
1554,0.67,5,0.5217391304347826,0.8938740449487917,0,10,3675,3140,0.269,0.695
1555,0.73,694,0.7826086956521737,0.16628440218317497,0,90,1993,19,0.768,0.049
1556,0.67,3,0.5217391304347826,0.9559537490069676,0,8,51,4741,0.219,0.843
1557,0.7,9,0.6521739130434779,0.815662867428022,0,11,4230,1613,0.717,0.413
1558,0.69,6,0.6086956521739126,0.8702724368383106,0,9,3853,2620,0.17,0.089
1559,0.72,4,0.7391304347826084,0.9217888224792302,0,4,609,744,0.668,0.659
1560,0.67,3,0.5217391304347826,0.9559537490069676,0,8,2416,4148,0.346,0.451
1561,0.67,4,0.5217391304347826,0.9217888224792302,0,9,3158,2275,0.843,0.801
1562,0.71,3,0.6956521739130432,0.9559537490069676,0,4,2756,4527,0.601,0.929
1563,0.72,9,0.7391304347826084,0.815662867428022,0,9,1700,1406,0.101,0.315
1564,0.72,4,0.7391304347826084,0.9217888224792302,0,4,1008,3550,0.917,0.546
1565,0.73,39,0.7826086956521737,0.6034109573256055,0,38,4561,421,0.417,0.21
1566,0.61,4,0.2608695652173911,0.9217888224792302,0,15,4450,3685,0.639,0.846
1567,0.72,14,0.7391304347826084,0.7535831633698462,0,14,1130,559,0.14,0.402
1568,0.69,4,0.6086956521739126,0.9217888224792302,0,7,1824,4666,0.814,0.739
1569,0.7,4,0.6521739130434779,0.9217888224792302,0,6,2642,1542,0.316,0.013
1570,0.7,4,0.6521739130434779,0.9217888224792302,0,6,3360,4322,0.067,0.126
1571,0.67,3,0.5217391304347826,0.9559537490069676,0,8,2225,2451,0.568,0.618
1572,0.67,3,0.5217391304347826,0.9559537490069676,0,8,420,2798,0.384,0.274
1573,0.69,3,0.6086956521739126,0.9559537490069676,0,6,4052,919,0.884,0.982
1574,0.67,5,0.5217391304347826,0.8938740449487917,0,10,4119,4915,0.495,0.518
1575,0.69,4,0.6086956521739126,0.9217888224792302,0,7,172,1789,0.994,0.23
1576,0.73,3,0.7826086956521737,0.9559537490069676,0,2,2116,3318,0.054,0.88
1577,0.73,52,0.7826086956521737,0.5603246304115135,0,47,3561,194,0.554,0.372
1578,0.69,4,0.6086956521739126,0.9217888224792302,0,7,3027,3014,0.796,0.485
1579,0.71,5,0.6956521739130432,0.8938740449487917,0,6,1268,1142,0.299,0.759
1580,0.68,4,0.5652173913043479,0.9217888224792302,0,8,713,3911,0.746,0.102
1581,0.71,7,0.6956521739130432,0.8498277939557592,0,8,4969,2032,0.248,0.654
1582,0.7,4,0.6521739130434779,0.9217888224792302,0,6,4944,4719,0.689,0.223
1583,0.67,5,0.5217391304347826,0.8938740449487917,0,10,767,1595,0.188,0.528
1584,0.7,4,0.6521739130434779,0.9217888224792302,0,6,1322,3202,0.763,0.363
1585,0.73,69,0.7826086956521737,0.5177296451569484,0,56,3002,75,0.262,0.885
1586,0.71,6,0.6956521739130432,0.8702724368383106,0,7,3536,2823,0.012,0.756
1587,0.69,3,0.6086956521739126,0.9559537490069676,0,6,2170,944,0.51,0.5
1588,0.67,3,0.5217391304347826,0.9559537490069676,0,8,225,3790,0.445,0.642
1589,0.71,8,0.6956521739130432,0.8317943408906159,0,9,4094,1918,0.943,0.103
1590,0.69,5,0.6086956521739126,0.8938740449487917,0,8,3989,3567,0.428,0.395
1591,0.7,3,0.6521739130434779,0.9559537490069676,0,5,434,443,0.925,0.857
1592,0.63,3,0.3478260869565216,0.9559537490069676,0,12,2240,4471,0.12,0.004
1593,0.71,4,0.6956521739130432,0.9217888224792302,0,5,3296,1345,0.617,0.744
1594,0.68,3,0.5652173913043479,0.9559537490069676,0,7,2579,4209,0.874,0.615
1595,0.71,7,0.6956521739130432,0.8498277939557592,0,8,1839,2331,0.374,0.14
1596,0.71,3,0.6956521739130432,0.9559537490069676,0,4,1144,2598,0.675,0.969
1597,0.73,17,0.7826086956521737,0.7256683858394077,0,16,4387,727,0.175,0.275
1598,0.67,6,0.5217391304347826,0.8702724368383106,0,11,4586,2737,0.896,0.668
1599,0.71,8,0.6956521739130432,0.8317943408906159,0,9,955,863,0.398,0.084
1600,0.68,4,0.5652173913043479,0.9217888224792302,0,8,1647,4344,0.589,0.808
1601,0.69,4,0.6086956521739126,0.9217888224792302,0,7,2780,2468,0.09,0.44
1602,0.7,3,0.6521739130434779,0.9559537490069676,0,5,3182,4649,0.34,0.327
1603,0.69,3,0.6086956521739126,0.9559537490069676,0,6,2363,1520,0.841,0.928
1604,0.69,3,0.6086956521739126,0.9559537490069676,0,6,555,3741,0.141,0.213
1605,0.73,18,0.7826086956521737,0.7173902947568793,0,17,3877,620,0.642,0.532
1606,0.69,3,0.6086956521739126,0.9559537490069676,0,6,4293,3967,0.222,0.965
1607,0.62,3,0.3043478260869563,0.9559537490069676,0,13,36,2093,0.722,0.287
1608,0.7,6,0.6521739130434779,0.8702724368383106,0,8,1979,2997,0.296,0.573
1609,0.73,10,0.7826086956521737,0.8010701746471536,0,9,3738,1120,0.795,0.175
1610,0.69,4,0.6086956521739126,0.9217888224792302,0,7,2889,3340,0.539,0.062
1611,0.74,41,0.8260869565217389,0.5959408226777181,0,34,1446,211,0.042,0.694
1612,0.67,3,0.5217391304347826,0.9559537490069676,0,8,888,4854,0.972,0.416
1613,0.7,4,0.6521739130434779,0.9217888224792302,0,6,4834,1733,0.475,0.828
1614,0.69,7,0.6086956521739126,0.8498277939557592,0,10,4752,3266,0.103,0.548
1615,0.73,36,0.7826086956521737,0.6153474453872805,0,35,808,138,0.603,0.196
1616,0.69,3,0.6086956521739126,0.9559537490069676,0,6,1520,4791,0.411,0.912
1617,0.72,6,0.7391304347826084,0.8702724368383106,0,6,2966,1670,0.911,0.344
1618,0.69,4,0.6086956521739126,0.9217888224792302,0,7,3661,3884,0.659,0.457
1619,0.68,5,0.5652173913043479,0.8938740449487917,0,9,3844,3562,0.163,0.771
1620,0.68,4,0.5652173913043479,0.9217888224792302,0,8,388,1079,0.81,0.3
1621,0.62,6,0.3043478260869563,0.8702724368383106,0,16,1561,4344,0.436,0.675
1622,0.71,7,0.6956521739130432,0.8498277939557592,0,8,2988,1857,0.537,0.148
1623,0.71,4,0.6956521739130432,0.9217888224792302,0,5,3601,4835,0.923,0.016
1624,0.67,3,0.5217391304347826,0.9559537490069676,0,8,2174,2323,0.042,0.542
1625,0.7,4,0.6521739130434779,0.9217888224792302,0,6,1006,3120,0.666,0.416
1626,0.71,6,0.6956521739130432,0.8702724368383106,0,7,4461,603,0.299,0.888
1627,0.65,5,0.4347826086956521,0.8938740449487917,0,12,4725,3962,0.71,0.597
1628,0.7,7,0.6521739130434779,0.8498277939557592,0,9,762,1479,0.325,0.071
1629,0.65,3,0.4347826086956521,0.9559537490069676,0,10,2399,3183,0.952,0.943
1630,0.72,17,0.7391304347826084,0.7256683858394077,0,17,3396,694,0.084,0.471
1631,0.69,4,0.6086956521739126,0.9217888224792302,0,7,2763,2716,0.441,0.37
1632,0.74,35,0.8260869565217389,0.6195424307881994,0,29,1766,203,0.587,0.841
1633,0.67,3,0.5217391304347826,0.9559537490069676,0,8,124,4438,0.215,0.218
1634,0.71,6,0.6956521739130432,0.8702724368383106,0,7,4088,1921,0.813,0.745
1635,0.7,5,0.6521739130434779,0.8938740449487917,0,7,4301,4677,0.363,0.386
1636,0.68,3,0.5652173913043479,0.9559537490069676,0,7,218,2151,0.726,0.921
1637,0.69,7,0.6086956521739126,0.8498277939557592,0,10,1701,2643,0.106,0.047
1638,0.74,28,0.8260869565217389,0.6526477863808513,0,23,2501,120,0.983,0.51
1639,0.64,4,0.39130434782608686,0.9217888224792302,0,12,3139,3412,0.601,0.643
1640,0.68,5,0.5652173913043479,0.8938740449487917,0,9,2339,933,0.496,0.179
1641,0.69,4,0.6086956521739126,0.9217888224792302,0,7,851,3879,0.874,0.803
1642,0.71,12,0.6956521739130432,0.7754929599122368,0,13,4935,1406,0.224,0.27
1643,0.7,8,0.6521739130434779,0.8317943408906159,0,10,4553,2891,0.752,0.249
1644,0.72,21,0.7391304347826084,0.6949442195959453,0,21,1211,363,0.15,0.713
1645,0.68,4,0.5652173913043479,0.9217888224792302,0,8,1918,4918,0.526,0.34
1646,0.66,4,0.47826086956521735,0.9217888224792302,0,10,3538,2397,0.376,0.874
1647,0.66,8,0.47826086956521735,0.8317943408906159,0,14,2922,4105,0.023,0.975
1648,0.69,9,0.6086956521739126,0.815662867428022,0,12,1301,1628,0.887,0.441
1649,0.65,3,0.4347826086956521,0.9559537490069676,0,10,600,3635,0.265,0.565
1650,0.71,14,0.6956521739130432,0.7535831633698462,0,15,3941,1162,0.646,0.101
1651,0.7,4,0.6521739130434779,0.9217888224792302,0,6,4037,4245,0.967,0.266
1652,0.67,5,0.5217391304347826,0.8938740449487917,0,10,503,1722,0.069,0.792
1653,0.69,4,0.6086956521739126,0.9217888224792302,0,7,1358,3467,0.694,0.167
1654,0.7,5,0.6521739130434779,0.8938740449487917,0,7,2863,940,0.341,0.639
1655,0.67,5,0.5217391304347826,0.8938740449487917,0,10,3482,2981,0.199,0.522
1656,0.73,24,0.7826086956521737,0.6753719858490763,0,23,1976,508,0.829,0.05
1657,0.68,3,0.5652173913043479,0.9559537490069676,0,7,1116,4701,0.456,0.924
1658,0.72,9,0.7391304347826084,0.815662867428022,0,9,4650,2222,0.572,0.398
1659,0.66,6,0.47826086956521735,0.8702724368383106,0,12,4913,3238,0.422,0.12
1660,0.7,7,0.6521739130434779,0.8498277939557592,0,9,871,717,0.551,0.593
1661,0.69,3,0.6086956521739126,0.9559537490069676,0,6,2201,4024,0.18,0.468
1662,0.71,3,0.6956521739130432,0.9559537490069676,0,4,3276,1496,0.793,0.994
1663,0.7,3,0.6521739130434779,0.9559537490069676,0,5,2639,4456,0.683,0.847
1664,0.67,9,0.5217391304347826,0.815662867428022,0,14,1564,1982,0.282,0.32
1665,0.66,3,0.47826086956521735,0.9559537490069676,0,9,239,2737,0.909,0.693
1666,0.74,55,0.8260869565217389,0.5518945716846857,0,41,4281,260,0.056,0.222
1667,0.7,3,0.6521739130434779,0.9559537490069676,0,5,4187,2508,0.511,0.892
1668,0.78,17,1.0,0.7256683858394077,1,1,26,21,0.391,0.428
1669,0.7,4,0.6521739130434779,0.9217888224792302,0,6,1826,4539,0.768,0.554
1670,0.7,4,0.6521739130434779,0.9217888224792302,0,6,2704,2056,0.134,0.02
1671,0.71,4,0.6956521739130432,0.9217888224792302,0,5,3336,3784,0.281,0.137
1672,0.7,4,0.6521739130434779,0.9217888224792302,0,6,2458,1267,0.63,0.671
1673,0.67,4,0.5217391304347826,0.9217888224792302,0,9,662,3311,0.008,0.296
1674,0.71,4,0.6956521739130432,0.9217888224792302,0,5,4824,800,0.902,0.76
1675,0.7,4,0.6521739130434779,0.9217888224792302,0,6,4444,4940,0.12,0.725
1676,0.68,5,0.5652173913043479,0.8938740449487917,0,9,1024,2452,0.97,0.192
1677,0.66,3,0.47826086956521735,0.9559537490069676,0,9,2039,2908,0.346,0.815
1678,0.74,27,0.8260869565217389,0.658020526735894,0,22,3737,425,0.743,0.35
1679,0.7,4,0.6521739130434779,0.9217888224792302,0,6,3123,3696,0.857,0.499
1680,0.7,3,0.6521739130434779,0.9559537490069676,0,5,1425,1179,0.241,0.962
1681,0.67,3,0.5217391304347826,0.9559537490069676,0,8,406,4162,0.615,0.09
1682,0.73,7,0.7826086956521737,0.8498277939557592,0,6,3825,1648,0.482,0.625
1683,0.72,4,0.7391304347826084,0.9217888224792302,0,4,3752,4727,0.582,0.198
1684,0.67,4,0.5217391304347826,0.9217888224792302,0,9,450,2255,0.452,0.733
1685,0.7,6,0.6521739130434779,0.8702724368383106,0,8,1469,3013,0.825,0.359
1686,0.71,9,0.6956521739130432,0.815662867428022,0,10,3050,534,0.211,0.823
1687,0.71,3,0.6956521739130432,0.9559537490069676,0,4,3683,3513,0.314,0.956
1688,0.7,3,0.6521739130434779,0.9559537490069676,0,5,2102,991,0.714,0.491
1689,0.7,4,0.6521739130434779,0.9217888224792302,0,6,1088,4295,0.087,0.615
1690,0.71,9,0.6956521739130432,0.815662867428022,0,10,4390,1769,0.94,0.082
1691,0.7,6,0.6521739130434779,0.8702724368383106,0,8,4790,2785,0.038,0.437
1692,0.73,3,0.7826086956521737,0.9559537490069676,0,2,668,311,0.935,0.901
1693,0.67,3,0.5217391304347826,0.9559537490069676,0,8,2463,4507,0.311,0.027
1694,0.71,6,0.6956521739130432,0.8702724368383106,0,7,3302,2029,0.662,0.56
1695,0.69,3,0.6086956521739126,0.9559537490069676,0,6,2689,4050,0.798,0.663
1696,0.71,10,0.6956521739130432,0.8010701746471536,0,11,1851,1528,0.167,0.128
1697,0.71,3,0.6956521739130432,0.9559537490069676,0,4,50,3271,0.541,0.753
1698,0.73,17,0.7826086956521737,0.7256683858394077,0,16,4172,743,0.424,0.289
1699,0.71,5,0.6956521739130432,0.8938740449487917,0,6,4237,3344,0.876,0.585
1700,0.68,5,0.5652173913043479,0.8938740449487917,0,9,313,826,0.027,0.114
1701,0.71,2,0.6956521739130432,1.0,0,3,1637,3811,0.649,0.986
1702,0.68,5,0.5652173913043479,0.8938740449487917,0,9,2596,1299,0.253,0.46
1703,0.7,4,0.6521739130434779,0.9217888224792302,0,6,3212,4590,0.146,0.327
1704,0.66,3,0.47826086956521735,0.9559537490069676,0,9,2254,2102,0.764,0.853
1705,0.72,4,0.7391304347826084,0.9217888224792302,0,4,925,2555,0.388,0.23
1706,0.73,191,0.7826086956521737,0.3632442696927505,0,80,4849,72,0.522,0.703
1707,0.65,4,0.4347826086956521,0.9217888224792302,0,11,4645,4212,0.485,0.783
1708,0.71,8,0.6956521739130432,0.8317943408906159,0,9,1150,1696,0.605,0.257
1709,0.72,2,0.7391304347826084,1.0,0,2,2011,3743,0.227,0.632
1710,0.7,8,0.6521739130434779,0.8317943408906159,0,10,3477,1230,0.862,0.16
1711,0.68,5,0.5652173913043479,0.8938740449487917,0,9,2839,2939,0.722,0.059
1712,0.74,19,0.8260869565217389,0.7095369123768137,0,14,1373,451,0.375,0.53
1713,0.7,3,0.6521739130434779,0.9559537490069676,0,5,517,4967,0.995,0.405
1714,0.7,5,0.6521739130434779,0.8938740449487917,0,7,4012,2485,0.102,0.932
1715,0.73,5,0.7826086956521737,0.8938740449487917,0,4,3955,3069,0.294,0.706
1716,0.72,8,0.7391304347826084,0.8317943408906159,0,8,575,557,0.679,0.243
1717,0.69,5,0.6086956521739126,0.8938740449487917,0,8,1277,4789,0.052,0.865
1718,0.7,4,0.6521739130434779,0.9217888224792302,0,6,2936,2271,0.921,0.331
1719,0.72,4,0.7391304347826084,0.9217888224792302,0,4,3573,4313,0.555,0.448
1720,0.72,4,0.7391304347826084,0.9217888224792302,0,4,1914,1829,0.41,0.982
1721,0.67,4,0.5217391304347826,0.9217888224792302,0,9,1207,3535,0.781,0.109
1722,0.72,12,0.7391304347826084,0.7754929599122368,0,12,4587,1048,0.184,0.574
1723,0.65,3,0.4347826086956521,0.9559537490069676,0,10,4988,4407,0.84,0.912
1724,0.68,4,0.5652173913043479,0.9217888224792302,0,8,788,1894,0.195,0.378
1725,0.7,3,0.6521739130434779,0.9559537490069676,0,5,2275,2689,0.567,0.504
1726,0.74,40,0.8260869565217389,0.5996303358827746,0,33,3192,172,0.467,0.039
1727,0.68,3,0.5652173913043479,0.9559537490069676,0,7,2574,3130,0.072,0.188
1728,0.73,9,0.7826086956521737,0.815662867428022,0,8,1658,648,0.955,0.651
1729,0.68,3,0.5652173913043479,0.9559537490069676,0,7,174,3916,0.33,0.276
1730,0.72,6,0.7391304347826084,0.8702724368383106,0,6,4375,1428,0.698,0.811
1731,0.73,6,0.7826086956521737,0.8702724368383106,0,5,4112,3833,0.244,0.077
1732,0.7,3,0.6521739130434779,0.9559537490069676,0,5,109,1355,0.845,0.604
1733,0.69,5,0.6086956521739126,0.8938740449487917,0,8,1751,3360,0.471,0.48
1734,0.71,3,0.6956521739130432,0.9559537490069676,0,4,2788,888,0.619,0.952
1735,0.68,4,0.5652173913043479,0.9217888224792302,0,8,3401,2615,0.981,0.835
1736,0.74,32,0.8260869565217389,0.6328645155377695,0,26,2365,89,0.116,0.363
1737,0.72,3,0.7391304347826084,0.9559537490069676,0,3,728,4646,0.739,0.736
1738,0.73,10,0.7826086956521737,0.8010701746471536,0,9,4731,2124,0.358,0.21
1739,0.71,5,0.6956521739130432,0.8938740449487917,0,6,4525,3608,0.633,0.308
1740,0.67,5,0.5217391304347826,0.8938740449487917,0,10,951,1131,0.269,0.78
1741,0.65,3,0.4347826086956521,0.9559537490069676,0,10,2120,4074,0.891,0.156
1742,0.72,9,0.7391304347826084,0.815662867428022,0,9,3664,1600,0.012,0.682
1743,0.69,4,0.6086956521739126,0.9217888224792302,0,7,3033,4872,0.403,0.534
1744,0.69,6,0.6086956521739126,0.8702724368383106,0,9,1488,2344,0.507,0.007
1745,0.67,4,0.5217391304347826,0.9217888224792302,0,9,315,2839,0.13,0.881
1746,0.74,42,0.8260869565217389,0.5923381296559136,0,35,3888,317,0.78,0.41
1747,0.67,4,0.5217391304347826,0.9217888224792302,0,9,3883,3991,0.385,0.938
1748,0.67,5,0.5217391304347826,0.8938740449487917,0,10,349,1507,0.517,0.475
1749,0.71,5,0.6956521739130432,0.8938740449487917,0,6,1522,3212,0.143,0.598
1750,0.73,12,0.7826086956521737,0.7754929599122368,0,11,3027,725,0.759,0.064
1751,0.68,6,0.5652173913043479,0.8702724368383106,0,10,3640,2765,0.654,0.212
1752,0.7,5,0.6521739130434779,0.8938740449487917,0,7,2135,254,0.256,0.746
1753,0.72,3,0.7391304347826084,0.9559537490069676,0,3,967,4486,0.881,0.373
1754,0.72,8,0.7391304347826084,0.8317943408906159,0,8,4501,1969,0.03,0.837
1755,0.69,8,0.6086956521739126,0.8317943408906159,0,11,4764,3453,0.994,0.676
1756,0.72,7,0.7391304347826084,0.8498277939557592,0,7,722,971,0.095,0.142
1757,0.69,4,0.6086956521739126,0.9217888224792302,0,7,2359,4239,0.721,0.767
1758,0.7,9,0.6521739130434779,0.815662867428022,0,11,3435,1750,0.368,0.302
1759,0.65,4,0.4347826086956521,0.9217888224792302,0,11,2803,4710,0.234,0.42
1760,0.67,4,0.5217391304347826,0.9217888224792302,0,9,1727,2197,0.863,0.883
1761,0.71,2,0.6956521739130432,1.0,0,3,85,2992,0.492,0.009
1762,0.73,28,0.7826086956521737,0.6526477863808513,0,27,4127,475,0.606,0.544
1763,0.72,9,0.7391304347826084,0.815662867428022,0,9,4341,2918,0.094,0.34
1764,0.7,3,0.6521739130434779,0.9559537490069676,0,5,180,392,0.941,0.867
1765,0.67,4,0.5217391304347826,0.9217888224792302,0,9,1663,4949,0.321,0.245
1766,0.68,4,0.5652173913043479,0.9217888224792302,0,8,2541,2426,0.715,0.716
1767,0.7,3,0.6521739130434779,0.9559537490069676,0,5,3177,4155,0.823,0.568
1768,0.65,4,0.4347826086956521,0.9217888224792302,0,11,2299,1677,0.204,0.096
1769,0.71,4,0.6956521739130432,0.9217888224792302,0,5,811,3683,0.581,0.968
1770,0.73,13,0.7826086956521737,0.7641464817871022,0,12,4973,1210,0.446,0.442
1771,0.71,5,0.6956521739130432,0.8938740449487917,0,6,4593,4569,0.546,0.041
1772,0.72,6,0.7391304347826084,0.8702724368383106,0,6,1173,2042,0.427,0.513
1773,0.7,9,0.6521739130434779,0.815662867428022,0,11,1880,2536,0.803,0.388
1774,0.73,264,0.7826086956521737,0.3139077937813598,0,84,3578,15,0.17,0.914
1775,0.68,4,0.5652173913043479,0.9217888224792302,0,8,2960,3286,0.308,0.797
1776,0.71,16,0.6956521739130432,0.7344197613453665,0,17,1261,808,0.657,0.27
1777,0.69,4,0.6086956521739126,0.9217888224792302,0,7,560,3751,0.035,0.645
1778,0.72,11,0.7391304347826084,0.7877480898975835,0,11,3979,1278,0.93,0.174
1779,0.68,7,0.5652173913043479,0.8498277939557592,0,11,3998,3191,0.736,0.461
1780,0.71,4,0.6956521739130432,0.9217888224792302,0,5,542,668,0.353,0.996
1781,0.68,6,0.5652173913043479,0.8702724368383106,0,10,1398,3973,0.978,0.123
1782,0.7,7,0.6521739130434779,0.8498277939557592,0,9,2825,1446,0.111,0.587
1783,0.71,6,0.6956521739130432,0.8702724368383106,0,7,3442,4425,0.476,0.689
1784,0.72,3,0.7391304347826084,0.9559537490069676,0,3,2015,1952,0.622,0.224
1785,0.67,5,0.5217391304347826,0.8938740449487917,0,10,1155,2710,0.249,0.847
1786,0.73,66,0.7826086956521737,0.5244361503462422,0,55,4610,231,0.848,0.313
1787,0.69,6,0.6086956521739126,0.8702724368383106,0,9,4874,4372,0.129,0.17
1788,0.7,7,0.6521739130434779,0.8498277939557592,0,9,911,1851,0.773,0.634
1789,0.7,3,0.6521739130434779,0.9559537490069676,0,5,2240,3592,0.402,0.259
1790,0.71,6,0.6956521739130432,0.8702724368383106,0,7,3237,1065,0.5,0.792
1791,0.71,3,0.6956521739130432,0.9559537490069676,0,4,2600,3087,0.897,0.926
1792,0.73,22,0.7826086956521737,0.6881383262895218,0,21,1603,614,0.013,0.391
1793,0.66,3,0.47826086956521735,0.9559537490069676,0,9,278,4809,0.64,0.517
1794,0.71,8,0.6956521739130432,0.8317943408906159,0,9,4242,2332,0.27,0.053
1795,0.68,5,0.5652173913043479,0.8938740449487917,0,9,4147,4892,0.788,0.817
1796,0.68,3,0.5652173913043479,0.9559537490069676,0,7,64,2405,0.185,0.346
1797,0.71,8,0.6956521739130432,0.8317943408906159,0,9,1865,2858,0.561,0.719
1798,0.73,16,0.7826086956521737,0.7344197613453665,0,15,2664,374,0.411,0.192
1799,0.66,5,0.47826086956521735,0.8938740449487917,0,11,3297,3666,0.051,0.091
1800,0.7,7,0.6521739130434779,0.8498277939557592,0,9,2498,1148,0.914,0.617
1801,0.68,5,0.5652173913043479,0.8938740449487917,0,9,702,4133,0.293,0.494
1802,0.71,4,0.6956521739130432,0.9217888224792302,0,5,4786,1621,0.672,0.966
1803,0.71,8,0.6956521739130432,0.8317943408906159,0,9,4404,2637,0.335,0.547
1804,0.73,65,0.7826086956521737,0.5267385604865613,0,54,1063,148,0.701,0.021
1805,0.72,4,0.7391304347826084,0.9217888224792302,0,4,2077,4664,0.077,0.896
1806,0.7,8,0.6521739130434779,0.8317943408906159,0,10,3697,2181,0.958,0.423
1807,0.68,6,0.5652173913043479,0.8702724368383106,0,10,3085,3890,0.565,0.291
1808,0.7,5,0.6521739130434779,0.8938740449487917,0,7,1465,1373,0.463,0.762
1809,0.69,3,0.6086956521739126,0.9559537490069676,0,6,446,3421,0.837,0.138
1810,0.72,13,0.7391304347826084,0.7641464817871022,0,13,3787,908,0.19,0.665
1811,0.72,9,0.7391304347826084,0.815662867428022,0,9,3792,2658,0.867,0.03
1812,0.74,18,0.8260869565217389,0.7173902947568793,0,13,411,186,0.223,0.557
1813,0.7,6,0.6521739130434779,0.8702724368383106,0,8,1431,4379,0.594,0.431
1814,0.68,5,0.5652173913043479,0.8938740449487917,0,9,3090,1900,0.495,0.902
1815,0.67,6,0.5217391304347826,0.8702724368383106,0,11,3722,3942,0.107,0.754
1816,0.71,4,0.6956521739130432,0.9217888224792302,0,5,2063,1419,0.99,0.282
1817,0.68,6,0.5652173913043479,0.8702724368383106,0,10,1048,3163,0.364,0.657
1818,0.73,29,0.7826086956521737,0.6474572083186378,0,28,4428,637,0.733,0.131
1819,0.69,5,0.6086956521739126,0.8938740449487917,0,8,4829,4778,0.26,0.352
1820,0.63,5,0.3478260869565216,0.8938740449487917,0,14,629,2304,0.643,0.824
1821,0.65,5,0.4347826086956521,0.8938740449487917,0,12,2424,3060,0.018,0.201
1822,0.69,9,0.6086956521739126,0.815662867428022,0,12,3341,582,0.884,0.727
1823,0.69,5,0.6086956521739126,0.8938740449487917,0,8,2728,3541,0.529,0.611
1824,0.72,18,0.7391304347826084,0.7173902947568793,0,18,1811,1019,0.381,0.084
1825,0.71,3,0.6956521739130432,0.9559537490069676,0,4,11,4326,0.755,0.956
1826,0.71,10,0.6956521739130432,0.8010701746471536,0,11,4211,1799,0.155,0.485
1827,0.66,5,0.47826086956521735,0.8938740449487917,0,11,4276,4087,0.669,0.625
1828,0.69,4,0.6086956521739126,0.9217888224792302,0,7,273,1569,0.304,0.161
1829,0.68,5,0.5652173913043479,0.8938740449487917,0,9,1597,3614,0.926,0.786
1830,0.7,5,0.6521739130434779,0.8938740449487917,0,7,2634,1102,0.047,0.252
1831,0.7,5,0.6521739130434779,0.8938740449487917,0,7,3252,2831,0.431,0.4
1832,0.66,91,0.47826086956521735,0.47588641618710525,0,65,2216,343,0.534,0.934
1833,0.68,3,0.5652173913043479,0.9559537490069676,0,7,887,4861,0.158,0.06
1834,0.7,8,0.6521739130434779,0.8317943408906159,0,10,4889,2377,0.807,0.524
1835,0.72,4,0.7391304347826084,0.9217888224792302,0,4,4683,3393,0.215,0.988
1836,0.72,10,0.7391304347826084,0.8010701746471536,0,10,1110,877,0.819,0.455
1837,0.7,6,0.6521739130434779,0.8702724368383106,0,8,1971,3859,0.442,0.579
1838,0.74,9,0.8260869565217389,0.815662867428022,0,6,3515,1346,0.593,0.114
1839,0.68,4,0.5652173913043479,0.9217888224792302,0,8,2879,4618,0.945,0.232
1840,0.71,6,0.6956521739130432,0.8702724368383106,0,7,1335,2130,0.083,0.695
1841,0.68,4,0.5652173913043479,0.9217888224792302,0,8,479,2585,0.703,0.322
1842,0.73,150,0.7826086956521737,0.40002304310131787,0,73,4052,103,0.324,0.857
1843,0.69,5,0.6086956521739126,0.8938740449487917,0,8,3916,4513,0.001,0.504
1844,0.69,6,0.6086956521739126,0.8702724368383106,0,9,614,2001,0.901,0.033
1845,0.7,4,0.6521739130434779,0.9217888224792302,0,6,1316,2798,0.274,0.907
1846,0.73,23,0.7826086956521737,0.6816221348463751,0,22,2896,280,0.629,0.38
1847,0.72,5,0.7391304347826084,0.8938740449487917,0,5,3534,3260,0.769,0.28
1848,0.74,13,0.8260869565217389,0.7641464817871022,0,10,1953,776,0.141,0.805
1849,0.7,4,0.6521739130434779,0.9217888224792302,0,6,1246,4041,0.512,0.18
1850,0.7,8,0.6521739130434779,0.8317943408906159,0,10,4548,1554,0.398,0.653
1851,0.72,5,0.7391304347826084,0.8938740449487917,0,5,4948,3038,0.61,0.86
1852,0.72,13,0.7391304347826084,0.7641464817871022,0,13,826,526,0.479,0.334
1853,0.68,3,0.5652173913043479,0.9559537490069676,0,7,2314,4760,0.852,0.707
1854,0.71,6,0.6956521739130432,0.8702724368383106,0,7,3153,2244,0.238,0.235
1855,0.69,4,0.6086956521739126,0.9217888224792302,0,7,2535,4265,0.349,0.103
1856,0.71,8,0.6956521739130432,0.8317943408906159,0,9,1697,1783,0.748,0.574
1857,0.67,3,0.5217391304347826,0.9559537490069676,0,8,214,3485,0.123,0.45
1858,0.71,2,0.6956521739130432,1.0,0,3,4336,997,0.974,0.977
1859,0.73,6,0.7826086956521737,0.8702724368383106,0,5,4074,3715,0.459,0.15
1860,0.7,3,0.6521739130434779,0.9559537490069676,0,5,149,1236,0.576,0.685
1861,0.7,5,0.6521739130434779,0.8938740449487917,0,7,1791,4182,0.201,0.31
1862,0.66,4,0.47826086956521735,0.9217888224792302,0,10,2749,1709,0.833,0.773
1863,0.63,3,0.3478260869565216,0.9559537490069676,0,12,3361,4999,0.689,0.875
1864,0.66,4,0.47826086956521735,0.9217888224792302,0,10,2403,2474,0.338,0.411
1865,0.7,4,0.6521739130434779,0.9217888224792302,0,6,766,2965,0.962,0.536
1866,0.73,32,0.7826086956521737,0.6328645155377695,0,31,4691,443,0.066,0.003
1867,0.69,5,0.6086956521739126,0.8938740449487917,0,8,4487,3802,0.91,0.481
1868,0.62,6,0.3043478260869563,0.8702724368383106,0,16,991,1324,0.063,0.945
1869,0.69,3,0.6086956521739126,0.9559537490069676,0,6,2160,3333,0.684,0.073
1870,0.72,13,0.7391304347826084,0.7641464817871022,0,13,3626,859,0.289,0.607
1871,0.71,6,0.6956521739130432,0.8702724368383106,0,7,2993,2569,0.173,0.739
1872,0.73,233,0.7826086956521737,0.3329556866422603,0,82,1526,41,0.792,0.205
1873,0.71,3,0.6956521739130432,0.9559537490069676,0,4,354,4596,0.415,0.828
1874,0.7,8,0.6521739130434779,0.8317943408906159,0,10,3848,2074,0.55,0.364
1875,0.72,5,0.7391304347826084,0.8938740449487917,0,5,3866,4601,0.898,0.655
1876,0.71,3,0.6956521739130432,0.9559537490069676,0,4,371,2088,0.004,0.184
1877,0.66,6,0.47826086956521735,0.8702724368383106,0,12,1539,2573,0.625,0.807
1878,0.73,194,0.7826086956521737,0.36087046417269886,0,81,3005,56,0.277,0.28
1879,0.7,5,0.6521739130434779,0.8938740449487917,0,7,3623,3327,0.138,0.382
1880,0.71,2,0.6956521739130432,1.0,0,3,2157,845,0.772,0.908
1881,0.71,4,0.6956521739130432,0.9217888224792302,0,5,984,3798,0.395,0.035
1882,0.72,10,0.7391304347826084,0.8010701746471536,0,10,4479,1309,0.515,0.508
1883,0.72,4,0.7391304347826084,0.9217888224792302,0,4,4703,2950,0.478,0.978
1884,0.73,14,0.7826086956521737,0.7535831633698462,0,13,779,439,0.611,0.452
1885,0.68,4,0.5652173913043479,0.9217888224792302,0,8,2420,4985,0.236,0.578
1886,0.71,6,0.6956521739130432,0.8702724368383106,0,7,3379,2468,0.853,0.106
1887,0.65,4,0.4347826086956521,0.9217888224792302,0,11,2742,4197,0.747,0.238
1888,0.71,7,0.6956521739130432,0.8498277939557592,0,8,1784,1714,0.35,0.71
1889,0.68,3,0.5652173913043479,0.9559537490069676,0,7,146,3729,0.974,0.335
1890,0.66,6,0.47826086956521735,0.8702724368383106,0,12,4071,1242,0.124,0.861
1891,0.67,5,0.5217391304347826,0.8938740449487917,0,10,4319,3489,0.575,0.003
1892,0.67,4,0.5217391304347826,0.9217888224792302,0,9,197,1012,0.46,0.538
1893,0.73,5,0.7826086956521737,0.8938740449487917,0,4,1685,4270,0.833,0.414
1894,0.69,4,0.6086956521739126,0.9217888224792302,0,7,2524,1797,0.203,0.877
1895,0.68,4,0.5652173913043479,0.9217888224792302,0,8,3155,4756,0.338,0.777
1896,0.67,4,0.5217391304347826,0.9217888224792302,0,9,2316,2229,0.69,0.312
1897,0.69,5,0.6086956521739126,0.8938740449487917,0,8,833,3033,0.065,0.685
1898,0.74,31,0.8260869565217389,0.6375758838533427,0,25,4956,512,0.963,0.152
1899,0.69,4,0.6086956521739126,0.9217888224792302,0,7,4537,4027,0.06,0.367
1900,0.63,3,0.3478260869565216,0.9559537490069676,0,12,1234,1548,0.913,0.831
1901,0.71,7,0.6956521739130432,0.8498277939557592,0,8,1936,3245,0.286,0.206
1902,0.7,6,0.6521739130434779,0.8702724368383106,0,8,3517,772,0.687,0.74
1903,0.66,4,0.47826086956521735,0.9217888224792302,0,10,2904,2812,0.789,0.608
1904,0.73,36,0.7826086956521737,0.6153474453872805,0,35,1323,286,0.176,0.073
1905,0.71,4,0.6956521739130432,0.9217888224792302,0,5,616,4528,0.547,0.947
1906,0.68,10,0.5652173913043479,0.8010701746471536,0,14,3918,2005,0.418,0.484
1907,0.7,8,0.6521739130434779,0.8317943408906159,0,10,4054,2590,0.22,0.132
1908,0.74,37,0.8260869565217389,0.611264339705671,0,31,481,117,0.87,0.658
1909,0.71,5,0.6956521739130432,0.8938740449487917,0,6,1342,4622,0.492,0.285
1910,0.69,4,0.6086956521739126,0.9217888224792302,0,7,2886,2145,0.597,0.757
1911,0.6,3,0.2173913043478258,0.9559537490069676,0,15,3498,3853,0.988,0.905
1912,0.72,12,0.7391304347826084,0.7754929599122368,0,12,1954,1332,0.11,0.433
1913,0.67,4,0.5217391304347826,0.9217888224792302,0,9,1098,3389,0.73,0.557
1914,0.72,16,0.7391304347826084,0.7344197613453665,0,16,4671,862,0.367,0.031
1915,0.69,5,0.6086956521739126,0.8938740449487917,0,8,4896,4846,0.641,0.487
1916,0.68,4,0.5652173913043479,0.9217888224792302,0,8,894,2373,0.261,0.96
1917,0.7,3,0.6521739130434779,0.9559537490069676,0,5,2218,2817,0.883,0.086
1918,0.74,26,0.8260869565217389,0.6635886817812319,0,21,3254,338,0.019,0.611
1919,0.7,4,0.6521739130434779,0.9217888224792302,0,6,2622,3630,0.381,0.729
1920,0.73,9,0.7826086956521737,0.815662867428022,0,8,1585,1107,0.53,0.202
1921,0.66,3,0.47826086956521735,0.9559537490069676,0,9,256,4101,0.154,0.827
1922,0.73,12,0.7826086956521737,0.7754929599122368,0,11,4259,1575,0.756,0.356
1923,0.7,4,0.6521739130434779,0.9217888224792302,0,6,4208,4331,0.303,0.527
1924,0.67,3,0.5217391304347826,0.9559537490069676,0,8,8,1814,0.67,0.063
1925,0.68,5,0.5652173913043479,0.8938740449487917,0,9,1804,3547,0.046,0.935
1926,0.71,6,0.6956521739130432,0.8702724368383106,0,7,2720,1033,0.927,0.401
1927,0.63,5,0.3478260869565216,0.8938740449487917,0,14,3358,3056,0.533,0.253
1928,0.69,4,0.6086956521739126,0.9217888224792302,0,7,2442,567,0.432,0.787
1929,0.67,4,0.5217391304347826,0.9217888224792302,0,9,641,4773,0.806,0.164
1930,0.68,8,0.5652173913043479,0.8317943408906159,0,12,4842,2290,0.159,0.628
1931,0.71,4,0.6956521739130432,0.9217888224792302,0,5,4421,3149,0.817,0.857
1932,0.73,11,0.7826086956521737,0.7877480898975835,0,10,1041,632,0.219,0.324
1933,0.72,2,0.7391304347826084,1.0,0,2,2060,3927,0.59,0.698
1934,0.71,9,0.6956521739130432,0.815662867428022,0,10,3719,1415,0.445,0.234
1935,0.7,4,0.6521739130434779,0.9217888224792302,0,6,3102,4393,0.08,0.118
1936,0.7,6,0.6521739130434779,0.8702724368383106,0,8,1443,1906,0.948,0.581
1937,0.68,3,0.5652173913043479,0.9559537490069676,0,7,429,2673,0.322,0.455
1938,0.72,13,0.7391304347826084,0.7641464817871022,0,13,3809,190,0.706,0.99
1939,0.68,5,0.5652173913043479,0.8938740449487917,0,9,3774,3435,0.354,0.316
1940,0.69,3,0.6086956521739126,0.9559537490069676,0,6,433,913,0.736,0.851
1941,0.7,4,0.6521739130434779,0.9217888224792302,0,6,1448,3905,0.112,0.226
1942,0.7,5,0.6521739130434779,0.8938740449487917,0,7,3068,1378,0.977,0.69
1943,0.69,4,0.6086956521739126,0.9217888224792302,0,7,3705,4650,0.623,0.588
1944,0.7,4,0.6521739130434779,0.9217888224792302,0,6,2085,2176,0.474,0.124
1945,0.71,3,0.6956521739130432,0.9559537490069676,0,4,1065,2622,0.849,0.998
1946,0.73,102,0.7826086956521737,0.45859440471165747,0,68,4406,144,0.248,0.465
1947,0.71,4,0.6956521739130432,0.9217888224792302,0,5,4768,4129,0.776,0.054
1948,0.7,5,0.6521739130434779,0.8938740449487917,0,7,685,1606,0.127,0.518
1949,0.7,3,0.6521739130434779,0.9559537490069676,0,5,2485,3660,0.503,0.395
1950,0.7,3,0.6521739130434779,0.9559537490069676,0,5,3285,1134,0.399,0.928
1951,0.65,5,0.4347826086956521,0.8938740449487917,0,12,2667,2862,0.016,0.796
1952,0.72,37,0.7391304347826084,0.611264339705671,0,37,1867,390,0.894,0.261
1953,0.72,3,0.7391304347826084,0.9559537490069676,0,3,72,4898,0.273,0.635
1954,0.71,6,0.6956521739130432,0.8702724368383106,0,7,4155,2419,0.637,0.171
1955,0.71,3,0.6956521739130432,0.9559537490069676,0,4,4254,4824,0.188,0.966
1956,0.65,3,0.4347826086956521,0.9559537490069676,0,10,290,2336,0.785,0.495
1957,0.66,5,0.47826086956521735,0.8938740449487917,0,11,1619,3101,0.414,0.62
1958,0.71,8,0.6956521739130432,0.8317943408906159,0,9,2617,619,0.559,0.094
1959,0.67,4,0.5217391304347826,0.9217888224792302,0,9,3230,3577,0.917,0.196
1960,0.67,3,0.5217391304347826,0.9559537490069676,0,8,2233,1061,0.048,0.722
1961,0.69,4,0.6086956521739126,0.9217888224792302,0,7,908,4358,0.675,0.346
1962,0.68,6,0.5652173913043479,0.8702724368383106,0,10,4872,1846,0.29,0.818
1963,0.71,6,0.6956521739130432,0.8702724368383106,0,7,4627,2705,0.701,0.667
1964,0.73,38,0.7826086956521737,0.6072873008028528,0,37,1171,217,0.333,0.141
1965,0.71,2,0.6956521739130432,1.0,0,3,2027,4420,0.959,0.764
1966,0.69,6,0.6086956521739126,0.8702724368383106,0,9,3454,1937,0.076,0.291
1967,0.69,3,0.6086956521739126,0.9559537490069676,0,6,2823,3979,0.464,0.425
1968,0.71,3,0.6956521739130432,0.9559537490069676,0,4,1396,1461,0.564,0.896
1969,0.67,4,0.5217391304347826,0.9217888224792302,0,9,535,3196,0.191,0.024
1970,0.73,493,0.7826086956521737,0.2185516405085236,0,89,3991,684,0.836,0.55
1971,0.65,4,0.4347826086956521,0.9217888224792302,0,11,3972,3765,0.518,0.837
1972,0.7,4,0.6521739130434779,0.9217888224792302,0,6,553,1283,0.384,0.374
1973,0.68,4,0.5652173913043479,0.9217888224792302,0,8,1260,3301,0.76,0.749
1974,0.72,9,0.7391304347826084,0.815662867428022,0,9,2957,813,0.143,0.215
1975,0.71,6,0.6956521739130432,0.8702724368383106,0,7,3590,2522,0.257,0.067
1976,0.75,1735,0.8695652173913042,0.026125756733706318,0,5,1892,9,0.653,0.6
1977,0.68,4,0.5652173913043479,0.9217888224792302,0,8,1190,4554,0.031,0.475
1978,0.68,3,0.5652173913043479,0.9559537490069676,0,7,4609,2038,0.879,0.939
1979,0.71,5,0.6956521739130432,0.8938740449487917,0,6,4970,3678,0.098,0.546
1980,0.72,7,0.7391304347826084,0.8498277939557592,0,7,809,1195,0.991,0.012
1981,0.69,3,0.6086956521739126,0.9559537490069676,0,6,2292,4150,0.371,0.885
1982,0.7,7,0.6521739130434779,0.8498277939557592,0,9,3170,1663,0.719,0.42
1983,0.66,3,0.47826086956521735,0.9559537490069676,0,9,2557,4953,0.866,0.304
1984,0.7,5,0.6521739130434779,0.8938740449487917,0,7,1680,2441,0.231,0.767
1985,0.71,3,0.6956521739130432,0.9559537490069676,0,4,192,2924,0.609,0.145
1986,0.74,23,0.8260869565217389,0.6816221348463751,0,18,4353,406,0.488,0.679
1987,0.67,5,0.5217391304347826,0.8938740449487917,0,10,4135,3007,0.944,0.445
1988,0.71,6,0.6956521739130432,0.8702724368383106,0,7,93,479,0.091,0.972
1989,0.7,4,0.6521739130434779,0.9217888224792302,0,6,1730,4724,0.717,0.097
1990,0.69,5,0.6086956521739126,0.8938740449487917,0,8,2806,2202,0.317,0.568
1991,0.69,3,0.6086956521739126,0.9559537490069676,0,6,3422,4223,0.207,0.717
1992,0.66,4,0.47826086956521735,0.9217888224792302,0,10,2347,1746,0.82,0.245
1993,0.64,3,0.39130434782608686,0.9559537490069676,0,11,705,3439,0.449,0.87
1994,0.71,14,0.6956521739130432,0.7535831633698462,0,15,4747,965,0.579,0.344
1995,0.71,4,0.6956521739130432,0.9217888224792302,0,5,4504,4481,0.428,0.175
1996,0.72,6,0.7391304347826084,0.8702724368383106,0,6,969,1955,0.545,0.647
1997,0.7,4,0.6521739130434779,0.9217888224792302,0,6,2143,2761,0.171,0.274
1998,0.73,16,0.7826086956521737,0.7344197613453665,0,15,3648,239,0.802,0.799
1999,0.67,3,0.5217391304347826,0.9559537490069676,0,8,3010,3218,0.658,0.917
2000,0.74,17,0.8260869565217389,0.7256683858394077,0,12,1504,739,0.307,0.39
2001,0.71,3,0.6956521739130432,0.9559537490069676,0,4,336,3995,0.931,0.514
2002,0.69,10,0.6086956521739126,0.8010701746471536,0,13,3870,1523,0.034,0.043
2003,0.72,6,0.7391304347826084,0.8702724368383106,0,6,3905,2845,0.676,0.57
2004,0.72,8,0.7391304347826084,0.8317943408906159,0,8,332,332,0.297,0.107
2005,0.73,2,0.7826086956521737,1.0,1,1,1500,4876,0.918,0.981
2006,0.69,5,0.6086956521739126,0.8938740449487917,0,8,3044,2360,0.055,0.447
2007,0.72,5,0.7391304347826084,0.8938740449487917,0,5,3662,4068,0.407,0.33
2008,0.71,3,0.6956521739130432,0.9559537490069676,0,4,2118,1586,0.558,0.864
2009,0.69,5,0.6086956521739126,0.8938740449487917,0,8,945,3604,0.181,0.239
2010,0.72,6,0.7391304347826084,0.8702724368383106,0,6,4517,1115,0.784,0.703
2011,0.73,6,0.7826086956521737,0.8702724368383106,0,5,4742,4631,0.194,0.809
2012,0.71,4,0.6956521739130432,0.9217888224792302,0,5,740,2120,0.841,0.275
2013,0.7,4,0.6521739130434779,0.9217888224792302,0,6,2381,2601,0.467,0.649
2014,0.73,147,0.7826086956521737,0.4030955352848641,0,72,3418,84,0.569,0.185
2015,0.67,4,0.5217391304347826,0.9217888224792302,0,9,2780,3375,0.954,0.037
2016,0.72,17,0.7391304347826084,0.7256683858394077,0,17,1744,892,0.074,0.5
2017,0.67,3,0.5217391304347826,0.9559537490069676,0,8,107,3847,0.697,0.376
2018,0.67,4,0.5217391304347826,0.9217888224792302,0,9,4110,1360,0.331,0.911
2019,0.69,5,0.6086956521739126,0.8938740449487917,0,8,4357,3920,0.844,0.209
2020,0.7,3,0.6521739130434779,0.9559537490069676,0,5,157,1443,0.245,0.736
2021,0.68,6,0.5652173913043479,0.8702724368383106,0,10,1645,3136,0.618,0.36
2022,0.68,4,0.5652173913043479,0.9217888224792302,0,8,2562,662,0.471,0.832
2023,0.7,5,0.6521739130434779,0.8938740449487917,0,7,3195,2684,0.115,0.949
2024,0.73,13,0.7826086956521737,0.7641464817871022,0,12,2278,157,0.982,0.477
2025,0.68,3,0.5652173913043479,0.9559537490069676,0,7,795,4401,0.357,0.603
2026,0.73,10,0.7826086956521737,0.8010701746471536,0,9,4996,1880,0.741,0.077
2027,0.69,5,0.6086956521739126,0.8938740449487917,0,8,4575,3521,0.266,0.407
2028,0.7,3,0.6521739130434779,0.9559537490069676,0,5,1194,1042,0.636,0.879
2029,0.71,4,0.6956521739130432,0.9217888224792302,0,5,1896,4298,0.009,0.007
2030,0.71,8,0.6956521739130432,0.8317943408906159,0,9,3555,1825,0.893,0.532
2031,0.71,4,0.6956521739130432,0.9217888224792302,0,5,2944,4803,0.504,0.681
2032,0.68,5,0.5652173913043479,0.8938740449487917,0,9,1284,2277,0.406,0.154
2033,0.69,3,0.6086956521739126,0.9559537490069676,0,6,578,3084,0.777,0.777
2034,0.73,21,0.7826086956521737,0.6949442195959453,0,20,3958,561,0.133,0.306
2035,0.66,5,0.47826086956521735,0.8938740449487917,0,11,4015,4972,0.45,0.08
2036,0.68,4,0.5652173913043479,0.9217888224792302,0,8,520,2499,0.586,0.615
2037,0.65,5,0.4347826086956521,0.8938740449487917,0,12,1380,2944,0.208,0.489
2038,0.64,3,0.39130434782608686,0.9559537490069676,0,11,2846,467,0.827,0.953
2039,0.63,4,0.3478260869565216,0.9217888224792302,0,13,3460,3737,0.711,0.82
2040,0.72,14,0.7391304347826084,0.7535831633698462,0,14,1993,1216,0.316,0.356
2041,0.69,4,0.6086956521739126,0.9217888224792302,0,7,1138,4208,0.937,0.731
2042,0.72,8,0.7391304347826084,0.8317943408906159,0,8,4633,1681,0.09,0.198
2043,0.7,7,0.6521739130434779,0.8498277939557592,0,9,4857,2540,0.934,0.286
2044,0.73,65,0.7826086956521737,0.5267385604865613,0,54,932,67,0.039,0.75
2045,0.64,2,0.39130434782608686,1.0,0,10,2257,4575,0.661,0.128
2046,0.68,5,0.5652173913043479,0.8938740449487917,0,9,3215,2097,0.312,0.661
2047,0.66,3,0.47826086956521735,0.9559537490069676,0,9,2583,3826,0.166,0.56
2048,0.71,11,0.6956521739130432,0.7877480898975835,0,12,1625,1303,0.799,0.026
2049,0.64,3,0.39130434782608686,0.9559537490069676,0,11,295,3358,0.423,0.898
2050,0.72,15,0.7391304347826084,0.7437018389045511,0,15,4220,831,0.542,0.435
2051,0.7,6,0.6521739130434779,0.8702724368383106,0,8,4170,3275,0.026,0.699
2052,0.67,2,0.5217391304347826,1.0,0,7,48,758,0.876,0.228
2053,0.69,3,0.6086956521739126,0.9559537490069676,0,6,1844,4055,0.252,0.852
2054,0.7,5,0.6521739130434779,0.8938740449487917,0,7,2682,1542,0.65,0.326
2055,0.68,3,0.5652173913043479,0.9559537490069676,0,7,3319,4502,0.763,0.459
2056,0.67,4,0.5217391304347826,0.9217888224792302,0,9,2480,2014,0.147,0.985
2057,0.68,4,0.5652173913043479,0.9217888224792302,0,8,679,2779,0.521,0.11
2058,0.73,41,0.7826086956521737,0.5959408226777181,0,40,4802,297,0.389,0.582
2059,0.65,3,0.4347826086956521,0.9559537490069676,0,10,4383,4281,0.602,0.93
2060,0.71,6,0.6956521739130432,0.8702724368383106,0,7,1081,1764,0.487,0.404
2061,0.7,2,0.6521739130434779,1.0,0,4,2100,3498,0.859,0.528
2062,0.72,10,0.7391304347826084,0.8010701746471536,0,10,3681,987,0.23,0.056
2063,0.71,4,0.6956521739130432,0.9217888224792302,0,5,3062,3027,0.372,0.158
2064,0.73,14,0.7826086956521737,0.7535831633698462,0,13,1481,540,0.726,0.629
2065,0.67,3,0.5217391304347826,0.9559537490069676,0,8,467,4743,0.099,0.255
2066,0.69,3,0.6086956521739126,0.9559537490069676,0,6,3769,2259,0.998,0.782
2067,0.64,4,0.39130434782608686,0.9217888224792302,0,12,3813,4176,0.069,0.395
2068,0.64,2,0.39130434782608686,1.0,0,10,394,1654,0.965,0.922
2069,0.71,4,0.6956521739130432,0.9217888224792302,0,5,1408,3711,0.342,0.05
2070,0.7,7,0.6521739130434779,0.8498277939557592,0,9,3106,1184,0.693,0.521
2071,0.73,6,0.7826086956521737,0.8702724368383106,0,5,3744,2893,0.83,0.638
2072,0.68,4,0.5652173913043479,0.9217888224792302,0,8,2046,419,0.198,0.166
2073,0.63,3,0.3478260869565216,0.9559537490069676,0,12,1027,4925,0.572,0.789
2074,0.72,7,0.7391304347826084,0.8498277939557592,0,7,4446,2447,0.455,0.263
2075,0.7,5,0.6521739130434779,0.8938740449487917,0,7,4807,3307,0.554,0.22
2076,0.72,4,0.7391304347826084,0.9217888224792302,0,4,646,785,0.419,0.693
2077,0.67,3,0.5217391304347826,0.9559537490069676,0,8,2446,3779,0.796,0.318
2078,0.72,5,0.7391304347826084,0.8938740449487917,0,5,3324,1253,0.177,0.843
2079,0.71,3,0.6956521739130432,0.9559537490069676,0,4,2706,4543,0.285,0.992
2080,0.72,7,0.7391304347826084,0.8498277939557592,0,7,1829,2071,0.68,0.465
2081,0.69,2,0.6086956521739126,1.0,0,5,33,2513,0.059,0.591
2082,0.74,372,0.8260869565217389,0.2615682481519347,0,63,4194,35,0.906,0.12
2083,0.68,5,0.5652173913043479,0.8938740449487917,0,9,4294,2753,0.395,0.759
2084,0.73,8,0.7826086956521737,0.8317943408906159,0,7,252,265,0.508,0.295
2085,0.67,4,0.5217391304347826,0.9217888224792302,0,9,1581,4470,0.137,0.668
2086,0.71,6,0.6956521739130432,0.8702724368383106,0,7,2657,1988,0.765,0.134
2087,0.68,4,0.5652173913043479,0.9217888224792302,0,8,3268,4008,0.632,0.017
2088,0.66,4,0.47826086956521735,0.9217888224792302,0,10,2193,1492,0.278,0.551
2089,0.67,4,0.5217391304347826,0.9217888224792302,0,9,868,3224,0.905,0.427
2090,0.71,24,0.6956521739130432,0.6753719858490763,0,25,4910,711,0.005,0.891
2091,0.66,4,0.47826086956521735,0.9217888224792302,0,10,4667,4696,0.971,0.621
2092,0.7,5,0.6521739130434779,0.8938740449487917,0,7,1133,2208,0.119,0.088
2093,0.72,3,0.7391304347826084,0.9559537490069676,0,3,1989,2976,0.744,0.962
2094,0.73,18,0.7826086956521737,0.7173902947568793,0,17,3494,493,0.345,0.497
2095,0.69,4,0.6086956521739126,0.9217888224792302,0,7,2861,3472,0.241,0.35
2096,0.65,3,0.4347826086956521,0.9559537490069676,0,10,1356,954,0.856,0.813
2097,0.68,3,0.5652173913043479,0.9559537490069676,0,7,495,4249,0.483,0.188
2098,0.71,6,0.6956521739130432,0.8702724368383106,0,7,4029,1737,0.614,0.723
2099,0.71,3,0.6956521739130432,0.9559537490069676,0,4,3933,3649,0.811,0.887
2100,0.7,4,0.6521739130434779,0.9217888224792302,0,6,592,1167,0.162,0.416
2101,0.7,4,0.6521739130434779,0.9217888224792302,0,6,1299,4120,0.538,0.54
2102,0.7,7,0.6521739130434779,0.8498277939557592,0,9,2919,1632,0.435,0.013
2103,0.64,4,0.39130434782608686,0.9217888224792302,0,12,3551,4904,0.043,0.146
2104,0.7,5,0.6521739130434779,0.8938740449487917,0,7,1931,2391,0.922,0.672
2105,0.68,6,0.5652173913043479,0.8702724368383106,0,10,1229,2875,0.3,0.299
2106,0.72,9,0.7391304347826084,0.815662867428022,0,9,4570,359,0.665,0.771
2107,0.71,6,0.6956521739130432,0.8702724368383106,0,7,4932,3875,0.328,0.742
2108,0.69,6,0.6086956521739126,0.8702724368383106,0,9,849,1391,0.707,0.216
2109,0.66,4,0.47826086956521735,0.9217888224792302,0,10,2332,3407,0.086,0.841
2110,0.71,10,0.6956521739130432,0.8010701746471536,0,11,3131,919,0.948,0.369
2111,0.69,4,0.6086956521739126,0.9217888224792302,0,7,2518,2648,0.589,0.47
2112,0.73,75,0.7826086956521737,0.5051383846544627,0,58,1719,136,0.438,0.942
2113,0.69,3,0.6086956521739126,0.9559537490069676,0,6,230,4683,0.816,0.068
2114,0.71,7,0.6956521739130432,0.8498277939557592,0,8,4314,2165,0.212,0.594
2115,0.71,4,0.6956521739130432,0.9217888224792302,0,5,4095,4453,0.729,0.266
2116,0.67,3,0.5217391304347826,0.9559537490069676,0,8,131,1926,0.36,0.801
2117,0.7,6,0.6521739130434779,0.8702724368383106,0,8,1768,2731,0.987,0.178
2118,0.74,28,0.8260869565217389,0.6526477863808513,0,23,2766,209,0.103,0.641
2119,0.69,4,0.6086956521739126,0.9217888224792302,0,7,3384,3168,0.499,0.51
2120,0.69,6,0.6086956521739126,0.8702724368383106,0,9,2387,690,0.598,0.045
2121,0.65,3,0.4347826086956521,0.9559537490069676,0,10,745,3948,0.226,0.917
2122,0.73,9,0.7826086956521737,0.815662867428022,0,8,4709,1474,0.871,0.384
2123,0.7,6,0.6521739130434779,0.8702724368383106,0,8,4464,3115,0.151,0.1
2124,0.72,10,0.7391304347826084,0.8010701746471536,0,10,1008,589,0.751,0.564
2125,0.71,3,0.6956521739130432,0.9559537490069676,0,4,2181,4830,0.378,0.438
2126,0.69,3,0.6086956521739126,0.9559537490069676,0,6,3608,2308,0.525,0.972
2127,0.67,3,0.5217391304347826,0.9559537490069676,0,8,2972,4349,0.888,0.871
2128,0.72,7,0.7391304347826084,0.8498277939557592,0,7,1544,1871,0.022,0.337
2129,0.66,3,0.47826086956521735,0.9559537490069676,0,9,376,3566,0.646,0.712
2130,0.71,12,0.6956521739130432,0.7754929599122368,0,13,3832,1094,0.264,0.248
2131,0.68,5,0.5652173913043479,0.8938740449487917,0,9,3838,4336,0.695,0.125
2132,0.67,4,0.5217391304347826,0.9217888224792302,0,9,380,1864,0.34,0.589
2133,0.71,5,0.6956521739130432,0.8938740449487917,0,6,1551,3560,0.967,0.463
2134,0.72,5,0.7391304347826084,0.8938740449487917,0,5,2975,1081,0.067,0.998
2135,0.72,4,0.7391304347826084,0.9217888224792302,0,4,3612,3123,0.457,0.849
2136,0.71,5,0.6956521739130432,0.8938740449487917,0,6,2187,600,0.57,0.315
2137,0.67,4,0.5217391304347826,0.9217888224792302,0,9,1011,4842,0.2,0.691
2138,0.7,7,0.6521739130434779,0.8498277939557592,0,9,4470,2316,0.828,0.226
2139,0.67,6,0.5217391304347826,0.8702724368383106,0,11,4715,3175,0.179,0.261
2140,0.68,4,0.5652173913043479,0.9217888224792302,0,8,749,701,0.794,0.794
2141,0.67,3,0.5217391304347826,0.9559537490069676,0,8,2393,3960,0.421,0.172
2142,0.7,6,0.6521739130434779,0.8702724368383106,0,8,3388,1482,0.552,0.636
2143,0.64,3,0.39130434782608686,0.9559537490069676,0,11,2769,4441,0.908,0.519
2144,0.7,9,0.6521739130434779,0.815662867428022,0,11,1774,1919,0.057,0.055
2145,0.64,3,0.39130434782608686,0.9559537490069676,0,11,135,2724,0.682,0.928
2146,0.73,61,0.7826086956521737,0.5363108891071965,0,50,4101,196,0.283,0.393
2147,0.7,5,0.6521739130434779,0.8938740449487917,0,7,4308,2641,0.767,0.721
2148,0.75,15,0.8695652173913042,0.7437018389045511,1,1,227,123,0.135,0.194
2149,0.7,3,0.6521739130434779,0.9559537490069676,0,5,1712,4670,0.51,0.819
2150,0.66,4,0.47826086956521735,0.9217888224792302,0,10,2514,2158,0.393,0.348
2151,0.7,4,0.6521739130434779,0.9217888224792302,0,6,3127,3886,0.007,0.496
2152,0.66,3,0.47826086956521735,0.9559537490069676,0,9,2325,1399,0.903,0.968
2153,0.68,4,0.5652173913043479,0.9217888224792302,0,8,845,3415,0.28,0.093
2154,0.72,11,0.7391304347826084,0.7877480898975835,0,11,4926,931,0.63,0.619
2155,0.65,3,0.4347826086956521,0.9559537490069676,0,10,4564,4915,0.347,0.898
2156,0.69,6,0.6086956521739126,0.8702724368383106,0,9,1225,2399,0.742,0.425
2157,0.69,6,0.6086956521739126,0.8702724368383106,0,9,1925,2883,0.121,0.549
2158,0.73,30,0.7826086956521737,0.6424368441584047,0,29,3547,371,0.969,0.023
2159,0.71,4,0.6956521739130432,0.9217888224792302,0,5,2915,3643,0.616,0.14
2160,0.7,6,0.6521739130434779,0.8702724368383106,0,8,1293,1155,0.481,0.667
2161,0.65,3,0.4347826086956521,0.9559537490069676,0,10,588,4107,0.858,0.293
2162,0.7,6,0.6521739130434779,0.8702724368383106,0,8,3927,1625,0.239,0.764
2163,0.7,6,0.6521739130434779,0.8702724368383106,0,8,4025,3459,0.437,0.6
2164,0.68,6,0.5652173913043479,0.8702724368383106,0,10,489,947,0.536,0.065
2165,0.62,5,0.3043478260869563,0.8938740449487917,0,15,1352,4242,0.164,0.94
2166,0.72,6,0.7391304347826084,0.8702724368383106,0,6,2855,1724,0.809,0.477
2167,0.72,4,0.7391304347826084,0.9217888224792302,0,4,3488,4704,0.667,0.374
2168,0.68,5,0.5652173913043479,0.8938740449487917,0,9,1985,2220,0.298,0.839
2169,0.71,4,0.6956521739130432,0.9217888224792302,0,5,1127,2988,0.924,0.214
2170,0.72,24,0.7391304347826084,0.6753719858490763,0,24,4663,500,0.041,0.748
2171,0.71,4,0.6956521739130432,0.9217888224792302,0,5,4907,4016,0.95,0.769
2172,0.68,5,0.5652173913043479,0.8938740449487917,0,9,863,1504,0.084,0.304
2173,0.71,3,0.6956521739130432,0.9559537490069676,0,4,2189,3236,0.709,0.678
2174,0.73,14,0.7826086956521737,0.7535831633698462,0,13,3263,719,0.326,0.144
2175,0.7,4,0.6521739130434779,0.9217888224792302,0,6,2650,2740,0.214,0.011
2176,0.74,41,0.8260869565217389,0.5959408226777181,0,34,1578,258,0.814,0.546
2177,0.65,3,0.4347826086956521,0.9559537490069676,0,10,246,4463,0.44,0.422
2178,0.71,4,0.6956521739130432,0.9217888224792302,0,5,4290,1975,0.587,0.885
2179,0.71,5,0.6956521739130432,0.8938740449487917,0,6,4198,4536,0.105,0.246
2180,0.7,3,0.6521739130434779,0.9559537490069676,0,5,39,2058,0.985,0.718
2181,0.68,6,0.5652173913043479,0.8702724368383106,0,10,1832,2501,0.362,0.342
2182,0.73,86,0.7826086956521737,0.4844421272714673,0,61,2713,28,0.727,0.869
2183,0.66,3,0.47826086956521735,0.9559537490069676,0,9,3330,3319,0.873,0.97
2184,0.7,5,0.6521739130434779,0.8938740449487917,0,7,2450,793,0.224,0.444
2185,0.7,3,0.6521739130434779,0.9559537490069676,0,5,651,3787,0.6,0.57
2186,0.72,13,0.7391304347826084,0.7641464817871022,0,13,4811,1264,0.497,0.098
2187,0.73,6,0.7826086956521737,0.8702724368383106,0,5,4450,2905,0.527,0.39
2188,0.72,3,0.7391304347826084,0.9559537490069676,0,3,1033,427,0.376,0.916
2189,0.69,3,0.6086956521739126,0.9559537490069676,0,6,2050,4933,0.753,0.043
2190,0.69,6,0.6086956521739126,0.8702724368383106,0,9,3750,2459,0.149,0.515
2191,0.71,3,0.6956521739130432,0.9559537490069676,0,4,3113,4169,0.266,0.647
2192,0.69,8,0.6086956521739126,0.8317943408906159,0,11,1412,1641,0.644,0.176
2193,0.64,3,0.39130434782608686,0.9559537490069676,0,11,400,3698,0.024,0.799
2194,0.72,11,0.7391304347826084,0.7877480898975835,0,11,3817,1177,0.886,0.272
2195,0.7,6,0.6521739130434779,0.8702724368383106,0,8,3763,3015,0.053,0.909
2196,0.71,8,0.6956521739130432,0.8317943408906159,0,9,463,532,0.92,0.382
2197,0.68,4,0.5652173913043479,0.9217888224792302,0,8,1475,4735,0.294,0.506
2198,0.67,5,0.5217391304347826,0.8938740449487917,0,10,3058,2248,0.678,0.035
2199,0.68,4,0.5652173913043479,0.9217888224792302,0,8,3677,4288,0.782,0.182
2200,0.68,3,0.5652173913043479,0.9559537490069676,0,7,2094,1776,0.183,0.655
2201,0.71,5,0.6956521739130432,0.8938740449487917,0,6,1077,3511,0.556,0.282
2202,0.69,6,0.6086956521739126,0.8702724368383106,0,9,4376,993,0.409,0.807
2203,0.71,4,0.6956521739130432,0.9217888224792302,0,5,4795,4509,0.567,0.709
2204,0.66,4,0.47826086956521735,0.9217888224792302,0,10,676,2026,0.469,0.237
2205,0.64,3,0.39130434782608686,0.9559537490069676,0,11,2474,2792,0.839,0.862
2206,0.73,34,0.7826086956521737,0.6238556002081566,0,33,3315,303,0.196,0.336
2207,0.67,4,0.5217391304347826,0.9217888224792302,0,9,2678,3263,0.329,0.452
2208,0.69,3,0.6086956521739126,0.9559537490069676,0,6,1838,750,0.698,0.979
2209,0.61,3,0.2608695652173911,0.9559537490069676,0,14,44,4048,0.072,0.105
2210,0.72,11,0.7391304347826084,0.7877480898975835,0,11,4164,1531,0.956,0.576
2211,0.66,5,0.47826086956521735,0.8938740449487917,0,11,4226,3818,0.469,0.312
2212,0.71,3,0.6956521739130432,0.9559537490069676,0,4,299,1292,0.62,0.775
2213,0.69,5,0.6086956521739126,0.8938740449487917,0,8,1631,3346,0.244,0.152
2214,0.66,4,0.47826086956521735,0.9217888224792302,0,10,2587,823,0.846,0.687
2215,0.71,5,0.6956521739130432,0.8938740449487917,0,6,3219,2553,0.739,0.538
2216,0.74,23,0.8260869565217389,0.6816221348463751,0,18,2263,74,0.359,0.005
2217,0.68,2,0.5652173913043479,1.0,0,6,936,4582,0.98,0.877
2218,0.72,8,0.7391304347826084,0.8317943408906159,0,8,4863,2109,0.117,0.412
2219,0.72,6,0.7391304347826084,0.8702724368383106,0,6,4639,3750,0.891,0.075
2220,0.71,6,0.6956521739130432,0.8702724368383106,0,7,1141,1223,0.011,0.609
2221,0.67,4,0.5217391304347826,0.9217888224792302,0,9,2000,4214,0.634,0.483
2222,0.63,4,0.3478260869565216,0.9217888224792302,0,13,3463,1693,0.268,0.947
2223,0.65,3,0.4347826086956521,0.9559537490069676,0,10,2850,4964,0.132,0.83
2224,0.69,7,0.6086956521739126,0.8498277939557592,0,10,1386,2487,0.779,0.366
2225,0.71,4,0.6956521739130432,0.9217888224792302,0,5,524,2932,0.404,0.741
2226,0.74,28,0.8260869565217389,0.6526477863808513,0,23,4021,459,0.506,0.207
2227,0.7,4,0.6521739130434779,0.9217888224792302,0,6,3962,4792,0.825,0.432
2228,0.68,4,0.5652173913043479,0.9217888224792302,0,8,584,2269,0.21,0.904
2229,0.68,5,0.5652173913043479,0.8938740449487917,0,9,1288,3076,0.584,0.032
2230,0.72,11,0.7391304347826084,0.7877480898975835,0,11,2950,549,0.452,0.558
2231,0.71,5,0.6956521739130432,0.8938740449487917,0,6,3561,3527,0.089,0.659
2232,0.72,13,0.7391304347826084,0.7641464817871022,0,13,1900,1055,0.939,0.133
2233,0.71,3,0.6956521739130432,0.9559537490069676,0,4,1201,4311,0.314,0.756
2234,0.71,9,0.6956521739130432,0.815662867428022,0,10,4578,1832,0.713,0.284
2235,0.72,6,0.7391304347826084,0.8702724368383106,0,6,4999,2691,0.31,0.203
2236,0.74,28,0.8260869565217389,0.6526477863808513,0,23,801,170,0.663,0.729
2237,0.7,3,0.6521739130434779,0.9559537490069676,0,5,2282,4414,0.037,0.354
2238,0.68,5,0.5652173913043479,0.8938740449487917,0,9,3201,1887,0.936,0.826
2239,0.69,3,0.6086956521739126,0.9559537490069676,0,6,2568,3909,0.54,0.958
2240,0.71,9,0.6956521739130432,0.815662867428022,0,10,1649,1435,0.425,0.487
2241,0.66,3,0.47826086956521735,0.9559537490069676,0,9,163,3128,0.797,0.613
2242,0.73,26,0.7826086956521737,0.6635886817812319,0,25,4361,651,0.168,0.086
2243,0.71,4,0.6956521739130432,0.9217888224792302,0,5,4106,3367,0.648,0.788
2244,0.67,4,0.5217391304347826,0.9217888224792302,0,9,101,881,0.254,0.254
2245,0.69,5,0.6086956521739126,0.8938740449487917,0,8,1740,3835,0.874,0.627
2246,0.7,5,0.6521739130434779,0.8938740449487917,0,7,2774,1352,0.028,0.163
2247,0.73,4,0.7826086956521737,0.9217888224792302,0,3,3412,4644,0.387,0.062
2248,0.68,3,0.5652173913043479,0.9559537490069676,0,7,2378,2126,0.523,0.526
2249,0.7,4,0.6521739130434779,0.9217888224792302,0,6,734,2608,0.146,0.402
2250,0.73,78,0.7826086956521737,0.4992109067756688,0,59,4739,97,0.765,0.936
2251,0.67,4,0.5217391304347826,0.9217888224792302,0,9,4514,4081,0.229,0.581
2252,0.7,6,0.6521739130434779,0.8702724368383106,0,8,938,1592,0.861,0.116
2253,0.71,3,0.6956521739130432,0.9559537490069676,0,4,2114,3610,0.485,0.99
2254,0.73,9,0.7826086956521737,0.815662867428022,0,8,3656,1128,0.604,0.457
2255,0.73,4,0.7826086956521737,0.9217888224792302,0,3,3038,2837,0.996,0.324
2256,0.73,27,0.7826086956521737,0.658020526735894,0,26,1497,320,0.101,0.859
2257,0.68,3,0.5652173913043479,0.9559537490069676,0,7,326,4865,0.724,0.234
2258,0.71,5,0.6956521739130432,0.8938740449487917,0,6,3901,2352,0.374,0.697
2259,0.7,5,0.6521739130434779,0.8938740449487917,0,7,3876,3205,0.979,0.165
2260,0.69,4,0.6086956521739126,0.9217888224792302,0,7,340,733,0.11,0.637
2261,0.68,4,0.5652173913043479,0.9217888224792302,0,8,1511,3988,0.738,0.264
2262,0.71,3,0.6956521739130432,0.9559537490069676,0,4,3013,1510,0.352,0.79
2263,0.68,3,0.5652173913043479,0.9559537490069676,0,7,3652,4489,0.25,0.922
2264,0.69,4,0.6086956521739126,0.9217888224792302,0,7,2149,1966,0.847,0.396
2265,0.7,5,0.6521739130434779,0.8938740449487917,0,7,973,2773,0.476,0.52
2266,0.73,61,0.7826086956521737,0.5363108891071965,0,50,4510,247,0.621,0.048
2267,0.69,4,0.6086956521739126,0.9217888224792302,0,7,4753,4231,0.401,0.467
2268,0.71,3,0.6956521739130432,0.9559537490069676,0,4,709,1757,0.501,0.992
2269,0.68,3,0.5652173913043479,0.9559537490069676,0,7,2353,3451,0.129,0.118
2270,0.73,8,0.7826086956521737,0.8317943408906159,0,7,3426,973,0.774,0.591
2271,0.67,4,0.5217391304347826,0.9217888224792302,0,9,2809,2994,0.639,0.691
2272,0.73,29,0.7826086956521737,0.6474572083186378,0,28,1736,472,0.271,0.22
2273,0.72,2,0.7391304347826084,1.0,0,2,97,4717,0.896,0.845
2274,0.72,7,0.7391304347826084,0.8498277939557592,0,7,4141,2189,0.014,0.318
2275,0.72,4,0.7391304347826084,0.9217888224792302,0,4,4347,4947,0.561,0.552
2276,0.7,3,0.6521739130434779,0.9559537490069676,0,5,188,2429,0.412,0.018
2277,0.7,3,0.6521739130434779,0.9559537490069676,0,5,1674,2911,0.787,0.89
2278,0.73,9,0.7826086956521737,0.815662867428022,0,8,2554,399,0.186,0.427
2279,0.67,4,0.5217391304347826,0.9217888224792302,0,9,3166,3690,0.292,0.294
2280,0.69,2,0.6086956521739126,1.0,0,5,2286,1202,0.673,0.758
2281,0.67,4,0.5217391304347826,0.9217888224792302,0,9,805,4158,0.05,0.135
2282,0.7,7,0.6521739130434779,0.8498277939557592,0,9,4964,1674,0.915,0.669
2283,0.69,6,0.6086956521739126,0.8702724368383106,0,9,4603,2534,0.078,0.813
2284,0.74,536,0.8260869565217389,0.2057729032105302,0,66,1187,18,0.957,0.348
2285,0.68,4,0.5652173913043479,0.9217888224792302,0,8,1886,4562,0.335,0.723
2286,0.7,8,0.6521739130434779,0.8317943408906159,0,10,3586,2049,0.7,0.19
2287,0.69,4,0.6086956521739126,0.9217888224792302,0,7,2954,3758,0.838,0.088
2288,0.7,7,0.6521739130434779,0.8498277939557592,0,9,1253,1270,0.189,0.623
2289,0.68,3,0.5652173913043479,0.9559537490069676,0,7,549,3288,0.566,0.497
2290,0.72,3,0.7391304347826084,0.9559537490069676,0,3,3966,806,0.462,0.96
2291,0.7,4,0.6521739130434779,0.9217888224792302,0,6,3987,3966,0.145,0.673
2292,0.69,6,0.6086956521739126,0.8702724368383106,0,9,529,1454,0.758,0.146
2293,0.64,5,0.39130434782608686,0.8938740449487917,0,13,1392,3189,0.386,0.769
2294,0.72,9,0.7391304347826084,0.815662867428022,0,9,2816,671,0.516,0.298
2295,0.7,5,0.6521739130434779,0.8938740449487917,0,7,3448,2713,0.881,0.414
2296,0.71,9,0.6956521739130432,0.815662867428022,0,10,2023,229,0.029,0.887
2297,0.71,3,0.6956521739130432,0.9559537490069676,0,4,1165,4432,0.655,0.015
2298,0.71,9,0.6956521739130432,0.815662867428022,0,10,4623,1945,0.255,0.54
2299,0.69,3,0.6086956521739126,0.9559537490069676,0,6,4868,3585,0.721,0.941
2300,0.69,7,0.6086956521739126,0.8498277939557592,0,10,903,1073,0.369,0.469
2301,0.64,2,0.39130434782608686,1.0,0,10,2229,4369,0.993,0.595
2302,0.69,6,0.6086956521739126,0.8702724368383106,0,9,3224,1853,0.096,0.069
2303,0.65,3,0.4347826086956521,0.9559537490069676,0,10,2610,4811,0.49,0.216
2304,0.68,4,0.5652173913043479,0.9217888224792302,0,8,1616,2329,0.607,0.743
2305,0.7,3,0.6521739130434779,0.9559537490069676,0,5,284,3095,0.233,0.368
2306,0.69,4,0.6086956521739126,0.9217888224792302,0,7,4250,606,0.864,0.84
2307,0.72,6,0.7391304347826084,0.8702724368383106,0,6,4159,2855,0.319,0.045
2308,0.71,4,0.6956521739130432,0.9217888224792302,0,5,78,377,0.715,0.508
2309,0.68,4,0.5652173913043479,0.9217888224792302,0,8,1871,4885,0.093,0.384
2310,0.71,3,0.6956521739130432,0.9559537490069676,0,4,2673,2412,0.942,0.919
2311,0.65,3,0.4347826086956521,0.9559537490069676,0,10,3291,4140,0.581,0.802
2312,0.67,5,0.5217391304347826,0.8938740449487917,0,10,2489,1614,0.447,0.268
2313,0.7,3,0.6521739130434779,0.9559537490069676,0,5,691,3668,0.822,0.641
2314,0.72,11,0.7391304347826084,0.7877480898975835,0,11,4772,1146,0.205,0.177
2315,0.68,4,0.5652173913043479,0.9217888224792302,0,8,4410,4662,0.804,0.338
2316,0.69,4,0.6086956521739126,0.9217888224792302,0,7,1071,2184,0.169,0.872
2317,0.65,3,0.4347826086956521,0.9559537490069676,0,10,2088,2630,0.547,0.247
2318,0.73,63,0.7826086956521737,0.5314499288021346,0,52,3711,156,0.426,0.711
2319,0.69,4,0.6086956521739126,0.9217888224792302,0,7,3074,3428,0.036,0.563
2320,0.72,13,0.7391304347826084,0.7641464817871022,0,13,1451,900,0.929,0.099
2321,0.71,3,0.6956521739130432,0.9559537490069676,0,4,440,3893,0.309,0.973
2322,0.72,8,0.7391304347826084,0.8317943408906159,0,8,3778,1371,0.656,0.439
2323,0.6,4,0.2173913043478258,0.9217888224792302,0,16,3803,4381,0.275,0.863
2324,0.69,6,0.6086956521739126,0.8702724368383106,0,9,425,1898,0.627,0.329
2325,0.69,6,0.6086956521739126,0.8702724368383106,0,9,1437,2665,0.002,0.704
2326,0.74,37,0.8260869565217389,0.611264339705671,0,31,3098,179,0.9,0.241
2327,0.7,5,0.6521739130434779,0.8938740449487917,0,7,3715,3156,0.513,0.107
2328,0.69,3,0.6086956521739126,0.9559537490069676,0,6,2054,645,0.397,0.572
2329,0.68,4,0.5652173913043479,0.9217888224792302,0,8,1037,3939,0.77,0.446
2330,0.73,4,0.7826086956521737,0.9217888224792302,0,3,4415,1422,0.14,0.98
2331,0.7,5,0.6521739130434779,0.8938740449487917,0,7,4835,3062,0.851,0.502
2332,0.73,8,0.7826086956521737,0.8317943408906159,0,7,638,580,0.238,0.037
2333,0.7,3,0.6521739130434779,0.9559537490069676,0,5,2436,4786,0.609,0.91
2334,0.69,6,0.6086956521739126,0.8702724368383106,0,9,3355,2297,0.481,0.376
2335,0.71,4,0.6956521739130432,0.9217888224792302,0,5,2717,4319,0.122,0.274
2336,0.64,4,0.39130434782608686,0.9217888224792302,0,12,1798,1806,0.976,0.809
2337,0.55,3,0.0,0.9559537490069676,0,17,4,3539,0.348,0.186
2338,0.7,9,0.6521739130434779,0.815662867428022,0,11,4202,1022,0.749,0.65
2339,0.72,5,0.7391304347826084,0.8938740449487917,0,5,4265,3622,0.201,0.478
2340,0.71,2,0.6956521739130432,1.0,0,3,260,1095,0.835,0.95
2341,0.67,4,0.5217391304347826,0.9217888224792302,0,9,1591,4090,0.458,0.075
2342,0.72,5,0.7391304347826084,0.8938740449487917,0,5,2626,1567,0.577,0.602
2343,0.68,3,0.5652173913043479,0.9559537490069676,0,7,3258,4859,0.961,0.734
2344,0.68,3,0.5652173913043479,0.9559537490069676,0,7,2224,2380,0.066,0.208
2345,0.69,3,0.6086956521739126,0.9559537490069676,0,6,897,2823,0.688,0.833
2346,0.73,37,0.7826086956521737,0.611264339705671,0,36,4903,350,0.34,0.361
2347,0.7,5,0.6521739130434779,0.8938740449487917,0,7,4678,3866,0.685,0.154
2348,0.69,5,0.6086956521739126,0.8938740449487917,0,8,1102,1339,0.288,0.68
2349,0.69,7,0.6086956521739126,0.8498277939557592,0,10,1960,3396,0.911,0.306
2350,0.71,13,0.6956521739130432,0.7641464817871022,0,14,3502,874,0.061,0.778
2351,0.69,3,0.6086956521739126,0.9559537490069676,0,6,2890,2582,0.416,0.879
2352,0.73,84,0.7826086956521737,0.48800292471521267,0,60,1348,105,0.549,0.408
2353,0.62,4,0.3043478260869563,0.9217888224792302,0,14,485,4611,0.174,0.532
2354,0.71,9,0.6956521739130432,0.815662867428022,0,10,4060,2137,0.791,0.005
2355,0.72,7,0.7391304347826084,0.8498277939557592,0,7,3922,2801,0.595,0.357
2356,0.71,7,0.6956521739130432,0.8498277939557592,0,8,622,278,0.494,0.821
2357,0.71,4,0.6956521739130432,0.9217888224792302,0,5,1326,4520,0.868,0.196
2358,0.64,5,0.39130434782608686,0.8938740449487917,0,13,2910,1994,0.221,0.731
2359,0.7,4,0.6521739130434779,0.9217888224792302,0,6,3523,4034,0.365,0.613
2360,0.72,11,0.7391304347826084,0.7877480898975835,0,11,1940,1561,0.732,0.08
2361,0.67,5,0.5217391304347826,0.8938740449487917,0,10,1241,3257,0.108,0.954
2362,0.73,18,0.7826086956521737,0.7173902947568793,0,17,4540,778,0.99,0.49
2363,0.7,5,0.6521739130434779,0.8938740449487917,0,7,4959,4763,0.017,0.025
2364,0.69,5,0.6086956521739126,0.8938740449487917,0,8,839,2242,0.885,0.559
2365,0.69,4,0.6086956521739126,0.9217888224792302,0,7,2320,3046,0.259,0.435
2366,0.7,4,0.6521739130434779,0.9217888224792302,0,6,3161,519,0.643,0.899
2367,0.66,4,0.47826086956521735,0.9217888224792302,0,10,2530,3478,0.754,0.751
2368,0.73,12,0.7826086956521737,0.7754929599122368,0,11,1689,1004,0.156,0.287
2369,0.68,3,0.5652173913043479,0.9559537490069676,0,7,203,4262,0.528,0.661
2370,0.71,14,0.6956521739130432,0.7535831633698462,0,15,4323,1785,0.383,0.126
2371,0.67,3,0.5217391304347826,0.9559537490069676,0,8,4067,4189,0.925,0.984
2372,0.67,3,0.5217391304347826,0.9559537490069676,0,8,140,1702,0.047,0.458
2373,0.66,5,0.47826086956521735,0.8938740449487917,0,11,1780,3717,0.668,0.583
2374,0.71,6,0.6956521739130432,0.8702724368383106,0,7,2736,1234,0.305,0.112
2375,0.68,5,0.5652173913043479,0.8938740449487917,0,9,3373,2963,0.157,0.228
2376,0.7,5,0.6521739130434779,0.8938740449487917,0,7,2417,445,0.808,0.701
2377,0.69,4,0.6086956521739126,0.9217888224792302,0,7,772,4992,0.43,0.325
2378,0.7,4,0.6521739130434779,0.9217888224792302,0,6,4700,2481,0.535,0.851
2379,0.71,6,0.6956521739130432,0.8702724368383106,0,7,4475,3340,0.443,0.631
2380,0.72,8,0.7391304347826084,0.8317943408906159,0,8,978,851,0.592,0.158
2381,0.72,2,0.7391304347826084,1.0,0,2,2153,3805,0.217,0.781
2382,0.72,10,0.7391304347826084,0.8010701746471536,0,10,3617,1322,0.819,0.255
2383,0.68,3,0.5652173913043479,0.9559537490069676,0,7,2999,4593,0.704,0.403
2384,0.71,3,0.6956521739130432,0.9559537490069676,0,4,1535,2077,0.324,0.93
2385,0.71,4,0.6956521739130432,0.9217888224792302,0,5,365,2561,0.946,0.057
2386,0.73,169,0.7826086956521737,0.3818769696640044,0,78,3862,48,0.081,0.528
2387,0.69,6,0.6086956521739126,0.8702724368383106,0,9,3854,2575,0.493,0.491
2388,0.74,22,0.8260869565217389,0.6881383262895218,0,17,357,54,0.596,0.955
2389,0.67,4,0.5217391304347826,0.9217888224792302,0,9,1533,4609,0.221,0.082
2390,0.69,6,0.6086956521739126,0.8702724368383106,0,9,2996,2081,0.869,0.617
2391,0.67,4,0.5217391304347826,0.9217888224792302,0,9,3630,3791,0.731,0.733
2392,0.69,3,0.6086956521739126,0.9559537490069676,0,6,2166,1317,0.366,0.2
2393,0.67,3,0.5217391304347826,0.9559537490069676,0,8,995,3325,0.988,0.822
2394,0.73,17,0.7826086956521737,0.7256683858394077,0,16,4492,847,0.109,0.358
2395,0.69,4,0.6086956521739126,0.9217888224792302,0,7,4697,4988,0.882,0.13
2396,0.65,4,0.4347826086956521,0.9217888224792302,0,11,770,2465,0.02,0.663
2397,0.69,4,0.6086956521739126,0.9217888224792302,0,7,2409,2957,0.641,0.288
2398,0.74,18,0.8260869565217389,0.7173902947568793,0,13,3365,431,0.262,0.752
2399,0.68,4,0.5652173913043479,0.9217888224792302,0,8,2753,3721,0.153,0.9
2400,0.72,9,0.7391304347826084,0.815662867428022,0,9,1797,1249,0.757,0.437
2401,0.66,3,0.47826086956521735,0.9559537490069676,0,9,153,4194,0.379,0.562
2402,0.71,9,0.6956521739130432,0.815662867428022,0,10,4080,1716,0.531,0.028
2403,0.72,5,0.7391304347826084,0.8938740449487917,0,5,4330,4277,0.045,0.854
2404,0.64,4,0.39130434782608686,0.9217888224792302,0,12,210,1789,0.928,0.328
2405,0.72,4,0.7391304347826084,0.9217888224792302,0,4,1691,3492,0.302,0.701
2406,0.71,5,0.6956521739130432,0.8938740449487917,0,6,2532,1010,0.671,0.23
2407,0.69,4,0.6086956521739126,0.9217888224792302,0,7,3149,3030,0.805,0.112
2408,0.71,6,0.6956521739130432,0.8702724368383106,0,7,2308,514,0.16,0.584
2409,0.66,3,0.47826086956521735,0.9559537490069676,0,9,822,4749,0.532,0.461
2410,0.64,3,0.39130434782608686,0.9559537490069676,0,11,4942,2236,0.433,0.987
2411,0.7,6,0.6521739130434779,0.8702724368383106,0,8,4542,3252,0.591,0.53
2412,0.73,11,0.7826086956521737,0.7877480898975835,0,10,1243,764,0.444,0.058
2413,0.64,2,0.39130434782608686,1.0,0,10,1947,4030,0.817,0.932
2414,0.72,8,0.7391304347826084,0.8317943408906159,0,8,3530,1546,0.217,0.406
2415,0.7,4,0.6521739130434779,0.9217888224792302,0,6,2893,4526,0.322,0.257
2416,0.71,4,0.6956521739130432,0.9217888224792302,0,5,1310,2008,0.705,0.784
2417,0.7,4,0.6521739130434779,0.9217888224792302,0,6,610,2805,0.081,0.16
2418,0.72,16,0.7391304347826084,0.7344197613453665,0,16,3910,293,0.947,0.631
2419,0.71,2,0.6956521739130432,1.0,0,3,4048,4625,0.627,0.983
2420,0.68,4,0.5652173913043479,0.9217888224792302,0,8,473,2143,0.276,0.449
2421,0.69,5,0.6086956521739126,0.8938740449487917,0,8,1331,2598,0.899,0.572
2422,0.69,4,0.6086956521739126,0.9217888224792302,0,7,3509,3381,0.396,0.241
2423,0.71,8,0.6956521739130432,0.8317943408906159,0,9,1967,869,0.514,0.705
2424,0.72,4,0.7391304347826084,0.9217888224792302,0,4,1104,3851,0.139,0.332
2425,0.68,3,0.5652173913043479,0.9559537490069676,0,7,4679,1334,0.771,0.866
2426,0.7,6,0.6521739130434779,0.8702724368383106,0,8,4885,2819,0.236,0.651
2427,0.73,18,0.7826086956521737,0.7173902947568793,0,17,881,335,0.854,0.187
2428,0.68,3,0.5652173913043479,0.9559537490069676,0,7,2212,4853,0.477,0.811
2429,0.7,5,0.6521739130434779,0.8938740449487917,0,7,3246,2366,0.612,0.277
2430,0.72,3,0.7391304347826084,0.9559537490069676,0,3,2628,4094,0.972,0.378
2431,0.68,5,0.5652173913043479,0.8938740449487917,0,9,1594,1582,0.125,0.913
2432,0.69,3,0.6086956521739126,0.9559537490069676,0,6,267,3627,0.746,0.039
2433,0.71,16,0.6956521739130432,0.7344197613453665,0,17,4272,1109,0.351,0.502
2434,0.7,5,0.6521739130434779,0.8938740449487917,0,7,4215,3554,0.831,0.362
2435,0.72,3,0.7391304347826084,0.9559537490069676,0,3,17,1026,0.203,0.833
2436,0.67,4,0.5217391304347826,0.9217888224792302,0,9,1815,4333,0.574,0.211
2437,0.65,4,0.4347826086956521,0.9217888224792302,0,11,2734,1812,0.461,0.738
2438,0.68,3,0.5652173913043479,0.9559537490069676,0,7,3347,4770,0.064,0.604
2439,0.68,4,0.5652173913043479,0.9217888224792302,0,8,2428,2293,0.964,0.079
2440,0.72,3,0.7391304347826084,0.9559537490069676,0,3,635,3048,0.336,0.951
2441,0.72,21,0.7391304347826084,0.6949442195959453,0,21,4833,574,0.691,0.479
2442,0.69,6,0.6086956521739126,0.8702724368383106,0,9,4432,3934,0.287,0.008
2443,0.7,9,0.6521739130434779,0.815662867428022,0,11,1054,1408,0.686,0.534
2444,0.67,3,0.5217391304347826,0.9559537490069676,0,8,2067,3152,0.061,0.409
2445,0.69,3,0.6086956521739126,0.9559537490069676,0,6,3728,630,0.912,0.881
2446,0.7,4,0.6521739130434779,0.9217888224792302,0,6,3096,2671,0.548,0.779
2447,0.74,47,0.8260869565217389,0.5754961797951669,0,37,1434,193,0.417,0.308
2448,0.67,3,0.5217391304347826,0.9559537490069676,0,8,418,4385,0.79,0.683
2449,0.68,8,0.5652173913043479,0.8317943408906159,0,12,3795,1913,0.175,0.156
2450,0.68,5,0.5652173913043479,0.8938740449487917,0,9,3781,3898,0.761,0.542
2451,0.7,4,0.6521739130434779,0.9217888224792302,0,6,442,1385,0.141,0.015
2452,0.64,3,0.39130434782608686,0.9559537490069676,0,11,1459,3432,0.519,0.889
2453,0.71,12,0.6956521739130432,0.7754929599122368,0,13,3081,915,0.383,0.418
2454,0.72,7,0.7391304347826084,0.8498277939557592,0,7,3693,2624,0.032,0.301
2455,0.71,6,0.6956521739130432,0.8702724368383106,0,7,2071,142,0.879,0.773
2456,0.7,3,0.6521739130434779,0.9559537490069676,0,5,1059,4657,0.258,0.148
2457,0.7,7,0.6521739130434779,0.8498277939557592,0,9,4398,2169,0.652,0.674
2458,0.67,4,0.5217391304347826,0.9217888224792302,0,9,4779,3653,0.37,0.843
2459,0.68,5,0.5652173913043479,0.8938740449487917,0,9,699,1142,0.719,0.371
2460,0.66,4,0.47826086956521735,0.9217888224792302,0,10,2492,4126,0.097,0.744
2461,0.69,7,0.6086956521739126,0.8498277939557592,0,10,3294,1609,0.993,0.218
2462,0.65,4,0.4347826086956521,0.9217888224792302,0,11,2660,4900,0.608,0.07
2463,0.7,6,0.6521739130434779,0.8702724368383106,0,8,1859,2417,0.49,0.596
2464,0.71,3,0.6956521739130432,0.9559537490069676,0,4,60,2869,0.865,0.472
2465,0.7,8,0.6521739130434779,0.8317943408906159,0,10,4141,383,0.232,0.944
2466,0.65,6,0.4347826086956521,0.8702724368383106,0,13,4248,3099,0.717,0.18
2467,0.68,4,0.5652173913043479,0.9217888224792302,0,8,282,622,0.319,0.643
2468,0.71,4,0.6956521739130432,0.9217888224792302,0,5,1609,4817,0.943,0.268
2469,0.68,5,0.5652173913043479,0.8938740449487917,0,9,2604,2343,0.092,0.803
2470,0.71,3,0.6956521739130432,0.9559537490069676,0,4,3241,4365,0.448,0.919
2471,0.69,4,0.6086956521739126,0.9217888224792302,0,7,2246,1838,0.579,0.386
2472,0.68,4,0.5652173913043479,0.9217888224792302,0,8,914,3580,0.206,0.512
2473,0.72,13,0.7391304347826084,0.7641464817871022,0,13,4881,1059,0.822,0.047
2474,0.67,4,0.5217391304347826,0.9217888224792302,0,9,4617,4418,0.172,0.44
2475,0.71,3,0.6956521739130432,0.9559537490069676,0,4,1158,1939,0.801,0.974
2476,0.68,3,0.5652173913043479,0.9559537490069676,0,7,2021,2697,0.429,0.102
2477,0.73,45,0.7826086956521737,0.5820123712383135,0,42,3446,225,0.544,0.566
2478,0.65,4,0.4347826086956521,0.9217888224792302,0,11,2828,3203,0.932,0.714
2479,0.72,14,0.7391304347826084,0.7535831633698462,0,14,1404,676,0.033,0.25
2480,0.63,3,0.3478260869565216,0.9559537490069676,0,12,546,3981,0.659,0.873
2481,0.73,9,0.7826086956521737,0.815662867428022,0,8,4004,1458,0.306,0.339
2482,0.69,6,0.6086956521739126,0.8702724368383106,0,9,3983,3294,0.113,0.052
2483,0.72,6,0.7391304347826084,0.8702724368383106,0,6,566,820,0.977,0.523
2484,0.71,5,0.6956521739130432,0.8938740449487917,0,6,1265,3763,0.355,0.397
2485,0.67,2,0.5217391304347826,1.0,0,7,2966,1286,0.734,0.924
2486,0.68,4,0.5652173913043479,0.9217888224792302,0,8,3584,4556,0.85,0.791
2487,0.72,9,0.7391304347826084,0.815662867428022,0,9,1884,2035,0.247,0.265
2488,0.72,5,0.7391304347826084,0.8938740449487917,0,5,1180,2529,0.624,0.64
2489,0.71,5,0.6956521739130432,0.8938740449487917,0,6,4976,4143,0.502,0.319
2490,0.67,4,0.5217391304347826,0.9217888224792302,0,9,817,1670,0.4,0.845
2491,0.68,3,0.5652173913043479,0.9559537490069676,0,7,2303,3676,0.775,0.222
2492,0.71,7,0.6956521739130432,0.8498277939557592,0,8,3183,1197,0.127,0.694
2493,0.7,4,0.6521739130434779,0.9217888224792302,0,6,2547,2926,0.272,0.593
2494,0.74,24,0.8260869565217389,0.6753719858490763,0,19,1667,403,0.638,0.122
2495,0.72,9,0.7391304347826084,0.815662867428022,0,9,186,4961,0.015,0.994
2496,0.72,7,0.7391304347826084,0.8498277939557592,0,7,4345,2434,0.896,0.467
2497,0.68,4,0.5652173913043479,0.9217888224792302,0,8,4124,4721,0.413,0.67
2498,0.66,3,0.47826086956521735,0.9559537490069676,0,9,79,2205,0.559,0.136
2499,0.71,4,0.6956521739130432,0.9217888224792302,0,5,1724,3000,0.187,0.761
2500,0.73,11,0.7826086956521737,0.7877480898975835,0,10,2797,486,0.786,0.297
2501,0.71,5,0.6956521739130432,0.8938740449487917,0,6,3429,3446,0.674,0.429
2502,0.64,3,0.39130434782608686,0.9559537490069676,0,11,2356,958,0.291,0.893
2503,0.71,3,0.6956521739130432,0.9559537490069676,0,4,716,4226,0.916,0.019
2504,0.72,7,0.7391304347826084,0.8498277939557592,0,7,4761,1743,0.049,0.553
2505,0.71,3,0.6956521739130432,0.9559537490069676,0,4,4497,2759,0.96,0.964
2506,0.73,29,0.7826086956521737,0.6474572083186378,0,28,961,241,0.075,0.499
2507,0.68,3,0.5652173913043479,0.9559537490069676,0,7,2131,4473,0.703,0.623
2508,0.71,8,0.6956521739130432,0.8317943408906159,0,9,3634,1962,0.333,0.09
2509,0.7,5,0.6521739130434779,0.8938740449487917,0,7,3021,4002,0.192,0.19
2510,0.65,5,0.4347826086956521,0.8938740449487917,0,12,1518,1515,0.836,0.725
2511,0.69,3,0.6086956521739126,0.9559537490069676,0,6,343,3220,0.464,0.352
2512,0.68,5,0.5652173913043479,0.8938740449487917,0,9,3879,737,0.563,0.815
2513,0.67,4,0.5217391304347826,0.9217888224792302,0,9,3894,4879,0.209,0.283
2514,0.7,3,0.6521739130434779,0.9559537490069676,0,5,319,2357,0.826,0.755
2515,0.69,6,0.6086956521739126,0.8702724368383106,0,9,1495,2852,0.45,0.13
2516,0.68,4,0.5652173913043479,0.9217888224792302,0,8,2728,663,0.767,0.737
2517,0.69,4,0.6086956521739126,0.9217888224792302,0,7,1139,4044,0.072,0.096
2518,0.71,2,0.6956521739130432,1.0,0,3,1958,1329,0.58,0.982
2519,0.69,5,0.6086956521739126,0.8938740449487917,0,8,4177,3338,0.258,0.372
2520,0.72,7,0.7391304347826084,0.8498277939557592,0,7,4625,2245,0.2,0.497
2521,0.68,3,0.5652173913043479,0.9559537490069676,0,7,1820,3048,0.896,0.857
2522,0.68,4,0.5652173913043479,0.9217888224792302,0,8,3491,4882,0.709,0.612
2523,0.72,4,0.7391304347826084,0.9217888224792302,0,4,3261,1577,0.464,0.793
2524,0.71,10,0.6956521739130432,0.8010701746471536,0,11,1436,1043,0.152,0.548
2525,0.71,5,0.6956521739130432,0.8938740449487917,0,6,4856,4292,0.937,0.16
2526,0.73,158,0.7826086956521737,0.39211897130212947,0,76,3780,73,0.505,0.035
2527,0.67,2,0.5217391304347826,1.0,0,7,2196,4637,0.343,0.673
2528,0.7,5,0.6521739130434779,0.8938740449487917,0,7,900,1999,0.817,0.312
2529,0.68,7,0.5652173913043479,0.8498277939557592,0,11,3125,2670,0.031,0.918
2530,0.73,11,0.7826086956521737,0.7877480898975835,0,10,3967,1080,0.966,0.319
2531,0.7,6,0.6521739130434779,0.8702724368383106,0,8,714,1618,0.654,0.089
2532,0.71,4,0.6956521739130432,0.9217888224792302,0,5,2918,3676,0.445,0.695
2533,0.72,7,0.7391304347826084,0.8498277939557592,0,7,3065,1761,0.847,0.422
2534,0.66,5,0.47826086956521735,0.8938740449487917,0,11,880,3531,0.062,0.783
2535,0.67,4,0.5217391304347826,0.9217888224792302,0,9,2256,1247,0.535,0.169
2536,0.72,4,0.7391304347826084,0.9217888224792302,0,4,3801,4086,0.374,0.561
2537,0.73,87,0.7826086956521737,0.4826923094935288,0,62,4913,180,0.183,0.686
2538,0.7,5,0.6521739130434779,0.8938740449487917,0,7,3242,2543,0.656,0.298
2539,0.72,12,0.7391304347826084,0.7754929599122368,0,12,3470,849,0.419,0.11
2540,0.71,2,0.6956521739130432,1.0,0,3,6,3860,0.74,0.747
2541,0.72,8,0.7391304347826084,0.8317943408906159,0,8,1840,1535,0.232,0.363
2542,0.71,3,0.6956521739130432,0.9559537490069676,0,4,4685,3134,0.928,0.97
2543,0.65,4,0.4347826086956521,0.9217888224792302,0,11,4196,2353,0.612,0.845
2544,0.69,2,0.6086956521739126,1.0,0,5,2015,2941,0.29,0.488
2545,0.72,10,0.7391304347826084,0.8010701746471536,0,10,1121,579,0.799,0.622
2546,0.74,13,0.8260869565217389,0.7641464817871022,0,10,498,307,0.597,0.279
2547,0.67,3,0.5217391304347826,0.9559537490069676,0,8,3293,4401,0.306,0.889
2548,0.7,6,0.6521739130434779,0.8702724368383106,0,8,3687,1408,0.552,0.704
2549,0.72,3,0.7391304347826084,0.9559537490069676,0,3,1628,897,0.864,0.95
2550,0.73,26,0.7826086956521737,0.6635886817812319,0,25,4291,528,0.48,0.468
2551,0.7,2,0.6521739130434779,1.0,0,4,2076,4803,0.673,0.825
2552,0.71,4,0.6956521739130432,0.9217888224792302,0,5,1021,2479,0.169,0.191
2553,0.71,3,0.6956521739130432,0.9559537490069676,0,4,2614,2814,0.985,0.579
2554,0.69,3,0.6086956521739126,0.9559537490069676,0,6,2524,419,0.698,0.897
2555,0.71,4,0.6956521739130432,0.9217888224792302,0,5,955,4913,0.392,0.255
2556,0.68,3,0.5652173913043479,0.9559537490069676,0,7,2161,2198,0.885,0.636
2557,0.72,11,0.7391304347826084,0.7877480898975835,0,11,4500,1375,0.271,0.151
2558,0.71,5,0.6956521739130432,0.8938740449487917,0,6,1713,3292,0.577,0.511
2559,0.71,6,0.6956521739130432,0.8702724368383106,0,7,3369,1957,0.005,0.571
2560,0.71,4,0.6956521739130432,0.9217888224792302,0,5,579,2712,0.837,0.214
2561,0.73,167,0.7826086956521737,0.3836889125753017,0,77,1327,37,0.316,0.832
2562,0.74,36,0.8260869565217389,0.6153474453872805,0,30,1949,390,0.019,0.053
2563,0.68,4,0.5652173913043479,0.9217888224792302,0,8,4105,4944,0.82,0.663
2564,0.73,16,0.7826086956521737,0.7344197613453665,0,15,4595,725,0.637,0.539
2565,0.72,5,0.7391304347826084,0.8938740449487917,0,5,1775,3984,0.459,0.178
2566,0.71,3,0.6956521739130432,0.9559537490069676,0,4,92,1270,0.949,0.808
2567,0.71,5,0.6956521739130432,0.8938740449487917,0,6,3541,3401,0.147,0.416
2568,0.73,48,0.7826086956521737,0.5723392145672369,0,44,3147,143,0.9,0.241
2569,0.61,3,0.2608695652173911,0.9559537490069676,0,14,332,4564,0.189,0.598
2570,0.72,7,0.7391304347826084,0.8498277939557592,0,7,1534,1928,0.713,0.479
2571,0.71,4,0.6956521739130432,0.9217888224792302,0,5,4989,2741,0.376,0.867
2572,0.73,4,0.7826086956521737,0.9217888224792302,0,3,3877,1647,0.068,0.991
2573,0.68,3,0.5652173913043479,0.9559537490069676,0,7,2336,3647,0.78,0.354
2574,0.69,5,0.6086956521739126,0.8938740449487917,0,8,819,970,0.255,0.722
2575,0.71,4,0.6956521739130432,0.9217888224792302,0,5,2970,4361,0.592,0.116
2576,0.69,8,0.6086956521739126,0.8317943408906159,0,11,4823,2078,0.784,0.002
2577,0.7,5,0.6521739130434779,0.8938740449487917,0,7,1387,2593,0.119,0.643
2578,0.7,4,0.6521739130434779,0.9217888224792302,0,6,2817,3069,0.737,0.459
2579,0.7,5,0.6521739130434779,0.8938740449487917,0,7,3003,2403,0.08,0.669
2580,0.71,3,0.6956521739130432,0.9559537490069676,0,4,2309,604,0.267,0.922
2581,0.7,4,0.6521739130434779,0.9217888224792302,0,6,3902,4689,0.573,0.285
2582,0.73,15,0.7826086956521737,0.7437018389045511,0,14,4977,783,0.889,0.41
2583,0.67,4,0.5217391304347826,0.9217888224792302,0,9,1548,3886,0.209,0.797
2584,0.67,4,0.5217391304347826,0.9217888224792302,0,9,338,1522,0.702,0.187
2585,0.72,26,0.7391304347826084,0.6635886817812319,0,26,3536,203,0.65,0.861
2586,0.7,2,0.6521739130434779,1.0,0,4,99,4468,0.441,0.469
2587,0.7,6,0.6521739130434779,0.8702724368383106,0,8,1786,2182,0.962,0.608
2588,0.71,6,0.6956521739130432,0.8702724368383106,0,7,4581,2526,0.129,0.247
2589,0.71,9,0.6956521739130432,0.815662867428022,0,10,4133,1745,0.321,0.123
2590,0.67,4,0.5217391304347826,0.9217888224792302,0,9,1924,3589,0.529,0.733
2591,0.71,7,0.6956521739130432,0.8498277939557592,0,8,1173,1187,0.008,0.345
2592,0.71,2,0.6956521739130432,1.0,0,3,2773,4109,0.841,0.986
2593,0.69,3,0.6086956521739126,0.9559537490069676,0,6,1207,2989,0.508,0.932
2594,0.73,40,0.7826086956521737,0.5996303358827746,0,39,1681,250,0.064,0.204
2595,0.66,5,0.47826086956521735,0.8938740449487917,0,11,4530,4418,0.775,0.564
2596,0.72,8,0.7391304347826084,0.8317943408906159,0,8,4355,1136,0.717,0.69
2597,0.7,3,0.6521739130434779,0.9559537490069676,0,5,965,1872,0.904,0.966
2598,0.71,3,0.6956521739130432,0.9559537490069676,0,4,2511,3461,0.193,0.325
2599,0.71,6,0.6956521739130432,0.8702724368383106,0,7,2587,1022,0.498,0.136
2600,0.69,3,0.6086956521739126,0.9559537490069676,0,6,1046,4272,0.66,0.524
2601,0.66,4,0.47826086956521735,0.9217888224792302,0,10,4435,2018,0.531,0.878
2602,0.71,5,0.6956521739130432,0.8938740449487917,0,6,1620,2689,0.37,0.272
2603,0.74,28,0.8260869565217389,0.6526477863808513,0,23,246,53,0.843,0.648
2604,0.7,4,0.6521739130434779,0.9217888224792302,0,6,3701,4616,0.058,0.011
2605,0.71,9,0.6956521739130432,0.815662867428022,0,10,3304,1350,0.803,0.334
2606,0.65,4,0.4347826086956521,0.9217888224792302,0,11,484,3359,0.107,0.944
2607,0.72,14,0.7391304347826084,0.7535831633698462,0,14,1382,645,0.616,0.073
2608,0.7,4,0.6521739130434779,0.9217888224792302,0,6,4831,4026,0.294,0.714
2609,0.73,26,0.7826086956521737,0.6635886817812319,0,25,4029,432,0.228,0.589
2610,0.65,3,0.4347826086956521,0.9559537490069676,0,10,1867,4587,0.722,0.914
2611,0.69,4,0.6086956521739126,0.9217888224792302,0,7,3440,2798,0.908,0.676
2612,0.71,6,0.6956521739130432,0.8702724368383106,0,7,1482,1320,0.484,0.741
2613,0.7,5,0.6521739130434779,0.8938740449487917,0,7,4887,3388,0.677,0.1
2614,0.72,7,0.7391304347826084,0.8498277939557592,0,7,3812,2294,0.86,0.224
2615,0.74,17,0.8260869565217389,0.7256683858394077,0,12,873,323,0.549,0.493
2616,0.71,3,0.6956521739130432,0.9559537490069676,0,4,3074,4969,0.355,0.854
2617,0.74,12,0.8260869565217389,0.7754929599122368,0,9,2908,478,0.945,0.02
2618,0.7,3,0.6521739130434779,0.9559537490069676,0,5,727,4816,0.144,0.626
2619,0.68,4,0.5652173913043479,0.9217888224792302,0,8,2409,2454,0.633,0.266
2620,0.65,3,0.4347826086956521,0.9559537490069676,0,10,3958,2881,0.455,0.903
2621,0.69,9,0.6086956521739126,0.815662867428022,0,12,4761,1475,0.023,0.778
2622,0.72,5,0.7391304347826084,0.8938740449487917,0,5,550,910,0.335,0.502
2623,0.71,5,0.6956521739130432,0.8938740449487917,0,6,3395,3759,0.512,0.145
2624,0.73,6,0.7826086956521737,0.8702724368383106,0,5,3626,2055,0.251,0.449
2625,0.62,3,0.3043478260869563,0.9559537490069676,0,13,166,2653,0.589,0.841
2626,0.72,10,0.7391304347826084,0.8010701746471536,0,10,1809,1100,0.4,0.428
2627,0.65,4,0.4347826086956521,0.9217888224792302,0,11,4639,4192,0.691,0.788
2628,0.72,4,0.7391304347826084,0.9217888224792302,0,4,4150,286,0.757,0.913
2629,0.71,4,0.6956521739130432,0.9217888224792302,0,5,1983,4381,0.092,0.303
2630,0.68,5,0.5652173913043479,0.8938740449487917,0,9,1172,2096,0.57,0.683
2631,0.69,4,0.6086956521739126,0.9217888224792302,0,7,2698,2612,0.28,0.042
2632,0.72,2,0.7391304347826084,1.0,0,2,2005,993,0.788,0.789
2633,0.74,152,0.8260869565217389,0.39800844312659844,0,57,4656,82,0.431,0.308
2634,0.69,4,0.6086956521739126,0.9217888224792302,0,7,4741,4258,0.342,0.828
2635,0.73,154,0.7826086956521737,0.39602000752825084,0,75,3978,39,0.151,0.953
2636,0.69,4,0.6086956521739126,0.9217888224792302,0,7,3054,2127,0.033,0.787
2637,0.7,4,0.6521739130434779,0.9217888224792302,0,6,893,2540,0.869,0.426
2638,0.74,10,0.8260869565217389,0.8010701746471536,0,7,2262,177,0.345,0.557
2639,0.72,11,0.7391304347826084,0.7877480898975835,0,11,4907,1249,0.998,0.04
2640,0.7,4,0.6521739130434779,0.9217888224792302,0,6,403,1758,0.686,0.302
2641,0.7,3,0.6521739130434779,0.9559537490069676,0,5,3229,3534,0.474,0.912
2642,0.72,5,0.7391304347826084,0.8938740449487917,0,5,3460,581,0.727,0.744
2643,0.71,2,0.6956521739130432,1.0,0,3,1847,2351,0.913,0.974
2644,0.72,8,0.7391304347826084,0.8317943408906159,0,8,4189,1538,0.304,0.492
2645,0.73,2,0.7826086956521737,1.0,1,1,2024,3132,0.605,0.848
2646,0.74,9,0.8260869565217389,0.815662867428022,0,6,1131,847,0.116,0.231
2647,0.66,3,0.47826086956521735,0.9559537490069676,0,9,2658,3862,0.793,0.618
2648,0.72,11,0.7391304347826084,0.7877480898975835,0,11,2717,453,0.085,0.099
2649,0.69,3,0.6086956521739126,0.9559537490069676,0,6,1152,4879,0.762,0.74
2650,0.71,8,0.6956521739130432,0.8317943408906159,0,9,4811,1809,0.102,0.647
2651,0.66,4,0.47826086956521735,0.9217888224792302,0,10,1402,3487,0.81,0.006
2652,0.7,6,0.6521739130434779,0.8702724368383106,0,8,3682,2477,0.361,0.071
2653,0.66,3,0.47826086956521735,0.9559537490069676,0,9,265,2816,0.542,0.708
2654,0.72,18,0.7391304347826084,0.7173902947568793,0,18,1639,531,0.049,0.34
2655,0.73,3,0.7826086956521737,0.9559537490069676,0,2,4415,4801,0.854,0.946
2656,0.6,4,0.2173913043478258,0.9217888224792302,0,16,4279,894,0.671,0.821
2657,0.7,6,0.6521739130434779,0.8702724368383106,0,8,1026,1410,0.983,0.583
2658,0.71,6,0.6956521739130432,0.8702724368383106,0,7,2531,697,0.391,0.251
2659,0.67,3,0.5217391304347826,0.9559537490069676,0,8,946,4010,0.708,0.893
2660,0.66,5,0.47826086956521735,0.8938740449487917,0,11,4374,3294,0.896,0.64
2661,0.71,8,0.6956521739130432,0.8317943408906159,0,9,4510,2200,0.58,0.515
2662,0.69,5,0.6086956521739126,0.8938740449487917,0,8,1701,3092,0.262,0.154
2663,0.66,3,0.47826086956521735,0.9559537490069676,0,9,185,416,0.767,0.768
2664,0.71,7,0.6956521739130432,0.8498277939557592,0,8,3376,1621,0.819,0.218
2665,0.72,8,0.7391304347826084,0.8317943408906159,0,8,1316,1077,0.507,0.44
2666,0.72,4,0.7391304347826084,0.9217888224792302,0,4,1187,205,0.815,0.99
2667,0.68,3,0.5652173913043479,0.9559537490069676,0,7,2761,4466,0.026,0.349
2668,0.67,3,0.5217391304347826,0.9559537490069676,0,8,2753,1267,0.522,0.936
2669,0.7,5,0.6521739130434779,0.8938740449487917,0,7,1192,3404,0.325,0.295
2670,0.72,8,0.7391304347826084,0.8317943408906159,0,8,1943,727,0.834,0.659
2671,0.73,32,0.7826086956521737,0.6328645155377695,0,31,4601,388,0.446,0.174
2672,0.7,4,0.6521739130434779,0.9217888224792302,0,6,1767,4946,0.643,0.535
2673,0.64,4,0.39130434782608686,0.9217888224792302,0,12,3555,2986,0.955,0.812
2674,0.73,9,0.7826086956521737,0.815662867428022,0,8,3158,968,0.218,0.594
2675,0.68,4,0.5652173913043479,0.9217888224792302,0,8,1529,1649,0.405,0.871
2676,0.71,8,0.6956521739130432,0.8317943408906159,0,9,3883,1925,0.75,0.358
2677,0.71,5,0.6956521739130432,0.8938740449487917,0,6,2328,2743,0.089,0.995
2678,0.74,36,0.8260869565217389,0.6153474453872805,0,30,808,145,0.563,0.112
2679,0.74,19,0.8260869565217389,0.7095369123768137,0,14,2837,305,0.93,0.399
2680,0.66,3,0.47826086956521735,0.9559537490069676,0,9,642,4404,0.223,0.76
2681,0.68,4,0.5652173913043479,0.9217888224792302,0,8,2475,2080,0.743,0.13
2682,0.74,17,0.8260869565217389,0.7256683858394077,0,12,1368,435,0.299,0.718
2683,0.71,5,0.6956521739130432,0.8938740449487917,0,6,4843,4861,0.602,0.077
2684,0.73,18,0.7826086956521737,0.7173902947568793,0,17,4043,642,0.918,0.202
2685,0.7,6,0.6521739130434779,0.8702724368383106,0,8,653,1352,0.73,0.455
2686,0.68,4,0.5652173913043479,0.9217888224792302,0,8,2823,3357,0.428,0.816
2687,0.69,5,0.6086956521739126,0.8938740449487917,0,8,2316,785,0.583,0.289
2688,0.73,24,0.7826086956521737,0.6753719858490763,0,23,4970,602,0.2,0.801
2689,0.68,4,0.5652173913043479,0.9217888224792302,0,8,1553,4691,0.891,0.413
2690,0.67,3,0.5217391304347826,0.9559537490069676,0,8,352,2406,0.387,0.54
2691,0.7,4,0.6521739130434779,0.9217888224792302,0,6,3127,2926,0.705,0.183
2692,0.71,9,0.6956521739130432,0.815662867428022,0,10,3521,1184,0.466,0.473
2693,0.7,3,0.6521739130434779,0.9559537490069676,0,5,111,4111,0.632,0.865
2694,0.71,7,0.6956521739130432,0.8498277939557592,0,8,1794,1748,0.154,0.243
2695,0.71,5,0.6956521739130432,0.8938740449487917,0,6,4575,3586,0.944,0.604
2696,0.7,5,0.6521739130434779,0.8938740449487917,0,7,4125,2180,0.503,0.729
2697,0.7,6,0.6521739130434779,0.8702724368383106,0,8,1930,2529,0.337,0.119
2698,0.73,9,0.7826086956521737,0.815662867428022,0,8,560,476,0.518,0.149
2699,0.7,4,0.6521739130434779,0.9217888224792302,0,6,3388,4819,0.321,0.506
2700,0.7,4,0.6521739130434779,0.9217888224792302,0,6,3617,1874,0.566,0.837
2701,0.7,3,0.6521739130434779,0.9559537490069676,0,5,172,3459,0.28,0.446
2702,0.71,9,0.6956521739130432,0.815662867428022,0,10,1694,1133,0.754,0.568
2703,0.73,53,0.7826086956521737,0.5574627267300236,0,48,4342,252,0.401,0.083
2704,0.64,3,0.39130434782608686,0.9559537490069676,0,11,2181,4415,0.687,0.693
2705,0.7,5,0.6521739130434779,0.8938740449487917,0,7,974,2052,0.214,0.321
2706,0.72,2,0.7391304347826084,1.0,0,2,2505,2655,0.874,0.962
2707,0.73,78,0.7826086956521737,0.4992109067756688,0,59,2595,50,0.682,0.528
2708,0.7,4,0.6521739130434779,0.9217888224792302,0,6,1041,4618,0.469,0.14
2709,0.63,3,0.3478260869565216,0.9559537490069676,0,12,2096,2020,0.994,0.75
2710,0.72,10,0.7391304347826084,0.8010701746471536,0,10,4448,1593,0.349,0.268
2711,0.64,4,0.39130434782608686,0.9217888224792302,0,12,1609,3738,0.561,0.874
2712,0.72,4,0.7391304347826084,0.9217888224792302,0,4,3707,4269,0.873,0.652
2713,0.7,6,0.6521739130434779,0.8702724368383106,0,8,3313,2263,0.112,0.94
2714,0.69,3,0.6086956521739126,0.9559537490069676,0,6,4666,995,0.747,0.918
2715,0.73,4,0.7826086956521737,0.9217888224792302,0,3,1860,4299,0.414,0.312
2716,0.7,4,0.6521739130434779,0.9217888224792302,0,6,3451,3633,0.227,0.035
2717,0.73,25,0.7826086956521737,0.6693670048610284,0,24,3222,325,0.979,0.372
2718,0.7,3,0.6521739130434779,0.9559537490069676,0,5,413,4967,0.174,0.982
2719,0.72,6,0.7391304347826084,0.8702724368383106,0,6,1473,2291,0.667,0.096
2720,0.69,5,0.6086956521739126,0.8938740449487917,0,8,4894,3041,0.486,0.737
2721,0.72,9,0.7391304347826084,0.815662867428022,0,9,3821,1322,0.053,0.613
2722,0.69,3,0.6086956521739126,0.9559537490069676,0,6,2236,3385,0.858,0.221
2723,0.72,4,0.7391304347826084,0.9217888224792302,0,4,861,748,0.365,0.858
2724,0.67,4,0.5217391304347826,0.9217888224792302,0,9,3084,3919,0.546,0.497
2725,0.72,7,0.7391304347826084,0.8498277939557592,0,7,2899,913,0.138,0.63
2726,0.7,4,0.6521739130434779,0.9217888224792302,0,6,734,3757,0.959,0.024
2727,0.7,3,0.6521739130434779,0.9559537490069676,0,5,2422,1473,0.45,0.899
2728,0.72,7,0.7391304347826084,0.8498277939557592,0,7,4747,2456,0.83,0.386
2729,0.7,5,0.6521739130434779,0.8938740449487917,0,7,1307,2879,0.01,0.775
2730,0.7,6,0.6521739130434779,0.8702724368383106,0,8,3761,2837,0.827,0.108
2731,0.72,10,0.7391304347826084,0.8010701746471536,0,10,4875,1431,0.636,0.233
2732,0.7,4,0.6521739130434779,0.9217888224792302,0,6,1416,3279,0.455,0.621
2733,0.71,5,0.6956521739130432,0.8938740449487917,0,6,430,876,0.948,0.487
2734,0.7,4,0.6521739130434779,0.9217888224792302,0,6,3280,3793,0.143,0.843
2735,0.71,6,0.6956521739130432,0.8702724368383106,0,7,3511,2099,0.903,0.562
2736,0.73,2,0.7826086956521737,1.0,1,1,46,2609,0.195,0.17
2737,0.7,11,0.6521739130434779,0.7877480898975835,0,13,1801,284,0.716,0.785
2738,0.69,4,0.6086956521739126,0.9217888224792302,0,7,4644,4383,0.382,0.424
2739,0.71,11,0.6956521739130432,0.7877480898975835,0,12,4157,1102,0.067,0.299
2740,0.73,3,0.7826086956521737,0.9559537490069676,0,2,1978,4190,0.774,0.909
2741,0.72,5,0.7391304347826084,0.8938740449487917,0,5,1158,1827,0.254,0.045
2742,0.68,4,0.5652173913043479,0.9217888224792302,0,8,2709,3505,0.587,0.687
2743,0.7,4,0.6521739130434779,0.9217888224792302,0,6,1101,2795,0.619,0.548
2744,0.73,185,0.7826086956521737,0.36810522999781237,0,79,1995,80,0.098,0.437
2745,0.71,4,0.6956521739130432,0.9217888224792302,0,5,4215,4589,0.806,0.793
2746,0.72,4,0.7391304347826084,0.9217888224792302,0,4,3331,3150,0.758,0.468
2747,0.65,3,0.4347826086956521,0.9559537490069676,0,10,297,4512,0.842,0.519
2748,0.68,4,0.5652173913043479,0.9217888224792302,0,8,4388,2561,0.529,0.764
2749,0.67,3,0.5217391304347826,0.9559537490069676,0,8,4253,1779,0.962,0.889
2750,0.69,2,0.6086956521739126,1.0,0,5,2039,3554,0.126,0.279
2751,0.7,4,0.6521739130434779,0.9217888224792302,0,6,1058,1231,0.65,0.643
2752,0.68,4,0.5652173913043479,0.9217888224792302,0,8,4323,4345,0.719,0.571
2753,0.74,78,0.8260869565217389,0.4992109067756688,0,48,4459,127,0.785,0.696
2754,0.7,4,0.6521739130434779,0.9217888224792302,0,6,1674,4543,0.124,0.09
2755,0.69,3,0.6086956521739126,0.9559537490069676,0,6,232,1946,0.598,0.957
2756,0.73,14,0.7826086956521737,0.7535831633698462,0,13,3407,706,0.549,0.025
2757,0.7,8,0.6521739130434779,0.8317943408906159,0,10,1289,1286,0.861,0.255
2758,0.66,6,0.47826086956521735,0.8702724368383106,0,12,4690,3422,0.04,0.897
2759,0.71,3,0.6956521739130432,0.9559537490069676,0,4,2362,3004,0.678,0.38
2760,0.74,13,0.8260869565217389,0.7641464817871022,0,10,754,367,0.169,0.51
2761,0.71,7,0.6956521739130432,0.8498277939557592,0,8,4554,1973,0.186,0.118
2762,0.75,46,0.8695652173913042,0.5787196123083007,0,4,131,18,0.498,0.356
2763,0.71,2,0.6956521739130432,1.0,0,3,3582,4650,0.663,0.993
2764,0.73,5,0.7826086956521737,0.8938740449487917,0,4,3185,1394,0.417,0.662
2765,0.69,5,0.6086956521739126,0.8938740449487917,0,8,1497,679,0.231,0.931
2766,0.71,5,0.6956521739130432,0.8938740449487917,0,6,4951,3992,0.922,0.29
2767,0.74,26,0.8260869565217389,0.6635886817812319,0,21,3836,398,0.614,0.414
2768,0.66,3,0.47826086956521735,0.9559537490069676,0,9,2296,4898,0.297,0.806
2769,0.68,4,0.5652173913043479,0.9217888224792302,0,8,859,2222,0.802,0.176
2770,0.66,4,0.47826086956521735,0.9217888224792302,0,10,3010,3112,0.109,0.537
2771,0.69,4,0.6086956521739126,0.9217888224792302,0,7,2883,2369,0.699,0.343
2772,0.71,3,0.6956521739130432,0.9559537490069676,0,4,674,2962,0.398,0.949
2773,0.7,6,0.6521739130434779,0.8702724368383106,0,8,2423,561,0.887,0.066
2774,0.71,4,0.6956521739130432,0.9217888224792302,0,5,4022,4733,0.21,0.703
2775,0.72,16,0.7391304347826084,0.7344197613453665,0,16,4785,826,0.269,0.579
2776,0.68,4,0.5652173913043479,0.9217888224792302,0,8,1350,3842,0.571,0.191
2777,0.67,4,0.5217391304347826,0.9217888224792302,0,9,2873,2959,0.803,0.661
2778,0.71,5,0.6956521739130432,0.8938740449487917,0,6,3020,2216,0.395,0.465
2779,0.62,3,0.3043478260869563,0.9559537490069676,0,13,850,3117,0.702,0.826
2780,0.72,6,0.7391304347826084,0.8702724368383106,0,6,2286,401,0.208,0.188
2781,0.71,4,0.6956521739130432,0.9217888224792302,0,5,3847,4891,0.889,0.58
2782,0.72,8,0.7391304347826084,0.8317943408906159,0,8,4961,672,0.573,0.705
2783,0.7,4,0.6521739130434779,0.9217888224792302,0,6,1486,3995,0.267,0.064
2784,0.72,4,0.7391304347826084,0.9217888224792302,0,4,3194,3310,0.08,0.34
2785,0.75,2058,0.8695652173913042,0.0,0,6,3591,4,0.839,0.005
2786,0.71,7,0.6956521739130432,0.8498277939557592,0,8,1725,1990,0.528,0.282
2787,0.7,6,0.6521739130434779,0.8702724368383106,0,8,4077,1626,0.128,0.763
2788,0.7,5,0.6521739130434779,0.8938740449487917,0,7,1902,3708,0.96,0.406
2789,0.72,8,0.7391304347826084,0.8317943408906159,0,8,1235,1071,0.44,0.517
2790,0.72,3,0.7391304347826084,0.9559537490069676,0,3,2780,1056,0.847,0.868
2791,0.72,8,0.7391304347826084,0.8317943408906159,0,8,1912,1639,0.535,0.599
2792,0.7,5,0.6521739130434779,0.8938740449487917,0,7,4067,3692,0.369,0.242
2793,0.71,6,0.6956521739130432,0.8702724368383106,0,7,3647,1940,0.193,0.685
2794,0.71,3,0.6956521739130432,0.9559537490069676,0,4,222,2767,0.905,0.047
2795,0.74,51,0.8260869565217389,0.5632410498098201,0,39,1663,131,0.38,0.907
2796,0.69,4,0.6086956521739126,0.9217888224792302,0,7,4469,4537,0.718,0.301
2797,0.73,13,0.7826086956521737,0.7641464817871022,0,12,4334,943,0.776,0.425
2798,0.66,3,0.47826086956521735,0.9559537490069676,0,9,2114,4350,0.064,0.782
2799,0.7,3,0.6521739130434779,0.9559537490069676,0,5,2572,3658,0.252,0.56
2800,0.66,3,0.47826086956521735,0.9559537490069676,0,9,1068,4078,0.845,0.353
2801,0.72,8,0.7391304347826084,0.8317943408906159,0,8,4379,2133,0.973,0.24
2802,0.74,12,0.8260869565217389,0.7754929599122368,0,9,308,171,0.662,0.478
2803,0.72,7,0.7391304347826084,0.8498277939557592,0,7,3321,1553,0.737,0.536
2804,0.64,3,0.39130434782608686,0.9559537490069676,0,11,546,3157,0.415,0.179
2805,0.7,3,0.6521739130434779,0.9559537490069676,0,5,1359,832,0.924,0.805
2806,0.71,5,0.6956521739130432,0.8938740449487917,0,6,4776,3838,0.228,0.417
2807,0.74,25,0.8260869565217389,0.6693670048610284,0,20,4013,556,0.294,0.292
2808,0.7,3,0.6521739130434779,0.9559537490069676,0,5,2432,4738,0.616,0.929
2809,0.69,5,0.6086956521739126,0.8938740449487917,0,8,4148,4187,0.431,0.699
2810,0.73,53,0.7826086956521737,0.5574627267300236,0,48,4635,281,0.123,0.574
2811,0.7,4,0.6521739130434779,0.9217888224792302,0,6,1810,4390,0.787,0.213
2812,0.71,6,0.6956521739130432,0.8702724368383106,0,7,3501,2604,0.6,0.443
2813,0.72,9,0.7391304347826084,0.815662867428022,0,9,3270,861,0.354,0.151
2814,0.7,3,0.6521739130434779,0.9559537490069676,0,5,441,3807,0.547,0.508
2815,0.7,7,0.6521739130434779,0.8498277939557592,0,9,1426,1444,0.042,0.381
2816,0.67,4,0.5217391304347826,0.9217888224792302,0,9,4866,3262,0.859,0.769
2817,0.65,3,0.4347826086956521,0.9559537490069676,0,10,2225,2850,0.483,0.257
2818,0.71,10,0.6956521739130432,0.8010701746471536,0,11,930,526,0.987,0.633
2819,0.69,4,0.6086956521739126,0.9217888224792302,0,7,2968,354,0.514,0.846
2820,0.71,3,0.6956521739130432,0.9559537490069676,0,4,745,4942,0.336,0.485
2821,0.69,4,0.6086956521739126,0.9217888224792302,0,7,2352,2343,0.825,0.623
2822,0.7,10,0.6521739130434779,0.8010701746471536,0,12,4700,1272,0.457,0.107
2823,0.7,3,0.6521739130434779,0.9559537490069676,0,5,1279,3437,0.634,0.748
2824,0.71,6,0.6956521739130432,0.8702724368383106,0,7,607,723,0.145,0.361
2825,0.7,6,0.6521739130434779,0.8702724368383106,0,8,3957,1476,0.856,0.736
2826,0.69,3,0.6086956521739126,0.9559537490069676,0,6,2412,3231,0.055,0.098
2827,0.71,2,0.6956521739130432,1.0,0,3,723,907,0.544,0.981
2828,0.72,10,0.7391304347826084,0.8010701746471536,0,10,3075,755,0.957,0.507
2829,0.67,5,0.5217391304347826,0.8938740449487917,0,10,3811,3390,0.452,0.384
2830,0.67,7,0.5217391304347826,0.8498277939557592,0,12,4884,2297,0.011,0.259
2831,0.67,3,0.5217391304347826,0.9559537490069676,0,8,1483,3037,0.828,0.901
2832,0.74,9,0.8260869565217389,0.815662867428022,0,6,422,322,0.323,0.022
2833,0.7,3,0.6521739130434779,0.9559537490069676,0,5,3213,4974,0.516,0.632
2834,0.7,3,0.6521739130434779,0.9559537490069676,0,5,3441,1714,0.278,0.961
2835,0.71,2,0.6956521739130432,1.0,0,3,35,3617,0.569,0.323
2836,0.73,13,0.7826086956521737,0.7641464817871022,0,12,1871,980,0.091,0.692
2837,0.74,124,0.8260869565217389,0.4289551492189224,0,54,4205,94,0.689,0.21
2838,0.71,2,0.6956521739130432,1.0,0,3,2006,4574,0.399,0.567
2839,0.72,5,0.7391304347826084,0.8938740449487917,0,5,1110,1898,0.877,0.448
2840,0.73,11,0.7826086956521737,0.7877480898975835,0,10,1987,1108,0.721,0.088
2841,0.73,12,0.7826086956521737,0.7754929599122368,0,11,3698,1030,0.63,0.35
2842,0.71,2,0.6956521739130432,1.0,0,3,247,4265,0.468,0.987
2843,0.73,8,0.7826086956521737,0.8317943408906159,0,7,1619,1590,0.942,0.12
2844,0.7,5,0.6521739130434779,0.8938740449487917,0,7,4438,3745,0.156,0.726
2845,0.7,7,0.6521739130434779,0.8498277939557592,0,9,4261,2026,0.34,0.602
2846,0.71,2,0.6956521739130432,1.0,0,3,2106,2684,0.501,0.245
2847,0.7,4,0.6521739130434779,0.9217888224792302,0,6,2515,2067,0.62,0.033
2848,0.7,4,0.6521739130434779,0.9217888224792302,0,6,964,2641,0.284,0.674
2849,0.72,6,0.7391304347826084,0.8702724368383106,0,6,2172,240,0.808,0.309
2850,0.72,5,0.7391304347826084,0.8938740449487917,0,5,4528,1150,0.412,0.794
2851,0.7,4,0.6521739130434779,0.9217888224792302,0,6,1685,4146,0.749,0.434
2852,0.72,5,0.7391304347826084,0.8938740449487917,0,5,3627,3474,0.936,0.157
2853,0.73,17,0.7826086956521737,0.7256683858394077,0,16,3399,480,0.176,0.5
2854,0.61,2,0.2608695652173911,1.0,0,12,549,4814,0.977,0.856
2855,0.69,6,0.6086956521739126,0.8702724368383106,0,9,4757,2882,0.665,0.611
2856,0.68,4,0.5652173913043479,0.9217888224792302,0,8,1920,2174,0.16,0.877
2857,0.7,6,0.6521739130434779,0.8702724368383106,0,8,4134,2533,0.992,0.267
2858,0.74,8,0.8260869565217389,0.8317943408906159,0,5,4585,1752,0.559,0.391
2859,0.66,4,0.47826086956521735,0.9217888224792302,0,10,1785,3580,0.351,0.752
2860,0.71,3,0.6956521739130432,0.9559537490069676,0,4,3137,2422,0.791,0.813
2861,0.73,10,0.7826086956521737,0.8010701746471536,0,9,1544,588,0.604,0.591
2862,0.72,14,0.7391304347826084,0.7535831633698462,0,14,3906,800,0.239,0.078
2863,0.67,2,0.5217391304347826,1.0,0,7,2308,3869,0.919,0.716
2864,0.7,4,0.6521739130434779,0.9217888224792302,0,6,790,1506,0.426,0.332
2865,0.71,3,0.6956521739130432,0.9559537490069676,0,4,2999,3203,0.732,0.938
2866,0.72,5,0.7391304347826084,0.8938740449487917,0,5,2814,1366,0.077,0.182
2867,0.71,6,0.6956521739130432,0.8702724368383106,0,7,2493,626,0.264,0.412
2868,0.68,4,0.5652173913043479,0.9217888224792302,0,8,4033,4042,0.586,0.804
2869,0.68,3,0.5652173913043479,0.9559537490069676,0,7,4832,448,0.894,0.928
2870,0.68,4,0.5652173913043479,0.9217888224792302,0,8,488,2248,0.706,0.667
2871,0.68,4,0.5652173913043479,0.9217888224792302,0,8,3303,3085,0.385,0.057
2872,0.62,3,0.3043478260869563,0.9559537490069676,0,13,2464,2584,0.752,0.873
2873,0.73,14,0.7826086956521737,0.7535831633698462,0,13,632,299,0.274,0.235
2874,0.73,36,0.7826086956521737,0.6153474453872805,0,35,2973,151,0.221,0.276
2875,0.74,5,0.8260869565217389,0.8938740449487917,0,3,3873,2749,0.745,0.644
2876,0.71,8,0.6956521739130432,0.8317943408906159,0,9,4988,1655,0.811,0.52
2877,0.63,3,0.3478260869565216,0.9559537490069676,0,12,328,965,0.625,0.758
2878,0.67,4,0.5217391304347826,0.9217888224792302,0,9,3148,4370,0.287,0.401
2879,0.72,6,0.7391304347826084,0.8702724368383106,0,6,3544,2323,0.54,0.194
2880,0.69,3,0.6086956521739126,0.9559537490069676,0,6,91,2969,0.363,0.586
2881,0.73,31,0.7826086956521737,0.6375758838533427,0,30,1776,373,0.852,0.463
2882,0.73,3,0.7826086956521737,0.9559537490069676,0,2,4104,741,0.491,0.948
2883,0.7,5,0.6521739130434779,0.8938740449487917,0,7,1953,3966,0.669,0.338
2884,0.69,6,0.6086956521739126,0.8702724368383106,0,9,1203,1251,0.18,0.71
2885,0.7,3,0.6521739130434779,0.9559537490069676,0,5,2742,3417,0.981,0.069
2886,0.74,21,0.8260869565217389,0.6949442195959453,0,16,2771,208,0.472,0.655
2887,0.7,3,0.6521739130434779,0.9559537490069676,0,5,1176,4459,0.68,0.014
2888,0.7,2,0.6521739130434779,1.0,0,4,195,4912,0.728,0.228
2889,0.69,4,0.6086956521739126,0.9217888224792302,0,7,1710,2197,0.235,0.85
2890,0.73,5,0.7826086956521737,0.8938740449487917,0,4,4501,3099,0.915,0.49
2891,0.72,9,0.7391304347826084,0.815662867428022,0,9,4366,1380,0.608,0.365
2892,0.68,3,0.5652173913043479,0.9559537490069676,0,7,2160,3291,0.301,0.975
2893,0.73,9,0.7826086956521737,0.815662867428022,0,8,956,693,0.794,0.104
2894,0.71,3,0.6956521739130432,0.9559537490069676,0,4,2520,4015,0.114,0.745
2895,0.7,3,0.6521739130434779,0.9559537490069676,0,5,2080,881,0.016,0.532
2896,0.7,5,0.6521739130434779,0.8938740449487917,0,7,4290,3828,0.832,0.176
2897,0.72,24,0.7391304347826084,0.6753719858490763,0,24,4425,547,0.641,0.051
2898,0.69,4,0.6086956521739126,0.9217888224792302,0,7,1629,4788,0.448,0.657
2899,0.71,4,0.6956521739130432,0.9217888224792302,0,5,3691,2832,0.136,0.934
2900,0.7,4,0.6521739130434779,0.9217888224792302,0,6,3294,1127,0.88,0.721
2901,0.71,2,0.6956521739130432,1.0,0,3,1391,1803,0.693,0.998
2902,0.71,5,0.6956521739130432,0.8938740449487917,0,6,4822,3489,0.403,0.357
2903,0.72,6,0.7391304347826084,0.8702724368383106,0,6,4059,2083,0.087,0.481
2904,0.72,5,0.7391304347826084,0.8938740449487917,0,5,3238,1775,0.032,0.091
2905,0.69,3,0.6086956521739126,0.9559537490069676,0,6,395,3521,0.817,0.701
2906,0.73,7,0.7826086956521737,0.8498277939557592,0,6,1453,1235,0.343,0.313
2907,0.67,3,0.5217391304347826,0.9559537490069676,0,8,4917,4099,0.505,0.955
2908,0.74,20,0.8260869565217389,0.7020667777289264,0,15,3803,192,0.938,0.829
2909,0.71,3,0.6956521739130432,0.9559537490069676,0,4,2252,4516,0.152,0.438
2910,0.68,5,0.5652173913043479,0.8938740449487917,0,9,884,2115,0.626,0.576
2911,0.68,4,0.5652173913043479,0.9217888224792302,0,8,3064,2556,0.464,0.216
2912,0.71,3,0.6956521739130432,0.9559537490069676,0,4,2917,1969,0.867,0.91
2913,0.73,127,0.7826086956521737,0.42532397375092623,0,70,2398,23,0.555,0.68
2914,0.67,4,0.5217391304347826,0.9217888224792302,0,9,3968,4683,0.347,0.042
2915,0.71,12,0.6956521739130432,0.7754929599122368,0,13,4732,1089,0.164,0.168
2916,0.72,3,0.7391304347826084,0.9559537490069676,0,3,1325,4242,0.996,0.555
2917,0.67,4,0.5217391304347826,0.9217888224792302,0,9,580,1605,0.475,0.429
2918,0.68,3,0.5652173913043479,0.9559537490069676,0,7,3365,3688,0.684,0.785
2919,0.73,21,0.7826086956521737,0.6949442195959453,0,20,3596,422,0.422,0.62
2920,0.65,3,0.4347826086956521,0.9559537490069676,0,10,454,2006,0.063,0.207
2921,0.73,4,0.7826086956521737,0.9217888224792302,0,3,3260,2663,0.849,0.564
2922,0.73,13,0.7826086956521737,0.7641464817871022,0,12,3487,647,0.104,0.779
2923,0.7,2,0.6521739130434779,1.0,0,4,67,4062,0.8,0.388
2924,0.72,9,0.7391304347826084,0.815662867428022,0,9,1819,1348,0.291,0.502
2925,0.7,5,0.6521739130434779,0.8938740449487917,0,7,4628,3323,0.612,0.142
2926,0.69,7,0.6086956521739126,0.8498277939557592,0,10,4178,2229,0.928,0.017
2927,0.7,5,0.6521739130434779,0.8938740449487917,0,7,1955,3067,0.232,0.628
2928,0.73,15,0.7826086956521737,0.7437018389045511,0,14,1142,468,0.741,0.263
2929,0.68,3,0.5652173913043479,0.9559537490069676,0,7,2727,4866,0.419,0.904
2930,0.7,2,0.6521739130434779,1.0,0,4,2014,1532,0.897,0.157
2931,0.67,5,0.5217391304347826,0.8938740449487917,0,10,4200,3136,0.202,0.513
2932,0.71,6,0.6956521739130432,0.8702724368383106,0,7,4687,2355,0.26,0.638
2933,0.72,5,0.7391304347826084,0.8938740449487917,0,5,1837,2939,0.582,0.032
2934,0.67,3,0.5217391304347826,0.9559537490069676,0,8,10,575,0.073,0.892
2935,0.7,3,0.6521739130434779,0.9559537490069676,0,5,3469,4757,0.769,0.254
2936,0.65,3,0.4347826086956521,0.9559537490069676,0,10,2140,2401,0.577,0.495
2937,0.7,4,0.6521739130434779,0.9217888224792302,0,6,4305,2892,0.271,0.851
2938,0.72,3,0.7391304347826084,0.9559537490069676,0,3,4482,1486,0.204,0.976
2939,0.71,5,0.6956521739130432,0.8938740449487917,0,6,1653,3182,0.885,0.369
2940,0.66,3,0.47826086956521735,0.9559537490069676,0,9,213,819,0.392,0.738
2941,0.66,5,0.47826086956521735,0.8938740449487917,0,11,3654,3887,0.698,0.1
2942,0.74,32,0.8260869565217389,0.6328645155377695,0,26,1266,229,0.132,0.038
2943,0.7,4,0.6521739130434779,0.9217888224792302,0,6,4710,4479,0.964,0.679
2944,0.71,10,0.6956521739130432,0.8010701746471536,0,11,3911,1198,0.524,0.554
2945,0.71,3,0.6956521739130432,0.9559537490069676,0,4,2381,4135,0.315,0.163
2946,0.7,4,0.6521739130434779,0.9217888224792302,0,6,775,1733,0.836,0.792
2947,0.69,5,0.6086956521739126,0.8938740449487917,0,8,3122,1569,0.658,0.688
2948,0.71,3,0.6956521739130432,0.9559537490069676,0,4,901,3725,0.496,0.082
2949,0.7,4,0.6521739130434779,0.9217888224792302,0,6,3784,4283,0.184,0.328
2950,0.74,180,0.8260869565217389,0.37227735160580255,0,59,4857,65,0.375,0.452
2951,0.66,4,0.47826086956521735,0.9217888224792302,0,10,1432,4642,0.537,0.84
2952,0.7,5,0.6521739130434779,0.8938740449487917,0,7,836,1169,0.189,0.396
2953,0.68,3,0.5652173913043479,0.9559537490069676,0,7,3031,4164,0.901,0.757
2954,0.71,6,0.6956521739130432,0.8702724368383106,0,7,2865,1001,0.306,0.126
2955,0.7,3,0.6521739130434779,0.9559537490069676,0,5,2447,1696,0.118,0.348
2956,0.65,3,0.4347826086956521,0.9559537490069676,0,10,4800,1879,0.725,0.86
2957,0.74,29,0.8260869565217389,0.6474572083186378,0,24,515,115,0.912,0.607
2958,0.72,10,0.7391304347826084,0.8010701746471536,0,10,3749,1297,0.984,0.406
2959,0.7,3,0.6521739130434779,0.9559537490069676,0,5,274,3370,0.167,0.798
2960,0.73,12,0.7826086956521737,0.7754929599122368,0,11,1572,773,0.672,0.184
2961,0.71,5,0.6956521739130432,0.8938740449487917,0,6,4406,3935,0.479,0.545
2962,0.73,33,0.7826086956521737,0.6282938062941583,0,32,4230,341,0.046,0.67
2963,0.69,2,0.6086956521739126,1.0,0,5,2059,4992,0.863,0.06
2964,0.72,3,0.7391304347826084,0.9559537490069676,0,3,1076,2276,0.358,0.923
2965,0.68,4,0.5652173913043479,0.9217888224792302,0,8,2637,3016,0.551,0.282
2966,0.71,7,0.6956521739130432,0.8498277939557592,0,8,2542,606,0.764,0.226
2967,0.7,3,0.6521739130434779,0.9559537490069676,0,5,1016,4725,0.084,0.613
2968,0.67,4,0.5217391304347826,0.9217888224792302,0,9,2803,2431,0.149,0.587
2969,0.72,4,0.7391304347826084,0.9217888224792302,0,4,1223,2863,0.95,0.199
2970,0.64,4,0.39130434782608686,0.9217888224792302,0,12,4083,4834,0.638,0.46
2971,0.73,13,0.7826086956521737,0.7641464817871022,0,12,4534,928,0.822,0.335
2972,0.67,3,0.5217391304347826,0.9559537490069676,0,8,147,1457,0.509,0.074
2973,0.7,5,0.6521739130434779,0.8938740449487917,0,7,3564,3213,0.332,0.711
2974,0.72,8,0.7391304347826084,0.8317943408906159,0,8,3169,258,0.593,0.881
2975,0.68,3,0.5652173913043479,0.9559537490069676,0,7,388,4450,0.255,0.271
2976,0.72,5,0.7391304347826084,0.8938740449487917,0,5,1518,2047,0.78,0.651
2977,0.71,8,0.6956521739130432,0.8317943408906159,0,9,4927,2621,0.069,0.01
2978,0.72,8,0.7391304347826084,0.8317943408906159,0,8,3854,1839,0.377,0.135
2979,0.72,3,0.7391304347826084,0.9559537490069676,0,3,2281,3453,0.714,0.527
2980,0.69,3,0.6086956521739126,0.9559537490069676,0,6,2671,4756,0.103,0.235
2981,0.68,3,0.5652173913043479,0.9559537490069676,0,7,66,451,0.387,0.22
2982,0.68,3,0.5652173913043479,0.9559537490069676,0,7,450,3718,0.626,0.437
2983,0.65,4,0.4347826086956521,0.9217888224792302,0,11,2402,4255,0.133,0.957
2984,0.69,4,0.6086956521739126,0.9217888224792302,0,7,1454,4528,0.968,0.044
2985,0.68,3,0.5652173913043479,0.9559537490069676,0,7,394,2125,0.494,0.908
2986,0.69,5,0.6086956521739126,0.8938740449487917,0,8,4362,3094,0.205,0.025
2987,0.69,4,0.6086956521739126,0.9217888224792302,0,7,192,694,0.084,0.381
2988,0.68,4,0.5652173913043479,0.9217888224792302,0,8,3597,4013,0.764,0.772
2989,0.69,5,0.6086956521739126,0.8938740449487917,0,8,4728,4673,0.525,0.444
2990,0.68,4,0.5652173913043479,0.9217888224792302,0,8,2843,1120,0.248,0.764
2991,0.69,3,0.6086956521739126,0.9559537490069676,0,6,633,4214,0.913,0.403
2992,0.68,4,0.5652173913043479,0.9217888224792302,0,8,2463,1812,0.435,0.518
2993,0.65,5,0.4347826086956521,0.8938740449487917,0,12,4063,3484,0.725,0.126
2994,0.68,3,0.5652173913043479,0.9559537490069676,0,7,258,3260,0.36,0.067
2995,0.67,5,0.5217391304347826,0.8938740449487917,0,10,4429,3809,0.047,0.344
2996,0.69,5,0.6086956521739126,0.8938740449487917,0,8,2741,2307,0.33,0.291
2997,0.68,4,0.5652173913043479,0.9217888224792302,0,8,2494,4864,0.924,0.198
2998,0.69,3,0.6086956521739126,0.9559537490069676,0,6,661,2265,0.415,0.819
2999,0.67,4,0.5217391304347826,0.9217888224792302,0,9,788,2928,0.76,0.063
3000,0.67,5,0.5217391304347826,0.8938740449487917,0,10,3139,3184,0.396,0.544
3001,0.66,3,0.47826086956521735,0.9559537490069676,0,9,2171,4156,0.38,0.079
3002,0.68,2,0.5652173913043479,1.0,0,6,2109,1595,0.186,0.397
3003,0.69,5,0.6086956521739126,0.8938740449487917,0,8,4260,3736,0.972,0.754
3004,0.68,3,0.5652173913043479,0.9559537490069676,0,7,2242,3038,0.044,0.616
3005,0.68,4,0.5652173913043479,0.9217888224792302,0,8,1296,3235,0.824,0.39
3006,0.68,5,0.5652173913043479,0.8938740449487917,0,9,2677,1705,0.6,0.552
3007,0.69,3,0.6086956521739126,0.9559537490069676,0,6,1112,3630,0.31,0.164
3008,0.69,5,0.6086956521739126,0.8938740449487917,0,8,4208,4301,0.123,0.433
3009,0.69,2,0.6086956521739126,1.0,0,5,39,1912,0.244,0.039
3010,0.66,4,0.47826086956521735,0.9217888224792302,0,10,3210,750,0.172,0.979
3011,0.68,3,0.5652173913043479,0.9559537490069676,0,7,423,3917,0.989,0.369
3012,0.67,4,0.5217391304347826,0.9217888224792302,0,9,1462,4084,0.161,0.682
3013,0.69,2,0.6086956521739126,1.0,0,5,19,4754,0.424,0.106
3014,0.68,5,0.5652173913043479,0.8938740449487917,0,9,4676,2944,0.237,0.367
3015,0.69,4,0.6086956521739126,0.9217888224792302,0,7,3606,4916,0.075,0.377
3016,0.64,3,0.39130434782608686,0.9559537490069676,0,11,570,3674,0.029,0.575
3017,0.66,3,0.47826086956521735,0.9559537490069676,0,9,2389,4670,0.94,0.316
3018,0.69,4,0.6086956521739126,0.9217888224792302,0,7,707,1955,0.462,0.699
3019,0.68,4,0.5652173913043479,0.9217888224792302,0,8,2928,2714,0.628,0.093
3020,0.68,4,0.5652173913043479,0.9217888224792302,0,8,3792,4530,0.557,0.165
3021,0.63,3,0.3478260869565216,0.9559537490069676,0,12,504,1123,0.289,0.885
3022,0.68,4,0.5652173913043479,0.9217888224792302,0,8,3285,4211,0.622,0.275
3023,0.69,3,0.6086956521739126,0.9559537490069676,0,6,2090,3812,0.49,0.464
3024,0.68,3,0.5652173913043479,0.9559537490069676,0,7,2606,3258,0.178,0.195
3025,0.68,3,0.5652173913043479,0.9559537490069676,0,7,2151,1373,0.203,0.029
3026,0.64,3,0.39130434782608686,0.9559537490069676,0,11,80,2310,0.134,0.42
3027,0.67,3,0.5217391304347826,0.9559537490069676,0,8,318,4363,0.878,0.237
3028,0.69,5,0.6086956521739126,0.8938740449487917,0,8,4997,3644,0.691,0.483
3029,0.67,3,0.5217391304347826,0.9559537490069676,0,8,2983,4561,0.276,0.718
3030,0.68,6,0.5652173913043479,0.8702724368383106,0,10,4048,2591,0.41,0.522
3031,0.68,5,0.5652173913043479,0.8938740449487917,0,9,4114,3982,0.013,0.049
3032,0.67,3,0.5217391304347826,0.9559537490069676,0,8,238,1024,0.037,0.015
3033,0.66,3,0.47826086956521735,0.9559537490069676,0,9,478,3071,0.789,0.33
3034,0.67,4,0.5217391304347826,0.9217888224792302,0,9,2482,4029,0.241,0.593
3035,0.69,6,0.6086956521739126,0.8702724368383106,0,9,2989,1519,0.771,0.059
3036,0.68,4,0.5652173913043479,0.9217888224792302,0,8,799,3187,0.079,0.665
3037,0.65,4,0.4347826086956521,0.9217888224792302,0,11,3897,3883,0.266,0.926
3038,0.69,5,0.6086956521739126,0.8938740449487917,0,8,4519,4159,0.093,0.208
3039,0.69,6,0.6086956521739126,0.8702724368383106,0,9,4271,2686,0.158,0.393
3040,0.67,3,0.5217391304347826,0.9559537490069676,0,8,26,1702,0.935,0.672
3041,0.67,5,0.5217391304347826,0.8938740449487917,0,10,3948,3237,0.647,0.262
3042,0.67,4,0.5217391304347826,0.9217888224792302,0,9,2690,1914,0.285,0.16
3043,0.69,6,0.6086956521739126,0.8702724368383106,0,9,3638,2764,0.312,0.32
3044,0.67,3,0.5217391304347826,0.9559537490069676,0,8,616,3961,0.352,0.635
3045,0.66,5,0.47826086956521735,0.8938740449487917,0,11,3927,2328,0.481,0.772
3046,0.66,3,0.47826086956521735,0.9559537490069676,0,9,2959,4925,0.99,0.15
3047,0.68,4,0.5652173913043479,0.9217888224792302,0,8,3106,512,0.334,0.968
3048,0.67,3,0.5217391304347826,0.9559537490069676,0,8,920,4782,0.515,0.362
3049,0.66,3,0.47826086956521735,0.9559537490069676,0,9,2216,2498,0.022,0.746
3050,0.67,4,0.5217391304347826,0.9217888224792302,0,9,536,1556,0.082,0.824
3051,0.69,6,0.6086956521739126,0.8702724368383106,0,9,1588,2148,0.317,0.404
3052,0.66,3,0.47826086956521735,0.9559537490069676,0,9,2653,4065,0.438,0.002
3053,0.66,3,0.47826086956521735,0.9559537490069676,0,9,2562,1670,0.245,0.444
3054,0.66,3,0.47826086956521735,0.9559537490069676,0,9,992,3665,0.906,0.832
3055,0.68,3,0.5652173913043479,0.9559537490069676,0,7,2124,949,0.432,0.215
3056,0.67,4,0.5217391304347826,0.9217888224792302,0,9,1735,2733,0.976,0.724
3057,0.67,3,0.5217391304347826,0.9559537490069676,0,8,370,3315,0.735,0.052
3058,0.63,3,0.3478260869565216,0.9559537490069676,0,12,360,1398,0.76,0.951
3059,0.67,2,0.5217391304347826,1.0,0,7,122,4665,0.007,0.642
3060,0.69,3,0.6086956521739126,0.9559537490069676,0,6,4564,2720,0.319,0.888
3061,0.68,3,0.5652173913043479,0.9559537490069676,0,7,2789,4223,0.648,0.129
3062,0.67,4,0.5217391304347826,0.9217888224792302,0,9,1243,4237,0.057,0.48
3063,0.69,5,0.6086956521739126,0.8938740449487917,0,8,4243,3539,0.533,0.115
3064,0.69,5,0.6086956521739126,0.8938740449487917,0,8,1598,2575,0.188,0.601
3065,0.67,3,0.5217391304347826,0.9559537490069676,0,8,3718,4496,0.5,0.87
3066,0.67,4,0.5217391304347826,0.9217888224792302,0,9,684,2376,0.108,0.054
3067,0.69,6,0.6086956521739126,0.8702724368383106,0,9,3937,2991,0.024,0.232
3068,0.64,2,0.39130434782608686,1.0,0,10,3416,3948,0.946,0.971
3069,0.69,6,0.6086956521739126,0.8702724368383106,0,9,983,1673,0.589,0.172
3070,0.66,6,0.47826086956521735,0.8702724368383106,0,12,2642,1214,0.059,0.994
3071,0.66,3,0.47826086956521735,0.9559537490069676,0,9,2048,1794,0.371,0.725
3072,0.66,3,0.47826086956521735,0.9559537490069676,0,9,56,2104,0.31,0.835
3073,0.63,3,0.3478260869565216,0.9559537490069676,0,12,3751,2481,0.676,0.894
3074,0.68,3,0.5652173913043479,0.9559537490069676,0,7,3095,4767,0.171,0.027
3075,0.69,4,0.6086956521739126,0.9217888224792302,0,7,4655,4313,0.755,0.085
3076,0.69,4,0.6086956521739126,0.9217888224792302,0,7,2681,2808,0.212,0.836
3077,0.69,5,0.6086956521739126,0.8938740449487917,0,8,2699,1823,0.908,0.318
3078,0.69,4,0.6086956521739126,0.9217888224792302,0,7,1168,3510,0.243,0.96
3079,0.63,4,0.3478260869565216,0.9217888224792302,0,13,4351,4431,0.096,0.919
3080,0.69,2,0.6086956521739126,1.0,0,5,162,1860,0.225,0.549
3081,0.68,5,0.5652173913043479,0.8938740449487917,0,9,1298,2449,0.488,0.223
3082,0.69,3,0.6086956521739126,0.9559537490069676,0,6,2909,3761,0.367,0.375
3083,0.66,3,0.47826086956521735,0.9559537490069676,0,9,870,3916,0.14,0.147
3084,0.66,3,0.47826086956521735,0.9559537490069676,0,9,2246,1318,0.645,0.776
3085,0.68,4,0.5652173913043479,0.9217888224792302,0,8,1379,4844,0.198,0.287
3086,0.65,3,0.4347826086956521,0.9559537490069676,0,10,2586,4624,0.813,0.475
3087,0.68,2,0.5652173913043479,1.0,0,6,101,1178,0.871,0.138
3088,0.68,4,0.5652173913043479,0.9217888224792302,0,8,3532,4114,0.039,0.53
3089,0.67,3,0.5217391304347826,0.9559537490069676,0,8,341,2913,0.11,0.456
3090,0.67,4,0.5217391304347826,0.9217888224792302,0,9,4979,4706,0.298,0.203
3091,0.65,3,0.4347826086956521,0.9559537490069676,0,10,663,3341,0.773,0.543
3092,0.68,3,0.5652173913043479,0.9559537490069676,0,7,2337,1921,0.408,0.007
3093,0.67,4,0.5217391304347826,0.9217888224792302,0,9,1537,3640,0.1,0.132
3094,0.69,4,0.6086956521739126,0.9217888224792302,0,7,4591,4960,0.051,0.823
3095,0.66,3,0.47826086956521735,0.9559537490069676,0,9,257,2463,0.953,0.297
3096,0.69,3,0.6086956521739126,0.9559537490069676,0,6,494,4205,0.216,0.111
3097,0.67,3,0.5217391304347826,0.9559537490069676,0,8,2847,4408,0.564,0.596
3098,0.66,2,0.47826086956521735,1.0,0,8,818,4558,0.933,0.882
3099,0.67,3,0.5217391304347826,0.9559537490069676,0,8,2615,1425,0.327,0.809
3100,0.69,4,0.6086956521739126,0.9217888224792302,0,7,1017,3244,0.52,0.421
3101,0.69,4,0.6086956521739126,0.9217888224792302,0,7,718,2699,0.035,0.304
3102,0.65,2,0.4347826086956521,1.0,0,9,2195,1048,0.97,0.965
3103,0.69,7,0.6086956521739126,0.8498277939557592,0,10,2667,851,0.71,0.379
3104,0.68,3,0.5652173913043479,0.9559537490069676,0,7,1122,3856,0.389,0.767
3105,0.69,6,0.6086956521739126,0.8702724368383106,0,9,3426,2156,0.444,0.307
3106,0.65,3,0.4347826086956521,0.9559537490069676,0,10,600,2515,0.652,0.917
3107,0.67,4,0.5217391304347826,0.9217888224792302,0,9,2936,3562,0.003,0.432
3108,0.65,3,0.4347826086956521,0.9559537490069676,0,10,4001,3598,0.784,0.985
3109,0.69,5,0.6086956521739126,0.8938740449487917,0,8,1332,2790,0.434,0.472
3110,0.69,4,0.6086956521739126,0.9217888224792302,0,7,3354,4595,0.247,0.25
3111,0.69,6,0.6086956521739126,0.8702724368383106,0,9,1893,501,0.461,0.817
3112,0.68,6,0.5652173913043479,0.8702724368383106,0,10,1758,3782,0.02,0.941
3113,0.64,3,0.39130434782608686,0.9559537490069676,0,11,689,4334,0.596,0.732
3114,0.74,18,0.8260869565217389,0.7173902947568793,0,13,3036,324,0.584,0.657
3115,0.6,4,0.2173913043478258,0.9217888224792302,0,16,4613,4551,0.703,0.837
3116,0.71,2,0.6956521739130432,1.0,0,3,1,1107,0.716,0.876
3117,0.73,29,0.7826086956521737,0.6474572083186378,0,28,5000,421,0.153,0.554
3118,0.7,4,0.6521739130434779,0.9217888224792302,0,6,4117,5000,0.543,0.001
3119,0.74,4,0.8260869565217389,0.9217888224792302,0,2,3167,3431,0.999,0.333
3120,0.72,12,0.7391304347826084,0.7754929599122368,0,12,5000,1164,0.999,0.081
3121,0.74,11,0.8260869565217389,0.7877480898975835,0,8,5000,1424,0.805,0.342
3122,0.73,19,0.7826086956521737,0.7095369123768137,0,18,4700,719,0.445,0.323
3123,0.67,6,0.5217391304347826,0.8702724368383106,0,11,4547,2553,0.999,0.257
3124,0.7,6,0.6521739130434779,0.8702724368383106,0,8,718,1412,0.799,0.001
3125,0.65,6,0.4347826086956521,0.8702724368383106,0,13,3415,2296,0.307,0.222
3126,0.72,14,0.7391304347826084,0.7535831633698462,0,14,1543,705,0.453,0.3
3127,0.74,42,0.8260869565217389,0.5923381296559136,0,35,4976,312,0.444,0.356
3128,0.58,3,0.1304347826086953,0.9559537490069676,0,16,943,2884,0.722,0.887
3129,0.72,16,0.7391304347826084,0.7344197613453665,0,16,4189,705,0.177,0.503
3130,0.68,3,0.5652173913043479,0.9559537490069676,0,7,3201,1727,0.722,0.889
3131,0.68,3,0.5652173913043479,0.9559537490069676,0,7,5000,5000,0.731,0.902
3132,0.71,9,0.6956521739130432,0.815662867428022,0,10,4799,1621,0.608,0.204
3133,0.69,3,0.6086956521739126,0.9559537490069676,0,6,3044,3796,0.999,0.412
3134,0.69,5,0.6086956521739126,0.8938740449487917,0,8,5000,4357,0.999,0.339
3135,0.72,19,0.7391304347826084,0.7095369123768137,0,19,5000,674,0.162,0.502
3136,0.72,9,0.7391304347826084,0.815662867428022,0,9,4864,1633,0.999,0.415
3137,0.71,2,0.6956521739130432,1.0,0,3,21,1073,0.645,0.338
3138,0.71,2,0.6956521739130432,1.0,0,3,1,2841,0.728,0.988
3139,0.72,9,0.7391304347826084,0.815662867428022,0,9,5000,1665,0.999,0.169
3140,0.64,2,0.39130434782608686,1.0,0,10,23,4708,0.765,0.938
3141,0.72,15,0.7391304347826084,0.7437018389045511,0,15,5000,738,0.586,0.126
3142,0.72,4,0.7391304347826084,0.9217888224792302,0,4,4722,398,0.426,0.884
3143,0.72,8,0.7391304347826084,0.8317943408906159,0,8,965,794,0.596,0.106
3144,0.68,4,0.5652173913043479,0.9217888224792302,0,8,4997,4843,0.612,0.195
3145,0.67,3,0.5217391304347826,0.9559537490069676,0,8,5000,740,0.503,0.976
3146,0.66,3,0.47826086956521735,0.9559537490069676,0,9,1353,4572,0.204,0.501
3147,0.66,4,0.47826086956521735,0.9217888224792302,0,10,323,961,0.205,0.512
3148,0.68,2,0.5652173913043479,1.0,0,6,1,3948,0.214,0.5
3149,0.68,4,0.5652173913043479,0.9217888224792302,0,8,4348,5000,0.186,0.505
3150,0.63,2,0.3478260869565216,1.0,0,11,5,4465,0.724,0.838
