index,ACCURACY,RUNTIME,transformed_accuracy,transformed_runtime,is_pareto,pareto_layer,recent_samples_size,n_reference_samples,recent_samples_proportion,threshold
0,0.74,2,0.8,0.9294377357251006,0,2,3886,4809,0.274,0.792
1,0.75,3,1.0,0.8793730124787341,0,2,1711,1525,0.69,0.165
2,0.73,2,0.6,0.9294377357251006,0,3,4399,3206,0.877,0.504
3,0.72,2,0.4,0.9294377357251006,0,4,2798,887,0.216,0.814
4,0.72,1,0.4,1.0,0,3,593,2918,0.758,0.19
5,0.73,1,0.6,1.0,0,2,2135,1880,0.295,0.63
6,0.74,2,0.8,0.9294377357251006,0,2,4926,4229,0.742,0.258
7,0.74,3,0.8,0.8793730124787341,0,3,4785,2172,0.032,0.882
8,0.73,1,0.6,1.0,0,2,1985,4201,0.947,0.013
9,0.74,2,0.8,0.9294377357251006,0,2,441,668,0.483,0.577
10,0.72,1,0.4,1.0,0,3,2655,3010,0.558,0.451
11,0.72,61,0.4,0.40239022348906084,0,44,3553,61,0.8,0.359
12,0.73,1,0.6,1.0,0,2,714,3656,0.226,0.731
13,0.74,3,0.8,0.8793730124787341,0,3,4126,1192,0.635,0.656
14,0.74,2,0.8,0.9294377357251006,0,2,1297,2603,0.343,0.286
15,0.73,2,0.6,0.9294377357251006,0,3,2195,550,0.086,0.376
16,0.73,1,0.6,1.0,0,2,65,4552,0.613,0.942
17,0.74,2,0.8,0.9294377357251006,0,2,2855,1587,0.413,0.07
18,0.73,1,0.6,1.0,0,2,3696,3522,0.458,0.97
19,0.74,9,0.8,0.7199128086727454,0,9,866,244,0.501,0.097
20,0.73,2,0.6,0.9294377357251006,0,3,1861,4871,0.038,0.538
21,0.75,4,1.0,0.8405397961940113,0,3,4027,1278,0.984,0.411
22,0.74,2,0.8,0.9294377357251006,0,2,4296,2702,0.107,0.047
23,0.73,1,0.6,1.0,0,2,1456,985,0.929,0.918
24,0.74,1,0.8,1.0,1,1,1125,3893,0.403,0.478
25,0.73,2,0.6,0.9294377357251006,0,3,3301,2490,0.572,0.604
26,0.73,1,0.6,1.0,0,2,3129,3909,0.171,0.225
27,0.73,1,0.6,1.0,0,2,705,370,0.545,0.999
28,0.73,1,0.6,1.0,0,2,5000,368,0.999,0.999
29,0.73,1,0.6,1.0,0,2,31,3377,0.307,0.001
30,0.73,1,0.6,1.0,0,2,1,367,0.999,0.999
31,0.75,6,1.0,0.7819842203704589,0,5,904,380,0.605,0.404
32,0.74,2,0.8,0.9294377357251006,0,2,134,366,0.339,0.428
33,0.74,8,0.8,0.7382484839289353,0,8,1225,374,0.61,0.001
34,0.74,2,0.8,0.9294377357251006,0,2,2638,1619,0.644,0.288
35,0.74,6,0.8,0.7819842203704589,0,6,4951,856,0.974,0.215
36,0.73,1,0.6,1.0,0,2,1,366,0.2,0.001
37,0.73,1,0.6,1.0,0,2,400,4348,0.447,0.164
38,0.74,12,0.8,0.6742540918178637,0,12,4945,374,0.467,0.001
39,0.75,8,1.0,0.7382484839289353,0,7,5000,380,0.999,0.593
40,0.74,2,0.8,0.9294377357251006,0,2,1482,3377,0.002,0.001
41,0.73,1,0.6,1.0,0,2,1639,4064,0.424,0.794
42,0.74,2,0.8,0.9294377357251006,0,2,2462,757,0.261,0.001
43,0.74,3,0.8,0.8793730124787341,0,3,1975,2281,0.717,0.135
44,0.74,2,0.8,0.9294377357251006,0,2,2448,736,0.134,0.001
45,0.73,2,0.6,0.9294377357251006,0,3,3681,3879,0.999,0.001
46,0.74,3,0.8,0.8793730124787341,0,3,1109,1822,0.589,0.396
47,0.74,2,0.8,0.9294377357251006,0,2,3368,3180,0.36,0.001
48,0.73,2,0.6,0.9294377357251006,0,3,3549,3523,0.999,0.345
49,0.73,2,0.6,0.9294377357251006,0,3,1795,4800,0.685,0.104
50,0.73,2,0.6,0.9294377357251006,0,3,1933,3334,0.706,0.043
51,0.73,1,0.6,1.0,0,2,2243,3548,0.705,0.001
52,0.72,1,0.4,1.0,0,3,2539,4804,0.665,0.001
53,0.74,2,0.8,0.9294377357251006,0,2,4248,3681,0.001,0.001
54,0.73,1,0.6,1.0,0,2,4869,4997,0.993,0.022
55,0.73,1,0.6,1.0,0,2,3620,4711,0.571,0.001
56,0.74,2,0.8,0.9294377357251006,0,2,4530,3683,0.288,0.001
57,0.74,1,0.8,1.0,1,1,2245,4845,0.738,0.228
58,0.75,3,1.0,0.8793730124787341,0,2,2823,935,0.257,0.001
59,0.75,4,1.0,0.8405397961940113,0,3,5000,1232,0.067,0.746
60,0.74,2,0.8,0.9294377357251006,0,2,3938,2747,0.999,0.45
61,0.73,1,0.6,1.0,0,2,3924,5000,0.999,0.33
62,0.73,2,0.6,0.9294377357251006,0,3,3658,2795,0.967,0.001
63,0.73,2,0.6,0.9294377357251006,0,3,4259,4264,0.001,0.001
64,0.74,2,0.8,0.9294377357251006,0,2,4187,3464,0.415,0.001
65,0.73,1,0.6,1.0,0,2,4204,4698,0.999,0.001
66,0.74,7,0.8,0.7587460249574682,0,7,5000,774,0.05,0.781
67,0.73,1,0.6,1.0,0,2,3887,4054,0.999,0.366
68,0.73,1,0.6,1.0,0,2,3228,4273,0.999,0.074
69,0.74,2,0.8,0.9294377357251006,0,2,4355,4906,0.455,0.001
70,0.74,2,0.8,0.9294377357251006,0,2,5000,3418,0.208,0.033
71,0.73,1,0.6,1.0,0,2,2918,3574,0.999,0.022
72,0.74,3,0.8,0.8793730124787341,0,3,5000,1410,0.602,0.356
73,0.74,2,0.8,0.9294377357251006,0,2,2526,1185,0.004,0.277
74,0.75,4,1.0,0.8405397961940113,0,3,5000,1244,0.999,0.456
75,0.74,3,0.8,0.8793730124787341,0,3,5000,2686,0.001,0.374
76,0.73,1,0.6,1.0,0,2,1,1734,0.999,0.001
77,0.74,2,0.8,0.9294377357251006,0,2,2634,1207,0.111,0.208
78,0.74,4,0.8,0.8405397961940113,0,4,5000,1305,0.999,0.266
79,0.74,3,0.8,0.8793730124787341,0,3,5000,1664,0.999,0.471
80,0.74,4,0.8,0.8405397961940113,0,4,4110,1389,0.999,0.001
81,0.75,4,1.0,0.8405397961940113,0,3,5000,1351,0.44,0.212
82,0.73,2,0.6,0.9294377357251006,0,3,5000,5000,0.001,0.509
83,0.73,1,0.6,1.0,0,2,1,1894,0.058,0.001
84,0.73,2,0.6,0.9294377357251006,0,3,364,2201,0.001,0.001
85,0.72,1,0.4,1.0,0,3,165,5000,0.001,0.502
86,0.72,18,0.4,0.6082122883658645,0,20,2243,3014,0.001,0.999
87,0.73,2,0.6,0.9294377357251006,0,3,5000,4155,0.001,0.695
88,0.74,2,0.8,0.9294377357251006,0,2,3511,2087,0.001,0.001
89,0.73,1,0.6,1.0,0,2,1,844,0.999,0.001
90,0.75,3,1.0,0.8793730124787341,0,2,4019,1925,0.286,0.482
91,0.74,2,0.8,0.9294377357251006,0,2,4741,1165,0.999,0.743
92,0.73,1,0.6,1.0,0,2,1213,5000,0.999,0.417
93,0.73,2,0.6,0.9294377357251006,0,3,1005,3086,0.001,0.354
94,0.74,3,0.8,0.8793730124787341,0,3,4077,1840,0.999,0.39
95,0.73,1,0.6,1.0,0,2,4656,681,0.999,0.997
96,0.73,1,0.6,1.0,0,2,988,5000,0.001,0.305
97,0.74,3,0.8,0.8793730124787341,0,3,3905,2056,0.001,0.648
98,0.73,1,0.6,1.0,0,2,539,1635,0.999,0.689
99,0.73,1,0.6,1.0,0,2,932,4994,0.999,0.001
100,0.73,18,0.6,0.6082122883658645,0,19,3348,5000,0.001,0.999
101,0.73,1,0.6,1.0,0,2,1216,5000,0.999,0.001
102,0.74,2,0.8,0.9294377357251006,0,2,4822,1356,0.999,0.633
103,0.73,18,0.6,0.6082122883658645,0,19,1353,5000,0.001,0.999
104,0.73,1,0.6,1.0,0,2,365,3359,0.999,0.999
105,0.73,1,0.6,1.0,0,2,999,3305,0.999,0.001
106,0.73,9,0.6,0.7199128086727454,0,10,3386,4191,0.001,0.999
107,0.74,3,0.8,0.8793730124787341,0,3,4086,1908,0.999,0.603
108,0.73,2,0.6,0.9294377357251006,0,3,4638,730,0.999,0.723
109,0.73,1,0.6,1.0,0,2,1301,5000,0.001,0.512
110,0.73,1,0.6,1.0,0,2,890,4265,0.999,0.001
111,0.73,1,0.6,1.0,0,2,1413,4311,0.999,0.372
112,0.73,1,0.6,1.0,0,2,4669,4893,0.999,0.999
113,0.73,1,0.6,1.0,0,2,999,3163,0.999,0.372
114,0.75,4,1.0,0.8405397961940113,0,3,945,614,0.999,0.426
115,0.73,2,0.6,0.9294377357251006,0,3,856,470,0.958,0.695
116,0.73,1,0.6,1.0,0,2,4115,4860,0.999,0.725
117,0.74,3,0.8,0.8793730124787341,0,3,1561,1898,0.75,0.001
118,0.74,2,0.8,0.9294377357251006,0,2,1446,2006,0.999,0.001
119,0.75,3,1.0,0.8793730124787341,0,2,4310,2244,0.001,0.312
120,0.74,2,0.8,0.9294377357251006,0,2,4688,3025,0.001,0.226
121,0.74,2,0.8,0.9294377357251006,0,2,1486,2651,0.001,0.001
122,0.73,1,0.6,1.0,0,2,3059,4872,0.999,0.728
123,0.73,1,0.6,1.0,0,2,555,3746,0.999,0.999
124,0.73,2,0.6,0.9294377357251006,0,3,5000,3017,0.999,0.223
125,0.74,2,0.8,0.9294377357251006,0,2,5000,3755,0.001,0.487
126,0.74,2,0.8,0.9294377357251006,0,2,4372,3444,0.001,0.632
127,0.75,4,1.0,0.8405397961940113,0,3,1157,746,0.999,0.231
128,0.75,6,1.0,0.7819842203704589,0,5,1366,863,0.096,0.371
129,0.75,5,1.0,0.8088107482038347,0,4,1425,1168,0.999,0.344
130,0.73,2,0.6,0.9294377357251006,0,3,3994,4494,0.001,0.479
131,0.73,3,0.6,0.8793730124787341,0,4,3603,2625,0.001,0.306
132,0.73,2,0.6,0.9294377357251006,0,3,3575,5000,0.001,0.474
133,0.74,5,0.8,0.8088107482038347,0,5,1688,1203,0.999,0.463
134,0.74,2,0.8,0.9294377357251006,0,2,347,1121,0.999,0.346
135,0.74,2,0.8,0.9294377357251006,0,2,4105,4125,0.001,0.498
136,0.75,4,1.0,0.8405397961940113,0,3,1252,946,0.216,0.337
137,0.73,1,0.6,1.0,0,2,1,961,0.365,0.276
138,0.73,1,0.6,1.0,0,2,4459,3810,0.999,0.999
139,0.75,4,1.0,0.8405397961940113,0,3,1548,1148,0.999,0.226
140,0.75,3,1.0,0.8793730124787341,0,2,1057,1176,0.999,0.284
141,0.73,2,0.6,0.9294377357251006,0,3,4165,3898,0.587,0.722
142,0.73,1,0.6,1.0,0,2,1,2545,0.001,0.576
143,0.74,3,0.8,0.8793730124787341,0,3,3883,2749,0.001,0.423
144,0.74,3,0.8,0.8793730124787341,0,3,1940,1388,0.999,0.628
145,0.74,2,0.8,0.9294377357251006,0,2,5000,1832,0.332,0.664
146,0.73,1,0.6,1.0,0,2,3270,5000,0.525,0.493
147,0.74,2,0.8,0.9294377357251006,0,2,1519,2117,0.001,0.241
148,0.73,2,0.6,0.9294377357251006,0,3,4478,4795,0.335,0.694
149,0.73,1,0.6,1.0,0,2,1365,4369,0.999,0.688
150,0.74,3,0.8,0.8793730124787341,0,3,4712,2289,0.611,0.4
151,0.74,2,0.8,0.9294377357251006,0,2,4551,3666,0.001,0.25
152,0.74,3,0.8,0.8793730124787341,0,3,1871,2227,0.001,0.317
153,0.74,2,0.8,0.9294377357251006,0,2,1356,4349,0.001,0.465
154,0.73,2,0.6,0.9294377357251006,0,3,1578,4159,0.001,0.001
155,0.74,1,0.8,1.0,1,1,1970,4657,0.999,0.609
156,0.74,3,0.8,0.8793730124787341,0,3,4271,2410,0.577,0.213
157,0.75,3,1.0,0.8793730124787341,0,2,3693,1451,0.444,0.214
158,0.74,2,0.8,0.9294377357251006,0,2,3313,2010,0.999,0.001
159,0.73,1,0.6,1.0,0,2,4694,2533,0.743,0.674
160,0.74,2,0.8,0.9294377357251006,0,2,5000,2754,0.001,0.001
161,0.73,1,0.6,1.0,0,2,809,4342,0.803,0.662
162,0.73,1,0.6,1.0,0,2,4047,2839,0.999,0.815
163,0.72,1,0.4,1.0,0,3,2382,5000,0.999,0.458
164,0.73,1,0.6,1.0,0,2,127,533,0.999,0.624
165,0.73,2,0.6,0.9294377357251006,0,3,1723,3770,0.998,0.55
166,0.73,1,0.6,1.0,0,2,1,3752,0.37,0.999
167,0.74,2,0.8,0.9294377357251006,0,2,5000,3941,0.999,0.001
168,0.73,2,0.6,0.9294377357251006,0,3,188,575,0.999,0.351
169,0.74,2,0.8,0.9294377357251006,0,2,1233,1631,0.014,0.151
170,0.74,2,0.8,0.9294377357251006,0,2,5000,4465,0.001,0.154
171,0.74,1,0.8,1.0,1,1,5000,752,0.999,0.806
172,0.75,5,1.0,0.8088107482038347,0,4,1972,1019,0.447,0.211
173,0.73,1,0.6,1.0,0,2,1,5000,0.001,0.001
174,0.73,1,0.6,1.0,0,2,1,3634,0.886,0.743
175,0.74,2,0.8,0.9294377357251006,0,2,1844,2323,0.999,0.524
176,0.74,4,0.8,0.8405397961940113,0,4,2649,616,0.817,0.001
177,0.74,4,0.8,0.8405397961940113,0,4,2912,798,0.999,0.341
178,0.73,1,0.6,1.0,0,2,1,5000,0.999,0.999
179,0.75,4,1.0,0.8405397961940113,0,3,3065,670,0.999,0.001
180,0.74,3,0.8,0.8793730124787341,0,3,1343,1314,0.525,0.201
181,0.73,2,0.6,0.9294377357251006,0,3,1748,2908,0.999,0.204
182,0.74,13,0.8,0.661357232849193,0,13,4409,2579,0.001,0.999
183,0.74,3,0.8,0.8793730124787341,0,3,5000,2748,0.001,0.84
184,0.73,2,0.6,0.9294377357251006,0,3,1355,3682,0.001,0.199
185,0.74,2,0.8,0.9294377357251006,0,2,5000,2991,0.001,0.656
186,0.74,1,0.8,1.0,1,1,5000,519,0.999,0.794
187,0.74,2,0.8,0.9294377357251006,0,2,5000,2939,0.514,0.682
188,0.74,3,0.8,0.8793730124787341,0,3,5000,2406,0.001,0.579
189,0.75,5,1.0,0.8088107482038347,0,4,1232,646,0.27,0.247
190,0.75,3,1.0,0.8793730124787341,0,2,1263,953,0.999,0.2
191,0.74,3,0.8,0.8793730124787341,0,3,1158,1438,0.999,0.001
192,0.73,1,0.6,1.0,0,2,5000,3424,0.999,0.912
193,0.73,1,0.6,1.0,0,2,5000,4472,0.999,0.999
194,0.73,1,0.6,1.0,0,2,1823,1817,0.999,0.723
195,0.73,1,0.6,1.0,0,2,1,2824,0.999,0.999
196,0.73,4,0.6,0.8405397961940113,0,5,4883,3621,0.001,0.95
197,0.73,1,0.6,1.0,0,2,1,2987,0.999,0.773
198,0.73,1,0.6,1.0,0,2,4124,3351,0.999,0.814
199,0.75,3,1.0,0.8793730124787341,0,2,1224,1297,0.999,0.116
200,0.74,2,0.8,0.9294377357251006,0,2,5000,4009,0.001,0.001
201,0.73,2,0.6,0.9294377357251006,0,3,274,1704,0.912,0.054
202,0.74,3,0.8,0.8793730124787341,0,3,4252,2917,0.033,0.769
203,0.75,6,1.0,0.7819842203704589,0,5,3091,713,0.74,0.324
204,0.73,2,0.6,0.9294377357251006,0,3,1437,4511,0.36,0.603
205,0.72,2,0.4,0.9294377357251006,0,4,2002,124,0.178,0.655
206,0.73,2,0.6,0.9294377357251006,0,3,3474,3833,0.797,0.434
207,0.73,1,0.6,1.0,0,2,4811,2303,0.475,0.972
208,0.73,1,0.6,1.0,0,2,663,3585,0.594,0.189
209,0.75,3,1.0,0.8793730124787341,0,2,1046,1199,0.396,0.458
210,0.73,1,0.6,1.0,0,2,4417,4982,0.518,0.74
211,0.74,4,0.8,0.8405397961940113,0,4,3237,1541,0.192,0.167
212,0.73,1,0.6,1.0,0,2,2229,2748,0.815,0.885
213,0.73,1,0.6,1.0,0,2,1836,2111,0.629,0.871
214,0.72,2,0.4,0.9294377357251006,0,4,2703,3406,0.253,0.093
215,0.73,1,0.6,1.0,0,2,516,4334,0.081,0.285
216,0.73,1,0.6,1.0,0,2,395,454,0.542,0.953
217,0.73,2,0.6,0.9294377357251006,0,3,3819,4167,0.42,0.237
218,0.72,1,0.4,1.0,0,3,2580,1964,0.87,0.669
219,0.74,2,0.8,0.9294377357251006,0,2,1636,3261,0.248,0.39
220,0.73,2,0.6,0.9294377357251006,0,3,2429,1374,0.309,0.368
221,0.73,2,0.6,0.9294377357251006,0,3,3360,2583,0.685,0.588
222,0.75,7,1.0,0.7587460249574682,0,6,4618,1054,0.106,0.007
223,0.73,1,0.6,1.0,0,2,1168,4835,0.981,0.788
224,0.73,2,0.6,0.9294377357251006,0,3,931,2450,0.026,0.549
225,0.74,4,0.8,0.8405397961940113,0,4,4845,3732,0.905,0.267
226,0.74,20,0.8,0.5907949685742936,0,20,3743,291,0.322,0.827
227,0.73,1,0.6,1.0,0,2,2036,3999,0.702,0.107
228,0.75,5,1.0,0.8088107482038347,0,4,3196,974,0.475,0.191
229,0.73,1,0.6,1.0,0,2,5000,2228,0.772,0.81
230,0.73,1,0.6,1.0,0,2,4033,4594,0.98,0.729
231,0.74,16,0.8,0.6275686583761231,0,16,1782,307,0.219,0.157
232,0.73,1,0.6,1.0,0,2,500,3327,0.719,0.87
233,0.74,2,0.8,0.9294377357251006,0,2,2751,1540,0.456,0.299
234,0.74,2,0.8,0.9294377357251006,0,2,3448,2670,0.065,0.389
235,0.73,1,0.6,1.0,0,2,728,2114,0.861,0.944
236,0.72,1,0.4,1.0,0,3,2023,3942,0.326,0.029
237,0.75,5,1.0,0.8088107482038347,0,4,4742,885,0.623,0.585
238,0.73,1,0.6,1.0,0,2,4615,3465,0.312,0.933
239,0.73,2,0.6,0.9294377357251006,0,3,2364,1677,0.512,0.486
240,0.72,1,0.4,1.0,0,3,1166,4691,0.052,0.542
241,0.74,10,0.8,0.7033261728292319,0,10,3417,403,0.75,0.095
242,0.73,1,0.6,1.0,0,2,2857,4119,0.643,0.216
243,0.72,1,0.4,1.0,0,3,137,1062,0.408,0.647
244,0.73,2,0.6,0.9294377357251006,0,3,1362,2884,0.904,0.326
245,0.73,2,0.6,0.9294377357251006,0,3,4082,2327,0.171,0.757
246,0.74,2,0.8,0.9294377357251006,0,2,4248,3062,0.558,0.054
247,0.74,2,0.8,0.9294377357251006,0,2,1489,2349,0.259,0.621
248,0.72,1,0.4,1.0,0,3,284,4332,0.804,0.414
249,0.74,6,0.8,0.7819842203704589,0,6,3043,1119,0.005,0.981
250,0.73,2,0.6,0.9294377357251006,0,3,3271,4985,0.398,0.829
251,0.75,5,1.0,0.8088107482038347,0,4,981,542,0.661,0.278
252,0.73,1,0.6,1.0,0,2,2198,3717,0.151,0.688
253,0.74,4,0.8,0.8405397961940113,0,4,4488,1773,0.915,0.136
254,0.73,2,0.6,0.9294377357251006,0,3,4909,3884,0.227,0.352
255,0.73,1,0.6,1.0,0,2,2150,671,0.964,0.794
256,0.73,3,0.6,0.8793730124787341,0,4,874,2650,0.474,0.242
257,0.73,2,0.6,0.9294377357251006,0,3,3633,1937,0.71,0.684
258,0.73,2,0.6,0.9294377357251006,0,3,2604,3230,0.817,0.5
259,0.73,1,0.6,1.0,0,2,314,1286,0.116,0.073
260,0.73,1,0.6,1.0,0,2,1616,4457,0.572,0.891
261,0.7,378,0.0,0.08732969395231227,0,57,3906,14,0.37,0.464
262,0.73,2,0.6,0.9294377357251006,0,3,3765,3377,0.044,0.143
263,0.74,2,0.8,0.9294377357251006,0,2,1680,1414,0.773,0.714
264,0.73,1,0.6,1.0,0,2,455,4642,0.289,0.251
265,0.74,8,0.8,0.7382484839289353,0,8,2540,179,0.52,0.822
266,0.73,1,0.6,1.0,0,2,3726,4050,0.88,0.99
267,0.75,3,1.0,0.8793730124787341,0,2,859,857,0.178,0.435
268,0.73,1,0.6,1.0,0,2,2057,2777,0.635,0.601
269,0.74,4,0.8,0.8405397961940113,0,4,4924,2083,0.431,0.046
270,0.73,1,0.6,1.0,0,2,4425,4819,0.742,0.439
271,0.73,2,0.6,0.9294377357251006,0,3,2339,356,0.448,0.885
272,0.73,2,0.6,0.9294377357251006,0,3,1045,3590,0.988,0.081
273,0.74,2,0.8,0.9294377357251006,0,2,3130,1627,0.196,0.527
274,0.73,2,0.6,0.9294377357251006,0,3,3058,2915,0.334,0.663
275,0.73,1,0.6,1.0,0,2,191,2222,0.6,0.232
276,0.73,2,0.6,0.9294377357251006,0,3,1474,4147,0.089,0.803
277,0.75,7,1.0,0.7587460249574682,0,6,4340,954,0.853,0.372
278,0.72,2,0.4,0.9294377357251006,0,4,4213,4284,0.497,0.575
279,0.75,3,1.0,0.8793730124787341,0,2,1308,1247,0.702,0.008
280,0.73,1,0.6,1.0,0,2,6,3012,0.235,0.964
281,0.73,2,0.6,0.9294377357251006,0,3,2911,2475,0.94,0.397
282,0.73,2,0.6,0.9294377357251006,0,3,3315,3610,0.579,0.292
283,0.73,1,0.6,1.0,0,2,1191,1804,0.347,0.844
284,0.73,1,0.6,1.0,0,2,2467,4877,0.841,0.184
285,0.75,9,1.0,0.7199128086727454,0,8,4590,570,0.108,0.736
286,0.73,1,0.6,1.0,0,2,4796,2524,0.796,0.778
287,0.74,3,0.8,0.8793730124787341,0,3,1891,1987,0.028,0.335
288,0.73,1,0.6,1.0,0,2,674,3755,0.535,0.638
289,0.75,7,1.0,0.7587460249574682,0,6,3579,718,0.267,0.196
290,0.73,1,0.6,1.0,0,2,2726,4429,0.128,0.121
291,0.74,12,0.8,0.6742540918178637,0,12,602,123,0.923,0.548
292,0.74,2,0.8,0.9294377357251006,0,2,1807,3199,0.39,0.479
293,0.73,1,0.6,1.0,0,2,3931,1393,0.685,0.906
294,0.74,2,0.8,0.9294377357251006,0,2,3963,2766,0.415,0.337
295,0.73,2,0.6,0.9294377357251006,0,3,1869,2054,0.651,0.768
296,0.72,1,0.4,1.0,0,3,568,4002,0.161,0.198
297,0.74,2,0.8,0.9294377357251006,0,2,2663,789,0.898,0.629
298,0.73,2,0.6,0.9294377357251006,0,3,3534,4651,0.505,0.562
299,0.74,10,0.8,0.7033261728292319,0,10,657,208,0.304,0.115
300,0.73,1,0.6,1.0,0,2,1936,3426,0.759,0.92
301,0.75,4,1.0,0.8405397961940113,0,3,4812,1483,0.058,0.473
302,0.73,1,0.6,1.0,0,2,4548,4218,0.87,0.01
303,0.73,2,0.6,0.9294377357251006,0,3,2454,1005,0.072,0.566
304,0.73,2,0.6,0.9294377357251006,0,3,1234,2941,0.616,0.399
305,0.73,1,0.6,1.0,0,2,3329,2228,0.317,0.955
306,0.73,1,0.6,1.0,0,2,2947,3525,0.21,0.858
307,0.73,1,0.6,1.0,0,2,71,1582,0.973,0.286
308,0.73,1,0.6,1.0,0,2,1273,4787,0.464,0.749
309,0.74,15,0.8,0.6381190374362024,0,15,4149,344,0.727,0.178
310,0.73,2,0.6,0.9294377357251006,0,3,4335,4885,0.125,0.879
311,0.75,6,1.0,0.7819842203704589,0,5,1420,598,0.824,0.452
312,0.72,1,0.4,1.0,0,3,198,3661,0.363,0.521
313,0.73,2,0.6,0.9294377357251006,0,3,3113,1874,0.563,0.094
314,0.73,2,0.6,0.9294377357251006,0,3,3202,3000,0.954,0.223
315,0.73,2,0.6,0.9294377357251006,0,3,1068,2443,0.221,0.665
316,0.72,1,0.4,1.0,0,3,2268,4237,0.717,0.362
317,0.73,1,0.6,1.0,0,2,4402,1180,0.482,0.805
318,0.73,2,0.6,0.9294377357251006,0,3,4997,3135,0.669,0.708
319,0.72,1,0.4,1.0,0,3,2082,1348,0.406,0.156
320,0.73,1,0.6,1.0,0,2,784,4395,0.906,0.816
321,0.73,44,0.6,0.4581612926016808,0,38,3699,108,0.145,0.264
322,0.73,1,0.6,1.0,0,2,2536,3828,0.252,0.425
323,0.73,1,0.6,1.0,0,2,402,772,0.55,0.992
324,0.74,2,0.8,0.9294377357251006,0,2,1683,2550,0.014,0.036
325,0.74,3,0.8,0.8793730124787341,0,3,3817,1993,0.81,0.603
326,0.73,2,0.6,0.9294377357251006,0,3,3831,3955,0.608,0.784
327,0.75,5,1.0,0.8088107482038347,0,4,1590,918,0.341,0.354
328,0.73,1,0.6,1.0,0,2,388,2716,0.847,0.674
329,0.73,2,0.6,0.9294377357251006,0,3,2629,2179,0.079,0.244
330,0.74,2,0.8,0.9294377357251006,0,2,3636,3320,0.44,0.068
331,0.74,2,0.8,0.9294377357251006,0,2,926,1513,0.735,0.514
332,0.72,1,0.4,1.0,0,3,2145,4542,0.202,0.459
333,0.73,1,0.6,1.0,0,2,4856,236,0.997,0.905
334,0.74,3,0.8,0.8793730124787341,0,3,4495,2815,0.185,0.612
335,0.73,2,0.6,0.9294377357251006,0,3,2254,2278,0.89,0.056
336,0.73,1,0.6,1.0,0,2,975,4090,0.423,0.971
337,0.75,3,1.0,0.8793730124787341,0,2,3216,1053,0.628,0.416
338,0.73,1,0.6,1.0,0,2,2971,4759,0.767,0.272
339,0.74,3,0.8,0.8793730124787341,0,3,261,452,0.035,0.843
340,0.74,2,0.8,0.9294377357251006,0,2,1562,3495,0.528,0.131
341,0.73,3,0.6,0.8793730124787341,0,4,4271,1688,0.296,0.702
342,0.74,2,0.8,0.9294377357251006,0,2,4125,3711,0.929,0.5
343,0.73,2,0.6,0.9294377357251006,0,3,1376,1749,0.137,0.927
344,0.73,1,0.6,1.0,0,2,95,4933,0.676,0.109
345,0.75,6,1.0,0.7819842203704589,0,5,2844,470,0.382,0.536
346,0.74,1,0.8,1.0,1,1,3383,4346,0.022,0.649
347,0.74,3,0.8,0.8793730124787341,0,3,1102,1152,0.787,0.206
348,0.72,1,0.4,1.0,0,3,2400,3106,0.275,0.759
349,0.74,3,0.8,0.8793730124787341,0,3,4681,2413,0.542,0.316
350,0.73,2,0.6,0.9294377357251006,0,3,4709,4523,0.355,0.171
351,0.72,84,0.4,0.3474814670488686,0,49,1960,60,0.587,0.723
352,0.73,2,0.6,0.9294377357251006,0,3,760,3261,0.102,0.312
353,0.73,1,0.6,1.0,0,2,3509,1298,0.832,0.864
354,0.73,1,0.6,1.0,0,2,2795,2580,0.694,0.946
355,0.73,2,0.6,0.9294377357251006,0,3,515,1887,0.49,0.379
356,0.73,1,0.6,1.0,0,2,1736,3857,0.946,0.587
357,0.75,8,1.0,0.7382484839289353,0,7,4017,663,0.244,0.019
358,0.73,2,0.6,0.9294377357251006,0,3,4003,3561,0.712,0.547
359,0.75,3,1.0,0.8793730124787341,0,2,1752,1618,0.479,0.1
360,0.73,1,0.6,1.0,0,2,528,4829,0.958,0.936
361,0.75,5,1.0,0.8088107482038347,0,4,2779,385,0.226,0.489
362,0.73,1,0.6,1.0,0,2,3496,4176,0.364,0.321
363,0.74,1,0.8,1.0,1,1,776,963,0.57,0.752
364,0.74,2,0.8,0.9294377357251006,0,2,1973,2905,0.119,0.213
365,0.73,2,0.6,0.9294377357251006,0,3,4693,2192,0.823,0.644
366,0.73,2,0.6,0.9294377357251006,0,3,4665,4612,0.012,0.873
367,0.74,7,0.8,0.7587460249574682,0,7,2414,169,0.805,0.302
368,0.73,2,0.6,0.9294377357251006,0,3,1118,3386,0.256,0.733
369,0.75,3,1.0,0.8793730124787341,0,2,3369,1443,0.552,0.162
370,0.73,2,0.6,0.9294377357251006,0,3,2828,2806,0.913,0.026
371,0.72,1,0.4,1.0,0,3,109,2093,0.146,0.582
372,0.74,2,0.8,0.9294377357251006,0,2,1392,4041,0.667,0.384
373,0.73,1,0.6,1.0,0,2,4112,828,0.399,0.939
374,0.74,2,0.8,0.9294377357251006,0,2,4297,3785,0.764,0.239
375,0.75,6,1.0,0.7819842203704589,0,5,1538,729,0.061,0.681
376,0.72,1,0.4,1.0,0,3,236,2515,0.502,0.347
377,0.73,2,0.6,0.9294377357251006,0,3,2994,1958,0.299,0.789
378,0.73,2,0.6,0.9294377357251006,0,3,3242,3170,0.16,0.894
379,0.74,3,0.8,0.8793730124787341,0,3,952,1382,0.89,0.467
380,0.73,1,0.6,1.0,0,2,2228,4438,0.422,0.505
381,0.73,33,0.6,0.5069416708548573,0,29,4518,151,0.652,0.078
382,0.74,2,0.8,0.9294377357251006,0,2,4879,3041,0.467,0.409
383,0.73,1,0.6,1.0,0,2,2120,2484,0.732,0.976
384,0.73,1,0.6,1.0,0,2,903,4274,0.205,0.051
385,0.74,3,0.8,0.8793730124787341,0,3,3662,1218,0.97,0.618
386,0.73,1,0.6,1.0,0,2,2652,4848,0.609,0.693
387,0.74,3,0.8,0.8793730124787341,0,3,362,561,0.317,0.141
388,0.73,1,0.6,1.0,0,2,1567,3620,0.871,0.832
389,0.75,3,1.0,0.8793730124787341,0,2,3857,1833,0.078,0.281
390,0.73,2,0.6,0.9294377357251006,0,3,3794,4720,0.28,0.084
391,0.75,10,1.0,0.7033261728292319,0,9,1709,414,0.545,0.53
392,0.73,1,0.6,1.0,0,2,425,3455,0.019,0.443
393,0.73,1,0.6,1.0,0,2,2511,1648,0.782,0.89
394,0.73,2,0.6,0.9294377357251006,0,3,3676,2855,0.675,0.8
395,0.73,2,0.6,0.9294377357251006,0,3,810,2318,0.375,0.369
396,0.73,1,0.6,1.0,0,2,2105,4128,0.936,0.658
397,0.75,6,1.0,0.7819842203704589,0,5,4972,1091,0.138,0.227
398,0.74,2,0.8,0.9294377357251006,0,2,4376,3356,0.95,0.256
399,0.73,1,0.6,1.0,0,2,2291,1549,0.249,0.827
400,0.73,2,0.6,0.9294377357251006,0,3,1094,4584,0.689,0.146
401,0.75,10,1.0,0.7033261728292319,0,9,3179,278,0.486,0.717
402,0.73,2,0.6,0.9294377357251006,0,3,3088,3913,0.096,0.596
403,0.73,1,0.6,1.0,0,2,221,876,0.831,0.041
404,0.73,1,0.6,1.0,0,2,1445,2681,0.356,0.987
405,0.74,3,0.8,0.8793730124787341,0,3,4311,2143,0.593,0.432
406,0.74,2,0.8,0.9294377357251006,0,2,4165,2621,0.197,0.633
407,0.74,2,0.8,0.9294377357251006,0,2,1260,1928,0.994,0.191
408,0.73,2,0.6,0.9294377357251006,0,3,55,3894,0.443,0.775
409,0.75,4,1.0,0.8405397961940113,0,3,2961,700,0.74,0.332
410,0.73,1,0.6,1.0,0,2,3345,4486,0.848,0.484
411,0.73,1,0.6,1.0,0,2,2438,3220,0.602,0.124
412,0.75,4,1.0,0.8405397961940113,0,3,4562,1257,0.34,0.551
413,0.73,1,0.6,1.0,0,2,4825,4302,0.526,0.961
414,0.74,5,0.8,0.8088107482038347,0,5,1920,1109,0.291,0.394
415,0.73,2,0.6,0.9294377357251006,0,3,644,3071,0.772,0.57
416,0.74,2,0.8,0.9294377357251006,0,2,3549,2378,0.037,0.003
417,0.73,1,0.6,1.0,0,2,2676,3746,0.43,0.187
418,0.72,2,0.4,0.9294377357251006,0,4,552,1783,0.629,0.739
419,0.73,2,0.6,0.9294377357251006,0,3,1855,4976,0.183,0.297
420,0.73,1,0.6,1.0,0,2,3979,513,0.883,0.849
421,0.73,2,0.6,0.9294377357251006,0,3,3915,4080,0.154,0.404
422,0.73,1,0.6,1.0,0,2,1820,1024,0.92,0.959
423,0.73,2,0.6,0.9294377357251006,0,3,618,2845,0.392,0.013
424,0.73,2,0.6,0.9294377357251006,0,3,2712,2288,0.658,0.568
425,0.73,1,0.6,1.0,0,2,3563,3504,0.797,0.745
426,0.74,2,0.8,0.9294377357251006,0,2,687,1717,0.004,0.173
427,0.73,1,0.6,1.0,0,2,1907,4729,0.559,0.855
428,0.75,13,1.0,0.661357232849193,0,12,4783,442,0.266,0.284
429,0.74,3,0.8,0.8793730124787341,0,3,4577,2706,0.576,0.201
430,0.72,1,0.4,1.0,0,3,2482,2150,0.373,0.631
431,0.73,1,0.6,1.0,0,2,1205,3984,0.815,0.342
432,0.75,5,1.0,0.8088107482038347,0,4,3299,927,0.111,0.773
433,0.73,1,0.6,1.0,0,2,2898,4552,0.472,0.917
434,0.72,2,0.4,0.9294377357251006,0,4,22,265,0.703,0.47
435,0.73,2,0.6,0.9294377357251006,0,3,1321,3291,0.234,0.557
436,0.75,4,1.0,0.8405397961940113,0,3,4197,1504,0.965,0.111
437,0.73,2,0.6,0.9294377357251006,0,3,4363,3270,0.323,0.813
438,0.75,3,1.0,0.8793730124787341,0,2,1448,1327,0.619,0.262
439,0.73,1,0.6,1.0,0,2,168,4494,0.07,0.703
440,0.71,56,0.2,0.4170230365696992,0,42,3083,51,0.864,0.152
441,0.74,1,0.8,1.0,1,1,3153,3846,0.726,0.039
442,0.75,4,1.0,0.8405397961940113,0,3,1019,634,0.458,0.606
443,0.73,1,0.6,1.0,0,2,2316,2609,0.979,0.43
444,0.73,1,0.6,1.0,0,2,4450,1897,0.212,0.997
445,0.73,1,0.6,1.0,0,2,4949,4942,0.899,0.516
446,0.72,1,0.4,1.0,0,3,2034,499,0.167,0.09
447,0.73,1,0.6,1.0,0,2,834,3682,0.646,0.876
448,0.74,3,0.8,0.8793730124787341,0,3,3749,1738,0.413,0.449
449,0.73,2,0.6,0.9294377357251006,0,3,2566,3097,0.052,0.367
450,0.72,1,0.4,1.0,0,3,432,2384,0.756,0.809
451,0.73,2,0.6,0.9294377357251006,0,3,1655,4375,0.306,0.226
452,0.74,3,0.8,0.8793730124787341,0,3,3788,1162,0.511,0.668
453,0.73,1,0.6,1.0,0,2,3881,2951,0.838,0.974
454,0.74,3,0.8,0.8793730124787341,0,3,1639,2257,0.104,0.419
455,0.73,1,0.6,1.0,0,2,340,4189,0.584,0.616
456,0.74,2,0.8,0.9294377357251006,0,2,2581,996,0.35,0.061
457,0.73,2,0.6,0.9294377357251006,0,3,3607,4777,0.242,0.128
458,0.73,2,0.6,0.9294377357251006,0,3,898,314,0.941,0.699
459,0.73,1,0.6,1.0,0,2,2175,3554,0.496,0.267
460,0.74,2,0.8,0.9294377357251006,0,2,4885,1591,0.695,0.838
461,0.73,2,0.6,0.9294377357251006,0,3,4465,4012,0.385,0.679
462,0.73,2,0.6,0.9294377357251006,0,3,2224,819,0.681,0.248
463,0.73,2,0.6,0.9294377357251006,0,3,1004,2737,0.131,0.787
464,0.73,2,0.6,0.9294377357251006,0,3,3245,2043,0.928,0.357
465,0.73,2,0.6,0.9294377357251006,0,3,3019,3416,0.535,0.454
466,0.73,1,0.6,1.0,0,2,309,1454,0.274,0.9
467,0.73,1,0.6,1.0,0,2,1512,4680,0.789,0.065
468,0.74,22,0.8,0.5749633358963036,0,22,4222,218,0.028,0.511
469,0.73,2,0.6,0.9294377357251006,0,3,4095,4386,0.638,0.307
470,0.73,32,0.6,0.5121369210330666,0,28,1346,79,0.436,0.859
471,0.73,1,0.6,1.0,0,2,124,3164,0.875,0.168
472,0.74,2,0.8,0.9294377357251006,0,2,2873,1358,0.175,0.72
473,0.74,2,0.8,0.9294377357251006,0,2,3431,2559,0.282,0.591
474,0.74,2,0.8,0.9294377357251006,0,2,1150,2022,0.519,0.024
475,0.73,3,0.6,0.8793730124787341,0,4,2351,3799,0.045,0.949
476,0.75,7,1.0,0.7587460249574682,0,6,4631,762,0.78,0.382
477,0.73,2,0.6,0.9294377357251006,0,3,4758,3651,0.093,0.106
478,0.73,1,0.6,1.0,0,2,2009,1845,0.856,0.533
479,0.73,1,0.6,1.0,0,2,712,4914,0.331,0.495
480,0.73,1,0.6,1.0,0,2,3461,607,0.596,0.922
481,0.73,1,0.6,1.0,0,2,2766,4247,0.986,0.762
482,0.74,2,0.8,0.9294377357251006,0,2,486,1210,0.189,0.319
483,0.73,2,0.6,0.9294377357251006,0,3,1766,2971,0.749,0.653
484,0.74,3,0.8,0.8793730124787341,0,3,4047,2434,0.45,0.211
485,0.73,2,0.6,0.9294377357251006,0,3,4060,2985,0.105,0.835
486,0.74,2,0.8,0.9294377357251006,0,2,1769,2428,0.837,0.268
487,0.72,1,0.4,1.0,0,3,472,4252,0.35,0.696
488,0.74,2,0.8,0.9294377357251006,0,2,2762,1196,0.583,0.129
489,0.73,1,0.6,1.0,0,2,3474,4909,0.944,0.063
490,0.75,4,1.0,0.8405397961940113,0,3,715,622,0.24,0.615
491,0.73,2,0.6,0.9294377357251006,0,3,1995,3637,0.698,0.421
492,0.73,1,0.6,1.0,0,2,4754,1850,0.492,0.972
493,0.74,2,0.8,0.9294377357251006,0,2,4647,3802,0.681,0.509
494,0.74,2,0.8,0.9294377357251006,0,2,2358,746,0.385,0.067
495,0.73,1,0.6,1.0,0,2,1135,2576,0.926,0.898
496,0.75,2,1.0,0.9294377357251006,1,1,3425,2019,0.133,0.456
497,0.73,2,0.6,0.9294377357251006,0,3,2889,3148,0.27,0.358
498,0.73,1,0.6,1.0,0,2,131,1361,0.539,0.785
499,0.74,2,0.8,0.9294377357251006,0,2,1331,4382,0.025,0.25
500,0.72,50,0.4,0.4363794065799579,0,41,4090,95,0.792,0.676
501,0.73,2,0.6,0.9294377357251006,0,3,4236,4673,0.436,0.379
502,0.75,7,1.0,0.7587460249574682,0,6,1516,230,0.639,0.95
503,0.72,1,0.4,1.0,0,3,297,3404,0.174,0.022
504,0.74,3,0.8,0.8793730124787341,0,3,3016,1460,0.877,0.593
505,0.73,2,0.6,0.9294377357251006,0,3,3259,2750,0.516,0.722
506,0.74,2,0.8,0.9294377357251006,0,2,1008,2037,0.285,0.166
507,0.73,1,0.6,1.0,0,2,2211,4019,0.777,0.861
508,0.75,6,1.0,0.7819842203704589,0,5,4462,806,0.047,0.306
509,0.73,2,0.6,0.9294377357251006,0,3,4901,3539,0.857,0.209
510,0.72,1,0.4,1.0,0,3,2181,1596,0.092,0.656
511,0.73,1,0.6,1.0,0,2,881,4773,0.596,0.317
512,0.75,10,1.0,0.7033261728292319,0,9,3601,329,0.33,0.764
513,0.73,1,0.6,1.0,0,2,2596,4193,0.191,0.923
514,0.73,2,0.6,0.9294377357251006,0,3,345,980,0.984,0.492
515,0.74,3,0.8,0.8793730124787341,0,3,1623,2966,0.453,0.534
516,0.74,3,0.8,0.8793730124787341,0,3,3874,2253,0.746,0.104
517,0.73,1,0.6,1.0,0,2,3772,4358,0.918,0.285
518,0.73,2,0.6,0.9294377357251006,0,3,1648,1165,0.156,0.852
519,0.72,1,0.4,1.0,0,3,447,3093,0.657,0.175
520,0.73,2,0.6,0.9294377357251006,0,3,2572,2400,0.393,0.742
521,0.73,2,0.6,0.9294377357251006,0,3,3732,3685,0.002,0.567
522,0.73,2,0.6,0.9294377357251006,0,3,827,1722,0.8,0.015
523,0.73,2,0.6,0.9294377357251006,0,3,2049,4959,0.262,0.958
524,0.74,10,0.8,0.7033261728292319,0,10,4955,496,0.562,0.406
525,0.74,2,0.8,0.9294377357251006,0,2,4437,2604,0.373,0.113
526,0.72,2,0.4,0.9294377357251006,0,4,2313,1911,0.576,0.555
527,0.73,2,0.6,0.9294377357251006,0,3,1033,3833,0.113,0.472
528,0.73,1,0.6,1.0,0,2,3157,639,0.813,0.915
529,0.73,1,0.6,1.0,0,2,3070,4508,0.706,0.77
530,0.74,10,0.8,0.7033261728292319,0,10,165,45,0.469,0.343
531,0.73,2,0.6,0.9294377357251006,0,3,1463,3276,0.967,0.629
532,0.74,4,0.8,0.8405397961940113,0,4,4368,1313,0.232,0.202
533,0.73,1,0.6,1.0,0,2,4182,3295,0.619,0.998
534,0.74,2,0.8,0.9294377357251006,0,2,1316,1488,0.323,0.427
535,0.73,1,0.6,1.0,0,2,38,4567,0.865,0.607
536,0.74,9,0.8,0.7199128086727454,0,9,2904,261,0.068,0.036
537,0.73,1,0.6,1.0,0,2,3284,3969,0.461,0.15
538,0.73,2,0.6,0.9294377357251006,0,3,1199,932,0.723,0.705
539,0.73,1,0.6,1.0,0,2,2499,2702,0.215,0.26
540,0.73,2,0.6,0.9294377357251006,0,3,4584,2165,0.976,0.816
541,0.74,2,0.8,0.9294377357251006,0,2,4769,4742,0.166,0.67
542,0.74,11,0.8,0.6881837606825688,0,11,1903,436,0.9,0.224
543,0.73,1,0.6,1.0,0,2,700,3511,0.412,0.812
544,0.75,3,1.0,0.8793730124787341,0,2,3566,1704,0.646,0.365
545,0.72,2,0.4,0.9294377357251006,0,4,2698,2838,0.754,0.447
546,0.73,2,0.6,0.9294377357251006,0,3,613,2301,0.055,0.877
547,0.73,2,0.6,0.9294377357251006,0,3,1833,4067,0.508,0.087
548,0.75,5,1.0,0.8088107482038347,0,4,3918,1030,0.309,0.518
549,0.73,2,0.6,0.9294377357251006,0,3,3971,4969,0.545,0.23
550,0.75,10,1.0,0.7033261728292319,0,9,1837,526,0.279,0.656
551,0.73,1,0.6,1.0,0,2,562,3733,0.783,0.371
552,0.74,2,0.8,0.9294377357251006,0,2,2695,1789,0.018,0.798
553,0.73,1,0.6,1.0,0,2,3541,3085,0.379,0.887
554,0.73,2,0.6,0.9294377357251006,0,3,626,2372,0.672,0.445
555,0.74,2,0.8,0.9294377357251006,0,2,1929,4309,0.141,0.527
556,0.74,5,0.8,0.8088107482038347,0,5,4844,1096,0.934,0.085
557,0.74,2,0.8,0.9294377357251006,0,2,4560,3205,0.248,0.433
558,0.73,1,0.6,1.0,0,2,2426,1261,0.951,0.984
559,0.73,2,0.6,0.9294377357251006,0,3,1222,4482,0.486,0.042
560,0.71,88,0.2,0.33947877175303787,0,51,3355,39,0.689,0.594
561,0.73,1,0.6,1.0,0,2,2959,3898,0.828,0.715
562,0.73,1,0.6,1.0,0,2,44,685,0.098,0.148
563,0.73,1,0.6,1.0,0,2,1260,2636,0.59,0.825
564,0.75,3,1.0,0.8793730124787341,0,2,4175,1923,0.359,0.258
565,0.74,3,0.8,0.8793730124787341,0,3,4302,2694,0.992,0.553
566,0.74,2,0.8,0.9294377357251006,0,2,1427,2138,0.198,0.123
567,0.73,1,0.6,1.0,0,2,229,3918,0.74,0.913
568,0.75,4,1.0,0.8405397961940113,0,3,3105,861,0.444,0.482
569,0.73,2,0.6,0.9294377357251006,0,3,3170,4579,0.083,0.33
570,0.73,2,0.6,0.9294377357251006,0,3,1075,292,0.85,0.776
571,0.73,1,0.6,1.0,0,2,2299,3342,0.337,0.188
572,0.74,3,0.8,0.8793730124787341,0,3,4394,1555,0.605,0.635
573,0.73,1,0.6,1.0,0,2,4971,4132,0.292,0.85
574,0.72,1,0.4,1.0,0,3,2095,1075,0.525,0.295
575,0.73,2,0.6,0.9294377357251006,0,3,812,2871,0.039,0.74
576,0.74,3,0.8,0.8793730124787341,0,3,3688,2315,0.77,0.184
577,0.73,1,0.6,1.0,0,2,2510,3438,0.632,0.002
578,0.73,2,0.6,0.9294377357251006,0,3,415,1651,0.426,0.573
579,0.73,2,0.6,0.9294377357251006,0,3,1711,4717,0.885,0.392
580,0.73,2,0.6,0.9294377357251006,0,3,3805,430,0.181,0.964
581,0.74,2,0.8,0.9294377357251006,0,2,3859,3624,0.478,0.642
582,0.74,3,0.8,0.8793730124787341,0,3,1578,1818,0.713,0.215
583,0.73,1,0.6,1.0,0,2,362,4863,0.225,0.75
584,0.74,4,0.8,0.8405397961940113,0,4,2642,556,0.959,0.323
585,0.73,2,0.6,0.9294377357251006,0,3,3664,4259,0.566,0.49
586,0.73,1,0.6,1.0,0,2,915,1222,0.367,0.933
587,0.72,1,0.4,1.0,0,3,2119,3037,0.821,0.102
588,0.74,3,0.8,0.8793730124787341,0,3,4868,2500,0.121,0.544
589,0.73,1,0.6,1.0,0,2,4526,4452,0.807,0.937
590,0.73,2,0.6,0.9294377357251006,0,3,943,3177,0.553,0.579
591,0.74,3,0.8,0.8793730124787341,0,3,3223,1370,0.256,0.027
592,0.74,2,0.8,0.9294377357251006,0,2,3002,2508,0.148,0.164
593,0.72,1,0.4,1.0,0,3,253,1971,0.91,0.732
594,0.73,2,0.6,0.9294377357251006,0,3,1529,3772,0.402,0.304
595,0.73,1,0.6,1.0,0,2,4278,735,0.664,0.871
596,0.73,2,0.6,0.9294377357251006,0,3,4112,4024,0.062,0.077
597,0.74,5,0.8,0.8088107482038347,0,5,1402,831,0.762,0.508
598,0.72,1,0.4,1.0,0,3,107,2803,0.3,0.466
599,0.73,1,0.6,1.0,0,2,2817,2109,0.502,0.896
600,0.73,1,0.6,1.0,0,2,3370,3390,0.893,0.791
601,0.74,3,0.8,0.8793730124787341,0,3,1128,1427,0.158,0.344
602,0.73,1,0.6,1.0,0,2,2412,4629,0.656,0.682
603,0.73,29,0.6,0.5287235568765801,0,27,4653,166,0.418,0.236
604,0.74,2,0.8,0.9294377357251006,0,2,4702,2899,0.732,0.278
605,0.73,2,0.6,0.9294377357251006,0,3,1992,2206,0.467,0.834
606,0.72,1,0.4,1.0,0,3,768,4162,0.969,0.139
607,0.75,4,1.0,0.8405397961940113,0,3,3478,969,0.206,0.694
608,0.73,1,0.6,1.0,0,2,2788,4842,0.313,0.621
609,0.75,4,1.0,0.8405397961940113,0,3,547,380,0.613,0.049
610,0.73,2,0.6,0.9294377357251006,0,3,1744,3566,0.076,0.978
611,0.75,4,1.0,0.8405397961940113,0,3,3986,1603,0.873,0.407
612,0.73,1,0.6,1.0,0,2,4011,3862,0.343,0.903
613,0.75,8,1.0,0.7382484839289353,0,7,1721,649,0.606,0.461
614,0.73,2,0.6,0.9294377357251006,0,3,522,2594,0.083,0.512
615,0.74,2,0.8,0.9294377357251006,0,2,2812,1881,0.843,0.07
616,0.73,2,0.6,0.9294377357251006,0,3,3504,3247,0.737,0.245
617,0.73,2,0.6,0.9294377357251006,0,3,745,1303,0.439,0.672
618,0.73,2,0.6,0.9294377357251006,0,3,1967,4518,0.997,0.355
619,0.72,64,0.4,0.3941669004906092,0,45,4725,75,0.202,0.782
620,0.73,2,0.6,0.9294377357251006,0,3,4676,3123,0.886,0.699
621,0.73,1,0.6,1.0,0,2,2386,2410,0.188,0.132
622,0.73,1,0.6,1.0,0,2,1105,4349,0.625,0.84
623,0.75,4,1.0,0.8405397961940113,0,3,3395,1136,0.425,0.273
624,0.73,1,0.6,1.0,0,2,2840,4929,0.034,0.418
625,0.73,1,0.6,1.0,0,2,81,486,0.767,0.969
626,0.73,2,0.6,0.9294377357251006,0,3,1379,3695,0.294,0.058
627,0.75,3,1.0,0.8793730124787341,0,2,4138,1751,0.53,0.61
628,0.74,2,0.8,0.9294377357251006,0,2,4265,3482,0.134,0.314
629,0.73,2,0.6,0.9294377357251006,0,3,1545,1694,0.932,0.761
630,0.72,1,0.4,1.0,0,3,267,4752,0.38,0.204
631,0.74,5,0.8,0.8088107482038347,0,5,2987,464,0.679,0.651
632,0.73,2,0.6,0.9294377357251006,0,3,3210,4097,0.786,0.537
633,0.74,4,0.8,0.8405397961940113,0,4,959,1040,0.022,0.106
634,0.73,1,0.6,1.0,0,2,2259,2828,0.54,0.928
635,0.74,3,0.8,0.8793730124787341,0,3,4510,2271,0.277,0.497
636,0.73,2,0.6,0.9294377357251006,0,3,4852,4538,0.589,0.017
637,0.74,3,0.8,0.8793730124787341,0,3,2132,251,0.353,0.588
638,0.74,2,0.8,0.9294377357251006,0,2,931,3305,0.835,0.376
639,0.73,2,0.6,0.9294377357251006,0,3,3650,1518,0.099,0.948
640,0.73,1,0.6,1.0,0,2,2626,2731,0.491,0.866
641,0.73,1,0.6,1.0,0,2,375,2175,0.692,0.311
642,0.73,2,0.6,0.9294377357251006,0,3,1594,3959,0.245,0.725
643,0.75,7,1.0,0.7587460249574682,0,6,3845,902,0.946,0.169
644,0.74,3,0.8,0.8793730124787341,0,3,3821,2546,0.649,0.475
645,0.73,1,0.6,1.0,0,2,1697,2009,0.417,0.918
646,0.73,1,0.6,1.0,0,2,399,3812,0.894,0.118
647,0.74,3,0.8,0.8793730124787341,0,3,2523,774,0.165,0.56
648,0.73,2,0.6,0.9294377357251006,0,3,3704,4412,0.302,0.626
649,0.74,19,0.8,0.5992858211514795,0,19,798,105,0.507,0.199
650,0.72,2,0.4,0.9294377357251006,0,4,2079,3138,0.057,0.765
651,0.75,5,1.0,0.8088107482038347,0,4,4985,1331,0.76,0.338
652,0.74,2,0.8,0.9294377357251006,0,2,4407,4223,0.075,0.179
653,0.72,1,0.4,1.0,0,3,2283,1186,0.867,0.747
654,0.73,2,0.6,0.9294377357251006,0,3,1062,2995,0.32,0.288
655,0.73,2,0.6,0.9294377357251006,0,3,3186,2458,0.614,0.855
656,0.73,1,0.6,1.0,0,2,3119,3666,0.974,0.953
657,0.73,1,0.6,1.0,0,2,213,1860,0.209,0.401
658,0.73,2,0.6,0.9294377357251006,0,3,1413,4899,0.729,0.564
659,0.74,10,0.8,0.7033261728292319,0,10,4318,592,0.462,0.012
660,0.73,1,0.6,1.0,0,2,4152,4802,0.827,0.807
661,0.74,9,0.8,0.7199128086727454,0,9,1286,339,0.122,0.36
662,0.72,1,0.4,1.0,0,3,67,3529,0.566,0.667
663,0.74,2,0.8,0.9294377357251006,0,2,2933,1566,0.361,0.221
664,0.73,2,0.6,0.9294377357251006,0,3,3332,2937,0.221,0.092
665,0.74,2,0.8,0.9294377357251006,0,2,1247,2244,0.954,0.523
666,0.73,1,0.6,1.0,0,2,2449,4203,0.483,0.45
667,0.73,2,0.6,0.9294377357251006,0,3,4534,1010,0.716,0.88
668,0.73,2,0.6,0.9294377357251006,0,3,4818,3433,0.403,0.604
669,0.75,4,1.0,0.8405397961940113,0,3,1952,1470,0.671,0.033
670,0.73,1,0.6,1.0,0,2,652,4664,0.142,0.993
671,0.74,20,0.8,0.5907949685742936,0,20,3518,201,0.909,0.422
672,0.73,1,0.6,1.0,0,2,2670,3989,0.548,0.263
673,0.73,2,0.6,0.9294377357251006,0,3,585,796,0.253,0.818
674,0.74,3,0.8,0.8793730124787341,0,3,1863,2760,0.81,0.155
675,0.74,3,0.8,0.8793730124787341,0,3,3948,2066,0.015,0.71
676,0.74,2,0.8,0.9294377357251006,0,2,3942,3186,0.777,0.047
677,0.75,4,1.0,0.8405397961940113,0,3,1807,1399,0.04,0.599
678,0.73,1,0.6,1.0,0,2,590,4422,0.522,0.436
679,0.73,4,0.6,0.8405397961940113,0,5,2724,135,0.286,0.987
680,0.73,2,0.6,0.9294377357251006,0,3,3590,3763,0.179,0.82
681,0.74,3,0.8,0.8793730124787341,0,3,674,706,0.88,0.253
682,0.73,2,0.6,0.9294377357251006,0,3,1880,2538,0.432,0.712
683,0.75,3,1.0,0.8793730124787341,0,2,4795,1981,0.634,0.145
684,0.74,2,0.8,0.9294377357251006,0,2,4609,4873,0.446,0.374
685,0.73,2,0.6,0.9294377357251006,0,3,2476,586,0.745,0.801
686,0.73,2,0.6,0.9294377357251006,0,3,1173,3595,0.192,0.235
687,0.73,1,0.6,1.0,0,2,3307,1808,0.991,0.661
688,0.73,1,0.6,1.0,0,2,2930,3027,0.599,0.525
689,0.73,1,0.6,1.0,0,2,15,2470,0.335,0.082
690,0.73,1,0.6,1.0,0,2,1290,4288,0.853,0.882
691,0.75,4,1.0,0.8405397961940113,0,3,4205,1232,0.089,0.44
692,0.73,2,0.6,0.9294377357251006,0,3,4352,4152,0.7,0.737
693,0.75,5,1.0,0.8088107482038347,0,4,1476,939,0.499,0.181
694,0.73,1,0.6,1.0,0,2,181,2929,0.937,0.845
695,0.73,2,0.6,0.9294377357251006,0,3,3057,2216,0.239,0.29
696,0.73,2,0.6,0.9294377357251006,0,3,3141,3576,0.345,0.395
697,0.73,1,0.6,1.0,0,2,1047,1633,0.581,0.967
698,0.73,1,0.6,1.0,0,2,2329,4814,0.108,0.007
699,0.74,13,0.8,0.661357232849193,0,13,4424,370,0.841,0.578
700,0.73,3,0.6,0.8793730124787341,0,4,4941,2793,0.032,0.908
701,0.72,1,0.4,1.0,0,3,2065,2080,0.792,0.477
702,0.73,2,0.6,0.9294377357251006,0,3,841,4054,0.269,0.55
703,0.75,6,1.0,0.7819842203704589,0,5,3716,841,0.532,0.12
704,0.73,1,0.6,1.0,0,2,2558,4639,0.923,0.193
705,0.75,7,1.0,0.7587460249574682,0,6,463,195,0.127,0.64
706,0.73,2,0.6,0.9294377357251006,0,3,1661,3360,0.686,0.333
707,0.73,2,0.6,0.9294377357251006,0,3,3756,1417,0.388,0.779
708,0.74,2,0.8,0.9294377357251006,0,2,3887,4472,0.216,0.582
709,0.71,514,0.2,0.03396738054054338,0,57,1607,9,0.983,0.03
710,0.73,1,0.6,1.0,0,2,332,3234,0.454,0.942
711,0.74,2,0.8,0.9294377357251006,0,2,2612,1271,0.721,0.39
712,0.73,2,0.6,0.9294377357251006,0,3,3614,2646,0.861,0.301
713,0.73,2,0.6,0.9294377357251006,0,3,865,1953,0.066,0.868
714,0.73,1,0.6,1.0,0,2,2167,3869,0.622,0.159
715,0.74,4,0.8,0.8405397961940113,0,4,4917,675,0.327,0.727
716,0.74,1,0.8,1.0,1,1,4478,3724,0.515,0.755
717,0.73,1,0.6,1.0,0,2,2198,1761,0.31,0.328
718,0.73,1,0.6,1.0,0,2,993,4998,0.753,0.645
719,0.74,6,0.8,0.7819842203704589,0,6,3273,536,0.048,0.218
720,0.73,1,0.6,1.0,0,2,3032,4319,0.409,0.097
721,0.73,2,0.6,0.9294377357251006,0,3,283,1126,0.641,0.539
722,0.74,2,0.8,0.9294377357251006,0,2,1501,3055,0.171,0.487
723,0.73,1,0.6,1.0,0,2,4250,2361,0.903,0.93
724,0.74,3,0.8,0.8793730124787341,0,3,4064,2881,0.262,0.134
725,0.73,2,0.6,0.9294377357251006,0,3,1354,2344,0.555,0.689
726,0.72,1,0.4,1.0,0,3,156,4102,0.009,0.275
727,0.73,1,0.6,1.0,0,2,2866,1065,0.8,0.831
728,0.73,1,0.6,1.0,0,2,3400,4707,0.663,0.983
729,0.74,8,0.8,0.7382484839289353,0,8,1158,401,0.396,0.412
730,0.73,1,0.6,1.0,0,2,2383,3468,0.915,0.623
731,0.75,4,1.0,0.8405397961940113,0,3,4624,1661,0.151,0.052
732,0.74,2,0.8,0.9294377357251006,0,2,4731,3928,0.96,0.463
733,0.73,1,0.6,1.0,0,2,2021,891,0.231,0.893
734,0.73,2,0.6,0.9294377357251006,0,3,738,2665,0.707,0.072
735,0.74,3,0.8,0.8793730124787341,0,3,3448,2128,0.476,0.503
736,0.73,1,0.6,1.0,0,2,2739,3332,0.116,0.685
737,0.73,2,0.6,0.9294377357251006,0,3,498,1525,0.818,0.239
738,0.73,2,0.6,0.9294377357251006,0,3,1793,4608,0.369,0.795
739,0.74,16,0.8,0.6275686583761231,0,16,4034,301,0.573,0.349
740,0.74,2,0.8,0.9294377357251006,0,2,4042,3321,0.288,0.444
741,0.73,1,0.6,1.0,0,2,1791,1534,0.52,0.886
742,0.73,1,0.6,1.0,0,2,489,4600,0.042,0.086
743,0.74,7,0.8,0.7587460249574682,0,7,2740,313,0.775,0.529
744,0.73,1,0.6,1.0,0,2,3457,3936,0.636,0.658
745,0.74,3,0.8,0.8793730124787341,0,3,737,880,0.43,0.231
746,0.73,1,0.6,1.0,0,2,2012,2676,0.882,0.797
747,0.75,4,1.0,0.8405397961940113,0,3,4732,2119,0.177,0.37
748,0.73,1,0.6,1.0,0,2,4626,4696,0.989,0.149
749,0.75,3,1.0,0.8793730124787341,0,2,2375,409,0.194,0.716
750,0.73,2,0.6,0.9294377357251006,0,3,1157,3459,0.743,0.257
751,0.73,2,0.6,0.9294377357251006,0,3,3408,1672,0.448,0.824
752,0.73,2,0.6,0.9294377357251006,0,3,2867,2890,0.087,0.984
753,0.73,1,0.6,1.0,0,2,148,2333,0.855,0.432
754,0.73,2,0.6,0.9294377357251006,0,3,1353,4114,0.333,0.595
755,0.75,6,1.0,0.7819842203704589,0,5,4073,1057,0.601,0.043
756,0.73,2,0.6,0.9294377357251006,0,3,4258,4328,0.237,0.775
757,0.74,4,0.8,0.8405397961940113,0,4,1499,1115,0.939,0.329
758,0.72,1,0.4,1.0,0,3,275,3066,0.498,0.636
759,0.74,2,0.8,0.9294377357251006,0,2,3033,2353,0.702,0.189
760,0.74,2,0.8,0.9294377357251006,0,2,3281,3712,0.839,0.124
761,0.74,2,0.8,0.9294377357251006,0,2,991,1769,0.11,0.554
762,0.72,1,0.4,1.0,0,3,2189,4990,0.579,0.481
763,0.73,1,0.6,1.0,0,2,4479,546,0.347,0.912
764,0.74,3,0.8,0.8793730124787341,0,3,4917,2654,0.534,0.574
765,0.73,1,0.6,1.0,0,2,2159,1942,0.267,0.003
766,0.73,1,0.6,1.0,0,2,864,3880,0.794,0.963
767,0.75,6,1.0,0.7819842203704589,0,5,3623,667,0.03,0.392
768,0.73,1,0.6,1.0,0,2,2613,4461,0.39,0.294
769,0.74,19,0.8,0.5992858211514795,0,19,323,18,0.684,0.849
770,0.74,2,0.8,0.9294377357251006,0,2,1606,3225,0.129,0.186
771,0.74,2,0.8,0.9294377357251006,0,2,3896,1282,0.921,0.741
772,0.73,1,0.6,1.0,0,2,3755,4648,0.719,0.934
773,0.74,22,0.8,0.5749633358963036,0,22,1670,185,0.456,0.492
774,0.72,1,0.4,1.0,0,3,465,3371,0.981,0.543
775,0.73,2,0.6,0.9294377357251006,0,3,2549,1408,0.218,0.101
776,0.74,2,0.8,0.9294377357251006,0,2,3715,2782,0.325,0.214
777,0.73,1,0.6,1.0,0,2,849,2089,0.624,0.641
778,0.73,1,0.6,1.0,0,2,2066,4045,0.064,0.325
779,0.74,2,0.8,0.9294377357251006,0,2,4933,851,0.862,0.751
780,0.74,2,0.8,0.9294377357251006,0,2,4415,3584,0.05,0.731
781,0.73,2,0.6,0.9294377357251006,0,3,2330,1622,0.751,0.164
782,0.73,1,0.6,1.0,0,2,1055,4824,0.312,0.872
783,0.74,9,0.8,0.7199128086727454,0,9,3140,361,0.513,0.305
784,0.73,1,0.6,1.0,0,2,3048,4142,0.905,0.386
785,0.73,2,0.6,0.9294377357251006,0,3,182,948,0.169,0.938
786,0.73,2,0.6,0.9294377357251006,0,3,1484,2920,0.643,0.027
787,0.74,4,0.8,0.8405397961940113,0,4,4351,2227,0.407,0.578
788,0.74,3,0.8,0.8793730124787341,0,3,4204,3016,0.802,0.345
789,0.74,3,0.8,0.8793730124787341,0,3,1299,2479,0.007,0.792
790,0.72,1,0.4,1.0,0,3,16,4280,0.557,0.235
791,0.74,3,0.8,0.8793730124787341,0,3,2922,1243,0.26,0.682
792,0.73,2,0.6,0.9294377357251006,0,3,3306,4881,0.153,0.507
793,0.74,7,0.8,0.7587460249574682,0,7,1182,574,0.913,0.076
794,0.73,1,0.6,1.0,0,2,2477,3606,0.398,0.897
795,0.74,4,0.8,0.8405397961940113,0,4,4601,1799,0.661,0.467
796,0.74,2,0.8,0.9294377357251006,0,2,4786,3751,0.474,0.049
797,0.75,5,1.0,0.8088107482038347,0,4,1881,714,0.709,0.62
798,0.73,2,0.6,0.9294377357251006,0,3,683,2529,0.229,0.408
799,0.73,1,0.6,1.0,0,2,3588,1992,0.962,0.979
800,0.73,1,0.6,1.0,0,2,2716,3195,0.571,0.835
801,0.73,2,0.6,0.9294377357251006,0,3,591,1388,0.371,0.279
802,0.73,1,0.6,1.0,0,2,1816,4433,0.816,0.693
803,0.73,44,0.6,0.4581612926016808,0,38,3940,127,0.118,0.138
804,0.73,2,0.6,0.9294377357251006,0,3,3954,3998,0.845,0.614
805,0.75,6,1.0,0.7819842203704589,0,5,1860,785,0.081,0.062
806,0.73,1,0.6,1.0,0,2,579,2771,0.608,0.973
807,0.74,2,0.8,0.9294377357251006,0,2,2674,2058,0.341,0.422
808,0.74,2,0.8,0.9294377357251006,0,2,3524,3422,0.204,0.269
809,0.71,1,0.2,1.0,0,4,648,1478,0.996,0.837
810,0.74,2,0.8,0.9294377357251006,0,2,1946,4655,0.441,0.128
811,0.74,17,0.8,0.6176214964076694,0,17,4822,212,0.735,0.695
812,0.73,2,0.6,0.9294377357251006,0,3,4538,2945,0.423,0.786
813,0.73,1,0.6,1.0,0,2,2443,2232,0.627,0.359
814,0.73,1,0.6,1.0,0,2,1244,4214,0.186,0.676
815,0.75,4,1.0,0.8405397961940113,0,3,3338,1001,0.888,0.249
816,0.73,1,0.6,1.0,0,2,2937,4791,0.528,0.066
817,0.73,2,0.6,0.9294377357251006,0,3,61,348,0.296,0.509
818,0.73,2,0.6,0.9294377357251006,0,3,1282,3521,0.766,0.457
819,0.75,4,1.0,0.8405397961940113,0,3,4158,1577,0.036,0.899
820,0.73,2,0.6,0.9294377357251006,0,3,4324,3656,0.677,0.166
821,0.73,2,0.6,0.9294377357251006,0,3,1409,1868,0.382,0.721
822,0.73,1,0.6,1.0,0,2,207,4891,0.93,0.307
823,0.75,4,1.0,0.8405397961940113,0,3,3122,603,0.136,0.862
824,0.73,1,0.6,1.0,0,2,3192,4232,0.275,0.952
825,0.75,3,1.0,0.8793730124787341,0,2,1058,1175,0.542,0.38
826,0.72,1,0.4,1.0,0,3,2277,3006,0.021,0.592
827,0.74,2,0.8,0.9294377357251006,0,2,4411,2449,0.788,0.021
828,0.73,2,0.6,0.9294377357251006,0,3,4988,4401,0.101,0.494
829,0.74,2,0.8,0.9294377357251006,0,2,2073,114,0.833,0.924
830,0.73,1,0.6,1.0,0,2,795,3129,0.355,0.103
831,0.75,3,1.0,0.8793730124787341,0,2,3710,1342,0.587,0.533
832,0.72,1,0.4,1.0,0,3,2527,2555,0.948,0.655
833,0.73,2,0.6,0.9294377357251006,0,3,393,1999,0.243,0.208
834,0.73,1,0.6,1.0,0,2,1693,3823,0.694,0.765
835,0.75,6,1.0,0.7819842203704589,0,5,3827,766,0.489,0.319
836,0.74,3,0.8,0.8793730124787341,0,3,3842,2721,0.163,0.017
837,0.74,3,0.8,0.8793730124787341,0,3,1600,2184,0.896,0.568
838,0.73,1,0.6,1.0,0,2,379,3951,0.415,0.405
839,0.73,1,0.6,1.0,0,2,2620,914,0.651,0.957
840,0.73,2,0.6,0.9294377357251006,0,3,3647,4546,0.758,0.851
841,0.74,12,0.8,0.6742540918178637,0,12,936,240,0.059,0.284
842,0.73,2,0.6,0.9294377357251006,0,3,2136,3315,0.505,0.743
843,0.74,4,0.8,0.8405397961940113,0,4,4846,1509,0.304,0.176
844,0.73,2,0.6,0.9294377357251006,0,3,4504,4086,0.616,0.342
845,0.72,1,0.4,1.0,0,3,2263,1049,0.318,0.769
846,0.73,2,0.6,0.9294377357251006,0,3,965,2819,0.869,0.203
847,0.74,3,0.8,0.8793730124787341,0,3,3206,2282,0.073,0.63
848,0.73,2,0.6,0.9294377357251006,0,3,2980,3490,0.464,0.556
849,0.72,1,0.4,1.0,0,3,271,1684,0.727,0.114
850,0.73,1,0.6,1.0,0,2,1551,4763,0.211,0.914
851,0.75,11,1.0,0.6881837606825688,0,10,4261,456,0.972,0.472
852,0.73,2,0.6,0.9294377357251006,0,3,4134,4938,0.363,0.706
853,0.74,9,0.8,0.7199128086727454,0,9,1385,475,0.564,0.151
854,0.73,1,0.6,1.0,0,2,85,3706,0.124,0.815
855,0.73,3,0.6,0.8793730124787341,0,4,2834,1743,0.825,0.259
856,0.73,2,0.6,0.9294377357251006,0,3,3392,3112,0.718,0.426
857,0.73,1,0.6,1.0,0,2,1112,2418,0.481,0.997
858,0.73,1,0.6,1.0,0,2,2390,4340,0.956,0.037
859,0.75,5,1.0,0.8088107482038347,0,4,4670,1147,0.219,0.609
860,0.73,1,0.6,1.0,0,2,4719,3255,0.907,0.877
861,0.74,4,0.8,0.8405397961940113,0,4,1970,1292,0.143,0.446
862,0.73,1,0.6,1.0,0,2,751,4529,0.669,0.519
863,0.72,60,0.4,0.4052200087111619,0,43,3500,66,0.405,0.088
864,0.73,2,0.6,0.9294377357251006,0,3,2806,3851,0.013,0.225
865,0.74,2,0.8,0.9294377357251006,0,2,525,658,0.812,0.671
866,0.74,2,0.8,0.9294377357251006,0,2,1727,2586,0.251,0.364
867,0.74,2,0.8,0.9294377357251006,0,2,4008,1892,0.55,0.811
868,0.73,2,0.6,0.9294377357251006,0,3,3994,4834,0.02,0.254
869,0.73,2,0.6,0.9294377357251006,0,3,1743,391,0.781,0.822
870,0.73,1,0.6,1.0,0,2,539,3556,0.281,0.144
871,0.73,2,0.6,0.9294377357251006,0,3,2790,1612,0.543,0.711
872,0.73,2,0.6,0.9294377357251006,0,3,3487,2910,0.936,0.598
873,0.74,2,0.8,0.9294377357251006,0,2,767,2197,0.139,0.046
874,0.73,1,0.6,1.0,0,2,1984,4171,0.674,0.989
875,0.75,6,1.0,0.7819842203704589,0,5,4704,958,0.377,0.437
876,0.73,2,0.6,0.9294377357251006,0,3,4654,3381,0.687,0.081
877,0.73,2,0.6,0.9294377357251006,0,3,2403,1438,0.488,0.524
878,0.73,1,0.6,1.0,0,2,1127,4618,0.949,0.441
879,0.74,20,0.8,0.5907949685742936,0,20,3378,175,0.25,0.883
880,0.73,1,0.6,1.0,0,2,2818,4035,0.357,0.802
881,0.73,1,0.6,1.0,0,2,98,823,0.592,0.375
882,0.73,2,0.6,0.9294377357251006,0,3,1401,2812,0.096,0.661
883,0.74,3,0.8,0.8793730124787341,0,3,4121,2099,0.83,0.234
884,0.73,1,0.6,1.0,0,2,4287,2519,0.442,0.968
885,0.74,3,0.8,0.8793730124787341,0,3,1528,1963,0.742,0.396
886,0.72,1,0.4,1.0,0,3,245,3781,0.197,0.577
887,0.75,4,1.0,0.8405397961940113,0,3,3004,724,0.994,0.006
888,0.74,1,0.8,1.0,1,1,3232,4443,0.603,0.181
889,0.74,14,0.8,0.649350544397846,0,14,942,156,0.339,0.736
890,0.72,1,0.4,1.0,0,3,2237,3165,0.848,0.291
891,0.73,1,0.6,1.0,0,2,3901,2902,0.993,0.853
892,0.75,9,1.0,0.7199128086727454,0,8,465,249,0.089,0.118
893,0.73,2,0.6,0.9294377357251006,0,3,1861,4283,0.69,0.586
894,0.74,4,0.8,0.8405397961940113,0,4,2800,1319,0.344,0.322
895,0.73,2,0.6,0.9294377357251006,0,3,3218,4705,0.22,0.385
896,0.72,2,0.4,0.9294377357251006,0,4,2282,2050,0.815,0.648
897,0.74,2,0.8,0.9294377357251006,0,2,1176,3733,0.463,0.181
898,0.73,1,0.6,1.0,0,2,4615,765,0.618,0.914
899,0.74,2,0.8,0.9294377357251006,0,2,4984,3974,0.398,0.704
900,0.74,3,0.8,0.8793730124787341,0,3,924,1629,0.551,0.438
901,0.73,1,0.6,1.0,0,2,2026,2592,0.17,0.968
902,0.74,10,0.8,0.7033261728292319,0,10,3592,559,0.764,0.237
903,0.73,2,0.6,0.9294377357251006,0,3,3052,3423,0.639,0.049
904,0.74,2,0.8,0.9294377357251006,0,2,1492,1076,0.295,0.781
905,0.73,1,0.6,1.0,0,2,91,4394,0.925,0.251
906,0.74,4,0.8,0.8405397961940113,0,4,4157,2360,0.024,0.517
907,0.73,3,0.6,0.8793730124787341,0,4,4251,4639,0.504,0.137
908,0.73,1,0.6,1.0,0,2,195,2291,0.407,0.9
909,0.73,3,0.6,0.8793730124787341,0,4,1271,3179,0.806,0.433
910,0.74,4,0.8,0.8405397961940113,0,4,2840,1144,0.151,0.667
911,0.73,2,0.6,0.9294377357251006,0,3,3644,2680,0.277,0.605
912,0.73,2,0.6,0.9294377357251006,0,3,2088,335,0.681,0.369
913,0.73,2,0.6,0.9294377357251006,0,3,667,3885,0.032,0.838
914,0.74,5,0.8,0.8088107482038347,0,5,4736,1853,0.877,0.075
915,0.74,3,0.8,0.8793730124787341,0,3,4397,3489,0.108,0.3
916,0.74,3,0.8,0.8793730124787341,0,3,967,834,0.951,0.534
917,0.73,1,0.6,1.0,0,2,2374,4949,0.335,0.003
918,0.73,2,0.6,0.9294377357251006,0,3,3319,1982,0.738,0.769
919,0.73,1,0.6,1.0,0,2,2540,4196,0.863,0.956
920,0.75,4,1.0,0.8405397961940113,0,3,1611,1543,0.211,0.191
921,0.72,1,0.4,1.0,0,3,520,2990,0.576,0.72
922,0.7,257,0.0,0.15425677735129983,0,55,3965,24,0.482,0.488
923,0.73,3,0.6,0.8793730124787341,0,4,4020,4329,0.188,0.087
924,0.73,1,0.6,1.0,0,2,579,1360,0.777,0.821
925,0.74,3,0.8,0.8793730124787341,0,3,1667,2860,0.381,0.354
926,0.74,11,0.8,0.6881837606825688,0,11,2602,202,0.538,0.617
927,0.73,1,0.6,1.0,0,2,3416,3632,0.912,0.68
928,0.74,3,0.8,0.8793730124787341,0,3,2475,660,0.006,0.415
929,0.73,1,0.6,1.0,0,2,1061,4809,0.653,0.884
930,0.74,3,0.8,0.8793730124787341,0,3,4495,2149,0.313,0.15
931,0.74,3,0.8,0.8793730124787341,0,3,4791,2545,0.704,0.469
932,0.74,3,0.8,0.8793730124787341,0,3,726,517,0.362,0.736
933,0.73,1,0.6,1.0,0,2,2145,4014,0.979,0.205
934,0.73,2,0.6,0.9294377357251006,0,3,3706,1675,0.072,0.937
935,0.73,1,0.6,1.0,0,2,2936,4494,0.446,0.75
936,0.74,3,0.8,0.8793730124787341,0,3,1372,2464,0.605,0.018
937,0.72,1,0.4,1.0,0,3,289,3318,0.237,0.548
938,0.75,6,1.0,0.7819842203704589,0,5,4350,975,0.829,0.283
939,0.73,1,0.6,1.0,0,2,4141,3210,0.318,0.932
940,0.72,1,0.4,1.0,0,3,70,1180,0.724,0.168
941,0.73,2,0.6,0.9294377357251006,0,3,1474,4601,0.126,0.636
942,0.74,2,0.8,0.9294377357251006,0,2,3028,2259,0.965,0.401
943,0.73,2,0.6,0.9294377357251006,0,3,3456,3751,0.59,0.339
944,0.74,3,0.8,0.8793730124787341,0,3,1886,1723,0.499,0.573
945,0.72,1,0.4,1.0,0,3,791,2809,0.85,0.106
946,0.75,7,1.0,0.7587460249574682,0,6,4846,468,0.194,0.869
947,0.73,2,0.6,0.9294377357251006,0,3,4599,4916,0.792,0.502
948,0.74,2,0.8,0.9294377357251006,0,2,1155,1944,0.134,0.27
949,0.73,1,0.6,1.0,0,2,2264,3525,0.517,0.799
950,0.75,4,1.0,0.8405397961940113,0,3,3195,865,0.425,0.035
951,0.73,1,0.6,1.0,0,2,2664,3123,0.05,0.221
952,0.74,5,0.8,0.8088107482038347,0,5,1720,153,0.891,0.987
953,0.73,1,0.6,1.0,0,2,332,4066,0.259,0.456
954,0.73,2,0.6,0.9294377357251006,0,3,3762,1408,0.668,0.69
955,0.73,2,0.6,0.9294377357251006,0,3,3801,4790,0.288,0.28
956,0.73,1,0.6,1.0,0,2,371,2130,0.63,0.515
957,0.73,2,0.6,0.9294377357251006,0,3,1758,3653,0.029,0.048
958,0.73,1,0.6,1.0,0,2,2704,680,0.936,0.81
959,0.73,2,0.6,0.9294377357251006,0,3,3155,2841,0.562,0.998
960,0.75,5,1.0,0.8088107482038347,0,4,2225,183,0.403,0.234
961,0.73,1,0.6,1.0,0,2,1115,4349,0.755,0.702
962,0.75,5,1.0,0.8088107482038347,0,4,4560,1380,0.164,0.467
963,0.73,3,0.6,0.8793730124787341,0,4,4885,3338,0.82,0.163
964,0.73,1,0.6,1.0,0,2,829,995,0.23,0.929
965,0.73,2,0.6,0.9294377357251006,0,3,1925,4475,0.612,0.398
966,0.74,2,0.8,0.9294377357251006,0,2,3494,2445,0.455,0.631
967,0.73,1,0.6,1.0,0,2,2989,4035,0.08,0.569
968,0.75,3,1.0,0.8793730124787341,0,2,1434,1695,0.986,0.336
969,0.73,1,0.6,1.0,0,2,32,2526,0.355,0.866
970,0.75,10,1.0,0.7033261728292319,0,9,4101,498,0.696,0.101
971,0.73,3,0.6,0.8793730124787341,0,4,4310,2750,0.216,0.747
972,0.74,3,0.8,0.8793730124787341,0,3,250,410,0.873,0.482
973,0.73,1,0.6,1.0,0,2,1332,3810,0.476,0.95
974,0.74,3,0.8,0.8793730124787341,0,3,2898,1783,0.568,0.216
975,0.73,1,0.6,1.0,0,2,3745,4544,0.942,0.029
976,0.73,1,0.6,1.0,0,2,2185,2201,0.101,0.762
977,0.73,2,0.6,0.9294377357251006,0,3,765,3270,0.749,0.295
978,0.74,6,0.8,0.7819842203704589,0,6,4830,1239,0.341,0.559
979,0.73,1,0.6,1.0,0,2,4457,4125,0.674,0.816
980,0.74,2,0.8,0.9294377357251006,0,2,1021,1468,0.267,0.084
981,0.73,2,0.6,0.9294377357251006,0,3,2436,3066,0.883,0.614
982,0.73,35,0.6,0.4969945088864035,0,31,3376,95,0.044,0.349
983,0.73,2,0.6,0.9294377357251006,0,3,2642,3584,0.417,0.41
984,0.74,3,0.8,0.8793730124787341,0,3,1706,924,0.508,0.677
985,0.73,1,0.6,1.0,0,2,619,4858,0.143,0.147
986,0.73,1,0.6,1.0,0,2,4058,1886,0.799,0.879
987,0.73,2,0.6,0.9294377357251006,0,3,3926,3674,0.595,0.547
988,0.74,4,0.8,0.8405397961940113,0,4,481,706,0.441,0.311
989,0.73,1,0.6,1.0,0,2,1571,4762,0.837,0.779
990,0.74,2,0.8,0.9294377357251006,0,2,2501,2108,0.244,0.016
991,0.73,2,0.6,0.9294377357251006,0,3,3358,4224,0.369,0.203
992,0.73,1,0.6,1.0,0,2,2414,1259,0.713,0.966
993,0.73,2,0.6,0.9294377357251006,0,3,1006,2960,0.067,0.499
994,0.73,2,0.6,0.9294377357251006,0,3,4436,307,0.968,0.733
995,0.73,3,0.6,0.8793730124787341,0,4,4698,4453,0.015,0.897
996,0.73,2,0.6,0.9294377357251006,0,3,627,2418,0.919,0.132
997,0.73,1,0.6,1.0,0,2,2050,3364,0.302,0.662
998,0.75,5,1.0,0.8088107482038347,0,4,3605,1016,0.648,0.43
999,0.73,2,0.6,0.9294377357251006,0,3,2880,2650,0.773,0.367
1000,0.75,6,1.0,0.7819842203704589,0,5,1310,617,0.177,0.6
1001,0.73,1,0.6,1.0,0,2,235,3914,0.544,0.07
1002,0.73,1,0.6,1.0,0,2,4289,1570,0.389,0.835
1003,0.73,2,0.6,0.9294377357251006,0,3,4195,3865,0.9,0.451
1004,0.71,1,0.2,1.0,0,4,131,1833,0.057,0.715
1005,0.74,3,0.8,0.8793730124787341,0,3,1530,2699,0.656,0.247
1006,0.73,2,0.6,0.9294377357251006,0,3,3091,353,0.254,0.981
1007,0.73,3,0.6,0.8793730124787341,0,4,3552,3159,0.13,0.794
1008,0.74,6,0.8,0.7819842203704589,0,6,1988,1124,0.782,0.06
1009,0.73,2,0.6,0.9294377357251006,0,3,885,4658,0.431,0.528
1010,0.74,3,0.8,0.8793730124787341,0,3,4945,2311,0.525,0.264
1011,0.74,2,0.8,0.9294377357251006,0,2,4655,3009,0.489,0.115
1012,0.73,38,0.6,0.48306484002169847,0,34,1214,43,0.586,0.848
1013,0.72,1,0.4,1.0,0,3,2322,4175,0.202,0.317
1014,0.74,3,0.8,0.8793730124787341,0,3,3257,1523,0.856,0.583
1015,0.73,1,0.6,1.0,0,2,2762,4968,0.732,0.646
1016,0.74,4,0.8,0.8405397961940113,0,4,1821,2000,0.327,0.38
1017,0.73,1,0.6,1.0,0,2,426,3469,0.959,0.909
1018,0.75,7,1.0,0.7587460249574682,0,6,3861,814,0.115,0.178
1019,0.73,1,0.6,1.0,0,2,3832,3989,0.742,0.974
1020,0.73,2,0.6,0.9294377357251006,0,3,396,1642,0.34,0.243
1021,0.73,1,0.6,1.0,0,2,1811,2578,0.939,0.71
1022,0.75,6,1.0,0.7819842203704589,0,5,2751,543,0.096,0.444
1023,0.73,2,0.6,0.9294377357251006,0,3,3267,3290,0.47,0.257
1024,0.74,2,0.8,0.9294377357251006,0,2,2331,944,0.565,0.523
1025,0.73,2,0.6,0.9294377357251006,0,3,1244,4525,0.215,0.055
1026,0.73,1,0.6,1.0,0,2,4683,2492,0.867,0.787
1027,0.74,3,0.8,0.8793730124787341,0,3,4935,2888,0.148,0.592
1028,0.74,14,0.8,0.649350544397846,0,14,875,232,0.802,0.328
1029,0.73,2,0.6,0.9294377357251006,0,3,1957,4299,0.419,0.859
1030,0.74,5,0.8,0.8088107482038347,0,5,3523,1332,0.515,0.124
1031,0.73,2,0.6,0.9294377357251006,0,3,3119,4835,0.89,0.187
1032,0.73,3,0.6,0.8793730124787341,0,4,1560,2182,0.045,0.92
1033,0.73,1,0.6,1.0,0,2,140,3600,0.677,0.39
1034,0.74,9,0.8,0.7199128086727454,0,9,4205,634,0.272,0.654
1035,0.73,3,0.6,0.8793730124787341,0,4,4260,3551,0.752,0.005
1036,0.73,2,0.6,0.9294377357251006,0,3,204,898,0.159,0.771
1037,0.73,2,0.6,0.9294377357251006,0,3,1300,4884,0.555,0.302
1038,0.73,3,0.6,0.8793730124787341,0,4,2869,1919,0.402,0.536
1039,0.73,2,0.6,0.9294377357251006,0,3,3614,4094,0.028,0.722
1040,0.73,2,0.6,0.9294377357251006,0,3,2059,1439,0.93,0.49
1041,0.73,1,0.6,1.0,0,2,657,3093,0.283,0.958
1042,0.73,43,0.6,0.46207219778670017,0,37,4726,125,0.627,0.193
1043,0.73,2,0.6,0.9294377357251006,0,3,4426,4573,0.357,0.435
1044,0.73,2,0.6,0.9294377357251006,0,3,996,2229,0.703,0.669
1045,0.73,2,0.6,0.9294377357251006,0,3,2383,3241,0.085,0.139
1046,0.73,2,0.6,0.9294377357251006,0,3,3329,1208,0.988,0.902
1047,0.72,2,0.4,0.9294377357251006,0,4,2530,2783,0.615,0.84
1048,0.75,11,1.0,0.6881837606825688,0,10,1600,435,0.46,0.076
1049,0.72,2,0.4,0.9294377357251006,0,4,490,3784,0.827,0.607
1050,0.74,88,0.8,0.33947877175303787,0,27,3936,1749,0.231,0.371
1051,0.73,3,0.6,0.8793730124787341,0,4,4030,2600,0.436,0.211
1052,0.73,1,0.6,1.0,0,2,589,570,0.529,0.943
1053,0.73,3,0.6,0.8793730124787341,0,4,1697,3963,0.13,0.475
1054,0.73,1,0.6,1.0,0,2,2632,1620,0.788,0.741
1055,0.73,2,0.6,0.9294377357251006,0,3,3387,4401,0.663,0.554
1056,0.73,2,0.6,0.9294377357251006,0,3,2446,2373,0.255,0.288
1057,0.73,2,0.6,0.9294377357251006,0,3,1051,3410,0.903,0.756
1058,0.75,8,1.0,0.7382484839289353,0,7,4486,1069,0.062,0.024
1059,0.73,2,0.6,0.9294377357251006,0,3,4820,4277,0.952,0.36
1060,0.74,3,0.8,0.8793730124787341,0,3,756,1305,0.113,0.623
1061,0.73,1,0.6,1.0,0,2,2155,2915,0.729,0.093
1062,0.74,21,0.8,0.582699185307966,0,21,3716,255,0.322,0.827
1063,0.73,1,0.6,1.0,0,2,2927,3725,0.197,0.889
1064,0.75,7,1.0,0.7587460249574682,0,6,1363,754,0.853,0.155
1065,0.73,1,0.6,1.0,0,2,260,4716,0.488,0.686
1066,0.74,5,0.8,0.8088107482038347,0,5,4320,2058,0.578,0.421
1067,0.73,3,0.6,0.8793730124787341,0,4,4072,4940,0.067,0.801
1068,0.73,1,0.6,1.0,0,2,2,1971,0.975,0.037
1069,0.73,2,0.6,0.9294377357251006,0,3,1425,3500,0.374,0.504
1070,0.75,4,1.0,0.8405397961940113,0,3,2980,842,0.716,0.271
1071,0.73,3,0.6,0.8793730124787341,0,4,3505,2984,0.84,0.458
1072,0.71,625,0.2,0.0,0,58,1935,11,0.249,0.692
1073,0.73,2,0.6,0.9294377357251006,0,3,860,4209,0.601,0.223
1074,0.73,1,0.6,1.0,0,2,4914,1549,0.442,0.989
1075,0.73,2,0.6,0.9294377357251006,0,3,4551,3185,0.541,0.638
1076,0.74,5,0.8,0.8088107482038347,0,5,1106,1157,0.384,0.403
1077,0.73,1,0.6,1.0,0,2,2196,4625,0.766,0.934
1078,0.73,2,0.6,0.9294377357251006,0,3,3126,2285,0.176,0.17
1079,0.73,2,0.6,0.9294377357251006,0,3,2733,3894,0.3,0.108
1080,0.73,1,0.6,1.0,0,2,1789,1864,0.64,0.87
1081,0.73,2,0.6,0.9294377357251006,0,3,381,2669,0.011,0.341
1082,0.75,15,1.0,0.6381190374362024,0,13,3811,326,0.916,0.575
1083,0.73,2,0.6,0.9294377357251006,0,3,3772,3390,0.039,0.392
1084,0.72,2,0.4,0.9294377357251006,0,4,342,1049,0.879,0.625
1085,0.73,2,0.6,0.9294377357251006,0,3,1749,4420,0.279,0.157
1086,0.73,1,0.6,1.0,0,2,2694,2392,0.686,0.923
1087,0.73,1,0.6,1.0,0,2,3165,3942,0.81,0.86
1088,0.72,2,0.4,0.9294377357251006,0,4,2236,1600,0.154,0.096
1089,0.73,2,0.6,0.9294377357251006,0,3,1145,2619,0.505,0.563
1090,0.75,13,1.0,0.661357232849193,0,12,4590,589,0.414,0.33
1091,0.74,2,0.8,0.9294377357251006,0,2,4876,4734,0.571,0.042
1092,0.74,2,0.8,0.9294377357251006,0,2,820,2077,0.479,0.804
1093,0.74,3,0.8,0.8793730124787341,0,3,1896,3705,0.863,0.275
1094,0.74,6,0.8,0.7819842203704589,0,6,3465,734,0.205,0.509
1095,0.73,2,0.6,0.9294377357251006,0,3,3019,2934,0.329,0.696
1096,0.74,21,0.8,0.582699185307966,0,21,1463,274,0.737,0.461
1097,0.73,2,0.6,0.9294377357251006,0,3,42,4257,0.105,0.992
1098,0.75,6,1.0,0.7819842203704589,0,5,4111,1285,0.946,0.228
1099,0.73,2,0.6,0.9294377357251006,0,3,4359,4150,0.466,0.612
1100,0.73,2,0.6,0.9294377357251006,0,3,299,1490,0.623,0.347
1101,0.74,2,0.8,0.9294377357251006,0,2,1401,3042,0.227,0.814
1102,0.72,48,0.4,0.4433414532196519,0,40,2967,69,0.817,0.082
1103,0.73,2,0.6,0.9294377357251006,0,3,3677,3441,0.691,0.145
1104,0.73,2,0.6,0.9294377357251006,0,3,2117,783,0.351,0.877
1105,0.72,2,0.4,0.9294377357251006,0,4,716,4998,0.998,0.409
1106,0.74,4,0.8,0.8405397961940113,0,4,4782,2028,0.092,0.675
1107,0.73,1,0.6,1.0,0,2,4526,2727,0.924,0.948
1108,0.74,7,0.8,0.7587460249574682,0,7,1090,384,0.017,0.214
1109,0.72,1,0.4,1.0,0,3,2486,3835,0.634,0.745
1110,0.75,4,1.0,0.8405397961940113,0,3,3425,1805,0.292,0.48
1111,0.73,1,0.6,1.0,0,2,2593,4683,0.167,0.293
1112,0.74,3,0.8,0.8793730124787341,0,3,1658,2344,0.758,0.557
1113,0.73,1,0.6,1.0,0,2,551,3126,0.392,0.027
1114,0.73,2,0.6,0.9294377357251006,0,3,3990,1098,0.551,0.761
1115,0.73,2,0.6,0.9294377357251006,0,3,3974,4467,0.845,0.656
1116,0.73,2,0.6,0.9294377357251006,0,3,530,2434,0.191,0.424
1117,0.73,2,0.6,0.9294377357251006,0,3,1639,3349,0.589,0.891
1118,0.74,3,0.8,0.8793730124787341,0,3,2570,1004,0.492,0.126
1119,0.73,2,0.6,0.9294377357251006,0,3,3289,2520,0.119,0.064
1120,0.72,1,0.4,1.0,0,3,2345,485,0.964,0.829
1121,0.73,2,0.6,0.9294377357251006,0,3,957,4048,0.315,0.361
1122,0.75,4,1.0,0.8405397961940113,0,3,4387,1701,0.72,0.594
1123,0.74,2,0.8,0.9294377357251006,0,2,4766,3659,0.266,0.773
1124,0.75,4,1.0,0.8405397961940113,0,3,695,693,0.668,0.01
1125,0.73,1,0.6,1.0,0,2,2099,4777,0.053,0.541
1126,0.74,3,0.8,0.8793730124787341,0,3,3653,2124,0.896,0.305
1127,0.73,1,0.6,1.0,0,2,2831,4358,0.522,0.493
1128,0.74,2,0.8,0.9294377357251006,0,2,1261,1391,0.428,0.727
1129,0.73,1,0.6,1.0,0,2,166,2830,0.793,0.198
1130,0.74,23,0.8,0.5675567731613029,0,23,4221,175,0.14,0.96
1131,0.73,2,0.6,0.9294377357251006,0,3,4166,3074,0.652,0.315
1132,0.75,4,1.0,0.8405397961940113,0,3,101,106,0.306,0.582
1133,0.73,42,0.6,0.466073016668731,0,36,1520,4114,0.907,0.113
1134,0.74,3,0.8,0.8793730124787341,0,3,3081,1459,0.003,0.846
1135,0.73,1,0.6,1.0,0,2,3561,4864,0.378,0.907
1136,0.74,3,0.8,0.8793730124787341,0,3,1997,1900,0.533,0.176
1137,0.73,2,0.6,0.9294377357251006,0,3,914,3571,0.18,0.644
1138,0.75,6,1.0,0.7819842203704589,0,5,4975,918,0.776,0.378
1139,0.74,2,0.8,0.9294377357251006,0,2,4645,3804,0.241,0.245
1140,0.73,26,0.6,0.5470592321327701,0,25,1204,1769,0.834,0.979
1141,0.72,1,0.4,1.0,0,3,2292,2764,0.452,0.449
1142,0.74,4,0.8,0.8405397961940113,0,4,3227,416,0.605,0.713
1143,0.74,1,0.8,1.0,1,1,2791,3261,0.98,0.526
1144,0.75,4,1.0,0.8405397961940113,0,3,1850,1228,0.078,0.262
1145,0.73,2,0.6,0.9294377357251006,0,3,436,4555,0.709,0.792
1146,0.74,3,0.8,0.8793730124787341,0,3,3870,2210,0.365,0.058
1147,0.73,2,0.6,0.9294377357251006,0,3,3880,4564,0.189,0.596
1148,0.73,1,0.6,1.0,0,2,449,2220,0.847,0.363
1149,0.73,2,0.6,0.9294377357251006,0,3,1838,3251,0.494,0.831
1150,0.74,2,0.8,0.9294377357251006,0,2,2782,1218,0.587,0.066
1151,0.73,47,0.6,0.44692978564003694,0,39,3234,2774,0.962,0.128
1152,0.74,3,0.8,0.8793730124787341,0,3,2303,426,0.121,0.893
1153,0.74,1,0.8,1.0,1,1,1194,3794,0.722,0.426
1154,0.74,63,0.8,0.3968650623936706,0,26,4638,1759,0.313,0.658
1155,0.73,1,0.6,1.0,0,2,4963,3561,0.67,0.962
1156,0.75,3,1.0,0.8793730124787341,0,2,909,908,0.264,0.2
1157,0.73,1,0.6,1.0,0,2,2003,4874,0.894,0.729
1158,0.74,3,0.8,0.8793730124787341,0,3,3573,1909,0.055,0.495
1159,0.73,1,0.6,1.0,0,2,3067,4104,0.43,0.307
1160,0.74,4,0.8,0.8405397961940113,0,4,1513,1449,0.52,0.543
1161,0.73,1,0.6,1.0,0,2,110,3084,0.138,0.012
1162,0.73,37,0.6,0.4875853008445986,0,33,4180,116,0.795,0.775
1163,0.74,3,0.8,0.8793730124787341,0,3,4232,2820,0.308,0.376
1164,0.75,4,1.0,0.8405397961940113,0,3,172,165,0.65,0.642
1165,0.74,1,0.8,1.0,1,1,1255,4368,0.001,0.174
1166,0.73,1,0.6,1.0,0,2,2820,1400,0.909,0.906
1167,0.73,1,0.6,1.0,0,2,3667,4767,0.535,0.844
1168,0.71,1,0.2,1.0,0,4,2107,2115,0.376,0.111
1169,0.73,1,0.6,1.0,0,2,688,3668,0.774,0.58
1170,0.74,9,0.8,0.7199128086727454,0,9,4752,703,0.182,0.313
1171,0.74,2,0.8,0.9294377357251006,0,2,4378,4058,0.832,0.056
1172,0.73,1,0.6,1.0,0,2,944,1711,0.243,0.79
1173,0.73,2,0.6,0.9294377357251006,0,3,2358,2510,0.607,0.26
1174,0.75,8,1.0,0.7382484839289353,0,7,3299,475,0.45,0.524
1175,0.73,1,0.6,1.0,0,2,2563,3359,0.077,0.711
1176,0.74,4,0.8,0.8405397961940113,0,4,1629,1013,0.982,0.447
1177,0.73,1,0.6,1.0,0,2,540,4457,0.367,0.977
1178,0.74,2,0.8,0.9294377357251006,0,2,3981,2425,0.707,0.243
1179,0.73,2,0.6,0.9294377357251006,0,3,4004,3136,0.88,0.332
1180,0.74,2,0.8,0.9294377357251006,0,2,559,1108,0.037,0.565
1181,0.73,1,0.6,1.0,0,2,1649,4674,0.684,0.097
1182,0.73,2,0.6,0.9294377357251006,0,3,2579,2334,0.281,0.862
1183,0.73,2,0.6,0.9294377357251006,0,3,3436,3845,0.156,0.925
1184,0.73,2,0.6,0.9294377357251006,0,3,2491,1815,0.808,0.159
1185,0.73,2,0.6,0.9294377357251006,0,3,1084,2717,0.412,0.627
1186,0.75,13,1.0,0.661357232849193,0,12,4513,374,0.507,0.394
1187,0.73,2,0.6,0.9294377357251006,0,3,4775,4988,0.477,0.23
1188,0.73,1,0.6,1.0,0,2,706,2019,0.573,0.994
1189,0.73,1,0.6,1.0,0,2,2127,3451,0.206,0.463
1190,0.74,3,0.8,0.8793730124787341,0,3,3683,793,0.861,0.698
1191,0.73,1,0.6,1.0,0,2,2957,3032,0.735,0.511
1192,0.72,67,0.4,0.3863146833335913,0,47,1388,59,0.331,0.277
1193,0.73,1,0.6,1.0,0,2,312,4160,0.948,0.806
1194,0.75,4,1.0,0.8405397961940113,0,3,4368,1500,0.103,0.044
1195,0.73,1,0.6,1.0,0,2,4118,4247,0.621,0.673
1196,0.73,1,0.6,1.0,0,2,52,1275,0.468,0.407
1197,0.73,1,0.6,1.0,0,2,1453,2944,0.819,0.875
1198,0.74,12,0.8,0.6742540918178637,0,12,3012,284,0.225,0.143
1199,0.73,2,0.6,0.9294377357251006,0,3,3474,3695,0.349,0.081
1200,0.73,1,0.6,1.0,0,2,1909,724,0.693,0.812
1201,0.73,2,0.6,0.9294377357251006,0,3,807,4744,0.094,0.345
1202,0.73,2,0.6,0.9294377357251006,0,3,4867,2087,0.996,0.61
1203,0.74,3,0.8,0.8793730124787341,0,3,4576,2629,0.019,0.759
1204,0.75,5,1.0,0.8088107482038347,0,4,1137,599,0.922,0.025
1205,0.73,1,0.6,1.0,0,2,2243,3933,0.29,0.555
1206,0.75,76,1.0,0.36468340567842494,0,16,3179,1590,0.636,0.291
1207,0.73,1,0.6,1.0,0,2,2683,4429,0.76,0.478
1208,0.74,2,0.8,0.9294377357251006,0,2,1743,2402,0.165,0.743
1209,0.72,1,0.4,1.0,0,3,347,3380,0.549,0.212
1210,0.73,1,0.6,1.0,0,2,3783,1039,0.394,0.946
1211,0.74,3,0.8,0.8793730124787341,0,3,3821,2659,0.531,0.022
1212,0.74,4,0.8,0.8405397961940113,0,4,387,316,0.434,0.754
1213,0.73,2,0.6,0.9294377357251006,0,3,1782,3904,0.786,0.286
1214,0.74,2,0.8,0.9294377357251006,0,2,2722,1874,0.132,0.552
1215,0.73,1,0.6,1.0,0,2,3139,4615,0.256,0.74
1216,0.72,1,0.4,1.0,0,3,2205,2276,0.661,0.473
1217,0.73,2,0.6,0.9294377357251006,0,3,1097,3195,0.06,0.941
1218,0.75,4,1.0,0.8405397961940113,0,3,4537,1167,0.905,0.209
1219,0.74,2,0.8,0.9294377357251006,0,2,4906,4219,0.111,0.419
1220,0.73,2,0.6,0.9294377357251006,0,3,845,1559,0.954,0.684
1221,0.74,2,0.8,0.9294377357251006,0,2,1948,2974,0.324,0.153
1222,0.73,1,0.6,1.0,0,2,2974,3510,0.851,0.825
1223,0.74,5,0.8,0.8088107482038347,0,5,1413,852,0.199,0.091
1224,0.73,1,0.6,1.0,0,2,13,4931,0.58,0.621
1225,0.74,3,0.8,0.8793730124787341,0,3,4078,1961,0.486,0.358
1226,0.73,1,0.6,1.0,0,2,4328,4725,0.973,0.991
1227,0.73,1,0.6,1.0,0,2,273,2068,0.069,0.225
1228,0.73,1,0.6,1.0,0,2,1348,3715,0.718,0.694
1229,0.75,3,1.0,0.8793730124787341,0,2,2919,745,0.372,0.46
1230,0.73,2,0.6,0.9294377357251006,0,3,3721,2925,0.247,0.273
1231,0.74,3,0.8,0.8793730124787341,0,3,2167,265,0.842,0.506
1232,0.74,1,0.8,1.0,1,1,744,4268,0.444,0.039
1233,0.74,2,0.8,0.9294377357251006,0,2,4815,1295,0.599,0.803
1234,0.74,3,0.8,0.8793730124787341,0,3,4475,3400,0.386,0.577
1235,0.74,3,0.8,0.8793730124787341,0,3,1044,1060,0.539,0.343
1236,0.73,1,0.6,1.0,0,2,2452,4410,0.174,0.872
1237,0.74,2,0.8,0.9294377357251006,0,2,3397,2383,0.768,0.11
1238,0.73,1,0.6,1.0,0,2,2618,3953,0.642,0.172
1239,0.73,1,0.6,1.0,0,2,1688,1610,0.298,0.936
1240,0.73,2,0.6,0.9294377357251006,0,3,598,2610,0.914,0.405
1241,0.75,8,1.0,0.7382484839289353,0,7,4042,580,0.013,0.64
1242,0.73,2,0.6,0.9294377357251006,0,3,3941,3774,0.338,0.785
1243,0.73,2,0.6,0.9294377357251006,0,3,502,1739,0.744,0.053
1244,0.74,2,0.8,0.9294377357251006,0,2,1589,2793,0.098,0.521
1245,0.75,4,1.0,0.8405397961940113,0,3,2525,445,0.937,0.255
1246,0.73,2,0.6,0.9294377357251006,0,3,3337,3231,0.563,0.442
1247,0.72,1,0.4,1.0,0,3,2398,1198,0.472,0.708
1248,0.73,1,0.6,1.0,0,2,982,4583,0.869,0.241
1249,0.73,1,0.6,1.0,0,2,4418,2238,0.213,0.972
1250,0.73,2,0.6,0.9294377357251006,0,3,4713,3103,0.804,0.652
1251,0.74,18,0.8,0.6082122883658645,0,18,648,135,0.146,0.389
1252,0.73,1,0.6,1.0,0,2,2068,4084,0.513,0.918
1253,0.75,4,1.0,0.8405397961940113,0,3,3628,1429,0.421,0.185
1254,0.73,1,0.6,1.0,0,2,2859,4893,0.047,0.122
1255,0.73,1,0.6,1.0,0,2,1294,1929,0.888,0.857
1256,0.73,1,0.6,1.0,0,2,212,3541,0.27,0.326
1257,0.75,6,1.0,0.7819842203704589,0,5,4271,888,0.679,0.59
1258,0.74,2,0.8,0.9294377357251006,0,2,4218,3609,0.161,0.195
1259,0.73,1,0.6,1.0,0,2,149,644,0.75,0.959
1260,0.73,1,0.6,1.0,0,2,1551,4825,0.4,0.492
1261,0.73,2,0.6,0.9294377357251006,0,3,3107,2172,0.557,0.724
1262,0.73,1,0.6,1.0,0,2,3534,4308,0.932,0.538
1263,0.75,4,1.0,0.8405397961940113,0,3,1964,1341,0.026,0.304
1264,0.72,1,0.4,1.0,0,3,869,2878,0.625,0.773
1265,0.74,21,0.8,0.582699185307966,0,21,4925,223,0.285,0.007
1266,0.73,2,0.6,0.9294377357251006,0,3,4678,4515,0.701,0.373
1267,0.73,2,0.6,0.9294377357251006,0,3,1233,2483,0.359,0.609
1268,0.72,1,0.4,1.0,0,3,2343,3299,0.99,0.078
1269,0.74,5,0.8,0.8088107482038347,0,5,3272,954,0.083,0.842
1270,0.73,1,0.6,1.0,0,2,2743,2568,0.458,0.904
1271,0.74,226,0.8,0.17653402081024216,0,28,1798,533,0.617,0.141
1272,0.73,1,0.6,1.0,0,2,410,3998,0.233,0.671
1273,0.74,4,0.8,0.8405397961940113,0,4,3840,1651,0.825,0.436
1274,0.73,2,0.6,0.9294377357251006,0,3,3850,3459,0.439,0.731
1275,0.74,3,0.8,0.8793730124787341,0,3,419,804,0.596,0.497
1276,0.73,1,0.6,1.0,0,2,1827,4977,0.246,0.964
1277,0.74,2,0.8,0.9294377357251006,0,2,2772,2010,0.835,0.201
1278,0.73,2,0.6,0.9294377357251006,0,3,3243,4166,0.711,0.014
1279,0.72,1,0.4,1.0,0,3,2313,1513,0.371,0.777
1280,0.73,2,0.6,0.9294377357251006,0,3,1223,3019,0.97,0.309
1281,0.71,99,0.2,0.319198629824225,0,52,4667,53,0.065,0.545
1282,0.73,1,0.6,1.0,0,2,4953,4667,0.921,0.833
1283,0.73,3,0.6,0.8793730124787341,0,4,898,2320,0.013,0.068
1284,0.74,2,0.8,0.9294377357251006,0,2,1973,3149,0.646,0.598
1285,0.75,4,1.0,0.8405397961940113,0,3,3544,1114,0.303,0.365
1286,0.73,2,0.6,0.9294377357251006,0,3,3096,2708,0.179,0.428
1287,0.74,7,0.8,0.7587460249574682,0,7,1542,363,0.771,0.66
1288,0.73,1,0.6,1.0,0,2,119,3856,0.387,0.13
1289,0.73,2,0.6,0.9294377357251006,0,3,4190,1824,0.546,0.895
1290,0.74,3,0.8,0.8793730124787341,0,3,4281,3924,0.059,0.266
1291,0.72,1,0.4,1.0,0,3,220,1579,0.898,0.53
1292,0.73,2,0.6,0.9294377357251006,0,3,1323,2640,0.252,0.062
1293,0.73,2,0.6,0.9294377357251006,0,3,2888,607,0.658,0.796
1294,0.73,1,0.6,1.0,0,2,3599,3374,0.783,0.983
1295,0.72,1,0.4,1.0,0,3,2038,1026,0.128,0.249
1296,0.72,1,0.4,1.0,0,3,638,4443,0.523,0.717
1297,0.74,3,0.8,0.8793730124787341,0,3,4703,2408,0.433,0.453
1298,0.74,2,0.8,0.9294377357251006,0,2,4446,2950,0.584,0.18
1299,0.73,2,0.6,0.9294377357251006,0,3,1012,297,0.491,0.911
1300,0.72,1,0.4,1.0,0,3,2407,4234,0.858,0.382
1301,0.75,3,1.0,0.8793730124787341,0,2,3347,1269,0.2,0.648
1302,0.73,1,0.6,1.0,0,2,2514,4753,0.325,0.586
1303,0.74,2,0.8,0.9294377357251006,0,2,1579,2098,0.734,0.319
1304,0.73,1,0.6,1.0,0,2,472,3684,0.116,0.85
1305,0.75,7,1.0,0.7587460249574682,0,6,3912,716,0.957,0.117
1306,0.73,1,0.6,1.0,0,2,4053,4849,0.632,0.465
1307,0.73,1,0.6,1.0,0,2,608,1877,0.286,0.7
1308,0.74,2,0.8,0.9294377357251006,0,2,1718,3594,0.934,0.232
1309,0.73,6,0.6,0.7819842203704589,0,7,2647,934,0.031,0.996
1310,0.73,1,0.6,1.0,0,2,3368,3056,0.405,0.808
1311,0.74,15,0.8,0.6381190374362024,0,15,2423,86,0.56,0.046
1312,0.73,1,0.6,1.0,0,2,1035,4135,0.162,0.513
1313,0.74,4,0.8,0.8405397961940113,0,4,4465,1477,0.757,0.278
1314,0.73,2,0.6,0.9294377357251006,0,3,4843,3279,0.228,0.099
1315,0.73,1,0.6,1.0,0,2,774,1249,0.822,0.864
1316,0.73,1,0.6,1.0,0,2,2176,4534,0.457,0.334
1317,0.74,2,0.8,0.9294377357251006,0,2,3732,2192,0.61,0.567
1318,0.73,1,0.6,1.0,0,2,2909,3820,0.984,0.629
1319,0.74,3,0.8,0.8793730124787341,0,3,1339,1792,0.082,0.396
1320,0.73,1,0.6,1.0,0,2,244,2741,0.698,0.927
1321,0.74,20,0.8,0.5907949685742936,0,20,4300,400,0.353,0.161
1322,0.74,2,0.8,0.9294377357251006,0,2,4088,2536,0.871,0.561
1323,0.72,1,0.4,1.0,0,3,23,508,0.218,0.297
1324,0.72,1,0.4,1.0,0,3,1443,4025,0.57,0.764
1325,0.74,3,0.8,0.8793730124787341,0,3,3003,1685,0.474,0.031
1326,0.73,2,0.6,0.9294377357251006,0,3,3484,4485,0.099,0.218
1327,0.73,1,0.6,1.0,0,2,1919,2455,0.944,0.952
1328,0.73,2,0.6,0.9294377357251006,0,3,837,3328,0.343,0.484
1329,0.74,2,0.8,0.9294377357251006,0,2,4896,985,0.747,0.748
1330,0.73,1,0.6,1.0,0,2,4567,4340,0.269,0.881
1331,0.75,3,1.0,0.8793730124787341,0,2,1127,1370,0.672,0.148
1332,0.72,1,0.4,1.0,0,3,2214,2851,0.042,0.679
1333,0.74,14,0.8,0.649350544397846,0,14,3150,193,0.885,0.413
1334,0.73,1,0.6,1.0,0,2,2712,3643,0.51,0.351
1335,0.75,5,1.0,0.8088107482038347,0,4,1773,670,0.415,0.616
1336,0.73,1,0.6,1.0,0,2,357,4800,0.797,0.086
1337,0.74,2,0.8,0.9294377357251006,0,2,3793,2140,0.145,0.818
1338,0.73,2,0.6,0.9294377357251006,0,3,3754,4075,0.779,0.151
1339,0.73,1,0.6,1.0,0,2,319,1418,0.186,0.886
1340,0.74,2,0.8,0.9294377357251006,0,2,1733,3114,0.536,0.417
1341,0.74,14,0.8,0.649350544397846,0,14,2674,143,0.383,0.682
1342,0.73,2,0.6,0.9294377357251006,0,3,3188,3535,0.008,0.619
1343,0.73,2,0.6,0.9294377357251006,0,3,2254,875,0.91,0.356
1344,0.73,1,0.6,1.0,0,2,1165,4907,0.311,0.823
1345,0.74,3,0.8,0.8793730124787341,0,3,4606,1935,0.655,0.089
1346,0.74,3,0.8,0.8793730124787341,0,3,4858,2799,0.36,0.285
1347,0.75,4,1.0,0.8405397961940113,0,3,797,458,0.706,0.55
1348,0.73,2,0.6,0.9294377357251006,0,3,1880,3760,0.074,0.02
1349,0.73,2,0.6,0.9294377357251006,0,3,3445,1733,0.977,0.752
1350,0.73,1,0.6,1.0,0,2,3042,4592,0.603,0.939
1351,0.74,2,0.8,0.9294377357251006,0,2,1482,2249,0.448,0.207
1352,0.73,1,0.6,1.0,0,2,63,3220,0.831,0.738
1353,0.74,5,0.8,0.8088107482038347,0,5,4127,1190,0.235,0.471
1354,0.73,1,0.6,1.0,0,2,4338,3308,0.722,0.867
1355,0.74,2,0.8,0.9294377357251006,0,2,284,965,0.32,0.104
1356,0.73,1,0.6,1.0,0,2,1378,4504,0.967,0.572
1357,0.73,2,0.6,0.9294377357251006,0,3,2948,2474,0.124,0.337
1358,0.73,2,0.6,0.9294377357251006,0,3,3692,4005,0.497,0.399
1359,0.72,1,0.4,1.0,0,3,2138,1665,0.592,0.634
1360,0.73,2,0.6,0.9294377357251006,0,3,735,2555,0.195,0.166
1361,0.73,1,0.6,1.0,0,2,4805,527,0.848,0.93
1362,0.73,2,0.6,0.9294377357251006,0,3,4505,4819,0.136,0.688
1363,0.73,2,0.6,0.9294377357251006,0,3,1074,2159,0.79,0.454
1364,0.73,1,0.6,1.0,0,2,2463,3623,0.423,0.985
1365,0.74,6,0.8,0.7819842203704589,0,6,3407,650,0.519,0.22
1366,0.73,1,0.6,1.0,0,2,2609,2870,0.893,0.033
1367,0.74,23,0.8,0.5675567731613029,0,23,1678,212,0.048,0.797
1368,0.73,1,0.6,1.0,0,2,569,4319,0.666,0.268
1369,0.75,4,1.0,0.8405397961940113,0,3,4013,1350,0.261,0.5
1370,0.73,2,0.6,0.9294377357251006,0,3,3951,3000,0.088,0.916
1371,0.72,36,0.4,0.492226321392926,0,33,512,34,0.995,0.183
1372,0.73,2,0.6,0.9294377357251006,0,3,1618,4186,0.346,0.65
1373,0.74,3,0.8,0.8793730124787341,0,3,2554,1534,0.688,0.387
1374,0.73,2,0.6,0.9294377357251006,0,3,3308,4959,0.813,0.324
1375,0.73,2,0.6,0.9294377357251006,0,3,2368,1991,0.222,0.588
1376,0.73,2,0.6,0.9294377357251006,0,3,972,3479,0.62,0.12
1377,0.73,1,0.6,1.0,0,2,4408,824,0.461,0.855
1378,0.73,2,0.6,0.9294377357251006,0,3,4743,3876,0.553,0.519
1379,0.74,2,0.8,0.9294377357251006,0,2,677,1844,0.396,0.253
1380,0.73,1,0.6,1.0,0,2,2078,2690,0.762,0.783
1381,0.75,11,1.0,0.6881837606825688,0,10,3637,344,0.172,0.051
1382,0.73,2,0.6,0.9294377357251006,0,3,2849,3169,0.297,0.239
1383,0.73,1,0.6,1.0,0,2,1284,1134,0.637,0.97
1384,0.73,1,0.6,1.0,0,2,182,4648,0.022,0.44
1385,0.73,2,0.6,0.9294377357251006,0,3,4241,2301,0.927,0.706
1386,0.73,2,0.6,0.9294377357251006,0,3,4150,4385,0.409,0.073
1387,0.73,1,0.6,1.0,0,2,81,2350,0.502,0.836
1388,0.73,2,0.6,0.9294377357251006,0,3,1502,3433,0.149,0.368
1389,0.74,3,0.8,0.8793730124787341,0,3,3058,1085,0.807,0.603
1390,0.73,2,0.6,0.9294377357251006,0,3,3582,2582,0.683,0.665
1391,0.71,1,0.2,1.0,0,4,2013,549,0.275,0.431
1392,0.73,1,0.6,1.0,0,2,937,3983,0.875,0.898
1393,0.74,4,0.8,0.8405397961940113,0,4,4993,1639,0.034,0.135
1394,0.73,2,0.6,0.9294377357251006,0,3,4629,3743,0.949,0.486
1395,0.75,4,1.0,0.8405397961940113,0,3,1184,775,0.11,0.718
1396,0.73,1,0.6,1.0,0,2,2274,4695,0.74,0.189
1397,0.73,1,0.6,1.0,0,2,3204,2040,0.333,0.954
1398,0.73,1,0.6,1.0,0,2,2811,4293,0.209,0.767
1399,0.75,4,1.0,0.8405397961940113,0,3,1866,1328,0.865,0.001
1400,0.73,2,0.6,0.9294377357251006,0,3,459,2892,0.484,0.532
1401,0.74,20,0.8,0.5907949685742936,0,20,3888,239,0.574,0.298
1402,0.74,2,0.8,0.9294377357251006,0,2,3893,4280,0.38,0.474
1403,0.73,1,0.6,1.0,0,2,454,1313,0.539,0.738
1404,0.74,2,0.8,0.9294377357251006,0,2,1871,2908,0.187,0.208
1405,0.73,1,0.6,1.0,0,2,2806,253,0.778,0.942
1406,0.72,1,0.4,1.0,0,3,3209,3737,0.654,0.755
1407,0.73,2,0.6,0.9294377357251006,0,3,2269,771,0.312,0.021
1408,0.73,1,0.6,1.0,0,2,1189,4699,0.912,0.551
1409,0.74,3,0.8,0.8793730124787341,0,3,4624,2046,0.005,0.287
1410,0.74,3,0.8,0.8793730124787341,0,3,4998,2598,0.978,0.092
1411,0.75,5,1.0,0.8088107482038347,0,4,932,563,0.073,0.824
1412,0.73,1,0.6,1.0,0,2,2018,3970,0.703,0.356
1413,0.74,3,0.8,0.8793730124787341,0,3,3577,1623,0.363,0.623
1414,0.73,1,0.6,1.0,0,2,3063,4388,0.238,0.685
1415,0.74,2,0.8,0.9294377357251006,0,2,1497,2356,0.828,0.419
1416,0.73,1,0.6,1.0,0,2,85,3427,0.447,0.886
1417,0.75,7,1.0,0.7587460249574682,0,6,4145,1082,0.604,0.155
1418,0.74,2,0.8,0.9294377357251006,0,2,4246,3183,0.125,0.508
1419,0.72,1,0.4,1.0,0,3,177,1150,0.966,0.272
1420,0.73,1,0.6,1.0,0,2,1289,4633,0.317,0.803
1421,0.73,2,0.6,0.9294377357251006,0,3,2844,2288,0.725,0.039
1422,0.73,2,0.6,0.9294377357251006,0,3,3642,3882,0.851,0.227
1423,0.73,1,0.6,1.0,0,2,2073,1847,0.193,0.99
1424,0.73,1,0.6,1.0,0,2,682,2686,0.591,0.46
1425,0.74,12,0.8,0.6742540918178637,0,12,4738,338,0.498,0.694
1426,0.73,1,0.6,1.0,0,2,4413,4943,0.516,0.936
1427,0.73,2,0.6,0.9294377357251006,0,3,967,1978,0.426,0.171
1428,0.72,1,0.4,1.0,0,3,2373,3493,0.791,0.638
1429,0.75,7,1.0,0.7587460249574682,0,6,3303,840,0.135,0.406
1430,0.73,1,0.6,1.0,0,2,2559,2996,0.26,0.343
1431,0.71,171,0.2,0.22481904162619926,0,54,1613,28,0.667,0.577
1432,0.73,1,0.6,1.0,0,2,516,4192,0.051,0.108
1433,0.73,1,0.6,1.0,0,2,3946,1537,0.89,0.874
1434,0.73,2,0.6,0.9294377357251006,0,3,4009,2856,0.689,0.708
1435,0.74,9,0.8,0.7199128086727454,0,9,574,196,0.345,0.443
1436,0.73,1,0.6,1.0,0,2,1673,4335,0.992,0.973
1437,0.74,2,0.8,0.9294377357251006,0,2,2614,1363,0.09,0.239
1438,0.73,1,0.6,1.0,0,2,3402,4813,0.464,0.052
1439,0.72,1,0.4,1.0,0,3,2467,2156,0.617,0.786
1440,0.73,2,0.6,0.9294377357251006,0,3,1069,3626,0.221,0.256
1441,0.75,7,1.0,0.7587460249574682,0,6,4510,656,0.814,0.52
1442,0.73,2,0.6,0.9294377357251006,0,3,4800,4020,0.169,0.855
1443,0.73,2,0.6,0.9294377357251006,0,3,740,1678,0.765,0.123
1444,0.73,2,0.6,0.9294377357251006,0,3,2133,2541,0.397,0.591
1445,0.74,8,0.8,0.7382484839289353,0,8,3697,511,0.552,0.326
1446,0.73,2,0.6,0.9294377357251006,0,3,2943,3312,0.926,0.387
1447,0.75,5,1.0,0.8088107482038347,0,4,1383,971,0.023,0.654
1448,0.73,1,0.6,1.0,0,2,279,4498,0.64,0.185
1449,0.73,1,0.6,1.0,0,2,4343,2470,0.294,0.918
1450,0.73,2,0.6,0.9294377357251006,0,3,4122,4605,0.805,0.304
1451,0.72,2,0.4,0.9294377357251006,0,4,68,2265,0.152,0.538
1452,0.73,2,0.6,0.9294377357251006,0,3,1477,3204,0.503,0.009
1453,0.74,2,0.8,0.9294377357251006,0,2,3047,1176,0.408,0.771
1454,0.73,4,0.6,0.8405397961940113,0,5,3440,2805,0.033,0.959
1455,0.75,12,1.0,0.6742540918178637,0,11,1885,462,0.876,0.195
1456,0.73,1,0.6,1.0,0,2,792,3757,0.278,0.726
1457,0.75,3,1.0,0.8793730124787341,0,2,4862,1727,0.68,0.491
1458,0.74,3,0.8,0.8793730124787341,0,3,4601,3519,0.334,0.14
1459,0.73,1,0.6,1.0,0,2,1170,861,0.739,0.905
1460,0.73,1,0.6,1.0,0,2,2249,4920,0.107,0.437
1461,0.73,2,0.6,0.9294377357251006,0,3,3193,1950,0.952,0.67
1462,0.73,1,0.6,1.0,0,2,2669,4072,0.577,0.608
1463,0.75,4,1.0,0.8405397961940113,0,3,1738,1412,0.481,0.375
1464,0.73,1,0.6,1.0,0,2,314,3120,0.864,0.842
1465,0.73,33,0.6,0.5069416708548573,0,29,3758,147,0.21,0.078
1466,0.73,1,0.6,1.0,0,2,3798,3647,0.838,0.893
1467,0.74,2,0.8,0.9294377357251006,0,2,352,676,0.243,0.129
1468,0.73,1,0.6,1.0,0,2,1778,4794,0.595,0.659
1469,0.73,2,0.6,0.9294377357251006,0,3,2707,2137,0.44,0.424
1470,0.73,2,0.6,0.9294377357251006,0,3,3155,4355,0.066,0.362
1471,0.73,2,0.6,0.9294377357251006,0,3,2209,1383,0.969,0.597
1472,0.73,2,0.6,0.9294377357251006,0,3,1132,2837,0.368,0.067
1473,0.74,30,0.8,0.5230172110103268,0,25,4562,177,0.714,0.83
1474,0.73,2,0.6,0.9294377357251006,0,3,4901,4479,0.302,0.541
1475,0.73,2,0.6,0.9294377357251006,0,3,832,2452,0.647,0.309
1476,0.74,2,0.8,0.9294377357251006,0,2,1923,3332,0.016,0.776
1477,0.75,4,1.0,0.8405397961940113,0,3,3479,991,0.918,0.012
1478,0.73,2,0.6,0.9294377357251006,0,3,3008,2522,0.543,0.198
1479,0.73,2,0.6,0.9294377357251006,0,3,1438,492,0.39,0.964
1480,0.73,1,0.6,1.0,0,2,28,4041,0.772,0.495
1481,0.74,3,0.8,0.8793730124787341,0,3,4084,1698,0.178,0.729
1482,0.73,2,0.6,0.9294377357251006,0,3,4304,3816,0.657,0.111
1483,0.73,1,0.6,1.0,0,2,239,1786,0.253,0.844
1484,0.74,2,0.8,0.9294377357251006,0,2,1344,2747,0.901,0.315
1485,0.75,7,1.0,0.7587460249574682,0,6,2904,404,0.056,0.578
1486,0.73,2,0.6,0.9294377357251006,0,3,3737,3263,0.43,0.641
1487,0.73,1,0.6,1.0,0,2,2171,1235,0.526,0.376
1488,0.73,1,0.6,1.0,0,2,779,4547,0.129,0.907
1489,0.74,3,0.8,0.8793730124787341,0,3,4838,2207,0.783,0.173
1490,0.74,3,0.8,0.8793730124787341,0,3,4470,3062,0.203,0.446
1491,0.73,34,0.6,0.5018970290432043,0,30,1031,89,0.855,0.712
1492,0.73,1,0.6,1.0,0,2,2428,4131,0.49,0.244
1493,0.73,1,0.6,1.0,0,2,3363,1471,0.585,0.976
1494,0.73,1,0.6,1.0,0,2,2652,4862,0.958,0.789
1495,0.75,3,1.0,0.8793730124787341,0,2,1713,1892,0.116,0.057
1496,0.73,1,0.6,1.0,0,2,612,3578,0.731,0.524
1497,0.75,8,1.0,0.7382484839289353,0,7,4048,921,0.328,0.259
1498,0.73,2,0.6,0.9294377357251006,0,3,3907,4756,0.03,0.161
1499,0.73,1,0.6,1.0,0,2,477,2104,0.935,0.923
1500,0.73,2,0.6,0.9294377357251006,0,3,1575,3678,0.289,0.394
1501,0.74,2,0.8,0.9294377357251006,0,2,2519,712,0.629,0.628
1502,0.73,2,0.6,0.9294377357251006,0,3,3342,2966,0.754,0.566
1503,0.75,5,1.0,0.8088107482038347,0,4,2411,311,0.165,0.331
1504,0.73,1,0.6,1.0,0,2,1007,4221,0.561,0.861
1505,0.74,5,0.8,0.8088107482038347,0,5,4451,1253,0.404,0.098
1506,0.73,3,0.6,0.8793730124787341,0,4,4698,3368,0.613,0.277
1507,0.75,2,1.0,0.9294377357251006,1,1,643,1022,0.454,0.511
1508,0.73,1,0.6,1.0,0,2,2033,4447,0.821,0.042
1509,0.74,2,0.8,0.9294377357251006,0,2,3603,2414,0.229,0.808
1510,0.73,2,0.6,0.9294377357251006,0,3,2883,3910,0.354,0.995
1511,0.74,3,0.8,0.8793730124787341,0,3,1328,1564,0.697,0.23
1512,0.72,2,0.4,0.9294377357251006,0,4,215,2656,0.079,0.697
1513,0.75,8,1.0,0.7382484839289353,0,7,4286,621,0.987,0.465
1514,0.73,2,0.6,0.9294377357251006,0,3,4185,2705,0.477,0.814
1515,0.74,2,0.8,0.9294377357251006,0,2,124,357,0.567,0.079
1516,0.73,2,0.6,0.9294377357251006,0,3,1537,3862,0.217,0.61
1517,0.74,2,0.8,0.9294377357251006,0,2,3101,1827,0.872,0.345
1518,0.73,2,0.6,0.9294377357251006,0,3,3539,4651,0.748,0.408
1519,0.74,3,0.8,0.8793730124787341,0,3,1978,2307,0.342,0.672
1520,0.73,2,0.6,0.9294377357251006,0,3,894,3163,0.941,0.142
1521,0.74,4,0.8,0.8405397961940113,0,4,4958,1130,0.102,0.875
1522,0.73,1,0.6,1.0,0,2,4662,4172,0.884,0.743
1523,0.74,3,0.8,0.8793730124787341,0,3,1228,1517,0.043,0.477
1524,0.73,1,0.6,1.0,0,2,2308,3015,0.675,0.944
1525,0.72,65,0.4,0.39150993351180086,0,46,3248,47,0.267,0.213
1526,0.72,2,0.4,0.9294377357251006,0,4,2767,3473,0.142,0.026
1527,0.73,1,0.6,1.0,0,2,1832,820,0.8,0.758
1528,0.73,1,0.6,1.0,0,2,415,4962,0.416,0.29
1529,0.74,3,0.8,0.8793730124787341,0,3,3855,1997,0.509,0.556
1530,0.74,4,0.8,0.8405397961940113,0,4,3845,2572,0.131,0.354
1531,0.74,2,0.8,0.9294377357251006,0,2,406,539,0.787,0.62
1532,0.73,2,0.6,0.9294377357251006,0,3,1803,3992,0.437,0.09
1533,0.73,1,0.6,1.0,0,2,2738,1648,0.528,0.822
1534,0.73,1,0.6,1.0,0,2,3277,4531,0.902,0.884
1535,0.73,1,0.6,1.0,0,2,2338,2496,0.063,0.153
1536,0.73,1,0.6,1.0,0,2,1238,3286,0.662,0.683
1537,0.75,7,1.0,0.7587460249574682,0,6,4673,938,0.256,0.417
1538,0.73,2,0.6,0.9294377357251006,0,3,4929,4303,0.73,0.206
1539,0.73,1,0.6,1.0,0,2,864,1338,0.321,0.94
1540,0.74,2,0.8,0.9294377357251006,0,2,1969,2882,0.953,0.472
1541,0.74,16,0.8,0.6275686583761231,0,16,3529,229,0.112,0.736
1542,0.73,2,0.6,0.9294377357251006,0,3,3112,3596,0.487,0.549
1543,0.75,6,1.0,0.7819842203704589,0,5,1546,628,0.579,0.285
1544,0.72,1,0.4,1.0,0,3,154,4841,0.196,0.753
1545,0.74,3,0.8,0.8793730124787341,0,3,4214,2186,0.854,0.019
1546,0.72,2,0.4,0.9294377357251006,0,4,4276,4890,0.375,0.633
1547,0.72,1,0.4,1.0,0,3,207,1922,0.715,0.4
1548,0.73,2,0.6,0.9294377357251006,0,3,1298,3547,0.068,0.93
1549,0.74,4,0.8,0.8405397961940113,0,4,2854,892,0.974,0.165
1550,0.73,2,0.6,0.9294377357251006,0,3,3633,3087,0.6,0.103
1551,0.73,2,0.6,0.9294377357251006,0,3,2063,122,0.443,0.868
1552,0.73,1,0.6,1.0,0,2,653,4097,0.839,0.337
1553,0.75,4,1.0,0.8405397961940113,0,3,4709,1445,0.25,0.571
1554,0.73,1,0.6,1.0,0,2,4423,3237,0.767,0.797
1555,0.75,3,1.0,0.8793730124787341,0,2,977,1202,0.175,0.034
1556,0.73,1,0.6,1.0,0,2,2403,4579,0.542,0.502
1557,0.74,2,0.8,0.9294377357251006,0,2,3332,2232,0.383,0.266
1558,0.72,1,0.4,1.0,0,3,2530,3787,0.01,0.454
1559,0.73,3,0.6,0.8793730124787341,0,4,1584,1755,0.917,0.688
1560,0.73,2,0.6,0.9294377357251006,0,3,507,2777,0.299,0.221
1561,0.73,1,0.6,1.0,0,2,3937,431,0.641,0.984
1562,0.73,2,0.6,0.9294377357251006,0,3,4037,3956,0.94,0.589
1563,0.73,2,0.6,0.9294377357251006,0,3,603,1617,0.095,0.323
1564,0.73,1,0.6,1.0,0,2,1683,2604,0.743,0.853
1565,0.75,3,1.0,0.8793730124787341,0,2,2623,576,0.339,0.121
1566,0.74,2,0.8,0.9294377357251006,0,2,3392,3416,0.214,0.184
1567,0.73,1,0.6,1.0,0,2,2457,1073,0.868,0.916
1568,0.73,1,0.6,1.0,0,2,1040,4397,0.469,0.385
1569,0.74,2,0.8,0.9294377357251006,0,2,4480,2367,0.566,0.652
1570,0.73,1,0.6,1.0,0,2,4810,2919,0.42,0.971
1571,0.74,10,0.8,0.7033261728292319,0,10,749,261,0.514,0.237
1572,0.71,1,0.2,1.0,0,4,2162,4271,0.149,0.706
1573,0.75,5,1.0,0.8088107482038347,0,4,3726,1302,0.801,0.441
1574,0.73,1,0.6,1.0,0,2,2914,4712,0.676,0.254
1575,0.74,2,0.8,0.9294377357251006,0,2,1353,2052,0.273,0.518
1576,0.73,1,0.6,1.0,0,2,269,3731,0.889,0.05
1577,0.75,7,1.0,0.7587460249574682,0,6,4333,758,0.046,0.784
1578,0.74,2,0.8,0.9294377357251006,0,2,4073,3506,0.556,0.431
1579,0.73,1,0.6,1.0,0,2,18,846,0.401,0.664
1580,0.73,1,0.6,1.0,0,2,1408,4936,0.753,0.134
1581,0.73,1,0.6,1.0,0,2,2979,1965,0.158,0.899
1582,0.73,1,0.6,1.0,0,2,3508,4203,0.282,0.836
1583,0.75,4,1.0,0.8405397961940113,0,3,1953,1546,0.628,0.072
1584,0.73,2,0.6,0.9294377357251006,0,3,840,2987,0.027,0.602
1585,0.71,328,0.2,0.11195090027337784,0,55,4911,17,0.931,0.369
1586,0.74,2,0.8,0.9294377357251006,0,2,4532,4622,0.086,0.003
1587,0.74,1,0.8,1.0,1,1,1102,2279,0.987,0.765
1588,0.72,1,0.4,1.0,0,3,2200,3191,0.358,0.298
1589,0.75,3,1.0,0.8793730124787341,0,2,3144,1161,0.702,0.532
1590,0.73,1,0.6,1.0,0,2,2717,2672,0.826,0.72
1591,0.74,13,0.8,0.661357232849193,0,13,1786,332,0.232,0.485
1592,0.73,1,0.6,1.0,0,2,382,3888,0.614,0.953
1593,0.75,3,1.0,0.8793730124787341,0,2,3826,1861,0.461,0.189
1594,0.73,1,0.6,1.0,0,2,3788,4416,0.588,0.778
1595,0.72,1,0.4,1.0,0,3,343,2386,0.493,0.014
1596,0.73,2,0.6,0.9294377357251006,0,3,1748,3396,0.844,0.543
1597,0.74,3,0.8,0.8793730124787341,0,3,2678,1053,0.192,0.311
1598,0.73,2,0.6,0.9294377357251006,0,3,3184,2623,0.316,0.497
1599,0.73,1,0.6,1.0,0,2,2238,595,0.719,0.731
1600,0.73,2,0.6,0.9294377357251006,0,3,1141,3936,0.119,0.2
1601,0.73,1,0.6,1.0,0,2,4571,1596,0.963,0.966
1602,0.74,3,0.8,0.8793730124787341,0,3,4871,3711,0.052,0.661
1603,0.75,4,1.0,0.8405397961940113,0,3,802,738,0.897,0.426
1604,0.73,1,0.6,1.0,0,2,1914,4731,0.265,0.895
1605,0.74,3,0.8,0.8793730124787341,0,3,3469,2071,0.669,0.131
1606,0.74,1,0.8,1.0,1,1,3017,4251,0.794,0.069
1607,0.73,3,0.6,0.8793730124787341,0,4,1448,1281,0.139,0.832
1608,0.73,1,0.6,1.0,0,2,57,2938,0.523,0.364
1609,0.74,17,0.8,0.6176214964076694,0,17,4113,280,0.427,0.599
1610,0.73,2,0.6,0.9294377357251006,0,3,4373,3045,0.906,0.25
1611,0.73,2,0.6,0.9294377357251006,0,3,1393,4144,0.651,0.451
1612,0.73,3,0.6,0.8793730124787341,0,4,2952,1487,0.307,0.718
1613,0.73,2,0.6,0.9294377357251006,0,3,3688,4995,0.181,0.53
1614,0.72,1,0.4,1.0,0,3,2122,2022,0.775,0.265
1615,0.72,1,0.4,1.0,0,3,710,3447,0.379,0.795
1616,0.75,6,1.0,0.7819842203704589,0,5,4770,787,0.532,0.063
1617,0.74,2,0.8,0.9294377357251006,0,2,4518,3829,0.451,0.32
1618,0.73,2,0.6,0.9294377357251006,0,3,1079,1801,0.606,0.584
1619,0.73,1,0.6,1.0,0,2,2496,2731,0.24,0.117
1620,0.73,1,0.6,1.0,0,2,3431,390,0.835,0.85
1621,0.73,1,0.6,1.0,0,2,2584,3132,0.71,0.913
1622,0.75,6,1.0,0.7819842203704589,0,5,1644,1102,0.364,0.179
1623,0.73,1,0.6,1.0,0,2,564,4679,0.981,0.647
1624,0.74,4,0.8,0.8405397961940113,0,4,3999,2338,0.078,0.382
1625,0.74,3,0.8,0.8793730124787341,0,3,3976,3345,0.278,0.044
1626,0.73,1,0.6,1.0,0,2,545,997,0.687,0.81
1627,0.73,2,0.6,0.9294377357251006,0,3,1624,4473,0.038,0.279
1628,0.73,2,0.6,0.9294377357251006,0,3,2568,2438,0.88,0.513
1629,0.72,1,0.4,1.0,0,3,3294,4052,0.506,0.699
1630,0.73,2,0.6,0.9294377357251006,0,3,2363,1707,0.413,0.467
1631,0.73,1,0.6,1.0,0,2,939,2514,0.811,0.996
1632,0.75,13,1.0,0.661357232849193,0,12,4383,481,0.153,0.232
1633,0.73,2,0.6,0.9294377357251006,0,3,4747,4783,0.862,0.395
1634,0.74,2,0.8,0.9294377357251006,0,2,692,2128,0.205,0.63
1635,0.73,1,0.6,1.0,0,2,2102,3655,0.57,0.163
1636,0.73,1,0.6,1.0,0,2,3672,687,0.48,0.925
1637,0.73,2,0.6,0.9294377357251006,0,3,2815,2824,0.106,0.863
1638,0.74,22,0.8,0.5749633358963036,0,22,1260,171,0.945,0.1
1639,0.73,1,0.6,1.0,0,2,167,4362,0.33,0.568
1640,0.74,4,0.8,0.8405397961940113,0,4,4237,1397,0.736,0.332
1641,0.73,1,0.6,1.0,0,2,4175,4118,0.226,0.95
1642,0.72,1,0.4,1.0,0,3,115,1465,0.818,0.219
1643,0.72,2,0.4,0.9294377357251006,0,4,1508,3068,0.465,0.749
1644,0.73,28,0.6,0.5346233746434654,0,26,3072,102,0.624,0.483
1645,0.73,2,0.6,0.9294377357251006,0,3,3569,3567,0.999,0.296
1646,0.73,1,0.6,1.0,0,2,2008,912,0.091,0.562
1647,0.73,1,0.6,1.0,0,2,904,4871,0.692,0.031
1648,0.73,2,0.6,0.9294377357251006,0,3,4968,1903,0.35,0.764
1649,0.74,2,0.8,0.9294377357251006,0,2,4634,2758,0.633,0.616
1650,0.74,8,0.8,0.7382484839289353,0,8,1199,413,0.293,0.351
1651,0.73,1,0.6,1.0,0,2,2298,3807,0.923,0.82
1652,0.74,3,0.8,0.8793730124787341,0,3,3239,1775,0.018,0.085
1653,0.73,1,0.6,1.0,0,2,2777,4561,0.393,0.148
1654,0.73,1,0.6,1.0,0,2,1843,2213,0.55,0.881
1655,0.73,1,0.6,1.0,0,2,444,3257,0.168,0.414
1656,0.74,2,0.8,0.9294377357251006,0,2,3885,1222,0.757,0.678
1657,0.73,2,0.6,0.9294377357251006,0,3,3875,3247,0.685,0.233
1658,0.73,2,0.6,0.9294377357251006,0,3,431,1212,0.28,0.998
1659,0.73,1,0.6,1.0,0,2,1855,4570,0.881,0.469
1660,0.73,2,0.6,0.9294377357251006,0,3,2786,2223,0.036,0.701
1661,0.73,1,0.6,1.0,0,2,3232,3798,0.411,0.514
1662,0.73,1,0.6,1.0,0,2,2288,1765,0.508,0.281
1663,0.73,2,0.6,0.9294377357251006,0,3,1209,2768,0.155,0.812
1664,0.75,19,1.0,0.5992858211514795,0,15,4640,422,0.809,0.046
1665,0.73,2,0.6,0.9294377357251006,0,3,4979,4881,0.207,0.334
1666,0.74,3,0.8,0.8793730124787341,0,3,909,1913,0.86,0.57
1667,0.73,1,0.6,1.0,0,2,2002,3558,0.478,0.102
1668,0.73,1,0.6,1.0,0,2,3557,902,0.572,0.865
1669,0.73,1,0.6,1.0,0,2,3086,3078,0.947,0.927
1670,0.73,34,0.6,0.5018970290432043,0,30,1516,112,0.104,0.164
1671,0.73,1,0.6,1.0,0,2,106,4108,0.734,0.632
1672,0.75,5,1.0,0.8088107482038347,0,4,4161,1456,0.332,0.398
1673,0.73,1,0.6,1.0,0,2,4226,4371,0.82,0.762
1674,0.72,1,0.4,1.0,0,3,161,1407,0.224,0.029
1675,0.73,2,0.6,0.9294377357251006,0,3,1265,2814,0.622,0.56
1676,0.74,14,0.8,0.649350544397846,0,14,2826,161,0.467,0.294
1677,0.73,2,0.6,0.9294377357251006,0,3,3658,3665,0.093,0.481
1678,0.72,1,0.4,1.0,0,3,2094,697,0.997,0.747
1679,0.73,2,0.6,0.9294377357251006,0,3,700,4773,0.348,0.217
1680,0.73,1,0.6,1.0,0,2,4761,2118,0.694,0.948
1681,0.74,2,0.8,0.9294377357251006,0,2,4392,2504,0.291,0.676
1682,0.75,5,1.0,0.8088107482038347,0,4,952,471,0.635,0.412
1683,0.73,2,0.6,0.9294377357251006,0,3,2350,4061,0.02,0.879
1684,0.74,3,0.8,0.8793730124787341,0,3,3284,1717,0.921,0.146
1685,0.73,1,0.6,1.0,0,2,2575,4463,0.548,0.083
1686,0.73,2,0.6,0.9294377357251006,0,3,1634,2428,0.395,0.818
1687,0.73,1,0.6,1.0,0,2,535,3355,0.759,0.349
1688,0.75,7,1.0,0.7587460249574682,0,6,3969,1007,0.166,0.614
1689,0.73,1,0.6,1.0,0,2,3985,4670,0.495,0.968
1690,0.73,2,0.6,0.9294377357251006,0,3,556,2328,0.586,0.202
1691,0.73,2,0.6,0.9294377357251006,0,3,1653,3142,0.19,0.733
1692,0.73,2,0.6,0.9294377357251006,0,3,2598,1111,0.846,0.499
1693,0.73,2,0.6,0.9294377357251006,0,3,3420,2721,0.721,0.312
1694,0.75,4,1.0,0.8405397961940113,0,3,2491,380,0.314,0.545
1695,0.73,1,0.6,1.0,0,2,1085,3838,0.961,0.016
1696,0.74,2,0.8,0.9294377357251006,0,2,4531,1811,0.121,0.78
1697,0.74,1,0.8,1.0,1,1,4777,3457,0.895,0.601
1698,0.75,3,1.0,0.8793730124787341,0,2,721,797,0.054,0.366
1699,0.73,1,0.6,1.0,0,2,2112,4985,0.671,0.833
1700,0.74,3,0.8,0.8793730124787341,0,3,3681,2013,0.263,0.071
1701,0.73,1,0.6,1.0,0,2,2962,4154,0.137,0.133
1702,0.73,1,0.6,1.0,0,2,1406,1496,0.796,0.897
1703,0.73,1,0.6,1.0,0,2,295,3036,0.429,0.428
1704,0.72,83,0.4,0.3495409935317618,0,48,4364,65,0.521,0.663
1705,0.74,2,0.8,0.9294377357251006,0,2,4106,2948,0.002,0.061
1706,0.73,1,0.6,1.0,0,2,47,290,0.908,0.793
1707,0.73,1,0.6,1.0,0,2,1458,4241,0.309,0.263
1708,0.74,3,0.8,0.8793730124787341,0,3,3024,1272,0.649,0.528
1709,0.73,1,0.6,1.0,0,2,3460,4741,0.773,0.716
1710,0.74,4,0.8,0.8405397961940113,0,4,1901,2081,0.183,0.45
1711,0.73,1,0.6,1.0,0,2,815,3701,0.534,0.98
1712,0.74,8,0.8,0.7382484839289353,0,8,4881,728,0.377,0.248
1713,0.73,2,0.6,0.9294377357251006,0,3,4585,3926,0.608,0.38
1714,0.74,2,0.8,0.9294377357251006,0,2,1150,1587,0.449,0.645
1715,0.72,1,0.4,1.0,0,3,2231,2633,0.833,0.177
1716,0.73,2,0.6,0.9294377357251006,0,3,3170,605,0.242,0.911
1717,0.73,2,0.6,0.9294377357251006,0,3,2689,3386,0.366,0.848
1718,0.75,4,1.0,0.8405397961940113,0,3,1754,1043,0.708,0.115
1719,0.73,1,0.6,1.0,0,2,337,4426,0.076,0.582
1720,0.74,2,0.8,0.9294377357251006,0,2,3777,2396,0.983,0.319
1721,0.74,2,0.8,0.9294377357251006,0,2,3816,3898,0.097,0.65
1722,0.73,2,0.6,0.9294377357251006,0,3,376,1870,0.938,0.383
1723,0.73,1,0.6,1.0,0,2,1794,2663,0.337,0.914
1724,0.75,6,1.0,0.7819842203704589,0,5,2728,322,0.745,0.182
1725,0.74,2,0.8,0.9294377357251006,0,2,3131,3201,0.87,0.119
1726,0.73,1,0.6,1.0,0,2,2191,1171,0.212,0.851
1727,0.73,1,0.6,1.0,0,2,1111,4612,0.564,0.322
1728,0.74,3,0.8,0.8793730124787341,0,3,4546,2270,0.471,0.587
1729,0.74,1,0.8,1.0,1,1,4919,2977,0.512,0.782
1730,0.7,379,0.0,0.08687112199607805,0,58,855,7,0.422,0.048
1731,0.74,2,0.8,0.9294377357251006,0,2,1939,4213,0.803,0.516
1732,0.75,3,1.0,0.8793730124787341,0,2,3500,1556,0.147,0.252
1733,0.73,2,0.6,0.9294377357251006,0,3,2984,4927,0.271,0.439
1734,0.73,2,0.6,0.9294377357251006,0,3,1420,1955,0.678,0.704
1735,0.73,1,0.6,1.0,0,2,7,3516,0.048,0.235
1736,0.73,1,0.6,1.0,0,2,4068,856,0.887,0.969
1737,0.73,2,0.6,0.9294377357251006,0,3,4325,3721,0.399,0.371
1738,0.73,2,0.6,0.9294377357251006,0,3,255,748,0.558,0.604
1739,0.73,2,0.6,0.9294377357251006,0,3,1367,4722,0.16,0.074
1740,0.73,2,0.6,0.9294377357251006,0,3,2922,2062,0.751,0.838
1741,0.73,1,0.6,1.0,0,2,3721,4262,0.626,0.901
1742,0.72,1,0.4,1.0,0,3,2151,1292,0.284,0.136
1743,0.73,2,0.6,0.9294377357251006,0,3,761,2929,0.933,0.666
1744,0.74,22,0.8,0.5749633358963036,0,22,4815,271,0.025,0.433
1745,0.74,1,0.8,1.0,1,1,4491,4407,0.989,0.191
1746,0.73,2,0.6,0.9294377357251006,0,3,1046,2377,0.084,0.955
1747,0.73,1,0.6,1.0,0,2,2451,3406,0.7,0.487
1748,0.73,2,0.6,0.9294377357251006,0,3,3382,1063,0.36,0.722
1749,0.73,2,0.6,0.9294377357251006,0,3,2636,2614,0.234,0.534
1750,0.74,8,0.8,0.7382484839289353,0,8,1692,586,0.824,0.3
1751,0.72,1,0.4,1.0,0,3,594,3946,0.459,0.767
1752,0.75,18,1.0,0.6082122883658645,0,14,4025,1607,0.616,0.005
1753,0.74,2,0.8,0.9294377357251006,0,2,3931,2787,0.785,0.415
1754,0.75,4,1.0,0.8405397961940113,0,3,495,441,0.133,0.681
1755,0.73,2,0.6,0.9294377357251006,0,3,1595,3777,0.53,0.151
1756,0.73,1,0.6,1.0,0,2,2535,1745,0.435,0.882
1757,0.74,2,0.8,0.9294377357251006,0,2,3324,4589,0.061,0.82
1758,0.73,1,0.6,1.0,0,2,2388,2242,0.904,0.088
1759,0.73,2,0.6,0.9294377357251006,0,3,991,3227,0.257,0.619
1760,0.75,5,1.0,0.8088107482038347,0,4,4431,1192,0.66,0.352
1761,0.73,2,0.6,0.9294377357251006,0,3,4721,4088,0.323,0.017
1762,0.73,2,0.6,0.9294377357251006,0,3,662,1435,0.728,0.751
1763,0.73,2,0.6,0.9294377357251006,0,3,2054,3097,0.11,0.283
1764,0.73,29,0.6,0.5287235568765801,0,27,3619,131,0.955,0.547
1765,0.73,1,0.6,1.0,0,2,2864,3537,0.581,0.734
1766,0.75,5,1.0,0.8088107482038347,0,4,1305,882,0.485,0.47
1767,0.73,1,0.6,1.0,0,2,200,4899,0.852,0.938
1768,0.74,4,0.8,0.8405397961940113,0,4,4265,1932,0.198,0.205
1769,0.73,2,0.6,0.9294377357251006,0,3,4201,4831,0.717,0.573
1770,0.72,1,0.4,1.0,0,3,145,2176,0.373,0.339
1771,0.73,1,0.6,1.0,0,2,1555,3606,0.972,0.87
1772,0.75,6,1.0,0.7819842203704589,0,5,3124,638,0.07,0.105
1773,0.74,2,0.8,0.9294377357251006,0,2,3518,2872,0.445,0.167
1774,0.74,17,0.8,0.6176214964076694,0,17,1962,219,0.598,0.932
1775,0.73,2,0.6,0.9294377357251006,0,3,870,4312,0.248,0.403
1776,0.74,3,0.8,0.8793730124787341,0,3,4940,1347,0.841,0.635
1777,0.75,4,1.0,0.8405397961940113,0,3,1249,948,0.769,0.223
1778,0.72,1,0.4,1.0,0,3,2326,4521,0.385,0.69
1779,0.73,2,0.6,0.9294377357251006,0,3,3272,2486,0.54,0.456
1780,0.72,1,0.4,1.0,0,3,233,3863,0.554,0.763
1781,0.74,4,0.8,0.8405397961940113,0,4,4350,1743,0.477,0.129
1782,0.73,2,0.6,0.9294377357251006,0,3,4414,4956,0.084,0.059
1783,0.73,1,0.6,1.0,0,2,1031,1900,0.885,0.928
1784,0.74,2,0.8,0.9294377357251006,0,2,1687,3218,0.255,0.476
1785,0.73,2,0.6,0.9294377357251006,0,3,2561,1100,0.714,0.604
1786,0.73,1,0.6,1.0,0,2,3003,4372,0.341,0.979
1787,0.73,2,0.6,0.9294377357251006,0,3,901,2633,0.015,0.555
1788,0.73,2,0.6,0.9294377357251006,0,3,3829,3725,0.609,0.253
1789,0.74,2,0.8,0.9294377357251006,0,2,338,670,0.422,0.64
1790,0.73,1,0.6,1.0,0,2,2494,2222,0.365,0.569
1791,0.73,1,0.6,1.0,0,2,573,3521,0.995,0.024
1792,0.74,6,0.8,0.7819842203704589,0,6,3907,796,0.036,0.9
1793,0.73,2,0.6,0.9294377357251006,0,3,4832,2739,0.4,0.783
1794,0.75,6,1.0,0.7819842203704589,0,5,666,328,0.568,0.172
1795,0.73,2,0.6,0.9294377357251006,0,3,1269,4165,0.197,0.748
1796,0.74,3,0.8,0.8793730124787341,0,3,2925,1442,0.772,0.363
1797,0.73,1,0.6,1.0,0,2,2795,3405,0.142,0.238
1798,0.73,1,0.6,1.0,0,2,1765,992,0.827,0.874
1799,0.73,1,0.6,1.0,0,2,1109,4830,0.439,0.296
1800,0.74,2,0.8,0.9294377357251006,0,2,4648,2104,0.53,0.659
1801,0.74,2,0.8,0.9294377357251006,0,2,4115,4048,0.909,0.527
1802,0.72,1,0.4,1.0,0,3,155,1637,0.122,0.397
1803,0.73,1,0.6,1.0,0,2,1974,2935,0.736,0.944
1804,0.74,17,0.8,0.6176214964076694,0,17,3444,212,0.295,0.074
1805,0.73,2,0.6,0.9294377357251006,0,3,3678,3063,0.849,0.705
1806,0.73,1,0.6,1.0,0,2,3467,4400,0.922,0.893
1807,0.74,3,0.8,0.8793730124787341,0,3,1969,2455,0.109,0.031
1808,0.73,1,0.6,1.0,0,2,121,3600,0.72,0.577
1809,0.74,7,0.8,0.7587460249574682,0,7,4129,718,0.311,0.44
1810,0.74,3,0.8,0.8793730124787341,0,3,4614,2505,0.129,0.37
1811,0.73,2,0.6,0.9294377357251006,0,3,1123,563,0.839,0.741
1812,0.73,2,0.6,0.9294377357251006,0,3,1789,4243,0.456,0.163
1813,0.73,34,0.6,0.5018970290432043,0,30,2791,1363,0.513,0.792
1814,0.73,1,0.6,1.0,0,2,2900,3170,0.385,0.667
1815,0.73,1,0.6,1.0,0,2,701,4909,0.215,0.865
1816,0.74,3,0.8,0.8793730124787341,0,3,4816,2027,0.754,0.246
1817,0.74,2,0.8,0.9294377357251006,0,2,3942,3814,0.68,0.067
1818,0.73,1,0.6,1.0,0,2,557,1871,0.35,0.951
1819,0.73,1,0.6,1.0,0,2,2469,3012,0.976,0.406
1820,0.73,23,0.6,0.5675567731613029,0,24,3343,133,0.055,0.518
1821,0.73,1,0.6,1.0,0,2,3338,4635,0.666,0.449
1822,0.73,2,0.6,0.9294377357251006,0,3,3265,2828,0.621,0.136
1823,0.75,3,1.0,0.8793730124787341,0,2,2235,239,0.41,0.757
1824,0.72,1,0.4,1.0,0,3,323,3942,0.794,0.334
1825,0.74,2,0.8,0.9294377357251006,0,2,3864,1665,0.238,0.714
1826,0.73,1,0.6,1.0,0,2,4895,4722,0.328,0.597
1827,0.73,2,0.6,0.9294377357251006,0,3,935,2135,0.641,0.483
1828,0.73,3,0.6,0.8793730124787341,0,4,1509,3295,0.031,0.936
1829,0.74,3,0.8,0.8793730124787341,0,3,2978,1021,0.939,0.05
1830,0.73,1,0.6,1.0,0,2,2557,4136,0.07,0.426
1831,0.74,3,0.8,0.8793730124787341,0,3,1711,1547,0.899,0.561
1832,0.73,2,0.6,0.9294377357251006,0,3,1045,2711,0.274,0.11
1833,0.73,1,0.6,1.0,0,2,4380,435,0.695,0.97
1834,0.73,1,0.6,1.0,0,2,4364,3491,0.864,0.838
1835,0.73,1,0.6,1.0,0,2,199,905,0.167,0.211
1836,0.73,1,0.6,1.0,0,2,2048,4604,0.536,0.631
1837,0.74,3,0.8,0.8793730124787341,0,3,3702,2330,0.495,0.262
1838,0.74,2,0.8,0.9294377357251006,0,2,3661,3701,0.201,0.044
1839,0.73,1,0.6,1.0,0,2,2152,656,0.768,0.912
1840,0.73,1,0.6,1.0,0,2,250,4462,0.403,0.492
1841,0.74,2,0.8,0.9294377357251006,0,2,4250,2354,0.566,0.619
1842,0.73,1,0.6,1.0,0,2,4509,4297,0.997,0.69
1843,0.74,2,0.8,0.9294377357251006,0,2,1009,1269,0.034,0.328
1844,0.73,2,0.6,0.9294377357251006,0,3,1592,2599,0.671,0.78
1845,0.75,4,1.0,0.8405397961940113,0,3,2583,508,0.36,0.145
1846,0.73,1,0.6,1.0,0,2,3098,4971,0.741,0.268
1847,0.74,2,0.8,0.9294377357251006,0,2,1481,1925,0.29,0.656
1848,0.73,2,0.6,0.9294377357251006,0,3,805,3271,0.912,0.202
1849,0.74,5,0.8,0.8088107482038347,0,5,4932,1163,0.119,0.815
1850,0.73,1,0.6,1.0,0,2,3812,3106,0.442,0.994
1851,0.73,13,0.6,0.661357232849193,0,14,438,78,0.527,0.117
1852,0.73,1,0.6,1.0,0,2,2277,3868,0.147,0.538
1853,0.74,2,0.8,0.9294377357251006,0,2,3160,1777,0.822,0.417
1854,0.74,2,0.8,0.9294377357251006,0,2,3394,4004,0.252,0.799
1855,0.73,2,0.6,0.9294377357251006,0,3,2355,1564,0.717,0.187
1856,0.73,2,0.6,0.9294377357251006,0,3,516,2929,0.08,0.733
1857,0.74,27,0.8,0.5407302453279271,0,24,4046,176,0.889,0.347
1858,0.73,2,0.6,0.9294377357251006,0,3,4697,3389,0.549,0.465
1859,0.74,2,0.8,0.9294377357251006,0,2,727,966,0.482,0.584
1860,0.73,1,0.6,1.0,0,2,1403,4777,0.847,0.009
1861,0.73,1,0.6,1.0,0,2,2864,2041,0.185,0.884
1862,0.73,1,0.6,1.0,0,2,2661,2813,0.807,0.511
1863,0.74,12,0.8,0.6742540918178637,0,12,1826,372,0.224,0.382
1864,0.73,1,0.6,1.0,0,2,1243,4199,0.604,0.959
1865,0.75,4,1.0,0.8405397961940113,0,3,4587,1446,0.428,0.089
1866,0.73,2,0.6,0.9294377357251006,0,3,4172,4659,0.009,0.221
1867,0.73,1,0.6,1.0,0,2,15,2236,0.96,0.858
1868,0.74,3,0.8,0.8793730124787341,0,3,1917,3585,0.338,0.311
1869,0.74,3,0.8,0.8793730124787341,0,3,3583,850,0.632,0.675
1870,0.73,2,0.6,0.9294377357251006,0,3,3633,347,0.783,0.767
1871,0.74,2,0.8,0.9294377357251006,0,2,3555,2652,0.353,0.385
1872,0.74,10,0.8,0.7033261728292319,0,10,1889,532,0.678,0.508
1873,0.73,1,0.6,1.0,0,2,46,4352,0.056,0.085
1874,0.73,1,0.6,1.0,0,2,4202,1294,0.976,0.964
1875,0.73,1,0.6,1.0,0,2,4537,4507,0.588,0.846
1876,0.73,2,0.6,0.9294377357251006,0,3,1193,2389,0.381,0.234
1877,0.73,1,0.6,1.0,0,2,1874,3744,0.761,0.687
1878,0.73,1,0.6,1.0,0,2,2814,3843,0.831,0.176
1879,0.73,2,0.6,0.9294377357251006,0,3,1354,1723,0.138,0.81
1880,0.73,2,0.6,0.9294377357251006,0,3,775,3082,0.503,0.359
1881,0.71,139,0.2,0.26064305400067267,0,53,4745,25,0.466,0.72
1882,0.73,2,0.6,0.9294377357251006,0,3,4018,3237,0.095,0.588
1883,0.73,2,0.6,0.9294377357251006,0,3,489,1120,0.936,0.46
1884,0.73,1,0.6,1.0,0,2,2385,4936,0.299,0.881
1885,0.74,2,0.8,0.9294377357251006,0,2,3425,1881,0.732,0.012
1886,0.73,1,0.6,1.0,0,2,354,1982,0.191,0.609
1887,0.73,1,0.6,1.0,0,2,2206,3136,0.574,0.062
1888,0.73,1,0.6,1.0,0,2,3238,1182,0.395,0.925
1889,0.73,2,0.6,0.9294377357251006,0,3,3191,4810,0.163,0.644
1890,0.72,2,0.4,0.9294377357251006,0,4,2307,2084,0.869,0.28
1891,0.73,1,0.6,1.0,0,2,410,3424,0.489,0.827
1892,0.75,5,1.0,0.8088107482038347,0,4,3784,1011,0.542,0.191
1893,0.73,2,0.6,0.9294377357251006,0,3,4980,2954,0.896,0.12
1894,0.74,6,0.8,0.7819842203704589,0,6,853,231,0.072,0.991
1895,0.73,3,0.6,0.8793730124787341,0,4,1432,4028,0.695,0.413
1896,0.74,3,0.8,0.8793730124787341,0,3,3048,1617,0.274,0.543
1897,0.73,1,0.6,1.0,0,2,2630,3541,0.655,0.916
1898,0.73,1,0.6,1.0,0,2,958,4616,0.95,0.616
1899,0.74,2,0.8,0.9294377357251006,0,2,4280,4146,0.418,0.316
1900,0.72,1,0.4,1.0,0,3,280,1422,0.613,0.701
1901,0.73,1,0.6,1.0,0,2,2123,2758,0.248,0.156
1902,0.73,2,0.6,0.9294377357251006,0,3,1170,3447,0.176,0.452
1903,0.73,1,0.6,1.0,0,2,4101,2657,0.704,0.745
1904,0.73,2,0.6,0.9294377357251006,0,3,93,410,0.264,0.366
1905,0.73,1,0.6,1.0,0,2,2000,4083,0.875,0.788
1906,0.74,2,0.8,0.9294377357251006,0,2,3733,4297,0.52,0.549
1907,0.72,1,0.4,1.0,0,3,2078,1388,0.449,0.437
1908,0.73,1,0.6,1.0,0,2,171,2558,0.817,0.982
1909,0.74,2,0.8,0.9294377357251006,0,2,4428,3643,0.289,0.215
1910,0.73,1,0.6,1.0,0,2,1092,751,0.742,0.834
1911,0.73,2,0.6,0.9294377357251006,0,3,1661,4445,0.117,0.258
1912,0.73,1,0.6,1.0,0,2,2506,2490,0.914,0.635
1913,0.73,2,0.6,0.9294377357251006,0,3,3026,2988,0.046,0.761
1914,0.72,57,0.4,0.41399638712219955,0,42,1557,79,0.985,0.133
1915,0.72,1,0.4,1.0,0,3,885,3789,0.375,0.71
1916,0.75,4,1.0,0.8405397961940113,0,3,4845,1817,0.657,0.339
1917,0.73,1,0.6,1.0,0,2,3894,4874,0.778,0.471
1918,0.73,1,0.6,1.0,0,2,2741,4561,0.471,0.019
1919,0.73,1,0.6,1.0,0,2,1739,2296,0.56,0.905
1920,0.74,20,0.8,0.5907949685742936,0,20,1769,215,0.137,0.241
1921,0.73,1,0.6,1.0,0,2,1102,4045,0.506,0.663
1922,0.73,2,0.6,0.9294377357251006,0,3,4111,4834,0.102,0.393
1923,0.73,1,0.6,1.0,0,2,141,2101,0.929,0.53
1924,0.74,2,0.8,0.9294377357251006,0,2,1989,3408,0.304,0.078
1925,0.73,1,0.6,1.0,0,2,3450,987,0.727,0.94
1926,0.74,27,0.8,0.5407302453279271,0,24,1288,137,0.392,0.67
1927,0.73,1,0.6,1.0,0,2,685,3809,0.781,0.25
1928,0.73,1,0.6,1.0,0,2,4811,1874,0.189,0.861
1929,0.73,1,0.6,1.0,0,2,3928,4912,0.373,0.947
1930,0.73,2,0.6,0.9294377357251006,0,3,554,2022,0.658,0.07
1931,0.73,1,0.6,1.0,0,2,2475,3174,0.045,0.522
1932,0.74,3,0.8,0.8793730124787341,0,3,3360,1222,0.987,0.402
1933,0.73,1,0.6,1.0,0,2,3325,4161,0.358,0.565
1934,0.74,2,0.8,0.9294377357251006,0,2,2490,1445,0.673,0.453
1935,0.73,2,0.6,0.9294377357251006,0,3,579,2736,0.063,0.904
1936,0.74,13,0.8,0.661357232849193,0,13,3923,332,0.969,0.02
1937,0.73,2,0.6,0.9294377357251006,0,3,4836,3526,0.591,0.168
1938,0.73,2,0.6,0.9294377357251006,0,3,679,793,0.378,0.787
1939,0.73,1,0.6,1.0,0,2,1253,4638,0.762,0.367
1940,0.73,2,0.6,0.9294377357251006,0,3,2919,2218,0.208,0.745
1941,0.73,1,0.6,1.0,0,2,2808,2931,0.832,0.87
1942,0.73,1,0.6,1.0,0,2,2540,4601,0.876,0.557
1943,0.74,2,0.8,0.9294377357251006,0,2,1705,2334,0.092,0.429
1944,0.73,1,0.6,1.0,0,2,1048,3487,0.706,0.974
1945,0.74,2,0.8,0.9294377357251006,0,2,4370,2714,0.174,0.207
1946,0.73,1,0.6,1.0,0,2,215,430,0.857,0.841
1947,0.73,1,0.6,1.0,0,2,2034,4141,0.469,0.266
1948,0.74,2,0.8,0.9294377357251006,0,2,3698,1544,0.562,0.627
1949,0.73,1,0.6,1.0,0,2,3464,4240,0.114,0.027
1950,0.73,1,0.6,1.0,0,2,1956,1367,0.917,0.898
1951,0.73,1,0.6,1.0,0,2,137,2501,0.287,0.444
1952,0.74,8,0.8,0.7382484839289353,0,8,4135,566,0.744,0.574
1953,0.73,2,0.6,0.9294377357251006,0,3,4628,3603,0.819,0.737
1954,0.73,1,0.6,1.0,0,2,1783,4404,0.522,0.796
1955,0.74,2,0.8,0.9294377357251006,0,2,2775,2452,0.447,0.16
1956,0.73,2,0.6,0.9294377357251006,0,3,2904,3009,0.577,0.285
1957,0.73,1,0.6,1.0,0,2,2596,659,0.676,0.775
1958,0.73,2,0.6,0.9294377357251006,0,3,3092,3872,0.3,0.651
1959,0.74,5,0.8,0.8088107482038347,0,5,1466,1773,0.731,0.273
1960,0.73,2,0.6,0.9294377357251006,0,3,819,3110,0.097,0.819
1961,0.72,60,0.4,0.4052200087111619,0,43,4936,75,0.934,0.199
1962,0.73,2,0.6,0.9294377357251006,0,3,3828,3268,0.5,0.112
1963,0.73,1,0.6,1.0,0,2,445,1167,0.469,0.999
1964,0.73,1,0.6,1.0,0,2,2273,4967,0.829,0.42
1965,0.74,2,0.8,0.9294377357251006,0,2,3147,1928,0.14,0.535
1966,0.73,1,0.6,1.0,0,2,3281,3292,0.43,0.753
1967,0.73,1,0.6,1.0,0,2,2241,1025,0.6,0.14
1968,0.73,1,0.6,1.0,0,2,320,4717,0.229,0.718
1969,0.74,3,0.8,0.8793730124787341,0,3,3850,2138,0.802,0.331
1970,0.74,2,0.8,0.9294377357251006,0,2,4889,3945,0.636,0.479
1971,0.74,2,0.8,0.9294377357251006,0,2,919,1661,0.332,0.601
1972,0.73,2,0.6,0.9294377357251006,0,3,1522,2832,0.963,0.054
1973,0.74,2,0.8,0.9294377357251006,0,2,4701,2926,0.49,0.581
1974,0.73,1,0.6,1.0,0,2,1388,4000,0.164,0.888
1975,0.74,2,0.8,0.9294377357251006,0,2,2858,1567,0.867,0.004
1976,0.73,1,0.6,1.0,0,2,1237,4663,0.421,0.093
1977,0.73,1,0.6,1.0,0,2,4571,2233,0.61,0.956
1978,0.73,1,0.6,1.0,0,2,4168,4196,0.949,0.854
1979,0.73,1,0.6,1.0,0,2,2,1450,0.02,0.226
1980,0.73,2,0.6,0.9294377357251006,0,3,1933,2808,0.654,0.679
1981,0.73,1,0.6,1.0,0,2,3667,2602,0.759,0.908
1982,0.73,2,0.6,0.9294377357251006,0,3,2167,503,0.21,0.047
1983,0.73,1,0.6,1.0,0,2,236,4302,0.587,0.623
1984,0.74,6,0.8,0.7819842203704589,0,6,4246,1266,0.383,0.487
1985,0.73,2,0.6,0.9294377357251006,0,3,4493,4459,0.058,0.324
1986,0.74,2,0.8,0.9294377357251006,0,2,1002,2358,0.973,0.693
1987,0.73,2,0.6,0.9294377357251006,0,3,1596,3697,0.356,0.149
1988,0.73,2,0.6,0.9294377357251006,0,3,4543,4355,0.405,0.229
1989,0.73,1,0.6,1.0,0,2,1209,1290,0.563,0.85
1990,0.74,2,0.8,0.9294377357251006,0,2,1861,2656,0.203,0.303
1991,0.74,2,0.8,0.9294377357251006,0,2,2705,529,0.765,0.683
1992,0.73,1,0.6,1.0,0,2,2830,4933,0.148,0.807
1993,0.74,2,0.8,0.9294377357251006,0,2,1359,1885,0.82,0.18
1994,0.73,1,0.6,1.0,0,2,771,3233,0.444,0.725
1995,0.75,4,1.0,0.8405397961940113,0,3,4731,1123,0.525,0.355
1996,0.73,2,0.6,0.9294377357251006,0,3,4012,3085,0.91,0.457
1997,0.73,1,0.6,1.0,0,2,2399,3848,0.739,0.017
1998,0.72,1,0.4,1.0,0,3,2351,2037,0.277,0.802
1999,0.73,1,0.6,1.0,0,2,523,3393,0.894,0.352
2000,0.75,7,1.0,0.7587460249574682,0,6,4062,963,0.075,0.728
2001,0.74,16,0.8,0.6275686583761231,0,16,3778,234,0.484,0.823
2002,0.73,2,0.6,0.9294377357251006,0,3,4966,3427,0.081,0.986
2003,0.74,3,0.8,0.8793730124787341,0,3,849,1007,0.888,0.124
2004,0.73,2,0.6,0.9294377357251006,0,3,1437,4814,0.254,0.546
2005,0.74,4,0.8,0.8405397961940113,0,4,3064,2081,0.715,0.409
2006,0.73,2,0.6,0.9294377357251006,0,3,2627,2755,0.34,0.036
2007,0.73,1,0.6,1.0,0,2,1626,352,0.629,0.919
2008,0.73,1,0.6,1.0,0,2,975,4141,0.012,0.5
2009,0.74,3,0.8,0.8793730124787341,0,3,4465,1425,0.958,0.612
2010,0.73,1,0.6,1.0,0,2,4294,4619,0.602,0.698
2011,0.72,1,0.4,1.0,0,3,284,2198,0.429,0.32
2012,0.73,1,0.6,1.0,0,2,2118,3545,0.806,0.772
2013,0.74,6,0.8,0.7819842203704589,0,6,3617,812,0.226,0.152
2014,0.73,1,0.6,1.0,0,2,3539,3741,0.669,0.503
2015,0.75,6,1.0,0.7819842203704589,0,5,1883,693,0.362,0.39
2016,0.73,1,0.6,1.0,0,2,49,4503,0.996,0.967
2017,0.72,1,0.4,1.0,0,3,165,3647,0.127,0.102
2018,0.73,1,0.6,1.0,0,2,4320,748,0.842,0.978
2019,0.73,1,0.6,1.0,0,2,4424,2555,0.721,0.83
2020,0.74,5,0.8,0.8088107482038347,0,5,1079,591,0.31,0.219
2021,0.73,1,0.6,1.0,0,2,1677,4293,0.923,0.639
2022,0.74,2,0.8,0.9294377357251006,0,2,2513,1391,0.108,0.254
2023,0.73,2,0.6,0.9294377357251006,0,3,3013,3139,0.978,0.128
2024,0.73,1,0.6,1.0,0,2,891,4878,0.683,0.342
2025,0.73,2,0.6,0.9294377357251006,0,3,4860,1979,0.348,0.706
2026,0.74,2,0.8,0.9294377357251006,0,2,3898,3786,0.213,0.604
2027,0.73,2,0.6,0.9294377357251006,0,3,367,1821,0.755,0.475
2028,0.73,1,0.6,1.0,0,2,2191,2984,0.384,0.928
2029,0.73,33,0.6,0.5069416708548573,0,29,3231,83,0.585,0.058
2030,0.73,1,0.6,1.0,0,2,3194,4025,0.844,0.276
2031,0.73,1,0.6,1.0,0,2,2321,1621,0.187,0.648
2032,0.72,1,0.4,1.0,0,3,394,2950,0.547,0.194
2033,0.73,1,0.6,1.0,0,2,601,3970,0.326,0.873
2034,0.75,3,1.0,0.8793730124787341,0,2,3976,1715,0.643,0.238
2035,0.73,1,0.6,1.0,0,2,4782,4752,0.796,0.075
2036,0.73,1,0.6,1.0,0,2,657,2183,0.235,0.943
2037,0.73,2,0.6,0.9294377357251006,0,3,1318,3326,0.624,0.398
2038,0.74,3,0.8,0.8793730124787341,0,3,2934,1069,0.408,0.526
2039,0.73,1,0.6,1.0,0,2,2747,4086,0.537,0.901
2040,0.74,4,0.8,0.8405397961940113,0,4,1755,1519,0.494,0.023
2041,0.73,2,0.6,0.9294377357251006,0,3,1157,2661,0.866,0.569
2042,0.74,12,0.8,0.6742540918178637,0,12,4658,407,0.165,0.448
2043,0.74,2,0.8,0.9294377357251006,0,2,4085,3444,0.271,0.362
2044,0.73,1,0.6,1.0,0,2,87,874,0.698,0.749
2045,0.73,1,0.6,1.0,0,2,2004,4556,0.068,0.171
2046,0.73,1,0.6,1.0,0,2,3511,2299,0.901,0.784
2047,0.73,2,0.6,0.9294377357251006,0,3,3746,4448,0.453,0.434
2048,0.73,1,0.6,1.0,0,2,2082,2486,0.515,0.553
2049,0.73,1,0.6,1.0,0,2,2002,2288,0.456,0.637
2050,0.73,1,0.6,1.0,0,2,90,3455,0.841,0.217
2051,0.74,6,0.8,0.7819842203704589,0,6,4099,861,0.128,0.828
2052,0.73,1,0.6,1.0,0,2,4659,2668,0.313,0.976
2053,0.75,7,1.0,0.7587460249574682,0,6,1168,399,0.719,0.1
2054,0.73,2,0.6,0.9294377357251006,0,3,1742,4094,0.109,0.551
2055,0.74,2,0.8,0.9294377357251006,0,2,2743,1513,0.922,0.432
2056,0.73,2,0.6,0.9294377357251006,0,3,2946,3339,0.054,0.056
2057,0.73,1,0.6,1.0,0,2,1319,1057,0.977,0.926
2058,0.73,1,0.6,1.0,0,2,653,4764,0.351,0.473
2059,0.74,3,0.8,0.8793730124787341,0,3,4769,2170,0.68,0.602
2060,0.73,1,0.6,1.0,0,2,3974,3976,0.755,0.704
2061,0.73,2,0.6,0.9294377357251006,0,3,591,1707,0.214,0.34
2062,0.73,1,0.6,1.0,0,2,2439,2864,0.582,0.763
2063,0.74,11,0.8,0.6881837606825688,0,11,3312,282,0.387,0.126
2064,0.73,2,0.6,0.9294377357251006,0,3,3309,2856,0.029,0.659
2065,0.73,2,0.6,0.9294377357251006,0,3,3193,1608,0.74,0.805
2066,0.73,2,0.6,0.9294377357251006,0,3,3234,2977,0.937,0.524
2067,0.73,1,0.6,1.0,0,2,357,3778,0.641,0.941
2068,0.74,3,0.8,0.8793730124787341,0,3,3896,1828,0.327,0.073
2069,0.73,2,0.6,0.9294377357251006,0,3,4848,4865,0.238,0.236
2070,0.73,1,0.6,1.0,0,2,887,1990,0.793,0.871
2071,0.74,2,0.8,0.9294377357251006,0,2,1553,3128,0.408,0.295
2072,0.74,2,0.8,0.9294377357251006,0,2,3024,1190,0.622,0.657
2073,0.73,1,0.6,1.0,0,2,2508,4286,0.495,0.782
2074,0.73,2,0.6,0.9294377357251006,0,3,1090,2547,0.168,0.747
2075,0.75,8,1.0,0.7382484839289353,0,7,4425,597,0.863,0.36
2076,0.73,2,0.6,0.9294377357251006,0,3,4334,3635,0.697,0.446
2077,0.73,2,0.6,0.9294377357251006,0,3,168,760,0.272,0.567
2078,0.73,1,0.6,1.0,0,2,2080,4436,0.898,0.021
2079,0.73,2,0.6,0.9294377357251006,0,3,3735,2499,0.07,0.899
2080,0.74,1,0.8,1.0,1,1,3501,4569,0.512,0.252
2081,0.73,1,0.6,1.0,0,2,1888,3734,0.224,0.918
2082,0.75,5,1.0,0.8088107482038347,0,4,3552,700,0.807,0.034
2083,0.73,2,0.6,0.9294377357251006,0,3,3630,3552,0.361,0.681
2084,0.73,1,0.6,1.0,0,2,2122,804,0.67,0.301
2085,0.73,2,0.6,0.9294377357251006,0,3,283,4627,0.033,0.849
2086,0.74,3,0.8,0.8793730124787341,0,3,4282,2191,0.999,0.227
2087,0.73,2,0.6,0.9294377357251006,0,3,4462,4154,0.565,0.08
2088,0.73,1,0.6,1.0,0,2,961,1414,0.404,0.965
2089,0.73,2,0.6,0.9294377357251006,0,3,1637,2767,0.768,0.387
2090,0.75,6,1.0,0.7819842203704589,0,5,2629,339,0.201,0.501
2091,0.73,1,0.6,1.0,0,2,3050,4821,0.823,0.875
2092,0.74,2,0.8,0.9294377357251006,0,2,1434,2073,0.146,0.014
2093,0.73,2,0.6,0.9294377357251006,0,3,851,3435,0.526,0.59
2094,0.75,5,1.0,0.8088107482038347,0,4,4976,1000,0.443,0.455
2095,0.74,2,0.8,0.9294377357251006,0,2,3782,2963,0.119,0.353
2096,0.73,1,0.6,1.0,0,2,2309,4036,0.291,0.178
2097,0.73,1,0.6,1.0,0,2,514,975,0.503,0.817
2098,0.72,1,0.4,1.0,0,3,2357,4768,0.139,0.271
2099,0.73,1,0.6,1.0,0,2,3398,2050,0.83,0.649
2100,0.72,2,0.4,0.9294377357251006,0,4,3428,3835,0.186,0.407
2101,0.72,2,0.4,0.9294377357251006,0,4,2387,1732,0.845,0.544
2102,0.72,1,0.4,1.0,0,3,485,3074,0.481,0.122
2103,0.74,5,0.8,0.8088107482038347,0,5,4017,33,0.55,0.984
2104,0.73,1,0.6,1.0,0,2,4742,3226,0.889,0.821
2105,0.74,2,0.8,0.9294377357251006,0,2,773,1130,0.08,0.192
2106,0.73,1,0.6,1.0,0,2,1356,4925,0.718,0.646
2107,0.74,2,0.8,0.9294377357251006,0,2,2816,1892,0.251,0.274
2108,0.73,2,0.6,0.9294377357251006,0,3,2707,2643,0.632,0.151
2109,0.74,4,0.8,0.8405397961940113,0,4,1871,540,0.337,0.77
2110,0.73,1,0.6,1.0,0,2,1195,4343,0.958,0.318
2111,0.72,2,0.4,0.9294377357251006,0,4,4204,4496,0.426,0.61
2112,0.73,1,0.6,1.0,0,2,49,2400,0.605,0.498
2113,0.73,2,0.6,0.9294377357251006,0,3,253,1258,0.952,0.091
2114,0.71,1,0.2,1.0,0,4,2150,2610,0.314,0.514
2115,0.74,9,0.8,0.7199128086727454,0,9,3658,497,0.655,0.376
2116,0.74,2,0.8,0.9294377357251006,0,2,3580,2802,0.209,0.773
2117,0.74,11,0.8,0.6881837606825688,0,11,1915,383,0.76,0.147
2118,0.73,1,0.6,1.0,0,2,19,4188,0.379,0.691
2119,0.74,4,0.8,0.8405397961940113,0,4,4173,1457,0.589,0.322
2120,0.73,2,0.6,0.9294377357251006,0,3,4590,4650,0.974,0.486
2121,0.74,3,0.8,0.8793730124787341,0,3,1245,2244,0.057,0.621
2122,0.73,2,0.6,0.9294377357251006,0,3,1824,3577,0.678,0.045
2123,0.73,1,0.6,1.0,0,2,2659,858,0.352,0.906
2124,0.73,1,0.6,1.0,0,2,2866,3993,0.734,0.533
2125,0.74,2,0.8,0.9294377357251006,0,2,1407,1575,0.298,0.418
2126,0.73,1,0.6,1.0,0,2,725,2918,0.935,0.997
2127,0.73,29,0.6,0.5287235568765801,0,27,4695,187,0.096,0.111
2128,0.74,3,0.8,0.8793730124787341,0,3,4044,3381,0.466,0.197
2129,0.73,1,0.6,1.0,0,2,3865,4711,0.657,0.859
2130,0.73,1,0.6,1.0,0,2,326,2146,0.374,0.248
2131,0.73,1,0.6,1.0,0,2,2233,3284,0.984,0.668
2132,0.75,4,1.0,0.8405397961940113,0,3,3263,1032,0.047,0.283
2133,0.73,1,0.6,1.0,0,2,3163,4979,0.276,0.002
2134,0.73,1,0.6,1.0,0,2,2278,1917,0.693,0.887
2135,0.73,1,0.6,1.0,0,2,435,3280,0.072,0.466
2136,0.74,5,0.8,0.8088107482038347,0,5,3810,1154,0.897,0.578
2137,0.73,1,0.6,1.0,0,2,4929,3117,0.542,0.726
2138,0.73,36,0.6,0.492226321392926,0,32,803,67,0.49,0.349
2139,0.73,1,0.6,1.0,0,2,1485,3880,0.87,0.8
2140,0.74,3,0.8,0.8793730124787341,0,3,3100,1766,0.161,0.182
2141,0.73,1,0.6,1.0,0,2,2581,3710,0.784,0.306
2142,0.73,1,0.6,1.0,0,2,1010,4471,0.612,0.224
2143,0.73,1,0.6,1.0,0,2,4512,2346,0.42,0.852
2144,0.73,3,0.6,0.8793730124787341,0,4,4251,4308,0.017,0.954
2145,0.75,8,1.0,0.7382484839289353,0,7,4612,707,0.703,0.205
2146,0.74,2,0.8,0.9294377357251006,0,2,4127,2513,0.857,0.103
2147,0.73,2,0.6,0.9294377357251006,0,3,118,554,0.175,0.972
2148,0.73,2,0.6,0.9294377357251006,0,3,1971,4251,0.559,0.427
2149,0.73,2,0.6,0.9294377357251006,0,3,3705,4128,0.914,0.158
2150,0.72,1,0.4,1.0,0,3,2049,1556,0.117,0.794
2151,0.72,1,0.4,1.0,0,3,196,2703,0.743,0.372
2152,0.75,11,1.0,0.6881837606825688,0,10,4362,443,0.288,0.735
2153,0.74,2,0.8,0.9294377357251006,0,2,4377,3480,0.153,0.572
2154,0.75,3,1.0,0.8793730124787341,0,2,1042,916,0.816,0.442
2155,0.73,1,0.6,1.0,0,2,1714,4593,0.448,0.895
2156,0.73,2,0.6,0.9294377357251006,0,3,2558,2341,0.521,0.025
2157,0.73,2,0.6,0.9294377357251006,0,3,2976,2819,0.393,0.4
2158,0.74,17,0.8,0.6176214964076694,0,17,1506,247,0.576,0.52
2159,0.73,1,0.6,1.0,0,2,937,3933,0.191,0.068
2160,0.73,1,0.6,1.0,0,2,4898,1674,0.777,0.945
2161,0.74,3,0.8,0.8793730124787341,0,3,4834,785,0.947,0.634
2162,0.74,3,0.8,0.8793730124787341,0,3,3910,2747,0.617,0.548
2163,0.75,6,1.0,0.7819842203704589,0,5,575,319,0.415,0.434
2164,0.73,1,0.6,1.0,0,2,2491,4174,0.787,0.981
2165,0.74,3,0.8,0.8793730124787341,0,3,3337,1433,0.244,0.095
2166,0.73,4,0.6,0.8405397961940113,0,5,3341,3181,0.598,0.931
2167,0.73,5,0.6,0.8088107482038347,0,6,2467,1214,0.434,0.052
2168,0.73,1,0.6,1.0,0,2,561,4920,0.802,0.599
2169,0.75,3,1.0,0.8793730124787341,0,2,3943,2015,0.23,0.477
2170,0.73,2,0.6,0.9294377357251006,0,3,4820,3822,0.336,0.329
2171,0.73,2,0.6,0.9294377357251006,0,3,702,1863,0.633,0.716
2172,0.73,2,0.6,0.9294377357251006,0,3,1272,3021,0.007,0.138
2173,0.74,15,0.8,0.6381190374362024,0,15,2898,124,0.962,0.751
2174,0.73,1,0.6,1.0,0,2,2793,4411,0.093,0.625
2175,0.74,2,0.8,0.9294377357251006,0,2,1792,2444,0.876,0.264
2176,0.73,1,0.6,1.0,0,2,1121,3611,0.266,0.839
2177,0.73,1,0.6,1.0,0,2,1027,3855,0.462,0.528
2178,0.74,3,0.8,0.8793730124787341,0,3,4412,1751,0.507,0.392
2179,0.73,2,0.6,0.9294377357251006,0,3,4346,4945,0.932,0.289
2180,0.73,1,0.6,1.0,0,2,231,1911,0.099,0.661
2181,0.73,1,0.6,1.0,0,2,2055,3207,0.728,0.239
2182,0.73,1,0.6,1.0,0,2,3680,1111,0.303,0.868
2183,0.74,1,0.8,1.0,1,1,3446,3416,0.873,0.471
2184,0.72,1,0.4,1.0,0,3,153,4841,0.546,0.061
2185,0.73,1,0.6,1.0,0,2,4112,2093,0.485,0.921
2186,0.73,2,0.6,0.9294377357251006,0,3,4646,4056,0.076,0.758
2187,0.74,3,0.8,0.8793730124787341,0,3,1105,1628,0.893,0.131
2188,0.74,2,0.8,0.9294377357251006,0,2,1767,2944,0.278,0.707
2189,0.74,10,0.8,0.7033261728292319,0,10,2798,203,0.691,0.338
2190,0.73,2,0.6,0.9294377357251006,0,3,2922,4646,0.318,0.212
2191,0.73,1,0.6,1.0,0,2,1267,2211,0.652,0.833
2192,0.73,1,0.6,1.0,0,2,669,3532,0.022,0.254
2193,0.73,1,0.6,1.0,0,2,2614,1688,0.436,0.72
2194,0.73,1,0.6,1.0,0,2,3115,3475,0.556,0.844
2195,0.73,1,0.6,1.0,0,2,798,4550,0.851,0.684
2196,0.73,2,0.6,0.9294377357251006,0,3,3804,4075,0.261,0.385
2197,0.74,2,0.8,0.9294377357251006,0,2,460,1493,0.708,0.504
2198,0.71,1,0.2,1.0,0,4,2294,2688,0.09,0.085
2199,0.73,1,0.6,1.0,0,2,3128,418,0.879,0.96
2200,0.73,1,0.6,1.0,0,2,3258,4363,0.674,0.742
2201,0.73,1,0.6,1.0,0,2,2257,1322,0.357,0.365
2202,0.73,1,0.6,1.0,0,2,340,2624,0.971,0.786
2203,0.73,2,0.6,0.9294377357251006,0,3,4912,3714,0.377,0.019
2204,0.73,1,0.6,1.0,0,2,903,681,0.592,0.902
2205,0.73,2,0.6,0.9294377357251006,0,3,1502,4516,0.204,0.451
2206,0.73,2,0.6,0.9294377357251006,0,3,3000,2420,0.764,0.563
2207,0.73,1,0.6,1.0,0,2,2564,3054,0.134,0.938
2208,0.71,355,0.2,0.0982247967105061,0,56,1689,14,0.835,0.076
2209,0.73,2,0.6,0.9294377357251006,0,3,720,2480,0.285,0.037
2210,0.73,1,0.6,1.0,0,2,1372,3655,0.918,0.614
2211,0.73,1,0.6,1.0,0,2,2692,3758,0.989,0.12
2212,0.73,2,0.6,0.9294377357251006,0,3,1810,1809,0.042,0.988
2213,0.73,2,0.6,0.9294377357251006,0,3,1221,2997,0.66,0.412
2214,0.73,41,0.6,0.4701679810530277,0,35,4594,110,0.37,0.539
2215,0.74,2,0.8,0.9294377357251006,0,2,4149,3147,0.195,0.641
2216,0.72,1,0.4,1.0,0,3,23,1210,0.774,0.279
2217,0.73,1,0.6,1.0,0,2,1949,4846,0.398,0.824
2218,0.74,3,0.8,0.8793730124787341,0,3,3566,1971,0.57,0.189
2219,0.73,2,0.6,0.9294377357251006,0,3,3644,4745,0.005,0.587
2220,0.73,1,0.6,1.0,0,2,2183,2151,0.964,0.458
2221,0.73,1,0.6,1.0,0,2,257,3359,0.331,0.879
2222,0.74,5,0.8,0.8088107482038347,0,5,4227,1077,0.638,0.009
2223,0.74,2,0.8,0.9294377357251006,0,2,4516,2884,0.797,0.173
2224,0.73,2,0.6,0.9294377357251006,0,3,1575,3957,0.595,0.356
2225,0.74,2,0.8,0.9294377357251006,0,2,1191,1052,0.324,0.652
2226,0.73,2,0.6,0.9294377357251006,0,3,1837,4692,0.942,0.201
2227,0.74,2,0.8,0.9294377357251006,0,2,2721,2127,0.026,0.812
2228,0.73,1,0.6,1.0,0,2,2851,2723,0.903,0.689
2229,0.74,9,0.8,0.7199128086727454,0,9,1341,463,0.066,0.325
2230,0.73,1,0.6,1.0,0,2,748,4109,0.699,0.778
2231,0.74,4,0.8,0.8405397961940113,0,4,4747,1537,0.27,0.142
2232,0.73,2,0.6,0.9294377357251006,0,3,3992,4574,0.171,0.04
2233,0.73,1,0.6,1.0,0,2,491,2321,0.86,0.911
2234,0.73,1,0.6,1.0,0,2,2422,3500,0.499,0.489
2235,0.74,3,0.8,0.8793730124787341,0,3,3413,935,0.532,0.619
2236,0.74,2,0.8,0.9294377357251006,0,2,3363,2567,0.452,0.313
2237,0.73,2,0.6,0.9294377357251006,0,3,2372,617,0.516,0.7
2238,0.73,1,0.6,1.0,0,2,539,4267,0.155,0.153
2239,0.73,2,0.6,0.9294377357251006,0,3,4039,1380,0.814,0.767
2240,0.73,1,0.6,1.0,0,2,4719,4417,0.746,0.914
2241,0.73,2,0.6,0.9294377357251006,0,3,4982,4232,0.836,0.508
2242,0.74,3,0.8,0.8793730124787341,0,3,826,1335,0.133,0.38
2243,0.73,1,0.6,1.0,0,2,1419,2533,0.509,0.957
2244,0.72,1,0.4,1.0,0,3,2642,4900,0.58,0.461
2245,0.74,3,0.8,0.8793730124787341,0,3,1603,1996,0.389,0.584
2246,0.73,1,0.6,1.0,0,2,956,3200,0.75,0.005
2247,0.73,1,0.6,1.0,0,2,4485,1234,0.219,0.884
2248,0.73,2,0.6,0.9294377357251006,0,3,4278,3040,0.347,0.798
2249,0.75,6,1.0,0.7819842203704589,0,5,307,144,0.685,0.185
2250,0.73,1,0.6,1.0,0,2,2136,3803,0.052,0.731
2251,0.74,2,0.8,0.9294377357251006,0,2,3596,1844,0.98,0.345
2252,0.73,1,0.6,1.0,0,2,3518,3914,0.414,0.992
2253,0.74,4,0.8,0.8405397961940113,0,4,1901,1655,0.617,0.115
2254,0.73,1,0.6,1.0,0,2,73,2839,0.241,0.536
2255,0.74,17,0.8,0.6176214964076694,0,17,4200,267,0.789,0.415
2256,0.73,2,0.6,0.9294377357251006,0,3,4563,3304,0.645,0.268
2257,0.73,1,0.6,1.0,0,2,4440,4788,0.478,0.665
2258,0.73,2,0.6,0.9294377357251006,0,3,1056,2070,0.553,0.286
2259,0.73,2,0.6,0.9294377357251006,0,3,1658,3362,0.181,0.864
2260,0.73,2,0.6,0.9294377357251006,0,3,2533,956,0.851,0.244
2261,0.73,1,0.6,1.0,0,2,3028,4207,0.22,0.369
2262,0.73,1,0.6,1.0,0,2,1529,1477,0.811,0.738
2263,0.73,2,0.6,0.9294377357251006,0,3,873,2782,0.424,0.162
2264,0.74,3,0.8,0.8793730124787341,0,3,4881,364,0.607,0.789
2265,0.73,1,0.6,1.0,0,2,3882,3557,0.956,0.89
2266,0.74,3,0.8,0.8793730124787341,0,3,390,839,0.013,0.029
2267,0.73,1,0.6,1.0,0,2,2209,4670,0.627,0.575
2268,0.74,2,0.8,0.9294377357251006,0,2,3210,2264,0.341,0.439
2269,0.73,2,0.6,0.9294377357251006,0,3,3178,3631,0.106,0.221
2270,0.73,1,0.6,1.0,0,2,2344,727,0.926,0.855
2271,0.72,1,0.4,1.0,0,3,413,4392,0.307,0.311
2272,0.73,2,0.6,0.9294377357251006,0,3,3757,2425,0.724,0.672
2273,0.74,3,0.8,0.8793730124787341,0,3,4803,2591,0.038,0.422
2274,0.75,4,1.0,0.8405397961940113,0,3,639,478,0.994,0.56
2275,0.73,1,0.6,1.0,0,2,1295,4329,0.364,0.107
2276,0.73,1,0.6,1.0,0,2,2950,1278,0.667,0.97
2277,0.73,1,0.6,1.0,0,2,2768,3260,0.294,0.594
2278,0.74,4,0.8,0.8405397961940113,0,4,1736,1135,0.738,0.482
2279,0.73,2,0.6,0.9294377357251006,0,3,1134,4999,0.123,0.933
2280,0.74,3,0.8,0.8793730124787341,0,3,4674,1936,0.908,0.049
2281,0.73,2,0.6,0.9294377357251006,0,3,4065,3899,0.531,0.135
2282,0.72,1,0.4,1.0,0,3,105,1786,0.438,0.754
2283,0.73,1,0.6,1.0,0,2,2027,3098,0.826,0.334
2284,0.72,87,0.4,0.3414452102654342,0,50,3495,47,0.143,0.711
2285,0.73,2,0.6,0.9294377357251006,0,3,3730,2899,0.713,0.064
2286,0.73,2,0.6,0.9294377357251006,0,3,2105,168,0.256,0.95
2287,0.73,1,0.6,1.0,0,2,183,4013,0.885,0.403
2288,0.74,3,0.8,0.8793730124787341,0,3,4299,1595,0.084,0.517
2289,0.75,4,1.0,0.8405397961940113,0,3,1503,1314,0.628,0.101
2290,0.75,9,1.0,0.7199128086727454,0,8,4910,512,0.955,0.432
2291,0.73,1,0.6,1.0,0,2,3289,4491,0.772,0.837
2292,0.73,1,0.6,1.0,0,2,2444,2366,0.197,0.208
2293,0.73,1,0.6,1.0,0,2,624,3691,0.57,0.63
2294,0.74,7,0.8,0.7587460249574682,0,7,3960,628,0.399,0.259
2295,0.75,3,1.0,0.8793730124787341,0,2,1274,1225,0.583,0.289
2296,0.75,3,1.0,0.8793730124787341,0,2,2708,689,0.209,0.3
2297,0.75,5,1.0,0.8088107482038347,0,4,1640,815,0.313,0.039
2298,0.75,3,1.0,0.8793730124787341,0,2,4459,2202,0.018,0.495
2299,0.75,8,1.0,0.7382484839289353,0,7,4335,587,0.151,0.098
2300,0.75,5,1.0,0.8088107482038347,0,4,4632,1641,0.463,0.292
2301,0.75,6,1.0,0.7819842203704589,0,5,4662,870,0.855,0.566
2302,0.75,3,1.0,0.8793730124787341,0,2,3498,1524,0.094,0.168
2303,0.75,7,1.0,0.7587460249574682,0,6,4394,908,0.263,0.105
2304,0.75,4,1.0,0.8405397961940113,0,3,1126,713,0.15,0.374
2305,0.75,6,1.0,0.7819842203704589,0,5,1830,845,0.781,0.515
2306,0.75,11,1.0,0.6881837606825688,0,10,3589,375,0.315,0.308
2307,0.75,12,1.0,0.6742540918178637,0,11,741,181,0.541,0.468
2308,0.75,3,1.0,0.8793730124787341,0,2,4216,2392,0.035,0.081
2309,0.75,4,1.0,0.8405397961940113,0,3,1553,1177,0.053,0.765
2310,0.75,4,1.0,0.8405397961940113,0,3,2425,289,0.94,0.297
2311,0.75,4,1.0,0.8405397961940113,0,3,1664,1399,0.536,0.169
2312,0.75,5,1.0,0.8088107482038347,0,4,407,222,0.913,0.723
2313,0.75,8,1.0,0.7382484839289353,0,7,2205,90,0.032,0.397
2314,0.75,4,1.0,0.8405397961940113,0,3,4540,1302,0.01,0.696
2315,0.75,6,1.0,0.7819842203704589,0,5,1589,647,0.248,0.677
2316,0.75,3,1.0,0.8793730124787341,0,2,3471,1354,0.472,0.555
2317,0.75,5,1.0,0.8088107482038347,0,4,1976,981,0.159,0.606
2318,0.75,7,1.0,0.7587460249574682,0,6,986,302,0.234,0.809
2319,0.75,5,1.0,0.8088107482038347,0,4,1450,881,0.475,0.232
2320,0.75,3,1.0,0.8793730124787341,0,2,4954,2268,0.18,0.299
2321,0.75,10,1.0,0.7033261728292319,0,9,3832,521,0.06,0.166
2322,0.75,3,1.0,0.8793730124787341,0,2,2881,780,0.113,0.493
2323,0.75,7,1.0,0.7587460249574682,0,6,3085,574,0.46,0.088
2324,0.74,2,0.8,0.9294377357251006,0,2,2554,1001,0.649,0.241
2325,0.73,1,0.6,1.0,0,2,5000,5000,0.999,0.999
2326,0.74,3,0.8,0.8793730124787341,0,3,2918,1211,0.999,0.001
2327,0.74,3,0.8,0.8793730124787341,0,3,5000,2315,0.677,0.001
2328,0.73,1,0.6,1.0,0,2,2437,2153,0.001,0.001
2329,0.75,4,1.0,0.8405397961940113,0,3,1887,1107,0.609,0.001
2330,0.73,1,0.6,1.0,0,2,99,2246,0.418,0.999
2331,0.73,1,0.6,1.0,0,2,570,5000,0.999,0.999
2332,0.74,8,0.8,0.7382484839289353,0,8,1169,373,0.478,0.215
2333,0.74,2,0.8,0.9294377357251006,0,2,2288,916,0.621,0.205
2334,0.73,1,0.6,1.0,0,2,1,369,0.355,0.001
2335,0.73,1,0.6,1.0,0,2,2403,4068,0.487,0.426
2336,0.73,2,0.6,0.9294377357251006,0,3,2183,375,0.513,0.001
2337,0.73,1,0.6,1.0,0,2,38,368,0.537,0.453
2338,0.73,1,0.6,1.0,0,2,2165,802,0.58,0.201
2339,0.74,11,0.8,0.6881837606825688,0,11,1997,410,0.492,0.303
2340,0.73,1,0.6,1.0,0,2,1,4052,0.413,0.18
2341,0.73,1,0.6,1.0,0,2,227,1843,0.146,0.323
2342,0.73,1,0.6,1.0,0,2,4966,1619,0.991,0.921
2343,0.73,1,0.6,1.0,0,2,2755,1374,0.663,0.999
2344,0.73,1,0.6,1.0,0,2,888,1358,0.665,0.999
2345,0.75,3,1.0,0.8793730124787341,0,2,1453,1113,0.652,0.186
2346,0.73,1,0.6,1.0,0,2,3914,1580,0.999,0.999
2347,0.73,1,0.6,1.0,0,2,3185,1612,0.999,0.999
2348,0.74,3,0.8,0.8793730124787341,0,3,5000,2085,0.999,0.001
2349,0.74,3,0.8,0.8793730124787341,0,3,4357,1763,0.999,0.171
2350,0.73,4,0.6,0.8405397961940113,0,5,4439,3180,0.021,0.999
2351,0.73,1,0.6,1.0,0,2,40,1420,0.642,0.999
2352,0.73,1,0.6,1.0,0,2,2136,1245,0.642,0.999
2353,0.73,2,0.6,0.9294377357251006,0,3,347,1083,0.691,0.001
2354,0.73,1,0.6,1.0,0,2,5000,1402,0.979,0.999
2355,0.73,1,0.6,1.0,0,2,4541,1824,0.968,0.999
2356,0.73,1,0.6,1.0,0,2,2590,1557,0.7,0.999
2357,0.75,4,1.0,0.8405397961940113,0,3,5000,1515,0.985,0.001
2358,0.75,5,1.0,0.8088107482038347,0,4,2625,365,0.358,0.001
2359,0.72,1,0.4,1.0,0,3,964,2190,0.87,0.85
2360,0.73,1,0.6,1.0,0,2,3027,4501,0.814,0.697
