index,ACCURACY,RUNTIME,transformed_accuracy,transformed_runtime,is_pareto,pareto_layer,recent_samples_size,n_reference_samples,recent_samples_proportion,threshold
0,0.84,106,0.8732394366197183,0.7968953271755468,0,25,1382,3780,0.015,0.381
1,0.92,233,0.9859154929577465,0.668607873110912,0,8,1029,780,0.952,0.716
2,0.87,138,0.9154929577464788,0.7539993339546518,0,39,3490,2719,0.347,0.222
3,0.92,326,0.9859154929577465,0.6137447217241445,0,56,2661,456,0.223,0.055
4,0.86,115,0.9014084507042253,0.7836547252122115,0,25,3579,3477,0.146,0.001
5,0.88,144,0.9295774647887324,0.7470709546269354,0,32,3209,2230,0.146,0.001
6,0.92,432,0.9859154929577465,0.5677120146432741,0,94,4600,613,0.306,0.001
7,0.44,40,0.30985915492957744,0.9541628319604032,0,12,1,1638,0.76,0.963
8,0.85,101,0.8873239436619718,0.8047411900273997,0,16,4766,4760,0.193,0.001
9,0.72,67,0.704225352112676,0.8712160776412307,0,21,5000,4073,0.495,0.999
10,0.76,52,0.7605633802816901,0.9120743202088671,0,5,561,4628,0.216,0.001
11,0.92,596,0.9859154929577465,0.5150555391026179,0,129,4795,617,0.755,0.592
12,0.4,35,0.2535211267605634,0.9754846841031525,0,6,1,3307,0.174,0.001
13,0.56,34,0.4788732394366198,0.980103221784685,0,3,2031,5000,0.202,0.001
14,0.55,33,0.46478873239436624,0.9848556486083937,0,2,1,600,0.263,0.001
15,0.26,36,0.05633802816901409,0.9709926977559492,0,7,1,1722,0.999,0.999
16,0.89,4330,0.9436619718309859,0.1901716724228265,0,206,4152,121,0.867,0.359
17,0.86,125,0.9014084507042253,0.7700976461751359,0,33,1614,3340,0.449,0.829
18,0.86,107,0.9014084507042253,0.7953702255221584,0,18,636,1496,0.522,0.01
19,0.83,81,0.8591549295774646,0.8405232609932402,0,8,3253,4381,0.162,0.554
20,0.88,117,0.9295774647887324,0.7808521399498601,0,11,3049,2425,0.287,0.722
21,0.78,57,0.7887323943661971,0.8972942961793745,0,5,510,4082,0.896,0.216
22,0.67,38,0.6338028169014085,0.9623619026590692,0,3,2033,1067,0.075,0.879
23,0.88,165,0.9295774647887324,0.724896426355292,0,50,4649,3014,0.742,0.433
24,0.91,205,0.9718309859154929,0.6895021210514931,0,19,4799,1708,0.047,0.126
25,0.67,46,0.6338028169014085,0.9317716491958331,0,11,2259,4917,0.654,0.687
26,0.7,51,0.6760563380281689,0.915197219305737,0,13,278,3663,0.579,0.508
27,0.82,84,0.8450704225352111,0.8346323070559547,0,20,2426,1835,0.388,0.329
28,0.84,123,0.8732394366197183,0.7727208580656739,0,38,4886,4712,0.81,0.859
29,0.92,327,0.9859154929577465,0.6132441190589141,0,57,4406,1174,0.477,0.582
30,0.62,40,0.5633802816901409,0.9541628319604032,0,10,2022,2829,0.839,0.106
31,0.89,186,0.9436619718309859,0.7053668946433759,0,49,3764,2137,0.686,0.931
32,0.83,75,0.8591549295774646,0.8529809411378038,0,4,1357,5000,0.001,0.171
33,0.85,86,0.8873239436619718,0.8308194085655435,0,6,3822,5000,0.001,0.764
34,0.87,110,0.9154929577464788,0.7908782391749551,0,14,2788,2200,0.001,0.46
35,0.82,77,0.8450704225352111,0.8487223316919061,0,13,1356,5000,0.999,0.14
36,0.8,79,0.8169014084507042,0.8445715468112124,0,19,302,1906,0.437,0.44
37,0.89,3360,0.9436619718309859,0.2317421218043605,0,201,4522,71,0.588,0.951
38,0.8,53,0.8169014084507042,0.9090097964893215,0,2,2572,4352,0.001,0.724
39,0.84,97,0.8732394366197183,0.8112999544419444,0,18,1512,4005,0.999,0.642
40,0.69,49,0.6619718309859154,0.9216273471930994,0,12,547,4068,0.447,0.999
41,0.87,118,0.9154929577464788,0.7794686106803772,0,22,1411,3104,0.999,0.001
42,0.9,136,0.9577464788732394,0.7563754225806737,0,10,1464,2553,0.999,0.001
43,0.71,66,0.6901408450704225,0.8736449701473,0,21,3540,2648,0.999,0.999
44,0.66,50,0.619718309859155,0.9183807609945628,0,15,556,3102,0.999,0.999
45,0.76,49,0.7605633802816901,0.9216273471930994,0,2,406,4385,0.001,0.001
46,0.81,66,0.8309859154929577,0.8736449701473,0,6,457,2495,0.999,0.001
47,0.85,75,0.8873239436619718,0.8529809411378038,0,2,385,1415,0.999,0.001
48,0.89,185,0.9436619718309859,0.7062459704518429,0,48,3816,2586,0.999,0.001
49,0.9,167,0.9577464788732394,0.722932962821804,0,25,4575,2527,0.999,0.001
50,0.88,80,0.9295774647887324,0.8425349088754904,1,1,349,1036,0.31,0.001
51,0.86,119,0.9014084507042253,0.7780966591973814,0,27,4505,4253,0.999,0.001
52,0.76,52,0.7605633802816901,0.9120743202088671,0,5,460,4316,0.999,0.001
53,0.86,141,0.9014084507042253,0.7504985480152447,0,46,4808,3741,0.999,0.001
54,0.89,119,0.9436619718309859,0.7780966591973814,0,6,3915,3215,0.001,0.001
55,0.84,83,0.8732394366197183,0.8365725337889669,0,8,1438,4323,0.999,0.001
56,0.88,143,0.9295774647887324,0.7482055421688263,0,31,4314,3580,0.999,0.001
57,0.72,80,0.704225352112676,0.8425349088754904,0,27,3967,1047,0.999,0.999
58,0.89,130,0.9436619718309859,0.7637175708741747,0,8,4894,3235,0.999,0.001
59,0.74,1008,0.732394366197183,0.42901636782107766,0,159,906,3188,0.001,0.999
60,0.8,68,0.8169014084507042,0.8688226446887728,0,10,956,4323,0.999,0.001
61,0.76,66,0.7605633802816901,0.8736449701473,0,17,5000,3738,0.999,0.999
62,0.78,1092,0.7887323943661971,0.41590608569049725,0,165,4657,3211,0.001,0.999
63,0.85,122,0.8873239436619718,0.7740483733794092,0,35,944,2936,0.999,0.001
64,0.65,39,0.6056338028169014,0.9582111177783754,0,6,337,4318,0.999,0.999
65,0.86,125,0.9014084507042253,0.7700976461751359,0,33,4961,3701,0.001,0.001
66,0.87,120,0.9154929577464788,0.7767360933351048,0,23,1499,3208,0.001,0.001
67,0.76,1191,0.7605633802816901,0.4016908168930081,0,174,4940,3638,0.001,0.999
68,0.92,304,0.9859154929577465,0.6251633841202833,0,40,5000,1045,0.999,0.001
69,0.86,100,0.9014084507042253,0.8063564468909141,0,11,3927,4333,0.999,0.001
70,0.88,575,0.9295774647887324,0.5209264002345002,0,127,3933,2876,0.001,0.999
71,0.74,82,0.732394366197183,0.838535997322455,0,28,1641,1084,0.999,0.999
72,0.69,49,0.6619718309859154,0.9216273471930994,0,12,220,4306,0.999,0.001
73,0.78,66,0.7887323943661971,0.8736449701473,0,12,798,3850,0.001,0.001
74,0.81,66,0.8309859154929577,0.8736449701473,0,6,937,4595,0.001,0.571
75,0.73,57,0.7183098591549295,0.8972942961793745,0,13,252,3854,0.001,0.001
76,0.79,69,0.8028169014084507,0.8664636508175219,0,14,2596,3137,0.519,0.001
77,0.77,60,0.7746478873239436,0.8890262966398854,0,10,392,3041,0.561,0.001
78,0.89,144,0.9436619718309859,0.7470709546269354,0,16,824,1297,0.136,0.494
79,0.87,116,0.9154929577464788,0.7822474440780751,0,20,5000,4022,0.746,0.45
80,0.86,111,0.9014084507042253,0.7894078504356349,0,22,2778,1983,0.999,0.001
81,0.92,287,0.9859154929577465,0.6345659712016634,0,32,937,663,0.16,0.419
82,0.83,82,0.8591549295774646,0.838535997322455,0,9,3708,5000,0.634,0.001
83,0.88,98,0.9295774647887324,0.8096355011052977,0,3,282,697,0.009,0.669
84,0.75,66,0.7464788732394366,0.8736449701473,0,18,3849,5000,0.377,0.999
85,0.77,503,0.7746478873239436,0.5428185042408098,0,113,2960,4689,0.001,0.999
86,0.82,92,0.8450704225352111,0.8198855414190059,0,25,950,3299,0.94,0.626
87,0.88,146,0.9295774647887324,0.7448250668281134,0,34,3818,3323,0.792,0.461
88,0.63,51,0.5774647887323944,0.915197219305737,0,16,415,3289,0.999,0.999
89,0.89,146,0.9436619718309859,0.7448250668281134,0,18,1023,1749,0.999,0.001
90,0.72,54,0.704225352112676,0.9060015057476836,0,10,437,4570,0.999,0.515
91,0.88,152,0.9295774647887324,0.7382663024135687,0,39,1373,2250,0.999,0.001
92,0.87,155,0.9154929577464788,0.735082760724743,0,53,3821,3284,0.999,0.662
93,0.87,111,0.9154929577464788,0.7894078504356349,0,15,1559,3280,0.999,0.712
94,0.62,54,0.5633802816901409,0.9060015057476836,0,17,405,919,0.999,0.999
95,0.77,61,0.7746478873239436,0.886360429032837,0,11,346,3301,0.999,0.603
96,0.88,488,0.9295774647887324,0.5477719700173409,0,110,3793,2589,0.001,0.999
97,0.76,69,0.7605633802816901,0.8664636508175219,0,19,3805,2848,0.999,0.999
98,0.82,511,0.8450704225352111,0.5402366044949992,0,114,1759,4451,0.001,0.999
99,0.9,292,0.9577464788732394,0.6317440900827037,0,89,3754,1997,0.158,0.584
100,0.85,155,0.8873239436619718,0.735082760724743,0,58,3856,4119,0.001,0.343
101,0.9,200,0.9577464788732394,0.693530511566306,0,49,3762,1985,0.028,0.455
102,0.86,125,0.9014084507042253,0.7700976461751359,0,33,4224,4105,0.001,0.275
103,0.85,98,0.8873239436619718,0.8096355011052977,0,13,1591,4385,0.586,0.807
104,0.84,100,0.8732394366197183,0.8063564468909141,0,19,1538,4146,0.001,0.357
105,0.9,206,0.9577464788732394,0.6887081861077788,0,54,3797,2065,0.213,0.454
106,0.9,190,0.9577464788732394,0.701896982147271,0,41,3750,1966,0.198,0.899
107,0.91,201,0.9718309859154929,0.692716875923751,0,15,4345,1978,0.099,0.214
108,0.83,151,0.8591549295774646,0.7393413701706406,0,55,3954,5000,0.282,0.428
109,0.73,77,0.7183098591549295,0.8487223316919061,0,26,2832,1584,0.142,0.999
110,0.91,235,0.9718309859154929,0.6672125689826971,0,40,983,823,0.646,0.272
111,0.88,116,0.9295774647887324,0.7822474440780751,0,10,977,2105,0.257,0.36
112,0.86,105,0.9014084507042253,0.7984347492417041,0,16,1141,2628,0.8,0.605
113,0.85,91,0.8873239436619718,0.8216579613354407,0,9,1518,4092,0.391,0.581
114,0.9,145,0.9577464788732394,0.7459441649991692,0,14,1243,1896,0.535,0.001
115,0.82,119,0.8450704225352111,0.7780966591973814,0,38,3734,667,0.221,0.999
116,0.86,122,0.9014084507042253,0.7740483733794092,0,30,1143,2436,0.608,0.001
117,0.77,63,0.7746478873239436,0.8811553173964884,0,13,1677,3852,0.738,0.999
118,0.82,82,0.8450704225352111,0.838535997322455,0,18,1404,4757,0.999,0.001
119,0.87,125,0.9154929577464788,0.7700976461751359,0,28,4569,3984,0.582,0.681
120,0.85,101,0.8873239436619718,0.8047411900273997,0,16,996,2625,0.999,0.558
121,0.81,72,0.8309859154929577,0.8595837359663323,0,11,422,2138,0.001,0.001
122,0.88,184,0.9295774647887324,0.7071297852363472,0,64,1373,2548,0.001,0.001
123,0.8,71,0.8169014084507042,0.8618451131359894,0,13,2893,4039,0.48,0.642
124,0.81,77,0.8309859154929577,0.8487223316919061,0,16,1061,4540,0.291,0.438
125,0.92,237,0.9859154929577465,0.665829039713214,0,12,4208,1361,0.167,0.001
126,0.85,115,0.8873239436619718,0.7836547252122115,0,28,4510,4375,0.132,0.251
127,0.88,143,0.9295774647887324,0.7482055421688263,0,31,4169,2913,0.333,0.001
128,0.88,118,0.9295774647887324,0.7794686106803772,0,12,373,720,0.365,0.754
129,0.85,132,0.8873239436619718,0.7612334741769502,0,43,4861,4290,0.999,0.636
130,0.91,203,0.9718309859154929,0.6911016190602367,0,17,1486,1476,0.237,0.092
131,0.87,152,0.9154929577464788,0.7382663024135687,0,51,1382,2853,0.492,0.001
132,0.9,180,0.9577464788732394,0.7107134742714888,0,34,4640,2242,0.999,0.711
133,0.86,178,0.9014084507042253,0.7125351290738706,0,66,3647,3042,0.559,0.685
134,0.66,45,0.619718309859155,0.9352975323026038,0,10,506,4819,0.724,0.999
135,0.71,59,0.6901408450704225,0.8917362301645444,0,17,1576,3421,0.758,0.999
136,0.6,48,0.5352112676056338,0.9249395254091075,0,16,402,1377,0.999,0.999
137,0.67,46,0.6338028169014085,0.9317716491958331,0,11,457,2789,0.999,0.999
138,0.66,45,0.619718309859155,0.9352975323026038,0,10,812,4773,0.999,0.999
139,0.88,129,0.9295774647887324,0.7649738777532981,0,18,4885,3490,0.51,0.001
140,0.66,47,0.619718309859155,0.9283200007498204,0,13,501,3512,0.751,0.999
141,0.69,58,0.6619718309859154,0.8944917109170232,0,18,1104,3199,0.717,0.999
142,0.74,50,0.732394366197183,0.9183807609945628,0,4,496,4801,0.475,0.798
143,0.71,47,0.6901408450704225,0.9283200007498204,0,8,807,5000,0.656,0.999
144,0.65,47,0.6056338028169014,0.9283200007498204,0,14,460,2278,0.999,0.999
145,0.72,58,0.704225352112676,0.8944917109170232,0,15,1551,4227,0.692,0.999
146,0.75,51,0.7464788732394366,0.915197219305737,0,4,498,4431,0.088,0.305
147,0.86,123,0.9014084507042253,0.7727208580656739,0,31,4790,5000,0.001,0.001
148,0.85,103,0.8873239436619718,0.801557648338574,0,18,1410,3765,0.313,0.017
149,0.86,103,0.9014084507042253,0.801557648338574,0,14,1433,3238,0.377,0.001
150,0.91,201,0.9718309859154929,0.692716875923751,0,15,1046,1184,0.707,0.001
151,0.82,82,0.8450704225352111,0.838535997322455,0,18,1403,4834,0.671,0.001
152,0.77,66,0.7746478873239436,0.8736449701473,0,15,359,2382,0.474,0.71
153,0.86,135,0.9014084507042253,0.7575765066740676,0,42,1657,3738,0.813,0.672
154,0.9,184,0.9577464788732394,0.7071297852363472,0,37,1568,1928,0.999,0.668
155,0.92,427,0.9859154929577465,0.5696161852412207,0,91,1584,551,0.097,0.464
156,0.91,260,0.9718309859154929,0.6507049499845494,0,57,3889,1523,0.999,0.131
157,0.91,254,0.9718309859154929,0.6545178484749608,0,53,5000,1594,0.999,0.261
158,0.88,160,0.9295774647887324,0.7299104943745872,0,46,1034,1563,0.271,0.621
159,0.92,345,0.9859154929577465,0.6044852101433063,0,63,4155,1421,0.999,0.001
160,0.91,260,0.9718309859154929,0.6507049499845494,0,57,3065,977,0.999,0.474
161,0.92,387,0.9859154929577465,0.5857023374583257,0,77,4564,919,0.999,0.692
162,0.92,286,0.9859154929577465,0.6351362230652235,0,31,1472,1070,0.999,0.37
163,0.82,84,0.8450704225352111,0.8346323070559547,0,20,859,3365,0.578,0.325
164,0.91,225,0.9718309859154929,0.6743109610241704,0,34,1123,1056,0.999,0.541
165,0.92,237,0.9859154929577465,0.665829039713214,0,12,950,719,0.345,0.001
166,0.88,215,0.9295774647887324,0.6817306545549953,0,72,516,754,0.399,0.883
167,0.89,154,0.9436619718309859,0.7361370874803979,0,24,4075,2755,0.737,0.643
168,0.83,129,0.8591549295774646,0.7649738777532981,0,44,1454,4033,0.999,0.001
169,0.8,80,0.8169014084507042,0.8425349088754904,0,20,1074,4288,0.364,0.6
170,0.89,137,0.9436619718309859,0.7551830737216096,0,11,1402,2337,0.295,0.103
171,0.91,182,0.9718309859154929,0.7089118380588912,0,7,4750,2248,0.524,0.59
172,0.7,45,0.6760563380281689,0.9352975323026038,0,7,199,4795,0.208,0.489
173,0.91,223,0.9718309859154929,0.6757682794684718,0,32,2243,216,0.894,0.94
174,0.81,107,0.8309859154929577,0.7953702255221584,0,34,2732,2763,0.336,0.106
175,0.85,119,0.8873239436619718,0.7780966591973814,0,32,1646,3453,0.699,0.846
176,0.87,161,0.9154929577464788,0.7288953379083275,0,59,873,1538,0.386,0.333
177,0.87,134,0.9154929577464788,0.7587864549368823,0,36,4175,3922,0.819,0.746
178,0.92,443,0.9859154929577465,0.5635990972406291,0,97,3981,570,0.471,0.774
179,0.85,115,0.8873239436619718,0.7836547252122115,0,28,992,3035,0.795,0.174
180,0.89,202,0.9436619718309859,0.6919072582513579,0,61,1450,1976,0.108,0.631
181,0.67,35,0.6338028169014085,0.9754846841031525,0,2,2122,4354,0.299,0.537
182,0.9,140,0.9577464788732394,0.751657190614839,0,11,397,637,0.611,0.018
183,0.88,179,0.9295774647887324,0.7116217715835503,0,60,4636,3260,0.186,0.93
184,0.78,73,0.7887323943661971,0.8573531267887861,0,19,561,3383,0.462,0.708
185,0.81,83,0.8309859154929577,0.8365725337889669,0,22,3073,4165,0.083,0.822
186,0.89,166,0.9436619718309859,0.7239117552543151,0,34,3670,2168,0.262,0.978
187,0.84,87,0.8732394366197183,0.8289457053657966,0,10,1306,4543,0.944,0.066
188,0.87,158,0.9154929577464788,0.7319598616278731,0,56,3813,2823,0.573,0.467
189,0.78,69,0.7887323943661971,0.8664636508175219,0,15,710,3811,0.534,0.89
190,0.83,104,0.8591549295774646,0.799988763203691,0,29,3236,3655,0.92,0.515
191,0.79,70,0.8028169014084507,0.8641381189824078,0,15,2387,2630,0.061,0.258
192,0.68,50,0.647887323943662,0.9183807609945628,0,14,55,2361,0.871,0.797
193,0.86,112,0.9014084507042253,0.7879505319913335,0,23,4919,4974,0.423,0.15
194,0.92,1096,0.9859154929577465,0.41530719097709035,0,165,4995,303,0.12,0.441
195,0.69,55,0.6619718309859154,0.9030474214027978,0,16,132,2677,0.678,0.605
196,0.81,81,0.8309859154929577,0.8405232609932402,0,20,2467,2333,0.491,0.092
197,0.77,92,0.7746478873239436,0.8198855414190059,0,33,5000,3244,0.482,0.999
198,0.79,79,0.8028169014084507,0.8445715468112124,0,20,2697,4153,0.001,0.001
199,0.91,1707,0.9718309859154929,0.3427205458103796,0,187,1357,162,0.694,0.72
200,0.88,205,0.9295774647887324,0.6895021210514931,0,70,4566,3323,0.251,0.001
201,0.73,60,0.7183098591549295,0.8890262966398854,0,15,2344,324,0.999,0.999
202,0.84,171,0.8732394366197183,0.7190752025865559,0,66,627,261,0.975,0.997
203,0.87,134,0.9154929577464788,0.7587864549368823,0,36,4758,3351,0.409,0.898
204,0.87,159,0.9154929577464788,0.7309319758440493,0,57,4543,3186,0.999,0.781
205,0.82,111,0.8450704225352111,0.7894078504356349,0,36,740,2827,0.194,0.802
206,0.81,144,0.8309859154929577,0.7470709546269354,0,51,4605,676,0.906,0.999
207,0.74,138,0.732394366197183,0.7539993339546518,0,49,4617,1276,0.347,0.999
208,0.84,117,0.8732394366197183,0.7808521399498601,0,33,4095,5000,0.233,0.755
209,0.83,103,0.8591549295774646,0.801557648338574,0,28,3643,5000,0.725,0.334
210,0.79,91,0.8028169014084507,0.8216579613354407,0,30,454,2921,0.999,0.283
211,0.86,154,0.9014084507042253,0.7361370874803979,0,56,4071,4100,0.27,0.845
212,0.83,127,0.8591549295774646,0.7675157464293254,0,43,1206,3544,0.215,0.277
213,0.77,108,0.7746478873239436,0.7938591803051387,0,37,4655,2886,0.277,0.999
214,0.86,145,0.9014084507042253,0.7459441649991692,0,48,4838,4531,0.52,0.001
215,0.89,192,0.9436619718309859,0.700189182897704,0,53,374,636,0.477,0.482
216,0.86,197,0.9014084507042253,0.6959959301381347,0,70,994,2198,0.842,0.165
217,0.9,223,0.9577464788732394,0.6757682794684718,0,66,4183,2818,0.001,0.536
218,0.77,87,0.7746478873239436,0.8289457053657966,0,29,4611,4654,0.497,0.999
219,0.89,155,0.9436619718309859,0.735082760724743,0,25,4876,2980,0.735,0.001
220,0.89,161,0.9436619718309859,0.7288953379083275,0,31,662,975,0.789,0.703
221,0.86,160,0.9014084507042253,0.7299104943745872,0,59,4887,4602,0.999,0.709
222,0.89,158,0.9436619718309859,0.7319598616278731,0,28,4595,2954,0.999,0.773
223,0.86,212,0.9014084507042253,0.6840236604014137,0,75,5000,3845,0.001,0.138
224,0.85,161,0.8873239436619718,0.7288953379083275,0,61,658,2002,0.379,0.801
225,0.86,217,0.9014084507042253,0.6802196093379755,0,76,4780,3572,0.203,0.625
226,0.87,182,0.9154929577464788,0.7089118380588912,0,64,4904,3707,0.453,0.39
227,0.84,186,0.8732394366197183,0.7053668946433759,0,71,4489,4737,0.536,0.485
228,0.82,105,0.8450704225352111,0.7984347492417041,0,33,504,2192,0.593,0.279
229,0.82,121,0.8450704225352111,0.7753867256727223,0,39,1490,4609,0.825,0.479
230,0.75,96,0.7464788732394366,0.8129814793926518,0,35,428,3949,0.661,0.101
231,0.84,134,0.8732394366197183,0.7587864549368823,0,46,1499,4146,0.999,0.305
232,0.85,159,0.8873239436619718,0.7309319758440493,0,60,1538,3533,0.999,0.612
233,0.89,167,0.9436619718309859,0.722932962821804,0,35,4541,2489,0.999,0.766
234,0.84,130,0.8732394366197183,0.7637175708741747,0,43,1548,3946,0.001,0.728
235,0.85,106,0.8873239436619718,0.7968953271755468,0,20,797,2032,0.001,0.264
236,0.93,379,1.0,0.5891180286182016,0,16,4431,915,0.201,0.8
237,0.9,319,0.9577464788732394,0.6172924048768863,0,93,4891,2389,0.999,0.001
238,0.88,582,0.9295774647887324,0.5189459952766863,0,128,737,671,0.008,0.999
239,0.91,207,0.9718309859154929,0.687918077371411,0,21,943,955,0.213,0.181
240,0.88,147,0.9295774647887324,0.7437135558216232,0,35,5000,3169,0.368,0.629
241,0.89,248,0.9436619718309859,0.658421538741461,0,78,4804,2572,0.001,0.001
242,0.86,205,0.9014084507042253,0.6895021210514931,0,74,808,498,0.892,0.993
243,0.89,119,0.9436619718309859,0.7780966591973814,0,6,729,1196,0.203,0.932
244,0.91,300,0.9718309859154929,0.6273277356257024,0,75,4676,1429,0.999,0.837
245,0.91,248,0.9718309859154929,0.658421538741461,0,50,4357,1912,0.654,0.001
246,0.69,44,0.6619718309859154,0.9389009135178765,0,7,2179,463,0.999,0.999
247,0.9,163,0.9577464788732394,0.7268836900260771,0,22,2480,727,0.722,0.763
248,0.85,147,0.8873239436619718,0.7437135558216232,0,51,4772,4297,0.567,0.837
249,0.79,111,0.8028169014084507,0.7894078504356349,0,38,1753,4852,0.508,0.98
250,0.89,184,0.9436619718309859,0.7071297852363472,0,47,931,1559,0.864,0.487
251,0.87,237,0.9154929577464788,0.665829039713214,0,78,1551,2667,0.415,0.763
252,0.93,445,1.0,0.562862254447575,0,31,751,340,0.486,0.912
253,0.9,149,0.9577464788732394,0.7415128886121054,0,16,474,855,0.999,0.001
254,0.91,363,0.9718309859154929,0.5961706104105575,0,98,4841,1564,0.262,0.74
255,0.92,342,0.9859154929577465,0.6059129165139279,0,61,1508,1128,0.67,0.679
256,0.83,107,0.8591549295774646,0.7953702255221584,0,31,1312,4276,0.642,0.001
257,0.87,145,0.9154929577464788,0.7459441649991692,0,45,3944,4045,0.762,0.001
258,0.89,201,0.9436619718309859,0.692716875923751,0,60,3869,2886,0.999,0.192
259,0.83,127,0.8591549295774646,0.7675157464293254,0,43,1208,3469,0.77,0.001
260,0.85,130,0.8873239436619718,0.7637175708741747,0,41,1683,4510,0.999,0.862
261,0.86,140,0.9014084507042253,0.751657190614839,0,45,892,2520,0.001,0.521
262,0.92,343,0.9859154929577465,0.605435631619393,0,62,5000,1390,0.55,0.001
263,0.84,134,0.8732394366197183,0.7587864549368823,0,46,4471,4710,0.999,0.001
264,0.89,155,0.9436619718309859,0.735082760724743,0,25,4995,3546,0.651,0.756
265,0.83,111,0.8591549295774646,0.7894078504356349,0,32,5000,5000,0.693,0.841
266,0.9,179,0.9577464788732394,0.7116217715835503,0,33,4733,2545,0.533,0.001
267,0.69,55,0.6619718309859154,0.9030474214027978,0,16,2439,648,0.683,0.999
268,0.84,116,0.8732394366197183,0.7822474440780751,0,32,4475,4819,0.876,0.044
269,0.64,60,0.5915492957746479,0.8890262966398854,0,20,44,822,0.116,0.996
270,0.87,109,0.9154929577464788,0.7923619347805205,0,13,1379,3314,0.611,0.468
271,0.88,137,0.9295774647887324,0.7551830737216096,0,26,3159,2287,0.381,0.509
272,0.85,91,0.8873239436619718,0.8216579613354407,0,9,2772,2573,0.128,0.659
273,0.72,51,0.704225352112676,0.915197219305737,0,7,2086,1856,0.865,0.365
274,0.8,65,0.8169014084507042,0.8761103887191287,0,7,906,4312,0.361,0.835
275,0.86,154,0.9014084507042253,0.7361370874803979,0,56,4170,3610,0.272,0.309
276,0.89,145,0.9436619718309859,0.7459441649991692,0,17,983,1962,0.72,0.731
277,0.72,50,0.704225352112676,0.9183807609945628,0,6,2324,4529,0.225,0.203
278,0.9,178,0.9577464788732394,0.7125351290738706,0,32,2849,1161,0.767,0.774
279,0.86,102,0.9014084507042253,0.8031416920186562,0,13,3703,4019,0.521,0.924
280,0.92,827,0.9859154929577465,0.46142904417345265,0,152,1771,342,0.471,0.1
281,0.82,83,0.8450704225352111,0.8365725337889669,0,19,588,2867,0.973,0.569
282,0.91,256,0.9718309859154929,0.6532370041048863,0,54,4867,1534,0.019,0.392
283,0.88,147,0.9295774647887324,0.7437135558216232,0,35,4792,3111,0.703,0.847
284,0.82,95,0.8450704225352111,0.8146804297826573,0,28,361,1328,0.289,0.175
285,0.88,104,0.9295774647887324,0.799988763203691,0,5,1696,3756,0.781,0.641
286,0.92,431,0.9859154929577465,0.5680910835878323,0,93,3476,567,0.211,0.319
287,0.82,71,0.8450704225352111,0.8618451131359894,0,9,3080,4577,0.457,0.481
288,0.85,99,0.8873239436619718,0.8079877762259362,0,14,2394,1073,0.535,0.557
289,0.83,96,0.8591549295774646,0.8129814793926518,0,22,1215,3542,0.036,0.025
290,0.89,206,0.9436619718309859,0.6887081861077788,0,62,4240,2069,0.956,0.951
291,0.85,126,0.8873239436619718,0.7688016137698954,0,39,3853,4087,0.068,0.613
292,0.93,534,1.0,0.5330324146559446,0,43,666,265,0.925,0.409
293,0.58,39,0.5070422535211266,0.9582111177783754,0,10,2007,2778,0.426,0.875
294,0.87,111,0.9154929577464788,0.7894078504356349,0,15,2532,1612,0.566,0.085
295,0.87,126,0.9154929577464788,0.7688016137698954,0,29,3394,3207,0.819,0.247
296,0.89,159,0.9436619718309859,0.7309319758440493,0,29,1463,2356,0.173,0.791
297,0.7,45,0.6760563380281689,0.9352975323026038,0,7,279,4906,0.679,0.259
298,0.92,421,0.9859154929577465,0.5719307730327083,0,89,4559,773,0.313,0.717
299,0.87,138,0.9154929577464788,0.7539993339546518,0,39,4655,3417,0.235,0.952
300,0.75,58,0.7464788732394366,0.8944917109170232,0,12,185,2234,0.757,0.007
301,0.83,94,0.8591549295774646,0.8163971705525277,0,20,1520,4725,0.251,0.535
302,0.92,309,0.9859154929577465,0.6224975165132348,0,43,3339,886,0.742,0.487
303,0.77,63,0.7746478873239436,0.8811553173964884,0,13,2631,4297,0.987,0.337
304,0.82,93,0.8450704225352111,0.8181320782286701,0,26,726,2598,0.504,0.169
305,0.91,238,0.9718309859154929,0.6651416288718353,0,43,3791,1724,0.488,0.869
306,0.87,115,0.9154929577464788,0.7836547252122115,0,19,4341,4387,0.598,0.688
307,0.91,232,0.9718309859154929,0.6693100037150462,0,38,1116,1176,0.395,0.273
308,0.76,57,0.7605633802816901,0.8972942961793745,0,10,2457,3742,0.894,0.801
309,0.88,134,0.9295774647887324,0.7587864549368823,0,23,3020,1938,0.098,0.222
310,0.87,124,0.9154929577464788,0.7714040056406603,0,27,3570,2921,0.351,0.072
311,0.91,230,0.9718309859154929,0.6707233507911121,0,37,1600,1431,0.641,0.904
312,0.74,51,0.732394366197183,0.915197219305737,0,5,416,3956,0.149,0.434
313,0.92,679,0.9859154929577465,0.4937135941544656,0,137,4735,435,0.843,0.604
314,0.87,138,0.9154929577464788,0.7539993339546518,0,39,4963,3887,0.409,0.156
315,0.9,187,0.9577464788732394,0.7044925072615069,0,39,494,542,0.583,0.821
316,0.88,140,0.9295774647887324,0.751657190614839,0,28,1829,2970,0.081,0.355
317,0.91,276,0.9718309859154929,0.6409505645114566,0,66,3648,1343,0.911,0.685
318,0.8,84,0.8169014084507042,0.8346323070559547,0,24,2947,3478,0.658,0.523
319,0.75,61,0.7464788732394366,0.886360429032837,0,15,2223,2162,0.335,0.439
320,0.73,69,0.7183098591549295,0.8664636508175219,0,21,1043,4631,0.829,0.971
321,0.93,339,1.0,0.6073531651216285,0,9,4107,971,0.163,0.053
322,0.89,177,0.9436619718309859,0.7134536034395673,0,42,4033,2686,0.803,0.391
323,0.88,131,0.9295774647887324,0.7624708177519657,0,20,808,1676,0.19,0.587
324,0.67,39,0.6338028169014085,0.9582111177783754,0,4,2148,4190,0.693,0.122
325,0.93,560,1.0,0.5252524360623819,0,45,2712,211,0.299,0.919
326,0.81,75,0.8309859154929577,0.8529809411378038,0,14,3254,4931,0.053,0.757
327,0.92,402,0.9859154929577465,0.5794836180405967,0,83,1283,642,0.939,0.205
328,0.66,44,0.619718309859155,0.9389009135178765,0,8,99,3192,0.443,0.737
329,0.89,207,0.9436619718309859,0.687918077371411,0,63,4418,2497,0.549,0.287
330,0.89,173,0.9436619718309859,0.7171798375983804,0,38,4393,2648,0.477,0.582
331,0.72,64,0.704225352112676,0.8786134487204611,0,19,156,1782,0.531,0.381
332,0.83,105,0.8591549295774646,0.7984347492417041,0,30,1316,4230,0.025,0.913
333,0.89,3938,0.9436619718309859,0.20572560635051662,0,203,3213,82,0.983,0.112
334,0.78,61,0.7887323943661971,0.886360429032837,0,8,2660,4739,0.73,0.215
335,0.82,67,0.8450704225352111,0.8712160776412307,0,6,2169,902,0.278,0.763
336,0.81,88,0.8309859154929577,0.8270931744067305,0,25,853,3391,0.777,0.297
337,0.9,212,0.9577464788732394,0.6840236604014137,0,56,3995,2210,0.231,0.743
338,0.86,120,0.9014084507042253,0.7767360933351048,0,28,4077,3945,0.871,0.815
339,0.92,495,0.9859154929577465,0.5454417161313477,0,109,1086,416,0.137,0.147
340,0.76,56,0.7605633802816901,0.9001456244911358,0,9,2250,2949,0.637,0.679
341,0.9,154,0.9577464788732394,0.7361370874803979,0,17,2893,1452,0.371,0.345
342,0.86,101,0.9014084507042253,0.8047411900273997,0,12,3600,3689,0.126,0.449
343,0.91,207,0.9718309859154929,0.687918077371411,0,21,1864,1882,0.882,0.529
344,0.76,60,0.7605633802816901,0.8890262966398854,0,12,543,4452,0.391,0.063
345,0.9,225,0.9577464788732394,0.6743109610241704,0,68,4940,1238,0.617,0.977
346,0.85,122,0.8873239436619718,0.7740483733794092,0,35,4699,4656,0.183,0.278
347,0.86,111,0.9014084507042253,0.7894078504356349,0,22,463,994,0.825,0.698
348,0.86,137,0.9014084507042253,0.7551830737216096,0,43,1623,3465,0.323,0.227
349,0.89,178,0.9436619718309859,0.7125351290738706,0,43,3520,2146,0.685,0.811
350,0.84,88,0.8732394366197183,0.8270931744067305,0,11,2978,3037,0.93,0.894
351,0.86,86,0.9014084507042253,0.8308194085655435,0,5,2487,1403,0.077,0.066
352,0.83,89,0.8591549295774646,0.8252613425507134,0,16,1171,3838,0.572,0.594
353,0.93,562,1.0,0.5246689932918873,0,46,4313,485,0.436,0.428
354,0.87,160,0.9154929577464788,0.7299104943745872,0,58,3770,3128,0.545,0.013
355,0.81,107,0.8309859154929577,0.7953702255221584,0,34,779,2435,0.463,0.963
356,0.85,101,0.8873239436619718,0.8047411900273997,0,16,1944,4983,0.966,0.493
357,0.9,216,0.9577464788732394,0.6809733911048204,0,60,2586,696,0.042,0.545
358,0.84,92,0.8732394366197183,0.8198855414190059,0,14,3282,4162,0.295,0.629
359,0.91,1435,0.9718309859154929,0.3711591013835783,0,183,1546,190,0.713,0.331
360,0.74,57,0.732394366197183,0.8972942961793745,0,12,225,2697,0.217,0.859
361,0.91,277,0.9718309859154929,0.6403597629874888,0,67,4623,1694,0.791,0.163
362,0.86,138,0.9014084507042253,0.7539993339546518,0,44,4602,4372,0.65,0.414
363,0.93,736,1.0,0.48051664521511916,0,54,249,68,0.358,0.623
364,0.86,146,0.9014084507042253,0.7448250668281134,0,49,1409,2516,0.853,0.091
365,0.9,187,0.9577464788732394,0.7044925072615069,0,39,3422,1806,0.155,0.885
366,0.78,68,0.7887323943661971,0.8688226446887728,0,14,2568,3338,0.4,0.781
367,0.9,179,0.9577464788732394,0.7116217715835503,0,33,1959,2313,0.607,0.241
368,0.75,56,0.7464788732394366,0.9001456244911358,0,10,644,4802,0.104,0.707
369,0.92,394,0.9859154929577465,0.5827708909859565,0,80,3903,809,0.904,0.253
370,0.89,149,0.9436619718309859,0.7415128886121054,0,21,4297,2846,0.015,0.181
371,0.89,190,0.9436619718309859,0.701896982147271,0,51,1189,1505,0.993,0.857
372,0.74,52,0.732394366197183,0.9120743202088671,0,6,2353,4038,0.498,0.325
373,0.93,459,1.0,0.5577950488158385,0,33,3113,353,0.51,0.651
374,0.84,89,0.8732394366197183,0.8252613425507134,0,12,3497,4466,0.763,0.547
375,0.92,282,0.9859154929577465,0.6374372748098834,0,30,1644,1096,0.245,0.475
376,0.73,52,0.7183098591549295,0.9120743202088671,0,7,323,3666,0.747,0.941
377,0.91,195,0.9718309859154929,0.6976603834747814,0,13,4837,2014,0.26,0.019
378,0.88,137,0.9295774647887324,0.7551830737216096,0,26,4920,3558,0.945,0.726
379,0.85,92,0.8873239436619718,0.8198855414190059,0,10,566,2083,0.063,0.299
380,0.83,101,0.8591549295774646,0.8047411900273997,0,26,1726,4554,0.555,0.769
381,0.91,353,0.9718309859154929,0.6007376813688662,0,94,3740,1048,0.453,0.193
382,0.82,73,0.8450704225352111,0.8573531267887861,0,11,2874,3813,0.199,0.11
383,0.86,100,0.9014084507042253,0.8063564468909141,0,11,2266,616,0.808,0.93
384,0.81,98,0.8309859154929577,0.8096355011052977,0,32,951,3051,0.309,0.402
385,0.92,305,0.9859154929577465,0.6246267314464057,0,41,4210,1261,0.699,0.576
386,0.79,106,0.8028169014084507,0.7968953271755468,0,36,3979,4851,0.34,0.991
387,0.92,208,0.9859154929577465,0.687131758139949,0,3,871,721,0.667,0.034
388,0.6,41,0.5352112676056338,0.9502121047561299,0,11,2036,3269,0.169,0.504
389,0.85,91,0.8873239436619718,0.8216579613354407,0,9,2795,2420,0.839,0.459
390,0.85,121,0.8873239436619718,0.7753867256727223,0,34,3190,2760,0.593,0.375
391,0.9,195,0.9577464788732394,0.6976603834747814,0,44,1337,1601,0.415,0.665
392,0.59,37,0.5211267605633803,0.9666205121049668,0,5,16,4108,0.921,0.137
393,0.92,1181,0.9859154929577465,0.4030720149988024,0,173,4530,292,0.087,0.841
394,0.88,132,0.9295774647887324,0.7612334741769502,0,21,4511,3723,0.577,0.197
395,0.66,44,0.619718309859155,0.9389009135178765,0,8,36,1917,0.431,0.779
396,0.83,87,0.8591549295774646,0.8289457053657966,0,14,1356,4407,0.935,0.31
397,0.91,215,0.9718309859154929,0.6817306545549953,0,25,3171,1195,0.072,0.728
398,0.8,68,0.8169014084507042,0.8688226446887728,0,10,2775,3976,0.326,0.562
399,0.79,57,0.8028169014084507,0.8972942961793745,0,4,2055,454,0.682,0.397
400,0.84,87,0.8732394366197183,0.8289457053657966,0,10,891,2902,0.186,0.925
401,0.91,294,0.9718309859154929,0.630628798397421,0,74,3960,1411,0.823,0.097
402,0.87,114,0.9154929577464788,0.7850741907501647,0,18,4190,4705,0.214,0.462
403,0.92,263,0.9859154929577465,0.6488312467848025,0,21,970,867,0.794,0.514
404,0.72,53,0.704225352112676,0.9090097964893215,0,9,2286,3436,0.292,0.045
405,0.81,80,0.8309859154929577,0.8425349088754904,0,19,2855,2253,0.716,0.993
406,0.88,195,0.9295774647887324,0.6976603834747814,0,68,3721,2617,0.961,0.828
407,0.91,183,0.9718309859154929,0.7080183903682776,0,8,1746,1745,0.047,0.133
408,0.76,59,0.7605633802816901,0.8917362301645444,0,11,586,4277,0.54,0.66
409,0.89,4670,0.9436619718309859,0.17778140536748743,0,209,4900,123,0.468,0.363
410,0.85,133,0.8873239436619718,0.760005399180137,0,44,4817,4209,0.778,0.881
411,0.92,270,0.9859154929577465,0.6445407936473445,0,24,343,231,0.23,0.081
412,0.88,150,0.9295774647887324,0.740423534135885,0,38,1663,2665,0.731,0.612
413,0.9,224,0.9577464788732394,0.6750380009982744,0,67,3477,1657,0.277,0.412
414,0.83,98,0.8591549295774646,0.8096355011052977,0,24,3093,3172,0.031,0.266
415,0.77,70,0.7746478873239436,0.8641381189824078,0,19,2373,2478,0.976,0.712
416,0.82,81,0.8450704225352111,0.8405232609932402,0,17,1208,4950,0.484,0.246
417,0.92,445,0.9859154929577465,0.562862254447575,0,98,4278,662,0.524,0.793
418,0.88,171,0.9295774647887324,0.7190752025865559,0,55,3883,2989,0.384,0.647
419,0.87,156,0.9154929577464788,0.7340351709272566,0,54,663,1362,0.624,0.315
420,0.87,130,0.9154929577464788,0.7637175708741747,0,32,1979,3869,0.119,0.846
421,0.92,236,0.9859154929577465,0.6665193449245645,0,11,2548,522,0.889,0.178
422,0.83,83,0.8591549295774646,0.8365725337889669,0,10,3403,4612,0.636,0.032
423,0.91,328,0.9718309859154929,0.6127450403006535,0,83,1428,950,0.372,0.946
424,0.72,50,0.704225352112676,0.9183807609945628,0,6,268,3499,0.87,0.48
425,0.91,201,0.9718309859154929,0.692716875923751,0,15,4582,2181,0.138,0.56
426,0.85,117,0.8873239436619718,0.7808521399498601,0,30,4642,4509,0.31,0.799
427,0.82,81,0.8450704225352111,0.8405232609932402,0,17,206,1141,0.698,0.225
428,0.86,108,0.9014084507042253,0.7938591803051387,0,19,1527,3631,0.2,0.694
429,0.87,206,0.9154929577464788,0.6887081861077788,0,71,3302,1981,0.807,0.268
430,0.8,82,0.8169014084507042,0.838535997322455,0,22,2605,2887,0.561,0.434
431,0.91,259,0.9718309859154929,0.651334306786135,0,56,1924,1552,0.446,0.606
432,0.79,63,0.8028169014084507,0.8811553173964884,0,9,759,4001,0.952,0.079
433,0.92,948,0.9859154929577465,0.43906735400692865,0,157,3789,322,0.057,0.899
434,0.89,151,0.9436619718309859,0.7393413701706406,0,23,4333,3294,0.914,0.534
435,0.88,141,0.9295774647887324,0.7504985480152447,0,29,1151,2268,0.094,0.49
436,0.72,53,0.704225352112676,0.9090097964893215,0,9,2467,4837,0.587,0.959
437,0.92,234,0.9859154929577465,0.667908736676231,0,9,2997,842,0.422,0.003
438,0.84,101,0.8732394366197183,0.8047411900273997,0,20,3540,4331,0.168,0.168
439,0.8,72,0.8169014084507042,0.8595837359663323,0,14,444,2553,0.339,0.344
440,0.91,237,0.9718309859154929,0.665829039713214,0,42,4719,1837,0.668,0.634
441,0.89,191,0.9436619718309859,0.7010408588154944,0,52,4960,2798,0.109,0.123
442,0.84,109,0.8732394366197183,0.7923619347805205,0,27,524,1632,0.899,0.915
443,0.87,110,0.9154929577464788,0.7908782391749551,0,14,1844,4067,0.405,0.384
444,0.92,1053,0.9859154929577465,0.421862905408927,0,163,3620,245,0.602,0.592
445,0.8,67,0.8169014084507042,0.8712160776412307,0,9,2912,4886,0.856,0.738
446,0.86,91,0.9014084507042253,0.8216579613354407,0,8,2231,755,0.152,0.285
447,0.85,99,0.8873239436619718,0.8079877762259362,0,14,1066,3226,0.653,0.75
448,0.91,178,0.9718309859154929,0.7125351290738706,0,5,4096,2376,0.355,0.21
449,0.87,152,0.9154929577464788,0.7382663024135687,0,51,4015,3776,0.744,0.357
450,0.92,288,0.9859154929577465,0.6339976959516469,0,33,833,585,0.263,0.681
451,0.71,48,0.6901408450704225,0.9249395254091075,0,9,2150,3092,0.76,0.15
452,0.9,142,0.9577464788732394,0.7493480363078824,0,12,2679,1308,0.248,0.826
453,0.83,86,0.8591549295774646,0.8308194085655435,0,13,3233,3523,0.494,0.972
454,0.9,134,0.9577464788732394,0.7587864549368823,0,8,1297,2049,0.514,0.051
455,0.67,40,0.6338028169014085,0.9541628319604032,0,5,137,4597,0.01,0.516
456,0.92,352,0.9859154929577465,0.6012014645508021,0,67,4412,1092,0.998,0.444
457,0.85,124,0.8873239436619718,0.7714040056406603,0,37,4437,4058,0.037,0.672
458,0.85,73,0.8873239436619718,0.8573531267887861,1,1,79,372,0.955,0.35
459,0.86,114,0.9014084507042253,0.7850741907501647,0,24,1264,2828,0.458,0.817
460,0.9,186,0.9577464788732394,0.7053668946433759,0,38,3273,1485,0.534,0.143
461,0.79,73,0.8028169014084507,0.8573531267887861,0,18,2732,3646,0.788,0.056
462,0.71,51,0.6901408450704225,0.915197219305737,0,12,2128,1994,0.205,0.982
463,0.8,65,0.8169014084507042,0.8761103887191287,0,7,788,4486,0.71,0.449
464,0.92,322,0.9859154929577465,0.61576255944822,0,53,4052,1116,0.282,0.526
465,0.88,210,0.9295774647887324,0.6855703439998715,0,71,4127,2535,0.672,0.906
466,0.89,148,0.9436619718309859,0.7426095297944973,0,20,1024,1826,0.32,0.116
467,0.67,45,0.6338028169014085,0.9352975323026038,0,9,2203,4351,0.812,0.583
468,0.89,5376,0.9436619718309859,0.1547046146825467,0,213,2967,49,0.179,0.377
469,0.84,96,0.8732394366197183,0.8129814793926518,0,17,3667,4782,0.425,0.29
470,0.93,446,1.0,0.5624950712135033,0,32,1810,790,0.567,0.749
471,0.76,67,0.7605633802816901,0.8712160776412307,0,18,474,3356,0.067,0.216
472,0.9,214,0.9577464788732394,0.6824914320012799,0,58,4983,2333,0.926,0.76
473,0.88,161,0.9295774647887324,0.7288953379083275,0,47,4754,3249,0.366,0.499
474,0.78,72,0.7887323943661971,0.8595837359663323,0,18,396,2402,0.626,0.541
475,0.83,105,0.8591549295774646,0.7984347492417041,0,30,1581,4870,0.132,0.012
476,0.92,335,0.9859154929577465,0.6092933918546408,0,60,3590,741,0.86,0.966
477,0.82,82,0.8450704225352111,0.838535997322455,0,18,3040,4127,0.614,0.866
478,0.92,320,0.9859154929577465,0.6167808685945526,0,52,2437,313,0.378,0.158
479,0.87,108,0.9154929577464788,0.7938591803051387,0,12,1097,2740,0.879,0.628
480,0.91,248,0.9718309859154929,0.658421538741461,0,50,4360,1582,0.113,0.333
481,0.86,111,0.9014084507042253,0.7894078504356349,0,22,3810,4535,0.971,0.234
482,0.89,172,0.9436619718309859,0.7181247811104694,0,37,707,1027,0.022,0.806
483,0.88,129,0.9295774647887324,0.7649738777532981,0,18,1886,3578,0.518,0.277
484,0.84,94,0.8732394366197183,0.8163971705525277,0,16,2650,2102,0.474,0.701
485,0.84,135,0.8732394366197183,0.7575765066740676,0,47,3359,3071,0.22,0.601
486,0.91,300,0.9718309859154929,0.6273277356257024,0,75,1501,1280,0.772,0.423
487,0.68,46,0.647887323943662,0.9317716491958331,0,10,165,3794,0.267,0.894
488,0.92,498,0.9859154929577465,0.5444530865296409,0,111,4675,597,0.725,0.068
489,0.89,189,0.9436619718309859,0.7027575995853647,0,50,4540,2969,0.834,0.324
490,0.83,68,0.8591549295774646,0.8688226446887728,1,1,298,1470,0.158,0.654
491,0.85,106,0.8873239436619718,0.7968953271755468,0,20,1483,3926,0.663,0.187
492,0.92,561,0.9859154929577465,0.5249604551383987,0,123,3375,396,0.33,0.853
493,0.75,55,0.7464788732394366,0.9030474214027978,0,9,2513,4432,0.084,0.94
494,0.68,49,0.647887323943662,0.9216273471930994,0,13,2026,1218,0.908,0.022
495,0.78,86,0.7887323943661971,0.8308194085655435,0,28,686,3710,0.412,0.555
496,0.91,221,0.9718309859154929,0.6772386682077922,0,30,3833,1902,0.58,0.47
497,0.87,131,0.9154929577464788,0.7624708177519657,0,33,4220,4249,0.44,0.09
498,0.91,2518,0.9718309859154929,0.2790206630637896,0,194,1234,103,0.552,0.888
499,0.78,67,0.7887323943661971,0.8712160776412307,0,13,2413,2628,0.05,0.421
500,0.89,147,0.9436619718309859,0.7437135558216232,0,19,3061,1763,0.942,0.619
501,0.85,134,0.8873239436619718,0.7587864549368823,0,45,3456,3371,0.688,0.706
502,0.89,202,0.9436619718309859,0.6919072582513579,0,61,1716,2192,0.304,0.255
503,0.73,49,0.7183098591549295,0.9216273471930994,0,4,380,4758,0.798,0.788
504,0.92,323,0.9859154929577465,0.6152557669411645,0,54,4773,922,0.195,0.236
505,0.84,102,0.8732394366197183,0.8031416920186562,0,21,4848,4963,0.504,0.505
506,0.91,245,0.9718309859154929,0.6604088024122463,0,48,607,678,0.487,0.455
507,0.87,91,0.9154929577464788,0.8216579613354407,0,3,1791,3146,0.988,0.984
508,0.89,163,0.9436619718309859,0.7268836900260771,0,32,3683,2455,0.004,0.038
509,0.85,100,0.8873239436619718,0.8063564468909141,0,15,2829,2716,0.258,0.138
510,0.8,78,0.8169014084507042,0.8466338035055586,0,18,2343,1714,0.735,0.838
511,0.82,78,0.8450704225352111,0.8466338035055586,0,14,1003,4141,0.242,0.368
512,0.91,2543,0.9718309859154929,0.2774015777592208,0,195,4150,171,0.75,0.67
513,0.85,149,0.8873239436619718,0.7415128886121054,0,53,3912,3446,0.142,0.77
514,0.87,147,0.9154929577464788,0.7437135558216232,0,47,926,2126,0.85,0.19
515,0.65,43,0.6056338028169014,0.9425852763329597,0,8,2105,4677,0.345,0.719
516,0.9,149,0.9577464788732394,0.7415128886121054,0,16,2752,1013,0.647,0.303
517,0.83,90,0.8591549295774646,0.8234497523448836,0,17,3140,3857,0.893,0.403
518,0.92,510,0.9859154929577465,0.5405571270711527,0,113,1399,504,0.099,0.573
519,0.66,42,0.619718309859155,0.946354344520882,0,6,63,3018,0.597,0.102
520,0.91,335,0.9718309859154929,0.6092933918546408,0,87,4456,1383,0.396,0.936
521,0.89,172,0.9436619718309859,0.7181247811104694,0,37,4471,3027,0.161,0.472
522,0.74,55,0.732394366197183,0.9030474214027978,0,10,78,1373,0.832,0.552
523,0.84,93,0.8732394366197183,0.8181320782286701,0,15,1394,3868,0.332,0.024
524,0.92,375,0.9859154929577465,0.5908529362943439,0,74,3135,494,0.66,0.938
525,0.78,64,0.7887323943661971,0.8786134487204611,0,10,2738,4686,0.906,0.854
526,0.79,48,0.8028169014084507,0.9249395254091075,1,1,2091,1003,0.086,0.186
527,0.84,89,0.8732394366197183,0.8252613425507134,0,12,931,3456,0.578,0.656
528,0.9,244,0.9577464788732394,0.6610766128895053,0,76,3917,2117,0.414,0.322
529,0.87,113,0.9154929577464788,0.7865060535239727,0,17,4155,4151,0.554,0.238
530,0.92,1350,0.9859154929577465,0.3811625740025245,0,180,1008,161,0.438,0.786
531,0.76,71,0.7605633802816901,0.8618451131359894,0,21,2329,2725,0.944,0.258
532,0.88,145,0.9295774647887324,0.7459441649991692,0,33,2815,1704,0.048,0.704
533,0.88,130,0.9295774647887324,0.7637175708741747,0,19,3678,3156,0.302,0.62
534,0.89,185,0.9436619718309859,0.7062459704518429,0,48,1786,2446,0.691,0.419
535,0.75,54,0.7464788732394366,0.9060015057476836,0,8,621,4973,0.192,0.889
536,0.92,466,0.9859154929577465,0.5553189915726144,0,104,4862,668,0.8,0.088
537,0.84,106,0.8732394366197183,0.7968953271755468,0,25,4777,4748,0.486,0.668
538,0.89,91,0.9436619718309859,0.8216579613354407,1,1,385,932,0.506,0.37
539,0.87,118,0.9154929577464788,0.7794686106803772,0,22,1701,3361,0.003,0.836
540,0.89,132,0.9436619718309859,0.7612334741769502,0,9,3442,2201,0.989,0.14
541,0.87,103,0.9154929577464788,0.801557648338574,0,8,3056,2618,0.736,0.036
542,0.78,81,0.7887323943661971,0.8405232609932402,0,24,2408,1773,0.256,0.986
543,0.83,101,0.8591549295774646,0.8047411900273997,0,26,1249,4239,0.752,0.454
544,0.89,5010,0.9436619718309859,0.1662620924508954,0,211,4235,112,0.241,0.506
545,0.86,130,0.9014084507042253,0.7637175708741747,0,38,3848,3700,0.848,0.933
546,0.83,117,0.8591549295774646,0.7808521399498601,0,37,701,1911,0.143,0.105
547,0.58,37,0.5070422535211266,0.9666205121049668,0,6,2022,4423,0.646,0.571
548,0.86,106,0.9014084507042253,0.7968953271755468,0,17,2508,1228,0.346,0.405
549,0.83,99,0.8591549295774646,0.8079877762259362,0,25,3360,3916,0.101,0.301
550,0.92,557,0.9859154929577465,0.526131511870849,0,121,1468,406,0.892,0.721
551,0.77,54,0.7746478873239436,0.9060015057476836,0,6,304,2959,0.397,0.188
552,0.91,270,0.9718309859154929,0.6445407936473445,0,63,4545,1480,0.595,0.772
553,0.86,148,0.9014084507042253,0.7426095297944973,0,51,4680,3804,0.954,0.524
554,0.84,82,0.8732394366197183,0.838535997322455,0,7,170,587,0.038,0.452
555,0.84,119,0.8732394366197183,0.7780966591973814,0,35,1487,3082,0.533,0.98
556,0.91,230,0.9718309859154929,0.6707233507911121,0,37,3344,1270,0.459,0.058
557,0.8,66,0.8169014084507042,0.8736449701473,0,8,2646,3588,0.206,0.142
558,0.9,187,0.9577464788732394,0.7044925072615069,0,39,1881,2092,0.786,0.818
559,0.77,64,0.7746478873239436,0.8786134487204611,0,14,722,4545,0.284,0.348
560,0.92,326,0.9859154929577465,0.6137447217241445,0,56,3825,1018,0.708,0.674
561,0.88,192,0.9295774647887324,0.700189182897704,0,67,4375,2750,0.318,0.758
562,0.9,175,0.9577464788732394,0.7153061343986337,0,29,1111,1573,0.674,0.218
563,0.72,58,0.704225352112676,0.8944917109170232,0,15,2432,4136,0.178,0.746
564,0.92,546,0.9859154929577465,0.5293957277533083,0,119,3035,303,0.814,0.292
565,0.83,91,0.8591549295774646,0.8216579613354407,0,18,3575,4880,0.569,0.376
566,0.92,359,0.9859154929577465,0.5979822006163873,0,70,1566,732,0.424,0.585
567,0.77,64,0.7746478873239436,0.8786134487204611,0,14,401,3259,0.927,0.114
568,0.9,199,0.9577464788732394,0.6943482052587733,0,48,4759,2391,0.065,0.908
569,0.88,158,0.9295774647887324,0.7319598616278731,0,44,4998,3347,0.628,0.336
570,0.83,89,0.8591549295774646,0.8252613425507134,0,16,488,2343,0.364,0.626
571,0.84,108,0.8732394366197183,0.7938591803051387,0,26,1804,4772,0.862,0.16
572,0.93,381,1.0,0.588257411180108,0,17,3662,800,0.13,0.864
573,0.78,77,0.7887323943661971,0.8487223316919061,0,22,2953,4342,0.375,0.967
574,0.93,764,1.0,0.4744033898939666,0,55,2188,59,0.617,0.01
575,0.87,112,0.9154929577464788,0.7879505319913335,0,16,1029,2525,0.11,0.542
576,0.91,261,0.9718309859154929,0.6500779999070116,0,58,4131,1836,0.882,0.497
577,0.85,123,0.8873239436619718,0.7727208580656739,0,36,4057,4476,0.024,0.071
578,0.9,181,0.9577464788732394,0.7098101813777206,0,35,793,1125,0.968,0.891
579,0.71,41,0.6901408450704225,0.9502121047561299,0,4,2114,3637,0.476,0.425
580,0.85,118,0.8873239436619718,0.7794686106803772,0,31,2717,2004,0.516,0.599
581,0.86,135,0.9014084507042253,0.7575765066740676,0,42,3268,2817,0.769,0.702
582,0.91,195,0.9718309859154929,0.6976603834747814,0,13,1259,1495,0.223,0.275
583,0.64,41,0.5915492957746479,0.9502121047561299,0,8,94,4048,0.722,0.808
584,0.92,847,0.9859154929577465,0.457516036340215,0,154,4452,382,0.27,0.232
585,0.84,108,0.8732394366197183,0.7938591803051387,0,26,4397,4607,0.696,0.901
586,0.76,51,0.7605633802816901,0.915197219305737,0,3,122,1082,0.311,0.077
587,0.85,107,0.8873239436619718,0.7953702255221584,0,21,1301,3533,0.806,0.609
588,0.89,147,0.9436619718309859,0.7437135558216232,0,19,3238,2040,0.202,0.432
589,0.81,77,0.8309859154929577,0.8487223316919061,0,16,2694,3102,0.448,0.27
590,0.78,78,0.7887323943661971,0.8466338035055586,0,23,2164,1298,0.56,0.692
591,0.78,76,0.7887323943661971,0.8508378093721061,0,21,828,3786,0.058,0.227
592,0.92,522,0.9859154929577465,0.5367516042891052,0,114,4010,576,0.95,0.798
593,0.88,150,0.9295774647887324,0.740423534135885,0,38,4092,3236,0.092,0.636
594,0.87,135,0.9154929577464788,0.7575765066740676,0,37,1061,2366,0.916,0.342
595,0.7,44,0.6760563380281689,0.9389009135178765,0,6,2246,4896,0.42,0.874
596,0.92,297,0.9859154929577465,0.6289699588273343,0,37,2927,745,0.588,0.166
597,0.84,108,0.8732394366197183,0.7938591803051387,0,26,3625,4077,0.841,0.005
598,0.92,1298,0.9859154929577465,0.38759755606227997,0,177,1849,236,0.166,0.957
599,0.77,72,0.7746478873239436,0.8595837359663323,0,21,509,2807,0.67,0.492
600,0.9,252,0.9577464788732394,0.6558087783375859,0,78,4945,1622,0.338,0.533
601,0.89,194,0.9436619718309859,0.698498990139467,0,55,4714,2544,0.901,0.208
602,0.8,87,0.8169014084507042,0.8289457053657966,0,27,439,1847,0.106,0.752
603,0.85,113,0.8873239436619718,0.7865060535239727,0,26,1618,4321,0.605,0.282
604,0.81,73,0.8309859154929577,0.8573531267887861,0,12,3002,4827,0.15,0.59
605,0.9,131,0.9577464788732394,0.7624708177519657,0,6,2472,852,0.859,0.386
606,0.83,94,0.8591549295774646,0.8163971705525277,0,20,1137,3284,0.352,0.914
607,0.9,204,0.9577464788732394,0.690299919440801,0,52,4318,2278,0.656,0.124
608,0.85,108,0.8873239436619718,0.7938591803051387,0,22,3775,3991,0.266,0.442
609,0.93,362,1.0,0.5966216347541109,0,13,745,332,0.742,0.518
610,0.89,182,0.9436619718309859,0.7089118380588912,0,45,1929,2878,0.25,0.048
611,0.85,109,0.8873239436619718,0.7923619347805205,0,23,2610,1562,0.757,0.974
612,0.84,103,0.8732394366197183,0.801557648338574,0,22,3316,3621,0.512,0.824
613,0.9,201,0.9577464788732394,0.692716875923751,0,50,1541,1990,0.496,0.152
614,0.69,47,0.6619718309859154,0.9283200007498204,0,10,201,4500,0.996,0.68
615,0.92,274,0.9859154929577465,0.6421385932280814,0,25,4637,1151,0.013,0.358
616,0.87,140,0.9154929577464788,0.751657190614839,0,40,4577,3508,0.433,0.095
617,0.76,70,0.7605633802816901,0.8641381189824078,0,20,263,2171,0.574,0.927
618,0.83,104,0.8591549295774646,0.799988763203691,0,29,1442,4622,0.075,0.395
619,0.92,265,0.9859154929577465,0.6475939032097873,0,22,3418,941,0.933,0.565
620,0.78,61,0.7887323943661971,0.886360429032837,0,8,2552,3878,0.68,0.726
621,0.93,576,1.0,0.5206420163895897,0,47,1984,512,0.328,0.311
622,0.82,73,0.8450704225352111,0.8573531267887861,0,11,648,3000,0.82,0.777
623,0.92,268,0.9859154929577465,0.6457552232409276,0,23,3869,1352,0.188,0.198
624,0.84,113,0.8732394366197183,0.7865060535239727,0,29,4263,4959,0.796,0.36
625,0.93,307,1.0,0.6235586674377802,0,5,1194,652,0.212,0.662
626,0.75,63,0.7464788732394366,0.8811553173964884,0,17,2378,3182,0.718,0.13
627,0.86,112,0.9014084507042253,0.7879505319913335,0,23,3098,2468,0.29,0.83
628,0.86,141,0.9014084507042253,0.7504985480152447,0,46,3492,2676,0.044,0.992
629,0.91,219,0.9718309859154929,0.6787223638133575,0,28,1678,1647,0.964,0.047
630,0.73,50,0.7183098591549295,0.9183807609945628,0,5,338,4218,0.465,0.512
631,0.91,1541,0.9718309859154929,0.3594829745567292,0,186,4813,221,0.543,0.464
632,0.86,132,0.9014084507042253,0.7612334741769502,0,40,4885,4267,0.229,0.796
633,0.92,737,0.9859154929577465,0.48029434383125214,0,144,572,133,0.779,0.244
634,0.9,163,0.9577464788732394,0.7268836900260771,0,22,1751,2607,0.276,0.714
635,0.91,221,0.9718309859154929,0.6772386682077922,0,30,3726,1754,0.732,0.264
636,0.82,80,0.8450704225352111,0.8425349088754904,0,16,2869,3426,0.978,0.414
637,0.76,73,0.7605633802816901,0.8573531267887861,0,23,2301,2264,0.03,0.61
638,0.8,66,0.8169014084507042,0.8736449701473,0,8,965,4696,0.526,0.082
639,0.93,340,1.0,0.6068716750678191,0,10,4186,876,0.482,0.879
640,0.88,186,0.9295774647887324,0.7053668946433759,0,65,3955,2892,0.623,0.562
641,0.89,169,0.9436619718309859,0.7209927360887916,0,36,886,1420,0.385,0.478
642,0.62,39,0.5633802816901409,0.9582111177783754,0,9,2070,3966,0.888,0.948
643,0.92,317,0.9859154929577465,0.61832029066071,0,50,2790,463,0.12,0.03
644,0.83,80,0.8591549295774646,0.8425349088754904,0,7,3175,4397,0.374,0.18
645,0.91,244,0.9718309859154929,0.6610766128895053,0,47,1361,1204,0.634,0.845
646,0.62,36,0.5633802816901409,0.9709926977559492,0,3,21,3714,0.14,0.317
647,0.91,200,0.9718309859154929,0.693530511566306,0,14,4496,1927,0.868,0.646
648,0.87,111,0.9154929577464788,0.7894078504356349,0,15,4516,4118,0.359,0.251
649,0.59,40,0.5211267605633803,0.9541628319604032,0,11,1,283,0.649,0.709
650,0.87,110,0.9154929577464788,0.7908782391749551,0,14,1342,2770,0.156,0.239
651,0.9,201,0.9577464788732394,0.692716875923751,0,50,3194,1591,0.852,0.783
652,0.81,74,0.8309859154929577,0.8551524595792684,0,13,2810,3279,0.606,0.883
653,0.66,45,0.619718309859155,0.9352975323026038,0,10,2050,2411,0.402,0.093
654,0.8,68,0.8169014084507042,0.8688226446887728,0,10,866,4861,0.902,0.622
655,0.93,411,1.0,0.57586255008433,0,25,3974,711,0.105,0.416
656,0.9,135,0.9577464788732394,0.7575765066740676,0,9,4205,3061,0.995,0.017
657,0.89,194,0.9436619718309859,0.698498990139467,0,55,946,1251,0.014,0.943
658,0.72,49,0.704225352112676,0.9216273471930994,0,5,2281,3823,0.511,0.473
659,0.92,275,0.9859154929577465,0.6415435027544467,0,26,2889,607,0.497,0.55
660,0.86,91,0.9014084507042253,0.8216579613354407,0,8,3745,4564,0.243,0.649
661,0.92,278,0.9859154929577465,0.6397710828380119,0,28,1731,1038,0.764,0.327
662,0.76,65,0.7605633802816901,0.8761103887191287,0,16,552,3568,0.259,0.856
663,0.9,227,0.9577464788732394,0.6728664825568096,0,69,4905,2073,0.749,0.182
664,0.86,150,0.9014084507042253,0.740423534135885,0,53,4833,3655,0.06,0.578
665,0.81,74,0.8309859154929577,0.8551524595792684,0,13,318,2024,0.947,0.4
666,0.84,102,0.8732394366197183,0.8031416920186562,0,21,1659,4457,0.451,0.933
667,0.91,302,0.9718309859154929,0.6262419883099202,0,77,3511,1106,0.557,0.107
668,0.81,82,0.8309859154929577,0.838535997322455,0,21,3118,4028,0.811,0.195
669,0.92,200,0.9859154929577465,0.693530511566306,0,2,2358,362,0.197,0.767
670,0.87,126,0.9154929577464788,0.7688016137698954,0,29,1175,2837,0.701,0.3
671,0.92,294,0.9859154929577465,0.630628798397421,0,36,4282,1515,0.306,0.724
672,0.84,108,0.8732394366197183,0.7938591803051387,0,26,3888,4793,0.665,0.843
673,0.9,210,0.9577464788732394,0.6855703439998715,0,55,629,819,0.343,0.135
674,0.89,150,0.9436619718309859,0.740423534135885,0,22,1964,3328,0.836,0.668
675,0.85,81,0.8873239436619718,0.8405232609932402,0,4,2572,2323,0.171,0.373
676,0.87,172,0.9154929577464788,0.7181247811104694,0,62,3437,2506,0.417,0.46
677,0.89,193,0.9436619718309859,0.6993419084254887,0,54,1423,1816,0.591,0.502
678,0.71,45,0.6901408450704225,0.9352975323026038,0,6,244,4362,0.089,0.035
679,0.91,853,0.9718309859154929,0.45636011677754273,0,155,4597,77,0.919,0.989
680,0.89,181,0.9436619718309859,0.7098101813777206,0,44,4618,2707,0.528,0.746
681,0.78,73,0.7887323943661971,0.8573531267887861,0,19,220,1684,0.479,0.294
682,0.84,113,0.8732394366197183,0.7865060535239727,0,29,1561,4171,0.981,0.765
683,0.91,1510,0.9718309859154929,0.36281251225026445,0,185,3296,180,0.027,0.213
684,0.74,53,0.732394366197183,0.9090097964893215,0,7,2591,4993,0.281,0.113
685,0.92,494,0.9859154929577465,0.5457725885856956,0,108,1948,687,0.727,0.911
686,0.8,92,0.8169014084507042,0.8198855414190059,0,30,764,3137,0.234,0.382
687,0.89,143,0.9436619718309859,0.7482055421688263,0,15,3755,2425,0.774,0.58
688,0.85,130,0.8873239436619718,0.7637175708741747,0,41,4298,3847,0.135,0.979
689,0.92,404,0.9859154929577465,0.5786719963558884,0,84,1156,475,0.873,0.061
690,0.79,66,0.8028169014084507,0.8736449701473,0,11,2492,3047,0.369,0.531
691,0.89,210,0.9436619718309859,0.6855703439998715,0,66,2983,1393,0.639,0.446
692,0.86,123,0.9014084507042253,0.7727208580656739,0,31,3535,3475,0.885,0.347
693,0.9,203,0.9577464788732394,0.6911016190602367,0,51,1638,2136,0.123,0.677
694,0.75,54,0.7464788732394366,0.9060015057476836,0,8,458,4667,0.62,0.148
695,0.93,340,1.0,0.6068716750678191,0,10,4695,984,0.388,0.814
696,0.86,111,0.9014084507042253,0.7894078504356349,0,22,4926,4441,0.827,0.426
697,0.86,108,0.9014084507042253,0.7938591803051387,0,19,529,1248,0.181,0.596
698,0.86,141,0.9014084507042253,0.7504985480152447,0,46,1869,3680,0.686,0.064
699,0.9,221,0.9577464788732394,0.6772386682077922,0,64,3605,1892,0.322,0.897
700,0.86,74,0.9014084507042253,0.8551524595792684,1,1,2908,2939,0.076,0.809
701,0.81,78,0.8309859154929577,0.8466338035055586,0,17,2265,1461,0.932,0.229
702,0.82,95,0.8450704225352111,0.8146804297826573,0,28,1081,3935,0.434,0.696
703,0.92,813,0.9859154929577465,0.4642248018566053,0,151,4072,426,0.573,0.28
704,0.86,177,0.9014084507042253,0.7134536034395673,0,65,3990,3382,0.464,0.161
705,0.86,111,0.9014084507042253,0.7894078504356349,0,22,848,2220,0.544,0.861
706,0.71,39,0.6901408450704225,0.9582111177783754,0,2,2183,4729,0.043,0.329
707,0.9,182,0.9577464788732394,0.7089118380588912,0,36,2674,911,0.965,0.631
708,0.81,96,0.8309859154929577,0.8129814793926518,0,31,3218,4220,0.711,0.544
709,0.89,3670,0.9436619718309859,0.2172777849543721,0,202,1321,93,0.296,0.494
710,0.72,51,0.704225352112676,0.915197219305737,0,7,142,2638,0.789,0.961
711,0.9,254,0.9577464788732394,0.6545178484749608,0,79,4378,1791,0.219,0.015
712,0.89,133,0.9436619718309859,0.760005399180137,0,10,4433,3202,0.755,0.867
713,0.7,51,0.6760563380281689,0.915197219305737,0,13,114,2487,0.238,0.171
714,0.81,80,0.8309859154929577,0.8425349088754904,0,19,1278,4940,0.739,0.637
715,0.92,325,0.9859154929577465,0.6142468576311719,0,55,3249,632,0.253,0.339
716,0.79,70,0.8028169014084507,0.8641381189824078,0,15,2697,4199,0.007,0.485
717,0.91,194,0.9718309859154929,0.698498990139467,0,12,2134,201,0.985,0.537
718,0.83,92,0.8591549295774646,0.8198855414190059,0,19,813,2695,0.491,0.006
719,0.91,279,0.9718309859154929,0.6391845088831958,0,68,4038,1666,0.501,0.954
720,0.85,112,0.8873239436619718,0.7879505319913335,0,25,4112,4640,0.392,0.602
721,0.91,203,0.9718309859154929,0.6911016190602367,0,17,1048,961,0.6,0.437
722,0.71,48,0.6901408450704225,0.9249395254091075,0,9,2208,3489,0.096,0.902
723,0.85,123,0.8873239436619718,0.7727208580656739,0,36,2933,2152,0.897,0.074
724,0.88,155,0.9295774647887324,0.735082760724743,0,42,3643,2979,0.643,0.22
725,0.91,253,0.9718309859154929,0.6551620428027324,0,52,1824,1333,0.349,0.802
726,0.76,60,0.7605633802816901,0.8890262966398854,0,12,508,3897,0.846,0.271
727,0.92,578,0.9859154929577465,0.5200747243167101,0,127,4978,533,0.146,0.689
728,0.86,153,0.9014084507042253,0.7371982384049431,0,55,4739,3946,0.585,0.055
729,0.89,176,0.9436619718309859,0.7143772523360292,0,41,421,444,0.407,0.969
730,0.88,157,0.9295774647887324,0.7329942325383956,0,43,1585,2911,0.913,0.441
731,0.91,206,0.9718309859154929,0.6887081861077788,0,20,3556,1441,0.08,0.52
732,0.81,84,0.8309859154929577,0.8346323070559547,0,23,3015,3732,0.333,0.686
733,0.82,85,0.8450704225352111,0.832714773553719,0,21,2451,1947,0.659,0.354
734,0.82,82,0.8450704225352111,0.838535997322455,0,18,1130,4377,0.162,0.823
735,0.92,370,0.9859154929577465,0.5930477113136876,0,72,4356,1186,0.831,0.155
736,0.9,149,0.9577464788732394,0.7415128886121054,0,16,3805,2588,0.191,0.289
737,0.87,122,0.9154929577464788,0.7740483733794092,0,25,741,1734,0.801,0.735
738,0.86,102,0.9014084507042253,0.8031416920186562,0,13,1901,4287,0.301,0.208
739,0.93,676,1.0,0.4944384910413284,0,53,2626,152,0.692,0.755
740,0.81,76,0.8309859154929577,0.8508378093721061,0,15,3325,4716,0.938,0.92
741,0.92,279,0.9859154929577465,0.6391845088831958,0,29,1506,896,0.055,0.12
742,0.71,46,0.6901408450704225,0.9317716491958331,0,7,190,3407,0.548,0.589
743,0.91,191,0.9718309859154929,0.7010408588154944,0,10,4660,2243,0.444,0.389
744,0.84,131,0.8732394366197183,0.7624708177519657,0,44,4564,4916,0.117,0.13
745,0.86,102,0.9014084507042253,0.8031416920186562,0,13,284,764,0.875,0.832
746,0.86,117,0.9014084507042253,0.7808521399498601,0,26,1448,3217,0.382,0.367
747,0.88,183,0.9295774647887324,0.7080183903682776,0,63,3380,2346,0.61,0.657
748,0.81,71,0.8309859154929577,0.8618451131359894,0,10,2527,2788,0.863,0.511
749,0.51,35,0.4084507042253521,0.9754846841031525,0,5,2002,1603,0.129,0.467
750,0.72,66,0.704225352112676,0.8736449701473,0,20,681,4097,0.629,0.998
751,0.91,1912,0.9718309859154929,0.32413719191846735,0,189,3868,255,0.363,0.042
752,0.88,183,0.9295774647887324,0.7080183903682776,0,63,4254,3552,0.721,0.395
753,0.88,177,0.9295774647887324,0.7134536034395673,0,58,1229,2059,0.271,0.567
754,0.71,74,0.6901408450704225,0.8551524595792684,0,25,2389,4587,0.768,0.102
755,0.91,215,0.9718309859154929,0.6817306545549953,0,25,3075,1063,0.224,0.922
756,0.84,159,0.8732394366197183,0.7309319758440493,0,61,3462,3765,0.47,0.776
757,0.92,451,0.9859154929577465,0.5606713900570073,0,100,1681,557,0.523,0.202
758,0.77,68,0.7746478873239436,0.8688226446887728,0,17,366,3121,0.017,0.733
759,0.91,403,0.9718309859154929,0.579077304956588,0,106,4797,1319,0.975,0.307
760,0.89,199,0.9436619718309859,0.6943482052587733,0,58,4882,2857,0.287,0.949
761,0.85,114,0.8873239436619718,0.7850741907501647,0,27,602,1543,0.706,0.027
762,0.84,126,0.8732394366197183,0.7688016137698954,0,41,1766,4010,0.209,0.555
763,0.92,810,0.9859154929577465,0.4648301462199642,0,150,3698,352,0.783,0.483
764,0.79,68,0.8028169014084507,0.8688226446887728,0,13,2834,4518,0.538,0.318
765,0.84,82,0.8732394366197183,0.838535997322455,0,7,2309,1171,0.454,0.643
766,0.83,88,0.8591549295774646,0.8270931744067305,0,15,988,3601,0.959,0.173
767,0.91,226,0.9718309859154929,0.6735871309500281,0,35,4174,1972,0.034,0.849
768,0.84,124,0.8732394366197183,0.7714040056406603,0,39,3937,4302,0.922,0.714
769,0.67,45,0.6338028169014085,0.9352975323026038,0,9,2071,2564,0.564,0.789
770,0.88,117,0.9295774647887324,0.7808521399498601,0,11,2757,1866,0.429,0.249
771,0.84,88,0.8732394366197183,0.8270931744067305,0,11,3155,3305,0.175,0.084
772,0.87,173,0.9154929577464788,0.7171798375983804,0,63,1375,2297,0.817,0.876
773,0.6,37,0.5352112676056338,0.9666205121049668,0,4,59,4808,0.315,0.407
774,0.93,368,1.0,0.5939339147984152,0,15,4490,832,0.677,0.615
775,0.87,157,0.9154929577464788,0.7329942325383956,0,55,4486,3316,0.252,0.691
776,0.68,46,0.647887323943662,0.9317716491958331,0,10,50,2295,0.74,0.269
777,0.82,97,0.8450704225352111,0.8112999544419444,0,30,1370,4820,0.237,0.796
778,0.91,355,0.9718309859154929,0.5998140324724044,0,95,3146,830,0.755,0.226
779,0.79,83,0.8028169014084507,0.8365725337889669,0,24,2761,4313,0.502,0.076
780,0.93,961,1.0,0.43683674482938273,0,58,2080,8,0.49,0.9
781,0.85,118,0.8873239436619718,0.7794686106803772,0,31,916,2575,0.986,0.431
782,0.9,236,0.9577464788732394,0.6665193449245645,0,71,3946,1864,0.007,0.607
783,0.82,119,0.8450704225352111,0.7780966591973814,0,38,4176,4527,0.895,0.956
784,0.9,222,0.9577464788732394,0.676501825414738,0,65,995,1153,0.097,0.004
785,0.74,54,0.732394366197183,0.9060015057476836,0,9,2311,3608,0.599,0.531
786,0.88,131,0.9295774647887324,0.7624708177519657,0,20,2841,1954,0.393,0.491
787,0.88,153,0.9295774647887324,0.7371982384049431,0,40,3696,2865,0.148,0.341
788,0.91,241,0.9718309859154929,0.6630965223679418,0,45,1760,1526,0.845,0.635
789,0.77,77,0.7746478873239436,0.8487223316919061,0,23,600,4017,0.35,0.166
790,0.92,1058,0.9859154929577465,0.4210870059698081,0,164,4875,334,0.642,0.872
791,0.86,155,0.9014084507042253,0.735082760724743,0,57,4803,3754,0.083,0.387
792,0.89,160,0.9436619718309859,0.7299104943745872,0,30,368,559,0.91,0.591
793,0.87,159,0.9154929577464788,0.7309319758440493,0,57,1688,3109,0.41,0.126
794,0.91,247,0.9718309859154929,0.6590812870985108,0,49,3463,1320,0.582,0.914
795,0.82,96,0.8450704225352111,0.8129814793926518,0,29,3068,3540,0.828,0.753
796,0.82,84,0.8450704225352111,0.8346323070559547,0,20,2387,2061,0.164,0.209
797,0.8,98,0.8169014084507042,0.8096355011052977,0,33,1222,4575,0.656,0.741
798,0.92,373,0.9859154929577465,0.5917273236762128,0,73,4253,1065,0.336,0.284
799,0.88,184,0.9295774647887324,0.7071297852363472,0,64,3859,2780,0.695,0.153
800,0.87,136,0.9154929577464788,0.7563754225806737,0,38,677,1620,0.297,0.825
801,0.86,138,0.9014084507042253,0.7539993339546518,0,44,1993,4089,0.804,0.36
802,0.93,364,1.0,0.5957208234467302,0,14,2523,273,0.189,0.681
803,0.82,88,0.8450704225352111,0.8270931744067305,0,22,3389,4908,0.442,0.519
804,0.92,345,0.9859154929577465,0.6044852101433063,0,63,1453,781,0.551,0.443
805,0.72,59,0.704225352112676,0.8917362301645444,0,16,293,3209,0.052,0.975
806,0.9,205,0.9577464788732394,0.6895021210514931,0,53,4568,2364,0.94,0.05
807,0.85,125,0.8873239436619718,0.7700976461751359,0,38,4667,4717,0.613,0.313
808,0.83,84,0.8591549295774646,0.8346323070559547,0,11,192,884,0.379,0.727
809,0.85,133,0.8873239436619718,0.760005399180137,0,44,1513,3409,0.878,0.2
810,0.87,199,0.9154929577464788,0.6943482052587733,0,70,3327,2232,0.114,0.778
811,0.8,81,0.8169014084507042,0.8405232609932402,0,21,2619,2590,0.36,0.928
812,0.91,239,0.9718309859154929,0.6644570882302183,0,44,1899,1722,0.632,0.097
813,0.8,74,0.8169014084507042,0.8551524595792684,0,16,734,4289,0.126,0.566
814,0.91,2870,0.9718309859154929,0.25757662505236856,0,197,3804,141,0.866,0.397
815,0.87,144,0.9154929577464788,0.7470709546269354,0,44,4347,3750,0.227,0.048
816,0.83,103,0.8591549295774646,0.801557648338574,0,28,1126,1939,0.765,0.992
817,0.76,52,0.7605633802816901,0.9120743202088671,0,5,2442,4394,0.274,0.465
818,0.91,206,0.9718309859154929,0.6887081861077788,0,20,3011,1177,0.719,0.513
819,0.84,108,0.8732394366197183,0.7938591803051387,0,26,3565,3964,0.972,0.663
820,0.92,616,0.9859154929577465,0.509653164140642,0,130,1589,437,0.02,0.361
821,0.77,74,0.7746478873239436,0.8551524595792684,0,22,430,2929,0.52,0.83
822,0.92,274,0.9859154929577465,0.6421385932280814,0,25,4744,1432,0.472,0.131
823,0.89,151,0.9436619718309859,0.7393413701706406,0,23,4974,2978,0.782,0.609
824,0.87,102,0.9154929577464788,0.8031416920186562,0,7,499,1345,0.21,0.413
825,0.85,135,0.8873239436619718,0.7575765066740676,0,46,1819,3895,0.704,0.878
826,0.92,525,0.9859154929577465,0.5358138672493463,0,116,3634,544,0.288,0.082
827,0.82,72,0.8450704225352111,0.8595837359663323,0,10,2937,4639,0.034,0.244
828,0.83,104,0.8591549295774646,0.799988763203691,0,29,2217,973,0.958,0.795
829,0.83,90,0.8591549295774646,0.8234497523448836,0,17,1052,3486,0.455,0.263
830,0.9,205,0.9577464788732394,0.6895021210514931,0,53,4121,2164,0.537,0.713
831,0.87,110,0.9154929577464788,0.7908782391749551,0,14,4040,4182,0.427,0.843
832,0.93,636,1.0,0.504423143449704,0,51,819,209,0.565,0.179
833,0.7,48,0.6760563380281689,0.9249395254091075,0,10,2135,2678,0.069,0.644
834,0.86,108,0.9014084507042253,0.7938591803051387,0,19,2704,1674,0.923,0.316
835,0.87,104,0.9154929577464788,0.799988763203691,0,9,3247,3184,0.678,0.477
836,0.88,133,0.9295774647887324,0.760005399180137,0,22,1271,2495,0.315,0.56
837,0.63,46,0.5774647887323944,0.9317716491958331,0,12,112,4923,0.818,0.029
838,0.93,389,1.0,0.584859419172304,0,19,4426,640,0.174,0.946
839,0.87,117,0.9154929577464788,0.7808521399498601,0,21,4383,4237,0.854,0.184
840,0.92,350,0.9859154929577465,0.6021329854970812,0,66,142,85,0.153,0.854
841,0.87,127,0.9154929577464788,0.7675157464293254,0,30,1327,2655,0.652,0.321
842,0.9,182,0.9577464788732394,0.7089118380588912,0,36,3218,1785,0.356,0.655
843,0.79,72,0.8028169014084507,0.8595837359663323,0,17,2669,3398,0.103,0.551
844,0.77,60,0.7746478873239436,0.8890262966398854,0,10,2183,2213,0.905,0.471
845,0.77,66,0.7746478873239436,0.8736449701473,0,15,843,4746,0.399,0.937
846,0.92,303,0.9859154929577465,0.6257017992034777,0,39,3989,905,0.609,0.023
847,0.89,160,0.9436619718309859,0.7299104943745872,0,30,4064,2942,0.5,0.418
848,0.89,196,0.9436619718309859,0.6968260445469595,0,57,1078,1449,0.508,0.62
849,0.7,46,0.6760563380281689,0.9317716491958331,0,8,2257,3938,0.016,0.087
850,0.92,318,0.9859154929577465,0.6178055422143567,0,51,2904,413,0.991,0.889
851,0.84,106,0.8732394366197183,0.7968953271755468,0,25,3613,4445,0.746,0.785
852,0.91,249,0.9718309859154929,0.6577644346734973,0,51,1872,1235,0.262,0.237
853,0.77,61,0.7746478873239436,0.886360429032837,0,11,537,3683,0.761,0.704
854,0.86,103,0.9014084507042253,0.801557648338574,0,14,4692,3459,0.556,0.987
855,0.77,77,0.7746478873239436,0.8487223316919061,0,23,2767,4390,0.622,0.403
856,0.88,6167,0.9295774647887324,0.13220383262240287,0,214,1349,45,0.457,0.853
857,0.72,39,0.704225352112676,0.9582111177783754,1,1,172,3223,0.962,0.089
858,0.91,301,0.9718309859154929,0.626783963168722,0,76,3758,1398,0.114,0.668
859,0.89,214,0.9436619718309859,0.6824914320012799,0,67,4729,2792,0.3,0.502
860,0.87,216,0.9154929577464788,0.6809733911048204,0,74,1147,2118,0.653,0.242
861,0.72,56,0.704225352112676,0.9001456244911358,0,13,2334,3968,0.146,0.944
862,0.92,411,0.9859154929577465,0.57586255008433,0,86,3747,814,0.806,0.299
863,0.83,113,0.8591549295774646,0.7865060535239727,0,34,3318,3592,0.227,0.163
864,0.91,269,0.9718309859154929,0.6451468839697193,0,62,1904,1669,0.818,0.581
865,0.77,71,0.7746478873239436,0.8618451131359894,0,20,873,4730,0.328,0.348
866,0.92,721,0.9859154929577465,0.48388785197763007,0,140,4456,326,0.719,0.895
867,0.85,132,0.8873239436619718,0.7612334741769502,0,43,4189,4254,0.911,0.804
868,0.89,100,0.9436619718309859,0.8063564468909141,0,2,601,1158,0.009,0.451
869,0.86,137,0.9014084507042253,0.7551830737216096,0,43,1622,3048,0.501,0.748
870,0.85,115,0.8873239436619718,0.7836547252122115,0,28,3041,2472,0.421,0.009
871,0.79,87,0.8028169014084507,0.8289457053657966,0,28,2918,2853,0.874,0.983
872,0.89,214,0.9436619718309859,0.6824914320012799,0,67,1836,2198,0.205,0.275
873,0.72,62,0.704225352112676,0.883737217142299,0,18,318,4215,0.711,0.54
874,0.92,311,0.9859154929577465,0.62144318975758,0,45,4230,1041,0.366,0.218
875,0.86,109,0.9014084507042253,0.7923619347805205,0,20,4588,4925,0.049,0.113
876,0.91,230,0.9718309859154929,0.6707233507911121,0,37,671,599,0.905,0.629
877,0.69,48,0.6619718309859154,0.9249395254091075,0,11,2179,3631,0.397,0.427
878,0.9,174,0.9577464788732394,0.7162403092650828,0,28,3265,1786,0.555,0.814
879,0.84,118,0.8732394366197183,0.7794686106803772,0,34,3461,3851,0.479,0.709
880,0.88,138,0.9295774647887324,0.7539993339546518,0,27,2374,775,0.566,0.033
881,0.86,149,0.9014084507042253,0.7415128886121054,0,52,1022,2519,0.076,0.766
882,0.9,237,0.9577464788732394,0.665829039713214,0,72,4940,1922,0.971,0.476
883,0.88,170,0.9295774647887324,0.7200311659101417,0,54,4035,3341,0.66,0.324
884,0.76,55,0.7605633802816901,0.9030474214027978,0,8,122,1437,0.26,0.934
885,0.82,105,0.8450704225352111,0.7984347492417041,0,33,1484,4664,0.753,0.138
886,0.93,501,1.0,0.5434703828152838,0,38,2566,240,0.17,0.62
887,0.8,79,0.8169014084507042,0.8445715468112124,0,19,2619,3126,0.34,0.834
888,0.91,288,0.9718309859154929,0.6339976959516469,0,71,1536,1300,0.739,0.407
889,0.63,39,0.5774647887323944,0.9582111177783754,0,8,67,4488,0.247,0.641
890,0.9,2903,0.9577464788732394,0.25570292185262167,0,199,3980,143,0.83,0.1
891,0.87,132,0.9154929577464788,0.7612334741769502,0,34,4878,4027,0.521,0.2
892,0.91,301,0.9718309859154929,0.626783963168722,0,76,960,872,0.433,0.56
893,0.79,67,0.8028169014084507,0.8712160776412307,0,12,2438,2734,0.924,0.264
894,0.88,237,0.9295774647887324,0.665829039713214,0,77,3526,2059,0.029,0.995
895,0.81,78,0.8309859154929577,0.8466338035055586,0,17,3174,4827,0.951,0.609
896,0.84,113,0.8732394366197183,0.7865060535239727,0,29,2087,424,0.095,0.151
897,0.78,77,0.7887323943661971,0.8487223316919061,0,22,764,3495,0.603,0.915
898,0.91,342,0.9718309859154929,0.6059129165139279,0,90,4682,1571,0.445,0.344
899,0.88,221,0.9295774647887324,0.6772386682077922,0,74,4332,2990,0.127,0.486
900,0.79,69,0.8028169014084507,0.8664636508175219,0,14,419,2413,0.795,0.754
901,0.85,99,0.8873239436619718,0.8079877762259362,0,14,1732,4313,0.289,0.052
902,0.91,206,0.9718309859154929,0.6887081861077788,0,20,2814,1216,0.634,0.689
903,0.8,81,0.8169014084507042,0.8405232609932402,0,21,3105,4118,0.088,0.287
904,0.91,402,0.9718309859154929,0.5794836180405967,0,105,1687,943,0.991,0.956
905,0.8,69,0.8169014084507042,0.8664636508175219,0,11,539,2951,0.499,0.222
906,0.9,287,0.9577464788732394,0.6345659712016634,0,86,4126,2296,0.579,0.521
907,0.88,119,0.9295774647887324,0.7780966591973814,0,13,4401,3690,0.773,0.68
908,0.86,104,0.9014084507042253,0.799988763203691,0,15,819,1845,0.182,0.078
909,0.84,100,0.8732394366197183,0.8063564468909141,0,19,1957,4866,0.672,0.873
910,0.92,482,0.9859154929577465,0.5497960357935933,0,105,3370,541,0.28,0.384
911,0.88,216,0.9295774647887324,0.6809733911048204,0,73,3643,2616,0.699,0.029
912,0.79,65,0.8028169014084507,0.8761103887191287,0,10,2230,2020,0.347,0.729
913,0.84,110,0.8732394366197183,0.7908782391749551,0,28,1248,3754,0.855,0.464
914,0.92,650,0.9859154929577465,0.5008589325238264,0,134,4830,677,0.194,0.793
915,0.85,98,0.8873239436619718,0.8096355011052977,0,13,3853,4605,0.378,0.876
916,0.92,294,0.9859154929577465,0.630628798397421,0,36,266,182,0.544,0.367
917,0.84,114,0.8732394366197183,0.7850741907501647,0,30,1258,3399,0.038,0.57
918,0.88,162,0.9295774647887324,0.727886428598335,0,48,2675,1496,0.886,0.174
919,0.84,103,0.8732394366197183,0.801557648338574,0,22,2719,2659,0.007,0.724
920,0.89,208,0.9436619718309859,0.687131758139949,0,64,1321,2084,0.913,0.02
921,0.72,49,0.704225352112676,0.9216273471930994,0,5,281,4022,0.408,0.784
922,0.93,352,1.0,0.6012014645508021,0,12,3887,927,0.515,0.458
923,0.86,108,0.9014084507042253,0.7938591803051387,0,19,4777,4494,0.82,0.368
924,0.9,3739,0.9577464788732394,0.21422484018944765,0,201,1175,89,0.226,0.888
925,0.71,49,0.6901408450704225,0.9216273471930994,0,10,2226,3200,0.733,0.187
926,0.91,233,0.9718309859154929,0.668607873110912,0,39,3619,1275,0.314,0.571
927,0.81,81,0.8309859154929577,0.8405232609932402,0,20,3424,4356,0.643,0.964
928,0.71,35,0.6901408450704225,0.9754846841031525,1,1,2030,1203,0.31,0.292
929,0.84,93,0.8732394366197183,0.8181320782286701,0,15,823,3023,0.801,0.526
930,0.89,183,0.9436619718309859,0.7080183903682776,0,46,4426,2350,0.151,0.232
931,0.87,148,0.9154929577464788,0.7426095297944973,0,48,4082,3461,0.466,0.065
932,0.84,93,0.8732394366197183,0.8181320782286701,0,15,475,1634,0.612,0.679
933,0.84,102,0.8732394366197183,0.8031416920186562,0,21,1672,4784,0.12,0.382
934,0.93,509,1.0,0.5408782775077976,0,40,3071,438,0.956,0.86
935,0.79,70,0.8028169014084507,0.8641381189824078,0,15,2887,4902,0.255,0.147
936,0.92,574,0.9859154929577465,0.5212112782305626,0,126,1786,477,0.666,0.594
937,0.79,52,0.8028169014084507,0.9120743202088671,0,3,444,3734,0.16,0.329
938,0.91,319,0.9718309859154929,0.6172924048768863,0,79,4337,1829,0.763,0.912
939,0.88,167,0.9295774647887324,0.722932962821804,0,52,4619,2906,0.573,0.761
940,0.84,127,0.8732394366197183,0.7675157464293254,0,42,720,2311,0.473,0.498
941,0.62,46,0.5633802816901409,0.9317716491958331,0,13,2053,4083,0.981,0.7
942,0.92,252,0.9859154929577465,0.6558087783375859,0,15,3159,1007,0.067,0.059
943,0.87,118,0.9154929577464788,0.7794686106803772,0,22,3589,3395,0.891,0.422
944,0.85,106,0.8873239436619718,0.7968953271755468,0,20,2482,1548,0.062,0.837
945,0.82,79,0.8450704225352111,0.8445715468112124,0,15,994,4533,0.553,0.104
946,0.91,2307,0.9718309859154929,0.29336287445526366,0,191,4892,206,0.399,0.656
947,0.86,172,0.9014084507042253,0.7181247811104694,0,64,3907,3827,0.219,0.549
948,0.69,46,0.6619718309859154,0.9317716491958331,0,9,13,653,0.86,0.192
949,0.86,147,0.9014084507042253,0.7437135558216232,0,50,1512,2620,0.367,0.988
950,0.84,115,0.8732394366197183,0.7836547252122115,0,31,2614,1967,0.709,0.252
951,0.77,68,0.7746478873239436,0.8688226446887728,0,17,2513,3924,0.782,0.047
952,0.92,486,0.9859154929577465,0.548443885898336,0,106,1411,829,0.14,0.712
953,0.71,56,0.6901408450704225,0.9001456244911358,0,16,117,2757,0.632,0.478
954,0.91,193,0.9718309859154929,0.6993419084254887,0,11,4011,2181,0.291,0.78
955,0.87,199,0.9154929577464788,0.6943482052587733,0,70,4984,3258,0.109,0.924
956,0.9,268,0.9577464788732394,0.6457552232409276,0,81,1085,1334,0.937,0.318
957,0.74,70,0.732394366197183,0.8641381189824078,0,21,2388,4435,0.447,0.614
958,0.85,116,0.8873239436619718,0.7822474440780751,0,29,3222,3121,0.428,0.273
959,0.72,64,0.704225352112676,0.8786134487204611,0,19,2115,2448,0.527,0.968
960,0.78,75,0.7887323943661971,0.8529809411378038,0,20,656,4259,0.019,0.205
961,0.92,349,0.9859154929577465,0.6026007382979198,0,65,4554,1105,0.933,0.538
962,0.84,122,0.8732394366197183,0.7740483733794092,0,37,4284,4726,0.745,0.636
963,0.91,248,0.9718309859154929,0.658421538741461,0,50,391,379,0.334,0.123
964,0.86,164,0.9014084507042253,0.7258870471666896,0,61,1841,3519,0.84,0.825
965,0.88,168,0.9295774647887324,0.7219599792806597,0,53,2942,1693,0.238,0.433
966,0.81,148,0.8309859154929577,0.7426095297944973,0,53,2977,3636,0.534,0.59
967,0.9,278,0.9577464788732394,0.6397710828380119,0,84,1579,1732,0.388,0.167
968,0.75,60,0.7464788732394366,0.8890262966398854,0,14,567,4999,0.88,0.9
969,0.92,586,0.9859154929577465,0.5178249841024102,0,128,4174,575,0.044,0.356
970,0.88,165,0.9295774647887324,0.724896426355292,0,50,4529,4141,0.356,0.439
971,0.91,238,0.9718309859154929,0.6651416288718353,0,43,927,1066,0.69,0.804
972,0.89,235,0.9436619718309859,0.6672125689826971,0,71,1929,2847,0.2,0.009
973,0.87,219,0.9154929577464788,0.6787223638133575,0,75,3322,2252,0.849,0.735
974,0.86,105,0.9014084507042253,0.7984347492417041,0,16,3674,4630,0.18,0.849
975,0.91,289,0.9718309859154929,0.6334313836597725,0,72,2281,304,0.775,0.395
976,0.84,119,0.8732394366197183,0.7780966591973814,0,35,1123,3297,0.267,0.659
977,0.91,480,0.9718309859154929,0.5504763157965458,0,109,4724,1451,0.686,0.085
978,0.89,263,0.9436619718309859,0.6488312467848025,0,81,3822,2562,0.993,0.243
979,0.75,74,0.7464788732394366,0.8551524595792684,0,24,216,1908,0.087,0.514
980,0.85,120,0.8873239436619718,0.7767360933351048,0,33,1383,3885,0.593,0.311
981,0.91,214,0.9718309859154929,0.6824914320012799,0,24,2781,712,0.485,0.945
982,0.8,121,0.8169014084507042,0.7753867256727223,0,40,2804,3497,0.979,0.349
983,0.91,271,0.9718309859154929,0.6439369357069045,0,64,1390,1594,0.069,0.893
984,0.65,61,0.6056338028169014,0.886360429032837,0,20,214,4820,0.575,0.16
985,0.92,1033,0.9859154929577465,0.4250037532964891,0,161,3795,397,0.471,0.583
986,0.86,141,0.9014084507042253,0.7504985480152447,0,46,4692,4320,0.162,0.743
987,0.91,267,0.9718309859154929,0.6463658282129738,0,60,1106,1243,0.761,0.015
988,0.72,68,0.704225352112676,0.8688226446887728,0,22,2292,2987,0.253,0.811
989,0.89,243,0.9436619718309859,0.6617471547055592,0,76,3711,2391,0.668,0.446
990,0.82,96,0.8450704225352111,0.8129814793926518,0,29,3359,4456,0.374,0.091
991,0.9,4292,0.9577464788732394,0.191616485884891,0,203,1941,131,0.704,0.667
992,0.82,108,0.8450704225352111,0.7938591803051387,0,34,911,3163,0.213,0.401
993,0.91,400,0.9718309859154929,0.5802992776607505,0,104,4496,1317,0.866,0.856
994,0.89,223,0.9436619718309859,0.6757682794684718,0,68,4146,2697,0.547,0.938
995,0.82,128,0.8450704225352111,0.766239885939888,0,44,566,2042,0.405,0.304
996,0.84,177,0.8732394366197183,0.7134536034395673,0,68,1586,4059,0.897,0.507
997,0.92,387,0.9859154929577465,0.5857023374583257,0,77,2999,884,0.057,0.236
998,0.81,99,0.8309859154929577,0.8079877762259362,0,33,2959,3786,0.728,0.771
999,0.93,627,1.0,0.5067560289929305,0,50,1873,689,0.32,0.469
1000,0.76,95,0.7605633802816901,0.8146804297826573,0,34,353,2580,0.826,0.703
1001,0.9,317,0.9577464788732394,0.61832029066071,0,92,4273,2003,0.22,0.038
1002,0.87,221,0.9154929577464788,0.6772386682077922,0,76,4548,3436,0.414,0.137
1003,0.86,167,0.9014084507042253,0.722932962821804,0,63,633,1513,0.509,0.623
1004,0.64,48,0.5915492957746479,0.9249395254091075,0,15,2142,4573,0.002,0.326
1005,0.92,1017,0.9859154929577465,0.4275604873023877,0,159,3224,170,0.92,0.932
1006,0.87,149,0.9154929577464788,0.7415128886121054,0,49,3497,2948,0.123,0.547
1007,0.81,83,0.8309859154929577,0.8365725337889669,0,22,2416,2274,0.955,0.213
1008,0.81,89,0.8309859154929577,0.8252613425507134,0,26,1063,4125,0.465,0.977
1009,0.92,433,0.9859154929577465,0.5673338201376573,0,95,4977,970,0.615,0.281
1010,0.85,158,0.8873239436619718,0.7319598616278731,0,59,3999,4859,0.799,0.424
1011,0.81,66,0.8309859154929577,0.8736449701473,0,6,80,514,0.154,0.816
1012,0.84,153,0.8732394366197183,0.7371982384049431,0,56,1443,3692,0.646,0.114
1013,0.87,127,0.9154929577464788,0.7675157464293254,0,30,2529,1867,0.309,0.627
1014,0.75,81,0.7464788732394366,0.8405232609932402,0,27,2581,4761,0.201,0.92
1015,0.93,891,1.0,0.44922268348041194,0,57,1496,338,0.846,0.338
1016,0.61,43,0.5492957746478873,0.9425852763329597,0,11,25,3556,0.354,0.603
1017,0.91,337,0.9718309859154929,0.6083204083134967,0,88,3944,1652,0.691,0.156
1018,0.88,181,0.9295774647887324,0.7098101813777206,0,62,4915,3085,0.877,0.05
1019,0.88,102,0.9295774647887324,0.8031416920186562,0,4,1001,2489,0.045,0.692
1020,0.74,70,0.732394366197183,0.8641381189824078,0,21,2481,4222,0.535,0.489
1021,0.92,291,0.9859154929577465,0.6323045940320061,0,34,3561,1146,0.385,0.752
1022,0.86,134,0.9014084507042253,0.7587864549368823,0,41,3132,3221,0.586,0.647
1023,0.72,51,0.704225352112676,0.915197219305737,0,7,2051,1376,0.49,0.095
1024,0.78,78,0.7887323943661971,0.8466338035055586,0,23,727,4398,0.998,0.828
1025,0.84,218,0.8732394366197183,0.6794692773853381,0,78,4374,3961,0.272,0.262
1026,0.75,71,0.7464788732394366,0.8618451131359894,0,22,455,787,0.679,0.996
1027,0.9,167,0.9577464788732394,0.722932962821804,0,25,1769,2794,0.174,0.201
1028,0.85,167,0.8873239436619718,0.722932962821804,0,64,2855,2140,0.78,0.558
1029,0.85,148,0.8873239436619718,0.7426095297944973,0,52,3064,2521,0.452,0.465
1030,0.9,241,0.9577464788732394,0.6630965223679418,0,75,1650,1944,0.595,0.79
1031,0.79,62,0.8028169014084507,0.883737217142299,0,8,503,3844,0.103,0.027
1032,0.92,378,0.9859154929577465,0.5895500374201692,0,75,4084,748,0.943,0.73
1033,0.85,138,0.8873239436619718,0.7539993339546518,0,48,4442,4671,0.626,0.564
1034,0.92,623,0.9859154929577465,0.5078036187904169,0,131,856,267,0.297,0.18
1035,0.89,140,0.9436619718309859,0.751657190614839,0,13,1993,3338,0.787,0.882
1036,0.91,6488,0.9718309859154929,0.12388616596148838,0,200,3412,1415,0.134,0.361
1037,0.84,180,0.8732394366197183,0.7107134742714888,0,69,3607,4183,0.837,0.225
1038,0.82,60,0.8450704225352111,0.8890262966398854,0,2,2188,1029,0.239,0.519
1039,0.87,108,0.9154929577464788,0.7938591803051387,0,12,1207,2890,0.747,0.285
1040,0.9,300,0.9577464788732394,0.6273277356257024,0,91,4793,2215,0.331,0.958
1041,0.86,180,0.9014084507042253,0.7107134742714888,0,67,3889,3595,0.021,0.867
1042,0.82,83,0.8450704225352111,0.8365725337889669,0,19,308,1769,0.931,0.389
1043,0.81,91,0.8309859154929577,0.8216579613354407,0,28,1298,4957,0.425,0.685
1044,0.92,293,0.9859154929577465,0.6311854958609504,0,35,2713,611,0.529,0.071
1045,0.77,70,0.7746478873239436,0.8641381189824078,0,19,2679,4296,0.391,0.527
1046,0.91,244,0.9718309859154929,0.6610766128895053,0,47,1284,1122,0.561,0.229
1047,0.74,56,0.732394366197183,0.9001456244911358,0,11,244,3089,0.055,0.962
1048,0.9,186,0.9577464788732394,0.7053668946433759,0,38,3845,2435,0.899,0.294
1049,0.88,162,0.9295774647887324,0.727886428598335,0,48,4818,3551,0.717,0.377
1050,0.9,181,0.9577464788732394,0.7098101813777206,0,35,1212,1705,0.36,0.866
1051,0.7,58,0.6760563380281689,0.8944917109170232,0,17,2261,4689,0.868,0.071
1052,0.92,718,0.9859154929577465,0.4845704924315375,0,139,3661,362,0.211,0.673
1053,0.85,154,0.8873239436619718,0.7361370874803979,0,57,3388,2750,0.755,0.786
1054,0.9,240,0.9577464788732394,0.6637753939196542,0,74,1988,2154,0.169,0.457
1055,0.8,91,0.8169014084507042,0.8216579613354407,0,29,783,3927,0.659,0.722
1056,0.93,502,1.0,0.543144119532518,0,39,4388,851,0.263,0.022
1057,0.85,131,0.8873239436619718,0.7624708177519657,0,42,4118,4433,0.075,0.181
1058,0.87,153,0.9154929577464788,0.7371982384049431,0,52,1713,3265,0.481,0.374
1059,0.91,216,0.9718309859154929,0.6809733911048204,0,26,3108,1361,0.565,0.882
1060,0.82,112,0.8450704225352111,0.7879505319913335,0,37,2850,3304,0.144,0.11
1061,0.91,6464,0.9718309859154929,0.12449365992376094,0,199,1744,1478,0.809,0.649
1062,0.73,62,0.7183098591549295,0.883737217142299,0,17,401,4628,0.303,0.416
1063,0.92,1150,0.9859154929577465,0.4074292063891668,0,168,4301,282,0.652,0.842
1064,0.83,97,0.8591549295774646,0.8112999544419444,0,23,4656,3888,0.965,0.986
1065,0.92,184,0.9859154929577465,0.7071297852363472,1,1,761,734,0.113,0.255
1066,0.68,54,0.647887323943662,0.9060015057476836,0,16,2095,2554,0.621,0.551
1067,0.88,230,0.9295774647887324,0.6707233507911121,0,75,3195,1881,0.459,0.191
1068,0.82,101,0.8450704225352111,0.8047411900273997,0,31,3547,4962,0.508,0.335
1069,0.89,161,0.9436619718309859,0.7288953379083275,0,31,2447,558,0.416,0.906
1070,0.84,75,0.8732394366197183,0.8529809411378038,0,3,957,3668,0.906,0.142
1071,0.9,373,0.9577464788732394,0.5917273236762128,0,102,4851,1744,0.015,0.6
1072,0.88,250,0.9295774647887324,0.6571099537824467,0,79,3949,2816,0.322,0.698
1073,0.67,45,0.6338028169014085,0.9352975323026038,0,9,50,2240,0.726,0.061
1074,0.86,95,0.9014084507042253,0.8146804297826573,0,10,1549,4178,0.234,0.762
1075,0.89,169,0.9436619718309859,0.7209927360887916,0,36,2654,1083,0.813,0.496
1076,0.78,97,0.7887323943661971,0.8112999544419444,0,33,2553,3030,0.678,0.21
1077,0.89,132,0.9436619718309859,0.7612334741769502,0,9,1448,2377,0.274,0.531
1078,0.64,44,0.5915492957746479,0.9389009135178765,0,9,154,4354,0.766,0.266
1079,0.91,407,0.9718309859154929,0.5774620480930737,0,107,4053,1181,0.188,0.974
1080,0.83,142,0.8591549295774646,0.7493480363078824,0,49,4943,4787,0.493,0.823
1081,0.93,391,1.0,0.5840208125076184,0,21,1048,460,0.584,0.435
1082,0.72,59,0.704225352112676,0.8917362301645444,0,16,2352,3454,0.094,0.638
1083,0.91,207,0.9718309859154929,0.687918077371411,0,21,3453,1607,0.985,0.121
1084,0.8,127,0.8169014084507042,0.7675157464293254,0,44,3258,3985,0.035,0.484
1085,0.82,58,0.8450704225352111,0.8944917109170232,1,1,2157,910,0.887,0.775
1086,0.83,83,0.8591549295774646,0.8365725337889669,0,10,697,2691,0.379,0.042
1087,0.9,254,0.9577464788732394,0.6545178484749608,0,79,4591,2096,0.541,0.718
1088,0.9,123,0.9577464788732394,0.7727208580656739,0,3,4248,3168,0.856,0.611
1089,0.83,79,0.8591549295774646,0.8445715468112124,0,6,348,1263,0.191,0.13
1090,0.83,92,0.8591549295774646,0.8198855414190059,0,19,1799,4530,0.697,0.925
1091,0.91,1952,0.9718309859154929,0.32074447394283234,0,190,2905,106,0.348,0.315
1092,0.8,100,0.8169014084507042,0.8063564468909141,0,34,3014,4569,0.925,0.661
1093,0.92,1243,0.9859154929577465,0.3946903636700745,0,175,1620,223,0.027,0.082
1094,0.79,70,0.8028169014084507,0.8641381189824078,0,15,609,3363,0.519,0.846
1095,0.91,353,0.9718309859154929,0.6007376813688662,0,94,4210,1536,0.435,0.396
1096,0.91,159,0.9718309859154929,0.7309319758440493,0,3,4491,2652,0.245,0.306
1097,0.86,155,0.9014084507042253,0.735082760724743,0,57,887,1979,0.832,0.951
1098,0.86,204,0.9014084507042253,0.690299919440801,0,73,1887,3790,0.341,0.249
1099,0.92,375,0.9859154929577465,0.5908529362943439,0,74,3286,636,0.737,0.509
1100,0.85,136,0.8873239436619718,0.7563754225806737,0,47,3716,3727,0.283,0.902
1101,0.78,91,0.7887323943661971,0.8216579613354407,0,31,2316,1802,0.64,0.354
1102,0.79,98,0.8028169014084507,0.8096355011052977,0,34,1160,4904,0.132,0.589
1103,0.93,604,1.0,0.5128731808155027,0,48,4765,499,0.789,0.169
1104,0.86,127,0.9014084507042253,0.7675157464293254,0,35,3780,4081,0.608,0.002
1105,0.82,62,0.8450704225352111,0.883737217142299,0,3,179,985,0.439,0.741
1106,0.87,167,0.9154929577464788,0.722932962821804,0,61,1346,2913,0.945,0.445
1107,0.86,87,0.9014084507042253,0.8289457053657966,0,6,2741,2338,0.101,0.797
1108,0.81,117,0.8309859154929577,0.7808521399498601,0,38,2753,2925,0.277,0.118
1109,0.87,143,0.9154929577464788,0.7482055421688263,0,43,1334,2329,0.677,0.639
1110,0.68,46,0.647887323943662,0.9317716491958331,0,10,187,4073,0.185,0.436
1111,0.92,497,0.9859154929577465,0.544781967774298,0,110,3773,996,0.767,0.82
1112,0.81,120,0.8309859154929577,0.7767360933351048,0,39,4753,4914,0.583,0.973
1113,0.93,444,1.0,0.5632302618871283,0,30,1172,491,0.495,0.269
1114,0.73,62,0.7183098591549295,0.883737217142299,0,17,2309,3718,0.986,0.534
1115,0.9,290,0.9577464788732394,0.6328670208116577,0,87,3724,1814,0.091,0.209
1116,0.85,91,0.8873239436619718,0.8216579613354407,0,9,3293,3801,0.888,0.314
1117,0.92,391,0.9859154929577465,0.5840208125076184,0,79,1879,627,0.033,0.928
1118,0.85,124,0.8873239436619718,0.7714040056406603,0,37,899,2644,0.54,0.133
1119,0.91,348,0.9718309859154929,0.6030698294490823,0,91,4479,1989,0.382,0.61
1120,0.86,198,0.9014084507042253,0.6951699976836121,0,71,4202,3373,0.188,0.715
1121,0.88,111,0.9295774647887324,0.7894078504356349,0,9,617,1528,0.857,0.042
1122,0.83,116,0.8591549295774646,0.7822474440780751,0,36,1607,4560,0.351,0.776
1123,0.93,638,1.0,0.5039092018204198,0,52,3026,235,0.696,0.481
1124,0.81,73,0.8309859154929577,0.8573531267887861,0,12,2893,4521,0.026,0.512
1125,0.89,4117,0.9436619718309859,0.1984396719623157,0,204,1812,117,0.928,0.248
1126,0.73,60,0.7183098591549295,0.8890262966398854,0,15,341,3178,0.436,0.95
1127,0.92,349,0.9859154929577465,0.6026007382979198,0,65,4256,1255,0.516,0.309
1128,0.9,291,0.9577464788732394,0.6323045940320061,0,88,4604,2683,0.835,0.397
1129,0.83,112,0.8591549295774646,0.7879505319913335,0,33,684,2106,0.244,0.843
1130,0.66,45,0.619718309859155,0.9352975323026038,0,10,2164,3997,0.734,0.079
1131,0.92,326,0.9859154929577465,0.6137447217241445,0,56,3251,901,0.343,0.662
1132,0.85,143,0.8873239436619718,0.7482055421688263,0,49,3445,3444,0.637,0.798
1133,0.82,94,0.8450704225352111,0.8163971705525277,0,27,2360,1619,0.284,0.442
1134,0.81,69,0.8309859154929577,0.8664636508175219,0,8,1036,4797,0.791,0.738
1135,0.93,620,1.0,0.5085937275267847,0,49,4955,452,0.131,0.003
1136,0.86,108,0.9014084507042253,0.7938591803051387,0,19,4060,4346,0.44,0.172
1137,0.8,67,0.8169014084507042,0.8712160776412307,0,9,146,1191,0.605,0.588
1138,0.88,120,0.9295774647887324,0.7767360933351048,0,14,1460,3042,0.1,0.354
1139,0.8,76,0.8169014084507042,0.8508378093721061,0,17,2541,2368,0.948,0.905
1140,0.79,63,0.8028169014084507,0.8811553173964884,0,9,2642,4170,0.56,0.674
1141,0.91,327,0.9718309859154929,0.6132441190589141,0,82,1562,1093,0.394,0.068
1142,0.62,47,0.5633802816901409,0.9283200007498204,0,15,42,2827,0.9,0.863
1143,0.91,182,0.9718309859154929,0.7089118380588912,0,7,3956,2231,0.053,0.378
1144,0.87,128,0.9154929577464788,0.766239885939888,0,31,4863,3659,0.364,0.297
1145,0.89,116,0.9436619718309859,0.7822474440780751,0,4,945,1755,0.716,0.961
1146,0.73,51,0.7183098591549295,0.915197219305737,0,6,2454,4973,0.208,0.228
1147,0.92,441,0.9859154929577465,0.5643392666489904,0,96,3539,550,0.869,0.53
1148,0.87,123,0.9154929577464788,0.7727208580656739,0,26,3188,2546,0.166,0.885
1149,0.72,52,0.704225352112676,0.9120743202088671,0,8,2102,1891,0.756,0.373
1150,0.8,73,0.8169014084507042,0.8573531267887861,0,15,749,3899,0.266,0.575
1151,0.92,388,0.9859154929577465,0.5852803365934547,0,78,4668,725,0.658,0.184
1152,0.87,131,0.9154929577464788,0.7624708177519657,0,33,4308,4619,0.975,0.023
1153,0.91,350,0.9718309859154929,0.6021329854970812,0,93,394,293,0.072,0.719
1154,0.87,157,0.9154929577464788,0.7329942325383956,0,55,1757,3315,0.564,0.454
1155,0.87,153,0.9154929577464788,0.7371982384049431,0,52,2838,1470,0.484,0.787
1156,0.85,107,0.8873239436619718,0.7953702255221584,0,21,3120,3276,0.811,0.19
1157,0.91,203,0.9718309859154929,0.6911016190602367,0,17,1701,1353,0.143,0.554
1158,0.76,64,0.7605633802816901,0.8786134487204611,0,15,525,4424,0.649,0.258
1159,0.89,5011,0.9436619718309859,0.1662293782443649,0,212,4111,20,0.304,0.985
1160,0.86,142,0.9014084507042253,0.7493480363078824,0,47,4376,3938,0.112,0.839
1161,0.91,202,0.9718309859154929,0.6919072582513579,0,16,795,842,0.968,0.417
1162,0.89,157,0.9436619718309859,0.7329942325383956,0,27,1981,2742,0.46,0.65
1163,0.89,163,0.9436619718309859,0.7268836900260771,0,32,3395,2165,0.618,0.107
1164,0.84,110,0.8732394366197183,0.7908782391749551,0,28,3668,4699,0.417,0.493
1165,0.89,195,0.9436619718309859,0.6976603834747814,0,56,2254,354,0.505,0.763
1166,0.84,85,0.8732394366197183,0.832714773553719,0,9,1224,3542,0.015,0.062
1167,0.91,316,0.9718309859154929,0.6188366603646889,0,78,4806,1716,0.909,0.695
1168,0.88,146,0.9295774647887324,0.7448250668281134,0,34,3838,3101,0.723,0.599
1169,0.75,57,0.7464788732394366,0.8972942961793745,0,11,252,2426,0.323,0.145
1170,0.82,79,0.8450704225352111,0.8445715468112124,0,15,1271,4288,0.816,0.909
1171,0.88,128,0.9295774647887324,0.766239885939888,0,17,2691,1132,0.233,0.334
1172,0.75,62,0.7464788732394366,0.883737217142299,0,16,2705,4949,0.843,0.751
1173,0.93,313,1.0,0.6203955999600935,0,7,1306,622,0.202,0.492
1174,0.72,60,0.704225352112676,0.8890262966398854,0,17,296,3606,0.694,0.695
1175,0.91,224,0.9718309859154929,0.6750380009982744,0,33,3901,1760,0.353,0.049
1176,0.89,142,0.9436619718309859,0.7493480363078824,0,14,4801,2881,0.046,0.153
1177,0.87,164,0.9154929577464788,0.7258870471666896,0,60,1200,2227,0.875,0.603
1178,0.69,52,0.6619718309859154,0.9120743202088671,0,14,2200,4194,0.384,0.339
1179,0.91,407,0.9718309859154929,0.5774620480930737,0,107,3595,1021,0.538,0.917
1180,0.86,125,0.9014084507042253,0.7700976461751359,0,33,3400,3331,0.489,0.555
1181,0.6,43,0.5352112676056338,0.9425852763329597,0,12,2006,1425,0.589,0.202
1182,0.76,71,0.7605633802816901,0.8618451131359894,0,21,849,4683,0.081,0.997
1183,0.91,2369,0.9718309859154929,0.2890168614377995,0,192,4449,258,0.995,0.259
1184,0.88,120,0.9295774647887324,0.7767360933351048,0,14,4096,3835,0.682,0.412
1185,0.89,165,0.9436619718309859,0.724896426355292,0,33,491,759,0.271,0.831
1186,0.88,174,0.9295774647887324,0.7162403092650828,0,57,1657,2531,0.777,0.098
1187,0.88,134,0.9295774647887324,0.7587864549368823,0,23,3057,1936,0.175,0.646
1188,0.84,97,0.8732394366197183,0.8112999544419444,0,18,2862,2805,0.596,0.362
1189,0.9,178,0.9577464788732394,0.7125351290738706,0,32,1762,2132,0.449,0.879
1190,0.73,55,0.7183098591549295,0.9030474214027978,0,11,467,3952,0.942,0.177
1191,0.93,430,1.0,0.568471031024357,0,26,4362,798,0.106,0.565
1192,0.87,125,0.9154929577464788,0.7700976461751359,0,28,4634,4409,0.294,0.733
1193,0.9,2884,0.9577464788732394,0.2567791038699876,0,198,734,63,0.627,0.026
1194,0.62,45,0.5633802816901409,0.9352975323026038,0,12,2039,3213,0.136,0.79
1195,0.9,218,0.9577464788732394,0.6794692773853381,0,61,3144,1386,0.786,0.468
1196,0.86,88,0.9014084507042253,0.8270931744067305,0,7,3574,4233,0.242,0.074
1197,0.87,156,0.9154929577464788,0.7340351709272566,0,54,2469,1138,0.836,0.684
1198,0.83,114,0.8591549295774646,0.7850741907501647,0,35,1008,3076,0.329,0.388
1199,0.89,265,0.9436619718309859,0.6475939032097873,0,82,4907,2500,0.748,0.869
1200,0.85,120,0.8873239436619718,0.7767360933351048,0,33,3932,3567,0.93,0.959
1201,0.68,33,0.647887323943662,0.9848556486083937,1,1,38,1643,0.024,0.282
1202,0.81,111,0.8309859154929577,0.7894078504356349,0,37,1488,4753,0.529,0.516
1203,0.93,495,1.0,0.5454417161313477,0,37,2588,349,0.422,0.226
1204,0.75,61,0.7464788732394366,0.886360429032837,0,15,2536,3704,0.07,0.449
1205,0.89,260,0.9436619718309859,0.6507049499845494,0,80,1436,1858,0.976,0.81
1206,0.63,38,0.5774647887323944,0.9623619026590692,0,4,93,4851,0.47,0.014
1207,0.92,728,0.9859154929577465,0.4823059917135024,0,141,3987,524,0.578,0.745
1208,0.86,153,0.9014084507042253,0.7371982384049431,0,55,4969,4135,0.758,0.584
1209,0.91,220,0.9718309859154929,0.6779788376161533,0,29,1070,962,0.163,0.157
1210,0.76,62,0.7605633802816901,0.883737217142299,0,13,2404,2939,0.671,0.89
1211,0.9,173,0.9577464788732394,0.7171798375983804,0,27,3509,2285,0.252,0.35
1212,0.81,94,0.8309859154929577,0.8163971705525277,0,29,3236,4585,0.707,0.237
1213,0.91,201,0.9718309859154929,0.692716875923751,0,15,2130,161,0.373,0.504
1214,0.81,81,0.8309859154929577,0.8405232609932402,0,20,640,3428,0.863,0.301
1215,0.92,320,0.9859154929577465,0.6167808685945526,0,52,4540,1523,0.214,0.939
1216,0.89,174,0.9436619718309859,0.7162403092650828,0,39,4261,2590,0.404,0.859
1217,0.81,98,0.8309859154929577,0.8096355011052977,0,32,366,1995,0.55,0.4
1218,0.86,126,0.9014084507042253,0.7688016137698954,0,34,1865,3776,0.058,0.666
1219,0.92,357,0.9859154929577465,0.5988955581067077,0,69,2966,701,0.895,0.094
1220,0.81,71,0.8309859154929577,0.8618451131359894,0,10,2992,4050,0.317,0.93
1221,0.92,256,0.9859154929577465,0.6532370041048863,0,17,1593,896,0.729,0.327
1222,0.8,80,0.8169014084507042,0.8425349088754904,0,20,553,2707,0.223,0.624
1223,0.9,237,0.9577464788732394,0.665829039713214,0,72,4158,2034,0.825,0.134
1224,0.87,149,0.9154929577464788,0.7415128886121054,0,49,4504,3155,0.51,0.037
1225,0.91,182,0.9718309859154929,0.7089118380588912,0,7,904,1328,0.411,0.706
1226,0.84,174,0.8732394366197183,0.7162403092650828,0,67,1953,4468,0.919,0.472
1227,0.89,185,0.9436619718309859,0.7062459704518429,0,48,3699,2978,0.954,0.626
1228,0.77,69,0.7746478873239436,0.8664636508175219,0,18,2304,2403,0.126,0.117
1229,0.81,78,0.8309859154929577,0.8466338035055586,0,17,1099,4330,0.616,0.819
1230,0.92,314,0.9859154929577465,0.6198743046226969,0,48,4700,1235,0.462,0.423
1231,0.85,111,0.8873239436619718,0.7894078504356349,0,24,3807,4812,0.156,0.278
1232,0.85,78,0.8873239436619718,0.8466338035055586,0,3,201,407,0.798,0.978
1233,0.83,131,0.8591549295774646,0.7624708177519657,0,45,1397,3509,0.306,0.214
1234,0.86,156,0.9014084507042253,0.7340351709272566,0,58,2797,1584,0.647,0.544
1235,0.82,95,0.8450704225352111,0.8146804297826573,0,28,2789,3877,0.139,0.128
1236,0.93,350,1.0,0.6021329854970812,0,11,1376,722,0.784,0.617
1237,0.74,67,0.732394366197183,0.8712160776412307,0,19,228,2573,0.292,0.321
1238,0.9,263,0.9577464788732394,0.6488312467848025,0,80,3810,1899,0.629,0.923
1239,0.87,207,0.9154929577464788,0.687918077371411,0,72,4717,3288,0.94,0.777
1240,0.9,205,0.9577464788732394,0.6895021210514931,0,53,1130,1462,0.108,0.479
1241,0.74,45,0.732394366197183,0.9352975323026038,0,3,2268,4641,0.598,0.713
1242,0.92,1136,0.9859154929577465,0.40943557883917514,0,167,3686,296,0.448,0.044
1243,0.86,164,0.9014084507042253,0.7258870471666896,0,61,3335,2840,0.524,0.43
1244,0.91,265,0.9718309859154929,0.6475939032097873,0,59,1916,2262,0.429,0.826
1245,0.81,73,0.8309859154929577,0.8573531267887861,0,12,934,4153,0.937,0.124
1246,0.92,386,0.9859154929577465,0.5861254273588938,0,76,4522,1057,0.018,0.633
1247,0.84,181,0.8732394366197183,0.7098101813777206,0,70,4162,4990,0.335,0.537
1248,0.91,186,0.9718309859154929,0.7053668946433759,0,9,579,586,0.743,0.208
1249,0.84,106,0.8732394366197183,0.7968953271755468,0,25,1571,3647,0.237,0.971
1250,0.89,133,0.9436619718309859,0.760005399180137,0,10,2984,1724,0.843,0.272
1251,0.82,89,0.8450704225352111,0.8252613425507134,0,23,2935,3530,0.391,0.736
1252,0.91,367,0.9718309859154929,0.5943788194011146,0,99,1848,1685,0.533,0.006
1253,0.74,59,0.732394366197183,0.8917362301645444,0,14,379,4717,0.041,0.801
1254,0.92,729,0.9859154929577465,0.482081252479567,0,142,4296,391,0.881,0.44
1255,0.86,138,0.9014084507042253,0.7539993339546518,0,44,4561,4270,0.689,0.359
1256,0.88,130,0.9295774647887324,0.7637175708741747,0,19,649,1096,0.359,0.899
1257,0.68,47,0.647887323943662,0.9283200007498204,0,11,2128,3113,0.849,0.166
1258,0.87,127,0.9154929577464788,0.7675157464293254,0,30,3209,2458,0.197,0.593
1259,0.81,89,0.8309859154929577,0.8252613425507134,0,26,3483,4445,0.776,0.948
1260,0.9,6618,0.9577464788732394,0.12063413045135885,0,204,2400,22,0.177,0.31
1261,0.85,107,0.8873239436619718,0.7953702255221584,0,21,1078,3249,0.685,0.513
1262,0.91,426,0.9718309859154929,0.5699996877447058,0,108,4991,1345,0.27,0.246
1263,0.9,210,0.9577464788732394,0.6855703439998715,0,55,4023,2769,0.084,0.086
1264,0.73,56,0.7183098591549295,0.9001456244911358,0,12,105,2172,0.994,0.656
1265,0.84,144,0.8732394366197183,0.7470709546269354,0,50,1418,3916,0.488,0.392
1266,0.88,173,0.9295774647887324,0.7171798375983804,0,56,2505,840,0.591,0.849
1267,0.8,91,0.8169014084507042,0.8216579613354407,0,29,2606,2632,0.917,0.574
1268,0.9,237,0.9577464788732394,0.665829039713214,0,72,1519,1957,0.006,0.186
1269,0.33,38,0.15492957746478875,0.9623619026590692,0,7,1,3819,0.512,0.887
1270,0.92,419,0.9859154929577465,0.5727096212693648,0,88,3919,664,0.409,0.371
1271,0.86,156,0.9014084507042253,0.7340351709272566,0,58,4900,4543,0.225,0.459
1272,0.92,1383,0.9859154929577465,0.3772060682089803,0,182,986,198,0.823,0.781
1273,0.8,58,0.8169014084507042,0.8944917109170232,0,4,2495,3386,0.315,0.017
1274,0.9,213,0.9577464788732394,0.6832557562083836,0,57,3577,1560,0.73,0.725
1275,0.82,104,0.8450704225352111,0.799988763203691,0,32,3147,4095,0.311,0.861
1276,0.73,43,0.7183098591549295,0.9425852763329597,0,3,2065,998,0.641,0.379
1277,0.82,79,0.8450704225352111,0.8445715468112124,0,15,713,2898,0.15,0.676
1278,0.9,193,0.9577464788732394,0.6993419084254887,0,42,4626,2321,0.803,0.065
1279,0.87,132,0.9154929577464788,0.7612334741769502,0,34,4349,3744,0.609,0.235
1280,0.83,102,0.8591549295774646,0.8031416920186562,0,27,431,1821,0.467,0.525
1281,0.84,87,0.8732394366197183,0.8289457053657966,0,10,1793,4892,0.959,0.291
1282,0.92,277,0.9859154929577465,0.6403597629874888,0,27,2880,488,0.119,0.967
1283,0.81,83,0.8309859154929577,0.8365725337889669,0,22,3078,4775,0.665,0.056
1284,0.92,669,0.9859154929577465,0.49614248666053484,0,136,1665,450,0.258,0.701
1285,0.77,64,0.7746478873239436,0.8786134487204611,0,14,488,3471,0.763,0.499
1286,0.91,321,0.9718309859154929,0.6162709234074242,0,80,4070,1626,0.157,0.758
1287,0.87,142,0.9154929577464788,0.7493480363078824,0,42,4418,3015,0.476,0.911
1288,0.83,129,0.8591549295774646,0.7649738777532981,0,44,831,2360,0.571,0.331
1289,0.58,36,0.5070422535211266,0.9709926977559492,0,5,2018,4368,0.064,0.597
1290,0.91,385,0.9718309859154929,0.5865496119305411,0,103,3436,1194,0.982,0.146
1291,0.87,121,0.9154929577464788,0.7753867256727223,0,24,3631,3190,0.06,0.252
1292,0.71,82,0.6901408450704225,0.838535997322455,0,29,2213,1287,0.892,0.991
1293,0.82,77,0.8450704225352111,0.8487223316919061,0,13,1182,4504,0.402,0.195
1294,0.88,6827,0.9295774647887324,0.11553741983515697,0,215,4769,81,0.552,0.548
1295,0.86,161,0.9014084507042253,0.7288953379083275,0,60,3875,4014,0.861,0.653
1296,0.86,80,0.9014084507042253,0.8425349088754904,0,3,293,937,0.216,0.105
1297,0.85,126,0.8873239436619718,0.7688016137698954,0,39,1314,2671,0.708,0.838
1298,0.83,107,0.8591549295774646,0.7953702255221584,0,31,2726,2075,0.371,0.419
1299,0.75,71,0.7464788732394366,0.8618451131359894,0,22,2663,3411,0.74,0.992
1300,0.91,222,0.9718309859154929,0.676501825414738,0,31,1270,1487,0.337,0.265
1301,0.7,45,0.6760563380281689,0.9352975323026038,0,7,259,4597,0.829,0.561
1302,0.91,2630,0.9718309859154929,0.2718886292222522,0,196,3860,192,0.25,0.197
1303,0.87,140,0.9154929577464788,0.751657190614839,0,40,4842,3764,0.43,0.1
1304,0.92,298,0.9859154929577465,0.6284207213103633,0,38,1236,669,0.522,0.644
1305,0.77,56,0.7746478873239436,0.9001456244911358,0,7,2238,2607,0.032,0.409
1306,0.9,204,0.9577464788732394,0.690299919440801,0,52,3636,2032,0.923,0.833
1307,0.83,101,0.8591549295774646,0.8047411900273997,0,26,3363,4878,0.098,0.688
1308,0.92,831,0.9859154929577465,0.4606389354370849,0,153,1964,532,0.95,0.055
1309,0.81,90,0.8309859154929577,0.8234497523448836,0,27,806,3682,0.442,0.757
1310,0.91,292,0.9718309859154929,0.6317440900827037,0,73,4413,1855,0.604,0.485
1311,0.88,164,0.9295774647887324,0.7258870471666896,0,49,4134,2961,0.794,0.341
1312,0.81,130,0.8309859154929577,0.7637175708741747,0,45,532,2288,0.13,0.916
1313,0.85,122,0.8873239436619718,0.7740483733794092,0,35,1699,4108,0.635,0.152
1314,0.91,383,0.9718309859154929,0.5874012878483312,0,102,3093,955,0.286,0.606
1315,0.79,72,0.8028169014084507,0.8595837359663323,0,17,2826,4304,0.988,0.387
1316,0.91,373,0.9718309859154929,0.5917273236762128,0,101,1720,1228,0.089,0.872
1317,0.78,78,0.7887323943661971,0.8466338035055586,0,23,426,3000,0.581,0.077
1318,0.9,190,0.9577464788732394,0.701896982147271,0,41,4324,2405,0.498,0.683
1319,0.87,128,0.9154929577464788,0.766239885939888,0,31,4670,3487,0.183,0.522
1320,0.89,150,0.9436619718309859,0.740423534135885,0,22,777,1582,0.77,0.22
1321,0.63,40,0.5774647887323944,0.9541628319604032,0,9,2080,4839,0.279,0.953
1322,0.92,458,0.9859154929577465,0.5581518438325747,0,102,3181,415,0.675,0.288
1323,0.87,149,0.9154929577464788,0.7415128886121054,0,49,3533,2724,0.346,0.175
1324,0.81,85,0.8309859154929577,0.832714773553719,0,24,2431,2071,0.702,0.567
1325,0.83,80,0.8591549295774646,0.8425349088754904,0,7,972,4037,0.194,0.364
1326,0.93,312,1.0,0.6209185581243482,0,6,4866,864,0.852,0.877
1327,0.84,123,0.8732394366197183,0.7727208580656739,0,38,3973,4480,0.547,0.796
1328,0.89,147,0.9436619718309859,0.7437135558216232,0,19,74,153,0.377,0.463
1329,0.87,167,0.9154929577464788,0.722932962821804,0,61,1524,3138,0.883,0.728
1330,0.86,219,0.9014084507042253,0.6787223638133575,0,77,2631,1291,0.039,0.032
1331,0.77,60,0.7746478873239436,0.8890262966398854,0,10,2579,4656,0.453,0.3
1332,0.92,1170,0.9859154929577465,0.40460489458921256,0,171,1472,251,0.623,0.941
1333,0.7,48,0.6760563380281689,0.9249395254091075,0,10,129,3352,0.117,0.24
1334,0.91,322,0.9718309859154929,0.61576255944822,0,81,4028,1428,0.961,0.502
1335,0.9,166,0.9577464788732394,0.7239117552543151,0,24,4928,2510,0.654,0.671
1336,0.88,140,0.9295774647887324,0.751657190614839,0,28,1034,1934,0.298,0.088
1337,0.73,65,0.7183098591549295,0.8761103887191287,0,19,2366,3862,0.805,0.852
1338,0.92,318,0.9859154929577465,0.6178055422143567,0,51,3468,767,0.148,0.406
1339,0.85,100,0.8873239436619718,0.8063564468909141,0,15,3273,3623,0.817,0.012
1340,0.77,72,0.7746478873239436,0.8595837359663323,0,21,2171,1797,0.23,0.747
1341,0.78,71,0.7887323943661971,0.8618451131359894,0,17,683,4937,0.72,0.45
1342,0.92,570,0.9859154929577465,0.5223557662673678,0,125,4576,590,0.325,0.807
1343,0.85,149,0.8873239436619718,0.7415128886121054,0,53,4223,4206,0.012,0.896
1344,0.85,128,0.8873239436619718,0.766239885939888,0,40,325,1052,0.91,0.345
1345,0.87,248,0.9154929577464788,0.658421538741461,0,79,1823,2863,0.418,0.578
1346,0.87,116,0.9154929577464788,0.7822474440780751,0,20,2930,2190,0.502,0.164
1347,0.84,121,0.8732394366197183,0.7753867256727223,0,36,3028,3059,0.206,0.814
1348,0.88,166,0.9295774647887324,0.7239117552543151,0,51,1635,2464,0.871,0.43
1349,0.76,67,0.7605633802816901,0.8712160776412307,0,18,594,4245,0.365,0.632
1350,0.92,312,0.9859154929577465,0.6209185581243482,0,46,4196,1169,0.714,0.112
1351,0.87,106,0.9154929577464788,0.7968953271755468,0,11,4468,4741,0.902,0.216
1352,0.93,442,1.0,0.5639687642416285,0,29,861,317,0.05,0.541
1353,0.89,118,0.9436619718309859,0.7794686106803772,0,5,1912,3584,0.558,0.276
1354,0.89,175,0.9436619718309859,0.7153061343986337,0,40,3310,1679,0.396,0.98
1355,0.87,106,0.9154929577464788,0.7968953271755468,0,11,3740,3979,0.569,0.617
1356,0.87,99,0.9154929577464788,0.8079877762259362,0,6,2342,806,0.478,0.139
1357,0.86,92,0.9014084507042253,0.8198855414190059,0,9,1135,2783,0.968,0.935
1358,0.91,254,0.9718309859154929,0.6545178484749608,0,53,4741,2129,0.077,0.321
1359,0.87,123,0.9154929577464788,0.7727208580656739,0,26,3766,3235,0.259,0.475
1360,0.75,79,0.7464788732394366,0.8445715468112124,0,26,164,1389,0.663,0.769
1361,0.84,104,0.8732394366197183,0.799988763203691,0,23,1361,4382,0.171,0.036
1362,0.9,3085,0.9577464788732394,0.2457371168788851,0,200,2755,55,0.75,0.708
1363,0.81,91,0.8309859154929577,0.8216579613354407,0,28,2764,3232,0.248,0.605
1364,0.91,260,0.9718309859154929,0.6507049499845494,0,57,1364,1406,0.831,0.154
1365,0.66,44,0.619718309859155,0.9389009135178765,0,8,159,4389,0.339,0.919
1366,0.87,120,0.9154929577464788,0.7767360933351048,0,23,4742,3973,0.924,0.491
1367,0.91,372,0.9718309859154929,0.5921662723868394,0,100,1141,818,0.03,0.75
1368,0.78,72,0.7887323943661971,0.8595837359663323,0,18,2337,2786,0.52,0.049
1369,0.9,215,0.9577464788732394,0.6817306545549953,0,59,3732,2111,0.432,0.693
1370,0.8,90,0.8169014084507042,0.8234497523448836,0,28,3302,4733,0.602,0.83
1371,0.92,1026,0.9859154929577465,0.4261174215461552,0,160,1908,330,0.444,0.411
1372,0.8,85,0.8169014084507042,0.832714773553719,0,25,868,3586,0.952,0.645
1373,0.91,275,0.9718309859154929,0.6415435027544467,0,65,4469,1663,0.096,0.097
1374,0.88,178,0.9295774647887324,0.7125351290738706,0,59,4194,3057,0.288,0.203
1375,0.79,82,0.8028169014084507,0.838535997322455,0,23,589,2480,0.633,0.556
1376,0.84,117,0.8732394366197183,0.7808521399498601,0,33,1638,4253,0.128,0.259
1377,0.7,100,0.6760563380281689,0.8063564468909141,0,36,3037,1157,0.796,0.998
1378,0.79,75,0.8028169014084507,0.8529809411378038,0,19,2921,4214,0.5,0.024
1379,0.92,423,0.9859154929577465,0.571155607307378,0,90,1820,1040,0.58,0.732
1380,0.75,76,0.7464788732394366,0.8508378093721061,0,25,330,2861,0.087,0.467
1381,0.9,238,0.9577464788732394,0.6651416288718353,0,73,4225,2207,0.99,0.789
1382,0.86,188,0.9014084507042253,0.7036227585613049,0,69,4576,3625,0.673,0.88
1383,0.86,107,0.9014084507042253,0.7953702255221584,0,18,676,1780,0.281,0.363
1384,0.67,43,0.6338028169014085,0.9425852763329597,0,7,2175,4929,0.772,0.566
1385,0.92,309,0.9859154929577465,0.6224975165132348,0,43,3281,603,0.181,0.178
1386,0.87,136,0.9154929577464788,0.7563754225806737,0,38,3476,2512,0.854,0.284
1387,0.81,73,0.8309859154929577,0.8573531267887861,0,12,2371,1916,0.193,0.96
1388,0.82,91,0.8450704225352111,0.8216579613354407,0,24,1028,3855,0.7,0.227
1389,0.93,464,1.0,0.5560226288994039,0,35,4927,779,0.348,0.517
1390,0.86,102,0.9014084507042253,0.8031416920186562,0,13,4030,4663,0.037,0.683
1391,0.9,133,0.9577464788732394,0.760005399180137,0,7,135,240,0.885,0.073
1392,0.85,146,0.8873239436619718,0.7448250668281134,0,50,1469,3349,0.379,0.869
1393,0.85,217,0.8873239436619718,0.6802196093379755,0,77,2569,1445,0.545,0.387
1394,0.78,65,0.7887323943661971,0.8761103887191287,0,11,2634,4487,0.963,0.158
1395,0.91,2423,0.9718309859154929,0.28532327540843094,0,193,1534,142,0.115,0.585
1396,0.65,43,0.6056338028169014,0.9425852763329597,0,8,73,3134,0.621,0.351
1397,0.92,328,0.9859154929577465,0.6127450403006535,0,58,3967,1309,0.456,0.891
1398,0.91,193,0.9718309859154929,0.6993419084254887,0,11,4872,2727,0.147,0.809
1399,0.85,169,0.8873239436619718,0.7209927360887916,0,65,973,2053,0.807,0.448
1400,0.74,53,0.732394366197183,0.9090097964893215,0,7,2423,4031,0.299,0.744
1401,0.92,334,0.9859154929577465,0.6097820576276979,0,59,3528,876,0.652,0.014
1402,0.83,102,0.8591549295774646,0.8031416920186562,0,27,3177,3488,0.327,0.4
1403,0.69,52,0.6619718309859154,0.9120743202088671,0,14,2072,1565,0.718,0.857
1404,0.8,66,0.8169014084507042,0.8736449701473,0,8,777,4831,0.228,0.094
1405,0.92,795,0.9859154929577465,0.467890855749286,0,149,4677,428,0.819,0.664
1406,0.87,286,0.9154929577464788,0.6351362230652235,0,86,4319,4312,0.5,0.505
1407,0.86,84,0.9014084507042253,0.8346323070559547,0,4,424,1215,0.42,0.238
1408,0.88,123,0.9295774647887324,0.7727208580656739,0,15,1729,2998,0.912,0.94
1409,0.83,126,0.8591549295774646,0.7688016137698954,0,42,2829,2421,0.01,0.302
1410,0.85,103,0.8873239436619718,0.801557648338574,0,18,3090,2959,0.712,0.705
1411,0.9,143,0.9577464788732394,0.7482055421688263,0,13,1691,2304,0.367,0.036
1412,0.77,62,0.7746478873239436,0.883737217142299,0,12,534,4117,0.873,0.769
1413,0.92,326,0.9859154929577465,0.6137447217241445,0,56,4139,942,0.204,0.471
1414,0.86,104,0.9014084507042253,0.799988763203691,0,15,4406,4870,0.398,0.328
1415,0.91,331,0.9718309859154929,0.611256855388129,0,85,806,545,0.556,0.93
1416,0.87,143,0.9154929577464788,0.7482055421688263,0,43,1972,3684,0.048,0.135
1417,0.9,220,0.9577464788732394,0.6779788376161533,0,63,3367,1838,0.904,0.624
1418,0.85,112,0.8873239436619718,0.7879505319913335,0,25,3640,3758,0.075,0.979
1419,0.87,95,0.9154929577464788,0.8146804297826573,0,4,2246,681,0.97,0.28
1420,0.86,114,0.9014084507042253,0.7850741907501647,0,24,3980,4393,0.652,0.289
1421,0.85,91,0.8873239436619718,0.8216579613354407,0,9,3387,3905,0.784,0.569
1422,0.91,203,0.9718309859154929,0.6911016190602367,0,17,2632,618,0.532,0.724
1423,0.82,63,0.8450704225352111,0.8811553173964884,0,4,1038,4854,0.036,0.442
1424,0.88,136,0.9295774647887324,0.7563754225806737,0,25,1541,2262,0.949,0.938
1425,0.85,134,0.8873239436619718,0.7587864549368823,0,45,1352,3008,0.246,0.263
1426,0.71,55,0.6901408450704225,0.9030474214027978,0,15,414,3926,0.517,0.916
1427,0.78,70,0.7887323943661971,0.8641381189824078,0,16,2167,1295,0.492,0.421
1428,0.89,145,0.9436619718309859,0.7459441649991692,0,17,4323,3231,0.996,0.639
1429,0.71,46,0.6901408450704225,0.9317716491958331,0,7,2257,4653,0.919,0.199
1430,0.76,54,0.7605633802816901,0.9060015057476836,0,7,163,1983,0.07,0.701
1431,0.87,143,0.9154929577464788,0.7482055421688263,0,43,2817,1760,0.812,0.325
1432,0.85,120,0.8873239436619718,0.7767360933351048,0,33,4609,4090,0.166,0.821
1433,0.87,128,0.9154929577464788,0.766239885939888,0,31,1813,3533,0.799,0.434
1434,0.79,71,0.8028169014084507,0.8618451131359894,0,16,2904,4230,0.718,0.15
1435,0.86,111,0.9014084507042253,0.7894078504356349,0,22,4825,4263,0.254,0.32
1436,0.84,103,0.8732394366197183,0.801557648338574,0,22,1549,4158,0.05,0.168
1437,0.79,63,0.8028169014084507,0.8811553173964884,0,9,2640,3609,0.465,0.391
1438,0.83,75,0.8591549295774646,0.8529809411378038,0,4,612,2654,0.714,0.513
1439,0.85,102,0.8873239436619718,0.8031416920186562,0,17,4204,4604,0.803,0.79
1440,0.91,245,0.9718309859154929,0.6604088024122463,0,48,3952,1402,0.345,0.575
1441,0.77,57,0.7746478873239436,0.8972942961793745,0,8,2382,3143,0.847,0.356
1442,0.74,43,0.732394366197183,0.9425852763329597,0,2,44,853,0.139,0.852
1443,0.85,95,0.8873239436619718,0.8146804297826573,0,11,3469,3995,0.634,0.072
1444,0.76,62,0.7605633802816901,0.883737217142299,0,13,819,4764,0.39,0.947
1445,0.88,162,0.9295774647887324,0.727886428598335,0,48,1605,2357,0.601,0.453
1446,0.86,104,0.9014084507042253,0.799988763203691,0,15,1636,4370,0.402,0.661
1447,0.88,141,0.9295774647887324,0.7504985480152447,0,29,791,1660,0.611,0.157
1448,0.9,154,0.9577464788732394,0.7361370874803979,0,17,3438,2102,0.365,0.783
1449,0.67,43,0.6338028169014085,0.9425852763329597,0,7,71,2749,0.86,0.004
1450,0.92,401,0.9859154929577465,0.5798909405991428,0,82,2352,157,0.15,0.506
1451,0.71,46,0.6901408450704225,0.9317716491958331,0,7,316,4620,0.112,0.271
1452,0.72,55,0.704225352112676,0.9030474214027978,0,12,2108,2027,0.901,0.766
1453,0.93,268,1.0,0.6457552232409276,0,2,3851,872,0.946,0.333
1454,0.71,50,0.6901408450704225,0.9183807609945628,0,11,2315,3980,0.45,0.615
1455,0.87,141,0.9154929577464788,0.7504985480152447,0,41,3729,3279,0.033,0.829
1456,0.83,86,0.8591549295774646,0.8308194085655435,0,13,2915,2493,0.285,0.986
1457,0.83,83,0.8591549295774646,0.8365725337889669,0,10,755,2984,0.788,0.207
1458,0.92,771,0.9859154929577465,0.47291004096337796,0,147,1824,391,0.202,0.709
1459,0.85,108,0.8873239436619718,0.7938591803051387,0,22,4668,4783,0.697,0.492
1460,0.88,142,0.9295774647887324,0.7493480363078824,0,30,1754,2840,0.33,0.752
1461,0.71,44,0.6901408450704225,0.9389009135178765,0,5,193,3797,0.933,0.411
1462,0.89,107,0.9436619718309859,0.7953702255221584,0,3,3784,3399,0.584,0.126
1463,0.68,43,0.647887323943662,0.9425852763329597,0,6,2178,4480,0.505,0.693
1464,0.85,98,0.8873239436619718,0.8096355011052977,0,13,3264,2681,0.977,0.969
1465,0.87,136,0.9154929577464788,0.7563754225806737,0,38,2750,1592,0.729,0.814
1466,0.86,127,0.9014084507042253,0.7675157464293254,0,35,4519,3912,0.956,0.177
1467,0.93,408,1.0,0.5770607082464254,0,24,4475,569,0.497,0.806
1468,0.83,105,0.8591549295774646,0.7984347492417041,0,30,1694,4888,0.991,0.028
1469,0.86,123,0.9014084507042253,0.7727208580656739,0,31,888,2217,0.018,0.53
1470,0.85,115,0.8873239436619718,0.7836547252122115,0,28,3103,2937,0.521,0.313
1471,0.91,204,0.9718309859154929,0.690299919440801,0,18,3537,1526,0.771,0.403
1472,0.86,124,0.9014084507042253,0.7714040056406603,0,32,4039,3855,0.25,0.899
1473,0.92,635,0.9859154929577465,0.504680719693547,0,132,543,103,0.816,0.961
1474,0.83,81,0.8591549295774646,0.8405232609932402,0,8,3290,4422,0.313,0.243
1475,0.8,67,0.8169014084507042,0.8712160776412307,0,9,939,4317,0.569,0.869
1476,0.9,237,0.9577464788732394,0.665829039713214,0,72,1482,1685,0.42,0.375
1477,0.91,226,0.9718309859154929,0.6735871309500281,0,35,4759,1732,0.153,0.145
1478,0.84,88,0.8732394366197183,0.8270931744067305,0,11,1255,3741,0.649,0.924
1479,0.91,212,0.9718309859154929,0.6840236604014137,0,23,1172,1031,0.361,0.429
1480,0.77,60,0.7746478873239436,0.8890262966398854,0,10,2664,4139,0.864,0.647
1481,0.92,831,0.9859154929577465,0.4606389354370849,0,153,3194,228,0.616,0.552
1482,0.86,78,0.9014084507042253,0.8466338035055586,0,2,360,1130,0.591,0.651
1483,0.84,77,0.8732394366197183,0.8487223316919061,0,5,3160,4355,0.088,0.433
1484,0.92,1330,0.9859154929577465,0.383607768402924,0,178,2698,132,0.338,0.274
1485,0.8,76,0.8169014084507042,0.8508378093721061,0,17,1128,4406,0.842,0.556
1486,0.86,129,0.9014084507042253,0.7649738777532981,0,37,1438,2561,0.875,0.735
1487,0.72,52,0.704225352112676,0.9120743202088671,0,8,2539,4677,0.606,0.957
1488,0.77,57,0.7746478873239436,0.8972942961793745,0,8,499,4065,0.355,0.086
1489,0.91,233,0.9718309859154929,0.668607873110912,0,39,1920,1784,0.627,0.581
1490,0.87,122,0.9154929577464788,0.7740483733794092,0,25,4100,3681,0.132,0.363
1491,0.92,988,0.9859154929577465,0.43229870459118214,0,158,3995,314,0.703,0.024
1492,0.74,54,0.732394366197183,0.9060015057476836,0,9,2485,4828,0.208,0.803
1493,0.69,48,0.6619718309859154,0.9249395254091075,0,11,97,2430,0.81,0.301
1494,0.87,128,0.9154929577464788,0.766239885939888,0,31,3581,3033,0.306,0.518
1495,0.9,188,0.9577464788732394,0.7036227585613049,0,40,3059,1310,0.058,0.673
1496,0.83,94,0.8591549295774646,0.8163971705525277,0,20,922,3207,0.561,0.391
1497,0.92,282,0.9859154929577465,0.6374372748098834,0,30,1660,927,0.46,0.895
1498,0.92,1167,0.9859154929577465,0.40502545209768004,0,170,4791,302,0.793,0.696
1499,0.83,89,0.8591549295774646,0.8252613425507134,0,16,1385,4538,0.29,0.477
1500,0.86,132,0.9014084507042253,0.7612334741769502,0,40,1194,1935,0.688,0.981
1501,0.85,90,0.8873239436619718,0.8234497523448836,0,8,2784,2582,0.194,0.2
1502,0.88,104,0.9295774647887324,0.799988763203691,0,5,4348,4203,0.546,0.604
1503,0.89,195,0.9436619718309859,0.6976603834747814,0,56,3828,2409,0.119,0.764
1504,0.73,52,0.7183098591549295,0.9120743202088671,0,7,2195,3056,0.623,0.047
1505,0.84,90,0.8732394366197183,0.8234497523448836,0,13,3599,4689,0.89,0.262
1506,0.87,144,0.9154929577464788,0.7470709546269354,0,44,4534,3185,0.37,0.918
1507,0.92,447,0.9859154929577465,0.5621287085013088,0,99,4624,656,0.224,0.618
1508,0.88,108,0.9295774647887324,0.7938591803051387,0,8,1858,3881,0.72,0.337
1509,0.87,141,0.9154929577464788,0.7504985480152447,0,41,721,1522,0.259,0.841
1510,0.83,91,0.8591549295774646,0.8216579613354407,0,18,2959,3336,0.761,0.122
1511,0.91,144,0.9718309859154929,0.7470709546269354,1,1,3685,2238,0.515,0.219
1512,0.87,145,0.9154929577464788,0.7459441649991692,0,45,2281,604,0.97,0.496
1513,0.85,99,0.8873239436619718,0.8079877762259362,0,14,3895,4879,0.475,0.713
1514,0.92,257,0.9859154929577465,0.6526003149727249,0,18,4450,1462,0.575,0.345
1515,0.84,135,0.8732394366197183,0.7575765066740676,0,47,1571,3398,0.072,0.564
1516,0.8,74,0.8169014084507042,0.8551524595792684,0,16,2416,2299,0.324,0.721
1517,0.87,149,0.9154929577464788,0.7415128886121054,0,49,3908,2863,0.827,0.441
1518,0.92,308,0.9859154929577465,0.6230272334376621,0,42,4170,1229,0.276,0.164
1519,0.53,35,0.4366197183098592,0.9754846841031525,0,4,2009,4254,0.778,0.881
1520,0.84,108,0.8732394366197183,0.7938591803051387,0,26,569,1613,0.239,0.379
1521,0.85,99,0.8873239436619718,0.8079877762259362,0,14,3413,3549,0.735,0.658
1522,0.85,84,0.8873239436619718,0.8346323070559547,0,5,2606,2148,0.987,0.502
1523,0.84,121,0.8732394366197183,0.7753867256727223,0,36,1071,2712,0.492,0.282
1524,0.87,9401,0.9154929577464788,0.06309223257285024,0,217,1505,31,0.53,0.786
1525,0.85,109,0.8873239436619718,0.7923619347805205,0,23,4975,4506,0.027,0.005
1526,0.85,96,0.8873239436619718,0.8129814793926518,0,12,3231,4066,0.225,0.556
1527,0.91,330,0.9718309859154929,0.6117514175896598,0,84,4016,1606,0.814,0.473
1528,0.89,4700,0.9436619718309859,0.17673180354001328,0,210,3775,70,0.398,0.901
1529,0.86,117,0.9014084507042253,0.7808521399498601,0,26,4783,4585,0.129,0.794
1530,0.91,339,0.9718309859154929,0.6073531651216285,0,89,1262,1180,0.746,0.347
1531,0.85,135,0.8873239436619718,0.7575765066740676,0,46,3050,2044,0.785,0.235
1532,0.83,81,0.8591549295774646,0.8405232609932402,0,8,2953,3440,0.124,0.962
1533,0.85,111,0.8873239436619718,0.7894078504356349,0,24,692,2007,0.501,0.395
1534,0.83,95,0.8591549295774646,0.8146804297826573,0,21,1477,4470,0.413,0.571
1535,0.92,528,0.9859154929577465,0.534881463340067,0,117,4997,977,0.961,0.008
1536,0.86,111,0.9014084507042253,0.7894078504356349,0,22,3950,4282,0.7,0.173
1537,0.82,83,0.8450704225352111,0.8365725337889669,0,19,3469,4948,0.846,0.645
1538,0.91,332,0.9718309859154929,0.6107637805939612,0,86,1735,1263,0.921,0.921
1539,0.92,260,0.9859154929577465,0.6507049499845494,0,19,2588,399,0.617,0.535
1540,0.78,76,0.7887323943661971,0.8508378093721061,0,21,2576,3075,0.995,0.866
1541,0.86,121,0.9014084507042253,0.7753867256727223,0,29,1864,3939,0.535,0.723
1542,0.84,144,0.8732394366197183,0.7470709546269354,0,50,4351,4810,0.321,0.029
1543,0.82,64,0.8450704225352111,0.8786134487204611,0,5,2082,637,0.803,0.581
1544,0.85,75,0.8873239436619718,0.8529809411378038,0,2,1306,4248,0.171,0.893
1545,0.92,854,0.9859154929577465,0.4561682533905397,0,155,4817,307,0.704,0.465
1546,0.85,98,0.8873239436619718,0.8096355011052977,0,13,3819,4504,0.942,0.355
1547,0.88,84,0.9295774647887324,0.8346323070559547,0,2,2329,943,0.433,0.786
1548,0.85,148,0.8873239436619718,0.7426095297944973,0,52,3610,3770,0.605,0.827
1549,0.9,227,0.9577464788732394,0.6728664825568096,0,69,1961,2896,0.925,0.715
1550,0.87,208,0.9154929577464788,0.687131758139949,0,73,4489,3357,0.212,0.038
1551,0.89,182,0.9436619718309859,0.7089118380588912,0,45,1593,2443,0.663,0.605
1552,0.8,85,0.8169014084507042,0.832714773553719,0,25,1123,4982,0.251,0.429
1553,0.77,82,0.7746478873239436,0.838535997322455,0,25,2802,4002,0.295,0.26
1554,0.92,348,0.9859154929577465,0.6030698294490823,0,64,1157,508,0.83,0.819
1555,0.86,172,0.9014084507042253,0.7181247811104694,0,64,1637,2971,0.241,0.151
1556,0.69,44,0.6619718309859154,0.9389009135178765,0,7,290,4751,0.569,0.984
1557,0.86,165,0.9014084507042253,0.724896426355292,0,62,3316,2531,0.547,0.071
1558,0.83,129,0.8591549295774646,0.7649738777532981,0,44,578,1706,0.079,0.509
1559,0.73,50,0.7183098591549295,0.9183807609945628,0,5,2295,4167,0.976,0.458
1560,0.82,80,0.8450704225352111,0.8425349088754904,0,16,1052,3411,0.959,0.944
1561,0.82,84,0.8450704225352111,0.8346323070559547,0,20,2532,2354,0.416,0.381
1562,0.91,260,0.9718309859154929,0.6507049499845494,0,57,986,775,0.588,0.653
1563,0.87,128,0.9154929577464788,0.766239885939888,0,31,1769,3237,0.497,0.315
1564,0.9,234,0.9577464788732394,0.667908736676231,0,70,4664,2255,0.877,0.765
1565,0.88,133,0.9295774647887324,0.760005399180137,0,22,4280,3015,0.646,0.929
1566,0.7,43,0.6760563380281689,0.9425852763329597,0,5,148,4036,0.826,0.542
1567,0.83,84,0.8591549295774646,0.8346323070559547,0,11,3136,3677,0.805,0.403
1568,0.74,51,0.732394366197183,0.915197219305737,0,5,2427,4551,0.719,0.016
1569,0.92,253,0.9859154929577465,0.6551620428027324,0,16,3916,1214,0.156,0.564
1570,0.87,118,0.9154929577464788,0.7794686106803772,0,22,4953,4201,0.386,0.74
1571,0.87,11680,0.9154929577464788,0.027508932632524963,0,218,1443,35,0.988,0.181
1572,0.84,76,0.8732394366197183,0.8508378093721061,0,4,648,2575,0.083,0.849
1573,0.87,133,0.9154929577464788,0.760005399180137,0,35,2919,1662,0.543,0.293
1574,0.84,126,0.8732394366197183,0.7688016137698954,0,41,3094,2768,0.366,0.501
1575,0.87,141,0.9154929577464788,0.7504985480152447,0,41,824,1786,0.759,0.079
1576,0.78,88,0.7887323943661971,0.8270931744067305,0,29,3362,4640,0.483,0.971
1577,0.88,125,0.9295774647887324,0.7700976461751359,0,16,477,1159,0.891,0.419
1578,0.71,50,0.6901408450704225,0.9183807609945628,0,11,2199,3620,0.055,0.611
1579,0.91,253,0.9718309859154929,0.6551620428027324,0,52,1357,1572,0.284,0.693
1580,0.82,70,0.8450704225352111,0.8641381189824078,0,8,890,4110,0.63,0.277
1581,0.92,754,0.9859154929577465,0.4765606216162829,0,145,753,212,0.469,0.548
1582,0.86,151,0.9014084507042253,0.7393413701706406,0,54,1534,2672,0.617,0.481
1583,0.87,125,0.9154929577464788,0.7700976461751359,0,28,4060,3578,0.269,0.771
1584,0.82,97,0.8450704225352111,0.8112999544419444,0,30,2415,1914,0.856,0.34
1585,0.72,76,0.704225352112676,0.8508378093721061,0,26,379,4452,0.199,0.631
1586,0.59,36,0.5211267605633803,0.9709926977559492,0,4,5,1399,0.689,0.874
1587,0.62,38,0.5633802816901409,0.9623619026590692,0,5,2047,3859,0.35,0.159
1588,0.92,735,0.9859154929577465,0.48073924843395155,0,143,4308,378,0.775,0.731
1589,0.84,101,0.8732394366197183,0.8047411900273997,0,20,4559,4891,0.514,0.589
1590,0.68,40,0.647887323943662,0.9541628319604032,0,4,144,4714,0.296,0.095
1591,0.92,544,0.9859154929577465,0.5299962677855365,0,118,3498,772,0.829,0.546
1592,0.84,124,0.8732394366197183,0.7714040056406603,0,39,3131,2578,0.337,0.96
1593,0.83,84,0.8591549295774646,0.8346323070559547,0,11,392,1663,0.788,0.4
1594,0.74,68,0.732394366197183,0.8688226446887728,0,20,2441,4204,0.126,0.567
1595,0.86,13814,0.9014084507042253,0.0,0,219,3921,38,0.749,0.012
1596,0.8,72,0.8169014084507042,0.8595837359663323,0,14,885,4642,0.225,0.828
1597,0.91,181,0.9718309859154929,0.7098101813777206,0,6,2990,1162,0.65,0.28
1598,0.9,197,0.9577464788732394,0.6959959301381347,0,46,749,1038,0.936,0.121
1599,0.85,120,0.8873239436619718,0.7767360933351048,0,33,1538,3575,0.025,0.913
1600,0.91,257,0.9718309859154929,0.6526003149727249,0,55,4903,1912,0.601,0.478
1601,0.8,128,0.8169014084507042,0.766239885939888,0,45,2409,1840,0.263,0.766
1602,0.72,57,0.704225352112676,0.8972942961793745,0,14,385,4300,0.667,0.201
1603,0.86,129,0.9014084507042253,0.7649738777532981,0,37,3530,3410,0.716,0.869
1604,0.61,31,0.5492957746478873,0.9947948883636514,1,1,20,2350,0.159,0.301
1605,0.59,36,0.5211267605633803,0.9709926977559492,0,4,2032,4889,0.755,0.727
1606,0.87,116,0.9154929577464788,0.7822474440780751,0,20,4564,3860,0.109,0.017
1607,0.92,1105,0.9859154929577465,0.41396762364321593,0,166,1834,381,0.517,0.592
1608,0.84,96,0.8732394366197183,0.8129814793926518,0,17,1038,2840,0.428,0.379
1609,0.86,141,0.9014084507042253,0.7504985480152447,0,46,2526,1402,0.946,0.95
1610,0.78,62,0.7887323943661971,0.883737217142299,0,9,2636,4038,0.567,0.649
1611,0.71,70,0.6901408450704225,0.8641381189824078,0,23,2181,2252,0.634,0.934
1612,0.92,503,0.9859154929577465,0.5428185042408098,0,112,4214,670,0.757,0.02
1613,0.87,151,0.9154929577464788,0.7393413701706406,0,50,4421,3974,0.519,0.161
1614,0.85,220,0.8873239436619718,0.6779788376161533,0,78,1229,3120,0.947,0.305
1615,0.86,131,0.9014084507042253,0.7624708177519657,0,39,2708,1434,0.427,0.868
1616,0.81,72,0.8309859154929577,0.8595837359663323,0,11,2703,3106,0.144,0.227
1617,0.9,173,0.9577464788732394,0.7171798375983804,0,27,1213,1443,0.731,0.666
1618,0.86,102,0.9014084507042253,0.8031416920186562,0,13,1698,3980,0.324,0.364
1619,0.92,492,0.9859154929577465,0.5464363435226277,0,107,4427,569,0.801,0.807
1620,0.84,109,0.8732394366197183,0.7923619347805205,0,27,4205,4770,0.531,0.887
1621,0.74,54,0.732394366197183,0.9060015057476836,0,9,234,3143,0.992,0.53
1622,0.9,194,0.9577464788732394,0.698498990139467,0,43,3745,2309,0.383,0.079
1623,0.83,113,0.8591549295774646,0.7865060535239727,0,34,3378,4108,0.889,0.415
1624,0.77,52,0.7746478873239436,0.9120743202088671,0,4,2195,2628,0.584,0.058
1625,0.91,222,0.9718309859154929,0.676501825414738,0,31,3830,1570,0.041,0.613
1626,0.86,201,0.9014084507042253,0.692716875923751,0,72,4726,3621,0.311,0.691
1627,0.88,154,0.9295774647887324,0.7361370874803979,0,41,1363,2183,0.814,0.139
1628,0.85,100,0.8873239436619718,0.8063564468909141,0,15,4311,4903,0.092,0.806
1629,0.75,41,0.7464788732394366,0.9502121047561299,1,1,2051,863,0.533,0.367
1630,0.89,177,0.9436619718309859,0.7134536034395673,0,42,3522,2362,0.994,0.224
1631,0.83,90,0.8591549295774646,0.8234497523448836,0,17,3264,4309,0.488,0.279
1632,0.91,360,0.9718309859154929,0.5975274229447931,0,97,4061,1847,0.582,0.688
1633,0.88,130,0.9295774647887324,0.7637175708741747,0,19,4884,3588,0.812,0.616
1634,0.73,56,0.7183098591549295,0.9001456244911358,0,12,757,4443,0.648,0.972
1635,0.91,153,0.9718309859154929,0.7371982384049431,0,2,2871,1049,0.227,0.416
1636,0.82,67,0.8450704225352111,0.8712160776412307,0,6,3008,4631,0.934,0.625
1637,0.9,145,0.9577464788732394,0.7459441649991692,0,14,894,1169,0.44,0.202
1638,0.84,137,0.8732394366197183,0.7551830737216096,0,48,1354,3630,0.599,0.768
1639,0.9,180,0.9577464788732394,0.7107134742714888,0,34,3847,2623,0.265,0.479
1640,0.76,53,0.7605633802816901,0.9090097964893215,0,6,476,4121,0.21,0.12
1641,0.87,121,0.9154929577464788,0.7753867256727223,0,24,3736,3133,0.157,0.951
1642,0.76,60,0.7605633802816901,0.8890262966398854,0,12,216,2315,0.718,0.376
1643,0.84,121,0.8732394366197183,0.7753867256727223,0,36,1953,4778,0.368,0.592
1644,0.91,373,0.9718309859154929,0.5917273236762128,0,101,1307,955,0.977,0.57
1645,0.8,74,0.8169014084507042,0.8551524595792684,0,16,823,3492,0.077,0.401
1646,0.89,159,0.9436619718309859,0.7309319758440493,0,29,3093,1956,0.548,0.957
1647,0.82,72,0.8450704225352111,0.8595837359663323,0,10,2918,3685,0.355,0.249
1648,0.82,97,0.8450704225352111,0.8112999544419444,0,30,647,2081,0.769,0.672
1649,0.84,80,0.8732394366197183,0.8425349088754904,0,6,1444,4539,0.176,0.357
1650,0.92,412,0.9859154929577465,0.5754651020218435,0,87,4954,1226,0.699,0.785
1651,0.85,101,0.8873239436619718,0.8047411900273997,0,16,3912,4211,0.961,0.894
1652,0.82,82,0.8450704225352111,0.838535997322455,0,18,3514,4726,0.615,0.422
1653,0.75,192,0.7464788732394366,0.700189182897704,0,72,150,766,0.011,0.997
1654,0.69,47,0.6619718309859154,0.9283200007498204,0,10,2175,3226,0.919,0.035
1655,0.91,171,0.9718309859154929,0.7190752025865559,0,4,4279,2265,0.455,0.606
1656,0.89,138,0.9436619718309859,0.7539993339546518,0,12,4668,3023,0.193,0.713
1657,0.82,85,0.8450704225352111,0.832714773553719,0,21,982,4024,0.279,0.821
1658,0.86,140,0.9014084507042253,0.751657190614839,0,45,1819,3850,0.803,0.438
1659,0.93,559,1.0,0.5255449379160329,0,44,4557,387,0.322,0.888
1660,0.77,61,0.7746478873239436,0.886360429032837,0,11,582,3729,0.757,0.965
1661,0.89,142,0.9436619718309859,0.7493480363078824,0,14,3320,2036,0.367,0.393
1662,0.83,121,0.8591549295774646,0.7753867256727223,0,38,3646,3990,0.873,0.106
1663,0.89,128,0.9436619718309859,0.766239885939888,0,7,292,520,0.252,0.537
1664,0.89,166,0.9436619718309859,0.7239117552543151,0,34,1994,2979,0.663,0.493
1665,0.91,359,0.9718309859154929,0.5979822006163873,0,96,4109,1531,0.213,0.927
1666,0.81,72,0.8309859154929577,0.8595837359663323,0,11,1154,4760,0.022,0.643
1667,0.87,148,0.9154929577464788,0.7426095297944973,0,48,1596,2904,0.47,0.935
1668,0.88,135,0.9295774647887324,0.7575765066740676,0,24,4065,3346,0.636,0.32
1669,0.69,80,0.6619718309859154,0.8425349088754904,0,28,248,4991,0.831,0.208
1670,0.93,295,1.0,0.6300739848544601,0,4,3611,808,0.294,0.651
1671,0.87,118,0.9154929577464788,0.7794686106803772,0,22,3354,2758,0.786,0.846
1672,0.87,113,0.9154929577464788,0.7865060535239727,0,17,625,1796,0.339,0.294
1673,0.73,67,0.7183098591549295,0.8712160776412307,0,20,2325,4257,0.747,0.734
1674,0.92,871,0.9859154929577465,0.45294046740364946,0,156,3815,298,0.128,0.186
1675,0.86,106,0.9014084507042253,0.7968953271755468,0,17,4818,4493,0.397,0.011
1676,0.71,52,0.6901408450704225,0.9120743202088671,0,13,2584,4957,0.298,0.989
1677,0.92,217,0.9859154929577465,0.6802196093379755,0,5,938,842,0.827,0.43
1678,0.86,124,0.9014084507042253,0.7714040056406603,0,32,1739,3302,0.227,0.599
1679,0.76,67,0.7605633802816901,0.8712160776412307,0,18,2131,1255,0.497,0.705
1680,0.67,45,0.6338028169014085,0.9352975323026038,0,9,115,3792,0.589,0.266
1681,0.85,98,0.8873239436619718,0.8096355011052977,0,13,3184,3448,0.544,0.68
1682,0.83,91,0.8591549295774646,0.8216579613354407,0,18,444,2000,0.081,0.242
1683,0.93,265,1.0,0.6475939032097873,1,1,3946,989,0.385,0.35
1684,0.86,106,0.9014084507042253,0.7968953271755468,0,17,4998,4291,0.156,0.455
1685,0.82,83,0.8450704225352111,0.8365725337889669,0,19,690,2802,0.32,0.065
1686,0.9,125,0.9577464788732394,0.7700976461751359,0,4,2952,1752,0.805,0.515
1687,0.86,129,0.9014084507042253,0.7649738777532981,0,37,3049,2521,0.098,0.287
1688,0.82,109,0.8450704225352111,0.7923619347805205,0,35,1263,4176,0.433,0.179
1689,0.87,7703,0.9154929577464788,0.09574769711206954,0,216,4784,61,0.941,0.742
1690,0.85,109,0.8873239436619718,0.7923619347805205,0,23,3771,4574,0.703,0.578
1691,0.82,76,0.8450704225352111,0.8508378093721061,0,12,2291,1191,0.172,0.003
1692,0.87,140,0.9154929577464788,0.751657190614839,0,40,510,1093,0.629,0.633
1693,0.71,48,0.6901408450704225,0.9249395254091075,0,9,2244,3554,0.285,0.334
1694,0.89,154,0.9436619718309859,0.7361370874803979,0,24,4752,2698,0.571,0.918
1695,0.79,69,0.8028169014084507,0.8664636508175219,0,14,2828,4077,0.677,0.839
1696,0.92,1172,0.9859154929577465,0.40432512106486285,0,172,722,125,0.199,0.272
1697,0.88,155,0.9295774647887324,0.735082760724743,0,42,1486,2588,0.856,0.695
1698,0.86,186,0.9014084507042253,0.7053668946433759,0,68,4017,3664,0.007,0.049
1699,0.79,82,0.8028169014084507,0.838535997322455,0,23,2382,2135,0.619,0.624
1700,0.71,46,0.6901408450704225,0.9317716491958331,0,7,334,4675,0.467,0.409
1701,0.86,128,0.9014084507042253,0.766239885939888,0,36,3556,3086,0.415,0.521
1702,0.7,49,0.6760563380281689,0.9216273471930994,0,11,45,1469,0.959,0.09
1703,0.64,39,0.5915492957746479,0.9582111177783754,0,7,2085,3930,0.111,0.88
1704,0.85,114,0.8873239436619718,0.7850741907501647,0,27,4592,4822,0.776,0.375
1705,0.92,524,0.9859154929577465,0.5361258506840888,0,115,1863,626,0.348,0.798
1706,0.84,125,0.8732394366197183,0.7700976461751359,0,40,1087,3167,0.691,0.232
1707,0.82,92,0.8450704225352111,0.8198855414190059,0,25,2577,2281,0.185,0.659
1708,0.86,131,0.9014084507042253,0.7624708177519657,0,39,3904,4044,0.232,0.301
1709,0.86,119,0.9014084507042253,0.7780966591973814,0,27,2259,505,0.643,0.872
1710,0.91,228,0.9718309859154929,0.6721489879959706,0,36,3422,1506,0.822,0.733
1711,0.85,106,0.8873239436619718,0.7968953271755468,0,20,3682,4559,0.316,0.772
1712,0.86,115,0.9014084507042253,0.7836547252122115,0,25,1891,3705,0.153,0.63
1713,0.91,269,0.9718309859154929,0.6451468839697193,0,62,1664,1653,0.39,0.55
1714,0.82,78,0.8450704225352111,0.8466338035055586,0,14,1208,4190,0.54,0.483
1715,0.86,132,0.9014084507042253,0.7612334741769502,0,40,1185,2396,0.4,0.943
1716,0.84,83,0.8732394366197183,0.8365725337889669,0,8,1647,4859,0.56,0.028
1717,0.92,353,0.9859154929577465,0.6007376813688662,0,68,4377,906,0.065,0.584
1718,0.86,123,0.9014084507042253,0.7727208580656739,0,31,4180,3894,0.334,0.721
1719,0.92,1212,0.9859154929577465,0.39882763214485073,0,174,1909,343,0.791,0.169
1720,0.7,50,0.6760563380281689,0.9183807609945628,0,12,182,2883,0.139,0.86
1721,0.91,243,0.9718309859154929,0.6617471547055592,0,46,3692,1354,0.736,0.312
1722,0.84,83,0.8732394366197183,0.8365725337889669,0,8,3405,4399,0.246,0.194
1723,0.87,131,0.9154929577464788,0.7624708177519657,0,33,2602,1601,0.626,0.468
1724,0.91,219,0.9718309859154929,0.6787223638133575,0,28,4579,1778,0.167,0.834
1725,0.86,110,0.9014084507042253,0.7908782391749551,0,21,4366,3512,0.436,0.968
1726,0.7,54,0.6760563380281689,0.9060015057476836,0,15,2105,1975,0.938,0.421
1727,0.62,36,0.5633802816901409,0.9709926977559492,0,3,63,4513,0.101,0.613
1728,0.92,249,0.9859154929577465,0.6577644346734973,0,14,3583,973,0.525,0.061
1729,0.87,97,0.9154929577464788,0.8112999544419444,0,5,3206,2924,0.017,0.442
1730,0.82,95,0.8450704225352111,0.8146804297826573,0,28,321,1318,0.608,0.885
1731,0.72,51,0.704225352112676,0.915197219305737,0,7,2356,3778,0.446,0.087
1732,0.92,662,0.9859154929577465,0.49786437903515923,0,135,4002,463,0.928,0.525
1733,0.86,103,0.9014084507042253,0.801557648338574,0,14,4868,4972,0.659,0.67
1734,0.78,81,0.7887323943661971,0.8405232609932402,0,24,734,3326,0.87,0.809
1735,0.87,95,0.9154929577464788,0.8146804297826573,0,4,2847,2434,0.255,0.363
1736,0.83,113,0.8591549295774646,0.7865060535239727,0,34,3024,3207,0.592,0.587
1737,0.87,95,0.9154929577464788,0.8146804297826573,0,4,909,2246,0.034,0.024
1738,0.78,92,0.7887323943661971,0.8198855414190059,0,32,1377,4705,0.88,0.947
1739,0.74,52,0.732394366197183,0.9120743202088671,0,6,305,3570,0.672,0.014
1740,0.9,180,0.9577464788732394,0.7107134742714888,0,34,3670,1883,0.203,0.566
1741,0.82,83,0.8450704225352111,0.8365725337889669,0,19,3292,3831,0.693,0.931
1742,0.87,183,0.9154929577464788,0.7080183903682776,0,65,4797,3423,0.116,0.205
1743,0.87,141,0.9154929577464788,0.7504985480152447,0,41,1287,2381,0.51,0.655
1744,0.91,217,0.9718309859154929,0.6802196093379755,0,27,668,690,0.742,0.603
1745,0.86,109,0.9014084507042253,0.7923619347805205,0,20,1462,3151,0.328,0.426
1746,0.87,143,0.9154929577464788,0.7482055421688263,0,43,4974,2335,0.796,0.994
1747,0.87,146,0.9154929577464788,0.7448250668281134,0,46,3975,3101,0.558,0.825
1748,0.87,122,0.9154929577464788,0.7740483733794092,0,25,2485,1415,0.068,0.253
1749,0.85,99,0.8873239436619718,0.8079877762259362,0,14,3454,3611,0.895,0.353
1750,0.71,54,0.6901408450704225,0.9060015057476836,0,14,91,2149,0.479,0.788
1751,0.66,39,0.619718309859155,0.9582111177783754,0,5,2118,4612,0.576,0.245
1752,0.86,197,0.9014084507042253,0.6959959301381347,0,70,4645,4140,0.288,0.504
1753,0.89,4146,0.9436619718309859,0.19728916025495313,0,205,1749,101,0.836,0.077
1754,0.85,91,0.8873239436619718,0.8216579613354407,0,9,967,2641,0.25,0.891
1755,0.87,105,0.9154929577464788,0.7984347492417041,0,10,1321,3067,0.088,0.109
1756,0.91,337,0.9718309859154929,0.6083204083134967,0,88,4841,1449,0.538,0.532
1757,0.88,149,0.9295774647887324,0.7415128886121054,0,37,3793,3185,0.8,0.647
1758,0.81,66,0.8309859154929577,0.8736449701473,0,6,2315,2301,0.325,0.212
1759,0.77,56,0.7746478873239436,0.9001456244911358,0,7,596,4841,0.73,0.755
1760,0.88,189,0.9295774647887324,0.7027575995853647,0,66,3626,2607,0.653,0.175
1761,0.86,115,0.9014084507042253,0.7836547252122115,0,25,1977,4096,0.817,0.284
1762,0.9,4195,0.9577464788732394,0.19536335241612712,0,202,4090,145,0.308,0.858
1763,0.87,121,0.9154929577464788,0.7753867256727223,0,24,4464,4656,0.046,0.96
1764,0.82,93,0.8450704225352111,0.8181320782286701,0,26,1098,3645,0.49,0.573
1765,0.83,122,0.8591549295774646,0.7740483733794092,0,39,2744,2115,0.884,0.006
1766,0.83,101,0.8591549295774646,0.8047411900273997,0,26,2778,2683,0.464,0.739
1767,0.88,150,0.9295774647887324,0.740423534135885,0,38,1142,1867,0.91,0.183
1768,0.84,116,0.8732394366197183,0.7822474440780751,0,32,1612,4328,0.004,0.85
1769,0.91,1904,0.9718309859154929,0.3248242426692992,0,188,4507,221,0.622,0.291
1770,0.85,131,0.8873239436619718,0.7624708177519657,0,42,4124,4424,0.851,0.405
1771,0.87,104,0.9154929577464788,0.799988763203691,0,9,2517,1211,0.344,0.621
1772,0.8,82,0.8169014084507042,0.838535997322455,0,22,2646,3535,0.207,0.795
1773,0.89,119,0.9436619718309859,0.7780966591973814,0,6,1001,1917,0.668,0.345
1774,0.86,108,0.9014084507042253,0.7938591803051387,0,19,1793,4380,0.262,0.684
1775,0.92,693,0.9859154929577465,0.4903724866241189,0,138,4679,1073,0.863,0.237
1776,0.87,102,0.9154929577464788,0.8031416920186562,0,7,4267,4372,0.594,0.069
1777,0.91,253,0.9718309859154929,0.6551620428027324,0,52,2152,177,0.031,0.512
1778,0.73,50,0.7183098591549295,0.9183807609945628,0,5,134,2717,0.93,0.46
1779,0.9,196,0.9577464788732394,0.6968260445469595,0,45,3488,1832,0.445,0.898
1780,0.88,105,0.9295774647887324,0.7984347492417041,0,6,421,927,0.424,0.048
1781,0.9,176,0.9577464788732394,0.7143772523360292,0,30,3931,2416,0.104,0.434
1782,0.88,186,0.9295774647887324,0.7053668946433759,0,65,4939,2864,0.373,0.261
1783,0.9,299,0.9577464788732394,0.6278733176449423,0,90,1418,1334,0.752,0.817
1784,0.92,558,0.9859154929577465,0.5258379625614785,0,122,2894,323,0.713,0.709
1785,0.83,79,0.8591549295774646,0.8445715468112124,0,6,3110,3912,0.376,0.496
1786,0.9,269,0.9577464788732394,0.6451468839697193,0,82,848,604,0.998,0.923
1787,0.91,201,0.9718309859154929,0.692716875923751,0,15,1925,1734,0.696,0.115
1788,0.66,47,0.619718309859155,0.9283200007498204,0,13,204,4271,0.358,0.913
1789,0.85,105,0.8873239436619718,0.7984347492417041,0,19,3388,3282,0.274,0.032
1790,0.8,70,0.8169014084507042,0.8641381189824078,0,12,492,2478,0.851,0.579
1791,0.71,40,0.6901408450704225,0.9541628319604032,0,3,2224,4937,0.188,0.387
1792,0.87,112,0.9154929577464788,0.7879505319913335,0,16,4697,3813,0.916,0.864
1793,0.93,515,1.0,0.5389607440055619,0,42,1333,429,0.458,0.309
1794,0.82,79,0.8450704225352111,0.8445715468112124,0,15,875,2968,0.612,0.725
1795,0.85,81,0.8873239436619718,0.8405232609932402,0,4,2882,3000,0.834,0.877
1796,0.84,105,0.8732394366197183,0.7984347492417041,0,24,1547,4010,0.639,0.517
1797,0.92,554,0.9859154929577465,0.527015326655353,0,120,4912,539,0.236,0.094
1798,0.85,128,0.8873239436619718,0.766239885939888,0,40,4036,4739,0.474,0.228
1799,0.84,177,0.8732394366197183,0.7134536034395673,0,68,3540,4156,0.075,0.699
1800,0.66,44,0.619718309859155,0.9389009135178765,0,8,2061,2501,0.394,0.842
1801,0.9,402,0.9577464788732394,0.5794836180405967,0,106,1805,2055,0.134,0.976
1802,0.8,90,0.8169014084507042,0.8234497523448836,0,28,1028,4593,0.781,0.053
1803,0.88,180,0.9295774647887324,0.7107134742714888,0,61,3671,2547,0.566,0.484
1804,0.8,64,0.8169014084507042,0.8786134487204611,0,6,696,3696,0.317,0.607
1805,0.92,286,0.9859154929577465,0.6351362230652235,0,31,1726,1065,0.669,0.103
1806,0.91,220,0.9718309859154929,0.6779788376161533,0,29,4677,1636,0.304,0.654
1807,0.88,135,0.9295774647887324,0.7575765066740676,0,24,763,1244,0.215,0.93
1808,0.68,45,0.647887323943662,0.9352975323026038,0,8,251,4530,0.462,0.775
1809,0.8,65,0.8169014084507042,0.8761103887191287,0,7,2326,2122,0.549,0.281
1810,0.65,39,0.6056338028169014,0.9582111177783754,0,6,2080,3767,0.102,0.121
1811,0.77,59,0.7746478873239436,0.8917362301645444,0,9,2732,4479,0.506,0.33
1812,0.91,271,0.9718309859154929,0.6439369357069045,0,64,1242,1008,0.12,0.78
1813,0.87,134,0.9154929577464788,0.7587864549368823,0,36,1708,3468,0.966,0.191
1814,0.88,117,0.9295774647887324,0.7808521399498601,0,11,1974,3350,0.701,0.846
1815,0.92,236,0.9859154929577465,0.6665193449245645,0,11,601,641,0.289,0.351
1816,0.88,159,0.9295774647887324,0.7309319758440493,0,45,4951,2909,0.447,0.22
1817,0.9,177,0.9577464788732394,0.7134536034395673,0,31,4817,2445,0.749,0.544
1818,0.93,559,1.0,0.5255449379160329,0,44,1230,338,0.768,0.759
1819,0.79,58,0.8028169014084507,0.8944917109170232,0,5,2761,4813,0.272,0.041
1820,0.91,265,0.9718309859154929,0.6475939032097873,0,59,3253,901,0.022,0.137
1821,0.92,457,0.9859154929577465,0.5585094170288074,0,101,3014,406,0.884,0.23
1822,0.9,126,0.9577464788732394,0.7688016137698954,0,5,4406,3116,0.098,0.733
1823,0.92,313,0.9859154929577465,0.6203955999600935,0,47,4378,1106,0.905,0.38
1824,0.81,95,0.8309859154929577,0.8146804297826573,0,30,3045,3513,0.117,0.876
1825,0.92,235,0.9859154929577465,0.6672125689826971,0,10,4193,1497,0.198,0.067
1826,0.8,71,0.8169014084507042,0.8618451131359894,0,13,405,2151,0.482,0.188
1827,0.82,93,0.8450704225352111,0.8181320782286701,0,26,1238,3562,0.233,0.098
1828,0.91,221,0.9718309859154929,0.6772386682077922,0,30,1341,1194,0.757,0.6
1829,0.92,1164,0.9859154929577465,0.4054470911954441,0,169,4940,1016,0.552,0.884
1830,0.88,162,0.9295774647887324,0.727886428598335,0,48,1027,1868,0.961,0.67
1831,0.9,156,0.9577464788732394,0.7340351709272566,0,19,3378,1895,0.219,0.294
1832,0.91,1436,0.9718309859154929,0.37104497172670126,0,184,1965,247,0.299,0.009
1833,0.79,86,0.8028169014084507,0.8308194085655435,0,27,260,1270,0.535,0.11
1834,0.9,172,0.9577464788732394,0.7181247811104694,0,26,4578,2310,0.833,0.036
1835,0.92,316,0.9859154929577465,0.6188366603646889,0,49,665,511,0.68,0.258
1836,0.81,57,0.8309859154929577,0.8972942961793745,0,3,2845,4942,0.185,0.538
1837,0.93,402,1.0,0.5794836180405967,0,23,3643,729,0.437,0.63
1838,0.79,51,0.8028169014084507,0.915197219305737,0,2,2229,1429,0.082,0.907
1839,0.9,210,0.9577464788732394,0.6855703439998715,0,55,4135,2054,0.665,0.747
1840,0.89,181,0.9436619718309859,0.7098101813777206,0,44,1876,2774,0.17,0.466
1841,0.88,125,0.9295774647887324,0.7700976461751359,0,16,2573,1136,0.067,0.09
1842,0.88,150,0.9295774647887324,0.740423534135885,0,38,4853,3465,0.916,0.592
1843,0.88,199,0.9295774647887324,0.6943482052587733,0,69,4224,2518,0.406,0.048
1844,0.67,43,0.6338028169014085,0.9425852763329597,0,7,131,3306,0.269,0.685
1845,0.9,134,0.9577464788732394,0.7587864549368823,0,8,2450,674,0.745,0.181
1846,0.9,224,0.9577464788732394,0.6750380009982744,0,67,4259,1675,0.922,0.935
1847,0.65,41,0.6056338028169014,0.9502121047561299,0,7,2064,3489,0.426,0.156
1848,0.89,156,0.9436619718309859,0.7340351709272566,0,26,1299,2087,0.18,0.06
1849,0.88,165,0.9295774647887324,0.724896426355292,0,50,4725,2773,0.675,0.778
1850,0.91,203,0.9718309859154929,0.6911016190602367,0,17,4887,1958,0.381,0.454
1851,0.92,1044,0.9859154929577465,0.42326884562034683,0,162,983,163,0.103,0.239
1852,0.91,270,0.9718309859154929,0.6445407936473445,0,63,3324,1079,0.858,0.865
1853,0.88,130,0.9295774647887324,0.7637175708741747,0,19,227,454,0.396,0.542
1854,0.92,215,0.9859154929577465,0.6817306545549953,0,4,2889,788,0.644,0.415
1855,0.78,59,0.7887323943661971,0.8917362301645444,0,6,631,4053,0.149,0.634
1856,0.91,268,0.9718309859154929,0.6457552232409276,0,61,1788,1332,0.873,0.138
1857,0.69,103,0.6619718309859154,0.801557648338574,0,37,294,2924,0.012,0.997
1858,0.89,155,0.9436619718309859,0.735082760724743,0,25,3230,1806,0.444,0.11
1859,0.76,55,0.7605633802816901,0.9030474214027978,0,8,449,3659,0.939,0.826
1860,0.81,56,0.8309859154929577,0.9001456244911358,0,2,2134,939,0.044,0.324
1861,0.63,45,0.5774647887323944,0.9352975323026038,0,11,48,3175,0.142,0.389
1862,0.88,152,0.9295774647887324,0.7382663024135687,0,39,3560,2273,0.733,0.937
1863,0.93,805,1.0,0.4658440470734335,0,56,335,137,0.65,0.117
1864,0.77,265,0.7746478873239436,0.6475939032097873,0,83,2380,2596,0.311,0.915
1865,0.9,221,0.9577464788732394,0.6772386682077922,0,64,853,756,0.907,0.068
1866,0.81,79,0.8309859154929577,0.8445715468112124,0,18,2970,3781,0.412,0.848
1867,0.93,387,1.0,0.5857023374583257,0,18,3512,505,0.164,0.943
1868,0.52,33,0.4225352112676056,0.9848556486083937,0,3,10,4980,0.658,0.227
1869,0.93,390,1.0,0.584439579645857,0,20,2471,273,0.175,0.748
1870,0.79,79,0.8028169014084507,0.8445715468112124,0,20,441,2812,0.771,0.285
1871,0.89,150,0.9436619718309859,0.740423534135885,0,22,3180,1742,0.354,0.856
1872,0.81,51,0.8309859154929577,0.915197219305737,1,1,114,851,0.279,0.214
1873,0.67,47,0.6338028169014085,0.9283200007498204,0,12,2133,3313,0.682,0.757
1874,0.89,173,0.9436619718309859,0.7171798375983804,0,38,4246,2487,0.193,0.323
1875,0.89,145,0.9436619718309859,0.7459441649991692,0,17,4620,2940,0.454,0.498
1876,0.79,120,0.8028169014084507,0.7767360933351048,0,40,942,3804,0.009,0.107
1877,0.9,194,0.9577464788732394,0.698498990139467,0,43,1086,1479,0.379,0.307
1878,0.92,760,0.9859154929577465,0.4752628793879149,0,146,4593,615,0.091,0.167
1879,0.88,170,0.9295774647887324,0.7200311659101417,0,54,4110,3281,0.904,0.597
1880,0.9,240,0.9577464788732394,0.6637753939196542,0,74,1995,2211,0.47,0.045
1881,0.93,437,1.0,0.5658297064181751,0,28,3644,741,0.057,0.436
1882,0.8,104,0.8169014084507042,0.799988763203691,0,35,790,3721,0.339,0.685
1883,0.8,71,0.8169014084507042,0.8618451131359894,0,13,622,3484,0.528,0.243
1884,0.89,165,0.9436619718309859,0.724896426355292,0,33,3351,1964,0.097,0.677
1885,0.88,118,0.9295774647887324,0.7794686106803772,0,12,3526,2838,0.186,0.299
1886,0.89,130,0.9436619718309859,0.7637175708741747,0,8,247,433,0.021,0.252
1887,0.92,309,0.9859154929577465,0.6224975165132348,0,43,4066,1307,0.45,0.143
1888,0.79,94,0.8028169014084507,0.8163971705525277,0,31,2759,817,0.874,0.992
1889,0.91,224,0.9718309859154929,0.6750380009982744,0,33,4523,1539,0.635,0.707
1890,0.77,60,0.7746478873239436,0.8890262966398854,0,10,2176,1495,0.229,0.491
1891,0.92,429,0.9859154929577465,0.5688518610341169,0,92,3513,474,0.299,0.1
1892,0.78,73,0.7887323943661971,0.8573531267887861,0,19,406,2088,0.32,0.954
1893,0.91,285,0.9718309859154929,0.6357084653407192,0,70,3266,1040,0.676,0.197
1894,0.93,397,1.0,0.5815304267164491,0,22,4303,871,0.37,0.164
1895,0.93,468,1.0,0.5546183612521204,0,36,1820,874,0.111,0.022
1896,0.75,59,0.7464788732394366,0.8917362301645444,0,13,2622,4717,0.037,0.206
1897,0.91,235,0.9718309859154929,0.6672125689826971,0,40,3845,2180,0.571,0.063
1898,0.89,209,0.9436619718309859,0.6863491922365279,0,65,4712,2630,0.841,0.134
1899,0.91,2928,0.9718309859154929,0.2542975708379851,0,198,3004,93,0.245,0.833
1900,0.79,86,0.8028169014084507,0.8308194085655435,0,27,2868,4298,0.906,0.125
1901,0.91,280,0.9718309859154929,0.6386000261055618,0,69,4888,1839,0.008,0.908
1902,0.93,313,1.0,0.6203955999600935,0,7,991,478,0.058,0.211
1903,0.9,122,0.9577464788732394,0.7740483733794092,0,2,1764,3017,0.903,0.759
1904,0.91,349,0.9718309859154929,0.6026007382979198,0,92,4650,1498,0.472,0.317
1905,0.88,140,0.9295774647887324,0.751657190614839,0,28,4296,3235,0.241,0.488
1906,0.92,410,0.9859154929577465,0.5762609639996797,0,85,482,90,0.486,0.975
1907,0.8,68,0.8169014084507042,0.8688226446887728,0,10,2853,4449,0.438,0.551
1908,0.89,159,0.9436619718309859,0.7309319758440493,0,29,4046,2675,0.862,0.342
1909,0.92,1346,0.9859154929577465,0.38164870407103235,0,179,3280,215,0.208,0.628
1910,0.92,391,0.9859154929577465,0.5840208125076184,0,79,1682,580,0.107,0.729
1911,0.92,459,0.9859154929577465,0.5577950488158385,0,103,1935,683,0.094,0.441
1912,0.93,433,1.0,0.5673338201376573,0,27,378,201,0.887,0.831
1913,0.79,61,0.8028169014084507,0.886360429032837,0,7,2416,2664,0.043,0.14
1914,0.9,247,0.9577464788732394,0.6590812870985108,0,77,1530,1903,0.313,0.057
1915,0.9,254,0.9577464788732394,0.6545178484749608,0,79,4709,2169,0.027,0.341
1916,0.79,69,0.8028169014084507,0.8664636508175219,0,14,2200,1580,0.86,0.91
1917,0.89,4643,0.9436619718309859,0.1787318268435738,0,208,3361,81,0.665,0.554
1918,0.88,152,0.9295774647887324,0.7382663024135687,0,39,4527,3270,0.451,0.75
1919,0.91,233,0.9718309859154929,0.668607873110912,0,39,1773,1487,0.682,0.146
1920,0.92,262,0.9859154929577465,0.6494534382165094,0,20,2619,486,0.846,0.258
1921,0.8,86,0.8169014084507042,0.8308194085655435,0,26,2533,2849,0.733,0.082
1922,0.9,160,0.9577464788732394,0.7299104943745872,0,20,1053,1388,0.142,0.529
1923,0.38,34,0.22535211267605632,0.980103221784685,0,4,1,3403,0.381,0.666
1924,0.89,4603,0.9436619718309859,0.18015006445484083,0,207,2424,26,0.413,0.463
1925,0.77,67,0.7746478873239436,0.8712160776412307,0,16,410,2565,0.501,0.507
1926,0.89,200,0.9436619718309859,0.693530511566306,0,59,3140,1672,0.125,0.073
1927,0.92,401,0.9859154929577465,0.5798909405991428,0,82,4355,624,0.515,0.446
1928,0.9,155,0.9577464788732394,0.735082760724743,0,18,1640,2221,0.923,0.328
1929,0.92,244,0.9859154929577465,0.6610766128895053,0,13,2799,732,0.604,0.215
1930,0.79,80,0.8028169014084507,0.8425349088754904,0,21,2755,3758,0.056,0.545
1931,0.93,510,1.0,0.5405571270711527,0,41,1120,445,0.569,0.098
1932,0.92,399,0.9859154929577465,0.5807086342916103,0,81,4492,1299,0.905,0.485
1933,0.9,165,0.9577464788732394,0.724896426355292,0,23,1960,2453,0.239,0.758
1934,0.75,58,0.7464788732394366,0.8944917109170232,0,12,2467,4459,0.989,0.792
1935,0.91,206,0.9718309859154929,0.6887081861077788,0,20,3881,1938,0.84,0.776
1936,0.92,643,0.9859154929577465,0.502631352440261,0,133,1478,264,0.719,0.902
1937,0.88,123,0.9295774647887324,0.7727208580656739,0,15,789,1716,0.528,0.854
1938,0.9,219,0.9577464788732394,0.6787223638133575,0,62,4151,2099,0.723,0.198
1939,0.9,161,0.9577464788732394,0.7288953379083275,0,21,4624,2497,0.648,0.043
1940,0.89,156,0.9436619718309859,0.7340351709272566,0,26,4245,2948,0.878,0.154
1941,0.92,562,0.9859154929577465,0.5246689932918873,0,124,3470,411,0.037,0.814
1942,0.9,178,0.9577464788732394,0.7125351290738706,0,32,1388,1813,0.055,0.471
1943,0.81,72,0.8309859154929577,0.8595837359663323,0,11,938,4353,0.891,0.562
1944,0.92,1265,0.9859154929577465,0.3918163144517144,0,176,3042,157,0.484,0.112
1945,0.91,236,0.9718309859154929,0.6665193449245645,0,41,4850,1614,0.269,0.132
1946,0.88,236,0.9295774647887324,0.6665193449245645,0,76,3230,1125,0.907,0.98
1947,0.77,67,0.7746478873239436,0.8712160776412307,0,16,161,1245,0.808,0.338
1948,0.92,265,0.9859154929577465,0.6475939032097873,0,22,4223,1148,0.05,0.676
1949,0.89,158,0.9436619718309859,0.7319598616278731,0,28,4403,2545,0.984,0.123
1950,0.8,76,0.8169014084507042,0.8508378093721061,0,17,2674,3369,0.974,0.384
1951,0.76,69,0.7605633802816901,0.8664636508175219,0,19,2271,2830,0.78,0.54
1952,0.91,249,0.9718309859154929,0.6577644346734973,0,51,3759,1368,0.346,0.102
1953,0.93,379,1.0,0.5891180286182016,0,16,1513,788,0.215,0.22
1954,0.92,404,0.9859154929577465,0.5786719963558884,0,84,4731,747,0.494,0.379
1955,0.76,72,0.7605633802816901,0.8595837359663323,0,22,536,3043,0.302,0.158
1956,0.93,463,1.0,0.5563755832778854,0,34,3194,560,0.403,0.142
1957,0.75,60,0.7464788732394366,0.8890262966398854,0,14,2551,4237,0.763,0.136
1958,0.92,775,0.9859154929577465,0.4720627664911625,0,148,1072,278,0.362,0.691
1959,0.88,164,0.9295774647887324,0.7258870471666896,0,49,1839,2737,0.708,0.275
1960,0.92,365,0.9859154929577465,0.5952722670917283,0,71,562,367,0.182,0.488
1961,0.76,55,0.7605633802816901,0.9030474214027978,0,8,2451,3388,0.522,0.986
1962,0.78,70,0.7887323943661971,0.8641381189824078,0,16,804,4921,0.42,0.317
1963,0.92,222,0.9859154929577465,0.676501825414738,0,7,3075,883,0.954,0.763
1964,0.8,63,0.8169014084507042,0.8811553173964884,0,5,2938,4797,0.134,0.04
1965,0.77,57,0.7746478873239436,0.8972942961793745,0,8,465,3955,0.971,0.716
1966,0.93,318,1.0,0.6178055422143567,0,8,3336,646,0.146,0.324
1967,0.79,94,0.8028169014084507,0.8163971705525277,0,31,271,1635,0.222,0.747
1968,0.9,285,0.9577464788732394,0.6357084653407192,0,85,4332,1697,0.98,0.267
1969,0.92,256,0.9859154929577465,0.6532370041048863,0,17,1578,1104,0.58,0.397
1970,0.64,34,0.5915492957746479,0.980103221784685,0,2,2021,1029,0.274,0.952
1971,0.81,68,0.8309859154929577,0.8688226446887728,0,7,3160,4877,0.951,0.595
1972,0.92,310,0.9859154929577465,0.6219695056044007,0,44,3860,823,0.687,0.939
1973,0.79,60,0.8028169014084507,0.8890262966398854,0,6,634,3875,0.162,0.15
1974,0.89,173,0.9436619718309859,0.7171798375983804,0,38,3251,2202,0.565,0.802
1975,0.92,249,0.9859154929577465,0.6577644346734973,0,14,29,42,0.551,0.128
1976,0.88,135,0.9295774647887324,0.7575765066740676,0,24,4535,3749,0.742,0.413
1977,0.92,1366,0.9859154929577465,0.3792323413105093,0,181,3716,244,0.767,0.475
1978,0.9,146,0.9577464788732394,0.7448250668281134,0,15,2980,1274,0.013,0.165
1979,0.88,150,0.9295774647887324,0.740423534135885,0,38,778,1550,0.29,0.45
1980,0.9,117,0.9577464788732394,0.7808521399498601,1,1,2400,713,0.9,0.662
1981,0.76,53,0.7605633802816901,0.9090097964893215,0,6,356,3250,0.061,0.37
1982,0.91,233,0.9718309859154929,0.668607873110912,0,39,4929,1879,0.247,0.256
1983,0.83,82,0.8591549295774646,0.838535997322455,0,9,451,2143,0.451,0.037
1984,0.9,274,0.9577464788732394,0.6421385932280814,0,83,4437,2019,0.409,0.637
1985,0.89,149,0.9436619718309859,0.7415128886121054,0,21,4195,2781,0.179,0.558
1986,0.83,85,0.8591549295774646,0.832714773553719,0,12,1487,5000,0.001,0.407
1987,0.83,81,0.8591549295774646,0.8405232609932402,0,8,1384,5000,0.999,0.54
1988,0.74,57,0.732394366197183,0.8972942961793745,0,12,4275,5000,0.978,0.999
1989,0.73,63,0.7183098591549295,0.8811553173964884,0,18,5000,3866,0.999,0.999
1990,0.86,107,0.9014084507042253,0.7953702255221584,0,18,1211,2998,0.001,0.001
1991,0.83,527,0.8591549295774646,0.5351916758176396,0,117,5000,4156,0.001,0.999
1992,0.22,39,0.0,0.9582111177783754,0,11,1,2780,0.61,0.999
1993,0.72,52,0.704225352112676,0.9120743202088671,0,8,221,3519,0.29,0.001
1994,0.82,91,0.8450704225352111,0.8216579613354407,0,24,340,1586,0.607,0.86
1995,0.85,100,0.8873239436619718,0.8063564468909141,0,15,4980,5000,0.999,0.001
1996,0.88,133,0.9295774647887324,0.760005399180137,0,22,2932,1650,0.999,0.73
1997,0.86,92,0.9014084507042253,0.8198855414190059,0,9,4318,4858,0.999,0.427
1998,0.82,96,0.8450704225352111,0.8129814793926518,0,29,418,1736,0.091,0.454
1999,0.88,166,0.9295774647887324,0.7239117552543151,0,51,1431,2029,0.778,0.604
2000,0.77,44,0.7746478873239436,0.9389009135178765,1,1,35,583,0.313,0.477
2001,0.82,69,0.8450704225352111,0.8664636508175219,0,7,423,2317,0.132,0.799
2002,0.8,69,0.8169014084507042,0.8664636508175219,0,11,2883,4267,0.552,0.263
2003,0.9,198,0.9577464788732394,0.6951699976836121,0,47,3301,1369,0.927,0.462
2004,0.76,70,0.7605633802816901,0.8641381189824078,0,20,919,4586,0.257,0.974
2005,0.91,205,0.9718309859154929,0.6895021210514931,0,19,3522,1638,0.74,0.697
2006,0.8,84,0.8169014084507042,0.8346323070559547,0,24,3109,4557,0.001,0.001
2007,0.33,30,0.15492957746478875,1.0,1,1,1,4792,0.001,0.001
2008,0.91,209,0.9718309859154929,0.6863491922365279,0,22,4667,1864,0.658,0.666
2009,0.86,117,0.9014084507042253,0.7808521399498601,0,26,1156,2534,0.189,0.3
2010,0.9,218,0.9577464788732394,0.6794692773853381,0,61,5000,2343,0.577,0.667
2011,0.68,60,0.647887323943662,0.8890262966398854,0,19,1096,1438,0.673,0.999
2012,0.88,148,0.9295774647887324,0.7426095297944973,0,36,5000,3389,0.001,0.001
2013,0.77,53,0.7746478873239436,0.9090097964893215,0,5,1403,5000,0.999,0.998
2014,0.88,107,0.9295774647887324,0.7953702255221584,0,7,4048,3966,0.42,0.085
2015,0.93,269,1.0,0.6451468839697193,0,3,3694,887,0.613,0.763
2016,0.78,64,0.7887323943661971,0.8786134487204611,0,10,2651,3458,0.987,0.96
2017,0.92,221,0.9859154929577465,0.6772386682077922,0,6,2695,608,0.142,0.001
