index,ACCURACY,RUNTIME,transformed_accuracy,transformed_runtime,is_pareto,pareto_layer,recent_samples_size,n_samples,n_permutations,update_interval,n_consecutive_deviations
0,0.91,0,0.75,1.0,1,1,2361,2409,534,28,26
1,0.91,0,0.75,1.0,1,1,2979,1829,220,218,170
2,0.91,0,0.75,1.0,1,1,306,1166,470,143,81
3,0.91,0,0.75,1.0,1,1,245,2887,726,87,7
4,0.92,9,1.0,0.5373300618099535,0,9,3469,283,246,37,5
5,0.91,0,0.75,1.0,1,1,516,3424,581,216,8
6,0.91,0,0.75,1.0,1,1,1598,1814,305,75,10
7,0.91,0,0.75,1.0,1,1,4888,4960,904,176,3
8,0.91,0,0.75,1.0,1,1,4678,973,325,196,8
9,0.91,0,0.75,1.0,1,1,1338,2831,977,49,1
10,0.91,0,0.75,1.0,1,1,310,1943,127,164,3
11,0.91,0,0.75,1.0,1,1,4115,2417,734,137,1
12,0.91,0,0.75,1.0,1,1,2539,4674,182,204,2
13,0.91,0,0.75,1.0,1,1,822,1534,520,41,9
14,0.91,0,0.75,1.0,1,1,1908,3710,364,188,6
15,0.91,0,0.75,1.0,1,1,3952,564,969,71,4
16,0.91,0,0.75,1.0,1,1,3889,3585,64,235,10
17,0.91,0,0.75,1.0,1,1,2371,4268,69,114,9
18,0.91,0,0.75,1.0,1,1,996,803,784,223,7
19,0.91,0,0.75,1.0,1,1,2989,2660,386,29,4
20,0.91,0,0.75,1.0,1,1,3310,2053,450,228,3
21,0.91,0,0.75,1.0,1,1,51,3909,845,18,10
22,0.91,0,0.75,1.0,1,1,1430,1166,9,133,8
23,0.91,0,0.75,1.0,1,1,4430,3018,669,125,5
24,0.91,0,0.75,1.0,1,1,4834,1695,124,6,6
25,0.91,0,0.75,1.0,1,1,1808,4835,711,247,3
26,0.92,8,1.0,0.5585006771393928,0,8,453,81,425,106,1
27,0.91,0,0.75,1.0,1,1,3688,3227,776,145,8
28,0.91,0,0.75,1.0,1,1,3207,3794,543,95,6
29,0.91,0,0.75,1.0,1,1,2749,1331,837,102,7
30,0.91,0,0.75,1.0,1,1,768,4477,489,157,4
31,0.91,0,0.75,1.0,1,1,3350,4950,261,231,151
32,0.92,16,1.0,0.4307082735999046,0,16,4334,136,464,223,5
33,0.91,0,0.75,1.0,1,1,1,4087,2,2,1
34,0.91,0,0.75,1.0,1,1,5000,3446,1000,2,1
35,0.91,0,0.75,1.0,1,1,1,1458,2,2,1
36,0.91,0,0.75,1.0,1,1,1,311,298,232,10
37,0.91,0,0.75,1.0,1,1,5000,4054,833,250,10
38,0.91,0,0.75,1.0,1,1,1,2559,1000,250,10
39,0.91,0,0.75,1.0,1,1,5000,4629,2,250,10
40,0.92,4,1.0,0.6766075912971576,0,4,234,193,481,46,1
41,0.91,0,0.75,1.0,1,1,5000,2238,2,2,10
42,0.91,0,0.75,1.0,1,1,5000,1101,1000,2,1
43,0.92,11,1.0,0.5006952795952881,0,11,4239,1,829,236,10
44,0.91,0,0.75,1.0,1,1,5000,2195,1000,2,10
45,0.91,11,0.75,0.5006952795952881,0,12,4593,152,701,189,10
46,0.91,0,0.75,1.0,1,1,1,2618,2,250,10
47,0.91,0,0.75,1.0,1,1,1,2912,1000,2,10
48,0.91,3,0.75,0.7214449410255918,0,4,3509,304,205,18,10
49,0.91,0,0.75,1.0,1,1,1,4058,1000,250,1
50,0.91,0,0.75,1.0,1,1,5000,3446,2,2,1
51,0.91,0,0.75,1.0,1,1,1,1127,1000,250,1
52,0.92,5,1.0,0.6399728090824923,0,5,697,151,331,208,10
53,0.91,4,0.75,0.6766075912971576,0,5,511,188,310,120,2
54,0.9,7,0.5,0.5821674115383877,0,9,529,1,441,65,5
55,0.91,0,0.75,1.0,1,1,4837,2845,616,250,10
56,0.91,0,0.75,1.0,1,1,4535,786,417,243,2
57,0.91,0,0.75,1.0,1,1,98,612,475,93,1
58,0.91,0,0.75,1.0,1,1,4776,1948,610,248,8
59,0.91,0,0.75,1.0,1,1,1,2240,426,85,1
60,0.91,0,0.75,1.0,1,1,5000,1478,385,250,1
61,0.91,0,0.75,1.0,1,1,4509,3993,430,223,1
62,0.91,0,0.75,1.0,1,1,263,1697,528,93,1
63,0.91,0,0.75,1.0,1,1,251,4286,484,118,1
64,0.91,0,0.75,1.0,1,1,828,4726,427,209,10
65,0.91,0,0.75,1.0,1,1,4607,1331,378,250,1
66,0.91,0,0.75,1.0,1,1,5000,3811,601,250,10
67,0.91,0,0.75,1.0,1,1,800,528,406,238,10
68,0.91,0,0.75,1.0,1,1,4836,4496,433,214,3
69,0.91,0,0.75,1.0,1,1,542,4588,348,173,10
70,0.91,0,0.75,1.0,1,1,4650,1196,653,250,10
71,0.91,0,0.75,1.0,1,1,3542,1611,213,40,1
72,0.91,0,0.75,1.0,1,1,39,3548,580,26,1
73,0.91,0,0.75,1.0,1,1,4681,3652,411,250,3
74,0.91,0,0.75,1.0,1,1,4588,893,426,216,1
75,0.91,0,0.75,1.0,1,1,4809,1190,533,232,7
76,0.91,0,0.75,1.0,1,1,4460,3183,391,250,1
77,0.91,0,0.75,1.0,1,1,1,3793,488,68,1
78,0.91,0,0.75,1.0,1,1,4459,4124,690,250,7
79,0.91,0,0.75,1.0,1,1,534,3195,430,176,10
80,0.91,0,0.75,1.0,1,1,4851,2973,530,250,9
81,0.91,0,0.75,1.0,1,1,1050,4430,434,193,10
82,0.91,0,0.75,1.0,1,1,4917,720,439,232,5
83,0.91,0,0.75,1.0,1,1,1,5000,595,48,1
84,0.91,0,0.75,1.0,1,1,4392,3147,346,206,1
85,0.91,7,0.75,0.5821674115383877,0,8,3729,464,1000,249,1
86,0.91,1,0.75,0.8607224705127958,0,2,1,243,1000,41,1
87,0.91,7,0.75,0.5821674115383877,0,8,3760,303,1000,245,5
88,0.91,4,0.75,0.6766075912971576,0,5,4277,531,1000,250,1
89,0.92,11,1.0,0.5006952795952881,0,11,5000,364,1000,40,6
90,0.91,0,0.75,1.0,1,1,1,22,1000,103,3
91,0.91,13,0.75,0.4697210125748703,0,14,4505,121,1000,240,7
92,0.91,6,0.75,0.6089985420620744,0,7,552,304,1000,44,1
93,0.91,0,0.75,1.0,1,1,1,4305,1000,250,7
94,0.91,0,0.75,1.0,1,1,1,1071,1000,2,10
95,0.91,8,0.75,0.5585006771393928,0,9,3318,388,1000,250,2
96,0.91,0,0.75,1.0,1,1,5000,555,1000,206,1
97,0.91,0,0.75,1.0,1,1,5000,548,1000,37,1
98,0.91,0,0.75,1.0,1,1,2710,5000,2,2,6
99,0.9,1,0.5,0.8607224705127958,0,3,1,196,1000,35,3
100,0.91,12,0.75,0.4846118980409827,0,13,4050,397,1000,39,4
101,0.91,0,0.75,1.0,1,1,3245,5000,2,74,6
102,0.91,9,0.75,0.5373300618099535,0,10,3645,427,1000,238,1
103,0.91,0,0.75,1.0,1,1,1,2379,1000,203,5
104,0.91,0,0.75,1.0,1,1,1,3198,1000,132,4
105,0.91,0,0.75,1.0,1,1,5000,1649,1000,70,10
106,0.91,0,0.75,1.0,1,1,1,888,2,2,10
107,0.91,0,0.75,1.0,1,1,2517,5000,1000,74,7
108,0.91,0,0.75,1.0,1,1,1,1061,1000,186,10
109,0.91,0,0.75,1.0,1,1,1,2540,1000,133,5
110,0.92,6,1.0,0.6089985420620744,0,6,5000,347,977,72,8
111,0.91,10,0.75,0.5181789107262775,0,11,1875,102,699,250,10
112,0.91,0,0.75,1.0,1,1,5000,3374,318,2,10
113,0.91,8,0.75,0.5585006771393928,0,9,3833,280,407,205,3
114,0.91,0,0.75,1.0,1,1,1,918,2,2,1
115,0.91,0,0.75,1.0,1,1,1,2148,2,250,10
116,0.91,0,0.75,1.0,1,1,5000,2194,1000,2,1
117,0.91,0,0.75,1.0,1,1,5000,4791,309,2,6
118,0.92,10,1.0,0.5181789107262775,0,10,3831,251,465,238,2
119,0.91,0,0.75,1.0,1,1,5000,4731,695,2,1
120,0.91,0,0.75,1.0,1,1,5000,4378,467,250,10
121,0.91,0,0.75,1.0,1,1,5000,1449,269,2,10
122,0.91,0,0.75,1.0,1,1,5000,2796,518,250,1
123,0.91,0,0.75,1.0,1,1,1,138,420,250,1
124,0.91,6,0.75,0.6089985420620744,0,7,3362,382,416,250,1
125,0.91,0,0.75,1.0,1,1,1,1350,204,250,10
126,0.92,13,1.0,0.4697210125748703,0,13,4162,181,337,213,4
127,0.91,23,0.75,0.36141775010808397,0,22,4635,44,519,146,7
128,0.91,0,0.75,1.0,1,1,1,4117,324,2,10
129,0.91,0,0.75,1.0,1,1,1,4677,1000,2,1
130,0.92,31,1.0,0.30361235256397934,0,24,980,170,445,2,1
131,0.91,23,0.75,0.36141775010808397,0,22,3025,373,481,2,1
132,0.92,20,1.0,0.38824888063177077,0,20,4662,78,916,113,10
133,0.91,0,0.75,1.0,1,1,5000,3403,528,250,7
134,0.91,0,0.75,1.0,1,1,1534,3343,887,250,1
135,0.92,11,1.0,0.5006952795952881,0,11,3912,223,354,234,6
136,0.91,0,0.75,1.0,1,1,1,2992,554,250,3
137,0.91,0,0.75,1.0,1,1,5000,2404,786,250,10
138,0.91,0,0.75,1.0,1,1,1,3643,749,2,10
139,0.91,0,0.75,1.0,1,1,1644,537,718,2,10
140,0.91,0,0.75,1.0,1,1,3908,686,522,2,1
141,0.91,0,0.75,1.0,1,1,4143,1499,400,250,5
142,0.91,2,0.75,0.7792503385696964,0,3,299,521,416,250,1
143,0.91,0,0.75,1.0,1,1,5000,2440,970,2,6
144,0.91,0,0.75,1.0,1,1,1,571,266,2,5
145,0.91,0,0.75,1.0,1,1,3441,2243,236,250,5
146,0.91,0,0.75,1.0,1,1,3389,1054,227,250,5
147,0.91,0,0.75,1.0,1,1,1,2771,275,250,6
148,0.91,0,0.75,1.0,1,1,1915,4010,2,2,5
149,0.91,0,0.75,1.0,1,1,1665,2797,716,250,7
150,0.91,0,0.75,1.0,1,1,995,1275,450,2,1
151,0.91,0,0.75,1.0,1,1,5000,3783,1000,2,1
152,0.91,0,0.75,1.0,1,1,1,4827,545,2,6
153,0.91,0,0.75,1.0,1,1,2396,690,424,2,1
154,0.91,0,0.75,1.0,1,1,1654,964,725,250,10
155,0.91,0,0.75,1.0,1,1,128,1732,264,2,6
156,0.91,0,0.75,1.0,1,1,1640,614,714,250,7
157,0.91,0,0.75,1.0,1,1,3486,2835,256,2,6
158,0.91,0,0.75,1.0,1,1,1868,2152,1000,2,6
159,0.91,0,0.75,1.0,1,1,3884,2952,526,2,1
160,0.91,0,0.75,1.0,1,1,4267,768,919,2,10
161,0.91,0,0.75,1.0,1,1,1684,2059,693,2,10
162,0.91,0,0.75,1.0,1,1,1590,1008,760,250,4
163,0.91,0,0.75,1.0,1,1,4072,2318,339,2,5
164,0.91,0,0.75,1.0,1,1,1020,1019,447,2,4
165,0.91,0,0.75,1.0,1,1,383,3986,1000,250,6
166,0.91,0,0.75,1.0,1,1,5000,2602,992,250,5
167,0.91,0,0.75,1.0,1,1,3748,4829,1000,2,10
168,0.91,0,0.75,1.0,1,1,5000,668,2,2,1
169,0.91,0,0.75,1.0,1,1,5000,3122,1000,2,10
170,0.91,0,0.75,1.0,1,1,5000,602,2,2,10
171,0.91,0,0.75,1.0,1,1,2775,1812,2,250,4
172,0.91,0,0.75,1.0,1,1,1,5000,2,250,5
173,0.91,0,0.75,1.0,1,1,2845,4614,1000,2,7
174,0.91,0,0.75,1.0,1,1,5000,5000,2,250,1
175,0.91,0,0.75,1.0,1,1,2420,2462,2,250,10
176,0.91,0,0.75,1.0,1,1,5000,4273,1000,2,6
177,0.91,0,0.75,1.0,1,1,2707,3957,2,2,10
178,0.91,0,0.75,1.0,1,1,5000,1853,2,2,10
179,0.91,0,0.75,1.0,1,1,1,1653,2,250,10
180,0.91,0,0.75,1.0,1,1,2696,4173,2,2,1
181,0.91,0,0.75,1.0,1,1,5000,646,2,250,10
182,0.91,0,0.75,1.0,1,1,1,1430,1000,250,5
183,0.91,0,0.75,1.0,1,1,2629,4440,2,2,1
184,0.91,0,0.75,1.0,1,1,2288,3067,2,2,10
185,0.91,0,0.75,1.0,1,1,2721,639,2,2,5
186,0.91,0,0.75,1.0,1,1,2389,3527,1000,2,5
187,0.91,0,0.75,1.0,1,1,1,887,2,2,5
188,0.91,0,0.75,1.0,1,1,1,1287,2,250,5
189,0.91,0,0.75,1.0,1,1,5000,3936,2,2,6
190,0.91,0,0.75,1.0,1,1,5000,2611,2,250,1
191,0.91,0,0.75,1.0,1,1,4620,623,866,250,10
192,0.91,0,0.75,1.0,1,1,1,2073,667,2,1
193,0.91,0,0.75,1.0,1,1,1,2456,821,250,1
194,0.91,0,0.75,1.0,1,1,2463,3656,573,250,1
195,0.91,0,0.75,1.0,1,1,1,2625,754,2,1
196,0.91,0,0.75,1.0,1,1,5000,667,245,83,4
197,0.91,0,0.75,1.0,1,1,1,3435,1000,250,10
198,0.91,0,0.75,1.0,1,1,5000,3286,177,2,4
199,0.91,0,0.75,1.0,1,1,1,4507,780,250,1
200,0.91,0,0.75,1.0,1,1,1,2423,230,2,1
201,0.91,0,0.75,1.0,1,1,1,4180,215,2,5
202,0.91,0,0.75,1.0,1,1,1,4824,295,2,1
203,0.91,0,0.75,1.0,1,1,2318,2130,713,2,1
204,0.91,0,0.75,1.0,1,1,1,3421,418,2,4
205,0.91,0,0.75,1.0,1,1,1,3034,818,250,7
206,0.91,0,0.75,1.0,1,1,1,502,435,2,1
207,0.91,0,0.75,1.0,1,1,1540,2723,155,2,10
208,0.91,0,0.75,1.0,1,1,5000,4540,791,250,1
209,0.91,0,0.75,1.0,1,1,2677,2673,514,2,10
210,0.91,0,0.75,1.0,1,1,5000,4184,796,2,10
211,0.91,0,0.75,1.0,1,1,2201,3919,312,2,1
212,0.92,8,1.0,0.5585006771393928,0,8,5000,232,861,250,8
213,0.91,0,0.75,1.0,1,1,5000,3671,836,2,8
214,0.91,0,0.75,1.0,1,1,5000,1698,832,250,1
215,0.91,0,0.75,1.0,1,1,2509,5000,853,2,1
216,0.91,0,0.75,1.0,1,1,5000,2046,859,250,1
217,0.91,0,0.75,1.0,1,1,1,3763,715,2,6
218,0.91,0,0.75,1.0,1,1,3272,4398,832,2,5
219,0.91,0,0.75,1.0,1,1,2292,1880,2,250,1
220,0.91,0,0.75,1.0,1,1,1,705,2,2,10
221,0.91,0,0.75,1.0,1,1,5000,2090,2,2,5
222,0.91,0,0.75,1.0,1,1,1893,3098,2,250,4
223,0.91,0,0.75,1.0,1,1,5000,1327,2,2,5
224,0.91,0,0.75,1.0,1,1,1,4889,1000,2,10
225,0.91,0,0.75,1.0,1,1,1,2048,2,2,6
226,0.91,0,0.75,1.0,1,1,2385,3354,1000,2,10
227,0.91,0,0.75,1.0,1,1,2616,1612,1000,250,10
228,0.91,0,0.75,1.0,1,1,1,1867,1000,250,1
229,0.91,0,0.75,1.0,1,1,1,4647,1000,250,6
230,0.91,0,0.75,1.0,1,1,5000,2783,1000,250,5
231,0.91,0,0.75,1.0,1,1,1,2148,1000,250,5
232,0.91,0,0.75,1.0,1,1,1,4896,1000,250,10
233,0.91,0,0.75,1.0,1,1,5000,3543,1000,250,10
234,0.91,0,0.75,1.0,1,1,2477,2283,1000,2,10
235,0.91,0,0.75,1.0,1,1,5000,4611,2,250,5
236,0.91,0,0.75,1.0,1,1,2238,1334,1000,250,10
237,0.91,0,0.75,1.0,1,1,1692,1599,2,250,5
238,0.91,0,0.75,1.0,1,1,2534,3173,1000,250,3
239,0.91,0,0.75,1.0,1,1,1,4327,2,2,10
240,0.91,1,0.75,0.8607224705127958,0,2,1,3575,1000,2,6
241,0.91,0,0.75,1.0,1,1,5000,4456,2,2,7
242,0.91,0,0.75,1.0,1,1,2240,3721,2,2,10
243,0.91,0,0.75,1.0,1,1,5000,2031,2,250,10
244,0.91,0,0.75,1.0,1,1,5000,4107,2,2,1
245,0.91,0,0.75,1.0,1,1,2219,1027,2,2,1
246,0.91,1,0.75,0.8607224705127958,0,2,1,427,1000,250,6
247,0.91,0,0.75,1.0,1,1,1,1117,600,2,5
248,0.91,0,0.75,1.0,1,1,5000,1835,1000,2,5
249,0.91,0,0.75,1.0,1,1,1165,701,2,250,3
250,0.91,0,0.75,1.0,1,1,2058,3798,1000,2,10
251,0.91,0,0.75,1.0,1,1,1,2892,1000,2,1
252,0.92,10,1.0,0.5181789107262775,0,10,5000,258,1000,250,6
253,0.91,0,0.75,1.0,1,1,1636,5000,2,250,10
254,0.91,0,0.75,1.0,1,1,1,4549,2,2,6
255,0.91,0,0.75,1.0,1,1,5000,4867,1000,250,1
256,0.91,0,0.75,1.0,1,1,1680,4281,2,250,1
257,0.91,0,0.75,1.0,1,1,2874,2316,1000,2,1
258,0.91,0,0.75,1.0,1,1,2135,2454,2,250,5
259,0.91,7,0.75,0.5821674115383877,0,8,1798,348,1000,250,10
260,0.91,0,0.75,1.0,1,1,5000,2414,2,2,1
261,0.91,0,0.75,1.0,1,1,5000,2942,2,250,1
262,0.91,0,0.75,1.0,1,1,5000,3508,1000,250,5
263,0.91,0,0.75,1.0,1,1,2464,1420,1000,250,1
264,0.91,0,0.75,1.0,1,1,1,3370,2,250,1
265,0.91,0,0.75,1.0,1,1,2861,2588,1000,2,1
266,0.91,0,0.75,1.0,1,1,2642,4569,142,250,10
267,0.91,0,0.75,1.0,1,1,5000,996,2,2,4
268,0.91,0,0.75,1.0,1,1,2599,2971,1000,250,10
269,0.91,0,0.75,1.0,1,1,5000,3712,2,2,4
270,0.91,0,0.75,1.0,1,1,1,3294,823,2,7
271,0.91,0,0.75,1.0,1,1,5000,3567,2,2,4
272,0.91,0,0.75,1.0,1,1,3446,4911,2,250,9
273,0.91,0,0.75,1.0,1,1,2626,4152,1000,250,10
274,0.91,0,0.75,1.0,1,1,3132,1437,2,2,4
275,0.91,0,0.75,1.0,1,1,4344,3245,2,250,10
276,0.91,0,0.75,1.0,1,1,1,3753,2,250,10
277,0.91,0,0.75,1.0,1,1,1720,1517,1000,250,1
278,0.91,0,0.75,1.0,1,1,2062,1401,2,2,3
279,0.91,0,0.75,1.0,1,1,2486,3488,2,250,1
280,0.91,0,0.75,1.0,1,1,1632,3037,2,2,1
281,0.91,0,0.75,1.0,1,1,5000,1072,1000,2,10
282,0.91,0,0.75,1.0,1,1,5000,4772,1000,2,10
283,0.91,0,0.75,1.0,1,1,1,3901,2,2,4
284,0.91,0,0.75,1.0,1,1,2045,4176,1000,250,4
285,0.91,0,0.75,1.0,1,1,2827,1206,2,250,3
286,0.91,0,0.75,1.0,1,1,2785,1747,1000,2,7
287,0.91,0,0.75,1.0,1,1,3777,4467,2,250,10
288,0.91,0,0.75,1.0,1,1,1,2660,1000,2,6
289,0.91,0,0.75,1.0,1,1,1,2365,2,250,10
290,0.91,0,0.75,1.0,1,1,1,1747,1000,2,10
291,0.91,0,0.75,1.0,1,1,3022,1932,2,2,6
292,0.91,0,0.75,1.0,1,1,1314,600,2,2,10
293,0.91,0,0.75,1.0,1,1,2030,2751,2,250,1
294,0.91,0,0.75,1.0,1,1,1,1616,2,250,4
295,0.91,0,0.75,1.0,1,1,2407,3325,2,250,4
296,0.91,0,0.75,1.0,1,1,2135,4768,2,250,7
297,0.91,0,0.75,1.0,1,1,1,2761,2,250,10
298,0.91,0,0.75,1.0,1,1,1495,3529,2,2,10
299,0.91,0,0.75,1.0,1,1,5000,3067,2,2,5
300,0.91,0,0.75,1.0,1,1,5000,865,1000,250,6
301,0.91,0,0.75,1.0,1,1,1727,2968,2,2,6
302,0.91,0,0.75,1.0,1,1,2641,1109,2,2,10
303,0.91,0,0.75,1.0,1,1,5000,4051,1000,2,5
304,0.91,0,0.75,1.0,1,1,1,1233,2,2,10
305,0.91,0,0.75,1.0,1,1,5000,1585,2,2,4
306,0.91,0,0.75,1.0,1,1,2997,4749,1000,2,1
307,0.91,0,0.75,1.0,1,1,5000,4931,2,250,6
308,0.91,0,0.75,1.0,1,1,1,1506,2,2,10
309,0.91,0,0.75,1.0,1,1,5000,2540,2,2,8
310,0.91,0,0.75,1.0,1,1,1,2855,1000,2,4
311,0.92,25,1.0,0.3453343685537785,0,23,4579,1,315,218,7
312,0.92,12,1.0,0.4846118980409827,0,12,5000,212,310,250,6
313,0.92,17,1.0,0.4192231476521886,0,17,5000,1,353,250,9
314,0.92,16,1.0,0.4307082735999046,0,16,4636,1,315,250,9
315,0.91,0,0.75,1.0,1,1,1,91,872,250,6
316,0.91,21,0.75,0.37890138123907335,0,21,5000,1,898,250,8
317,0.91,16,0.75,0.4307082735999046,0,17,3682,1,293,250,6
318,0.91,0,0.75,1.0,1,1,5000,1222,660,250,1
319,0.92,10,1.0,0.5181789107262775,0,10,5000,1,951,250,10
320,0.92,91,1.0,0.09141440730366623,0,26,3397,1,455,96,1
321,0.91,12,0.75,0.4846118980409827,0,13,5000,164,815,250,6
322,0.91,0,0.75,1.0,1,1,5000,953,681,2,1
323,0.92,7,1.0,0.5821674115383877,0,7,3511,1,347,250,10
324,0.91,0,0.75,1.0,1,1,1,1,300,250,7
325,0.91,7,0.75,0.5821674115383877,0,8,3147,202,304,250,7
326,0.92,10,1.0,0.5181789107262775,0,10,5000,267,177,250,3
327,0.91,0,0.75,1.0,1,1,1,119,168,250,5
328,0.92,49,1.0,0.21393765310711121,0,25,5000,292,808,2,1
329,0.91,5,0.75,0.6399728090824923,0,6,2771,234,236,250,1
330,0.91,0,0.75,1.0,1,1,5000,688,712,250,1
331,0.92,24,1.0,0.3532151825943154,0,22,5000,1,833,250,7
332,0.91,0,0.75,1.0,1,1,5000,2713,2,2,1
333,0.91,0,0.75,1.0,1,1,1,1384,2,250,1
334,0.91,0,0.75,1.0,1,1,1,1909,2,250,6
335,0.91,0,0.75,1.0,1,1,2028,3313,2,2,1
336,0.91,0,0.75,1.0,1,1,5000,3821,2,250,1
337,0.91,0,0.75,1.0,1,1,1,4883,1000,250,1
338,0.91,0,0.75,1.0,1,1,5000,2307,1000,250,1
339,0.91,0,0.75,1.0,1,1,3088,3891,1000,250,4
340,0.91,0,0.75,1.0,1,1,1,3655,1000,250,3
341,0.91,0,0.75,1.0,1,1,5000,4440,1000,2,1
342,0.91,0,0.75,1.0,1,1,1,1798,1000,250,7
343,0.91,0,0.75,1.0,1,1,2642,2101,1000,250,8
344,0.91,0,0.75,1.0,1,1,5000,3276,1000,250,5
345,0.91,0,0.75,1.0,1,1,1,2482,2,2,8
346,0.91,0,0.75,1.0,1,1,5000,1741,1000,250,10
347,0.91,0,0.75,1.0,1,1,1,3095,1000,250,1
348,0.91,0,0.75,1.0,1,1,5000,566,2,2,8
349,0.91,0,0.75,1.0,1,1,1,2194,1000,2,10
350,0.91,0,0.75,1.0,1,1,5000,1413,2,250,10
351,0.91,0,0.75,1.0,1,1,5000,598,2,250,3
352,0.91,0,0.75,1.0,1,1,1,4390,2,2,3
353,0.91,0,0.75,1.0,1,1,5000,4863,1000,250,10
354,0.91,0,0.75,1.0,1,1,1,780,2,250,10
355,0.91,0,0.75,1.0,1,1,5000,1427,1000,250,8
356,0.91,0,0.75,1.0,1,1,1,3592,2,250,7
357,0.91,0,0.75,1.0,1,1,3727,3901,2,250,8
358,0.91,0,0.75,1.0,1,1,1,2691,2,250,1
359,0.91,0,0.75,1.0,1,1,1,1470,2,250,8
360,0.91,0,0.75,1.0,1,1,3262,1760,1000,2,1
361,0.91,0,0.75,1.0,1,1,1,2866,1000,250,1
362,0.91,0,0.75,1.0,1,1,1,800,634,250,1
363,0.91,0,0.75,1.0,1,1,1,2032,2,250,1
364,0.91,0,0.75,1.0,1,1,5000,2367,1000,250,5
365,0.91,0,0.75,1.0,1,1,1,3909,2,250,8
366,0.91,0,0.75,1.0,1,1,1,1872,1000,2,3
367,0.91,0,0.75,1.0,1,1,5000,2787,2,2,10
368,0.91,0,0.75,1.0,1,1,5000,2812,2,2,7
369,0.91,0,0.75,1.0,1,1,5000,1712,2,250,7
370,0.91,0,0.75,1.0,1,1,3492,2216,2,250,1
371,0.91,0,0.75,1.0,1,1,1,1025,1000,250,7
372,0.91,0,0.75,1.0,1,1,5000,3591,1000,250,1
373,0.91,0,0.75,1.0,1,1,2616,4461,1000,2,10
374,0.91,0,0.75,1.0,1,1,1,679,1000,2,3
375,0.91,0,0.75,1.0,1,1,1,4701,362,2,10
376,0.91,0,0.75,1.0,1,1,5000,5000,1000,2,1
377,0.91,0,0.75,1.0,1,1,1,982,2,250,1
378,0.91,0,0.75,1.0,1,1,2628,931,2,2,8
379,0.91,0,0.75,1.0,1,1,5000,4272,93,250,8
380,0.91,0,0.75,1.0,1,1,5000,4026,2,250,4
381,0.91,0,0.75,1.0,1,1,1,1524,2,2,7
382,0.91,0,0.75,1.0,1,1,5000,2073,1000,250,6
383,0.91,0,0.75,1.0,1,1,5000,2228,1000,250,7
384,0.91,0,0.75,1.0,1,1,5000,1070,1000,250,1
385,0.91,0,0.75,1.0,1,1,5000,5000,2,250,9
386,0.91,0,0.75,1.0,1,1,1,3300,1000,2,10
387,0.91,0,0.75,1.0,1,1,5000,1381,2,2,1
388,0.91,0,0.75,1.0,1,1,5000,1852,679,250,3
389,0.91,0,0.75,1.0,1,1,5000,3144,2,250,7
390,0.91,0,0.75,1.0,1,1,5000,3742,1000,250,8
391,0.91,0,0.75,1.0,1,1,5000,1269,2,2,10
392,0.91,0,0.75,1.0,1,1,4353,2972,675,74,2
393,0.91,0,0.75,1.0,1,1,721,1304,79,161,10
394,0.91,0,0.75,1.0,1,1,1775,4684,778,49,8
395,0.91,0,0.75,1.0,1,1,3144,1044,477,218,4
396,0.91,0,0.75,1.0,1,1,2618,4210,221,230,4
397,0.91,2,0.75,0.7792503385696964,0,3,2426,258,529,7,6
398,0.91,0,0.75,1.0,1,1,40,3133,322,143,8
399,0.91,0,0.75,1.0,1,1,4849,2403,928,125,2
400,0.91,0,0.75,1.0,1,1,4661,4920,277,30,10
401,0.91,0,0.75,1.0,1,1,403,650,974,238,1
402,0.91,0,0.75,1.0,1,1,2084,2739,174,102,3
403,0.91,0,0.75,1.0,1,1,2824,1692,577,135,7
404,0.91,0,0.75,1.0,1,1,3564,3525,823,185,6
405,0.91,0,0.75,1.0,1,1,1491,2165,430,82,5
406,0.91,0,0.75,1.0,1,1,987,3822,723,194,3
407,0.91,0,0.75,1.0,1,1,3912,489,31,41,9
408,0.91,0,0.75,1.0,1,1,3754,4042,954,154,4
409,0.91,4,0.75,0.6766075912971576,0,5,1135,397,295,113,8
410,0.91,0,0.75,1.0,1,1,1331,3617,619,226,10
411,0.91,0,0.75,1.0,1,1,3714,1944,131,10,1
412,0.91,0,0.75,1.0,1,1,2988,2528,380,62,2
413,0.91,0,0.75,1.0,1,1,1929,1793,875,207,8
414,0.91,1,0.75,0.8607224705127958,0,2,566,4819,43,71,6
415,0.91,0,0.75,1.0,1,1,4508,861,711,167,5
416,0.91,0,0.75,1.0,1,1,4694,3381,122,200,7
417,0.91,0,0.75,1.0,1,1,204,2338,632,38,3
418,0.91,0,0.75,1.0,1,1,2273,4275,456,174,1
419,0.91,14,0.75,0.45585792986685403,0,15,2782,10,797,95,9
420,0.91,1,0.75,0.8607224705127958,0,2,3292,4426,541,105,9
421,0.91,0,0.75,1.0,1,1,1616,1099,210,130,3
422,0.91,0,0.75,1.0,1,1,871,2917,878,18,5
423,0.91,0,0.75,1.0,1,1,4194,1562,373,249,7
424,0.91,0,0.75,1.0,1,1,4128,4587,172,171,2
425,0.91,0,0.75,1.0,1,1,810,946,583,64,8
426,0.91,0,0.75,1.0,1,1,1706,3069,259,208,6
427,0.91,0,0.75,1.0,1,1,3387,1401,995,58,4
428,0.91,0,0.75,1.0,1,1,2726,3230,748,16,4
429,0.91,0,0.75,1.0,1,1,2222,2500,2,221,8
430,0.91,0,0.75,1.0,1,1,304,4113,833,116,10
431,0.92,15,1.0,0.4428898820511835,0,15,4799,160,416,152,2
432,0.91,0,0.75,1.0,1,1,4438,2680,756,244,9
433,0.91,0,0.75,1.0,1,1,490,1633,494,24,2
434,0.91,0,0.75,1.0,1,1,2015,4979,670,129,5
435,0.91,0,0.75,1.0,1,1,3069,709,81,108,6
436,0.91,0,0.75,1.0,1,1,3672,3880,335,87,7
437,0.91,0,0.75,1.0,1,1,1285,548,918,179,3
438,0.91,0,0.75,1.0,1,1,1249,3466,250,35,1
439,0.91,0,0.75,1.0,1,1,3864,2106,503,200,10
440,0.91,0,0.75,1.0,1,1,4017,3675,451,119,5
441,0.91,0,0.75,1.0,1,1,1087,2002,799,148,6
442,0.91,1,0.75,0.8607224705127958,0,2,1439,3984,100,4,8
443,0.91,6,0.75,0.6089985420620744,0,7,3508,339,649,232,2
444,0.91,0,0.75,1.0,1,1,2920,4761,906,213,1
445,0.91,0,0.75,1.0,1,1,2174,803,347,56,10
446,0.91,0,0.75,1.0,1,1,342,2586,555,161,7
447,0.91,0,0.75,1.0,1,1,4595,1851,200,77,4
448,0.91,0,0.75,1.0,1,1,4959,4373,602,48,7
449,0.91,3,0.75,0.7214449410255918,0,4,155,108,152,190,5
450,0.91,0,0.75,1.0,1,1,2380,3282,952,85,3
451,0.91,0,0.75,1.0,1,1,2577,2240,301,184,9
452,0.91,0,0.75,1.0,1,1,3224,2819,53,140,9
453,0.91,0,0.75,1.0,1,1,1860,1464,698,96,1
454,0.91,0,0.75,1.0,1,1,645,4524,405,239,3
455,0.91,1,0.75,0.8607224705127958,0,2,4282,1197,845,28,7
456,0.91,0,0.75,1.0,1,1,4232,4087,436,191,8
457,0.91,8,0.75,0.5585006771393928,0,9,676,227,814,46,2
458,0.91,0,0.75,1.0,1,1,1810,3261,22,182,5
459,0.91,0,0.75,1.0,1,1,3255,2428,729,86,6
460,0.91,1,0.75,0.8607224705127958,0,2,2510,3100,983,97,8
461,0.91,0,0.75,1.0,1,1,2388,1329,270,138,4
462,0.91,0,0.75,1.0,1,1,88,4561,570,25,2
463,0.91,0,0.75,1.0,1,1,4967,1013,183,241,10
464,0.91,0,0.75,1.0,1,1,4548,3492,523,146,2
465,0.91,0,0.75,1.0,1,1,370,2039,232,121,9
466,0.91,0,0.75,1.0,1,1,2127,3850,938,233,6
467,0.91,0,0.75,1.0,1,1,2948,620,316,2,5
468,0.91,0,0.75,1.0,1,1,3438,4948,69,53,3
469,0.91,0,0.75,1.0,1,1,1450,781,681,215,7
470,0.91,0,0.75,1.0,1,1,1017,2706,482,79,10
471,0.91,0,0.75,1.0,1,1,4028,1566,768,158,1
472,0.91,0,0.75,1.0,1,1,3874,2653,219,23,6
473,0.91,0,0.75,1.0,1,1,1180,1826,534,246,5
474,0.91,0,0.75,1.0,1,1,1296,4688,367,110,2
475,0.91,0,0.75,1.0,1,1,3603,833,887,128,8
476,0.91,0,0.75,1.0,1,1,3097,3912,638,177,10
477,0.92,9,1.0,0.5373300618099535,0,9,1967,369,113,90,1
478,0.91,0,0.75,1.0,1,1,519,3742,788,202,4
479,0.91,1,0.75,0.8607224705127958,0,2,4390,1977,463,33,7
480,0.91,0,0.75,1.0,1,1,4808,4457,864,66,5
481,0.91,0,0.75,1.0,1,1,237,1222,385,170,7
482,0.91,0,0.75,1.0,1,1,2231,2891,717,57,9
483,0.91,0,0.75,1.0,1,1,2658,1433,33,211,3
484,0.91,0,0.75,1.0,1,1,3417,3355,290,223,1
485,0.91,0,0.75,1.0,1,1,1657,2210,964,15,10
486,0.91,1,0.75,0.8607224705127958,0,2,840,4306,141,151,7
487,0.92,12,1.0,0.4846118980409827,0,12,4078,133,614,118,3
488,0.91,0,0.75,1.0,1,1,4164,3202,909,40,10
489,0.91,0,0.75,1.0,1,1,921,2370,342,197,1
490,0.91,0,0.75,1.0,1,1,1586,4145,509,92,4
491,0.9,4,0.5,0.6766075912971576,0,6,3342,286,241,176,8
492,0.91,0,0.75,1.0,1,1,2773,4619,487,132,6
493,0.91,0,0.75,1.0,1,1,2341,1072,765,103,4
494,0.91,0,0.75,1.0,1,1,195,3041,91,247,2
495,0.91,0,0.75,1.0,1,1,4761,1271,663,19,8
496,0.91,0,0.75,1.0,1,1,4480,3752,12,111,1
497,0.91,1,0.75,0.8607224705127958,0,2,614,522,743,156,10
498,0.91,0,0.75,1.0,1,1,1901,3590,411,12,7
499,0.91,0,0.75,1.0,1,1,3036,2137,843,223,4
500,0.91,0,0.75,1.0,1,1,3703,2804,588,205,5
501,0.91,0,0.75,1.0,1,1,1401,1663,162,63,6
502,0.91,0,0.75,1.0,1,1,1124,4851,985,168,9
503,0.91,0,0.75,1.0,1,1,3823,683,264,69,3
504,0.91,0,0.75,1.0,1,1,3982,4786,692,237,8
505,0.91,0,0.75,1.0,1,1,976,931,62,32,4
506,0.91,0,0.75,1.0,1,1,1560,2556,854,137,1
507,0.91,0,0.75,1.0,1,1,3553,1728,399,100,10
508,0.91,0,0.75,1.0,1,1,2872,3645,143,80,9
509,0.91,0,0.75,1.0,1,1,2056,1880,608,187,2
510,0.91,0,0.75,1.0,1,1,450,4009,308,43,5
511,0.91,4,0.75,0.6766075912971576,0,5,4633,467,943,193,6
512,0.91,0,0.75,1.0,1,1,4916,2950,353,164,3
513,0.91,0,0.75,1.0,1,1,31,1492,896,72,7
514,0.91,0,0.75,1.0,1,1,2493,4398,190,216,9
515,0.91,0,0.75,1.0,1,1,2610,1163,560,51,1
516,0.91,0,0.75,1.0,1,1,3194,4247,809,9,3
517,0.92,14,1.0,0.45585792986685403,0,14,1744,75,445,229,9
518,0.91,0,0.75,1.0,1,1,771,3414,644,124,6
519,0.91,0,0.75,1.0,1,1,4323,2268,110,145,5
520,0.91,0,0.75,1.0,1,1,4314,4983,784,101,6
521,0.91,0,0.75,1.0,1,1,760,737,469,134,4
522,0.91,0,0.75,1.0,1,1,1736,2671,637,29,2
523,0.91,0,0.75,1.0,1,1,3183,1610,117,237,8
524,0.91,0,0.75,1.0,1,1,2579,3448,362,195,10
525,0.91,0,0.75,1.0,1,1,2465,2073,888,41,2
526,0.91,0,0.75,1.0,1,1,1,3894,213,186,4
527,0.91,0,0.75,1.0,1,1,4888,586,538,82,8
528,0.91,0,0.75,1.0,1,1,4622,3065,135,50,5
529,0.91,0,0.75,1.0,1,1,442,1373,614,219,6
530,0.91,0,0.75,1.0,1,1,2045,4595,283,75,9
531,0.91,0,0.75,1.0,1,1,2863,970,967,162,2
532,0.91,0,0.75,1.0,1,1,3525,4131,714,142,1
533,0.91,4,0.75,0.6766075912971576,0,5,1530,193,40,124,10
534,0.91,0,0.75,1.0,1,1,948,3217,864,229,7
535,0.91,0,0.75,1.0,1,1,3951,2462,391,6,3
536,0.91,0,0.75,1.0,1,1,3793,3320,564,173,8
537,0.91,0,0.75,1.0,1,1,1095,2253,187,94,2
538,0.91,0,0.75,1.0,1,1,1370,4340,979,199,5
539,0.91,19,0.75,0.3980525323227494,0,20,3675,90,271,37,6
540,0.91,0,0.75,1.0,1,1,3027,4501,20,19,7
541,0.91,0,0.75,1.0,1,1,1890,1188,733,250,4
542,0.91,0,0.75,1.0,1,1,605,2847,433,106,1
543,0.91,0,0.75,1.0,1,1,4469,1467,820,131,10
544,0.91,0,0.75,1.0,1,1,4733,3946,481,227,3
545,0.91,1,0.75,0.8607224705127958,0,2,165,326,773,11,9
546,0.91,0,0.75,1.0,1,1,2312,3708,67,155,7
547,0.91,0,0.75,1.0,1,1,2743,2021,688,114,5
548,0.91,0,0.75,1.0,1,1,3331,2609,931,70,3
549,0.91,0,0.75,1.0,1,1,1577,1860,319,166,7
550,0.91,0,0.75,1.0,1,1,910,4733,518,61,10
551,0.91,0,0.75,1.0,1,1,4155,799,232,206,1
552,0.91,0,0.75,1.0,1,1,4089,2770,312,128,8
553,0.91,0,0.75,1.0,1,1,849,1707,941,107,4
554,0.91,0,0.75,1.0,1,1,1667,4885,149,243,1
555,0.91,0,0.75,1.0,1,1,3426,639,605,23,10
556,0.91,0,0.75,1.0,1,1,2687,3796,858,36,8
557,0.91,1,0.75,0.8607224705127958,0,2,2261,488,392,201,2
558,0.91,0,0.75,1.0,1,1,265,3546,693,88,4
559,0.91,0,0.75,1.0,1,1,4838,2171,58,180,6
560,0.91,0,0.75,1.0,1,1,4399,4653,647,209,4
561,0.91,0,0.75,1.0,1,1,529,1028,103,59,7
562,0.91,0,0.75,1.0,1,1,1976,3007,809,172,10
563,0.91,0,0.75,1.0,1,1,3108,1315,440,65,1
564,0.91,0,0.75,1.0,1,1,3633,3158,195,115,3
565,0.91,0,0.75,1.0,1,1,1324,2404,559,152,9
566,0.91,0,0.75,1.0,1,1,1210,4189,360,15,6
567,0.92,7,1.0,0.5821674115383877,0,7,3903,252,894,220,5
568,0.91,0,0.75,1.0,1,1,4056,4281,92,84,10
569,0.92,18,1.0,0.40835915048685534,0,18,1048,30,659,183,1
570,0.91,0,0.75,1.0,1,1,1478,3379,491,47,4
571,0.91,0,0.75,1.0,1,1,3469,2312,759,189,8
572,0.91,0,0.75,1.0,1,1,2959,2906,516,240,6
573,0.91,0,0.75,1.0,1,1,2136,1526,238,29,5
574,0.91,0,0.75,1.0,1,1,381,4442,913,141,2
575,0.91,0,0.75,1.0,1,1,4556,1129,340,96,9
576,0.91,0,0.75,1.0,1,1,4998,3611,992,5,1
577,0.91,0,0.75,1.0,1,1,116,1924,262,233,9
578,0.91,0,0.75,1.0,1,1,2419,4044,593,120,7
579,0.91,2,0.75,0.7792503385696964,0,3,2538,423,161,149,3
580,0.91,0,0.75,1.0,1,1,3263,4830,411,160,5
581,0.91,0,0.75,1.0,1,1,1821,897,838,76,6
582,0.91,0,0.75,1.0,1,1,684,2512,15,212,9
583,0.91,0,0.75,1.0,1,1,4243,1763,736,55,3
584,0.91,0,0.75,1.0,1,1,4271,3559,46,234,4
585,0.91,0,0.75,1.0,1,1,637,2121,704,3,8
586,0.91,0,0.75,1.0,1,1,1849,3787,380,147,10
587,0.91,1,0.75,0.8607224705127958,0,2,3216,533,869,122,2
588,0.91,0,0.75,1.0,1,1,2549,4876,625,78,2
589,0.91,0,0.75,1.0,1,1,2349,684,130,157,8
590,0.91,0,0.75,1.0,1,1,127,2783,961,52,6
591,0.91,0,0.75,1.0,1,1,4928,1657,293,214,4
592,0.91,0,0.75,1.0,1,1,4587,4176,882,181,7
593,0.91,3,0.75,0.7214449410255918,0,4,331,302,371,85,4
594,0.91,0,0.75,1.0,1,1,2166,3167,547,190,1
595,0.91,1,0.75,0.8607224705127958,0,2,2909,2359,207,45,10
596,0.91,0,0.75,1.0,1,1,3477,3015,460,26,9
597,0.91,0,0.75,1.0,1,1,1411,1270,791,242,3
598,0.91,0,0.75,1.0,1,1,1056,4640,123,98,5
599,0.91,0,0.75,1.0,1,1,3989,1078,627,139,6
600,0.91,0,0.75,1.0,1,1,3835,4392,329,58,1
601,0.91,0,0.75,1.0,1,1,1219,1143,925,211,10
602,0.91,0,0.75,1.0,1,1,1257,2951,226,67,8
603,0.91,0,0.75,1.0,1,1,3642,1518,528,170,4
604,0.91,0,0.75,1.0,1,1,3058,3424,778,150,5
605,0.91,0,0.75,1.0,1,1,2006,2304,471,117,6
606,0.91,1,0.75,0.8607224705127958,0,2,480,4231,678,222,9
607,0.91,48,0.75,0.21799708412414875,0,25,4429,44,72,14,2
608,0.91,0,0.75,1.0,1,1,4769,2562,724,109,9
609,0.91,0,0.75,1.0,1,1,276,1749,26,127,1
610,0.91,0,0.75,1.0,1,1,2192,4785,827,22,3
611,0.91,0,0.75,1.0,1,1,2697,905,424,245,7
612,0.91,0,0.75,1.0,1,1,3378,3998,180,203,7
613,0.91,11,0.75,0.5006952795952881,0,12,1696,432,573,35,5
614,0.91,0,0.75,1.0,1,1,801,3660,281,178,3
615,0.91,0,0.75,1.0,1,1,4117,1910,972,91,9
616,0.91,0,0.75,1.0,1,1,4202,3846,549,13,4
617,0.91,0,0.75,1.0,1,1,882,592,201,224,6
618,0.91,0,0.75,1.0,1,1,1625,3500,899,112,8
619,0.91,0,0.75,1.0,1,1,3303,2063,350,156,2
620,0.91,0,0.75,1.0,1,1,2812,2724,98,167,2
621,0.91,0,0.75,1.0,1,1,2301,1599,657,68,10
622,0.91,0,0.75,1.0,1,1,234,4935,450,204,8
623,0.91,0,0.75,1.0,1,1,4722,743,804,62,4
624,0.91,0,0.75,1.0,1,1,4519,3264,402,91,6
625,0.91,0,0.75,1.0,1,1,575,2456,851,175,5
626,0.91,0,0.75,1.0,1,1,1940,4079,51,39,3
627,0.91,6,0.75,0.6089985420620744,0,7,2997,204,702,196,9
628,0.91,0,0.75,1.0,1,1,3742,4543,947,248,10
629,0.91,0,0.75,1.0,1,1,1362,980,303,20,1
630,0.91,0,0.75,1.0,1,1,1163,3113,596,133,3
631,0.91,0,0.75,1.0,1,1,3784,1367,156,104,7
632,0.91,0,0.75,1.0,1,1,3943,2853,832,217,2
633,0.91,0,0.75,1.0,1,1,1015,1420,422,52,8
634,0.91,0,0.75,1.0,1,1,1521,4490,746,165,6
635,0.91,0,0.75,1.0,1,1,3592,1241,9,73,5
636,0.91,0,0.75,1.0,1,1,2833,4329,252,123,4
637,0.91,1,0.75,0.8607224705127958,0,2,2095,142,998,144,8
638,0.91,0,0.75,1.0,1,1,411,3326,167,8,10
639,0.91,0,0.75,1.0,1,1,4672,2206,583,228,1
640,0.91,7,0.75,0.5821674115383877,0,8,4877,4726,244,136,9
641,0.91,0,0.75,1.0,1,1,71,847,507,100,3
642,0.91,0,0.75,1.0,1,1,2454,2620,331,236,5
643,0.91,0,0.75,1.0,1,1,2649,1807,919,31,7
644,0.91,0,0.75,1.0,1,1,3155,3719,668,44,7
645,0.91,0,0.75,1.0,1,1,1783,1968,86,194,3
646,0.91,0,0.75,1.0,1,1,732,3940,753,81,1
647,0.91,7,0.75,0.5821674115383877,0,8,4362,373,500,188,9
648,0.91,0,0.75,1.0,1,1,4370,3931,203,63,8
649,0.91,3,0.75,0.7214449410255918,0,4,733,383,550,204,4
650,0.91,0,0.75,1.0,1,1,1792,3730,351,68,2
651,0.91,0,0.75,1.0,1,1,3155,1959,902,168,10
652,0.91,0,0.75,1.0,1,1,2646,2631,654,157,8
653,0.91,0,0.75,1.0,1,1,2448,1798,97,112,2
654,0.91,0,0.75,1.0,1,1,67,4717,803,225,5
655,0.91,0,0.75,1.0,1,1,4871,857,447,13,6
656,0.91,0,0.75,1.0,1,1,4684,3336,849,105,3
657,0.91,0,0.75,1.0,1,1,430,2196,401,133,7
658,0.91,0,0.75,1.0,1,1,2106,4318,701,21,10
659,0.9,9,0.5,0.5373300618099535,0,11,2851,151,48,248,1
660,0.91,0,0.75,1.0,1,1,3576,4479,306,197,2
661,0.91,0,0.75,1.0,1,1,1508,1250,948,39,9
662,0.91,0,0.75,1.0,1,1,999,2862,156,175,6
663,0.91,0,0.75,1.0,1,1,3929,1410,598,92,5
664,0.91,0,0.75,1.0,1,1,3776,3122,421,227,10
665,0.91,0,0.75,1.0,1,1,1162,1357,829,8,1
666,0.91,0,0.75,1.0,1,1,1353,4532,6,144,4
667,0.91,0,0.75,1.0,1,1,3740,989,745,122,7
668,0.91,0,0.75,1.0,1,1,3001,4068,999,73,6
669,0.92,13,1.0,0.4697210125748703,0,13,1947,213,255,164,5
670,0.91,0,0.75,1.0,1,1,578,3274,586,52,2
671,0.91,0,0.75,1.0,1,1,4525,2446,167,217,8
672,0.91,0,0.75,1.0,1,1,4712,4926,508,187,1
673,0.91,0,0.75,1.0,1,1,216,753,247,81,9
674,0.91,0,0.75,1.0,1,1,2290,2735,922,193,7
675,0.91,0,0.75,1.0,1,1,2794,1590,332,43,3
676,0.91,0,0.75,1.0,1,1,3319,3511,84,31,5
677,0.91,0,0.75,1.0,1,1,1638,2054,665,235,7
678,0.91,0,0.75,1.0,1,1,897,3837,498,99,9
679,0.91,0,0.75,1.0,1,1,4216,602,752,136,3
680,0.91,0,0.75,1.0,1,1,4106,3671,707,214,6
681,0.91,0,0.75,1.0,1,1,783,1901,47,53,4
682,0.91,0,0.75,1.0,1,1,1685,3989,870,158,2
683,0.91,4,0.75,0.6766075912971576,0,5,3360,442,383,78,8
684,0.91,0,0.75,1.0,1,1,2713,4776,127,122,10
685,0.91,0,0.75,1.0,1,1,2205,916,624,147,1
686,0.91,0,0.75,1.0,1,1,292,2572,292,3,4
687,0.91,0,0.75,1.0,1,1,4783,1740,958,235,8
688,0.91,0,0.75,1.0,1,1,4420,4221,368,139,5
689,0.92,9,1.0,0.5373300618099535,0,9,478,53,881,98,6
690,0.91,0,0.75,1.0,1,1,1998,3433,206,242,9
691,0.91,0,0.75,1.0,1,1,3057,2293,544,27,3
692,0.91,0,0.75,1.0,1,1,3645,2960,794,45,1
693,0.91,0,0.75,1.0,1,1,1263,1507,461,191,10
694,0.91,0,0.75,1.0,1,1,1223,4382,628,86,7
695,0.91,0,0.75,1.0,1,1,3842,1152,126,181,4
696,0.91,0,0.75,1.0,1,1,4000,4630,924,13,9
697,0.91,0,0.75,1.0,1,1,1074,1087,326,222,2
698,0.91,0,0.75,1.0,1,1,1422,3024,525,117,5
699,0.91,0,0.75,1.0,1,1,3496,1259,226,150,6
700,0.91,0,0.75,1.0,1,1,2892,3176,472,170,8
701,0.91,0,0.75,1.0,1,1,2152,2348,781,67,4
702,0.91,0,0.75,1.0,1,1,315,4166,75,211,1
703,0.91,10,0.75,0.5181789107262775,0,11,4574,311,679,57,10
704,0.91,0,0.75,1.0,1,1,4936,2793,27,90,3
705,0.91,0,0.75,1.0,1,1,128,1648,727,178,9
706,0.91,0,0.75,1.0,1,1,2358,4867,427,34,6
707,0.91,0,0.75,1.0,1,1,2550,695,828,203,5
708,0.91,0,0.75,1.0,1,1,3212,3778,573,245,3
709,0.91,0,0.75,1.0,1,1,1843,543,178,21,7
710,0.91,0,0.75,1.0,1,1,633,3570,969,126,9
711,0.91,0,0.75,1.0,1,1,4265,2112,280,109,1
712,0.91,1,0.75,0.8607224705127958,0,2,4255,2502,938,180,4
713,0.91,0,0.75,1.0,1,1,703,1773,311,89,6
714,0.91,0,0.75,1.0,1,1,1832,4840,604,201,8
715,0.91,0,0.75,1.0,1,1,3281,888,146,36,2
716,0.91,0,0.75,1.0,1,1,2522,4054,396,24,2
717,0.91,2,0.75,0.7792503385696964,0,3,2406,414,859,243,10
718,0.91,0,0.75,1.0,1,1,99,3601,59,107,8
719,0.91,0,0.75,1.0,1,1,4984,1934,696,129,4
720,0.91,0,0.75,1.0,1,1,4565,4452,106,220,6
721,0.91,0,0.75,1.0,1,1,382,1119,648,16,5
722,0.91,0,0.75,1.0,1,1,2143,2895,441,152,3
723,0.91,0,0.75,1.0,1,1,2960,1535,812,115,9
724,0.91,0,0.75,1.0,1,1,3465,3369,556,65,10
725,0.91,0,0.75,1.0,1,1,1472,2321,194,172,1
726,0.91,0,0.75,1.0,1,1,1044,4291,893,59,4
727,0.92,22,1.0,0.3699694662780746,0,21,4050,20,358,210,7
728,0.91,0,0.75,1.0,1,1,3892,4199,660,96,2
729,0.92,5,1.0,0.6399728090824923,0,5,1192,242,95,141,9
730,0.91,0,0.75,1.0,1,1,1313,3148,762,28,6
731,0.91,0,0.75,1.0,1,1,3615,2413,492,240,5
732,0.91,0,0.75,1.0,1,1,3124,2996,237,188,4
733,0.91,0,0.75,1.0,1,1,1990,1324,513,47,8
734,0.91,0,0.75,1.0,1,1,545,4663,337,183,10
735,0.91,0,0.75,1.0,1,1,4412,1018,912,83,1
736,0.91,0,0.75,1.0,1,1,4830,3536,261,54,9
737,0.91,0,0.75,1.0,1,1,264,2181,990,212,3
738,0.91,0,0.75,1.0,1,1,2252,3807,158,76,5
739,0.91,1,0.75,0.8607224705127958,0,2,2685,479,592,159,7
740,0.91,0,0.75,1.0,1,1,3430,4895,839,148,7
741,0.91,0,0.75,1.0,1,1,1674,630,414,120,3
742,0.91,0,0.75,1.0,1,1,852,2760,738,232,1
743,0.91,0,0.75,1.0,1,1,4095,1717,15,5,9
744,0.91,0,0.75,1.0,1,1,4146,4743,466,83,4
745,0.91,6,0.75,0.6089985420620744,0,7,908,790,783,186,8
746,0.91,0,0.75,1.0,1,1,1569,2601,116,42,10
747,0.91,0,0.75,1.0,1,1,3330,1870,634,196,2
748,0.91,0,0.75,1.0,1,1,2746,3699,891,238,2
749,0.91,0,0.75,1.0,1,1,2318,2032,363,29,8
750,0.91,0,0.75,1.0,1,1,169,3956,539,134,6
751,0.92,7,1.0,0.5821674115383877,0,7,4740,316,216,101,4
752,0.91,1,0.75,0.8607224705127958,0,2,4458,2837,617,6,7
753,0.91,0,0.75,1.0,1,1,587,1477,136,230,3
754,0.91,0,0.75,1.0,1,1,1880,4510,968,125,1
755,0.91,0,0.75,1.0,1,1,3009,1177,286,142,10
756,0.91,0,0.75,1.0,1,1,3690,4349,38,163,9
757,0.92,18,1.0,0.40835915048685534,0,18,1384,79,714,75,3
758,0.91,0,0.75,1.0,1,1,1112,3310,389,219,5
759,0.91,0,0.75,1.0,1,1,3806,2263,861,50,6
760,0.91,0,0.75,1.0,1,1,3959,3207,188,131,1
761,0.91,0,0.75,1.0,1,1,948,2472,567,106,10
762,0.91,0,0.75,1.0,1,1,1538,4140,274,250,7
763,0.92,22,1.0,0.3699694662780746,0,21,3526,182,980,18,4
764,0.91,0,0.75,1.0,1,1,2860,4604,732,37,5
765,0.91,0,0.75,1.0,1,1,2039,959,17,198,6
766,0.91,0,0.75,1.0,1,1,439,3055,817,93,8
767,0.91,0,0.75,1.0,1,1,4616,1383,432,173,2
768,0.91,0,0.75,1.0,1,1,4899,3904,772,206,9
769,0.91,6,0.75,0.6089985420620744,0,7,19,576,478,60,1
770,0.91,0,0.75,1.0,1,1,2476,3439,685,165,3
771,0.91,0,0.75,1.0,1,1,2598,2084,66,70,7
772,0.91,0,0.75,1.0,1,1,3167,2663,320,113,7
773,0.91,0,0.75,1.0,1,1,1722,1620,934,155,5
774,0.91,0,0.75,1.0,1,1,744,4993,235,11,3
775,0.91,0,0.75,1.0,1,1,4301,728,519,226,9
776,0.91,0,0.75,1.0,1,1,4331,3403,345,20,2
777,0.91,0,0.75,1.0,1,1,772,2277,910,247,8
778,0.91,7,0.75,0.5821674115383877,0,8,1752,4256,242,104,6
779,0.92,18,1.0,0.40835915048685534,0,18,3195,64,512,132,4
780,0.91,0,0.75,1.0,1,1,2606,4408,763,176,4
781,0.91,0,0.75,1.0,1,1,2488,1153,486,93,8
782,0.91,0,0.75,1.0,1,1,28,2939,662,198,10
783,0.91,0,0.75,1.0,1,1,4910,1501,88,40,2
784,0.91,0,0.75,1.0,1,1,4644,4020,740,69,9
785,0.91,0,0.75,1.0,1,1,469,458,11,169,3
786,0.91,0,0.75,1.0,1,1,2067,3635,842,64,5
787,0.91,0,0.75,1.0,1,1,2890,1890,408,205,6
788,0.91,0,0.75,1.0,1,1,3537,2546,165,224,7
789,0.91,0,0.75,1.0,1,1,1547,1738,589,12,3
790,0.91,0,0.75,1.0,1,1,960,4796,265,156,1
791,0.91,0,0.75,1.0,1,1,3968,922,988,111,10
792,0.91,0,0.75,1.0,1,1,3815,4861,61,193,5
793,0.91,0,0.75,1.0,1,1,1123,674,689,42,6
794,0.91,0,0.75,1.0,1,1,1392,2794,396,187,8
795,0.91,0,0.75,1.0,1,1,3701,1674,853,80,2
796,0.91,0,0.75,1.0,1,1,3040,3580,609,100,1
797,0.91,0,0.75,1.0,1,1,1908,2147,145,137,10
798,0.91,0,0.75,1.0,1,1,617,3763,946,32,8
799,0.91,2,0.75,0.7792503385696964,0,3,4486,513,309,236,4
800,0.91,0,0.75,1.0,1,1,4751,3030,897,145,7
801,0.91,0,0.75,1.0,1,1,177,1280,356,123,5
802,0.91,0,0.75,1.0,1,1,2329,4629,563,228,3
803,0.91,0,0.75,1.0,1,1,2755,1062,191,9,9
804,0.91,0,0.75,1.0,1,1,3358,4155,444,51,9
805,0.92,7,1.0,0.5821674115383877,0,7,1599,276,806,216,1
806,0.91,0,0.75,1.0,1,1,936,3192,107,72,3
807,0.91,0,0.75,1.0,1,1,4177,2379,643,163,7
808,0.91,0,0.75,1.0,1,1,4067,4315,817,241,2
809,0.92,6,1.0,0.6089985420620744,0,6,821,123,437,26,10
810,0.91,0,0.75,1.0,1,1,1646,3344,730,139,8
811,0.91,0,0.75,1.0,1,1,3400,2219,25,97,4
812,0.91,0,0.75,1.0,1,1,2674,2880,267,87,4
813,0.91,0,0.75,1.0,1,1,2244,1443,982,182,6
814,0.91,0,0.75,1.0,1,1,253,4466,182,46,8
815,0.91,0,0.75,1.0,1,1,4822,1212,567,192,2
816,0.91,0,0.75,1.0,1,1,4381,3733,229,159,10
817,0.91,0,0.75,1.0,1,1,517,1988,522,79,1
818,0.91,0,0.75,1.0,1,1,1959,3922,315,215,3
819,0.9,6,0.5,0.6089985420620744,0,8,3096,360,935,54,7
820,0.91,0,0.75,1.0,1,1,3606,4699,684,2,6
821,0.91,0,0.75,1.0,1,1,1302,824,70,234,5
822,0.91,0,0.75,1.0,1,1,1184,2644,769,121,2
823,0.91,0,0.75,1.0,1,1,3881,1836,485,146,9
824,0.91,0,0.75,1.0,1,1,4039,2697,533,33,4
825,0.91,0,0.75,1.0,1,1,1035,1576,216,202,7
826,0.91,0,0.75,1.0,1,1,1462,4958,884,89,10
827,0.91,0,0.75,1.0,1,1,3457,772,366,177,1
828,0.91,0,0.75,1.0,1,1,2932,3860,114,127,2
829,0.91,0,0.75,1.0,1,1,2113,611,641,110,8
830,0.91,0,0.75,1.0,1,1,354,3483,465,246,6
831,0.91,0,0.75,1.0,1,1,4535,2050,788,22,5
832,0.91,0,0.75,1.0,1,1,4976,4570,386,118,7
833,0.91,0,0.75,1.0,1,1,89,1003,867,151,3
834,0.91,0,0.75,1.0,1,1,2397,3089,36,14,1
835,0.91,0,0.75,1.0,1,1,2511,1339,718,223,9
836,0.91,0,0.75,1.0,1,1,3251,3250,963,210,9
837,0.91,0,0.75,1.0,1,1,1804,2437,287,56,3
838,0.91,0,0.75,1.0,1,1,672,4096,611,169,5
839,0.92,13,1.0,0.4697210125748703,0,13,4226,217,140,66,7
840,0.91,0,0.75,1.0,1,1,4294,4513,580,153,10
841,0.91,0,0.75,1.0,1,1,664,1205,171,116,2
842,0.91,0,0.75,1.0,1,1,1871,2828,994,221,4
843,0.91,0,0.75,1.0,1,1,3242,1454,256,17,8
844,0.91,0,0.75,1.0,1,1,2561,3292,4,59,6
845,0.91,0,0.75,1.0,1,1,2367,2230,749,209,5
846,0.91,0,0.75,1.0,1,1,139,4362,418,65,2
847,0.92,14,1.0,0.45585792986685403,0,14,4945,117,836,171,8
848,0.91,0,0.75,1.0,1,1,4604,2597,497,200,1
849,0.91,0,0.75,1.0,1,1,343,1842,757,35,10
850,0.91,0,0.75,1.0,1,1,2183,4751,82,179,7
851,0.91,0,0.75,1.0,1,1,2921,813,673,88,3
852,0.91,0,0.75,1.0,1,1,3504,3975,915,108,5
853,0.91,6,0.75,0.6089985420620744,0,7,1433,349,335,130,6
854,0.91,0,0.75,1.0,1,1,1083,3686,502,25,9
855,0.91,0,0.75,1.0,1,1,4011,1994,247,244,2
856,0.91,0,0.75,1.0,1,1,3853,3477,800,77,7
857,0.91,0,0.75,1.0,1,1,1232,2098,454,160,4
858,0.91,1,0.75,0.8607224705127958,0,2,1274,3871,652,55,1
859,0.91,0,0.75,1.0,1,1,3653,558,101,213,10
860,0.91,0,0.75,1.0,1,1,3085,4969,347,231,8
861,0.91,0,0.75,1.0,1,1,2029,719,904,4,2
862,0.91,0,0.75,1.0,1,1,506,2691,197,147,5
863,0.91,0,0.75,1.0,1,1,4451,1624,554,119,6
864,0.91,0,0.75,1.0,1,1,4791,4102,151,27,3
865,0.91,2,0.75,0.7792503385696964,0,3,303,169,599,239,7
866,0.91,0,0.75,1.0,1,1,2213,3240,299,95,10
867,0.91,0,0.75,1.0,1,1,2724,2490,951,140,1
868,0.91,0,0.75,1.0,1,1,3391,3078,699,184,3
869,0.91,0,0.75,1.0,1,1,1713,1391,56,84,9
870,0.91,0,0.75,1.0,1,1,813,4576,848,189,7
871,0.91,0,0.75,1.0,1,1,4134,955,406,48,5
872,0.91,0,0.75,1.0,1,1,4185,2925,76,126,8
873,0.91,0,0.75,1.0,1,1,869,1551,674,143,2
874,0.91,7,0.75,0.5821674115383877,0,8,1608,4416,475,7,4
875,0.91,0,0.75,1.0,1,1,3291,1108,775,231,6
876,0.91,0,0.75,1.0,1,1,2785,4265,532,218,8
877,0.91,5,0.75,0.6399728090824923,0,6,2279,19,222,49,4
878,0.91,0,0.75,1.0,1,1,208,3389,928,162,2
879,0.91,0,0.75,1.0,1,1,4701,2327,324,74,10
880,0.91,0,0.75,1.0,1,1,4497,4810,977,41,3
881,0.91,0,0.75,1.0,1,1,548,872,277,195,9
882,0.91,0,0.75,1.0,1,1,1919,2538,578,82,6
883,0.91,0,0.75,1.0,1,1,2970,1784,177,185,5
884,0.91,0,0.75,1.0,1,1,3729,3627,427,135,4
885,0.91,0,0.75,1.0,1,1,1345,1935,822,102,7
886,0.91,0,0.75,1.0,1,1,1151,4034,30,239,10
887,0.91,12,0.75,0.4846118980409827,0,13,3767,408,720,30,1
888,0.91,0,0.75,1.0,1,1,3920,3813,296,166,6
889,0.91,2,0.75,0.7792503385696964,0,3,988,500,957,71,5
890,0.91,0,0.75,1.0,1,1,1499,3535,134,207,2
891,0.91,0,0.75,1.0,1,1,3565,2156,620,61,9
892,0.91,7,0.75,0.5821674115383877,0,8,2821,2749,873,10,10
893,0.91,0,0.75,1.0,1,1,2078,1682,377,225,1
894,0.91,0,0.75,1.0,1,1,399,4911,708,113,4
895,0.91,1,0.75,0.8607224705127958,0,2,4656,661,42,154,8
896,0.91,0,0.75,1.0,1,1,4860,3141,631,249,5
897,0.91,0,0.75,1.0,1,1,58,2392,119,17,6
898,0.91,0,0.75,1.0,1,1,2437,4200,794,130,9
899,0.91,3,0.75,0.7214449410255918,0,4,2637,267,455,105,3
900,0.91,0,0.75,1.0,1,1,3128,4674,211,94,1
901,0.91,0,0.75,1.0,1,1,1761,1053,544,174,9
902,0.91,0,0.75,1.0,1,1,705,2980,376,38,7
903,0.91,0,0.75,1.0,1,1,4340,1293,878,199,3
904,0.91,0,0.75,1.0,1,1,4342,4679,258,244,5
905,0.91,0,0.75,1.0,1,1,713,1038,996,24,6
906,0.91,0,0.75,1.0,1,1,1764,2976,173,129,9
907,0.91,0,0.75,1.0,1,1,3134,1308,582,107,2
908,0.91,0,0.75,1.0,1,1,2629,3127,834,89,1
909,0.91,0,0.75,1.0,1,1,2436,2397,416,180,10
910,0.91,0,0.75,1.0,1,1,51,4215,747,36,7
911,0.91,0,0.75,1.0,1,1,4857,262,3,202,3
912,0.91,0,0.75,1.0,1,1,4654,2744,671,173,6
913,0.91,0,0.75,1.0,1,1,392,1697,81,65,4
914,0.91,0,0.75,1.0,1,1,2075,4916,755,209,2
915,0.91,1,0.75,0.8607224705127958,0,2,2814,646,495,60,8
916,0.91,0,0.75,1.0,1,1,3573,3827,249,16,10
917,0.91,3,0.75,0.7214449410255918,0,4,1501,495,504,220,2
918,0.91,1,0.75,0.8607224705127958,0,2,994,3520,336,115,4
919,0.91,0,0.75,1.0,1,1,3924,2161,917,152,8
920,0.91,0,0.75,1.0,1,1,3764,3622,99,46,3
921,0.91,0,0.75,1.0,1,1,1144,1949,650,189,9
922,0.91,0,0.75,1.0,1,1,1343,4038,452,83,7
923,0.91,6,0.75,0.6089985420620744,0,7,3721,393,798,183,5
924,0.91,0,0.75,1.0,1,1,2977,4825,556,141,3
925,0.91,0,0.75,1.0,1,1,1922,867,199,96,7
926,0.91,0,0.75,1.0,1,1,555,2523,905,240,9
927,0.91,0,0.75,1.0,1,1,4499,1788,348,28,1
928,0.91,0,0.75,1.0,1,1,4704,4270,953,119,8
929,0.91,6,0.75,0.6089985420620744,0,7,215,5,300,149,2
930,0.91,1,0.75,0.8607224705127958,0,2,2281,3384,601,5,5
931,0.91,0,0.75,1.0,1,1,2793,2342,153,232,6
932,0.91,0,0.75,1.0,1,1,3284,2911,404,212,8
933,0.91,0,0.75,1.0,1,1,1605,1556,846,54,4
934,0.91,0,0.75,1.0,1,1,861,4431,54,159,1
935,0.91,1,0.75,0.8607224705127958,0,2,4183,1103,697,76,10
936,0.91,0,0.75,1.0,1,1,4137,3073,777,30,4
937,0.91,0,0.75,1.0,1,1,820,1406,478,237,7
938,0.91,0,0.75,1.0,1,1,1715,4581,676,101,10
939,0.91,0,0.75,1.0,1,1,3399,941,78,135,1
940,0.91,0,0.75,1.0,1,1,2717,4117,323,186,3
941,0.92,2,1.0,0.7792503385696964,0,2,2210,164,927,83,9
942,0.91,0,0.75,1.0,1,1,295,3225,220,196,6
943,0.91,0,0.75,1.0,1,1,4789,2495,530,42,5
944,0.91,0,0.75,1.0,1,1,4448,4975,175,75,8
945,0.91,0,0.75,1.0,1,1,499,704,576,163,4
946,0.91,0,0.75,1.0,1,1,2027,2686,276,50,2
947,0.91,0,0.75,1.0,1,1,3077,1638,975,219,10
948,0.91,0,0.75,1.0,1,1,3660,3462,722,230,8
949,0.91,0,0.75,1.0,1,1,1277,2102,32,6,2
950,0.91,0,0.75,1.0,1,1,1239,3886,824,142,4
951,0.91,0,0.75,1.0,1,1,3855,553,429,125,6
952,0.91,0,0.75,1.0,1,1,4009,3980,618,198,1
953,0.91,4,0.75,0.6766075912971576,0,5,1075,335,132,37,9
954,0.91,0,0.75,1.0,1,1,1430,3681,955,173,7
955,0.91,0,0.75,1.0,1,1,3498,2008,294,93,3
956,0.91,0,0.75,1.0,1,1,2929,2582,44,106,5
957,0.91,0,0.75,1.0,1,1,2184,1847,710,131,7
958,0.91,0,0.75,1.0,1,1,350,4766,379,18,9
959,0.91,0,0.75,1.0,1,1,4607,808,876,250,3
960,0.91,0,0.75,1.0,1,1,4947,3287,457,154,10
961,0.91,0,0.75,1.0,1,1,146,2244,796,114,1
962,0.91,0,0.75,1.0,1,1,2370,4367,121,227,4
963,0.91,5,0.75,0.6399728090824923,0,6,2568,102,633,10,8
964,0.91,0,0.75,1.0,1,1,3234,4528,877,60,6
965,0.91,0,0.75,1.0,1,1,1869,1201,374,206,5
966,0.91,0,0.75,1.0,1,1,657,2814,541,70,2
967,0.91,0,0.75,1.0,1,1,4291,1458,209,165,9
968,0.91,0,0.75,1.0,1,1,4223,3255,510,112,7
969,0.91,0,0.75,1.0,1,1,666,2423,240,157,4
970,0.91,0,0.75,1.0,1,1,1802,4091,908,13,1
971,0.91,5,0.75,0.6399728090824923,0,6,3243,231,343,225,10
972,0.91,0,0.75,1.0,1,1,2518,4555,90,205,9
973,0.91,0,0.75,1.0,1,1,2400,1008,664,62,3
974,0.91,0,0.75,1.0,1,1,97,3104,488,168,5
975,0.91,0,0.75,1.0,1,1,4977,1334,764,68,6
976,0.91,0,0.75,1.0,1,1,4538,3855,410,39,4
977,0.91,0,0.75,1.0,1,1,361,625,844,197,8
978,0.91,0,0.75,1.0,1,1,2115,3488,13,92,10
979,0.91,0,0.75,1.0,1,1,2939,2035,742,175,1
980,0.91,0,0.75,1.0,1,1,3450,2712,986,134,2
981,0.91,1,0.75,0.8607224705127958,0,2,1459,1571,263,104,8
982,0.91,0,0.75,1.0,1,1,1027,4944,587,248,6
983,0.91,0,0.75,1.0,1,1,4037,776,163,21,4
984,0.91,0,0.75,1.0,1,1,3883,4694,855,164,9
985,0.91,0,0.75,1.0,1,1,1192,839,398,73,1
986,0.91,0,0.75,1.0,1,1,1305,2649,691,217,3
987,0.91,0,0.75,1.0,1,1,3613,1822,63,51,7
988,0.91,0,0.75,1.0,1,1,3088,3748,307,8,6
989,0.91,0,0.75,1.0,1,1,1957,1983,944,227,5
990,0.91,0,0.75,1.0,1,1,510,3907,144,123,3
991,0.91,5,0.75,0.6399728090824923,0,6,4378,365,607,144,9
992,0.91,0,0.75,1.0,1,1,4820,2886,189,235,1
993,0.91,8,0.75,0.5585006771393928,0,9,245,1428,561,31,10
994,0.91,0,0.75,1.0,1,1,2240,4461,354,136,8
995,0.91,0,0.75,1.0,1,1,2667,1226,895,99,4
996,0.91,0,0.75,1.0,1,1,3407,4300,645,80,5
997,0.92,13,1.0,0.4697210125748703,0,13,1648,128,109,188,6
998,0.91,0,0.75,1.0,1,1,828,3359,808,44,9
999,0.91,0,0.75,1.0,1,1,4070,2214,446,193,2
1000,0.91,0,0.75,1.0,1,1,4175,4150,23,147,6
1001,0.9,4,0.5,0.6766075912971576,0,6,928,290,728,122,5
1002,0.91,0,0.75,1.0,1,1,1596,3197,435,235,2
1003,0.91,0,0.75,1.0,1,1,3351,2364,815,3,9
1004,0.91,0,0.75,1.0,1,1,2763,3045,569,53,10
1005,0.91,0,0.75,1.0,1,1,2331,1275,184,214,1
1006,0.91,0,0.75,1.0,1,1,184,4614,984,78,3
1007,0.91,1,0.75,0.8607224705127958,0,2,4754,1067,269,158,7
1008,0.91,1,0.75,0.8607224705127958,0,2,4488,3585,937,191,5
1009,0.91,0,0.75,1.0,1,1,625,2133,317,45,6
1010,0.91,1,0.75,0.8607224705127958,0,2,1911,3758,524,181,8
1011,0.91,2,0.75,0.7792503385696964,0,3,3047,528,231,86,2
1012,0.91,0,0.75,1.0,1,1,3693,4847,483,99,2
1013,0.91,1,0.75,0.8607224705127958,0,2,1390,679,767,139,10
1014,0.91,1,0.75,0.8607224705127958,0,2,1116,2809,68,26,8
1015,0.91,0,0.75,1.0,1,1,3812,1669,681,243,4
1016,0.91,1,0.75,0.8607224705127958,0,2,3971,2551,368,67,9
1017,0.91,1,0.75,0.8607224705127958,0,2,966,1724,886,170,3
1018,0.91,0,0.75,1.0,1,1,1549,4792,218,57,5
1019,0.91,0,0.75,1.0,1,1,3545,937,535,211,7
1020,0.91,0,0.75,1.0,1,1,2883,4006,787,221,7
1021,0.91,1,0.75,0.8607224705127958,0,2,2064,463,464,14,3
1022,0.91,0,0.75,1.0,1,1,461,3650,639,150,1
1023,0.91,0,0.75,1.0,1,1,4643,1885,112,116,10
1024,0.91,0,0.75,1.0,1,1,4907,4403,716,21,2
1025,0.91,0,0.75,1.0,1,1,21,1168,34,245,8
1026,0.91,1,0.75,0.8607224705127958,0,2,2486,2944,865,109,6
1027,0.91,0,0.75,1.0,1,1,2599,1486,384,126,5
1028,0.91,0,0.75,1.0,1,1,3201,3417,142,178,4
1029,0.91,0,0.75,1.0,1,1,1756,2272,613,90,7
1030,0.91,0,0.75,1.0,1,1,781,4242,289,203,10
1031,0.91,54,0.75,0.19478650202343517,0,26,4333,69,965,34,1
1032,0.91,0,0.75,1.0,1,1,4303,2668,148,208,10
1033,0.91,0,0.75,1.0,1,1,752,1605,606,59,1
1034,0.91,0,0.75,1.0,1,1,1725,4988,313,172,4
1035,0.91,0,0.75,1.0,1,1,3173,742,940,64,7
1036,0.91,0,0.75,1.0,1,1,2590,3889,694,116,6
1037,0.91,0,0.75,1.0,1,1,2475,581,57,153,5
1038,0.91,0,0.75,1.0,1,1,12,3454,857,17,3
1039,0.91,0,0.75,1.0,1,1,4896,2079,394,221,9
1040,0.91,0,0.75,1.0,1,1,4615,4599,810,129,1
1041,0.91,0,0.75,1.0,1,1,431,974,439,108,10
1042,0.91,0,0.75,1.0,1,1,2035,3060,646,244,8
1043,0.91,0,0.75,1.0,1,1,2853,1368,104,25,4
1044,0.91,0,0.75,1.0,1,1,3534,3221,359,35,4
1045,0.91,0,0.75,1.0,1,1,1540,2467,895,201,6
1046,0.91,0,0.75,1.0,1,1,955,4125,196,88,8
1047,0.92,11,1.0,0.5006952795952881,0,11,3962,188,558,179,2
1048,0.91,0,0.75,1.0,1,1,3803,4344,490,4,7
1049,0.91,11,0.75,0.5006952795952881,0,12,1105,93,760,231,3
1050,0.91,0,0.75,1.0,1,1,1382,3315,93,118,1
1051,0.91,0,0.75,1.0,1,1,3682,2248,658,148,9
1052,0.91,0,0.75,1.0,1,1,3016,2851,914,160,9
1053,0.91,0,0.75,1.0,1,1,1883,1472,339,77,3
1054,0.91,0,0.75,1.0,1,1,595,4495,515,213,5
1055,0.91,0,0.75,1.0,1,1,4460,1182,239,55,7
1056,0.91,0,0.75,1.0,1,1,4743,3704,594,84,4
1057,0.91,0,0.75,1.0,1,1,176,2017,160,184,8
1058,0.91,0,0.75,1.0,1,1,2320,3951,992,47,10
1059,0.92,4,1.0,0.6766075912971576,0,4,2754,331,263,190,1
1060,0.91,0,0.75,1.0,1,1,3323,4728,14,239,2
1061,0.91,0,0.75,1.0,1,1,1566,795,737,27,9
1062,0.91,0,0.75,1.0,1,1,900,2615,412,140,6
1063,0.91,0,0.75,1.0,1,1,4144,1866,837,95,5
1064,0.91,0,0.75,1.0,1,1,4098,4890,636,49,9
1065,0.91,0,0.75,1.0,1,1,859,645,118,218,2
1066,0.91,0,0.75,1.0,1,1,1676,2765,785,74,5
1067,0.91,0,0.75,1.0,1,1,3438,1703,468,162,6
1068,0.91,0,0.75,1.0,1,1,2678,3551,214,143,7
1069,0.91,0,0.75,1.0,1,1,2249,2177,537,126,3
1070,0.91,0,0.75,1.0,1,1,256,3792,361,231,1
1071,0.91,0,0.75,1.0,1,1,4409,3001,284,102,2
1072,0.91,0,0.75,1.0,1,1,538,1309,966,136,8
1073,0.91,0,0.75,1.0,1,1,1988,4658,134,31,6
1074,0.91,0,0.75,1.0,1,1,3116,1032,615,238,5
1075,0.91,0,0.75,1.0,1,1,3621,4184,863,195,4
1076,0.92,10,1.0,0.5181789107262775,0,10,1316,246,391,41,8
1077,0.91,0,0.75,1.0,1,1,1200,3162,715,185,10
1078,0.91,0,0.75,1.0,1,1,3894,2408,39,82,2
1079,0.91,0,0.75,1.0,1,1,4048,3373,978,226,7
1080,0.91,0,0.75,1.0,1,1,1036,2307,272,9,5
1081,0.91,0,0.75,1.0,1,1,1469,4285,565,153,3
1082,0.92,9,1.0,0.5373300618099535,0,9,3459,35,186,113,9
1083,0.91,0,0.75,1.0,1,1,2968,4437,434,71,10
1084,0.91,0,0.75,1.0,1,1,2145,1124,819,166,1
1085,0.91,0,0.75,1.0,1,1,389,2910,19,61,3
1086,0.91,0,0.75,1.0,1,1,4568,1530,734,207,7
1087,0.91,0,0.75,1.0,1,1,4986,4049,68,174,5
1088,0.9,1,0.5,0.8607224705127958,0,3,107,429,687,94,6
1089,0.91,0,0.75,1.0,1,1,2409,3606,480,199,8
1090,0.91,0,0.75,1.0,1,1,2529,1919,774,38,2
1091,0.91,0,0.75,1.0,1,1,3273,2517,517,17,1
1092,0.91,0,0.75,1.0,1,1,1830,1768,233,249,10
1093,0.91,0,0.75,1.0,1,1,696,4826,932,105,7
1094,0.91,0,0.75,1.0,1,1,4252,893,318,130,4
1095,0.91,0,0.75,1.0,1,1,4262,3783,900,93,2
1096,0.91,0,0.75,1.0,1,1,627,529,349,176,9
1097,0.91,0,0.75,1.0,1,1,1841,3564,548,40,6
1098,0.91,0,0.75,1.0,1,1,3204,2127,202,198,5
1099,0.91,0,0.75,1.0,1,1,2557,2778,449,247,3
1100,0.91,0,0.75,1.0,1,1,2361,1653,805,20,7
1101,0.91,0,0.75,1.0,1,1,136,4882,99,133,10
1102,0.91,0,0.75,1.0,1,1,4938,690,656,103,1
1103,0.91,0,0.75,1.0,1,1,4577,3171,50,12,8
1104,0.91,0,0.75,1.0,1,1,322,2363,703,224,2
1105,0.91,0,0.75,1.0,1,1,2154,4171,403,111,4
1106,0.91,4,0.75,0.6766075912971576,0,5,2900,296,851,156,6
1107,0.91,0,0.75,1.0,1,1,3489,4645,597,169,8
1108,0.91,0,0.75,1.0,1,1,1420,1082,155,69,4
1109,0.91,0,0.75,1.0,1,1,1066,3010,946,206,2
1110,0.91,0,0.75,1.0,1,1,3998,1264,303,63,10
1111,0.91,0,0.75,1.0,1,1,3844,2955,747,137,5
1112,0.91,0,0.75,1.0,1,1,1231,1522,8,100,7
1113,0.91,0,0.75,1.0,1,1,1266,4387,831,236,9
1114,0.91,0,0.75,1.0,1,1,3652,1138,423,32,3
1115,0.91,0,0.75,1.0,1,1,3049,4236,166,43,1
1116,0.91,18,0.75,0.40835915048685534,0,19,1996,49,584,192,9
1117,0.91,0,0.75,1.0,1,1,471,3419,253,79,7
1118,0.91,0,0.75,1.0,1,1,4417,2298,997,187,3
1119,0.91,0,0.75,1.0,1,1,4781,4781,330,216,6
1120,0.91,0,0.75,1.0,1,1,284,901,920,50,5
1121,0.91,0,0.75,1.0,1,1,2202,2567,245,163,2
1122,0.91,0,0.75,1.0,1,1,2706,1754,506,72,8
1123,0.91,0,0.75,1.0,1,1,3368,3656,754,123,10
1124,0.91,0,0.75,1.0,1,1,1687,1905,499,145,1
1125,0.91,0,0.75,1.0,1,1,789,4004,667,8,4
1126,0.91,4,0.75,0.6766075912971576,0,5,4109,437,87,228,7
1127,0.91,0,0.75,1.0,1,1,4214,3506,381,182,1
1128,0.91,0,0.75,1.0,1,1,889,2068,868,87,10
1129,0.91,0,0.75,1.0,1,1,1635,3842,45,192,7
1130,0.91,0,0.75,1.0,1,1,3312,587,705,46,3
1131,0.91,0,0.75,1.0,1,1,2802,4940,960,25,5
1132,0.91,0,0.75,1.0,1,1,2292,748,294,242,6
1133,0.91,0,0.75,1.0,1,1,223,2720,625,98,9
1134,0.91,0,0.75,1.0,1,1,4715,1595,129,138,3
1135,0.91,0,0.75,1.0,1,1,4527,4073,546,234,10
1136,0.91,0,0.75,1.0,1,1,1950,3269,883,146,4
1137,0.91,0,0.75,1.0,1,1,3008,2461,370,121,8
1138,0.91,0,0.75,1.0,1,1,3732,3108,124,79,6
1139,0.91,0,0.75,1.0,1,1,1351,1362,626,159,4
1140,0.91,0,0.75,1.0,1,1,1155,4546,459,54,2
1141,0.91,0,0.75,1.0,1,1,3773,985,792,215,8
1142,0.91,0,0.75,1.0,1,1,3932,4484,227,110,3
1143,0.91,0,0.75,1.0,1,1,1005,1235,527,127,7
1144,0.91,0,0.75,1.0,1,1,1510,2858,328,22,9
1145,0.91,0,0.75,1.0,1,1,3584,1424,926,246,1
1146,0.91,0,0.75,1.0,1,1,2844,3321,677,202,3
1147,0.91,0,0.75,1.0,1,1,2103,2201,73,33,9
1148,0.91,0,0.75,1.0,1,1,422,4333,779,177,7
1149,0.92,14,1.0,0.45585792986685403,0,14,4682,146,470,89,5
1150,0.91,0,0.75,1.0,1,1,4868,2626,826,56,8
1151,0.91,0,0.75,1.0,1,1,60,1813,425,210,4
1152,0.91,0,0.75,1.0,1,1,2447,4722,725,66,1
1153,0.91,0,0.75,1.0,1,1,2638,842,25,169,10
1154,0.91,0,0.75,1.0,1,1,3162,3945,282,151,8
1155,0.91,6,0.75,0.6089985420620744,0,7,1795,378,971,117,2
1156,0.91,0,0.75,1.0,1,1,741,3715,179,222,5
1157,0.91,0,0.75,1.0,1,1,4372,1965,575,15,6
1158,0.91,0,0.75,1.0,1,1,4359,3724,871,138,9
1159,0.91,0,0.75,1.0,1,1,725,1954,382,97,3
1160,0.91,0,0.75,1.0,1,1,1781,3935,706,241,5
1161,0.91,7,0.75,0.5821674115383877,0,8,3147,388,48,25,6
1162,0.91,0,0.75,1.0,1,1,2656,4712,291,45,7
1163,0.91,0,0.75,1.0,1,1,2457,852,959,192,4
1164,0.91,0,0.75,1.0,1,1,78,2635,128,86,1
1165,0.91,1,0.75,0.8607224705127958,0,2,4879,1802,623,182,10
1166,0.91,0,0.75,1.0,1,1,4675,4324,205,215,2
1167,0.91,3,0.75,0.7214449410255918,0,4,418,157,545,53,8
1168,0.91,0,0.75,1.0,1,1,2097,3331,369,158,6
1169,0.91,0,0.75,1.0,1,1,2841,2191,880,79,4
1170,0.91,0,0.75,1.0,1,1,3585,2867,630,120,4
1171,0.91,1,0.75,0.8607224705127958,0,2,1518,1415,125,146,8
1172,0.91,0,0.75,1.0,1,1,1007,4476,793,2,10
1173,0.91,0,0.75,1.0,1,1,3941,1245,462,233,2
1174,0.91,0,0.75,1.0,1,1,3786,4538,526,90,6
1175,0.91,0,0.75,1.0,1,1,1171,995,225,177,5
1176,0.91,0,0.75,1.0,1,1,1365,3118,923,33,3
1177,0.91,0,0.75,1.0,1,1,3748,1353,327,203,9
1178,0.91,0,0.75,1.0,1,1,2989,3279,74,246,9
1179,0.91,0,0.75,1.0,1,1,1939,2451,680,23,1
1180,0.91,0,0.75,1.0,1,1,568,4064,473,128,3
1181,0.91,9,0.75,0.5373300618099535,0,10,4516,209,780,110,7
1182,0.91,0,0.75,1.0,1,1,4720,2729,426,15,5
1183,0.91,0,0.75,1.0,1,1,227,1584,829,223,6
1184,0.91,0,0.75,1.0,1,1,2298,4930,29,118,9
1185,0.91,0,0.75,1.0,1,1,2805,758,726,151,2
1186,0.91,0,0.75,1.0,1,1,3311,3832,970,170,1
1187,0.91,0,0.75,1.0,1,1,1627,597,279,66,10
1188,0.91,0,0.75,1.0,1,1,888,3515,572,210,8
1189,0.91,0,0.75,1.0,1,1,4206,2057,179,57,4
1190,0.91,0,0.75,1.0,1,1,4115,3994,352,103,10
1191,0.91,4,0.75,0.6766075912971576,0,5,793,446,901,132,1
1192,0.91,0,0.75,1.0,1,1,1693,3666,203,19,3
1193,0.91,0,0.75,1.0,1,1,3372,1895,551,247,7
1194,0.91,0,0.75,1.0,1,1,2705,2577,802,197,6
1195,0.91,0,0.75,1.0,1,1,2193,1744,448,40,5
1196,0.91,0,0.75,1.0,1,1,283,4770,655,176,2
1197,0.91,0,0.75,1.0,1,1,4772,910,96,92,9
1198,0.91,0,0.75,1.0,1,1,4431,3429,700,63,2
1199,0.91,0,0.75,1.0,1,1,487,2289,49,205,10
1200,0.91,0,0.75,1.0,1,1,2009,4226,850,69,8
1201,0.92,11,1.0,0.5006952795952881,0,11,3065,59,400,168,4
1202,0.91,1,0.75,0.8607224705127958,0,2,3634,4377,157,155,5
1203,0.91,0,0.75,1.0,1,1,1255,1148,597,111,6
1204,0.91,0,0.75,1.0,1,1,1212,2965,305,224,8
1205,0.91,0,0.75,1.0,1,1,3832,1513,949,11,2
1206,0.91,0,0.75,1.0,1,1,3992,3020,7,187,7
1207,0.91,0,0.75,1.0,1,1,1063,1255,744,80,3
1208,0.91,0,0.75,1.0,1,1,1413,4635,420,193,1
1209,0.91,1,0.75,0.8607224705127958,0,2,3485,1092,830,43,10
1210,0.91,0,0.75,1.0,1,1,2902,4161,585,33,9
1211,0.9,1,0.5,0.8607224705127958,0,3,2163,306,168,236,3
1212,0.91,0,0.75,1.0,1,1,323,3182,1000,100,5
1213,0.91,0,0.75,1.0,1,1,4585,2354,254,138,7
1214,0.91,1,0.75,0.8607224705127958,0,2,4925,4871,921,229,4
1215,0.91,0,0.75,1.0,1,1,120,699,333,9,7
1216,0.91,0,0.75,1.0,1,1,2347,2788,509,145,10
1217,0.91,0,0.75,1.0,1,1,2541,1643,246,124,1
1218,0.91,0,0.75,1.0,1,1,3223,3574,498,72,2
1219,0.91,0,0.75,1.0,1,1,1852,2117,751,164,8
1220,0.91,0,0.75,1.0,1,1,644,3772,84,51,6
1221,0.91,0,0.75,1.0,1,1,4273,538,666,216,5
1222,0.91,0,0.75,1.0,1,1,4245,4835,115,7,1
1223,0.91,0,0.75,1.0,1,1,692,882,635,230,10
1224,0.91,0,0.75,1.0,1,1,1824,2507,467,125,7
1225,0.91,0,0.75,1.0,1,1,3270,1777,782,143,3
1226,0.91,0,0.75,1.0,1,1,2530,3596,540,161,5
1227,0.91,0,0.75,1.0,1,1,2417,1928,215,74,6
1228,0.91,0,0.75,1.0,1,1,109,4058,890,218,9
1229,0.91,13,0.75,0.4697210125748703,0,14,4995,418,364,48,2
1230,0.91,0,0.75,1.0,1,1,4554,2901,969,81,10
1231,0.91,0,0.75,1.0,1,1,373,1541,285,185,2
1232,0.91,1,0.75,0.8607224705127958,0,2,2132,4447,616,41,4
1233,0.91,0,0.75,1.0,1,1,2952,1115,137,194,8
1234,0.91,0,0.75,1.0,1,1,3476,4296,388,238,6
1235,0.91,25,0.75,0.3453343685537785,0,24,1480,26,862,30,4
1236,0.91,1,0.75,0.8607224705127958,0,2,1055,3364,39,135,2
1237,0.91,0,0.75,1.0,1,1,4059,2317,713,102,8
1238,0.91,0,0.75,1.0,1,1,3900,3153,273,208,3
1239,0.91,0,0.75,1.0,1,1,1204,2418,981,61,7
1240,0.91,0,0.75,1.0,1,1,1322,4195,189,167,9
1241,0.92,14,1.0,0.45585792986685403,0,14,3625,237,566,71,1
1242,0.91,0,0.75,1.0,1,1,3115,4668,818,113,3
1243,0.91,0,0.75,1.0,1,1,1979,1023,431,154,9
1244,0.91,0,0.75,1.0,1,1,537,2992,731,10,7
1245,0.91,0,0.75,1.0,1,1,4400,1320,18,226,5
1246,0.91,0,0.75,1.0,1,1,4841,3801,686,131,7
1247,0.91,1,0.75,0.8607224705127958,0,2,272,473,65,105,4
1248,0.91,0,0.75,1.0,1,1,2263,3541,771,249,1
1249,0.91,0,0.75,1.0,1,1,2694,2186,479,18,10
1250,0.91,0,0.75,1.0,1,1,3419,2755,234,38,8
1251,0.91,0,0.75,1.0,1,1,1664,1712,520,200,2
1252,0.91,0,0.75,1.0,1,1,841,4899,321,95,5
1253,0.91,0,0.75,1.0,1,1,4087,634,933,174,6
1254,0.91,0,0.75,1.0,1,1,4158,2604,603,220,3
1255,0.91,0,0.75,1.0,1,1,916,1875,147,17,9
1256,0.91,0,0.75,1.0,1,1,1579,4737,939,153,6
1257,0.91,0,0.75,1.0,1,1,3339,785,310,115,5
1258,0.91,0,0.75,1.0,1,1,2736,3961,60,64,4
1259,0.91,1,0.75,0.8607224705127958,0,2,2309,321,695,171,7
1260,0.91,1,0.75,0.8607224705127958,0,2,157,3693,395,58,10
1261,0.91,0,0.75,1.0,1,1,4732,2026,860,208,1
1262,0.91,0,0.75,1.0,1,1,4466,4506,442,179,8
1263,0.91,0,0.75,1.0,1,1,598,1173,811,87,2
1264,0.91,0,0.75,1.0,1,1,1888,2842,105,200,4
1265,0.91,0,0.75,1.0,1,1,3020,1482,649,35,6
1266,0.91,1,0.75,0.8607224705127958,0,2,3681,3306,892,24,8
1267,0.91,0,0.75,1.0,1,1,1374,2258,358,244,4
1268,0.91,1,0.75,0.8607224705127958,0,2,1104,4355,557,108,2
1269,0.91,13,0.75,0.4697210125748703,0,14,3795,84,193,129,10
1270,0.91,0,0.75,1.0,1,1,3949,4136,761,56,5
1271,0.91,6,0.75,0.6089985420620744,0,7,940,179,493,213,7
1272,0.91,0,0.75,1.0,1,1,1527,3212,661,77,9
1273,0.91,0,0.75,1.0,1,1,3518,2477,94,161,3
1274,0.91,0,0.75,1.0,1,1,2871,3051,338,148,1
1275,0.91,0,0.75,1.0,1,1,2047,1378,911,119,9
1276,0.91,0,0.75,1.0,1,1,449,4610,236,232,7
1277,0.91,0,0.75,1.0,1,1,4625,965,514,4,3
1278,0.91,0,0.75,1.0,1,1,4890,3443,159,96,6
1279,0.91,0,0.75,1.0,1,1,9,2088,591,140,5
1280,0.91,0,0.75,1.0,1,1,2468,3899,260,27,2
1281,0.91,0,0.75,1.0,1,1,2586,571,991,240,8
1282,0.91,1,0.75,0.8607224705127958,0,2,3175,4997,737,190,10
1283,0.91,0,0.75,1.0,1,1,1734,732,16,48,1
1284,0.91,0,0.75,1.0,1,1,753,2657,840,184,4
1285,0.91,1,0.75,0.8607224705127958,0,2,4311,1614,413,85,8
1286,0.91,0,0.75,1.0,1,1,4320,4252,731,157,3
1287,0.92,9,1.0,0.5373300618099535,0,9,764,60,24,78,7
1288,0.91,0,0.75,1.0,1,1,1742,3408,816,214,10
1289,0.91,0,0.75,1.0,1,1,3186,2283,438,52,1
1290,0.91,0,0.75,1.0,1,1,2617,2935,181,3,3
1291,0.91,0,0.75,1.0,1,1,2496,1497,569,234,9
1292,0.91,0,0.75,1.0,1,1,39,4413,268,121,6
1293,0.91,0,0.75,1.0,1,1,4918,1158,981,147,5
1294,0.91,1,0.75,0.8607224705127958,0,2,4636,3640,314,242,8
1295,0.91,0,0.75,1.0,1,1,457,1894,936,26,4
1296,0.91,0,0.75,1.0,1,1,2058,4014,230,139,2
1297,0.91,2,0.75,0.7792503385696964,0,3,2880,452,521,98,10
1298,0.91,0,0.75,1.0,1,1,3546,4800,770,85,8
1299,0.91,1,0.75,0.8607224705127958,0,2,1557,926,484,181,2
1300,0.91,0,0.75,1.0,1,1,968,2541,683,44,4
1301,0.91,1,0.75,0.8607224705127958,0,2,3980,1733,71,191,6
1302,0.91,0,0.75,1.0,1,1,3825,2799,885,117,1
1303,0.91,0,0.75,1.0,1,1,1132,1678,365,150,9
1304,0.91,0,0.75,1.0,1,1,1404,4855,532,14,7
1305,0.91,0,0.75,1.0,1,1,3709,668,217,222,3
1306,0.91,0,0.75,1.0,1,1,3028,3766,465,211,5
1307,0.91,2,0.75,0.7792503385696964,0,3,1900,517,789,58,7
1308,0.91,0,0.75,1.0,1,1,607,3575,115,171,9
1309,0.91,0,0.75,1.0,1,1,4477,2142,640,67,3
1310,0.91,0,0.75,1.0,1,1,4760,4624,35,34,10
1311,0.91,0,0.75,1.0,1,1,187,1057,719,204,1
1312,0.91,0,0.75,1.0,1,1,2337,3036,387,91,4
1313,0.91,0,0.75,1.0,1,1,2766,1286,866,178,8
1314,0.91,0,0.75,1.0,1,1,3350,3188,612,127,6
1315,0.91,0,0.75,1.0,1,1,1588,2375,139,109,5
1316,0.91,0,0.75,1.0,1,1,928,4160,962,245,2
1317,0.92,9,1.0,0.5373300618099535,0,9,4167,281,288,22,8
1318,0.91,0,0.75,1.0,1,1,4076,3350,243,68,5
1319,0.91,0,0.75,1.0,1,1,832,2224,511,167,6
1320,0.91,0,0.75,1.0,1,1,1654,4311,344,62,9
1321,0.91,14,0.75,0.45585792986685403,0,15,3411,119,911,204,3
1322,0.91,0,0.75,1.0,1,1,2666,4472,661,225,1
1323,0.91,1,0.75,0.8607224705127958,0,2,2233,1217,89,12,10
1324,0.91,1,0.75,0.8607224705127958,0,2,244,2876,764,156,7
1325,0.91,0,0.75,1.0,1,1,4811,1438,486,112,4
1326,0.91,1,0.75,0.8607224705127958,0,2,4392,3917,841,20,6
1327,0.91,4,0.75,0.6766075912971576,0,5,527,355,409,248,4
1328,0.91,0,0.75,1.0,1,1,1970,3737,741,104,2
1329,0.91,1,0.75,0.8607224705127958,0,2,3104,1992,10,133,8
1330,0.91,0,0.75,1.0,1,1,3595,2639,266,175,10
1331,0.91,1,0.75,0.8607224705127958,0,2,1294,1831,987,91,2
1332,0.91,0,0.75,1.0,1,1,1173,4703,164,196,4
1333,0.91,0,0.75,1.0,1,1,3871,829,590,39,8
1334,0.91,0,0.75,1.0,1,1,4031,4953,397,144,3
1335,0.91,0,0.75,1.0,1,1,1024,766,852,123,9
1336,0.91,0,0.75,1.0,1,1,1452,2701,60,228,7
1337,0.91,0,0.75,1.0,1,1,3446,1580,690,8,5
1338,0.91,0,0.75,1.0,1,1,2941,3477,945,52,3
1339,0.91,0,0.75,1.0,1,1,2124,2044,310,217,7
1340,0.91,0,0.75,1.0,1,1,362,3865,610,73,9
1341,0.91,0,0.75,1.0,1,1,4546,615,145,165,1
1342,0.91,0,0.75,1.0,1,1,4964,3094,562,194,9
1343,0.91,0,0.75,1.0,1,1,81,1344,192,44,2
1344,0.91,0,0.75,1.0,1,1,2386,4566,898,188,5
1345,0.91,0,0.75,1.0,1,1,2502,999,355,81,6
1346,0.91,1,0.75,0.8607224705127958,0,2,3261,4102,108,99,8
1347,0.92,7,1.0,0.5821674115383877,0,7,1813,223,642,137,4
1348,0.91,0,0.75,1.0,1,1,684,3246,443,32,1
1349,0.91,0,0.75,1.0,1,1,4234,2433,807,235,10
1350,0.91,0,0.75,1.0,1,1,4284,2824,474,42,6
1351,0.91,0,0.75,1.0,1,1,653,1449,776,195,5
1352,0.91,0,0.75,1.0,1,1,1863,4519,77,82,3
1353,0.91,0,0.75,1.0,1,1,3231,1211,673,186,9
1354,0.91,0,0.75,1.0,1,1,2569,4358,929,134,10
1355,0.92,8,1.0,0.5585006771393928,0,8,2378,113,324,101,1
1356,0.91,0,0.75,1.0,1,1,148,3297,531,237,4
1357,0.91,0,0.75,1.0,1,1,4956,2235,223,29,7
1358,0.91,0,0.75,1.0,1,1,4593,4755,579,124,4
1359,0.91,0,0.75,1.0,1,1,334,818,176,142,6
1360,0.91,0,0.75,1.0,1,1,2171,2591,976,6,8
1361,0.91,0,0.75,1.0,1,1,2913,1837,278,229,2
1362,0.91,0,0.75,1.0,1,1,3516,3690,29,219,1
1363,0.91,0,0.75,1.0,1,1,1441,1998,721,49,10
1364,0.91,0,0.75,1.0,1,1,1093,3969,428,162,8
1365,0.92,8,1.0,0.5585006771393928,0,8,4020,344,821,75,4
1366,0.91,0,0.75,1.0,1,1,3861,3875,133,250,9
1367,0.91,0,0.75,1.0,1,1,1243,562,621,19,3
1368,0.91,0,0.75,1.0,1,1,1283,3471,297,132,5
1369,0.91,0,0.75,1.0,1,1,3664,2092,956,106,6
1370,0.91,0,0.75,1.0,1,1,3076,2695,710,94,7
1371,0.91,0,0.75,1.0,1,1,2018,1628,41,173,3
1372,0.91,1,0.75,0.8607224705127958,0,2,498,4964,872,37,1
1373,0.91,0,0.75,1.0,1,1,4440,714,378,199,9
1374,0.91,0,0.75,1.0,1,1,4802,3235,795,166,2
1375,0.91,0,0.75,1.0,1,1,311,2486,454,70,9
1376,0.91,0,0.75,1.0,1,1,2224,4108,630,207,6
1377,0.91,5,0.75,0.6399728090824923,0,6,2734,175,120,60,5
1378,0.91,0,0.75,1.0,1,1,3380,4572,375,11,4
1379,0.91,0,0.75,1.0,1,1,1704,951,879,227,8
1380,0.91,0,0.75,1.0,1,1,802,3083,212,114,10
1381,0.91,0,0.75,1.0,1,1,4126,1397,543,155,1
1382,0.91,0,0.75,1.0,1,1,4197,4421,993,201,7
1383,0.91,0,0.75,1.0,1,1,877,1113,257,36,3
1384,0.91,0,0.75,1.0,1,1,1618,2921,581,180,1
1385,0.91,0,0.75,1.0,1,1,3300,1547,170,88,10
1386,0.91,0,0.75,1.0,1,1,2775,3395,418,107,9
1387,0.91,0,0.75,1.0,1,1,2270,2333,835,128,2
1388,0.91,0,0.75,1.0,1,1,196,4260,4,23,5
1389,0.91,23,0.75,0.36141775010808397,0,22,4692,15,750,243,6
1390,0.91,0,0.75,1.0,1,1,4505,2533,83,152,4
1391,0.91,0,0.75,1.0,1,1,559,1778,672,114,8
1392,0.91,1,0.75,0.8607224705127958,0,2,1928,4814,496,219,10
1393,0.91,1,0.75,0.8607224705127958,0,2,2980,876,758,16,2
1394,0.91,0,0.75,1.0,1,1,3721,4028,501,59,2
1395,0.91,4,0.75,0.6766075912971576,0,5,1334,402,248,209,8
1396,0.91,0,0.75,1.0,1,1,1143,3631,916,65,6
1397,0.91,0,0.75,1.0,1,1,3756,1939,334,172,5
1398,0.91,0,0.75,1.0,1,1,3910,3530,651,28,9
1399,0.91,0,0.75,1.0,1,1,979,2151,102,241,1
1400,0.91,0,0.75,1.0,1,1,1488,3817,801,97,3
1401,0.91,2,0.75,0.7792503385696964,0,3,3557,504,453,141,7
1402,0.91,0,0.75,1.0,1,1,2832,4905,198,183,7
1403,0.91,0,0.75,1.0,1,1,2086,655,552,84,5
1404,0.91,0,0.75,1.0,1,1,410,2754,346,189,3
1405,0.91,0,0.75,1.0,1,1,4664,1687,905,47,9
1406,0.91,0,0.75,1.0,1,1,4851,4206,299,76,1
1407,0.9,1,0.5,0.8607224705127958,0,3,48,272,950,160,10
1408,0.91,0,0.75,1.0,1,1,2429,3138,150,55,7
1409,0.91,0,0.75,1.0,1,1,2625,2388,600,212,4
1410,0.91,0,0.75,1.0,1,1,3136,2986,847,233,5
1411,0.91,0,0.75,1.0,1,1,1773,1299,407,5,6
1412,0.91,1,0.75,0.8607224705127958,0,2,714,4669,700,149,8
1413,0.91,0,0.75,1.0,1,1,4350,1049,55,120,2
1414,0.91,0,0.75,1.0,1,1,4348,4218,983,25,10
1415,0.92,5,1.0,0.6399728090824923,0,5,717,261,268,244,1
1416,0.91,0,0.75,1.0,1,1,1770,3128,568,108,4
1417,0.91,0,0.75,1.0,1,1,3138,2393,183,130,7
1418,0.91,0,0.75,1.0,1,1,2623,2977,437,179,6
1419,0.91,0,0.75,1.0,1,1,2432,1305,817,88,5
1420,0.91,0,0.75,1.0,1,1,45,4682,24,201,2
1421,0.91,0,0.75,1.0,1,1,4853,1037,729,35,8
1422,0.91,0,0.75,1.0,1,1,4667,3517,71,65,1
1423,0.91,0,0.75,1.0,1,1,407,2162,684,171,10
1424,0.91,0,0.75,1.0,1,1,2088,3826,485,59,7
1425,0.91,1,0.75,0.8607224705127958,0,2,2830,498,769,208,3
1426,0.91,0,0.75,1.0,1,1,3560,4915,522,221,5
1427,0.91,0,0.75,1.0,1,1,1485,650,228,17,7
1428,0.91,0,0.75,1.0,1,1,981,2741,935,153,9
1429,0.91,0,0.75,1.0,1,1,3907,1698,315,116,3
1430,0.91,0,0.75,1.0,1,1,3758,2522,641,189,8
1431,0.91,0,0.75,1.0,1,1,1140,1792,113,47,4
1432,0.91,0,0.75,1.0,1,1,1337,4821,788,184,2
1433,0.91,0,0.75,1.0,1,1,3718,868,465,84,10
1434,0.91,1,0.75,0.8607224705127958,0,2,2983,4035,217,95,8
1435,0.91,7,0.75,0.5821674115383877,0,8,1925,394,534,140,2
1436,0.91,0,0.75,1.0,1,1,562,3621,366,27,5
1437,0.91,0,0.75,1.0,1,1,4503,1953,884,239,6
1438,0.91,0,0.75,1.0,1,1,4690,4432,287,148,3
1439,0.91,0,0.75,1.0,1,1,199,1099,963,119,7
1440,0.91,0,0.75,1.0,1,1,2267,2915,139,231,10
1441,0.91,0,0.75,1.0,1,1,2777,1555,610,3,1
1442,0.91,0,0.75,1.0,1,1,3298,3388,868,55,2
1443,0.91,0,0.75,1.0,1,1,1621,2341,387,213,9
1444,0.91,0,0.75,1.0,1,1,875,4271,718,77,6
1445,0.9,33,0.5,0.29143074411270053,0,25,4199,1,36,160,5
1446,0.91,0,0.75,1.0,1,1,4124,3226,487,239,9
1447,0.91,0,0.75,1.0,1,1,804,2491,763,30,2
1448,0.91,0,0.75,1.0,1,1,1701,4121,88,135,5
1449,0.92,10,1.0,0.5181789107262775,0,10,3383,163,663,103,6
1450,0.91,0,0.75,1.0,1,1,2731,4585,909,82,8
1451,0.91,0,0.75,1.0,1,1,2226,940,344,185,4
1452,0.91,0,0.75,1.0,1,1,308,3074,512,41,1
1453,0.91,0,0.75,1.0,1,1,4805,1402,242,195,10
1454,0.91,0,0.75,1.0,1,1,4442,3885,590,162,3
1455,0.91,0,0.75,1.0,1,1,496,557,165,74,9
1456,0.91,0,0.75,1.0,1,1,2021,3458,989,218,6
1457,0.91,0,0.75,1.0,1,1,3074,2103,266,49,5
1458,0.91,0,0.75,1.0,1,1,3666,2682,11,7,3
1459,0.91,0,0.75,1.0,1,1,1281,1639,739,231,7
1460,0.91,0,0.75,1.0,1,1,1245,4973,407,126,9
1461,0.91,0,0.75,1.0,1,1,3858,708,842,143,1
1462,0.91,0,0.75,1.0,1,1,4022,4762,145,38,6
1463,0.91,0,0.75,1.0,1,1,1091,810,609,199,4
1464,0.91,0,0.75,1.0,1,1,1444,2581,308,94,2
1465,0.91,0,0.75,1.0,1,1,3513,1851,945,174,8
1466,0.91,0,0.75,1.0,1,1,2915,3679,689,130,10
1467,0.91,0,0.75,1.0,1,1,2169,2012,62,105,2
1468,0.91,0,0.75,1.0,1,1,337,3976,854,249,4
1469,0.91,2,0.75,0.7792503385696964,0,3,4591,336,396,17,8
1470,0.91,0,0.75,1.0,1,1,4953,2817,805,112,5
1471,0.91,0,0.75,1.0,1,1,150,1457,444,154,6
1472,0.91,0,0.75,1.0,1,1,2376,4530,643,10,9
1473,0.91,0,0.75,1.0,1,1,2572,1197,107,225,3
1474,0.91,0,0.75,1.0,1,1,3228,4369,356,207,1
1475,0.92,13,1.0,0.4697210125748703,0,13,1865,98,898,61,10
1476,0.91,0,0.75,1.0,1,1,651,3291,191,166,7
1477,0.91,0,0.75,1.0,1,1,4287,2243,563,71,4
1478,0.91,0,0.75,1.0,1,1,4237,3102,223,156,2
1479,0.91,0,0.75,1.0,1,1,681,1337,532,111,8
1480,0.91,0,0.75,1.0,1,1,1815,4552,325,224,6
1481,0.91,0,0.75,1.0,1,1,3259,1009,929,12,5
1482,0.91,0,0.75,1.0,1,1,2505,4088,674,64,4
1483,0.92,2,1.0,0.7792503385696964,0,2,2384,233,76,205,8
1484,0.91,0,0.75,1.0,1,1,83,3254,774,69,10
1485,0.91,0,0.75,1.0,1,1,4962,2426,475,169,1
1486,0.91,0,0.75,1.0,1,1,4544,4945,823,198,9
1487,0.91,0,0.75,1.0,1,1,365,773,428,40,3
1488,0.91,0,0.75,1.0,1,1,2121,2715,720,176,5
1489,0.91,0,0.75,1.0,1,1,2943,1570,30,93,7
1490,0.91,0,0.75,1.0,1,1,3444,3491,277,103,7
1491,0.91,0,0.75,1.0,1,1,1455,2034,976,132,3
1492,0.91,0,0.75,1.0,1,1,1021,3857,176,19,1
1493,0.91,0,0.75,1.0,1,1,4033,622,577,248,9
1494,0.91,0,0.75,1.0,1,1,3869,3911,376,72,4
1495,0.91,4,0.75,0.6766075912971576,0,5,1176,364,873,163,6
1496,0.91,0,0.75,1.0,1,1,1292,3749,42,50,8
1497,0.91,0,0.75,1.0,1,1,3597,1979,708,216,2
1498,0.91,0,0.75,1.0,1,1,3101,2650,957,228,2
1499,0.91,0,0.75,1.0,1,1,1973,1818,297,9,10
1500,0.91,0,0.75,1.0,1,1,524,4698,621,145,8
1501,0.91,0,0.75,1.0,1,1,4394,838,134,123,4
1502,0.91,0,0.75,1.0,1,1,4813,3355,543,32,6
1503,0.91,0,0.75,1.0,1,1,242,2215,211,236,5
1504,0.91,0,0.75,1.0,1,1,2235,4299,878,100,3
1505,0.91,4,0.75,0.6766075912971576,0,5,2664,132,375,137,9
1506,0.91,0,0.75,1.0,1,1,3413,4460,119,186,10
1507,0.91,0,0.75,1.0,1,1,1651,1230,631,80,1
1508,0.91,0,0.75,1.0,1,1,834,2882,456,192,3
1509,0.91,0,0.75,1.0,1,1,4074,1429,795,42,7
1510,0.91,0,0.75,1.0,1,1,4169,4610,750,121,1
1511,0.91,0,0.75,1.0,1,1,925,1067,5,146,10
1512,0.91,0,0.75,1.0,1,1,1590,3044,836,2,7
1513,0.91,0,0.75,1.0,1,1,3347,1279,418,234,4
1514,0.91,0,0.75,1.0,1,1,2769,3196,170,215,5
1515,0.91,0,0.75,1.0,1,1,2335,2368,579,54,6
1516,0.91,0,0.75,1.0,1,1,190,4146,255,159,8
1517,0.92,12,1.0,0.4846118980409827,0,12,4757,291,994,79,2
1518,0.91,0,0.75,1.0,1,1,4475,2813,335,46,9
1519,0.91,0,0.75,1.0,1,1,609,1668,915,192,1
1520,0.91,0,0.75,1.0,1,1,1897,4847,248,87,3
1521,0.91,0,0.75,1.0,1,1,3031,675,503,182,7
1522,0.91,0,0.75,1.0,1,1,3707,3758,757,139,7
1523,0.91,2,0.75,0.7792503385696964,0,3,1406,524,496,97,5
1524,0.91,0,0.75,1.0,1,1,1130,3589,672,241,3
1525,0.91,0,0.75,1.0,1,1,3828,2132,82,26,9
1526,0.91,0,0.75,1.0,1,1,3977,3652,903,169,4
1527,0.91,0,0.75,1.0,1,1,970,1881,346,66,8
1528,0.91,0,0.75,1.0,1,1,1555,4009,553,210,10
1529,0.91,3,0.75,0.7214449410255918,0,4,3549,461,197,56,2
1530,0.91,0,0.75,1.0,1,1,2877,4795,454,14,2
1531,0.91,0,0.75,1.0,1,1,2060,935,800,223,8
1532,0.91,0,0.75,1.0,1,1,455,2553,102,118,6
1533,0.91,0,0.75,1.0,1,1,4639,1720,653,150,4
1534,0.91,0,0.75,1.0,1,1,4920,4240,55,246,7
1535,0.92,1,1.0,0.8607224705127958,1,1,37,73,698,22,3
1536,0.91,0,0.75,1.0,1,1,2499,3414,406,127,1
1537,0.91,0,0.75,1.0,1,1,2614,2274,848,109,10
1538,0.91,0,0.75,1.0,1,1,3188,2940,599,89,9
1539,0.91,0,0.75,1.0,1,1,1739,1488,152,177,2
1540,0.91,0,0.75,1.0,1,1,767,4401,951,33,5
1541,0.91,0,0.75,1.0,1,1,4317,1171,299,202,6
1542,0.91,0,0.75,1.0,1,1,4309,3457,623,59,5
1543,0.91,0,0.75,1.0,1,1,756,2078,127,210,6
1544,0.91,0,0.75,1.0,1,1,1731,3891,958,66,9
1545,0.91,0,0.75,1.0,1,1,3177,578,291,172,2
1546,0.91,0,0.75,1.0,1,1,2584,4989,47,152,1
1547,0.91,0,0.75,1.0,1,1,2471,739,707,115,10
1548,0.91,0,0.75,1.0,1,1,6,2671,384,220,8
1549,0.91,0,0.75,1.0,1,1,4892,1604,871,16,4
1550,0.91,0,0.75,1.0,1,1,4628,4122,460,107,7
1551,0.91,3,0.75,0.7214449410255918,0,4,447,189,793,129,5
1552,0.91,0,0.75,1.0,1,1,2049,3220,126,24,3
1553,0.91,0,0.75,1.0,1,1,2869,2470,628,243,9
1554,0.91,0,0.75,1.0,1,1,3521,3058,881,202,9
1555,0.91,0,0.75,1.0,1,1,1524,1372,369,36,1
1556,0.91,0,0.75,1.0,1,1,942,4596,545,180,3
1557,0.91,0,0.75,1.0,1,1,3947,975,206,89,7
1558,0.91,0,0.75,1.0,1,1,3797,4494,782,232,2
1559,0.91,0,0.75,1.0,1,1,1101,1186,473,4,8
1560,0.91,0,0.75,1.0,1,1,1376,2847,679,149,6
1561,0.91,0,0.75,1.0,1,1,3679,1473,75,120,4
1562,0.91,0,0.75,1.0,1,1,3022,3311,326,76,4
1563,0.91,0,0.75,1.0,1,1,1886,2249,924,159,8
1564,0.91,0,0.75,1.0,1,1,601,4343,225,54,10
1565,0.92,20,1.0,0.38824888063177077,0,20,4464,97,525,212,2
1566,0.91,0,0.75,1.0,1,1,4730,2616,178,183,9
1567,0.91,0,0.75,1.0,1,1,160,1862,573,83,3
1568,0.91,0,0.75,1.0,1,1,2306,4732,280,188,5
1569,0.91,0,0.75,1.0,1,1,2738,794,970,47,6
1570,0.91,0,0.75,1.0,1,1,3337,3955,727,28,7
1571,0.91,1,0.75,0.8607224705127958,0,2,1582,330,27,240,4
1572,0.91,0,0.75,1.0,1,1,914,3705,827,96,1
1573,0.91,0,0.75,1.0,1,1,4160,2013,426,141,10
1574,0.91,0,0.75,1.0,1,1,4085,3793,96,219,4
1575,0.91,1,0.75,0.8607224705127958,0,2,843,480,653,50,8
1576,0.91,0,0.75,1.0,1,1,1662,3555,447,163,10
1577,0.91,0,0.75,1.0,1,1,3422,2176,803,75,1
1578,0.91,0,0.75,1.0,1,1,2692,2769,551,125,2
1579,0.91,0,0.75,1.0,1,1,2265,1702,204,143,8
1580,0.91,0,0.75,1.0,1,1,269,4891,903,6,6
1581,0.91,0,0.75,1.0,1,1,4844,641,351,230,5
1582,0.91,0,0.75,1.0,1,1,4403,3161,948,134,7
1583,0.91,0,0.75,1.0,1,1,535,2412,305,102,3
1584,0.91,0,0.75,1.0,1,1,1981,4180,598,238,1
1585,0.91,10,0.75,0.5181789107262775,0,11,3113,247,156,29,9
1586,0.91,0,0.75,1.0,1,1,3627,4654,401,42,9
1587,0.91,0,0.75,1.0,1,1,1319,1033,849,196,3
1588,0.91,0,0.75,1.0,1,1,1206,3000,49,83,5
1589,0.91,0,0.75,1.0,1,1,3898,1313,702,186,7
1590,0.91,0,0.75,1.0,1,1,4061,2906,255,11,2
1591,0.91,0,0.75,1.0,1,1,1052,1532,999,226,10
1592,0.91,0,0.75,1.0,1,1,1483,4435,168,113,8
1593,0.91,0,0.75,1.0,1,1,3474,1127,587,155,4
1594,0.91,0,0.75,1.0,1,1,2954,4284,829,165,4
1595,0.91,2,0.75,0.7792503385696964,0,3,2130,39,420,70,6
1596,0.91,0,0.75,1.0,1,1,376,3370,744,206,8
1597,0.91,0,0.75,1.0,1,1,4552,2308,6,60,2
1598,0.91,0,0.75,1.0,1,1,4992,4829,666,93,10
1599,0.91,0,0.75,1.0,1,1,111,891,85,173,1
1600,0.91,0,0.75,1.0,1,1,2415,2519,752,37,3
1601,0.91,0,0.75,1.0,1,1,2533,1764,498,198,7
1602,0.91,0,0.75,1.0,1,1,3267,3608,247,250,6
1603,0.91,0,0.75,1.0,1,1,1826,1916,507,18,5
1604,0.91,0,0.75,1.0,1,1,690,4053,332,131,3
1605,0.91,5,0.75,0.6399728090824923,0,6,4248,427,922,106,9
1606,0.91,0,0.75,1.0,1,1,4276,4880,363,175,7
1607,0.91,0,0.75,1.0,1,1,642,693,891,92,4
1608,0.91,0,0.75,1.0,1,1,1854,2775,215,197,1
1609,0.91,0,0.75,1.0,1,1,3220,1654,538,39,10
1610,0.91,0,0.75,1.0,1,1,2544,3561,784,21,8
1611,0.91,0,0.75,1.0,1,1,2345,2128,467,249,2
1612,0.91,0,0.75,1.0,1,1,122,3782,634,104,5
1613,0.91,0,0.75,1.0,1,1,4923,532,116,133,6
1614,0.91,0,0.75,1.0,1,1,4583,3011,713,225,3
1615,0.91,0,0.75,1.0,1,1,326,1261,37,13,7
1616,0.91,0,0.75,1.0,1,1,2160,4648,860,157,10
1617,0.91,0,0.75,1.0,1,1,2904,1081,389,112,1
1618,0.91,0,0.75,1.0,1,1,3483,4174,137,68,3
1619,0.91,6,0.75,0.6089985420620744,0,7,1416,295,618,168,9
1620,0.91,0,0.75,1.0,1,1,1060,3172,286,63,7
1621,0.91,0,0.75,1.0,1,1,3994,2359,968,204,5
1622,0.91,0,0.75,1.0,1,1,3830,3423,18,99,10
1623,0.91,0,0.75,1.0,1,1,1215,2297,733,136,2
1624,0.91,0,0.75,1.0,1,1,1253,4236,432,31,4
1625,0.92,12,1.0,0.4846118980409827,0,12,3636,45,818,235,8
1626,0.91,0,0.75,1.0,1,1,3062,4388,566,193,6
1627,0.91,0,0.75,1.0,1,1,2012,1133,187,43,5
1628,0.91,0,0.75,1.0,1,1,485,2959,979,187,2
1629,0.91,0,0.75,1.0,1,1,4433,1521,274,81,8
1630,0.91,0,0.75,1.0,1,1,4774,4000,934,51,1
1631,0.91,1,0.75,0.8607224705127958,0,2,281,438,320,217,10
1632,0.91,0,0.75,1.0,1,1,2196,3655,519,73,7
1633,0.91,0,0.75,1.0,1,1,2703,1909,235,164,3
1634,0.91,0,0.75,1.0,1,1,3374,2566,478,144,5
1635,0.91,0,0.75,1.0,1,1,1691,1758,772,122,6
1636,0.91,0,0.75,1.0,1,1,795,4777,65,227,9
1637,0.91,0,0.75,1.0,1,1,4112,902,684,8,2
1638,0.91,0,0.75,1.0,1,1,4208,2716,858,86,6
1639,0.91,0,0.75,1.0,1,1,886,1595,395,181,5
1640,0.91,0,0.75,1.0,1,1,1629,4939,696,45,2
1641,0.91,0,0.75,1.0,1,1,3308,752,58,191,9
1642,0.91,0,0.75,1.0,1,1,2808,3841,312,242,10
1643,0.91,0,0.75,1.0,1,1,2296,591,939,27,1
1644,0.91,0,0.75,1.0,1,1,229,3502,147,139,4
1645,0.91,1,0.75,0.8607224705127958,0,2,4718,2069,604,98,8
1646,0.91,0,0.75,1.0,1,1,4513,4551,194,3,5
1647,0.91,0,0.75,1.0,1,1,570,984,556,235,6
1648,0.91,0,0.75,1.0,1,1,1937,3108,357,122,9
1649,0.91,0,0.75,1.0,1,1,2992,1358,892,147,3
1650,0.91,0,0.75,1.0,1,1,3746,3270,648,158,1
1651,0.91,0,0.75,1.0,1,1,1367,2457,107,78,9
1652,0.91,0,0.75,1.0,1,1,1169,4077,813,214,7
1653,0.92,15,1.0,0.4428898820511835,0,15,3789,198,441,53,3
1654,0.91,0,0.75,1.0,1,1,3938,4335,513,126,8
1655,0.92,8,1.0,0.5585006771393928,0,8,1009,142,237,109,2
1656,0.91,0,0.75,1.0,1,1,1516,3325,912,245,4
1657,0.91,0,0.75,1.0,1,1,3588,2199,338,21,6
1658,0.91,0,0.75,1.0,1,1,2838,2861,95,34,8
1659,0.91,0,0.75,1.0,1,1,2099,1423,659,203,4
1660,0.91,0,0.75,1.0,1,1,416,4486,491,90,1
1661,0.91,0,0.75,1.0,1,1,4678,1231,762,178,10
1662,0.91,0,0.75,1.0,1,1,4881,3713,415,211,3
1663,0.91,0,0.75,1.0,1,1,76,1968,839,57,9
1664,0.91,0,0.75,1.0,1,1,2460,3942,16,170,6
1665,0.91,4,0.75,0.6766075912971576,0,5,2654,380,739,67,5
1666,0.91,0,0.75,1.0,1,1,3149,4718,989,117,4
1667,0.91,0,0.75,1.0,1,1,1779,844,260,149,7
1668,0.91,0,0.75,1.0,1,1,728,2624,592,13,10
1669,0.91,0,0.75,1.0,1,1,4356,1816,158,222,1
1670,0.91,0,0.75,1.0,1,1,4374,2634,392,98,4
1671,0.91,0,0.75,1.0,1,1,739,1806,857,139,8
1672,0.91,0,0.75,1.0,1,1,1797,4708,57,26,10
1673,0.91,0,0.75,1.0,1,1,3160,853,693,242,1
1674,0.91,0,0.75,1.0,1,1,2640,3931,942,190,2
1675,0.91,2,0.75,0.7792503385696964,0,3,2444,389,313,45,9
1676,0.91,0,0.75,1.0,1,1,63,3723,605,181,6
1677,0.91,0,0.75,1.0,1,1,4865,1958,149,85,5
1678,0.91,0,0.75,1.0,1,1,4679,4476,559,52,7
1679,0.91,0,0.75,1.0,1,1,424,1241,195,214,3
1680,0.91,0,0.75,1.0,1,1,2101,2872,893,78,1
1681,0.91,0,0.75,1.0,1,1,2847,1414,360,157,9
1682,0.91,0,0.75,1.0,1,1,3582,3335,103,147,9
1683,0.91,0,0.75,1.0,1,1,1512,2190,647,121,3
1684,0.91,0,0.75,1.0,1,1,1003,4325,440,234,5
1685,0.91,0,0.75,1.0,1,1,3770,4067,238,178,2
1686,0.91,6,0.75,0.6089985420620744,0,7,1157,208,516,91,10
1687,0.91,0,0.75,1.0,1,1,1349,3280,341,203,8
1688,0.91,0,0.75,1.0,1,1,3735,2448,914,34,4
1689,0.91,0,0.75,1.0,1,1,3005,3119,658,22,4
1690,0.91,0,0.75,1.0,1,1,1952,1349,92,245,6
1691,0.91,0,0.75,1.0,1,1,584,4541,759,109,8
1692,0.91,0,0.75,1.0,1,1,4530,994,490,127,2
1693,0.91,0,0.75,1.0,1,1,4717,3512,839,222,10
1694,0.91,0,0.75,1.0,1,1,220,2059,412,14,1
1695,0.91,0,0.75,1.0,1,1,2295,3830,736,150,4
1696,0.91,0,0.75,1.0,1,1,2800,600,15,117,7
1697,0.91,0,0.75,1.0,1,1,3314,4929,261,68,6
1698,0.91,0,0.75,1.0,1,1,1633,761,992,170,5
1699,0.91,0,0.75,1.0,1,1,892,2726,161,58,3
1700,0.91,0,0.75,1.0,1,1,4212,1585,593,211,9
1701,0.91,0,0.75,1.0,1,1,4112,4767,888,133,5
1702,0.91,0,0.75,1.0,1,1,787,912,362,104,6
1703,0.91,0,0.75,1.0,1,1,1689,2575,537,248,8
1704,0.91,0,0.75,1.0,1,1,3366,1747,212,20,2
1705,0.91,0,0.75,1.0,1,1,2709,3664,469,39,1
1706,0.91,0,0.75,1.0,1,1,2199,1899,784,196,10
1707,0.91,0,0.75,1.0,1,1,286,3990,118,91,8
1708,0.91,7,0.75,0.5821674115383877,0,8,4778,448,638,175,4
1709,0.91,0,0.75,1.0,1,1,4415,2969,40,204,7
1710,0.91,0,0.75,1.0,1,1,474,1511,714,62,5
1711,0.91,0,0.75,1.0,1,1,1993,4379,390,167,3
1712,0.91,0,0.75,1.0,1,1,3051,1144,863,68,9
1713,0.91,0,0.75,1.0,1,1,3650,4228,615,112,9
1714,0.92,20,1.0,0.38824888063177077,0,20,1269,55,136,157,1
1715,0.91,0,0.75,1.0,1,1,1228,3433,967,12,3
1716,0.91,0,0.75,1.0,1,1,3846,2288,283,224,7
1717,0.91,0,0.75,1.0,1,1,3996,3182,734,81,2
1718,0.91,0,0.75,1.0,1,1,1069,2350,21,188,8
1719,0.91,0,0.75,1.0,1,1,1417,4165,821,44,6
1720,0.91,6,0.75,0.6089985420620744,0,7,3491,305,433,194,4
1721,0.91,0,0.75,1.0,1,1,2898,4639,186,236,4
1722,0.91,0,0.75,1.0,1,1,2157,1092,564,31,8
1723,0.91,0,0.75,1.0,1,1,319,3021,271,136,10
1724,0.91,0,0.75,1.0,1,1,4579,1251,978,100,2
1725,0.91,0,0.75,1.0,1,1,4941,3772,319,8,9
1726,0.91,0,0.75,1.0,1,1,133,542,931,228,3
1727,0.91,0,0.75,1.0,1,1,2363,3570,233,123,5
1728,0.91,0,0.75,1.0,1,1,2554,2117,519,144,6
1729,0.91,0,0.75,1.0,1,1,3206,2784,773,165,7
1730,0.91,0,0.75,1.0,1,1,1839,1644,481,73,3
1731,0.91,0,0.75,1.0,1,1,629,4870,688,217,1
1732,0.91,0,0.75,1.0,1,1,4260,703,66,52,10
1733,0.91,0,0.75,1.0,1,1,4249,4062,656,229,6
1734,0.91,1,0.75,0.8607224705127958,0,2,698,417,97,6,5
1735,0.91,0,0.75,1.0,1,1,1828,3597,804,142,2
1736,0.91,0,0.75,1.0,1,1,3276,1924,450,124,8
1737,0.91,0,0.75,1.0,1,1,2526,2508,201,74,10
1738,0.91,0,0.75,1.0,1,1,2411,1773,550,162,1
1739,0.91,0,0.75,1.0,1,1,105,4839,350,49,4
1740,0.91,0,0.75,1.0,1,1,4989,881,900,219,7
1741,0.91,0,0.75,1.0,1,1,4570,3361,302,185,5
1742,0.91,0,0.75,1.0,1,1,386,2318,947,83,7
1743,0.91,0,0.75,1.0,1,1,2148,4295,155,195,9
1744,0.91,16,0.75,0.4307082735999046,0,17,2965,30,595,42,3
1745,0.91,0,0.75,1.0,1,1,3461,4446,852,29,1
1746,0.91,0,0.75,1.0,1,1,1467,1119,402,237,10
1747,0.91,0,0.75,1.0,1,1,1038,2897,703,101,7
1748,0.91,0,0.75,1.0,1,1,4046,1542,52,134,3
1749,0.91,0,0.75,1.0,1,1,3896,2991,998,61,8
1750,0.91,0,0.75,1.0,1,1,1198,1323,252,206,2
1751,0.91,0,0.75,1.0,1,1,1319,4665,584,70,4
1752,0.91,0,0.75,1.0,1,1,3619,1024,167,166,6
1753,0.91,0,0.75,1.0,1,1,3118,4191,421,155,8
1754,0.92,8,1.0,0.5585006771393928,0,8,1985,238,832,114,4
1755,0.91,0,0.75,1.0,1,1,541,3152,8,227,2
1756,0.91,0,0.75,1.0,1,1,4406,2422,745,11,10
1757,0.91,0,0.75,1.0,1,1,4825,4901,86,106,2
1758,0.91,0,0.75,1.0,1,1,258,631,669,132,9
1759,0.91,0,0.75,1.0,1,1,2247,2758,501,19,6
1760,0.91,0,0.75,1.0,1,1,2681,1711,753,250,5
1761,0.91,0,0.75,1.0,1,1,3435,3544,506,199,3
1762,0.91,0,0.75,1.0,1,1,1678,2185,243,37,7
1763,0.91,0,0.75,1.0,1,1,857,3802,919,173,10
1764,0.91,5,0.75,0.6399728090824923,0,6,4101,470,331,94,1
1765,0.91,0,0.75,1.0,1,1,4142,3695,130,15,8
1766,0.91,0,0.75,1.0,1,1,903,2022,624,220,4
1767,0.91,0,0.75,1.0,1,1,1563,3964,292,115,1
1768,0.91,5,0.75,0.6399728090824923,0,6,3325,319,961,151,10
1769,0.91,0,0.75,1.0,1,1,2752,4741,705,172,9
1770,0.91,0,0.75,1.0,1,1,2323,783,46,65,2
1771,0.91,0,0.75,1.0,1,1,173,2606,870,209,5
1772,0.91,0,0.75,1.0,1,1,4745,1871,381,59,6
1773,0.91,0,0.75,1.0,1,1,4463,4353,790,88,3
1774,0.92,5,1.0,0.6399728090824923,0,5,592,88,459,180,7
1775,0.91,0,0.75,1.0,1,1,1885,3302,627,36,9
1776,0.91,0,0.75,1.0,1,1,3013,2260,123,201,1
1777,0.91,0,0.75,1.0,1,1,3685,2839,372,243,3
1778,0.91,0,0.75,1.0,1,1,1380,1483,882,23,9
1779,0.91,0,0.75,1.0,1,1,1107,4505,207,128,6
1780,0.91,0,0.75,1.0,1,1,3801,1177,548,107,5
1781,0.91,0,0.75,1.0,1,1,3965,4606,472,213,10
1782,0.91,0,0.75,1.0,1,1,953,966,779,55,1
1783,0.91,0,0.75,1.0,1,1,1542,3050,72,160,4
1784,0.91,0,0.75,1.0,1,1,3532,1382,678,76,8
1785,0.91,0,0.75,1.0,1,1,2856,3211,924,120,6
1786,0.91,0,0.75,1.0,1,1,2033,2481,328,149,4
1787,0.91,0,0.75,1.0,1,1,433,4132,528,5,2
1788,0.92,12,1.0,0.4846118980409827,0,12,4612,180,226,233,8
1789,0.91,0,0.75,1.0,1,1,4894,2661,574,141,1
1790,0.91,0,0.75,1.0,1,1,15,1613,181,96,10
1791,0.91,0,0.75,1.0,1,1,2472,4998,973,241,7
1792,0.91,0,0.75,1.0,1,1,2592,728,281,29,4
1793,0.91,0,0.75,1.0,1,1,3171,3900,26,47,5
1794,0.91,0,0.75,1.0,1,1,1728,567,724,189,6
1795,0.91,0,0.75,1.0,1,1,750,3447,423,84,9
1796,0.91,0,0.75,1.0,1,1,4305,2087,826,183,3
1797,0.91,0,0.75,1.0,1,1,4335,4412,2,79,8
1798,0.91,0,0.75,1.0,1,1,778,1163,749,158,2
1799,0.91,0,0.75,1.0,1,1,1758,2931,417,53,5
1800,0.91,0,0.75,1.0,1,1,3199,1498,833,215,6
1801,0.91,0,0.75,1.0,1,1,2601,3405,582,233,7
1802,0.91,0,0.75,1.0,1,1,2483,2284,171,2,4
1803,0.91,0,0.75,1.0,1,1,24,4251,995,146,1
1804,0.92,19,1.0,0.3980525323227494,0,19,4905,64,259,120,10
1805,0.91,0,0.75,1.0,1,1,4640,2542,918,25,3
1806,0.91,0,0.75,1.0,1,1,463,1729,336,241,9
1807,0.91,0,0.75,1.0,1,1,2062,4805,504,97,7
1808,0.91,0,0.75,1.0,1,1,2886,925,251,138,5
1809,0.91,0,0.75,1.0,1,1,3542,4018,494,182,3
1810,0.91,3,0.75,0.7214449410255918,0,4,1551,451,756,86,7
1811,0.91,0,0.75,1.0,1,1,964,3641,81,191,10
1812,0.91,0,0.75,1.0,1,1,3974,1890,669,46,1
1813,0.91,0,0.75,1.0,1,1,3809,3578,347,151,6
1814,0.91,0,0.75,1.0,1,1,1118,2141,906,118,5
1815,0.91,0,0.75,1.0,1,1,1388,3768,200,223,2
1816,0.91,0,0.75,1.0,1,1,3696,514,554,15,8
1817,0.91,0,0.75,1.0,1,1,3044,4857,799,57,10
1818,0.91,0,0.75,1.0,1,1,1913,665,451,210,2
1819,0.91,0,0.75,1.0,1,1,623,2802,650,67,4
1820,0.91,0,0.75,1.0,1,1,4491,1677,101,169,8
1821,0.91,0,0.75,1.0,1,1,4756,4157,697,203,5
1822,0.91,2,0.75,0.7792503385696964,0,3,181,282,52,33,6
1823,0.91,0,0.75,1.0,1,1,2334,3186,845,178,9
1824,0.91,0,0.75,1.0,1,1,2760,2378,405,90,2
1825,0.91,0,0.75,1.0,1,1,3353,3035,153,110,1
1826,0.91,0,0.75,1.0,1,1,1594,1289,602,128,10
1827,0.91,1,0.75,0.8607224705127958,0,2,931,4621,302,23,7
1828,0.91,0,0.75,1.0,1,1,4173,1059,952,246,3
1829,0.91,0,0.75,1.0,1,1,4073,2873,529,168,10
1830,0.91,0,0.75,1.0,1,1,826,1440,222,69,1
1831,0.91,0,0.75,1.0,1,1,1650,4470,928,205,4
1832,0.91,0,0.75,1.0,1,1,3405,1221,322,63,8
1833,0.91,0,0.75,1.0,1,1,2670,4309,79,11,6
1834,0.91,3,0.75,0.7214449410255918,0,4,2238,122,675,223,5
1835,0.91,0,0.75,1.0,1,1,247,3346,476,111,2
1836,0.91,0,0.75,1.0,1,1,4817,2226,777,156,9
1837,0.91,0,0.75,1.0,1,1,4376,4706,431,247,1
1838,0.91,0,0.75,1.0,1,1,513,827,824,19,9
1839,0.91,0,0.75,1.0,1,1,1954,2640,31,132,7
1840,0.91,0,0.75,1.0,1,1,3090,1827,723,103,3
1841,0.91,0,0.75,1.0,1,1,3611,3739,973,92,5
1842,0.91,0,0.75,1.0,1,1,1308,1988,276,176,7
1843,0.91,0,0.75,1.0,1,1,1189,3920,577,39,9
1844,0.91,6,0.75,0.6089985420620744,0,7,3885,353,174,197,3
1845,0.91,1,0.75,0.8607224705127958,0,2,4035,3865,874,124,8
1846,0.91,0,0.75,1.0,1,1,1030,611,379,145,4
1847,0.91,0,0.75,1.0,1,1,1456,3481,711,9,1
1848,0.91,0,0.75,1.0,1,1,3452,2043,43,229,10
1849,0.91,1,0.75,0.8607224705127958,0,2,2937,2705,296,216,8
1850,0.91,0,0.75,1.0,1,1,2118,1579,955,51,2
1851,0.91,0,0.75,1.0,1,1,358,4954,131,164,4
1852,0.91,0,0.75,1.0,1,1,4540,762,620,72,6
1853,0.91,0,0.75,1.0,1,1,4980,3245,210,43,4
1854,0.91,0,0.75,1.0,1,1,94,2437,540,193,7
1855,0.91,0,0.75,1.0,1,1,2403,4098,372,80,10
1856,0.91,8,0.75,0.5585006771393928,0,9,2515,223,877,187,1
1857,0.91,0,0.75,1.0,1,1,3246,4562,632,137,3
1858,0.91,0,0.75,1.0,1,1,1800,1000,122,101,9
1859,0.91,0,0.75,1.0,1,1,668,3094,797,237,6
1860,0.91,0,0.75,1.0,1,1,4221,1348,457,32,5
1861,0.91,0,0.75,1.0,1,1,4288,3301,766,194,1
1862,0.91,0,0.75,1.0,1,1,659,2234,488,41,10
1863,0.91,0,0.75,1.0,1,1,788,2620,155,203,48
1864,0.91,0,0.75,1.0,1,1,534,761,322,247,7
1865,0.91,0,0.75,1.0,1,1,3843,880,165,150,80
1866,0.91,0,0.75,1.0,1,1,1630,1465,401,210,171
1867,0.91,0,0.75,1.0,1,1,956,4561,602,139,57
1868,0.91,0,0.75,1.0,1,1,77,1440,925,187,15
1869,0.91,0,0.75,1.0,1,1,2818,3809,968,152,23
1870,0.91,0,0.75,1.0,1,1,3189,1918,511,165,32
1871,0.91,0,0.75,1.0,1,1,1027,83,803,226,218
1872,0.91,0,0.75,1.0,1,1,3488,3446,354,242,127
1873,0.91,0,0.75,1.0,1,1,1896,1060,566,3,2
1874,0.91,0,0.75,1.0,1,1,2532,326,185,194,179
1875,0.91,0,0.75,1.0,1,1,435,2318,380,137,72
1876,0.91,0,0.75,1.0,1,1,3939,2447,108,235,30
1877,0.91,0,0.75,1.0,1,1,1111,2696,487,116,8
1878,0.91,0,0.75,1.0,1,1,2436,2068,975,200,118
1879,0.91,0,0.75,1.0,1,1,1556,3928,548,250,64
1880,0.91,0,0.75,1.0,1,1,3073,2866,771,231,87
1881,0.91,0,0.75,1.0,1,1,3405,986,689,219,109
1882,0.91,0,0.75,1.0,1,1,4573,4108,210,101,16
1883,0.91,0,0.75,1.0,1,1,907,597,195,133,27
1884,0.91,0,0.75,1.0,1,1,1245,4001,912,212,183
1885,0.91,0,0.75,1.0,1,1,3290,3337,651,148,68
1886,0.91,0,0.75,1.0,1,1,3035,198,829,162,113
1887,0.91,0,0.75,1.0,1,1,4359,4576,341,30,14
1888,0.91,0,0.75,1.0,1,1,249,2112,610,230,139
1889,0.91,0,0.75,1.0,1,1,4298,1296,592,214,88
1890,0.91,0,0.75,1.0,1,1,2975,3174,73,98,38
1891,0.91,0,0.75,1.0,1,1,2360,2590,680,165,143
1892,0.92,9,1.0,0.5373300618099535,0,9,3346,53,404,80,18
1893,0.91,0,0.75,1.0,1,1,4669,4426,884,229,108
1894,0.91,0,0.75,1.0,1,1,2051,1695,458,244,48
1895,0.91,0,0.75,1.0,1,1,357,3045,206,219,172
1896,0.91,0,0.75,1.0,1,1,2616,4959,484,171,79
1897,0.91,0,0.75,1.0,1,1,4740,3693,547,37,25
1898,0.91,0,0.75,1.0,1,1,650,1156,256,207,149
1899,0.91,0,0.75,1.0,1,1,3886,1737,422,183,154
1900,0.91,0,0.75,1.0,1,1,1585,1230,143,239,97
1901,0.91,0,0.75,1.0,1,1,1917,3089,318,196,84
1902,0.91,0,0.75,1.0,1,1,751,2462,830,125,42
1903,0.91,0,0.75,1.0,1,1,4456,830,774,211,12
1904,0.91,0,0.75,1.0,1,1,2880,2083,214,92,66
1905,0.91,0,0.75,1.0,1,1,4203,2710,702,224,60
1906,0.91,0,0.75,1.0,1,1,15,4411,178,119,89
1907,0.92,4,1.0,0.6766075912971576,0,4,1339,39,658,189,37
1908,0.91,0,0.75,1.0,1,1,2335,3149,865,237,18
1909,0.91,0,0.75,1.0,1,1,4718,419,292,222,76
1910,0.91,0,0.75,1.0,1,1,3550,4791,811,90,50
1911,0.91,0,0.75,1.0,1,1,1668,4134,442,157,130
1912,0.91,0,0.75,1.0,1,1,2633,1671,727,103,4
1913,0.91,0,0.75,1.0,1,1,3800,3548,248,206,121
1914,0.91,0,0.75,1.0,1,1,574,3717,270,178,44
1915,0.91,0,0.75,1.0,1,1,413,1220,439,120,40
1916,0.91,0,0.75,1.0,1,1,2788,4175,559,161,16
1917,0.91,0,0.75,1.0,1,1,3706,2294,983,148,56
1918,0.91,0,0.75,1.0,1,1,829,381,705,213,196
1919,0.91,0,0.75,1.0,1,1,1167,3773,425,133,101
1920,0.91,0,0.75,1.0,1,1,2499,645,913,62,26
1921,0.91,0,0.75,1.0,1,1,3114,155,337,246,171
1922,0.91,0,0.75,1.0,1,1,171,1913,103,178,80
1923,0.91,0,0.75,1.0,1,1,172,2526,785,127,105
1924,0.91,0,0.75,1.0,1,1,3108,4519,530,202,145
1925,0.91,0,0.75,1.0,1,1,1495,1904,305,57,21
1926,0.91,0,0.75,1.0,1,1,3362,1399,947,248,160
1927,0.91,0,0.75,1.0,1,1,1168,657,742,176,90
1928,0.91,0,0.75,1.0,1,1,3707,2926,169,160,3
1929,0.91,0,0.75,1.0,1,1,2790,1036,374,142,53
1930,0.91,0,0.75,1.0,1,1,419,4352,631,77,29
1931,0.91,0,0.75,1.0,1,1,569,1855,585,128,22
1932,0.91,0,0.75,1.0,1,1,3809,1663,931,225,64
1933,0.91,1,0.75,0.8607224705127958,0,2,2631,3540,420,91,61
1934,0.91,0,0.75,1.0,1,1,1996,2888,832,150,135
1935,0.91,3,0.75,0.7214449410255918,0,4,3550,429,119,110,10
1936,0.91,0,0.75,1.0,1,1,4727,4802,607,210,116
1937,0.91,0,0.75,1.0,1,1,1010,3157,537,126,86
1938,0.91,0,0.75,1.0,1,1,2344,1280,48,194,40
1939,0.91,0,0.75,1.0,1,1,1348,4401,475,240,31
1940,0.91,0,0.75,1.0,1,1,4206,2071,385,205,7
1941,0.91,0,0.75,1.0,1,1,3127,839,572,89,77
1942,0.91,0,0.75,1.0,1,1,4460,3961,93,223,49
1943,0.91,0,0.75,1.0,1,1,745,3101,23,74,17
1944,0.91,1,0.75,0.8607224705127958,0,2,4796,481,812,185,141
1945,0.91,0,0.75,1.0,1,1,1921,2474,503,238,109
1946,0.91,0,0.75,1.0,1,1,1589,4343,958,189,87
1947,0.91,0,0.75,1.0,1,1,2610,574,668,152,104
1948,0.91,0,0.75,1.0,1,1,3786,4952,189,36,22
1949,0.91,0,0.75,1.0,1,1,358,2410,895,208,146
1950,0.91,0,0.75,1.0,1,1,591,4816,330,71,65
1951,0.91,2,0.75,0.7792503385696964,0,3,1767,444,818,249,61
1952,0.91,0,0.75,1.0,1,1,2060,3564,643,201,11
1953,0.92,3,1.0,0.7214449410255918,0,3,4677,43,202,217,83
1954,0.91,0,0.75,1.0,1,1,3345,4415,713,99,43
1955,0.91,0,0.75,1.0,1,1,2974,1304,763,86,29
1956,0.91,0,0.75,1.0,1,1,4306,3182,275,234,97
1957,0.91,0,0.75,1.0,1,1,250,2747,303,219,180
1958,0.91,0,0.75,1.0,1,1,3283,1454,469,159,125
1959,0.91,0,0.75,1.0,1,1,4617,3327,949,29,1
1960,0.91,0,0.75,1.0,1,1,1246,868,221,231,126
1961,0.91,0,0.75,1.0,1,1,900,4966,879,175,33
1962,0.91,0,0.75,1.0,1,1,3629,2974,685,247,218
1963,0.91,0,0.75,1.0,1,1,4591,4676,407,179,175
1964,0.91,0,0.75,1.0,1,1,1106,2057,677,66,50
1965,0.91,0,0.75,1.0,1,1,4900,1196,747,228,19
1966,0.91,0,0.75,1.0,1,1,2766,2459,311,97,90
1967,0.91,0,0.75,1.0,1,1,3943,3086,791,215,36
1968,0.91,0,0.75,1.0,1,1,434,2932,695,188,114
1969,0.91,0,0.75,1.0,1,1,2537,4690,994,237,138
1970,0.91,0,0.75,1.0,1,1,3495,1580,545,191,184
1971,0.91,0,0.75,1.0,1,1,727,1072,770,138,68
1972,0.91,0,0.75,1.0,1,1,3188,2550,329,153,26
1973,0.91,0,0.75,1.0,1,1,2817,670,152,172,45
1974,0.91,0,0.75,1.0,1,1,155,1334,413,221,206
1975,0.91,0,0.75,1.0,1,1,71,3302,243,137,52
1976,0.91,5,0.75,0.6399728090824923,0,6,950,191,285,182,4
1977,0.91,0,0.75,1.0,1,1,651,4289,565,226,159
1978,0.91,0,0.75,1.0,1,1,3567,3703,874,166,92
1979,0.91,0,0.75,1.0,1,1,1305,2382,437,184,52
1980,0.91,0,0.75,1.0,1,1,2223,4242,106,141,3
1981,0.91,0,0.75,1.0,1,1,4840,2138,555,157,91
1982,0.91,0,0.75,1.0,1,1,3507,2761,37,39,35
1983,0.91,0,0.75,1.0,1,1,1878,224,759,206,160
1984,0.91,0,0.75,1.0,1,1,1624,3355,717,222,146
1985,0.91,0,0.75,1.0,1,1,2510,891,492,22,20
1986,0.91,0,0.75,1.0,1,1,3844,4019,971,170,106
1987,0.91,0,0.75,1.0,1,1,531,3874,514,197,60
1988,0.91,0,0.75,1.0,1,1,784,2005,962,247,12
1989,0.91,0,0.75,1.0,1,1,4579,995,891,82,42
1990,0.91,0,0.75,1.0,1,1,3402,4117,380,230,84
1991,0.91,0,0.75,1.0,1,1,4247,2855,569,97,29
1992,0.91,0,0.75,1.0,1,1,226,3937,846,113,6
1993,0.91,0,0.75,1.0,1,1,1561,815,365,199,120
1994,0.91,0,0.75,1.0,1,1,2439,2684,158,243,76
1995,0.91,0,0.75,1.0,1,1,2401,347,247,174,102
1996,0.91,0,0.75,1.0,1,1,1444,3458,296,128,79
1997,0.91,0,0.75,1.0,1,1,267,1586,808,60,47
1998,0.91,0,0.75,1.0,1,1,2996,3111,254,176,130
1999,0.91,2,0.75,0.7792503385696964,0,3,1461,497,541,68,5
2000,0.91,0,0.75,1.0,1,1,2379,3626,998,117,51
2001,0.91,0,0.75,1.0,1,1,1203,1749,479,203,75
2002,0.91,0,0.75,1.0,1,1,3664,4646,928,218,19
2003,0.91,0,0.75,1.0,1,1,2667,1507,595,232,37
2004,0.91,0,0.75,1.0,1,1,375,3259,403,49,14
2005,0.91,0,0.75,1.0,1,1,3764,644,674,195,138
2006,0.91,0,0.75,1.0,1,1,1707,1386,891,135,112
2007,0.91,0,0.75,1.0,1,1,1961,4497,590,183,68
2008,0.91,0,0.75,1.0,1,1,4760,2505,850,239,182
2009,0.91,0,0.75,1.0,1,1,1381,2904,232,211,207
2010,0.91,0,0.75,1.0,1,1,4090,4739,458,151,44
2011,0.91,0,0.75,1.0,1,1,771,1313,527,171,134
2012,0.91,0,0.75,1.0,1,1,1068,2840,370,236,42
2013,0.91,0,0.75,1.0,1,1,1287,4093,681,121,95
2014,0.91,0,0.75,1.0,1,1,111,971,169,192,31
2015,0.91,0,0.75,1.0,1,1,2931,3651,190,225,8
2016,0.91,0,0.75,1.0,1,1,3223,512,272,209,48
2017,0.91,0,0.75,1.0,1,1,4401,4884,751,107,78
2018,0.91,0,0.75,1.0,1,1,684,3408,821,194,109
2019,0.91,0,0.75,1.0,1,1,2018,1531,341,122,17
2020,0.91,0,0.75,1.0,1,1,1647,4660,136,79,38
2021,0.91,0,0.75,1.0,1,1,2653,2045,909,181,163
2022,0.91,1,0.75,0.8607224705127958,0,2,313,288,655,241,88
2023,0.92,9,1.0,0.5373300618099535,0,9,4062,105,863,144,14
2024,0.91,0,0.75,1.0,1,1,2095,3821,900,235,194
2025,0.91,0,0.75,1.0,1,1,4940,3234,664,159,56
2026,0.91,0,0.75,1.0,1,1,4634,2340,443,250,149
2027,0.91,0,0.75,1.0,1,1,1135,3016,579,191,154
2028,0.91,0,0.75,1.0,1,1,4562,553,372,53,30
2029,0.91,0,0.75,1.0,1,1,3394,4931,860,139,96
2030,0.91,0,0.75,1.0,1,1,3102,1810,683,187,84
2031,0.91,0,0.75,1.0,1,1,178,1146,881,235,167
2032,0.91,0,0.75,1.0,1,1,4263,1139,317,164,72
2033,0.91,0,0.75,1.0,1,1,2473,4933,416,214,127
2034,0.91,0,0.75,1.0,1,1,3380,2396,628,45,2
2035,0.91,0,0.75,1.0,1,1,4557,3019,149,146,124
2036,0.91,0,0.75,1.0,1,1,2174,916,698,130,32
2037,0.91,0,0.75,1.0,1,1,1803,2776,782,180,24
2038,0.91,0,0.75,1.0,1,1,3977,4533,533,244,228
2039,0.91,0,0.75,1.0,1,1,3905,1990,225,105,63
2040,0.91,0,0.75,1.0,1,1,2572,2617,736,207,63
2041,0.91,0,0.75,1.0,1,1,3451,727,787,220,117
2042,0.91,0,0.75,1.0,1,1,4783,3849,299,89,9
2043,0.91,0,0.75,1.0,1,1,2022,3919,174,216,113
2044,0.91,0,0.75,1.0,1,1,4694,3411,390,144,139
2045,0.91,0,0.75,1.0,1,1,700,796,662,101,13
2046,0.91,0,0.75,1.0,1,1,4405,2438,733,201,44
2047,0.91,0,0.75,1.0,1,1,3238,3065,245,116,82
2048,0.91,0,0.75,1.0,1,1,4112,4298,806,250,27
2049,0.91,0,0.75,1.0,1,1,1273,1705,834,214,3
2050,0.91,0,0.75,1.0,1,1,2230,4835,627,228,53
2051,0.91,0,0.75,1.0,1,1,1063,462,146,80,73
2052,0.91,0,0.75,1.0,1,1,4769,1325,216,244,105
2053,0.91,0,0.75,1.0,1,1,3446,3202,696,64,21
2054,0.91,0,0.75,1.0,1,1,1954,740,474,180,145
2055,0.92,2,1.0,0.7792503385696964,0,2,2566,64,780,113,35
2056,0.91,0,0.75,1.0,1,1,3891,4436,261,199,91
2057,0.91,0,0.75,1.0,1,1,484,4551,227,172,12
2058,0.91,0,0.75,1.0,1,1,855,1411,301,155,60
2059,0.91,0,0.75,1.0,1,1,2662,3982,889,76,69
2060,0.91,0,0.75,1.0,1,1,3658,2092,588,124,111
2061,0.91,0,0.75,1.0,1,1,4982,2719,76,196,15
2062,0.91,0,0.75,1.0,1,1,2364,1239,517,211,79
2063,0.91,0,0.75,1.0,1,1,1447,3119,944,224,102
2064,0.91,0,0.75,1.0,1,1,4333,4877,745,167,149
2065,0.91,0,0.75,1.0,1,1,279,2492,456,93,25
2066,0.91,0,0.75,1.0,1,1,263,4218,711,153,75
2067,0.91,0,0.75,1.0,1,1,3023,3476,978,209,176
2068,0.91,0,0.75,1.0,1,1,2386,2950,273,18,5
2069,0.91,0,0.75,1.0,1,1,3316,335,561,226,130
2070,0.91,0,0.75,1.0,1,1,1220,2327,754,165,121
2071,0.91,0,0.75,1.0,1,1,3603,3818,343,181,37
2072,0.91,0,0.75,1.0,1,1,2723,1948,138,137,18
2073,0.91,0,0.75,1.0,1,1,329,2666,861,86,57
2074,0.91,0,0.75,1.0,1,1,1651,2038,349,234,69
2075,0.91,0,0.75,1.0,1,1,462,4011,287,246,134
2076,0.91,0,0.75,1.0,1,1,3829,1475,516,14,9
2077,0.91,0,0.75,1.0,1,1,3502,227,453,132,64
2078,0.91,0,0.75,1.0,1,1,4825,4604,964,64,62
2079,0.91,0,0.75,1.0,1,1,716,2141,237,196,188
2080,0.91,0,0.75,1.0,1,1,1042,3746,893,148,30
2081,0.91,0,0.75,1.0,1,1,2845,2364,868,231,209
2082,0.91,0,0.75,1.0,1,1,123,607,571,163,41
2083,0.91,0,0.75,1.0,1,1,2928,2896,542,126,48
2084,0.91,0,0.75,1.0,1,1,3260,1027,1000,176,8
2085,0.91,0,0.75,1.0,1,1,962,1613,689,248,243
2086,0.91,0,0.75,1.0,1,1,643,2517,411,161,88
2087,0.91,0,0.75,1.0,1,1,1713,3754,597,41,18
2088,0.91,0,0.75,1.0,1,1,2582,1369,323,218,142
2089,0.91,0,0.75,1.0,1,1,389,627,117,142,108
2090,0.91,0,0.75,1.0,1,1,3986,860,401,240,57
2091,0.91,0,0.75,1.0,1,1,3719,1794,256,236,15
2092,0.91,0,0.75,1.0,1,1,1102,4679,839,221,80
2093,0.91,0,0.75,1.0,1,1,3429,2686,601,173,171
2094,0.91,1,0.75,0.8607224705127958,0,2,2424,306,327,87,46
2095,0.91,0,0.75,1.0,1,1,1545,3427,150,106,25
2096,0.91,0,0.75,1.0,1,1,3058,807,926,154,150
2097,0.91,0,0.75,1.0,1,1,222,1549,638,206,101
2098,0.91,1,0.75,0.8607224705127958,0,2,4251,408,915,190,124
2099,0.91,0,0.75,1.0,1,1,3085,4781,436,118,2
2100,0.91,0,0.75,1.0,1,1,1533,2245,648,141,127
2101,0.91,0,0.75,1.0,1,1,2451,4106,816,185,179
2102,0.91,0,0.75,1.0,1,1,3417,1642,104,75,53
2103,0.91,0,0.75,1.0,1,1,4583,3519,623,237,73
2104,0.91,1,0.75,0.8607224705127958,0,2,2123,10,34,221,23
2105,0.91,0,0.75,1.0,1,1,1868,3139,489,205,32
2106,0.91,0,0.75,1.0,1,1,546,1262,970,103,94
2107,0.91,0,0.75,1.0,1,1,1989,3701,432,249,187
2108,0.91,0,0.75,1.0,1,1,4729,4287,134,173,64
2109,0.91,0,0.75,1.0,1,1,4450,179,974,233,220
2110,0.91,0,0.75,1.0,1,1,2268,2171,715,158,32
2111,0.91,0,0.75,1.0,1,1,1390,4062,765,145,40
2112,0.91,0,0.75,1.0,1,1,4078,3319,550,217,211
2113,0.91,0,0.75,1.0,1,1,4155,1341,847,179,49
2114,0.91,0,0.75,1.0,1,1,1317,677,591,243,202
2115,0.91,0,0.75,1.0,1,1,4526,4462,679,132,7
2116,0.91,0,0.75,1.0,1,1,742,3440,749,45,39
2117,0.91,0,0.75,1.0,1,1,4813,1060,460,215,164
2118,0.91,0,0.75,1.0,1,1,1909,1567,230,147,87
2119,0.91,0,0.75,1.0,1,1,1616,4706,313,163,110
2120,0.91,1,0.75,0.8607224705127958,0,2,450,329,793,33,16
2121,0.91,1,0.75,0.8607224705127958,0,2,3928,533,693,122,71
2122,0.91,0,0.75,1.0,1,1,2761,4905,205,190,55
2123,0.91,0,0.75,1.0,1,1,4947,4978,319,224,190
2124,0.91,0,0.75,1.0,1,1,4621,871,538,184,98
2125,0.91,0,0.75,1.0,1,1,2408,1456,776,241,154
2126,0.91,0,0.75,1.0,1,1,1412,4576,700,195,168
2127,0.91,0,0.75,1.0,1,1,3045,2118,478,49,42
2128,0.91,0,0.75,1.0,1,1,4367,2740,988,134,83
2129,0.91,0,0.75,1.0,1,1,296,3165,968,182,126
2130,0.91,0,0.75,1.0,1,1,4312,706,241,78,1
2131,0.91,0,0.75,1.0,1,1,2988,3829,721,242,125
2132,0.91,0,0.75,1.0,1,1,3359,1969,802,193,71
2133,0.91,0,0.75,1.0,1,1,4683,2596,283,124,55
2134,0.91,0,0.75,1.0,1,1,898,4075,353,209,23
2135,0.91,0,0.75,1.0,1,1,2066,952,872,108,103
2136,0.91,0,0.75,1.0,1,1,605,2194,186,227,33
2137,0.91,0,0.75,1.0,1,1,3772,2417,332,129,116
2138,0.91,0,0.75,1.0,1,1,2604,3040,820,58,10
2139,0.91,0,0.75,1.0,1,1,1594,1731,557,95,59
2140,0.91,0,0.75,1.0,1,1,1927,4851,982,82,13
2141,0.91,0,0.75,1.0,1,1,3458,2471,196,162,137
2142,0.91,1,0.75,0.8607224705127958,0,2,759,479,494,230,113
2143,0.91,0,0.75,1.0,1,1,3141,3363,911,245,45
2144,0.92,2,1.0,0.7792503385696964,0,2,2888,252,612,197,26
2145,0.91,0,0.75,1.0,1,1,4211,4625,101,111,99
2146,0.91,0,0.75,1.0,1,1,10,2650,529,232,4
2147,0.91,0,0.75,1.0,1,1,2329,3892,467,101,75
2148,0.91,0,0.75,1.0,1,1,1006,770,947,219,51
2149,0.91,0,0.75,1.0,1,1,4711,2248,877,117,21
2150,0.91,0,0.75,1.0,1,1,3545,2875,397,203,105
2151,0.91,0,0.75,1.0,1,1,3794,4138,583,69,34
2152,0.91,0,0.75,1.0,1,1,346,1680,376,175,159
2153,0.91,0,0.75,1.0,1,1,1750,1096,422,149,11
2154,0.91,0,0.75,1.0,1,1,2082,2986,121,168,60
2155,0.91,0,0.75,1.0,1,1,3873,3510,44,74,40
2156,0.91,0,0.75,1.0,1,1,427,1047,758,186,164
2157,0.91,0,0.75,1.0,1,1,1835,1729,961,149,16
2158,0.91,0,0.75,1.0,1,1,2166,4858,504,162,56
2159,0.91,0,0.75,1.0,1,1,4868,3100,810,230,196
2160,0.91,0,0.75,1.0,1,1,2485,838,346,245,150
2161,0.91,0,0.75,1.0,1,1,1489,2699,177,197,171
2162,0.91,2,0.75,0.7792503385696964,0,3,3119,236,907,63,46
2163,0.91,0,0.75,1.0,1,1,4295,4613,388,133,80
2164,0.91,0,0.75,1.0,1,1,4296,1896,658,222,175
2165,0.91,3,0.75,0.7214449410255918,0,4,1489,138,906,170,76
2166,0.91,0,0.75,1.0,1,1,2485,3277,574,156,120
2167,0.91,0,0.75,1.0,1,1,4550,3785,865,204,131
2168,0.91,0,0.75,1.0,1,1,1162,1404,94,40,6
2169,0.91,0,0.75,1.0,1,1,1835,4168,249,238,232
2170,0.91,0,0.75,1.0,1,1,3951,3504,441,186,20
2171,0.91,0,0.75,1.0,1,1,4948,2266,610,127,33
2172,0.91,0,0.75,1.0,1,1,1751,3540,632,247,228
2173,0.91,0,0.75,1.0,1,1,4030,4126,933,175,22
2174,0.91,0,0.75,1.0,1,1,345,4236,584,210,64
2175,0.91,0,0.75,1.0,1,1,1679,1113,65,110,61
2176,0.91,0,0.75,1.0,1,1,2010,2973,396,92,10
2177,0.91,0,0.75,1.0,1,1,3544,588,687,168,135
2178,0.91,0,0.75,1.0,1,1,677,2346,876,225,116
2179,0.91,0,0.75,1.0,1,1,3216,3990,466,241,40
2180,0.91,0,0.75,1.0,1,1,4140,2748,530,125,95
2181,0.91,0,0.75,1.0,1,1,80,4527,100,223,7
2182,0.91,0,0.75,1.0,1,1,2252,3266,912,104,77
2183,0.91,0,0.75,1.0,1,1,1075,1388,424,204,49
2184,0.91,5,0.75,0.6399728090824923,0,6,4791,381,495,119,17
2185,0.91,0,0.75,1.0,1,1,3458,4754,983,189,109
2186,0.91,0,0.75,1.0,1,1,2541,1633,556,238,87
2187,0.91,0,0.75,1.0,1,1,656,4072,133,36,34
2188,0.91,0,0.75,1.0,1,1,4729,1686,920,209,159
2189,0.91,0,0.75,1.0,1,1,1988,944,643,152,92
2190,0.91,0,0.75,1.0,1,1,1695,2825,821,166,104
2191,0.91,1,0.75,0.8607224705127958,0,2,3771,4817,618,227,146
2192,0.91,1,0.75,0.8607224705127958,0,2,4012,2409,185,115,65
2193,0.91,0,0.75,1.0,1,1,2680,3037,666,201,61
2194,0.91,0,0.75,1.0,1,1,3637,1167,873,249,11
2195,0.91,0,0.75,1.0,1,1,1176,2811,284,233,83
2196,0.91,0,0.75,1.0,1,1,2352,2184,803,87,43
2197,0.91,1,0.75,0.8607224705127958,0,2,1473,4044,720,100,29
2198,0.91,0,0.75,1.0,1,1,297,921,240,217,97
2199,0.91,0,0.75,1.0,1,1,4368,27,213,232,180
2200,0.91,1,0.75,0.8607224705127958,0,2,1412,2020,477,160,72
2201,0.91,0,0.75,1.0,1,1,4622,3158,264,219,126
2202,0.91,0,0.75,1.0,1,1,1231,773,539,41,1
2203,0.91,0,0.75,1.0,1,1,222,3798,414,179,131
2204,0.91,0,0.75,1.0,1,1,4235,1335,639,65,6
2205,0.91,0,0.75,1.0,1,1,3057,3212,151,243,120
2206,0.91,3,0.75,0.7214449410255918,0,4,3429,91,326,200,76
2207,0.91,0,0.75,1.0,1,1,4606,4464,838,112,50
2208,0.91,0,0.75,1.0,1,1,811,3457,767,215,19
2209,0.91,1,0.75,0.8607224705127958,0,2,518,318,694,227,36
2210,0.91,0,0.75,1.0,1,1,3856,544,792,138,114
2211,0.91,0,0.75,1.0,1,1,2523,4921,312,54,12
2212,0.91,0,0.75,1.0,1,1,1617,2458,522,190,138
2213,0.91,0,0.75,1.0,1,1,1909,4319,939,236,184
2214,0.91,0,0.75,1.0,1,1,4814,3655,750,188,68
2215,0.91,1,0.75,0.8607224705127958,0,2,2196,299,161,173,26
2216,0.91,0,0.75,1.0,1,1,1317,3428,367,154,45
2217,0.91,0,0.75,1.0,1,1,4078,719,278,182,52
2218,0.91,0,0.75,1.0,1,1,4449,2579,203,136,4
2219,0.91,0,0.75,1.0,1,1,962,4369,480,150,27
2220,0.91,1,0.75,0.8607224705127958,0,2,2929,496,252,224,207
2221,0.91,0,0.75,1.0,1,1,44,2488,64,167,44
2222,0.91,0,0.75,1.0,1,1,2844,4770,82,141,52
2223,0.91,0,0.75,1.0,1,1,3176,1659,383,185,3
2224,0.91,0,0.75,1.0,1,1,715,4390,965,169,91
2225,0.91,0,0.75,1.0,1,1,3502,2631,724,221,160
2226,0.91,0,0.75,1.0,1,1,1639,3133,27,39,20
2227,0.91,0,0.75,1.0,1,1,2506,752,799,205,146
2228,0.91,0,0.75,1.0,1,1,461,1260,515,157,106
2229,0.91,0,0.75,1.0,1,1,3916,1477,971,246,60
2230,0.91,0,0.75,1.0,1,1,4913,4597,553,196,11
2231,0.91,0,0.75,1.0,1,1,1118,3734,622,96,42
2232,0.91,0,0.75,1.0,1,1,2451,1857,103,212,84
2233,0.91,0,0.75,1.0,1,1,1533,4996,436,231,97
2234,0.91,0,0.75,1.0,1,1,200,623,916,81,29
2235,0.91,0,0.75,1.0,1,1,3602,1530,615,216,194
2236,0.91,0,0.75,1.0,1,1,932,788,824,144,56
2237,0.91,0,0.75,1.0,1,1,4649,2425,755,59,24
2238,0.91,0,0.75,1.0,1,1,3315,3048,274,129,102
2239,0.91,0,0.75,1.0,1,1,3022,1188,191,174,79
2240,0.91,0,0.75,1.0,1,1,262,1774,499,250,172
2241,0.91,0,0.75,1.0,1,1,4333,2277,455,202,121
2242,0.91,0,0.75,1.0,1,1,3000,2904,943,118,5
2243,0.91,0,0.75,1.0,1,1,3333,1024,518,69,51
2244,0.91,0,0.75,1.0,1,1,2048,1877,589,233,19
2245,0.91,0,0.75,1.0,1,1,1794,3767,888,218,37
2246,0.91,0,0.75,1.0,1,1,618,645,400,102,88
2247,0.91,0,0.75,1.0,1,1,389,3384,841,240,138
2248,0.91,0,0.75,1.0,1,1,2583,3969,598,183,112
2249,0.91,0,0.75,1.0,1,1,3579,2109,929,135,68
2250,0.91,0,0.75,1.0,1,1,644,274,635,196,182
2251,0.91,3,0.75,0.7214449410255918,0,4,1582,161,779,220,63
2252,0.91,0,0.75,1.0,1,1,1952,3300,697,207,117
2253,0.91,0,0.75,1.0,1,1,4769,4043,991,155,134
2254,0.91,0,0.75,1.0,1,1,777,1423,217,105,9
2255,0.91,0,0.75,1.0,1,1,4492,560,147,191,41
2256,0.91,0,0.75,1.0,1,1,3159,4932,628,121,85
2257,0.91,0,0.75,1.0,1,1,4199,3680,314,235,31
2258,0.91,0,0.75,1.0,1,1,1355,1078,295,209,8
2259,0.91,0,0.75,1.0,1,1,2312,2968,244,226,48
2260,0.91,0,0.75,1.0,1,1,978,2341,732,94,78
2261,0.91,0,0.75,1.0,1,1,4695,699,661,241,109
2262,0.91,0,0.75,1.0,1,1,3518,3821,173,79,17
2263,0.91,0,0.75,1.0,1,1,2023,1362,903,181,143
2264,0.91,0,0.75,1.0,1,1,2639,1941,350,123,38
2265,0.91,0,0.75,1.0,1,1,3816,2568,862,194,88
2266,0.91,0,0.75,1.0,1,1,561,2669,656,158,14
2267,0.91,0,0.75,1.0,1,1,3977,1977,262,154,12
2268,0.91,0,0.75,1.0,1,1,2174,3203,470,220,191
2269,0.91,0,0.75,1.0,1,1,4856,3868,219,171,60
2270,0.91,1,0.75,0.8607224705127958,0,2,4557,463,934,236,154
2271,0.91,0,0.75,1.0,1,1,2474,2221,629,187,96
2272,0.91,0,0.75,1.0,1,1,1516,4090,835,139,84
2273,0.91,0,0.75,1.0,1,1,4264,3582,604,192,167
2274,0.91,0,0.75,1.0,1,1,193,963,316,52,42
2275,0.91,0,0.75,1.0,1,1,179,3585,173,146,72
2276,0.91,0,0.75,1.0,1,1,3102,4093,392,214,178
2277,0.91,0,0.75,1.0,1,1,2468,4833,859,32,2
2278,0.91,0,0.75,1.0,1,1,1135,456,371,164,124
2279,0.91,0,0.75,1.0,1,1,856,3850,526,244,219
2280,0.91,0,0.75,1.0,1,1,3674,3186,788,180,32
2281,0.91,4,0.75,0.6766075912971576,0,5,2796,75,739,131,24
2282,0.91,0,0.75,1.0,1,1,405,4534,260,88,63
2283,0.91,1,0.75,0.8607224705127958,0,2,1723,4658,353,181,18
2284,0.92,4,1.0,0.6766075912971576,0,4,3820,112,654,100,57
2285,0.91,0,0.75,1.0,1,1,2654,4485,135,216,69
2286,0.91,0,0.75,1.0,1,1,3533,1355,342,235,113
2287,0.91,0,0.75,1.0,1,1,4699,3233,822,85,13
2288,0.91,1,0.75,0.8607224705127958,0,2,994,4709,752,250,44
2289,0.91,1,0.75,0.8607224705127958,0,2,1359,3475,189,116,99
2290,0.91,0,0.75,1.0,1,1,37,1598,708,200,27
2291,0.91,0,0.75,1.0,1,1,2861,4269,682,229,3
2292,0.91,0,0.75,1.0,1,1,3154,2388,857,214,53
2293,0.91,0,0.75,1.0,1,1,4478,3016,369,98,73
2294,0.91,0,0.75,1.0,1,1,771,4025,298,198,105
2295,0.91,0,0.75,1.0,1,1,1938,903,786,114,21
2296,0.91,0,0.75,1.0,1,1,1568,2793,737,65,35
2297,0.91,0,0.75,1.0,1,1,2572,174,464,180,160
2298,0.91,0,0.75,1.0,1,1,400,2166,226,244,91
2299,0.91,0,0.75,1.0,1,1,2598,1523,890,28,18
2300,0.91,0,0.75,1.0,1,1,3765,3395,402,160,108
2301,0.91,0,0.75,1.0,1,1,612,3247,116,195,57
2302,0.91,0,0.75,1.0,1,1,1780,1370,596,125,69
2303,0.91,4,0.75,0.6766075912971576,0,5,866,137,408,239,15
2304,0.91,0,0.75,1.0,1,1,4651,1612,478,92,47
2305,0.91,0,0.75,1.0,1,1,3327,3490,997,224,79
2306,0.91,0,0.75,1.0,1,1,2995,360,542,211,101
2307,0.91,0,0.75,1.0,1,1,4319,4733,62,109,25
2308,0.91,1,0.75,0.8607224705127958,0,2,284,2274,773,151,149
2309,0.91,0,0.75,1.0,1,1,4341,1761,809,165,75
2310,0.91,0,0.75,1.0,1,1,1444,1176,506,225,176
2311,0.91,0,0.75,1.0,1,1,2401,3065,955,209,130
2312,0.91,1,0.75,0.8607224705127958,0,2,3311,523,246,35,5
2313,0.91,1,0.75,0.8607224705127958,0,2,4633,4901,734,153,121
2314,0.91,0,0.75,1.0,1,1,2094,1537,176,138,37
2315,0.91,0,0.75,1.0,1,1,1133,1132,892,189,73
2316,0.91,0,0.75,1.0,1,1,3750,2768,452,206,23
2317,0.91,0,0.75,1.0,1,1,457,3882,972,63,9
2318,0.91,1,0.75,0.8607224705127958,0,2,3843,1262,197,197,134
2319,0.91,1,0.75,0.8607224705127958,0,2,1623,755,493,132,117
2320,0.91,0,0.75,1.0,1,1,4840,4382,280,247,188
2321,0.91,0,0.75,1.0,1,1,4494,977,624,162,30
2322,0.91,0,0.75,1.0,1,1,2223,1641,815,230,220
2323,0.91,0,0.75,1.0,1,1,1304,4782,646,212,210
2324,0.91,0,0.75,1.0,1,1,4162,2868,918,147,41
2325,0.91,0,0.75,1.0,1,1,4091,2491,744,248,203
2326,0.91,1,0.75,0.8607224705127958,0,2,1382,499,944,176,48
2327,0.91,0,0.75,1.0,1,1,2300,3620,520,127,8
2328,0.91,0,0.75,1.0,1,1,3593,4634,591,42,38
2329,0.91,0,0.75,1.0,1,1,1962,2093,361,218,163
2330,0.91,0,0.75,1.0,1,1,1708,3982,163,232,142
2331,0.91,1,0.75,0.8607224705127958,0,2,2538,2446,208,147,110
2332,0.91,0,0.75,1.0,1,1,3860,3068,696,44,16
2333,0.91,1,0.75,0.8607224705127958,0,2,434,532,481,215,142
2334,0.91,0,0.75,1.0,1,1,514,2950,790,72,71
2335,0.91,0,0.75,1.0,1,1,1837,2322,311,237,55
2336,0.91,0,0.75,1.0,1,1,2130,4182,229,191,15
2337,0.91,0,0.75,1.0,1,1,807,1059,748,122,111
2338,0.91,0,0.75,1.0,1,1,4590,1920,678,206,80
2339,0.91,0,0.75,1.0,1,1,3424,2547,159,106,46
2340,0.91,0,0.75,1.0,1,1,1559,3214,595,172,150
2341,0.91,0,0.75,1.0,1,1,3053,678,364,88,25
2342,0.91,0,0.75,1.0,1,1,4220,3800,845,221,101
2343,0.91,0,0.75,1.0,1,1,215,2991,568,237,124
2344,0.91,0,0.75,1.0,1,1,3070,4984,871,184,127
2345,0.91,0,0.75,1.0,1,1,1538,2364,80,75,2
2346,0.91,0,0.75,1.0,1,1,2456,4254,381,119,53
2347,0.91,0,0.75,1.0,1,1,2357,4552,712,242,71
2348,0.91,0,0.75,1.0,1,1,4678,2795,976,182,179
2349,0.91,3,0.75,0.7214449410255918,0,4,1190,180,201,78,55
2350,0.91,0,0.75,1.0,1,1,4975,1824,130,226,23
2351,0.91,0,0.75,1.0,1,1,2694,581,819,108,93
2352,0.91,0,0.75,1.0,1,1,4017,4953,331,208,33
2353,0.91,0,0.75,1.0,1,1,357,4815,188,173,116
2354,0.91,0,0.75,1.0,1,1,2609,2822,377,249,135
2355,0.91,0,0.75,1.0,1,1,1681,437,667,11,10
2356,0.91,0,0.75,1.0,1,1,650,1694,356,129,64
2357,0.91,0,0.75,1.0,1,1,3268,4432,805,145,32
2358,0.91,0,0.75,1.0,1,1,2896,1293,722,158,40
2359,0.91,0,0.75,1.0,1,1,71,707,967,234,211
2360,0.91,0,0.75,1.0,1,1,155,3934,641,131,49
2361,0.91,0,0.75,1.0,1,1,1034,2064,839,179,7
2362,0.91,1,0.75,0.8607224705127958,0,2,3495,4336,257,164,87
2363,0.91,0,0.75,1.0,1,1,4378,3333,538,231,51
2364,0.91,0,0.75,1.0,1,1,673,4977,608,69,21
2365,0.91,0,0.75,1.0,1,1,4726,2363,320,175,147
2366,0.91,0,0.75,1.0,1,1,1995,605,120,247,105
2367,0.91,0,0.75,1.0,1,1,1664,3716,419,204,92
2368,0.91,0,0.75,1.0,1,1,341,1838,930,117,34
2369,0.91,0,0.75,1.0,1,1,2711,3552,67,169,11
2370,0.91,0,0.75,1.0,1,1,3629,413,398,150,60
2371,0.91,0,0.75,1.0,1,1,1246,3151,948,134,98
2372,0.91,0,0.75,1.0,1,1,3284,3893,741,194,154
2373,0.91,0,0.75,1.0,1,1,2413,1278,468,50,28
2374,0.91,0,0.75,1.0,1,1,3030,2022,782,240,168
2375,0.91,1,0.75,0.8607224705127958,0,2,251,30,532,184,83
2376,0.91,0,0.75,1.0,1,1,311,3319,276,123,1
2377,0.91,0,0.75,1.0,1,1,4307,934,550,137,126
2378,0.91,0,0.75,1.0,1,1,1478,1441,764,193,125
2379,0.91,0,0.75,1.0,1,1,4285,2702,786,20,9
2380,0.91,0,0.75,1.0,1,1,170,4626,826,205,175
2381,0.91,0,0.75,1.0,1,1,3114,2711,613,156,76
2382,0.91,0,0.75,1.0,1,1,3368,821,914,170,120
2383,0.91,0,0.75,1.0,1,1,4535,3949,426,21,6
2384,0.91,0,0.75,1.0,1,1,1166,1485,650,223,131
2385,0.91,0,0.75,1.0,1,1,829,3093,497,185,36
2386,0.91,0,0.75,1.0,1,1,496,1223,47,140,20
2387,0.91,0,0.75,1.0,1,1,3878,1045,440,229,67
2388,0.91,0,0.75,1.0,1,1,2555,4167,959,83,59
2389,0.91,0,0.75,1.0,1,1,1922,4761,293,148,137
2390,0.91,0,0.75,1.0,1,1,3472,2298,502,96,13
2391,0.91,0,0.75,1.0,1,1,1089,3786,92,111,81
2392,0.91,0,0.75,1.0,1,1,2258,663,571,198,45
2393,0.91,0,0.75,1.0,1,1,1261,2523,905,246,26
2394,0.92,10,1.0,0.5181789107262775,0,10,4124,204,986,219,4
2395,0.91,1,0.75,0.8607224705127958,0,2,2952,214,659,82,70
2396,0.91,0,0.75,1.0,1,1,4128,4587,179,230,57
2397,0.91,0,0.75,1.0,1,1,92,2534,701,118,93
2398,0.91,0,0.75,1.0,1,1,1270,1907,213,202,33
2399,0.91,0,0.75,1.0,1,1,2266,3776,264,248,24
2400,0.91,0,0.75,1.0,1,1,4805,2286,831,232,72
2401,0.91,0,0.75,1.0,1,1,3471,2913,319,84,54
2402,0.91,0,0.75,1.0,1,1,1586,3512,934,142,127
2403,0.91,0,0.75,1.0,1,1,2553,1054,142,102,2
2404,0.91,0,0.75,1.0,1,1,3887,4176,630,218,124
2405,0.91,0,0.75,1.0,1,1,490,4339,855,183,41
2406,0.91,0,0.75,1.0,1,1,2789,3597,583,239,210
2407,0.91,0,0.75,1.0,1,1,822,2479,687,135,30
2408,0.91,0,0.75,1.0,1,1,1168,3374,467,211,187
2409,0.91,0,0.75,1.0,1,1,3361,3960,222,151,63
2410,0.91,0,0.75,1.0,1,1,3108,2079,305,167,117
2411,0.91,0,0.75,1.0,1,1,1482,3311,72,236,68
2412,0.91,0,0.75,1.0,1,1,4298,4053,368,187,183
2413,0.91,0,0.75,1.0,1,1,305,1433,591,73,58
2414,0.91,0,0.75,1.0,1,1,249,4400,340,141,108
2415,0.92,10,1.0,0.5181789107262775,0,10,1426,22,828,55,17
2416,0.91,0,0.75,1.0,1,1,3290,781,424,237,163
2417,0.91,0,0.75,1.0,1,1,1246,1289,141,185,88
2418,0.91,0,0.75,1.0,1,1,3628,4798,708,170,8
2419,0.91,0,0.75,1.0,1,1,2710,1669,757,157,47
2420,0.91,0,0.75,1.0,1,1,575,1005,557,205,203
2421,0.91,0,0.75,1.0,1,1,335,3724,249,66,24
2422,0.91,0,0.75,1.0,1,1,3800,1105,960,178,150
2423,0.91,0,0.75,1.0,1,1,1667,1846,728,246,102
2424,0.91,0,0.75,1.0,1,1,1999,4967,810,197,79
2425,0.91,0,0.75,1.0,1,1,666,595,291,111,46
2426,0.91,0,0.75,1.0,1,1,4382,1448,345,212,15
2427,0.91,0,0.75,1.0,1,1,149,818,449,174,11
2428,0.91,0,0.75,1.0,1,1,2895,3176,414,146,19
2429,0.92,5,1.0,0.6399728090824923,0,5,3266,47,113,165,37
2430,0.91,0,0.75,1.0,1,1,956,1960,327,229,214
2431,0.91,0,0.75,1.0,1,1,649,3556,546,180,121
2432,0.91,0,0.75,1.0,1,1,3573,4064,768,244,130
2433,0.91,0,0.75,1.0,1,1,1983,1684,58,16,5
2434,0.91,0,0.75,1.0,1,1,1690,4823,485,62,51
2435,0.91,0,0.75,1.0,1,1,2615,2203,692,198,175
2436,0.91,1,0.75,0.8607224705127958,0,2,356,445,996,130,75
2437,0.91,0,0.75,1.0,1,1,4021,570,521,220,28
2438,0.91,0,0.75,1.0,1,1,3645,1832,459,105,82
2439,0.91,0,0.75,1.0,1,1,4978,3709,939,207,44
2440,0.91,0,0.75,1.0,1,1,1184,4562,885,120,14
2441,0.91,0,0.75,1.0,1,1,4669,2182,160,139,138
2442,0.91,0,0.75,1.0,1,1,2361,190,405,192,112
2443,0.91,0,0.75,1.0,1,1,1539,3003,772,126,58
2444,0.91,0,0.75,1.0,1,1,206,2376,253,194,67
2445,0.91,0,0.75,1.0,1,1,3052,3791,549,107,35
2446,0.91,0,0.75,1.0,1,1,2435,4473,203,165,146
2447,0.91,0,0.75,1.0,1,1,3423,1932,974,95,20
2448,0.91,0,0.75,1.0,1,1,4599,2559,486,226,106
2449,0.91,0,0.75,1.0,1,1,806,4191,431,78,73
2450,0.91,0,0.75,1.0,1,1,2138,1069,919,242,53
2451,0.91,0,0.75,1.0,1,1,1845,2938,620,194,3
2452,0.91,0,0.75,1.0,1,1,436,4914,666,235,167
2453,0.91,0,0.75,1.0,1,1,2532,3077,898,159,84
2454,0.91,0,0.75,1.0,1,1,3489,1197,567,144,97
2455,0.91,0,0.75,1.0,1,1,4821,4324,86,43,29
2456,0.91,0,0.75,1.0,1,1,729,1783,873,216,154
2457,0.91,0,0.75,1.0,1,1,3190,4670,283,200,191
2458,0.91,0,0.75,1.0,1,1,2819,1560,241,250,239
2459,0.91,0,0.75,1.0,1,1,1383,4868,130,134,11
2460,0.91,0,0.75,1.0,1,1,4168,2236,234,160,19
2461,0.91,0,0.75,1.0,1,1,1304,400,455,232,231
2462,0.91,0,0.75,1.0,1,1,4501,4117,309,143,36
2463,0.91,0,0.75,1.0,1,1,707,2634,364,56,5
2464,0.91,2,0.75,0.7792503385696964,0,3,4838,18,587,203,131
2465,0.91,0,0.75,1.0,1,1,1883,2011,852,127,120
2466,0.91,0,0.75,1.0,1,1,1629,3871,675,175,77
2467,0.91,0,0.75,1.0,1,1,3842,3128,889,247,175
2468,0.91,0,0.75,1.0,1,1,3922,897,323,110,100
2469,0.91,0,0.75,1.0,1,1,2745,4020,842,210,26
2470,0.91,0,0.75,1.0,1,1,3742,2130,634,225,45
2471,0.91,0,0.75,1.0,1,1,4918,2757,154,91,82
2472,0.91,0,0.75,1.0,1,1,1125,4245,209,240,113
2473,0.91,0,0.75,1.0,1,1,3406,3737,481,184,138
2474,0.91,0,0.75,1.0,1,1,2457,1123,688,76,13
2475,0.91,0,0.75,1.0,1,1,4342,3644,125,154,117
2476,0.91,2,0.75,0.7792503385696964,0,3,4325,371,869,89,35
2477,0.91,0,0.75,1.0,1,1,2992,4743,357,223,92
2478,0.91,0,0.75,1.0,1,1,3323,1604,182,204,104
2479,0.91,0,0.75,1.0,1,1,4657,3482,670,104,22
2480,0.91,0,0.75,1.0,1,1,1211,1018,383,156,146
2481,0.91,0,0.75,1.0,1,1,863,4499,725,188,52
2482,0.9,0,0.5,1.0,0,2,2040,126,238,120,74
2483,0.91,0,0.75,1.0,1,1,609,1378,798,238,4
2484,0.91,0,0.75,1.0,1,1,3766,1512,719,149,83
2485,0.91,0,0.75,1.0,1,1,2589,3385,200,47,43
2486,0.91,0,0.75,1.0,1,1,1702,849,970,213,168
2487,0.91,0,0.75,1.0,1,1,1956,2728,553,229,153
2488,0.91,2,0.75,0.7792503385696964,0,3,3585,264,281,31,29
2489,0.91,0,0.75,1.0,1,1,4762,4642,761,161,98
2490,0.91,0,0.75,1.0,1,1,2301,1757,335,177,61
2491,0.91,0,0.75,1.0,1,1,3145,3027,42,234,16
2492,0.91,0,0.75,1.0,1,1,2852,1137,497,217,56
2493,0.91,0,0.75,1.0,1,1,4186,4260,977,99,70
2494,0.91,0,0.75,1.0,1,1,33,3467,393,243,33
2495,0.91,0,0.75,1.0,1,1,2322,4719,580,113,104
2496,0.91,3,0.75,0.7214449410255918,0,4,990,347,69,199,22
2497,0.91,0,0.75,1.0,1,1,3529,3241,525,215,71
2498,0.91,0,0.75,1.0,1,1,2650,102,952,228,125
2499,0.91,0,0.75,1.0,1,1,3827,4474,464,80,1
2500,0.91,0,0.75,1.0,1,1,323,1937,738,164,126
2501,0.91,4,0.75,0.6766075912971576,0,5,1724,289,535,138,40
2502,0.91,0,0.75,1.0,1,1,2096,3400,992,188,31
2503,0.91,0,0.75,1.0,1,1,4933,3908,697,236,220
2504,0.91,0,0.75,1.0,1,1,4635,515,419,172,65
2505,0.91,0,0.75,1.0,1,1,1438,4309,315,206,135
2506,0.91,0,0.75,1.0,1,1,3009,1772,605,38,9
2507,0.91,0,0.75,1.0,1,1,3393,2851,751,217,184
2508,0.91,0,0.75,1.0,1,1,1507,3577,499,27,13
2509,0.91,0,0.75,1.0,1,1,3101,962,709,233,138
2510,0.91,0,0.75,1.0,1,1,184,1704,979,157,113
2511,0.91,0,0.75,1.0,1,1,4263,1716,295,243,141
2512,0.91,0,0.75,1.0,1,1,2479,2834,445,136,87
2513,0.91,0,0.75,1.0,1,1,4556,4826,245,193,164
2514,0.91,0,0.75,1.0,1,1,1146,2212,956,51,39
2515,0.91,0,0.75,1.0,1,1,4862,728,901,151,7
2516,0.91,0,0.75,1.0,1,1,1802,4445,860,226,203
2517,0.91,0,0.75,1.0,1,1,3983,2609,579,166,49
2518,0.91,0,0.75,1.0,1,1,392,2781,907,201,100
2519,0.91,0,0.75,1.0,1,1,1568,2154,428,115,26
2520,0.91,0,0.75,1.0,1,1,1940,4034,97,71,46
2521,0.91,0,0.75,1.0,1,1,3454,1420,824,173,171
2522,0.91,0,0.75,1.0,1,1,762,912,615,249,80
2523,0.91,0,0.75,1.0,1,1,2645,2577,533,72,28
2524,0.91,1,0.75,0.8607224705127958,0,2,1660,114,262,187,153
2525,0.91,0,0.75,1.0,1,1,3524,687,990,122,43
2526,0.91,0,0.75,1.0,1,1,4691,3809,471,191,83
2527,0.91,0,0.75,1.0,1,1,2308,2331,936,207,10
2528,0.91,0,0.75,1.0,1,1,1352,4212,603,221,60
2529,0.91,0,0.75,1.0,1,1,27,1089,123,87,66
2530,0.91,0,0.75,1.0,1,1,4190,1813,506,192,36
2531,0.91,0,0.75,1.0,1,1,4483,4924,955,242,20
2532,0.91,0,0.75,1.0,1,1,777,3290,899,93,50
2533,0.91,0,0.75,1.0,1,1,1944,1413,388,227,76
2534,0.91,0,0.75,1.0,1,1,3894,2784,351,152,131
2535,0.91,3,0.75,0.7214449410255918,0,4,407,169,577,108,6
2536,0.91,0,0.75,1.0,1,1,2802,4443,429,173,45
2537,0.91,0,0.75,1.0,1,1,3681,1322,98,130,27
2538,0.91,0,0.75,1.0,1,1,1142,4844,563,145,67
2539,0.91,0,0.75,1.0,1,1,2584,851,288,140,71
2540,0.91,0,0.75,1.0,1,1,1790,633,198,230,31
2541,0.91,0,0.75,1.0,1,1,2044,2514,279,213,40
2542,0.91,0,0.75,1.0,1,1,878,1886,759,95,86
2543,0.91,0,0.75,1.0,1,1,4662,1036,813,197,116
2544,0.91,0,0.75,1.0,1,1,3339,4158,333,111,10
2545,0.91,0,0.75,1.0,1,1,3007,2268,128,67,62
2546,0.91,0,0.75,1.0,1,1,4329,2895,647,245,64
2547,0.91,0,0.75,1.0,1,1,256,3642,681,200,147
2548,0.91,0,0.75,1.0,1,1,4347,1179,395,60,21
2549,0.91,0,0.75,1.0,1,1,3023,4306,883,132,105
2550,0.91,0,0.75,1.0,1,1,3316,2436,582,179,92
2551,0.91,1,0.75,0.8607224705127958,0,2,1213,523,857,244,159
2552,0.91,0,0.75,1.0,1,1,933,3925,15,163,4
2553,0.91,0,0.75,1.0,1,1,2717,277,224,215,199
2554,0.91,0,0.75,1.0,1,1,563,2034,466,146,52
2555,0.91,0,0.75,1.0,1,1,1119,1867,307,84,16
2556,0.91,3,0.75,0.7214449410255918,0,4,4904,233,362,247,48
2557,0.91,0,0.75,1.0,1,1,3908,3343,162,203,6
2558,0.91,0,0.75,1.0,1,1,467,3141,325,168,80
2559,0.91,0,0.75,1.0,1,1,1889,4379,636,34,25
2560,0.91,0,0.75,1.0,1,1,3501,1993,409,210,151
2561,0.91,2,0.75,0.7792503385696964,0,3,721,1,156,150,101
2562,0.91,0,0.75,1.0,1,1,3182,3523,691,135,56
2563,0.91,2,0.75,0.7792503385696964,0,3,2850,403,774,184,15
2564,0.91,0,0.75,1.0,1,1,121,2238,540,241,235
2565,0.91,0,0.75,1.0,1,1,45,3123,870,155,23
2566,0.91,0,0.75,1.0,1,1,3255,1740,892,223,218
2567,0.91,0,0.75,1.0,1,1,963,1232,672,170,34
2568,0.91,0,0.75,1.0,1,1,637,4635,450,239,126
2569,0.91,1,0.75,0.8607224705127958,0,2,4747,2098,727,6,1
2570,0.91,0,0.75,1.0,1,1,3581,2721,239,186,125
2571,0.91,0,0.75,1.0,1,1,1911,1205,132,193,127
2572,0.91,0,0.75,1.0,1,1,1617,3075,329,241,179
2573,0.91,0,0.75,1.0,1,1,3851,4911,110,181,72
2574,0.91,0,0.75,1.0,1,1,527,4698,377,216,30
2575,0.91,1,0.75,0.8607224705127958,0,2,1851,326,896,100,96
2576,0.91,0,0.75,1.0,1,1,2144,3446,564,86,85
2577,0.91,0,0.75,1.0,1,1,820,1569,85,234,41
2578,0.91,0,0.75,1.0,1,1,1097,2541,804,174,134
2579,0.92,15,1.0,0.4428898820511835,0,15,4605,83,30,70,8
2580,0.91,0,0.75,1.0,1,1,3437,4456,511,250,118
2581,0.91,0,0.75,1.0,1,1,3066,1345,966,201,64
2582,0.91,0,0.75,1.0,1,1,4233,3222,447,115,62
2583,0.91,0,0.75,1.0,1,1,201,4988,233,101,39
2584,0.91,0,0.75,1.0,1,1,1525,615,743,219,87
2585,0.91,0,0.75,1.0,1,1,2443,3744,795,232,110
2586,0.91,0,0.75,1.0,1,1,4588,4253,519,160,142
2587,0.91,0,0.75,1.0,1,1,2346,2802,112,99,18
2588,0.91,0,0.75,1.0,1,1,3351,183,840,146,143
2589,0.91,0,0.75,1.0,1,1,1179,2175,599,214,108
2590,0.91,0,0.75,1.0,1,1,4963,1156,544,114,78
2591,0.91,0,0.75,1.0,1,1,3641,4278,56,199,48
2592,0.91,0,0.75,1.0,1,1,2683,2418,483,245,8
2593,0.91,0,0.75,1.0,1,1,3778,433,311,208,172
2594,0.91,0,0.75,1.0,1,1,1987,4081,461,171,101
2595,0.91,0,0.75,1.0,1,1,4735,3573,229,220,149
2596,0.91,0,0.75,1.0,1,1,4448,1968,887,186,57
2597,0.91,0,0.75,1.0,1,1,2274,54,677,235,194
2598,0.91,0,0.75,1.0,1,1,4076,3838,593,139,15
2599,0.91,0,0.75,1.0,1,1,1311,1548,551,166,23
2600,0.91,0,0.75,1.0,1,1,2190,4687,976,153,32
2601,0.91,0,0.75,1.0,1,1,4807,1790,433,137,124
2602,0.91,0,0.75,1.0,1,1,3484,3663,921,51,2
2603,0.91,0,0.75,1.0,1,1,3220,879,651,190,18
2604,0.91,0,0.75,1.0,1,1,4388,4001,139,119,108
2605,0.91,0,0.75,1.0,1,1,680,2982,195,205,76
2606,0.91,0,0.75,1.0,1,1,2005,2355,705,103,51
2607,0.91,0,0.75,1.0,1,1,1672,4224,755,91,4
2608,0.91,0,0.75,1.0,1,1,349,1102,267,222,121
2609,0.91,0,0.75,1.0,1,1,4029,1007,250,132,44
2610,0.91,0,0.75,1.0,1,1,4946,2877,293,178,27
2611,0.91,0,0.75,1.0,1,1,4628,1271,573,231,183
2612,0.91,0,0.75,1.0,1,1,2407,764,866,162,68
2613,0.91,0,0.75,1.0,1,1,1412,2654,661,148,113
2614,0.91,0,0.75,1.0,1,1,4374,4412,903,212,139
2615,0.91,0,0.75,1.0,1,1,243,2032,181,47,14
2616,0.91,0,0.75,1.0,1,1,300,4055,923,228,88
2617,0.91,0,0.75,1.0,1,1,2980,3313,640,164,163
2618,0.91,0,0.75,1.0,1,1,1467,933,413,80,38
2619,0.91,0,0.75,1.0,1,1,1490,2082,986,248,145
2620,0.91,0,0.75,1.0,1,1,2486,3953,537,202,160
2621,0.91,0,0.75,1.0,1,1,3377,1494,266,58,36
2622,0.91,0,0.75,1.0,1,1,4543,3367,777,126,90
2623,0.9,1,0.5,0.8607224705127958,0,3,2160,470,321,142,3
2624,0.91,0,0.75,1.0,1,1,1828,3609,144,161,53
2625,0.91,0,0.75,1.0,1,1,3951,4352,421,233,198
2626,0.91,0,0.75,1.0,1,1,3872,1623,854,124,29
2627,0.91,0,0.75,1.0,1,1,2549,3500,373,196,97
2628,0.91,0,0.75,1.0,1,1,3467,389,166,239,84
2629,0.91,0,0.75,1.0,1,1,4789,4762,685,77,42
2630,0.91,0,0.75,1.0,1,1,756,2303,399,183,167
2631,0.91,0,0.75,1.0,1,1,1084,3276,739,223,12
2632,0.91,0,0.75,1.0,1,1,1255,4519,304,109,66
2633,0.91,1,0.75,0.8607224705127958,0,2,88,147,784,211,60
2634,0.91,0,0.75,1.0,1,1,2966,2739,826,238,37
2635,0.91,0,0.75,1.0,1,1,4,1450,159,229,106
2636,0.91,0,0.75,1.0,1,1,4215,652,712,116,11
2637,0.91,0,0.75,1.0,1,1,2882,3780,201,204,115
2638,0.91,0,0.75,1.0,1,1,3136,1909,276,247,65
2639,0.91,0,0.75,1.0,1,1,4469,2531,764,69,60
2640,0.91,0,0.75,1.0,1,1,753,4178,819,231,28
2641,0.91,0,0.75,1.0,1,1,1598,2912,131,101,83
2642,0.91,0,0.75,1.0,1,1,421,2289,642,219,43
2643,0.91,0,0.75,1.0,1,1,3954,2476,875,184,122
2644,0.91,0,0.75,1.0,1,1,2777,3104,357,4,3
2645,0.91,0,0.75,1.0,1,1,1831,484,564,240,129
2646,0.91,0,0.75,1.0,1,1,2163,3595,897,194,177
2647,0.91,0,0.75,1.0,1,1,4872,4337,667,134,75
2648,0.91,0,0.75,1.0,1,1,2489,2078,242,150,21
2649,0.91,0,0.75,1.0,1,1,1493,3957,286,169,34
2650,0.91,0,0.75,1.0,1,1,4289,246,703,176,105
2651,0.91,0,0.75,1.0,1,1,4686,1435,904,121,87
2652,0.91,0,0.75,1.0,1,1,3353,3308,385,191,39
2653,0.91,4,0.75,0.6766075912971576,0,5,2982,188,92,237,16
2654,0.91,0,0.75,1.0,1,1,4371,1287,328,140,59
2655,0.91,0,0.75,1.0,1,1,4625,4397,154,186,13
2656,0.91,0,0.75,1.0,1,1,4944,1002,994,223,170
2657,0.91,0,0.75,1.0,1,1,2086,1666,695,170,81
2658,0.91,0,0.75,1.0,1,1,1754,4797,769,156,100
2659,0.91,0,0.75,1.0,1,1,4025,2882,545,205,151
2660,0.91,1,0.75,0.8607224705127958,0,2,577,424,258,40,27
2661,0.91,0,0.75,1.0,1,1,2621,4969,749,245,50
2662,0.91,0,0.75,1.0,1,1,3539,1849,790,198,6
2663,0.91,0,0.75,1.0,1,1,1000,4590,365,213,90
2664,0.92,1,1.0,0.8607224705127958,1,1,2333,212,845,96,37
2665,0.91,0,0.75,1.0,1,1,1336,3322,678,83,20
2666,0.91,0,0.75,1.0,1,1,2969,864,406,161,144
2667,0.91,0,0.75,1.0,1,1,1912,3079,587,145,55
2668,0.91,0,0.75,1.0,1,1,4809,4916,853,217,197
2669,0.91,0,0.75,1.0,1,1,3198,3942,531,59,23
2670,0.91,0,0.75,1.0,1,1,2192,1562,303,201,147
2671,0.91,0,0.75,1.0,1,1,1313,4673,221,249,158
2672,0.91,0,0.75,1.0,1,1,4159,2681,469,173,93
2673,0.91,2,0.75,0.7792503385696964,0,3,1393,48,427,147,71
2674,0.91,0,0.75,1.0,1,1,4446,3843,339,228,141
2675,0.91,0,0.75,1.0,1,1,938,1302,613,32,15
2676,0.91,2,0.75,0.7792503385696964,0,3,4733,448,558,179,46
2677,0.91,0,0.75,1.0,1,1,1985,2206,756,243,205
2678,0.91,0,0.75,1.0,1,1,3776,3558,984,131,25
2679,0.91,0,0.75,1.0,1,1,599,3707,501,221,77
2680,0.91,0,0.75,1.0,1,1,2069,4944,440,106,7
2681,0.91,0,0.75,1.0,1,1,3642,2403,730,153,132
2682,0.91,0,0.75,1.0,1,1,892,567,959,206,119
2683,0.91,0,0.75,1.0,1,1,1875,2133,823,211,78
2684,0.91,0,0.75,1.0,1,1,2128,4022,654,224,118
2685,0.91,0,0.75,1.0,1,1,4906,3358,911,168,133
2686,0.91,0,0.75,1.0,1,1,796,894,134,92,8
2687,0.91,0,0.75,1.0,1,1,4589,2377,190,239,38
2688,0.91,0,0.75,1.0,1,1,3081,1121,752,125,108
2689,0.91,0,0.75,1.0,1,1,4258,4248,272,195,18
2690,0.91,0,0.75,1.0,1,1,216,2556,50,208,10
2691,0.91,0,0.75,1.0,1,1,2428,3794,985,94,64
2692,0.91,0,0.75,1.0,1,1,1095,667,474,226,62
2693,0.91,0,0.75,1.0,1,1,818,4694,633,182,156
2694,0.91,0,0.75,1.0,1,1,4889,2314,420,78,32
2695,0.91,0,0.75,1.0,1,1,3712,2936,931,242,94
2696,0.91,0,0.75,1.0,1,1,2755,1066,608,193,86
2697,0.91,0,0.75,1.0,1,1,3931,4193,120,123,40
2698,0.91,0,0.75,1.0,1,1,1619,1200,878,158,1
2699,0.91,0,0.75,1.0,1,1,3992,4500,787,237,85
2700,0.91,0,0.75,1.0,1,1,385,4640,700,148,2
2701,0.91,0,0.75,1.0,1,1,3582,846,534,231,197
2702,0.91,0,0.75,1.0,1,1,639,1509,780,162,53
2703,0.91,0,0.75,1.0,1,1,3257,4865,317,178,103
2704,0.91,0,0.75,1.0,1,1,2924,1755,149,132,94
2705,0.91,0,0.75,1.0,1,1,4102,3633,629,63,32
2706,0.91,0,0.75,1.0,1,1,47,1248,416,197,157
2707,0.91,1,0.75,0.8607224705127958,0,2,120,4114,246,160,69
2708,0.91,1,0.75,0.8607224705127958,0,2,2848,3527,444,232,181
2709,0.91,0,0.75,1.0,1,1,2214,2862,809,42,15
2710,0.91,0,0.75,1.0,1,1,1038,2234,298,142,111
2711,0.91,0,0.75,1.0,1,1,3498,3869,863,127,47
2712,0.91,0,0.75,1.0,1,1,2503,2008,664,176,24
2713,0.91,0,0.75,1.0,1,1,465,15,900,248,227
2714,0.91,0,0.75,1.0,1,1,542,2755,342,109,48
2715,0.91,0,0.75,1.0,1,1,2028,99,514,214,30
2716,0.91,0,0.75,1.0,1,1,1658,3239,963,229,42
2717,0.91,0,0.75,1.0,1,1,565,3910,760,192,128
2718,0.91,0,0.75,1.0,1,1,4052,1524,35,52,3
2719,0.91,0,0.75,1.0,1,1,2720,3402,554,139,123
2720,0.91,2,0.75,0.7792503385696964,0,3,3599,292,973,187,73
2721,0.91,0,0.75,1.0,1,1,936,2050,716,236,177
2722,0.91,0,0.75,1.0,1,1,1216,3648,438,171,21
2723,0.91,0,0.75,1.0,1,1,259,517,106,154,35
2724,0.91,0,0.75,1.0,1,1,1453,1606,368,222,9
2725,0.91,0,0.75,1.0,1,1,2371,4746,171,206,62
2726,0.91,0,0.75,1.0,1,1,1193,369,682,103,64
2727,0.91,0,0.75,1.0,1,1,4988,1381,736,190,96
2728,0.91,0,0.75,1.0,1,1,3654,3253,225,119,30
2729,0.91,0,0.75,1.0,1,1,1789,2508,527,185,166
2730,0.92,2,1.0,0.7792503385696964,0,2,2659,123,299,75,41
2731,0.91,0,0.75,1.0,1,1,3391,976,457,137,13
2732,0.91,0,0.75,1.0,1,1,852,2611,890,153,82
2733,0.91,0,0.75,1.0,1,1,3677,4447,674,209,169
2734,0.91,0,0.75,1.0,1,1,2799,1317,849,225,152
2735,0.91,0,0.75,1.0,1,1,480,731,590,165,99
2736,0.91,0,0.75,1.0,1,1,3897,909,927,200,51
2737,0.91,0,0.75,1.0,1,1,2563,4036,408,116,75
2738,0.91,0,0.75,1.0,1,1,4776,2780,596,250,5
2739,0.91,0,0.75,1.0,1,1,1059,4263,541,85,37
2740,0.91,0,0.75,1.0,1,1,1279,3024,478,216,108
2741,0.91,0,0.75,1.0,1,1,102,2402,998,100,18
2742,0.91,0,0.75,1.0,1,1,4118,345,382,244,114
2743,0.91,0,0.75,1.0,1,1,2942,4722,893,65,12
2744,0.91,0,0.75,1.0,1,1,1348,2337,183,180,137
2745,0.91,0,0.75,1.0,1,1,3235,1592,568,114,60
2746,0.91,0,0.75,1.0,1,1,4411,3464,80,198,66
2747,0.91,0,0.75,1.0,1,1,118,4926,518,193,112
2748,0.91,0,0.75,1.0,1,1,2241,3689,454,79,56
2749,0.91,0,0.75,1.0,1,1,1074,1816,942,241,70
2750,0.91,0,0.75,1.0,1,1,3457,4545,400,226,24
2751,0.91,0,0.75,1.0,1,1,2578,1414,77,210,47
2752,0.91,0,0.75,1.0,1,1,3901,3287,588,107,79
2753,0.91,0,0.75,1.0,1,1,476,3197,929,9,8
2754,0.91,0,0.75,1.0,1,1,3980,734,155,250,133
2755,0.91,0,0.75,1.0,1,1,1799,1320,409,175,118
2756,0.91,0,0.75,1.0,1,1,2170,4439,118,129,78
2757,0.91,0,0.75,1.0,1,1,4859,2603,321,201,173
2758,0.91,2,0.75,0.7792503385696964,0,3,848,67,598,59,48
2759,0.91,0,0.75,1.0,1,1,4553,1701,543,144,17
2760,0.91,0,0.75,1.0,1,1,1519,2849,689,234,213
2761,0.91,0,0.75,1.0,1,1,4260,4842,999,158,38
2762,0.91,0,0.75,1.0,1,1,182,4829,306,241,193
2763,0.91,0,0.75,1.0,1,1,291,1033,627,246,20
2764,0.91,1,0.75,0.8607224705127958,0,2,4345,520,669,199,189
2765,0.91,0,0.75,1.0,1,1,1440,2433,895,131,63
2766,0.91,0,0.75,1.0,1,1,2398,4304,570,180,9
2767,0.91,0,0.75,1.0,1,1,4637,3641,870,244,242
2768,0.91,0,0.75,1.0,1,1,2099,275,288,228,166
2769,0.91,0,0.75,1.0,1,1,1728,3414,236,214,155
2770,0.91,0,0.75,1.0,1,1,2734,799,964,46,31
2771,0.91,0,0.75,1.0,1,1,4058,3922,454,146,95
2772,0.91,0,0.75,1.0,1,1,1644,685,552,73,72
2773,0.91,0,0.75,1.0,1,1,691,1952,491,191,2
2774,0.91,0,0.75,1.0,1,1,4397,1086,436,105,32
2775,0.91,0,0.75,1.0,1,1,3230,4214,916,207,94
2776,0.91,0,0.75,1.0,1,1,2936,2334,623,220,102
2777,0.91,0,0.75,1.0,1,1,4104,2957,104,88,24
2778,0.91,0,0.75,1.0,1,1,30,342,816,172,148
2779,0.91,0,0.75,1.0,1,1,1301,3525,754,183,89
2780,0.91,0,0.75,1.0,1,1,4167,4111,561,240,162
2781,0.91,0,0.75,1.0,1,1,4087,1235,858,156,67
2782,0.91,0,0.75,1.0,1,1,1385,1743,581,205,185
2783,0.91,0,0.75,1.0,1,1,2303,4883,880,221,137
2784,0.91,0,0.75,1.0,1,1,3252,2497,173,23,12
2785,0.91,0,0.75,1.0,1,1,4418,3124,684,169,114
2786,0.91,0,0.75,1.0,1,1,4764,1517,463,238,209
2787,0.91,0,0.75,1.0,1,1,1957,853,227,185,42
2788,0.91,0,0.75,1.0,1,1,1704,2724,301,142,29
2789,0.91,0,0.75,1.0,1,1,3996,1888,698,81,52
2790,0.91,0,0.75,1.0,1,1,2674,2511,218,231,74
2791,0.91,0,0.75,1.0,1,1,3669,631,259,212,123
2792,0.91,0,0.75,1.0,1,1,4992,3759,778,96,3
2793,0.91,0,0.75,1.0,1,1,1209,2893,834,196,35
2794,0.91,0,0.75,1.0,1,1,2375,2271,314,112,91
2795,0.91,0,0.75,1.0,1,1,2433,1348,530,249,34
2796,0.91,0,0.75,1.0,1,1,1554,4458,947,202,22
2797,0.9,1,0.5,0.8607224705127958,0,3,230,80,466,115,104
2798,0.91,0,0.75,1.0,1,1,3076,3743,731,218,14
2799,0.91,0,0.75,1.0,1,1,3408,612,807,233,58
2800,0.91,0,0.75,1.0,1,1,4575,4990,296,84,68
2801,0.91,0,0.75,1.0,1,1,791,3340,350,248,99
2802,0.91,0,0.75,1.0,1,1,2114,1468,861,68,28
2803,0.91,0,0.75,1.0,1,1,1861,4608,662,118,44
2804,0.91,0,0.75,1.0,1,1,537,231,174,202,82
2805,0.91,24,0.75,0.3532151825943154,0,23,3840,3,345,167,5
2806,0.91,0,0.75,1.0,1,1,1881,3886,429,211,200
2807,0.91,0,0.75,1.0,1,1,4837,3144,137,151,51
2808,0.91,0,0.75,1.0,1,1,1052,4778,191,49,19
2809,0.91,0,0.75,1.0,1,1,4498,2241,979,196,143
2810,0.91,1,0.75,0.8607224705127958,0,2,2220,406,711,135,107
2811,0.91,0,0.75,1.0,1,1,3264,3172,658,236,145
2812,0.91,0,0.75,1.0,1,1,1397,2593,94,54,36
2813,0.91,0,0.75,1.0,1,1,2893,51,865,190,161
2814,0.91,0,0.75,1.0,1,1,75,1965,574,138,90
2815,0.91,0,0.75,1.0,1,1,151,2693,774,227,186
2816,0.91,0,0.75,1.0,1,1,2820,4685,540,167,65
2817,0.91,0,0.75,1.0,1,1,3192,1545,987,152,115
2818,0.91,0,0.75,1.0,1,1,4515,3422,476,36,11
2819,0.91,0,0.75,1.0,1,1,1030,803,702,209,136
2820,0.91,0,0.75,1.0,1,1,731,4908,422,136,43
2821,0.91,0,0.75,1.0,1,1,2534,1203,318,242,223
2822,0.91,0,0.75,1.0,1,1,438,1788,122,181,29
2823,0.91,0,0.75,1.0,1,1,3937,1571,396,217,74
2824,0.91,0,0.75,1.0,1,1,2770,3443,876,100,52
2825,0.91,0,0.75,1.0,1,1,2136,2943,375,157,129
2826,0.91,6,0.75,0.6089985420620744,0,7,3726,324,585,87,4
2827,0.91,0,0.75,1.0,1,1,1740,2252,751,63,7
2828,0.91,0,0.75,1.0,1,1,904,1009,312,177,77
2829,0.91,0,0.75,1.0,1,1,3287,2656,847,162,17
2830,0.91,0,0.75,1.0,1,1,3033,767,680,149,39
2831,0.91,0,0.75,1.0,1,1,246,1274,884,213,212
2832,0.91,0,0.75,1.0,1,1,4300,2178,912,227,12
2833,0.91,0,0.75,1.0,1,1,3349,930,99,97,68
2834,0.91,0,0.75,1.0,1,1,4671,4057,611,215,58
2835,0.91,0,0.75,1.0,1,1,888,3043,557,113,26
2836,0.91,0,0.75,1.0,1,1,1761,4281,494,243,81
2837,0.91,0,0.75,1.0,1,1,4023,3695,195,179,170
2838,0.91,0,0.75,1.0,1,1,595,1154,982,65,45
2839,0.91,0,0.75,1.0,1,1,2614,4078,23,154,6
2840,0.91,0,0.75,1.0,1,1,3571,2189,442,172,50
2841,0.91,0,0.75,1.0,1,1,647,431,248,221,201
2842,0.91,0,0.75,1.0,1,1,954,3836,906,188,107
2843,0.91,0,0.75,1.0,1,1,3131,4521,240,92,33
2844,0.91,0,0.75,1.0,1,1,2263,1901,968,168,158
2845,0.91,0,0.75,1.0,1,1,1267,3782,511,149,148
2846,0.91,0,0.75,1.0,1,1,2877,1402,284,110,22
2847,0.91,0,0.75,1.0,1,1,4200,3274,803,210,104
2848,0.91,0,0.75,1.0,1,1,18,4003,325,74,16
2849,0.91,0,0.75,1.0,1,1,4131,1462,602,186,140
2850,0.91,0,0.75,1.0,1,1,1341,876,837,238,110
2851,0.91,0,0.75,1.0,1,1,2338,2737,639,189,70
2852,0.91,0,0.75,1.0,1,1,1014,2114,151,119,56
2853,0.91,0,0.75,1.0,1,1,4721,1100,206,204,26
2854,0.91,0,0.75,1.0,1,1,3553,4227,693,104,100
2855,0.91,0,0.75,1.0,1,1,2635,2357,767,90,80
2856,0.91,0,0.75,1.0,1,1,3803,2979,256,222,46
2857,0.91,0,0.75,1.0,1,1,572,2880,231,133,119
2858,0.91,0,0.75,1.0,1,1,2707,4794,458,197,132
2859,0.91,0,0.75,1.0,1,1,3704,1725,523,163,107
2860,0.91,0,0.75,1.0,1,1,826,1218,791,231,144
2861,0.91,0,0.75,1.0,1,1,1165,4610,74,178,50
2862,0.91,0,0.75,1.0,1,1,3365,2696,366,246,200
2863,0.91,0,0.75,1.0,1,1,168,1500,406,132,5
2864,0.91,0,0.75,1.0,1,1,175,3369,714,175,61
2865,0.91,0,0.75,1.0,1,1,3110,3955,975,247,189
2866,0.92,4,1.0,0.6766075912971576,0,4,1171,249,766,127,10
2867,0.91,0,0.75,1.0,1,1,4876,1735,820,41,40
2868,0.91,0,0.75,1.0,1,1,3710,3612,333,143,86
2869,0.91,0,0.75,1.0,1,1,2792,472,133,160,95
2870,0.91,1,0.75,0.8607224705127958,0,2,493,2464,432,232,157
2871,0.91,0,0.75,1.0,1,1,416,4765,874,125,72
2872,0.91,2,0.75,0.7792503385696964,0,3,1583,387,354,195,54
2873,0.91,1,0.75,0.8607224705127958,0,2,1915,3497,185,241,1
2874,0.91,3,0.75,0.7214449410255918,0,4,4454,144,720,225,93
2875,0.91,0,0.75,1.0,1,1,3547,1110,377,93,90
2876,0.91,0,0.75,1.0,1,1,4724,4238,895,223,35
2877,0.91,0,0.75,1.0,1,1,1008,2745,966,77,3
2878,0.91,0,0.75,1.0,1,1,4377,209,242,183,128
2879,0.91,0,0.75,1.0,1,1,2341,2122,447,239,123
2880,0.91,0,0.75,1.0,1,1,12,866,510,124,53
2881,0.91,0,0.75,1.0,1,1,4208,1390,111,222,82
2882,0.91,0,0.75,1.0,1,1,2876,3263,599,91,44
2883,0.92,3,1.0,0.7214449410255918,0,3,3130,153,924,104,27
2884,0.91,0,0.75,1.0,1,1,4462,4530,413,205,99
2885,0.91,0,0.75,1.0,1,1,747,3509,483,118,69
2886,0.91,0,0.75,1.0,1,1,1924,1636,994,190,58
2887,0.91,0,0.75,1.0,1,1,1591,4755,545,238,14
2888,0.91,0,0.75,1.0,1,1,495,3099,747,212,162
2889,0.91,0,0.75,1.0,1,1,3962,483,462,47,37
2890,0.91,0,0.75,1.0,1,1,2786,4856,942,148,89
2891,0.91,0,0.75,1.0,1,1,589,4291,166,115,23
2892,0.91,0,0.75,1.0,1,1,1765,1164,685,201,103
2893,0.91,0,0.75,1.0,1,1,2058,3035,854,250,94
2894,0.91,0,0.75,1.0,1,1,4971,4949,585,174,158
2895,0.91,0,0.75,1.0,1,1,881,2412,374,70,32
2896,0.91,0,0.75,1.0,1,1,4675,919,303,234,2
2897,0.91,0,0.75,1.0,1,1,2972,2186,740,100,72
2898,0.91,0,0.75,1.0,1,1,4304,2808,221,216,54
2899,0.91,0,0.75,1.0,1,1,3032,3898,488,161,29
2900,0.91,0,0.75,1.0,1,1,1248,26,275,218,209
2901,0.91,0,0.75,1.0,1,1,903,4124,621,126,114
2902,0.91,0,0.75,1.0,1,1,3631,3538,818,202,136
2903,0.91,0,0.75,1.0,1,1,2081,1001,110,58,12
2904,0.91,0,0.75,1.0,1,1,2713,427,643,248,184
2905,0.91,0,0.75,1.0,1,1,571,2263,921,176,66
2906,0.91,0,0.75,1.0,1,1,3806,2349,565,211,21
2907,0.91,0,0.75,1.0,1,1,2768,1583,194,80,15
2908,0.91,0,0.75,1.0,1,1,3946,3455,705,229,111
2909,0.91,0,0.75,1.0,1,1,432,3657,812,139,38
2910,0.91,0,0.75,1.0,1,1,3492,2461,958,235,234
2911,0.91,0,0.75,1.0,1,1,725,547,731,186,18
2912,0.91,0,0.75,1.0,1,1,1031,3940,385,220,172
2913,0.91,0,0.75,1.0,1,1,3185,3431,180,171,78
2914,0.91,0,0.75,1.0,1,1,2815,301,348,155,118
2915,0.91,0,0.75,1.0,1,1,4148,4674,867,37,8
2916,0.91,0,0.75,1.0,1,1,73,2582,266,181,96
2917,0.91,0,0.75,1.0,1,1,2285,3844,702,51,41
2918,0.91,0,0.75,1.0,1,1,3270,1307,475,193,166
2919,0.91,0,0.75,1.0,1,1,952,721,214,137,85
2920,0.91,0,0.75,1.0,1,1,3570,2827,632,153,8
2921,0.91,0,0.75,1.0,1,1,2612,947,832,166,62
2922,0.91,0,0.75,1.0,1,1,361,1689,607,226,188
2923,0.91,0,0.75,1.0,1,1,1626,2629,787,204,190
2924,0.91,0,0.75,1.0,1,1,3847,4388,527,155,62
2925,0.91,0,0.75,1.0,1,1,528,4599,991,245,103
2926,0.91,0,0.75,1.0,1,1,2751,2763,699,177,147
2927,0.92,5,1.0,0.6399728090824923,0,5,1862,222,471,68,23
2928,0.91,0,0.75,1.0,1,1,2116,3352,52,111,34
2929,0.91,0,0.75,1.0,1,1,782,1480,533,197,93
2930,0.91,0,0.75,1.0,1,1,3399,4999,123,213,1
2931,0.91,1,0.75,0.8607224705127958,0,2,3068,1859,417,230,55
2932,0.91,0,0.75,1.0,1,1,4244,3731,935,82,71
2933,0.92,4,1.0,0.6766075912971576,0,4,1563,90,140,244,47
2934,0.91,0,0.75,1.0,1,1,2442,3209,337,199,25
2935,0.91,0,0.75,1.0,1,1,1108,1336,825,114,101
2936,0.91,2,0.75,0.7792503385696964,0,3,4902,315,755,214,69
2937,0.91,0,0.75,1.0,1,1,3725,4692,268,99,57
2938,0.91,0,0.75,1.0,1,1,1840,4197,984,164,139
2939,0.91,0,0.75,1.0,1,1,3666,3769,576,232,70
2940,0.91,0,0.75,1.0,1,1,2670,1880,900,219,111
2941,0.91,0,0.75,1.0,1,1,4002,2503,389,101,16
2942,0.91,0,0.75,1.0,1,1,616,122,664,143,141
2943,0.91,0,0.75,1.0,1,1,3762,271,821,240,212
2944,0.91,0,0.75,1.0,1,1,1705,2106,618,184,39
2945,0.91,0,0.75,1.0,1,1,1959,3967,909,135,17
2946,0.91,0,0.75,1.0,1,1,4420,2487,500,150,78
2947,0.91,0,0.75,1.0,1,1,2297,495,190,210,174
2948,0.91,0,0.75,1.0,1,1,1379,3624,272,224,132
2949,0.91,0,0.75,1.0,1,1,2912,1243,563,20,6
2950,0.91,0,0.75,1.0,1,1,130,3534,581,55,32
2951,0.91,0,0.75,1.0,1,1,4165,992,370,189,156
2952,0.91,0,0.75,1.0,1,1,2225,4767,395,186,86
2953,0.91,0,0.75,1.0,1,1,4497,2852,169,239,165
2954,0.91,0,0.75,1.0,1,1,4842,1257,953,170,10
2955,0.91,0,0.75,1.0,1,1,996,1583,458,167,151
2956,0.91,0,0.75,1.0,1,1,687,2566,674,242,59
2957,0.91,0,0.75,1.0,1,1,2021,1944,162,78,67
2958,0.91,0,0.75,1.0,1,1,1649,3823,362,124,113
2959,0.91,0,0.75,1.0,1,1,316,696,850,192,13
2960,0.91,0,0.75,1.0,1,1,4059,791,636,157,90
2961,0.91,0,0.75,1.0,1,1,1721,1533,928,233,161
2962,0.91,0,0.75,1.0,1,1,2093,4663,595,217,144
2963,0.91,0,0.75,1.0,1,1,3604,2043,325,43,20
2964,0.91,0,0.75,1.0,1,1,4938,2670,844,145,106
2965,0.91,0,0.75,1.0,1,1,2399,1190,254,130,50
2966,0.91,0,0.75,1.0,1,1,1442,3051,211,173,6
2967,0.91,0,0.75,1.0,1,1,4338,4887,479,249,245
2968,0.91,0,0.75,1.0,1,1,287,4149,443,203,46
2969,0.91,0,0.75,1.0,1,1,1463,1022,954,117,81
2970,0.91,0,0.75,1.0,1,1,4998,642,89,84,55
2971,0.91,0,0.75,1.0,1,1,4858,1992,514,244,136
2972,0.9,1,0.5,0.8607224705127958,0,3,2176,78,800,179,116
2973,0.91,0,0.75,1.0,1,1,1805,3188,727,131,66
2974,0.91,0,0.75,1.0,1,1,3979,3852,962,200,186
2975,0.91,0,0.75,1.0,1,1,2570,3298,759,221,21
2976,0.91,5,0.75,0.6399728090824923,0,6,3449,158,717,207,34
2977,0.91,0,0.75,1.0,1,1,4781,4536,199,106,92
2978,0.91,0,0.75,1.0,1,1,1066,3677,128,191,122
2979,0.91,0,0.75,1.0,1,1,3152,4264,437,138,129
2980,0.91,0,0.75,1.0,1,1,2242,1805,647,122,4
2981,0.91,0,0.75,1.0,1,1,1285,4935,814,72,52
2982,0.91,0,0.75,1.0,1,1,109,558,334,236,74
2983,0.91,0,0.75,1.0,1,1,4110,2342,795,108,45
2984,0.91,0,0.75,1.0,1,1,2933,2965,308,208,81
2985,0.91,0,0.75,1.0,1,1,3226,1076,232,227,99
2986,0.91,0,0.75,1.0,1,1,4403,4203,743,93,27
2987,0.91,0,0.75,1.0,1,1,2228,4271,868,215,95
2988,0.91,0,0.75,1.0,1,1,1061,1143,357,97,31
2989,0.91,0,0.75,1.0,1,1,4767,2167,287,199,61
2990,0.91,0,0.75,1.0,1,1,3443,2790,798,113,65
2991,0.91,0,0.75,1.0,1,1,3888,4028,237,243,9
2992,0.91,0,0.75,1.0,1,1,487,3865,281,154,93
2993,0.91,0,0.75,1.0,1,1,1810,742,761,38,33
2994,0.91,0,0.75,1.0,1,1,2182,2603,720,24,22
2995,0.91,0,0.75,1.0,1,1,3677,61,489,220,148
2996,0.91,0,0.75,1.0,1,1,858,1975,200,172,104
2997,0.91,0,0.75,1.0,1,1,1137,3580,915,237,196
2998,0.91,0,0.75,1.0,1,1,3397,4089,649,188,55
2999,0.91,0,0.75,1.0,1,1,3104,2218,816,139,1
3000,0.91,2,0.75,0.7792503385696964,0,3,4266,457,185,147,28
3001,0.91,0,0.75,1.0,1,1,4559,3588,359,163,43
3002,0.91,0,0.75,1.0,1,1,843,4451,289,16,10
3003,0.91,0,0.75,1.0,1,1,3021,3063,517,227,226
3004,0.91,0,0.75,1.0,1,1,3313,1173,944,208,205
3005,0.91,0,0.75,1.0,1,1,1217,1758,745,151,46
3006,0.91,0,0.75,1.0,1,1,930,2663,401,193,140
3007,0.92,7,1.0,0.5821674115383877,0,7,4923,283,675,51,16
3008,0.91,0,0.75,1.0,1,1,3600,4655,164,136,110
3009,0.91,0,0.75,1.0,1,1,2721,1536,364,182,70
3010,0.91,0,0.75,1.0,1,1,1653,1357,154,217,17
3011,0.91,0,0.75,1.0,1,1,2025,4488,323,233,39
3012,0.91,0,0.75,1.0,1,1,4408,1601,771,249,119
3013,0.91,0,0.75,1.0,1,1,3241,3473,253,71,7
3014,0.91,0,0.75,1.0,1,1,2314,1093,543,173,132
3015,0.91,1,0.75,0.8607224705127958,0,2,2948,333,209,115,49
3016,0.91,0,0.75,1.0,1,1,4114,4710,689,201,77
3017,0.91,0,0.75,1.0,1,1,103,3014,183,80,40
3018,0.91,0,0.75,1.0,1,1,1271,2392,671,228,86
3019,0.91,0,0.75,1.0,1,1,3179,4783,834,229,177
3020,0.91,0,0.75,1.0,1,1,1292,4103,418,47,4
3021,0.91,0,0.75,1.0,1,1,2847,1644,627,213,129
3022,0.91,0,0.75,1.0,1,1,126,980,937,149,122
3023,0.91,0,0.75,1.0,1,1,41,4364,733,247,152
3024,0.91,0,0.75,1.0,1,1,2926,3621,956,176,100
3025,0.91,0,0.75,1.0,1,1,3257,502,508,128,81
3026,0.91,0,0.75,1.0,1,1,959,2494,805,203,170
3027,0.91,0,0.75,1.0,1,1,640,3399,90,143,12
3028,0.91,0,0.75,1.0,1,1,387,258,390,159,59
3029,0.91,0,0.75,1.0,1,1,2664,4512,616,126,19
3030,0.91,0,0.75,1.0,1,1,3661,1372,907,76,36
3031,0.91,0,0.75,1.0,1,1,4984,3244,427,240,90
3032,0.91,2,0.75,0.7792503385696964,0,3,2367,357,978,225,6
3033,0.91,0,0.75,1.0,1,1,1449,3488,561,211,49
3034,0.91,0,0.75,1.0,1,1,260,4899,798,166,26
3035,0.91,0,0.75,1.0,1,1,3721,2324,249,192,89
3036,0.91,0,0.75,1.0,1,1,4887,2946,729,120,37
3037,0.91,0,0.75,1.0,1,1,1104,3802,658,207,5
3038,0.91,0,0.75,1.0,1,1,1548,2545,346,89,75
3039,0.91,0,0.75,1.0,1,1,225,1923,865,219,51
3040,0.91,0,0.75,1.0,1,1,4249,1129,579,238,43
3041,0.91,0,0.75,1.0,1,1,3414,2367,394,120,97
3042,0.91,0,0.75,1.0,1,1,4581,2989,881,188,28
3043,0.91,0,0.75,1.0,1,1,797,4014,951,104,61
3044,0.91,0,0.75,1.0,1,1,2120,886,463,204,65
3045,0.91,0,0.75,1.0,1,1,3913,4602,301,171,135
3046,0.91,0,0.75,1.0,1,1,543,2143,525,89,11
3047,0.91,0,0.75,1.0,1,1,2508,2627,473,134,35
3048,0.91,0,0.75,1.0,1,1,3505,757,54,177,22
3049,0.91,0,0.75,1.0,1,1,718,1264,261,245,230
3050,0.91,0,0.75,1.0,1,1,1044,2870,605,161,74
3051,0.91,0,0.75,1.0,1,1,4731,4812,376,128,20
3052,0.91,0,0.75,1.0,1,1,4452,704,529,216,178
3053,0.91,0,0.75,1.0,1,1,2271,1290,785,144,73
3054,0.91,0,0.75,1.0,1,1,1392,4430,742,159,123
3055,0.91,0,0.75,1.0,1,1,4081,2594,947,235,128
3056,0.92,2,1.0,0.7792503385696964,0,2,68,58,222,25,3
3057,0.91,0,0.75,1.0,1,1,4152,2061,653,130,98
3058,0.91,0,0.75,1.0,1,1,2830,2689,142,62,28
3059,0.91,1,0.75,0.8607224705127958,0,2,1314,304,911,198,152
3060,0.91,1,0.75,0.8607224705127958,0,2,2193,3425,612,244,169
3061,0.91,0,0.75,1.0,1,1,4524,3932,827,180,82
3062,0.91,0,0.75,1.0,1,1,1906,2444,269,165,14
3063,0.91,0,0.75,1.0,1,1,1613,4333,196,146,58
3064,0.91,0,0.75,1.0,1,1,3853,3669,494,214,193
3065,0.91,0,0.75,1.0,1,1,3930,1058,809,73,19
3066,0.91,0,0.75,1.0,1,1,2764,4185,291,236,107
3067,0.91,0,0.75,1.0,1,1,3791,4980,919,118,117
3068,0.91,0,0.75,1.0,1,1,4032,2250,353,224,157
3069,0.91,0,0.75,1.0,1,1,2085,3555,378,151,102
3070,0.91,0,0.75,1.0,1,1,4949,4141,187,212,148
3071,0.91,0,0.75,1.0,1,1,918,1678,898,33,24
3072,0.91,6,0.75,0.6089985420620744,0,7,4624,33,968,135,54
3073,0.91,0,0.75,1.0,1,1,4370,3153,512,183,2
3074,0.91,2,0.75,0.7792503385696964,0,3,4309,177,265,123,84
3075,0.91,0,0.75,1.0,1,1,2986,4554,776,194,42
3076,0.91,0,0.75,1.0,1,1,3356,1444,700,242,29
3077,0.91,0,0.75,1.0,1,1,895,4956,143,226,67
3078,0.91,0,0.75,1.0,1,1,2063,579,631,94,59
3079,0.91,0,0.75,1.0,1,1,1770,3698,830,107,11
3080,0.91,0,0.75,1.0,1,1,603,1826,319,209,115
3081,0.91,0,0.75,1.0,1,1,3775,1692,168,174,35
3082,0.91,0,0.75,1.0,1,1,1698,950,398,250,216
3083,0.91,0,0.75,1.0,1,1,1832,4854,257,189,182
3084,0.91,0,0.75,1.0,1,1,430,2922,460,230,17
3085,0.91,0,0.75,1.0,1,1,1929,4170,521,96,88
3086,0.91,0,0.75,1.0,1,1,4468,1899,73,112,7
3087,0.91,0,0.75,1.0,1,1,3144,2521,591,197,119
3088,0.91,0,0.75,1.0,1,1,2890,660,884,246,79
3089,0.91,0,0.75,1.0,1,1,4214,3787,405,66,48
3090,0.91,0,0.75,1.0,1,1,81,1402,679,178,173
3091,0.91,0,0.75,1.0,1,1,7,3331,973,217,85
3092,0.91,0,0.75,1.0,1,1,1330,1459,486,103,41
3093,0.91,0,0.75,1.0,1,1,2326,4578,38,84,30
3094,0.91,0,0.75,1.0,1,1,3214,2115,765,160,155
3095,0.91,0,0.75,1.0,1,1,1004,201,550,232,96
3096,0.91,0,0.75,1.0,1,1,4709,1840,619,68,63
3097,0.91,0,0.75,1.0,1,1,3543,3713,108,249,63
3098,0.91,0,0.75,1.0,1,1,2625,603,432,203,9
3099,0.91,0,0.75,1.0,1,1,3461,2532,81,25,8
3100,0.91,2,0.75,0.7792503385696964,0,3,1927,148,870,234,132
3101,0.91,0,0.75,1.0,1,1,1596,3268,673,216,173
3102,0.91,0,0.75,1.0,1,1,3877,3776,892,144,78
3103,0.91,0,0.75,1.0,1,1,500,3959,625,241,25
3104,0.91,0,0.75,1.0,1,1,2166,2702,438,123,79
3105,0.91,0,0.75,1.0,1,1,832,2079,917,193,47
3106,0.91,0,0.75,1.0,1,1,1158,3599,198,153,140
3107,0.91,0,0.75,1.0,1,1,4548,1214,972,107,15
3108,0.91,0,0.75,1.0,1,1,3371,4341,491,210,111
3109,0.91,0,0.75,1.0,1,1,4295,3103,556,94,57
3110,0.91,0,0.75,1.0,1,1,1487,824,601,157,24
3111,0.91,0,0.75,1.0,1,1,2483,2713,926,170,47
3112,0.91,0,0.75,1.0,1,1,4548,4628,638,222,204
3113,0.91,0,0.75,1.0,1,1,4866,1225,485,185,112
3114,0.91,0,0.75,1.0,1,1,2165,1733,205,237,140
3115,0.91,0,0.75,1.0,1,1,3300,1005,162,187,149
3116,0.91,0,0.75,1.0,1,1,1236,1669,403,235,103
3117,0.91,2,0.75,0.7792503385696964,0,3,4951,20,458,88,72
3118,0.91,0,0.75,1.0,1,1,3618,4398,946,220,54
3119,0.91,0,0.75,1.0,1,1,2701,1288,519,207,2
3120,0.91,0,0.75,1.0,1,1,3790,860,691,244,166
3121,0.91,0,0.75,1.0,1,1,1677,1446,998,180,85
3122,0.91,0,0.75,1.0,1,1,2009,4586,541,131,96
3123,0.91,0,0.75,1.0,1,1,4708,2750,773,199,155
3124,0.91,2,0.75,0.7792503385696964,0,3,677,214,61,61,30
3125,0.91,0,0.75,1.0,1,1,4392,1849,115,146,62
3126,0.91,0,0.75,1.0,1,1,2325,1106,325,214,188
3127,0.91,0,0.75,1.0,1,1,4138,4968,409,164,9
3128,0.91,0,0.75,1.0,1,1,1260,2288,451,129,18
3129,0.91,0,0.75,1.0,1,1,4467,3513,289,250,213
3130,0.91,0,0.75,1.0,1,1,4795,1905,569,158,118
3131,0.91,0,0.75,1.0,1,1,4082,1684,664,96,91
3132,0.91,0,0.75,1.0,1,1,2905,3557,176,212,36
3133,0.91,3,0.75,0.7214449410255918,0,4,3276,447,351,231,21
3134,0.91,0,0.75,1.0,1,1,659,3175,807,246,73
3135,0.91,0,0.75,1.0,1,1,1992,1303,297,66,53
3136,0.91,0,0.75,1.0,1,1,1700,4422,247,112,3
3137,0.91,0,0.75,1.0,1,1,2606,1959,954,132,128
3138,0.91,0,0.75,1.0,1,1,366,45,735,196,123
3139,0.91,5,0.75,0.6399728090824923,0,6,4011,190,752,169,42
3140,0.91,0,0.75,1.0,1,1,1769,2182,563,221,209
3141,0.91,0,0.75,1.0,1,1,4969,3309,709,157,30
3142,0.91,0,0.75,1.0,1,1,4679,2407,429,190,184
3143,0.91,0,0.75,1.0,1,1,2351,571,136,141,66
3144,0.91,0,0.75,1.0,1,1,1472,3711,341,185,114
3145,0.91,2,0.75,0.7792503385696964,0,3,1416,422,589,121,32
3146,0.91,0,0.75,1.0,1,1,2412,3542,890,73,23
3147,0.91,0,0.75,1.0,1,1,1529,2759,503,52,10
3148,0.91,0,0.75,1.0,1,1,3084,217,293,192,136
3149,0.91,0,0.75,1.0,1,1,4238,1069,299,150,108
3150,0.91,0,0.75,1.0,1,1,3062,4191,787,33,19
3151,0.91,0,0.75,1.0,1,1,2425,4698,465,224,162
3152,0.91,0,0.75,1.0,1,1,4609,2939,225,167,89
3153,0.91,0,0.75,1.0,1,1,2148,668,681,183,4
3154,0.91,0,0.75,1.0,1,1,1855,2557,858,135,50
3155,0.91,0,0.75,1.0,1,1,446,4669,936,161,153
3156,0.91,0,0.75,1.0,1,1,3855,2055,148,84,27
3157,0.91,0,0.75,1.0,1,1,2522,2677,629,233,99
3158,0.91,0,0.75,1.0,1,1,3479,816,836,218,82
3159,0.91,0,0.75,1.0,1,1,4812,3944,317,102,44
3160,0.91,0,0.75,1.0,1,1,1018,3078,263,202,14
3161,0.91,0,0.75,1.0,1,1,2195,2456,782,118,112
3162,0.91,0,0.75,1.0,1,1,140,1199,218,248,57
3163,0.91,0,0.75,1.0,1,1,2292,1513,66,243,13
3164,0.91,0,0.75,1.0,1,1,1373,4644,399,200,59
3165,0.91,1,0.75,0.8607224705127958,0,2,40,266,879,113,67
3166,0.91,0,0.75,1.0,1,1,4178,2011,496,233,34
3167,0.91,0,0.75,1.0,1,1,4510,3872,47,216,21
3168,0.91,0,0.75,1.0,1,1,717,2858,103,115,52
3169,0.91,0,0.75,1.0,1,1,1893,2235,614,202,74
3170,0.91,0,0.75,1.0,1,1,1639,4115,913,250,122
3171,0.91,0,0.75,1.0,1,1,3832,3529,651,174,129
3172,0.91,0,0.75,1.0,1,1,463,987,425,71,4
3173,0.91,0,0.75,1.0,1,1,545,3737,867,209,208
3174,0.91,0,0.75,1.0,1,1,2736,4245,573,152,43
3175,0.91,0,0.75,1.0,1,1,3732,2374,904,167,28
3176,0.91,0,0.75,1.0,1,1,799,616,660,227,222
3177,0.91,0,0.75,1.0,1,1,1114,4021,439,182,66
3178,0.91,0,0.75,1.0,1,1,3416,3356,251,242,186
3179,0.91,1,0.75,0.8607224705127958,0,2,4644,291,189,222,110
3180,0.91,0,0.75,1.0,1,1,3312,4668,669,90,15
3181,0.91,0,0.75,1.0,1,1,2385,2048,376,170,141
3182,0.91,0,0.75,1.0,1,1,3019,1528,874,104,56
3183,0.91,0,0.75,1.0,1,1,4352,3401,355,204,71
3184,0.91,0,0.75,1.0,1,1,283,2507,321,221,144
3185,0.92,4,1.0,0.6766075912971576,0,4,4335,127,607,23,20
3186,0.91,0,0.75,1.0,1,1,3001,4499,119,173,106
3187,0.91,0,0.75,1.0,1,1,3333,1380,420,154,90
3188,0.91,0,0.75,1.0,1,1,4667,3257,932,38,36
3189,0.91,0,0.75,1.0,1,1,873,4742,987,138,6
3190,0.91,0,0.75,1.0,1,1,2666,1017,778,236,201
3191,0.91,0,0.75,1.0,1,1,618,1602,536,188,50
3192,0.91,0,0.75,1.0,1,1,3756,1757,949,215,99
3193,0.91,0,0.75,1.0,1,1,2579,3630,469,97,27
3194,0.91,0,0.75,1.0,1,1,4753,4867,531,227,81
3195,0.91,0,0.75,1.0,1,1,1579,2399,158,57,40
3196,0.91,0,0.75,1.0,1,1,3444,1801,593,247,156
3197,0.91,0,0.75,1.0,1,1,772,1137,846,175,94
3198,0.91,0,0.75,1.0,1,1,3155,2784,311,160,62
3199,0.91,0,0.75,1.0,1,1,2862,913,228,143,10
3200,0.91,0,0.75,1.0,1,1,23,3242,132,177,16
3201,0.91,0,0.75,1.0,1,1,2949,3828,434,245,234
3202,0.91,3,0.75,0.7214449410255918,0,4,980,102,330,133,39
3203,0.91,0,0.75,1.0,1,1,704,4207,552,213,132
3204,0.91,0,0.75,1.0,1,1,4696,1588,275,47,7
3205,0.91,0,0.75,1.0,1,1,3519,3465,763,149,120
3206,0.91,0,0.75,1.0,1,1,2641,346,714,162,77
3207,0.91,0,0.75,1.0,1,1,332,2338,975,230,174
3208,0.91,0,0.75,1.0,1,1,558,4891,285,119,101
3209,0.91,1,0.75,0.8607224705127958,0,2,1734,514,804,189,25
3210,0.91,0,0.75,1.0,1,1,2105,3644,723,239,45
3211,0.91,0,0.75,1.0,1,1,3690,1702,368,204,43
3212,0.91,0,0.75,1.0,1,1,4857,3575,848,116,83
3213,0.91,0,0.75,1.0,1,1,1151,4443,793,219,115
3214,0.91,0,0.75,1.0,1,1,3384,2607,521,143,135
3215,0.92,4,1.0,0.6766075912971576,0,4,2474,65,314,101,11
3216,0.91,0,0.75,1.0,1,1,1517,3196,230,85,61
3217,0.91,0,0.75,1.0,1,1,194,1323,749,231,65
3218,0.91,0,0.75,1.0,1,1,179,3858,769,76,33
3219,0.91,0,0.75,1.0,1,1,1513,730,259,241,92
3220,0.91,0,0.75,1.0,1,1,2470,2609,207,195,103
3221,0.91,0,0.75,1.0,1,1,1136,1987,695,125,23
3222,0.91,0,0.75,1.0,1,1,4853,972,640,210,55
3223,0.91,0,0.75,1.0,1,1,3675,4100,152,110,71
3224,0.91,0,0.75,1.0,1,1,3973,2833,840,225,1
3225,0.91,0,0.75,1.0,1,1,401,3026,677,127,86
3226,0.91,0,0.75,1.0,1,1,2566,4940,886,203,165
3227,0.91,0,0.75,1.0,1,1,552,2435,204,213,5
3228,0.91,0,0.75,1.0,1,1,3822,2330,283,185,81
3229,0.91,0,0.75,1.0,1,1,2021,3468,449,189,152
3230,0.91,0,0.75,1.0,1,1,3533,1087,721,56,26
3231,0.91,0,0.75,1.0,1,1,4701,4210,241,140,100
3232,0.91,0,0.75,1.0,1,1,4404,115,897,205,192
3233,0.91,0,0.75,1.0,1,1,2318,1950,667,156,58
3234,0.91,0,0.75,1.0,1,1,1361,3811,872,170,13
3235,0.91,0,0.75,1.0,1,1,4181,1413,768,134,22
3236,0.91,0,0.75,1.0,1,1,2243,2786,996,240,217
3237,0.91,0,0.75,1.0,1,1,4473,4544,693,184,35
3238,0.91,0,0.75,1.0,1,1,768,3691,638,19,4
3239,0.91,0,0.75,1.0,1,1,4782,1149,415,225,129
3240,0.91,0,0.75,1.0,1,1,1934,1813,150,169,122
3241,0.91,0,0.75,1.0,1,1,1563,4923,327,150,74
3242,0.91,0,0.75,1.0,1,1,2812,4843,160,247,29
3243,0.91,0,0.75,1.0,1,1,374,1740,264,138,131
3244,0.91,0,0.75,1.0,1,1,4003,1620,223,228,206
3245,0.91,0,0.75,1.0,1,1,1781,1033,467,164,46
3246,0.91,0,0.75,1.0,1,1,4652,635,583,131,70
3247,0.91,0,0.75,1.0,1,1,3329,3757,64,60,56
3248,0.91,0,0.75,1.0,1,1,2382,1377,856,199,180
3249,0.91,0,0.75,1.0,1,1,1464,4507,687,243,141
3250,0.91,0,0.75,1.0,1,1,2997,1887,397,17,16
3251,0.91,0,0.75,1.0,1,1,4320,2514,877,179,110
3252,0.91,0,0.75,1.0,1,1,4338,798,133,111,36
3253,0.91,0,0.75,1.0,1,1,3013,3926,645,198,90
3254,0.91,0,0.75,1.0,1,1,3307,2036,820,245,107
3255,0.91,0,0.75,1.0,1,1,4630,2659,332,67,19
3256,0.91,0,0.75,1.0,1,1,1222,278,619,177,145
3257,0.91,0,0.75,1.0,1,1,924,4306,277,230,50
3258,0.91,0,0.75,1.0,1,1,2091,1178,764,83,77
3259,0.91,0,0.75,1.0,1,1,4914,614,101,173,1
3260,0.91,0,0.75,1.0,1,1,3917,3744,423,129,55
3261,0.91,0,0.75,1.0,1,1,2514,4107,346,166,157
3262,0.91,0,0.75,1.0,1,1,1625,1648,574,94,31
3263,0.91,0,0.75,1.0,1,1,1879,4779,905,108,40
3264,0.91,0,0.75,1.0,1,1,712,402,387,208,86
3265,0.91,0,0.75,1.0,1,1,4496,1270,441,123,117
3266,0.91,0,0.75,1.0,1,1,3172,3142,960,193,9
3267,0.89,1,0.25,0.8607224705127958,0,4,2840,2,505,242,61
3268,0.91,0,0.75,1.0,1,1,55,2723,609,206,39
3269,0.91,0,0.75,1.0,1,1,1378,2100,121,107,87
3270,0.91,0,0.75,1.0,1,1,973,852,933,221,17
3271,0.91,0,0.75,1.0,1,1,628,4879,212,188,174
3272,0.91,0,0.75,1.0,1,1,4757,2499,989,72,49
3273,0.91,0,0.75,1.0,1,1,3590,3121,477,237,77
3274,0.91,0,0.75,1.0,1,1,3761,4360,538,121,7
3275,0.91,0,0.75,1.0,1,1,3493,3419,683,125,47
3276,0.91,2,0.75,0.7792503385696964,0,3,2536,309,860,77,7
3277,0.91,0,0.75,1.0,1,1,3860,4687,372,239,119
3278,0.91,0,0.75,1.0,1,1,517,4454,147,142,46
3279,0.91,0,0.75,1.0,1,1,2767,2540,419,218,204
3280,0.91,0,0.75,1.0,1,1,810,1344,315,160,24
3281,0.91,0,0.75,1.0,1,1,1107,2942,535,248,182
3282,0.91,0,0.75,1.0,1,1,3427,4700,780,176,69
3283,0.91,0,0.75,1.0,1,1,3056,1569,697,127,111
3284,0.91,0,0.75,1.0,1,1,4224,3447,216,57,14
3285,0.91,0,0.75,1.0,1,1,228,1062,993,203,140
3286,0.91,0,0.75,1.0,1,1,211,4607,494,43,22
3287,0.91,0,0.75,1.0,1,1,4246,2149,707,217,148
3288,0.91,1,0.75,0.8607224705127958,0,2,1534,235,982,145,104
3289,0.91,0,0.75,1.0,1,1,2453,3344,557,158,93
3290,0.91,0,0.75,1.0,1,1,4578,4008,757,234,159
3291,0.91,0,0.75,1.0,1,1,1189,2419,861,148,93
3292,0.91,0,0.75,1.0,1,1,3650,4054,294,132,2
3293,0.91,0,0.75,1.0,1,1,2693,2175,245,178,54
3294,0.91,0,0.75,1.0,1,1,587,182,445,246,197
3295,0.91,0,0.75,1.0,1,1,361,2589,753,103,30
3296,0.91,0,0.75,1.0,1,1,1684,1966,274,206,96
3297,0.91,0,0.75,1.0,1,1,1977,3837,192,222,85
3298,0.91,0,0.75,1.0,1,1,4745,3173,498,169,166
3299,0.91,0,0.75,1.0,1,1,655,709,711,90,41
3300,0.91,0,0.75,1.0,1,1,4438,2192,657,237,9
3301,0.91,0,0.75,1.0,1,1,2901,954,343,119,63
3302,0.91,0,0.75,1.0,1,1,4067,4082,823,190,63
3303,0.91,0,0.75,1.0,1,1,154,3665,301,92,88
3304,0.91,0,0.75,1.0,1,1,1321,1792,789,224,38
3305,0.91,0,0.75,1.0,1,1,2200,4912,738,211,17
3306,0.91,0,0.75,1.0,1,1,4817,1546,171,195,78
3307,0.91,0,0.75,1.0,1,1,3546,4574,234,207,128
3308,0.91,0,0.75,1.0,1,1,1995,2111,944,37,3
3309,0.91,0,0.75,1.0,1,1,2628,1463,310,220,178
3310,0.91,0,0.75,1.0,1,1,4038,763,481,198,29
3311,0.91,0,0.75,1.0,1,1,2715,3891,1000,114,97
3312,0.91,0,0.75,1.0,1,1,4956,2652,63,244,42
3313,0.91,0,0.75,1.0,1,1,1250,4135,117,80,11
3314,0.91,0,0.75,1.0,1,1,4618,1672,842,165,137
3315,0.91,0,0.75,1.0,1,1,2417,1008,597,229,115
3316,0.91,0,0.75,1.0,1,1,1421,2879,930,214,67
3317,0.91,0,0.75,1.0,1,1,254,2256,411,98,59
3318,0.91,0,0.75,1.0,1,1,310,4280,662,162,102
3319,0.91,0,0.75,1.0,1,1,2970,3694,902,230,148
3320,0.91,0,0.75,1.0,1,1,1476,1158,174,29,24
3321,0.91,0,0.75,1.0,1,1,2356,3047,350,48,33
3322,0.91,0,0.75,1.0,1,1,3342,583,578,212,157
3323,0.91,0,0.75,1.0,1,1,3367,1739,28,116,19
3324,0.91,0,0.75,1.0,1,1,4533,3611,516,200,107
3325,0.91,0,0.75,1.0,1,1,828,4623,571,100,75
3326,0.9,1,0.5,0.8607224705127958,0,3,2150,246,83,216,51
3327,0.91,0,0.75,1.0,1,1,1818,3365,382,235,5
3328,0.91,0,0.75,1.0,1,1,414,3783,336,194,169
3329,0.91,0,0.75,1.0,1,1,3881,1398,623,50,44
3330,0.91,0,0.75,1.0,1,1,2559,3275,104,138,82
3331,0.91,3,0.75,0.7214449410255918,0,4,3477,145,435,181,98
3332,0.91,0,0.75,1.0,1,1,1094,3500,970,165,58
3333,0.91,0,0.75,1.0,1,1,3129,4165,719,225,194
3334,0.91,1,0.75,0.8607224705127958,0,2,98,391,553,153,14
3335,0.91,0,0.75,1.0,1,1,11,4975,852,236,230
3336,0.91,0,0.75,1.0,1,1,2956,2983,588,187,20
3337,0.91,0,0.75,1.0,1,1,3210,1104,889,139,35
3338,0.91,0,0.75,1.0,1,1,671,2738,456,154,123
3339,0.91,0,0.75,1.0,1,1,1086,1632,163,154,1
3340,0.91,0,0.75,1.0,1,1,750,2537,944,191,158
3341,0.92,3,1.0,0.7214449410255918,0,3,4800,156,233,53,33
3342,0.91,0,0.75,1.0,1,1,3468,4529,745,139,93
3343,0.91,0,0.75,1.0,1,1,2550,1389,794,188,103
3344,0.91,0,0.75,1.0,1,1,418,647,520,237,147
3345,0.91,0,0.75,1.0,1,1,492,3377,212,97,64
3346,0.91,0,0.75,1.0,1,1,1824,1504,691,215,62
3347,0.91,0,0.75,1.0,1,1,2157,4614,773,228,10
3348,0.91,0,0.75,1.0,1,1,4540,1727,324,243,86
3349,0.91,0,0.75,1.0,1,1,3363,3600,843,65,40
3350,0.91,1,0.75,0.8607224705127958,0,2,3110,480,638,113,32
3351,0.91,0,0.75,1.0,1,1,4285,4858,157,199,94
3352,0.91,1,0.75,0.8607224705127958,0,2,4280,471,964,250,89
3353,0.91,0,0.75,1.0,1,1,3113,4849,453,70,37
3354,0.91,0,0.75,1.0,1,1,1500,2463,725,174,162
3355,0.91,0,0.75,1.0,1,1,4358,428,452,158,132
3356,0.91,0,0.75,1.0,1,1,1422,2264,238,234,119
3357,0.91,0,0.75,1.0,1,1,2418,4125,290,217,77
3358,0.91,0,0.75,1.0,1,1,1241,997,801,99,49
3359,0.91,0,0.75,1.0,1,1,4957,2021,872,201,16
3360,0.91,0,0.75,1.0,1,1,3624,2644,360,115,110
3361,0.91,0,0.75,1.0,1,1,4040,3901,671,249,39
3362,0.91,0,0.75,1.0,1,1,335,3992,814,152,111
3363,0.91,0,0.75,1.0,1,1,2636,3328,625,208,141
3364,0.91,0,0.75,1.0,1,1,1669,870,335,36,15
3365,0.91,0,0.75,1.0,1,1,3554,207,918,227,181
3366,0.91,0,0.75,1.0,1,1,667,2121,646,166,71
3367,0.91,0,0.75,1.0,1,1,1015,3726,493,243,225
3368,0.91,0,0.75,1.0,1,1,3206,4234,197,182,25
3369,0.91,0,0.75,1.0,1,1,2953,2345,280,136,46
3370,0.91,0,0.75,1.0,1,1,89,4751,361,172,55
3371,0.91,0,0.75,1.0,1,1,165,3613,952,249,15
3372,0.91,1,0.75,0.8607224705127958,0,2,1161,474,528,201,55
3373,0.91,0,0.75,1.0,1,1,4866,1491,582,99,25
3374,0.91,1,0.75,0.8607224705127958,0,2,2782,248,394,234,80
3375,0.91,1,0.75,0.8607224705127958,0,2,3949,4620,882,86,46
3376,0.92,9,1.0,0.5373300618099535,0,9,1593,143,124,136,7
3377,0.91,0,0.75,1.0,1,1,1925,3272,415,182,49
3378,0.91,1,0.75,0.8607224705127958,0,2,4464,388,989,166,110
3379,0.91,0,0.75,1.0,1,1,3141,4765,471,18,16
3380,0.91,0,0.75,1.0,1,1,2253,2302,699,227,142
3381,0.91,0,0.75,1.0,1,1,1257,4163,781,208,165
3382,0.91,0,0.75,1.0,1,1,4210,3499,533,151,87
3383,0.91,0,0.75,1.0,1,1,4141,1843,864,236,186
3384,0.91,0,0.75,1.0,1,1,1332,1101,575,188,64
3385,0.91,0,0.75,1.0,1,1,2328,2981,901,138,116
3386,0.91,0,0.75,1.0,1,1,4395,4973,663,191,135
3387,0.91,0,0.75,1.0,1,1,1004,2359,389,53,10
3388,0.91,0,0.75,1.0,1,1,4711,876,444,154,40
3389,0.91,0,0.75,1.0,1,1,582,2655,501,199,71
3390,0.91,0,0.75,1.0,1,1,1749,2028,981,113,55
3391,0.91,0,0.75,1.0,1,1,2082,3887,562,65,1
3392,0.91,0,0.75,1.0,1,1,3615,1273,272,179,126
3393,0.91,0,0.75,1.0,1,1,3296,2880,617,228,33
3394,0.91,0,0.75,1.0,1,1,3043,1011,910,215,23
3395,0.91,0,0.75,1.0,1,1,4310,2422,674,161,60
3396,0.91,0,0.75,1.0,1,1,1474,586,889,229,190
3397,0.91,0,0.75,1.0,1,1,4681,4282,848,149,11
3398,0.91,0,0.75,1.0,1,1,897,2799,795,62,43
3399,0.91,0,0.75,1.0,1,1,2064,2176,307,134,83
3400,0.91,0,0.75,1.0,1,1,1771,4057,233,177,98
3401,0.91,0,0.75,1.0,1,1,4014,3314,457,245,154
3402,0.91,0,0.75,1.0,1,1,3770,711,772,104,75
3403,0.91,0,0.75,1.0,1,1,2604,3834,253,205,51
3404,0.91,0,0.75,1.0,1,1,3561,1964,212,223,3
3405,0.91,0,0.75,1.0,1,1,944,4080,637,238,92
3406,0.91,0,0.75,1.0,1,1,3274,3572,927,186,159
3407,0.91,0,0.75,1.0,1,1,2266,957,157,74,34
3408,0.91,0,0.75,1.0,1,1,1388,2817,324,120,21
3409,0.91,0,0.75,1.0,1,1,65,2189,843,188,105
3410,0.91,0,0.75,1.0,1,1,141,3074,513,168,137
3411,0.91,0,0.75,1.0,1,1,4154,537,290,91,13
3412,0.91,0,0.75,1.0,1,1,2831,4910,801,225,113
3413,0.91,0,0.75,1.0,1,1,3201,1789,726,210,67
3414,0.91,0,0.75,1.0,1,1,4525,3667,238,110,59
3415,0.91,0,0.75,1.0,1,1,740,4684,183,195,27
3416,0.91,1,0.75,0.8607224705127958,0,2,1908,311,672,126,100
3417,0.91,0,0.75,1.0,1,1,448,1544,360,240,45
3418,0.91,0,0.75,1.0,1,1,3927,1346,127,143,120
3419,0.91,0,0.75,1.0,1,1,2759,3218,645,41,6
3420,0.91,0,0.75,1.0,1,1,1853,682,438,219,131
3421,0.91,0,0.75,1.0,1,1,4884,4457,335,159,76
3422,0.91,0,0.75,1.0,1,1,4607,1065,555,247,232
3423,0.91,0,0.75,1.0,1,1,2423,1572,760,175,20
3424,0.91,0,0.75,1.0,1,1,1545,4702,716,128,37
3425,0.91,0,0.75,1.0,1,1,198,4006,696,216,192
3426,0.91,0,0.75,1.0,1,1,3086,3343,993,144,60
3427,0.91,4,0.75,0.6766075912971576,0,5,3418,232,545,159,12
3428,0.91,0,0.75,1.0,1,1,800,3741,112,174,84
3429,0.91,0,0.75,1.0,1,1,3734,4249,328,250,167
3430,0.91,0,0.75,1.0,1,1,1870,4989,923,60,30
3431,0.91,0,0.75,1.0,1,1,547,612,412,128,96
3432,0.91,0,0.75,1.0,1,1,3831,403,75,226,53
3433,0.91,0,0.75,1.0,1,1,2507,4776,594,95,73
3434,0.91,0,0.75,1.0,1,1,4827,3524,406,209,3
3435,0.91,0,0.75,1.0,1,1,1042,4378,461,122,35
3436,0.91,1,0.75,0.8607224705127958,0,2,2210,5,941,194,91
3437,0.91,0,0.75,1.0,1,1,1292,3144,524,242,105
3438,0.91,0,0.75,1.0,1,1,4176,3887,791,181,145
3439,0.91,0,0.75,1.0,1,1,4096,855,620,207,113
3440,0.91,0,0.75,1.0,1,1,2930,3977,109,105,13
3441,0.91,0,0.75,1.0,1,1,1375,1519,819,155,139
3442,0.91,0,0.75,1.0,1,1,3262,2097,434,89,57
3443,0.91,0,0.75,1.0,1,1,4428,2724,922,220,69
3444,0.91,0,0.75,1.0,1,1,1968,1234,488,235,27
3445,0.91,0,0.75,1.0,1,1,391,2497,551,120,82
3446,0.91,0,0.75,1.0,1,1,617,4727,242,229,130
3447,0.91,0,0.75,1.0,1,1,3986,2269,967,31,5
3448,0.91,0,0.75,1.0,1,1,2664,2891,448,165,121
3449,0.91,0,0.75,1.0,1,1,871,1618,286,214,176
3450,0.91,0,0.75,1.0,1,1,1199,2512,564,130,18
3451,0.91,0,0.75,1.0,1,1,3000,1374,668,244,213
3452,0.91,0,0.75,1.0,1,1,281,632,896,180,37
3453,0.91,0,0.75,1.0,1,1,1431,2033,634,197,15
3454,0.91,0,0.75,1.0,1,1,2388,3924,831,246,57
3455,0.91,0,0.75,1.0,1,1,4927,2433,266,230,101
3456,0.91,0,0.75,1.0,1,1,3603,3061,777,82,25
3457,0.91,0,0.75,1.0,1,1,2724,1180,703,97,47
3458,0.91,0,0.75,1.0,1,1,4048,4303,215,212,79
3459,0.91,0,0.75,1.0,1,1,329,4213,302,185,8
3460,0.91,0,0.75,1.0,1,1,700,2332,222,141,48
3461,0.91,0,0.75,1.0,1,1,978,3227,878,205,142
3462,0.91,0,0.75,1.0,1,1,4407,686,167,39,18
3463,0.91,0,0.75,1.0,1,1,3239,3813,685,157,108
3464,0.91,0,0.75,1.0,1,1,2947,1953,853,170,88
3465,0.91,0,0.75,1.0,1,1,20,118,586,222,163
3466,0.91,0,0.75,1.0,1,1,107,4546,756,135,64
3467,0.91,0,0.75,1.0,1,1,2865,2787,558,195,188
3468,0.91,0,0.75,1.0,1,1,3158,908,985,239,134
3469,0.91,0,0.75,1.0,1,1,1065,1417,704,183,117
3470,0.91,0,0.75,1.0,1,1,775,3011,426,224,210
3471,0.91,0,0.75,1.0,1,1,3448,4926,139,167,41
3472,0.91,0,0.75,1.0,1,1,2568,1815,338,151,30
3473,0.91,0,0.75,1.0,1,1,486,3578,660,68,53
3474,0.91,0,0.75,1.0,1,1,1809,1700,179,248,73
3475,0.91,0,0.75,1.0,1,1,2180,4840,348,202,124
3476,0.91,2,0.75,0.7792503385696964,0,3,857,467,868,118,2
3477,0.91,0,0.75,1.0,1,1,4563,1320,812,218,32
3478,0.91,0,0.75,1.0,1,1,3396,3198,294,102,94
3479,0.91,0,0.75,1.0,1,1,4269,4441,730,232,23
3480,0.91,0,0.75,1.0,1,1,3088,2612,271,240,12
3481,0.91,0,0.75,1.0,1,1,3381,732,195,196,59
3482,0.91,0,0.75,1.0,1,1,4558,3854,706,124,66
3483,0.91,0,0.75,1.0,1,1,842,2835,652,211,97
3484,0.91,0,0.75,1.0,1,1,2176,2208,141,109,29
3485,0.91,0,0.75,1.0,1,1,1804,4098,340,93,42
3486,0.91,0,0.75,1.0,1,1,471,975,828,223,84
3487,0.91,0,0.75,1.0,1,1,3907,1134,657,126,2
3488,0.91,0,0.75,1.0,1,1,1938,4938,573,248,198
3489,0.91,0,0.75,1.0,1,1,4785,3024,865,176,52
3490,0.91,0,0.75,1.0,1,1,1069,4038,811,27,20
3491,0.91,0,0.75,1.0,1,1,2246,911,291,161,106
3492,0.91,0,0.75,1.0,1,1,1289,2780,248,142,91
3493,0.91,0,0.75,1.0,1,1,4184,4538,442,218,160
3494,0.91,0,0.75,1.0,1,1,112,2158,728,42,35
3495,0.92,3,1.0,0.7214449410255918,0,3,4108,100,144,178,68
3496,0.91,0,0.75,1.0,1,1,1358,1937,421,246,182
3497,0.91,0,0.75,1.0,1,1,3225,1367,829,63,14
3498,0.91,0,0.75,1.0,1,1,4402,3239,318,132,112
3499,0.91,0,0.75,1.0,1,1,4698,2335,539,212,207
3500,0.91,0,0.75,1.0,1,1,2019,343,775,148,44
3501,0.91,0,0.75,1.0,1,1,1647,3463,701,163,28
3502,0.91,0,0.75,1.0,1,1,3819,4206,988,231,224
3503,0.91,0,0.75,1.0,1,1,4062,1768,304,119,51
3504,0.91,0,0.75,1.0,1,1,2729,3646,784,190,75
3505,0.91,1,0.75,0.8607224705127958,0,2,3609,517,743,238,121
3506,0.91,0,0.75,1.0,1,1,4941,4889,224,75,5
3507,0.91,0,0.75,1.0,1,1,926,2430,946,185,130
3508,0.91,0,0.75,1.0,1,1,1226,3404,168,222,38
3509,0.91,0,0.75,1.0,1,1,2402,1526,688,91,89
3510,0.91,1,0.75,0.8607224705127958,0,2,269,293,375,205,19
3511,0.91,0,0.75,1.0,1,1,4318,639,333,220,194
3512,0.91,0,0.75,1.0,1,1,1463,1381,107,171,56
3513,0.91,0,0.75,1.0,1,1,2380,4502,432,155,14
3514,0.91,0,0.75,1.0,1,1,4998,1605,974,139,79
3515,0.91,0,0.75,1.0,1,1,3664,3478,487,53,47
3516,0.91,0,0.75,1.0,1,1,2033,1020,714,192,172
3517,0.91,0,0.75,1.0,1,1,1779,2909,766,235,150
3518,0.91,0,0.75,1.0,1,1,4002,4744,548,186,102
3519,0.91,0,0.75,1.0,1,1,376,4865,969,214,48
3520,0.91,0,0.75,1.0,1,1,1709,492,450,99,78
3521,0.91,0,0.75,1.0,1,1,629,1754,511,228,8
3522,0.91,0,0.75,1.0,1,1,975,2727,354,180,163
3523,0.91,2,0.75,0.7792503385696964,0,3,4424,268,566,64,38
3524,0.91,0,0.75,1.0,1,1,2915,1512,379,199,109
3525,0.91,0,0.75,1.0,1,1,4092,3389,898,114,17
3526,0.91,0,0.75,1.0,1,1,129,3869,484,234,117
3527,0.91,0,0.75,1.0,1,1,2839,3127,206,158,134
3528,0.91,0,0.75,1.0,1,1,1306,746,995,86,9
3529,0.91,0,0.75,1.0,1,1,2223,2637,548,100,63
3530,0.91,0,0.75,1.0,1,1,4841,990,114,116,95
3531,0.91,0,0.75,1.0,1,1,3509,4113,602,201,31
3532,0.91,0,0.75,1.0,1,1,2512,2232,925,250,41
3533,0.91,0,0.75,1.0,1,1,533,3000,73,35,2
3534,0.91,0,0.75,1.0,1,1,3920,619,847,209,127
3535,0.91,0,0.75,1.0,1,1,1865,2377,593,153,124
3536,0.91,0,0.75,1.0,1,1,2119,4246,884,166,72
3537,0.91,0,0.75,1.0,1,1,4915,3738,681,226,178
3538,0.91,0,0.75,1.0,1,1,4580,2134,459,181,23
3539,0.91,0,0.75,1.0,1,1,2454,219,231,241,228
3540,0.91,0,0.75,1.0,1,1,226,2936,288,150,56
3541,0.91,0,0.75,1.0,1,1,1105,1067,236,168,16
3542,0.91,0,0.75,1.0,1,1,808,4469,894,240,171
3543,0.91,0,0.75,1.0,1,1,3722,2555,669,184,80
3544,0.91,0,0.75,1.0,1,1,2765,665,869,135,100
3545,0.91,0,0.75,1.0,1,1,3941,3792,358,49,25
3546,0.91,0,0.75,1.0,1,1,515,1329,570,195,150
3547,0.91,0,0.75,1.0,1,1,434,3942,128,84,77
3548,0.91,0,0.75,1.0,1,1,1609,819,648,232,49
3549,0.91,0,0.75,1.0,1,1,1903,2679,817,219,7
3550,0.91,0,0.75,1.0,1,1,4520,1201,282,203,86
3551,0.91,0,0.75,1.0,1,1,3187,4324,762,117,39
3552,0.91,0,0.75,1.0,1,1,1323,4917,491,175,141
3553,0.91,0,0.75,1.0,1,1,2816,2454,718,69,17
3554,0.91,0,0.75,1.0,1,1,4149,3081,199,247,109
3555,0.91,0,0.75,1.0,1,1,69,4821,677,95,10
3556,0.91,0,0.75,1.0,1,1,4065,2207,400,149,135
3557,0.91,0,0.75,1.0,1,1,1403,449,165,213,116
3558,0.91,0,0.75,1.0,1,1,2282,3560,363,230,65
3559,0.91,0,0.75,1.0,1,1,948,1682,851,83,62
3560,0.92,7,1.0,0.5821674115383877,0,7,4743,47,796,245,31
3561,0.91,0,0.75,1.0,1,1,2608,1299,235,111,86
3562,0.91,0,0.75,1.0,1,1,3786,3177,746,197,40
3563,0.91,0,0.75,1.0,1,1,589,3307,771,170,125
3564,0.91,0,0.75,1.0,1,1,2695,4049,544,223,126
3565,0.91,0,0.75,1.0,1,1,1766,1435,251,22,1
3566,0.91,0,0.75,1.0,1,1,3652,2178,999,204,180
3567,0.91,2,0.75,0.7792503385696964,0,3,882,187,690,155,72
3568,0.91,0,0.75,1.0,1,1,3343,3708,155,140,22
3569,0.91,0,0.75,1.0,1,1,2972,569,322,186,33
3570,0.91,0,0.75,1.0,1,1,4361,1667,90,190,11
3571,0.91,0,0.75,1.0,1,1,3029,3545,577,122,115
3572,0.91,1,0.75,0.8607224705127958,0,2,3282,424,903,72,65
3573,0.91,0,0.75,1.0,1,1,4615,4797,391,236,61
3574,0.91,0,0.75,1.0,1,1,900,3162,445,87,29
3575,0.91,0,0.75,1.0,1,1,4953,777,732,172,153
3576,0.91,0,0.75,1.0,1,1,2076,1285,957,221,97
3577,0.91,0,0.75,1.0,1,1,1744,4396,508,207,83
3578,0.91,0,0.75,1.0,1,1,2631,4588,979,179,4
3579,0.91,0,0.75,1.0,1,1,3549,1449,560,131,52
3580,0.91,0,0.75,1.0,1,1,3213,2979,344,215,146
3581,0.91,0,0.75,1.0,1,1,2342,594,615,45,22
3582,0.91,0,0.75,1.0,1,1,13,1850,428,163,92
3583,0.91,0,0.75,1.0,1,1,95,3516,228,202,184
3584,0.91,0,0.75,1.0,1,1,2872,4180,462,130,68
3585,0.91,0,0.75,1.0,1,1,1091,376,300,249,138
3586,0.91,0,0.75,1.0,1,1,743,3777,580,157,45
3587,0.91,0,0.75,1.0,1,1,3474,3270,859,233,206
3588,0.91,0,0.75,1.0,1,1,411,1908,880,145,26
3589,0.91,0,0.75,1.0,1,1,3964,2076,606,242,76
3590,0.91,0,0.75,1.0,1,1,2786,2704,126,78,50
3591,0.91,0,0.75,1.0,1,1,1821,240,833,182,175
3592,0.91,0,0.75,1.0,1,1,2154,3370,627,136,131
3593,0.91,0,0.75,1.0,1,1,3705,834,417,124,6
3594,0.91,0,0.75,1.0,1,1,4882,3957,936,192,120
3595,0.91,0,0.75,1.0,1,1,1165,3106,992,108,90
3596,0.91,0,0.75,1.0,1,1,2499,2478,472,208,36
3597,0.91,0,0.75,1.0,1,1,1503,4338,55,227,19
3598,0.91,0,0.75,1.0,1,1,173,4347,351,105,85
3599,0.91,0,0.75,1.0,1,1,1497,1225,862,207,41
3600,0.91,0,0.75,1.0,1,1,2493,3094,665,220,30
3601,0.91,0,0.75,1.0,1,1,4876,825,247,235,64
3602,0.91,0,0.75,1.0,1,1,3708,3948,734,73,62
3603,0.91,0,0.75,1.0,1,1,2790,2088,808,121,8
3604,0.91,0,0.75,1.0,1,1,3958,2715,297,191,118
3605,0.91,0,0.75,1.0,1,1,419,2521,190,164,32
3606,0.91,0,0.75,1.0,1,1,2552,4514,499,228,218
3607,0.91,0,0.75,1.0,1,1,752,662,271,146,23
3608,0.91,0,0.75,1.0,1,1,1087,4757,617,199,179
3609,0.91,0,0.75,1.0,1,1,4458,2299,342,61,54
3610,0.91,0,0.75,1.0,1,1,3135,2921,822,131,72
3611,0.91,0,0.75,1.0,1,1,2880,1041,654,180,124
3612,0.91,0,0.75,1.0,1,1,4204,4168,135,15,2
3613,0.91,0,0.75,1.0,1,1,91,1627,909,244,127
3614,0.91,0,0.75,1.0,1,1,17,3712,736,144,101
3615,0.91,0,0.75,1.0,1,1,2951,4220,954,216,149
3616,0.91,0,0.75,1.0,1,1,1340,1840,224,44,25
3617,0.91,0,0.75,1.0,1,1,3205,2359,527,234,171
3618,0.91,0,0.75,1.0,1,1,1013,602,788,159,79
3619,0.91,0,0.75,1.0,1,1,3552,3332,370,174,15
3620,0.91,1,0.75,0.8607224705127958,0,2,2635,203,170,128,57
3621,0.91,0,0.75,1.0,1,1,333,2117,395,200,195
3622,0.91,0,0.75,1.0,1,1,576,4406,836,94,18
3623,0.92,4,1.0,0.6766075912971576,0,4,1743,34,317,226,108
3624,0.91,0,0.75,1.0,1,1,2075,3154,148,210,88
3625,0.91,0,0.75,1.0,1,1,909,1277,628,107,38
3626,0.91,5,0.75,0.6399728090824923,0,6,4614,414,699,194,8
3627,0.91,1,0.75,0.8607224705127958,0,2,3291,4787,219,123,118
3628,0.91,0,0.75,1.0,1,1,3037,1675,262,79,78
3629,0.91,0,0.75,1.0,1,1,4360,3553,781,241,48
3630,0.91,0,0.75,1.0,1,1,2976,4954,514,135,27
3631,0.91,0,0.75,1.0,1,1,3347,1825,962,183,44
3632,0.91,0,0.75,1.0,1,1,1182,1161,727,240,207
3633,0.91,0,0.75,1.0,1,1,886,4556,381,167,112
3634,0.91,0,0.75,1.0,1,1,3643,2798,184,224,139
3635,0.9,1,0.5,0.8607224705127958,0,3,2053,179,892,21,13
3636,0.91,0,0.75,1.0,1,1,2687,937,359,211,183
3637,0.91,0,0.75,1.0,1,1,593,1445,81,150,68
3638,0.91,0,0.75,1.0,1,1,3784,1292,437,248,18
3639,0.91,3,0.75,0.7214449410255918,0,4,3574,58,625,118,89
3640,0.91,0,0.75,1.0,1,1,4741,4431,107,202,37
3641,0.91,0,0.75,1.0,1,1,956,3568,36,102,5
3642,0.91,0,0.75,1.0,1,1,4442,948,760,142,130
3643,0.91,0,0.75,1.0,1,1,2281,1690,555,218,122
3644,0.91,0,0.75,1.0,1,1,1401,4811,972,233,75
3645,0.91,0,0.75,1.0,1,1,78,438,492,84,50
3646,0.91,0,0.75,1.0,1,1,4143,2442,891,196,84
3647,0.91,0,0.75,1.0,1,1,2820,3070,403,112,42
3648,0.91,0,0.75,1.0,1,1,2203,3668,850,178,154
3649,0.91,0,0.75,1.0,1,1,3191,1210,78,66,29
3650,0.91,0,0.75,1.0,1,1,4514,4333,589,246,97
3651,0.91,0,0.75,1.0,1,1,730,2691,519,81,66
3652,0.91,0,0.75,1.0,1,1,1604,3933,457,212,12
3653,0.91,0,0.75,1.0,1,1,512,3218,255,237,160
3654,0.91,0,0.75,1.0,1,1,3731,1923,479,141,105
3655,0.91,0,0.75,1.0,1,1,4897,2546,998,54,21
3656,0.91,0,0.75,1.0,1,1,805,88,211,190,145
3657,0.91,0,0.75,1.0,1,1,1113,4183,928,157,53
3658,0.91,0,0.75,1.0,1,1,3422,3441,636,205,198
3659,0.91,0,0.75,1.0,1,1,235,2323,596,169,3
3660,0.91,0,0.75,1.0,1,1,4239,885,817,188,27
3661,0.91,0,0.75,1.0,1,1,1540,1470,622,236,225
3662,0.91,0,0.75,1.0,1,1,4571,2765,643,138,45
3663,0.91,0,0.75,1.0,1,1,788,4258,713,38,13
3664,0.91,0,0.75,1.0,1,1,4919,1873,488,206,138
3665,0.91,0,0.75,1.0,1,1,2110,1131,202,154,113
3666,0.91,0,0.75,1.0,1,1,1856,2990,275,173,67
3667,0.91,0,0.75,1.0,1,1,3841,2244,723,112,106
3668,0.91,0,0.75,1.0,1,1,2519,2871,243,200,20
3669,0.91,0,0.75,1.0,1,1,3514,981,285,243,36
3670,0.91,0,0.75,1.0,1,1,1053,2625,874,227,120
3671,0.91,0,0.75,1.0,1,1,3169,4383,565,163,130
3672,0.91,0,0.75,1.0,1,1,2220,1998,355,81,6
3673,0.91,0,0.75,1.0,1,1,1302,3878,188,97,50
3674,0.91,0,0.75,1.0,1,1,136,756,668,215,76
3675,0.91,0,0.75,1.0,1,1,51,3983,994,174,168
3676,0.91,0,0.75,1.0,1,1,4084,1520,207,71,43
3677,0.91,0,0.75,1.0,1,1,2916,3397,694,249,83
3678,0.91,1,0.75,0.8607224705127958,0,2,3248,258,770,201,98
3679,0.91,0,0.75,1.0,1,1,4415,4631,259,115,28
3680,0.91,0,0.75,1.0,1,1,631,3623,328,217,60
3681,0.91,0,0.75,1.0,1,1,1954,1746,840,100,66
3682,0.91,1,0.75,0.8607224705127958,0,2,376,503,152,233,10
3683,0.91,0,0.75,1.0,1,1,3998,359,366,136,92
3684,0.91,0,0.75,1.0,1,1,2674,4736,846,52,34
3685,0.91,0,0.75,1.0,1,1,2041,4153,407,242,147
3686,0.91,0,0.75,1.0,1,1,4994,3488,158,182,105
3687,0.91,0,0.75,1.0,1,1,4658,1891,941,227,199
3688,0.92,1,1.0,0.8607224705127958,1,1,2377,133,748,166,52
3689,0.91,0,0.75,1.0,1,1,1459,3243,791,152,4
3690,0.91,0,0.75,1.0,1,1,270,4655,559,225,40
3691,0.91,0,0.75,1.0,1,1,2393,3412,495,110,95
3692,0.91,0,0.75,1.0,1,1,1227,1534,983,210,31
3693,0.91,1,0.75,0.8607224705127958,0,2,4933,527,913,125,62
3694,0.91,0,0.75,1.0,1,1,3610,4900,426,195,64
3695,0.91,0,0.75,1.0,1,1,4053,3638,613,75,10
3696,0.91,0,0.75,1.0,1,1,549,1174,338,184,134
3697,0.91,0,0.75,1.0,1,1,1644,1601,384,143,34
3698,0.91,0,0.75,1.0,1,1,2015,4712,93,160,23
3699,0.91,0,0.75,1.0,1,1,4707,2954,347,232,229
3700,0.91,0,0.75,1.0,1,1,4398,1356,502,175,71
3701,0.91,0,0.75,1.0,1,1,2324,693,812,247,180
3702,0.91,0,0.75,1.0,1,1,1367,2572,730,203,126
3703,0.92,14,1.0,0.45585792986685403,0,14,2938,108,439,57,1
3704,0.91,0,0.75,1.0,1,1,4105,4485,958,127,125
3705,0.91,0,0.75,1.0,1,1,113,2790,421,30,25
3706,0.91,0,0.75,1.0,1,1,4187,175,632,230,151
3707,0.91,0,0.75,1.0,1,1,1281,2167,932,162,101
3708,0.91,0,0.75,1.0,1,1,2238,4027,607,149,80
3709,0.91,0,0.75,1.0,1,1,4480,3284,833,213,171
3710,0.91,0,0.75,1.0,1,1,1070,900,119,47,46
3711,0.91,0,0.75,1.0,1,1,4777,2392,49,133,16
3712,0.91,0,0.75,1.0,1,1,1570,3686,215,245,195
3713,0.91,0,0.75,1.0,1,1,3898,4273,475,177,56
3714,0.91,0,0.75,1.0,1,1,2807,3581,303,156,142
3715,0.91,0,0.75,1.0,1,1,1801,966,531,104,16
3716,0.91,0,0.75,1.0,1,1,2172,2847,950,90,39
3717,0.91,0,0.75,1.0,1,1,3686,462,220,170,164
3718,0.91,0,0.75,1.0,1,1,848,2219,470,222,87
3719,0.91,0,0.75,1.0,1,1,3387,3864,879,238,6
3720,0.91,0,0.75,1.0,1,1,3094,1973,585,189,49
3721,0.91,6,0.75,0.6089985420620744,0,7,4276,76,423,213,44
3722,0.91,0,0.75,1.0,1,1,3099,4449,934,96,81
3723,0.91,0,0.75,1.0,1,1,4568,3187,121,229,26
3724,0.91,0,0.75,1.0,1,1,2186,459,539,246,68
3725,0.91,0,0.75,1.0,1,1,1815,3588,988,198,113
3726,0.91,0,0.75,1.0,1,1,482,1711,477,111,13
3727,0.91,0,0.75,1.0,1,1,408,4265,785,223,215
3728,0.91,0,0.75,1.0,1,1,2560,3680,529,170,36
3729,0.91,0,0.75,1.0,1,1,3439,559,948,156,19
3730,0.91,0,0.75,1.0,1,1,1056,3297,397,140,77
3731,0.91,0,0.75,1.0,1,1,2232,1424,877,56,49
3732,0.91,0,0.75,1.0,1,1,2869,2150,375,238,131
3733,0.91,0,0.75,1.0,1,1,29,4478,269,210,153
3734,0.91,0,0.75,1.0,1,1,4120,1942,557,34,28
3735,0.91,0,0.75,1.0,1,1,3236,695,494,169,83
3736,0.91,0,0.75,1.0,1,1,986,1359,197,225,168
3737,0.91,0,0.75,1.0,1,1,697,2966,912,184,11
3738,0.91,0,0.75,1.0,1,1,2646,1584,828,194,191
3739,0.91,0,0.75,1.0,1,1,326,1076,612,134,61
3740,0.91,0,0.75,1.0,1,1,4049,1192,905,231,104
3741,0.91,0,0.75,1.0,1,1,2716,4314,386,85,22
3742,0.91,0,0.75,1.0,1,1,1731,1777,659,159,146
3743,0.91,0,0.75,1.0,1,1,3594,2424,95,101,34
3744,0.91,0,0.75,1.0,1,1,4928,3052,575,219,91
3745,0.91,0,0.75,1.0,1,1,2389,789,24,204,4
3746,0.91,0,0.75,1.0,1,1,1432,2670,441,247,52
3747,0.91,0,0.75,1.0,1,1,278,3768,204,129,31
3748,0.91,0,0.75,1.0,1,1,1195,1878,257,173,40
3749,0.91,0,0.75,1.0,1,1,879,3486,601,234,135
3750,0.91,0,0.75,1.0,1,1,4989,1023,327,26,9
3751,0.91,0,0.75,1.0,1,1,3656,4150,838,158,117
3752,0.91,0,0.75,1.0,1,1,2660,2280,638,145,65
3753,0.91,1,0.75,0.8607224705127958,0,2,625,367,925,217,187
3754,0.91,0,0.75,1.0,1,1,1715,2488,848,242,22
3755,0.91,0,0.75,1.0,1,1,1968,4368,679,193,33
3756,0.91,0,0.75,1.0,1,1,636,1245,160,123,93
3757,0.91,0,0.75,1.0,1,1,4429,2106,231,208,125
3758,0.91,0,0.75,1.0,1,1,3253,2734,749,108,1
3759,0.91,0,0.75,1.0,1,1,2287,270,459,152,126
3760,0.91,0,0.75,1.0,1,1,2921,843,793,94,55
3761,0.91,0,0.75,1.0,1,1,4098,3966,313,226,71
3762,0.91,0,0.75,1.0,1,1,121,3134,819,122,46
3763,0.91,0,0.75,1.0,1,1,1298,1256,331,191,80
3764,0.91,0,0.75,1.0,1,1,2216,4386,134,237,100
3765,0.91,0,0.75,1.0,1,1,4507,2628,431,188,150
3766,0.91,3,0.75,0.7214449410255918,0,4,1038,13,645,72,26
3767,0.91,0,0.75,1.0,1,1,4833,1657,715,221,56
3768,0.91,0,0.75,1.0,1,1,3499,3535,204,88,70
3769,0.91,0,0.75,1.0,1,1,3837,4768,765,206,16
3770,0.91,0,0.75,1.0,1,1,538,5000,721,179,87
3771,0.91,0,0.75,1.0,1,1,2742,3007,968,243,164
3772,0.91,0,0.75,1.0,1,1,2125,3733,282,60,17
3773,0.91,0,0.75,1.0,1,1,3737,1118,513,199,141
3774,0.91,0,0.75,1.0,1,1,792,1861,802,131,109
3775,0.91,0,0.75,1.0,1,1,3409,4599,353,147,49
3776,0.91,0,0.75,1.0,1,1,3077,1478,186,163,7
3777,0.91,3,0.75,0.7214449410255918,0,4,1553,314,401,179,31
3778,0.91,0,0.75,1.0,1,1,2432,3453,76,133,41
3779,0.92,2,1.0,0.7792503385696964,0,2,4893,90,517,147,117
3780,0.91,0,0.75,1.0,1,1,2143,1926,797,212,133
3781,0.91,0,0.75,1.0,1,1,1850,3797,745,230,187
3782,0.91,0,0.75,1.0,1,1,3936,3210,943,162,63
3783,0.91,0,0.75,1.0,1,1,441,3432,542,190,24
3784,0.91,2,0.75,0.7792503385696964,0,3,735,303,1000,237,33
3785,0.91,0,0.75,1.0,1,1,1021,4320,154,169,127
3786,0.91,0,0.75,1.0,1,1,4529,1779,929,90,2
3787,0.91,0,0.75,1.0,1,1,3196,3656,411,222,124
3788,0.91,0,0.75,1.0,1,1,2824,545,118,206,72
3789,0.91,0,0.75,1.0,1,1,4158,4918,597,103,54
3790,0.91,0,0.75,1.0,1,1,2909,4819,286,183,172
3791,0.91,0,0.75,1.0,1,1,1396,2199,516,77,47
3792,0.91,0,0.75,1.0,1,1,2275,4068,964,125,24
3793,0.91,0,0.75,1.0,1,1,942,945,452,195,102
3794,0.91,0,0.75,1.0,1,1,4736,1955,383,109,69
3795,0.91,0,0.75,1.0,1,1,3560,2583,894,211,56
3796,0.91,0,0.75,1.0,1,1,2603,723,570,224,15
3797,0.91,0,0.75,1.0,1,1,598,4048,435,57,38
3798,0.91,0,0.75,1.0,1,1,4005,1428,649,203,163
3799,0.91,0,0.75,1.0,1,1,1775,920,915,127,88
3800,0.91,0,0.75,1.0,1,1,2067,2810,624,176,109
3801,0.91,0,0.75,1.0,1,1,4962,4568,815,248,143
3802,0.91,0,0.75,1.0,1,1,2345,1827,281,232,203
3803,0.91,0,0.75,1.0,1,1,4314,3033,490,142,7
3804,0.91,0,0.75,1.0,1,1,4375,999,737,85,82
3805,0.91,0,0.75,1.0,1,1,3041,4122,226,235,44
3806,0.91,0,0.75,1.0,1,1,3296,2262,302,216,28
3807,0.91,0,0.75,1.0,1,1,4629,2890,789,100,98
3808,0.91,0,0.75,1.0,1,1,913,3899,859,200,68
3809,0.91,0,0.75,1.0,1,1,2090,776,371,116,58
3810,0.91,0,0.75,1.0,1,1,1758,2646,172,70,14
3811,0.91,0,0.75,1.0,1,1,2704,26,881,174,139
3812,0.91,0,0.75,1.0,1,1,581,2018,683,250,112
3813,0.91,0,0.75,1.0,1,1,3796,2124,834,153,37
3814,0.91,0,0.75,1.0,1,1,4715,3994,626,165,19
3815,0.91,0,0.75,1.0,1,1,4386,589,473,241,176
3816,0.91,0,0.75,1.0,1,1,2332,2347,217,181,75
3817,0.91,0,0.75,1.0,1,1,1336,4237,260,138,121
3818,0.91,0,0.75,1.0,1,1,2,1110,780,50,5
3819,0.91,0,0.75,1.0,1,1,4219,1634,349,171,97
3820,0.91,0,0.75,1.0,1,1,2250,2919,390,207,167
3821,0.91,0,0.75,1.0,1,1,4472,4755,175,154,84
3822,0.91,0,0.75,1.0,1,1,1933,1392,733,139,11
3823,0.91,0,0.75,1.0,1,1,1601,4531,806,187,59
3824,0.91,0,0.75,1.0,1,1,3870,2539,508,236,191
3825,0.92,6,1.0,0.6089985420620744,0,6,3952,240,193,98,20
3826,0.91,0,0.75,1.0,1,1,2776,4612,711,214,106
3827,0.91,0,0.75,1.0,1,1,3694,1501,753,229,91
3828,0.91,0,0.75,1.0,1,1,4870,3379,273,80,35
3829,0.91,0,0.75,1.0,1,1,837,837,561,165,161
3830,0.91,0,0.75,1.0,1,1,1155,4855,344,244,3
3831,0.91,0,0.75,1.0,1,1,1491,3603,656,114,73
3832,0.91,0,0.75,1.0,1,1,159,1725,137,198,53
3833,0.91,0,0.75,1.0,1,1,160,4850,588,154,128
3834,0.91,0,0.75,1.0,1,1,4291,2470,363,106,4
3835,0.91,0,0.75,1.0,1,1,3124,3093,851,207,122
3836,0.91,0,0.75,1.0,1,1,3377,1222,676,221,74
3837,0.91,0,0.75,1.0,1,1,4545,4349,164,88,52
3838,0.91,0,0.75,1.0,1,1,838,2712,235,236,22
3839,0.91,0,0.75,1.0,1,1,1830,3951,796,122,92
3840,0.91,0,0.75,1.0,1,1,506,823,308,191,34
3841,0.91,0,0.75,1.0,1,1,3869,664,210,163,115
3842,0.91,0,0.75,1.0,1,1,2545,3786,690,32,11
3843,0.91,0,0.75,1.0,1,1,1599,1406,480,228,136
3844,0.91,0,0.75,1.0,1,1,4786,2524,252,147,65
3845,0.91,0,0.75,1.0,1,1,2247,1044,841,131,29
3846,0.91,0,0.75,1.0,1,1,1252,2923,635,179,43
3847,0.91,0,0.75,1.0,1,1,4216,4759,928,244,208
3848,0.91,0,0.75,1.0,1,1,4134,605,724,145,50
3849,0.91,0,0.75,1.0,1,1,1338,2362,965,217,201
3850,0.91,0,0.75,1.0,1,1,4388,3714,799,157,6
3851,0.91,1,0.75,0.8607224705127958,0,2,2005,205,359,173,90
3852,0.91,1,0.75,0.8607224705127958,0,2,1673,3335,181,130,107
3853,0.91,1,0.75,0.8607224705127958,0,2,3798,3999,384,202,145
3854,0.91,0,0.75,1.0,1,1,351,1458,669,58,19
3855,0.91,0,0.75,1.0,1,1,4024,1279,817,93,68
3856,0.91,0,0.75,1.0,1,1,2701,3151,336,227,58
3857,0.92,10,1.0,0.5181789107262775,0,10,3620,32,129,208,12
3858,0.91,1,0.75,0.8607224705127958,0,2,1237,3551,718,192,81
3859,0.91,0,0.75,1.0,1,1,2403,1678,199,124,45
3860,0.91,0,0.75,1.0,1,1,1407,4788,282,78,26
3861,0.91,1,0.75,0.8607224705127958,0,2,3040,2247,552,182,152
3862,0.91,0,0.75,1.0,1,1,241,411,762,242,100
3863,0.91,0,0.75,1.0,1,1,4316,1158,789,195,174
3864,0.91,0,0.75,1.0,1,1,1469,1822,525,135,77
3865,0.91,1,0.75,0.8607224705127958,0,2,2347,4953,950,184,119
3866,0.91,0,0.75,1.0,1,1,4688,3038,738,240,132
3867,0.91,0,0.75,1.0,1,1,4965,1443,392,168,39
3868,0.91,0,0.75,1.0,1,1,4008,4553,69,150,17
3869,0.91,0,0.75,1.0,1,1,367,4434,418,247,70
3870,0.92,6,1.0,0.6089985420620744,0,6,1691,56,937,69,56
3871,0.91,0,0.75,1.0,1,1,1984,3166,606,117,16
3872,0.91,0,0.75,1.0,1,1,660,1293,126,203,110
3873,0.91,0,0.75,1.0,1,1,3277,4813,536,219,46
3874,0.91,0,0.75,1.0,1,1,2906,1693,991,232,26
3875,0.91,0,0.75,1.0,1,1,145,4335,902,197,1
3876,0.91,0,0.75,1.0,1,1,1025,2445,578,245,54
3877,0.91,0,0.75,1.0,1,1,737,3428,296,162,148
3878,0.91,0,0.75,1.0,1,1,4808,808,507,83,22
3879,0.91,0,0.75,1.0,1,1,2528,2065,446,213,93
3880,0.91,0,0.75,1.0,1,1,3851,2688,958,95,33
3881,0.91,0,0.75,1.0,1,1,1846,1922,41,186,10
3882,0.91,0,0.75,1.0,1,1,2140,3801,498,140,61
3883,0.91,0,0.75,1.0,1,1,4600,2320,909,155,95
3884,0.91,0,0.75,1.0,1,1,3434,2947,428,40,31
3885,0.91,0,0.75,1.0,1,1,2429,328,656,204,157
3886,0.91,0,0.75,1.0,1,1,1550,3439,825,223,165
3887,0.91,0,0.75,1.0,1,1,4229,4181,614,170,86
3888,0.91,0,0.75,1.0,1,1,205,2767,829,187,78
3889,0.91,0,0.75,1.0,1,1,3080,4603,610,235,173
3890,0.91,0,0.75,1.0,1,1,2446,4010,143,53,8
3891,0.91,0,0.75,1.0,1,1,3412,1474,933,192,133
3892,0.91,0,0.75,1.0,1,1,1123,888,631,139,118
3893,0.91,0,0.75,1.0,1,1,3741,2993,214,155,38
3894,0.91,0,0.75,1.0,1,1,2744,1133,263,171,17
3895,0.91,0,0.75,1.0,1,1,467,4107,742,114,56
3896,0.91,0,0.75,1.0,1,1,1633,979,223,199,70
3897,0.91,0,0.75,1.0,1,1,1887,2868,305,245,112
3898,0.91,0,0.75,1.0,1,1,720,2245,785,64,14
3899,0.91,0,0.75,1.0,1,1,4504,753,855,229,47
3900,0.91,0,0.75,1.0,1,1,3181,3880,374,80,79
3901,0.91,0,0.75,1.0,1,1,4172,2623,688,214,24
3902,0.92,6,1.0,0.6089985420620744,0,6,1372,255,707,250,2
3903,0.91,0,0.75,1.0,1,1,2290,3395,758,201,54
3904,0.91,0,0.75,1.0,1,1,967,1523,270,115,72
3905,0.91,0,0.75,1.0,1,1,4751,501,341,216,102
3906,0.91,0,0.75,1.0,1,1,3584,4878,829,100,24
3907,0.91,0,0.75,1.0,1,1,1718,4362,425,158,157
3908,0.91,0,0.75,1.0,1,1,2587,1748,652,86,32
3909,0.91,0,0.75,1.0,1,1,3755,3620,140,234,94
3910,0.91,0,0.75,1.0,1,1,622,3491,346,137,9
3911,0.91,1,0.75,0.8607224705127958,0,2,3653,2275,387,241,189
3912,0.91,0,0.75,1.0,1,1,876,361,178,181,63
3913,0.91,1,0.75,0.8607224705127958,0,2,1192,3753,961,226,155
3914,0.91,0,0.75,1.0,1,1,3337,3245,728,166,95
3915,0.91,2,0.75,0.7792503385696964,0,3,3005,136,811,153,85
3916,0.91,0,0.75,1.0,1,1,274,1894,503,209,166
3917,0.91,0,0.75,1.0,1,1,4350,1537,547,223,123
3918,0.91,0,0.75,1.0,1,1,3028,3410,59,93,3
3919,0.91,0,0.75,1.0,1,1,1434,795,767,167,128
3920,0.91,2,0.75,0.7792503385696964,0,3,3320,279,484,109,52
3921,0.91,0,0.75,1.0,1,1,4643,4657,996,211,74
3922,0.91,0,0.75,1.0,1,1,938,3635,925,124,106
3923,0.91,0,0.75,1.0,1,1,2104,1762,413,196,20
3924,0.91,0,0.75,1.0,1,1,1733,4903,114,239,35
3925,0.91,0,0.75,1.0,1,1,324,2951,161,218,137
3926,0.91,8,0.75,0.5585006771393928,0,9,3811,336,884,42,12
3927,0.91,0,0.75,1.0,1,1,2644,4709,404,142,114
3928,0.91,0,0.75,1.0,1,1,3523,1599,73,161,67
3929,0.91,0,0.75,1.0,1,1,695,1092,367,233,185
3930,0.91,0,0.75,1.0,1,1,984,4484,522,176,29
3931,0.91,0,0.75,1.0,1,1,3234,2570,792,248,221
3932,0.91,0,0.75,1.0,1,1,27,1353,938,126,42
3933,0.91,0,0.75,1.0,1,1,101,3282,644,231,200
3934,0.91,0,0.75,1.0,1,1,2871,4025,920,163,51
3935,0.91,0,0.75,1.0,1,1,3163,2164,619,148,5
3936,0.91,0,0.75,1.0,1,1,3441,3683,278,196,162
3937,0.91,0,0.75,1.0,1,1,1948,1147,548,63,37
3938,0.91,0,0.75,1.0,1,1,2562,554,203,246,143
3939,0.91,0,0.75,1.0,1,1,410,2391,487,178,107
3940,0.91,0,0.75,1.0,1,1,2800,2844,512,104,68
3941,0.91,0,0.75,1.0,1,1,4846,4092,449,222,14
3942,0.91,0,0.75,1.0,1,1,1140,2599,380,75,44
3943,0.91,0,0.75,1.0,1,1,4567,62,665,185,169
3944,0.91,0,0.75,1.0,1,1,2463,1976,899,238,82
3945,0.91,0,0.75,1.0,1,1,1507,3865,566,190,98
3946,0.91,0,0.75,1.0,1,1,183,738,86,119,27
3947,0.91,0,0.75,1.0,1,1,188,3184,434,212,118
3948,0.91,0,0.75,1.0,1,1,1521,1312,922,96,8
3949,0.91,0,0.75,1.0,1,1,2478,4452,621,82,48
3950,0.92,2,1.0,0.7792503385696964,0,2,1145,74,110,230,78
3951,0.91,0,0.75,1.0,1,1,3684,3586,550,246,18
3952,0.91,1,0.75,0.8607224705127958,0,2,2805,456,977,197,39
3953,0.91,0,0.75,1.0,1,1,3982,4834,489,112,88
3954,0.91,0,0.75,1.0,1,1,396,4934,30,22,15
3955,0.91,0,0.75,1.0,1,1,3900,2398,805,222,139
3956,0.91,0,0.75,1.0,1,1,1572,562,509,170,111
3957,0.91,0,0.75,1.0,1,1,1943,3681,966,157,69
3958,0.91,0,0.75,1.0,1,1,4779,4267,722,205,181
3959,0.92,6,1.0,0.6089985420620744,0,6,4482,160,378,141,25
3960,0.91,0,0.75,1.0,1,1,1283,4042,356,237,204
3961,0.91,0,0.75,1.0,1,1,4189,3300,84,185,47
3962,0.91,0,0.75,1.0,1,1,4103,1361,258,212,197
3963,0.91,0,0.75,1.0,1,1,1365,697,58,151,53
3964,0.91,0,0.75,1.0,1,1,2322,2567,482,168,1
3965,0.91,0,0.75,1.0,1,1,4704,1079,923,182,94
3966,0.91,0,0.75,1.0,1,1,2013,1587,641,239,157
3967,0.91,0,0.75,1.0,1,1,1642,4726,839,195,149
3968,0.91,0,0.75,1.0,1,1,2648,2341,112,49,23
3969,0.91,0,0.75,1.0,1,1,3826,2968,600,135,103
3970,0.91,0,0.75,1.0,1,1,551,3050,886,232,62
3971,0.91,0,0.75,1.0,1,1,1729,2427,406,84,64
3972,0.91,0,0.75,1.0,1,1,922,1189,594,218,9
3973,0.91,0,0.75,1.0,1,1,4639,2044,524,118,41
3974,0.91,0,0.75,1.0,1,1,3013,788,460,248,96
3975,0.91,0,0.75,1.0,1,1,4346,3915,940,68,30
3976,0.91,0,0.75,1.0,1,1,272,1530,229,176,156
3977,0.91,0,0.75,1.0,1,1,4323,1876,193,128,73
3978,0.91,0,0.75,1.0,1,1,2991,2504,705,59,53
3979,0.91,0,0.75,1.0,1,1,1456,119,496,200,177
3980,0.91,0,0.75,1.0,1,1,3323,643,756,10,3
3981,0.91,0,0.75,1.0,1,1,4655,3765,268,174,123
3982,0.91,0,0.75,1.0,1,1,4991,364,612,234,216
3983,0.91,0,0.75,1.0,1,1,2038,2277,826,159,35
3984,0.91,0,0.75,1.0,1,1,1784,4148,649,144,21
3985,0.91,0,0.75,1.0,1,1,3769,1242,348,79,60
3986,0.91,0,0.75,1.0,1,1,2593,4370,867,242,66
3987,0.91,0,0.75,1.0,1,1,3589,2491,660,194,114
3988,0.91,0,0.75,1.0,1,1,4765,3113,180,122,12
3989,0.91,0,0.75,1.0,1,1,972,3969,250,209,42
3990,0.91,0,0.75,1.0,1,1,2304,841,729,107,84
3991,0.91,0,0.75,1.0,1,1,54,2108,294,226,30
3992,0.91,0,0.75,1.0,1,1,2834,4389,320,192,5
3993,0.91,0,0.75,1.0,1,1,3166,1258,145,236,51
3994,0.91,0,0.75,1.0,1,1,705,4770,704,219,108
3995,0.91,0,0.75,1.0,1,1,3512,2856,985,171,144
3996,0.91,4,0.75,0.6766075912971576,0,5,1883,392,216,89,18
3997,0.91,0,0.75,1.0,1,1,1628,3533,265,105,37
3998,0.91,0,0.75,1.0,1,1,452,1660,776,207,89
3999,0.91,0,0.75,1.0,1,1,3926,1858,740,180,13
4000,0.91,0,0.75,1.0,1,1,1859,1115,949,244,237
4001,0.91,0,0.75,1.0,1,1,2113,3005,532,198,193
4002,0.91,0,0.75,1.0,1,1,4922,4998,783,130,57
4003,0.91,0,0.75,1.0,1,1,1128,3354,852,46,27
4004,0.91,0,0.75,1.0,1,1,2461,1476,373,146,99
4005,0.91,0,0.75,1.0,1,1,1543,4596,167,165,82
4006,0.91,0,0.75,1.0,1,1,4242,2759,398,229,169
4007,0.91,0,0.75,1.0,1,1,3048,3456,389,177,75
4008,0.91,0,0.75,1.0,1,1,4596,4688,576,62,4
4009,0.91,0,0.75,1.0,1,1,1111,2308,352,198,129
4010,0.91,0,0.75,1.0,1,1,801,3212,505,149,34
4011,0.91,2,0.75,0.7792503385696964,0,3,509,93,955,161,21
4012,0.91,2,0.75,0.7792503385696964,0,3,3866,300,562,188,66
4013,0.91,0,0.75,1.0,1,1,1900,3938,709,186,136
4014,0.91,0,0.75,1.0,1,1,3490,1558,500,74,11
4015,0.91,0,0.75,1.0,1,1,4823,3431,980,238,115
4016,0.91,0,0.75,1.0,1,1,1029,4921,910,89,83
4017,0.91,0,0.75,1.0,1,1,2206,544,431,223,43
4018,0.91,0,0.75,1.0,1,1,1327,3653,97,204,28
4019,0.91,0,0.75,1.0,1,1,149,1781,616,104,98
4020,0.91,0,0.75,1.0,1,1,4068,944,16,240,6
4021,0.91,0,0.75,1.0,1,1,3263,2200,953,126,76
4022,0.91,0,0.75,1.0,1,1,4439,2823,464,194,50
4023,0.91,0,0.75,1.0,1,1,646,3847,394,110,20
4024,0.91,0,0.75,1.0,1,1,4738,1306,682,150,144
4025,0.91,0,0.75,1.0,1,1,1979,720,882,211,106
4026,0.91,0,0.75,1.0,1,1,1685,2581,583,225,89
4027,0.91,0,0.75,1.0,1,1,3782,4417,856,168,161
4028,0.91,0,0.75,1.0,1,1,353,1958,72,91,36
4029,0.91,0,0.75,1.0,1,1,2689,2812,935,128,13
4030,0.91,0,0.75,1.0,1,1,3647,923,604,176,59
4031,0.91,0,0.75,1.0,1,1,889,1431,836,248,193
4032,0.89,0,0.25,1.0,0,3,1,1,556,250,6
4033,0.91,3,0.75,0.7214449410255918,0,4,4062,508,527,250,10
4034,0.91,0,0.75,1.0,1,1,1,1,475,250,10
4035,0.91,0,0.75,1.0,1,1,1,5000,2,2,10
4036,0.92,12,1.0,0.4846118980409827,0,12,4017,373,472,250,1
4037,0.91,0,0.75,1.0,1,1,1,1932,1000,2,10
4038,0.91,0,0.75,1.0,1,1,1,1,392,214,4
4039,0.91,0,0.75,1.0,1,1,1,1,788,250,10
4040,0.91,0,0.75,1.0,1,1,5000,4282,1000,250,1
4041,0.92,13,1.0,0.4697210125748703,0,13,4397,1,605,250,10
4042,0.91,0,0.75,1.0,1,1,5000,5000,460,2,10
4043,0.91,0,0.75,1.0,1,1,1304,1870,1000,250,10
4044,0.91,10,0.75,0.5181789107262775,0,11,5000,412,518,250,1
4045,0.92,113,1.0,0.04833195956934744,0,27,5000,1,500,250,1
4046,0.91,0,0.75,1.0,1,1,1,3172,2,2,1
4047,0.91,0,0.75,1.0,1,1,1,356,403,250,1
4048,0.92,115,1.0,0.044837349728434006,0,28,5000,1,350,231,1
4049,0.92,144,1.0,0.0,0,29,5000,1,437,250,1
4050,0.91,19,0.75,0.3980525323227494,0,20,5000,214,1000,250,1
4051,0.88,1,0.0,0.8607224705127958,0,5,1,1,628,250,1
4052,0.91,0,0.75,1.0,1,1,5000,2600,2,250,10
4053,0.92,11,1.0,0.5006952795952881,0,11,4896,1,728,250,10
4054,0.91,0,0.75,1.0,1,1,5000,1903,1000,2,1
4055,0.92,11,1.0,0.5006952795952881,0,11,5000,1,542,205,10
4056,0.91,0,0.75,1.0,1,1,5000,956,1000,250,10
4057,0.91,0,0.75,1.0,1,1,5000,5000,199,2,10
4058,0.92,8,1.0,0.5585006771393928,0,8,4380,248,941,248,10
4059,0.91,1,0.75,0.8607224705127958,0,2,150,222,376,110,6
4060,0.91,0,0.75,1.0,1,1,1,2928,2,250,10
4061,0.91,0,0.75,1.0,1,1,623,2357,746,2,10
4062,0.92,7,1.0,0.5821674115383877,0,7,1773,228,716,250,10
4063,0.91,0,0.75,1.0,1,1,5000,4590,1000,2,10
4064,0.92,10,1.0,0.5181789107262775,0,10,4353,1,1000,250,10
4065,0.92,8,1.0,0.5585006771393928,0,8,1566,1,676,250,10
4066,0.91,0,0.75,1.0,1,1,1244,2545,191,82,2
4067,0.91,0,0.75,1.0,1,1,2897,693,604,168,9
4068,0.91,1,0.75,0.8607224705127958,0,2,2127,445,645,10,2
