index,ACCURACY,RUNTIME,transformed_accuracy,transformed_runtime,is_pareto,pareto_layer,recent_samples_size,n_samples,n_permutations,update_interval,n_consecutive_deviations
0,0.89,4997,0.8863636363636365,0.1931665286321762,0,599,4028,2517,427,172,7
1,0.9,4646,0.9090909090909093,0.2065503416893304,0,555,4360,1933,736,229,3
2,0.91,2474,0.931818181818182,0.322342970497435,0,266,1488,377,879,184,9
3,0.71,102,0.47727272727272724,0.9067024702224373,0,3,2044,1,1000,250,6
4,0.87,3016,0.840909090909091,0.28594578274151605,0,353,36,5000,360,120,10
5,0.87,245,0.840909090909091,0.7466829061665399,0,3,2396,1,1000,188,10
6,0.85,172,0.7954545454545455,0.811388986004318,1,1,2301,1,1000,250,10
7,0.74,104,0.5454545454545455,0.903167683700135,0,2,46,1,1000,158,6
8,0.9,2590,0.9090909090909093,0.31392413803344266,0,287,48,2851,291,97,3
9,0.92,3911,0.9545454545454547,0.23819631394803154,0,375,476,4215,181,140,5
10,0.74,1765,0.5454545454545455,0.3843808435559587,0,160,55,3561,185,199,162
11,0.83,894,0.75,0.5093024659813219,0,45,933,1475,452,115,112
12,0.9,5751,0.9090909090909093,0.16734037514614075,0,643,2590,4065,534,26,8
13,0.91,4511,0.931818181818182,0.21196910658047985,0,481,461,3159,832,75,4
14,0.92,2563,0.9545454545454547,0.3158495435453481,0,278,380,2262,606,39,9
15,0.89,5895,0.8863636363636365,0.1627955581378866,0,674,4575,4364,317,234,1
16,0.9,1824,0.9090909090909093,0.37834053903166986,0,169,2509,47,781,115,3
17,0.92,2805,0.9545454545454547,0.2992720646854444,0,313,2721,3250,443,216,10
18,0.9,4597,0.9090909090909093,0.2084987338616886,0,549,2227,211,731,22,2
19,0.91,2745,0.931818181818182,0.3032449117364231,0,313,3353,853,15,235,8
20,0.9,4129,0.9090909090909093,0.2282289118040901,0,486,1109,1759,374,159,4
21,0.92,3472,0.9545454545454547,0.260074408958335,0,364,816,3598,558,224,8
22,0.9,5260,0.9090909090909093,0.18374049400298953,0,614,4907,1199,509,165,9
23,0.9,6704,0.9090909090909093,0.13916225556649864,0,665,2840,4382,91,52,7
24,0.85,888,0.7954545454545455,0.5105388152682349,0,44,2034,1504,865,245,5
25,0.9,5288,0.9090909090909093,0.18276485369130635,0,616,1422,3774,686,210,4
26,0.9,3875,0.9090909090909093,0.23989558553618184,0,452,676,551,221,77,2
27,0.9,5663,0.9090909090909093,0.17017411813839078,0,639,1008,4962,912,12,10
28,0.89,5576,0.8863636363636365,0.17301927438451092,0,651,3962,1615,137,191,2
29,0.89,6799,0.8863636363636365,0.13657631031943118,0,730,3135,2806,710,88,4
30,0.89,4737,0.8863636363636365,0.20298579858027743,0,570,1754,685,495,143,8
31,0.89,5147,0.8863636363636365,0.18773138293688152,0,613,3211,1833,977,53,10
32,0.92,1408,0.9545454545454547,0.4258903905506566,0,99,426,1507,223,250,8
33,0.92,2530,0.9545454545454547,0.3182305412102925,0,270,2536,2677,2,250,1
34,0.92,1772,0.9545454545454547,0.3836537317628048,0,159,2651,1564,1000,250,10
35,0.92,1701,0.9545454545454547,0.3911655855830577,0,147,734,867,610,250,3
36,0.9,3010,0.9090909090909093,0.2863116818025606,0,352,1357,167,718,226,1
37,0.91,612,0.931818181818182,0.5788644142236725,0,17,170,526,1000,250,4
38,0.64,693,0.31818181818181823,0.556053141708488,0,23,1,1236,874,250,4
39,0.89,2854,0.8863636363636365,0.2960900885633124,0,334,1357,1,1000,177,1
40,0.64,984,0.31818181818181823,0.49169082184908774,0,50,1,1775,1000,242,8
41,0.91,791,0.931818181818182,0.5317746770175549,0,29,1059,1,1000,248,4
42,0.91,2926,0.931818181818182,0.2915122549555462,0,340,1076,833,1000,241,1
43,0.91,1093,0.931818181818182,0.4723998743708149,0,62,1315,1,547,225,4
44,0.92,927,0.9545454545454547,0.5026473158066254,0,38,504,263,121,241,2
45,0.92,1644,0.9545454545454547,0.3974265938776831,0,135,718,963,1000,250,10
46,0.92,2384,0.9545454545454547,0.32915127603479644,0,247,429,2379,822,224,5
47,0.91,771,0.931818181818182,0.5364757832616225,0,28,2363,119,273,250,1
48,0.92,830,0.9545454545454547,0.522939549071072,0,26,2365,338,1000,250,2
49,0.52,74,0.0454545454545455,0.9650123690426181,0,2,1,1,2,197,1
50,0.92,764,0.9545454545454547,0.5381499947591623,0,22,2430,1,2,250,1
51,0.91,646,0.931818181818182,0.5689424659276789,0,19,930,1,432,238,7
52,0.92,578,0.9545454545454547,0.5893526786278304,0,11,2327,1,1000,250,1
53,0.89,322,0.8863636363636365,0.6966294646959881,0,4,2326,1,470,250,5
54,0.52,93,0.0454545454545455,0.9235083730032932,0,3,1,1,2,250,1
55,0.91,1252,0.931818181818182,0.4474577806388389,0,83,2675,1,2,250,1
56,0.9,497,0.9090909090909093,0.6170522672650984,0,13,2270,17,2,250,1
57,0.79,140,0.6590909090909093,0.8489825747379975,0,2,170,1,1000,104,10
58,0.92,1097,0.9545454545454547,0.4717290589025026,0,61,2362,1020,1000,250,4
59,0.88,265,0.8636363636363638,0.7323159681086582,0,2,428,1,824,241,10
60,0.92,683,0.9545454545454547,0.5587208697333548,0,18,1623,1,1000,250,10
61,0.93,1129,0.9772727272727275,0.4664488901546213,0,11,2326,832,1000,250,1
62,0.92,539,0.9545454545454547,0.6021698916933279,0,8,903,1,554,176,10
63,0.92,770,0.9545454545454547,0.5367140246874575,0,24,2429,158,1000,250,1
64,0.92,1745,0.9545454545454547,0.38647429710115366,0,155,2220,2184,1000,250,9
65,0.9,320,0.9090909090909093,0.697771103361888,0,2,485,1,1000,155,10
66,0.89,349,0.8863636363636365,0.6818735882581153,0,6,2166,1,2,250,1
67,0.67,3000,0.3863636363636365,0.28692313690504834,0,351,1,5000,2,250,1
68,0.91,1353,0.931818181818182,0.43320889466967494,0,95,2234,1550,109,250,9
69,0.89,286,0.8863636363636365,0.7183495126450441,0,2,2286,1,1000,250,4
70,0.92,1203,0.9545454545454547,0.45478993593450534,0,79,2320,661,2,250,1
71,0.82,173,0.7272727272727273,0.8103295984358404,0,3,227,1,1000,250,10
72,0.91,708,0.931818181818182,0.5521227731122074,0,24,3439,1,1000,250,10
73,0.92,926,0.9545454545454547,0.5028454864288391,0,37,2367,484,745,250,4
74,0.53,81,0.06818181818181825,0.9486113980633389,0,2,1,1,2,132,1
75,0.8,164,0.681818181818182,0.8200913561015495,0,2,208,1,124,167,10
76,0.55,61,0.11363636363636376,1.0,1,1,1,1,287,158,10
77,0.92,1020,0.9545454545454547,0.48509298841891635,0,53,189,1025,193,136,10
78,0.91,569,0.931818181818182,0.592232161554342,0,13,1184,1,1000,226,10
79,0.91,673,0.931818181818182,0.5614278882408142,0,22,1164,1,674,202,10
80,0.92,534,0.9545454545454547,0.6038797015513718,0,7,2995,1,1000,250,10
81,0.92,1440,0.9545454545454547,0.4217627058600182,0,103,174,1718,223,141,10
82,0.5,63,0.0,0.9941644865650267,0,3,1,1,369,73,10
83,0.82,166,0.7272727272727273,0.8178768325143585,0,2,237,1,178,50,10
84,0.92,630,0.9545454545454547,0.5735449783100903,0,16,182,433,204,150,10
85,0.67,79,0.3863636363636365,0.9531499801207185,1,1,2038,1,1000,250,10
86,0.91,378,0.931818181818182,0.6672422900980326,0,2,2548,1,1000,189,10
87,0.82,647,0.7272727272727273,0.5686585998723406,0,21,22,928,320,130,10
88,0.92,566,0.9545454545454547,0.5932021017170528,0,10,1253,1,733,250,10
89,0.76,114,0.590909090909091,0.8864467766360761,0,2,125,1,268,198,10
90,0.91,836,0.931818181818182,0.521617217941106,0,36,125,758,2,232,1
91,0.91,1092,0.931818181818182,0.4725679614737939,0,61,3863,1,1000,250,10
92,0.92,442,0.9545454545454547,0.6385628161988292,0,4,726,1,1000,205,10
93,0.89,292,0.8863636363636365,0.7145465514454266,0,3,2319,1,1000,210,5
94,0.91,985,0.931818181818182,0.4915043142386676,0,49,4104,1,1000,250,10
95,0.91,819,0.931818181818182,0.5253888107245201,0,32,3657,1,1000,250,10
96,0.91,5622,0.931818181818182,0.17150945361320646,0,496,2939,5000,1000,250,1
97,0.92,454,0.9545454545454547,0.6336501878847574,0,6,3250,1,1000,250,10
98,0.92,345,0.9545454545454547,0.6839862923728144,1,1,2704,1,1000,181,10
99,0.92,1217,0.9545454545454547,0.452665019386042,0,81,2561,937,1000,190,10
100,0.91,4044,0.931818181818182,0.23205125748189348,0,459,3149,5000,1000,250,10
101,0.92,1112,0.9545454545454547,0.4692350825891125,0,64,110,1,1000,13,1
102,0.9,1755,0.9090909090909093,0.38542458988313955,0,157,3956,1,1000,71,10
103,0.65,2306,0.340909090909091,0.3352629440572398,0,240,1,3634,879,250,10
104,0.89,559,0.8863636363636365,0.5954854010709201,0,16,203,73,1000,250,1
105,0.92,640,0.9545454545454547,0.5706549308083553,0,17,3133,1,277,182,10
106,0.91,327,0.931818181818182,0.6938060108003319,1,1,590,1,477,250,8
107,0.89,3865,0.8863636363636365,0.2403704068653365,0,451,5000,1,175,250,1
108,0.89,5446,0.8863636363636365,0.17735445728594257,0,638,1983,2006,2,250,1
109,0.91,1163,0.931818181818182,0.46100009536644937,0,75,5000,1,169,250,10
110,0.83,199,0.75,0.7847327800449067,0,3,187,1,527,250,6
111,0.89,4475,0.8863636363636365,0.21344150351407742,0,531,4502,1,261,250,1
112,0.89,2831,0.8863636363636365,0.29757681176989415,0,332,179,3549,281,250,10
113,0.66,2060,0.36363636363636376,0.35598798603061266,0,206,1,3550,1000,250,1
114,0.64,2199,0.31818181818181823,0.3439918733965227,0,232,1,3904,1000,250,10
115,0.92,582,0.9545454545454547,0.5880872468873262,0,12,206,327,658,250,1
116,0.92,423,0.9545454545454547,0.6466200726411995,0,3,2818,1,381,217,10
117,0.88,5395,0.8636363636363638,0.1790835053494768,0,634,5000,1,1000,134,1
118,0.88,5306,0.8636363636363638,0.18214038004090072,0,626,4328,1,1000,157,1
119,0.51,63,0.02272727272727275,0.9941644865650267,0,2,1,1,1000,111,6
120,0.9,949,0.9090909090909093,0.49834075974382597,0,46,5000,1,785,159,10
121,0.9,2125,0.9090909090909093,0.3502807158439929,0,211,157,3430,1000,250,10
122,0.8,99,0.681818181818182,0.9121354736764101,1,1,83,1,1000,211,5
123,0.91,881,0.931818181818182,0.5119918128293491,0,43,3364,1,192,163,10
124,0.9,1401,0.9090909090909093,0.42680581232199966,0,100,5000,1,1000,250,6
125,0.84,166,0.7727272727272727,0.8178768325143585,1,1,161,1,1000,184,5
126,0.63,2494,0.2954545454545455,0.32086366082772266,0,268,1,3290,787,250,10
127,0.92,1339,0.9545454545454547,0.4351192647104586,0,90,2224,1887,566,250,1
128,0.63,1958,0.2954545454545455,0.36531731674386625,0,194,1,3754,610,250,6
129,0.66,1783,0.36363636363636376,0.38251690745996403,0,162,1,3274,2,250,1
130,0.91,1072,0.931818181818182,0.47596239283531305,0,59,4614,1,511,147,10
131,0.9,2239,0.9090909090909093,0.3406800138079129,0,234,117,3790,593,250,10
132,0.89,3871,0.8863636363636365,0.24008536689976212,0,452,4014,1,309,250,1
133,0.91,807,0.931818181818182,0.5280984897887515,0,30,4842,1,1000,250,10
134,0.92,1651,0.9545454545454547,0.39664611187990206,0,140,2343,1952,1000,250,1
135,0.75,131,0.5681818181818182,0.8611058625458576,0,3,110,1,536,130,8
136,0.92,2092,0.9545454545454547,0.35315610358141614,0,202,2391,2445,1000,250,1
137,0.92,1750,0.9545454545454547,0.38594869412846544,0,156,2306,2278,1000,250,1
138,0.91,968,0.931818181818182,0.4947009727991889,0,46,4718,1,1000,250,10
139,0.92,1913,0.9545454545454547,0.36958869178745646,0,182,2292,1994,1000,159,1
140,0.92,2150,0.9545454545454547,0.3481319511999629,0,217,2466,2160,1000,250,1
141,0.93,6328,0.9772727272727275,0.14976977382080991,0,63,2027,2795,1000,2,1
142,0.9,4824,0.9090909090909093,0.1996413831099989,0,581,5000,3106,1000,250,10
143,0.89,5213,0.8863636363636365,0.18538990879718353,0,619,5000,2838,2,250,1
144,0.9,4673,0.9090909090909093,0.20548549860245202,0,562,4459,3319,1000,250,10
145,0.91,860,0.931818181818182,0.5164210207482449,0,41,5000,1,1000,250,10
146,0.91,827,0.931818181818182,0.523604299286786,0,34,3534,1,361,250,10
147,0.91,1022,0.931818181818182,0.48473329508632057,0,55,3762,1,265,250,10
148,0.92,1380,0.9545454545454547,0.4295797549609962,0,96,2514,1097,402,250,10
149,0.9,365,0.9090909090909093,0.6736575507993019,0,4,453,1,1000,250,6
150,0.91,4252,0.931818181818182,0.2228347998173934,0,471,626,5000,1000,250,10
151,0.71,87,0.47727272727272724,0.9356316608111532,1,1,84,1,1000,167,10
152,0.92,448,0.9545454545454547,0.6360900896547061,0,5,814,1,958,250,7
153,0.92,2878,0.9545454545454547,0.29455144071410266,0,324,277,5000,1000,250,10
154,0.89,4363,0.8863636363636365,0.21809921026514079,0,519,1633,2210,1000,151,10
155,0.92,1701,0.9545454545454547,0.3911655855830577,0,147,2640,1326,132,250,10
156,0.92,1884,0.9545454545454547,0.3723949025446509,0,177,2483,2317,166,250,10
157,0.92,2143,0.9545454545454547,0.34873107752326327,0,215,2507,2372,22,162,10
158,0.9,7165,0.9090909090909093,0.1269404245297444,0,673,59,1052,1000,2,1
159,0.9,1131,0.9090909090909093,0.4661238622462305,0,68,4206,1,542,208,10
160,0.89,524,0.8863636363636365,0.6073477899928197,0,15,104,507,1000,162,10
161,0.92,769,0.9545454545454547,0.5369525753170468,0,23,2526,289,1000,250,10
162,0.83,204,0.75,0.7801941979875271,0,4,2233,1,786,250,8
163,0.66,2236,0.36363636363636376,0.34092634384384135,0,235,2001,3634,1000,250,10
164,0.9,703,0.9090909090909093,0.5534235799166427,0,23,3043,1,1000,81,10
165,0.91,828,0.931818181818182,0.5233824486451293,0,35,3245,1,766,158,10
166,0.87,241,0.840909090909091,0.7496961414257763,0,2,80,1,422,195,1
167,0.71,92,0.47727272727272724,0.9254742017347043,0,2,89,1,510,250,10
168,0.92,1341,0.9545454545454547,0.4348451360477169,0,91,135,1355,229,204,1
169,0.89,3661,0.8863636363636365,0.2503345519669734,0,429,1366,57,719,140,9
170,0.89,5446,0.8863636363636365,0.17735445728594257,0,638,4978,1632,971,213,2
171,0.93,1812,0.9772727272727275,0.37955309912562096,0,26,139,2841,176,90,8
172,0.9,4238,0.9090909090909093,0.22344084023460165,0,503,1186,2415,325,112,6
173,0.9,4773,0.9090909090909093,0.20159451430181774,0,576,3856,3623,529,239,2
174,0.9,4168,0.9090909090909093,0.22650138344964876,0,491,2649,840,113,39,5
175,0.91,2904,0.931818181818182,0.29289898003628745,0,339,2468,4533,783,162,9
176,0.81,887,0.7045454545454547,0.510745684433908,0,44,2016,1255,30,226,4
177,0.9,4164,0.9090909090909093,0.22667782045316365,0,490,3105,2556,825,100,10
178,0.89,4282,0.8863636363636365,0.22154283174515876,0,511,4299,339,283,173,7
179,0.89,7982,0.8863636363636365,0.10709580289804965,0,784,740,4136,612,50,1
180,0.88,7734,0.8636363636363638,0.11289641179078536,0,788,594,1120,890,26,3
181,0.89,7175,0.8863636363636365,0.12668410983990486,0,757,4525,4915,220,152,6
182,0.89,4909,0.8863636363636365,0.19643158917933712,0,591,3230,2035,676,79,8
183,0.9,4606,0.9090909090909093,0.20813931406031871,0,550,1809,3336,472,202,5
184,0.88,7473,0.8636363636363638,0.11920548592292834,0,773,1673,1977,846,48,8
185,0.9,6590,0.9090909090909093,0.14231419332071815,0,662,3368,3277,49,170,1
186,0.88,7171,0.8636363636363638,0.12678659282795046,0,758,4660,1022,591,119,4
187,0.93,3239,0.9772727272727275,0.27283870616502515,0,61,456,4818,265,245,10
188,0.92,1718,0.9545454545454547,0.38933882106768825,0,148,878,554,238,204,9
189,0.88,13574,0.8636363636363638,0.009511801207064852,0,873,4164,4351,910,81,5
190,0.9,3971,0.9090909090909093,0.23539864601969696,0,467,2966,1508,454,133,2
191,0.91,2209,0.931818181818182,0.3431582972090802,0,231,2333,781,411,70,1
192,0.92,3865,0.9545454545454547,0.2403704068653365,0,372,2787,4475,738,193,7
193,0.87,8617,0.840909090909091,0.0930277315310798,0,834,3992,2317,156,19,10
194,0.9,4218,0.9090909090909093,0.2243100933765968,0,501,1047,3525,953,145,4
195,0.92,1515,0.9545454545454547,0.41243690283502543,0,118,277,1847,548,182,4
196,0.88,8107,0.8636363636363638,0.10424006161811328,0,803,4842,3056,346,59,8
197,0.91,2776,0.931818181818182,0.30118155482859454,0,319,3537,311,764,233,7
198,0.89,7107,0.8863636363636365,0.1284341398528499,0,753,1501,4005,92,107,3
199,0.89,4817,0.8863636363636365,0.1999082342696139,0,581,3473,2907,610,129,5
200,0.87,9734,0.840909090909091,0.0706267859402091,0,861,4751,143,5,86,2
201,0.93,2327,0.9772727272727275,0.3335974017349458,0,37,215,3861,831,208,6
202,0.92,1846,0.9545454545454547,0.3761380774092299,0,172,963,925,670,249,8
203,0.89,8146,0.8863636363636365,0.10335807578084588,0,789,3917,4643,497,123,1
204,0.91,2977,0.931818181818182,0.28833725138624866,0,348,2704,2466,892,167,3
205,0.93,2692,0.9772727272727275,0.30682714367955355,0,52,2260,3688,190,44,9
206,0.9,594,0.9090909090909093,0.5843423995029621,0,14,2086,409,997,103,5
207,0.92,3440,0.9545454545454547,0.2617758106058744,0,363,2872,4182,170,230,9
208,0.87,8783,0.840909090909091,0.08952097800799197,0,838,4101,1359,690,63,6
209,0.91,3875,0.931818181818182,0.23989558553618184,0,447,786,2646,393,186,3
210,0.91,2315,0.931818181818182,0.3345472913648234,0,241,382,2140,111,149,1
211,0.91,2713,0.931818181818182,0.3053994065505474,0,308,3296,1191,331,189,10
212,0.88,9044,0.8636363636363638,0.08413917628306822,0,842,1592,4962,504,67,4
213,0.9,4074,0.9090909090909093,0.23069309932471094,0,480,1725,975,126,158,6
214,0.89,8326,0.8863636363636365,0.09934133438711101,0,790,1953,4065,10,105,5
215,0.91,2795,0.931818181818182,0.2999282711457374,0,322,3077,1755,604,195,9
216,0.87,11740,0.840909090909091,0.036189531282788234,0,890,4802,3343,392,26,6
217,0.93,883,0.9772727272727275,0.511575497284892,0,5,222,683,986,177,1
218,0.89,6754,0.8863636363636365,0.13779669776751602,0,727,1235,3102,676,151,2
219,0.88,7210,0.8636363636363638,0.12578981278124512,0,761,3784,450,206,54,8
220,0.91,4682,0.931818181818182,0.20513191740787717,0,487,3303,4492,793,230,9
221,0.88,8653,0.8636363636363638,0.09226152888903394,0,834,1712,2115,324,71,4
222,0.89,6587,0.8863636363636365,0.14239787337420007,0,722,1477,3696,836,45,10
223,0.89,6112,0.8863636363636365,0.15615226664492088,0,692,3537,1035,305,126,5
224,0.88,9905,0.8636363636363638,0.0674262210775537,0,859,4331,3868,703,93,1
225,0.92,1823,0.9545454545454547,0.3784412807356433,0,167,689,1559,172,238,7
226,0.92,2779,0.9545454545454547,0.30098309891480535,0,309,457,4764,482,219,7
227,0.88,8541,0.8636363636363638,0.09465583609319073,0,830,4568,2386,888,114,3
228,0.92,3219,0.9545454545454547,0.2739768103232707,0,350,2529,2673,115,170,4
229,0.91,1684,0.931818181818182,0.3930106881650025,0,145,2198,2624,266,220,2
230,0.89,3180,0.8863636363636365,0.27621658999548315,0,376,2775,305,860,76,6
231,0.9,5677,0.9090909090909093,0.16972036278888303,0,640,4506,4950,148,144,10
232,0.9,3271,0.9090909090909093,0.2710322716315713,0,385,473,2279,742,62,5
233,0.87,10347,0.840909090909091,0.05940272646894462,0,872,865,3917,928,20,3
234,0.9,4754,0.9090909090909093,0.2023274907064193,0,573,4118,1276,458,188,9
235,0.89,7360,0.8863636363636365,0.12200564327792485,0,767,3641,3511,545,97,8
236,0.9,3609,0.9090909090909093,0.25296324588705343,0,423,1346,1142,77,201,2
237,0.9,5533,0.9090909090909093,0.17444193274699848,0,628,1737,4599,581,163,6
238,0.89,5656,0.8863636363636365,0.17040141657564056,0,658,4039,2819,947,208,4
239,0.91,2740,0.931818181818182,0.30357989129751806,0,312,943,499,415,118,10
240,0.91,1747,0.931818181818182,0.3862638755162966,0,156,81,3236,230,85,9
241,0.9,3817,0.9090909090909093,0.24266678115124096,0,446,4896,868,637,244,4
242,0.88,9871,0.8636363636363638,0.0680581672927647,0,858,2853,4348,363,39,3
243,0.92,1096,0.9545454545454547,0.4718965333872539,0,60,2121,1706,770,138,7
244,0.88,2247,0.8636363636363638,0.34002474311639197,0,237,2042,3393,712,196,3
245,0.91,3516,0.931818181818182,0.25776040348552476,0,409,2930,712,183,99,9
246,0.9,5016,0.9090909090909093,0.19246912161441332,0,596,4975,4190,814,183,8
247,0.84,1027,0.7727272727272727,0.48383712932124956,0,56,4,1862,284,23,2
248,0.88,8814,0.8636363636363638,0.08887345188079021,0,839,1022,4442,98,60,1
249,0.9,6047,0.9090909090909093,0.15811712545633416,0,650,3961,2083,503,149,6
250,0.9,4793,0.9090909090909093,0.20082610501252218,0,579,3172,2976,497,73,9
251,0.9,3289,0.9090909090909093,0.2700239002461795,0,388,1815,345,902,225,5
252,0.9,4502,0.9090909090909093,0.21233610151298332,0,536,1268,3762,384,140,8
253,0.86,11252,0.8181818181818182,0.0439923884379364,0,886,3720,1433,976,35,4
254,0.89,4862,0.8863636363636365,0.19819948411686583,0,587,4195,3665,32,247,2
255,0.9,3226,0.9090909090909093,0.2735776717640367,0,378,787,985,624,80,7
256,0.92,4230,0.9545454545454547,0.22378804833652366,0,378,550,2780,809,123,7
257,0.88,5091,0.8636363636363638,0.18974175085368605,0,607,4427,147,342,206,1
258,0.88,8775,0.8636363636363638,0.08968845249274326,0,836,2696,4795,662,17,5
259,0.93,1901,0.9772727272727275,0.37074469078223105,0,27,2277,2437,194,160,10
260,0.91,4417,0.931818181818182,0.21583879128404226,0,479,2422,4921,968,67,2
261,0.92,1919,0.9545454545454547,0.36901340732940857,0,183,2608,2232,439,233,7
262,0.87,8578,0.840909090909091,0.09386140466322745,0,833,4646,2516,570,48,9
263,0.92,994,0.9545454545454547,0.4898342077368131,0,47,378,177,40,154,3
264,0.91,3819,0.931818181818182,0.24257052389096423,0,440,766,3538,350,174,5
265,0.87,10227,0.840909090909091,0.06154664542173838,0,869,4252,1190,755,30,10
266,0.91,4090,0.931818181818182,0.2299728310141269,0,464,3460,4026,249,192,6
267,0.88,6796,0.8636363636363638,0.13665741787430963,0,733,1555,1404,654,110,2
268,0.9,4069,0.9090909090909093,0.23091876323801486,0,479,3381,608,720,166,3
269,0.89,9668,0.8863636363636365,0.07187715290024332,0,798,3862,4648,276,117,4
270,0.91,2464,0.931818181818182,0.32308711416285585,0,261,1158,1957,868,214,8
271,0.93,2624,0.9772727272727275,0.31152789628550437,0,50,300,4219,558,242,10
272,0.88,9229,0.8636363636363638,0.08041772512557588,0,846,4725,1598,91,90,4
273,0.9,4938,0.9090909090909093,0.19534918300632242,0,593,2997,3189,910,131,1
274,0.9,635,0.9090909090909093,0.5720942743759039,0,19,2031,840,442,42,6
275,0.9,6084,0.9090909090909093,0.15699609343612386,0,651,1985,3043,881,167,9
276,0.86,12550,0.8181818181818182,0.023927401041159202,0,900,3030,353,474,8,3
277,0.9,6718,0.9090909090909093,0.1387788756181807,0,667,4760,4395,530,212,2
278,0.92,1504,0.9545454545454547,0.4137754294901971,0,116,258,2055,123,115,8
279,0.9,6179,0.9090909090909093,0.15414869735531578,0,653,1120,4162,313,89,6
280,0.89,4380,0.8863636363636365,0.217384594160141,0,520,3903,1814,844,240,1
281,0.87,8316,0.840909090909091,0.09956219867023341,0,819,3428,3403,164,43,5
282,0.9,3688,0.9090909090909093,0.24898433848773316,0,435,1602,780,696,134,10
283,0.9,5584,0.9090909090909093,0.17275580437444793,0,635,1523,4823,215,232,4
284,0.89,6800,0.8863636363636365,0.1365492824193314,0,731,3505,2484,684,64,8
285,0.89,6860,0.8863636363636365,0.13493483871263,0,737,4295,2771,316,156,7
286,0.89,5414,0.8863636363636365,0.17843744762175795,0,634,730,80,786,51,2
287,0.9,5362,0.9090909090909093,0.18021103128177374,0,618,337,3598,596,32,1
288,0.91,3043,0.931818181818182,0.2843081915342245,0,357,2639,3810,994,108,10
289,0.92,1341,0.9545454545454547,0.4348451360477169,0,91,2375,1461,400,189,5
290,0.92,3841,0.9545454545454547,0.24151500776796464,0,371,2322,4015,629,33,7
291,0.9,3837,0.9090909090909093,0.24170646948767094,0,447,2664,1334,222,138,2
292,0.87,11247,0.840909090909091,0.044074075135115964,0,885,4391,3569,778,81,3
293,0.92,1428,0.9545454545454547,0.42329974534777326,0,101,592,1241,371,249,9
294,0.92,2659,0.9545454545454547,0.3090933807698393,0,292,824,2566,57,207,10
295,0.88,6562,0.8636363636363638,0.1430966926872067,0,722,4154,207,588,126,5
296,0.9,6533,0.9090909090909093,0.1439106657353788,0,661,3673,4852,408,159,2
297,0.87,12821,0.840909090909091,0.020000977622968485,0,903,1300,2221,939,15,6
298,0.88,8567,0.8636363636363638,0.09409722852216851,0,832,1847,3138,466,101,3
299,0.91,2609,0.931818181818182,0.312581212831726,0,292,3126,809,935,199,7
300,0.87,11786,0.840909090909091,0.035470816598097143,0,893,3920,4289,68,22,8
301,0.9,3683,0.9090909090909093,0.24923363085512018,0,432,1058,1609,538,180,4
302,0.88,2339,0.8636363636363638,0.33265239587795037,0,245,45,4658,852,147,5
303,0.88,8116,0.8636363636363638,0.10403615045899528,0,805,4937,2026,258,57,10
304,0.92,2555,0.9545454545454547,0.3164239291199661,0,275,2900,2916,750,226,6
305,0.92,1147,0.9545454545454547,0.46354412538203704,0,70,2089,558,156,75,1
306,0.91,3639,0.931818181818182,0.2514421069902468,0,418,2820,2181,802,162,5
307,0.87,9132,0.840909090909091,0.0823595733593544,0,847,4860,3074,202,121,1
308,0.9,418,0.9090909090909093,0.6488004449981195,0,5,123,403,670,210,6
309,0.91,3135,0.931818181818182,0.2788353284654297,0,370,981,3295,984,246,8
310,0.9,2638,0.9090909090909093,0.3105502172021678,0,297,3595,50,106,221,10
311,0.92,2717,0.9545454545454547,0.3051287095438898,0,299,513,3859,175,186,3
312,0.92,2047,0.9545454545454547,0.35715101840750896,0,196,2245,1083,821,98,4
313,0.91,3865,0.931818181818182,0.2403704068653365,0,446,2946,3959,593,128,7
314,0.89,6223,0.8863636363636365,0.15284470247782522,0,698,4821,2409,251,111,8
315,0.91,3842,0.931818181818182,0.24146717348420776,0,443,1192,3127,765,245,2
316,0.92,1006,0.9545454545454547,0.48763074597162226,0,50,168,1409,736,213,2
317,0.89,7137,0.8863636363636365,0.1276600130551605,0,754,3814,2879,252,83,10
318,0.9,3128,0.9090909090909093,0.2792460621208147,0,370,3190,679,909,160,6
319,0.92,3164,0.9545454545454547,0.2771434283126214,0,346,2043,4883,80,41,3
320,0.92,2392,0.9545454545454547,0.3285357769772582,0,248,2254,2154,955,79,8
321,0.89,6882,0.8863636363636365,0.13434641109211554,0,739,3607,3536,34,193,5
322,0.92,5162,0.9545454545454547,0.18719660445576358,0,384,379,4369,362,187,9
323,0.92,3554,0.9545454545454547,0.25578512347295657,0,367,761,1088,141,155,9
324,0.92,2137,0.9545454545454547,0.3492461733324872,0,213,2757,1818,468,225,4
325,0.89,7499,0.8863636363636365,0.11856719436498042,0,771,1385,2623,547,107,6
326,0.89,6390,0.8863636363636365,0.1479779670952186,0,716,1500,1717,22,167,1
327,0.9,5414,0.9090909090909093,0.17843744762175795,0,623,2637,2747,975,33,8
328,0.9,3392,0.9090909090909093,0.26435781245836776,0,401,4512,1197,318,206,7
329,0.9,6876,0.9090909090909093,0.13450670462055814,0,669,875,4493,678,91,5
330,0.91,1928,0.931818181818182,0.36815384270299767,0,186,494,275,824,119,3
331,0.9,4368,0.9090909090909093,0.21788874049028462,0,519,4113,4166,185,238,7
332,0.92,3409,0.9545454545454547,0.26343919964430074,0,360,2369,3749,481,135,2
333,0.9,3785,0.9090909090909093,0.24421379278178756,0,441,1928,788,606,234,9
334,0.89,12917,0.8863636363636365,0.018629944809645527,0,801,3309,4748,402,99,1
335,0.89,5565,0.8863636363636365,0.17338216341511992,0,649,3934,1308,809,147,4
336,0.92,3076,0.9545454545454547,0.28232630442452233,0,342,53,3003,199,32,8
337,0.89,7289,0.8863636363636365,0.12378710963443418,0,761,1078,2222,303,60,6
338,0.89,7322,0.8863636363636365,0.1229569560666891,0,765,4941,3340,692,179,4
339,0.89,7295,0.8863636363636365,0.12363589347263626,0,762,3065,530,101,71,3
340,0.9,3913,0.9090909090909093,0.23810236902684612,0,460,1703,3757,896,202,10
341,0.89,5530,0.8863636363636365,0.17454160011553088,0,644,1631,2477,654,141,3
342,0.9,2252,0.9090909090909093,0.33961638206350653,0,236,4858,398,950,239,10
343,0.9,4874,0.9090909090909093,0.19774648762312586,0,586,1006,4046,61,125,2
344,0.93,1087,0.9772727272727275,0.47341071047105476,0,9,136,765,441,93,2
345,0.9,4474,0.9090909090909093,0.2134825722740067,0,530,4009,4930,552,211,9
346,0.87,11412,0.840909090909091,0.041397399822654335,0,888,3384,1515,144,38,7
347,0.81,1787,0.7045454545454547,0.3821052539076063,0,162,2011,2946,847,169,5
348,0.91,607,0.931818181818182,0.5803697726324424,0,16,2444,29,223,199,6
349,0.88,8486,0.8636363636363638,0.09584312989058774,0,828,3571,4262,769,66,4
350,0.89,6516,0.8863636363636365,0.1443895036405648,0,720,4196,2106,426,173,3
351,0.92,3024,0.9545454545454547,0.2854590476426493,0,339,569,3449,566,58,10
352,0.9,4671,0.9090909090909093,0.20556416465727922,0,561,793,1731,935,26,9
353,0.88,7565,0.8636363636363638,0.11695680128577579,0,778,4441,2576,76,145,1
354,0.91,2470,0.931818181818182,0.3226402665336183,0,264,2566,982,733,98,5
355,0.91,3902,0.931818181818182,0.23861966131591217,0,449,1418,4561,280,228,8
356,0.92,4247,0.9545454545454547,0.22305101350459844,0,379,2686,4445,211,162,10
357,0.88,7258,0.8636363636363638,0.12457038118383401,0,762,4561,1611,618,84,6
358,0.91,2382,0.931818181818182,0.32930547338805005,0,253,678,2680,383,219,4
359,0.92,1470,0.9545454545454547,0.41797541731507126,0,109,454,1899,120,247,5
360,0.89,7982,0.8863636363636365,0.10709580289804965,0,784,4316,3643,884,116,7
361,0.89,4328,0.8863636363636365,0.21957928571944263,0,515,3691,227,292,133,8
362,0.88,11100,0.8636363636363638,0.04649203254669376,0,868,2329,4080,712,15,1
363,0.92,1196,0.9545454545454547,0.4558616779465634,0,77,2126,1395,338,105,10
364,0.91,3522,0.931818181818182,0.2574471024421138,0,410,3264,3050,666,220,3
365,0.86,14126,0.8181818181818182,0.002185772977100209,0,914,3890,894,9,19,4
366,0.92,3796,0.9545454545454547,0.2436805376069363,0,370,251,4815,994,153,6
367,0.91,2753,0.931818181818182,0.30271021104137574,0,315,1121,597,508,181,7
368,0.87,12416,0.840909090909091,0.025900315961978615,0,898,4738,3864,493,51,4
369,0.91,2835,0.931818181818182,0.2973173858492003,0,332,2864,2270,835,192,1
370,0.88,9654,0.8636363636363638,0.0721434793057899,0,855,1746,3427,165,73,9
371,0.9,4581,0.9090909090909093,0.209139442952462,0,548,1778,1548,861,222,6
372,0.9,5590,0.9090909090909093,0.17255844941529586,0,636,2829,2891,128,103,3
373,0.89,6818,0.8863636363636365,0.13606345860970703,0,733,4704,741,532,151,2
374,0.89,8084,0.8863636363636365,0.10476219800195241,0,788,1153,4974,456,20,10
375,0.92,1320,0.9545454545454547,0.43774408305021784,0,87,285,444,47,49,9
376,0.89,6096,0.8863636363636365,0.1566339789188057,0,690,3853,4022,969,182,1
377,0.89,7438,0.8863636363636365,0.12006823989758086,0,770,3229,2423,374,75,5
378,0.92,2376,0.9545454545454547,0.32976884313169197,0,244,2160,3268,641,190,7
379,0.92,919,0.9545454545454547,0.5042386957415654,0,36,2293,956,266,163,4
380,0.88,10420,0.8636363636363638,0.05811063812970052,0,865,3724,4604,749,45,6
381,0.9,4215,0.9090909090909093,0.22444083664302095,0,499,4350,1765,95,217,9
382,0.91,3174,0.931818181818182,0.27656360690340276,0,373,418,2522,921,87,2
383,0.9,3556,0.9090909090909093,0.2556817470729885,0,416,643,2054,580,115,1
384,0.9,5524,0.9090909090909093,0.17474109713326835,0,627,4593,3484,408,249,9
385,0.89,7172,0.8863636363636365,0.1267609667234405,0,756,2718,73,753,17,8
386,0.9,5263,0.9090909090909093,0.1836357130589843,0,615,1268,4238,236,131,5
387,0.89,6325,0.8863636363636365,0.1498569187774632,0,711,1461,183,699,67,10
388,0.92,2868,0.9545454545454547,0.2951909794049039,0,321,2520,4103,308,197,2
389,0.87,8552,0.840909090909091,0.09441929489911971,0,832,4395,1953,903,57,4
390,0.91,3644,0.931818181818182,0.25118980326593776,0,419,836,3608,106,175,7
391,0.91,2037,0.931818181818182,0.3580506934015044,0,203,611,1577,397,143,7
392,0.86,13902,0.8181818181818182,0.005123539724985915,0,913,4152,2735,599,28,5
393,0.91,3678,0.931818181818182,0.24948326179706082,0,423,3527,1135,194,229,1
394,0.92,4343,0.9545454545454547,0.21894350772718474,0,381,2486,4402,802,95,8
395,0.9,4487,0.9090909090909093,0.21294939282038206,0,534,3426,3392,819,139,10
396,0.89,6206,0.8863636363636365,0.15334742260186518,0,696,4051,553,474,123,6
397,0.9,2345,0.9090909090909093,0.33218170872111685,0,245,92,3888,522,241,4
398,0.91,2018,0.931818181818182,0.35977230394322124,0,197,960,920,980,209,5
399,0.89,7079,0.8863636363636365,0.1291596116940824,0,749,4902,4772,29,94,8
400,0.91,2826,0.931818181818182,0.29790160993587256,0,330,3026,1361,683,172,9
401,0.86,13367,0.8181818181818182,0.012336135403575255,0,910,1585,3104,325,37,1
402,0.89,5986,0.8863636363636365,0.1599803732014906,0,683,1670,635,67,101,7
403,0.91,3779,0.931818181818182,0.2445053126435297,0,438,3100,4907,924,231,5
404,0.9,4170,0.9090909090909093,0.2264132284195185,0,492,1045,2844,722,149,8
405,0.82,1678,0.7272727272727273,0.3936663484356441,0,145,19,2375,779,177,10
406,0.86,13771,0.8181818181818182,0.006863623087510429,0,911,3970,3181,232,63,2
407,0.9,3594,0.9090909090909093,0.25372856233333596,0,421,3345,376,577,203,3
408,0.88,10138,0.8636363636363638,0.06315302750815144,0,863,1894,3916,435,69,6
409,0.9,4486,0.9090909090909093,0.21299035175855663,0,533,2405,1871,560,36,5
410,0.89,5464,0.8863636363636365,0.17674806776647856,0,639,3454,2589,452,165,8
411,0.88,9550,0.8636363636363638,0.07413407841077924,0,852,4079,1043,856,88,9
412,0.92,4173,0.9545454545454547,0.22628107509977025,0,376,530,4652,155,207,1
413,0.91,1932,0.931818181818182,0.3677731004968401,0,188,910,121,347,235,3
414,0.89,8784,0.8863636363636365,0.08950005442275688,0,793,4480,4325,645,120,9
415,0.92,2566,0.9545454545454547,0.31563461087501965,0,279,2605,2121,51,137,6
416,0.91,3328,0.931818181818182,0.26785789054862896,0,390,1342,2000,494,196,8
417,0.89,9257,0.8863636363636365,0.07986098621437032,0,797,2803,3695,510,77,1
418,0.89,5352,0.8863636363636365,0.18055407586492433,0,631,4678,250,166,185,5
419,0.9,6981,0.9090909090909093,0.1317215528957304,0,670,717,4210,838,54,7
420,0.91,2853,0.931818181818182,0.2961544792573667,0,333,337,1242,664,22,7
421,0.89,11065,0.8863636363636365,0.0470724555670714,0,799,4277,4469,337,156,3
422,0.88,6814,0.8636363636363638,0.13617130853757664,0,735,3652,1664,991,109,2
423,0.91,552,0.931818181818182,0.5977974219240718,0,12,2087,505,883,129,1
424,0.9,5043,0.9090909090909093,0.1914825995510716,0,603,3147,3801,117,10,9
425,0.9,3945,0.9090909090909093,0.2366057440918915,0,465,3772,2255,712,243,8
426,0.93,3175,0.9772727272727275,0.2765057252356914,0,57,212,3286,289,113,4
427,0.88,8789,0.8636363636363638,0.08939547220980859,0,837,1238,1255,213,81,4
428,0.9,6346,0.9090909090909093,0.14924776996452838,0,658,4777,3037,790,215,6
429,0.9,3935,0.9090909090909093,0.23707213164052587,0,464,2903,833,386,42,10
430,0.89,6101,0.8863636363636365,0.156483308171539,0,691,1863,4724,619,157,3
431,0.88,5830,0.8636363636363638,0.16483313511068065,0,673,1856,2072,191,54,10
432,0.91,6310,0.931818181818182,0.1502932643989423,0,497,2914,3464,801,188,2
433,0.88,6589,0.8636363636363638,0.1423420824390933,0,723,4790,14,394,78,3
434,0.91,4756,0.931818181818182,0.20225019750330464,0,489,1230,4297,598,192,6
435,0.91,761,0.931818181818182,0.5388722087897306,0,27,224,1016,903,226,7
436,0.89,8014,0.8863636363636365,0.10636049706709716,0,787,3765,4546,108,108,5
437,0.89,5158,0.8863636363636365,0.18733905998259848,0,614,3140,1746,701,154,1
438,0.93,1645,0.9772727272727275,0.39731489333684145,0,22,2099,2542,312,24,8
439,0.92,804,0.9545454545454547,0.5287821975862776,0,25,2200,423,686,112,2
440,0.91,4331,0.931818181818182,0.21945195406606632,0,475,3659,4041,326,246,9
441,0.86,12601,0.8181818181818182,0.023182044400195223,0,901,4285,2481,982,12,6
442,0.93,3233,0.9772727272727275,0.27317939807776437,0,60,325,3209,29,127,4
443,0.87,1381,0.840909090909091,0.42944670882105884,0,99,357,2144,959,189,138
444,0.72,2018,0.5,0.35977230394322124,0,199,2294,4090,348,132,131
445,0.85,1791,0.7954545454545455,0.38169452025222117,0,162,425,3335,573,145,117
446,0.84,920,0.7727272727272727,0.5040390181181271,0,46,126,1661,509,195,107
447,0.83,2643,0.75,0.31020230259081516,0,298,2312,4793,570,213,179
448,0.73,118,0.5227272727272727,0.8801622932102774,0,3,2066,16,63,168,35
449,0.87,2926,0.840909090909091,0.2915122549555462,0,341,3934,4721,283,111,109
450,0.87,11767,0.840909090909091,0.035767336420560625,0,892,4091,3815,696,80,1
451,0.86,647,0.8181818181818182,0.5686585998723406,0,20,2225,980,962,137,75
452,0.86,1412,0.8181818181818182,0.4253693321314006,0,102,983,1925,843,141,125
453,0.87,599,0.840909090909091,0.5828042881481075,0,18,1121,741,464,79,74
454,0.6,1148,0.22727272727272724,0.4633840877277835,0,72,14,2073,85,66,63
455,0.87,1366,0.840909090909091,0.43145258432304956,0,96,3010,2394,702,124,115
456,0.84,1718,0.7727272727272727,0.38933882106768825,0,149,894,2951,290,248,230
457,0.84,2223,0.7727272727272727,0.3419976053591135,0,234,66,3831,593,166,77
458,0.83,1202,0.75,0.4549426598604489,0,79,3742,2165,801,231,227
459,0.87,10678,0.840909090909091,0.05361551035715395,0,880,1698,2191,971,36,5
460,0.86,981,0.8181818181818182,0.49225148288665244,0,49,2122,1724,547,224,60
461,0.86,1741,0.8181818181818182,0.38689586433710055,0,156,16,3203,532,97,1
462,0.87,450,0.840909090909091,0.6352731850464586,0,8,2023,612,165,37,10
463,0.87,2207,0.840909090909091,0.3433247102890745,0,232,1621,4073,561,182,174
464,0.85,2410,0.7954545454545455,0.32715839408796665,0,257,2620,4547,241,195,169
465,0.87,9947,0.840909090909091,0.06664856948532294,0,863,4802,4504,685,51,6
466,0.85,2479,0.7954545454545455,0.32197202539817427,0,267,2220,4922,394,168,113
467,0.86,1441,0.8181818181818182,0.42163519754113543,0,105,2563,2382,173,166,139
468,0.83,1632,0.75,0.39877232216591496,0,135,357,3205,406,220,176
469,0.83,173,0.75,0.8103295984358404,0,2,689,54,155,196,127
470,0.73,1271,0.5227272727272727,0.4446915807444003,0,85,53,2493,741,231,152
471,0.87,1983,0.840909090909091,0.3629865318424824,0,197,3303,3938,359,236,221
472,0.86,2227,0.8181818181818182,0.3416673209318778,0,234,2081,4632,329,208,46
473,0.83,1882,0.75,0.37259002276923614,0,177,103,3612,853,181,96
474,0.85,1053,0.7954545454545455,0.479246223906028,0,58,2502,1833,886,241,188
475,0.85,235,0.7954545454545455,0.7543106909297003,0,2,2436,187,105,90,83
476,0.85,487,0.7954545454545455,0.6207806554330938,0,12,1742,583,399,202,194
477,0.87,9557,0.840909090909091,0.07399941697400714,0,854,996,653,57,28,1
478,0.83,1591,0.75,0.40344602054961776,0,127,751,2883,196,167,157
479,0.74,1458,0.5454545454545455,0.41948098123581967,0,107,2017,2919,382,142,73
480,0.73,965,0.5227272727272727,0.4952709057652903,0,47,2360,1895,997,222,217
481,0.86,838,0.8181818181818182,0.5211785465293071,0,38,4891,1303,626,250,243
482,0.87,467,0.840909090909091,0.6284722895852655,0,10,3468,532,447,82,79
483,0.85,507,0.7954545454545455,0.6133980070550262,0,14,2913,635,260,141,124
484,0.84,1503,0.7727272727272727,0.413897598477279,0,117,2140,2779,578,246,81
485,0.86,1061,0.8181818181818182,0.4778564007676056,0,58,3539,1714,743,241,228
486,0.87,1159,0.840909090909091,0.4616328093623172,0,75,2230,1956,535,127,72
487,0.84,1858,0.7727272727272727,0.3749477662813101,0,176,2280,3567,934,248,147
488,0.82,1280,0.7272727272727273,0.44339566538100694,0,86,183,2360,309,192,114
489,0.86,1118,0.8181818181818182,0.4682468907770847,0,66,367,1929,824,176,127
490,0.86,860,0.8181818181818182,0.5164210207482449,0,42,3228,1376,528,168,159
491,0.83,1801,0.75,0.38067168381023464,0,166,2172,3378,449,136,97
492,0.82,1423,0.7272727272727273,0.4239439914833365,0,103,3034,2697,979,232,225
493,0.69,314,0.43181818181818177,0.7012391918033358,0,7,2211,455,949,180,174
494,0.87,1234,0.840909090909091,0.45011735937046793,0,83,2902,2218,849,197,180
495,0.83,291,0.75,0.7151749391832933,0,5,348,350,660,131,119
496,0.91,2666,0.931818181818182,0.3086103233714357,0,299,1796,2546,526,208,35
497,0.9,3998,0.9090909090909093,0.2341534556279674,0,471,867,4483,945,156,4
498,0.81,1677,0.7045454545454547,0.3937758528978036,0,145,2978,3260,539,242,235
499,0.92,1185,0.9545454545454547,0.4575585725648661,0,76,574,1326,694,181,49
500,0.92,3047,0.9545454545454547,0.2840668215267237,0,340,3574,4802,343,159,72
501,0.91,466,0.931818181818182,0.6288654517336729,0,9,1012,331,438,232,148
502,0.91,1797,0.931818181818182,0.38108013561009535,0,165,1237,2832,663,125,87
503,0.91,2876,0.931818181818182,0.29467917055544746,0,337,1465,1755,362,212,11
504,0.91,2692,0.931818181818182,0.30682714367955355,0,305,2384,4990,113,250,56
505,0.91,1999,0.931818181818182,0.36151019270608786,0,194,4095,1435,980,224,63
506,0.91,3457,0.931818181818182,0.26086998039648135,0,405,3241,2508,62,67,19
507,0.88,1840,0.8636363636363638,0.3767361361829661,0,171,1652,3366,759,167,155
508,0.9,1017,0.9090909090909093,0.4856338516859915,0,54,2823,1554,666,217,166
509,0.92,604,0.9545454545454547,0.5812789413499646,0,13,717,236,822,177,69
510,0.88,2112,0.8636363636363638,0.35140808057003037,0,211,689,3973,711,227,187
511,0.92,2043,0.9545454545454547,0.357510360133495,0,195,2951,2676,804,140,81
512,0.91,977,0.931818181818182,0.4930017012110386,0,48,3243,906,553,167,95
513,0.92,1956,0.9545454545454547,0.3655050626583497,0,189,267,2975,420,176,24
514,0.88,1465,0.8636363636363638,0.41860123758019263,0,109,2669,2450,329,247,194
515,0.91,1922,0.931818181818182,0.368726438911556,0,185,1186,1230,171,146,42
516,0.92,1144,0.9545454545454547,0.4640250761168956,0,69,4694,1023,377,197,90
517,0.91,4254,0.931818181818182,0.22274838550724596,0,472,2580,4951,585,110,9
518,0.91,1331,0.931818181818182,0.4362198861686123,0,89,3538,1794,834,72,59
519,0.92,2427,0.9545454545454547,0.3258669422020297,0,252,3777,2871,129,234,104
520,0.9,2841,0.9090909090909093,0.29692893223304273,0,333,601,4646,202,83,67
521,0.88,569,0.8636363636363638,0.592232161554342,0,17,2090,722,776,239,17
522,0.91,1311,0.931818181818182,0.43900062353732494,0,88,4251,823,572,121,70
523,0.91,3366,0.931818181818182,0.26577169046324267,0,397,3395,4435,407,217,20
524,0.92,1542,0.9545454545454547,0.4091921717426731,0,122,3064,1361,155,245,38
525,0.91,855,0.931818181818182,0.5174915143641765,0,40,4538,132,601,229,52
526,0.91,1337,0.931818181818182,0.435393802826172,0,91,3380,2055,175,104,83
527,0.9,5567,0.9090909090909093,0.1733161302783226,0,632,4244,3128,850,202,6
528,0.89,2460,0.8863636363636365,0.3233856172480307,0,261,130,4360,792,113,44
529,0.91,1291,0.931818181818182,0.441824077432981,0,86,3884,1671,279,185,144
530,0.82,350,0.7272727272727273,0.6813491849514736,0,7,2245,431,248,209,124
531,0.92,2557,0.9545454545454547,0.3162801643615235,0,276,1327,3452,499,238,75
532,0.91,2988,0.931818181818182,0.2876595782280077,0,349,1087,2376,541,85,30
533,0.92,2318,0.9545454545454547,0.33430935834221487,0,239,2795,3635,206,172,60
534,0.9,3154,0.9090909090909093,0.277725084602775,0,373,3713,562,456,135,15
535,0.91,2488,0.931818181818182,0.3213062049443143,0,267,3155,4554,918,245,153
536,0.91,2048,0.931818181818182,0.3570612926384349,0,205,1914,1946,404,53,37
537,0.92,1620,0.9545454545454547,0.400127976013665,0,132,4113,2135,204,183,112
538,0.56,505,0.1363636363636365,0.6141230700635039,0,14,2005,915,296,207,156
539,0.9,1926,0.9090909090909093,0.3683445099755914,0,186,2967,54,528,59,18
540,0.92,2979,0.9545454545454547,0.28821385209708994,0,333,4445,3983,451,155,64
541,0.92,1515,0.9545454545454547,0.41243690283502543,0,118,1566,1544,427,164,86
542,0.92,2664,0.9545454545454547,0.3087482102753504,0,293,1898,4564,174,126,100
543,0.92,2108,0.9545454545454547,0.351756357764331,0,207,4163,3325,331,228,135
544,0.91,3312,0.931818181818182,0.2687434242545128,0,387,3957,1869,791,153,29
545,0.69,362,0.43181818181818177,0.6751703431604807,0,8,2476,551,697,237,236
546,0.89,1998,0.8863636363636365,0.36160211730630254,0,197,1558,3644,948,209,191
547,0.91,3609,0.931818181818182,0.25296324588705343,0,416,4913,4865,544,185,47
548,0.92,2700,0.9545454545454547,0.3062819353174704,0,297,1084,4759,755,221,93
549,0.88,4997,0.8636363636363638,0.1931665286321762,0,600,1314,1144,208,70,12
550,0.88,1644,0.8636363636363638,0.3974265938776831,0,136,2232,3051,455,97,62
551,0.92,556,0.9545454545454547,0.5964727081948848,0,9,3482,442,975,173,126
552,0.88,8379,0.8636363636363638,0.09817516402779713,0,823,3558,2499,111,24,10
553,0.92,2578,0.9545454545454547,0.3147773847539439,0,282,3797,3570,914,174,89
554,0.9,4197,0.9090909090909093,0.22522725529396181,0,494,1734,3251,310,139,18
555,0.92,2466,0.9545454545454547,0.3229380442160813,0,259,927,3775,224,189,49
556,0.9,365,0.9090909090909093,0.6736575507993019,0,4,1780,165,802,102,98
557,0.91,2248,0.931818181818182,0.33994299829214125,0,234,595,2029,471,227,4
558,0.91,1739,0.931818181818182,0.3871070110970215,0,154,3780,484,423,91,41
559,0.93,2473,0.9772727272727275,0.32241724943734196,0,40,3551,4101,619,247,121
560,0.92,1477,0.9545454545454547,0.41710283334997333,0,110,2594,2331,871,215,72
561,0.9,4539,0.9090909090909093,0.21083200826529347,0,543,4698,3719,170,122,27
562,0.81,657,0.7045454545454547,0.5658437939534948,0,22,957,1032,651,175,163
563,0.9,879,0.9090909090909093,0.5124090734723346,0,43,4923,1221,927,235,208
564,0.92,2668,0.9545454545454547,0.30847253983102707,0,295,1411,2459,584,132,55
565,0.92,2486,0.9545454545454547,0.3214539567483302,0,264,2367,4283,836,158,11
566,0.92,2799,0.9545454545454547,0.29966550736360476,0,312,4784,4201,808,193,144
567,0.93,2504,0.9772727272727275,0.3201284469102441,0,42,2738,3089,989,236,16
568,0.92,1603,0.9545454545454547,0.4020657644942408,0,129,3695,1105,742,210,61
569,0.92,1856,0.9545454545454547,0.3751456169293679,0,173,440,2784,360,201,68
570,0.9,4302,0.9090909090909093,0.22068653746732636,0,512,1930,1400,681,105,24
571,0.91,3927,0.931818181818182,0.2374460956236455,0,450,1637,4395,933,77,37
572,0.89,2772,0.8863636363636365,0.30144649647345634,0,319,626,4676,488,182,138
573,0.91,2687,0.931818181818182,0.30716872198692546,0,302,4384,1991,942,118,50
574,0.92,629,0.9545454545454547,0.5738364981718322,0,15,3228,203,267,242,81
575,0.91,2086,0.931818181818182,0.35368376873127394,0,208,286,3681,634,231,42
576,0.93,2553,0.9772727272727275,0.3165678064144345,0,44,1481,4139,92,107,73
577,0.91,1667,0.931818181818182,0.3948745007253214,0,143,1243,524,886,200,25
578,0.91,1020,0.931818181818182,0.48509298841891635,0,54,4754,321,661,148,103
579,0.92,1441,0.9545454545454547,0.42163519754113543,0,104,1394,1641,819,250,131
580,0.93,1081,0.9772727272727275,0.4744271364767585,0,8,2424,1453,764,203,43
581,0.91,3329,0.931818181818182,0.2678026860928008,0,391,1506,4625,516,228,25
582,0.92,2135,0.9545454545454547,0.3494181932180408,0,211,1053,3242,688,216,130
583,0.9,2624,0.9090909090909093,0.31152789628550437,0,296,2538,4501,784,178,103
584,0.92,1254,0.9545454545454547,0.44716463347255553,0,82,3456,1266,535,144,89
585,0.88,7693,0.8636363636363638,0.11387326710797108,0,786,3841,2694,491,54,9
586,0.57,105,0.159090909090909,0.9014254599042066,0,4,95,66,941,246,179
587,0.92,3269,0.9545454545454547,0.27114465514733044,0,355,533,4820,434,136,34
588,0.92,1944,0.9545454545454547,0.36663558329652424,0,185,827,1571,183,171,16
589,0.9,3641,0.9090909090909093,0.251341143936734,0,426,4600,674,317,180,7
590,0.77,1880,0.6136363636363638,0.3727853503479779,0,178,2155,3902,409,245,212
591,0.91,2555,0.931818181818182,0.3164239291199661,0,276,4268,2581,64,142,52
592,0.92,1534,0.9545454545454547,0.4101476163076111,0,121,3866,2221,558,222,157
593,0.92,1727,0.9545454545454547,0.3883790108746292,0,150,1267,2902,715,169,124
594,0.92,2179,0.9545454545454547,0.34567045341262614,0,224,3300,2231,444,177,52
595,0.91,1732,0.931818181818182,0.3878479407730162,0,153,3582,2652,934,190,158
596,0.9,627,0.9090909090909093,0.5744209286619919,0,18,2625,647,688,226,145
597,0.9,3608,0.9090909090909093,0.2530141679636495,0,422,4975,2035,612,207,14
598,0.9,2215,0.9090909090909093,0.3426599600733605,0,232,2713,3145,414,116,91
599,0.92,3569,0.9545454545454547,0.25501121397465953,0,368,4056,4034,863,240,59
600,0.93,2208,0.9772727272727275,0.34324148491554574,0,32,318,3471,811,73,22
601,0.91,2078,0.931818181818182,0.3543896869654679,0,206,1954,2355,230,233,68
602,0.92,2627,0.9545454545454547,0.3113179553896952,0,287,1662,4339,479,198,117
603,0.92,868,0.9545454545454547,0.5147210943254863,0,30,650,451,562,109,36
604,0.92,1743,0.9545454545454547,0.3866849598569343,0,154,4506,1774,398,239,96
605,0.92,1899,0.9545454545454547,0.3709380661123224,0,179,2871,2889,565,84,51
606,0.89,5765,0.8863636363636365,0.1668935533806567,0,668,3204,1041,816,114,1
607,0.91,3392,0.931818181818182,0.26435781245836776,0,400,4214,4931,148,208,82
608,0.92,1345,0.9545454545454547,0.43429810220851695,0,92,3274,1801,209,198,134
609,0.88,537,0.8636363636363638,0.602851908187531,0,16,384,619,303,160,99
610,0.91,3099,0.931818181818182,0.280957518953866,0,363,3595,3314,670,180,29
611,0.91,754,0.931818181818182,0.5405684932616763,0,26,2677,294,921,157,46
612,0.89,1087,0.8863636363636365,0.47341071047105476,0,61,1196,1497,579,241,190
613,0.91,4171,0.931818181818182,0.22636916675460705,0,467,971,3995,335,100,14
614,0.93,427,0.9772727272727275,0.6448942079956801,1,1,1368,111,627,190,94
615,0.88,2011,0.8636363636363638,0.36041066858395165,0,198,2285,3185,878,225,107
616,0.9,2700,0.9090909090909093,0.3062819353174704,0,307,3766,4387,598,138,127
617,0.91,2078,0.931818181818182,0.3543896869654679,0,206,4363,411,27,250,22
618,0.92,2508,0.9545454545454547,0.3198351828124528,0,267,3342,4301,951,89,70
619,0.91,3721,0.931818181818182,0.2473474347444221,0,430,4656,3509,276,213,39
620,0.91,4367,0.931818181818182,0.21793081516925938,0,476,3007,4152,195,145,8
621,0.92,994,0.9545454545454547,0.4898342077368131,0,47,3893,779,998,219,120
622,0.91,3297,0.931818181818182,0.26957750480078013,0,385,3498,4664,42,119,40
623,0.82,1092,0.7272727272727273,0.4725679614737939,0,62,2256,1963,529,179,147
624,0.92,1424,0.9545454545454547,0.42381496147853026,0,100,2540,1415,292,94,27
625,0.92,2101,0.9545454545454547,0.3523674353350693,0,206,4810,2525,749,243,71
626,0.92,2043,0.9545454545454547,0.357510360133495,0,195,1148,2733,955,163,57
627,0.93,815,0.9772727272727275,0.5262876058372625,0,3,230,885,706,128,12
628,0.88,2185,0.8636363636363638,0.3451652678422903,0,227,394,4236,169,235,156
629,0.91,2591,0.931818181818182,0.3138532126093335,0,287,4147,1611,655,62,34
630,0.92,1758,0.9545454545454547,0.3851108431765773,0,157,3128,3033,324,150,113
631,0.92,1154,0.9545454545454547,0.46242677705175106,0,72,2835,1209,73,187,64
632,0.9,4789,0.9090909090909093,0.20097953009179603,0,578,4480,4782,905,27,20
633,0.88,1410,0.8636363636363638,0.4256296766994291,0,101,727,2471,416,211,169
634,0.89,2675,0.8863636363636365,0.30799110919466854,0,302,2941,4895,462,233,182
635,0.92,1444,0.9545454545454547,0.4212532024587886,0,105,3133,1613,751,182,76
636,0.92,1995,0.9545454545454547,0.3618781672720308,0,192,4145,3042,212,31,30
637,0.88,329,0.8636363636363638,0.6926886624700459,0,6,398,334,721,205,157
638,0.9,2338,0.9090909090909093,0.3327309610573034,0,244,231,4466,150,160,52
639,0.91,3860,0.931818181818182,0.24060827830308962,0,445,1148,1294,403,131,7
640,0.91,1336,0.931818181818182,0.43553122581148807,0,90,4810,1418,177,212,118
641,0.92,1899,0.9545454545454547,0.3709380661123224,0,179,2548,2535,848,126,37
642,0.91,454,0.931818181818182,0.6336501878847574,0,7,1291,216,335,175,152
643,0.91,2621,0.931818181818182,0.3117380772510009,0,295,3505,765,595,87,23
644,0.91,3145,0.931818181818182,0.2782501537135995,0,372,3892,4653,430,250,69
645,0.9,5217,0.9090909090909093,0.18524895538974062,0,613,1829,4973,794,192,15
646,0.89,720,0.8863636363636365,0.5490378911726389,0,26,817,1088,246,100,92
647,0.91,1575,0.931818181818182,0.4053026346618924,0,125,1834,1081,351,222,48
648,0.93,1637,0.9772727272727275,0.3982104041669706,0,21,2127,2851,100,193,3
649,0.89,1049,0.8863636363636365,0.4799450963613161,0,57,482,1734,925,99,79
650,0.91,3531,0.931818181818182,0.2569781499244551,0,411,4359,4313,579,218,42
651,0.89,1243,0.8863636363636365,0.44878275963138203,0,84,2276,2088,447,194,81
652,0.92,2371,0.9545454545454547,0.33015587893336273,0,243,1358,3995,200,222,95
653,0.91,655,0.931818181818182,0.5664033171688284,0,21,973,105,778,70,50
654,0.92,2615,0.9545454545454547,0.3121591615916387,0,286,2686,3884,474,188,17
655,0.91,2583,0.931818181818182,0.31442138380147755,0,285,3604,1884,227,150,35
656,0.76,441,0.590909090909091,0.6389781909163955,0,9,241,702,258,237,203
657,0.89,2161,0.8863636363636365,0.3471943949926368,0,220,388,4190,875,129,90
658,0.91,1698,0.931818181818182,0.3914898489443688,0,146,3280,2928,656,230,180
659,0.9,758,0.9090909090909093,0.5395972717982082,0,27,2948,1002,905,201,131
660,0.92,1349,0.9545454545454547,0.4337526916175162,0,93,682,2205,622,161,104
661,0.9,1974,0.9090909090909093,0.3638222135592396,0,195,729,3588,972,242,144
662,0.91,1851,0.931818181818182,0.3756411773112498,0,173,4476,1194,458,57,44
663,0.9,2487,0.9090909090909093,0.32138006599987845,0,267,2840,4770,504,156,124
664,0.91,2615,0.931818181818182,0.3121591615916387,0,294,4068,4743,814,165,148
665,0.92,1499,0.9545454545454547,0.41438708807229574,0,115,318,2353,368,104,41
666,0.89,3680,0.8863636363636365,0.24938336873248346,0,431,4060,144,307,209,4
667,0.92,2558,0.9545454545454547,0.31620832412832534,0,277,3665,4033,735,113,80
668,0.92,2796,0.9545454545454547,0.29986254497507536,0,311,4977,3164,60,237,49
669,0.92,2273,0.9545454545454547,0.33791110456972984,0,234,980,3347,271,172,63
670,0.92,2062,0.9545454545454547,0.35580970935873313,0,198,2332,3846,939,47,32
671,0.92,1267,0.9545454545454547,0.44527048904752664,0,84,3577,1532,491,221,155
672,0.82,2648,0.7272727272727273,0.309855045290663,0,299,561,4852,609,245,226
673,0.91,4760,0.931818181818182,0.2020957085391365,0,490,3292,3672,891,145,11
674,0.92,904,0.9545454545454547,0.5072601868111792,0,35,2999,574,638,177,56
675,0.8,1205,0.681818181818182,0.454484868255679,0,80,894,1852,857,217,208
676,0.91,2938,0.931818181818182,0.2907602461289762,0,343,4652,2392,832,244,24
677,0.91,2167,0.931818181818182,0.34668500925977985,0,222,3016,3504,131,94,73
678,0.79,368,0.6590909090909093,0.6721571079012443,0,8,3349,430,383,119,118
679,0.8,1937,0.681818181818182,0.3672982791676854,0,191,91,3956,385,215,134
680,0.92,1802,0.9545454545454547,0.3805697125264551,0,164,3449,2679,103,175,100
681,0.91,704,0.931818181818182,0.5531626810306822,0,23,2531,933,357,147,86
682,0.92,1578,0.9545454545454547,0.4049530879936951,0,124,1513,725,69,196,38
683,0.93,1645,0.9772727272727275,0.39731489333684145,0,22,2430,2573,321,235,21
684,0.77,787,0.6136363636363638,0.532705328293396,0,29,159,1458,642,72,69
685,0.92,1126,0.9545454545454547,0.46693751224379443,0,67,4215,1050,719,239,106
686,0.92,2936,0.9545454545454547,0.2908853674641675,0,331,3194,4934,260,83,62
687,0.92,1509,0.9545454545454547,0.41316579963017275,0,117,1953,2308,811,155,126
688,0.91,2604,0.931818181818182,0.3129336640122018,0,289,2862,1762,13,115,13
689,0.92,2184,0.9545454545454547,0.34524936907198833,0,225,4508,2874,966,207,93
690,0.92,2811,0.9545454545454547,0.2988794623981229,0,315,650,4353,115,77,28
691,0.92,919,0.9545454545454547,0.5042386957415654,0,36,1669,468,911,229,72
692,0.92,2139,0.9545454545454547,0.3490743142883648,0,214,1963,3464,658,202,121
693,0.9,2937,0.9090909090909093,0.2908227961497597,0,343,1928,2783,238,74,40
694,0.89,922,0.8863636363636365,0.5036403124643947,0,46,450,1394,787,233,120
695,0.9,812,0.9090909090909093,0.5269645982574915,0,32,3928,1104,854,81,80
696,0.9,4656,0.9090909090909093,0.20615523570249628,0,557,3699,4714,186,242,3
697,0.92,1464,0.9545454545454547,0.41872665773811135,0,107,2742,1718,437,205,48
698,0.92,1856,0.9545454545454547,0.3751456169293679,0,173,4846,3103,604,117,97
699,0.91,3212,0.931818181818182,0.2743768175198801,0,376,1034,2900,819,44,19
700,0.92,744,0.9545454545454547,0.5430192393600971,0,20,4778,601,361,225,170
701,0.91,1682,0.931818181818182,0.3932289818180936,0,144,1263,1824,143,139,65
702,0.89,3971,0.8863636363636365,0.23539864601969696,0,468,4259,1523,511,173,12
703,0.91,1891,0.931818181818182,0.3717136083359198,0,178,1860,3297,728,249,209
704,0.91,3382,0.931818181818182,0.2649003253501563,0,399,4591,4597,760,149,56
705,0.92,2179,0.9545454545454547,0.34567045341262614,0,224,824,3002,739,140,47
706,0.9,2245,0.9090909090909093,0.3401883419116146,0,235,3087,4262,769,227,191
707,0.92,1259,0.9545454545454547,0.44643380454032866,0,83,532,1232,986,166,29
708,0.89,2020,0.8863636363636365,0.3595903205280597,0,198,2066,3928,615,136,28
709,0.92,1790,0.9545454545454547,0.38179711765053015,0,161,3792,2482,483,143,99
710,0.9,2025,0.9090909090909093,0.35913614872717425,0,199,3562,3560,558,54,53
711,0.9,1712,0.9090909090909093,0.3899814903738287,0,148,1391,3012,267,219,183
712,0.89,5464,0.8863636363636365,0.17674806776647856,0,639,2643,325,807,19,5
713,0.92,2839,0.9545454545454547,0.29705832557474554,0,320,4749,4252,234,179,85
714,0.92,2873,0.9545454545454547,0.2948709319023124,0,322,1249,4123,440,230,39
715,0.88,2033,0.8636363636363638,0.35841180006833817,0,202,2396,3684,771,106,71
716,0.93,1464,0.9772727272727275,0.41872665773811135,0,18,291,2300,191,201,21
717,0.88,1368,0.8636363636363638,0.4311838660963878,0,97,341,2504,684,187,127
718,0.91,1498,0.931818181818182,0.41450966442515347,0,116,4083,208,139,111,62
719,0.92,2293,0.9545454545454547,0.3363016088711701,0,237,3228,3823,839,211,108
720,0.93,1356,0.9772727272727275,0.4328021001820509,0,16,2897,1975,588,235,94
721,0.89,5767,0.8863636363636365,0.16682981027812827,0,670,4377,3365,390,86,13
722,0.93,2566,0.9772727272727275,0.31563461087501965,0,46,781,4414,538,198,71
723,0.91,2467,0.931818181818182,0.32286355455577165,0,263,1635,798,487,108,26
724,0.88,235,0.8636363636363638,0.7543106909297003,1,1,4452,44,882,185,125
725,0.92,1133,0.9545454545454547,0.4657994080855493,0,68,1716,1282,602,208,145
726,0.65,2204,0.340909090909091,0.3435746127535374,0,232,2010,4512,848,238,158
727,0.91,2155,0.931818181818182,0.3477051963430601,0,219,3255,2143,332,62,32
728,0.92,2461,0.9545454545454547,0.32331094601633203,0,256,4120,3216,632,152,76
729,0.88,987,0.8636363636363638,0.4911318658147761,0,50,4014,1584,248,228,213
730,0.9,489,0.9090909090909093,0.6200289029156323,0,12,2370,363,280,128,53
731,0.9,3903,0.9090909090909093,0.23857257453858338,0,457,1412,3520,32,163,8
732,0.91,3020,0.931818181818182,0.2857022540748233,0,354,4707,2338,726,92,36
733,0.91,2029,0.931818181818182,0.35877361757552584,0,199,2592,3723,300,246,116
734,0.9,4101,0.9090909090909093,0.22947927876412466,0,483,3789,4084,975,121,23
735,0.63,923,0.2954545454545455,0.5034412834960593,0,47,30,1791,457,178,165
736,0.92,1961,0.9545454545454547,0.3650360569578467,0,190,588,3403,917,195,60
737,0.92,1024,0.9545454545454547,0.4843743042802119,0,54,920,168,667,220,15
738,0.79,613,0.6590909090909093,0.5785648163834228,0,19,4621,862,649,193,190
739,0.91,2588,0.931818181818182,0.31406607103995343,0,286,1733,2183,866,171,46
740,0.91,2135,0.931818181818182,0.3494181932180408,0,212,4243,2067,297,234,57
741,0.91,422,0.931818181818182,0.6470540828411986,0,4,3057,123,996,109,88
742,0.91,4254,0.931818181818182,0.22274838550724596,0,472,4536,4052,45,197,12
743,0.91,1633,0.931818181818182,0.3986598010517195,0,134,4549,1355,253,124,74
744,0.92,2241,0.9545454545454547,0.3405159769971161,0,231,3060,2744,711,215,26
745,0.91,1352,0.931818181818182,0.4333446931496594,0,94,3393,838,959,248,43
746,0.91,2030,0.931818181818182,0.35868309640437923,0,200,2232,1680,902,65,2
747,0.91,3202,0.931818181818182,0.27494977070919613,0,375,1314,4754,651,101,51
748,0.92,1051,0.9545454545454547,0.47959532796975746,0,55,1075,1142,328,190,95
749,0.91,2935,0.931818181818182,0.29094796008670265,0,342,4922,955,97,153,17
750,0.91,3333,0.931818181818182,0.2675820339242868,0,392,3964,2940,348,184,35
751,0.9,1221,0.9090909090909093,0.4520623852911163,0,82,4168,1952,777,198,179
752,0.92,1092,0.9545454545454547,0.4725679614737939,0,59,1901,634,746,158,88
753,0.92,1742,0.9545454545454547,0.3867903818468035,0,153,1570,2634,994,133,102
754,0.91,2349,0.931818181818182,0.3318685855886626,0,245,4461,3854,525,233,130
755,0.88,5911,0.8636363636363638,0.16229744608696628,0,677,4107,911,915,46,14
756,0.92,2538,0.9545454545454547,0.3176504910743002,0,273,3252,4523,126,135,93
757,0.92,1010,0.9545454545454547,0.48690208997551854,0,52,2959,1273,373,171,107
758,0.89,2147,0.8863636363636365,0.348388480528831,0,217,719,3863,254,146,120
759,0.9,1607,0.9090909090909093,0.40160797288947114,0,130,2832,2625,223,249,147
760,0.91,972,0.931818181818182,0.4939438008353293,0,47,1573,253,708,52,40
761,0.91,596,0.931818181818182,0.5837256095473292,0,14,3164,645,471,214,161
762,0.92,3107,0.9545454545454547,0.28048379901561327,0,345,3720,4169,899,165,48
763,0.91,3049,0.931818181818182,0.28394625528147044,0,358,2802,2262,653,141,3
764,0.92,2728,0.9545454545454547,0.3043863418825047,0,301,1091,3444,98,116,33
765,0.91,1010,0.931818181818182,0.48690208997551854,0,53,4837,1152,584,183,156
766,0.92,1628,0.9545454545454547,0.3992230967248961,0,133,1320,2371,927,206,113
767,0.89,2247,0.8863636363636365,0.34002474311639197,0,236,2239,4371,680,240,64
768,0.91,484,0.931818181818182,0.6219140808189402,0,10,135,448,345,82,20
769,0.92,1783,0.9545454545454547,0.38251690745996403,0,160,2647,3021,521,162,68
770,0.9,920,0.9090909090909093,0.5040390181181271,0,45,3565,1173,774,128,116
771,0.91,2807,0.931818181818182,0.2991411040569629,0,324,3805,4789,190,38,36
772,0.92,2147,0.9545454545454547,0.348388480528831,0,216,570,2697,142,151,14
773,0.92,893,0.9545454545454547,0.5095079475391098,0,34,862,873,388,187,59
774,0.9,1480,0.9090909090909093,0.41673013318652175,0,112,933,2553,880,83,77
775,0.91,2366,0.931818181818182,0.33054373143916627,0,250,1789,1475,83,238,29
776,0.92,1652,0.9545454545454547,0.39653488450325625,0,141,3773,1781,696,203,85
777,0.88,6230,0.8636363636363638,0.15263809906143777,0,700,3543,2852,282,104,5
778,0.92,3061,0.9545454545454547,0.2832245139052785,0,341,4692,4953,949,228,98
779,0.92,3538,0.9545454545454547,0.2566142344781557,0,366,1188,4828,723,178,22
780,0.91,507,0.931818181818182,0.6133980070550262,0,11,3631,354,507,246,199
781,0.92,1062,0.9545454545454547,0.4776834094754965,0,57,271,1593,977,144,39
782,0.92,748,0.9545454545454547,0.5420350162088887,0,21,1021,592,606,157,82
783,0.9,1883,0.9090909090909093,0.3724924367651927,0,177,4859,409,818,191,34
784,0.9,3686,0.9090909090909093,0.24908401486452403,0,434,3941,3482,571,225,16
785,0.92,2171,0.9545454545454547,0.3463462013586882,0,223,434,4012,510,88,58
786,0.92,402,0.9545454545454547,0.6559567059193268,0,2,1922,84,469,249,103
787,0.92,2190,0.9545454545454547,0.3447453379491029,0,227,1629,3182,217,213,89
788,0.91,2608,0.931818181818182,0.312651649021244,0,291,766,2105,762,125,8
789,0.91,1191,0.931818181818182,0.4566310521729018,0,77,4392,743,161,223,76
790,0.92,3166,0.9545454545454547,0.27702731761116195,0,347,2903,4672,865,69,31
791,0.91,1853,0.931818181818182,0.3754427927973356,0,174,3234,1437,618,98,45
792,0.92,1842,0.9545454545454547,0.37653656696216775,0,171,4099,2513,408,193,125
793,0.88,2542,0.8636363636363638,0.3173611510156552,0,275,278,4991,485,118,84
794,0.93,977,0.9772727272727275,0.4930017012110386,0,6,2393,1068,556,219,7
795,0.92,2213,0.9545454545454547,0.3428259223729414,0,229,1475,2814,809,243,53
796,0.89,2288,0.8863636363636365,0.3367026634363508,0,238,1010,4243,990,200,165
797,0.92,2151,0.9545454545454547,0.3480465209245239,0,218,175,3763,936,247,7
798,0.91,2047,0.931818181818182,0.35715101840750896,0,204,1519,3422,354,123,100
799,0.92,1647,0.9545454545454547,0.3970916956964232,0,137,1133,1993,686,215,52
800,0.92,1924,0.9545454545454547,0.3685353752412349,0,184,4786,2123,892,132,68
801,0.92,2097,0.9545454545454547,0.3527175368395832,0,204,2525,3233,70,34,24
802,0.88,668,0.8636363636363638,0.5627964964576755,0,22,1275,923,611,234,166
803,0.78,1420,0.6363636363636365,0.4243316258645463,0,103,2193,2688,864,197,152
804,0.92,2369,0.9545454545454547,0.3303109217382524,0,242,3830,3946,644,159,117
805,0.92,1486,0.9545454545454547,0.4159869924128722,0,113,2182,2423,261,183,16
806,0.91,1814,0.931818181818182,0.37935044945316554,0,166,4583,2993,478,239,205
807,0.92,2478,0.9545454545454547,0.32204615455195096,0,262,3118,3287,489,130,43
808,0.91,1874,0.931818181818182,0.3733725816279875,0,176,3411,291,236,161,25
809,0.92,2746,0.9545454545454547,0.30317798902157567,0,302,3458,4911,635,206,139
810,0.88,9866,0.8636363636363638,0.06815128408603122,0,857,1260,4208,435,56,2
811,0.82,1515,0.7272727272727273,0.41243690283502543,0,119,78,2652,308,61,50
812,0.91,631,0.931818181818182,0.5732539200793596,0,18,3819,264,763,237,137
813,0.91,962,0.931818181818182,0.4958426114650888,0,45,2338,1541,732,153,95
814,0.92,2832,0.9545454545454547,0.297511920953934,0,318,1382,4537,983,184,81
815,0.91,1952,0.931818181818182,0.3658811307881069,0,192,4737,3357,516,209,186
816,0.92,2819,0.9545454545454547,0.2983572937676754,0,316,2701,4432,690,221,35
817,0.91,2785,0.931818181818182,0.3005868287628265,0,321,3659,1334,940,194,18
818,0.92,2008,0.9545454545454547,0.36068493359524556,0,193,3221,3474,434,177,131
819,0.91,2277,0.931818181818182,0.3375880759553055,0,236,1966,1161,888,120,59
820,0.89,5246,0.8863636363636365,0.18423026309372792,0,620,1673,3083,640,93,10
821,0.92,1156,0.9545454545454547,0.4621087782971737,0,73,663,1659,338,246,90
822,0.91,2325,0.931818181818182,0.3337553761617722,0,242,4495,492,736,102,31
823,0.92,2665,0.9545454545454547,0.308679253893263,0,294,2859,4064,289,189,75
824,0.91,3181,0.931818181818182,0.276158817486977,0,374,4202,3741,987,64,44
825,0.93,869,0.9772727272727275,0.5145097047285251,0,4,1686,1012,133,180,121
826,0.93,1315,0.9772727272727275,0.43844110032199124,0,15,372,1803,582,55,27
827,0.91,2014,0.931818181818182,0.36013681221201144,0,195,4002,692,530,137,49
828,0.88,5977,0.8636363636363638,0.16025688459650422,0,682,4959,2613,781,170,4
829,0.92,1693,0.9545454545454547,0.392031562375978,0,144,960,2802,549,236,113
830,0.91,2517,0.931818181818182,0.31917704440938377,0,270,1354,1373,476,85,32
831,0.93,2663,0.9772727272727275,0.3088171925371088,0,51,2273,4393,226,112,18
832,0.9,1243,0.9090909090909093,0.44878275963138203,0,83,3520,2077,707,188,169
833,0.64,478,0.31818181818181823,0.6242021174306152,0,11,3,817,800,210,64
834,0.92,2251,0.9545454545454547,0.3396979817249124,0,233,3355,3121,168,202,56
835,0.92,1645,0.9545454545454547,0.39731489333684145,0,136,3022,1122,417,229,10
836,0.91,2688,0.931818181818182,0.30710035552368686,0,303,4631,1842,117,164,42
837,0.9,4787,0.9090909090909093,0.20105629068355613,0,577,4299,4862,366,127,25
838,0.91,1796,0.931818181818182,0.38118239054141023,0,164,1823,2279,503,118,78
839,0.92,610,0.9545454545454547,0.5794650789226199,0,14,469,531,210,243,47
840,0.88,7183,0.8636363636363638,0.12647931512869215,0,759,3905,1954,153,75,6
841,0.92,2187,0.9545454545454547,0.3449971807393113,0,226,3509,3382,826,232,86
842,0.9,348,0.9090909090909093,0.682399492005447,0,3,2552,225,578,199,100
843,0.91,3094,0.931818181818182,0.28125421511885185,0,362,4823,3803,401,107,55
844,0.89,1002,0.8863636363636365,0.48836230209873543,0,51,1067,1409,922,159,135
845,0.9,1692,0.9090909090909093,0.3921400969137039,0,146,1531,23,846,148,20
846,0.92,2067,0.9545454545454547,0.3553647727234057,0,200,2488,3273,597,174,38
847,0.88,2418,0.8636363636363638,0.32654952153350203,0,257,3974,4455,879,212,198
848,0.91,1134,0.931818181818182,0.46563739552830063,0,69,4160,343,496,167,93
849,0.9,4675,0.9090909090909093,0.20540686620155313,0,563,3139,4233,545,15,12
850,0.92,2773,0.9545454545454547,0.3013802252507093,0,307,1598,4780,275,224,126
851,0.91,2397,0.931818181818182,0.328152134103061,0,254,4492,3578,245,140,107
852,0.91,1596,0.931818181818182,0.402869653710761,0,127,4423,2194,352,218,149
853,0.91,2578,0.931818181818182,0.3147773847539439,0,283,4547,4652,885,179,154
854,0.9,3499,0.9090909090909093,0.2586510009192965,0,411,1204,1609,276,70,20
855,0.92,963,0.9545454545454547,0.4956518452473436,0,44,1756,478,815,208,98
856,0.93,1152,0.9772727272727275,0.46274532693096193,0,12,2985,1367,796,112,74
857,0.9,4479,0.9090909090909093,0.21327732017640944,0,531,3921,3007,120,200,10
858,0.91,1242,0.931818181818182,0.44893057084505594,0,82,4934,310,367,223,59
859,0.91,2512,0.931818181818182,0.31954238588188066,0,269,3413,1520,136,128,29
860,0.92,2907,0.9545454545454547,0.29270926396821617,0,329,3026,4297,383,167,44
861,0.91,851,0.931818181818182,0.5183524210167654,0,38,2788,1134,870,243,137
862,0.91,1067,0.931818181818182,0.4768208868495444,0,58,235,1766,687,178,69
863,0.91,2243,0.931818181818182,0.34035208645188575,0,233,1244,3991,924,155,114
864,0.9,1933,0.9090909090909093,0.36767803805132915,0,189,3651,3364,617,204,183
865,0.91,4023,0.931818181818182,0.2330079749524483,0,458,4407,3890,657,234,18
866,0.91,2758,0.931818181818182,0.3023768112868064,0,317,4176,1585,891,195,32
867,0.92,2518,0.9545454545454547,0.31910406317582696,0,269,802,3703,461,204,29
868,0.88,8089,0.8636363636363638,0.1046485638503899,0,802,3717,4389,320,118,2
869,0.92,1339,0.9545454545454547,0.4351192647104586,0,90,946,1091,813,181,38
870,0.88,1740,0.8636363636363638,0.3870014073973064,0,155,83,3163,549,142,24
871,0.77,1878,0.6136363636363638,0.37298088572205534,0,177,2530,3781,992,217,213
872,0.81,704,0.7045454545454547,0.5531626810306822,0,24,320,1252,204,190,173
873,0.92,2399,0.9545454545454547,0.3279989008851004,0,251,708,4183,439,229,127
874,0.89,5726,0.8863636363636365,0.16814098288594548,0,665,4715,2077,829,28,14
875,0.91,2350,0.931818181818182,0.33179038808299566,0,246,2241,4233,766,44,31
876,0.92,1331,0.9545454545454547,0.4362198861686123,0,88,3280,1969,407,215,142
877,0.9,1610,0.9090909090909093,0.40126537589503897,0,131,449,2864,337,187,110
878,0.91,1368,0.931818181818182,0.4311838660963878,0,96,2655,373,610,158,7
879,0.67,1168,0.3863636363636365,0.4602122534645603,0,76,53,2254,915,232,197
880,0.92,2531,0.9545454545454547,0.31815793475692966,0,271,3511,2603,845,135,55
881,0.91,1407,0.931818181818182,0.4260208862851391,0,100,3861,1265,863,150,103
882,0.91,606,0.931818181818182,0.5806723294650368,0,15,1268,639,678,210,164
883,0.88,7348,0.8636363636363638,0.12230552625560676,0,767,1655,3777,75,133,1
884,0.91,2644,0.931818181818182,0.31013279862541965,0,297,1894,1708,318,172,49
885,0.92,1699,0.9545454545454547,0.39138169758243824,0,146,3728,1799,106,217,83
886,0.89,5122,0.8863636363636365,0.1886261526636973,0,610,4665,2502,811,95,21
887,0.91,1858,0.931818181818182,0.3749477662813101,0,175,4270,435,551,72,37
888,0.92,2197,0.9545454545454547,0.34415904324369706,0,228,2706,3948,351,240,100
889,0.91,1931,0.931818181818182,0.36786821213378673,0,187,1476,2962,261,87,76
890,0.92,1431,0.9545454545454547,0.4229142787941267,0,102,539,1480,592,230,13
891,0.92,2712,0.9545454545454547,0.3054671431403313,0,298,933,4328,831,191,60
892,0.93,2243,0.9772727272727275,0.34035208645188575,0,34,2486,3696,292,209,42
893,0.92,1602,0.9545454545454547,0.4021803907744126,0,128,1467,841,39,248,28
894,0.92,1585,0.9545454545454547,0.40414005498392414,0,125,2698,2315,74,95,51
895,0.92,2197,0.9545454545454547,0.34415904324369706,0,228,4259,3333,781,222,112
896,0.91,1763,0.931818181818182,0.38458911919784555,0,159,4656,1186,518,199,66
897,0.89,698,0.8863636363636365,0.5547336584087446,0,23,3913,729,334,101,91
898,0.92,3423,0.9545454545454547,0.26268612710116956,0,361,2974,4870,503,215,29
899,0.91,2868,0.931818181818182,0.2951909794049039,0,334,1744,3220,608,120,52
900,0.92,1603,0.9545454545454547,0.4020657644942408,0,129,3600,2785,488,159,137
901,0.92,962,0.9545454545454547,0.4958426114650888,0,43,2132,994,847,81,5
902,0.91,4082,0.931818181818182,0.2303326123559133,0,463,4439,4483,279,156,32
903,0.9,3674,0.9090909090909093,0.24968321094302126,0,430,4208,2260,22,179,17
904,0.9,486,0.9090909090909093,0.6211576878407823,0,11,1605,388,457,246,219
905,0.92,2726,0.9545454545454547,0.3045210949928645,0,300,1377,4730,794,166,118
906,0.92,1728,0.9545454545454547,0.3882726740279847,0,151,3813,2857,731,224,178
907,0.91,3696,0.931818181818182,0.24858617264711425,0,425,668,3595,365,60,9
908,0.91,403,0.931818181818182,0.6555011834202549,0,3,4832,87,974,200,133
909,0.92,2807,0.9545454545454547,0.2991411040569629,0,314,4726,4199,622,173,87
910,0.9,2650,0.9090909090909093,0.30971632586196673,0,298,2189,4885,138,90,46
911,0.91,652,0.931818181818182,0.5672458086406655,0,20,626,744,966,226,109
912,0.9,1937,0.9090909090909093,0.3672982791676854,0,190,398,3443,708,203,93
913,0.91,2635,0.931818181818182,0.3107592825149049,0,296,1334,2112,381,113,31
914,0.92,842,0.9545454545454547,0.5203043321141034,0,29,2604,970,481,205,54
915,0.91,3606,0.931818181818182,0.2531160544597718,0,415,3460,3274,224,244,7
916,0.91,2095,0.931818181818182,0.3528928379823879,0,209,1236,2207,654,55,34
917,0.92,2482,0.9545454545454547,0.32174981714910966,0,263,224,4508,894,32,19
918,0.91,1386,0.931818181818182,0.42878291888221287,0,98,4341,1772,254,235,153
919,0.91,1471,0.931818181818182,0.4178505085543702,0,110,1787,1150,194,159,81
920,0.92,2892,0.9545454545454547,0.29365980858438057,0,328,3954,3658,998,186,59
921,0.9,3367,0.9090909090909093,0.2657171089530276,0,398,4965,888,738,147,11
922,0.81,903,0.7045454545454547,0.5074633965989295,0,46,2411,1507,803,212,192
923,0.92,1954,0.9545454545454547,0.3656930005421041,0,188,3361,2176,764,239,44
924,0.91,3772,0.931818181818182,0.24484600455626848,0,437,3312,4038,873,182,11
925,0.93,2010,0.9772727272727275,0.36050204478980985,0,30,2459,3118,671,162,27
926,0.89,2669,0.8863636363636365,0.30840368677373253,0,301,4857,5000,855,228,209
927,0.91,1305,0.931818181818182,0.43984311500916196,0,87,1440,189,910,138,42
928,0.92,2649,0.9545454545454547,0.309785672489576,0,290,1835,4539,343,218,139
929,0.89,5124,0.8863636363636365,0.18855441057289657,0,611,2671,1644,951,46,3
930,0.91,2699,0.931818181818182,0.3063499979860128,0,306,4232,2661,152,145,66
931,0.92,1002,0.9545454545454547,0.48836230209873543,0,49,4629,587,397,184,113
932,0.92,2474,0.9545454545454547,0.322342970497435,0,261,1931,3934,981,115,85
933,0.92,1107,0.9545454545454547,0.4700626537048641,0,63,993,420,184,198,23
934,0.88,1432,0.8636363636363638,0.4227859693757935,0,103,129,2565,427,221,38
935,0.9,295,0.9090909090909093,0.7126741763307072,1,1,2960,56,639,249,78
936,0.89,6263,0.8863636363636365,0.15166722737923488,0,706,3899,4352,466,67,15
937,0.91,1893,0.931818181818182,0.3715194157829398,0,179,4761,1426,209,106,62
938,0.92,1895,0.9545454545454547,0.37132542818256054,0,178,3200,2909,879,210,124
939,0.92,2874,0.9545454545454547,0.29480698922144544,0,323,3755,4397,754,206,78
940,0.92,1658,0.9545454545454547,0.39586893002727275,0,142,4774,2328,513,245,125
941,0.89,2039,0.8863636363636365,0.3578704057614508,0,204,3213,3344,341,71,62
942,0.91,2131,0.931818181818182,0.34976271671965864,0,211,2339,3863,583,199,109
943,0.92,836,0.9545454545454547,0.521617217941106,0,28,775,506,256,117,46
944,0.91,820,0.931818181818182,0.5251647970047764,0,33,3881,1008,652,171,143
945,0.92,1315,0.9545454545454547,0.43844110032199124,0,86,1327,1640,841,222,93
946,0.91,2904,0.931818181818182,0.29289898003628745,0,339,4120,4110,99,247,54
947,0.9,4312,0.9090909090909093,0.22025988167152843,0,513,4505,1336,356,209,8
948,0.91,2373,0.931818181818182,0.3300009668008904,0,252,3569,2974,560,104,70
949,0.88,723,0.8636363636363638,0.5482746932554874,0,27,3708,924,379,231,169
950,0.88,2581,0.8636363636363638,0.31456370145032075,0,285,250,4240,323,140,82
951,0.89,4268,0.8863636363636365,0.22214462023413617,0,509,1814,99,529,51,19
952,0.92,1731,0.9545454545454547,0.3879540321088898,0,152,3084,1730,613,143,58
953,0.88,2198,0.8636363636363638,0.3440754393148969,0,231,875,3415,683,239,194
954,0.91,3127,0.931818181818182,0.27930481335490887,0,369,2757,4804,936,99,37
955,0.91,3510,0.931818181818182,0.25807423947690733,0,408,1488,3291,956,195,14
956,0.9,1400,0.9090909090909093,0.42693695983687396,0,99,552,2274,132,122,75
957,0.91,868,0.931818181818182,0.5147210943254863,0,42,2354,1217,717,234,60
958,0.92,2170,0.9545454545454547,0.3464308448021818,0,222,828,2429,784,134,27
959,0.92,2796,0.9545454545454547,0.29986254497507536,0,311,588,4578,546,158,43
960,0.92,1670,0.9545454545454547,0.3945442162980859,0,143,2795,2109,272,188,66
961,0.77,229,0.6136363636363638,0.7590440830045725,0,5,202,226,207,238,137
962,0.88,1795,0.8636363636363638,0.3812847023916991,0,164,1212,3079,468,214,186
963,0.91,4411,0.931818181818182,0.2160885805423708,0,478,1982,4819,302,225,23
964,0.81,593,0.7045454545454547,0.5846515723837629,0,18,1043,834,598,88,86
965,0.65,1773,0.340909090909091,0.38355009306014454,0,161,24,3684,856,111,101
966,0.91,2183,0.931818181818182,0.34533350880076275,0,225,1585,1885,59,201,39
967,0.91,1581,0.931818181818182,0.4046042048121381,0,126,1358,2529,692,157,126
968,0.91,2503,0.931818181818182,0.3202018361043907,0,268,2816,1192,84,109,16
969,0.92,2110,0.9545454545454547,0.3515821366761228,0,208,2517,2823,403,152,17
970,0.93,1706,0.9772727272727275,0.39062641466460957,0,23,735,2654,919,170,71
971,0.91,2691,0.931818181818182,0.30689540857701336,0,304,3142,4527,606,220,131
972,0.92,2132,0.9545454545454547,0.3496765252834728,0,210,2296,1793,247,17,9
973,0.91,1094,0.931818181818182,0.472231940842186,0,63,3248,1040,988,154,88
974,0.9,4521,0.9090909090909093,0.2115621920146863,0,541,4812,4554,162,34,25
975,0.89,1112,0.8863636363636365,0.4692350825891125,0,65,685,1667,553,206,149
976,0.88,2034,0.8636363636363638,0.35832145686951855,0,203,457,3817,809,245,163
977,0.92,1864,0.9545454545454547,0.37435548896656856,0,175,2854,3185,747,177,103
978,0.89,518,0.8863636363636365,0.609460494107519,0,14,59,676,443,168,2
979,0.92,2436,0.9545454545454547,0.32518688834970444,0,254,1081,3529,200,129,48
980,0.9,4020,0.9090909090909093,0.23314505630197024,0,477,3623,1949,675,75,21
981,0.92,2762,0.9545454545454547,0.30211052622132795,0,304,4559,3748,475,236,84
982,0.92,1201,0.9545454545454547,0.4550955107917508,0,78,4321,819,230,213,99
983,0.86,14236,0.8181818181818182,0.000760130815510851,0,915,4521,1236,100,45,1
984,0.87,14256,0.840909090909091,0.0005021070006968609,0,910,3802,4950,52,23,3
985,0.87,1626,0.840909090909091,0.39944889925243243,0,134,15,3016,347,41,8
986,0.87,13012,0.840909090909091,0.0172831872315119,0,907,4370,4348,869,39,3
987,0.86,13791,0.8181818181818182,0.0065968936337971185,0,912,4393,1694,726,19,5
988,0.87,530,0.840909090909091,0.6052590943991092,0,16,46,617,781,160,9
989,0.9,4728,0.9090909090909093,0.2033352714031429,0,569,3204,4132,617,135,4
990,0.92,2910,0.9545454545454547,0.2925197435173661,0,330,2454,3441,83,129,6
991,0.91,2968,0.931818181818182,0.2888935757082829,0,345,4916,2748,628,219,45
992,0.91,2100,0.931818181818182,0.35245489821290243,0,210,4063,520,889,243,28
993,0.92,2039,0.9545454545454547,0.3578704057614508,0,194,1854,3028,179,227,115
994,0.9,991,0.9090909090909093,0.490389225473986,0,50,292,1389,972,85,52
995,0.9,4742,0.9090909090909093,0.20279193374393323,0,571,1146,4086,733,123,6
996,0.81,238,0.7045454545454547,0.7519889349935611,0,5,2085,259,434,188,68
997,0.91,1463,0.931818181818182,0.41885216353629473,0,108,3526,124,146,175,33
998,0.8,1081,0.681818181818182,0.4744271364767585,0,60,972,1996,332,250,235
999,0.87,14208,0.840909090909091,0.0011219737616169345,0,909,4730,2734,702,13,8
1000,0.83,2161,0.75,0.3471943949926368,0,221,28,4244,499,213,6
1001,0.87,8454,0.840909090909091,0.09653746473794744,0,827,4308,474,401,92,2
1002,0.87,9232,0.840909090909091,0.08035799380263309,0,849,1937,1285,161,29,9
1003,0.87,11092,0.840909090909091,0.04662453916452458,0,884,3962,4429,551,80,2
1004,0.87,12492,0.840909090909091,0.024778751196782522,0,899,3330,4997,269,32,1
1005,0.87,14010,0.840909090909091,0.003701253534821869,0,908,4070,629,32,10,6
1006,0.87,8721,0.840909090909091,0.09082291427825018,0,836,1794,792,92,64,2
1007,0.87,9255,0.840909090909091,0.07990069740266326,0,851,3094,3418,106,24,5
1008,0.87,9963,0.840909090909091,0.06635318455345207,0,864,1278,4572,612,26,6
1009,0.87,10562,0.840909090909091,0.055622984900361105,0,878,4129,2149,280,37,5
1010,0.87,12748,0.840909090909091,0.021050422115132972,0,901,4711,3863,953,33,3
1011,0.87,9943,0.840909090909091,0.06672248995054542,0,862,4891,564,790,30,5
1012,0.87,10382,0.840909090909091,0.05878209849030247,0,875,3852,2910,680,42,4
1013,0.86,10564,0.8181818181818182,0.05558818686271516,0,879,1879,313,409,48,2
1014,0.84,2520,0.7727272727272727,0.31895818758539374,0,272,2022,4660,189,88,10
1015,0.87,11753,0.840909090909091,0.0359861312155636,0,891,1209,3369,197,42,1
1016,0.87,10373,0.840909090909091,0.05894148849968195,0,874,4997,3974,406,21,7
1017,0.87,10159,0.840909090909091,0.06277272608470408,0,867,4582,2494,804,53,4
1018,0.87,10365,0.840909090909091,0.05908328463732049,0,873,1553,4466,33,44,3
1019,0.86,11463,0.8181818181818182,0.04057788848128285,0,889,1614,3892,858,29,3
1020,0.87,12414,0.840909090909091,0.025929923441794234,0,897,3924,4148,474,49,1
1021,0.86,562,0.8181818181818182,0.5945033689879196,0,17,2043,859,485,199,8
1022,0.87,8964,0.840909090909091,0.08577208638364209,0,843,4346,911,578,60,3
1023,0.86,12104,0.8181818181818182,0.03057772431812078,0,896,1344,1207,196,19,5
1024,0.83,1673,0.75,0.3942145243096026,0,144,2003,2939,522,22,2
1025,0.87,8449,0.840909090909091,0.09664619188356016,0,826,4014,75,831,56,10
1026,0.87,8986,0.840909090909091,0.08532158803483925,0,844,1704,331,466,22,7
1027,0.86,12001,0.8181818181818182,0.03214837585794106,0,895,1756,594,885,34,1
1028,0.87,12262,0.840909090909091,0.028194162433658798,0,895,4938,2605,154,57,4
1029,0.87,12968,0.840909090909091,0.017905722066419716,0,906,3583,4301,594,47,5
1030,0.87,12686,0.840909090909091,0.021946461043848453,0,900,1515,4112,992,77,1
1031,0.87,9622,0.840909090909091,0.07275367838241487,0,856,4656,1135,343,65,3
1032,0.87,9069,0.840909090909091,0.08363185265351092,0,846,4193,1629,408,29,7
1033,0.87,9673,0.840909090909091,0.07178212977126042,0,859,3986,2849,888,68,2
1034,0.87,9628,0.840909090909091,0.07263911164218073,0,857,4570,4287,64,40,6
1035,0.86,12337,0.8181818181818182,0.027073453090080468,0,897,858,3680,354,23,1
1036,0.84,1779,0.7727272727272727,0.38292948503902824,0,161,2013,3582,845,129,7
1037,0.87,9184,0.840909090909091,0.08131603215865923,0,848,1067,2294,48,25,4
1038,0.87,9238,0.840909090909091,0.08023858935865569,0,850,3377,1998,663,58,1
1039,0.87,10426,0.840909090909091,0.058004841944336305,0,876,4563,969,552,27,7
1040,0.87,11390,0.840909090909091,0.04175204571013691,0,887,4749,4749,25,65,1
1041,0.87,8729,0.840909090909091,0.09065440339383835,0,837,1595,2685,610,49,8
1042,0.87,10079,0.840909090909091,0.06422572364581802,0,866,1917,1116,617,81,2
1043,0.86,13206,0.8181818181818182,0.014563242291651401,0,909,3274,3738,565,9,4
1044,0.85,14295,0.7954545454545455,0.0,0,916,3473,1361,481,12,4
1045,0.87,8631,0.840909090909091,0.09272938418671361,0,835,4483,194,925,76,2
1046,0.87,10578,0.840909090909091,0.055344784889936105,0,879,3643,3061,263,55,2
1047,0.87,11925,0.840909090909091,0.03331596970458017,0,894,2917,3067,632,28,1
1048,0.87,12906,0.840909090909091,0.018786524534683435,0,904,4675,1309,887,15,6
1049,0.86,1959,0.8181818181818182,0.3652235156526251,0,194,2050,3772,974,246,10
1050,0.86,10983,0.8181818181818182,0.04843952447341615,0,884,3575,1070,84,31,4
1051,0.86,214,0.8181818181818182,0.7714400085399955,1,1,59,107,35,135,6
1052,0.87,9412,0.840909090909091,0.07680917797523934,0,852,1621,892,351,46,4
1053,0.87,11369,0.840909090909091,0.04209121086241463,0,886,4843,3568,611,53,1
1054,0.87,9579,0.840909090909091,0.07357683646029256,0,855,4173,575,161,49,4
1055,0.87,10239,0.840909090909091,0.06133112470019364,0,871,4590,2917,311,6,5
1056,0.87,10231,0.840909090909091,0.06147477709851645,0,870,1055,4096,788,12,6
1057,0.87,9682,0.840909090909091,0.0716112118368818,0,860,4264,2094,39,73,2
1058,0.86,11719,0.8181818181818182,0.0365185768436006,0,890,3770,3314,511,19,6
1059,0.87,8300,0.840909090909091,0.09991613448170289,0,818,4429,47,213,23,8
1060,0.87,9058,0.840909090909091,0.08385490255426642,0,845,1818,1796,472,83,1
1061,0.87,9632,0.840909090909091,0.07256277346880724,0,858,1400,2996,953,14,7
1062,0.87,10801,0.840909090909091,0.05151057623826827,0,882,1206,1380,692,29,3
1063,0.87,9484,0.840909090909091,0.07540861739717697,0,853,1858,2133,553,54,3
1064,0.87,12754,0.840909090909091,0.02096394003968316,0,902,4514,4177,608,30,2
1065,0.85,1434,0.7954545454545455,0.42252961893772867,0,104,41,2454,743,192,4
1066,0.87,10767,0.840909090909091,0.05209002131400642,0,881,4884,4809,285,45,4
1067,0.87,10451,0.840909090909091,0.0575646788087979,0,877,4616,250,635,34,4
1068,0.87,10832,0.840909090909091,0.050983846017543244,0,883,1431,2965,407,56,1
1069,0.87,12343,0.840909090909091,0.026984090848162667,0,896,3855,2463,185,25,5
1070,0.87,10160,0.840909090909091,0.06275463610542675,0,868,1971,1452,948,69,2
1071,0.86,12959,0.8181818181818182,0.018033318902018425,0,906,4026,3263,91,38,2
1072,0.87,11543,0.840909090909091,0.03929969672173106,0,889,3152,3989,999,20,4
1073,0.86,13060,0.8181818181818182,0.01660645445458675,0,908,1648,3520,706,9,5
1074,0.86,9709,0.8181818181818182,0.07109940958528937,0,861,4449,2394,514,88,1
1075,0.87,12929,0.840909090909091,0.018459282555696732,0,905,3678,4685,176,36,2
1076,0.87,8170,0.840909090909091,0.1028174113852185,0,810,3959,163,57,96,1
1077,0.87,8915,0.840909090909091,0.0867794552136848,0,842,3323,413,775,47,2
1078,0.87,10055,0.840909090909091,0.06466387220680969,0,865,4803,2509,415,84,2
1079,0.83,158,0.75,0.8268996616389109,1,1,2030,88,699,104,9
1080,0.86,2468,0.8181818181818182,0.32278909507154574,0,264,18,4852,138,77,3
1081,0.9,4210,0.9090909090909093,0.22465894896753358,0,497,3460,2469,910,179,6
1082,0.89,7345,0.8863636363636365,0.12238057351121134,0,766,3515,4914,468,61,10
1083,0.89,5325,0.8863636363636365,0.18148350706646788,0,627,1389,1412,888,127,4
1084,0.93,2213,0.9772727272727275,0.3428259223729414,0,33,241,3167,224,123,3
1085,0.9,3169,0.9090909090909093,0.2768532889717148,0,374,4859,347,679,189,8
1086,0.9,4351,0.9090909090909093,0.2186053232080476,0,516,3905,3006,791,240,6
1087,0.89,6312,0.8863636363636365,0.15023502509734676,0,710,997,825,371,73,1
1088,0.92,2462,0.9545454545454547,0.3232363051079772,0,257,2350,3759,520,178,4
1089,0.9,3888,0.9090909090909093,0.23928014592811642,0,454,2747,2261,66,10,8
1090,0.89,5167,0.8863636363636365,0.1870186901699742,0,615,2931,3462,608,80,5
1091,0.89,2976,0.8863636363636365,0.2883989821120341,0,348,1933,57,63,233,10
1092,0.89,7258,0.8863636363636365,0.12457038118383401,0,758,815,4545,836,19,7
1093,0.89,5645,0.8863636363636365,0.17075916871499763,0,657,4324,1786,257,169,2
1094,0.89,3656,0.8863636363636365,0.2505856836282545,0,428,3236,28,614,50,9
1095,0.9,4217,0.9090909090909093,0.2243536641328273,0,500,3354,3690,390,233,2
1096,0.88,6048,0.8636363636363638,0.1580867372221083,0,689,1861,298,966,83,8
1097,0.92,2777,0.9545454545454547,0.3011153790459542,0,308,392,4482,178,173,9
1098,0.91,3058,0.931818181818182,0.2834046837295052,0,360,847,2135,293,153,8
1099,0.88,7333,0.8636363636363638,0.12268106932903833,0,766,1877,2639,567,103,6
1100,0.91,2035,0.931818181818182,0.3582311580544879,0,202,2910,1031,19,214,2
1101,0.91,3853,0.931818181818182,0.24094181634408796,0,444,2780,4811,561,128,7
1102,0.9,3173,0.9090909090909093,0.2766215068044323,0,375,2396,1360,110,63,2
1103,0.91,3827,0.931818181818182,0.24218599815595288,0,442,975,3434,758,191,5
1104,0.89,4518,0.8863636363636365,0.21168417182292232,0,541,3848,550,335,125,10
1105,0.88,6902,0.8636363636363638,0.13381310668693236,0,743,4889,2896,199,74,9
1106,0.93,777,0.9772727272727275,0.535052783372336,0,2,288,780,650,242,4
1107,0.93,3692,0.9772727272727275,0.24878514775103633,0,62,139,2403,5,65,5
1108,0.89,5714,0.8863636363636365,0.16852651681711983,0,663,1492,2839,855,185,2
1109,0.88,7662,0.8636363636363638,0.11461532714607803,0,783,3733,3826,88,105,4
1110,0.9,3786,0.9090909090909093,0.24416525105846343,0,442,1484,2192,511,208,10
1111,0.89,7853,0.8863636363636365,0.11009020103359068,0,781,4772,815,798,147,3
1112,0.88,14199,0.8636363636363638,0.001238431867430334,0,874,3965,3157,673,159,1
1113,0.88,8126,0.8636363636363638,0.10380984750711497,0,807,1249,358,249,29,7
1114,0.93,3217,0.9772727272727275,0.27409100929202534,0,59,2279,4846,896,219,8
1115,0.91,3011,0.931818181818182,0.2862506480200647,0,352,2507,1480,446,93,3
1116,0.91,934,0.931818181818182,0.5012660719043766,0,44,2150,1144,432,181,5
1117,0.9,6505,0.9090909090909093,0.14470000599149857,0,660,730,4078,705,68,2
1118,0.91,4311,0.931818181818182,0.22030250271155627,0,473,4096,1936,130,244,7
1119,0.9,5577,0.9090909090909093,0.17298631997217762,0,634,4666,4595,279,201,6
1120,0.91,2973,0.931818181818182,0.2885842987813686,0,346,509,1737,828,111,1
1121,0.89,5697,0.8863636363636365,0.16907407789553197,0,662,1588,3491,39,138,4
1122,0.91,709,0.931818181818182,0.5518637128377526,0,25,384,79,459,195,2
1123,0.88,9988,0.8636363636363638,0.06589259383907187,0,860,1737,4655,686,59,5
1124,0.91,5374,0.931818181818182,0.17980022112536476,0,495,3360,1827,236,133,10
1125,0.89,6909,0.8863636363636365,0.13362681511374364,0,741,3165,4376,772,89,2
1126,0.91,3334,0.931818181818182,0.2675269122461714,0,393,1698,1638,321,224,6
1127,0.9,4199,0.9090909090909093,0.22513970909830905,0,495,579,3624,547,25,9
1128,0.88,4699,0.8636363636363638,0.20446589195715925,0,566,4557,202,124,163,3
1129,0.89,6577,0.8863636363636365,0.14267708235132703,0,721,4182,2549,472,143,5
1130,0.9,3506,0.9090909090909093,0.2582837615677609,0,412,683,971,923,45,9
1131,0.88,2136,0.8636363636363638,0.349332163151271,0,213,2066,4297,212,204,8
1132,0.89,5170,0.8863636363636365,0.18691202420259434,0,616,3073,2035,636,108,3
1133,0.9,3927,0.9090909090909093,0.2374460956236455,0,462,2655,3334,164,53,6
1134,0.92,1009,0.9545454545454547,0.48708398334444325,0,51,2248,497,740,135,1
1135,0.9,5457,0.9090909090909093,0.1769836482510012,0,625,1099,4749,404,115,4
1136,0.9,4635,0.9090909090909093,0.20698594150050986,0,553,3998,1270,952,197,9
1137,0.9,5029,0.9090909090909093,0.19199346850813992,0,600,4766,3924,581,248,10
1138,0.92,1159,0.9545454545454547,0.4616328093623172,0,74,179,1532,29,196,3
1139,0.88,8286,0.8636363636363638,0.10022638838707465,0,815,1297,3208,863,52,4
1140,0.9,3507,0.9090909090909093,0.2582313586495736,0,413,3566,467,284,135,10
1141,0.9,4838,0.9090909090909093,0.1991088402539769,0,583,3569,3106,692,218,3
1142,0.91,3049,0.931818181818182,0.28394625528147044,0,358,1297,877,143,98,8
1143,0.93,2593,0.9772727272727275,0.3137114438137991,0,47,178,3879,994,157,7
1144,0.91,4433,0.931818181818182,0.21517434145317427,0,480,1060,1537,601,168,8
1145,0.92,2750,0.9545454545454547,0.3029105415618044,0,303,2443,3223,266,87,10
1146,0.91,1370,0.931818181818182,0.4309155401592474,0,97,2694,452,841,229,4
1147,0.91,3533,0.931818181818182,0.2568741005391131,0,412,2878,4174,361,175,9
1148,0.92,1335,0.9545454545454547,0.4356687516198481,0,89,2027,2002,784,16,4
1149,0.91,3294,0.931818181818182,0.2697447760705969,0,384,878,2738,74,238,1
1150,0.88,7922,0.8636363636363638,0.10848248042424069,0,797,4221,1250,525,78,6
1151,0.88,6619,0.8636363636363638,0.14150724420918082,0,725,4518,3591,882,121,7
1152,0.9,3682,0.9090909090909093,0.24928352992812852,0,431,4560,2553,906,237,9
1153,0.9,2776,0.9090909090909093,0.30118155482859454,0,320,579,966,451,79,5
1154,0.89,5801,0.8863636363636365,0.1657495461545302,0,671,1696,4283,663,176,3
1155,0.88,6961,0.8636363636363638,0.13224881439986347,0,745,3169,2049,243,16,8
1156,0.9,5728,0.9090909090909093,0.1680768057783456,0,641,3365,4169,764,205,4
1157,0.89,6990,0.8863636363636365,0.13148477778123213,0,742,1735,2006,345,107,9
1158,0.92,2700,0.9545454545454547,0.3062819353174704,0,297,383,2752,555,142,6
1159,0.9,2078,0.9090909090909093,0.3543896869654679,0,207,875,93,916,162,7
1160,0.91,2306,0.931818181818182,0.3352629440572398,0,239,2880,1823,644,224,5
1161,0.92,2838,0.9545454545454547,0.2971230564203866,0,319,2693,3121,187,186,8
1162,0.91,3552,0.931818181818182,0.25588855804760435,0,413,1064,3874,380,247,1
1163,0.88,8363,0.8636363636363638,0.0985264364410644,0,821,3801,2297,960,65,7
1164,0.89,6877,0.8863636363636365,0.13447997932290323,0,738,4957,4956,573,116,7
1165,0.89,7063,0.8863636363636365,0.12957545629295153,0,748,4774,3152,206,190,7
1166,0.79,290,0.6590909090909093,0.7158054826294562,0,6,10,363,626,126,1
1167,0.9,6238,0.9090909090909093,0.15240226488724118,0,655,1481,4861,478,130,4
1168,0.88,7279,0.8636363636363638,0.12403941335874324,0,763,3734,1466,933,62,8
1169,0.88,9240,0.8636363636363638,0.0801988051086524,0,847,3605,3329,715,86,1
1170,0.91,2458,0.931818181818182,0.32353505078008127,0,259,1493,502,135,230,6
1171,0.93,2836,0.9772727272727275,0.29725258654153175,0,56,140,4764,971,24,9
1172,0.89,5446,0.8863636363636365,0.17735445728594257,0,638,4761,1255,426,168,4
1173,0.89,5679,0.8863636363636365,0.16965563194324196,0,661,3996,3909,44,156,5
1174,0.89,6283,0.8863636363636365,0.1510813064677079,0,709,1104,2418,624,36,10
1175,0.93,2554,0.9772727272727275,0.31649585368918676,0,45,2251,2844,273,219,7
1176,0.9,4448,0.9090909090909093,0.214553593702417,0,525,2654,670,818,98,2
1177,0.89,11551,0.8863636363636365,0.03917236506835475,0,800,3075,4390,353,58,6
1178,0.9,1064,0.9090909090909093,0.4773379145724571,0,58,2061,1624,808,133,2
1179,0.91,6546,0.931818181818182,0.1435453354345575,0,498,680,3620,82,122,3
1180,0.9,3263,0.9090909090909093,0.2714822185742557,0,384,4183,207,502,194,8
1181,0.88,7815,0.8636363636363638,0.11098165433220908,0,792,4392,4343,256,70,8
1182,0.92,1948,0.9545454545454547,0.3662579699448102,0,186,395,2140,836,243,3
1183,0.91,2596,0.931818181818182,0.31349899543611326,0,288,3352,1016,607,182,6
1184,0.9,5077,0.9090909090909093,0.1902477974427964,0,605,3235,2687,398,101,5
1185,0.91,2421,0.931818181818182,0.3263217133230162,0,257,1592,1140,942,215,10
1186,0.9,4491,0.9090909090909093,0.21278564828011093,0,535,512,4063,170,40,7
1187,0.88,7606,0.8636363636363638,0.11596346431246252,0,780,4666,1951,749,152,2
1188,0.89,7591,0.8863636363636365,0.11632625783961315,0,773,4093,4610,845,171,1
1189,0.89,5902,0.8863636363636365,0.16257746799617323,0,676,731,1722,301,20,6
1190,0.9,1970,0.9090909090909093,0.3641948507559031,0,194,2152,3486,591,234,9
1191,0.9,4472,0.9090909090909093,0.21356473733317471,0,528,3023,33,11,82,4
1192,0.92,3311,0.9545454545454547,0.26879891202377904,0,356,2510,3812,538,11,10
1193,0.92,1592,0.9545454545454547,0.4033306025023099,0,126,2278,2207,118,180,4
1194,0.88,9466,0.8636363636363638,0.07575775830179643,0,850,1247,3021,782,75,3
1195,0.9,5023,0.9090909090909093,0.19221284776748138,0,599,3970,810,327,241,8
1196,0.88,8252,0.8636363636363638,0.10098204966500524,0,814,4854,2992,334,148,1
1197,0.92,1404,0.9545454545454547,0.4264129303035873,0,98,243,840,757,43,7
1198,0.91,4955,0.931818181818182,0.194717619983103,0,493,1390,3764,109,210,8
1199,0.89,5496,0.8863636363636365,0.1756749569829047,0,641,3512,2256,560,106,4
1200,0.9,4463,0.9090909090909093,0.21393493531189112,0,526,3461,4816,65,221,2
1201,0.9,5463,0.9090909090909093,0.17678170364072365,0,626,1364,1355,519,91,7
1202,0.92,2163,0.9545454545454547,0.347024442845255,0,221,284,3419,371,158,10
1203,0.91,2288,0.931818181818182,0.3367026634363508,0,237,974,765,226,146,9
1204,0.92,3174,0.9545454545454547,0.27656360690340276,0,348,2395,4013,888,103,6
1205,0.92,2994,0.9545454545454547,0.2872909887308942,0,334,2783,2474,469,209,1
1206,0.91,4528,0.931818181818182,0.21127788687788074,0,482,2906,3675,989,139,8
1207,0.91,4016,0.931818181818182,0.2333279906134612,0,457,848,4486,697,200,5
1208,0.89,5847,0.8863636363636365,0.16429804525882807,0,673,4367,1689,153,112,9
1209,0.92,2162,0.9545454545454547,0.34710939927583984,0,220,486,1680,704,170,8
1210,0.88,6775,0.8636363636363638,0.13722617511297075,0,731,1633,3744,432,80,6
1211,0.91,2995,0.931818181818182,0.28722962894588144,0,350,3271,244,980,232,2
1212,0.89,6773,0.8863636363636365,0.13728043437072224,0,728,3311,3476,18,52,10
1213,0.88,5730,0.8636363636363638,0.1680126510711334,0,666,1828,42,566,140,5
1214,0.92,4676,0.9545454545454547,0.2053675626123308,0,383,447,4541,292,113,2
1215,0.9,3982,0.9090909090909093,0.23489032751161043,0,470,4419,1791,868,203,7
1216,0.9,6034,0.9090909090909093,0.1585126303752844,0,649,4325,4132,727,246,6
1217,0.89,6887,0.8863636363636365,0.13421293985373417,0,740,812,1882,179,70,1
1218,0.89,5644,0.8863636363636365,0.1707917261917098,0,656,1929,2696,967,183,4
1219,0.91,4645,0.931818181818182,0.20658989904110214,0,485,2747,4909,910,94,4
1220,0.92,1209,0.9545454545454547,0.45387624771846113,0,80,2353,1417,487,222,10
1221,0.89,5756,0.8863636363636365,0.16718067122237512,0,667,1001,3181,651,32,8
1222,0.89,4395,0.8863636363636365,0.2167563496121936,0,524,3903,333,200,160,3
1223,0.89,1374,0.8863636363636365,0.430380060583718,0,98,113,2307,405,155,7
1224,0.89,6020,0.8863636363636365,0.15893951266407713,0,687,1535,3053,741,96,10
1225,0.91,2706,0.931818181818182,0.30587408773674485,0,307,3641,930,165,216,4
1226,0.9,4650,0.9090909090909093,0.2063921973609697,0,556,3707,4043,445,177,7
1227,0.88,1544,0.8636363636363638,0.40895408461832305,0,123,48,2959,248,240,5
1228,0.89,5635,0.8863636363636365,0.1710850032876493,0,655,4815,717,671,72,10
1229,0.89,6504,0.8863636363636365,0.14472825950539603,0,719,3943,3370,799,123,9
1230,0.91,2723,0.931818181818182,0.3047234100758097,0,309,1197,612,348,190,4
1231,0.91,4107,0.931818181818182,0.22921062599868625,0,465,2314,4786,513,62,1
1232,0.9,2260,0.9090909090909093,0.33896488564618976,0,237,2551,1384,89,126,6
1233,0.91,3121,0.931818181818182,0.27965771567317266,0,367,2972,2585,615,212,2
1234,0.92,938,0.9545454545454547,0.5004814251021021,0,40,2125,1085,40,100,8
1235,0.92,3315,0.9545454545454547,0.26857706138212234,0,358,773,4334,828,150,10
1236,0.89,5562,0.8863636363636365,0.1734812576223712,0,648,902,2524,458,47,9
1237,0.89,6212,0.8863636363636365,0.1531698349220615,0,697,4274,994,882,145,3
1238,0.89,9254,0.8863636363636365,0.07992055621466443,0,796,4485,3648,526,164,5
1239,0.9,2208,0.9090909090909093,0.34324148491554574,0,231,342,179,75,27,9
1240,0.9,6312,0.9090909090909093,0.15023502509734676,0,657,1763,4440,785,226,8
1241,0.88,8517,0.8636363636363638,0.09517298504198979,0,829,3415,1574,362,90,3
1242,0.9,4875,0.9090909090909093,0.1977087882620464,0,587,3141,4632,637,130,9
1243,0.88,10042,0.8636363636363638,0.06490163949663308,0,861,1645,1852,214,58,4
1244,0.91,3531,0.931818181818182,0.2569781499244551,0,411,615,3527,924,194,1
1245,0.88,6726,0.8636363636363638,0.13856015985916093,0,729,4602,143,473,118,6
1246,0.89,7985,0.8863636363636365,0.10702674288059333,0,785,4157,2802,123,76,7
1247,0.92,2170,0.9545454545454547,0.3464308448021818,0,222,629,1186,546,237,2
1248,0.93,2746,0.9772727272727275,0.30317798902157567,0,53,2098,4197,321,15,5
1249,0.91,2815,0.931818181818182,0.29861819265363565,0,326,3116,1978,771,173,10
1250,0.92,2588,0.9545454545454547,0.31406607103995343,0,283,2602,3276,306,228,3
1251,0.91,838,0.931818181818182,0.5211785465293071,0,37,2224,400,855,85,8
1252,0.91,2607,0.931818181818182,0.31272211221332724,0,290,2465,1918,983,45,8
1253,0.91,3065,0.931818181818182,0.2829845618681994,0,361,1045,2666,133,205,10
1254,0.88,8247,0.8636363636363638,0.10109343881713162,0,813,3781,1165,709,108,4
1255,0.88,11525,0.8636363636363638,0.03958651587116524,0,870,4976,3507,824,88,4
1256,0.89,264,0.8863636363636365,0.7330082598283949,1,1,199,8,276,224,8
1257,0.89,5095,0.8863636363636365,0.1895974216477635,0,608,3546,1755,36,162,1
1258,0.9,3751,0.9090909090909093,0.24587188573647212,0,436,1261,660,267,186,1
1259,0.92,2655,0.9545454545454547,0.3093699846358834,0,291,230,3977,602,66,4
1260,0.91,3822,0.931818181818182,0.24242623245272965,0,441,4984,2350,54,250,9
1261,0.9,7248,0.9090909090909093,0.12482376312952803,0,675,3760,4696,418,200,10
1262,0.9,3449,0.9090909090909093,0.2612956974004581,0,409,1028,1323,994,116,5
1263,0.91,3234,0.931818181818182,0.27312257222036374,0,378,2498,3319,142,136,2
1264,0.9,3143,0.9090909090909093,0.2783670397170924,0,372,2719,513,690,56,7
1265,0.9,5412,0.9090909090909093,0.17850534685943364,0,622,2842,4233,234,110,1
1266,0.89,4780,0.8863636363636365,0.20132520548543587,0,578,1981,2099,685,206,6
1267,0.88,483,0.8636363636363638,0.6222934477942728,0,11,2081,570,556,168,9
1268,0.91,4012,0.931818181818182,0.23351110717585322,0,456,661,4834,329,86,8
1269,0.89,4508,0.8863636363636365,0.21209135682396119,0,538,4164,1341,753,230,2
1270,0.89,5524,0.8863636363636365,0.17474109713326835,0,642,4580,3995,655,218,2
1271,0.91,3102,0.931818181818182,0.2807797308687825,0,364,599,2488,204,98,6
1272,0.9,4640,0.9090909090909093,0.20678781360130138,0,554,1677,2911,914,156,8
1273,0.88,7999,0.8636363636363638,0.10670480544308081,0,800,3149,759,491,35,3
1274,0.91,3019,0.931818181818182,0.28576310599866916,0,353,3423,3035,516,248,7
1275,0.92,2628,0.9545454545454547,0.3112480283451774,0,288,325,3806,803,185,5
1276,0.88,8909,0.8636363636363638,0.08690318677964826,0,841,4281,4867,244,54,9
1277,0.9,3415,0.9090909090909093,0.2631160763832955,0,403,934,1465,667,134,4
1278,0.88,8007,0.8636363636363638,0.10652109404917798,0,801,1963,3138,441,115,1
1279,0.91,1550,0.931818181818182,0.4082416680896136,0,124,2821,381,892,198,6
1280,0.91,3722,0.931818181818182,0.24729805845552932,0,431,2713,4101,435,143,3
1281,0.92,3434,0.9545454545454547,0.2620965842200965,0,362,2133,4927,838,192,2
1282,0.9,3591,0.9090909090909093,0.25388200876019573,0,420,3004,1555,262,124,7
1283,0.89,7091,0.8863636363636365,0.12884834449979765,0,751,2568,2756,790,39,1
1284,0.92,1817,0.9545454545454547,0.3790468932581602,0,166,2337,1227,366,153,7
1285,0.9,4984,0.9090909090909093,0.19364523110568488,0,594,1189,4153,530,102,8
1286,0.89,4883,0.8863636363636365,0.19740747141702775,0,588,3911,2017,79,214,3
1287,0.9,4869,0.9090909090909093,0.1979351005019635,0,585,4833,4676,455,234,5
1288,0.89,1151,0.8863636363636365,0.4629048091399247,0,72,69,1812,878,83,10
1289,0.9,4467,0.9090909090909093,0.21377031081875597,0,527,1422,3573,230,172,7
1290,0.89,5049,0.8863636363636365,0.19126408963712804,0,604,3663,4461,963,121,10
1291,0.9,4424,0.9090909090909093,0.2155477988812775,0,524,1551,1710,388,196,5
1292,0.94,2200,1.0,0.34390834545402726,1,1,82,3708,723,60,2
1293,0.89,4895,0.8863636363636365,0.19695642030895988,0,589,4703,275,174,132,7
1294,0.89,7991,0.8863636363636365,0.10688870064030975,0,786,4055,2621,297,175,6
1295,0.92,2435,0.9545454545454547,0.3252623257545384,0,253,2192,4368,21,238,4
1296,0.91,2328,0.931818181818182,0.33351846540807295,0,243,2595,2119,570,78,9
1297,0.91,2725,0.931818181818182,0.3045885086133886,0,310,2376,2564,641,68,5
1298,0.93,1107,0.9772727272727275,0.4700626537048641,0,10,2763,950,218,245,10
1299,0.91,4212,0.931818181818182,0.22457167297619862,0,469,2965,4728,736,159,3
1300,0.92,2599,0.9545454545454547,0.3132867923327298,0,284,790,3352,950,220,6
1301,0.88,7472,0.8636363636363638,0.11923007991965973,0,772,4451,2821,8,104,3
1302,0.92,1054,0.9545454545454547,0.47907192020942047,0,56,454,699,583,208,8
1303,0.88,8150,0.8636363636363638,0.10326785453260001,0,808,1807,3945,310,41,9
1304,0.9,3795,0.9090909090909093,0.24372895147111662,0,444,3293,2388,859,147,5
1305,0.89,6238,0.8863636363636365,0.15240226488724118,0,701,3254,3902,147,74,6
1306,0.9,3872,0.9090909090909093,0.24003790318502505,0,451,1611,2274,695,243,1
1307,0.89,8921,0.8863636363636365,0.08665580688456953,0,794,493,3091,421,13,4
1308,0.9,3213,0.9090909090909093,0.2743196203094299,0,377,4646,898,997,179,9
1309,0.89,5815,0.8863636363636365,0.1653065703367126,0,672,4113,3239,598,128,10
1310,0.9,3587,0.9090909090909093,0.25408680347140844,0,419,751,431,50,64,5
1311,0.91,2184,0.931818181818182,0.34524936907198833,0,226,831,906,430,106,10
1312,0.89,7043,0.8863636363636365,0.13009658857939155,0,747,1910,3832,719,148,7
1313,0.88,7985,0.8636363636363638,0.10702674288059333,0,799,2914,2343,140,44,2
1314,0.9,3772,0.9090909090909093,0.24484600455626848,0,438,2806,3543,658,114,7
1315,0.92,831,0.9545454545454547,0.5227184988528497,0,27,2412,132,239,202,1
1316,0.89,7769,0.8863636363636365,0.11206659893980131,0,778,942,4628,903,50,3
1317,0.89,4634,0.8863636363636365,0.20702559272152377,0,553,3845,1860,448,141,8
1318,0.9,4910,0.9090909090909093,0.19639415852361297,0,589,4913,4201,86,184,10
1319,0.9,4317,0.9090909090909093,0.22004692459255804,0,514,301,1969,505,8,4
1320,0.91,3375,0.931818181818182,0.2652810393907218,0,398,1332,2786,357,245,3
1321,0.89,6727,0.8863636363636365,0.13853283867972788,0,725,3454,1197,812,71,7
1322,0.91,4009,0.931818181818182,0.2336485644184293,0,455,3480,3609,316,202,9
1323,0.88,5149,0.8636363636363638,0.18765998917630322,0,614,1383,223,766,111,4
1324,0.92,4661,0.9545454545454547,0.20595800075031745,0,382,265,4399,120,138,1
1325,0.88,8901,0.8636363636363638,0.08706829187433263,0,840,4872,1620,543,50,6
1326,0.91,3674,0.931818181818182,0.24968321094302126,0,422,993,2053,477,181,2
1327,0.91,2610,0.931818181818182,0.31251080362408545,0,293,1216,1590,97,232,7
1328,0.92,2889,0.9545454545454547,0.29385050882728503,0,327,2295,3657,760,18,10
1329,0.92,947,0.9545454545454547,0.4987281218140641,0,41,2532,175,340,170,5
1330,0.92,3006,0.9545454545454547,0.28655601980371137,0,336,3031,3953,868,239,9
1331,0.92,2156,0.9545454545454547,0.3476199641438522,0,219,2183,2378,288,73,3
1332,0.91,4799,0.931818181818182,0.20059620725359684,0,491,714,2889,576,178,2
1333,0.88,8161,0.8636363636363638,0.10301997420602438,0,809,4672,3283,377,60,8
1334,0.91,1830,0.931818181818182,0.377737245598477,0,170,545,544,956,127,3
1335,0.89,5766,0.8863636363636365,0.16686167906612281,0,669,1574,4720,183,124,5
1336,0.91,2968,0.931818181818182,0.2888935757082829,0,345,3213,1295,728,189,9
1337,0.89,4479,0.8863636363636365,0.21327732017640944,0,532,1848,1487,813,160,6
1338,0.92,2456,0.9545454545454547,0.32368460590167514,0,255,427,3248,41,94,9
1339,0.9,4352,0.9090909090909093,0.21856309386052164,0,517,4399,423,621,222,4
1340,0.9,4743,0.9090909090909093,0.20275318530185904,0,572,4344,3081,975,211,5
1341,0.92,2074,0.9545454545454547,0.35474366537877056,0,201,687,2237,794,217,9
1342,0.91,1654,0.931818181818182,0.39631263147218776,0,142,2040,2986,68,34,6
1343,0.9,3181,0.9090909090909093,0.276158817486977,0,376,3058,841,523,154,1
1344,0.91,3031,0.931818181818182,0.28503420920352207,0,355,2622,4561,59,192,8
1345,0.93,1495,0.9772727272727275,0.41487788471718134,0,19,2244,1765,603,120,3
1346,0.9,5651,0.9090909090909093,0.17056394486839355,0,638,1125,3439,251,132,4
1347,0.9,1277,0.9090909090909093,0.44382662275146967,0,85,132,1098,157,175,3
1348,0.9,4394,0.9090909090909093,0.21679816584131217,0,522,3622,1908,413,235,7
1349,0.89,5571,0.8863636363636365,0.1731841351313229,0,650,3727,2516,193,150,4
1350,0.88,7565,0.8636363636363638,0.11695680128577579,0,778,1449,998,648,38,9
1351,0.88,8298,0.8636363636363638,0.09996042441789266,0,817,4795,2083,919,100,1
1352,0.89,3770,0.8863636363636365,0.24494346120452126,0,437,1086,264,745,90,6
1353,0.91,2759,0.931818181818182,0.30231020384476637,0,318,2439,4528,394,164,9
1354,0.89,7766,0.8863636363636365,0.11213757914315425,0,777,2661,1642,939,28,4
1355,0.9,5740,0.9090909090909093,0.16769221299433446,0,642,2862,2940,482,68,9
1356,0.63,428,0.2954545454545455,0.6444652620966879,0,9,2001,730,936,249,5
1357,0.9,4759,0.9090909090909093,0.20213431860845144,0,574,4254,2439,631,188,8
1358,0.89,6227,0.8863636363636365,0.15272661494771267,0,699,4504,4785,777,138,6
1359,0.9,3662,0.9090909090909093,0.2502843667832355,0,428,361,1390,323,54,2
1360,0.9,4661,0.9090909090909093,0.20595800075031745,0,558,1743,3389,534,198,3
1361,0.9,3406,0.9090909090909093,0.26360097454190723,0,402,3396,599,114,118,8
1362,0.9,7096,0.9090909090909093,0.12871880524974055,0,671,3200,3187,885,165,2
1363,0.92,3908,0.9545454545454547,0.23833732142276343,0,374,556,4896,676,228,10
1364,0.88,10326,0.8636363636363638,0.059776111644049945,0,864,4544,1436,221,84,5
1365,0.88,8427,0.8636363636363638,0.09712535688470691,0,824,4215,3777,375,96,4
1366,0.91,2526,0.931818181818182,0.318521254176074,0,271,894,2426,374,229,5
1367,0.91,1874,0.931818181818182,0.3733725816279875,0,176,2860,735,71,165,7
1368,0.91,3231,0.931818181818182,0.27329310252574446,0,377,2673,4516,606,236,1
1369,0.91,2577,0.931818181818182,0.3148486677621277,0,282,2427,1660,57,77,6
1370,0.91,3760,0.931818181818182,0.24543152106191657,0,435,1083,3724,831,174,8
1371,0.92,1001,0.9545454545454547,0.48854564698605596,0,48,159,1065,702,131,10
1372,0.9,6376,0.9090909090909093,0.14838104452495537,0,659,1318,4313,414,119,8
1373,0.89,4356,0.8863636363636365,0.2183942734267953,0,518,3585,2169,989,193,3
1374,0.9,5041,0.9090909090909093,0.19155549395389004,0,602,1320,2187,14,144,10
1375,0.92,1839,0.9545454545454547,0.3768360021100621,0,170,172,2611,850,109,7
1376,0.9,4005,0.9090909090909093,0.2338320007952296,0,473,4925,1065,306,207,2
1377,0.9,6712,0.9090909090909093,0.1389430834024482,0,666,3818,3718,166,227,1
1378,0.9,4609,0.9090909090909093,0.2080196634750161,0,551,4016,3457,745,207,7
1379,0.88,4376,0.8636363636363638,0.2175524893390205,0,520,1122,63,169,109,2
1380,0.93,2596,0.9772727272727275,0.31349899543611326,0,48,2232,4561,941,144,5
1381,0.91,3140,0.931818181818182,0.27854250821184867,0,371,2634,1771,393,48,10
1382,0.89,5443,0.8863636363636365,0.17745571698970564,0,637,3055,2973,936,117,3
1383,0.9,4719,0.9090909090909093,0.2036854099593779,0,567,699,3782,633,55,6
1384,0.89,6250,0.8863636363636365,0.15204908002091055,0,703,4203,2236,209,137,2
1385,0.9,6304,0.9090909090909093,0.15046809310676323,0,656,4541,4891,324,188,2
1386,0.91,3522,0.931818181818182,0.2574471024421138,0,410,1717,3200,111,250,10
1387,0.88,5390,0.8636363636363638,0.17925389864461116,0,633,3188,314,535,67,5
1388,0.9,4251,0.9090909090909093,0.2228780222124893,0,506,3383,3390,462,154,6
1389,0.92,4197,0.9545454545454547,0.22522725529396181,0,377,363,4767,223,217,4
1390,0.88,6192,0.8636363636363638,0.1537624623395356,0,697,4502,1403,673,95,9
1391,0.89,6798,0.8863636363636365,0.13660334219451442,0,729,4242,4062,797,83,10
1392,0.9,3418,0.9090909090909093,0.2629547275205877,0,405,4685,532,43,212,10
1393,0.9,4235,0.9090909090909093,0.22357096642361063,0,502,4073,2873,427,223,9
1394,0.91,2813,0.931818181818182,0.2987487811026798,0,325,712,641,976,93,4
1395,0.94,2293,1.0,0.3363016088711701,0,2,2171,3958,140,159,1
1396,0.88,8709,0.8636363636363638,0.09107597062978545,0,835,3043,2369,716,32,6
1397,0.91,3965,0.931818181818182,0.23567650432551945,0,453,2530,3668,237,71,3
1398,0.9,450,0.9090909090909093,0.6352731850464586,0,6,2297,158,660,245,7
1399,0.89,4969,0.8863636363636365,0.19419913378795417,0,598,3950,1594,899,184,5
1400,0.89,6847,0.8863636363636365,0.1352834334696661,0,735,4793,4253,508,141,3
1401,0.88,1157,0.8636363636363638,0.461949984996327,0,74,30,2079,85,51,8
1402,0.9,3625,0.9090909090909093,0.2521504054941175,0,425,1461,2504,811,202,7
1403,0.88,6984,0.8636363636363638,0.13164259396233424,0,748,3715,1015,360,114,1
1404,0.88,7730,0.8636363636363638,0.11299148652938429,0,787,3624,4112,16,28,9
1405,0.89,4250,0.8863636363636365,0.2229212547739724,0,506,1513,1902,592,163,4
1406,0.93,1801,0.9772727272727275,0.38067168381023464,0,25,120,2716,302,89,1
1407,0.9,3445,0.9090909090909093,0.26150892623446254,0,408,4742,1110,850,227,6
1408,0.88,7156,0.8636363636363638,0.1271714137535661,0,756,4910,1958,499,80,7
1409,0.89,7008,0.8863636363636365,0.13101214063260425,0,744,3832,4611,97,99,6
1410,0.9,3669,0.9090909090909093,0.24993345364239428,0,429,954,1872,548,213,1
1411,0.9,4185,0.9090909090909093,0.22575340994991266,0,493,2414,3547,338,38,4
1412,0.91,1434,0.931818181818182,0.42252961893772867,0,103,2803,123,761,149,9
1413,0.91,3407,0.931818181818182,0.2635470337537581,0,401,2926,3844,289,189,5
1414,0.89,5117,0.8863636363636365,0.18880563049682164,0,609,1898,2326,864,123,9
1415,0.91,3418,0.931818181818182,0.2629547275205877,0,403,829,3072,30,127,8
1416,0.92,889,0.9545454545454547,0.5103321786705317,0,33,415,418,379,178,6
1417,0.89,7365,0.8863636363636365,0.12188083629662494,0,768,1845,4985,731,73,9
1418,0.91,2955,0.931818181818182,0.28970013971846975,0,344,3333,1503,183,239,3
1419,0.89,7101,0.8863636363636365,0.12858935723093978,0,752,3216,4715,817,44,7
1420,0.89,4901,0.8863636363636365,0.1967313091549202,0,590,1572,1304,269,148,2
1421,0.91,3054,0.931818181818182,0.2836451852153047,0,359,532,3300,619,105,5
1422,0.89,5006,0.8863636363636365,0.1928358480614859,0,600,4439,689,421,129,5
1423,0.89,5419,0.8863636363636365,0.17826780918396823,0,635,4306,3348,51,179,4
1424,0.9,3314,0.9090909090909093,0.2686324989437847,0,389,792,484,595,12,9
1425,0.9,4667,0.9090909090909093,0.2057215978440332,0,560,1949,4745,260,242,6
1426,0.88,6316,0.8636363636363638,0.1501186018254903,0,711,2952,1274,839,74,1
1427,0.89,5542,0.8863636363636365,0.17414325449969426,0,645,2766,2573,366,19,8
1428,0.92,1148,0.9545454545454547,0.4633840877277835,0,71,2373,945,786,172,3
1429,0.9,5128,0.9090909090909093,0.18841101034381824,0,608,981,4262,76,83,4
1430,0.9,3416,0.9090909090909093,0.26306227769001,0,404,3885,2069,531,233,10
1431,0.9,4866,0.9090909090909093,0.19804836120245461,0,584,4875,4411,877,214,8
1432,0.92,1617,0.9545454545454547,0.4004684575577053,0,131,262,1604,457,102,3
1433,0.89,5338,0.8863636363636365,0.18103541644681487,0,629,1371,3600,684,153,1
1434,0.88,7198,0.8636363636363638,0.12609593898824467,0,760,3492,227,229,39,7
1435,0.9,4575,0.9090909090909093,0.20938028583596935,0,546,3442,2782,647,169,10
1436,0.93,2451,0.9772727272727275,0.32405902696066546,0,39,304,4218,922,233,2
1437,0.89,4041,0.8863636363636365,0.23218762689655614,0,478,1176,2026,929,139,6
1438,0.93,1984,0.9772727272727275,0.36289391242288693,0,29,2334,2772,218,111,9
1439,0.92,1485,0.9545454545454547,0.41611064074198734,0,112,2570,1215,638,201,4
1440,0.91,4221,0.931818181818182,0.22417944304461923,0,470,2991,4937,158,147,9
1441,0.92,1478,0.9545454545454547,0.416978515973372,0,111,2145,1551,738,41,5
1442,0.92,2789,0.9545454545454547,0.30032312249908644,0,310,753,3227,402,208,3
1443,0.89,5139,0.8863636363636365,0.18801723561393413,0,612,4111,448,946,104,8
1444,0.88,6468,0.8636363636363638,0.145748289321477,0,720,4634,3102,587,93,6
1445,0.92,1288,0.9545454545454547,0.4422513613936312,0,85,505,881,7,220,2
1446,0.9,3271,0.9090909090909093,0.2710322716315713,0,385,3251,2278,313,159,9
1447,0.89,5754,0.8863636363636365,0.16724453614111978,0,666,3290,3928,693,125,2
1448,0.9,4010,0.9090909090909093,0.233602733914689,0,474,1809,2399,149,191,7
1449,0.91,2831,0.931818181818182,0.29757681176989415,0,331,466,2825,1000,63,10
1450,0.92,3005,0.9545454545454547,0.28661715508925667,0,335,596,3995,349,134,9
1451,0.92,1824,0.9545454545454547,0.37834053903166986,0,168,649,1335,247,185,10
1452,0.91,2031,0.931818181818182,0.3585926197920192,0,201,2078,3400,895,64,7
1453,0.91,2015,0.931818181818182,0.36004561735313334,0,196,3097,583,440,248,2
1454,0.92,2966,0.9545454545454547,0.2890174323398552,0,332,2583,4363,983,163,7
1455,0.91,3340,0.931818181818182,0.26719652887207956,0,394,2204,2120,438,25,1
1456,0.91,3484,0.931818181818182,0.2594404218935553,0,406,1165,2634,711,224,3
1457,0.88,6943,0.8636363636363638,0.13272464642418758,0,744,4052,1037,131,89,8
1458,0.89,6370,0.8863636363636365,0.14855406295721496,0,713,4691,3695,277,108,10
1459,0.89,356,0.8863636363636365,0.6782338013134783,0,7,94,293,822,204,4
1460,0.9,3906,0.9090909090909093,0.2384313865396056,0,458,3661,1709,612,143,8
1461,0.9,3956,0.9090909090909093,0.2360940809556321,0,466,3687,3557,770,244,5
1462,0.88,5106,0.8636363636363638,0.18920109971095544,0,609,1410,114,316,68,10
1463,0.9,2428,0.9090909090909093,0.325791256290193,0,259,67,4681,541,181,7
1464,0.91,3108,0.931818181818182,0.2804246697777546,0,365,211,3506,176,16,6
1465,0.88,4732,0.8636363636363638,0.20317986810976096,0,570,4964,13,720,175,1
1466,0.88,6873,0.8636363636363638,0.13458690383685412,0,738,3779,2667,875,132,2
1467,0.89,5032,0.8863636363636365,0.19188387699085296,0,601,1048,1160,295,59,7
1468,0.92,2514,0.9545454545454547,0.3193961621396435,0,268,2478,4083,569,195,10
1469,0.9,2899,0.9090909090909093,0.2932156092865055,0,339,2700,1931,24,121,5
1470,0.9,4738,0.9090909090909093,0.2029470092513802,0,570,2823,3132,559,35,8
1471,0.88,5266,0.8636363636363638,0.1835309918135546,0,623,1961,381,104,157,3
1472,0.9,7162,0.9090909090909093,0.12701738868787849,0,672,922,4880,752,99,2
1473,0.9,4579,0.9090909090909093,0.20921968885388842,0,547,4293,1447,333,217,6
1474,0.9,4557,0.9090909090909093,0.21010471379746953,0,544,4465,3793,201,229,8
1475,0.91,2369,0.931818181818182,0.3303109217382524,0,251,323,2226,655,87,2
1476,0.9,5078,0.9090909090909093,0.1902116050169046,0,606,1782,3041,492,169,5
1477,0.89,5934,0.8863636363636365,0.16158376672507868,0,678,3435,791,911,23,9
1478,0.9,4151,0.9090909090909093,0.2272524132130085,0,488,3162,2929,94,197,1
1479,0.89,4861,0.8863636363636365,0.19823728426801146,0,586,1664,746,514,115,6
1480,0.88,7822,0.8636363636363638,0.11081711405137173,0,793,1775,1571,634,14,10
1481,0.92,2216,0.9545454545454547,0.34257703508467763,0,230,344,3638,470,236,7
1482,0.88,7601,0.8636363636363638,0.11608431594039315,0,779,4262,2535,546,119,1
1483,0.91,1858,0.931818181818182,0.3749477662813101,0,175,914,979,126,193,6
1484,0.88,8600,0.8636363636363638,0.09339066271155438,0,833,1984,4225,773,57,9
1485,0.91,3286,0.931818181818182,0.27019157844023045,0,383,2840,2102,319,131,4
1486,0.92,2489,0.9545454545454547,0.3212323735577831,0,265,2731,3303,854,216,10
1487,0.91,1825,0.931818181818182,0.37823985251351366,0,169,2486,523,309,96,4
1488,0.91,4658,0.931818181818182,0.20607631632202317,0,486,1025,4699,582,155,3
1489,0.92,1742,0.9545454545454547,0.3867903818468035,0,153,218,2358,951,167,1
1490,0.89,6338,0.8863636363636365,0.1494795886732312,0,712,1259,2870,162,85,3
1491,0.91,2196,0.931818181818182,0.34424268521751733,0,230,3526,650,741,228,8
1492,0.88,7643,0.8636363636363638,0.11507162338246801,0,781,3544,4589,384,78,4
1493,0.91,2355,0.931818181818182,0.3313998988044088,0,247,1280,1742,964,238,9
1494,0.9,4385,0.9090909090909093,0.21717494062503617,0,520,1532,927,843,137,7
1495,0.92,2128,0.9545454545454547,0.35002153380203627,0,209,101,3853,55,117,10
1496,0.9,5862,0.9090909090909093,0.16382719733428153,0,646,4723,2323,599,199,5
1497,0.9,5034,0.9090909090909093,0.19181085226430716,0,601,4036,4976,996,250,4
1498,0.89,4949,0.8863636363636365,0.19494027686593163,0,595,1142,1506,416,66,9
1499,0.92,2054,0.9545454545454547,0.35652385589793056,0,197,2212,3268,690,187,6
1500,0.9,4812,0.9090909090909093,0.20009907971745022,0,580,3113,4182,688,91,8
1501,0.9,1188,0.9090909090909093,0.45709422730493776,0,77,2101,1988,233,226,3
1502,0.89,5625,0.8863636363636365,0.17141141650484715,0,654,641,2805,881,27,5
1503,0.9,3799,0.9090909090909093,0.2435353724808189,0,445,4145,1178,462,165,9
1504,0.89,5420,0.8863636363636365,0.1782339002761516,0,636,4600,3524,72,145,8
1505,0.89,4862,0.8863636363636365,0.19819948411686583,0,587,617,151,527,47,3
1506,0.9,7365,0.9090909090909093,0.12188083629662494,0,676,1658,4647,363,206,2
1507,0.9,4560,0.9090909090909093,0.20998377735207274,0,545,3129,1841,783,110,6
1508,0.9,4513,0.9090909090909093,0.21188765156727085,0,539,3403,4448,215,174,5
1509,0.9,2567,0.9090909090909093,0.31556302246737733,0,281,1630,246,20,183,9
1510,0.91,3697,0.931818181818182,0.24853646250907035,0,426,474,4510,871,70,6
1511,0.9,4928,0.9090909090909093,0.1957217069163668,0,592,4626,1661,292,246,1
1512,0.89,5529,0.8863636363636365,0.1745748345852529,0,643,4132,4320,179,203,2
1513,0.91,3033,0.931818181818182,0.28491300693450883,0,356,771,2168,724,113,7
1514,0.91,1496,0.931818181818182,0.4147550626382387,0,115,2112,2591,389,140,10
1515,0.89,6080,0.8863636363636365,0.15711695698432138,0,689,2985,1083,968,51,5
1516,0.92,3735,0.9545454545454547,0.24665737083916228,0,369,2549,4805,488,106,8
1517,0.93,1305,0.9772727272727275,0.43984311500916196,0,14,2316,1371,907,210,4
1518,0.89,4685,0.8863636363636365,0.20501420799988468,0,564,3930,619,652,149,7
1519,0.89,5380,0.8863636363636365,0.17959515985348373,0,632,4813,2960,756,161,8
1520,0.92,1180,0.9545454545454547,0.4583350977346349,0,75,50,710,336,31,3
1521,0.91,4865,0.931818181818182,0.19808613028391886,0,492,1441,4024,563,221,4
1522,0.89,7802,0.8863636363636365,0.1112876204757064,0,779,3695,2459,109,95,10
1523,0.89,7276,0.8863636363636365,0.12411517206049494,0,759,3500,3757,899,127,1
1524,0.88,6640,0.8636363636363638,0.14092510543430625,0,726,1402,2257,444,61,6
1525,0.93,1800,0.9772727272727275,0.3807737116975606,0,24,246,3005,670,190,9
1526,0.89,5331,0.8863636363636365,0.1812765602617593,0,628,4852,821,251,123,4
1527,0.88,9279,0.8636363636363638,0.07942472846780657,0,848,3891,3167,346,72,5
1528,0.91,1459,0.931818181818182,0.4193550454759781,0,107,1013,352,800,240,10
1529,0.91,4551,0.931818181818182,0.21034682566689833,0,483,2355,4916,89,11,7
1530,0.91,2654,0.931818181818182,0.30943920069179387,0,298,2744,1416,509,177,2
1531,0.91,2778,0.931818181818182,0.3010492270804038,0,320,2945,2715,37,231,6
1532,0.91,3747,0.931818181818182,0.24606794253831232,0,433,810,4130,281,171,3
1533,0.88,10543,0.8636363636363638,0.055953895251897756,0,866,4431,4543,708,37,9
1534,0.92,2907,0.9545454545454547,0.29270926396821617,0,329,435,1784,128,151,5
1535,0.88,7783,0.8636363636363638,0.11173571994081866,0,791,1826,3458,978,101,3
1536,0.9,2090,0.9090909090909093,0.35333182370407146,0,209,3313,56,434,212,8
1537,0.89,5558,0.8863636363636365,0.17361346639217734,0,647,3349,2640,945,82,9
1538,0.9,3039,0.9090909090909093,0.2845498789251273,0,357,1868,1035,397,235,4
1539,0.89,7914,0.8863636363636365,0.10866816371751531,0,782,407,4350,748,21,1
1540,0.9,5565,0.9090909090909093,0.17338216341511992,0,631,4380,2139,173,171,6
1541,0.89,6614,0.8863636363636365,0.14164612085673833,0,724,4364,4479,299,152,7
1542,0.88,7469,0.8636363636363638,0.11930388166098393,0,771,850,1691,847,40,2
1543,0.9,5164,0.9090909090909093,0.18712541807443295,0,610,1891,3689,11,215,5
1544,0.9,2519,0.9090909090909093,0.3190311109088252,0,271,2894,294,587,101,10
1545,0.9,5808,0.9090909090909093,0.16552792479616885,0,645,2785,4015,115,63,4
1546,0.92,1905,0.9545454545454547,0.3703585493916851,0,181,2393,2468,539,129,8
1547,0.91,3890,0.931818181818182,0.2391856455485034,0,448,961,2892,328,125,6
1548,0.89,8384,0.8863636363636365,0.09806552893101961,0,791,3865,779,779,191,1
1549,0.9,5093,0.9090909090909093,0.1896695720841356,0,607,4894,3438,630,242,3
1550,0.92,1075,0.9545454545454547,0.4754492145560274,0,58,281,550,206,75,8
1551,0.9,4509,0.9090909090909093,0.21205059770763968,0,538,1352,4814,931,180,10
1552,0.9,3622,0.9090909090909093,0.25230253950829185,0,424,3603,495,861,186,3
1553,0.9,4663,0.9090909090909093,0.20587916599281575,0,559,3746,4847,518,209,6
1554,0.88,6896,0.8636363636363638,0.13397293559639312,0,742,1469,1484,67,103,1
1555,0.79,1619,0.6590909090909093,0.40024139979652884,0,133,8,3158,793,146,4
1556,0.88,6411,0.8636363636363638,0.14737500351140553,0,719,4777,361,370,42,9
1557,0.88,7739,0.8636363636363638,0.1127776374833902,0,789,3982,3015,226,30,10
1558,0.9,3262,0.9090909090909093,0.27153853946769413,0,383,1235,812,677,157,5
1559,0.92,4309,0.9545454545454547,0.2203877744524958,0,380,2276,3826,467,91,2
1560,0.92,1815,0.9545454545454547,0.3792492083411054,0,165,2512,2188,890,221,7
1561,0.9,4239,0.9090909090909093,0.22339748530238068,0,504,3011,3487,410,182,2
1562,0.92,3091,0.9545454545454547,0.281432462976007,0,343,733,4591,150,244,8
1563,0.88,9630,0.8636363636363638,0.07260093859234507,0,854,4091,1736,699,69,3
1564,0.89,7404,0.8863636363636365,0.12091023947920665,0,769,4654,4082,834,111,5
1565,0.92,1695,0.9545454545454547,0.3918146853781924,0,145,524,1937,258,201,10
1566,0.89,4709,0.8863636363636365,0.204075236689381,0,566,3232,1147,62,139,2
1567,0.89,5618,0.8863636363636365,0.17164025115247317,0,653,1723,4172,240,133,6
1568,0.91,3693,0.931818181818182,0.2487353837777262,0,424,3181,4293,341,225,10
1569,0.88,6323,0.8636363636363638,0.14991503837772546,0,712,1684,2034,765,87,5
1570,0.92,2541,0.9545454545454547,0.3174334433407947,0,274,576,2545,102,161,2
1571,0.88,9361,0.8636363636363638,0.07780773861494383,0,849,4195,3628,918,46,6
1572,0.91,2191,0.931818181818182,0.34466146697603095,0,228,668,204,494,142,1
1573,0.91,2361,0.931818181818182,0.3309324041031313,0,248,2059,4380,643,107,4
1574,0.91,2459,0.931818181818182,0.32346031882772097,0,260,3078,1639,193,206,9
1575,0.91,3125,0.931818181818182,0.27942237219121435,0,368,2642,2841,734,135,5
1576,0.92,1124,0.9545454545454547,0.4672639834385036,0,66,2263,678,186,53,10
1577,0.91,3650,0.931818181818182,0.25088749524664,0,420,1106,3924,959,197,7
1578,0.88,7556,0.8636363636363638,0.11717557127902767,0,776,3994,2407,384,116,3
1579,0.9,815,0.9090909090909093,0.5262876058372625,0,33,153,1265,573,247,7
1580,0.9,4528,0.9090909090909093,0.21127788687788074,0,542,1307,4961,208,233,1
1581,0.89,6232,0.8863636363636365,0.15257911214363407,0,700,3556,1527,628,83,6
1582,0.89,6150,0.8863636363636365,0.15501323447669535,0,694,3564,3219,137,97,7
1583,0.9,2684,0.9090909090909093,0.3073739740845227,0,302,1300,452,712,219,2
1584,0.92,3312,0.9545454545454547,0.2687434242545128,0,357,192,4948,423,36,5
1585,0.89,4604,0.8863636363636365,0.2082191244108118,0,550,4944,1535,972,155,10
1586,0.9,4984,0.9090909090909093,0.19364523110568488,0,594,3798,3881,624,167,9
1587,0.92,2321,0.9545454545454547,0.3340717329254098,0,240,2458,3111,820,231,1
1588,0.9,2655,0.9090909090909093,0.3093699846358834,0,299,2681,877,272,85,6
1589,0.88,11326,0.8636363636363638,0.042787650791099585,0,869,2882,4657,807,16,3
1590,0.82,997,0.7272727272727273,0.4892808609035344,0,51,2020,1831,356,176,8
1591,0.9,4013,0.9090909090909093,0.23346531092937273,0,475,863,3592,504,79,9
1592,0.89,3264,0.8863636363636365,0.27142591493335033,0,385,4234,83,81,238,5
1593,0.89,5176,0.8863636363636365,0.18669887779181427,0,617,4523,2737,453,195,3
1594,0.92,1466,0.9545454545454547,0.4184759029457431,0,108,381,1246,904,121,9
1595,0.88,6800,0.8636363636363638,0.1365492824193314,0,734,1687,2558,256,104,4
1596,0.91,1901,0.931818181818182,0.37074469078223105,0,180,3179,961,836,208,9
1597,0.89,3949,0.8863636363636365,0.23641951992773624,0,466,1726,1240,750,179,8
1598,0.92,2979,0.9545454545454547,0.28821385209708994,0,333,374,4164,399,74,10
1599,0.9,4018,0.9090909090909093,0.2332365006990299,0,476,4531,2011,944,242,4
1600,0.9,5305,0.9090909090909093,0.1821750174167307,0,617,4232,4665,589,192,4
1601,0.91,2755,0.931818181818182,0.3025767785605261,0,316,866,1818,9,125,8
1602,0.88,5987,0.8636363636363638,0.15994967537523164,0,684,2890,89,301,63,1
1603,0.91,3755,0.931818181818182,0.24567603783909497,0,434,2684,3868,780,103,7
1604,0.92,1904,0.9545454545454547,0.3704550087139188,0,180,2456,2302,326,214,2
1605,0.89,7168,0.8863636363636365,0.1268634925854204,0,755,1074,3116,537,39,5
1606,0.9,3581,0.9090909090909093,0.25439442401902645,0,418,3791,867,117,153,10
1607,0.89,6259,0.8863636363636365,0.15178463602857895,0,705,4947,3213,479,172,9
1608,0.91,2242,0.931818181818182,0.3404340134576095,0,232,189,462,933,19,4
1609,0.68,805,0.4090909090909092,0.5285540122878232,0,30,1,1470,283,163,5
1610,0.88,7676,0.8636363636363638,0.11427983223152616,0,784,1471,3146,571,89,2
1611,0.9,2607,0.9090909090909093,0.31272211221332724,0,291,3744,367,27,224,7
1612,0.9,5570,0.9090909090909093,0.1732171250325688,0,633,3595,4759,372,138,5
1613,0.88,6278,0.8636363636363638,0.15122761168461707,0,710,1503,1260,791,50,9
1614,0.92,1834,0.9545454545454547,0.37733614727389797,0,169,150,3324,65,201,8
1615,0.88,6276,0.8636363636363638,0.15128616639498726,0,709,4752,508,520,111,2
1616,0.91,1956,0.931818181818182,0.3655050626583497,0,193,1113,665,469,244,6
1617,0.91,2473,0.931818181818182,0.32241724943734196,0,265,2644,2413,224,181,3
1618,0.92,3018,0.9545454545454547,0.28582397807549587,0,338,3085,3615,697,220,10
1619,0.89,326,0.8863636363636365,0.6943672424861493,0,5,2052,212,152,93,5
1620,0.91,3664,0.931818181818182,0.2501840375043807,0,421,670,4386,987,159,2
1621,0.91,2579,0.931818181818182,0.31470612938018927,0,284,569,2044,608,147,1
1622,0.89,6602,0.8863636363636365,0.1419798535572282,0,723,4382,2649,661,157,7
1623,0.88,5783,0.8636363636363638,0.16632065971904098,0,671,405,1021,242,35,2
1624,0.9,5041,0.9090909090909093,0.19155549395389004,0,602,1875,4338,906,218,5
1625,0.9,4473,0.9090909090909093,0.21352365021233788,0,529,3342,2145,451,98,10
1626,0.91,4725,0.931818181818182,0.20345191015965203,0,488,3225,4068,554,185,1
1627,0.91,2022,0.931818181818182,0.3594085171163054,0,198,522,2692,763,248,8
1628,0.89,7006,0.8863636363636365,0.1310645958938902,0,743,4083,3481,191,115,4
1629,0.91,836,0.931818181818182,0.521617217941106,0,36,740,38,645,197,10
1630,0.93,2780,0.9772727272727275,0.3009169945320399,0,54,2162,4605,496,53,8
1631,0.9,3568,0.9090909090909093,0.2550627066866641,0,417,3014,1727,916,135,3
1632,0.92,2323,0.9545454545454547,0.3339134864805956,0,241,2519,3027,382,204,6
1633,0.92,1670,0.9545454545454547,0.3945442162980859,0,143,2269,805,961,108,1
1634,0.9,4919,0.9090909090909093,0.1960576251962175,0,591,1237,3817,188,143,4
1635,0.88,7869,0.8636363636363638,0.10971614191838253,0,795,3980,2202,733,45,9
1636,0.88,10543,0.8636363636363638,0.055953895251897756,0,866,4784,4856,863,25,10
1637,0.88,8293,0.8636363636363638,0.1000711959720787,0,816,4845,3768,739,77,5
1638,0.92,1452,0.9545454545454547,0.42023841321825994,0,106,253,2250,164,236,10
1639,0.9,3850,0.9090909090909093,0.24108494670898295,0,449,3502,835,404,174,2
1640,0.88,8435,0.8636363636363638,0.09695097050132373,0,825,3470,3424,970,59,3
1641,0.9,2797,0.9090909090909093,0.2997968422990235,0,323,1354,559,425,133,9
1642,0.92,3007,0.9545454545454547,0.28649490484577567,0,337,274,4821,714,121,6
1643,0.89,5258,0.8863636363636365,0.18381038116516157,0,621,4901,1349,135,195,2
1644,0.9,4770,0.9090909090909093,0.20171005326903624,0,575,3862,4009,274,238,3
1645,0.9,4504,0.9090909090909093,0.21225448373442268,0,537,964,2480,818,78,8
1646,0.92,2063,0.9545454545454547,0.3557206358244974,0,199,2386,2906,46,175,9
1647,0.88,6965,0.8636363636363638,0.13214324102861041,0,746,2793,770,626,16,5
1648,0.91,4407,0.931818181818182,0.21625529550554468,0,477,2896,4491,83,87,9
1649,0.9,3945,0.9090909090909093,0.2366057440918915,0,465,1889,1684,502,230,4
1650,0.89,4180,0.8863636363636365,0.22597308636461,0,493,4357,308,809,169,6
1651,0.89,5294,0.8863636363636365,0.18255645997930225,0,624,4624,3749,785,198,2
1652,0.91,1403,0.931818181818182,0.4265437976884665,0,99,476,239,361,118,7
1653,0.9,5056,0.9090909090909093,0.19100948929166262,0,604,1623,4500,524,137,10
1654,0.88,7074,0.8636363636363638,0.129289462094607,0,751,3281,1675,74,55,5
1655,0.9,4207,0.9090909090909093,0.2247899407067505,0,496,3320,4536,923,229,7
1656,0.93,2601,0.9772727272727275,0.3131454595812079,0,49,437,3472,636,165,3
1657,0.88,8115,0.8636363636363638,0.10405879608636293,0,804,4335,2701,321,35,10
1658,0.91,2465,0.931818181818182,0.3230125640769431,0,262,802,1126,771,153,5
1659,0.88,7980,0.8636363636363638,0.10714185732933523,0,798,1920,4137,124,95,3
1660,0.91,2173,0.931818181818182,0.3461770313197804,0,224,2943,1877,548,217,7
1661,0.9,3885,0.9090909090909093,0.23942198765937284,0,453,2737,3177,5,131,1
1662,0.91,2188,0.931818181818182,0.34491319479574445,0,227,2363,338,580,57,6
1663,0.91,3409,0.931818181818182,0.26343919964430074,0,402,1011,4905,307,193,9
1664,0.88,6767,0.8636363636363638,0.13744330831518436,0,730,3894,1423,856,120,4
1665,0.89,4011,0.8863636363636365,0.23355691483572838,0,475,4043,394,486,203,5
1666,0.9,4712,0.9090909090909093,0.2039582018339159,0,566,4721,3048,111,246,4
1667,0.91,812,0.931818181818182,0.5269645982574915,0,31,103,935,561,71,9
1668,0.9,4832,0.9090909090909093,0.1993368839982398,0,582,1525,3858,334,184,6
1669,0.89,5933,0.8863636363636365,0.16161473870835152,0,677,3698,2953,601,109,9
1670,0.91,2800,0.931818181818182,0.2995998750707102,0,323,1439,721,53,208,3
1671,0.93,2267,0.9772727272727275,0.33839671445404573,0,35,58,4038,841,48,2
1672,0.89,5483,0.8863636363636365,0.17611015289624032,0,640,4806,2449,265,144,6
1673,0.9,5577,0.9090909090909093,0.17298631997217762,0,634,3933,4791,144,163,8
1674,0.93,2274,0.9772727272727275,0.33783029417744204,0,36,2324,3376,418,227,5
1675,0.91,1858,0.931818181818182,0.3749477662813101,0,175,2542,608,994,89,9
1676,0.91,1261,0.931818181818182,0.44614228467858685,0,84,2115,2154,883,188,9
1677,0.9,3933,0.9090909090909093,0.2371655513296006,0,463,763,2580,235,67,6
1678,0.9,3285,0.9090909090909093,0.2702475051816624,0,387,4139,1090,686,249,1
1679,0.88,8544,0.8636363636363638,0.09459129466303218,0,831,4476,4435,432,123,1
1680,0.92,1362,0.9545454545454547,0.43199120224489196,0,94,351,1579,980,189,6
1681,0.88,7038,0.8636363636363638,0.13022710284625316,0,750,1772,3643,130,61,9
1682,0.89,3908,0.8863636363636365,0.23833732142276343,0,459,3405,183,706,127,4
1683,0.9,5577,0.9090909090909093,0.17298631997217762,0,634,3132,3532,294,93,8
1684,0.89,3318,0.8863636363636365,0.26841084895093303,0,390,1655,138,869,223,3
1685,0.9,6121,0.9090909090909093,0.1558818572608507,0,652,625,4636,19,32,4
1686,0.89,6436,0.8863636363636365,0.14665975926579355,0,718,4593,1846,567,159,10
1687,0.89,5980,0.8863636363636365,0.16016466790372708,0,682,4147,4193,966,148,8
1688,0.9,4482,0.9090909090909093,0.2131542788457198,0,532,638,1983,391,44,4
1689,0.91,1617,0.931818181818182,0.4004684575577053,0,132,2108,2797,725,211,1
1690,0.9,6652,0.9090909090909093,0.14059328063956744,0,664,3106,1191,177,105,6
1691,0.89,7297,0.8863636363636365,0.12358551571864196,0,763,2612,4971,650,51,2
1692,0.93,1217,0.9772727272727275,0.452665019386042,0,13,2215,1517,199,141,7
1693,0.9,5166,0.9090909090909093,0.18705425925267793,0,611,1135,3281,909,113,10
1694,0.88,5806,0.8636363636363638,0.16559121792155274,0,672,3772,1923,365,180,1
1695,0.89,7630,0.8863636363636365,0.11538448002702095,0,774,4967,4577,231,129,2
1696,0.92,1648,0.9545454545454547,0.3969801984322835,0,138,209,1750,682,62,7
1697,0.91,3636,0.931818181818182,0.25159365563230585,0,417,1287,3511,456,191,10
1698,0.9,2223,0.9090909090909093,0.3419976053591135,0,233,3536,2,879,125,5
1699,0.9,3910,0.9090909090909093,0.23824330442107233,0,459,3533,3982,249,213,9
1700,0.89,5674,0.8863636363636365,0.16981750182098543,0,660,1251,2345,672,99,5
1701,0.93,1937,0.9772727272727275,0.3672982791676854,0,28,221,2859,446,150,2
1702,0.88,6879,0.8636363636363638,0.13442654038247792,0,739,4994,655,897,38,8
1703,0.91,2823,0.931818181818182,0.2980967646889061,0,329,1018,518,87,169,2
1704,0.9,4160,0.9090909090909093,0.22685442698541347,0,489,2488,4691,798,80,3
1705,0.92,1650,0.9545454545454547,0.39675740660585646,0,139,2729,1327,348,233,8
1706,0.91,2738,0.931818181818182,0.30371405424821796,0,311,2833,2530,827,178,5
1707,0.92,3233,0.9545454545454547,0.27317939807776437,0,353,912,4238,615,240,7
1708,0.92,3896,0.9545454545454547,0.2389024355782985,0,373,651,3413,736,139,9
1709,0.92,1611,0.9545454545454547,0.4011513186563197,0,130,589,754,859,182,10
1710,0.89,7838,0.8863636363636365,0.11044157417500566,0,780,1667,4000,9,69,7
1711,0.91,3501,0.931818181818182,0.25854600049696197,0,407,3159,2483,584,243,2
1712,0.88,8245,0.8636363636363638,0.10113801338611406,0,812,3433,3801,423,40,8
1713,0.89,7746,0.8863636363636365,0.11261148229159013,0,776,1784,2213,998,151,3
1714,0.92,2763,0.9545454545454547,0.30204401518955537,0,305,315,3030,147,101,1
1715,0.9,3434,0.9090909090909093,0.2620965842200965,0,406,4473,797,695,215,7
1716,0.9,4667,0.9090909090909093,0.2057215978440332,0,560,4291,3143,837,235,7
1717,0.89,4080,0.8863636363636365,0.23042266783752763,0,482,924,376,262,81,3
1718,0.9,5911,0.9090909090909093,0.16229744608696628,0,648,1954,4872,597,171,4
1719,0.89,4856,0.8863636363636365,0.19842640171889492,0,585,2831,1459,49,21,10
1720,0.9,4338,0.9090909090909093,0.2191551894669218,0,515,2703,2662,529,75,4
1721,0.92,1117,0.9545454545454547,0.4684112209036304,0,65,2475,1170,79,241,9
1722,0.92,1795,0.9545454545454547,0.3812847023916991,0,163,2327,2012,709,65,10
1723,0.9,3485,0.9090909090909093,0.2593876882153,0,410,1179,2761,436,186,7
1724,0.9,5198,0.9090909090909093,0.18591944887621725,0,612,1413,4671,824,115,9
1725,0.9,3645,0.9090909090909093,0.25113938405445746,0,427,3685,1817,275,197,4
1726,0.89,4862,0.8863636363636365,0.19819948411686583,0,587,3654,3703,120,157,6
1727,0.88,2834,0.8636363636363638,0.2973822080097376,0,333,92,4456,317,221,3
1728,0.88,5929,0.8636363636363638,0.161738678857551,0,679,4693,1714,768,91,9
1729,0.89,7934,0.8863636363636365,0.10820430672862036,0,783,4045,4374,640,103,9
1730,0.91,2870,0.931818181818182,0.29506289352216075,0,336,1172,2115,216,210,5
1731,0.91,3247,0.931818181818182,0.27238543038833063,0,380,2202,2626,927,42,3
1732,0.92,1793,0.9545454545454547,0.3814894971029118,0,162,2586,1049,476,146,8
1733,0.9,5890,0.9090909090909093,0.16295149539530784,0,647,3104,4829,948,200,1
1734,0.9,898,0.9090909090909093,0.5084828292415988,0,44,2071,1346,400,112,6
1735,0.9,3513,0.9090909090909093,0.25791725449856884,0,414,1947,470,755,195,7
1736,0.91,4577,0.931818181818182,0.20929996980484744,0,484,799,4734,106,59,10
1737,0.89,6024,0.8863636363636365,0.15881744509572004,0,688,4299,1281,557,133,5
1738,0.89,5697,0.8863636363636365,0.16907407789553197,0,662,4441,3939,913,176,4
1739,0.9,3336,0.9090909090909093,0.2674167184573204,0,394,464,2392,490,16,9
1740,0.9,4000,0.9090909090909093,0.2340615540089036,0,472,1816,2816,654,238,6
1741,0.88,6640,0.8636363636363638,0.14092510543430625,0,726,3283,703,203,78,1
1742,0.9,3685,0.9090909090909093,0.24913387333066428,0,433,3244,3095,802,142,10
1743,0.92,2712,0.9545454545454547,0.3054671431403313,0,298,503,3906,515,205,3
1744,0.89,5279,0.8863636363636365,0.1830778879440319,0,623,4637,2269,92,107,8
1745,0.88,7496,0.8636363636363638,0.11864073036688072,0,774,4103,4923,442,87,7
1746,0.91,3006,0.931818181818182,0.28655601980371137,0,351,760,1560,893,225,1
1747,0.92,2640,0.9545454545454547,0.31041097232103987,0,289,2142,3234,245,26,4
1748,0.91,1758,0.931818181818182,0.3851108431765773,0,158,2994,437,668,161,8
1749,0.92,2574,0.9545454545454547,0.3150626828078068,0,281,2578,4158,133,248,5
1750,0.9,3978,0.9090909090909093,0.23507500799366177,0,469,2422,1865,833,21,5
1751,0.91,4326,0.931818181818182,0.2196642225205374,0,474,952,3538,59,227,2
1752,0.88,7560,0.8636363636363638,0.117078308022731,0,777,3835,137,603,85,7
1753,0.89,7655,0.8863636363636365,0.11478330452444929,0,775,4903,2791,991,97,6
1754,0.92,1104,0.9545454545454547,0.4705609908405838,0,62,311,1192,412,216,1
1755,0.88,12167,0.8636363636363638,0.029623608241585164,0,872,1341,4206,700,33,4
1756,0.9,4687,0.9090909090909093,0.20493577691941245,0,564,3444,1964,156,155,9
1757,0.88,8377,0.8636363636363638,0.09821903638372753,0,822,3489,4404,722,24,8
1758,0.89,4609,0.8863636363636365,0.2080196634750161,0,552,1373,1615,174,167,2
1759,0.93,2482,0.9772727272727275,0.32174981714910966,0,41,255,3614,961,85,5
1760,0.9,2776,0.9090909090909093,0.30118155482859454,0,320,4882,218,386,231,10
1761,0.9,4213,0.9090909090909093,0.2245280505162104,0,498,3882,2559,23,219,8
1762,0.89,4394,0.8863636363636365,0.21679816584131217,0,523,983,954,571,97,3
1763,0.92,2884,0.9545454545454547,0.2941687829055969,0,326,2366,4269,298,156,2
1764,0.89,4938,0.8863636363636365,0.19534918300632242,0,594,2773,2058,873,36,6
1765,0.9,4514,0.9090909090909093,0.2118469375933979,0,540,2955,3357,331,121,2
1766,0.89,5605,0.8863636363636365,0.1720659871193625,0,652,3041,2885,211,46,7
1767,0.92,929,0.9545454545454547,0.5022516143958857,0,39,2174,634,631,145,2
1768,0.9,3895,0.9090909090909093,0.23894960694627165,0,455,704,3949,483,110,5
1769,0.9,4389,0.9090909090909093,0.21700738980732792,0,521,4080,2383,938,206,10
1770,0.9,4727,0.9090909090909093,0.20337414276509314,0,568,4682,4724,533,225,9
1771,0.9,2972,0.9090909090909093,0.2886461125483202,0,346,535,1290,113,91,4
1772,0.89,5721,0.8863636363636365,0.16830152375936946,0,664,1565,3288,777,165,1
1773,0.88,7138,0.8636363636363638,0.12763426489593965,0,755,3223,538,322,27,6
1774,0.9,4280,0.9090909090909093,0.22162868099207123,0,510,3340,3243,676,193,4
1775,0.89,3951,0.8863636363636365,0.23632647855176914,0,467,1838,427,221,119,10
1776,0.91,3320,0.931818181818182,0.2683001241076458,0,389,418,4992,884,131,8
1777,0.91,2750,0.931818181818182,0.3029105415618044,0,314,822,2338,524,173,7
1778,0.88,6973,0.8636363636363638,0.13193227603064628,0,747,1900,3086,375,76,8
1779,0.92,1650,0.9545454545454547,0.39675740660585646,0,139,2924,902,795,236,4
1780,0.91,3354,0.931818181818182,0.26642793597190517,0,395,2796,4623,253,167,10
1781,0.89,5298,0.8863636363636365,0.18241766198569653,0,625,3048,2242,429,70,4
1782,0.91,3963,0.931818181818182,0.2357692171821122,0,452,2632,3444,901,31,9
1783,0.9,479,0.9090909090909093,0.6238187945924156,0,10,2234,70,446,161,4
1784,0.88,8119,0.8636363636363638,0.10396823031251878,0,806,1115,4566,658,95,1
1785,0.9,3442,0.9090909090909093,0.26166901035051715,0,407,4023,1761,238,222,6
1786,0.9,5011,0.9090909090909093,0.19265239337583173,0,595,4740,4106,358,210,7
1787,0.93,1447,0.9772727272727275,0.4208719996239838,0,17,123,1912,813,106,2
1788,0.89,4855,0.8863636363636365,0.19846424857052625,0,584,1506,2729,87,149,5
1789,0.88,7028,0.8636363636363638,0.1304884097345892,0,749,3631,1102,507,43,10
1790,0.88,9240,0.8636363636363638,0.0801988051086524,0,847,3717,4239,849,66,3
1791,0.91,2821,0.931818181818182,0.2982269830679256,0,328,1459,2088,304,250,8
1792,0.9,3847,0.9090909090909093,0.24122818861853046,0,448,4786,1003,14,187,5
1793,0.89,6811,0.8863636363636365,0.13625223753321825,0,732,3952,3662,395,136,3
1794,0.89,5955,0.8863636363636365,0.1609345577547452,0,680,1225,170,939,55,8
1795,0.92,2508,0.9545454545454547,0.3198351828124528,0,267,2305,4434,167,199,6
1796,0.91,2572,0.931818181818182,0.31520549807085674,0,281,2522,1585,747,117,2
1797,0.91,1950,0.931818181818182,0.3660694537905429,0,191,2671,270,96,189,3
1798,0.91,3814,0.931818181818182,0.24281126162583488,0,439,2852,4049,576,151,6
1799,0.89,1382,0.8863636363636365,0.4293137589170357,0,99,2011,2434,32,37,1
1800,0.91,3708,0.931818181818182,0.24799053647595426,0,428,892,2945,866,212,4
1801,0.89,4951,0.8863636363636365,0.19486602793165664,0,596,4245,725,286,100,9
1802,0.88,7689,0.8636363636363638,0.11396884861522005,0,785,4495,3384,185,81,10
1803,0.93,1007,0.9772727272727275,0.4874483109846369,0,7,371,604,729,231,5
1804,0.9,3609,0.9090909090909093,0.25296324588705343,0,423,3386,1396,957,170,7
1805,0.89,5970,0.8863636363636365,0.1604722369753261,0,681,3191,4901,42,113,3
1806,0.9,3369,0.9090909090909093,0.26560799453349904,0,399,1714,1431,621,203,8
1807,0.91,3720,0.931818181818182,0.24739682430116106,0,429,566,3192,271,51,7
1808,0.88,6271,0.8636363636363638,0.15143263483392644,0,708,4534,327,815,141,1
1809,0.89,5265,0.8863636363636365,0.18356589226638853,0,622,4206,2980,718,183,3
1810,0.91,2195,0.931818181818182,0.34432636527099914,0,229,697,846,139,8,7
1811,0.91,3340,0.931818181818182,0.26719652887207956,0,394,2870,2431,976,113,8
1812,0.9,4824,0.9090909090909093,0.1996413831099989,0,581,2663,3729,450,43,5
1813,0.92,872,0.9545454545454547,0.5138769907326572,0,31,2437,259,901,149,10
1814,0.9,5404,0.9090909090909093,0.1787771949168251,0,621,1093,4520,237,106,7
1815,0.9,4269,0.9090909090909093,0.2221015699389871,0,509,3811,1655,660,210,2
1816,0.89,6003,0.8863636363636365,0.15945920614677533,0,686,4928,4309,810,222,1
1817,0.92,1879,0.9545454545454547,0.3728830920329709,0,176,169,2175,359,94,6
1818,0.9,3897,0.9090909090909093,0.2388552763133066,0,456,1327,2600,507,160,9
1819,0.9,4076,0.9090909090909093,0.23060291127859434,0,481,3592,2615,501,240,2
1820,0.88,5879,0.8636363636363638,0.16329502375582605,0,674,1310,1060,920,72,6
1821,0.92,2378,0.9545454545454547,0.32961425671862843,0,245,162,4306,194,177,9
1822,0.88,9567,0.8636363636363638,0.07380721447369687,0,853,3828,4524,759,61,5
1823,0.9,3683,0.9090909090909093,0.24923363085512018,0,432,1076,1647,340,127,9
1824,0.92,2770,0.9545454545454547,0.30157911064536946,0,306,2430,3714,550,123,8
1825,0.91,838,0.931818181818182,0.5211785465293071,0,37,2624,67,549,241,6
1826,0.9,4463,0.9090909090909093,0.21393493531189112,0,526,3065,3787,30,170,2
1827,0.9,1435,0.9090909090909093,0.4224015776686719,0,104,2033,2232,578,18,7
1828,0.92,2465,0.9545454545454547,0.3230125640769431,0,258,689,2978,290,232,10
1829,0.88,6500,0.8636363636363638,0.14484131701121983,0,721,4213,854,866,81,5
1830,0.88,7899,0.8636363636363638,0.10901682629623266,0,796,4551,3195,730,100,4
1831,0.92,881,0.9545454545454547,0.5119918128293491,0,32,549,319,181,212,9
1832,0.88,9469,0.8636363636363638,0.07569952207562447,0,851,1707,4885,954,37,6
1833,0.89,4775,0.8863636363636365,0.2015175286528187,0,577,3198,1441,379,151,1
1834,0.89,6255,0.8863636363636365,0.1519021197234054,0,704,3393,4772,619,70,10
1835,0.9,3345,0.9090909090909093,0.2669216623122592,0,395,1746,1398,43,246,5
1836,0.89,7034,0.8863636363636365,0.13033158102686826,0,745,354,3394,815,9,3
1837,0.9,4048,0.9090909090909093,0.23186958883918418,0,478,4512,589,267,183,7
1838,0.89,5997,0.8863636363636365,0.15964297876761535,0,684,4252,2935,142,140,7
1839,0.88,6892,0.8636363636363638,0.13407956546699673,0,741,885,741,717,52,1
1840,0.9,5911,0.9090909090909093,0.16229744608696628,0,648,1994,4057,428,204,3
1841,0.91,2254,0.931818181818182,0.33945329133914315,0,235,3034,636,373,194,10
1842,0.92,3223,0.9545454545454547,0.273748625024816,0,352,2540,4415,829,154,4
1843,0.92,1950,0.9545454545454547,0.3660694537905429,0,187,2287,1599,253,33,9
1844,0.91,3442,0.931818181818182,0.26166901035051715,0,404,1218,3664,605,216,6
1845,0.78,576,0.6363636363636365,0.5899886766129121,0,18,21,1009,990,228,7
1846,0.88,7105,0.8636363636363638,0.12848586441610077,0,753,1451,4258,155,22,10
1847,0.89,4689,0.8863636363636365,0.20485737929216374,0,565,3725,2074,704,166,5
1848,0.9,3859,0.9090909090909093,0.24065588955430728,0,450,3614,2721,921,190,8
1849,0.89,6750,0.8863636363636365,0.13790556981826207,0,726,1523,1106,497,122,3
1850,0.93,2423,0.9772727272727275,0.32616999789195233,0,38,130,4117,646,126,5
1851,0.89,7279,0.8863636363636365,0.12403941335874324,0,760,4733,1897,196,62,9
1852,0.88,8348,0.8636363636363638,0.09885636514982443,0,819,4006,4556,338,11,9
1853,0.91,3563,0.931818181818182,0.2553203868554602,0,414,1132,1776,762,177,3
1854,0.91,2995,0.931818181818182,0.28722962894588144,0,350,2242,3451,99,72,1
1855,0.9,3773,0.9090909090909093,0.24479729560294317,0,439,2813,1867,168,66,8
1856,0.9,4081,0.9090909090909093,0.23037763458131877,0,482,1908,916,209,164,6
1857,0.91,3890,0.931818181818182,0.2391856455485034,0,448,839,3839,934,90,9
1858,0.9,4248,0.9090909090909093,0.22300775041523846,0,505,4337,2331,484,226,4
1859,0.9,5793,0.9090909090909093,0.16600315534867793,0,644,4401,4990,112,207,5
1860,0.92,1722,0.9545454545454547,0.3889116198659661,0,149,425,1498,536,110,10
1861,0.89,5409,0.8863636363636365,0.17860724276944318,0,633,1855,3262,325,145,7
1862,0.91,3316,0.931818181818182,0.2685216405361429,0,388,3206,3295,223,236,8
1863,0.88,7118,0.8636363636363638,0.12814991465004344,0,754,1582,537,674,76,4
1864,0.91,3742,0.931818181818182,0.2463133079923152,0,432,542,4710,464,173,1
1865,0.88,9823,0.8636363636363638,0.06895404185740861,0,856,4063,3962,521,58,8
1866,0.91,3700,0.931818181818182,0.24838741270960785,0,427,722,2364,70,130,3
1867,0.93,2037,0.9772727272727275,0.3580506934015044,0,31,2181,2878,796,119,4
1868,0.92,2305,0.9545454545454547,0.33534263329945835,0,238,782,1279,439,205,8
1869,0.88,9178,0.8636363636363638,0.08143613882877809,0,845,1940,3343,665,46,10
1870,0.9,3277,0.9090909090909093,0.270695532787525,0,386,2962,488,246,142,4
1871,0.92,3220,0.9545454545454547,0.27391973743527953,0,351,2756,4267,711,196,9
1872,0.92,2136,0.9545454545454547,0.349332163151271,0,212,2383,2065,131,116,4
1873,0.9,4256,0.9090909090909093,0.2226620118053284,0,507,991,2578,981,136,1
1874,0.88,9080,0.8636363636363638,0.0834090731014423,0,843,3875,941,437,52,6
1875,0.92,689,0.9545454545454547,0.5571155911077734,0,19,272,232,614,186,2
1876,0.89,8519,0.8863636363636365,0.09512983367794647,0,792,1381,4405,278,66,5
1877,0.91,2933,0.931818181818182,0.29107320931423963,0,341,3482,1608,822,247,10
1878,0.9,7221,0.9090909090909093,0.12550964428283906,0,674,3451,4213,304,117,6
1879,0.9,3925,0.9090909090909093,0.23753970562531113,0,461,1334,1962,852,200,2
1880,0.91,2819,0.931818181818182,0.2983572937676754,0,327,294,2777,16,56,3
1881,0.89,5183,0.8863636363636365,0.18645051897783005,0,618,4920,1211,592,136,8
1882,0.89,4439,0.8863636363636365,0.21492579072659268,0,525,3842,3553,941,187,10
1883,0.92,2746,0.9545454545454547,0.30317798902157567,0,302,2405,4617,743,250,2
1884,0.9,4914,0.9090909090909093,0.19624451207993188,0,590,1186,1221,23,86,9
1885,0.93,2514,0.9772727272727275,0.3193961621396435,0,43,2344,4144,874,167,8
1886,0.88,6789,0.8636363636363638,0.1368468081376384,0,732,2561,2031,295,24,3
1887,0.89,6267,0.8863636363636365,0.15154989367956084,0,707,3001,3232,751,79,6
1888,0.91,462,0.931818181818182,0.630446564574257,0,8,2135,443,331,237,1
1889,0.88,11556,0.8636363636363638,0.03909282755605814,0,871,743,4941,559,15,4
1890,0.89,4785,0.8863636363636365,0.20113308334575453,0,579,4120,1546,104,176,9
1891,0.89,5801,0.8863636363636365,0.1657495461545302,0,671,4644,3888,493,134,10
1892,0.9,4142,0.9090909090909093,0.22765126306419714,0,487,495,2283,912,58,5
1893,0.89,6400,0.8863636363636365,0.14769059487548797,0,717,1604,3097,202,194,2
1894,0.91,3099,0.931818181818182,0.280957518953866,0,363,3261,886,657,122,7
1895,0.89,5556,0.8863636363636365,0.17367960645561076,0,646,3300,2830,351,162,4
1896,0.88,8230,0.8636363636363638,0.10147266766494012,0,811,1799,685,805,26,8
1897,0.92,2567,0.9545454545454547,0.31556302246737733,0,280,456,3933,94,225,7
1898,0.88,10686,0.8636363636363638,0.05347786868879312,0,867,4316,4740,894,107,3
1899,0.91,2196,0.931818181818182,0.34424268521751733,0,230,658,578,840,102,7
1900,0.91,2974,0.931818181818182,0.288522505795647,0,347,2088,4840,52,152,8
1901,0.88,8474,0.8636363636363638,0.0961031981820103,0,826,3087,1331,596,40,3
1902,0.92,2467,0.9545454545454547,0.32286355455577165,0,260,2593,2629,77,126,10
1903,0.91,854,0.931818181818182,0.5177063632890466,0,39,2194,1041,531,190,5
1904,0.88,8323,0.8636363636363638,0.09940756580971133,0,818,1155,4358,368,62,2
1905,0.88,6360,0.8636363636363638,0.14884278942924356,0,713,4062,2125,788,129,7
1906,0.9,5366,0.9090909090909093,0.18007399251732847,0,619,4701,4471,683,180,6
1907,0.9,3002,0.9090909090909093,0.28680068304688955,0,351,85,1704,228,12,1
1908,0.91,4066,0.931818181818182,0.23105429469380412,0,462,1544,3700,876,241,4
1909,0.88,5951,0.8636363636363638,0.16105803994568302,0,680,3671,288,457,75,9
1910,0.89,4961,0.8863636363636365,0.19449523249765743,0,597,1420,1798,721,156,6
1911,0.91,1920,0.931818181818182,0.368917701399468,0,184,77,3561,386,97,8
1912,0.89,3850,0.8863636363636365,0.24108494670898295,0,450,4826,109,965,219,3
1913,0.9,4406,0.9090909090909093,0.2162969978844641,0,523,3914,2768,568,230,5
1914,0.88,7832,0.8636363636363638,0.11058231172728605,0,794,3789,4088,220,92,3
1915,0.91,2738,0.931818181818182,0.30371405424821796,0,311,1038,1926,639,220,8
1916,0.9,3972,0.9090909090909093,0.2353523771121403,0,468,2468,2672,475,30,6
1917,0.9,2388,0.9090909090909093,0.3288432688671218,0,254,2710,1155,930,158,2
1918,0.92,3208,0.9545454545454547,0.27460578451840634,0,349,2814,4875,403,243,7
1919,0.91,3257,0.931818181818182,0.2718204030933925,0,382,932,3128,159,182,5
1920,0.88,8187,0.8636363636363638,0.10243540073568713,0,810,4455,3045,857,49,9
1921,0.92,1494,0.9545454545454547,0.41500078892389924,0,114,332,786,312,139,4
1922,0.88,8358,0.8636363636363638,0.09863634688762013,0,820,1791,3798,585,112,1
1923,0.9,3328,0.9090909090909093,0.26785789054862896,0,391,3425,2221,6,200,6
1924,0.9,4114,0.9090909090909093,0.22889769326102982,0,484,1674,2498,419,172,10
1925,0.91,3241,0.931818181818182,0.27272528238216165,0,379,606,2924,693,82,7
1926,0.9,4217,0.9090909090909093,0.2243536641328273,0,500,4573,751,149,234,3
1927,0.9,6236,0.9090909090909093,0.15246119506866884,0,654,4166,3405,260,215,1
1928,0.89,5899,0.8863636363636365,0.16267090351506985,0,675,4272,4220,389,160,4
1929,0.89,4661,0.8863636363636365,0.20595800075031745,0,559,904,2106,968,32,10
1930,0.9,4267,0.9090909090909093,0.22218768061486438,0,508,1974,2530,181,223,8
1931,0.89,4182,0.8863636363636365,0.22588518429009952,0,494,2850,984,725,93,3
1932,0.9,4640,0.9090909090909093,0.20678781360130138,0,554,2722,4704,198,7,6
1933,0.92,1979,0.9545454545454547,0.36335747694174314,0,191,2495,1310,653,184,1
1934,0.89,6380,0.8863636363636365,0.14826578931860912,0,715,1035,3308,489,71,4
1935,0.9,2370,0.9090909090909093,0.3302333839879785,0,252,3753,519,908,245,9
1936,0.9,4301,0.9090909090909093,0.2207292575684595,0,511,4987,2864,562,202,10
1937,0.92,972,0.9545454545454547,0.4939438008353293,0,45,228,654,107,114,5
1938,0.89,6134,0.8863636363636365,0.15549196692196732,0,693,1268,3969,756,141,2
1939,0.88,9162,0.8636363636363638,0.08175680751209513,0,844,3516,2363,336,50,7
1940,0.88,7504,0.8636363636363638,0.1184446997024673,0,775,3554,3501,541,146,3
1941,0.89,4282,0.8863636363636365,0.22154283174515876,0,511,1270,18,121,42,8
1942,0.91,2532,0.931818181818182,0.3180853569734404,0,272,202,4585,768,209,9
1943,0.88,6662,0.8636363636363638,0.14031721685336884,0,727,4974,1747,314,104,5
1944,0.91,2079,0.931818181818182,0.354301298777038,0,207,1152,407,511,150,8
1945,0.92,2827,0.9545454545454547,0.29783660437045667,0,317,2222,4972,346,99,9
1946,0.92,1638,0.9545454545454547,0.3980982264190285,0,134,2605,1512,801,213,5
1947,0.9,4123,0.9090909090909093,0.2284961324486351,0,485,3123,2810,282,128,9
1948,0.92,988,0.9545454545454547,0.4909459242366543,0,46,2091,1173,826,60,4
1949,0.92,3406,0.9545454545454547,0.26360097454190723,0,359,631,4187,38,188,1
1950,0.88,6080,0.8636363636363638,0.15711695698432138,0,690,4154,1983,618,124,6
1951,0.88,10103,0.8636363636363638,0.06378861705622851,0,862,4610,4642,978,73,7
1952,0.92,1919,0.9545454545454547,0.36901340732940857,0,183,608,1846,434,239,2
1953,0.91,1901,0.931818181818182,0.37074469078223105,0,180,3139,156,126,179,10
1954,0.89,7308,0.8863636363636365,0.12330868461581768,0,764,3412,3643,870,105,1
1955,0.9,2746,0.9090909090909093,0.30317798902157567,0,314,1765,189,291,211,7
1956,0.92,3241,0.9545454545454547,0.27272528238216165,0,354,334,4453,564,44,8
1957,0.88,6155,0.8636363636363638,0.15486388593975653,0,695,4493,1566,20,148,3
1958,0.91,1935,0.931818181818182,0.3674880605312658,0,189,781,1079,318,166,8
1959,0.93,3209,0.9772727272727275,0.2745485160230693,0,58,2122,4325,544,84,7
1960,0.91,3058,0.931818181818182,0.2834046837295052,0,360,2975,2164,124,228,1
1961,0.92,2691,0.9545454545454547,0.30689540857701336,0,296,2559,3364,582,174,7
1962,0.89,5315,0.8863636363636365,0.18182893703902303,0,626,2307,624,2,14,2
1963,0.91,4166,0.931818181818182,0.2265895807806585,0,466,1199,4800,853,235,5
1964,0.88,8477,0.8636363636363638,0.09603814660309806,0,827,3940,1375,308,77,10
1965,0.89,6853,0.8863636363636365,0.13512246142525253,0,736,4823,4029,163,120,9
1966,0.9,4362,0.9090909090909093,0.2181413331561921,0,518,3705,705,951,131,6
1967,0.9,5394,0.9090909090909093,0.17911757137390905,0,620,3634,3857,669,232,3
1968,0.89,5576,0.8863636363636365,0.17301927438451092,0,651,1542,2317,250,80,8
1969,0.9,2471,0.9090909090909093,0.3225658974311276,0,265,111,3066,897,169,6
1970,0.89,7087,0.8863636363636365,0.12895204167281504,0,750,4862,2262,844,164,3
1971,0.89,9225,0.8863636363636365,0.08049739709660997,0,795,3901,4921,688,144,2
1972,0.89,6000,0.8863636363636365,0.15955106948944464,0,685,1004,1411,144,47,6
1973,0.92,2380,0.9545454545454547,0.3294598002101291,0,246,2346,3172,996,207,9
1974,0.9,3791,0.9090909090909093,0.24392273455105684,0,443,2754,347,416,109,3
1975,0.9,4579,0.9090909090909093,0.20921968885388842,0,547,2936,4126,880,54,10
1976,0.89,7040,0.8863636363636365,0.13017488601797633,0,746,1927,1894,460,137,5
1977,0.9,5547,0.9090909090909093,0.1739775316192057,0,629,820,2710,687,118,2
1978,0.9,3776,0.9090909090909093,0.24465124614408817,0,440,4317,1122,232,198,7
1979,0.9,6606,0.9090909090909093,0.14186854198120058,0,663,4421,3462,364,249,6
1980,0.9,2570,0.9090909090909093,0.31534842438777744,0,282,445,51,783,67,1
1981,0.9,6738,0.9090909090909093,0.13823257343477025,0,668,1835,4547,74,188,4
1982,0.91,4052,0.931818181818182,0.23168809957803205,0,460,3264,4504,471,217,3
1983,0.89,7569,0.8863636363636365,0.11685965369667595,0,772,1640,1666,926,96,8
1984,0.92,2492,0.9545454545454547,0.3210110571742729,0,266,484,3732,215,154,10
1985,0.88,5274,0.8636363636363638,0.18325202650210537,0,624,4390,1030,766,115,10
1986,0.88,7357,0.8636363636363638,0.12208056816555735,0,768,4374,3685,642,64,8
1987,0.92,1379,0.9545454545454547,0.42971289747626995,0,95,841,299,191,248,3
1988,0.91,2877,0.931818181818182,0.29461529453940993,0,338,2904,1696,494,184,7
1989,0.91,2869,0.931818181818182,0.2951269253062253,0,335,2776,2896,958,224,2
1990,0.91,1623,0.931818181818182,0.3997881240198341,0,133,2403,774,382,88,7
1991,0.91,3992,0.931818181818182,0.2344294365120969,0,454,971,4020,734,162,10
1992,0.92,1547,0.9545454545454547,0.4085975311907053,0,123,291,1366,861,143,9
1993,0.89,6276,0.8863636363636365,0.15128616639498726,0,708,1361,3433,27,108,6
1994,0.9,3330,0.9090909090909093,0.2677474982123986,0,392,3463,555,575,205,1
1995,0.88,7659,0.8636363636363638,0.1146872986542603,0,782,3510,3001,56,90,5
1996,0.91,2681,0.931818181818182,0.3075794556423106,0,301,1392,826,600,226,9
1997,0.92,3485,0.9545454545454547,0.2593876882153,0,365,236,3752,264,28,8
1998,0.9,3554,0.9090909090909093,0.25578512347295657,0,415,4767,1480,713,239,8
1999,0.9,4899,0.9090909090909093,0.19680631557681327,0,588,3972,3821,820,196,6
2000,0.88,5920,0.8636363636363638,0.16201785013874237,0,678,1245,2193,272,120,1
2001,0.92,2249,0.9545454545454547,0.33986128980700003,0,232,2286,3010,622,132,3
2002,0.91,2047,0.931818181818182,0.35715101840750896,0,204,2502,817,47,60,9
2003,0.9,5022,0.9090909090909093,0.19224943644766535,0,598,3021,4596,504,98,5
2004,0.91,1084,0.931818181818182,0.47391822087438984,0,60,2155,1731,80,218,10
2005,0.9,5056,0.9090909090909093,0.19100948929166262,0,604,723,3493,806,35,7
2006,0.88,4840,0.8636363636363638,0.19903288850318623,0,584,4100,22,355,156,2
2007,0.88,6400,0.8636363636363638,0.14769059487548797,0,718,4663,2680,241,168,1
2008,0.89,4526,0.8863636363636365,0.21135907205336057,0,542,515,1151,665,24,6
2009,0.91,4179,0.931818181818182,0.22601705317125387,0,468,1585,4077,453,230,9
2010,0.89,5665,0.8863636363636365,0.1701092273224306,0,659,3242,1941,904,87,4
2011,0.9,5017,0.9090909090909093,0.19243248918094924,0,597,3359,4354,102,134,7
2012,0.92,1858,0.9545454545454547,0.3749477662813101,0,174,398,2645,343,198,5
2013,0.9,4696,0.9090909090909093,0.20458325062942218,0,565,4553,2039,396,192,8
2014,0.91,5101,0.931818181818182,0.18938114011549478,0,494,4185,4385,13,242,10
2015,0.9,4613,0.9090909090909093,0.20786025042573608,0,552,678,1634,589,74,4
2016,0.91,2401,0.931818181818182,0.32784579530831914,0,255,2069,3632,299,179,3
2017,0.88,9229,0.8636363636363638,0.08041772512557588,0,846,3068,199,847,13,8
2018,0.9,5649,0.9090909090909093,0.17062899644730578,0,637,2652,3920,329,82,1
2019,0.91,1496,0.931818181818182,0.4147550626382387,0,115,2253,2412,780,234,6
2020,0.88,6695,0.8636363636363638,0.13940913704659563,0,728,1096,2836,116,20,9
2021,0.89,4689,0.8863636363636365,0.20485737929216374,0,565,4003,683,539,172,4
2022,0.89,6238,0.8863636363636365,0.15240226488724118,0,701,4759,3337,931,152,5
2023,0.92,689,0.9545454545454547,0.5571155911077734,0,19,143,490,480,39,10
2024,0.9,4069,0.9090909090909093,0.23091876323801486,0,479,1485,4753,628,214,7
2025,0.88,7753,0.8636363636363638,0.1124454771657859,0,790,3613,1260,205,102,2
2026,0.88,8795,0.8636363636363638,0.08927005205188998,0,838,3736,3163,425,17,9
2027,0.9,3091,0.9090909090909093,0.281432462976007,0,362,1479,356,973,175,5
2028,0.88,6165,0.8636363636363638,0.1545655524311531,0,696,4954,457,66,68,6
2029,0.89,5935,0.8863636363636365,0.16155279995989769,0,679,3808,3116,467,111,8
2030,0.91,2341,0.931818181818182,0.3324953661936464,0,244,1057,873,890,202,2
2031,0.91,3928,0.931818181818182,0.2373993084948962,0,451,2449,3886,228,50,5
2032,0.91,2310,0.931818181818182,0.3349445321382014,0,240,2691,2289,679,138,10
2033,0.91,3364,0.931818181818182,0.2658809021327051,0,396,2873,3587,151,208,4
2034,0.91,4054,0.931818181818182,0.2315974221049063,0,461,873,4652,411,146,6
2035,0.92,1858,0.9545454545454547,0.3749477662813101,0,174,391,1994,60,158,7
2036,0.89,6829,0.8863636363636365,0.13576719719641528,0,734,1733,2742,833,92,10
2037,0.91,3251,0.931818181818182,0.27215921099448437,0,381,3367,1241,258,220,5
2038,0.88,7163,0.8636363636363638,0.12699173038752287,0,757,3172,2540,747,63,6
2039,0.89,6173,0.8863636363636365,0.15432723377955082,0,695,1694,974,172,128,1
2040,0.91,3302,0.931818181818182,0.26929905718761493,0,386,586,4288,944,124,4
2041,0.62,343,0.27272727272727276,0.6850518213528002,0,8,1,511,1000,250,7
2042,0.83,488,0.75,0.6204043948425422,0,13,18,768,385,250,4
2043,0.9,1980,0.9090909090909093,0.3632646704594391,0,196,2125,3096,573,149,10
2044,0.89,5345,0.8863636363636365,0.18079458859016473,0,630,2921,981,350,93,2
2045,0.9,5556,0.9090909090909093,0.17367960645561076,0,630,4998,4672,806,194,5
2046,0.91,1775,0.931818181818182,0.3833429908024044,0,160,129,1319,23,14,7
2047,0.92,2879,0.9545454545454547,0.294487609064113,0,325,268,4522,702,162,2
2048,0.89,6373,0.8863636363636365,0.1484675333827813,0,714,4785,1469,473,108,8
2049,0.92,1531,0.9545454545454547,0.4105071923615756,0,120,534,1209,1000,246,6
2050,0.91,3120,0.931818181818182,0.2797165986575938,0,366,1302,811,1000,240,4
2051,0.92,2286,0.9545454545454547,0.3368633306094294,0,236,442,2946,190,171,10
2052,0.92,2396,0.9545454545454547,0.32822879864402565,0,250,495,1933,717,250,4
2053,0.91,2364,0.931818181818182,0.33069910189161156,0,249,799,1353,1000,248,9
2054,0.92,1600,0.9545454545454547,0.40240985801307805,0,127,385,1299,1000,242,2
2055,0.92,3104,0.9545454545454547,0.28066130094567876,0,344,589,2363,115,249,4
2056,0.9,1020,0.9090909090909093,0.48509298841891635,0,55,190,1088,604,250,6
2057,0.92,2283,0.9545454545454547,0.3371045950076208,0,235,1250,889,1000,250,7
2058,0.92,950,0.9545454545454547,0.4981473844137345,0,42,366,58,1000,182,2
2059,0.91,2669,0.931818181818182,0.30840368677373253,0,300,659,2095,368,250,1
2060,0.92,2100,0.9545454545454547,0.35245489821290243,0,205,422,2135,1000,222,9
2061,0.92,1759,0.9545454545454547,0.38500637984083097,0,158,313,2075,496,249,8
2062,0.66,991,0.36363636363636376,0.490389225473986,0,51,1,1734,840,250,1
2063,0.91,1943,0.931818181818182,0.3667301079755414,0,190,136,1711,1000,242,5
2064,0.93,1515,0.9772727272727275,0.41243690283502543,0,20,479,580,1000,192,2
2065,0.91,1261,0.931818181818182,0.44614228467858685,0,84,2768,1,1000,194,2
2066,0.92,2533,0.9545454545454547,0.31801280783719243,0,272,414,2744,2,203,2
2067,0.92,2605,0.9545454545454547,0.3128631196880589,0,285,517,2756,735,188,10
2068,0.91,2427,0.931818181818182,0.3258669422020297,0,258,3119,335,1000,245,3
2069,0.92,1521,0.9545454545454547,0.41171088516572796,0,119,2729,896,1000,250,7
2070,0.92,2393,0.9545454545454547,0.3284589843150598,0,249,674,2224,1000,250,2
2071,0.91,2407,0.931818181818182,0.32738724230300176,0,256,1331,1247,1000,250,10
2072,0.92,1387,0.9545454545454547,0.4286504480769844,0,97,190,1869,2,250,1
2073,0.9,5426,0.9090909090909093,0.17803057809358436,0,624,1820,4717,196,247,3
2074,0.92,2093,0.9545454545454547,0.35306830647714427,0,203,2457,2437,266,204,1
2075,0.91,1035,0.931818181818182,0.48241229091241233,0,56,183,1054,988,197,6
2076,0.9,5159,0.9090909090909093,0.1873034357486857,0,609,3014,1336,626,153,1
2077,0.91,3764,0.931818181818182,0.24523614157575635,0,436,1327,1977,102,125,10
2078,0.89,6243,0.8863636363636365,0.15225502204166907,0,702,3646,3938,822,180,2
2079,0.93,2835,0.9772727272727275,0.2973173858492003,0,55,2366,3415,48,186,7
