index,ACCURACY,RUNTIME,transformed_accuracy,transformed_runtime,is_pareto,pareto_layer,recent_samples_size,batch_size,gamma,alpha,use_mmd2,use_k2s_test
0,0.55,2682,0.4117647058823531,0.18236146747305482,0,126,1684,4336,3.891,0.006,TRUE,TRUE
1,0.52,5,0.323529411764706,0.9762820793982757,0,2,4146,1016,5.172,0.048,FALSE,FALSE
2,0.57,1603,0.47058823529411753,0.2492835043939453,0,103,2024,1804,1.548,0.034,TRUE,TRUE
3,0.52,95,0.323529411764706,0.6156004335650512,0,47,3443,264,9.941,0.002,TRUE,FALSE
4,0.52,4,0.323529411764706,1.0,1,1,1359,1539,3.041,0.006,FALSE,FALSE
5,0.5,8,0.26470588235294124,0.9235357700205693,0,6,4756,1307,0.64,0.025,FALSE,FALSE
6,0.58,1003,0.49999999999999994,0.31023102655843304,0,92,1085,1712,8.961,0.015,FALSE,TRUE
7,0.58,1012,0.49999999999999994,0.3090700910905889,0,93,1666,1227,0.298,0.044,FALSE,TRUE
8,0.52,4,0.323529411764706,1.0,1,1,3632,3281,1.106,0.041,FALSE,FALSE
9,0.57,1776,0.47058823529411753,0.23595906420957524,0,106,3392,1867,7.39,0.039,TRUE,TRUE
10,0.53,2989,0.35294117647058837,0.1682679737454521,0,137,3352,4247,7.991,0.037,FALSE,TRUE
11,0.52,26,0.323529411764706,0.7806190491845568,0,21,818,1084,1.697,0.017,TRUE,FALSE
12,0.52,19,0.323529411764706,0.8196591770833878,0,14,1872,3673,6.292,0.05,TRUE,FALSE
13,0.56,1467,0.4411764705882355,0.2608092823820082,0,104,4329,1603,2.771,0.005,FALSE,TRUE
14,0.58,2364,0.49999999999999994,0.19877310192240816,0,105,4990,2979,1.115,0.01,FALSE,TRUE
15,0.52,22,0.323529411764706,0.8014777688577933,0,17,2443,2315,9.824,0.043,TRUE,FALSE
16,0.54,2704,0.38235294117647073,0.18129912121290637,0,130,983,4444,0.998,0.047,FALSE,TRUE
17,0.56,2051,0.4411764705882355,0.2172408545356772,0,114,2443,3490,9.119,0.045,FALSE,TRUE
18,0.47,21,0.1764705882352941,0.807260427769889,0,17,3783,632,1.889,0.01,TRUE,FALSE
19,0.52,24,0.323529411764706,0.7906307883074056,0,19,3192,1429,8.228,0.03,TRUE,FALSE
20,0.52,20,0.323529411764706,0.8133121424251467,0,15,4786,2716,4.016,0.004,TRUE,FALSE
21,0.63,319,0.6470588235294118,0.45897753125016316,0,70,1441,507,7.497,0.039,FALSE,TRUE
22,0.52,5,0.323529411764706,0.9762820793982757,0,2,4817,4875,8.674,0.041,FALSE,FALSE
23,0.63,260,0.6470588235294118,0.4854896248332846,0,68,2284,461,2.264,0.012,TRUE,TRUE
24,0.57,1978,0.47058823529411753,0.22195308075863962,0,109,56,3065,7.014,0.029,TRUE,TRUE
25,0.52,4,0.323529411764706,1.0,1,1,2514,2246,3.299,0.024,FALSE,FALSE
26,0.52,21,0.323529411764706,0.807260427769889,0,16,2869,3888,6.409,0.007,TRUE,FALSE
27,0.59,554,0.5294117647058822,0.38734472571236744,0,79,324,802,2.654,0.04,FALSE,TRUE
28,0.56,2074,0.4411764705882355,0.2157908597199275,0,115,2005,3173,7.874,0.02,FALSE,TRUE
29,0.52,27,0.323529411764706,0.775888040344547,0,22,4470,1494,1.815,0.028,TRUE,FALSE
30,0.52,24,0.323529411764706,0.7906307883074056,0,19,3868,2620,4.533,0.034,TRUE,FALSE
31,0.6,1510,0.5588235294117647,0.2570535321474331,0,85,626,1693,9.137,0.036,TRUE,TRUE
32,0.57,23,0.47058823529411753,0.7959412564816635,0,8,5000,2973,0.001,0.05,TRUE,FALSE
33,0.52,17,0.323529411764706,0.8333653585622632,0,12,1,5000,10.0,0.0,TRUE,FALSE
34,0.52,17,0.323529411764706,0.8333653585622632,0,12,1,3391,10.0,0.0,TRUE,FALSE
35,0.62,7116,0.6176470588235294,0.05545363028343975,0,94,1,2,0.001,0.019,FALSE,TRUE
36,0.52,5,0.323529411764706,0.9762820793982757,0,2,1,5000,10.0,0.05,FALSE,FALSE
37,0.52,5,0.323529411764706,0.9762820793982757,0,2,1,5000,10.0,0.0,FALSE,FALSE
38,0.52,15,0.323529411764706,0.8486875658593698,0,10,5000,5000,10.0,0.0,TRUE,FALSE
39,0.52,127,0.323529411764706,0.5781763314844515,0,55,5000,2,0.001,0.0,FALSE,FALSE
40,0.67,5097,0.7647058823529413,0.09885606340522901,0,85,1,2,10.0,0.038,FALSE,TRUE
41,0.52,4,0.323529411764706,1.0,1,1,5000,2659,0.001,0.05,FALSE,FALSE
42,0.52,5,0.323529411764706,0.9762820793982757,0,2,5000,5000,10.0,0.0,FALSE,FALSE
43,0.52,111,0.323529411764706,0.5955472174279348,0,50,5000,2,10.0,0.0,FALSE,FALSE
44,0.52,5,0.323529411764706,0.9762820793982757,0,2,5000,5000,10.0,0.05,FALSE,FALSE
45,0.5,23,0.26470588235294124,0.7959412564816635,0,20,1,697,0.001,0.0,TRUE,FALSE
46,0.49,8,0.23529411764705885,0.9235357700205693,0,7,5000,896,0.001,0.0,FALSE,FALSE
47,0.52,19,0.323529411764706,0.8196591770833878,0,14,1,5000,0.001,0.0,TRUE,FALSE
48,0.52,298,0.323529411764706,0.46780759689635265,0,73,3633,85,9.051,0.031,TRUE,FALSE
49,0.48,379,0.2058823529411765,0.4366218053511204,0,76,3699,2,2.518,0.034,TRUE,FALSE
50,0.52,4206,0.323529411764706,0.12384585113380109,0,146,5000,2,3.749,0.038,TRUE,FALSE
51,0.67,154,0.7647058823529413,0.5532780802471933,0,49,2121,297,5.063,0.047,TRUE,TRUE
52,0.7,5612,0.8529411764705881,0.08633674162688909,0,81,2016,2,1.715,0.047,FALSE,TRUE
53,0.52,2105,0.323529411764706,0.21386174492879761,0,119,5000,4,2.552,0.036,TRUE,FALSE
54,0.62,137,0.6176470588235294,0.5683906365634748,0,37,5000,2,0.952,0.036,TRUE,FALSE
55,0.7,149,0.8529411764705881,0.5575436560130871,0,42,4969,57,8.672,0.023,TRUE,TRUE
56,0.69,4990,0.8235294117647057,0.10161550067355163,0,82,1,2,8.393,0.05,TRUE,TRUE
57,0.52,75,0.323529411764706,0.6459910170437146,0,44,4976,398,8.038,0.033,TRUE,FALSE
58,0.71,115,0.8823529411764705,0.5909822435886974,0,13,3276,132,5.368,0.034,TRUE,TRUE
59,0.5,11,0.26470588235294124,0.8861116679399695,0,9,5000,2246,0.001,0.0,FALSE,FALSE
60,0.52,5,0.323529411764706,0.9762820793982757,0,2,5000,3809,10.0,0.0,FALSE,FALSE
61,0.52,5,0.323529411764706,0.9762820793982757,0,2,1,3171,0.001,0.05,FALSE,FALSE
62,0.69,4801,0.8235294117647057,0.1066374065085477,0,80,1,2,0.001,0.05,TRUE,TRUE
63,0.68,85,0.7941176470588237,0.6299102746210955,0,2,5000,4,0.001,0.025,FALSE,FALSE
64,0.73,163,0.9411764705882353,0.5459357201102966,0,20,2484,19,5.356,0.037,TRUE,TRUE
65,0.68,5057,0.7941176470588237,0.09988079029066721,0,84,2017,2,1.548,0.05,TRUE,TRUE
66,0.52,8,0.323529411764706,0.9235357700205693,0,5,2689,61,8.741,0.035,FALSE,FALSE
67,0.52,114,0.323529411764706,0.592108557165199,0,53,5000,2,5.789,0.031,FALSE,FALSE
68,0.52,112,0.323529411764706,0.5943908684323334,0,51,5000,2,6.934,0.035,FALSE,FALSE
69,0.52,111,0.323529411764706,0.5955472174279348,0,50,5000,2,6.338,0.033,FALSE,FALSE
70,0.52,113,0.323529411764706,0.5932447076660083,0,52,3699,2,2.465,0.032,FALSE,FALSE
71,0.72,139,0.9117647058823529,0.5665188286519527,0,28,910,32,1.951,0.05,FALSE,TRUE
72,0.66,5695,0.735294117647059,0.08442719497820894,0,88,5000,2,8.16,0.029,TRUE,TRUE
73,0.72,166,0.9117647058823529,0.5435775575537478,0,48,2484,19,5.199,0.043,FALSE,TRUE
74,0.52,138,0.323529411764706,0.5674513660176805,0,58,5000,2,3.294,0.04,FALSE,FALSE
75,0.52,117,0.323529411764706,0.5887584560109862,0,54,5000,2,7.914,0.039,FALSE,FALSE
76,0.52,128,0.323529411764706,0.5771639652433891,0,56,5000,2,1.187,0.034,FALSE,FALSE
77,0.52,112,0.323529411764706,0.5943908684323334,0,51,3278,2,1.545,0.033,FALSE,FALSE
78,0.68,5648,0.7941176470588237,0.08550506012318415,0,87,1,2,7.988,0.05,FALSE,TRUE
79,0.52,133,0.323529411764706,0.5722170419879278,0,57,5000,2,9.333,0.036,FALSE,FALSE
80,0.53,29,0.35294117647058837,0.7669128677056813,0,13,2745,315,2.303,0.03,TRUE,FALSE
81,0.74,183,0.9705882352941176,0.5309665344828749,0,8,2616,15,4.936,0.035,TRUE,TRUE
82,0.52,105,0.323529411764706,0.6027098560458767,0,49,5000,2,3.792,0.037,FALSE,FALSE
83,0.66,5063,0.735294117647059,0.09972656572554273,0,85,3278,2,1.413,0.033,TRUE,TRUE
84,0.7,5024,0.8529411764705881,0.10073230922503262,0,79,641,2,4.871,0.05,TRUE,TRUE
85,0.52,7,0.323529411764706,0.938857977317676,0,4,3633,85,9.295,0.034,FALSE,FALSE
86,0.69,5373,0.8235294117647057,0.09199725574732898,0,85,1,2,1.914,0.05,TRUE,TRUE
87,0.64,6190,0.6764705882352942,0.07358660938021333,0,93,5000,2,5.22,0.024,TRUE,TRUE
88,0.52,10,0.323529411764706,0.8974308392281952,0,6,3706,60,7.224,0.034,FALSE,FALSE
89,0.73,169,0.9411764705882353,0.5412613823256136,0,23,2616,15,4.753,0.04,FALSE,TRUE
90,0.52,56,0.323529411764706,0.6834151191243145,0,37,5000,4,2.433,0.034,FALSE,FALSE
91,0.52,55,0.323529411764706,0.6857176288862408,0,36,5000,4,2.812,0.035,FALSE,FALSE
92,0.52,77,0.323529411764706,0.642611907436835,0,45,4253,291,8.001,0.031,TRUE,FALSE
93,0.59,110,0.5294117647058822,0.5967139374049617,0,12,3278,2,1.282,0.035,TRUE,FALSE
94,0.58,110,0.49999999999999994,0.5967139374049617,0,13,5000,2,1.383,0.04,TRUE,FALSE
95,0.52,105,0.323529411764706,0.6027098560458767,0,49,5000,2,4.608,0.038,FALSE,FALSE
96,0.51,11,0.2941176470588236,0.8861116679399695,0,8,1,1227,0.001,0.05,FALSE,FALSE
97,0.55,17,0.4117647058823531,0.8333653585622632,0,3,1,778,0.001,0.05,TRUE,FALSE
98,0.69,5430,0.8235294117647057,0.0906247230501811,0,86,3070,2,4.896,0.05,TRUE,TRUE
99,0.51,14,0.2941176470588236,0.8570832791639875,0,10,3813,323,0.001,0.05,FALSE,FALSE
100,0.7,127,0.8529411764705881,0.5781763314844515,0,26,2481,2,0.001,0.05,TRUE,FALSE
101,0.52,105,0.323529411764706,0.6027098560458767,0,49,1,2,0.001,0.05,FALSE,FALSE
102,0.62,353,0.6176470588235294,0.44584173517497383,0,71,3053,525,5.885,0.05,TRUE,TRUE
103,0.57,18,0.47058823529411753,0.826331839960327,0,2,1728,445,0.001,0.05,TRUE,FALSE
104,0.57,665,0.47058823529411753,0.36362680511064305,0,84,2973,864,10.0,0.05,FALSE,TRUE
105,0.46,12,0.14705882352941188,0.8756990397311537,0,10,3214,613,0.001,0.05,FALSE,FALSE
106,0.7,122,0.8529411764705881,0.5833598221908964,0,21,1,2,0.001,0.05,TRUE,FALSE
107,0.52,105,0.323529411764706,0.6027098560458767,0,49,2540,2,0.001,0.05,FALSE,FALSE
108,0.59,709,0.5294117647058822,0.35530436041142366,0,84,2873,824,10.0,0.05,TRUE,TRUE
109,0.69,5043,0.8235294117647057,0.1002413602455694,0,83,1657,2,4.85,0.05,FALSE,TRUE
110,0.52,4715,0.323529411764706,0.10898830109501056,0,148,5000,2,5.561,0.034,TRUE,FALSE
111,0.7,113,0.8529411764705881,0.5932447076660083,0,12,3539,2,0.001,0.036,TRUE,FALSE
112,0.52,19,0.323529411764706,0.8196591770833878,0,14,5000,3932,10.0,0.05,TRUE,FALSE
113,0.53,15,0.35294117647058837,0.8486875658593698,0,3,1867,823,0.001,0.05,TRUE,FALSE
114,0.56,759,0.4411764705882355,0.3464513938928142,0,87,2242,1099,10.0,0.05,FALSE,TRUE
115,0.68,168,0.7941176470588237,0.542028867769713,0,56,3005,250,5.682,0.042,TRUE,TRUE
116,0.52,15,0.323529411764706,0.8486875658593698,0,10,2469,5000,10.0,0.05,TRUE,FALSE
117,0.52,2117,0.323529411764706,0.21312260427301077,0,120,3612,2,0.001,0.05,FALSE,FALSE
118,0.56,22,0.4411764705882355,0.8014777688577933,0,9,1,1355,0.001,0.05,TRUE,FALSE
119,0.7,196,0.8529411764705881,0.522085662975682,0,62,3021,164,5.471,0.043,FALSE,TRUE
120,0.46,12,0.14705882352941188,0.8756990397311537,0,10,5000,840,0.001,0.05,FALSE,FALSE
121,0.6,1154,0.5588235294117647,0.2920045582681533,0,83,2515,1008,10.0,0.05,TRUE,TRUE
122,0.64,1115,0.6764705882352942,0.29647302735115044,0,79,2803,987,0.001,0.05,FALSE,TRUE
123,0.41,18,0.0,0.826331839960327,0,15,3529,1246,0.001,0.05,FALSE,FALSE
124,0.56,20,0.4411764705882355,0.8133121424251467,0,7,1,1954,0.001,0.05,TRUE,FALSE
125,0.48,9,0.2058823529411765,0.9098295885416938,0,8,1606,850,0.001,0.05,FALSE,FALSE
126,0.59,725,0.5294117647058822,0.3524053344694775,0,85,2527,827,6.427,0.042,FALSE,TRUE
127,0.52,111,0.323529411764706,0.5955472174279348,0,50,1488,2,0.001,0.05,FALSE,FALSE
128,0.51,10,0.2941176470588236,0.8974308392281952,0,7,1,1845,0.001,0.05,FALSE,FALSE
129,0.52,17,0.323529411764706,0.8333653585622632,0,12,5000,3809,3.689,0.0,TRUE,FALSE
130,0.52,18,0.323529411764706,0.826331839960327,0,13,1663,5000,3.483,0.05,TRUE,FALSE
131,0.6,519,0.5588235294117647,0.3958185936636409,0,77,2980,541,10.0,0.012,FALSE,TRUE
132,0.52,5103,0.323529411764706,0.09870304820768616,0,149,1,5000,10.0,0.0,TRUE,TRUE
133,0.51,10,0.2941176470588236,0.8974308392281952,0,7,4971,1564,0.001,0.05,FALSE,FALSE
134,0.52,20,0.323529411764706,0.8133121424251467,0,15,3734,1153,0.001,0.05,TRUE,FALSE
135,0.52,12,0.323529411764706,0.8756990397311537,0,7,1,463,0.001,0.05,FALSE,FALSE
136,0.66,5037,0.735294117647059,0.10039619669167565,0,83,3107,2,6.167,0.036,FALSE,TRUE
137,0.56,20,0.4411764705882355,0.8133121424251467,0,7,2853,1726,0.001,0.05,TRUE,FALSE
138,0.67,243,0.7647058823529413,0.4942513627967975,0,65,2682,374,5.655,0.05,TRUE,TRUE
139,0.53,20,0.35294117647058837,0.8133121424251467,0,9,2713,928,0.001,0.05,TRUE,FALSE
140,0.52,14,0.323529411764706,0.8570832791639875,0,9,2041,387,0.001,0.05,FALSE,FALSE
141,0.6,359,0.5588235294117647,0.4436553239530566,0,72,2911,606,10.0,0.05,TRUE,TRUE
142,0.7,2143,0.8529411764705881,0.21153539615470318,0,76,1087,2,0.001,0.05,TRUE,FALSE
143,0.59,949,0.5294117647058822,0.3174230051168321,0,90,3001,1047,0.001,0.05,TRUE,TRUE
144,0.52,27,0.323529411764706,0.775888040344547,0,22,1220,1218,10.0,0.0,TRUE,FALSE
145,0.52,5,0.323529411764706,0.9762820793982757,0,2,3476,1169,10.0,0.0,FALSE,FALSE
146,0.66,146,0.735294117647059,0.5601717939937116,0,42,2849,290,3.789,0.05,FALSE,TRUE
147,0.7,125,0.8529411764705881,0.5802250101308282,0,24,3726,2,0.001,0.0,TRUE,FALSE
148,0.53,21,0.35294117647058837,0.807260427769889,0,10,1,2597,0.001,0.05,TRUE,FALSE
149,0.52,6,0.323529411764706,0.9562288632611592,0,3,3316,3026,10.0,0.0,FALSE,FALSE
150,0.52,27,0.323529411764706,0.775888040344547,0,22,4999,1612,10.0,0.0,TRUE,FALSE
151,0.54,21,0.38235294117647073,0.807260427769889,0,9,1,2254,0.001,0.0,TRUE,FALSE
152,0.52,25,0.323529411764706,0.7855286282728475,0,20,1,4181,0.001,0.0,TRUE,FALSE
153,0.55,15,0.4117647058823531,0.8486875658593698,1,1,1940,2679,0.001,0.0,TRUE,FALSE
154,0.52,5,0.323529411764706,0.9762820793982757,0,2,5000,1579,10.0,0.05,FALSE,FALSE
155,0.56,19,0.4411764705882355,0.8196591770833878,0,6,2383,288,0.001,0.0,TRUE,FALSE
156,0.7,120,0.8529411764705881,0.5854924667637962,0,19,1,2,0.001,0.0,TRUE,FALSE
157,0.7,134,0.8529411764705881,0.5712498374919626,0,32,2053,2,0.001,0.0,TRUE,FALSE
158,0.62,659,0.6176470588235294,0.36480408378297613,0,79,3053,525,6.194,0.05,FALSE,TRUE
159,0.54,1576,0.38235294117647073,0.25149191137284876,0,108,1,1906,10.0,0.017,FALSE,TRUE
160,0.52,4,0.323529411764706,1.0,1,1,1496,626,10.0,0.0,FALSE,FALSE
161,0.52,4,0.323529411764706,1.0,1,1,1,1341,10.0,0.0,FALSE,FALSE
162,0.7,120,0.8529411764705881,0.5854924667637962,0,19,894,2,0.001,0.0,TRUE,FALSE
163,0.52,5,0.323529411764706,0.9762820793982757,0,2,2730,1604,10.0,0.05,FALSE,FALSE
164,0.52,4,0.323529411764706,1.0,1,1,2258,5000,3.351,0.0,FALSE,FALSE
165,0.53,23,0.35294117647058837,0.7959412564816635,0,12,1970,3905,0.001,0.05,TRUE,FALSE
166,0.52,5,0.323529411764706,0.9762820793982757,0,2,4027,3664,7.768,0.05,FALSE,FALSE
167,0.52,26,0.323529411764706,0.7806190491845568,0,21,1,4152,0.001,0.05,TRUE,FALSE
168,0.7,121,0.8529411764705881,0.5844217742551037,0,20,2962,125,4.072,0.05,FALSE,TRUE
169,0.7,5359,0.8529411764705881,0.09233659592041488,0,80,2900,2,3.926,0.05,FALSE,TRUE
170,0.52,4,0.323529411764706,1.0,1,1,1,4161,0.001,0.0,FALSE,FALSE
171,0.52,4,0.323529411764706,1.0,1,1,2137,1749,6.01,0.0,FALSE,FALSE
172,0.52,18,0.323529411764706,0.826331839960327,0,13,1,319,0.001,0.0,TRUE,FALSE
173,0.57,19,0.47058823529411753,0.8196591770833878,0,5,5000,2121,0.001,0.05,TRUE,FALSE
174,0.52,20,0.323529411764706,0.8133121424251467,0,15,3907,4041,0.001,0.05,TRUE,FALSE
175,0.56,20,0.4411764705882355,0.8133121424251467,0,7,3682,2751,0.001,0.0,TRUE,FALSE
176,0.71,155,0.8823529411764705,0.5524414959785289,0,43,3003,81,4.736,0.05,TRUE,TRUE
177,0.52,13,0.323529411764706,0.8660584518028531,0,8,3460,4671,5.98,0.0,TRUE,FALSE
178,0.65,148,0.7058823529411765,0.5584138158156702,0,44,2850,312,3.484,0.05,TRUE,TRUE
179,0.56,18,0.4411764705882355,0.826331839960327,0,3,2799,2164,0.001,0.05,TRUE,FALSE
180,0.68,127,0.7941176470588237,0.5781763314844515,0,28,3007,190,4.706,0.05,TRUE,TRUE
181,0.6,803,0.5588235294117647,0.339129909693609,0,80,5000,1023,0.001,0.05,FALSE,TRUE
182,0.52,19,0.323529411764706,0.8196591770833878,0,14,4523,4390,7.296,0.0,TRUE,FALSE
183,0.56,17,0.4411764705882355,0.8333653585622632,0,2,5000,2145,0.001,0.0,TRUE,FALSE
184,0.61,586,0.5882352941176471,0.3800523982036592,0,77,2840,681,0.001,0.05,TRUE,TRUE
185,0.52,25,0.323529411764706,0.7855286282728475,0,20,1,1194,10.0,0.05,TRUE,FALSE
186,0.52,105,0.323529411764706,0.6027098560458767,0,49,1,2,0.001,0.0,FALSE,FALSE
187,0.55,16,0.4117647058823531,0.8408010054765142,0,2,1,212,0.001,0.05,TRUE,FALSE
188,0.52,5,0.323529411764706,0.9762820793982757,0,2,1296,4147,10.0,0.05,FALSE,FALSE
189,0.52,23,0.323529411764706,0.7959412564816635,0,18,3417,3385,0.001,0.0,TRUE,FALSE
190,0.57,20,0.47058823529411753,0.8133121424251467,0,6,1,3171,0.001,0.0,TRUE,FALSE
191,0.48,2387,0.2058823529411765,0.1975140837529178,0,128,1,2654,0.001,0.05,TRUE,TRUE
192,0.52,5,0.323529411764706,0.9762820793982757,0,2,3846,4494,10.0,0.05,FALSE,FALSE
193,0.6,19,0.5588235294117647,0.8196591770833878,0,2,1,121,0.001,0.0,TRUE,FALSE
194,0.52,25,0.323529411764706,0.7855286282728475,0,20,5000,3403,0.001,0.05,TRUE,FALSE
195,0.56,1208,0.4411764705882355,0.2860603991423345,0,100,1,1096,0.001,0.05,FALSE,TRUE
196,0.52,28,0.323529411764706,0.7713230665053097,0,23,1,2219,6.769,0.0,TRUE,FALSE
197,0.58,19,0.49999999999999994,0.8196591770833878,0,4,5000,512,0.001,0.0,TRUE,FALSE
198,0.52,19,0.323529411764706,0.8196591770833878,0,14,2296,4485,7.544,0.0,TRUE,FALSE
199,0.56,20,0.4411764705882355,0.8133121424251467,0,7,1421,235,0.001,0.0,TRUE,FALSE
200,0.57,16,0.47058823529411753,0.8408010054765142,1,1,3715,2044,0.001,0.0,TRUE,FALSE
201,0.52,4,0.323529411764706,1.0,1,1,4772,4357,3.286,0.05,FALSE,FALSE
202,0.58,2326,0.49999999999999994,0.20088029181707245,0,104,5000,1885,10.0,0.05,TRUE,TRUE
203,0.59,1062,0.5294117647058822,0.30280257818362144,0,94,1,1126,10.0,0.05,TRUE,TRUE
204,0.71,164,0.8823529411764705,0.5451449066995885,0,50,3003,75,4.867,0.05,FALSE,TRUE
205,0.53,20,0.35294117647058837,0.8133121424251467,0,9,3640,407,0.001,0.0,TRUE,FALSE
206,0.6,17,0.5588235294117647,0.8333653585622632,1,1,1178,184,0.001,0.05,TRUE,FALSE
207,0.52,5,0.323529411764706,0.9762820793982757,0,2,3527,4458,0.001,0.0,FALSE,FALSE
208,0.69,215,0.8235294117647057,0.5101078148096385,0,64,2994,248,4.058,0.05,FALSE,TRUE
209,0.51,22,0.2941176470588236,0.8014777688577933,0,18,1,1794,0.001,0.0,TRUE,FALSE
210,0.52,15,0.323529411764706,0.8486875658593698,0,10,1,4540,10.0,0.05,TRUE,FALSE
211,0.56,21,0.4411764705882355,0.807260427769889,0,8,5000,1730,0.001,0.05,TRUE,FALSE
212,0.61,285,0.5882352941176471,0.4735902558084485,0,70,2891,528,2.276,0.05,FALSE,TRUE
213,0.52,5,0.323529411764706,0.9762820793982757,0,2,2511,4451,7.237,0.0,FALSE,FALSE
214,0.69,6030,0.8235294117647057,0.07699281687871928,0,87,2709,2,6.403,0.05,TRUE,TRUE
215,0.52,14,0.323529411764706,0.8570832791639875,0,9,5000,4422,3.971,0.05,TRUE,FALSE
216,0.69,150,0.8235294117647057,0.5566792780458989,0,43,2983,213,3.851,0.05,FALSE,TRUE
217,0.57,18,0.47058823529411753,0.826331839960327,0,2,2841,1639,0.001,0.0,TRUE,FALSE
218,0.7,132,0.8529411764705881,0.5731914915288918,0,31,2937,2,0.001,0.0,TRUE,FALSE
219,0.55,16,0.4117647058823531,0.8408010054765142,0,2,1923,416,0.001,0.0,TRUE,FALSE
220,0.5,2820,0.26470588235294124,0.1758367715469119,0,140,5000,2521,10.0,0.05,TRUE,TRUE
221,0.57,21,0.47058823529411753,0.807260427769889,0,7,1985,3166,0.001,0.05,TRUE,FALSE
222,0.56,1370,0.4411764705882355,0.2697021946746837,0,102,5000,1393,0.001,0.05,FALSE,TRUE
223,0.52,5,0.323529411764706,0.9762820793982757,0,2,3167,651,7.683,0.0,FALSE,FALSE
224,0.56,22,0.4411764705882355,0.8014777688577933,0,9,5000,2835,0.001,0.0,TRUE,FALSE
225,0.54,15,0.38235294117647073,0.8486875658593698,0,2,1877,1993,0.001,0.0,TRUE,FALSE
226,0.51,18,0.2941176470588236,0.826331839960327,0,14,1,435,0.001,0.05,TRUE,FALSE
227,0.55,23,0.4117647058823531,0.7959412564816635,0,10,1278,1862,0.001,0.05,TRUE,FALSE
228,0.62,439,0.6176470588235294,0.41755039316068254,0,74,3324,554,10.0,0.05,FALSE,TRUE
229,0.72,175,0.9117647058823529,0.5367491933949708,0,49,3021,171,3.9,0.05,FALSE,TRUE
230,0.65,413,0.7058823529411765,0.4254739157274623,0,70,2290,565,7.128,0.05,TRUE,TRUE
231,0.62,302,0.6176470588235294,0.46607882188043404,0,70,3412,534,0.001,0.05,TRUE,TRUE
232,0.61,394,0.5882352941176471,0.4315854961939217,0,72,3289,535,0.001,0.05,FALSE,TRUE
233,0.57,21,0.47058823529411753,0.807260427769889,0,7,1,3086,0.001,0.05,TRUE,FALSE
234,0.54,3651,0.38235294117647073,0.14225008772410475,0,137,5000,5000,0.001,0.05,TRUE,TRUE
235,0.64,186,0.6764705882352942,0.5288626330121151,0,64,2903,429,3.258,0.05,FALSE,TRUE
236,0.52,16,0.323529411764706,0.8408010054765142,0,11,1882,3302,10.0,0.05,TRUE,FALSE
237,0.62,474,0.6176470588235294,0.40759341657513826,0,75,2512,569,10.0,0.05,FALSE,TRUE
238,0.64,511,0.6764705882352942,0.3978355085678391,0,73,4869,632,3.139,0.05,FALSE,TRUE
239,0.66,208,0.735294117647059,0.5143934674959278,0,65,2950,347,3.835,0.05,FALSE,TRUE
240,0.68,136,0.7941176470588237,0.5693367382277859,0,35,3007,197,5.164,0.05,FALSE,TRUE
241,0.69,160,0.8235294117647057,0.5483374204263582,0,51,3011,283,5.771,0.05,FALSE,TRUE
242,0.52,5,0.323529411764706,0.9762820793982757,0,2,306,2807,6.366,0.05,FALSE,FALSE
243,0.52,4,0.323529411764706,1.0,1,1,1,2285,10.0,0.0,FALSE,FALSE
244,0.54,3945,0.38235294117647073,0.13217767488352183,0,138,5000,5000,10.0,0.05,FALSE,TRUE
245,0.52,5,0.323529411764706,0.9762820793982757,0,2,1376,2080,10.0,0.05,FALSE,FALSE
246,0.51,23,0.2941176470588236,0.7959412564816635,0,19,2260,2385,0.001,0.05,TRUE,FALSE
247,0.56,20,0.4411764705882355,0.8133121424251467,0,7,861,1581,0.001,0.0,TRUE,FALSE
248,0.51,19,0.2941176470588236,0.8196591770833878,0,15,3739,270,0.001,0.0,TRUE,FALSE
249,0.52,5,0.323529411764706,0.9762820793982757,0,2,841,4528,5.083,0.05,FALSE,FALSE
250,0.72,132,0.9117647058823529,0.5731914915288918,0,21,3003,43,4.351,0.05,FALSE,TRUE
251,0.52,19,0.323529411764706,0.8196591770833878,0,14,3035,3893,10.0,0.05,TRUE,FALSE
252,0.59,19,0.5294117647058822,0.8196591770833878,0,3,2059,3314,0.001,0.0,TRUE,FALSE
253,0.71,113,0.8823529411764705,0.5932447076660083,0,11,3003,86,3.822,0.05,FALSE,TRUE
254,0.53,23,0.35294117647058837,0.7959412564816635,0,12,5000,2474,0.001,0.05,TRUE,FALSE
255,0.52,5,0.323529411764706,0.9762820793982757,0,2,1,4567,10.0,0.0,FALSE,FALSE
256,0.57,27,0.47058823529411753,0.775888040344547,0,10,4846,3155,0.001,0.0,TRUE,FALSE
257,0.52,6,0.323529411764706,0.9562288632611592,0,3,3856,2310,6.648,0.05,FALSE,FALSE
258,0.52,4,0.323529411764706,1.0,1,1,5000,3412,0.001,0.0,FALSE,FALSE
259,0.7,169,0.8529411764705881,0.5412613823256136,0,56,3008,233,5.275,0.05,FALSE,TRUE
260,0.65,247,0.7058823529411765,0.4921360575648692,0,66,3035,400,5.015,0.05,FALSE,TRUE
261,0.59,1431,0.5294117647058822,0.2640392294035948,0,97,1,1436,10.0,0.05,TRUE,TRUE
262,0.67,137,0.7647058823529413,0.5683906365634748,0,36,3012,316,4.617,0.05,FALSE,TRUE
263,0.52,4,0.323529411764706,1.0,1,1,1764,3171,0.001,0.0,FALSE,FALSE
264,0.58,19,0.49999999999999994,0.8196591770833878,0,4,5000,1454,0.001,0.0,TRUE,FALSE
265,0.6,383,0.5588235294117647,0.4352596106484389,0,73,3446,541,10.0,0.05,TRUE,TRUE
266,0.61,18,0.5882352941176471,0.826331839960327,1,1,1935,122,0.001,0.0,TRUE,FALSE
267,0.52,4,0.323529411764706,1.0,1,1,1,3768,10.0,0.0,FALSE,FALSE
268,0.7,171,0.8529411764705881,0.5397398631627893,0,57,3274,125,5.811,0.05,FALSE,TRUE
269,0.52,30,0.323529411764706,0.7626472919397876,0,24,1,3520,0.001,0.05,TRUE,FALSE
270,0.57,36,0.47058823529411753,0.7396306582409742,0,11,3271,2991,0.001,0.05,TRUE,FALSE
271,0.52,4,0.323529411764706,1.0,1,1,5000,638,10.0,0.0,FALSE,FALSE
272,0.62,21,0.6176470588235294,0.807260427769889,0,2,1,214,0.001,0.0,TRUE,FALSE
273,0.54,20,0.38235294117647073,0.8133121424251467,0,8,221,3630,0.001,0.0,TRUE,FALSE
274,0.52,5,0.323529411764706,0.9762820793982757,0,2,5000,971,10.0,0.0,FALSE,FALSE
275,0.52,36,0.323529411764706,0.7396306582409742,0,29,2350,854,10.0,0.0,TRUE,FALSE
276,0.5,2179,0.26470588235294124,0.20936921169259437,0,121,2190,2536,5.992,0.05,TRUE,TRUE
277,0.52,7,0.323529411764706,0.938857977317676,0,4,1,3807,4.283,0.05,FALSE,FALSE
278,0.7,127,0.8529411764705881,0.5781763314844515,0,26,1508,2,0.001,0.0,TRUE,FALSE
279,0.52,5,0.323529411764706,0.9762820793982757,0,2,1583,4152,5.021,0.0,FALSE,FALSE
280,0.52,37,0.323529411764706,0.7361614285020208,0,30,4112,955,10.0,0.0,TRUE,FALSE
281,0.52,102,0.323529411764706,0.6064447079403026,0,48,1714,2,0.001,0.0,FALSE,FALSE
282,0.52,5,0.323529411764706,0.9762820793982757,0,2,1,703,10.0,0.0,FALSE,FALSE
283,0.52,5,0.323529411764706,0.9762820793982757,0,2,2892,5000,0.001,0.0,FALSE,FALSE
284,0.52,5,0.323529411764706,0.9762820793982757,0,2,5000,3152,0.001,0.05,FALSE,FALSE
285,0.57,21,0.47058823529411753,0.807260427769889,0,7,1017,2990,0.001,0.0,TRUE,FALSE
286,0.52,27,0.323529411764706,0.775888040344547,0,22,4696,996,7.11,0.05,TRUE,FALSE
287,0.52,6,0.323529411764706,0.9562288632611592,0,3,781,3348,5.297,0.05,FALSE,FALSE
288,0.71,123,0.8823529411764705,0.5823064690231754,0,19,4999,114,4.823,0.05,FALSE,TRUE
289,0.72,163,0.9117647058823529,0.5459357201102966,0,45,1,21,4.254,0.05,FALSE,TRUE
290,0.73,146,0.9411764705882353,0.5601717939937116,0,15,1,30,4.997,0.05,TRUE,TRUE
291,0.72,151,0.9117647058823529,0.5558206055854086,0,36,5000,69,4.556,0.05,FALSE,TRUE
292,0.71,127,0.8823529411764705,0.5781763314844515,0,22,1,61,4.053,0.05,FALSE,TRUE
293,0.73,150,0.9411764705882353,0.5566792780458989,0,16,5000,30,5.396,0.05,FALSE,TRUE
294,0.69,138,0.8235294117647057,0.5674513660176805,0,35,6,104,4.704,0.05,FALSE,TRUE
295,0.71,129,0.8823529411764705,0.5761594165802533,0,24,5000,86,6.93,0.05,FALSE,TRUE
296,0.72,133,0.9117647058823529,0.5722170419879278,0,22,1,66,5.736,0.05,FALSE,TRUE
297,0.71,132,0.8823529411764705,0.5731914915288918,0,26,5000,93,5.02,0.05,FALSE,TRUE
298,0.71,132,0.8823529411764705,0.5731914915288918,0,26,1,64,5.615,0.05,TRUE,TRUE
299,0.71,163,0.8823529411764705,0.5459357201102966,0,49,5000,24,4.553,0.05,FALSE,TRUE
300,0.72,286,0.9117647058823529,0.47313619459547374,0,58,1,43,4.913,0.05,FALSE,TRUE
301,0.7,166,0.8529411764705881,0.5435775575537478,0,53,5000,51,4.621,0.05,FALSE,TRUE
302,0.63,249,0.6470588235294118,0.4910911651565052,0,67,3125,437,4.863,0.05,TRUE,TRUE
303,0.57,24,0.47058823529411753,0.7906307883074056,0,9,1,2859,0.001,0.0,TRUE,FALSE
304,0.72,142,0.9117647058823529,0.5637606672667547,0,31,3010,186,4.686,0.05,FALSE,TRUE
305,0.72,135,0.9117647058823529,0.5702897711015957,0,24,5000,146,4.759,0.05,FALSE,TRUE
306,0.68,195,0.7941176470588237,0.522747691913112,0,62,3005,221,4.716,0.05,FALSE,TRUE
307,0.64,265,0.6764705882352942,0.48302108007058575,0,68,1,331,4.787,0.05,FALSE,TRUE
308,0.71,167,0.8823529411764705,0.5428009080502283,0,53,3142,160,4.764,0.05,FALSE,TRUE
309,0.67,168,0.7647058823529413,0.542028867769713,0,57,3005,267,4.77,0.05,FALSE,TRUE
310,0.74,248,0.9705882352941176,0.49161256226910377,0,11,5000,12,5.521,0.05,FALSE,TRUE
311,0.71,117,0.8823529411764705,0.5887584560109862,0,15,3,112,6.078,0.05,TRUE,TRUE
312,0.55,2914,0.4117647058823531,0.17157268334718934,0,127,5000,3520,10.0,0.05,TRUE,TRUE
313,0.71,123,0.8823529411764705,0.5823064690231754,0,19,5000,52,5.025,0.05,TRUE,TRUE
314,0.71,138,0.8823529411764705,0.5674513660176805,0,31,1,75,4.03,0.05,TRUE,TRUE
315,0.72,153,0.9117647058823529,0.554120079338454,0,38,5000,36,3.859,0.05,FALSE,TRUE
316,0.69,140,0.8235294117647057,0.565592928619089,0,37,1,82,4.901,0.05,FALSE,TRUE
317,0.7,164,0.8529411764705881,0.5451449066995885,0,51,1,22,5.535,0.05,FALSE,TRUE
318,0.72,285,0.9117647058823529,0.4735902558084485,0,57,5000,9,4.478,0.05,FALSE,TRUE
319,0.7,139,0.8529411764705881,0.5665188286519527,0,34,5000,58,5.76,0.05,FALSE,TRUE
320,0.7,125,0.8529411764705881,0.5802250101308282,0,24,5,127,4.797,0.05,FALSE,TRUE
321,0.64,149,0.6764705882352942,0.5575436560130871,0,45,5000,379,4.548,0.05,FALSE,TRUE
322,0.69,139,0.8235294117647057,0.5665188286519527,0,36,1,184,4.715,0.05,FALSE,TRUE
323,0.68,149,0.7941176470588237,0.5575436560130871,0,43,1,235,4.702,0.05,FALSE,TRUE
324,0.7,141,0.8529411764705881,0.5646735721040181,0,36,4596,180,4.822,0.05,FALSE,TRUE
325,0.71,138,0.8823529411764705,0.5674513660176805,0,31,5000,52,5.044,0.05,FALSE,TRUE
326,0.7,155,0.8529411764705881,0.5524414959785289,0,47,3007,205,4.731,0.05,FALSE,TRUE
327,0.67,148,0.7647058823529413,0.5584138158156702,0,43,5000,276,4.759,0.05,FALSE,TRUE
328,0.67,150,0.7647058823529413,0.5566792780458989,0,45,5000,251,4.726,0.05,FALSE,TRUE
329,0.64,182,0.6764705882352942,0.5316754648773974,0,63,5000,341,4.753,0.05,FALSE,TRUE
330,0.65,206,0.7058823529411765,0.5156443271857685,0,64,3037,367,4.534,0.05,FALSE,TRUE
331,0.66,184,0.735294117647059,0.5302614465483799,0,62,1,366,4.607,0.05,FALSE,TRUE
332,0.67,153,0.7647058823529413,0.554120079338454,0,48,1,273,4.699,0.05,FALSE,TRUE
333,0.69,167,0.8235294117647057,0.5428009080502283,0,55,5,144,4.762,0.05,FALSE,TRUE
334,0.69,125,0.8235294117647057,0.5802250101308282,0,25,3008,243,4.736,0.05,FALSE,TRUE
335,0.63,150,0.6470588235294118,0.5566792780458989,0,46,5000,301,4.734,0.05,FALSE,TRUE
336,0.7,4712,0.8529411764705881,0.10907108086582551,0,78,5000,2,4.882,0.05,FALSE,TRUE
337,0.72,228,0.9117647058823529,0.5025049806143808,0,55,5000,36,4.746,0.05,FALSE,TRUE
338,0.69,130,0.8235294117647057,0.575162565683648,0,30,5000,231,4.723,0.05,FALSE,TRUE
339,0.7,118,0.8529411764705881,0.5876606570450791,0,17,5000,72,4.924,0.05,FALSE,TRUE
340,0.7,128,0.8529411764705881,0.5771639652433891,0,27,1,61,4.768,0.05,FALSE,TRUE
341,0.68,139,0.7941176470588237,0.5665188286519527,0,37,5,162,4.766,0.05,FALSE,TRUE
342,0.69,111,0.8235294117647057,0.5955472174279348,0,11,5000,196,4.784,0.05,FALSE,TRUE
343,0.71,106,0.8823529411764705,0.601488359696216,0,5,5000,91,4.632,0.05,FALSE,TRUE
344,0.74,170,0.9705882352941176,0.5404983982883019,0,6,1,23,4.88,0.05,FALSE,TRUE
345,0.7,142,0.8529411764705881,0.5637606672667547,0,37,4596,165,4.753,0.05,FALSE,TRUE
346,0.69,160,0.8235294117647057,0.5483374204263582,0,51,1,206,4.74,0.05,FALSE,TRUE
347,0.65,298,0.7058823529411765,0.46780759689635265,0,68,1,367,4.503,0.05,TRUE,TRUE
348,0.69,131,0.8235294117647057,0.5741732954755705,0,31,5000,213,4.718,0.05,FALSE,TRUE
349,0.69,147,0.8235294117647057,0.559289835324362,0,42,4599,128,4.788,0.05,FALSE,TRUE
350,0.67,180,0.7647058823529413,0.5331050221804168,0,61,5000,321,5.088,0.05,FALSE,TRUE
351,0.65,180,0.7058823529411765,0.5331050221804168,0,62,1,305,4.516,0.05,FALSE,TRUE
352,0.7,115,0.8529411764705881,0.5909822435886974,0,14,1,55,6.414,0.05,TRUE,TRUE
353,0.7,124,0.8529411764705881,0.5812615766148113,0,23,5000,2,0.001,0.0,TRUE,FALSE
354,0.7,134,0.8529411764705881,0.5712498374919626,0,32,5000,137,4.739,0.05,FALSE,TRUE
355,0.7,5665,0.8529411764705881,0.08511416227844948,0,82,5000,2,4.403,0.05,FALSE,TRUE
356,0.7,4425,0.8529411764705881,0.11724432805975116,0,77,1,2,4.774,0.05,FALSE,TRUE
357,0.7,418,0.8529411764705881,0.42391221143226354,0,70,1,220,4.749,0.05,FALSE,TRUE
358,0.71,123,0.8823529411764705,0.5823064690231754,0,19,4596,156,4.72,0.05,FALSE,TRUE
359,0.73,172,0.9411764705882353,0.5389857253670536,0,24,5000,15,4.789,0.05,FALSE,TRUE
360,0.65,190,0.7058823529411765,0.5261093364725804,0,63,5000,350,4.912,0.05,TRUE,TRUE
361,0.68,153,0.7941176470588237,0.554120079338454,0,47,5000,266,4.143,0.05,FALSE,TRUE
362,0.67,149,0.7647058823529413,0.5575436560130871,0,44,5000,257,5.075,0.05,FALSE,TRUE
363,0.67,176,0.7647058823529413,0.53601214663328,0,60,1,299,4.363,0.05,TRUE,TRUE
364,0.68,124,0.7941176470588237,0.5812615766148113,0,24,1,254,4.675,0.05,FALSE,TRUE
365,0.66,184,0.735294117647059,0.5302614465483799,0,62,1,290,5.159,0.05,FALSE,TRUE
366,0.67,187,0.7647058823529413,0.5281688265384894,0,62,5000,306,4.401,0.05,FALSE,TRUE
367,0.7,160,0.8529411764705881,0.5483374204263582,0,50,5000,2,0.001,0.05,TRUE,FALSE
368,0.71,128,0.8823529411764705,0.5771639652433891,0,23,5000,45,5.48,0.05,FALSE,TRUE
369,0.72,116,0.9117647058823529,0.5898655980591287,0,11,5000,35,5.935,0.05,FALSE,TRUE
370,0.7,105,0.8529411764705881,0.6027098560458767,0,7,1,46,5.801,0.05,TRUE,TRUE
371,0.7,135,0.8529411764705881,0.5702897711015957,0,33,1,33,5.01,0.05,FALSE,TRUE
372,0.71,102,0.8823529411764705,0.6064447079403026,0,4,5000,63,5.066,0.05,FALSE,TRUE
373,0.72,127,0.9117647058823529,0.5781763314844515,0,18,4983,43,4.748,0.05,FALSE,TRUE
374,0.71,122,0.8823529411764705,0.5833598221908964,0,18,5000,98,5.618,0.05,FALSE,TRUE
375,0.69,121,0.8235294117647057,0.5844217742551037,0,21,1,135,7.051,0.05,TRUE,TRUE
376,0.7,117,0.8529411764705881,0.5887584560109862,0,16,1,148,8.199,0.05,TRUE,TRUE
377,0.7,105,0.8529411764705881,0.6027098560458767,0,7,5000,82,5.164,0.05,FALSE,TRUE
378,0.7,126,0.8529411764705881,0.5791966379339848,0,25,1,28,6.026,0.05,TRUE,TRUE
379,0.73,140,0.9411764705882353,0.565592928619089,0,11,5000,19,4.013,0.05,FALSE,TRUE
380,0.72,113,0.9117647058823529,0.5932447076660083,0,9,5000,43,6.751,0.05,FALSE,TRUE
381,0.69,108,0.8235294117647057,0.5990792463018011,0,9,5000,80,4.065,0.05,FALSE,TRUE
382,0.71,116,0.8823529411764705,0.5898655980591287,0,14,5000,59,4.049,0.05,FALSE,TRUE
383,0.54,2891,0.38235294117647073,0.172603180668071,0,131,1888,3716,0.001,0.05,FALSE,TRUE
384,0.71,324,0.8823529411764705,0.45696061634596497,0,62,1,9,4.276,0.05,FALSE,TRUE
385,0.7,139,0.8529411764705881,0.5665188286519527,0,34,1,94,5.266,0.05,TRUE,TRUE
386,0.71,154,0.8823529411764705,0.5532780802471933,0,42,1,52,5.043,0.05,FALSE,TRUE
387,0.72,154,0.9117647058823529,0.5532780802471933,0,39,1,69,4.823,0.05,FALSE,TRUE
388,0.71,140,0.8823529411764705,0.565592928619089,0,32,1,90,5.391,0.05,FALSE,TRUE
389,0.72,155,0.9117647058823529,0.5524414959785289,0,40,1,37,4.152,0.05,FALSE,TRUE
390,0.72,93,0.9117647058823529,0.6183392379967955,0,2,5000,60,4.619,0.05,FALSE,TRUE
391,0.74,271,0.9705882352941176,0.48011935964328956,0,13,1,12,4.991,0.05,FALSE,TRUE
392,0.72,122,0.9117647058823529,0.5833598221908964,0,15,5000,31,3.573,0.05,TRUE,TRUE
393,0.71,128,0.8823529411764705,0.5771639652433891,0,23,1,24,4.087,0.05,TRUE,TRUE
394,0.73,165,0.9411764705882353,0.54435887164681,0,21,5000,30,4.372,0.05,FALSE,TRUE
395,0.72,108,0.9117647058823529,0.5990792463018011,0,5,1,47,5.987,0.05,FALSE,TRUE
396,0.7,113,0.8529411764705881,0.5932447076660083,0,12,5000,61,6.043,0.05,TRUE,TRUE
397,0.69,825,0.8235294117647057,0.33561810757955124,0,77,5000,5,5.495,0.05,FALSE,TRUE
398,0.7,96,0.8529411764705881,0.6142523551236223,0,4,5000,73,5.865,0.05,FALSE,TRUE
399,0.7,109,0.8529411764705881,0.5978912160772947,0,8,5000,46,4.153,0.05,FALSE,TRUE
400,0.71,166,0.8823529411764705,0.5435775575537478,0,52,5000,31,4.773,0.05,FALSE,TRUE
401,0.7,199,0.8529411764705881,0.5201195539324872,0,63,5000,16,4.281,0.05,TRUE,TRUE
402,0.72,164,0.9117647058823529,0.5451449066995885,0,46,5000,96,5.679,0.05,TRUE,TRUE
403,0.69,157,0.8235294117647057,0.5507842964282099,0,49,1,89,4.805,0.05,TRUE,TRUE
404,0.71,509,0.8823529411764705,0.39834466148960124,0,71,1,7,4.817,0.05,TRUE,TRUE
405,0.71,138,0.8823529411764705,0.5674513660176805,0,31,1,61,4.734,0.05,TRUE,TRUE
406,0.72,179,0.9117647058823529,0.5338257354113627,0,52,1,43,4.854,0.05,TRUE,TRUE
407,0.71,115,0.8823529411764705,0.5909822435886974,0,13,5,106,5.101,0.05,TRUE,TRUE
408,0.71,141,0.8823529411764705,0.5646735721040181,0,33,1,76,5.033,0.05,TRUE,TRUE
409,0.75,198,1.0,0.5207716275055425,0,2,1,15,4.788,0.05,TRUE,TRUE
410,0.71,145,0.8823529411764705,0.5610597729053488,0,37,5000,35,4.335,0.05,TRUE,TRUE
411,0.72,133,0.9117647058823529,0.5722170419879278,0,22,1,40,4.156,0.05,TRUE,TRUE
412,0.69,122,0.8235294117647057,0.5833598221908964,0,22,5000,80,4.712,0.05,FALSE,TRUE
413,0.71,128,0.8823529411764705,0.5771639652433891,0,23,1,52,4.651,0.05,TRUE,TRUE
414,0.69,153,0.8235294117647057,0.554120079338454,0,46,1,28,4.468,0.05,FALSE,TRUE
415,0.72,136,0.9117647058823529,0.5693367382277859,0,25,5000,21,5.228,0.05,FALSE,TRUE
416,0.7,132,0.8529411764705881,0.5731914915288918,0,31,1,56,4.67,0.05,FALSE,TRUE
417,0.73,155,0.9411764705882353,0.5524414959785289,0,19,1,29,4.992,0.05,FALSE,TRUE
418,0.69,603,0.8235294117647057,0.37633845512928654,0,75,1,5,5.369,0.05,FALSE,TRUE
419,0.7,152,0.8529411764705881,0.5549675638044893,0,44,5000,57,5.032,0.05,FALSE,TRUE
420,0.72,314,0.9117647058823529,0.46102620989653986,0,61,5000,8,4.932,0.05,FALSE,TRUE
421,0.72,148,0.9117647058823529,0.5584138158156702,0,34,1,38,4.88,0.05,FALSE,TRUE
422,0.7,192,0.8529411764705881,0.5247542366626196,0,61,1,16,5.693,0.05,TRUE,TRUE
423,0.73,152,0.9411764705882353,0.5549675638044893,0,17,5000,20,4.6,0.05,FALSE,TRUE
424,0.71,113,0.8823529411764705,0.5932447076660083,0,11,1,49,4.624,0.05,FALSE,TRUE
425,0.7,544,0.8529411764705881,0.3897100346092067,0,74,1,7,4.942,0.05,FALSE,TRUE
426,0.7,112,0.8529411764705881,0.5943908684323334,0,11,1,90,4.956,0.05,FALSE,TRUE
427,0.71,133,0.8823529411764705,0.5722170419879278,0,27,1,75,4.899,0.05,FALSE,TRUE
428,0.73,153,0.9411764705882353,0.554120079338454,0,18,1,19,6.048,0.05,FALSE,TRUE
429,0.75,174,1.0,0.5374904398759706,1,1,1,15,4.679,0.05,FALSE,TRUE
430,0.71,129,0.8823529411764705,0.5761594165802533,0,24,5000,81,4.861,0.05,TRUE,TRUE
431,0.71,127,0.8823529411764705,0.5781763314844515,0,22,5000,27,5.118,0.05,TRUE,TRUE
432,0.71,177,0.8823529411764705,0.5352792522697396,0,56,5,114,5.044,0.05,FALSE,TRUE
433,0.68,208,0.7941176470588237,0.5143934674959278,0,64,1,237,4.828,0.05,TRUE,TRUE
434,0.69,132,0.8235294117647057,0.5731914915288918,0,32,1,175,5.19,0.05,FALSE,TRUE
435,0.69,153,0.8235294117647057,0.554120079338454,0,46,5000,240,5.048,0.05,TRUE,TRUE
436,0.69,135,0.8235294117647057,0.5702897711015957,0,34,1,194,5.03,0.05,TRUE,TRUE
437,0.69,141,0.8235294117647057,0.5646735721040181,0,38,1,243,5.233,0.05,FALSE,TRUE
438,0.68,156,0.7941176470588237,0.5516102573327392,0,49,1,265,5.102,0.05,TRUE,TRUE
439,0.7,158,0.8529411764705881,0.5499635466681703,0,49,3,139,5.065,0.05,TRUE,TRUE
440,0.73,108,0.9411764705882353,0.5990792463018011,1,1,1,170,5.063,0.05,TRUE,TRUE
441,0.67,143,0.7647058823529413,0.5628541241873448,0,40,1,223,5.126,0.05,TRUE,TRUE
442,0.72,109,0.9117647058823529,0.5978912160772947,0,6,1,44,4.289,0.05,FALSE,TRUE
443,0.71,164,0.8823529411764705,0.5451449066995885,0,50,5000,16,4.469,0.05,FALSE,TRUE
444,0.73,230,0.9411764705882353,0.5013737699607477,0,29,1,13,3.989,0.05,TRUE,TRUE
445,0.69,134,0.8235294117647057,0.5712498374919626,0,33,5000,28,5.885,0.05,TRUE,TRUE
446,0.72,146,0.9117647058823529,0.5601717939937116,0,33,5000,35,4.415,0.05,FALSE,TRUE
447,0.71,142,0.8823529411764705,0.5637606672667547,0,34,1,75,5.469,0.05,FALSE,TRUE
448,0.69,135,0.8235294117647057,0.5702897711015957,0,34,1,259,5.062,0.05,FALSE,TRUE
449,0.68,187,0.7941176470588237,0.5281688265384894,0,61,5000,269,5.45,0.05,FALSE,TRUE
450,0.71,111,0.8823529411764705,0.5955472174279348,0,9,5000,129,5.12,0.05,FALSE,TRUE
451,0.71,143,0.8823529411764705,0.5628541241873448,0,35,5000,185,5.212,0.05,FALSE,TRUE
452,0.68,187,0.7941176470588237,0.5281688265384894,0,61,1,242,5.385,0.05,TRUE,TRUE
453,0.71,118,0.8823529411764705,0.5876606570450791,0,16,3,156,5.131,0.05,FALSE,TRUE
454,0.7,128,0.8529411764705881,0.5771639652433891,0,27,1,155,5.073,0.05,TRUE,TRUE
455,0.71,136,0.8823529411764705,0.5693367382277859,0,30,5,122,4.97,0.05,TRUE,TRUE
456,0.67,137,0.7647058823529413,0.5683906365634748,0,36,5000,264,4.764,0.05,TRUE,TRUE
457,0.69,135,0.8235294117647057,0.5702897711015957,0,34,1,219,5.239,0.05,FALSE,TRUE
458,0.7,143,0.8529411764705881,0.5628541241873448,0,38,3,139,5.095,0.05,FALSE,TRUE
459,0.69,163,0.8235294117647057,0.5459357201102966,0,52,1,199,5.183,0.05,FALSE,TRUE
460,0.68,173,0.7941176470588237,0.538235934210991,0,58,5000,281,5.534,0.05,TRUE,TRUE
461,0.69,151,0.8235294117647057,0.5558206055854086,0,44,5000,158,5.173,0.05,FALSE,TRUE
462,0.71,122,0.8823529411764705,0.5833598221908964,0,18,5000,214,5.202,0.05,FALSE,TRUE
463,0.68,139,0.7941176470588237,0.5665188286519527,0,37,1,293,5.416,0.05,TRUE,TRUE
464,0.72,128,0.9117647058823529,0.5771639652433891,0,19,4999,118,5.082,0.05,FALSE,TRUE
465,0.7,102,0.8529411764705881,0.6064447079403026,0,5,4599,143,5.172,0.05,FALSE,TRUE
466,0.7,140,0.8529411764705881,0.565592928619089,0,35,5000,198,5.216,0.05,FALSE,TRUE
467,0.68,174,0.7941176470588237,0.5374904398759706,0,59,1,293,6.24,0.05,TRUE,TRUE
468,0.7,116,0.8529411764705881,0.5898655980591287,0,15,5000,155,5.137,0.05,TRUE,TRUE
469,0.69,143,0.8235294117647057,0.5628541241873448,0,39,1,219,5.94,0.05,FALSE,TRUE
470,0.69,138,0.8235294117647057,0.5674513660176805,0,35,5000,216,4.772,0.05,TRUE,TRUE
471,0.69,121,0.8235294117647057,0.5844217742551037,0,21,5000,104,4.941,0.05,FALSE,TRUE
472,0.69,119,0.8235294117647057,0.5865720447890692,0,19,5000,240,5.237,0.05,FALSE,TRUE
473,0.56,798,0.4411764705882355,0.3399414432390214,0,88,4073,1151,5.822,0.05,TRUE,TRUE
474,0.73,125,0.9411764705882353,0.5802250101308282,0,5,5000,170,5.125,0.05,FALSE,TRUE
475,0.68,142,0.7941176470588237,0.5637606672667547,0,39,1,179,5.025,0.05,TRUE,TRUE
476,0.7,109,0.8529411764705881,0.5978912160772947,0,8,2,126,5.098,0.05,FALSE,TRUE
477,0.69,126,0.8235294117647057,0.5791966379339848,0,26,5000,191,5.116,0.05,TRUE,TRUE
478,0.69,116,0.8235294117647057,0.5898655980591287,0,16,1,206,5.06,0.05,TRUE,TRUE
479,0.72,145,0.9117647058823529,0.5610597729053488,0,32,1,102,5.033,0.05,FALSE,TRUE
480,0.71,145,0.8823529411764705,0.5610597729053488,0,37,1,52,6.637,0.05,FALSE,TRUE
481,0.72,135,0.9117647058823529,0.5702897711015957,0,24,1,29,4.489,0.05,TRUE,TRUE
482,0.71,148,0.8823529411764705,0.5584138158156702,0,38,1,92,7.516,0.05,FALSE,TRUE
483,0.68,154,0.7941176470588237,0.5532780802471933,0,48,1,134,7.153,0.004,FALSE,TRUE
484,0.71,131,0.8823529411764705,0.5741732954755705,0,25,5000,95,6.439,0.05,FALSE,TRUE
485,0.73,142,0.9411764705882353,0.5637606672667547,0,13,1,53,4.089,0.05,TRUE,TRUE
486,0.72,161,0.9117647058823529,0.5475319168902384,0,44,1,107,7.031,0.05,TRUE,TRUE
487,0.7,129,0.8529411764705881,0.5761594165802533,0,28,5000,50,4.371,0.05,TRUE,TRUE
488,0.71,176,0.8823529411764705,0.53601214663328,0,55,5000,117,8.285,0.05,FALSE,TRUE
489,0.71,123,0.8823529411764705,0.5823064690231754,0,19,5000,81,5.612,0.05,FALSE,TRUE
490,0.71,148,0.8823529411764705,0.5584138158156702,0,38,1,91,6.743,0.05,FALSE,TRUE
491,0.69,4808,0.8235294117647057,0.1064479113469331,0,81,1,2,4.502,0.05,FALSE,TRUE
492,0.71,6011,0.8823529411764705,0.07740329296511061,0,74,5000,2,3.59,0.05,FALSE,TRUE
493,0.65,7090,0.7058823529411765,0.05592974265915385,0,93,1,2,4.331,0.028,FALSE,TRUE
494,0.69,854,0.8235294117647057,0.33112918659570767,0,78,1,5,4.618,0.036,TRUE,TRUE
495,0.66,5842,0.735294117647059,0.08111251776055872,0,90,3107,2,4.656,0.03,FALSE,TRUE
496,0.74,161,0.9705882352941176,0.5475319168902384,0,5,1,23,3.58,0.05,TRUE,TRUE
497,0.69,156,0.8235294117647057,0.5516102573327392,0,48,37,243,8.26,0.05,TRUE,TRUE
498,0.69,122,0.8235294117647057,0.5833598221908964,0,22,1,89,2.418,0.05,TRUE,TRUE
499,0.7,110,0.8529411764705881,0.5967139374049617,0,9,5000,94,7.597,0.05,FALSE,TRUE
500,0.72,138,0.9117647058823529,0.5674513660176805,0,27,5000,66,3.846,0.05,TRUE,TRUE
501,0.71,108,0.8823529411764705,0.5990792463018011,0,6,5000,132,7.587,0.05,FALSE,TRUE
502,0.71,124,0.8823529411764705,0.5812615766148113,0,20,1,40,3.602,0.05,FALSE,TRUE
503,0.55,1334,0.4117647058823531,0.27316373119943893,0,102,2428,2117,0.001,0.05,FALSE,TRUE
504,0.54,1845,0.38235294117647073,0.23100340014257748,0,110,185,1992,0.001,0.05,FALSE,TRUE
505,0.69,117,0.8235294117647057,0.5887584560109862,0,17,5000,92,6.645,0.008,FALSE,TRUE
506,0.72,125,0.9117647058823529,0.5802250101308282,0,17,1,69,3.339,0.05,TRUE,TRUE
507,0.72,149,0.9117647058823529,0.5575436560130871,0,35,5000,53,6.124,0.05,FALSE,TRUE
508,0.67,113,0.7647058823529413,0.5932447076660083,0,14,1,193,10.0,0.05,FALSE,TRUE
509,0.68,132,0.7941176470588237,0.5731914915288918,0,33,1,68,4.968,0.05,TRUE,TRUE
510,0.71,109,0.8823529411764705,0.5978912160772947,0,7,5000,185,9.02,0.05,FALSE,TRUE
511,0.72,124,0.9117647058823529,0.5812615766148113,0,16,1,40,3.621,0.05,TRUE,TRUE
512,0.72,231,0.9117647058823529,0.5008118321303913,0,56,1,10,3.581,0.05,TRUE,TRUE
513,0.72,157,0.9117647058823529,0.5507842964282099,0,42,5000,31,3.5,0.05,FALSE,TRUE
514,0.7,134,0.8529411764705881,0.5712498374919626,0,32,5000,151,10.0,0.05,FALSE,TRUE
515,0.66,110,0.735294117647059,0.5967139374049617,0,11,1,163,10.0,0.05,FALSE,TRUE
516,0.73,311,0.9411764705882353,0.4622710845202228,0,35,1,10,3.728,0.05,FALSE,TRUE
517,0.7,121,0.8529411764705881,0.5844217742551037,0,20,5000,139,9.106,0.05,TRUE,TRUE
518,0.69,153,0.8235294117647057,0.554120079338454,0,46,1,162,8.681,0.05,FALSE,TRUE
519,0.74,132,0.9705882352941176,0.5731914915288918,0,2,1,23,3.51,0.05,FALSE,TRUE
520,0.69,132,0.8235294117647057,0.5731914915288918,0,32,5000,51,3.623,0.05,TRUE,TRUE
521,0.72,101,0.9117647058823529,0.6077138731821956,0,3,5000,96,7.075,0.05,TRUE,TRUE
522,0.71,136,0.8823529411764705,0.5693367382277859,0,30,1,61,4.137,0.05,TRUE,TRUE
523,0.71,122,0.8823529411764705,0.5833598221908964,0,18,5000,132,7.588,0.05,TRUE,TRUE
524,0.69,121,0.8235294117647057,0.5844217742551037,0,21,1,158,7.785,0.05,FALSE,TRUE
525,0.69,113,0.8235294117647057,0.5932447076660083,0,13,1,79,4.462,0.05,TRUE,TRUE
526,0.71,136,0.8823529411764705,0.5693367382277859,0,30,1,31,3.959,0.05,TRUE,TRUE
527,0.7,126,0.8529411764705881,0.5791966379339848,0,25,5000,217,10.0,0.05,FALSE,TRUE
528,0.73,348,0.9411764705882353,0.44769224156271403,0,37,1,10,3.899,0.05,TRUE,TRUE
529,0.7,1216,0.8529411764705881,0.2852024345785369,0,75,1,3,3.943,0.05,TRUE,TRUE
530,0.73,141,0.9411764705882353,0.5646735721040181,0,12,1,29,3.705,0.05,TRUE,TRUE
531,0.73,152,0.9411764705882353,0.5549675638044893,0,17,1,37,4.038,0.05,TRUE,TRUE
532,0.71,153,0.8823529411764705,0.554120079338454,0,41,1,18,3.335,0.05,TRUE,TRUE
533,0.74,259,0.9705882352941176,0.4859890051219471,0,12,5000,12,3.722,0.05,TRUE,TRUE
534,0.72,138,0.9117647058823529,0.5674513660176805,0,27,1,21,3.98,0.05,TRUE,TRUE
535,0.71,126,0.8823529411764705,0.5791966379339848,0,21,1,47,4.023,0.05,TRUE,TRUE
536,0.7,185,0.8529411764705881,0.529560159645469,0,59,5000,16,3.645,0.05,FALSE,TRUE
537,0.69,144,0.8235294117647057,0.5619538548127154,0,40,1,28,3.822,0.05,FALSE,TRUE
538,0.73,427,0.9411764705882353,0.4211475367796036,0,40,1,4,3.543,0.05,TRUE,TRUE
539,0.72,355,0.9117647058823529,0.44510884081143354,0,64,1,4,4.297,0.05,TRUE,TRUE
540,0.7,122,0.8529411764705881,0.5833598221908964,0,21,5000,154,8.647,0.05,FALSE,TRUE
541,0.69,115,0.8235294117647057,0.5909822435886974,0,15,5000,162,10.0,0.05,TRUE,TRUE
542,0.69,105,0.8235294117647057,0.6027098560458767,0,8,5000,144,8.343,0.05,TRUE,TRUE
543,0.71,169,0.8823529411764705,0.5412613823256136,0,54,1,188,9.901,0.05,TRUE,TRUE
544,0.72,146,0.9117647058823529,0.5601717939937116,0,33,1,38,3.307,0.05,TRUE,TRUE
545,0.7,123,0.8529411764705881,0.5823064690231754,0,22,5000,144,8.155,0.05,FALSE,TRUE
546,0.68,138,0.7941176470588237,0.5674513660176805,0,36,5000,222,8.88,0.05,FALSE,TRUE
547,0.71,258,0.8823529411764705,0.4864903098095392,0,61,1,18,3.614,0.05,TRUE,TRUE
548,0.73,136,0.9411764705882353,0.5693367382277859,0,9,1,27,4.115,0.05,TRUE,TRUE
549,0.71,149,0.8823529411764705,0.5575436560130871,0,39,1,45,4.425,0.05,TRUE,TRUE
550,0.71,118,0.8823529411764705,0.5876606570450791,0,16,1,52,3.856,0.05,FALSE,TRUE
551,0.7,189,0.8529411764705881,0.5267922168094266,0,60,5000,22,3.246,0.05,TRUE,TRUE
552,0.7,139,0.8529411764705881,0.5665188286519527,0,34,1,33,4.287,0.05,TRUE,TRUE
553,0.72,140,0.9117647058823529,0.565592928619089,0,29,1,85,4.569,0.05,TRUE,TRUE
554,0.71,143,0.8823529411764705,0.5628541241873448,0,35,1,48,3.672,0.05,TRUE,TRUE
555,0.72,146,0.9117647058823529,0.5601717939937116,0,33,1,74,4.413,0.05,TRUE,TRUE
556,0.74,205,0.9705882352941176,0.5162742964819965,0,10,1,17,4.003,0.05,TRUE,TRUE
557,0.72,127,0.9117647058823529,0.5781763314844515,0,18,5000,69,4.41,0.05,TRUE,TRUE
558,0.71,118,0.8823529411764705,0.5876606570450791,0,16,1,77,3.038,0.05,FALSE,TRUE
559,0.68,123,0.7941176470588237,0.5823064690231754,0,23,1,68,4.368,0.05,TRUE,TRUE
560,0.71,136,0.8823529411764705,0.5693367382277859,0,30,5000,93,4.832,0.05,TRUE,TRUE
561,0.72,116,0.9117647058823529,0.5898655980591287,0,11,4983,43,4.163,0.05,TRUE,TRUE
562,0.73,167,0.9411764705882353,0.5428009080502283,0,22,5000,19,3.874,0.05,TRUE,TRUE
563,0.72,132,0.9117647058823529,0.5731914915288918,0,21,5000,60,4.478,0.05,TRUE,TRUE
564,0.72,330,0.9117647058823529,0.454580884031926,0,62,1,9,4.288,0.05,TRUE,TRUE
565,0.7,153,0.8529411764705881,0.554120079338454,0,45,5000,120,10.0,0.05,TRUE,TRUE
566,0.69,127,0.8235294117647057,0.5781763314844515,0,27,5000,82,4.362,0.05,TRUE,TRUE
567,0.72,142,0.9117647058823529,0.5637606672667547,0,31,5000,36,3.801,0.05,TRUE,TRUE
568,0.73,329,0.9411764705882353,0.4549744952412823,0,36,5000,10,4.52,0.05,TRUE,TRUE
569,0.71,144,0.8823529411764705,0.5619538548127154,0,36,1,64,4.256,0.05,TRUE,TRUE
570,0.71,138,0.8823529411764705,0.5674513660176805,0,31,1,18,4.395,0.05,TRUE,TRUE
571,0.73,122,0.9411764705882353,0.5833598221908964,0,4,5000,26,4.276,0.05,TRUE,TRUE
572,0.68,166,0.7941176470588237,0.5435775575537478,0,54,5000,244,8.849,0.05,TRUE,TRUE
573,0.71,165,0.8823529411764705,0.54435887164681,0,51,5000,185,9.36,0.029,TRUE,TRUE
574,0.7,131,0.8529411764705881,0.5741732954755705,0,30,1,55,4.213,0.05,TRUE,TRUE
575,0.7,119,0.8529411764705881,0.5865720447890692,0,18,5000,51,3.654,0.05,FALSE,TRUE
576,0.7,142,0.8529411764705881,0.5637606672667547,0,37,5000,182,8.636,0.05,TRUE,TRUE
577,0.73,128,0.9411764705882353,0.5771639652433891,0,7,1,26,3.648,0.05,TRUE,TRUE
578,0.72,128,0.9117647058823529,0.5771639652433891,0,19,5000,26,4.116,0.05,FALSE,TRUE
579,0.72,115,0.9117647058823529,0.5909822435886974,0,10,1,69,4.353,0.05,FALSE,TRUE
580,0.72,155,0.9117647058823529,0.5524414959785289,0,40,5000,152,10.0,0.02,TRUE,TRUE
581,0.72,112,0.9117647058823529,0.5943908684323334,0,8,1,37,4.42,0.05,TRUE,TRUE
582,0.73,219,0.9411764705882353,0.5077208046189886,0,28,1,17,3.971,0.05,FALSE,TRUE
583,0.69,178,0.8235294117647057,0.5345504637785132,0,59,5000,28,3.362,0.05,TRUE,TRUE
584,0.68,120,0.7941176470588237,0.5854924667637962,0,20,1,168,10.0,0.008,TRUE,TRUE
585,0.71,527,0.8823529411764705,0.39383247255895826,0,72,1,7,3.88,0.05,TRUE,TRUE
586,0.52,6672,0.323529411764706,0.06383350314676639,0,154,4311,3399,0.001,0.0,TRUE,TRUE
587,0.7,147,0.8529411764705881,0.559289835324362,0,41,5000,55,3.9,0.05,TRUE,TRUE
588,0.74,161,0.9705882352941176,0.5475319168902384,0,5,5000,23,3.93,0.05,TRUE,TRUE
589,0.69,5174,0.8235294117647057,0.09690590380057951,0,84,5000,2,4.141,0.05,TRUE,TRUE
590,0.71,141,0.8823529411764705,0.5646735721040181,0,33,1,52,3.946,0.05,TRUE,TRUE
591,0.72,383,0.9117647058823529,0.4352596106484389,0,67,5000,8,3.617,0.05,TRUE,TRUE
592,0.72,110,0.9117647058823529,0.5967139374049617,0,7,1,44,3.704,0.05,TRUE,TRUE
593,0.72,132,0.9117647058823529,0.5731914915288918,0,21,1,32,3.986,0.05,FALSE,TRUE
594,0.72,376,0.9117647058823529,0.437652894543869,0,66,5000,9,3.28,0.05,TRUE,TRUE
595,0.71,152,0.8823529411764705,0.5549675638044893,0,40,1,49,4.194,0.05,TRUE,TRUE
596,0.71,114,0.8823529411764705,0.592108557165199,0,12,5000,95,9.998,0.05,TRUE,TRUE
597,0.71,109,0.8823529411764705,0.5978912160772947,0,7,2,86,4.374,0.05,FALSE,TRUE
598,0.7,149,0.8529411764705881,0.5575436560130871,0,42,5000,97,8.701,0.05,TRUE,TRUE
599,0.72,178,0.9117647058823529,0.5345504637785132,0,51,1,30,3.064,0.05,TRUE,TRUE
600,0.73,234,0.9411764705882353,0.49914043776250727,0,30,5000,12,4.073,0.05,FALSE,TRUE
601,0.72,176,0.9117647058823529,0.53601214663328,0,50,1,34,3.954,0.05,TRUE,TRUE
602,0.71,140,0.8823529411764705,0.565592928619089,0,32,2,86,4.223,0.05,TRUE,TRUE
603,0.72,201,0.9117647058823529,0.5188251312581402,0,53,1,14,3.589,0.05,TRUE,TRUE
604,0.69,4341,0.8235294117647057,0.11973697413400097,0,79,1,2,3.823,0.05,TRUE,TRUE
605,0.7,125,0.8529411764705881,0.5802250101308282,0,24,1,57,4.437,0.05,TRUE,TRUE
606,0.73,294,0.9411764705882353,0.469559655776698,0,34,1,8,3.353,0.05,TRUE,TRUE
607,0.72,145,0.9117647058823529,0.5610597729053488,0,32,1,44,4.032,0.05,TRUE,TRUE
608,0.7,251,0.8529411764705881,0.490054598672522,0,64,1,16,3.002,0.05,TRUE,TRUE
609,0.71,178,0.8823529411764705,0.5345504637785132,0,57,1,18,3.474,0.05,FALSE,TRUE
610,0.72,121,0.9117647058823529,0.5844217742551037,0,14,4983,43,4.041,0.05,FALSE,TRUE
611,0.71,166,0.8823529411764705,0.5435775575537478,0,52,5000,65,4.269,0.05,FALSE,TRUE
612,0.71,134,0.8823529411764705,0.5712498374919626,0,28,5000,63,5.057,0.05,TRUE,TRUE
613,0.73,178,0.9411764705882353,0.5345504637785132,0,26,1,169,8.111,0.05,TRUE,TRUE
614,0.68,118,0.7941176470588237,0.5876606570450791,0,18,5000,223,10.0,0.05,TRUE,TRUE
615,0.71,164,0.8823529411764705,0.5451449066995885,0,50,2,59,3.851,0.05,TRUE,TRUE
616,0.72,165,0.9117647058823529,0.54435887164681,0,47,1,53,3.7,0.05,TRUE,TRUE
617,0.69,183,0.8235294117647057,0.5309665344828749,0,60,5000,158,7.203,0.05,FALSE,TRUE
618,0.7,125,0.8529411764705881,0.5802250101308282,0,24,5000,56,2.928,0.05,FALSE,TRUE
619,0.72,141,0.9117647058823529,0.5646735721040181,0,30,1,44,3.768,0.05,FALSE,TRUE
620,0.71,416,0.8823529411764705,0.42453464518166795,0,69,1,7,3.614,0.05,TRUE,TRUE
621,0.71,133,0.8823529411764705,0.5722170419879278,0,27,5000,54,3.954,0.05,FALSE,TRUE
622,0.72,141,0.9117647058823529,0.5646735721040181,0,30,1,66,3.799,0.05,TRUE,TRUE
623,0.72,125,0.9117647058823529,0.5802250101308282,0,17,1,34,3.649,0.05,TRUE,TRUE
624,0.7,142,0.8529411764705881,0.5637606672667547,0,37,1,64,4.25,0.05,FALSE,TRUE
625,0.74,153,0.9705882352941176,0.554120079338454,0,4,5000,23,3.408,0.05,FALSE,TRUE
626,0.73,144,0.9411764705882353,0.5619538548127154,0,14,1,53,4.227,0.05,FALSE,TRUE
627,0.69,129,0.8235294117647057,0.5761594165802533,0,29,5000,173,8.835,0.011,TRUE,TRUE
628,0.7,121,0.8529411764705881,0.5844217742551037,0,20,795,2,0.001,0.026,TRUE,FALSE
629,0.7,129,0.8529411764705881,0.5761594165802533,0,28,5000,2,0.001,0.011,TRUE,FALSE
630,0.7,151,0.8529411764705881,0.5558206055854086,0,43,5000,50,4.304,0.05,FALSE,TRUE
631,0.7,166,0.8529411764705881,0.5435775575537478,0,53,2,87,8.298,0.05,TRUE,TRUE
632,0.72,175,0.9117647058823529,0.5367491933949708,0,49,1,19,3.827,0.05,TRUE,TRUE
633,0.72,354,0.9117647058823529,0.44547477186972984,0,63,5000,10,3.851,0.05,FALSE,TRUE
634,0.69,121,0.8235294117647057,0.5844217742551037,0,21,5000,82,8.403,0.05,FALSE,TRUE
635,0.52,6931,0.323529411764706,0.05887988783897724,0,155,1,3702,10.0,0.0,FALSE,TRUE
636,0.71,110,0.8823529411764705,0.5967139374049617,0,8,5000,75,4.556,0.05,FALSE,TRUE
637,0.7,130,0.8529411764705881,0.575162565683648,0,29,5000,55,4.476,0.05,FALSE,TRUE
638,0.7,126,0.8529411764705881,0.5791966379339848,0,25,5000,56,2.887,0.05,TRUE,TRUE
639,0.74,172,0.9705882352941176,0.5389857253670536,0,7,5000,23,3.837,0.05,FALSE,TRUE
640,0.72,142,0.9117647058823529,0.5637606672667547,0,31,1,44,4.013,0.05,FALSE,TRUE
641,0.7,120,0.8529411764705881,0.5854924667637962,0,19,1,2,0.001,0.032,TRUE,FALSE
642,0.73,127,0.9411764705882353,0.5781763314844515,0,6,1,39,3.16,0.05,FALSE,TRUE
643,0.71,131,0.8823529411764705,0.5741732954755705,0,25,1,33,4.353,0.05,FALSE,TRUE
644,0.74,370,0.9705882352941176,0.4397399190727477,0,14,1,12,4.036,0.05,FALSE,TRUE
645,0.69,117,0.8235294117647057,0.5887584560109862,0,17,1,92,7.371,0.01,TRUE,TRUE
646,0.7,126,0.8529411764705881,0.5791966379339848,0,25,795,2,0.001,0.017,TRUE,FALSE
647,0.72,117,0.9117647058823529,0.5887584560109862,0,12,1,74,4.44,0.05,FALSE,TRUE
648,0.67,1942,0.7647058823529413,0.22434130825894916,0,79,5000,7,3.674,0.004,TRUE,TRUE
649,0.72,201,0.9117647058823529,0.5188251312581402,0,53,4983,38,4.108,0.05,FALSE,TRUE
650,0.7,128,0.8529411764705881,0.5771639652433891,0,27,1,2,0.001,0.007,TRUE,FALSE
651,0.71,141,0.8823529411764705,0.5646735721040181,0,33,1,24,3.851,0.05,FALSE,TRUE
652,0.7,528,0.8529411764705881,0.39358632602299237,0,73,5000,7,3.695,0.05,FALSE,TRUE
653,0.71,159,0.8823529411764705,0.5491479427084693,0,47,1,44,4.229,0.006,TRUE,TRUE
654,0.72,296,0.9117647058823529,0.4686806767201578,0,59,1,10,3.383,0.05,FALSE,TRUE
655,0.71,131,0.8823529411764705,0.5741732954755705,0,25,5000,31,3.854,0.05,FALSE,TRUE
656,0.72,129,0.9117647058823529,0.5761594165802533,0,20,1,29,3.528,0.05,FALSE,TRUE
657,0.63,153,0.6470588235294118,0.554120079338454,0,49,5000,301,4.497,0.043,TRUE,TRUE
658,0.71,117,0.8823529411764705,0.5887584560109862,0,15,5000,82,10.0,0.014,TRUE,TRUE
659,0.71,120,0.8823529411764705,0.5854924667637962,0,17,5000,130,10.0,0.05,TRUE,TRUE
660,0.71,180,0.8823529411764705,0.5331050221804168,0,58,1,18,3.247,0.05,FALSE,TRUE
661,0.7,142,0.8529411764705881,0.5637606672667547,0,37,5000,2,0.001,0.023,TRUE,FALSE
662,0.7,157,0.8529411764705881,0.5507842964282099,0,48,5000,136,7.042,0.04,TRUE,TRUE
663,0.72,149,0.9117647058823529,0.5575436560130871,0,35,1,49,4.336,0.044,TRUE,TRUE
664,0.7,124,0.8529411764705881,0.5812615766148113,0,23,795,2,0.001,0.042,TRUE,FALSE
665,0.72,133,0.9117647058823529,0.5722170419879278,0,22,1,34,3.635,0.05,FALSE,TRUE
666,0.69,127,0.8235294117647057,0.5781763314844515,0,27,1,57,3.975,0.05,FALSE,TRUE
667,0.69,153,0.8235294117647057,0.554120079338454,0,46,1,79,4.449,0.05,FALSE,TRUE
668,0.72,219,0.9117647058823529,0.5077208046189886,0,54,1,14,3.653,0.05,FALSE,TRUE
669,0.72,367,0.9117647058823529,0.44079612302456883,0,65,1,4,3.56,0.05,FALSE,TRUE
670,0.73,554,0.9411764705882353,0.38734472571236744,0,42,1,6,3.901,0.05,FALSE,TRUE
671,0.72,122,0.9117647058823529,0.5833598221908964,0,15,1,96,6.591,0.05,FALSE,TRUE
672,0.71,129,0.8823529411764705,0.5761594165802533,0,24,1,27,4.09,0.05,FALSE,TRUE
673,0.7,118,0.8529411764705881,0.5876606570450791,0,17,5000,2,0.001,0.044,TRUE,FALSE
674,0.71,112,0.8823529411764705,0.5943908684323334,0,10,5000,95,6.469,0.05,TRUE,TRUE
675,0.72,108,0.9117647058823529,0.5990792463018011,0,5,1,75,4.139,0.05,FALSE,TRUE
676,0.72,112,0.9117647058823529,0.5943908684323334,0,8,1,36,3.939,0.05,FALSE,TRUE
677,0.71,136,0.8823529411764705,0.5693367382277859,0,30,5000,72,4.159,0.05,FALSE,TRUE
678,0.7,168,0.8529411764705881,0.542028867769713,0,55,1,158,7.882,0.012,FALSE,TRUE
679,0.71,120,0.8823529411764705,0.5854924667637962,0,17,1,49,4.185,0.05,FALSE,TRUE
680,0.7,125,0.8529411764705881,0.5802250101308282,0,24,5000,2,0.001,0.029,TRUE,FALSE
681,0.71,109,0.8823529411764705,0.5978912160772947,0,7,5000,130,8.654,0.006,TRUE,TRUE
682,0.72,132,0.9117647058823529,0.5731914915288918,0,21,1,21,3.867,0.05,FALSE,TRUE
683,0.7,155,0.8529411764705881,0.5524414959785289,0,47,5000,16,3.993,0.05,FALSE,TRUE
684,0.72,133,0.9117647058823529,0.5722170419879278,0,22,1,69,4.022,0.05,TRUE,TRUE
685,0.68,149,0.7941176470588237,0.5575436560130871,0,43,1,71,4.308,0.05,TRUE,TRUE
686,0.66,198,0.735294117647059,0.5207716275055425,0,63,5000,247,9.494,0.05,TRUE,TRUE
687,0.71,120,0.8823529411764705,0.5854924667637962,0,17,5000,92,7.147,0.05,FALSE,TRUE
688,0.7,154,0.8529411764705881,0.5532780802471933,0,46,5000,2,0.001,0.015,TRUE,FALSE
689,0.71,110,0.8823529411764705,0.5967139374049617,0,8,4868,129,10.0,0.009,FALSE,TRUE
690,0.73,167,0.9411764705882353,0.5428009080502283,0,22,5000,17,2.949,0.05,TRUE,TRUE
691,0.71,111,0.8823529411764705,0.5955472174279348,0,9,1,42,3.95,0.05,TRUE,TRUE
692,0.69,103,0.8235294117647057,0.6051878053562353,0,6,1,158,7.56,0.05,TRUE,TRUE
693,0.71,133,0.8823529411764705,0.5722170419879278,0,27,5000,81,4.369,0.05,FALSE,TRUE
694,0.72,152,0.9117647058823529,0.5549675638044893,0,37,1,29,3.876,0.05,TRUE,TRUE
695,0.52,5357,0.323529411764706,0.09238514542851561,0,151,1811,4091,10.0,0.0,TRUE,TRUE
696,0.7,6255,0.8529411764705881,0.07222791680848872,0,83,1,2,3.916,0.05,FALSE,TRUE
697,0.69,150,0.8235294117647057,0.5566792780458989,0,43,5000,92,6.698,0.008,TRUE,TRUE
698,0.71,426,0.8823529411764705,0.42145183728197466,0,70,1,4,3.325,0.05,TRUE,TRUE
699,0.7,167,0.8529411764705881,0.5428009080502283,0,54,5000,22,3.199,0.05,FALSE,TRUE
700,0.73,153,0.9411764705882353,0.554120079338454,0,18,1,19,3.678,0.05,FALSE,TRUE
701,0.73,517,0.9411764705882353,0.39631989835123305,0,41,5000,9,3.282,0.05,FALSE,TRUE
702,0.75,221,1.0,0.5065435259466556,0,3,1,15,3.774,0.05,TRUE,TRUE
703,0.71,123,0.8823529411764705,0.5823064690231754,0,19,5000,47,3.443,0.05,FALSE,TRUE
704,0.7,93,0.8529411764705881,0.6183392379967955,0,3,1,96,6.912,0.005,TRUE,TRUE
705,0.7,127,0.8529411764705881,0.5781763314844515,0,26,5000,144,8.275,0.011,FALSE,TRUE
706,0.7,131,0.8529411764705881,0.5741732954755705,0,30,1,58,4.146,0.05,TRUE,TRUE
707,0.73,172,0.9411764705882353,0.5389857253670536,0,24,1,17,4.054,0.046,TRUE,TRUE
708,0.7,155,0.8529411764705881,0.5524414959785289,0,47,5000,153,10.0,0.05,FALSE,TRUE
709,0.73,174,0.9411764705882353,0.5374904398759706,0,25,1,37,3.704,0.05,TRUE,TRUE
710,0.73,138,0.9411764705882353,0.5674513660176805,0,10,5000,30,4.033,0.05,TRUE,TRUE
711,0.72,137,0.9117647058823529,0.5683906365634748,0,26,1,40,3.786,0.05,TRUE,TRUE
712,0.71,123,0.8823529411764705,0.5823064690231754,0,19,1,48,3.814,0.05,FALSE,TRUE
713,0.72,136,0.9117647058823529,0.5693367382277859,0,25,5000,152,10.0,0.012,TRUE,TRUE
714,0.71,138,0.8823529411764705,0.5674513660176805,0,31,1,24,3.877,0.05,TRUE,TRUE
715,0.72,151,0.9117647058823529,0.5558206055854086,0,36,5000,182,8.923,0.014,TRUE,TRUE
716,0.65,172,0.7058823529411765,0.5389857253670536,0,58,1,258,7.126,0.012,TRUE,TRUE
717,0.71,157,0.8823529411764705,0.5507842964282099,0,45,5000,72,4.084,0.05,TRUE,TRUE
718,0.72,299,0.9117647058823529,0.4673732445547809,0,60,1,14,3.362,0.05,TRUE,TRUE
719,0.7,144,0.8529411764705881,0.5619538548127154,0,39,5000,178,8.219,0.05,FALSE,TRUE
720,0.7,124,0.8529411764705881,0.5812615766148113,0,23,1,55,3.222,0.05,FALSE,TRUE
721,0.7,125,0.8529411764705881,0.5802250101308282,0,24,1,61,2.896,0.05,TRUE,TRUE
722,0.71,253,0.8823529411764705,0.4890262264756787,0,60,5000,132,7.665,0.006,FALSE,TRUE
723,0.72,160,0.9117647058823529,0.5483374204263582,0,43,1,21,4.242,0.05,TRUE,TRUE
724,0.71,770,0.8823529411764705,0.3445820312750534,0,73,1,5,3.647,0.05,TRUE,TRUE
725,0.7,144,0.8529411764705881,0.5619538548127154,0,39,5000,2,0.001,0.007,TRUE,FALSE
726,0.7,111,0.8529411764705881,0.5955472174279348,0,10,5000,144,8.799,0.009,TRUE,TRUE
727,0.72,127,0.9117647058823529,0.5781763314844515,0,18,3003,43,4.275,0.05,TRUE,TRUE
728,0.73,422,0.9411764705882353,0.4226762077830767,0,39,1,10,3.4,0.05,TRUE,TRUE
729,0.71,152,0.8823529411764705,0.5549675638044893,0,40,5000,16,3.732,0.05,TRUE,TRUE
730,0.72,125,0.9117647058823529,0.5802250101308282,0,17,1,21,3.687,0.05,TRUE,TRUE
731,0.69,128,0.8235294117647057,0.5771639652433891,0,28,1,28,3.679,0.05,TRUE,TRUE
732,0.69,6434,0.8235294117647057,0.06855801390213534,0,89,1,2,3.579,0.05,TRUE,TRUE
733,0.71,156,0.8823529411764705,0.5516102573327392,0,44,1,81,3.924,0.05,TRUE,TRUE
734,0.73,245,0.9411764705882353,0.49318941073259026,0,31,1,12,3.641,0.05,TRUE,TRUE
735,0.74,137,0.9705882352941176,0.5683906365634748,0,3,1,23,3.421,0.05,TRUE,TRUE
736,0.7,127,0.8529411764705881,0.5781763314844515,0,26,5000,153,10.0,0.008,TRUE,TRUE
737,0.74,203,0.9705882352941176,0.5175434617238894,0,9,1,15,4.033,0.05,TRUE,TRUE
738,0.68,126,0.7941176470588237,0.5791966379339848,0,27,1,68,3.487,0.05,FALSE,TRUE
739,0.72,149,0.9117647058823529,0.5575436560130871,0,35,5000,66,3.859,0.05,FALSE,TRUE
740,0.72,156,0.9117647058823529,0.5516102573327392,0,41,4983,41,3.865,0.05,FALSE,TRUE
741,0.73,116,0.9411764705882353,0.5898655980591287,0,3,5000,37,4.958,0.05,TRUE,TRUE
742,0.69,758,0.8235294117647057,0.3466226755573817,0,76,2900,3,3.723,0.05,TRUE,TRUE
743,0.73,113,0.9411764705882353,0.5932447076660083,0,2,5000,60,4.275,0.05,FALSE,TRUE
744,0.73,211,0.9411764705882353,0.5125394445875705,0,27,5000,19,3.704,0.05,FALSE,TRUE
745,0.7,104,0.8529411764705881,0.6039429307325525,0,6,5000,93,4.129,0.05,FALSE,TRUE
746,0.72,391,0.9117647058823529,0.4325772804548058,0,68,5000,9,4.042,0.05,TRUE,TRUE
747,0.7,164,0.8529411764705881,0.5451449066995885,0,51,5000,46,3.391,0.05,TRUE,TRUE
748,0.73,246,0.9411764705882353,0.49266166799888633,0,32,5000,13,3.502,0.05,FALSE,TRUE
749,0.72,120,0.9117647058823529,0.5854924667637962,0,13,4983,40,3.901,0.05,TRUE,TRUE
750,0.7,127,0.8529411764705881,0.5781763314844515,0,26,1,2,0.001,0.011,TRUE,FALSE
751,0.72,109,0.9117647058823529,0.5978912160772947,0,6,5000,69,4.653,0.045,TRUE,TRUE
752,0.71,117,0.8823529411764705,0.5887584560109862,0,15,5000,75,4.412,0.05,TRUE,TRUE
753,0.7,116,0.8529411764705881,0.5898655980591287,0,15,5000,145,10.0,0.05,FALSE,TRUE
754,0.72,116,0.9117647058823529,0.5898655980591287,0,11,5000,81,10.0,0.008,TRUE,TRUE
755,0.71,123,0.8823529411764705,0.5823064690231754,0,19,5000,55,4.263,0.05,TRUE,TRUE
756,0.7,175,0.8529411764705881,0.5367491933949708,0,58,5000,27,3.843,0.05,FALSE,TRUE
757,0.65,155,0.7058823529411765,0.5524414959785289,0,50,3035,400,4.873,0.045,TRUE,TRUE
758,0.68,166,0.7941176470588237,0.5435775575537478,0,54,108,190,8.228,0.008,TRUE,TRUE
759,0.72,134,0.9117647058823529,0.5712498374919626,0,23,1,81,8.814,0.005,TRUE,TRUE
760,0.66,277,0.735294117647059,0.47728095455937436,0,66,5000,349,7.992,0.009,TRUE,TRUE
761,0.72,124,0.9117647058823529,0.5812615766148113,0,16,1,29,4.129,0.05,TRUE,TRUE
762,0.69,121,0.8235294117647057,0.5844217742551037,0,21,1,51,4.235,0.05,TRUE,TRUE
763,0.73,260,0.9411764705882353,0.4854896248332846,0,33,1,12,4.179,0.05,TRUE,TRUE
764,0.7,127,0.8529411764705881,0.5781763314844515,0,26,5000,144,8.685,0.038,FALSE,TRUE
765,0.71,158,0.8823529411764705,0.5499635466681703,0,46,1,61,4.362,0.05,TRUE,TRUE
766,0.72,750,0.9117647058823529,0.3480011086446866,0,69,1,6,4.052,0.05,TRUE,TRUE
767,0.71,135,0.8823529411764705,0.5702897711015957,0,29,5000,95,10.0,0.004,FALSE,TRUE
768,0.73,132,0.9411764705882353,0.5731914915288918,0,8,1,26,3.942,0.05,TRUE,TRUE
769,0.73,355,0.9411764705882353,0.44510884081143354,0,38,5000,9,4.114,0.05,FALSE,TRUE
770,0.74,122,0.9705882352941176,0.5833598221908964,1,1,1,23,3.792,0.05,TRUE,TRUE
771,0.7,112,0.8529411764705881,0.5943908684323334,0,11,5000,27,3.864,0.05,TRUE,TRUE
772,0.71,112,0.8823529411764705,0.5943908684323334,0,10,5000,65,4.47,0.05,TRUE,TRUE
773,0.71,120,0.8823529411764705,0.5854924667637962,0,17,1,75,4.652,0.05,TRUE,TRUE
774,0.7,142,0.8529411764705881,0.5637606672667547,0,37,1,2,0.001,0.02,TRUE,FALSE
775,0.65,164,0.7058823529411765,0.5451449066995885,0,53,5000,333,4.956,0.045,TRUE,TRUE
776,0.66,140,0.735294117647059,0.565592928619089,0,38,5000,349,8.197,0.009,FALSE,TRUE
777,0.71,117,0.8823529411764705,0.5887584560109862,0,15,1,94,10.0,0.004,FALSE,TRUE
778,0.65,345,0.7058823529411765,0.4488153139087474,0,69,1,390,7.821,0.009,TRUE,TRUE
779,0.71,161,0.8823529411764705,0.5475319168902384,0,48,5,35,4.048,0.05,TRUE,TRUE
780,0.7,118,0.8529411764705881,0.5876606570450791,0,17,5000,97,9.275,0.05,TRUE,TRUE
781,0.71,132,0.8823529411764705,0.5731914915288918,0,26,4983,42,4.37,0.05,FALSE,TRUE
782,0.72,107,0.9117647058823529,0.6002782262679446,0,4,1,42,4.261,0.05,TRUE,TRUE
783,0.7,147,0.8529411764705881,0.559289835324362,0,41,5000,101,8.521,0.05,TRUE,TRUE
784,0.72,133,0.9117647058823529,0.5722170419879278,0,22,1,47,4.237,0.05,TRUE,TRUE
785,0.52,5,0.323529411764706,0.9762820793982757,0,2,3012,1605,7.688,0.032,FALSE,FALSE
786,0.53,2568,0.35294117647058837,0.18800975686718535,0,133,3747,4579,3.02,0.031,FALSE,TRUE
787,0.52,282,0.323529411764706,0.4749620267491589,0,72,1204,87,6.668,0.023,TRUE,FALSE
788,0.52,18,0.323529411764706,0.826331839960327,0,13,1477,2794,1.282,0.043,TRUE,FALSE
789,0.57,1342,0.47058823529411753,0.2723865016704359,0,99,3943,1896,7.781,0.011,FALSE,TRUE
790,0.56,2483,0.4411764705882355,0.19238678343314364,0,124,4595,3350,6.147,0.004,FALSE,TRUE
791,0.52,25,0.323529411764706,0.7855286282728475,0,20,2057,1359,4.792,0.048,TRUE,FALSE
792,0.52,12,0.323529411764706,0.8756990397311537,0,7,615,4026,9.408,0.016,TRUE,FALSE
793,0.64,535,0.6764705882352942,0.3918762190713154,0,74,3068,628,0.905,0.036,FALSE,TRUE
794,0.58,2172,0.49999999999999994,0.2097875988384973,0,103,2799,2930,9.034,0.044,TRUE,TRUE
795,0.52,5,0.323529411764706,0.9762820793982757,0,2,258,2423,0.029,0.002,FALSE,FALSE
796,0.52,5,0.323529411764706,0.9762820793982757,0,2,2403,4700,5.421,0.032,FALSE,FALSE
797,0.63,613,0.6470588235294118,0.3742023085197089,0,76,4873,599,4.267,0.015,TRUE,TRUE
798,0.53,3086,0.35294117647058837,0.1641147247262641,0,138,4291,4159,2.161,0.022,TRUE,TRUE
799,0.52,5,0.323529411764706,0.9762820793982757,0,2,1756,1151,8.152,0.026,FALSE,FALSE
800,0.52,5,0.323529411764706,0.9762820793982757,0,2,936,3468,3.549,0.009,FALSE,FALSE
801,0.69,6311,0.8235294117647057,0.0710686235371859,0,88,1,2,4.047,0.05,TRUE,TRUE
802,0.52,4,0.323529411764706,1.0,1,1,2380,1110,9.77,0.038,FALSE,FALSE
803,0.52,32,0.323529411764706,0.7545141183921827,0,26,587,1186,7.239,0.028,TRUE,FALSE
804,0.7,121,0.8529411764705881,0.5844217742551037,0,20,2932,100,2.148,0.024,FALSE,TRUE
805,0.52,2299,0.323529411764706,0.20239852255599233,0,125,3759,3889,5.102,0.047,FALSE,TRUE
806,0.52,5,0.323529411764706,0.9762820793982757,0,2,1999,3654,5.834,0.022,FALSE,FALSE
807,0.59,554,0.5294117647058822,0.38734472571236744,0,79,4278,819,2.987,0.036,TRUE,TRUE
808,0.53,2109,0.35294117647058837,0.2136148977855732,0,119,2746,4609,9.692,0.01,TRUE,TRUE
809,0.58,1243,0.49999999999999994,0.2823478812413911,0,97,3599,1265,6.817,0.004,TRUE,TRUE
810,0.52,5,0.323529411764706,0.9762820793982757,0,2,1619,319,7.648,0.015,FALSE,FALSE
811,0.6,1351,0.5588235294117647,0.2715176333947946,0,84,4534,1476,4.239,0.048,FALSE,TRUE
812,0.48,2225,0.2058823529411765,0.20665278677842902,0,123,3717,2684,8.441,0.025,FALSE,TRUE
813,0.53,22,0.35294117647058837,0.8014777688577933,0,11,59,539,0.048,0.033,TRUE,FALSE
814,0.59,320,0.5294117647058822,0.45857163886020336,0,71,2713,669,5.569,0.019,FALSE,TRUE
815,0.52,4,0.323529411764706,1.0,1,1,478,4795,8.12,0.044,FALSE,FALSE
816,0.54,1526,0.38235294117647073,0.25568326635958805,0,107,3218,2024,0.899,0.011,TRUE,TRUE
817,0.52,2626,0.323529411764706,0.18510543011070402,0,135,753,3766,1.169,0.023,TRUE,TRUE
818,0.52,6,0.323529411764706,0.9562288632611592,0,3,3992,2818,4.4,0.009,FALSE,FALSE
819,0.7,152,0.8529411764705881,0.5549675638044893,0,44,2206,57,6.622,0.049,TRUE,TRUE
820,0.52,16,0.323529411764706,0.8408010054765142,0,11,4196,2477,7.433,0.02,TRUE,FALSE
821,0.59,591,0.5294117647058822,0.3789490124077497,0,80,1173,905,8.242,0.012,FALSE,TRUE
822,0.52,63,0.323529411764706,0.6683467429427576,0,41,3518,463,3.623,0.039,TRUE,FALSE
823,0.58,882,0.49999999999999994,0.3269372527256078,0,89,1852,1396,1.952,0.03,FALSE,TRUE
824,0.52,22,0.323529411764706,0.8014777688577933,0,17,4397,2210,2.496,0.036,TRUE,FALSE
825,0.59,501,0.5294117647058822,0.4004014380167391,0,77,230,663,3.23,0.046,FALSE,TRUE
826,0.52,51,0.323529411764706,0.6953582168145414,0,33,2576,475,8.636,0.006,TRUE,FALSE
827,0.6,1118,0.5588235294117647,0.2961237965227651,0,82,2052,1421,6.889,0.013,FALSE,TRUE
828,0.52,5,0.323529411764706,0.9762820793982757,0,2,4048,1030,6.547,0.043,FALSE,FALSE
829,0.73,128,0.9411764705882353,0.5771639652433891,0,7,4723,23,4.595,0.015,TRUE,TRUE
830,0.5,2808,0.26470588235294124,0.17639132331577112,0,139,3275,3810,7.57,0.038,TRUE,TRUE
831,0.53,7,0.35294117647058837,0.938857977317676,1,1,529,1601,0.974,0.004,FALSE,FALSE
832,0.52,5,0.323529411764706,0.9762820793982757,0,2,933,4896,3.066,0.011,FALSE,FALSE
833,0.49,2178,0.23529411764705885,0.20942889896386208,0,121,2686,2632,3.506,0.033,FALSE,TRUE
834,0.52,54,0.323529411764706,0.6880616275356009,0,35,1040,398,5.025,0.025,TRUE,FALSE
835,0.58,770,0.49999999999999994,0.3445820312750534,0,87,3695,899,0.592,0.027,FALSE,TRUE
836,0.52,5,0.323529411764706,0.9762820793982757,0,2,155,2321,6.273,0.01,FALSE,FALSE
837,0.59,864,0.5294117647058822,0.3296165136744593,0,88,2812,1552,1.843,0.039,TRUE,TRUE
838,0.55,1690,0.4117647058823531,0.2424122919957784,0,108,3811,1945,3.347,0.002,FALSE,TRUE
839,0.52,21,0.323529411764706,0.807260427769889,0,16,575,2974,4.316,0.024,TRUE,FALSE
840,0.51,1368,0.2941176470588236,0.2698921047893541,0,106,2177,2528,7.765,0.009,TRUE,TRUE
841,0.53,3512,0.35294117647058837,0.14729811488950884,0,145,268,4536,1.416,0.027,TRUE,TRUE
842,0.52,4,0.323529411764706,1.0,1,1,3458,2401,9.888,0.016,FALSE,FALSE
843,0.52,4,0.323529411764706,1.0,1,1,4520,3610,2.87,0.043,FALSE,FALSE
844,0.59,679,0.5294117647058822,0.3609205594090015,0,83,1795,825,5.639,0.004,TRUE,TRUE
845,0.57,1016,0.47058823529411753,0.3085574267603085,0,94,1544,1813,2.566,0.003,FALSE,TRUE
846,0.58,988,0.49999999999999994,0.3121892432446005,0,91,3066,1576,1.127,0.015,FALSE,TRUE
847,0.42,13,0.029411764705882377,0.8660584518028531,0,11,4478,835,1.373,0.025,TRUE,FALSE
848,0.52,18,0.323529411764706,0.826331839960327,0,13,3533,2165,9.353,0.029,TRUE,FALSE
849,0.6,641,0.5588235294117647,0.3684012274018972,0,79,2402,1023,9.938,0.014,TRUE,TRUE
850,0.52,6,0.323529411764706,0.9562288632611592,0,3,2524,124,3.152,0.043,FALSE,FALSE
851,0.56,2351,0.4411764705882355,0.19949014816048705,0,122,1794,3355,6.791,0.021,TRUE,TRUE
852,0.57,907,0.47058823529411753,0.3233052913785768,0,90,307,1206,1.036,0.04,FALSE,TRUE
853,0.59,1039,0.5294117647058822,0.30564818220533474,0,92,1139,1664,6.475,0.026,TRUE,TRUE
854,0.59,1046,0.5294117647058822,0.30477552072670144,0,93,4565,1745,9.718,0.039,TRUE,TRUE
855,0.62,230,0.6176470588235294,0.5013737699607477,0,66,3601,573,2.053,0.008,TRUE,TRUE
856,0.52,4,0.323529411764706,1.0,1,1,1927,3453,7.889,0.03,FALSE,FALSE
857,0.62,589,0.6176470588235294,0.37938924431839205,0,77,4303,974,2.775,0.028,FALSE,TRUE
858,0.52,273,0.323529411764706,0.4791663267694798,0,71,774,75,9.131,0.004,TRUE,FALSE
859,0.57,1905,0.47058823529411753,0.22684243544556093,0,108,4950,3404,0.811,0.032,FALSE,TRUE
860,0.58,1335,0.49999999999999994,0.2730663231788295,0,98,4952,1752,3.787,0.015,TRUE,TRUE
861,0.52,27,0.323529411764706,0.775888040344547,0,22,1928,1394,7.411,0.023,TRUE,FALSE
862,0.57,2409,0.47058823529411753,0.1963211012697953,0,111,4564,3415,5.491,0.01,FALSE,TRUE
863,0.53,1281,0.35294117647058837,0.2784336038341425,0,102,2997,2293,0.762,0.046,FALSE,TRUE
864,0.52,14,0.323529411764706,0.8570832791639875,0,9,1320,4232,9.298,0.019,TRUE,FALSE
865,0.52,13,0.323529411764706,0.8660584518028531,0,8,2821,4156,7.012,0.006,TRUE,FALSE
866,0.58,849,0.49999999999999994,0.33189217063301935,0,88,537,1198,5.09,0.014,FALSE,TRUE
867,0.54,2524,0.38235294117647073,0.19025711933125777,0,126,2105,4508,1.162,0.026,FALSE,TRUE
868,0.66,132,0.735294117647059,0.5731914915288918,0,34,2489,347,9.444,0.044,TRUE,TRUE
869,0.59,1141,0.5294117647058822,0.29347705920616196,0,95,909,1677,2.405,0.003,TRUE,TRUE
870,0.52,4,0.323529411764706,1.0,1,1,4775,4848,7.537,0.037,FALSE,FALSE
871,0.57,1080,0.47058823529411753,0.3006182066203006,0,97,1794,1801,8.501,0.025,FALSE,TRUE
872,0.64,179,0.6764705882352942,0.5338257354113627,0,62,199,476,0.853,0.022,FALSE,TRUE
873,0.59,759,0.5294117647058822,0.3464513938928142,0,86,2153,1029,3.999,0.04,TRUE,TRUE
874,0.52,6,0.323529411764706,0.9562288632611592,0,3,2928,132,7.837,0.017,FALSE,FALSE
875,0.56,2089,0.4411764705882355,0.2148538443450274,0,117,1546,3347,2.106,0.045,TRUE,TRUE
876,0.52,7,0.323529411764706,0.938857977317676,0,4,1388,2057,6.637,0.044,FALSE,FALSE
877,0.61,206,0.5882352941176471,0.5156443271857685,0,65,553,549,1.975,0.018,TRUE,TRUE
878,0.48,1524,0.2058823529411765,0.2558537623282211,0,111,3620,2679,4.875,0.003,FALSE,TRUE
879,0.57,18,0.47058823529411753,0.826331839960327,0,2,4409,2125,0.647,0.005,TRUE,FALSE
880,0.57,1388,0.47058823529411753,0.2680053653288603,0,101,516,1853,7.434,0.027,FALSE,TRUE
881,0.54,1815,0.38235294117647073,0.2331348799202707,0,109,2471,2232,8.038,0.009,TRUE,TRUE
882,0.52,5,0.323529411764706,0.9762820793982757,0,2,3214,4371,1.904,0.031,FALSE,FALSE
883,0.57,1369,0.47058823529411753,0.2697971150768854,0,100,930,1061,0.062,0.038,TRUE,TRUE
884,0.58,918,0.49999999999999994,0.3217388001347806,0,90,1774,1245,8.969,0.015,FALSE,TRUE
885,0.57,21,0.47058823529411753,0.807260427769889,0,7,2504,2860,0.973,0.05,TRUE,FALSE
886,0.57,4287,0.47058823529411753,0.12136498469639712,0,116,2421,3132,7.115,0.019,FALSE,TRUE
887,0.52,10899,0.323529411764706,0.0,0,157,2171,1704,3.53,0.001,TRUE,TRUE
888,0.54,1333,0.38235294117647073,0.27326121221220256,0,105,2794,2208,2.037,0.042,TRUE,TRUE
889,0.52,2882,0.323529411764706,0.17300865135096843,0,139,3085,3843,3.306,0.022,TRUE,TRUE
890,0.6,268,0.5588235294117647,0.4815621293906318,0,70,4633,611,7.946,0.034,TRUE,TRUE
891,0.52,4,0.323529411764706,1.0,1,1,448,885,3.972,0.01,FALSE,FALSE
892,0.51,3096,0.2941176470588236,0.163693998598072,0,140,3986,2516,5.97,0.026,TRUE,TRUE
893,0.57,1052,0.47058823529411753,0.3040321563871038,0,96,3688,1784,0.279,0.013,TRUE,TRUE
894,0.52,5,0.323529411764706,0.9762820793982757,0,2,1996,4819,9.779,0.048,FALSE,FALSE
895,0.68,19,0.7941176470588237,0.8196591770833878,1,1,2246,37,0.866,0.03,TRUE,FALSE
896,0.58,1760,0.49999999999999994,0.23713567736764674,0,101,3282,3364,9.194,0.008,FALSE,TRUE
897,0.6,527,0.5588235294117647,0.39383247255895826,0,78,2679,1012,7.222,0.002,FALSE,TRUE
898,0.52,22,0.323529411764706,0.8014777688577933,0,17,32,1465,4.959,0.039,TRUE,FALSE
899,0.59,778,0.5294117647058822,0.34323917129464154,0,87,3354,1185,1.113,0.036,FALSE,TRUE
900,0.51,2732,0.2941176470588236,0.1799594715099253,0,137,3740,3983,9.376,0.043,TRUE,TRUE
901,0.58,1116,0.49999999999999994,0.2963565128736383,0,96,3093,1643,6.396,0.047,TRUE,TRUE
902,0.52,4,0.323529411764706,1.0,1,1,1341,4882,3.702,0.013,FALSE,FALSE
903,0.59,2011,0.5294117647058822,0.21980173261579194,0,100,1518,1728,9.951,0.036,TRUE,TRUE
904,0.52,4,0.323529411764706,1.0,1,1,3882,3476,8.124,0.046,FALSE,FALSE
905,0.52,4594,0.323529411764706,0.11236958844218625,0,147,2121,3898,6.777,0.03,TRUE,TRUE
906,0.59,609,0.5294117647058822,0.3750525625625093,0,82,2351,958,2.54,0.049,FALSE,TRUE
907,0.52,15,0.323529411764706,0.8486875658593698,0,10,3177,3067,7.363,0.016,TRUE,FALSE
908,0.52,2202,0.323529411764706,0.20800390902805632,0,121,169,4600,8.709,0.013,FALSE,TRUE
909,0.56,3226,0.4411764705882355,0.1583448918832392,0,127,1748,3420,0.733,0.041,FALSE,TRUE
910,0.56,2129,0.4411764705882355,0.2123876395754113,0,118,865,3261,9.635,0.019,TRUE,TRUE
911,0.57,693,0.47058823529411753,0.3582694666763049,0,85,257,1116,6.449,0.023,TRUE,TRUE
912,0.52,5,0.323529411764706,0.9762820793982757,0,2,3265,1552,7.798,0.001,FALSE,FALSE
913,0.57,988,0.47058823529411753,0.3121892432446005,0,92,1112,1594,1.049,0.012,FALSE,TRUE
914,0.48,16,0.2058823529411765,0.8408010054765142,0,13,1273,852,1.452,0.004,TRUE,FALSE
915,0.49,1876,0.23529411764705885,0.2288369570736597,0,115,3045,2628,8.452,0.037,FALSE,TRUE
916,0.57,1192,0.47058823529411753,0.28779349262476084,0,98,4593,1836,2.801,0.025,FALSE,TRUE
917,0.52,4,0.323529411764706,1.0,1,1,2282,1311,6.051,0.014,FALSE,FALSE
918,0.59,1167,0.5294117647058822,0.2905485385304304,0,96,4354,1046,9.705,0.011,TRUE,TRUE
919,0.62,498,0.6176470588235294,0.40118119103332517,0,76,59,754,0.666,0.047,FALSE,TRUE
920,0.52,4,0.323529411764706,1.0,1,1,1679,4317,7.866,0.021,FALSE,FALSE
921,0.61,883,0.5882352941176471,0.32679001059846124,0,80,1899,1422,9.308,0.026,FALSE,TRUE
922,0.52,20,0.323529411764706,0.8133121424251467,0,15,3668,4478,0.751,0.011,TRUE,FALSE
923,0.57,1713,0.47058823529411753,0.24065483012659505,0,105,352,2876,4.443,0.014,FALSE,TRUE
924,0.53,2008,0.35294117647058837,0.21999584616403856,0,115,1253,4206,7.421,0.033,FALSE,TRUE
925,0.52,23,0.323529411764706,0.7959412564816635,0,18,1428,2322,1.171,0.019,TRUE,FALSE
926,0.71,203,0.8823529411764705,0.5175434617238894,0,59,4438,14,4.981,0.009,FALSE,TRUE
927,0.52,13,0.323529411764706,0.8660584518028531,0,8,2036,4554,3.059,0.022,TRUE,FALSE
928,0.52,5,0.323529411764706,0.9762820793982757,0,2,2440,595,6.337,0.004,FALSE,FALSE
929,0.56,1143,0.4411764705882355,0.29324943289183625,0,98,4197,2036,7.529,0.02,TRUE,TRUE
930,0.52,4,0.323529411764706,1.0,1,1,880,1762,4.316,0.049,FALSE,FALSE
931,0.53,2454,0.35294117647058837,0.193914463981123,0,131,4844,4842,5.743,0.015,TRUE,TRUE
932,0.57,566,0.47058823529411753,0.3845619799171094,0,80,2642,867,0.507,0.027,TRUE,TRUE
933,0.52,4,0.323529411764706,1.0,1,1,1832,2534,9.435,0.011,FALSE,FALSE
934,0.52,23,0.323529411764706,0.7959412564816635,0,18,1725,1637,5.408,0.023,TRUE,FALSE
935,0.61,347,0.5882352941176471,0.44806552275268485,0,71,3237,686,6.579,0.012,TRUE,TRUE
936,0.52,52,0.323529411764706,0.6928802675041827,0,34,189,465,2.74,0.031,TRUE,FALSE
937,0.52,13,0.323529411764706,0.8660584518028531,0,8,2372,3989,8.508,0.018,TRUE,FALSE
938,0.59,1867,0.5294117647058822,0.2294622163008715,0,99,3580,2945,7.845,0.028,TRUE,TRUE
939,0.59,1810,0.5294117647058822,0.23349354682915557,0,98,3898,1509,3.405,0.015,TRUE,TRUE
940,0.52,5,0.323529411764706,0.9762820793982757,0,2,576,4391,6.655,0.05,FALSE,FALSE
941,0.7,426,0.8529411764705881,0.42145183728197466,0,71,2938,182,6.071,0.032,TRUE,TRUE
942,0.52,5,0.323529411764706,0.9762820793982757,0,2,1496,3218,3.988,0.004,FALSE,FALSE
943,0.72,92,0.9117647058823529,0.6197305711037752,1,1,1360,102,7.737,0.045,TRUE,TRUE
944,0.55,1400,0.4117647058823531,0.2668863183814715,0,104,401,1278,0.406,0.002,TRUE,TRUE
945,0.57,1707,0.47058823529411753,0.24111101436536242,0,104,1968,3025,5.847,0.04,TRUE,TRUE
946,0.52,16,0.323529411764706,0.8408010054765142,0,11,3332,3757,5.183,0.006,TRUE,FALSE
947,0.59,604,0.5294117647058822,0.3761232550712018,0,81,656,818,7.095,0.013,FALSE,TRUE
948,0.52,20,0.323529411764706,0.8133121424251467,0,15,2729,1869,8.402,0.01,TRUE,FALSE
949,0.53,2206,0.35294117647058837,0.2077679209262503,0,121,1588,4734,1.658,0.026,FALSE,TRUE
950,0.54,2235,0.38235294117647073,0.20606969120134866,0,121,667,3623,2.607,0.043,FALSE,TRUE
951,0.69,145,0.8235294117647057,0.5610597729053488,0,41,501,356,4.886,0.007,TRUE,TRUE
952,0.52,17,0.323529411764706,0.8333653585622632,0,12,4258,2725,9.238,0.014,TRUE,FALSE
953,0.7,110,0.8529411764705881,0.5967139374049617,0,9,2014,207,3.85,0.017,TRUE,TRUE
954,0.52,4,0.323529411764706,1.0,1,1,3710,3273,6.248,0.045,FALSE,FALSE
955,0.53,2602,0.35294117647058837,0.18629936649551848,0,134,466,4101,9.901,0.029,TRUE,TRUE
956,0.58,1095,0.49999999999999994,0.29882550385286744,0,95,1074,1525,6.827,0.036,TRUE,TRUE
957,0.52,4,0.323529411764706,1.0,1,1,3063,1104,7.981,0.039,FALSE,FALSE
958,0.57,2330,0.47058823529411753,0.20065686813751415,0,110,1372,2922,1.923,0.024,TRUE,TRUE
959,0.58,1615,0.49999999999999994,0.24831389688322192,0,100,2925,3007,4.231,0.013,TRUE,TRUE
960,0.52,5,0.323529411764706,0.9762820793982757,0,2,603,2197,3.652,0.02,FALSE,FALSE
961,0.68,97,0.7941176470588237,0.6129181033714179,0,5,3533,121,2.498,0.004,TRUE,TRUE
962,0.61,601,0.5882352941176471,0.3767699261896603,0,78,4082,840,2.989,0.035,FALSE,TRUE
963,0.52,16,0.323529411764706,0.8408010054765142,0,11,1796,3818,4.894,0.045,TRUE,FALSE
964,0.54,2039,0.38235294117647073,0.218003838572989,0,116,2590,3692,9.838,0.005,TRUE,TRUE
965,0.52,4,0.323529411764706,1.0,1,1,304,1671,7.926,0.015,FALSE,FALSE
966,0.53,2449,0.35294117647058837,0.19417967998622931,0,130,4169,4854,2.173,0.049,TRUE,TRUE
967,0.7,261,0.8529411764705881,0.4849921542253418,0,65,2602,11,10.0,0.029,FALSE,TRUE
968,0.72,139,0.9117647058823529,0.5665188286519527,0,28,3866,37,5.025,0.028,FALSE,TRUE
969,0.52,26,0.323529411764706,0.7806190491845568,0,21,3213,1222,4.987,0.008,TRUE,FALSE
970,0.67,336,0.7647058823529413,0.4522439037206456,0,66,2682,374,5.898,0.03,FALSE,TRUE
971,0.6,1036,0.5588235294117647,0.3060239794973296,0,81,2818,1476,0.925,0.023,FALSE,TRUE
972,0.59,1035,0.5294117647058822,0.30614948689292687,0,91,1323,1405,2.924,0.011,FALSE,TRUE
973,0.57,2448,0.47058823529411753,0.19423278813370937,0,113,1005,3056,8.326,0.048,FALSE,TRUE
974,0.71,131,0.8823529411764705,0.5741732954755705,0,25,358,72,5.259,0.042,FALSE,TRUE
975,0.52,23,0.323529411764706,0.7959412564816635,0,18,3602,2304,8.91,0.033,TRUE,FALSE
976,0.57,494,0.47058823529411753,0.4022281858635759,0,76,2311,928,9.573,0.025,TRUE,TRUE
977,0.52,4,0.323529411764706,1.0,1,1,3374,2552,0.33,0.04,FALSE,FALSE
978,0.57,1395,0.47058823529411753,0.2673514186461017,0,102,775,2093,2.242,0.028,TRUE,TRUE
979,0.52,4,0.323529411764706,1.0,1,1,4949,3886,7.662,0.007,FALSE,FALSE
980,0.57,2444,0.47058823529411753,0.19444543780173262,0,112,1707,3450,6.511,0.016,TRUE,TRUE
981,0.52,4,0.323529411764706,1.0,1,1,391,2752,9.755,0.029,FALSE,FALSE
982,0.65,265,0.7058823529411765,0.48302108007058575,0,67,3424,591,1.275,0.013,TRUE,TRUE
983,0.52,4,0.323529411764706,1.0,1,1,3225,2517,6.415,0.048,FALSE,FALSE
984,0.58,611,0.49999999999999994,0.37462674088787695,0,83,4633,892,9.254,0.021,TRUE,TRUE
985,0.52,18,0.323529411764706,0.826331839960327,0,13,3743,2154,4.175,0.037,TRUE,FALSE
986,0.52,4,0.323529411764706,1.0,1,1,2144,3803,6.375,0.005,FALSE,FALSE
987,0.52,5,0.323529411764706,0.9762820793982757,0,2,2847,851,9.479,0.042,FALSE,FALSE
988,0.52,4,0.323529411764706,1.0,1,1,3904,4563,2.765,0.019,FALSE,FALSE
989,0.51,1294,0.2941176470588236,0.27712109811694485,0,103,2411,2412,6.246,0.027,TRUE,TRUE
990,0.52,144,0.323529411764706,0.5619538548127154,0,59,4324,146,5.32,0.005,TRUE,FALSE
991,0.52,18,0.323529411764706,0.826331839960327,0,13,2719,3857,2.354,0.031,TRUE,FALSE
992,0.54,1896,0.38235294117647073,0.22745815873492614,0,111,850,2203,3.638,0.022,FALSE,TRUE
993,0.55,2308,0.4117647058823531,0.20189047432986373,0,121,622,4296,0.45,0.016,FALSE,TRUE
994,0.52,20,0.323529411764706,0.8133121424251467,0,15,4570,3363,8.699,0.011,TRUE,FALSE
995,0.52,4,0.323529411764706,1.0,1,1,4678,1993,6.568,0.018,FALSE,FALSE
996,0.57,1809,0.47058823529411753,0.23356539902951634,0,107,976,3093,5.78,0.008,TRUE,TRUE
997,0.52,6,0.323529411764706,0.9562288632611592,0,3,2760,248,2.924,0.047,FALSE,FALSE
998,0.51,2781,0.2941176470588236,0.177647776276469,0,138,2317,3966,8.714,0.029,FALSE,TRUE
999,0.52,15,0.323529411764706,0.8486875658593698,0,10,2965,4421,5.166,0.037,TRUE,FALSE
1000,0.58,1346,0.49999999999999994,0.2719996213690917,0,99,4092,1569,4.77,0.04,TRUE,TRUE
1001,0.52,16,0.323529411764706,0.8408010054765142,0,11,1326,2639,2.316,0.023,TRUE,FALSE
1002,0.65,180,0.7058823529411765,0.5331050221804168,0,62,4987,431,8.843,0.033,FALSE,TRUE
1003,0.54,3055,0.38235294117647073,0.1654276906393558,0,133,3306,4217,3.362,0.009,FALSE,TRUE
1004,0.52,30,0.323529411764706,0.7626472919397876,0,24,421,1350,5.593,0.049,TRUE,FALSE
1005,0.52,14,0.323529411764706,0.8570832791639875,0,9,648,4654,8.505,0.042,TRUE,FALSE
1006,0.5,1411,0.26470588235294124,0.2658689136507172,0,107,3078,2436,0.023,0.003,FALSE,TRUE
1007,0.54,1969,0.38235294117647073,0.2225460398247815,0,114,3985,3725,7.07,0.026,FALSE,TRUE
1008,0.52,30,0.323529411764706,0.7626472919397876,0,24,2331,868,4.292,0.016,TRUE,FALSE
1009,0.58,1861,0.49999999999999994,0.22988073163915057,0,102,2639,2859,8.066,0.014,TRUE,TRUE
1010,0.65,28,0.7058823529411765,0.7713230665053097,0,2,1166,15,0.914,0.029,FALSE,FALSE
1011,0.52,4,0.323529411764706,1.0,1,1,294,3360,2.569,0.035,FALSE,FALSE
1012,0.57,908,0.47058823529411753,0.32316210104442145,0,91,3510,1116,5.973,0.02,TRUE,TRUE
1013,0.53,2660,0.35294117647058837,0.18343256069454805,0,135,4490,4904,1.741,0.046,TRUE,TRUE
1014,0.53,1618,0.35294117647058837,0.24807262001879382,0,110,1734,2789,2.789,0.049,TRUE,TRUE
1015,0.52,7,0.323529411764706,0.938857977317676,0,4,4454,555,6.183,0.01,FALSE,FALSE
1016,0.52,4,0.323529411764706,1.0,1,1,3485,4343,1.648,0.033,FALSE,FALSE
1017,0.59,912,0.5294117647058822,0.3225909106407171,0,89,290,1498,9.494,0.022,TRUE,TRUE
1018,0.53,3208,0.35294117647058837,0.1590725480060774,0,141,1143,4530,6.468,0.016,TRUE,TRUE
1019,0.52,4,0.323529411764706,1.0,1,1,2633,2286,4.872,0.026,FALSE,FALSE
1020,0.52,5,0.323529411764706,0.9762820793982757,0,2,4076,3577,7.846,0.003,FALSE,FALSE
1021,0.62,631,0.6176470588235294,0.3704434735115977,0,78,2111,743,0.704,0.043,TRUE,TRUE
1022,0.52,6,0.323529411764706,0.9562288632611592,0,3,2397,3051,1.766,0.015,FALSE,FALSE
1023,0.55,17,0.4117647058823531,0.8333653585622632,0,3,3949,1757,0.243,0.014,TRUE,FALSE
1024,0.52,27,0.323529411764706,0.775888040344547,0,22,2437,1681,3.584,0.008,TRUE,FALSE
1025,0.52,16,0.323529411764706,0.8408010054765142,0,11,3053,3047,6.968,0.04,TRUE,FALSE
1026,0.7,146,0.8529411764705881,0.5601717939937116,0,40,644,180,4.199,0.006,FALSE,TRUE
1027,0.56,2171,0.4411764705882355,0.20984747842779194,0,120,398,3171,2.418,0.012,FALSE,TRUE
1028,0.52,33,0.323529411764706,0.7506305940182081,0,27,3300,953,8.936,0.047,TRUE,FALSE
1029,0.52,15,0.323529411764706,0.8486875658593698,0,10,4971,4740,3.152,0.02,TRUE,FALSE
1030,0.57,1042,0.47058823529411753,0.305273467384235,0,95,1293,1882,5.373,0.035,FALSE,TRUE
1031,0.52,21,0.323529411764706,0.807260427769889,0,16,1415,4975,0.514,0.001,TRUE,FALSE
1032,0.56,1386,0.4411764705882355,0.2681928126313876,0,103,4783,2118,8.282,0.041,FALSE,TRUE
1033,0.57,2703,0.47058823529411753,0.18134722193648845,0,114,3178,3404,3.767,0.018,FALSE,TRUE
1034,0.52,19,0.323529411764706,0.8196591770833878,0,14,834,2968,9.368,0.034,TRUE,FALSE
1035,0.52,13,0.323529411764706,0.8660584518028531,0,8,1652,4250,7.084,0.007,TRUE,FALSE
1036,0.51,3426,0.2941176470588236,0.15052237298086923,0,144,2821,4002,2.516,0.005,TRUE,TRUE
1037,0.52,5,0.323529411764706,0.9762820793982757,0,2,877,1841,5.987,0.038,FALSE,FALSE
1038,0.53,3463,0.35294117647058837,0.1491253864020784,0,144,2079,4613,4.041,0.035,FALSE,TRUE
1039,0.52,5,0.323529411764706,0.9762820793982757,0,2,941,2366,1.299,0.045,FALSE,FALSE
1040,0.52,5,0.323529411764706,0.9762820793982757,0,2,89,4109,4.674,0.039,FALSE,FALSE
1041,0.5,2820,0.26470588235294124,0.1758367715469119,0,140,4655,2553,1.053,0.03,TRUE,TRUE
1042,0.52,21,0.323529411764706,0.807260427769889,0,16,1062,3453,3.425,0.027,TRUE,FALSE
1043,0.54,3190,0.38235294117647073,0.1598042972161311,0,135,4308,4379,2.301,0.042,FALSE,TRUE
1044,0.52,24,0.323529411764706,0.7906307883074056,0,19,1880,2245,8.898,0.001,TRUE,FALSE
1045,0.55,2329,0.4117647058823531,0.20071268809350717,0,122,2257,3248,4.95,0.003,TRUE,TRUE
1046,0.66,179,0.735294117647059,0.5338257354113627,0,61,3868,290,9.533,0.031,TRUE,TRUE
1047,0.56,2716,0.4411764705882355,0.18072329553448718,0,126,4740,3234,6.352,0.037,TRUE,TRUE
1048,0.52,5,0.323529411764706,0.9762820793982757,0,2,1526,1083,4.832,0.021,FALSE,FALSE
1049,0.56,2076,0.4411764705882355,0.21566553369342722,0,116,1334,3313,9.965,0.044,TRUE,TRUE
1050,0.52,5,0.323529411764706,0.9762820793982757,0,2,4863,1163,1.495,0.002,FALSE,FALSE
1051,0.52,5,0.323529411764706,0.9762820793982757,0,2,3411,4872,5.716,0.026,FALSE,FALSE
1052,0.56,1866,0.4411764705882355,0.229531875421918,0,109,355,2101,2.949,0.017,TRUE,TRUE
1053,0.52,17,0.323529411764706,0.8333653585622632,0,12,4424,4171,9.095,0.013,TRUE,FALSE
1054,0.55,2097,0.4117647058823531,0.21435684887731243,0,118,1830,4453,9.014,0.019,FALSE,TRUE
1055,0.52,14,0.323529411764706,0.8570832791639875,0,9,1941,4186,2.069,0.048,TRUE,FALSE
1056,0.54,21,0.38235294117647073,0.807260427769889,0,9,2515,3689,0.397,0.046,TRUE,FALSE
1057,0.51,1907,0.2941176470588236,0.22670600291554555,0,113,169,2607,5.22,0.006,FALSE,TRUE
1058,0.66,119,0.735294117647059,0.5865720447890692,0,20,1390,256,1.57,0.008,TRUE,TRUE
1059,0.52,5,0.323529411764706,0.9762820793982757,0,2,1514,2890,6.739,0.031,FALSE,FALSE
1060,0.52,17,0.323529411764706,0.8333653585622632,0,12,3584,3498,5.452,0.013,TRUE,FALSE
1061,0.5,1783,0.26470588235294124,0.23544762359680282,0,113,1239,2709,0.166,0.04,FALSE,TRUE
1062,0.52,12,0.323529411764706,0.8756990397311537,0,7,4174,4265,4.121,0.029,TRUE,FALSE
1063,0.52,873,0.323529411764706,0.3282699856672199,0,89,4374,1342,9.291,0.007,FALSE,TRUE
1064,0.52,14,0.323529411764706,0.8570832791639875,0,9,2494,4716,5.49,0.041,TRUE,FALSE
1065,0.52,4,0.323529411764706,1.0,1,1,2995,4819,0.781,0.017,FALSE,FALSE
1066,0.56,2493,0.4411764705882355,0.1918641294338107,0,125,741,1961,7.925,0.026,TRUE,TRUE
1067,0.5,2458,0.26470588235294124,0.1937026797984972,0,132,338,4045,6.104,0.032,TRUE,TRUE
1068,0.52,4,0.323529411764706,1.0,1,1,3399,1837,2.711,0.024,FALSE,FALSE
1069,0.52,4,0.323529411764706,1.0,1,1,4914,3124,9.416,0.05,FALSE,FALSE
1070,0.52,5,0.323529411764706,0.9762820793982757,0,2,1977,619,2.594,0.03,FALSE,FALSE
1071,0.56,1298,0.4411764705882355,0.27671989994098434,0,101,2873,2038,5.912,0.044,TRUE,TRUE
1072,0.56,1924,0.4411764705882355,0.22555206741157152,0,111,3856,3327,1.378,0.021,TRUE,TRUE
1073,0.67,161,0.7647058823529413,0.5475319168902384,0,52,604,485,5.543,0.044,FALSE,TRUE
1074,0.52,16,0.323529411764706,0.8408010054765142,0,11,32,3733,8.36,0.018,TRUE,FALSE
1075,0.52,5353,0.323529411764706,0.09248229883515657,0,150,4595,4687,7.316,0.001,FALSE,TRUE
1076,0.52,17,0.323529411764706,0.8333653585622632,0,12,1718,2443,3.845,0.042,TRUE,FALSE
1077,0.52,5,0.323529411764706,0.9762820793982757,0,2,1593,3532,0.821,0.037,FALSE,FALSE
1078,0.64,431,0.6764705882352942,0.41993740335133234,0,72,4633,748,8.041,0.021,TRUE,TRUE
1079,0.54,2329,0.38235294117647073,0.20071268809350717,0,124,3660,4457,4.755,0.045,TRUE,TRUE
1080,0.52,5,0.323529411764706,0.9762820793982757,0,2,1002,4327,9.611,0.004,FALSE,FALSE
1081,0.51,2069,0.2941176470588236,0.21610470403486792,0,119,4251,2764,6.066,0.016,TRUE,TRUE
1082,0.54,1286,0.38235294117647073,0.2779272255947296,0,102,2305,2180,0.318,0.02,FALSE,TRUE
1083,0.46,6,0.14705882352941188,0.9562288632611592,0,4,4137,383,1.248,0.049,FALSE,FALSE
1084,0.56,1913,0.4411764705882355,0.22629756174659188,0,110,2920,3157,8.819,0.028,FALSE,TRUE
1085,0.52,27,0.323529411764706,0.775888040344547,0,22,817,1006,2.223,0.018,TRUE,FALSE
1086,0.69,112,0.8235294117647057,0.5943908684323334,0,12,3161,213,7.163,0.034,FALSE,TRUE
1087,0.51,2321,0.2941176470588236,0.20116011211305795,0,126,4839,3923,0.126,0.008,FALSE,TRUE
1088,0.52,19,0.323529411764706,0.8196591770833878,0,14,1466,1762,8.519,0.047,TRUE,FALSE
1089,0.52,2261,0.323529411764706,0.20456576224955048,0,123,1276,3846,3.702,0.014,FALSE,TRUE
1090,0.52,31,0.323529411764706,0.7585171544010636,0,25,4959,1685,5.298,0.029,TRUE,FALSE
1091,0.52,18,0.323529411764706,0.826331839960327,0,13,3351,2895,2.031,0.005,TRUE,FALSE
1092,0.68,131,0.7941176470588237,0.5741732954755705,0,32,454,134,9.173,0.041,FALSE,TRUE
1093,0.57,2795,0.47058823529411753,0.1769947674917829,0,115,695,3391,7.356,0.046,FALSE,TRUE
1094,0.52,24,0.323529411764706,0.7906307883074056,0,19,3109,1239,3.962,0.012,TRUE,FALSE
1095,0.52,13,0.323529411764706,0.8660584518028531,0,8,3932,4951,8.165,0.035,TRUE,FALSE
1096,0.5,1498,0.26470588235294124,0.25809078738720626,0,110,1246,2643,8.686,0.04,FALSE,TRUE
1097,0.52,5,0.323529411764706,0.9762820793982757,0,2,2611,4094,6.7,0.023,FALSE,FALSE
1098,0.54,874,0.38235294117647073,0.3281212281833762,0,89,1116,1320,4.479,0.032,TRUE,TRUE
1099,0.52,34,0.323529411764706,0.7468596515685648,0,28,1071,759,4.936,0.012,TRUE,FALSE
1100,0.51,1851,0.2941176470588236,0.23058126324826056,0,112,4614,2719,5.123,0.028,FALSE,TRUE
1101,0.52,14,0.323529411764706,0.8570832791639875,0,9,1369,4949,8.815,0.049,TRUE,FALSE
1102,0.52,14,0.323529411764706,0.8570832791639875,0,9,2930,4712,7.376,0.037,TRUE,FALSE
1103,0.52,5,0.323529411764706,0.9762820793982757,0,2,360,2097,3.36,0.018,FALSE,FALSE
1104,0.52,17,0.323529411764706,0.8333653585622632,0,12,3831,3541,4.399,0.016,TRUE,FALSE
1105,0.52,13,0.323529411764706,0.8660584518028531,0,8,2592,4145,1.692,0.03,TRUE,FALSE
1106,0.52,68,0.323529411764706,0.6585610480217808,0,42,4774,307,7.06,0.017,TRUE,FALSE
1107,0.56,2166,0.4411764705882355,0.2101472905112829,0,119,910,3172,2.882,0.045,FALSE,TRUE
1108,0.5,2424,0.26470588235294124,0.19551393173843357,0,128,2152,3813,0.707,0.007,FALSE,TRUE
1109,0.52,4,0.323529411764706,1.0,1,1,3126,3003,0.121,0.048,FALSE,FALSE
1110,0.52,6,0.323529411764706,0.9562288632611592,0,3,4079,1295,6.128,0.011,FALSE,FALSE
1111,0.53,2426,0.35294117647058837,0.19540668655062365,0,128,200,4683,3.813,0.027,TRUE,TRUE
1112,0.54,1452,0.38235294117647073,0.26214536128271415,0,106,842,2193,1.959,0.034,TRUE,TRUE
1113,0.52,5,0.323529411764706,0.9762820793982757,0,2,4726,4333,8.1,0.005,FALSE,FALSE
1114,0.51,2068,0.2941176470588236,0.2161675638599353,0,118,1843,2381,8.367,0.008,FALSE,TRUE
1115,0.52,4,0.323529411764706,1.0,1,1,130,2104,8.055,0.042,FALSE,FALSE
1116,0.52,17,0.323529411764706,0.8333653585622632,0,12,4166,2820,9.025,0.024,TRUE,FALSE
1117,0.53,1518,0.35294117647058837,0.2563665950769174,0,107,1456,2787,2.279,0.013,TRUE,TRUE
1118,0.52,4,0.323529411764706,1.0,1,1,1320,923,6.028,0.036,FALSE,FALSE
1119,0.52,7075,0.323529411764706,0.056205217609512914,0,156,2997,2555,4.032,0.001,TRUE,TRUE
1120,0.52,4,0.323529411764706,1.0,1,1,1002,4781,0.225,0.023,FALSE,FALSE
1121,0.52,26,0.323529411764706,0.7806190491845568,0,21,3234,1483,4.726,0.037,TRUE,FALSE
1122,0.54,2246,0.38235294117647073,0.20543129042876818,0,122,2490,4495,5.218,0.002,FALSE,TRUE
1123,0.64,133,0.6764705882352942,0.5722170419879278,0,35,2103,341,4.139,0.022,TRUE,TRUE
1124,0.52,4,0.323529411764706,1.0,1,1,3465,3685,5.803,0.044,FALSE,FALSE
1125,0.53,7,0.35294117647058837,0.938857977317676,1,1,3782,2016,0.449,0.006,FALSE,FALSE
1126,0.51,2342,0.2941176470588236,0.1999888902619127,0,127,536,3962,9.61,0.034,TRUE,TRUE
1127,0.52,4,0.323529411764706,1.0,1,1,4390,4861,3.469,0.01,FALSE,FALSE
1128,0.52,4,0.323529411764706,1.0,1,1,2822,691,7.782,0.048,FALSE,FALSE
1129,0.52,17,0.323529411764706,0.8333653585622632,0,12,3780,2827,4.969,0.048,TRUE,FALSE
1130,0.52,2817,0.323529411764706,0.17597518802258383,0,137,3918,3881,6.699,0.046,TRUE,TRUE
1131,0.52,23,0.323529411764706,0.7959412564816635,0,18,2315,1402,1.468,0.05,TRUE,FALSE
1132,0.52,4,0.323529411764706,1.0,1,1,772,4772,6.154,0.049,FALSE,FALSE
1133,0.53,3322,0.35294117647058837,0.15453134035150717,0,143,3370,4576,8.475,0.015,FALSE,TRUE
1134,0.52,14,0.323529411764706,0.8570832791639875,0,9,132,3052,7.285,0.012,TRUE,FALSE
1135,0.52,1516,0.323529411764706,0.25653798957528884,0,110,2767,2300,5.442,0.019,FALSE,TRUE
1136,0.52,13,0.323529411764706,0.8660584518028531,0,8,1707,4225,4.618,0.041,TRUE,FALSE
1137,0.52,7,0.323529411764706,0.938857977317676,0,4,1705,936,0.097,0.012,FALSE,FALSE
1138,0.5,1796,0.26470588235294124,0.23450310714888445,0,114,2769,2543,9.961,0.027,TRUE,TRUE
1139,0.64,242,0.6764705882352942,0.494785607512532,0,66,3372,584,6.748,0.032,TRUE,TRUE
1140,0.52,21,0.323529411764706,0.807260427769889,0,16,2313,3441,3.195,0.005,FALSE,FALSE
1141,0.53,2465,0.35294117647058837,0.19333288509745483,0,132,3600,4584,2.53,0.038,FALSE,TRUE
1142,0.52,14,0.323529411764706,0.8570832791639875,0,9,361,3064,1.34,0.035,TRUE,FALSE
1143,0.52,325,0.323529411764706,0.4565609588720334,0,75,1003,64,4.452,0.031,TRUE,FALSE
1144,0.52,15,0.323529411764706,0.8486875658593698,0,10,4079,3549,9.089,0.043,TRUE,FALSE
1145,0.52,2460,0.323529411764706,0.1935969168614149,0,132,4304,3875,2.005,0.02,TRUE,TRUE
1146,0.52,15,0.323529411764706,0.8486875658593698,0,10,3920,3407,4.841,0.021,TRUE,FALSE
1147,0.54,2264,0.38235294117647073,0.20439334551729194,0,123,1926,4221,0.995,0.006,FALSE,TRUE
1148,0.52,7,0.323529411764706,0.938857977317676,0,4,4307,1741,5.922,0.003,FALSE,FALSE
1149,0.53,2392,0.35294117647058837,0.19724198910143864,0,126,128,4784,4.176,0.037,TRUE,TRUE
1150,0.52,1491,0.323529411764706,0.25869969444216534,0,109,1458,2369,3.048,0.033,FALSE,TRUE
1151,0.5,34,0.26470588235294124,0.7468596515685648,0,29,4388,300,1.741,0.042,TRUE,FALSE
1152,0.56,2004,0.4411764705882355,0.2202551156179633,0,112,1140,3179,8.202,0.021,FALSE,TRUE
1153,0.52,5,0.323529411764706,0.9762820793982757,0,2,2767,575,3.588,0.044,FALSE,FALSE
1154,0.52,4,0.323529411764706,1.0,1,1,2487,2793,3.324,0.027,FALSE,FALSE
1155,0.52,21,0.323529411764706,0.807260427769889,0,16,2102,2375,7.244,0.046,TRUE,FALSE
1156,0.54,2072,0.38235294117647073,0.2159163066008597,0,117,3465,4150,2.66,0.019,FALSE,TRUE
1157,0.68,121,0.7941176470588237,0.5844217742551037,0,22,3783,314,8.59,0.031,FALSE,TRUE
1158,0.52,13,0.323529411764706,0.8660584518028531,0,8,535,3166,1.509,0.009,TRUE,FALSE
1159,0.52,14,0.323529411764706,0.8570832791639875,0,9,1460,4502,9.173,0.038,TRUE,FALSE
1160,0.52,14,0.323529411764706,0.8570832791639875,0,9,2995,4573,7.175,0.026,TRUE,FALSE
1161,0.5,16,0.26470588235294124,0.8408010054765142,0,12,4562,969,1.577,0.014,TRUE,FALSE
1162,0.55,1956,0.4117647058823531,0.22340733620803532,0,112,3831,4328,6.25,0.041,TRUE,TRUE
1163,0.52,5,0.323529411764706,0.9762820793982757,0,2,2151,3358,7.599,0.032,FALSE,FALSE
1164,0.52,20,0.323529411764706,0.8133121424251467,0,15,2399,1810,1.835,0.039,TRUE,FALSE
1165,0.53,3185,0.35294117647058837,0.16000829350294887,0,140,3130,4715,8.264,0.023,FALSE,TRUE
1166,0.52,17,0.323529411764706,0.8333653585622632,0,12,197,2639,6.915,0.002,TRUE,FALSE
1167,0.55,1485,0.4117647058823531,0.2592238928899947,0,106,2522,2161,5.008,0.018,FALSE,TRUE
1168,0.54,16,0.38235294117647073,0.8408010054765142,0,3,1845,333,0.262,0.033,FALSE,FALSE
1169,0.54,1308,0.38235294117647073,0.27572228458067993,0,103,4772,2022,3.913,0.042,TRUE,TRUE
1170,0.52,5,0.323529411764706,0.9762820793982757,0,2,912,3957,5.992,0.021,FALSE,FALSE
1171,0.52,21,0.323529411764706,0.807260427769889,0,16,3306,1583,4.514,0.026,TRUE,FALSE
1172,0.54,2532,0.38235294117647073,0.18984560959958996,0,127,2261,4942,5.585,0.01,FALSE,TRUE
1173,0.52,4,0.323529411764706,1.0,1,1,4008,2424,0.001,0.008,FALSE,FALSE
1174,0.52,24,0.323529411764706,0.7906307883074056,0,19,1143,1211,4.576,0.001,TRUE,FALSE
1175,0.55,1669,0.4117647058823531,0.24403793440284738,0,107,4386,2814,5.327,0.035,FALSE,TRUE
1176,0.52,4,0.323529411764706,1.0,1,1,1548,1018,5.672,0.028,FALSE,FALSE
1177,0.55,976,0.4117647058823531,0.31377732081534704,0,92,4473,1298,9.521,0.049,TRUE,TRUE
1178,0.52,5,0.323529411764706,0.9762820793982757,0,2,1250,4680,0.578,0.016,FALSE,FALSE
1179,0.52,4,0.323529411764706,1.0,1,1,4034,4622,9.654,0.037,FALSE,FALSE
1180,0.52,4,0.323529411764706,1.0,1,1,3717,1079,4.096,0.024,FALSE,FALSE
1181,0.56,1707,0.4411764705882355,0.24111101436536242,0,107,2196,2143,4.759,0.034,FALSE,TRUE
1182,0.51,25,0.2941176470588236,0.7855286282728475,0,21,4264,546,1.069,0.044,TRUE,FALSE
1183,0.55,2002,0.4117647058823531,0.2203849443766891,0,114,13,3559,8.99,0.021,FALSE,TRUE
1184,0.52,62,0.323529411764706,0.6703954215891343,0,40,844,487,8.856,0.009,TRUE,FALSE
1185,0.56,2472,0.4411764705882355,0.1929641386111841,0,123,4724,3538,1.241,0.03,FALSE,TRUE
1186,0.55,1262,0.4117647058823531,0.2803760208283105,0,101,1619,1934,8.644,0.007,FALSE,TRUE
1187,0.52,13,0.323529411764706,0.8660584518028531,0,8,2659,4045,1.258,0.034,TRUE,FALSE
1188,0.52,61,0.323529411764706,0.6724768804814816,0,39,4861,402,7.491,0.022,TRUE,FALSE
1189,0.54,2075,0.38235294117647073,0.21572818161442886,0,118,4129,3639,7.318,0.009,FALSE,TRUE
1190,0.54,1136,0.38235294117647073,0.2940478736606097,0,98,3196,1911,1.433,0.046,FALSE,TRUE
1191,0.52,4,0.323529411764706,1.0,1,1,2143,1159,2.098,0.012,FALSE,FALSE
1192,0.52,4,0.323529411764706,1.0,1,1,4611,4454,3.272,0.003,FALSE,FALSE
1193,0.52,5,0.323529411764706,0.9762820793982757,0,2,3114,3299,2.321,0.017,FALSE,FALSE
1194,0.52,5,0.323529411764706,0.9762820793982757,0,2,4681,2254,6.43,0.03,FALSE,FALSE
1195,0.54,2604,0.38235294117647073,0.18619945220071,0,129,1043,4350,3.511,0.008,TRUE,TRUE
1196,0.52,14,0.323529411764706,0.8570832791639875,0,9,1130,3386,5.08,0.031,TRUE,FALSE
1197,0.52,30,0.323529411764706,0.7626472919397876,0,24,488,991,8.193,0.035,TRUE,FALSE
1198,0.52,6434,0.323529411764706,0.06855801390213534,0,153,3791,3113,1.749,0.001,FALSE,TRUE
1199,0.54,1063,0.38235294117647073,0.3026802571539734,0,97,3493,1346,7.0,0.038,FALSE,TRUE
1200,0.56,2015,0.4411764705882355,0.21954336429760357,0,113,3245,3510,3.724,0.033,TRUE,TRUE
1201,0.52,16,0.323529411764706,0.8408010054765142,0,11,4912,2582,2.848,0.047,TRUE,FALSE
1202,0.54,2579,0.38235294117647073,0.18745393063418248,0,128,2554,4966,4.652,0.039,FALSE,TRUE
1203,0.55,15,0.4117647058823531,0.8486875658593698,1,1,792,2663,0.845,0.036,TRUE,FALSE
1204,0.52,5,0.323529411764706,0.9762820793982757,0,2,4980,1686,1.994,0.038,FALSE,FALSE
1205,0.53,2443,0.35294117647058837,0.19449865457704874,0,129,705,4917,8.066,0.003,TRUE,TRUE
1206,0.55,1403,0.4117647058823531,0.266608054306504,0,105,102,1960,6.164,0.007,TRUE,TRUE
1207,0.52,4,0.323529411764706,1.0,1,1,4372,3940,3.78,0.029,FALSE,FALSE
1208,0.52,5,0.323529411764706,0.9762820793982757,0,2,3420,358,9.973,0.016,FALSE,FALSE
1209,0.52,1878,0.323529411764706,0.22869841775764188,0,111,2304,3746,0.088,0.045,TRUE,TRUE
1210,0.52,24,0.323529411764706,0.7906307883074056,0,19,3966,1228,5.499,0.048,TRUE,FALSE
1211,0.52,4,0.323529411764706,1.0,1,1,1179,2486,9.761,0.041,FALSE,FALSE
1212,0.53,2404,0.35294117647058837,0.19659127458693926,0,127,4506,4118,0.181,0.019,TRUE,TRUE
1213,0.52,14,0.323529411764706,0.8570832791639875,0,9,4573,3150,8.73,0.043,TRUE,FALSE
1214,0.52,17,0.323529411764706,0.8333653585622632,0,12,3025,2398,2.523,0.005,TRUE,FALSE
1215,0.55,2019,0.4117647058823531,0.2192855081072399,0,115,2890,4281,8.772,0.047,FALSE,TRUE
1216,0.52,14,0.323529411764706,0.8570832791639875,0,9,975,4689,7.299,0.04,TRUE,FALSE
1217,0.52,19,0.323529411764706,0.8196591770833878,0,14,328,2188,9.118,0.044,TRUE,FALSE
1218,0.53,2054,0.35294117647058837,0.21705080569917912,0,117,3951,3790,0.785,0.017,FALSE,TRUE
1219,0.63,261,0.6470588235294118,0.4849921542253418,0,69,3653,500,5.465,0.029,FALSE,TRUE
1220,0.52,15,0.323529411764706,0.8486875658593698,0,10,1876,3525,4.633,0.007,TRUE,FALSE
1221,0.53,3256,0.35294117647058837,0.15714110409428128,0,142,3402,4668,4.048,0.048,TRUE,TRUE
1222,0.52,4,0.323529411764706,1.0,1,1,237,3864,2.414,0.042,FALSE,FALSE
1223,0.56,1676,0.4411764705882355,0.24349379328194842,0,106,4996,3332,6.712,0.006,TRUE,TRUE
1224,0.64,353,0.6764705882352942,0.44584173517497383,0,70,1657,630,3.186,0.041,TRUE,TRUE
1225,0.52,5,0.323529411764706,0.9762820793982757,0,2,2778,2770,6.756,0.025,FALSE,FALSE
1226,0.52,10,0.323529411764706,0.8974308392281952,0,6,4820,218,0.463,0.046,FALSE,FALSE
1227,0.52,4,0.323529411764706,1.0,1,1,4217,2909,3.455,0.038,FALSE,FALSE
1228,0.54,3052,0.38235294117647073,0.1655554579491314,0,132,2459,4426,2.302,0.035,TRUE,TRUE
1229,0.65,146,0.7058823529411765,0.5601717939937116,0,43,2052,430,8.383,0.042,FALSE,TRUE
1230,0.52,21,0.323529411764706,0.807260427769889,0,16,3515,3596,1.715,0.02,TRUE,FALSE
1231,0.52,21,0.323529411764706,0.807260427769889,0,16,3813,1947,7.034,0.032,TRUE,FALSE
1232,0.67,110,0.7647058823529413,0.5967139374049617,0,10,955,251,1.33,0.021,FALSE,TRUE
1233,0.52,15,0.323529411764706,0.8486875658593698,0,10,4416,4931,9.05,0.027,TRUE,FALSE
1234,0.52,38,0.323529411764706,0.7327823188951412,0,31,2868,781,4.703,0.015,TRUE,FALSE
1235,0.47,1698,0.1764705882352941,0.2417983042816264,0,113,1410,2699,5.202,0.048,FALSE,TRUE
1236,0.52,5,0.323529411764706,0.9762820793982757,0,2,4524,900,6.105,0.039,FALSE,FALSE
1237,0.5,2523,0.26470588235294124,0.1903086496965367,0,133,1200,2579,3.797,0.024,TRUE,TRUE
1238,0.52,4,0.323529411764706,1.0,1,1,3564,2081,3.126,0.009,FALSE,FALSE
1239,0.52,23,0.323529411764706,0.7959412564816635,0,18,4109,1379,1.389,0.028,TRUE,FALSE
1240,0.52,4,0.323529411764706,1.0,1,1,80,2979,0.2,0.026,FALSE,FALSE
1241,0.52,5,0.323529411764706,0.9762820793982757,0,2,727,147,3.386,0.033,FALSE,FALSE
1242,0.52,14,0.323529411764706,0.8570832791639875,0,9,4752,4248,4.384,0.032,TRUE,FALSE
1243,0.52,320,0.323529411764706,0.45857163886020336,0,74,2569,59,9.366,0.02,TRUE,FALSE
1244,0.51,1758,0.2941176470588236,0.23728350511701568,0,111,1817,2450,4.116,0.031,TRUE,TRUE
1245,0.52,6,0.323529411764706,0.9562288632611592,0,3,2618,4075,5.787,0.01,FALSE,FALSE
1246,0.52,1451,0.323529411764706,0.26223492301117146,0,108,4889,2362,8.133,0.017,FALSE,TRUE
1247,0.52,12,0.323529411764706,0.8756990397311537,0,7,639,4163,1.77,0.045,TRUE,FALSE
1248,0.54,3158,0.38235294117647073,0.1611154355510912,0,134,4286,4514,5.138,0.024,FALSE,TRUE
1249,0.52,18,0.323529411764706,0.826331839960327,0,13,2214,2840,8.789,0.003,TRUE,FALSE
1250,0.5,7,0.26470588235294124,0.938857977317676,0,5,1983,1995,0.528,0.022,FALSE,FALSE
1251,0.66,121,0.735294117647059,0.5844217742551037,0,23,4058,322,4.374,0.006,TRUE,TRUE
1252,0.5,1885,0.26470588235294124,0.22821468873380168,0,115,504,4032,2.869,0.005,FALSE,TRUE
1253,0.55,1958,0.4117647058823531,0.22327445733494378,0,113,4661,2806,2.356,0.01,TRUE,TRUE
1254,0.52,4,0.323529411764706,1.0,1,1,2956,4796,0.146,0.002,FALSE,FALSE
1255,0.52,7,0.323529411764706,0.938857977317676,0,4,1090,3493,2.113,0.006,FALSE,FALSE
1256,0.52,1424,0.323529411764706,0.2646766957391258,0,107,4234,2340,4.558,0.045,FALSE,TRUE
1257,0.52,2858,0.323529411764706,0.17409612606785452,0,138,815,2277,5.52,0.004,FALSE,TRUE
1258,0.54,3515,0.38235294117647073,0.14718707057594083,0,136,4881,4538,1.527,0.04,FALSE,TRUE
1259,0.52,15,0.323529411764706,0.8486875658593698,0,10,1639,3092,2.719,0.037,TRUE,FALSE
1260,0.52,73,0.323529411764706,0.649460246782668,0,43,1572,286,6.982,0.008,TRUE,FALSE
1261,0.56,4078,0.4411764705882355,0.12786531543582447,0,129,2707,3193,3.117,0.029,FALSE,TRUE
1262,0.52,28,0.323529411764706,0.7713230665053097,0,23,4706,1443,5.277,0.012,TRUE,FALSE
1263,0.54,2346,0.38235294117647073,0.1997669910090546,0,125,822,4457,4.782,0.028,FALSE,TRUE
1264,0.51,1447,0.2941176470588236,0.26259378780549836,0,108,219,2420,1.635,0.032,FALSE,TRUE
1265,0.52,14,0.323529411764706,0.8570832791639875,0,9,4098,4183,8.308,0.004,TRUE,FALSE
1266,0.52,78,0.323529411764706,0.6409547078865161,0,46,3146,268,2.945,0.041,TRUE,FALSE
1267,0.52,8,0.323529411764706,0.9235357700205693,0,5,3553,4900,6.529,0.036,FALSE,FALSE
1268,0.52,7,0.323529411764706,0.938857977317676,0,4,3850,653,2.22,0.023,FALSE,FALSE
1269,0.52,5,0.323529411764706,0.9762820793982757,0,2,416,3703,5.725,0.034,FALSE,FALSE
1270,0.52,5,0.323529411764706,0.9762820793982757,0,2,1024,673,7.547,0.025,FALSE,FALSE
1271,0.52,7,0.323529411764706,0.938857977317676,0,4,4458,3725,4.197,0.018,FALSE,FALSE
1272,0.52,4,0.323529411764706,1.0,1,1,2910,1976,9.555,0.03,FALSE,FALSE
1273,0.51,2038,0.2941176470588236,0.2180676230339118,0,116,1525,3924,0.387,0.008,TRUE,TRUE
1274,0.52,15,0.323529411764706,0.8486875658593698,0,10,2842,3581,5.605,0.042,TRUE,FALSE
1275,0.52,2707,0.323529411764706,0.18115492566282476,0,136,1158,3775,9.295,0.033,FALSE,TRUE
1276,0.52,13,0.323529411764706,0.8660584518028531,0,8,3762,4751,2.626,0.012,TRUE,FALSE
1277,0.52,46,0.323529411764706,0.7085096494551016,0,32,3445,797,8.624,0.049,TRUE,FALSE
1278,0.5,1629,0.26470588235294124,0.24719174717943893,0,111,2083,2604,1.319,0.015,FALSE,TRUE
1279,0.52,8,0.323529411764706,0.9235357700205693,0,5,4147,85,6.848,0.018,FALSE,FALSE
1280,0.52,12,0.323529411764706,0.8756990397311537,0,7,44,4264,5.384,0.017,TRUE,FALSE
1281,0.52,23,0.323529411764706,0.7959412564816635,0,18,686,1362,8.532,0.024,TRUE,FALSE
1282,0.52,5,0.323529411764706,0.9762820793982757,0,2,4794,3043,9.881,0.022,FALSE,FALSE
1283,0.52,4,0.323529411764706,1.0,1,1,2611,1255,3.869,0.035,FALSE,FALSE
1284,0.52,6144,0.323529411764706,0.0745567932950364,0,152,1862,4645,6.191,0.001,TRUE,TRUE
1285,0.53,5200,0.35294117647058837,0.0962539559168657,0,146,605,4672,9.753,0.003,TRUE,TRUE
1286,0.54,1330,0.38235294117647073,0.27355409429939703,0,104,1248,2205,6.644,0.008,TRUE,TRUE
1287,0.52,4,0.323529411764706,1.0,1,1,4476,4320,3.415,0.029,FALSE,FALSE
1288,0.52,1377,0.323529411764706,0.2690396840844359,0,106,3389,2469,5.654,0.021,TRUE,TRUE
1289,0.52,4,0.323529411764706,1.0,1,1,2334,4134,4.288,0.043,FALSE,FALSE
1290,0.52,59,0.323529411764706,0.6767424562473753,0,38,1947,721,5.069,0.037,TRUE,FALSE
1291,0.56,1190,0.4411764705882355,0.28801176181262067,0,99,3938,1616,8.876,0.04,FALSE,TRUE
1292,0.5,2563,0.26470588235294124,0.18826319237583633,0,134,623,2748,7.721,0.039,TRUE,TRUE
1293,0.64,135,0.6764705882352942,0.5702897711015957,0,36,1227,379,5.863,0.046,TRUE,TRUE
1294,0.5,2248,0.26470588235294124,0.20531555340561292,0,123,4546,4011,6.897,0.044,FALSE,TRUE
1295,0.63,778,0.6470588235294118,0.34323917129464154,0,77,2978,447,1.856,0.007,FALSE,TRUE
1296,0.52,24,0.323529411764706,0.7906307883074056,0,19,1300,3656,8.204,0.029,TRUE,FALSE
1297,0.63,439,0.6470588235294118,0.41755039316068254,0,73,1475,523,4.454,0.02,FALSE,TRUE
1298,0.52,4,0.323529411764706,1.0,1,1,4167,2028,5.754,0.029,FALSE,FALSE
1299,0.51,2218,0.2941176470588236,0.20706251437838474,0,122,306,3951,4.306,0.007,TRUE,TRUE
1300,0.52,4,0.323529411764706,1.0,1,1,2592,700,3.712,0.025,FALSE,FALSE
1301,0.53,1599,0.35294117647058837,0.2496083195575688,0,109,1842,2780,6.347,0.04,TRUE,TRUE
1302,0.52,13,0.323529411764706,0.8660584518028531,0,8,2524,4724,1.442,0.01,TRUE,FALSE
1303,0.52,36,0.323529411764706,0.7396306582409742,0,29,4726,829,7.309,0.047,TRUE,FALSE
1304,0.5,1677,0.26470588235294124,0.24341624430472153,0,112,841,2650,2.752,0.013,FALSE,TRUE
1305,0.56,3501,0.4411764705882355,0.1477060902659164,0,128,288,3315,3.212,0.047,TRUE,TRUE
1306,0.52,19,0.323529411764706,0.8196591770833878,0,14,3127,2152,4.663,0.006,TRUE,FALSE
1307,0.52,2289,0.323529411764706,0.20296535746348032,0,124,2401,3826,5.397,0.034,FALSE,TRUE
1308,0.5,9,0.26470588235294124,0.9098295885416938,0,7,3829,1307,0.19,0.036,FALSE,FALSE
1309,0.52,15,0.323529411764706,0.8486875658593698,0,10,220,4943,4.415,0.023,TRUE,FALSE
1310,0.56,2338,0.4411764705882355,0.2002111686678859,0,121,3028,3262,4.008,0.038,TRUE,TRUE
1311,0.52,4,0.323529411764706,1.0,1,1,497,1426,5.055,0.009,FALSE,FALSE
1312,0.52,7,0.323529411764706,0.938857977317676,0,4,2174,3821,0.435,0.026,FALSE,FALSE
1313,0.53,3123,0.35294117647058837,0.16256478818131292,0,139,4061,4530,7.131,0.016,TRUE,TRUE
1314,0.52,5,0.323529411764706,0.9762820793982757,0,2,1517,195,3.182,0.033,FALSE,FALSE
1315,0.52,5,0.323529411764706,0.9762820793982757,0,2,1166,2551,8.557,0.004,FALSE,FALSE
1316,0.56,1808,0.4411764705882355,0.2336372909381964,0,108,3631,2121,2.382,0.045,TRUE,TRUE
1317,0.52,18,0.323529411764706,0.826331839960327,0,13,380,4988,1.185,0.024,TRUE,FALSE
1318,0.52,22,0.323529411764706,0.8014777688577933,0,17,983,1889,3.046,0.016,TRUE,FALSE
1319,0.52,25,0.323529411764706,0.7855286282728475,0,20,3463,1470,8.779,0.011,TRUE,FALSE
1320,0.52,5,0.323529411764706,0.9762820793982757,0,2,3234,3678,0.499,0.017,FALSE,FALSE
1321,0.52,22,0.323529411764706,0.8014777688577933,0,17,5000,5000,0.001,0.0,TRUE,FALSE
1322,0.67,4658,0.7647058823529413,0.11057019559773884,0,80,1,2,10.0,0.044,TRUE,TRUE
1323,0.52,21,0.323529411764706,0.807260427769889,0,16,5000,5000,0.001,0.05,TRUE,FALSE
1324,0.52,4,0.323529411764706,1.0,1,1,1,3107,10.0,0.05,FALSE,FALSE
1325,0.52,5,0.323529411764706,0.9762820793982757,0,2,5000,2415,10.0,0.0,FALSE,FALSE
1326,0.52,5,0.323529411764706,0.9762820793982757,0,2,1,5000,0.001,0.05,FALSE,FALSE
1327,0.66,5741,0.735294117647059,0.08338084091057951,0,89,5000,2,0.001,0.027,FALSE,TRUE
1328,0.64,6141,0.6764705882352942,0.07462031819518988,0,92,1,2,0.001,0.027,FALSE,TRUE
1329,0.68,6498,0.7941176470588237,0.06727059687726178,0,90,5000,2,10.0,0.029,FALSE,TRUE
1330,0.52,5,0.323529411764706,0.9762820793982757,0,2,5000,5000,0.001,0.0,FALSE,FALSE
1331,0.66,6996,0.735294117647059,0.05766575793252904,0,92,795,2,0.001,0.027,FALSE,TRUE
1332,0.66,6094,0.735294117647059,0.07561961297678743,0,91,795,2,10.0,0.028,FALSE,TRUE
1333,0.53,2757,0.35294117647058837,0.17877490308594068,0,136,743,4072,5.952,0.04,FALSE,TRUE
1334,0.52,5,0.323529411764706,0.9762820793982757,0,2,3174,3606,0.552,0.019,FALSE,FALSE
1335,0.52,6,0.323529411764706,0.9562288632611592,0,3,4281,4038,9.951,0.024,FALSE,FALSE
1336,0.52,5,0.323529411764706,0.9762820793982757,0,2,1747,2069,9.597,0.012,FALSE,FALSE
1337,0.56,1535,0.4411764705882355,0.25491878773182663,0,105,1338,2034,5.781,0.014,FALSE,TRUE
