Status,ACCURACY,RUNTIME,recent_samples_size,n_samples,const,max_depth,threshold
Completed,0.89,214,4561,1239,4.389,4,0.18
Completed,0.72,37,79,791,6.502,2,0.46
Completed,0.89,4342,4241,1635,9.418,8,0.739
Completed,0.81,2462,4337,3504,9.252,7,0.819
Completed,0.65,32,2170,4185,5.485,4,0.387
Completed,0.77,66,5000,5000,0.001,20,0.633
Completed,0.91,1441,1,1,5.98,4,0.999
Completed,0.92,329,5000,477,0.001,5,0.982
Completed,0.78,5883,1815,4584,4.929,11,0.79
Completed,0.9,4235,4380,1346,6.449,8,0.894
Completed,0.91,247,1587,655,7.72,1,0.336
Completed,0.85,97,4795,2446,0.001,14,0.389
Completed,0.92,751,4746,310,7.4,3,0.001
Completed,0.89,105,1293,1214,7.357,1,0.001
Completed,0.89,112,1483,1340,7.186,3,0.061
Completed,0.92,1307,1105,120,5.334,3,0.184
Completed,0.81,423,1656,2704,7.034,6,0.979
Completed,0.71,32,346,4454,3.463,6,0.829
Completed,0.75,633,2344,1641,4.206,6,0.699
Completed,0.9,191,3927,1067,0.434,3,0.001
Completed,0.79,70,4829,3773,2.611,2,0.207
Completed,0.79,1055,1371,3209,1.344,10,0.531
Completed,0.77,55,3175,3416,3.842,5,0.912
Completed,0.92,5735,4901,197,9.74,12,0.658
Completed,0.77,47,1382,5000,0.001,11,0.999
Completed,0.85,130,3837,1901,0.001,12,0.001
Completed,0.89,140,5000,1609,0.001,18,0.472
Completed,0.93,504,3503,272,0.001,15,0.999
Completed,0.92,1727,993,72,0.001,19,0.999
Completed,0.91,203,4954,1076,0.001,13,0.999
Completed,0.92,430,4357,351,0.001,13,0.171
Completed,0.83,88,3971,3123,0.618,1,0.11
Completed,0.87,139,4849,1738,0.001,20,0.001
Completed,0.75,52,1058,3387,2.097,5,0.001
Completed,0.79,56,5000,4807,0.001,7,0.999
Completed,0.76,59,1070,2641,0.001,6,0.999
Completed,0.79,57,1028,2959,0.001,11,0.767
Completed,0.78,55,1069,3349,0.001,8,0.999
Completed,0.84,92,4584,2743,8.231,1,0.428
Completed,0.85,111,4162,2407,1.823,4,0.387
Completed,0.79,63,5000,4630,0.001,11,0.22
Completed,0.84,72,3859,3224,0.001,9,0.999
Completed,0.83,82,3635,2601,10.0,3,0.001
Completed,0.81,79,1474,3146,10.0,1,0.001
Completed,0.86,89,4310,2422,10.0,3,0.001
Completed,0.85,83,5000,3016,10.0,3,0.999
Completed,0.85,85,4242,2508,5.159,4,0.999
Completed,0.81,100,3288,2386,10.0,3,0.001
Completed,0.92,329,3416,430,1.031,1,0.999
Completed,0.91,236,4366,765,6.63,1,0.999
Completed,0.76,68,3760,3649,0.001,15,0.999
Completed,0.8,58,3862,4485,3.455,3,0.999
Completed,0.78,69,3997,3666,5.271,1,0.999
Completed,0.7,34,2605,5000,10.0,4,0.999
Completed,0.75,50,1344,4879,2.068,1,0.999
Completed,0.82,73,3724,2708,3.293,1,0.001
Completed,0.77,54,3787,5000,4.047,4,0.999
Completed,0.77,55,5000,5000,0.001,1,0.001
Completed,0.89,146,5000,1616,0.001,7,0.001
Completed,0.79,52,3836,5000,3.534,1,0.999
Completed,0.81,70,1306,2719,0.001,20,0.999
Completed,0.77,56,5000,5000,5.927,1,0.999
Completed,0.74,41,945,5000,1.488,5,0.001
Completed,0.77,80,4195,5000,0.001,11,0.001
Completed,0.91,2535,2515,40,8.313,20,0.999
Completed,0.77,61,4023,5000,4.866,2,0.999
Completed,0.79,59,5000,4368,7.583,1,0.999
Completed,0.85,131,5000,2296,6.564,4,0.001
Completed,0.79,65,3828,3881,1.076,7,0.999
Completed,0.76,84,3834,3671,1.122,1,0.999
Completed,0.77,48,1445,5000,2.892,7,0.999
Completed,0.84,78,5000,2849,7.8,4,0.999
Completed,0.77,54,4431,5000,8.276,1,0.999
Completed,0.78,58,1610,4445,10.0,3,0.001
Completed,0.77,53,1669,5000,1.512,8,0.999
Completed,0.92,2757,4202,572,10.0,7,0.999
Completed,0.77,4725,1480,5000,1.159,14,0.999
Completed,0.85,128,4295,2111,9.095,1,0.999
Completed,0.89,1274,1548,1503,10.0,6,0.999
Completed,0.77,54,4001,5000,6.413,3,0.999
Completed,0.91,205,1181,684,0.001,20,0.001
Completed,0.91,2293,1671,78,0.001,5,0.001
Completed,0.89,138,5000,1562,0.001,16,0.999
Completed,0.9,3422,3631,56,6.316,1,0.373
Completed,0.91,1633,1005,64,0.001,3,0.999
Completed,0.93,524,5000,381,0.001,16,0.001
Completed,0.91,479,1289,804,8.852,4,0.001
Completed,0.92,254,1393,602,0.001,10,0.001
Completed,0.89,153,4758,1666,0.897,1,0.001
Completed,0.82,396,3785,2821,5.068,6,0.001
Completed,0.91,4953,1,1,2.485,19,0.999
Completed,0.91,341,4115,586,2.187,4,0.999
Completed,0.85,96,5000,2459,0.001,18,0.999
Completed,0.77,44,1319,5000,0.001,9,0.999
Completed,0.82,115,3740,3057,5.814,5,0.001
Completed,0.83,74,5000,3137,0.917,3,0.999
Completed,0.85,116,5000,1913,0.001,3,0.001
Completed,0.77,60,4004,5000,6.22,2,0.001
Completed,0.77,81,5000,3662,0.001,5,0.999
Completed,0.86,121,5000,1962,0.001,17,0.001
Completed,0.78,64,3841,5000,10.0,2,0.001
Completed,0.92,584,5000,242,0.001,6,0.356
Completed,0.75,48,1069,5000,0.001,4,0.556
Completed,0.83,86,5000,2697,0.001,4,0.001
Completed,0.83,100,5000,3134,0.001,20,0.001
Completed,0.86,168,5000,2272,0.001,6,0.999
Completed,0.92,425,1432,247,2.126,1,0.001
Completed,0.92,305,1407,473,0.001,17,0.001
Completed,0.91,1901,1,1,0.001,6,0.999
Completed,0.91,4852,1,1,10.0,17,0.999
Completed,0.87,118,3570,1455,0.001,11,0.999
Completed,0.87,130,3945,1691,0.001,16,0.999
Completed,0.84,77,865,1611,5.703,1,0.999
Completed,0.91,273,4812,847,0.001,1,0.999
Completed,0.72,35,225,2135,3.864,4,0.999
Completed,0.91,275,3791,709,0.001,1,0.999
Completed,0.89,335,4812,1339,8.729,4,0.001
Completed,0.92,376,3706,444,3.341,3,0.999
Completed,0.85,120,1127,1488,5.351,2,0.999
Completed,0.89,139,4731,1385,6.117,1,0.999
Completed,0.93,391,5000,381,0.001,7,0.999
Completed,0.9,177,5000,1132,0.001,20,0.001
Completed,0.84,88,5000,2980,0.001,18,0.001
Completed,0.75,50,1017,5000,0.001,20,0.467
Completed,0.79,70,5000,3835,0.001,4,0.001
Completed,0.89,142,5000,1449,0.001,5,0.988
Completed,0.91,240,5000,927,0.001,20,0.999
Completed,0.84,95,5000,2197,5.201,2,0.001
Completed,0.93,354,3927,458,0.001,10,0.999
Completed,0.91,239,4339,797,2.063,2,0.001
Completed,0.9,167,1107,753,0.001,15,0.001
Completed,0.9,239,1979,1021,0.001,18,0.001
Completed,0.88,163,3058,988,0.001,18,0.001
Completed,0.88,127,3087,1040,7.244,2,0.999
Completed,0.73,47,412,1937,5.779,1,0.999
Completed,0.79,72,1455,2903,2.075,1,0.999
Completed,0.88,123,1128,1022,4.663,3,0.999
Completed,0.84,103,4466,2598,3.35,5,0.001
Completed,0.63,29,91,2922,3.622,4,0.999
Completed,0.92,635,399,106,3.571,4,0.999
Completed,0.85,78,2385,744,7.255,2,0.999
Completed,0.93,317,2894,266,2.815,2,0.999
Completed,0.91,293,1238,619,4.113,4,0.999
Completed,0.32,24,1,2431,1.807,1,0.999
Completed,0.84,101,3915,2413,10.0,1,0.999
Completed,0.75,46,3057,4565,2.321,6,0.999
Completed,0.74,47,3101,5000,0.909,1,0.999
Completed,0.85,75,5000,3016,6.579,1,0.999
Completed,0.91,228,4542,978,0.001,3,0.999
Completed,0.91,183,1820,982,6.94,2,0.001
Completed,0.88,117,802,840,7.082,2,0.001
Completed,0.84,77,1458,2306,9.988,1,0.999
Completed,0.65,35,260,3061,8.828,2,0.001
Completed,0.9,239,3613,1000,0.001,20,0.001
Completed,0.89,208,2890,702,0.001,16,0.149
Completed,0.91,238,4353,1015,2.438,1,0.001
Completed,0.88,135,1141,1027,0.001,17,0.001
Completed,0.85,95,510,856,0.001,16,0.999
Completed,0.91,246,4727,788,0.001,8,0.999
Completed,0.8,93,106,359,0.001,10,0.999
Completed,0.85,105,1981,2147,9.603,2,0.001
Completed,0.85,110,4673,2378,0.001,10,0.001
Completed,0.8,61,2628,1509,5.911,3,0.999
Completed,0.76,53,2548,1885,2.635,3,0.001
Completed,0.76,48,2553,2523,7.022,3,0.999
Completed,0.69,46,588,3647,4.612,3,0.001
Completed,0.9,184,1706,946,7.35,1,0.999
Completed,0.79,72,4254,3769,8.829,1,0.001
Completed,0.9,181,4461,1025,0.854,5,0.999
Completed,0.8,62,4675,3931,3.757,1,0.001
Completed,0.77,50,648,2748,6.977,4,0.001
Completed,0.75,44,602,3087,0.095,2,0.001
Completed,0.86,111,1888,1913,2.853,1,0.999
Completed,0.82,68,3876,3442,4.807,3,0.001
Completed,0.86,85,1897,2369,0.606,2,0.001
Completed,0.74,42,3091,5000,9.212,2,0.999
Completed,0.83,84,4579,3121,0.001,14,0.999
Completed,0.75,90,4636,4309,0.001,16,0.001
Completed,0.9,142,4758,1512,2.623,4,0.999
Completed,0.78,60,3885,4358,5.945,2,0.001
Completed,0.92,231,4954,699,1.171,3,0.999
Completed,0.81,71,3478,2645,4.776,1,0.001
Completed,0.77,56,1956,5000,2.404,6,0.001
Completed,0.9,137,1894,1406,0.001,20,0.999
Completed,0.91,141,1338,857,7.708,3,0.001
Completed,0.91,206,4618,934,7.34,2,0.001
Completed,0.78,59,1861,4291,0.716,3,0.001
Completed,0.82,87,4168,2660,2.677,3,0.999
Completed,0.85,73,4633,2930,0.807,6,0.001
Completed,0.91,197,4735,918,7.559,2,0.001
Completed,0.85,100,4942,2149,9.781,2,0.001
Completed,0.89,124,1832,1532,0.001,14,0.001
Completed,0.78,2101,4518,4234,8.221,9,0.508
Completed,0.86,1241,4053,1924,5.869,6,0.649
Completed,0.8,395,1802,4054,4.864,7,0.923
Completed,0.92,6846,1206,176,5.3,11,0.609
Completed,0.83,122,4143,2695,0.518,3,0.4
Completed,0.91,343,4970,836,4.407,4,0.999
Completed,0.78,51,3318,4075,10.0,4,0.001
Completed,0.91,245,1870,794,0.001,12,0.001
Completed,0.85,102,735,923,2.965,1,0.999
Completed,0.85,72,4666,3096,6.86,4,0.999
Completed,0.91,172,4956,960,0.001,6,0.999
Completed,0.79,73,5000,3813,9.154,4,0.999
Completed,0.74,51,2895,3947,0.001,11,0.999
Completed,0.78,53,3169,3872,0.001,13,0.001
Completed,0.85,5455,4738,2266,10.0,8,0.999
Completed,0.79,49,2810,2768,0.001,9,0.999
Completed,0.55,240,2016,4359,0.46,14,0.165
Completed,0.78,2818,133,476,9.411,8,0.366
Completed,0.76,817,918,3176,7.056,6,0.475
Completed,0.78,64,3256,4472,7.7,1,0.951
Completed,0.84,103,1047,1427,1.861,2,0.726
Completed,0.7,42,580,4762,4.216,5,0.616
Completed,0.75,415,2929,3548,1.03,10,0.094
Completed,0.76,62,2860,2470,4.513,1,0.544
Completed,0.84,74,512,1096,0.088,7,0.007
Completed,0.77,2264,977,2556,2.753,8,0.146
Completed,0.8,56,3640,3843,2.181,4,0.684
Completed,0.79,556,809,2056,8.651,5,0.894
Completed,0.89,2225,4550,1614,0.77,11,0.237
Completed,0.53,26,27,4132,5.986,2,0.754
Completed,0.75,5107,2677,2929,9.083,8,0.294
Completed,0.67,37,2170,3103,6.399,4,0.033
Completed,0.9,123,4742,1626,4.143,3,0.36
Completed,0.77,69,4372,5000,8.268,5,0.001
Completed,0.89,199,4599,1429,0.175,6,0.574
Completed,0.91,155,4213,1391,7.096,1,0.999
Completed,0.78,195,3809,4602,5.484,6,0.999
Completed,0.79,135,4404,4358,6.951,6,0.999
Completed,0.87,107,3293,1411,0.591,6,0.001
Completed,0.77,74,1584,3691,0.695,9,0.001
Completed,0.88,173,1623,1438,0.859,7,0.999
Completed,0.76,1065,3556,4652,8.437,7,0.999
Completed,0.76,365,3284,5000,8.535,7,0.001
Completed,0.68,860,2355,4473,8.07,7,0.999
Completed,0.83,246,3925,3314,9.997,5,0.229
Completed,0.66,4637,185,2861,1.923,11,0.887
Completed,0.63,2758,2043,1661,7.895,7,0.581
Completed,0.8,94,2786,1841,5.053,4,0.841
Completed,0.82,96,3514,2000,1.06,4,0.999
Completed,0.69,41,2361,3831,6.454,5,0.999
Completed,0.87,201,1901,1534,0.001,18,0.001
Completed,0.77,61,569,2100,0.001,17,0.001
Completed,0.83,112,1318,1881,0.001,20,0.001
Completed,0.88,161,3413,1564,0.001,1,0.001
Completed,0.77,61,1465,5000,9.308,6,0.372
Completed,0.84,168,1446,2226,10.0,4,0.999
Completed,0.8,65,4388,4154,0.692,9,0.999
Completed,0.83,102,1947,2671,1.083,5,0.999
Completed,0.9,169,4169,1403,7.666,2,0.999
Completed,0.89,156,4726,1570,7.714,2,0.001
Completed,0.72,47,255,1442,1.754,5,0.999
Completed,0.92,1732,4618,344,2.487,6,0.001
Completed,0.85,140,1538,1834,0.001,8,0.999
Completed,0.87,135,1352,1653,7.43,1,0.999
Completed,0.73,2930,1226,5000,10.0,8,0.001
Completed,0.84,112,1898,2205,2.521,5,0.001
Completed,0.83,84,4670,3190,7.914,2,0.001
Completed,0.77,65,4772,5000,1.641,3,0.001
Completed,0.84,93,4829,2996,0.738,8,0.001
Completed,0.81,85,1740,3171,0.115,14,0.001
Completed,0.81,81,4678,3519,4.362,5,0.001
Completed,0.92,4672,2812,70,6.515,15,0.999
Completed,0.89,190,5000,1273,1.483,5,0.999
Completed,0.76,55,3462,4313,0.001,20,0.999
Completed,0.78,63,825,2850,0.001,16,0.999
Completed,0.88,139,1870,1442,2.148,4,0.001
Completed,0.9,176,2683,566,0.738,2,0.999
Completed,0.79,123,4658,3764,0.001,14,0.001
Completed,0.9,191,4211,1414,0.688,3,0.999
Completed,0.84,87,3523,2103,5.942,1,0.999
Completed,0.73,47,749,5000,0.001,6,0.999
Completed,0.9,143,1668,1384,4.902,4,0.001
Completed,0.84,88,3652,2471,10.0,1,0.489
Completed,0.78,170,4423,4985,7.693,7,0.499
Completed,0.84,103,1913,2455,0.001,1,0.999
Completed,0.79,89,1827,3501,7.87,1,0.999
Completed,0.77,63,1780,4132,3.846,6,0.001
Completed,0.78,71,3902,4098,1.268,8,0.502
Completed,0.79,60,1781,3786,3.512,1,0.999
Completed,0.79,58,3880,5000,5.006,5,0.999
Completed,0.9,199,1899,1105,0.93,1,0.999
Completed,0.82,93,842,1582,0.575,1,0.999
Completed,0.85,96,1911,2540,0.655,7,0.001
Completed,0.78,60,1867,5000,9.175,4,0.001
Completed,0.8,101,3930,2640,9.585,1,0.001
Completed,0.88,211,4759,1693,6.41,2,0.999
Completed,0.79,63,3876,4475,0.377,6,0.999
Completed,0.78,276,4305,4986,1.303,10,0.999
Completed,0.79,73,3872,5000,0.001,18,0.001
Completed,0.78,694,1784,3924,3.196,8,0.999
Completed,0.82,112,4700,2721,1.475,1,0.001
Completed,0.84,80,1864,2967,8.923,3,0.999
Completed,0.8,83,1405,3303,10.0,4,0.999
Completed,0.74,75,1589,4790,6.684,5,0.999
Completed,0.78,54,3627,5000,6.72,5,0.001
Completed,0.9,129,1694,1357,3.462,4,0.999
Completed,0.77,78,1490,4104,0.001,15,0.001
Completed,0.72,3336,825,3883,7.124,8,0.999
Completed,0.78,1997,3585,4037,10.0,8,0.001
Completed,0.91,164,4496,1391,0.001,2,0.999
Completed,0.84,507,4750,3337,6.746,6,0.999
Completed,0.85,113,928,1209,3.97,1,0.001
Completed,0.81,67,4416,4508,2.265,8,0.001
Completed,0.87,154,4472,2077,9.068,3,0.001
Completed,0.8,56,3878,4823,9.666,5,0.999
Completed,0.78,81,1855,4864,0.612,10,0.001
Completed,0.92,2687,2979,109,9.109,6,0.001
Completed,0.89,277,4484,1361,6.677,1,0.999
Completed,0.77,50,1413,5000,0.001,14,0.001
Completed,0.76,60,3297,3988,3.036,6,0.001
Completed,0.79,56,1445,4842,7.6,4,0.001
Completed,0.62,39,2236,5000,0.265,13,0.001
Completed,0.88,147,1799,1556,8.269,2,0.001
Completed,0.88,160,3705,1607,8.379,2,0.999
Completed,0.79,83,4651,4130,8.032,5,0.729
Completed,0.91,280,4755,971,0.174,1,0.493
Completed,0.79,5976,4734,3784,0.993,14,0.999
Completed,0.79,76,1854,5000,0.001,2,0.999
Completed,0.85,188,1663,2087,1.197,7,0.001
Completed,0.86,87,1894,2485,3.767,2,0.001
Completed,0.91,573,3221,380,2.146,1,0.999
Completed,0.92,7119,462,63,0.512,9,0.001
Completed,0.91,250,3461,759,2.583,2,0.999
Completed,0.78,86,4670,3639,7.168,4,0.001
Completed,0.91,264,1926,703,2.166,3,0.001
Completed,0.82,76,1248,2591,0.001,13,0.999
Completed,0.79,63,1877,5000,2.816,3,0.001
Completed,0.82,128,4543,2704,1.893,6,0.999
Completed,0.86,135,1890,1902,5.588,3,0.001
Completed,0.8,62,1800,4069,0.001,13,0.001
Completed,0.83,138,1893,2831,4.494,5,0.999
Completed,0.86,155,1438,1598,8.02,3,0.999
Completed,0.9,169,1675,1322,3.59,2,0.001
Completed,0.71,36,2521,4138,6.907,1,0.999
Completed,0.92,389,2995,324,0.001,1,0.999
Completed,0.91,175,2559,363,2.962,1,0.001
Completed,0.92,1384,3836,192,1.665,5,0.001
Completed,0.93,6304,3946,227,8.42,15,0.999
Completed,0.92,1065,3114,106,4.104,2,0.999
Completed,0.78,49,3642,5000,7.374,6,0.999
Completed,0.76,68,1343,4178,0.335,12,0.999
Completed,0.92,6022,2890,120,3.965,9,0.001
Completed,0.86,102,4740,2487,8.399,3,0.999
Completed,0.92,474,3964,474,0.001,11,0.999
Completed,0.76,46,1025,4020,1.682,2,0.999
Completed,0.73,5674,3237,4935,8.869,10,0.001
Completed,0.84,74,4774,3227,7.226,1,0.999
Completed,0.89,6254,1450,40,8.385,2,0.999
Completed,0.76,5546,1104,4693,8.926,10,0.193
Completed,0.77,1976,1813,4962,0.402,17,0.001
Completed,0.85,94,4830,2562,0.794,8,0.999
Completed,0.78,55,1480,4245,9.485,4,0.534
Completed,0.88,109,1683,1571,7.267,1,0.001
Completed,0.87,135,1243,1395,3.27,1,0.429
Completed,0.8,55,4820,4859,4.203,1,0.452
Completed,0.89,6377,4290,60,3.725,3,0.001
Completed,0.9,3745,1773,88,2.769,4,0.999
Completed,0.92,1255,3794,281,10.0,5,0.999
Completed,0.91,328,966,445,0.437,1,0.999
Completed,0.92,592,1948,345,0.001,20,0.999
Completed,0.93,514,1319,261,2.843,2,0.001
Completed,0.92,380,884,312,1.82,3,0.999
Completed,0.89,1060,3384,980,9.583,5,0.001
Completed,0.9,188,2797,509,7.296,1,0.001
Completed,0.91,499,3549,476,2.959,1,0.999
Completed,0.92,493,4254,676,5.329,4,0.999
Completed,0.89,147,4506,1435,5.148,3,0.475
Completed,0.91,197,4168,1160,2.023,3,0.999
Completed,0.92,471,3908,277,2.657,1,0.257
Completed,0.92,362,1658,579,2.85,1,0.406
Completed,0.9,214,4650,1269,0.443,4,0.488
Completed,0.89,172,1684,1302,0.001,10,0.36
Completed,0.75,1875,1435,5000,3.125,10,0.064
Completed,0.91,209,1321,664,3.52,2,0.999
Completed,0.93,1808,4951,363,1.769,6,0.999
Completed,0.83,175,4793,3317,5.384,6,0.999
Completed,0.81,77,4366,4568,7.347,4,0.636
Completed,0.84,106,1904,2792,6.517,1,0.001
Completed,0.86,115,3115,1713,1.066,4,0.001
Completed,0.76,62,1435,3991,4.635,3,0.999
Completed,0.89,251,4219,1305,2.074,4,0.999
Completed,0.76,52,1065,4625,3.233,1,0.26
Completed,0.93,457,4477,416,0.001,20,0.001
Completed,0.89,177,4482,1640,5.398,4,0.001
Completed,0.88,198,1685,1514,0.001,9,0.001
Completed,0.89,172,4604,1275,3.638,2,0.999
Completed,0.91,437,1310,402,2.611,1,0.001
Completed,0.91,172,4031,1123,1.513,4,0.52
Completed,0.92,1139,2611,64,1.382,2,0.989
Completed,0.91,190,4470,1187,0.001,6,0.39
Completed,0.87,146,4448,1776,3.218,3,0.554
Completed,0.86,236,4168,1865,9.465,4,0.999
Completed,0.9,3816,3471,57,8.129,9,0.999
Completed,0.88,294,1631,1261,7.027,4,0.999
Completed,0.9,409,3157,700,5.86,4,0.001
Completed,0.93,1136,1338,295,6.197,5,0.001
Completed,0.87,142,1649,1584,3.468,1,0.001
Completed,0.88,266,1786,1274,7.28,2,0.516
Completed,0.78,52,1712,5000,8.708,4,0.001
Completed,0.91,361,3696,604,7.492,1,0.001
Completed,0.81,91,1833,3379,0.854,1,0.001
Completed,0.79,73,4832,4793,1.014,1,0.169
Completed,0.84,112,3715,2122,8.229,3,0.404
Completed,0.91,185,4724,1394,1.962,5,0.001
Completed,0.79,70,4371,4761,4.97,3,0.001
Completed,0.89,191,1179,944,0.001,14,0.55
Completed,0.84,142,4720,2590,1.186,7,0.584
Completed,0.79,92,4810,3617,5.486,1,0.15
Completed,0.83,127,1905,2587,8.591,1,0.999
Completed,0.8,71,4400,4100,7.188,1,0.001
Completed,0.85,105,1888,2170,8.792,2,0.519
Completed,0.85,124,3725,2368,4.254,4,0.001
Completed,0.92,542,4898,272,7.437,1,0.001
Completed,0.92,258,963,379,3.51,1,0.999
Completed,0.81,62,4376,4557,2.109,7,0.523
Completed,0.86,127,4739,3046,5.879,4,0.999
Completed,0.84,96,4769,2846,0.856,1,0.757
Completed,0.93,384,4897,444,0.764,1,0.179
Completed,0.81,73,4338,3869,2.077,1,0.39
Completed,0.83,86,4826,3194,1.242,3,0.001
Completed,0.78,85,3897,5000,1.186,4,0.999
Completed,0.79,85,1861,5000,0.001,7,0.001
Completed,0.79,69,4398,4228,3.624,4,0.001
Completed,0.79,73,4416,3951,4.884,5,0.602
Completed,0.88,161,1887,1611,4.893,1,0.51
Completed,0.9,256,632,379,7.386,1,0.001
Completed,0.83,961,4836,2812,4.464,7,0.999
Completed,0.85,150,4401,1997,4.08,1,0.001
Completed,0.84,96,4260,3087,3.315,4,0.325
Completed,0.83,77,4955,2950,3.642,3,0.999
Completed,0.9,171,4190,1227,0.001,12,0.001
Completed,0.87,144,3993,1689,2.905,2,0.001
Completed,0.72,42,2929,5000,8.594,1,0.001
Completed,0.83,86,1937,2568,5.451,1,0.709
Completed,0.82,74,1335,2175,5.795,1,0.001
Completed,0.9,124,1816,1416,4.066,4,0.999
Completed,0.86,105,3729,1837,10.0,3,0.628
Completed,0.92,770,3982,167,3.326,1,0.999
Completed,0.86,115,1890,1817,0.257,5,0.001
Completed,0.84,100,1898,2301,3.337,4,0.001
Completed,0.79,60,4851,4743,9.673,4,0.561
Completed,0.8,62,3602,3545,2.754,1,0.999
Completed,0.85,75,4232,2966,1.622,6,0.001
Completed,0.86,140,4302,1925,0.895,6,0.999
Completed,0.8,61,4848,4520,8.809,5,0.001
Completed,0.84,126,1664,2021,4.517,2,0.001
Completed,0.81,68,3340,2682,9.862,2,0.748
Completed,0.65,36,2314,4686,6.505,6,0.055
Completed,0.77,7029,4726,4193,2.834,12,0.822
Completed,0.87,732,2562,709,5.246,5,0.585
Completed,0.73,42,2843,4854,0.052,9,0.372
Completed,0.82,69,1506,3090,3.583,3,0.926
Completed,0.9,255,1968,1000,1.311,2,0.778
Completed,0.85,3753,3601,1673,4.824,8,0.459
Completed,0.9,213,4423,984,4.675,1,0.999
Completed,0.82,82,4735,3112,0.001,19,0.548
Completed,0.93,418,743,207,0.248,1,0.233
Completed,0.85,117,4295,1879,9.067,1,0.001
Completed,0.89,141,1721,1120,2.536,2,0.557
Completed,0.84,70,4770,2919,0.001,1,0.001
Completed,0.84,77,5000,2845,2.947,5,0.999
Completed,0.83,74,4704,3078,0.208,3,0.999
Completed,0.58,3379,77,4380,1.793,12,0.898
Completed,0.68,34,205,2480,7.924,1,0.4
Completed,0.93,1822,4198,474,5.631,6,0.828
Completed,0.72,559,2358,2737,0.162,15,0.13
Completed,0.72,45,697,4140,6.912,5,0.298
Completed,0.92,3430,958,296,2.186,8,0.527
Completed,0.86,110,4641,2063,4.261,4,0.207
Completed,0.8,60,3834,3840,0.905,3,0.121
Completed,0.71,453,485,3169,3.042,7,0.673
Completed,0.76,61,618,1857,0.332,4,0.016
Completed,0.84,75,4587,2904,1.591,6,0.609
Completed,0.75,43,1061,4728,4.466,1,0.164
Completed,0.83,3476,721,916,9.582,7,0.888
Completed,0.91,134,4854,1415,6.863,2,0.317
Completed,0.79,59,4096,4482,8.341,4,0.482
Completed,0.68,4537,258,2574,5.605,8,0.785
Completed,0.61,3179,16,1350,7.143,7,0.564
Completed,0.75,3008,3411,4088,1.364,13,0.396
Completed,0.92,303,4304,697,9.225,2,0.134
Completed,0.84,97,4796,2788,5.863,3,0.033
Completed,0.74,5287,804,4532,8.005,9,0.726
Completed,0.88,196,1166,1032,2.967,5,0.441
Completed,0.9,369,4515,1612,0.668,9,0.76
Completed,0.78,56,4043,4989,4.186,6,0.909
Completed,0.73,39,360,3005,1.948,1,0.354
Completed,0.83,70,3733,3295,2.456,5,0.852
Completed,0.8,3143,1945,4026,3.913,10,0.408
Completed,0.81,104,1453,1934,1.176,6,0.258
Completed,0.93,814,2945,112,2.693,1,0.938
Completed,0.73,781,2587,4248,7.654,8,0.229
Completed,0.8,71,1738,3747,5.98,2,0.534
Completed,0.84,153,2210,368,8.873,3,0.635
Completed,0.71,37,2439,4142,8.536,3,0.983
Completed,0.85,99,1662,2365,6.278,4,0.819
Completed,0.86,3251,2688,618,9.778,8,0.39
Completed,0.74,47,3032,3817,4.895,5,0.661
Completed,0.8,1222,1400,3240,1.551,10,0.108
Completed,0.89,1717,2158,172,3.654,6,0.192
Completed,0.82,94,3495,2158,0.293,1,0.513
Completed,0.93,5357,547,139,8.394,13,0.847
Completed,0.8,2098,3548,2877,2.612,9,0.173
Completed,0.57,27,2056,4804,0.944,4,0.618
Completed,0.85,100,1269,1737,3.831,3,0.703
Completed,0.86,930,3056,1219,2.224,7,0.026
Completed,0.73,42,2791,4426,7.498,1,0.799
Completed,0.82,3207,1607,2582,8.948,7,0.496
Completed,0.8,122,4175,3700,0.435,11,0.631
Completed,0.85,554,3263,1554,7.729,5,0.901
Completed,0.92,7121,4266,290,3.895,12,0.392
Completed,0.89,4282,1835,1086,5.537,8,0.731
Completed,0.83,6401,4761,3200,0.998,13,0.306
Completed,0.78,56,2529,1585,8.408,2,0.038
Completed,0.76,120,2889,2772,3.136,6,0.764
Completed,0.79,59,1549,4597,0.421,2,0.445
Completed,0.52,148,2004,1373,4.397,5,0.358
Completed,0.73,6661,414,1971,4.55,9,0.96
Completed,0.89,5648,3940,46,1.818,3,0.28
Completed,0.81,83,4383,3424,3.309,2,0.429
Completed,0.73,56,1192,3945,0.56,8,0.873
Completed,0.91,205,905,415,5.364,2,0.084
Completed,0.84,1808,4742,2256,8.27,6,0.652
Completed,0.78,4442,4280,4348,6.622,10,0.552
Completed,0.66,82,147,3598,9.511,5,0.248
Completed,0.75,1492,3131,3491,5.019,7,0.288
Completed,0.85,4552,4155,2133,7.545,8,0.284
Completed,0.8,1700,4949,3754,7.309,7,0.386
Completed,0.74,43,664,3253,8.824,3,0.814
Completed,0.8,1849,1003,2389,4.02,7,0.104
Completed,0.92,269,4684,567,2.349,1,0.656
Completed,0.8,74,3870,3475,2.742,5,0.509
Completed,0.72,38,519,4206,1.127,10,0.189
Completed,0.87,91,582,828,3.495,2,0.622
Completed,0.89,131,3776,1501,0.139,7,0.177
Completed,0.8,895,4542,4411,4.756,8,0.03
Completed,0.77,63,1018,2646,1.378,4,0.707
Completed,0.69,1555,2674,4061,1.894,11,0.542
Completed,0.9,304,4887,1192,9.951,4,0.803
Completed,0.84,86,4141,2815,5.178,1,0.905
Completed,0.67,34,301,4819,8.69,6,0.335
Completed,0.74,46,3294,4927,6.776,4,0.138
Completed,0.66,38,216,3413,0.037,18,0.56
Completed,0.88,584,4337,1695,7.39,5,0.744
Completed,0.76,66,4841,4919,7.778,1,0.582
Completed,0.78,734,846,3075,6.168,6,0.152
Completed,0.87,102,1131,1282,1.051,2,0.923
Completed,0.91,2874,4483,764,2.505,7,0.368
Completed,0.83,2347,3998,2697,2.273,9,0.454
Completed,0.65,34,317,4624,3.783,3,0.773
Completed,0.77,69,3697,4332,4.369,2,0.276
Completed,0.77,271,1912,3662,2.078,8,0.956
Completed,0.92,4795,1408,438,3.091,9,0.869
Completed,0.82,62,2902,2205,0.856,3,0.425
Completed,0.87,616,790,1100,0.268,11,0.325
Completed,0.77,71,1771,3959,7.817,5,0.081
Completed,0.72,40,2256,2027,6.96,1,0.243
Completed,0.88,297,160,227,6.087,4,0.979
Completed,0.8,5646,4245,3359,9.709,8,0.071
Completed,0.61,33,114,4010,6.347,2,0.638
Completed,0.69,39,2472,3153,5.451,4,0.404
Completed,0.92,548,1707,245,9.443,1,0.301
Completed,0.79,1536,2730,2086,6.69,6,0.997
Completed,0.76,48,2997,3556,1.73,3,0.21
Completed,0.75,434,1367,4076,4.639,7,0.53
Completed,0.63,32,2113,2455,0.491,8,0.678
Completed,0.92,317,3452,530,3.378,4,0.126
Completed,0.79,53,3593,4496,0.776,7,0.69
Completed,0.64,30,2098,2512,2.859,1,0.013
Completed,0.89,246,1304,889,1.997,5,0.159
Completed,0.78,51,2746,2969,9.332,4,0.313
Completed,0.79,2658,1565,4713,7.036,9,0.883
Completed,0.73,2988,2379,1804,8.054,7,0.782
Completed,0.87,149,3230,1151,5.815,3,0.478
Completed,0.77,55,3342,4016,2.724,6,0.038
Completed,0.7,43,2336,3343,1.223,1,0.733
Completed,0.92,1805,1842,122,3.965,4,0.569
Completed,0.75,4547,871,4783,6.709,11,0.839
Completed,0.72,45,2822,3677,7.207,4,0.91
Completed,0.77,1737,1503,4277,8.847,8,0.357
Completed,0.86,1946,1978,2343,5.949,7,0.442
Completed,0.78,534,3974,4448,0.487,14,0.516
Completed,0.93,397,3626,339,7.606,3,0.762
Completed,0.91,1038,459,343,1.464,6,0.412
Completed,0.85,107,3983,2329,4.982,2,0.855
Completed,0.79,77,4418,4261,0.225,5,0.942
Completed,0.76,5572,1224,3684,3.722,10,0.263
Completed,0.8,80,860,1883,8.448,3,0.538
Completed,0.92,4702,4700,136,5.108,9,0.234
Completed,0.83,3614,1852,2866,0.881,12,0.807
Completed,0.83,397,1856,3219,2.988,7,0.357
Completed,0.77,84,4268,4289,0.419,5,0.838
Completed,0.7,2907,562,4124,4.701,10,0.537
Completed,0.76,49,2984,3365,2.447,3,0.017
Completed,0.79,66,841,2488,0.162,6,0.748
Completed,0.79,157,1237,3590,7.481,5,0.377
Completed,0.76,2174,3656,3918,9.738,8,0.928
Completed,0.77,6744,2746,1970,5.196,9,0.858
Completed,0.81,63,175,538,7.649,1,0.338
Completed,0.72,34,492,4512,9.534,2,0.105
Completed,0.85,273,3809,2451,9.191,5,0.031
Completed,0.81,62,4594,4070,5.684,2,0.18
Completed,0.77,590,1089,3572,7.95,6,0.623
Completed,0.78,63,725,2073,2.989,2,0.333
Completed,0.92,2673,4874,248,0.88,8,0.902
Completed,0.71,31,250,3887,2.138,3,0.497
Completed,0.84,5303,3048,1576,4.106,8,0.602
Completed,0.82,92,479,937,1.869,4,0.094
Completed,0.87,149,1763,1722,1.094,2,0.771
Completed,0.62,28,2139,4774,4.052,4,0.95
Completed,0.82,99,4570,2720,1.309,7,0.496
Completed,0.89,670,4955,1322,6.051,5,0.629
Completed,0.78,3629,2380,1191,8.601,7,0.175
Completed,0.89,4442,2551,562,0.096,15,0.912
Completed,0.81,3683,1532,2827,6.265,8,0.105
Completed,0.75,65,3948,4687,9.01,2,0.59
Completed,0.92,1785,4040,372,6.921,6,0.037
Completed,0.59,4203,42,3115,0.748,13,0.976
Completed,0.82,117,1459,2117,9.684,3,0.518
Completed,0.71,37,2444,3753,5.456,2,0.697
Completed,0.84,103,4634,2341,4.648,1,0.878
Completed,0.84,3865,2056,167,1.883,8,0.428
Completed,0.9,1664,349,262,3.39,6,0.901
Completed,0.91,2718,4218,115,1.413,1,0.724
Completed,0.85,6059,1633,2398,3.865,9,0.204
Completed,0.78,89,1957,4200,1.197,8,0.01
Completed,0.85,115,4382,3314,3.454,4,0.561
Completed,0.85,1540,4767,1899,8.905,6,0.314
Completed,0.76,5550,1113,4635,2.578,12,0.638
Completed,0.78,302,2197,595,6.455,4,0.866
Completed,0.79,97,1402,3481,8.495,2,0.921
Completed,0.79,4913,3824,4013,6.24,9,0.4
Completed,0.65,662,238,4520,5.793,6,0.782
Completed,0.74,69,2663,2974,8.224,4,0.273
Completed,0.9,272,3749,1025,6.829,3,0.453
Completed,0.86,7016,1164,1468,9.064,10,0.993
Completed,0.78,76,933,2573,3.267,1,0.132
Completed,0.74,78,3355,4940,0.834,9,0.672
Completed,0.78,56,4125,4865,4.518,6,0.156
Completed,0.66,38,412,4718,0.05,1,0.473
Completed,0.76,2186,2841,2791,2.795,8,0.958
Completed,0.91,2162,3259,676,2.335,7,0.762
Completed,0.77,272,678,1832,4.885,5,0.308
Completed,0.79,707,1074,2917,7.758,6,0.567
Completed,0.78,1537,3487,4572,5.015,3,0.113
Completed,0.81,103,2603,1373,9.847,2,0.167
Completed,0.6,108,108,3867,9.272,5,0.224
Completed,0.89,2313,1505,1071,0.376,11,0.28
Completed,0.69,1313,2539,3646,6.702,7,0.705
Completed,0.92,6709,3560,447,8.432,9,0.51
Completed,0.8,102,982,2065,5.667,2,0.06
Completed,0.73,3077,751,3149,1.663,10,0.815
Completed,0.74,53,3166,4346,4.23,2,0.365
Completed,0.82,64,2924,2231,0.628,3,0.419
Completed,0.79,71,4221,3614,2.521,2,0.415
Completed,0.74,350,590,3468,1.969,8,0.209
Completed,0.77,48,3015,4040,4.558,5,0.721
Completed,0.83,83,3398,1926,0.348,1,0.558
Completed,0.89,6392,812,583,3.054,9,0.014
Completed,0.76,52,1207,4167,9.598,3,0.861
Completed,0.92,2092,2774,123,8.094,6,0.403
Completed,0.7,39,206,2366,5.391,4,0.916
Completed,0.9,938,3896,969,7.821,5,0.969
Completed,0.87,4424,1310,1539,5.584,8,0.46
Completed,0.74,4674,2812,3803,1.758,12,0.527
Completed,0.68,4647,2281,4425,9.482,9,0.266
Completed,0.84,92,4703,3084,7.049,1,0.806
Completed,0.88,1147,4465,1666,0.623,10,0.07
Completed,0.91,268,1894,822,2.858,3,0.61
Completed,0.82,107,1706,2624,2.088,4,0.664
Completed,0.78,72,526,1512,3.981,3,0.669
Completed,0.89,227,4314,1366,0.9,7,0.953
Completed,0.9,274,1732,1147,3.196,5,0.476
Completed,0.69,31,2170,2949,1.778,1,0.311
Completed,0.79,607,4599,4564,4.191,8,0.758
Completed,0.92,249,4985,650,8.158,2,0.118
Completed,0.77,1121,1504,4730,9.154,7,0.649
Completed,0.84,89,3917,2764,6.743,3,0.172
Completed,0.85,5194,3990,2219,9.808,8,0.71
Completed,0.93,361,1411,290,7.415,1,0.221
Completed,0.73,138,2491,3175,7.563,5,0.057
Completed,0.84,6156,1076,1595,1.46,11,0.441
Completed,0.76,350,4922,4333,5.287,7,0.515
Completed,0.93,379,4682,416,2.376,3,0.36
Completed,0.67,384,2107,2073,4.767,6,0.818
Completed,0.81,62,1806,3875,0.247,10,0.904
Completed,0.5,2383,2007,3524,3.305,9,0.745
Completed,0.79,75,4430,3969,0.718,2,0.201
Completed,0.91,4571,4816,72,6.632,9,0.923
Completed,0.82,4508,1141,2810,0.462,15,0.125
Completed,0.67,36,2245,2442,9.338,1,0.379
Completed,0.77,60,1355,4077,5.753,5,0.341
Completed,0.78,6469,3773,3436,8.341,8,0.853
Completed,0.7,5900,288,2617,8.691,9,0.456
Completed,0.65,49,2711,4896,5.965,1,0.972
Completed,0.86,141,3702,1698,8.944,4,0.809
Completed,0.9,3807,1114,815,6.336,7,0.261
Completed,0.84,92,4804,3238,0.011,11,0.693
Completed,0.75,43,886,4398,1.004,4,0.614
Completed,0.93,5328,1990,353,9.899,12,0.89
Completed,0.82,138,3305,3096,3.727,6,0.067
Completed,0.88,2965,3098,982,1.375,9,0.153
Completed,0.74,887,1025,4840,5.494,8,0.18
Completed,0.83,101,3439,2668,7.907,1,0.626
Completed,0.88,869,2650,720,7.115,5,0.587
Completed,0.65,2917,76,1788,9.411,7,0.11
Completed,0.78,3333,4046,4218,3.239,11,0.909
Completed,0.64,38,139,3270,6.541,2,0.523
Completed,0.7,5787,2568,4223,8.814,10,0.034
Completed,0.83,1785,3533,2275,6.17,7,0.244
Completed,0.66,5070,2347,4844,2.496,13,0.802
Completed,0.93,403,951,219,8.561,3,0.702
Completed,0.73,283,723,3823,3.779,7,0.423
Completed,0.8,51,3135,3690,1.503,5,0.881
Completed,0.92,360,2954,326,3.525,2,0.841
Completed,0.76,1086,377,2188,1.131,9,0.352
Completed,0.85,178,4170,2021,4.301,4,0.022
Completed,0.92,1180,1583,473,1.597,6,0.534
Completed,0.86,1833,3401,1409,8.252,6,0.72
Completed,0.84,120,828,1081,5.858,3,0.211
Completed,0.75,48,1216,4997,1.814,7,0.913
Completed,0.84,167,3639,2510,4.088,5,0.405
Completed,0.86,132,2773,875,0.818,1,0.32
Completed,0.71,2355,187,1634,3.209,8,0.86
Completed,0.89,116,3866,1623,5.081,3,0.268
Completed,0.7,894,2308,2502,7.209,6,0.996
Completed,0.78,63,4734,4987,9.932,4,0.448
Completed,0.9,4368,4493,1092,2.729,8,0.677
Completed,0.89,140,1924,1417,0.121,5,0.129
Completed,0.79,74,1676,4468,4.975,1,0.091
Completed,0.82,1484,4097,3040,2.25,9,0.607
Completed,0.75,41,460,2873,2.949,3,0.766
Completed,0.73,45,2891,4615,0.538,6,0.288
Completed,0.83,84,630,1238,2.159,2,0.945
Completed,0.92,2434,4938,230,0.432,8,0.17
Completed,0.71,43,2358,2284,3.038,4,0.652
Completed,0.78,84,1545,4231,1.936,1,0.565
Completed,0.84,5934,3974,3281,4.659,9,0.115
Completed,0.86,165,4057,1779,1.281,4,0.513
Completed,0.91,1342,1481,710,3.987,6,0.059
Completed,0.91,5468,3448,88,7.199,13,0.796
Completed,0.76,866,2431,2658,1.027,10,0.223
Completed,0.79,59,4845,4831,3.616,3,0.708
Completed,0.9,7151,4617,1246,9.026,9,0.417
Completed,0.66,31,2035,1263,6.323,1,0.902
Completed,0.74,295,3220,4003,0.151,17,0.079
Completed,0.78,72,1868,4627,8.655,5,0.816
Completed,0.83,2358,4295,2881,6.069,8,0.362
Completed,0.75,45,584,3028,9.131,2,0.016
Completed,0.74,4989,3001,4460,6.855,10,0.556
Completed,0.83,82,2244,482,4.939,1,0.76
Completed,0.74,431,2700,3824,3.382,8,0.234
Completed,0.78,75,1579,3597,0.078,3,0.949
Completed,0.8,1723,3757,3438,4.662,7,0.576
Completed,0.69,41,522,3982,1.26,2,0.356
Completed,0.8,12961,2571,1396,7.877,12,0.841
Completed,0.81,82,1105,2098,3.738,5,0.418
Completed,0.23,23,1,5000,10.0,1,0.999
Completed,0.77,57,5000,5000,0.001,16,0.001
Completed,0.67,32,260,3427,0.221,3,0.259
Completed,0.72,43,2680,4066,2.635,7,0.81
Completed,0.77,69,3338,3535,5.185,2,0.15
Completed,0.92,900,3074,484,9.724,5,0.065
Completed,0.8,416,4178,4601,1.103,11,0.433
Completed,0.86,105,4359,2177,8.003,3,0.76
Completed,0.64,645,2127,3681,9.624,6,0.473
Completed,0.79,70,4544,3812,6.898,4,0.954
Completed,0.75,87,4692,4312,9.613,4,0.013
Completed,0.76,7994,837,3264,6.309,9,0.795
Completed,0.9,1178,174,151,8.709,6,0.977
Completed,0.85,97,4102,2431,5.372,2,0.199
Completed,0.84,6327,4172,2591,7.695,9,0.92
Completed,0.91,3053,4837,705,7.321,7,0.852
Completed,0.82,63,1232,2886,0.736,7,0.701
Completed,0.82,5745,569,997,4.269,9,0.51
Completed,0.89,150,3902,1423,2.273,4,0.293
Completed,0.85,85,2767,1155,1.092,3,0.885
Completed,0.83,75,3430,3040,3.926,5,0.824
Completed,0.91,12904,1069,450,5.543,15,0.372
Completed,0.83,11786,4962,3138,1.422,14,0.214
Completed,0.61,51,2015,861,8.038,3,0.73
Completed,0.86,6903,3707,1716,6.042,9,0.447
Completed,0.66,10518,134,2419,0.495,16,0.811
Completed,0.92,4630,4422,327,0.344,10,0.634
Completed,0.8,73,4333,3789,8.754,3,0.607
Completed,0.88,1647,1347,1511,0.372,12,0.091
Completed,0.9,7609,723,519,7.847,10,0.383
Completed,0.86,536,4998,1901,6.232,5,0.666
Completed,0.79,1641,4643,3384,3.803,8,0.047
Completed,0.74,45,1081,4197,2.118,3,0.763
Completed,0.91,2854,1856,110,4.079,5,0.354
Completed,0.91,12267,3246,608,9.816,16,0.25
Completed,0.73,52,3279,4356,2.525,7,0.64
Completed,0.73,40,2446,3226,0.937,2,0.42
Completed,0.93,458,3546,363,7.434,1,0.012
Completed,0.74,52,2963,3482,7.573,4,0.201
Completed,0.74,2299,1511,3944,5.888,9,0.983
Completed,0.79,13180,4139,3704,1.967,13,0.682
Completed,0.89,176,1461,961,8.586,2,0.136
Completed,0.85,1499,2816,1464,5.494,7,0.914
Completed,0.77,5863,3479,4578,9.5,10,0.858
Completed,0.83,71,1349,2749,6.967,1,0.543
Completed,0.73,4670,2396,1836,3.537,9,0.695
Completed,0.9,182,3130,746,0.543,4,0.479
Completed,0.74,42,2548,2630,4.471,2,0.295
Completed,0.92,6124,534,200,6.091,11,0.777
Completed,0.76,79,1731,4947,1.45,6,0.515
Completed,0.74,60,371,2784,0.191,10,0.172
Completed,0.91,7213,2731,43,9.269,20,0.655
Completed,0.87,6324,953,903,4.817,8,0.103
Completed,0.75,2848,2616,2467,2.464,9,0.571
Completed,0.72,48,676,4420,5.22,1,0.732
Completed,0.61,121,13,1308,9.768,4,0.541
Completed,0.91,2126,1287,604,6.381,6,0.676
Completed,0.56,1841,42,4563,1.159,12,0.912
Completed,0.79,4672,1952,3719,8.624,8,0.612
Completed,0.73,38,2222,2231,1.332,5,0.241
Completed,0.6,27,2050,2843,6.421,4,0.076
Completed,0.79,133,3810,4268,1.687,9,0.425
Completed,0.72,57,507,3152,4.854,4,0.642
Completed,0.8,11194,3184,2760,9.152,11,0.102
Completed,0.89,4066,1170,38,0.15,2,0.584
Completed,0.85,314,4400,2387,3.31,6,0.364
Completed,0.81,95,4755,3560,6.657,2,0.985
Completed,0.73,1875,812,4017,9.883,7,0.207
Completed,0.67,12218,2247,4244,7.724,12,0.371
Completed,0.85,741,4853,3001,8.241,6,0.453
Completed,0.68,36,238,2930,8.123,1,0.86
Completed,0.86,171,901,1041,6.895,4,0.927
Completed,0.62,14140,2146,3794,0.569,18,0.662
Completed,0.84,120,4506,2557,1.007,5,0.517
Completed,0.91,7015,2492,280,9.389,15,0.033
Completed,0.74,667,1178,4868,3.074,9,0.3
Completed,0.91,288,3841,671,3.998,2,0.709
Completed,0.91,1311,1643,827,0.664,9,0.832
Completed,0.92,4901,3348,195,4.59,10,0.957
Completed,0.76,54,2685,3307,0.428,8,0.769
Completed,0.7,260,2309,2715,4.353,6,0.893
Completed,0.92,12277,4670,124,5.272,17,0.409
Completed,0.81,11793,4949,3948,4.693,12,0.788
Completed,0.9,4694,3724,1199,7.767,8,0.551
Completed,0.86,5759,4364,2082,0.302,15,0.969
Completed,0.92,619,4090,449,8.358,4,0.803
Completed,0.77,47,3375,4711,2.188,1,0.174
Completed,0.72,46,334,2016,0.268,1,0.007
Completed,0.69,262,273,4373,6.172,6,0.51
Completed,0.74,48,2576,3046,7.819,2,0.348
Completed,0.87,8950,948,1094,9.227,9,0.684
Completed,0.79,1296,1209,4722,0.758,13,0.288
Completed,0.72,3886,2349,2438,7.781,8,0.156
Completed,0.82,8722,1362,2909,7.074,10,0.042
Completed,0.62,10294,7,506,3.803,11,0.391
Completed,0.81,77,3977,4078,8.875,3,0.812
Completed,0.86,5362,4209,2035,4.841,8,0.328
Completed,0.79,88,1970,3832,3.749,3,0.641
Completed,0.72,9878,739,4029,8.059,11,0.018
Completed,0.83,1787,1831,3342,4.071,8,0.281
Completed,0.93,293,1277,390,9.41,2,0.766
Completed,0.68,33,2439,4919,5.11,5,0.913
Completed,0.76,431,3648,4782,9.995,7,0.731
Completed,0.77,7955,1504,4176,0.614,17,0.137
Completed,0.84,129,3718,2263,7.271,4,0.458
Completed,0.65,11807,2298,3652,2.207,12,0.755
Completed,0.7,246,430,4378,2.624,9,0.809
Completed,0.86,105,3249,1488,4.033,2,0.221
Completed,0.92,2886,791,157,1.92,7,0.886
Completed,0.77,84,2708,1810,6.392,1,0.656
Completed,0.83,193,3527,2933,8.847,5,0.616
Completed,0.72,511,501,4246,5.611,7,0.101
Completed,0.73,47,268,1528,3.097,4,0.916
Completed,0.86,98,4589,2501,0.384,6,0.493
Completed,0.92,1350,4651,139,2.977,3,0.689
Completed,0.76,4660,3097,3985,3.887,10,0.332
Completed,0.79,61,1009,2593,0.573,2,0.814
Completed,0.82,424,4269,2725,2.8,7,0.668
Completed,0.69,39,2337,3833,1.659,5,0.185
Completed,0.78,72,4698,4193,7.761,3,0.383
Completed,0.72,193,178,1734,8.594,4,0.3
Completed,0.83,9719,3805,2850,3.501,11,0.97
Completed,0.77,2015,3143,4370,8.007,8,0.556
Completed,0.92,1169,1115,93,8.837,1,0.436
Completed,0.86,503,1738,1735,7.696,5,0.887
Completed,0.66,33,2354,4122,6.423,2,0.83
Completed,0.82,264,1422,3020,2.878,7,0.399
Completed,0.79,68,4714,3948,0.236,4,0.702
Completed,0.74,42,647,3466,3.002,5,0.643
Completed,0.75,46,2980,4412,0.137,6,0.447
Completed,0.84,5269,3612,2072,3.831,9,0.271
Completed,0.88,1796,1948,1629,9.163,6,0.86
Completed,0.87,231,2669,694,5.619,4,0.953
Completed,0.83,12748,1753,2856,0.892,15,0.371
Completed,0.82,2377,961,2250,7.519,7,0.134
Completed,0.86,89,4556,2492,6.599,3,0.472
Completed,0.75,2457,1101,4028,1.951,11,0.822
Completed,0.9,5134,1578,923,9.035,8,0.682
Completed,0.67,209,2202,3222,5.242,6,0.598
Completed,0.85,131,1886,2006,0.412,4,0.125
Completed,0.82,152,4873,3708,1.417,9,0.992
Completed,0.92,2072,1362,147,2.357,6,0.907
Completed,0.83,2181,1988,2741,3.642,8,0.871
Completed,0.7,13991,261,2135,5.452,11,0.64
Completed,0.91,6913,3994,599,6.182,10,0.561
Completed,0.72,8185,574,3420,0.284,19,0.146
Completed,0.74,5557,3221,4993,2.836,12,0.95
Completed,0.84,4293,4611,2919,9.973,8,0.719
Completed,0.91,7863,4483,789,0.578,12,0.284
Completed,0.65,2923,340,4863,6.293,10,0.085
Completed,0.86,11936,2380,508,4.678,12,0.412
Completed,0.88,1788,3391,1303,7.227,6,0.013
Completed,0.89,600,392,354,9.635,5,0.832
Completed,0.83,96,3705,2519,2.098,4,0.523
Completed,0.79,2561,710,1788,1.072,10,0.391
Completed,0.85,116,4838,2181,0.845,7,0.593
Completed,0.64,30,2156,3533,2.32,1,0.462
Completed,0.92,10297,790,242,7.393,19,0.331
Completed,0.74,7031,2469,2315,7.186,9,0.94
Completed,0.8,8455,1249,3150,9.439,10,0.297
Completed,0.71,36,2627,4726,7.424,2,0.616
Completed,0.81,73,3244,2388,8.727,3,0.664
Completed,0.85,2766,616,831,5.657,7,0.485
Completed,0.83,6700,4036,3032,0.384,16,0.839
Completed,0.7,31,307,4548,1.11,5,0.978
Completed,0.73,8704,2015,193,7.922,17,0.525
Completed,0.77,105,3560,3602,3.274,6,0.176
Completed,0.81,54,1024,3005,5.929,2,0.885
Completed,0.79,71,933,1936,4.886,3,0.801
Completed,0.76,251,832,2696,1.669,8,0.055
Completed,0.74,43,2872,4245,3.95,3,0.857
Completed,0.86,104,3505,1612,0.175,1,0.922
Completed,0.78,9754,1923,4438,6.151,12,0.277
Completed,0.85,11721,3981,2224,3.69,11,0.088
Completed,0.7,37,524,3758,7.791,3,0.737
Completed,0.85,353,1148,1478,6.489,5,0.543
Completed,0.89,7880,4431,1390,8.068,10,0.819
Completed,0.91,255,3905,747,9.701,2,0.152
Completed,0.7,37,2406,3055,8.762,4,0.188
Completed,0.66,964,2092,1841,4.254,6,0.714
Completed,0.77,64,1474,4179,0.531,9,0.505
Completed,0.83,10435,703,1035,8.561,11,0.99
Completed,0.84,94,4745,2604,2.585,2,0.341
Completed,0.85,4651,2936,1009,1.979,9,0.108
Completed,0.93,302,1370,313,7.547,2,0.666
Completed,0.75,45,3017,4494,4.52,1,0.939
Completed,0.87,212,1883,1746,2.64,6,0.315
Completed,0.72,35,553,4549,0.257,7,0.625
Completed,0.66,31,48,1551,9.904,3,0.465
Completed,0.76,48,1138,3717,5.164,1,0.353
Completed,0.65,33,2243,4184,7.739,6,0.417
Completed,0.72,32,2467,4979,7.209,5,0.524
Completed,0.83,80,1654,2512,2.686,2,0.565
Completed,0.65,34,2129,2218,2.385,5,0.736
Completed,0.84,103,792,961,0.069,1,0.375
Completed,0.84,2309,4586,2488,2.819,9,0.924
Completed,0.84,95,4114,2783,1.939,6,0.75
Completed,0.83,74,4336,3256,3.089,5,0.176
Completed,0.91,903,3999,816,7.911,5,0.09
Completed,0.76,4208,1355,4733,1.318,14,0.97
Completed,0.93,4464,2442,65,3.44,11,0.829
Completed,0.78,10160,1068,2942,9.791,10,0.714
Completed,0.89,1824,4715,1342,8.846,6,0.686
Completed,0.7,13874,2354,3111,0.363,18,0.258
Completed,0.8,10268,3931,3549,6.087,9,0.514
Completed,0.62,30,224,4920,8.216,1,0.062
Completed,0.72,2976,418,1804,1.615,9,0.849
Completed,0.76,53,2672,2059,9.618,1,0.791
Completed,0.75,1516,880,3384,3.163,8,0.959
Completed,0.6,630,2061,4647,4.231,8,0.164
Completed,0.83,73,2880,1616,3.611,3,0.538
Completed,0.7,179,2760,4786,6.541,7,0.372
Completed,0.85,678,3885,1891,0.23,13,0.241
Completed,0.85,13090,4975,2849,4.859,11,0.068
Completed,0.91,4326,3537,80,8.703,10,0.453
Completed,0.69,34,330,3755,4.689,4,0.3
Completed,0.72,2491,292,2023,5.122,7,0.602
Completed,0.79,62,4674,4435,0.994,5,0.474
Completed,0.78,63,1696,4626,5.883,1,0.746
Completed,0.8,13088,4071,4115,1.585,16,0.376
Completed,0.74,36,2693,4960,4.716,5,0.775
Completed,0.84,730,1928,3006,1.884,8,0.308
Completed,0.84,717,1555,2397,3.228,7,0.471
Completed,0.91,175,3222,599,1.02,2,0.939
Completed,0.72,4184,30,406,4.566,9,0.715
Completed,0.85,121,4588,2204,2.36,4,0.247
Completed,0.72,42,872,4836,0.872,8,0.505
Completed,0.8,86,1054,1914,8.215,2,0.279
Completed,0.67,14284,2287,4235,2.753,14,0.156
Completed,0.79,3384,4761,4507,9.702,9,0.973
Completed,0.77,59,3470,3519,7.246,3,0.863
Completed,0.93,10132,4717,257,1.769,13,0.741
Completed,0.77,710,1777,4065,9.453,6,0.333
Completed,0.8,2673,4304,4657,3.122,11,0.547
Completed,0.83,624,3061,1706,8.587,5,0.917
Completed,0.81,11191,1079,2703,0.291,17,0.016
Completed,0.88,119,1322,1376,2.11,1,0.576
Completed,0.8,82,268,782,0.763,5,0.363
Completed,0.89,2751,4510,1486,3.556,8,0.831
Completed,0.83,14324,1511,2837,5.303,11,0.235
Completed,0.83,88,3984,3424,2.253,7,0.885
Completed,0.71,38,638,3971,4.421,2,0.418
Completed,0.86,83,3903,2882,3.704,1,0.036
Completed,0.85,1293,3739,1940,0.44,12,0.447
Completed,0.9,226,341,230,5.484,2,0.029
Completed,0.85,1665,4883,2184,7.691,6,0.559
Completed,0.77,8997,1593,3496,0.952,14,0.406
Completed,0.73,10826,2435,1596,4.804,11,0.32
Completed,0.83,3463,4203,2745,6.496,8,0.723
Completed,0.75,2411,725,2480,1.673,10,0.966
Completed,0.91,9832,907,549,7.634,12,0.772
Completed,0.72,347,2615,3774,1.244,10,0.178
Completed,0.82,233,2091,325,0.498,6,0.223
Completed,0.75,47,2509,2278,2.665,3,0.69
Completed,0.75,186,2993,4433,5.009,7,0.464
Completed,0.85,150,1866,1987,6.645,4,0.783
Completed,0.71,7907,618,4309,2.428,12,0.657
Completed,0.9,3768,613,29,3.135,5,0.853
Completed,0.85,290,4770,1982,0.967,8,0.322
Completed,0.92,12903,1641,142,2.647,16,0.977
Completed,0.79,78,4991,4267,6.212,4,0.074
Completed,0.74,50,986,4418,1.976,2,0.922
Completed,0.81,4475,843,2272,9.632,7,0.165
Completed,0.93,606,3756,318,7.425,1,0.633
Completed,0.8,56,4637,4747,8.623,3,0.579
Completed,0.87,13569,3389,1450,2.834,13,0.955
Completed,0.62,6377,119,2950,5.791,10,0.111
Completed,0.79,54,3193,3074,9.796,3,0.358
Completed,0.74,206,1409,4872,6.964,6,0.826
Completed,0.93,5585,1977,511,8.161,9,0.896
Completed,0.83,62,3384,2967,1.509,4,0.527
Completed,0.76,41,2430,2742,0.818,4,0.141
Completed,0.83,100,1588,2170,4.62,1,0.086
Completed,0.92,4604,4987,149,9.418,11,0.378
Completed,0.79,561,2382,1131,3.088,6,0.744
Completed,0.75,3516,2732,3976,7.639,8,0.938
Completed,0.81,79,1890,3430,5.432,1,0.469
Completed,0.82,606,4241,2622,4.769,6,0.393
Completed,0.64,12081,263,4804,4.907,12,0.184
Completed,0.78,10686,3283,4992,0.758,19,0.412
Completed,0.68,10110,2154,2360,2.239,11,0.841
Completed,0.83,9028,3863,3242,8.983,8,0.25
Completed,0.74,145,912,3789,6.776,5,0.716
Completed,0.83,8909,1094,1710,4.12,10,0.445
Completed,0.91,183,4309,1006,1.327,4,0.975
Completed,0.93,12687,1762,274,6.246,19,0.154
Completed,0.82,62,4722,4078,2.632,1,0.812
Completed,0.84,74,3508,2547,0.09,10,0.919
Completed,0.93,262,2302,101,1.579,1,0.335
Completed,0.79,880,3101,1898,3.787,7,0.865
Completed,0.72,38,2655,4831,6.442,2,0.109
Completed,0.64,839,2120,2878,9.235,6,0.578
Completed,0.81,4358,1283,2189,5.577,8,0.647
Completed,0.82,4064,308,596,6.592,8,0.416
Completed,0.89,301,1516,1501,9.126,4,0.306
Completed,0.83,73,3946,2993,5.101,4,0.829
Completed,0.82,85,1168,2096,0.551,5,0.602
Completed,0.69,6577,2406,4111,6.023,11,0.979
Completed,0.75,48,448,2657,4.248,2,0.672
Completed,0.76,7490,3612,4386,9.214,12,0.848
Completed,0.87,191,4845,1752,4.995,4,0.725
Completed,0.79,80,4163,3652,1.152,1,0.56
Completed,0.83,73,764,1417,5.702,3,0.756
Completed,0.72,41,525,3531,0.464,7,0.281
Completed,0.58,26,2032,4721,0.228,13,0.629
Completed,0.92,6643,1462,371,4.039,11,0.59
Completed,0.79,3518,4402,4059,7.338,9,0.499
Completed,0.81,1459,3424,3157,6.158,7,0.688
Completed,0.8,9022,2547,1307,9.963,10,0.525
Completed,0.86,14101,4294,2143,6.844,11,0.129
Completed,0.68,6008,2195,3450,4.515,9,0.782
Completed,0.88,140,1826,1637,0.67,6,0.991
Completed,0.89,140,3558,1091,3.502,2,0.462
Completed,0.84,407,4470,2392,8.76,1,0.884
Completed,0.77,12264,2227,805,8.808,13,0.208
Completed,0.79,416,4267,4766,2.414,10,0.859
Completed,0.93,3428,788,127,6.925,8,0.572
Completed,0.69,4767,2574,4283,4.297,11,0.479
Completed,0.85,493,3812,1924,9.757,5,0.104
Completed,0.85,96,4650,2524,6.071,2,0.174
Completed,0.88,12344,3417,1095,0.599,14,0.299
Completed,0.6,178,106,4478,8.278,6,0.642
Completed,0.75,45,3127,4676,7.386,4,0.889
Completed,0.91,1911,3994,870,8.494,6,0.289
Completed,0.86,5352,2000,2034,5.908,8,0.367
Completed,0.69,807,757,4085,0.119,19,0.239
Completed,0.72,39,2482,4969,3.252,3,0.608
Completed,0.85,6362,3620,2367,4.73,9,0.148
Completed,0.9,9523,456,345,9.934,18,0.316
Completed,0.85,1953,1713,3293,4.159,8,0.188
Completed,0.83,14096,4084,2948,8.296,12,0.932
Completed,0.86,107,2851,935,2.514,4,0.555
Completed,0.78,44,551,2252,0.935,2,0.384
Completed,0.73,11056,2671,3627,5.171,9,0.283
Completed,0.87,154,1543,1230,6.815,3,0.962
Completed,0.83,1628,3234,1776,9.022,6,0.493
Completed,0.59,36,19,1573,5.315,4,0.227
Completed,0.9,7914,4601,1027,7.522,10,0.694
Completed,0.85,7919,2132,214,4.946,15,0.434
Completed,0.79,510,3881,4215,6.334,7,0.531
Completed,0.73,52,895,3512,9.166,1,0.063
Completed,0.87,10201,4395,1688,1.609,12,0.512
Completed,0.81,9354,1474,2722,9.593,10,0.421
Completed,0.82,77,4743,3183,0.179,5,0.468
Completed,0.92,11198,3481,543,5.653,11,0.092
Completed,0.7,545,503,3887,2.972,8,0.997
Completed,0.77,52,3457,4695,2.719,7,0.328
Completed,0.81,96,1789,2898,0.511,2,0.858
Completed,0.71,58,2319,2327,4.366,5,0.928
Completed,0.73,8175,1062,4027,9.825,11,0.552
Completed,0.75,45,2589,2606,8.877,3,0.639
Completed,0.8,2642,4557,4358,0.847,15,0.957
Completed,0.74,12147,688,1965,3.473,11,0.627
Completed,0.71,7989,251,2115,9.352,9,0.82
Completed,0.74,338,664,2795,5.539,6,0.89
Completed,0.85,93,4137,2451,0.051,8,0.665
Completed,0.89,12672,1669,1309,7.474,12,0.455
Completed,0.83,4365,4980,3091,3.903,9,0.61
Completed,0.85,9596,4046,1851,6.197,10,0.943
Completed,0.8,5031,4418,3711,9.846,8,0.779
Completed,0.92,11086,3181,94,4.071,18,0.654
Completed,0.86,4073,151,287,0.267,11,0.878
Completed,0.75,2057,3363,4134,8.534,9,0.032
Completed,0.65,31,2078,1658,9.389,2,0.711
Completed,0.74,54,2976,3256,4.878,2,0.969
Completed,0.91,9595,1838,663,3.398,10,0.275
Completed,0.78,12918,4797,4939,5.403,13,0.682
Completed,0.81,111,3315,1996,5.062,1,0.584
Completed,0.85,870,1008,1342,1.532,8,0.896
Completed,0.75,318,661,2672,8.511,5,0.267
Completed,0.92,918,2977,307,6.573,5,0.605
Completed,0.8,81,3640,3419,8.43,3,0.668
Completed,0.78,640,1889,4158,5.029,8,0.389
Completed,0.82,111,3282,1943,1.603,6,0.041
Completed,0.77,132,1195,3376,0.709,9,0.749
Completed,0.86,166,712,1147,8.364,4,0.475
Completed,0.78,5543,1468,4705,3.755,11,0.744
Completed,0.65,31,302,4990,5.765,5,0.138
Completed,0.76,60,3524,4129,0.22,13,0.62
Completed,0.8,64,885,1872,9.219,2,0.074
Completed,0.81,63,4492,4539,2.724,1,0.481
Completed,0.89,142,3544,1366,1.191,3,0.806
Completed,0.89,1355,1705,1266,2.99,7,0.166
Completed,0.68,796,2295,4385,1.997,10,0.109
Completed,0.76,54,3125,4833,8.955,6,0.264
Completed,0.69,7704,2740,4903,6.259,11,0.496
Completed,0.75,44,418,2312,2.877,1,0.947
Completed,0.92,1425,4053,265,1.203,6,0.228
Completed,0.79,76,3032,1977,9.54,1,0.398
Completed,0.79,65,3615,3858,5.457,3,0.33
Completed,0.79,82,4811,4492,0.03,16,0.275
Completed,0.68,1803,2176,2057,9.108,6,0.789
Completed,0.78,9032,872,3089,3.432,11,0.558
Completed,0.77,425,4195,4651,5.958,7,0.083
Completed,0.78,64,3908,4793,3.271,5,0.887
Completed,0.66,3165,141,3636,7.166,8,0.328
Completed,0.88,155,4574,1678,1.725,3,0.822
Completed,0.76,2874,2999,4031,0.766,14,0.028
Completed,0.9,5450,4263,1117,6.773,8,0.258
Completed,0.66,12648,2077,1151,2.655,12,0.438
Completed,0.69,9018,229,2132,5.101,10,0.021
Completed,0.91,9373,2912,495,1.503,11,0.313
Completed,0.78,440,596,1750,1.925,7,0.489
Completed,0.82,94,2793,1594,2.796,3,0.116
Completed,0.8,3012,4746,3750,8.319,8,0.202
Completed,0.9,145,1963,1378,5.693,3,0.273
Completed,0.78,47,1373,4497,9.303,5,0.454
Completed,0.77,74,1632,4114,3.654,3,0.05
Completed,0.91,242,4807,1112,5.665,1,0.99
Completed,0.91,210,1745,861,1.79,5,0.537
Completed,0.93,7870,3420,255,8.657,15,0.064
Completed,0.89,7155,4785,1535,9.027,9,0.145
Completed,0.89,3154,1879,1313,1.018,10,0.414
Completed,0.77,63,4133,4673,2.427,1,0.616
Completed,0.88,848,4052,1716,6.516,6,0.119
Completed,0.9,170,3577,996,0.029,13,0.367
Completed,0.77,52,1027,3455,6.633,2,0.379
Completed,0.9,7960,2641,565,5.541,10,0.589
Completed,0.91,2503,3110,686,3.164,7,0.855
Completed,0.77,53,3044,3205,0.821,5,0.084
Completed,0.9,2873,4239,1057,2.703,8,0.787
Completed,0.92,532,1440,288,4.203,1,0.084
Completed,0.89,189,4465,1289,0.247,8,0.567
Completed,0.92,343,4036,550,5.285,3,0.345
Completed,0.92,2449,4405,166,5.417,6,0.209
Completed,0.89,192,4087,1288,4.041,1,0.516
Completed,0.64,37,28,1146,1.787,2,0.576
Completed,0.8,58,3930,4771,7.872,5,0.31
Completed,0.76,409,1838,4947,8.384,6,0.778
Completed,0.91,220,1065,553,0.009,13,0.732
Completed,0.76,46,1269,4637,4.216,1,0.159
Completed,0.89,150,4927,1703,4.531,4,0.246
Completed,0.77,67,4303,4317,0.726,3,0.038
Completed,0.77,44,2304,1525,8.187,2,0.352
Completed,0.8,60,1671,3865,6.914,3,0.431
Completed,0.81,8550,4978,4115,8.909,11,0.405
Completed,0.77,5351,2773,3934,8.454,9,0.206
Completed,0.56,578,81,4068,4.767,7,0.327
Completed,0.77,57,3298,3287,9.326,1,0.765
Completed,0.88,152,1527,1232,3.524,4,0.256
Completed,0.92,6448,3737,107,6.343,13,0.861
Completed,0.79,4537,4217,4462,4.569,10,0.626
Completed,0.79,242,3802,4001,6.871,7,0.899
Completed,0.92,830,4113,284,1.38,5,0.377
Completed,0.81,73,4524,3399,5.985,5,0.067
Completed,0.9,10100,1707,1256,1.526,12,0.216
Completed,0.81,71,3450,2979,5.607,4,0.899
Completed,0.93,3945,215,43,2.965,9,0.229
Completed,0.92,422,3084,220,3.311,1,0.697
Completed,0.9,2798,2563,529,9.129,7,0.365
Completed,0.76,10360,4603,4885,2.466,14,0.132
Completed,0.92,372,1785,463,5.044,1,0.031
Completed,0.75,6310,2701,3245,0.944,13,0.676
Completed,0.79,66,4784,4236,7.001,3,0.227
Completed,0.93,712,999,215,6.716,4,0.139
Completed,0.9,210,3625,875,6.264,1,0.622
Completed,0.66,12572,2326,3976,2.75,15,0.003
Completed,0.91,265,3167,451,0.393,4,0.86
Completed,0.89,117,4499,1713,2.137,2,0.002
Completed,0.92,382,1586,567,0.858,6,0.021
Completed,0.76,44,2948,4041,0.515,10,0.112
Completed,0.8,3418,3189,2830,5.346,8,0.418
Completed,0.78,11582,3321,3945,6.577,12,0.375
Completed,0.8,7156,1856,3938,5.465,11,0.734
Completed,0.56,14129,2006,1105,9.468,14,0.591
Completed,0.8,59,3345,3197,1.478,2,0.645
Completed,0.8,6779,2342,1004,5.755,9,0.388
Completed,0.76,299,1544,3658,9.333,5,0.827
Completed,0.75,55,2331,1453,5.911,2,0.995
Completed,0.88,1850,3413,1246,4.556,7,0.191
Completed,0.77,9919,2824,2102,7.372,10,0.005
Completed,0.9,9178,3931,1345,9.241,11,0.65
Completed,0.92,2681,4349,118,6.048,6,0.81
Completed,0.92,451,4202,354,3.783,3,0.335
Completed,0.75,123,486,2554,6.91,5,0.443
Completed,0.67,40,2234,2635,7.84,1,0.993
Completed,0.88,13471,3518,33,8.852,10,0.253
Completed,0.64,31,2159,3226,3.411,4,0.646
Completed,0.91,7571,3297,672,4.902,8,0.108
Completed,0.9,284,2420,305,9.54,3,0.534
Completed,0.81,3182,1129,1821,7.077,7,0.674
Completed,0.91,172,4114,1119,9.909,1,0.144
Completed,0.77,102,1177,4543,9.329,5,0.192
Completed,0.89,8371,1724,1163,1.441,11,0.07
Completed,0.78,67,4441,4878,0.035,1,0.287
Completed,0.68,584,162,3081,2.828,7,0.754
Completed,0.76,481,1371,4763,4.301,9,0.059
Completed,0.65,154,90,1529,8.951,4,0.544
Completed,0.78,105,1656,4271,1.784,9,0.532
Completed,0.8,96,2862,1835,0.296,3,0.213
Completed,0.79,11425,1870,3600,7.658,11,0.728
Completed,0.86,4648,893,1177,2.938,9,0.431
Completed,0.9,161,1385,904,0.002,16,0.488
Completed,0.81,170,4038,3889,0.482,12,0.054
Completed,0.79,126,2781,2465,5.954,4,0.428
Completed,0.75,4315,2950,4538,3.61,10,0.671
Completed,0.93,290,4033,528,3.841,3,0.497
Completed,0.83,90,3062,1746,1.705,2,0.864
Completed,0.71,6827,2729,4309,7.983,10,0.05
Completed,0.76,56,1148,3633,6.756,3,0.748
Completed,0.79,65,1739,4501,2.922,3,0.389
Completed,0.91,5820,3262,799,6.295,9,0.773
Completed,0.75,40,69,679,8.119,2,0.507
Completed,0.9,2238,4550,1381,5.288,7,0.038
Completed,0.43,27,1,1273,0.001,1,0.204
Completed,0.88,11651,2678,626,0.886,12,0.705
Completed,0.68,3621,676,4946,7.894,9,0.361
Completed,0.93,4130,4076,298,2.757,9,0.072
Completed,0.8,81,4952,4611,1.417,6,0.142
Completed,0.7,42,381,3976,0.114,8,0.354
Completed,0.86,123,5000,1861,10.0,1,0.001
Completed,0.74,50,907,4089,0.001,18,0.001
Completed,0.71,42,2676,4294,0.001,18,0.999
Completed,0.9,123,4108,1524,4.479,1,0.001
Completed,0.87,7078,2033,1,10.0,1,0.999
Completed,0.85,96,5000,2451,0.001,1,0.999
Completed,0.79,10164,4573,3382,3.223,11,0.301
Completed,0.92,1002,3336,393,7.746,5,0.18
Completed,0.92,2695,3636,217,2.453,7,0.616
Completed,0.8,72,3744,3724,3.951,5,0.003
Completed,0.8,63,5000,4019,0.001,3,0.621
Completed,0.76,8739,819,3123,1.396,13,0.432
Completed,0.92,8877,953,189,9.051,17,0.659
Completed,0.75,49,3032,4152,2.308,5,0.251
Completed,0.78,6312,379,1206,2.163,10,0.194
Completed,0.92,10088,2925,74,5.364,15,0.934
Completed,0.75,222,1217,4355,3.358,8,0.031
Completed,0.84,83,4120,2815,10.0,3,0.001
Completed,0.92,1580,1012,143,7.288,5,0.636
Completed,0.79,13589,1813,3955,5.15,14,0.012
Completed,0.79,60,960,2814,4.582,3,0.329
Completed,0.65,31,200,3355,9.506,5,0.968
Completed,0.77,70,1331,3861,8.326,2,0.221
Completed,0.65,46,2052,760,7.17,3,0.057
Completed,0.78,62,2899,3017,1.085,6,0.078
Completed,0.92,643,4503,304,3.646,1,0.484
Completed,0.91,210,5000,944,5.499,3,0.305
Completed,0.84,76,4149,3108,9.507,1,0.999
Completed,0.83,94,3767,3084,10.0,2,0.001
Completed,0.86,136,4297,2054,4.67,4,0.98
Completed,0.77,58,2394,1482,0.347,9,0.025
Completed,0.78,110,1950,4330,8.002,5,0.751
Completed,0.93,3568,4831,456,3.728,7,0.914
Completed,0.77,2705,1251,4565,1.103,13,0.348
Completed,0.9,1844,1027,737,1.822,7,0.787
Completed,0.89,156,4375,1284,3.99,2,0.256
Completed,0.92,274,1605,570,1.937,4,0.678
Completed,0.77,58,3687,3997,1.367,1,0.719
Completed,0.64,5506,2187,4403,6.709,10,0.171
Completed,0.9,5584,1305,43,7.855,7,0.116
Completed,0.77,6021,3269,3466,2.025,11,0.23
Completed,0.92,2302,4527,163,6.56,5,0.352
Completed,0.8,65,3957,4591,7.706,2,0.422
Completed,0.63,32,421,4888,1.697,4,0.081
Completed,0.89,13776,2457,429,5.239,17,0.871
Completed,0.8,62,4186,3922,3.541,4,0.219
Completed,0.75,1974,2812,4522,0.415,16,0.568
Completed,0.91,2676,3083,373,1.533,8,0.398
Completed,0.93,704,2758,237,8.74,1,0.835
Completed,0.78,120,1393,3586,5.741,5,0.501
Completed,0.81,1410,2521,954,7.221,6,0.244
Completed,0.92,265,1107,498,2.882,1,0.135
Completed,0.78,59,3897,5000,3.602,7,0.999
Completed,0.76,705,314,1554,4.397,6,0.538
Completed,0.9,224,4911,851,2.191,3,0.009
Completed,0.64,28,183,4258,7.053,1,0.312
Completed,0.92,12665,4233,617,9.097,14,0.596
Completed,0.67,32,2250,3802,2.046,7,0.439
Completed,0.78,14155,831,4647,3.922,14,0.839
Completed,0.79,59,3815,4162,0.001,1,0.999
Completed,0.66,38,417,5000,0.001,18,0.999
Completed,0.77,65,4927,5000,0.001,16,0.54
Completed,0.89,156,4387,1557,3.797,3,0.001
Completed,0.91,243,4094,1001,3.89,1,0.488
Completed,0.89,194,4034,1298,7.35,4,0.401
Completed,0.89,434,3819,1277,10.0,4,0.001
Completed,0.93,279,4014,438,0.001,3,0.609
Completed,0.92,229,1081,431,7.163,1,0.001
Completed,0.76,54,3429,5000,10.0,1,0.395
Completed,0.89,196,1454,912,0.001,9,0.999
Completed,0.77,52,1502,5000,10.0,1,0.204
Completed,0.91,1566,3546,843,5.219,6,0.221
Completed,0.77,73,4487,4670,8.311,3,0.289
Failed,,,1610,380,8.997,11,0.564
Failed,,,4516,1,0.001,6,0.999
Failed,,,5000,1,5.861,2,0.001
Failed,,,4875,1728,4.107,17,0.936
Failed,,,4605,2891,5.936,12,0.308
Failed,,,960,4685,7.524,16,0.524
Failed,,,373,1552,7.462,19,0.718
Failed,,,3945,1030,9.078,14,0.497
Failed,,,1748,1185,6.203,18,0.126
Failed,,,3158,4527,7.118,15,0.9
Failed,,,3947,1,0.001,11,0.999
Failed,,,183,2606,3.699,14,0.092
Failed,,,1082,2243,0.915,13,0.14
Failed,,,2626,463,4.682,20,0.565
Failed,,,4138,2353,3.412,17,0.304
Failed,,,4647,2809,1.196,18,0.474
Failed,,,1320,1,1.636,2,0.001
Failed,,,4821,1,2.946,13,0.001
Failed,,,4024,3,1.688,3,0.001
Failed,,,1772,1,8.306,13,0.999
Failed,,,3899,4892,7.711,20,0.001
Failed,,,4334,1,3.922,17,0.797
Failed,,,797,24,8.132,15,0.001
Failed,,,1941,53,4.331,20,0.001
Failed,,,1906,2735,9.025,20,0.999
Failed,,,4012,1,0.44,1,0.001
Failed,,,1734,1320,6.206,20,0.999
Failed,,,259,4824,8.295,18,0.999
Failed,,,1320,1,8.253,17,0.999
Failed,,,4285,197,0.722,15,0.999
Failed,,,4454,2231,0.907,20,0.999
Failed,,,4884,3504,7.788,19,0.999
Failed,,,3494,50,4.92,17,0.001
Failed,,,4271,1,7.895,13,0.999
Failed,,,1342,314,0.969,20,0.999
Failed,,,2761,830,4.337,18,0.999
Failed,,,4202,1,1.373,15,0.001
Failed,,,829,1,5.329,20,0.001
Failed,,,830,1,0.657,15,0.999
Failed,,,733,1,0.562,14,0.001
Failed,,,4267,654,3.785,15,0.001
Failed,,,3402,1,1.592,16,0.81
Failed,,,2666,1,7.788,10,0.001
Failed,,,1344,417,9.471,20,0.001
Failed,,,3098,1,8.098,10,0.001
Failed,,,3397,1,0.981,15,0.999
Failed,,,5000,572,0.717,20,0.999
Failed,,,4580,1,1.975,14,0.999
Failed,,,2684,1,4.301,2,0.001
Failed,,,3157,612,0.741,17,0.001
Failed,,,3821,9,5.797,20,0.397
Failed,,,4732,1,8.264,11,0.001
Failed,,,833,1,1.668,2,0.999
Failed,,,3444,187,1.127,17,0.999
Failed,,,4429,1,2.295,13,0.999
Failed,,,2276,1,5.321,4,0.999
Failed,,,4778,1,1.225,16,0.999
Failed,,,3095,1,1.524,2,0.999
Failed,,,3856,1,0.671,14,0.001
Failed,,,1941,1,6.198,19,0.999
Failed,,,2621,1,1.442,2,0.001
Failed,,,1916,758,0.573,20,0.001
Failed,,,1297,169,8.086,14,0.001
Failed,,,1920,685,0.595,17,0.999
Failed,,,4269,1,4.579,5,0.001
Failed,,,4297,1,4.156,3,0.999
Failed,,,1316,539,0.376,14,0.999
Failed,,,4621,1,1.439,13,0.999
Failed,,,1314,241,5.028,19,0.001
Failed,,,2641,192,0.782,15,0.999
Failed,,,4140,1,3.267,14,0.999
Failed,,,2707,1,4.76,4,0.999
Failed,,,3366,1,5.307,20,0.001
Failed,,,3813,1,7.48,12,0.001
Failed,,,4325,1,5.631,19,0.999
Failed,,,3922,475,1.731,13,0.001
Failed,,,1922,699,0.617,18,0.001
Failed,,,2904,1,0.863,16,0.999
Failed,,,3311,538,2.57,16,0.001
Failed,,,856,1,7.527,11,0.999
Failed,,,2636,1,0.601,16,0.999
Failed,,,3930,1,0.69,1,0.001
Failed,,,4013,1,2.57,3,0.001
Failed,,,2690,1,0.001,14,0.001
Failed,,,2435,1,3.991,4,0.001
Failed,,,4262,1,4.587,19,0.001
Failed,,,3431,295,5.036,18,0.001
Failed,,,3328,1,7.256,1,0.001
Failed,,,3006,1,0.001,1,0.999
Failed,,,1791,1,1.268,2,0.001
Failed,,,3894,214,0.823,17,0.001
Failed,,,3977,1,7.082,19,0.001
Failed,,,1319,87,4.257,18,0.001
Failed,,,3955,1,5.545,18,0.999
Failed,,,3103,1,1.28,14,0.001
Failed,,,1678,937,9.495,20,0.001
Failed,,,4674,1,7.279,1,0.999
Failed,,,4216,1,1.506,2,0.001
Failed,,,3330,585,9.63,20,0.999
Failed,,,4276,1,0.507,1,0.999
Failed,,,4896,1,0.001,20,0.001
Failed,,,1921,1,0.323,14,0.001
Failed,,,1119,1,0.593,14,0.001
Failed,,,3490,1,2.771,1,0.999
Failed,,,4689,1,10.0,20,0.999
Failed,,,2235,1,0.688,14,0.001
Failed,,,3608,458,8.059,11,0.999
Failed,,,3356,1,1.408,2,0.001
Failed,,,865,1,1.323,16,0.001
Failed,,,669,1,0.467,1,0.001
Failed,,,3400,1,10.0,5,0.001
Failed,,,3316,1,0.495,1,0.999
Failed,,,4407,1,0.001,12,0.001
Failed,,,3950,1,1.522,2,0.001
Failed,,,711,1,5.694,18,0.001
Failed,,,4225,1,1.326,2,0.001
Failed,,,1923,454,9.709,20,0.001
Failed,,,2651,1,10.0,5,0.999
Failed,,,2660,1,4.495,17,0.999
Failed,,,4378,1,1.016,1,0.001
Failed,,,3421,1,2.762,15,0.001
Failed,,,3897,530,4.156,16,0.999
Failed,,,3063,1,2.469,14,0.001
Failed,,,4081,1,2.662,1,0.999
Failed,,,2630,1,4.332,19,0.001
Failed,,,2371,1,2.561,2,0.999
Failed,,,3906,552,10.0,20,0.001
Failed,,,3434,1,0.582,1,0.001
Failed,,,4641,1,5.864,18,0.999
Failed,,,4022,61,3.482,14,0.999
Failed,,,4279,1,4.641,4,0.001
Failed,,,2308,1,0.169,16,0.001
Failed,,,4492,1,0.449,1,0.999
Failed,,,2479,1,0.523,15,0.999
Failed,,,4233,1,7.134,20,0.999
Failed,,,4591,110,2.932,15,0.001
Failed,,,4361,1,7.324,1,0.001
Failed,,,2695,1,10.0,20,0.999
Failed,,,3432,1,0.764,20,0.121
Failed,,,4853,1,0.001,14,0.999
Failed,,,3461,1,10.0,5,0.999
Failed,,,4566,1,6.82,20,0.001
Failed,,,4630,1,8.158,5,0.001
Failed,,,1765,1,1.283,2,0.999
Failed,,,4165,3502,9.386,19,0.52
Failed,,,2760,809,3.412,14,0.999
Failed,,,3003,1147,2.11,14,0.999
Failed,,,4259,457,1.399,15,0.999
Failed,,,4460,3778,1.036,15,0.999
Failed,,,3862,2730,8.138,15,0.999
Failed,,,4516,1796,8.453,14,0.927
Failed,,,756,3175,5.516,15,0.999
Failed,,,4509,4460,1.13,17,0.999
Failed,,,4535,2596,5.734,16,0.999
Failed,,,1073,1,1.958,3,0.001
Failed,,,4917,3011,6.019,18,0.999
Failed,,,2585,130,0.856,19,0.999
Failed,,,4894,431,1.072,16,0.001
Failed,,,2640,1,6.463,20,0.001
Failed,,,1597,306,0.678,14,0.999
Failed,,,4686,1510,4.905,20,0.252
Failed,,,3813,855,4.258,20,0.001
Failed,,,1904,886,0.805,20,0.155
Failed,,,4484,1,4.17,5,0.999
Failed,,,4143,1,5.228,17,0.078
Failed,,,4538,1,0.001,15,0.28
Failed,,,2650,128,3.421,18,0.001
Failed,,,4594,1,5.051,19,0.692
Failed,,,4599,1,0.56,1,0.001
Failed,,,3131,234,4.066,19,0.001
Failed,,,3765,570,6.416,20,0.001
Failed,,,2425,1,4.444,18,0.3
Failed,,,3797,2464,7.684,18,0.001
Failed,,,3574,2026,5.38,13,0.999
Failed,,,3892,5000,5.088,20,0.999
Failed,,,1692,1466,6.263,18,0.001
Failed,,,1922,830,4.771,18,0.001
Failed,,,4541,167,5.129,20,0.999
Failed,,,437,1,4.028,18,0.999
Failed,,,4590,1,3.28,1,0.999
Failed,,,1081,355,4.654,18,0.466
Failed,,,839,1,0.001,14,0.536
Failed,,,3958,950,0.454,20,0.447
Failed,,,2626,1,3.79,15,0.001
Failed,,,3330,389,3.607,17,0.001
Failed,,,1303,1,0.001,20,0.001
Failed,,,666,1,10.0,7,0.001
Failed,,,3594,874,3.831,19,0.272
Failed,,,4944,313,0.644,20,0.001
Failed,,,4521,1,0.782,20,0.021
Failed,,,3892,1,7.893,20,0.001
Failed,,,2918,1,4.415,20,0.999
Failed,,,4182,2461,4.019,16,0.349
Failed,,,4153,2501,6.721,17,0.001
Failed,,,442,1,0.001,11,0.001
Failed,,,3454,810,1.494,15,0.001
Failed,,,4732,3651,5.934,16,0.001
Failed,,,2562,1,1.494,11,0.999
Failed,,,3619,2370,7.002,16,0.001
Failed,,,4156,1309,1.835,16,0.999
Failed,,,1060,5000,8.984,15,0.001
Failed,,,4683,2613,2.276,16,0.999
Failed,,,1529,106,1.671,14,0.001
Failed,,,1796,4133,7.085,17,0.999
Failed,,,3737,1220,4.343,17,0.999
Failed,,,2491,3139,2.11,18,0.999
Failed,,,3324,4233,4.452,19,0.001
Failed,,,450,214,1.053,19,0.001
Failed,,,4982,1781,5.663,18,0.128
Failed,,,4574,1,0.726,18,0.001
Failed,,,1870,2190,3.284,18,0.076
Failed,,,4293,3271,8.213,20,0.001
Failed,,,1464,1446,5.78,20,0.908
Failed,,,456,1,7.199,1,0.999
Failed,,,4624,1297,5.931,19,0.418
Failed,,,908,1,7.442,1,0.001
Failed,,,4581,520,1.616,18,0.001
Failed,,,4575,1999,9.401,20,0.02
Failed,,,4544,430,4.428,17,0.001
Failed,,,4485,897,6.252,20,0.999
Failed,,,3640,3150,7.911,20,0.999
Failed,,,1933,2627,7.323,18,0.001
Failed,,,1892,411,7.281,20,0.035
Failed,,,4768,2064,3.453,16,0.001
Failed,,,1666,1637,7.953,17,0.999
Failed,,,4770,4250,5.804,17,0.999
Failed,,,1908,2046,8.052,12,0.608
Failed,,,4419,3039,1.246,19,0.001
Failed,,,1775,3881,5.381,18,0.001
Failed,,,4699,3792,2.452,20,0.999
Failed,,,1017,3538,10.0,14,0.999
Failed,,,3923,938,2.229,15,0.999
Failed,,,3612,2921,10.0,15,0.203
Failed,,,4155,3960,7.828,20,0.001
Failed,,,4569,2240,7.299,12,0.001
Failed,,,3887,4322,1.208,19,0.999
Failed,,,4416,4479,8.902,16,0.001
Failed,,,4166,1545,8.168,18,0.001
Failed,,,4161,1854,5.018,14,0.001
Failed,,,4453,1192,4.207,20,0.45
Failed,,,3565,3250,9.035,17,0.001
Failed,,,4613,1702,0.524,20,0.999
Failed,,,771,42,5.079,18,0.637
Failed,,,4291,3073,7.789,18,0.999
Failed,,,1899,2424,4.131,20,0.001
Failed,,,4799,3237,6.388,20,0.001
Failed,,,4029,1835,0.773,19,0.511
Failed,,,4060,912,3.388,16,0.238
Failed,,,5000,1,0.421,1,0.001
Failed,,,4230,2696,5.968,19,0.001
Failed,,,4256,2715,8.462,17,0.999
Failed,,,4286,2612,9.204,20,0.213
Failed,,,4289,2342,7.388,18,0.999
Failed,,,1923,444,4.968,20,0.523
Failed,,,5000,2678,5.362,20,0.902
Failed,,,3086,1617,10.0,20,0.999
Failed,,,784,1,7.602,20,0.001
Failed,,,1888,1246,0.383,20,0.549
Failed,,,4164,1613,4.145,18,0.001
Failed,,,4726,3116,9.701,19,0.999
Failed,,,4460,1174,0.826,18,0.982
Failed,,,4317,3175,4.016,20,0.114
Failed,,,762,1,2.392,1,0.001
Failed,,,3957,613,1.129,18,0.001
Failed,,,4386,22,1.467,14,0.791
Failed,,,3178,1745,9.458,19,0.001
Failed,,,3417,1357,0.468,16,0.001
Failed,,,522,1,7.368,2,0.001
Failed,,,4480,1605,0.496,20,0.58
Failed,,,3838,762,5.425,20,0.999
Failed,,,4698,1032,4.039,17,0.329
Failed,,,4782,3210,5.471,14,0.001
Failed,,,4704,1809,1.589,17,0.001
Failed,,,3040,765,0.511,17,0.074
Failed,,,1912,2410,7.566,19,0.209
Failed,,,4736,2958,6.267,20,0.493
Failed,,,4682,3176,4.84,19,0.618
Failed,,,4555,1789,0.502,18,0.517
Failed,,,4720,1910,4.895,16,0.625
Failed,,,4710,2546,4.704,18,0.764
Failed,,,4666,1,5.426,19,0.001
Failed,,,1542,1181,2.598,15,0.001
Failed,,,4220,2839,8.822,20,0.001
Failed,,,738,239,0.836,20,0.999
Failed,,,1068,1312,0.577,17,0.185
Failed,,,787,1,0.545,20,0.001
Failed,,,4238,2691,7.926,20,0.314
Failed,,,768,1,6.918,3,0.999
Failed,,,888,3439,0.722,16,0.378
Failed,,,1739,2226,1.844,16,0.001
Failed,,,1689,2070,2.039,17,0.999
Failed,,,3581,4132,5.651,20,0.999
Failed,,,3289,3445,8.729,17,0.001
Failed,,,4529,1226,4.569,20,0.999
Failed,,,4914,2687,1.918,19,0.999
Failed,,,4151,2310,7.768,14,0.999
Failed,,,4439,3790,0.876,19,0.001
Failed,,,1698,3213,5.23,16,0.999
Failed,,,1428,3140,9.218,15,0.001
Failed,,,3861,2074,2.963,15,0.969
Failed,,,4715,1419,2.574,16,0.999
Failed,,,3483,3640,7.644,17,0.001
Failed,,,4442,3797,1.844,16,0.907
Failed,,,4365,2455,4.831,16,0.001
Failed,,,3561,3495,8.949,20,0.999
Failed,,,1429,895,1.218,16,0.999
Failed,,,3227,1,4.358,6,0.999
Failed,,,4245,3031,7.53,20,0.001
Failed,,,4761,1881,3.925,18,0.795
Failed,,,3473,3972,6.104,16,0.963
Failed,,,4107,1272,9.482,19,0.001
Failed,,,4852,2409,4.541,17,0.816
Failed,,,3122,559,8.951,20,0.001
Failed,,,757,170,0.987,18,0.324
Failed,,,4607,3302,6.021,18,0.058
Failed,,,4800,2439,4.037,20,0.137
Failed,,,4013,606,0.632,20,0.522
Failed,,,4708,1620,7.594,20,0.008
Failed,,,4272,988,4.317,20,0.584
Failed,,,3385,1063,5.646,18,0.001
Failed,,,3809,1128,3.224,10,0.693
Failed,,,2136,3397,7.764,11,0.268
Failed,,,1339,20,7.365,14,0.433
Failed,,,2972,1998,9.003,20,0.862
Failed,,,2709,3644,3.808,14,0.089
Failed,,,1683,4301,2.327,18,0.641
Failed,,,2500,2211,2.569,17,0.556
Failed,,,3192,462,1.065,13,0.235
Failed,,,91,568,4.073,20,0.292
Failed,,,4224,2417,1.983,15,0.971
Failed,,,1870,1309,8.621,10,0.155
Failed,,,4365,2629,4.654,17,0.343
Failed,,,3394,2274,7.26,9,0.067
Failed,,,1248,2127,5.839,12,0.664
Failed,,,4439,204,8.107,18,0.096
Failed,,,431,3785,9.346,13,0.501
Failed,,,1840,4646,10.0,15,0.999
Failed,,,1925,2612,9.516,13,0.001
Failed,,,1844,2003,5.403,19,0.999
Failed,,,4731,3672,7.909,19,0.999
Failed,,,4586,1060,2.646,15,0.4
Failed,,,3680,2706,5.393,14,0.999
Failed,,,1900,2005,10.0,15,0.001
Failed,,,1713,2056,2.472,19,0.001
Failed,,,1796,4581,3.736,17,0.001
Failed,,,1332,2910,1.594,19,0.999
Failed,,,4182,3351,1.533,16,0.999
Failed,,,4783,3866,1.621,18,0.999
Failed,,,4687,3477,1.176,15,0.999
Failed,,,4694,2080,2.874,18,0.999
Failed,,,4317,2458,5.757,13,0.001
Failed,,,4119,1517,4.693,15,0.001
Failed,,,338,1191,6.676,16,0.185
Failed,,,4021,1763,9.38,11,0.615
Failed,,,4455,4832,5.398,15,0.715
Failed,,,1106,2851,8.158,19,0.022
Failed,,,825,1507,3.432,13,0.81
Failed,,,4818,852,0.515,19,0.491
Failed,,,636,2321,1.713,20,0.226
Failed,,,3207,4584,3.707,20,0.575
Failed,,,1590,645,4.929,11,0.046
Failed,,,4985,3542,9.143,10,0.993
Failed,,,2774,1401,1.439,17,0.723
Failed,,,3112,3037,6.4,13,0.453
Failed,,,1324,4958,9.733,17,0.756
Failed,,,2073,1579,5.122,19,0.92
Failed,,,3565,1063,8.511,14,0.35
Failed,,,1436,3871,5.202,11,0.218
Failed,,,2928,3136,8.744,16,0.523
Failed,,,3320,3603,1.142,15,0.999
Failed,,,4396,2050,8.209,18,0.001
Failed,,,5000,1,2.258,1,0.999
Failed,,,4758,3986,10.0,20,0.999
Failed,,,4224,3272,9.897,18,0.001
Failed,,,4714,2913,8.263,18,0.001
Failed,,,1670,1839,1.109,20,0.001
Failed,,,4449,4157,7.034,18,0.999
Failed,,,4958,1,0.001,1,0.001
Failed,,,4741,3159,0.89,18,0.001
Failed,,,4701,1859,8.743,17,0.001
Failed,,,1022,3594,1.647,15,0.999
Failed,,,4410,4050,3.374,20,0.001
Failed,,,1889,2095,9.965,15,0.118
Failed,,,3676,265,6.48,19,0.686
Failed,,,3922,4104,8.934,16,0.681
Failed,,,4464,1316,3.725,18,0.67
Failed,,,3584,3668,3.786,19,0.999
Failed,,,4284,2747,4.984,20,0.001
Failed,,,4214,2253,5.934,15,0.001
Failed,,,1637,1411,6.787,19,0.997
Failed,,,4240,2069,7.505,19,0.001
Failed,,,749,4904,7.778,17,0.999
Failed,,,1937,454,0.001,12,0.999
Failed,,,4170,2122,6.928,13,0.999
Failed,,,4924,323,4.421,15,0.546
Failed,,,2414,806,6.217,10,0.331
Failed,,,183,4294,3.199,17,0.078
Failed,,,2228,3593,4.693,19,0.84
Failed,,,1794,526,0.086,18,0.989
Failed,,,2643,2430,3.471,12,0.309
Failed,,,466,1,0.001,10,0.001
Failed,,,1857,5000,6.41,18,0.001
Failed,,,4572,3336,6.035,20,0.999
Failed,,,4636,1066,7.001,19,0.001
Failed,,,4724,3001,0.734,16,0.999
Failed,,,3945,2582,3.226,18,0.001
Failed,,,468,1,5.493,20,0.001
Failed,,,3817,2370,3.503,16,0.999
Failed,,,4910,4635,2.053,17,0.144
Failed,,,777,2734,4.316,12,0.589
Failed,,,1044,1704,9.119,16,0.36
Failed,,,4570,967,7.013,11,0.931
Failed,,,3753,3059,7.881,14,0.765
Failed,,,3896,1908,5.474,17,0.419
Failed,,,4663,3999,9.616,18,0.255
Failed,,,980,3321,6.752,14,0.95
Failed,,,4397,2481,6.193,20,0.519
Failed,,,3252,3121,0.623,17,0.063
Failed,,,3634,644,1.66,10,0.913
Failed,,,398,3530,7.434,12,0.114
Failed,,,3662,4702,8.76,12,0.005
Failed,,,2030,2931,7.295,18,0.697
Failed,,,1528,1155,7.521,19,0.597
Failed,,,2865,1829,6.034,14,0.167
Failed,,,2501,2528,1.152,20,0.876
Failed,,,1809,4529,2.795,15,0.321
Failed,,,2291,1461,2.413,12,0.47
Failed,,,3317,869,4.034,16,0.789
Failed,,,276,760,0.792,14,0.736
Failed,,,1384,2297,9.279,13,0.946
Failed,,,3014,374,7.168,17,0.251
Failed,,,4759,3229,7.084,20,0.999
Failed,,,4359,1,5.479,15,0.001
Failed,,,1943,621,0.001,8,0.001
Failed,,,680,4090,3.479,19,0.473
Failed,,,3619,2432,10.0,17,0.999
Failed,,,1351,3765,2.625,16,0.999
Failed,,,3542,4190,0.46,20,0.001
Failed,,,1789,2952,1.467,16,0.999
Failed,,,5000,2249,0.861,19,0.999
Failed,,,755,5000,4.615,19,0.999
Failed,,,757,1792,6.416,10,0.499
Failed,,,2455,84,0.653,20,0.075
Failed,,,3149,1933,2.903,15,0.627
Failed,,,136,2039,2.239,18,0.836
Failed,,,2271,3019,9.669,9,0.567
Failed,,,921,3857,2.636,19,0.985
Failed,,,1203,503,7.675,15,0.214
Failed,,,34,2917,4.881,15,0.474
Failed,,,4211,3908,3.519,14,0.24
Failed,,,2401,4872,3.324,13,0.74
Failed,,,1625,1649,1.842,14,0.593
Failed,,,2806,994,4.604,19,0.148
Failed,,,3067,4650,9.487,15,0.934
Failed,,,1282,2669,6.569,20,0.364
Failed,,,2038,738,8.206,17,0.467
Failed,,,3532,1310,5.35,11,0.77
Failed,,,3508,3716,8.02,18,0.416
Failed,,,2169,4230,5.926,14,0.844
Failed,,,373,1438,9.841,19,0.701
Failed,,,1660,3197,3.182,20,0.198
Failed,,,4433,3445,0.688,19,0.001
Failed,,,1149,1,2.774,14,0.999
Failed,,,3464,781,0.716,16,0.999
Failed,,,4225,944,0.001,2,0.001
Failed,,,2356,1,6.305,16,0.999
Failed,,,4244,908,7.507,17,0.001
Failed,,,3032,223,7.407,16,0.999
Failed,,,2783,2,5.762,17,0.001
Failed,,,2793,1,4.469,15,0.001
Failed,,,3947,2960,8.224,19,0.001
Failed,,,1745,3531,1.051,17,0.001
Failed,,,3883,2932,7.683,18,0.727
Failed,,,4054,922,6.292,13,0.008
Failed,,,4500,2543,8.561,12,0.171
Failed,,,1148,4464,5.073,17,0.601
Failed,,,2622,3361,5.738,9,0.649
Failed,,,4785,1856,3.6,16,0.88
Failed,,,4320,4764,1.488,19,0.793
Failed,,,3437,21,9.095,6,0.548
Failed,,,682,71,4.8,17,0.644
Failed,,,468,2598,3.381,18,0.213
Failed,,,3617,2614,6.926,15,0.61
Failed,,,51,947,9.056,9,0.051
Failed,,,2194,3801,1.605,16,0.295
Failed,,,1749,2179,3.249,20,0.383
Failed,,,2600,180,0.386,15,0.826
Failed,,,1469,3502,8.287,13,0.668
Failed,,,1934,593,6.8,12,0.505
Failed,,,3719,2362,9.567,18,0.2
Failed,,,734,4973,2.48,14,0.041
Failed,,,2780,117,1.259,15,0.999
Failed,,,1338,1,0.001,9,0.001
Failed,,,3530,3572,1.16,20,0.001
Failed,,,3957,1,6.654,17,0.001
Failed,,,4460,1657,0.885,16,0.001
Failed,,,1854,5000,1.474,20,0.001
Failed,,,3176,4981,1.005,19,0.999
Failed,,,1932,788,3.268,2,0.001
Failed,,,683,1,7.788,15,0.999
Failed,,,1914,945,0.001,16,0.001
Failed,,,3010,1,4.06,15,0.999
Failed,,,4220,1025,0.647,15,0.001
Failed,,,1079,672,7.206,18,0.752
Failed,,,4603,1347,8.848,14,0.448
Failed,,,3799,4570,5.965,12,0.347
Failed,,,605,2799,7.59,17,0.917
Failed,,,501,2236,5.31,15,0.273
Failed,,,3853,406,8.635,20,0.968
Failed,,,4628,3630,6.529,16,0.865
Failed,,,3089,1469,4.136,10,0.604
Failed,,,947,4364,9.916,11,0.437
Failed,,,1913,2269,1.142,15,0.001
Failed,,,4392,380,7.33,3,0.121
Failed,,,1987,4442,9.207,20,0.181
Failed,,,1492,1534,5.685,16,0.018
Failed,,,2832,797,7.948,12,0.711
Failed,,,2546,4767,2.988,18,0.488
Failed,,,2327,1244,4.247,13,0.893
Failed,,,3351,1741,2.122,19,0.338
Failed,,,3166,3903,8.182,10,0.832
Failed,,,4080,1040,1.239,16,0.572
Failed,,,4865,2972,3.966,20,0.718
Failed,,,4069,3159,4.231,9,0.802
Failed,,,3176,1628,6.35,18,0.54
Failed,,,1856,1187,3.32,2,0.999
Failed,,,2678,281,5.996,20,0.91
Failed,,,2441,3199,7.319,19,0.001
Failed,,,4767,2243,8.808,14,0.376
Failed,,,2429,1030,5.655,19,0.915
Failed,,,2418,4989,9.73,13,0.465
Failed,,,105,1755,8.186,14,0.986
Failed,,,4254,1240,5.448,20,0.308
Failed,,,4690,2859,9.425,16,0.393
Failed,,,2556,1886,2.482,10,0.141
Failed,,,1214,784,1.748,17,0.111
Failed,,,4429,1537,4.621,12,0.681
Failed,,,3831,2969,3.82,17,0.645
Failed,,,3584,2240,3.758,19,0.935
Failed,,,1959,2560,0.43,19,0.001
Failed,,,1356,320,8.656,1,0.042
Failed,,,1893,1095,0.661,16,0.001
Failed,,,1790,3307,0.672,14,0.001
Failed,,,3395,1070,0.944,16,0.001
Failed,,,1258,4544,1.526,15,0.16
Failed,,,965,4060,2.224,19,0.321
Failed,,,594,544,6.942,10,0.71
Failed,,,3442,2805,1.468,12,0.254
Failed,,,2123,4554,4.979,16,0.947
Failed,,,1358,1333,0.207,20,0.846
Failed,,,3006,675,3.74,15,0.416
Failed,,,2721,4967,8.466,19,0.626
Failed,,,1716,2988,5.09,14,0.072
Failed,,,2462,1054,9.705,12,0.221
Failed,,,3237,2598,5.713,14,0.618
Failed,,,2853,796,9.315,11,0.657
Failed,,,4676,2995,4.785,20,0.625
Failed,,,3707,302,3.677,8,0.203
Failed,,,1649,2783,8.303,16,0.806
Failed,,,4302,3909,6.454,12,0.268
Failed,,,1341,397,4.397,20,0.714
Failed,,,4291,75,8.004,20,0.846
Failed,,,1641,1361,7.397,15,0.324
Failed,,,3150,921,6.751,9,0.434
Failed,,,1418,3403,1.499,19,0.572
Failed,,,3766,4538,3.434,13,0.097
Failed,,,1888,410,3.832,16,0.713
Failed,,,2632,622,1.616,15,0.958
Failed,,,3409,3224,4.262,12,0.818
Failed,,,3554,1536,9.613,16,0.071
Failed,,,439,1717,6.592,19,0.149
Failed,,,4069,1864,8.529,14,0.479
Failed,,,1645,629,6.116,17,0.965
Failed,,,1945,2744,8.783,20,0.753
Failed,,,4759,1167,1.155,18,0.576
Failed,,,2341,1346,3.566,11,0.122
Failed,,,422,3481,7.652,14,0.749
Failed,,,2275,2291,2.22,10,0.782
Failed,,,3084,4773,6.967,18,0.211
Failed,,,4347,1871,6.692,18,0.001
Failed,,,3720,2298,6.512,16,0.001
Failed,,,1875,520,1.056,14,0.001
Failed,,,4676,2378,3.175,13,0.999
Failed,,,1817,1068,7.767,15,0.999
Failed,,,4759,3614,5.34,17,0.987
Failed,,,3538,3448,4.928,11,0.872
Failed,,,135,1946,2.683,18,0.392
Failed,,,2625,4379,3.357,19,0.467
Failed,,,3475,1493,1.627,16,0.257
Failed,,,1048,1000,4.353,14,0.797
Failed,,,4872,3736,8.024,10,0.247
Failed,,,660,4916,8.319,17,0.078
Failed,,,873,739,9.781,18,0.487
Failed,,,3683,2854,0.282,20,0.184
Failed,,,2719,1218,4.824,16,0.098
Failed,,,299,1270,2.41,13,0.583
Failed,,,3767,2092,2.12,12,0.233
Failed,,,1829,53,8.966,15,0.026
Failed,,,2074,3417,6.008,11,0.19
Failed,,,2249,3595,0.499,16,0.503
Failed,,,2018,2200,7.163,15,0.372
Failed,,,4342,772,3.642,10,0.285
Failed,,,366,3341,9.97,14,0.733
Failed,,,2946,4148,7.264,16,0.213
Failed,,,3154,2346,7.724,20,0.003
Failed,,,724,143,5.135,13,0.555
Failed,,,1746,4967,6.954,20,0.595
Failed,,,4925,1000,2.871,4,0.259
Failed,,,4653,1391,6.072,14,0.999
Failed,,,1577,4379,5.117,20,0.001
Failed,,,4126,2178,7.588,9,0.999
Failed,,,1614,4149,9.537,17,0.373
Failed,,,3312,3709,2.955,17,0.001
Failed,,,4734,2289,10.0,14,0.999
Failed,,,1878,1844,9.016,13,0.999
Failed,,,4064,1039,3.223,16,0.999
Failed,,,4410,2427,6.913,10,0.001
Failed,,,4189,1576,7.728,16,0.001
Failed,,,1927,2080,5.124,11,0.001
Failed,,,3403,3830,9.748,16,0.001
Failed,,,4320,2522,9.562,13,0.087
Failed,,,530,2688,5.242,17,0.292
Failed,,,3113,4821,7.535,15,0.777
Failed,,,3298,1769,7.371,11,0.941
Failed,,,3041,199,5.914,20,0.348
Failed,,,623,2295,8.19,12,0.83
Failed,,,4256,2460,6.38,18,0.546
Failed,,,3265,4501,8.439,13,0.136
Failed,,,4884,491,3.93,12,0.383
Failed,,,2470,2002,1.341,19,0.935
Failed,,,1442,3951,3.677,16,0.85
Failed,,,4018,3543,0.971,14,0.329
Failed,,,3935,1437,3.1,19,0.789
Failed,,,2397,3020,4.604,15,0.444
Failed,,,4977,4489,1.998,18,0.984
Failed,,,4583,886,5.333,14,0.14
Failed,,,2166,1602,8.059,16,0.68
Failed,,,1308,2699,4.267,12,0.578
Failed,,,5000,2812,10.0,11,0.999
Failed,,,4734,2366,4.094,14,0.999
Failed,,,1898,2420,9.744,19,0.001
Failed,,,4302,2430,9.282,16,0.001
Failed,,,3926,1,0.001,11,0.001
Failed,,,4653,3739,4.142,15,0.001
Failed,,,4774,1369,10.0,15,0.999
Failed,,,1867,2569,6.349,14,0.001
Failed,,,1648,1483,10.0,17,0.001
Failed,,,3870,3719,6.081,17,0.999
Failed,,,5000,1,3.455,9,0.001
Failed,,,1911,1688,6.029,14,0.001
Failed,,,624,2882,4.731,20,0.001
Failed,,,226,3710,4.15,19,0.046
Failed,,,3600,2167,3.153,15,0.69
Failed,,,1176,345,0.879,17,0.24
Failed,,,789,4243,6.793,13,0.885
Failed,,,3362,3251,9.186,17,0.435
Failed,,,3505,918,3.89,19,0.989
Failed,,,691,2993,6.202,20,0.683
Failed,,,3795,186,4.862,15,0.53
Failed,,,2825,1449,6.417,14,0.082
Failed,,,4119,1211,5.642,12,0.774
Failed,,,1692,1302,8.385,18,0.297
Failed,,,1897,4666,6.677,17,0.492
Failed,,,4481,2847,9.225,15,0.938
Failed,,,4711,1742,3.427,17,0.187
Failed,,,2292,752,0.682,14,0.633
Failed,,,3628,3321,7.012,10,0.317
Failed,,,774,1990,7.863,15,0.193
Failed,,,3017,3438,10.0,15,0.001
Failed,,,1282,1773,5.168,18,0.001
Failed,,,4651,3025,2.614,15,0.999
Failed,,,4663,2320,9.434,12,0.999
Failed,,,1794,3063,9.696,18,0.144
Failed,,,2968,475,6.493,19,0.001
Failed,,,4164,2120,9.197,20,0.001
Failed,,,2405,661,7.184,16,0.001
Failed,,,2875,3433,5.822,20,0.999
Failed,,,4144,2201,9.119,16,0.001
Failed,,,3930,1,5.16,17,0.999
Failed,,,4840,1836,4.21,14,0.999
Failed,,,3228,1273,9.28,18,0.999
Failed,,,1012,3385,4.487,16,0.932
Failed,,,2408,1844,5.864,10,0.564
Failed,,,3588,4103,2.035,14,0.388
Failed,,,2501,2468,2.827,13,0.334
Failed,,,88,21,0.57,20,0.847
Failed,,,14,4959,3.481,14,0.277
Failed,,,2594,2554,1.246,17,0.793
Failed,,,2844,2665,1.781,17,0.001
Failed,,,603,3186,6.649,20,0.999
Failed,,,600,2774,8.575,16,0.001
Failed,,,4637,1948,7.071,20,0.999
Failed,,,1931,2404,1.338,18,0.999
Failed,,,4943,1241,5.652,17,0.999
Failed,,,2372,4798,4.353,20,0.705
Failed,,,4987,393,6.264,17,0.999
Failed,,,1372,2322,2.295,17,0.041
Failed,,,2218,4270,2.773,18,0.235
Failed,,,4407,2136,7.33,20,0.432
Failed,,,1610,3717,5.044,13,0.834
Failed,,,4182,3771,7.809,16,0.345
Failed,,,316,3938,7.073,11,0.029
Failed,,,2898,3570,9.522,19,0.541
Failed,,,3202,519,5.608,18,0.736
Failed,,,2119,949,5.176,19,0.073
Failed,,,1270,3139,7.144,18,0.635
Failed,,,4369,4445,7.461,15,0.66
Failed,,,499,4591,7.973,20,0.962
Failed,,,3086,2898,5.423,12,0.484
Failed,,,3327,1096,9.633,13,0.304
Failed,,,3714,4699,3.009,17,0.571
Failed,,,2689,1813,1.927,18,0.64
Failed,,,271,696,4.669,11,0.163
Failed,,,4856,2417,1.824,14,0.87
Failed,,,1950,2973,0.85,15,0.999
Failed,,,4202,4386,8.287,20,0.999
Failed,,,618,3162,10.0,17,0.001
Failed,,,2642,1621,4.571,20,0.001
Failed,,,4453,797,5.442,20,0.001
Failed,,,2593,1595,0.663,15,0.188
Failed,,,1841,1,5.851,18,0.001
Failed,,,1888,2170,4.877,20,0.549
Failed,,,3086,5000,5.994,20,0.317
Failed,,,5000,3398,8.805,18,0.001
Failed,,,1396,1810,5.528,16,0.999
Failed,,,4024,2410,1.032,17,0.875
Failed,,,615,1,0.001,11,0.999
Failed,,,4092,2382,4.9,17,0.001
Failed,,,1908,3528,8.365,18,0.001
Failed,,,2976,1,1.244,13,0.999
Failed,,,2440,97,4.079,18,0.326
Failed,,,1473,3295,0.789,19,0.397
Failed,,,3983,843,0.212,16,0.464
Failed,,,1555,1646,2.644,14,0.981
Failed,,,4929,2644,4.733,20,0.254
Failed,,,4532,1559,7.606,11,0.621
Failed,,,5000,3047,6.833,17,0.999
Failed,,,4540,2953,4.306,18,0.001
Failed,,,4861,1770,0.947,14,0.999
Failed,,,3173,1,5.669,16,0.001
Failed,,,4688,3145,1.157,20,0.999
Failed,,,2618,1972,10.0,18,0.001
Failed,,,3858,4374,9.382,14,0.185
Failed,,,178,4365,1.251,16,0.717
Failed,,,2762,3128,4.016,13,0.228
Failed,,,3650,243,1.037,12,0.048
Failed,,,1224,2251,3.606,20,0.506
Failed,,,840,3666,9.056,12,0.369
Failed,,,3409,3847,6.294,19,0.827
Failed,,,573,468,6.079,15,0.408
Failed,,,1857,1880,6.863,12,0.728
Failed,,,639,3510,2.701,15,0.6
Failed,,,2642,3286,7.657,12,0.99
Failed,,,1035,2406,9.942,16,0.276
Failed,,,1363,1805,8.804,13,0.238
Failed,,,2880,1889,4.985,19,0.134
Failed,,,452,625,2.24,12,0.686
Failed,,,1932,3836,4.422,12,0.295
Failed,,,4504,3657,2.188,19,0.776
Failed,,,4742,2260,5.485,11,0.099
Failed,,,2320,254,7.918,19,0.581
Failed,,,387,4436,4.33,16,0.194
Failed,,,1785,317,5.394,9,0.31
Failed,,,598,1,5.556,17,0.001
Failed,,,1384,1339,6.3,15,0.999
Failed,,,4601,1872,3.737,16,0.999
Failed,,,3653,973,5.296,18,0.999
Failed,,,4547,778,6.175,19,0.001
Failed,,,3722,2431,2.468,10,0.974
Failed,,,2236,4690,6.139,14,0.042
Failed,,,1152,63,4.764,2,0.454
Failed,,,4806,2798,8.589,16,0.527
Failed,,,4421,1403,3.77,15,0.348
Failed,,,911,3978,7.596,9,0.671
Failed,,,1996,1105,1.513,18,0.833
Failed,,,1594,2907,3.555,19,0.887
Failed,,,491,2030,7.431,7,0.616
Failed,,,2963,3052,1.567,13,0.734
Failed,,,3127,938,3.294,12,0.54
Failed,,,712,1551,0.728,20,0.031
Failed,,,3521,4856,9.367,18,0.336
Failed,,,2578,1657,5.763,17,0.39
Failed,,,147,851,8.333,15,0.93
Failed,,,64,4207,5.109,20,0.439
Failed,,,2860,1,0.635,11,0.001
Failed,,,1972,1390,0.849,19,0.001
Failed,,,1977,1638,8.602,20,0.001
Failed,,,3066,1,6.373,18,0.999
Failed,,,4285,1838,4.652,20,0.999
Failed,,,3101,1,5.178,20,0.001
Failed,,,3803,1,0.886,10,0.999
Failed,,,3263,1547,0.851,20,0.999
Failed,,,1982,2204,1.011,20,0.001
Failed,,,1952,2524,6.506,19,0.999
Failed,,,3799,1274,0.935,20,0.001
Failed,,,3080,856,6.667,20,0.262
Failed,,,3181,1,0.001,11,0.999
Failed,,,4334,1,6.849,16,0.999
Failed,,,3968,2458,5.02,12,0.999
Failed,,,4320,921,5.94,16,0.352
Failed,,,1580,1,4.384,3,0.001
Failed,,,5000,1,0.001,15,0.432
Failed,,,5000,1,0.001,20,0.001
Failed,,,5000,1,0.001,13,0.021
Failed,,,3806,2606,0.561,2,0.922
Failed,,,3784,685,6.55,20,0.692
Failed,,,280,1990,7.965,20,0.001
Failed,,,263,2060,6.677,18,0.999
Failed,,,4495,2269,1.624,20,0.001
Failed,,,2314,3206,5.081,20,0.999
Failed,,,2095,3103,7.304,19,0.999
Failed,,,594,1880,0.944,16,0.001
Failed,,,1469,1911,7.251,17,0.001
Failed,,,2972,1,3.352,4,0.001
Failed,,,234,3028,2.601,19,0.999
Failed,,,2884,1636,5.207,20,0.001
Failed,,,5000,2319,1.049,20,0.001
Failed,,,5000,1,6.384,15,0.001
Failed,,,5000,1,0.001,20,0.602
Failed,,,5000,1,0.001,19,0.001
Failed,,,1071,1064,10.0,17,0.59
Failed,,,5000,1380,10.0,20,0.71
Failed,,,354,1,8.424,15,0.999
Failed,,,1320,646,7.878,18,0.001
Failed,,,3387,2816,10.0,20,0.999
Failed,,,3546,1,0.001,10,0.314
Failed,,,1931,3070,10.0,20,0.001
Failed,,,1143,927,10.0,17,0.001
Failed,,,3233,1,0.001,1,0.001
Failed,,,5000,255,6.574,20,0.001
Failed,,,395,2016,4.143,20,0.999
Failed,,,921,1689,0.879,19,0.001
Failed,,,1180,3637,6.317,20,0.001
Failed,,,5000,1416,1.704,15,0.4
Failed,,,5000,4006,1.284,15,0.999
Failed,,,1132,1951,1.689,20,0.001
Failed,,,1627,5000,8.317,20,0.001
Failed,,,3664,1,1.915,5,0.999
Failed,,,1271,3095,5.842,17,0.001
Failed,,,758,1,1.022,4,0.999
Failed,,,5000,2271,1.598,20,0.999
Failed,,,390,1,4.866,20,0.001
Failed,,,3331,2098,7.25,19,0.999
Failed,,,5000,1363,1.74,20,0.999
Failed,,,4887,2516,3.631,18,0.999
Failed,,,1673,4385,6.857,20,0.999
Failed,,,1043,2021,8.716,19,0.999
Failed,,,753,1,6.351,13,0.001
Failed,,,3638,1,0.001,8,0.999
Failed,,,1337,2751,4.667,19,0.999
Failed,,,1366,3024,7.765,18,0.999
Failed,,,5000,3171,1.4,17,0.999
Failed,,,1342,3061,5.881,17,0.001
Failed,,,1824,2453,4.919,20,0.001
Failed,,,1627,4594,8.381,20,0.999
Failed,,,1382,2831,10.0,18,0.001
Failed,,,1472,3169,8.45,20,0.999
Failed,,,1357,1983,6.137,17,0.999
Failed,,,3623,3348,3.996,18,0.999
Failed,,,5000,1423,4.519,20,0.999
Failed,,,1218,2258,8.054,18,0.999
Failed,,,1563,5000,6.071,18,0.999
Failed,,,1859,4316,7.928,20,0.999
Failed,,,1611,2784,3.021,16,0.999
Failed,,,4953,2686,6.212,19,0.999
Failed,,,1099,1131,2.827,20,0.001
Failed,,,5000,1574,2.211,18,0.001
Failed,,,1765,5000,10.0,20,0.001
Failed,,,1734,5000,10.0,17,0.001
Failed,,,1179,2087,10.0,16,0.999
Failed,,,1644,4087,10.0,20,0.999
Failed,,,1690,5000,3.563,20,0.999
Failed,,,3524,3089,6.54,20,0.66
Failed,,,1611,4087,7.68,20,0.001
Failed,,,4404,1866,7.197,17,0.001
Failed,,,1512,3240,8.116,20,0.999
Failed,,,4534,4372,1.88,20,0.001
Failed,,,1446,1510,6.696,20,0.001
Failed,,,1687,5000,1.542,19,0.999
Failed,,,419,1,5.042,15,0.064
Failed,,,4598,2022,4.69,20,0.001
Failed,,,4242,1611,3.075,20,0.001
Failed,,,3197,1,2.306,3,0.999
Failed,,,1278,2721,1.416,20,0.999
Failed,,,1265,1293,5.633,20,0.001
Failed,,,1287,2322,2.851,20,0.999
Failed,,,5000,1970,8.299,20,0.001
Failed,,,1395,2063,10.0,20,0.001
Failed,,,1663,3932,8.495,16,0.645
Failed,,,3981,1,1.054,19,0.001
Failed,,,1132,3442,2.882,19,0.588
Failed,,,4166,781,4.346,15,0.001
Failed,,,3738,5000,4.775,18,0.178
Failed,,,3846,1115,10.0,19,0.016
Failed,,,1023,5000,7.078,20,0.001
Failed,,,5000,2075,7.906,16,0.001
Failed,,,4915,2590,1.916,17,0.999
Failed,,,3751,1,1.257,1,0.001
Failed,,,1021,1,10.0,5,0.298
Failed,,,3265,10,9.199,19,0.999
Failed,,,1294,1,10.0,20,0.001
Failed,,,961,816,7.299,18,0.999
Failed,,,1130,1,9.877,20,0.429
Failed,,,837,1,4.409,16,0.999
Failed,,,1230,203,5.973,20,0.655
Failed,,,2046,5000,7.683,18,0.999
Failed,,,1209,2028,4.341,18,0.733
Failed,,,3848,1,0.001,17,0.001
Failed,,,1094,3860,4.336,20,0.605
Failed,,,4144,5000,2.096,17,0.001
Failed,,,4364,1814,1.7,20,0.999
Failed,,,4145,1753,7.575,19,0.999
Failed,,,4918,5000,8.963,20,0.836
Failed,,,824,1,6.712,19,0.999
Failed,,,4071,129,3.538,20,0.327
Failed,,,1122,1,10.0,17,0.4
Failed,,,4074,79,2.232,15,0.572
Failed,,,1523,1,6.759,20,0.001
Failed,,,852,1,10.0,18,0.999
Failed,,,3946,1,3.76,17,0.001
Failed,,,844,490,4.778,18,0.999
Failed,,,1393,1,10.0,5,0.001
Failed,,,834,1,9.993,20,0.999
Failed,,,3496,5000,3.895,18,0.133
Failed,,,3452,4855,9.561,17,0.001
Failed,,,3997,1,3.906,16,0.318
Failed,,,1,1,9.464,4,0.001
Failed,,,4804,447,2.074,18,0.999
Failed,,,4465,1,5.815,20,0.417
Failed,,,3195,1,0.001,6,0.382
Failed,,,4038,731,4.557,20,0.966
Failed,,,706,1,0.001,5,0.295
Failed,,,5000,1,3.735,1,0.999
Failed,,,5000,1,3.844,2,0.001
Failed,,,3854,45,7.26,20,0.943
Failed,,,3514,3541,10.0,20,0.001
Failed,,,3535,5000,5.9,20,0.999
Failed,,,1228,1,3.521,20,0.001
Failed,,,1401,528,1.822,16,0.109
Failed,,,298,1,10.0,19,0.001
Failed,,,4098,1,8.234,3,0.001
Failed,,,873,1,6.438,17,0.001
Failed,,,736,1,7.314,3,0.001
Failed,,,1553,1,8.945,20,0.999
Failed,,,5000,1,10.0,18,0.789
Failed,,,3352,246,4.162,18,0.34
Failed,,,1304,1,3.761,1,0.254
Failed,,,1663,1,0.001,1,0.277
Failed,,,3780,972,10.0,20,0.999
Failed,,,3942,1,10.0,1,0.171
Failed,,,1258,1,3.923,4,0.999
Failed,,,4509,1,10.0,20,0.206
Failed,,,4962,1,6.358,3,0.999
Failed,,,1215,1,0.001,14,0.001
Failed,,,3854,1,4.648,4,0.999
Failed,,,3709,1483,3.114,11,0.036
Failed,,,4438,8,5.618,3,0.391
Failed,,,3583,959,6.871,18,0.999
Failed,,,5000,1,3.834,17,0.001
Failed,,,5000,5000,2.202,18,0.633
Failed,,,943,2653,6.603,11,0.844
Failed,,,4086,459,2.957,16,0.94
Failed,,,1667,2035,0.527,14,0.49
Failed,,,1281,866,7.687,10,0.785
Failed,,,3601,4376,2.427,16,0.641
Failed,,,2840,2861,5.629,12,0.255
Failed,,,634,4826,9.4,19,0.945
Failed,,,594,14,7.244,18,0.776
Failed,,,3425,1989,8.511,15,0.46
Failed,,,1483,2177,6.013,20,0.109
Failed,,,5000,1,7.242,4,0.851
Failed,,,1,1,3.005,3,0.181
Failed,,,903,1393,6.888,16,0.751
Failed,,,409,1045,8.85,16,0.598
Failed,,,3878,4794,1.718,20,0.101
Failed,,,4656,4096,8.712,19,0.741
Failed,,,25,1115,7.3,10,0.652
Failed,,,3845,4956,6.898,13,0.611
Failed,,,2303,2986,8.13,16,0.186
Failed,,,1931,569,2.184,14,0.994
Failed,,,3428,1,2.611,4,0.196
Failed,,,4531,4750,6.488,12,0.299
Failed,,,240,1632,2.708,11,0.127
Failed,,,4967,1975,1.257,13,0.092
Failed,,,3375,3207,4.529,11,0.975
Failed,,,2993,2046,8.646,17,0.897
Failed,,,4287,614,9.12,19,0.216
Failed,,,3209,1252,4.452,10,0.498
Failed,,,2045,3994,8.281,14,0.55
Failed,,,4626,3499,5.828,16,0.006
Failed,,,562,4887,5.753,20,0.462
Failed,,,3957,3271,7.1,19,0.197
Failed,,,3740,1808,7.759,20,0.999
Failed,,,4881,3106,9.052,17,0.999
Failed,,,4832,3894,2.893,13,0.053
Failed,,,4438,308,9.437,17,0.822
Failed,,,1581,4314,7.933,11,0.411
Failed,,,4152,3194,5.542,18,0.892
Failed,,,3766,1903,3.573,20,0.137
Failed,,,4598,2721,6.917,18,0.195
Failed,,,4719,1333,3.747,20,0.999
Failed,,,4712,1338,3.324,14,0.001
Failed,,,3875,660,3.471,15,0.407
Failed,,,805,1,0.001,13,0.999
Failed,,,3883,3059,9.038,18,0.001
Failed,,,4820,1844,3.774,20,0.999
Failed,,,2964,4180,5.581,19,0.1
Failed,,,1651,3308,4.162,16,0.222
Failed,,,4113,1257,3.077,18,0.059
Failed,,,1390,1447,0.507,17,0.167
Failed,,,858,1,4.447,5,0.999
Failed,,,4736,1399,5.173,20,0.99
Failed,,,4231,2948,6.665,18,0.001
Failed,,,4404,2526,4.398,20,0.999
Failed,,,4782,1527,0.705,19,0.579
Failed,,,3603,3281,2.835,20,0.001
Failed,,,4412,1836,0.531,17,0.999
Failed,,,3653,923,0.97,18,0.516
Failed,,,2827,250,8.87,20,0.001
Failed,,,4603,1677,0.879,20,0.453
Failed,,,4648,1,6.332,19,0.001
Failed,,,3972,1201,7.693,20,0.001
Failed,,,4149,788,5.273,19,0.732
Failed,,,3887,401,6.918,20,0.001
Failed,,,1560,938,0.768,18,0.454
Failed,,,1130,602,4.841,20,0.001
Failed,,,747,1,0.001,15,0.001
Failed,,,4899,2259,4.04,18,0.999
Failed,,,5000,2085,9.159,20,0.718
Failed,,,1901,2372,7.579,20,0.001
Failed,,,692,1,0.001,13,0.999
Failed,,,4185,3545,5.415,19,0.001
Failed,,,3246,1016,3.498,16,0.575
Failed,,,767,192,4.437,20,0.423
Failed,,,1432,670,5.139,17,0.001
Failed,,,1531,1622,4.091,20,0.714
Failed,,,4260,2971,2.186,20,0.001
Failed,,,737,1,5.457,20,0.999
Failed,,,4290,2673,6.376,20,0.001
Failed,,,2903,1,7.11,1,0.999
Failed,,,1350,1,6.263,18,0.001
Failed,,,4015,479,7.49,20,0.001
Failed,,,4735,1,0.001,15,0.111
Failed,,,4461,1421,3.706,15,0.999
Failed,,,4230,2789,3.503,18,0.999
Failed,,,727,1,0.001,13,0.999
Failed,,,534,1,2.358,1,0.001
Failed,,,862,1,5.708,4,0.001
Failed,,,753,190,0.224,15,0.001
Failed,,,4964,1370,0.35,20,0.551
Failed,,,733,1,0.001,13,0.999
Failed,,,4478,1623,4.623,18,0.001
Failed,,,4540,2403,6.165,20,0.001
Failed,,,3045,391,5.602,20,0.478
Failed,,,4365,4447,7.666,19,0.001
Failed,,,4126,1187,4.335,18,0.862
Failed,,,734,1,0.001,12,0.999
Failed,,,4340,4616,9.638,20,0.193
Failed,,,4735,3134,10.0,16,0.999
Failed,,,3482,440,1.333,17,0.001
Failed,,,4198,2565,7.222,20,0.001
Failed,,,4547,1344,4.202,18,0.227
Failed,,,4217,2607,5.109,19,0.999
Failed,,,3732,1273,3.581,17,0.001
Failed,,,2801,1,6.362,20,0.999
Failed,,,3876,2744,3.352,20,0.999
Failed,,,1239,1482,0.498,20,0.719
Failed,,,989,1,8.996,20,0.001
Failed,,,3811,1641,4.877,17,0.531
Failed,,,767,1,4.899,20,0.542
Failed,,,4138,1274,5.538,18,0.153
Failed,,,2913,1,0.001,13,0.999
Failed,,,862,1,0.001,13,0.999
Failed,,,3832,2385,7.217,19,0.001
Failed,,,3968,264,0.678,19,0.001
Failed,,,3117,1779,0.421,17,0.999
Failed,,,796,1,0.505,20,0.001
Failed,,,4279,4375,7.036,20,0.974
Failed,,,4345,1995,0.51,20,0.999
Failed,,,1355,806,3.938,18,0.001
Failed,,,4195,1368,4.02,15,0.417
Failed,,,4626,1,9.134,20,0.001
Failed,,,760,1,0.001,13,0.999
Failed,,,760,1,0.033,20,0.001
Failed,,,1892,1376,0.893,19,0.999
Failed,,,4320,2132,7.092,18,0.001
Failed,,,4265,2818,3.854,15,0.112
Failed,,,4353,2889,4.012,20,0.786
Failed,,,851,146,0.516,17,0.001
Failed,,,4060,823,0.551,20,0.48
Failed,,,3906,604,5.123,19,0.999
Failed,,,4793,1,0.419,1,0.001
Failed,,,4140,4037,7.04,18,0.001
Failed,,,4311,2692,7.747,19,0.999
Failed,,,3995,1,4.484,4,0.999
Failed,,,1321,903,4.2,17,0.001
Failed,,,2406,1,4.407,19,0.001
Failed,,,3983,1,2.502,1,0.001
Failed,,,1580,1,0.001,20,0.001
Failed,,,1306,5,2.622,1,0.319
Failed,,,1892,1807,4.023,17,0.131
Failed,,,1335,1,1.289,17,0.001
Failed,,,3729,753,0.281,16,0.001
Failed,,,1290,104,4.745,17,0.999
Failed,,,4356,1857,4.155,17,0.001
Failed,,,4678,2447,3.985,20,0.001
Failed,,,2919,1,2.112,2,0.001
Failed,,,4514,1,4.02,15,0.001
Failed,,,1616,1,7.298,4,0.999
Failed,,,4742,1,2.468,3,0.999
Failed,,,1757,30,0.829,2,0.001
Failed,,,3299,1,4.59,20,0.001
Failed,,,787,1,2.779,3,0.001
Failed,,,786,125,2.869,15,0.001
Failed,,,1583,1,0.897,20,0.001
Failed,,,4034,1,7.723,19,0.001
Failed,,,896,1,10.0,20,0.001
Failed,,,4454,250,6.625,20,0.999
Failed,,,4197,1079,4.947,17,0.001
Failed,,,3417,1,5.967,19,0.999
Failed,,,3757,474,6.531,20,0.001
Failed,,,2664,1,2.82,1,0.001
Failed,,,4018,1,0.001,1,0.999
Failed,,,657,1,2.577,4,0.999
Failed,,,808,1,0.773,20,0.999
Failed,,,2659,1,1.323,1,0.999
Failed,,,2616,1,10.0,20,0.001
Failed,,,2660,1,2.017,14,0.001
Failed,,,434,1,10.0,4,0.999
Failed,,,2955,16,8.604,9,0.999
Failed,,,441,1,2.12,15,0.001
Failed,,,2623,1,3.695,3,0.999
Failed,,,3937,40,4.513,20,0.999
Failed,,,4559,1,0.001,12,0.999
Failed,,,783,1,2.806,3,0.001
Failed,,,4214,1,0.001,1,0.999
Failed,,,4829,1,0.914,20,0.999
Failed,,,3446,1,5.083,18,0.999
Failed,,,1785,31,10.0,20,0.001
Failed,,,2640,1,2.836,2,0.999
Failed,,,1337,205,3.536,15,0.001
Failed,,,3904,1,8.498,9,0.999
Failed,,,2598,1,0.91,1,0.001
Failed,,,3294,1,4.687,17,0.001
Failed,,,1772,1,3.938,15,0.001
Failed,,,4168,1,2.693,3,0.999
Failed,,,3359,666,6.079,20,0.999
Failed,,,4602,1,6.899,19,0.001
Failed,,,4299,1,2.953,1,0.999
Failed,,,533,1,1.78,2,0.999
Failed,,,3445,1,0.001,20,0.001
Failed,,,1096,1,10.0,20,0.999
Failed,,,3385,1,2.913,1,0.999
Failed,,,4814,1,1.783,2,0.999
Failed,,,2235,1,1.696,14,0.999
Failed,,,4581,1,0.001,1,0.001
Failed,,,3448,1,10.0,20,0.001
Failed,,,4377,1,2.791,1,0.001
Failed,,,4562,1,7.181,4,0.001
Failed,,,4647,1,0.566,1,0.999
Failed,,,4194,1,7.466,11,0.001
Failed,,,2386,1,0.001,1,0.001
Failed,,,4905,1,3.443,14,0.999
Failed,,,1321,1,1.349,15,0.001
Failed,,,3355,83,5.467,19,0.001
Failed,,,1308,1,5.764,18,0.001
Failed,,,4486,1,0.001,11,0.999
Failed,,,3451,1,2.395,3,0.001
Failed,,,3461,1,3.951,14,0.001
Failed,,,4246,845,5.739,19,0.001
Failed,,,3351,1,2.299,3,0.999
Failed,,,3699,924,0.525,17,0.001
Failed,,,2640,1,7.957,15,0.001
Failed,,,3343,1,3.012,14,0.999
Failed,,,3934,1,7.951,17,0.999
Failed,,,4128,1,5.275,20,0.001
Failed,,,3451,1,2.803,1,0.001
Failed,,,3321,1,0.741,20,0.999
Failed,,,3571,469,0.633,14,0.999
Failed,,,3330,1,1.103,17,0.001
Failed,,,822,1,4.26,2,0.001
Failed,,,3482,97,3.507,16,0.001
Failed,,,1934,579,0.674,17,0.999
Failed,,,1314,228,2.859,14,0.001
Failed,,,2663,1,1.727,16,0.001
Failed,,,1323,1,1.817,3,0.999
Failed,,,398,1,5.704,19,0.001
Failed,,,4176,1110,0.746,17,0.001
Failed,,,3852,91,3.454,15,0.999
Failed,,,740,1,1.909,14,0.999
Failed,,,2616,1,4.068,3,0.001
Failed,,,3413,491,8.624,15,0.999
Failed,,,2701,406,0.442,17,0.001
Failed,,,2913,1,0.978,18,0.001
Failed,,,3939,1,3.426,13,0.058
Failed,,,3879,291,0.812,17,0.001
Failed,,,4891,440,0.816,19,0.001
Failed,,,1649,511,3.929,16,0.999
Failed,,,2637,1,3.847,2,0.999
Failed,,,3883,1,1.564,2,0.001
Failed,,,4253,724,0.53,18,0.001
Failed,,,4130,4370,9.816,20,0.999
Failed,,,2361,1,6.209,20,0.999
Failed,,,1230,1569,5.07,20,0.999
Failed,,,4183,1065,0.541,18,0.999
Failed,,,2976,1,8.884,6,0.999
Failed,,,4748,1389,5.489,19,0.001
Failed,,,3892,5000,8.628,18,0.001
Failed,,,4393,4667,6.258,16,0.001
Failed,,,4725,3289,5.808,19,0.001
Failed,,,3889,4931,6.531,16,0.001
Failed,,,5000,2372,3.79,17,0.999
Failed,,,4392,4519,1.692,18,0.001
Failed,,,4733,3329,5.372,19,0.999
Failed,,,606,2985,7.61,16,0.152
Failed,,,4414,4715,8.309,19,0.001
Failed,,,1832,3094,1.572,17,0.999
Failed,,,1149,3861,7.442,16,0.999
Failed,,,1036,3780,1.288,14,0.999
Failed,,,1718,2334,4.376,15,0.001
Failed,,,4443,4286,4.049,18,0.001
Failed,,,4069,3148,2.208,20,0.001
Failed,,,1937,2604,8.596,15,0.001
Failed,,,3639,4342,7.55,19,0.999
Failed,,,2536,3427,4.033,15,0.001
Failed,,,1918,2570,8.133,19,0.001
Failed,,,3612,3201,7.077,16,0.999
Failed,,,3198,4034,8.681,19,0.001
Failed,,,4402,1975,8.211,15,0.001
Failed,,,4176,1531,1.542,20,0.999
Failed,,,4758,3925,10.0,17,0.999
Failed,,,3633,4188,8.48,18,0.999
Failed,,,3101,2442,7.2,17,0.001
Failed,,,4208,4650,5.475,16,0.999
Failed,,,990,1086,2.521,17,0.999
Failed,,,4237,3160,7.017,16,0.999
Failed,,,4582,3053,3.28,17,0.001
Failed,,,1857,5000,6.813,16,0.001
Failed,,,4519,1886,10.0,19,0.999
Failed,,,43,3654,3.64,19,0.49
Failed,,,3611,3793,10.0,18,0.001
Failed,,,1355,183,1.789,14,0.999
Failed,,,1673,2014,7.446,18,0.001
Failed,,,1920,2729,3.528,20,0.001
Failed,,,825,1,0.001,12,0.999
Failed,,,4532,3111,1.311,18,0.001
Failed,,,4452,1533,5.121,18,0.001
Failed,,,3478,236,2.112,13,0.001
Failed,,,3592,2831,8.091,16,0.999
Failed,,,1847,4818,7.886,16,0.999
Failed,,,3491,627,3.883,16,0.999
Failed,,,3875,1130,6.132,18,0.999
Failed,,,1489,4170,4.818,17,0.699
Failed,,,1897,1059,1.016,20,0.519
Failed,,,2705,1607,3.184,14,0.052
Failed,,,2874,3834,5.84,18,0.791
Failed,,,2350,3131,8.672,15,0.261
Failed,,,3712,763,9.68,17,0.986
Failed,,,3663,2866,6.727,13,0.379
Failed,,,1581,4819,8.934,20,0.91
Failed,,,2943,2227,8.071,12,0.341
Failed,,,2275,3058,7.289,19,0.661
Failed,,,1746,2496,8.446,18,0.622
Failed,,,1965,2570,2.583,12,0.1
Failed,,,1441,1890,1.279,15,0.186
Failed,,,4625,2083,3.06,18,0.41
Failed,,,3788,2694,1.754,20,0.371
Failed,,,1013,2415,6.265,19,0.066
Failed,,,4536,1958,9.965,13,0.999
Failed,,,4806,5000,8.385,18,0.999
Failed,,,3499,1,1.861,11,0.999
Failed,,,1404,2694,4.782,15,0.001
Failed,,,4505,920,1.703,15,0.001
Failed,,,1057,163,1.651,14,0.001
Failed,,,4444,1866,1.764,17,0.001
Failed,,,1529,4401,6.344,16,0.999
Failed,,,3869,4126,10.0,18,0.001
Failed,,,1456,3907,8.028,15,0.001
Failed,,,4413,4870,6.541,16,0.999
Failed,,,4388,4287,5.259,18,0.001
Failed,,,4676,2934,6.473,15,0.001
Failed,,,4611,2753,3.004,20,0.999
Failed,,,4708,2849,2.959,20,0.999
Failed,,,868,1,0.001,13,0.999
Failed,,,1316,1,2.059,14,0.001
Failed,,,3586,3117,9.252,19,0.999
Failed,,,3914,12,0.641,17,0.159
Failed,,,4482,4451,4.485,20,0.121
Failed,,,276,2653,2.278,13,0.588
Failed,,,3348,2768,3.31,16,0.816
Failed,,,2624,2168,2.114,19,0.902
Failed,,,3108,4854,9.457,14,0.131
Failed,,,537,887,5.983,14,0.73
Failed,,,4690,1434,8.19,19,0.201
Failed,,,4321,3324,6.993,18,0.021
Failed,,,920,1726,2.482,16,0.294
Failed,,,3836,1179,4.65,13,0.763
Failed,,,1141,4744,6.129,17,0.402
Failed,,,1249,1394,7.774,13,0.981
Failed,,,4151,690,5.607,20,0.45
Failed,,,4877,3752,9.264,17,0.272
Failed,,,367,3205,6.472,12,0.801
Failed,,,4925,2298,7.141,15,0.846
Failed,,,578,4589,5.2,20,0.62
Failed,,,3895,2992,8.795,14,0.999
Failed,,,4188,2675,10.0,14,0.999
Failed,,,4750,3351,8.035,16,0.999
Failed,,,4587,1684,8.652,17,0.001
Failed,,,4694,2471,6.219,18,0.001
Failed,,,5000,2503,2.369,19,0.999
Failed,,,3976,1,6.03,19,0.999
Failed,,,4711,3106,8.046,20,0.999
Failed,,,1020,3658,1.04,15,0.999
Failed,,,4754,2949,9.384,20,0.999
Failed,,,3732,1924,8.402,19,0.001
Failed,,,3386,1765,7.469,18,0.999
Failed,,,3583,3319,1.225,19,0.999
Failed,,,4619,3049,2.748,19,0.001
Failed,,,4259,2799,4.36,16,0.001
Failed,,,4924,3379,10.0,20,0.999
Failed,,,4697,3086,1.075,18,0.999
Failed,,,4700,3105,3.834,20,0.999
Failed,,,4207,1601,1.369,18,0.999
Failed,,,4021,3539,2.951,15,0.707
Failed,,,1887,1068,0.603,16,0.999
Failed,,,4189,3345,1.792,19,0.001
Failed,,,3159,2324,1.871,17,0.122
Failed,,,94,2434,2.544,14,0.346
Failed,,,4681,481,0.376,19,0.814
Failed,,,3799,4919,4.189,16,0.9
Failed,,,4825,2791,8.032,14,0.09
Failed,,,1551,3268,2.365,18,0.043
Failed,,,3589,3408,7.942,19,0.543
Failed,,,3020,1509,6.641,16,0.737
Failed,,,2045,3737,1.465,18,0.947
Failed,,,1358,1797,2.806,20,0.768
Failed,,,226,985,3.815,16,0.045
Failed,,,2746,2925,3.02,20,0.161
Failed,,,5000,2208,7.208,19,0.001
Failed,,,1632,2589,6.383,16,0.318
Failed,,,2475,2028,7.571,18,0.404
Failed,,,472,1862,8.711,13,0.014
Failed,,,1999,2391,1.002,16,0.999
Failed,,,4498,1498,6.911,16,0.001
Failed,,,3488,3771,7.058,18,0.999
Failed,,,3927,1,3.584,15,0.001
Failed,,,4201,1158,4.981,16,0.001
Failed,,,2991,1,0.001,9,0.001
Failed,,,2339,1,0.001,9,0.999
Failed,,,1927,792,4.728,17,0.001
Failed,,,1930,2307,0.655,16,0.001
Failed,,,1981,631,0.001,8,0.001
Failed,,,291,1752,3.473,20,0.498
Failed,,,759,4442,1.121,18,0.359
Failed,,,2088,2511,5.894,17,0.001
Failed,,,4756,1160,5.879,16,0.545
Failed,,,4344,4221,9.563,19,0.739
Failed,,,1040,3675,7.356,15,0.209
Failed,,,867,829,4.701,20,0.949
Failed,,,3888,1532,1.908,14,0.481
Failed,,,26,3930,1.055,18,0.77
Failed,,,3208,3815,4.532,15,0.51
Failed,,,4495,2850,2.075,16,0.652
Failed,,,1924,1330,3.679,17,0.237
Failed,,,2819,3565,8.229,17,0.448
Failed,,,1681,962,9.708,14,0.799
Failed,,,3699,1665,6.876,20,0.27
Failed,,,2327,4663,9.895,16,0.068
Failed,,,3465,2070,8.414,15,0.684
Failed,,,739,3186,2.689,17,0.521
Failed,,,1182,1044,5.033,12,0.263
Failed,,,4252,858,2.161,6,0.999
Failed,,,650,795,4.589,14,0.777
Failed,,,2523,4143,2.523,17,0.411
Failed,,,3893,694,2.431,17,0.516
Failed,,,1544,1991,3.108,13,0.057
Failed,,,5000,3894,6.907,20,0.999
Failed,,,2417,4491,1.243,20,0.999
Failed,,,298,1,0.001,9,0.001
Failed,,,4218,1591,7.825,16,0.793
Failed,,,4898,3480,6.68,19,0.988
Failed,,,345,4184,8.847,15,0.457
Failed,,,394,1945,7.25,17,0.908
Failed,,,4110,4470,5.77,13,0.339
Failed,,,1115,2517,8.563,20,0.869
Failed,,,633,443,1.22,15,0.098
Failed,,,3970,2240,3.427,18,0.566
Failed,,,2238,1779,6.511,14,0.549
Failed,,,1317,3038,3.59,14,0.88
Failed,,,2601,563,4.446,18,0.373
Failed,,,3056,2710,7.102,12,0.598
Failed,,,2105,4013,3.855,19,0.292
Failed,,,176,1257,1.505,20,0.701
Failed,,,4446,711,4.336,13,0.232
Failed,,,133,1464,9.771,17,0.43
Failed,,,4547,1608,5.755,19,0.001
Failed,,,4663,2997,3.339,20,0.999
Failed,,,4077,2243,8.217,18,0.001
Failed,,,5000,258,5.031,14,0.001
Failed,,,4454,2927,4.982,20,0.001
Failed,,,4102,1924,1.432,15,0.001
Failed,,,1483,827,6.975,17,0.001
Failed,,,1266,1479,6.994,19,0.999
Failed,,,4975,3306,6.381,20,0.999
Failed,,,1846,1076,0.696,13,0.999
Failed,,,4807,915,5.325,16,0.999
Failed,,,3877,1,5.945,14,0.001
Failed,,,4111,2452,4.96,16,0.999
Failed,,,1942,1758,10.0,15,0.999
Failed,,,567,2650,8.173,20,0.999
Failed,,,1651,2977,8.254,13,0.453
Failed,,,1391,705,9.043,2,0.173
Failed,,,4642,916,6.978,12,0.898
Failed,,,3761,4017,8.127,13,0.812
Failed,,,857,3314,5.96,20,0.344
Failed,,,991,1247,3.616,15,0.619
Failed,,,4256,1794,0.785,19,0.088
Failed,,,4785,3606,4.634,16,0.127
Failed,,,3532,4303,5.49,18,0.199
Failed,,,3008,1231,9.303,20,0.019
Failed,,,2514,3311,1.648,14,0.761
Failed,,,2115,1537,5.097,18,0.881
Failed,,,408,3721,8.419,10,0.604
Failed,,,3651,4199,3.159,20,0.936
Failed,,,2965,1050,1.972,18,0.85
Failed,,,2786,3199,9.628,13,0.124
Failed,,,1992,3903,7.46,16,0.592
Failed,,,1424,714,8.608,19,0.631
Failed,,,3198,1261,5.815,15,0.163
Failed,,,2159,1082,5.617,17,0.001
Failed,,,3758,927,7.259,14,0.999
Failed,,,1845,580,6.54,15,0.001
Failed,,,4149,1260,0.766,16,0.001
Failed,,,2918,4012,6.477,19,0.001
Failed,,,1893,3346,3.823,16,0.999
Failed,,,3143,2867,9.913,14,0.466
Failed,,,970,3407,4.111,16,0.999
Failed,,,1898,1960,10.0,11,0.001
Failed,,,4718,4441,5.179,19,0.001
Failed,,,1730,3870,10.0,18,0.999
Failed,,,4120,1380,4.553,14,0.001
Failed,,,4139,3560,8.517,16,0.999
Failed,,,3886,5000,5.46,20,0.001
Failed,,,4566,1553,7.732,18,0.999
Failed,,,3848,2346,5.466,16,0.303
Failed,,,4535,3035,9.112,18,0.483
Failed,,,64,4987,6.32,15,0.95
Failed,,,3248,4790,8.096,18,0.704
Failed,,,1885,2236,8.948,14,0.041
Failed,,,2717,439,6.78,19,0.508
Failed,,,2857,2501,4.125,15,0.268
Failed,,,2367,4454,1.292,19,0.797
Failed,,,4685,2723,3.329,17,0.001
Failed,,,1561,2293,10.0,10,0.001
Failed,,,3327,4577,9.362,19,0.999
Failed,,,2640,835,7.928,15,0.414
Failed,,,3096,3687,0.586,20,0.686
Failed,,,3503,1866,4.233,17,0.6
Failed,,,510,2055,3.976,20,0.211
Failed,,,433,1679,0.104,15,0.867
Failed,,,3704,2674,8.676,7,0.215
Failed,,,3316,4450,6.781,18,0.001
Failed,,,1556,3358,5.009,15,0.001
Failed,,,4470,4119,4.817,17,0.001
Failed,,,3904,3986,4.896,16,0.001
Failed,,,2992,1,0.001,10,0.001
Failed,,,3379,3346,10.0,18,0.001
Failed,,,1278,3398,8.783,17,0.843
Failed,,,215,2308,6.144,13,0.523
Failed,,,3155,3343,2.579,10,0.426
Failed,,,2767,1,0.001,11,0.001
Failed,,,4718,2571,7.554,19,0.999
Failed,,,3168,1532,6.288,18,0.999
Failed,,,2996,558,6.956,15,0.999
Failed,,,3887,3520,5.326,20,0.001
Failed,,,1331,558,5.932,15,0.001
Failed,,,3993,878,0.889,15,0.999
Failed,,,1279,328,0.965,15,0.001
Failed,,,2387,4595,7.914,20,0.001
Failed,,,3466,2773,5.416,20,0.706
Failed,,,779,2918,9.997,14,0.703
Failed,,,1222,61,2.341,20,0.459
Failed,,,2911,4340,9.036,2,0.614
Failed,,,4178,2014,4.509,14,0.99
Failed,,,2469,3636,6.868,6,0.084
Failed,,,1626,1747,8.027,9,0.139
Failed,,,4860,2586,0.695,11,0.794
Failed,,,3597,1200,5.235,5,0.669
Failed,,,384,4382,3.488,17,0.265
Failed,,,573,1075,9.181,8,0.924
Failed,,,3572,4575,2.178,15,0.017
Failed,,,4947,975,2.897,19,0.337
Failed,,,1153,3567,3.753,13,0.906
Failed,,,671,642,6.409,18,0.182
Failed,,,4455,3274,5.552,14,0.564
Failed,,,303,3820,7.759,20,0.096
Failed,,,947,4147,5.378,10,0.854
Failed,,,804,1294,3.034,5,0.112
Failed,,,2552,3106,5.667,17,0.953
Failed,,,3795,747,0.203,9,0.581
Failed,,,2067,4904,8.499,12,0.486
Failed,,,1346,474,7.314,13,0.291
Failed,,,4677,3857,4.044,6,0.635
Failed,,,3429,2428,9.521,20,0.759
Failed,,,79,3155,1.838,3,0.167
Failed,,,111,1110,7.421,18,0.837
Failed,,,3402,4490,3.802,1,0.245
Failed,,,4407,355,8.351,16,0.055
Failed,,,1447,4045,0.372,3,0.894
Failed,,,2017,867,4.212,2,0.824
Failed,,,3999,4716,7.165,19,0.234
Failed,,,2742,1413,1.381,7,0.356
Failed,,,2559,131,0.153,4,0.034
Failed,,,793,4290,8.725,16,0.876
Failed,,,974,1522,1.07,12,0.15
Failed,,,3014,2829,7.808,9,0.808
Failed,,,4272,819,3.276,17,0.68
Failed,,,2212,4783,5.601,4,0.277
Failed,,,1799,461,9.289,3,0.442
Failed,,,4836,3959,1.933,20,0.594
Failed,,,3584,2258,6.458,6,0.971
Failed,,,566,3412,4.764,13,0.064
Failed,,,3062,2653,7.598,19,0.216
Failed,,,4810,1623,6.388,1,0.394
Failed,,,1831,2778,4.971,18,0.548
Failed,,,2200,2138,1.156,16,0.726
Failed,,,4280,3443,7.546,4,0.324
Failed,,,3047,186,3.324,12,0.197
Failed,,,4934,3585,4.015,20,0.001
Failed,,,473,846,6.408,17,0.001
Failed,,,4405,1117,0.798,16,0.999
Failed,,,3888,1,5.428,20,0.999
Failed,,,3291,4806,5.573,20,0.001
Failed,,,3222,2321,7.335,16,0.11
Failed,,,681,2347,8.082,12,0.295
Failed,,,4388,1063,5.293,20,0.779
Failed,,,4235,3896,9.952,17,0.918
Failed,,,519,2681,7.163,15,0.405
Failed,,,91,909,2.98,16,0.692
Failed,,,1191,4368,2.11,18,0.615
Failed,,,4665,1814,9.588,15,0.369
Failed,,,1354,2538,1.634,7,0.713
Failed,,,2040,1927,2.945,10,0.503
Failed,,,3827,3743,5.932,12,0.408
Failed,,,2638,3673,4.07,16,0.454
Failed,,,3736,1507,0.688,19,0.346
Failed,,,3648,4091,2.535,15,0.801
Failed,,,1267,2152,4.414,20,0.427
Failed,,,2551,634,2.243,13,0.882
Failed,,,3817,4935,3.305,20,0.657
Failed,,,3864,1,6.342,14,0.999
Failed,,,3478,2577,9.423,16,0.001
Failed,,,4585,3178,7.193,20,0.001
Failed,,,4684,3198,4.256,20,0.999
Failed,,,4102,2224,4.04,14,0.999
Failed,,,4746,5000,9.043,19,0.999
Failed,,,1920,2503,8.182,20,0.001
Failed,,,4853,4689,8.034,9,0.839
Failed,,,3513,1989,4.337,12,0.704
Failed,,,1123,1328,3.935,15,0.033
Failed,,,4907,268,1.765,17,0.519
Failed,,,1456,765,7.487,8,0.275
Failed,,,4838,731,3.272,14,0.407
Failed,,,23,3495,1.136,12,0.145
Failed,,,607,417,8.988,18,0.945
Failed,,,4323,1780,6.857,12,0.496
Failed,,,4475,3321,8.368,13,0.321
Failed,,,769,4459,6.237,16,0.87
Failed,,,3153,4584,9.162,13,0.556
Failed,,,1938,3222,6.371,19,0.011
Failed,,,1787,1679,8.542,18,0.182
Failed,,,2994,542,5.751,15,0.635
Failed,,,1717,2445,6.416,13,0.76
Failed,,,327,1,1.209,14,0.999
Failed,,,4692,3435,5.089,20,0.999
Failed,,,5000,2609,3.312,20,0.947
Failed,,,557,1,1.016,9,0.999
Failed,,,2006,1444,4.035,20,0.001
Failed,,,1853,849,0.755,15,0.906
Failed,,,4840,2461,5.237,20,0.001
Failed,,,1172,521,5.921,17,0.001
Failed,,,2911,4232,7.287,17,0.001
Failed,,,2923,1005,9.283,17,0.307
Failed,,,2726,2908,0.889,15,0.596
Failed,,,3754,21,7.034,6,0.976
Failed,,,1442,4270,3.717,17,0.081
Failed,,,2219,850,1.509,20,0.222
Failed,,,269,3013,3.892,19,0.781
Failed,,,383,1202,5.958,13,0.121
Failed,,,4098,2262,8.169,19,0.57
Failed,,,1723,3287,2.273,9,0.486
Failed,,,4562,2556,6.587,18,0.745
Failed,,,855,3997,8.799,14,0.196
Failed,,,705,508,4.968,10,0.55
Failed,,,3398,3799,5.786,18,0.386
Failed,,,2182,2739,8.653,12,0.931
Failed,,,1012,4819,3.42,18,0.482
Failed,,,3325,896,4.739,15,0.604
Failed,,,4912,2495,10.0,19,0.999
Failed,,,4731,2539,9.261,19,0.001
Failed,,,1868,828,0.657,14,0.999
Failed,,,1939,3455,9.608,17,0.001
Failed,,,1965,5000,4.761,20,0.001
Failed,,,3067,1,0.001,20,0.001
Failed,,,816,174,10.0,16,0.001
Failed,,,2769,1,6.571,14,0.999
Failed,,,2472,1,6.223,16,0.999
Failed,,,386,2449,2.145,17,0.301
Failed,,,69,3735,7.277,13,0.789
Failed,,,3634,4679,9.605,18,0.111
Failed,,,3017,1959,5.803,19,0.172
Failed,,,2418,1925,9.132,9,0.079
Failed,,,4730,3614,0.116,20,0.99
Failed,,,946,4830,2.946,12,0.443
Failed,,,1054,2093,1.021,16,0.893
Failed,,,3673,3451,9.417,8,0.042
Failed,,,1393,2541,6.706,20,0.695
Failed,,,4063,4150,1.642,11,0.269
Failed,,,2586,1284,5.339,10,0.151
Failed,,,4295,3506,8.237,19,0.566
Failed,,,2234,653,0.698,20,0.751
Failed,,,1606,3333,4.403,17,0.967
Failed,,,133,1677,9.296,18,0.044
Failed,,,5000,1,0.001,17,0.001
Failed,,,5000,1,0.001,1,0.001
Failed,,,5000,1,0.001,10,0.999
Failed,,,5000,1,0.001,3,0.001
Failed,,,1639,1,0.001,20,0.001
Failed,,,5000,1,0.001,14,0.999
Failed,,,1632,1,6.774,16,0.001
Failed,,,4206,1,5.645,20,0.001
Failed,,,2803,1,0.001,3,0.999
Failed,,,3084,1,1.887,16,0.999
Failed,,,3364,1170,5.594,18,0.999
Failed,,,1438,2100,1.15,18,0.001
Failed,,,1219,929,1.859,17,0.999
Failed,,,2084,33,4.933,20,0.001
Failed,,,1886,713,6.49,17,0.999
Failed,,,449,2960,3.803,12,0.548
Failed,,,3428,3891,1.834,20,0.354
Failed,,,2794,1504,3.111,17,0.429
Failed,,,4667,332,4.088,19,0.88
Failed,,,4350,1746,5.211,14,0.313
Failed,,,1816,2361,2.557,20,0.618
Failed,,,4914,1100,7.02,16,0.653
Failed,,,1292,2051,9.848,15,0.442
Failed,,,2432,4749,1.251,18,0.662
Failed,,,3849,3198,4.363,13,0.499
Failed,,,4165,1914,8.868,16,0.972
Failed,,,2123,963,6.745,14,0.186
Failed,,,1500,3644,8.037,13,0.098
Failed,,,4792,4575,5.095,18,0.807
Failed,,,756,4338,5.493,16,0.24
Failed,,,3110,2786,7.625,14,0.918
Failed,,,2850,1814,9.489,12,0.512
Failed,,,1587,3960,8.324,18,0.999
Failed,,,1498,3717,6.193,18,0.999
Failed,,,3767,1,1.117,4,0.001
Failed,,,1249,1256,9.76,17,0.999
Failed,,,1557,1,5.87,16,0.001
Failed,,,1323,2599,5.101,16,0.001
Failed,,,1313,3517,10.0,18,0.999
Failed,,,1287,1211,3.669,17,0.999
Failed,,,5000,834,6.054,17,0.999
Failed,,,1491,1745,9.003,20,0.999
Failed,,,3725,1101,3.466,18,0.999
Failed,,,1236,3958,6.761,18,0.001
Failed,,,1771,5000,9.186,20,0.999
Failed,,,1307,1,3.114,18,0.999
Failed,,,882,4503,9.179,14,0.579
Failed,,,2904,3559,6.459,17,0.259
Failed,,,3533,1211,7.665,20,0.46
Failed,,,2591,2274,1.641,15,0.768
Failed,,,1194,720,3.998,16,0.073
Failed,,,2071,4290,9.807,19,0.936
Failed,,,4072,2717,7.06,11,0.227
Failed,,,3756,1432,2.192,18,0.746
Failed,,,1829,3006,6.698,10,0.899
Failed,,,4379,3799,3.496,16,0.533
Failed,,,2536,3097,4.933,20,0.018
Failed,,,3158,416,1.218,17,0.202
Failed,,,473,1367,3.146,14,0.897
Failed,,,159,2650,8.601,16,0.387
Failed,,,3469,4202,5.763,15,0.708
Failed,,,3771,2573,9.209,9,0.012
Failed,,,3,4695,9.939,13,0.182
Failed,,,1319,1945,4.156,20,0.001
Failed,,,3369,1,5.359,17,0.692
Failed,,,1513,1521,8.605,18,0.001
Failed,,,5000,3965,5.447,18,0.999
Failed,,,1428,2794,7.085,16,0.999
Failed,,,5000,3470,7.404,20,0.001
Failed,,,1341,2147,1.833,15,0.999
Failed,,,1560,4283,9.356,17,0.001
Failed,,,1328,2629,1.234,18,0.001
Failed,,,1708,905,3.558,20,0.999
Failed,,,2473,677,2.323,20,0.999
Failed,,,2045,339,1.594,10,0.322
Failed,,,3627,3143,6.945,18,0.971
Failed,,,3006,843,8.151,17,0.81
Failed,,,632,2414,6.212,15,0.099
Failed,,,4688,17,8.353,14,0.057
Failed,,,1437,1571,6.035,18,0.843
Failed,,,2226,2150,3.36,16,0.145
Failed,,,2512,1650,6.78,9,0.726
Failed,,,1593,4488,2.054,19,0.076
Failed,,,4533,3544,4.814,12,0.769
Failed,,,946,3629,0.77,18,0.624
Failed,,,2694,4561,3.595,13,0.288
Failed,,,3313,1928,2.4,11,0.492
Failed,,,314,978,4.483,19,0.657
Failed,,,4581,3150,6.128,16,0.227
Failed,,,3137,30,1.353,6,0.433
Failed,,,1585,3567,8.978,18,0.999
Failed,,,303,321,5.147,20,0.547
Failed,,,5000,1210,1.49,20,0.999
Failed,,,5000,1,2.194,17,0.678
Failed,,,1477,1359,1.224,17,0.001
Failed,,,3465,1,0.001,8,0.001
Failed,,,1478,2792,10.0,16,0.999
Failed,,,3585,3968,2.464,20,0.999
Failed,,,3592,1985,4.688,15,0.999
Failed,,,1400,4658,9.414,14,0.74
Failed,,,2377,723,6.91,12,0.53
Failed,,,4153,2105,8.642,20,0.016
Failed,,,1205,1963,5.789,15,0.47
Failed,,,2825,845,9.762,17,0.984
Failed,,,3410,4409,7.19,19,0.773
Failed,,,71,3418,8.353,11,0.26
Failed,,,463,1126,0.829,19,0.692
Failed,,,3645,2323,4.724,12,0.208
Failed,,,2589,3680,2.229,14,0.06
Failed,,,814,4749,3.314,17,0.545
Failed,,,2216,1210,4.904,19,0.061
Failed,,,4340,802,7.551,16,0.482
Failed,,,1565,2133,5.914,12,0.629
Failed,,,2141,2599,8.958,14,0.549
Failed,,,4448,3773,7.011,19,0.34
Failed,,,2142,3509,4.377,18,0.456
Failed,,,1635,2366,1.949,18,0.307
Failed,,,4973,1063,3.603,15,0.792
Failed,,,1642,3639,7.312,17,0.001
Failed,,,210,575,5.725,15,0.999
Failed,,,5000,1532,4.122,20,0.001
Failed,,,4582,772,8.524,17,0.001
Failed,,,1377,3639,1.765,17,0.999
Failed,,,1368,2183,9.003,17,0.999
Failed,,,1211,2347,3.197,18,0.999
Failed,,,1453,3021,4.205,20,0.999
Failed,,,1660,5000,10.0,20,0.999
Failed,,,3642,3465,1.949,20,0.999
Failed,,,1208,1098,2.663,18,0.999
Failed,,,1753,5000,2.855,20,0.999
Failed,,,3360,2697,5.953,18,0.867
Failed,,,2939,1919,9.154,20,0.951
Failed,,,476,745,7.363,14,0.164
Failed,,,93,3106,1.433,18,0.664
Failed,,,2707,4274,4.474,15,0.439
Failed,,,1118,2322,3.384,16,0.53
Failed,,,4988,2379,1.707,14,0.832
Failed,,,3445,1582,8.03,10,0.762
Failed,,,4916,4978,4.31,16,0.107
Failed,,,3515,3554,2.707,20,0.577
Failed,,,2783,1832,2.168,18,0.743
Failed,,,561,3145,9.746,16,0.905
Failed,,,2864,4477,6.862,13,0.241
Failed,,,650,1429,5.458,18,0.79
Failed,,,3059,3868,8.444,17,0.547
Failed,,,3147,903,6.643,20,0.649
Failed,,,5000,2479,4.81,19,0.001
Failed,,,1301,1331,2.526,20,0.001
Failed,,,1483,3307,9.456,18,0.999
Failed,,,1257,1666,10.0,18,0.188
Failed,,,1264,1156,6.894,20,0.001
Failed,,,4248,1466,0.486,4,0.896
Failed,,,366,2542,5.55,11,0.319
Failed,,,1706,297,3.526,9,0.25
Failed,,,466,4321,6.799,14,0.57
Failed,,,2088,4513,1.581,7,0.072
Failed,,,923,2071,9.852,14,0.485
Failed,,,4472,3187,4.937,1,0.781
Failed,,,4519,1372,9.63,12,0.597
Failed,,,872,2796,4.566,4,0.175
Failed,,,2061,41,6.277,17,0.261
Failed,,,3178,3969,1.36,10,0.962
Failed,,,1660,4575,8.227,20,0.434
Failed,,,4275,3401,5.184,14,0.708
Failed,,,3872,449,1.11,19,0.214
Failed,,,1408,1618,2.903,15,0.925
Failed,,,2771,3611,7.486,8,0.931
Failed,,,4158,2759,9.502,18,0.013
Failed,,,3911,1053,4.216,13,0.503
Failed,,,78,4941,9.123,1,0.207
Failed,,,1369,2226,2.413,20,0.354
Failed,,,1416,3015,2.359,15,0.258
Failed,,,2415,3005,3.124,18,0.466
Failed,,,1221,408,6.084,4,0.1
Failed,,,4799,4336,1.012,11,0.677
Failed,,,4846,543,9.006,6,0.296
Failed,,,1013,4120,3.943,19,0.998
Failed,,,2310,1874,6.9,2,0.569
Failed,,,3710,2946,1.984,15,0.148
Failed,,,2510,2480,2.538,12,0.032
Failed,,,1479,3590,7.601,5,0.734
Failed,,,280,1148,0.894,17,0.821
Failed,,,3860,4764,5.81,9,0.401
Failed,,,1735,5000,3.975,19,0.999
Failed,,,1133,2806,3.996,18,0.137
Failed,,,5000,2227,3.857,20,0.481
Failed,,,3508,1,0.001,20,0.001
Failed,,,3841,1,0.001,8,0.001
Failed,,,4446,1702,6.439,17,0.999
Failed,,,1690,5000,3.254,18,0.001
Failed,,,565,1,5.358,18,0.999
Failed,,,1330,3499,6.016,20,0.999
Failed,,,1053,2453,8.187,11,0.625
Failed,,,777,3477,1.848,17,0.006
Failed,,,3061,3084,7.237,10,0.737
Failed,,,109,338,3.159,20,0.191
Failed,,,607,1331,4.429,6,0.715
Failed,,,3959,1840,7.036,12,0.5
Failed,,,1762,1684,7.605,18,0.877
Failed,,,2516,898,5.854,13,0.157
Failed,,,2346,4817,7.388,16,0.817
Failed,,,3451,1274,0.806,18,0.72
Failed,,,2864,4405,4.182,20,0.537
Failed,,,1561,1925,4.419,16,0.596
Failed,,,3579,3631,3.513,13,0.383
Failed,,,3231,2297,6.532,20,0.752
Failed,,,2644,4163,8.463,18,0.942
Failed,,,1831,3418,5.618,13,0.226
Failed,,,4009,3260,9.742,19,0.349
Failed,,,882,789,8.4,18,0.222
Failed,,,4329,1273,10.0,16,0.001
Failed,,,4511,2595,8.374,19,0.642
Failed,,,3135,1,5.988,18,0.001
Failed,,,4246,2926,2.44,20,0.999
Failed,,,237,1,8.702,20,0.999
Failed,,,4131,2940,6.809,20,0.001
Failed,,,3370,1,2.926,18,0.001
Failed,,,4715,1,1.324,1,0.635
Failed,,,3878,1,2.292,20,0.001
Failed,,,3969,1,10.0,18,0.001
Failed,,,4154,1,0.912,1,0.001
Failed,,,2614,1,0.001,16,0.001
Failed,,,4369,1,5.171,17,0.419
Failed,,,759,1,7.867,17,0.999
Failed,,,1581,4443,10.0,17,0.999
Failed,,,319,741,8.885,17,0.284
Failed,,,4444,4090,6.995,18,0.244
Failed,,,1121,3331,8.925,13,0.964
Failed,,,3784,2225,7.989,16,0.062
Failed,,,1587,2383,7.273,14,0.434
Failed,,,3319,3176,5.736,17,0.587
Failed,,,562,4744,8.382,20,0.12
Failed,,,1901,414,2.322,16,0.997
Failed,,,3667,2167,4.221,12,0.216
Failed,,,1316,3546,2.696,19,0.806
Failed,,,4239,2857,2.923,16,0.131
Failed,,,629,1430,3.837,14,0.844
Failed,,,4899,996,2.086,19,0.066
Failed,,,4543,4972,7.952,14,0.695
Failed,,,987,2605,6.129,20,0.474
Failed,,,845,2011,1.042,20,0.343
Failed,,,4364,1796,2.742,17,0.001
Failed,,,3935,1699,4.624,18,0.035
Failed,,,645,1,8.294,2,0.001
Failed,,,820,1,10.0,18,0.999
Failed,,,4008,870,10.0,17,0.628
Failed,,,1441,1044,3.361,20,0.439
Failed,,,934,4165,4.615,20,0.999
Failed,,,522,5000,1.951,18,0.001
Failed,,,216,856,4.881,20,0.999
Failed,,,4361,1,10.0,2,0.999
Failed,,,4724,570,3.038,15,0.622
Failed,,,761,1,5.681,17,0.999
Failed,,,3088,1066,3.708,17,0.872
Failed,,,3675,2935,1.309,19,0.931
Failed,,,2008,4647,4.613,15,0.153
Failed,,,2277,656,5.342,19,0.53
Failed,,,3408,1764,8.737,14,0.309
Failed,,,1693,2523,9.661,17,0.712
Failed,,,3870,2681,5.078,15,0.839
Failed,,,2579,3743,5.19,18,0.056
Failed,,,1230,1609,6.603,17,0.187
Failed,,,4455,812,9.939,13,0.902
Failed,,,285,1223,1.574,13,0.746
Failed,,,4150,1354,4.969,18,0.467
Failed,,,177,3873,3.955,18,0.4
Failed,,,4301,2,3.587,11,0.03
Failed,,,1335,1,2.449,3,0.358
Failed,,,2408,3050,8.804,20,0.18
Failed,,,2950,1,8.213,19,0.001
Failed,,,851,1809,5.435,18,0.999
Failed,,,971,1,5.771,20,0.001
Failed,,,4169,1766,2.384,16,0.001
Failed,,,825,1,4.669,17,0.001
Failed,,,5000,3314,10.0,18,0.999
Failed,,,1081,5000,4.086,18,0.001
Failed,,,3985,1,1.942,1,0.999
Failed,,,988,4179,5.857,19,0.999
Failed,,,1769,3339,10.0,20,0.001
Failed,,,303,5000,3.372,20,0.001
Failed,,,940,3099,3.133,20,0.999
Failed,,,760,2005,4.456,19,0.001
Failed,,,761,5000,3.484,19,0.999
Failed,,,3671,1932,8.967,18,0.001
Failed,,,5000,1,10.0,1,0.848
Failed,,,671,1,0.001,20,0.001
Failed,,,4385,1,10.0,5,0.001
Failed,,,4170,1,2.815,19,0.999
Failed,,,3277,1,0.001,20,0.001
Failed,,,3980,1386,2.626,20,0.001
Failed,,,5000,1,5.212,20,0.999
Failed,,,1314,1,0.001,13,0.999
Failed,,,3855,1,10.0,18,0.001
Failed,,,1854,3838,8.269,13,0.775
Failed,,,4032,3992,6.45,17,0.649
Failed,,,401,3589,9.471,12,0.433
Failed,,,4616,2126,8.538,19,0.593
Failed,,,721,4287,4.501,19,0.992
Failed,,,723,2872,3.549,17,0.001
Failed,,,802,4106,2.127,18,0.999
Failed,,,2053,1571,1.233,14,0.56
Failed,,,3515,854,2.848,18,0.281
Failed,,,2847,2716,2.167,16,0.462
Failed,,,1499,158,1.773,20,0.405
Failed,,,2937,2263,4.768,15,0.685
Failed,,,2159,3296,3.24,18,0.337
Failed,,,2439,1969,6.724,11,0.965
Failed,,,25,2561,2.573,14,0.089
Failed,,,693,697,2.434,12,0.155
Failed,,,2021,1,6.478,18,0.227
Failed,,,1517,1,10.0,1,0.999
Failed,,,5000,5000,10.0,20,0.999
Failed,,,5000,1,2.743,17,0.826
Failed,,,4848,2369,9.46,20,0.999
Failed,,,1696,1569,0.55,20,0.001
Failed,,,2667,2045,6.923,16,0.348
Failed,,,3335,3909,8.073,19,0.41
Failed,,,2195,3512,6.007,14,0.631
Failed,,,4906,4749,5.568,10,0.55
Failed,,,1915,2495,4.027,20,0.004
Failed,,,3613,87,1.895,14,0.782
Failed,,,3025,3220,3.123,12,0.974
Failed,,,1255,4356,0.958,17,0.193
Failed,,,4291,4860,0.888,20,0.867
Failed,,,1300,2275,9.968,10,0.322
Failed,,,3808,536,5.664,20,0.94
Failed,,,1794,2965,4.743,10,0.487
