index,ACCURACY,RUNTIME,transformed_accuracy,transformed_runtime,is_pareto,pareto_layer,recent_samples_size,n_subspaces,feature_percentage,alpha,window_size,mode
0,0.55,2,0.0,0.8374375664696125,0,4,646,49,0.779,0.044,514,EDFSMode.RANDOM
1,0.55,1,0.0,0.8974345238726962,0,3,3185,66,0.153,0.951,616,EDFSMode.RANDOM
2,0.55,1,0.0,0.8974345238726962,0,3,2699,38,0.379,0.753,674,EDFSMode.RANDOM
3,0.57,3,0.6666666666666654,0.7948690477453925,0,3,4032,42,0.071,0.148,138,EDFSMode.RANDOM
4,0.55,3,0.0,0.7948690477453925,0,5,1045,75,0.49,0.792,482,EDFSMode.RANDOM
5,0.55,8,0.0,0.6748751329392251,0,10,4888,3,0.713,0.054,920,EDFSMode.RANDOM
6,0.55,47,0.0,0.42717566196039736,0,43,856,32,0.625,0.689,783,EDFSMode.RANDOM
7,0.55,83,0.0,0.3443689199758371,0,64,596,76,0.935,0.56,973,EDFSMode.RANDOM
8,0.55,1,0.0,0.8974345238726962,0,3,4088,48,0.142,0.289,543,EDFSMode.RANDOM
9,0.55,158,0.0,0.24995067782801572,0,103,4242,80,0.684,0.766,719,EDFSMode.RANDOM
10,0.55,3,0.0,0.7948690477453925,0,5,2066,65,0.762,0.66,422,EDFSMode.RANDOM
11,0.55,3,0.0,0.7948690477453925,0,5,2877,56,0.279,0.315,903,EDFSMode.RANDOM
12,0.55,2,0.0,0.8374375664696125,0,4,1808,21,0.549,0.586,444,EDFSMode.RANDOM
13,0.56,3,0.3333333333333346,0.7948690477453925,0,4,4731,71,0.241,0.502,308,EDFSMode.RANDOM
14,0.55,1,0.0,0.8974345238726962,0,3,4297,5,0.264,0.877,441,EDFSMode.RANDOM
15,0.55,174,0.0,0.23576298458986056,0,106,4107,85,0.931,0.471,790,EDFSMode.RANDOM
16,0.55,2,0.0,0.8374375664696125,0,4,160,53,0.507,0.221,340,EDFSMode.RANDOM
17,0.55,4,0.0,0.7618503394145143,0,6,1836,82,0.64,0.095,577,EDFSMode.RANDOM
18,0.55,1,0.0,0.8974345238726962,0,3,126,35,0.174,0.627,891,EDFSMode.RANDOM
19,0.57,7,0.6666666666666654,0.6923035716180886,0,7,2587,56,0.799,0.348,127,EDFSMode.RANDOM
20,0.56,3,0.3333333333333346,0.7948690477453925,0,4,3385,47,0.542,0.421,291,EDFSMode.RANDOM
21,0.55,26,0.0,0.5123126994088376,0,27,924,69,0.416,0.575,835,EDFSMode.RANDOM
22,0.55,42,0.0,0.44345257184117204,0,39,2328,16,0.897,0.17,741,EDFSMode.RANDOM
23,0.56,1,0.3333333333333346,0.8974345238726962,0,2,4789,95,0.022,0.827,385,EDFSMode.RANDOM
24,0.55,95,0.0,0.32461018583309365,0,74,4552,27,0.975,0.558,662,EDFSMode.RANDOM
25,0.55,1,0.0,0.8974345238726962,0,3,2091,60,0.1,0.462,525,EDFSMode.RANDOM
26,0.56,2,0.3333333333333346,0.8374375664696125,0,3,1004,12,0.589,0.804,211,EDFSMode.RANDOM
27,0.55,12,0.0,0.620462638428473,0,14,3465,77,0.463,0.214,976,EDFSMode.RANDOM
28,0.55,5,0.0,0.7348720903423087,0,7,2974,24,0.19,0.024,807,EDFSMode.RANDOM
29,0.56,6,0.3333333333333346,0.712062305760832,0,7,513,91,0.815,0.988,263,EDFSMode.RANDOM
30,0.56,5,0.3333333333333346,0.7348720903423087,0,6,2755,1,0.803,0.001,284,EDFSMode.RANDOM
31,0.56,4,0.3333333333333346,0.7618503394145143,0,5,2372,98,0.282,0.701,166,EDFSMode.RANDOM
32,0.57,4,0.6666666666666654,0.7618503394145143,0,4,3997,74,0.001,0.999,100,EDFSMode.RANDOM
33,0.57,9,0.6666666666666654,0.6592848632872105,0,9,4503,56,0.672,0.999,100,EDFSMode.RANDOM
34,0.57,18,0.6666666666666654,0.5643092920293851,0,17,5000,80,0.999,0.999,100,EDFSMode.RANDOM
35,0.57,16,0.6666666666666654,0.580767427534497,0,16,4184,82,0.999,0.999,100,EDFSMode.RANDOM
36,0.57,11,0.6666666666666654,0.6323066142150049,0,11,1529,91,0.721,0.999,123,EDFSMode.RANDOM
37,0.57,3,0.6666666666666654,0.7948690477453925,0,3,4666,1,0.467,0.999,100,EDFSMode.RANDOM
38,0.57,303,0.6666666666666654,0.15404738752016978,0,22,5000,100,0.825,0.001,100,EDFSMode.RANDOM
39,0.57,10,0.6666666666666654,0.6451817489046163,0,10,4238,46,0.999,0.999,100,EDFSMode.RANDOM
40,0.55,1,0.0,0.8974345238726962,0,3,2063,13,0.001,0.999,100,EDFSMode.RANDOM
41,0.57,4,0.6666666666666654,0.7618503394145143,0,4,4915,14,0.379,0.999,100,EDFSMode.RANDOM
42,0.57,4,0.6666666666666654,0.7618503394145143,0,4,4758,69,0.001,0.06,100,EDFSMode.RANDOM
43,0.57,4,0.6666666666666654,0.7618503394145143,0,4,5000,8,0.999,0.999,100,EDFSMode.RANDOM
44,0.57,3,0.6666666666666654,0.7948690477453925,0,3,3915,1,0.999,0.999,100,EDFSMode.RANDOM
45,0.57,3,0.6666666666666654,0.7948690477453925,0,3,4472,13,0.043,0.999,100,EDFSMode.RANDOM
46,0.57,9,0.6666666666666654,0.6592848632872105,0,9,2656,48,0.925,0.999,100,EDFSMode.RANDOM
47,0.57,8,0.6666666666666654,0.6748751329392251,0,8,3748,87,0.367,0.999,100,EDFSMode.RANDOM
48,0.55,5,0.0,0.7348720903423087,0,7,1,92,0.723,0.001,1000,EDFSMode.RANDOM
49,0.58,244,1.0,0.18597495093617822,0,11,3659,92,0.721,0.001,100,EDFSMode.RANDOM
50,0.57,3,0.6666666666666654,0.7948690477453925,0,3,2806,47,0.222,0.999,100,EDFSMode.RANDOM
51,0.57,10,0.6666666666666654,0.6451817489046163,0,10,5000,50,0.912,0.999,100,EDFSMode.RANDOM
52,0.57,6,0.6666666666666654,0.712062305760832,0,6,5000,96,0.158,0.999,100,EDFSMode.RANDOM
53,0.57,5,0.6666666666666654,0.7348720903423087,0,5,5000,100,0.139,0.999,100,EDFSMode.RANDOM
54,0.57,15,0.6666666666666654,0.5897380954907849,0,15,1028,92,0.722,0.999,100,EDFSMode.RANDOM
55,0.57,288,0.6666666666666654,0.161534855068994,0,21,4122,100,0.797,0.001,100,EDFSMode.RANDOM
56,0.57,3,0.6666666666666654,0.7948690477453925,0,3,4375,8,0.419,0.999,100,EDFSMode.RANDOM
57,0.57,2,0.6666666666666654,0.8374375664696125,0,2,3195,15,0.082,0.999,100,EDFSMode.RANDOM
58,0.57,6,0.6666666666666654,0.712062305760832,0,6,5000,17,0.999,0.461,100,EDFSMode.RANDOM
59,0.56,18,0.3333333333333346,0.5643092920293851,0,18,2567,100,0.999,0.757,100,EDFSMode.RANDOM
60,0.56,4,0.3333333333333346,0.7618503394145143,0,5,5000,100,0.337,0.084,331,EDFSMode.RANDOM
61,0.56,7,0.3333333333333346,0.6923035716180886,0,8,2565,36,0.999,0.59,100,EDFSMode.RANDOM
62,0.57,3,0.6666666666666654,0.7948690477453925,0,3,3746,2,0.999,0.401,100,EDFSMode.RANDOM
63,0.56,17,0.3333333333333346,0.5723096568119213,0,17,2488,100,0.999,0.999,100,EDFSMode.RANDOM
64,0.57,21,0.6666666666666654,0.5426162727773125,0,18,5000,100,0.999,0.594,100,EDFSMode.RANDOM
65,0.57,5,0.6666666666666654,0.7348720903423087,0,5,4284,11,0.793,0.386,100,EDFSMode.RANDOM
66,0.56,5,0.3333333333333346,0.7348720903423087,0,6,5000,100,0.349,0.256,244,EDFSMode.RANDOM
67,0.58,90,1.0,0.3325249441893051,0,8,5000,100,0.514,0.001,100,EDFSMode.RANDOM
68,0.56,3,0.3333333333333346,0.7948690477453925,0,4,4982,100,0.33,0.001,380,EDFSMode.RANDOM
69,0.56,12,0.3333333333333346,0.620462638428473,0,13,2322,57,0.999,0.664,100,EDFSMode.RANDOM
70,0.57,23,0.6666666666666654,0.5297411380877012,0,19,3130,100,0.999,0.999,100,EDFSMode.RANDOM
71,0.58,28,1.0,0.5017388662173474,0,7,5000,6,0.999,0.001,100,EDFSMode.RANDOM
72,0.57,15,0.6666666666666654,0.5897380954907849,0,15,4854,100,0.693,0.6,100,EDFSMode.RANDOM
73,0.57,6,0.6666666666666654,0.712062305760832,0,6,4683,29,0.756,0.455,100,EDFSMode.RANDOM
74,0.56,17,0.3333333333333346,0.5723096568119213,0,17,2171,100,0.999,0.999,100,EDFSMode.RANDOM
75,0.57,13,0.6666666666666654,0.6094968296335282,0,13,4197,47,0.999,0.593,100,EDFSMode.RANDOM
76,0.57,3,0.6666666666666654,0.7948690477453925,0,3,4548,1,0.999,0.478,100,EDFSMode.RANDOM
77,0.56,1,0.3333333333333346,0.8974345238726962,0,2,2181,1,0.999,0.999,100,EDFSMode.RANDOM
78,0.56,5,0.3333333333333346,0.7348720903423087,0,6,4806,100,0.547,0.37,279,EDFSMode.RANDOM
79,0.57,21,0.6666666666666654,0.5426162727773125,0,18,4492,100,0.999,0.427,100,EDFSMode.RANDOM
80,0.57,9,0.6666666666666654,0.6592848632872105,0,9,4709,100,0.313,0.332,100,EDFSMode.RANDOM
81,0.56,3,0.3333333333333346,0.7948690477453925,0,4,2235,11,0.999,0.391,100,EDFSMode.RANDOM
82,0.58,5,1.0,0.7348720903423087,0,4,4685,1,0.623,0.001,100,EDFSMode.RANDOM
83,0.57,2,0.6666666666666654,0.8374375664696125,0,2,2902,1,0.778,0.354,100,EDFSMode.RANDOM
84,0.56,3,0.3333333333333346,0.7948690477453925,0,4,4158,100,0.256,0.204,345,EDFSMode.RANDOM
85,0.57,4,0.6666666666666654,0.7618503394145143,0,4,4161,100,0.001,0.322,100,EDFSMode.RANDOM
86,0.57,3,0.6666666666666654,0.7948690477453925,0,3,4869,1,0.603,0.289,100,EDFSMode.RANDOM
87,0.57,3,0.6666666666666654,0.7948690477453925,0,3,4667,1,0.999,0.783,100,EDFSMode.RANDOM
88,0.56,1,0.3333333333333346,0.8974345238726962,0,2,4440,19,0.001,0.001,289,EDFSMode.RANDOM
89,0.57,2,0.6666666666666654,0.8374375664696125,0,2,5000,1,0.001,0.716,100,EDFSMode.RANDOM
90,0.57,4,0.6666666666666654,0.7618503394145143,0,4,5000,55,0.001,0.58,100,EDFSMode.RANDOM
91,0.56,1,0.3333333333333346,0.8974345238726962,0,2,4987,1,0.001,0.236,342,EDFSMode.RANDOM
92,0.56,5,0.3333333333333346,0.7348720903423087,0,6,5000,100,0.479,0.835,291,EDFSMode.RANDOM
93,0.56,1,0.3333333333333346,0.8974345238726962,0,2,5000,1,0.999,0.248,251,EDFSMode.RANDOM
94,0.57,3,0.6666666666666654,0.7948690477453925,0,3,3642,100,0.001,0.766,100,EDFSMode.RANDOM
95,0.56,2,0.3333333333333346,0.8374375664696125,0,3,4838,1,0.999,0.763,211,EDFSMode.RANDOM
96,0.56,2,0.3333333333333346,0.8374375664696125,0,3,4286,100,0.001,0.481,328,EDFSMode.RANDOM
97,0.56,1,0.3333333333333346,0.8974345238726962,0,2,4263,45,0.001,0.999,299,EDFSMode.RANDOM
98,0.57,3,0.6666666666666654,0.7948690477453925,0,3,5000,37,0.001,0.001,100,EDFSMode.RANDOM
99,0.57,4,0.6666666666666654,0.7618503394145143,0,4,5000,48,0.001,0.404,100,EDFSMode.RANDOM
100,0.57,4,0.6666666666666654,0.7618503394145143,0,4,5000,43,0.001,0.748,100,EDFSMode.RANDOM
101,0.55,3,0.0,0.7948690477453925,0,5,3802,64,0.506,0.842,350,EDFSMode.RANDOM
102,0.56,1,0.3333333333333346,0.8974345238726962,0,2,4893,1,0.001,0.14,421,EDFSMode.RANDOM
103,0.56,4,0.3333333333333346,0.7618503394145143,0,5,4109,37,0.999,0.817,275,EDFSMode.RANDOM
104,0.57,3,0.6666666666666654,0.7948690477453925,0,3,5000,1,0.001,0.331,100,EDFSMode.RANDOM
105,0.56,2,0.3333333333333346,0.8374375664696125,0,3,5000,55,0.001,0.608,218,EDFSMode.RANDOM
106,0.56,1,0.3333333333333346,0.8974345238726962,0,2,4156,1,0.001,0.001,370,EDFSMode.RANDOM
107,0.56,4,0.3333333333333346,0.7618503394145143,0,5,3947,41,0.508,0.999,399,EDFSMode.RANDOM
108,0.56,1,0.3333333333333346,0.8974345238726962,0,2,5000,24,0.001,0.001,432,EDFSMode.RANDOM
109,0.57,4,0.6666666666666654,0.7618503394145143,0,4,5000,100,0.001,0.611,100,EDFSMode.RANDOM
110,0.56,6,0.3333333333333346,0.712062305760832,0,7,3941,66,0.999,0.71,315,EDFSMode.RANDOM
111,0.55,1,0.0,0.8974345238726962,0,3,4615,100,0.001,0.641,1000,EDFSMode.RANDOM
112,0.56,1,0.3333333333333346,0.8974345238726962,0,2,4083,1,0.999,0.384,313,EDFSMode.RANDOM
113,0.56,4,0.3333333333333346,0.7618503394145143,0,5,4368,100,0.458,0.87,374,EDFSMode.RANDOM
114,0.56,2,0.3333333333333346,0.8374375664696125,0,3,4998,63,0.001,0.4,227,EDFSMode.RANDOM
115,0.57,3,0.6666666666666654,0.7948690477453925,0,3,3785,1,0.286,0.612,100,EDFSMode.RANDOM
116,0.55,0,0.0,1.0,1,1,2390,1,0.112,0.303,1000,EDFSMode.RANDOM
117,0.56,7,0.3333333333333346,0.6923035716180886,0,8,5000,23,0.405,0.001,402,EDFSMode.RANDOM
118,0.56,7,0.3333333333333346,0.6923035716180886,0,8,4050,61,0.905,0.449,183,EDFSMode.RANDOM
119,0.55,1,0.0,0.8974345238726962,0,3,305,100,0.184,0.682,680,EDFSMode.RANDOM
120,0.56,1,0.3333333333333346,0.8974345238726962,0,2,3277,1,0.514,0.58,377,EDFSMode.RANDOM
121,0.56,7,0.3333333333333346,0.6923035716180886,0,8,1387,58,0.949,0.422,256,EDFSMode.RANDOM
122,0.56,1,0.3333333333333346,0.8974345238726962,0,2,4350,1,0.338,0.148,384,EDFSMode.RANDOM
123,0.57,4,0.6666666666666654,0.7618503394145143,0,4,4497,1,0.336,0.146,100,EDFSMode.RANDOM
124,0.55,1,0.0,0.8974345238726962,0,3,485,1,0.359,0.999,753,EDFSMode.RANDOM
125,0.55,0,0.0,1.0,1,1,213,1,0.609,0.001,1000,EDFSMode.RANDOM
126,0.57,7,0.6666666666666654,0.6923035716180886,0,7,5000,66,0.29,0.529,100,EDFSMode.RANDOM
127,0.56,1,0.3333333333333346,0.8974345238726962,0,2,5000,1,0.001,0.999,384,EDFSMode.RANDOM
128,0.57,4,0.6666666666666654,0.7618503394145143,0,4,4584,26,0.264,0.369,100,EDFSMode.RANDOM
129,0.56,11,0.3333333333333346,0.6323066142150049,0,12,4861,100,0.562,0.001,415,EDFSMode.RANDOM
130,0.57,12,0.6666666666666654,0.620462638428473,0,12,4249,58,0.96,0.447,139,EDFSMode.RANDOM
131,0.55,2,0.0,0.8374375664696125,0,4,662,41,0.568,0.001,689,EDFSMode.RANDOM
132,0.55,2,0.0,0.8374375664696125,0,4,4577,1,0.398,0.615,794,EDFSMode.RANDOM
133,0.55,1,0.0,0.8974345238726962,0,3,4597,45,0.001,0.999,879,EDFSMode.RANDOM
134,0.57,6,0.6666666666666654,0.712062305760832,0,6,5000,45,0.382,0.757,100,EDFSMode.RANDOM
135,0.55,2,0.0,0.8374375664696125,0,4,4885,1,0.396,0.253,853,EDFSMode.RANDOM
136,0.57,2,0.6666666666666654,0.8374375664696125,0,2,4665,1,0.677,0.608,134,EDFSMode.RANDOM
137,0.55,0,0.0,1.0,1,1,4025,1,0.411,0.676,1000,EDFSMode.RANDOM
138,0.56,1,0.3333333333333346,0.8974345238726962,0,2,5000,1,0.001,0.711,414,EDFSMode.RANDOM
139,0.55,0,0.0,1.0,1,1,2256,1,0.394,0.999,1000,EDFSMode.RANDOM
140,0.55,46,0.0,0.4302909497362696,0,42,337,30,0.652,0.001,909,EDFSMode.RANDOM
141,0.55,1,0.0,0.8974345238726962,0,3,5000,10,0.001,0.999,730,EDFSMode.RANDOM
142,0.57,2,0.6666666666666654,0.8374375664696125,0,2,4814,1,0.286,0.3,159,EDFSMode.RANDOM
143,0.55,1,0.0,0.8974345238726962,0,3,2496,49,0.131,0.999,1000,EDFSMode.RANDOM
144,0.55,2,0.0,0.8374375664696125,0,4,4705,100,0.162,0.722,728,EDFSMode.RANDOM
145,0.56,1,0.3333333333333346,0.8974345238726962,0,2,5000,100,0.001,0.999,376,EDFSMode.RANDOM
146,0.56,3,0.3333333333333346,0.7948690477453925,0,4,4403,100,0.269,0.607,413,EDFSMode.RANDOM
147,0.55,1,0.0,0.8974345238726962,0,3,2415,69,0.001,0.183,369,EDFSMode.RANDOM
148,0.56,2,0.3333333333333346,0.8374375664696125,0,3,4400,71,0.001,0.001,188,EDFSMode.RANDOM
149,0.56,7,0.3333333333333346,0.6923035716180886,0,8,4494,100,0.999,0.843,374,EDFSMode.RANDOM
150,0.55,79,0.0,0.35158843490529923,0,60,641,100,0.39,0.001,898,EDFSMode.RANDOM
151,0.56,14,0.3333333333333346,0.5992879058841268,0,15,4179,100,0.254,0.001,210,EDFSMode.RANDOM
152,0.55,1,0.0,0.8974345238726962,0,3,5000,1,0.999,0.999,443,EDFSMode.RANDOM
153,0.55,0,0.0,1.0,1,1,2171,1,0.001,0.001,1000,EDFSMode.RANDOM
154,0.57,2,0.6666666666666654,0.8374375664696125,0,2,4359,1,0.001,0.862,162,EDFSMode.RANDOM
155,0.56,2,0.3333333333333346,0.8374375664696125,0,3,5000,1,0.999,0.001,398,EDFSMode.RANDOM
156,0.57,3,0.6666666666666654,0.7948690477453925,0,3,5000,1,0.999,0.188,100,EDFSMode.RANDOM
157,0.55,1,0.0,0.8974345238726962,0,3,4975,70,0.001,0.181,454,EDFSMode.RANDOM
158,0.55,1,0.0,0.8974345238726962,0,3,396,77,0.001,0.001,724,EDFSMode.RANDOM
159,0.57,3,0.6666666666666654,0.7948690477453925,0,3,5000,1,0.001,0.521,100,EDFSMode.RANDOM
160,0.56,1,0.3333333333333346,0.8974345238726962,0,2,3476,100,0.001,0.192,359,EDFSMode.RANDOM
161,0.55,1,0.0,0.8974345238726962,0,3,4956,1,0.999,0.999,517,EDFSMode.RANDOM
162,0.57,14,0.6666666666666654,0.5992879058841268,0,14,5000,100,0.657,0.419,100,EDFSMode.RANDOM
163,0.56,1,0.3333333333333346,0.8974345238726962,0,2,4364,37,0.001,0.81,392,EDFSMode.RANDOM
164,0.56,12,0.3333333333333346,0.620462638428473,0,13,4624,61,0.999,0.999,399,EDFSMode.RANDOM
165,0.55,1,0.0,0.8974345238726962,0,3,5000,100,0.001,0.132,720,EDFSMode.RANDOM
166,0.56,1,0.3333333333333346,0.8974345238726962,0,2,4900,67,0.001,0.199,384,EDFSMode.RANDOM
167,0.57,3,0.6666666666666654,0.7948690477453925,0,3,5000,1,0.274,0.837,100,EDFSMode.RANDOM
168,0.55,1,0.0,0.8974345238726962,0,3,1767,1,0.7,0.999,444,EDFSMode.RANDOM
169,0.55,61,0.0,0.3893050204697347,0,53,4657,100,0.451,0.001,827,EDFSMode.RANDOM
170,0.55,334,0.0,0.13967901336452204,0,131,2844,100,0.999,0.001,734,EDFSMode.RANDOM
171,0.57,4,0.6666666666666654,0.7618503394145143,0,4,5000,100,0.178,0.001,161,EDFSMode.RANDOM
172,0.55,3,0.0,0.7948690477453925,0,5,1909,100,0.394,0.001,1000,EDFSMode.RANDOM
173,0.55,1,0.0,0.8974345238726962,0,3,4851,64,0.001,0.235,1000,EDFSMode.RANDOM
174,0.55,1,0.0,0.8974345238726962,0,3,4009,1,0.001,0.001,716,EDFSMode.RANDOM
175,0.57,2,0.6666666666666654,0.8374375664696125,0,2,4721,100,0.001,0.138,143,EDFSMode.RANDOM
176,0.55,1,0.0,0.8974345238726962,0,3,2943,66,0.001,0.042,696,EDFSMode.RANDOM
177,0.55,2,0.0,0.8374375664696125,0,4,5000,84,0.359,0.121,532,EDFSMode.RANDOM
178,0.55,4,0.0,0.7618503394145143,0,6,5000,76,0.423,0.145,443,EDFSMode.RANDOM
179,0.56,2,0.3333333333333346,0.8374375664696125,0,3,4424,100,0.001,0.942,204,EDFSMode.RANDOM
180,0.56,2,0.3333333333333346,0.8374375664696125,0,3,5000,1,0.598,0.167,193,EDFSMode.RANDOM
181,0.55,2,0.0,0.8374375664696125,0,4,4776,90,0.325,0.115,580,EDFSMode.RANDOM
182,0.56,9,0.3333333333333346,0.6592848632872105,0,10,2445,100,0.856,0.479,186,EDFSMode.RANDOM
183,0.56,1,0.3333333333333346,0.8974345238726962,0,2,5000,1,0.656,0.301,271,EDFSMode.RANDOM
184,0.55,2,0.0,0.8374375664696125,0,4,5000,71,0.41,0.152,573,EDFSMode.RANDOM
185,0.55,3,0.0,0.7948690477453925,0,5,5000,81,0.383,0.131,488,EDFSMode.RANDOM
186,0.56,2,0.3333333333333346,0.8374375664696125,0,3,5000,1,0.31,0.999,236,EDFSMode.RANDOM
187,0.56,3,0.3333333333333346,0.7948690477453925,0,4,5000,28,0.568,0.245,208,EDFSMode.RANDOM
188,0.55,3,0.0,0.7948690477453925,0,5,5000,100,0.332,0.223,574,EDFSMode.RANDOM
189,0.56,4,0.3333333333333346,0.7618503394145143,0,5,5000,100,0.194,0.999,233,EDFSMode.RANDOM
190,0.55,2,0.0,0.8374375664696125,0,4,5000,100,0.238,0.001,589,EDFSMode.RANDOM
191,0.57,4,0.6666666666666654,0.7618503394145143,0,4,5000,1,0.357,0.001,100,EDFSMode.RANDOM
192,0.56,3,0.3333333333333346,0.7948690477453925,0,4,5000,64,0.555,0.196,391,EDFSMode.RANDOM
193,0.57,2,0.6666666666666654,0.8374375664696125,0,2,5000,23,0.224,0.584,170,EDFSMode.RANDOM
194,0.55,5,0.0,0.7348720903423087,0,7,3789,79,0.31,0.001,590,EDFSMode.RANDOM
195,0.56,4,0.3333333333333346,0.7618503394145143,0,5,4723,62,0.355,0.999,206,EDFSMode.RANDOM
196,0.57,7,0.6666666666666654,0.6923035716180886,0,7,5000,1,0.699,0.001,100,EDFSMode.RANDOM
197,0.56,3,0.3333333333333346,0.7948690477453925,0,4,4631,27,0.722,0.195,308,EDFSMode.RANDOM
198,0.55,3,0.0,0.7948690477453925,0,5,4767,73,0.497,0.262,510,EDFSMode.RANDOM
199,0.56,12,0.3333333333333346,0.620462638428473,0,13,3574,100,0.999,0.485,247,EDFSMode.RANDOM
200,0.57,9,0.6666666666666654,0.6592848632872105,0,9,2888,100,0.32,0.808,100,EDFSMode.RANDOM
201,0.57,3,0.6666666666666654,0.7948690477453925,0,3,5000,1,0.675,0.825,100,EDFSMode.RANDOM
202,0.57,8,0.6666666666666654,0.6748751329392251,0,8,5000,100,0.311,0.805,100,EDFSMode.RANDOM
203,0.56,2,0.3333333333333346,0.8374375664696125,0,3,5000,1,0.27,0.629,225,EDFSMode.RANDOM
204,0.57,2,0.6666666666666654,0.8374375664696125,0,2,5000,1,0.582,0.131,149,EDFSMode.RANDOM
205,0.55,3,0.0,0.7948690477453925,0,5,4992,100,0.32,0.167,506,EDFSMode.RANDOM
206,0.56,11,0.3333333333333346,0.6323066142150049,0,12,4272,100,0.895,0.476,195,EDFSMode.RANDOM
207,0.56,2,0.3333333333333346,0.8374375664696125,0,3,4650,100,0.094,0.001,298,EDFSMode.RANDOM
208,0.57,4,0.6666666666666654,0.7618503394145143,0,4,3431,100,0.131,0.411,130,EDFSMode.RANDOM
209,0.55,2,0.0,0.8374375664696125,0,4,4465,29,0.174,0.081,473,EDFSMode.RANDOM
210,0.55,4,0.0,0.7618503394145143,0,6,3111,100,0.577,0.001,1000,EDFSMode.RANDOM
211,0.57,3,0.6666666666666654,0.7948690477453925,0,3,5000,1,0.509,0.595,100,EDFSMode.RANDOM
212,0.56,2,0.3333333333333346,0.8374375664696125,0,3,3228,1,0.15,0.001,185,EDFSMode.RANDOM
213,0.55,1,0.0,0.8974345238726962,0,3,4111,17,0.78,0.262,516,EDFSMode.RANDOM
214,0.56,1,0.3333333333333346,0.8974345238726962,0,2,4922,1,0.164,0.001,339,EDFSMode.RANDOM
215,0.55,4,0.0,0.7618503394145143,0,6,1,100,0.577,0.001,1000,EDFSMode.RANDOM
216,0.57,5,0.6666666666666654,0.7348720903423087,0,5,4786,100,0.124,0.278,100,EDFSMode.RANDOM
217,0.56,3,0.3333333333333346,0.7948690477453925,0,4,4353,100,0.126,0.506,215,EDFSMode.RANDOM
218,0.55,0,0.0,1.0,1,1,5000,1,0.369,0.001,1000,EDFSMode.RANDOM
219,0.56,1,0.3333333333333346,0.8974345238726962,0,2,4793,1,0.199,0.344,389,EDFSMode.RANDOM
220,0.57,10,0.6666666666666654,0.6451817489046163,0,10,5000,100,0.471,0.562,100,EDFSMode.RANDOM
221,0.56,2,0.3333333333333346,0.8374375664696125,0,3,4082,14,0.807,0.314,428,EDFSMode.RANDOM
222,0.56,5,0.3333333333333346,0.7348720903423087,0,6,4526,100,0.637,0.999,355,EDFSMode.RANDOM
223,0.57,5,0.6666666666666654,0.7348720903423087,0,5,4876,100,0.139,0.551,100,EDFSMode.RANDOM
224,0.57,6,0.6666666666666654,0.712062305760832,0,6,4962,40,0.49,0.462,100,EDFSMode.RANDOM
225,0.55,1,0.0,0.8974345238726962,0,3,3660,1,0.196,0.001,551,EDFSMode.RANDOM
226,0.55,1,0.0,0.8974345238726962,0,3,5000,1,0.214,0.244,600,EDFSMode.RANDOM
227,0.56,2,0.3333333333333346,0.8374375664696125,0,3,4559,100,0.103,0.001,408,EDFSMode.RANDOM
228,0.57,3,0.6666666666666654,0.7948690477453925,0,3,5000,100,0.121,0.701,172,EDFSMode.RANDOM
229,0.56,1,0.3333333333333346,0.8974345238726962,0,2,4617,1,0.722,0.641,285,EDFSMode.RANDOM
230,0.58,3,1.0,0.7948690477453925,0,2,5000,1,0.137,0.001,100,EDFSMode.RANDOM
231,0.55,1,0.0,0.8974345238726962,0,3,4687,1,0.751,0.371,568,EDFSMode.RANDOM
232,0.56,2,0.3333333333333346,0.8374375664696125,0,3,4590,1,0.166,0.058,248,EDFSMode.RANDOM
233,0.55,1,0.0,0.8974345238726962,0,3,3045,1,0.255,0.455,478,EDFSMode.RANDOM
234,0.55,1,0.0,0.8974345238726962,0,3,5000,1,0.173,0.001,426,EDFSMode.RANDOM
235,0.57,6,0.6666666666666654,0.712062305760832,0,6,4738,35,0.548,0.594,100,EDFSMode.RANDOM
236,0.56,3,0.3333333333333346,0.7948690477453925,0,4,4863,25,0.702,0.629,333,EDFSMode.RANDOM
237,0.56,8,0.3333333333333346,0.6748751329392251,0,9,3725,100,0.999,0.477,407,EDFSMode.RANDOM
238,0.55,1,0.0,0.8974345238726962,0,3,3721,29,0.001,0.744,554,EDFSMode.RANDOM
239,0.56,2,0.3333333333333346,0.8374375664696125,0,3,4556,1,0.001,0.999,236,EDFSMode.RANDOM
240,0.55,2,0.0,0.8374375664696125,0,4,4792,51,0.001,0.999,445,EDFSMode.RANDOM
241,0.55,3,0.0,0.7948690477453925,0,5,1833,1,0.583,0.168,664,EDFSMode.RANDOM
242,0.56,6,0.3333333333333346,0.712062305760832,0,7,4401,62,0.575,0.4,189,EDFSMode.RANDOM
243,0.57,3,0.6666666666666654,0.7948690477453925,0,3,4778,1,0.999,0.245,163,EDFSMode.RANDOM
244,0.56,2,0.3333333333333346,0.8374375664696125,0,3,5000,28,0.143,0.275,270,EDFSMode.RANDOM
245,0.55,0,0.0,1.0,1,1,1555,1,0.999,0.114,1000,EDFSMode.RANDOM
246,0.56,2,0.3333333333333346,0.8374375664696125,0,3,5000,22,0.001,0.206,181,EDFSMode.RANDOM
247,0.55,2,0.0,0.8374375664696125,0,4,4485,100,0.001,0.618,493,EDFSMode.RANDOM
248,0.56,6,0.3333333333333346,0.712062305760832,0,7,3569,100,0.856,0.332,373,EDFSMode.RANDOM
249,0.55,1,0.0,0.8974345238726962,0,3,1592,51,0.001,0.661,674,EDFSMode.RANDOM
250,0.56,1,0.3333333333333346,0.8974345238726962,0,2,4810,1,0.999,0.716,347,EDFSMode.RANDOM
251,0.55,3,0.0,0.7948690477453925,0,5,4618,100,0.554,0.999,562,EDFSMode.RANDOM
252,0.56,1,0.3333333333333346,0.8974345238726962,0,2,3799,1,0.001,0.85,294,EDFSMode.RANDOM
253,0.55,0,0.0,1.0,1,1,2153,1,0.001,0.999,544,EDFSMode.RANDOM
254,0.56,1,0.3333333333333346,0.8974345238726962,0,2,4092,35,0.001,0.479,366,EDFSMode.RANDOM
255,0.56,18,0.3333333333333346,0.5643092920293851,0,18,3646,53,0.811,0.836,394,EDFSMode.RANDOM
256,0.55,0,0.0,1.0,1,1,1,1,0.001,0.695,1000,EDFSMode.RANDOM
257,0.56,4,0.3333333333333346,0.7618503394145143,0,5,5000,38,0.684,0.999,244,EDFSMode.RANDOM
258,0.57,3,0.6666666666666654,0.7948690477453925,0,3,5000,100,0.001,0.531,172,EDFSMode.RANDOM
259,0.55,0,0.0,1.0,1,1,1,20,0.001,0.576,717,EDFSMode.RANDOM
260,0.56,2,0.3333333333333346,0.8374375664696125,0,3,5000,64,0.001,0.001,329,EDFSMode.RANDOM
261,0.55,0,0.0,1.0,1,1,4734,1,0.999,0.001,1000,EDFSMode.RANDOM
262,0.56,6,0.3333333333333346,0.712062305760832,0,7,5000,69,0.999,0.333,412,EDFSMode.RANDOM
263,0.56,3,0.3333333333333346,0.7948690477453925,0,4,4754,1,0.001,0.155,151,EDFSMode.RANDOM
264,0.56,2,0.3333333333333346,0.8374375664696125,0,3,5000,71,0.181,0.669,290,EDFSMode.RANDOM
265,0.55,1,0.0,0.8974345238726962,0,3,2737,1,0.001,0.644,638,EDFSMode.RANDOM
266,0.55,1,0.0,0.8974345238726962,0,3,587,51,0.001,0.001,1000,EDFSMode.RANDOM
267,0.58,16,1.0,0.580767427534497,0,6,5000,100,0.999,0.36,122,EDFSMode.RANDOM
268,0.57,11,0.6666666666666654,0.6323066142150049,0,11,5000,100,0.289,0.001,118,EDFSMode.RANDOM
269,0.55,4,0.0,0.7618503394145143,0,6,1136,100,0.001,0.497,798,EDFSMode.RANDOM
270,0.56,3,0.3333333333333346,0.7948690477453925,0,4,3684,70,0.26,0.999,401,EDFSMode.RANDOM
271,0.56,2,0.3333333333333346,0.8374375664696125,0,3,4937,36,0.301,0.7,403,EDFSMode.RANDOM
272,0.56,1,0.3333333333333346,0.8974345238726962,0,2,3209,1,0.999,0.219,410,EDFSMode.RANDOM
273,0.57,7,0.6666666666666654,0.6923035716180886,0,7,5000,1,0.999,0.001,118,EDFSMode.RANDOM
274,0.56,1,0.3333333333333346,0.8974345238726962,0,2,3591,1,0.757,0.524,399,EDFSMode.RANDOM
275,0.55,1,0.0,0.8974345238726962,0,3,853,39,0.001,0.28,764,EDFSMode.RANDOM
276,0.55,13,0.0,0.6094968296335282,0,15,4893,100,0.251,0.999,891,EDFSMode.RANDOM
277,0.55,1,0.0,0.8974345238726962,0,3,435,1,0.652,0.999,644,EDFSMode.RANDOM
278,0.55,1,0.0,0.8974345238726962,0,3,868,100,0.001,0.999,776,EDFSMode.RANDOM
279,0.58,3,1.0,0.7948690477453925,0,2,5000,1,0.846,0.209,120,EDFSMode.RANDOM
280,0.57,2,0.6666666666666654,0.8374375664696125,0,2,2984,14,0.496,0.426,156,EDFSMode.RANDOM
281,0.55,18,0.0,0.5643092920293851,0,20,472,45,0.304,0.999,825,EDFSMode.RANDOM
282,0.55,1,0.0,0.8974345238726962,0,3,2336,1,0.001,0.258,840,EDFSMode.RANDOM
283,0.55,1,0.0,0.8974345238726962,0,3,4166,1,0.171,0.853,882,EDFSMode.RANDOM
284,0.56,2,0.3333333333333346,0.8374375664696125,0,3,3843,29,0.205,0.999,386,EDFSMode.RANDOM
285,0.56,4,0.3333333333333346,0.7618503394145143,0,5,4640,100,0.278,0.999,399,EDFSMode.RANDOM
286,0.56,7,0.3333333333333346,0.6923035716180886,0,8,3549,23,0.999,0.219,397,EDFSMode.RANDOM
287,0.55,1,0.0,0.8974345238726962,0,3,3242,55,0.001,0.801,1000,EDFSMode.RANDOM
288,0.56,31,0.3333333333333346,0.4871726193634811,0,20,4723,66,0.801,0.359,389,EDFSMode.RANDOM
289,0.55,1,0.0,0.8974345238726962,0,3,4884,100,0.001,0.999,667,EDFSMode.RANDOM
290,0.55,68,0.0,0.3734762806552673,0,56,2543,65,0.395,0.999,737,EDFSMode.RANDOM
291,0.55,2,0.0,0.8374375664696125,0,4,678,1,0.307,0.717,641,EDFSMode.RANDOM
292,0.55,25,0.0,0.5178971623011692,0,26,2337,100,0.266,0.999,833,EDFSMode.RANDOM
293,0.55,1,0.0,0.8974345238726962,0,3,4955,1,0.664,0.999,663,EDFSMode.RANDOM
294,0.56,6,0.3333333333333346,0.712062305760832,0,7,3444,63,0.999,0.999,259,EDFSMode.RANDOM
295,0.55,2,0.0,0.8374375664696125,0,4,2022,20,0.999,0.913,143,EDFSMode.RANDOM
296,0.55,1,0.0,0.8974345238726962,0,3,188,100,0.001,0.393,958,EDFSMode.RANDOM
297,0.57,7,0.6666666666666654,0.6923035716180886,0,7,3264,60,0.72,0.825,143,EDFSMode.RANDOM
298,0.56,9,0.3333333333333346,0.6592848632872105,0,10,3333,100,0.999,0.323,267,EDFSMode.RANDOM
299,0.56,7,0.3333333333333346,0.6923035716180886,0,8,4799,100,0.682,0.244,266,EDFSMode.RANDOM
300,0.56,80,0.3333333333333346,0.34975026587845015,0,23,4734,100,0.999,0.245,384,EDFSMode.RANDOM
301,0.58,7,1.0,0.6923035716180886,0,5,5000,38,0.808,0.81,122,EDFSMode.RANDOM
302,0.57,2,0.6666666666666654,0.8374375664696125,0,2,4386,33,0.001,0.907,144,EDFSMode.RANDOM
303,0.57,9,0.6666666666666654,0.6592848632872105,0,9,4292,100,0.692,0.326,173,EDFSMode.RANDOM
304,0.57,2,0.6666666666666654,0.8374375664696125,0,2,3795,1,0.999,0.609,141,EDFSMode.RANDOM
305,0.57,7,0.6666666666666654,0.6923035716180886,0,7,3962,68,0.628,0.819,144,EDFSMode.RANDOM
306,0.58,3,1.0,0.7948690477453925,0,2,5000,68,0.001,0.22,124,EDFSMode.RANDOM
307,0.57,3,0.6666666666666654,0.7948690477453925,0,3,4920,23,0.001,0.001,137,EDFSMode.RANDOM
308,0.57,2,0.6666666666666654,0.8374375664696125,0,2,5000,1,0.999,0.999,163,EDFSMode.RANDOM
309,0.57,3,0.6666666666666654,0.7948690477453925,0,3,4727,72,0.001,0.842,134,EDFSMode.RANDOM
310,0.58,5,1.0,0.7348720903423087,0,4,5000,22,0.999,0.327,121,EDFSMode.RANDOM
311,0.58,7,1.0,0.6923035716180886,0,5,5000,24,0.999,0.767,123,EDFSMode.RANDOM
312,0.56,9,0.3333333333333346,0.6592848632872105,0,10,4481,100,0.694,0.316,188,EDFSMode.RANDOM
313,0.57,7,0.6666666666666654,0.6923035716180886,0,7,4226,45,0.784,0.785,159,EDFSMode.RANDOM
314,0.57,3,0.6666666666666654,0.7948690477453925,0,3,4459,21,0.001,0.144,100,EDFSMode.RANDOM
315,0.57,2,0.6666666666666654,0.8374375664696125,0,2,3974,29,0.001,0.001,158,EDFSMode.RANDOM
316,0.56,7,0.3333333333333346,0.6923035716180886,0,8,5000,7,0.999,0.547,386,EDFSMode.RANDOM
317,0.57,8,0.6666666666666654,0.6748751329392251,0,8,5000,69,0.646,0.826,127,EDFSMode.RANDOM
318,0.56,1,0.3333333333333346,0.8974345238726962,0,2,4797,1,0.613,0.247,385,EDFSMode.RANDOM
319,0.58,2,1.0,0.8374375664696125,1,1,4996,39,0.001,0.999,155,EDFSMode.RANDOM
320,0.57,9,0.6666666666666654,0.6592848632872105,0,9,4190,100,0.597,0.852,148,EDFSMode.RANDOM
321,0.57,2,0.6666666666666654,0.8374375664696125,0,2,4744,1,0.201,0.436,112,EDFSMode.RANDOM
322,0.57,2,0.6666666666666654,0.8374375664696125,0,2,5000,71,0.001,0.999,164,EDFSMode.RANDOM
323,0.57,4,0.6666666666666654,0.7618503394145143,0,4,4327,21,0.999,0.656,163,EDFSMode.RANDOM
324,0.57,5,0.6666666666666654,0.7348720903423087,0,5,5000,13,0.852,0.69,118,EDFSMode.RANDOM
325,0.57,6,0.6666666666666654,0.712062305760832,0,6,5000,58,0.591,0.791,168,EDFSMode.RANDOM
326,0.57,10,0.6666666666666654,0.6451817489046163,0,10,3598,100,0.686,0.338,155,EDFSMode.RANDOM
327,0.55,2,0.0,0.8374375664696125,0,4,1467,48,0.605,0.029,546,EDFSMode.RANDOM
328,0.56,3,0.3333333333333346,0.7948690477453925,0,4,1984,39,0.619,0.068,427,EDFSMode.RANDOM
329,0.56,3,0.3333333333333346,0.7948690477453925,0,4,4963,36,0.34,0.434,285,EDFSMode.RANDOM
330,0.56,10,0.3333333333333346,0.6451817489046163,0,11,3536,100,0.999,0.999,402,EDFSMode.RANDOM
331,0.56,2,0.3333333333333346,0.8374375664696125,0,3,4417,34,0.623,0.083,404,EDFSMode.RANDOM
332,0.57,5,0.6666666666666654,0.7348720903423087,0,5,4702,64,0.231,0.269,140,EDFSMode.RANDOM
333,0.55,1,0.0,0.8974345238726962,0,3,375,100,0.001,0.001,578,EDFSMode.RANDOM
334,0.56,3,0.3333333333333346,0.7948690477453925,0,4,4757,51,0.575,0.001,429,EDFSMode.RANDOM
335,0.56,1,0.3333333333333346,0.8974345238726962,0,2,3077,100,0.001,0.001,426,EDFSMode.RANDOM
336,0.57,4,0.6666666666666654,0.7618503394145143,0,4,4947,48,0.336,0.348,166,EDFSMode.RANDOM
337,0.58,4,1.0,0.7618503394145143,0,3,4814,20,0.655,0.999,119,EDFSMode.RANDOM
338,0.55,2,0.0,0.8374375664696125,0,4,2509,41,0.622,0.047,452,EDFSMode.RANDOM
339,0.56,1,0.3333333333333346,0.8974345238726962,0,2,4715,1,0.688,0.804,398,EDFSMode.RANDOM
340,0.55,4,0.0,0.7618503394145143,0,6,4482,51,0.594,0.001,560,EDFSMode.RANDOM
341,0.55,3,0.0,0.7948690477453925,0,5,3337,1,0.999,0.999,934,EDFSMode.RANDOM
342,0.55,2,0.0,0.8374375664696125,0,4,1005,100,0.26,0.459,1000,EDFSMode.RANDOM
343,0.58,16,1.0,0.580767427534497,0,6,5000,100,0.98,0.429,125,EDFSMode.RANDOM
344,0.58,5,1.0,0.7348720903423087,0,4,4672,100,0.128,0.13,123,EDFSMode.RANDOM
345,0.55,0,0.0,1.0,1,1,447,1,0.999,0.999,1000,EDFSMode.RANDOM
346,0.55,2,0.0,0.8374375664696125,0,4,900,100,0.173,0.833,1000,EDFSMode.RANDOM
347,0.57,2,0.6666666666666654,0.8374375664696125,0,2,4679,21,0.001,0.597,131,EDFSMode.RANDOM
348,0.56,1,0.3333333333333346,0.8974345238726962,0,2,4856,1,0.001,0.46,398,EDFSMode.RANDOM
349,0.57,3,0.6666666666666654,0.7948690477453925,0,3,4885,57,0.142,0.879,150,EDFSMode.RANDOM
350,0.56,5,0.3333333333333346,0.7348720903423087,0,6,4235,100,0.69,0.832,403,EDFSMode.RANDOM
351,0.55,3,0.0,0.7948690477453925,0,5,4142,100,0.277,0.478,955,EDFSMode.RANDOM
352,0.55,1,0.0,0.8974345238726962,0,3,260,1,0.648,0.783,578,EDFSMode.RANDOM
353,0.58,4,1.0,0.7618503394145143,0,3,4346,36,0.166,0.001,126,EDFSMode.RANDOM
354,0.55,2,0.0,0.8374375664696125,0,4,4475,100,0.289,0.76,1000,EDFSMode.RANDOM
355,0.55,1,0.0,0.8974345238726962,0,3,866,31,0.338,0.378,1000,EDFSMode.RANDOM
356,0.57,3,0.6666666666666654,0.7948690477453925,0,3,4851,18,0.272,0.129,132,EDFSMode.RANDOM
357,0.56,1,0.3333333333333346,0.8974345238726962,0,2,3808,73,0.001,0.64,400,EDFSMode.RANDOM
358,0.55,0,0.0,1.0,1,1,4499,1,0.514,0.3,1000,EDFSMode.RANDOM
359,0.55,2,0.0,0.8374375664696125,0,4,910,1,0.716,0.999,956,EDFSMode.RANDOM
360,0.55,1,0.0,0.8974345238726962,0,3,2712,1,0.832,0.149,426,EDFSMode.RANDOM
361,0.56,1,0.3333333333333346,0.8974345238726962,0,2,4235,1,0.434,0.999,396,EDFSMode.RANDOM
362,0.55,6,0.0,0.712062305760832,0,8,4525,23,0.223,0.897,933,EDFSMode.RANDOM
363,0.55,0,0.0,1.0,1,1,1806,1,0.718,0.83,1000,EDFSMode.RANDOM
364,0.55,1,0.0,0.8974345238726962,0,3,2377,74,0.001,0.87,420,EDFSMode.RANDOM
365,0.55,0,0.0,1.0,1,1,134,24,0.171,0.889,647,EDFSMode.RANDOM
366,0.58,4,1.0,0.7618503394145143,0,3,5000,81,0.001,0.44,125,EDFSMode.RANDOM
367,0.56,3,0.3333333333333346,0.7948690477453925,0,4,4743,22,0.508,0.784,398,EDFSMode.RANDOM
368,0.55,4,0.0,0.7618503394145143,0,6,501,100,0.55,0.221,414,EDFSMode.RANDOM
369,0.55,0,0.0,1.0,1,1,4689,1,0.828,0.69,995,EDFSMode.RANDOM
370,0.56,1,0.3333333333333346,0.8974345238726962,0,2,3619,28,0.001,0.257,411,EDFSMode.RANDOM
371,0.55,0,0.0,1.0,1,1,3988,1,0.627,0.458,1000,EDFSMode.RANDOM
372,0.56,3,0.3333333333333346,0.7948690477453925,0,4,4936,74,0.304,0.735,425,EDFSMode.RANDOM
373,0.55,3,0.0,0.7948690477453925,0,5,84,100,0.445,0.735,556,EDFSMode.RANDOM
374,0.55,3,0.0,0.7948690477453925,0,5,4671,1,0.668,0.999,912,EDFSMode.RANDOM
375,0.56,1,0.3333333333333346,0.8974345238726962,0,2,4516,84,0.001,0.379,395,EDFSMode.RANDOM
376,0.55,1,0.0,0.8974345238726962,0,3,3873,32,0.115,0.858,763,EDFSMode.RANDOM
377,0.58,3,1.0,0.7948690477453925,0,2,4819,82,0.001,0.675,154,EDFSMode.RANDOM
378,0.57,2,0.6666666666666654,0.8374375664696125,0,2,4458,25,0.236,0.927,156,EDFSMode.RANDOM
379,0.55,1,0.0,0.8974345238726962,0,3,304,50,0.001,0.515,982,EDFSMode.RANDOM
380,0.56,2,0.3333333333333346,0.8374375664696125,0,3,3478,69,0.163,0.37,380,EDFSMode.RANDOM
381,0.55,1,0.0,0.8974345238726962,0,3,460,32,0.239,0.545,634,EDFSMode.RANDOM
382,0.55,0,0.0,1.0,1,1,806,1,0.512,0.21,1000,EDFSMode.RANDOM
383,0.57,2,0.6666666666666654,0.8374375664696125,0,2,4177,1,0.139,0.745,144,EDFSMode.RANDOM
384,0.55,0,0.0,1.0,1,1,431,1,0.73,0.999,1000,EDFSMode.RANDOM
385,0.57,2,0.6666666666666654,0.8374375664696125,0,2,4930,1,0.448,0.788,131,EDFSMode.RANDOM
386,0.56,2,0.3333333333333346,0.8374375664696125,0,3,3834,1,0.455,0.001,264,EDFSMode.RANDOM
387,0.55,1,0.0,0.8974345238726962,0,3,4364,1,0.921,0.001,532,EDFSMode.RANDOM
388,0.56,3,0.3333333333333346,0.7948690477453925,0,4,3435,41,0.436,0.643,234,EDFSMode.RANDOM
389,0.56,1,0.3333333333333346,0.8974345238726962,0,2,4831,1,0.001,0.64,240,EDFSMode.RANDOM
390,0.55,1,0.0,0.8974345238726962,0,3,3275,100,0.001,0.853,542,EDFSMode.RANDOM
391,0.56,2,0.3333333333333346,0.8374375664696125,0,3,4729,27,0.216,0.001,259,EDFSMode.RANDOM
392,0.56,2,0.3333333333333346,0.8374375664696125,0,3,4890,26,0.369,0.182,295,EDFSMode.RANDOM
393,0.56,3,0.3333333333333346,0.7948690477453925,0,4,4776,18,0.568,0.561,200,EDFSMode.RANDOM
394,0.55,15,0.0,0.5897380954907849,0,17,4958,17,0.854,0.001,485,EDFSMode.RANDOM
395,0.55,4,0.0,0.7618503394145143,0,6,4045,100,0.507,0.424,550,EDFSMode.RANDOM
396,0.55,1,0.0,0.8974345238726962,0,3,4247,1,0.572,0.38,459,EDFSMode.RANDOM
397,0.55,1,0.0,0.8974345238726962,0,3,2219,1,0.566,0.999,248,EDFSMode.RANDOM
398,0.55,2,0.0,0.8374375664696125,0,4,2012,65,0.555,0.152,623,EDFSMode.RANDOM
399,0.55,5,0.0,0.7348720903423087,0,7,3158,100,0.697,0.999,469,EDFSMode.RANDOM
400,0.56,2,0.3333333333333346,0.8374375664696125,0,3,4569,26,0.001,0.727,212,EDFSMode.RANDOM
401,0.56,2,0.3333333333333346,0.8374375664696125,0,3,4412,27,0.256,0.845,270,EDFSMode.RANDOM
402,0.56,2,0.3333333333333346,0.8374375664696125,0,3,4733,100,0.001,0.001,214,EDFSMode.RANDOM
403,0.55,1,0.0,0.8974345238726962,0,3,3161,74,0.001,0.857,613,EDFSMode.RANDOM
404,0.55,4,0.0,0.7618503394145143,0,6,4539,100,0.522,0.999,458,EDFSMode.RANDOM
405,0.56,1,0.3333333333333346,0.8974345238726962,0,2,4748,1,0.518,0.403,319,EDFSMode.RANDOM
406,0.56,2,0.3333333333333346,0.8374375664696125,0,3,3623,100,0.001,0.302,221,EDFSMode.RANDOM
407,0.56,1,0.3333333333333346,0.8974345238726962,0,2,4778,21,0.432,0.312,351,EDFSMode.RANDOM
408,0.56,3,0.3333333333333346,0.7948690477453925,0,4,4566,19,0.933,0.999,318,EDFSMode.RANDOM
409,0.55,5,0.0,0.7348720903423087,0,7,4127,100,0.89,0.999,536,EDFSMode.RANDOM
410,0.56,4,0.3333333333333346,0.7618503394145143,0,5,4935,64,0.403,0.641,221,EDFSMode.RANDOM
411,0.56,7,0.3333333333333346,0.6923035716180886,0,8,4453,76,0.999,0.384,261,EDFSMode.RANDOM
412,0.55,1,0.0,0.8974345238726962,0,3,3592,1,0.001,0.396,549,EDFSMode.RANDOM
413,0.56,2,0.3333333333333346,0.8374375664696125,0,3,4709,13,0.001,0.416,176,EDFSMode.RANDOM
414,0.56,4,0.3333333333333346,0.7618503394145143,0,5,4992,37,0.382,0.801,200,EDFSMode.RANDOM
415,0.57,4,0.6666666666666654,0.7618503394145143,0,4,5000,18,0.154,0.712,100,EDFSMode.RANDOM
416,0.55,2,0.0,0.8374375664696125,0,4,1649,76,0.164,0.598,1000,EDFSMode.RANDOM
417,0.55,1,0.0,0.8974345238726962,0,3,3356,85,0.001,0.294,668,EDFSMode.RANDOM
418,0.55,1,0.0,0.8974345238726962,0,3,4744,1,0.001,0.504,897,EDFSMode.RANDOM
419,0.55,3,0.0,0.7948690477453925,0,5,4885,79,0.565,0.001,1000,EDFSMode.RANDOM
420,0.55,1,0.0,0.8974345238726962,0,3,4771,78,0.001,0.001,1000,EDFSMode.RANDOM
421,0.56,2,0.3333333333333346,0.8374375664696125,0,3,4435,51,0.205,0.886,404,EDFSMode.RANDOM
422,0.56,9,0.3333333333333346,0.6592848632872105,0,10,3506,38,0.999,0.366,281,EDFSMode.RANDOM
423,0.56,1,0.3333333333333346,0.8974345238726962,0,2,4245,1,0.884,0.863,403,EDFSMode.RANDOM
424,0.55,4,0.0,0.7618503394145143,0,6,4570,72,0.001,0.396,826,EDFSMode.RANDOM
425,0.55,1,0.0,0.8974345238726962,0,3,3169,23,0.001,0.242,990,EDFSMode.RANDOM
426,0.55,3,0.0,0.7948690477453925,0,5,399,79,0.569,0.001,1000,EDFSMode.RANDOM
427,0.56,1,0.3333333333333346,0.8974345238726962,0,2,1140,100,0.001,0.749,263,EDFSMode.RANDOM
428,0.56,1,0.3333333333333346,0.8974345238726962,0,2,4306,1,0.904,0.536,272,EDFSMode.RANDOM
429,0.56,1,0.3333333333333346,0.8974345238726962,0,2,2869,1,0.18,0.999,393,EDFSMode.RANDOM
430,0.55,1,0.0,0.8974345238726962,0,3,2653,76,0.001,0.999,913,EDFSMode.RANDOM
431,0.58,2,1.0,0.8374375664696125,1,1,5000,1,0.855,0.854,126,EDFSMode.RANDOM
432,0.56,1,0.3333333333333346,0.8974345238726962,0,2,3906,81,0.001,0.999,401,EDFSMode.RANDOM
433,0.55,1,0.0,0.8974345238726962,0,3,3105,100,0.001,0.191,1000,EDFSMode.RANDOM
434,0.56,22,0.3333333333333346,0.5360387141856549,0,19,3566,81,0.999,0.843,397,EDFSMode.RANDOM
435,0.56,3,0.3333333333333346,0.7948690477453925,0,4,1403,75,0.279,0.442,246,EDFSMode.RANDOM
436,0.55,1,0.0,0.8974345238726962,0,3,2942,31,0.001,0.001,677,EDFSMode.RANDOM
437,0.56,2,0.3333333333333346,0.8374375664696125,0,3,1495,83,0.001,0.126,255,EDFSMode.RANDOM
438,0.55,2,0.0,0.8374375664696125,0,4,553,1,0.288,0.001,838,EDFSMode.RANDOM
439,0.55,1,0.0,0.8974345238726962,0,3,38,1,0.367,0.001,753,EDFSMode.RANDOM
440,0.56,2,0.3333333333333346,0.8374375664696125,0,3,3217,29,0.421,0.999,279,EDFSMode.RANDOM
441,0.56,7,0.3333333333333346,0.6923035716180886,0,8,4867,73,0.999,0.872,274,EDFSMode.RANDOM
442,0.56,1,0.3333333333333346,0.8974345238726962,0,2,4734,43,0.001,0.079,281,EDFSMode.RANDOM
443,0.55,2,0.0,0.8374375664696125,0,4,1479,74,0.001,0.862,841,EDFSMode.RANDOM
444,0.55,3,0.0,0.7948690477453925,0,5,3984,70,0.001,0.69,819,EDFSMode.RANDOM
445,0.56,2,0.3333333333333346,0.8374375664696125,0,3,4274,53,0.143,0.182,287,EDFSMode.RANDOM
446,0.57,2,0.6666666666666654,0.8374375664696125,0,2,2584,58,0.082,0.001,129,EDFSMode.RANDOM
447,0.55,1,0.0,0.8974345238726962,0,3,3429,1,0.167,0.999,870,EDFSMode.RANDOM
448,0.55,2,0.0,0.8374375664696125,0,4,3762,1,0.52,0.806,774,EDFSMode.RANDOM
449,0.55,4,0.0,0.7618503394145143,0,6,243,100,0.594,0.175,1000,EDFSMode.RANDOM
450,0.57,1,0.6666666666666654,0.8974345238726962,1,1,2583,1,0.187,0.999,136,EDFSMode.RANDOM
451,0.55,1,0.0,0.8974345238726962,0,3,3080,1,0.17,0.119,1000,EDFSMode.RANDOM
452,0.57,4,0.6666666666666654,0.7618503394145143,0,4,3346,28,0.639,0.357,144,EDFSMode.RANDOM
453,0.55,2,0.0,0.8374375664696125,0,4,44,1,0.211,0.394,799,EDFSMode.RANDOM
454,0.55,0,0.0,1.0,1,1,231,47,0.001,0.999,655,EDFSMode.RANDOM
455,0.56,2,0.3333333333333346,0.8374375664696125,0,3,3929,28,0.405,0.5,407,EDFSMode.RANDOM
456,0.56,2,0.3333333333333346,0.8374375664696125,0,3,3996,20,0.168,0.449,395,EDFSMode.RANDOM
457,0.55,1,0.0,0.8974345238726962,0,3,3747,17,0.001,0.001,847,EDFSMode.RANDOM
458,0.56,1,0.3333333333333346,0.8974345238726962,0,2,3565,17,0.077,0.607,401,EDFSMode.RANDOM
459,0.55,17,0.0,0.5723096568119213,0,19,2101,100,0.528,0.645,395,EDFSMode.RANDOM
460,0.56,1,0.3333333333333346,0.8974345238726962,0,2,3464,36,0.195,0.3,404,EDFSMode.RANDOM
461,0.56,1,0.3333333333333346,0.8974345238726962,0,2,3289,59,0.001,0.842,265,EDFSMode.RANDOM
462,0.55,0,0.0,1.0,1,1,416,1,0.538,0.596,548,EDFSMode.RANDOM
463,0.55,9,0.0,0.6592848632872105,0,11,4620,27,0.222,0.396,818,EDFSMode.RANDOM
464,0.58,3,1.0,0.7948690477453925,0,2,5000,100,0.001,0.868,128,EDFSMode.RANDOM
465,0.56,6,0.3333333333333346,0.712062305760832,0,7,4567,100,0.499,0.678,400,EDFSMode.RANDOM
466,0.55,1,0.0,0.8974345238726962,0,3,4795,100,0.001,0.185,550,EDFSMode.RANDOM
467,0.55,0,0.0,1.0,1,1,84,1,0.187,0.999,928,EDFSMode.RANDOM
468,0.55,182,0.0,0.229148667656497,0,109,1493,71,0.947,0.863,936,EDFSMode.RANDOM
469,0.56,1,0.3333333333333346,0.8974345238726962,0,2,3734,9,0.857,0.681,424,EDFSMode.RANDOM
470,0.55,6,0.0,0.712062305760832,0,8,1195,80,0.231,0.337,758,EDFSMode.RANDOM
471,0.55,9,0.0,0.6592848632872105,0,11,4911,13,0.659,0.297,964,EDFSMode.RANDOM
472,0.56,1,0.3333333333333346,0.8974345238726962,0,2,1568,1,0.056,0.501,223,EDFSMode.RANDOM
473,0.55,56,0.0,0.4017468584989975,0,49,1513,70,0.657,0.133,949,EDFSMode.RANDOM
474,0.55,1,0.0,0.8974345238726962,0,3,4451,20,0.1,0.217,704,EDFSMode.RANDOM
475,0.56,4,0.3333333333333346,0.7618503394145143,0,5,862,54,0.823,0.941,262,EDFSMode.RANDOM
476,0.55,62,0.0,0.38693743870005715,0,54,3066,90,0.744,0.61,868,EDFSMode.RANDOM
477,0.56,1,0.3333333333333346,0.8974345238726962,0,2,496,10,0.615,0.805,171,EDFSMode.RANDOM
478,0.55,2,0.0,0.8374375664696125,0,4,4192,63,0.34,0.034,613,EDFSMode.RANDOM
479,0.55,82,0.0,0.3461410453935666,0,63,2151,50,0.695,0.907,746,EDFSMode.RANDOM
480,0.55,512,0.0,0.07662199143822268,0,137,1785,93,0.993,0.841,599,EDFSMode.RANDOM
481,0.56,1,0.3333333333333346,0.8974345238726962,0,2,1350,1,0.138,0.672,224,EDFSMode.RANDOM
482,0.55,291,0.0,0.16000674471938536,0,126,2712,74,0.908,0.417,687,EDFSMode.RANDOM
483,0.56,3,0.3333333333333346,0.7948690477453925,0,4,2195,58,0.424,0.574,188,EDFSMode.RANDOM
484,0.57,4,0.6666666666666654,0.7618503394145143,0,4,3895,15,0.446,0.747,105,EDFSMode.RANDOM
485,0.55,3,0.0,0.7948690477453925,0,5,170,62,0.725,0.476,567,EDFSMode.RANDOM
486,0.55,1,0.0,0.8974345238726962,0,3,2335,29,0.12,0.822,962,EDFSMode.RANDOM
487,0.55,6,0.0,0.712062305760832,0,8,3600,95,0.835,0.082,496,EDFSMode.RANDOM
488,0.55,33,0.0,0.47820195140719324,0,33,1304,86,0.32,0.927,829,EDFSMode.RANDOM
489,0.55,0,0.0,1.0,1,1,18,1,0.811,0.999,245,EDFSMode.RANDOM
490,0.56,2,0.3333333333333346,0.8374375664696125,0,3,3557,1,0.8,0.999,191,EDFSMode.RANDOM
491,0.55,1,0.0,0.8974345238726962,0,3,4044,1,0.705,0.001,498,EDFSMode.RANDOM
492,0.58,2,1.0,0.8374375664696125,1,1,3075,1,0.999,0.999,117,EDFSMode.RANDOM
493,0.55,5,0.0,0.7348720903423087,0,7,1,1,0.857,0.001,262,EDFSMode.RANDOM
494,0.58,433,1.0,0.10136732623056666,0,12,5000,100,0.999,0.001,100,EDFSMode.RANDOM
495,0.57,2,0.6666666666666654,0.8374375664696125,0,2,4727,1,0.839,0.999,135,EDFSMode.RANDOM
496,0.57,15,0.6666666666666654,0.5897380954907849,0,15,4384,91,0.722,0.999,100,EDFSMode.RANDOM
497,0.58,213,1.0,0.20599275261596284,0,9,5000,49,0.999,0.001,100,EDFSMode.RANDOM
498,0.58,242,1.0,0.1871878323480628,0,10,5000,92,0.724,0.001,100,EDFSMode.RANDOM
499,0.55,3,0.0,0.7948690477453925,0,5,3780,53,0.837,0.505,585,EDFSMode.RANDOM
500,0.55,4,0.0,0.7618503394145143,0,6,4127,93,0.55,0.286,997,EDFSMode.RANDOM
501,0.55,1,0.0,0.8974345238726962,0,3,4434,4,0.621,0.67,675,EDFSMode.RANDOM
502,0.55,1,0.0,0.8974345238726962,0,3,96,66,0.076,0.263,275,EDFSMode.RANDOM
503,0.56,3,0.3333333333333346,0.7948690477453925,0,4,1653,35,0.88,0.964,368,EDFSMode.RANDOM
504,0.55,25,0.0,0.5178971623011692,0,26,3488,97,0.426,0.118,880,EDFSMode.RANDOM
505,0.55,1,0.0,0.8974345238726962,0,3,2851,48,0.144,0.207,971,EDFSMode.RANDOM
506,0.55,5,0.0,0.7348720903423087,0,7,2343,84,0.66,0.859,459,EDFSMode.RANDOM
507,0.56,2,0.3333333333333346,0.8374375664696125,0,3,774,17,0.355,0.413,185,EDFSMode.RANDOM
508,0.55,3,0.0,0.7948690477453925,0,5,3976,82,0.46,0.396,677,EDFSMode.RANDOM
509,0.56,2,0.3333333333333346,0.8374375664696125,0,3,4311,31,0.277,0.796,222,EDFSMode.RANDOM
510,0.55,219,0.0,0.20190113606452298,0,116,1146,88,0.792,0.138,731,EDFSMode.RANDOM
511,0.55,4,0.0,0.7618503394145143,0,6,2088,12,0.223,0.588,821,EDFSMode.RANDOM
512,0.55,4,0.0,0.7618503394145143,0,6,2750,70,0.705,0.494,425,EDFSMode.RANDOM
513,0.55,2,0.0,0.8374375664696125,0,4,3433,25,0.988,0.331,518,EDFSMode.RANDOM
514,0.55,48,0.0,0.42412461152166403,0,44,1439,57,0.443,0.736,913,EDFSMode.RANDOM
515,0.55,6,0.0,0.712062305760832,0,8,505,44,0.514,0.039,638,EDFSMode.RANDOM
516,0.58,3,1.0,0.7948690477453925,0,2,4997,76,0.06,0.879,130,EDFSMode.RANDOM
517,0.55,37,0.0,0.46174381590208124,0,36,4693,39,0.771,0.39,850,EDFSMode.RANDOM
518,0.55,2,0.0,0.8374375664696125,0,4,433,81,0.286,0.544,341,EDFSMode.RANDOM
519,0.56,2,0.3333333333333346,0.8374375664696125,0,3,1374,20,0.73,0.245,306,EDFSMode.RANDOM
520,0.55,1,0.0,0.8974345238726962,0,3,3132,62,0.216,0.837,701,EDFSMode.RANDOM
521,0.55,1,0.0,0.8974345238726962,0,3,2563,8,0.495,0.986,555,EDFSMode.RANDOM
522,0.57,9,0.6666666666666654,0.6592848632872105,0,9,1977,74,0.947,0.081,159,EDFSMode.RANDOM
523,0.55,1,0.0,0.8974345238726962,0,3,1043,27,0.004,0.632,489,EDFSMode.RANDOM
524,0.55,7,0.0,0.6923035716180886,0,9,4245,73,0.188,0.676,842,EDFSMode.RANDOM
525,0.56,2,0.3333333333333346,0.8374375664696125,0,3,4033,15,0.113,0.015,395,EDFSMode.RANDOM
526,0.55,61,0.0,0.3893050204697347,0,53,790,55,0.565,0.918,795,EDFSMode.RANDOM
527,0.55,41,0.0,0.4469343961031408,0,38,2346,46,0.386,0.371,761,EDFSMode.RANDOM
528,0.56,11,0.3333333333333346,0.6323066142150049,0,12,3087,86,0.932,0.711,248,EDFSMode.RANDOM
529,0.57,6,0.6666666666666654,0.712062305760832,0,6,3701,34,0.654,0.613,100,EDFSMode.RANDOM
530,0.55,2,0.0,0.8374375664696125,0,4,1786,98,0.17,0.453,612,EDFSMode.RANDOM
531,0.55,7,0.0,0.6923035716180886,0,9,217,3,0.847,0.756,944,EDFSMode.RANDOM
532,0.55,2,0.0,0.8374375664696125,0,4,4630,67,0.334,0.162,544,EDFSMode.RANDOM
533,0.55,1,0.0,0.8974345238726962,0,3,4550,37,0.235,0.312,600,EDFSMode.RANDOM
534,0.55,7,0.0,0.6923035716180886,0,9,292,95,0.688,0.653,211,EDFSMode.RANDOM
535,0.55,1,0.0,0.8974345238726962,0,3,1848,6,0.26,0.075,443,EDFSMode.RANDOM
536,0.55,116,0.0,0.2953377713676981,0,80,3604,63,0.805,0.976,944,EDFSMode.RANDOM
537,0.55,9,0.0,0.6592848632872105,0,11,3047,19,0.53,0.815,868,EDFSMode.RANDOM
538,0.55,1,0.0,0.8974345238726962,0,3,2459,51,0.048,0.22,367,EDFSMode.RANDOM
539,0.56,4,0.3333333333333346,0.7618503394145143,0,5,891,50,0.975,0.553,288,EDFSMode.RANDOM
540,0.56,3,0.3333333333333346,0.7948690477453925,0,4,3884,95,0.235,0.15,296,EDFSMode.RANDOM
541,0.58,3,1.0,0.7948690477453925,0,2,4195,10,0.896,0.187,153,EDFSMode.RANDOM
542,0.55,2,0.0,0.8374375664696125,0,4,950,72,0.414,0.778,658,EDFSMode.RANDOM
543,0.55,47,0.0,0.42717566196039736,0,43,1891,29,0.608,0.448,891,EDFSMode.RANDOM
544,0.55,1,0.0,0.8974345238726962,0,3,2633,91,0.093,0.603,498,EDFSMode.RANDOM
545,0.56,2,0.3333333333333346,0.8374375664696125,0,3,3237,42,0.368,0.689,420,EDFSMode.RANDOM
546,0.55,262,0.0,0.1754844463144113,0,122,1322,78,0.821,0.346,812,EDFSMode.RANDOM
547,0.55,1,0.0,0.8974345238726962,0,3,389,23,0.127,0.928,736,EDFSMode.RANDOM
548,0.56,5,0.3333333333333346,0.7348720903423087,0,6,4801,59,0.672,0.021,231,EDFSMode.RANDOM
549,0.55,8,0.0,0.6748751329392251,0,10,4887,21,0.401,0.531,974,EDFSMode.RANDOM
550,0.55,4,0.0,0.7618503394145143,0,6,551,61,0.914,0.435,469,EDFSMode.RANDOM
551,0.57,2,0.6666666666666654,0.8374375664696125,0,2,1492,40,0.095,0.853,182,EDFSMode.RANDOM
552,0.55,3,0.0,0.7948690477453925,0,5,3326,80,0.579,0.198,574,EDFSMode.RANDOM
553,0.55,84,0.0,0.34261776694901125,0,65,2681,28,0.866,0.097,707,EDFSMode.RANDOM
554,0.55,3,0.0,0.7948690477453925,0,5,2171,92,0.319,0.938,315,EDFSMode.RANDOM
555,0.56,1,0.3333333333333346,0.8974345238726962,0,2,1237,9,0.639,0.273,336,EDFSMode.RANDOM
556,0.56,3,0.3333333333333346,0.7948690477453925,0,4,4143,60,0.381,0.93,329,EDFSMode.RANDOM
557,0.55,2,0.0,0.8374375664696125,0,4,3838,45,0.749,0.904,528,EDFSMode.RANDOM
558,0.55,22,0.0,0.5360387141856549,0,23,672,87,0.202,0.061,917,EDFSMode.RANDOM
559,0.55,10,0.0,0.6451817489046163,0,12,2229,14,0.756,0.73,628,EDFSMode.RANDOM
560,0.57,4,0.6666666666666654,0.7618503394145143,0,4,2892,56,0.305,0.321,126,EDFSMode.RANDOM
561,0.56,1,0.3333333333333346,0.8974345238726962,0,2,3584,2,0.018,0.472,261,EDFSMode.RANDOM
562,0.55,82,0.0,0.3461410453935666,0,63,1591,68,0.532,0.563,762,EDFSMode.RANDOM
563,0.55,32,0.0,0.482619315374229,0,32,22,33,0.477,0.148,782,EDFSMode.RANDOM
564,0.56,40,0.3333333333333346,0.4505001277695554,0,21,4513,99,0.961,0.801,394,EDFSMode.RANDOM
565,0.56,4,0.3333333333333346,0.7618503394145143,0,5,4485,49,0.447,0.051,204,EDFSMode.RANDOM
566,0.55,332,0.0,0.14056506813050662,0,130,74,83,0.992,0.891,592,EDFSMode.RANDOM
567,0.55,1,0.0,0.8974345238726962,0,3,1637,18,0.048,0.319,952,EDFSMode.RANDOM
568,0.55,3,0.0,0.7948690477453925,0,5,3552,52,0.501,0.724,451,EDFSMode.RANDOM
569,0.56,1,0.3333333333333346,0.8974345238726962,0,2,2943,6,0.788,0.576,358,EDFSMode.RANDOM
570,0.55,4,0.0,0.7618503394145143,0,6,2202,64,0.272,0.482,860,EDFSMode.RANDOM
571,0.55,2,0.0,0.8374375664696125,0,4,640,37,0.717,0.807,685,EDFSMode.RANDOM
572,0.56,6,0.3333333333333346,0.712062305760832,0,7,4001,65,0.597,0.758,191,EDFSMode.RANDOM
573,0.55,8,0.0,0.6748751329392251,0,10,4296,23,0.671,0.425,651,EDFSMode.RANDOM
574,0.57,3,0.6666666666666654,0.7948690477453925,0,3,1211,59,0.155,0.517,146,EDFSMode.RANDOM
575,0.55,2,0.0,0.8374375664696125,0,4,2140,42,0.834,0.196,505,EDFSMode.RANDOM
576,0.55,10,0.0,0.6451817489046163,0,12,2727,78,0.352,0.847,897,EDFSMode.RANDOM
577,0.55,3,0.0,0.7948690477453925,0,5,3299,30,0.065,0.952,806,EDFSMode.RANDOM
578,0.56,4,0.3333333333333346,0.7618503394145143,0,5,1543,90,0.61,0.106,414,EDFSMode.RANDOM
579,0.56,1,0.3333333333333346,0.8974345238726962,0,2,597,11,0.43,0.682,237,EDFSMode.RANDOM
580,0.55,178,0.0,0.2324188715558635,0,108,4856,71,0.883,0.275,742,EDFSMode.RANDOM
581,0.55,1,0.0,0.8974345238726962,0,3,4833,9,0.157,0.768,477,EDFSMode.RANDOM
582,0.55,19,0.0,0.5567193871599068,0,21,342,73,0.642,0.174,982,EDFSMode.RANDOM
583,0.55,1,0.0,0.8974345238726962,0,3,1271,28,0.338,0.601,566,EDFSMode.RANDOM
584,0.56,9,0.3333333333333346,0.6592848632872105,0,10,3264,92,0.851,0.442,173,EDFSMode.RANDOM
585,0.55,3,0.0,0.7948690477453925,0,5,2587,41,0.577,0.359,322,EDFSMode.RANDOM
586,0.55,1,0.0,0.8974345238726962,0,3,1923,79,0.125,0.699,715,EDFSMode.RANDOM
587,0.55,131,0.0,0.27748836311962144,0,88,977,22,0.928,0.027,834,EDFSMode.RANDOM
588,0.55,5,0.0,0.7348720903423087,0,7,4338,81,0.76,0.041,483,EDFSMode.RANDOM
589,0.55,97,0.0,0.3215591353943602,0,75,3930,32,0.943,0.644,923,EDFSMode.RANDOM
590,0.55,3,0.0,0.7948690477453925,0,5,922,100,0.492,0.298,534,EDFSMode.RANDOM
591,0.57,1,0.6666666666666654,0.8974345238726962,1,1,2486,1,0.562,0.974,120,EDFSMode.RANDOM
592,0.55,1,0.0,0.8974345238726962,0,3,2996,69,0.015,0.069,622,EDFSMode.RANDOM
593,0.55,11,0.0,0.6323066142150049,0,13,3636,14,0.29,0.233,768,EDFSMode.RANDOM
594,0.56,5,0.3333333333333346,0.7348720903423087,0,6,1802,56,0.774,0.825,267,EDFSMode.RANDOM
595,0.55,1,0.0,0.8974345238726962,0,3,241,45,0.206,0.402,387,EDFSMode.RANDOM
596,0.55,148,0.0,0.2595625434555552,0,98,4577,87,0.719,0.555,776,EDFSMode.RANDOM
597,0.56,2,0.3333333333333346,0.8374375664696125,0,3,4682,17,0.818,0.909,269,EDFSMode.RANDOM
598,0.55,1,0.0,0.8974345238726962,0,3,190,53,0.364,0.002,669,EDFSMode.RANDOM
599,0.55,99,0.0,0.31856972657442095,0,77,1754,48,0.684,0.709,886,EDFSMode.RANDOM
600,0.56,2,0.3333333333333346,0.8374375664696125,0,3,3748,84,0.139,0.365,374,EDFSMode.RANDOM
601,0.55,2,0.0,0.8374375664696125,0,4,3060,36,0.418,0.467,453,EDFSMode.RANDOM
602,0.55,145,0.0,0.2625722208466891,0,95,2398,96,0.9,0.622,965,EDFSMode.RANDOM
603,0.55,0,0.0,1.0,1,1,837,5,0.082,0.168,591,EDFSMode.RANDOM
604,0.55,4,0.0,0.7618503394145143,0,6,3805,78,0.644,0.739,355,EDFSMode.RANDOM
605,0.55,1,0.0,0.8974345238726962,0,3,4100,43,0.035,0.534,723,EDFSMode.RANDOM
606,0.56,5,0.3333333333333346,0.7348720903423087,0,6,1094,77,0.518,0.377,214,EDFSMode.RANDOM
607,0.55,1,0.0,0.8974345238726962,0,3,2023,24,0.464,0.835,433,EDFSMode.RANDOM
608,0.55,390,0.0,0.1168061417201518,0,133,2531,58,0.979,0.239,829,EDFSMode.RANDOM
609,0.55,23,0.0,0.5297411380877012,0,24,3182,12,0.7,0.094,906,EDFSMode.RANDOM
610,0.55,2,0.0,0.8374375664696125,0,4,1347,70,0.247,0.995,510,EDFSMode.RANDOM
611,0.56,4,0.3333333333333346,0.7618503394145143,0,5,401,31,0.8,0.292,137,EDFSMode.RANDOM
612,0.55,2,0.0,0.8374375664696125,0,4,4739,89,0.256,0.634,646,EDFSMode.RANDOM
613,0.56,2,0.3333333333333346,0.8374375664696125,0,3,4950,26,0.543,0.129,348,EDFSMode.RANDOM
614,0.55,1,0.0,0.8974345238726962,0,3,537,94,0.03,0.782,856,EDFSMode.RANDOM
615,0.55,26,0.0,0.5123126994088376,0,27,1466,7,0.958,0.492,695,EDFSMode.RANDOM
616,0.56,4,0.3333333333333346,0.7618503394145143,0,5,3382,75,0.474,0.582,299,EDFSMode.RANDOM
617,0.56,2,0.3333333333333346,0.8374375664696125,0,3,2782,20,0.191,0.749,165,EDFSMode.RANDOM
618,0.55,3,0.0,0.7948690477453925,0,5,2041,62,0.738,0.34,561,EDFSMode.RANDOM
619,0.55,1,0.0,0.8974345238726962,0,3,1095,39,0.308,0.885,991,EDFSMode.RANDOM
620,0.56,6,0.3333333333333346,0.712062305760832,0,7,4064,68,0.997,0.459,320,EDFSMode.RANDOM
621,0.55,3,0.0,0.7948690477453925,0,5,3812,3,0.323,0.254,803,EDFSMode.RANDOM
622,0.55,5,0.0,0.7348720903423087,0,7,728,67,0.87,0.657,403,EDFSMode.RANDOM
623,0.55,1,0.0,0.8974345238726962,0,3,2292,34,0.176,0.116,241,EDFSMode.RANDOM
624,0.55,172,0.0,0.23746381600294664,0,105,2878,98,0.627,0.958,753,EDFSMode.RANDOM
625,0.55,146,0.0,0.2615621779912767,0,96,3441,47,0.91,0.872,620,EDFSMode.RANDOM
626,0.57,8,0.6666666666666654,0.6748751329392251,0,8,1684,85,0.396,0.217,108,EDFSMode.RANDOM
627,0.55,1,0.0,0.8974345238726962,0,3,123,16,0.591,0.511,536,EDFSMode.RANDOM
628,0.55,1,0.0,0.8974345238726962,0,3,4383,54,0.107,0.415,935,EDFSMode.RANDOM
629,0.55,3,0.0,0.7948690477453925,0,5,4409,29,0.923,0.593,445,EDFSMode.RANDOM
630,0.55,37,0.0,0.46174381590208124,0,36,150,91,0.378,0.497,957,EDFSMode.RANDOM
631,0.55,5,0.0,0.7348720903423087,0,7,1716,11,0.574,0.791,599,EDFSMode.RANDOM
632,0.56,3,0.3333333333333346,0.7948690477453925,0,4,3473,72,0.121,0.135,199,EDFSMode.RANDOM
633,0.56,1,0.3333333333333346,0.8974345238726962,0,2,2866,23,0.341,0.035,290,EDFSMode.RANDOM
634,0.55,172,0.0,0.23746381600294664,0,105,2279,60,0.856,0.876,690,EDFSMode.RANDOM
635,0.55,1,0.0,0.8974345238726962,0,3,720,41,0.162,0.336,867,EDFSMode.RANDOM
636,0.55,1,0.0,0.8974345238726962,0,3,3922,57,0.025,0.349,458,EDFSMode.RANDOM
637,0.55,4,0.0,0.7618503394145143,0,6,4375,7,0.209,0.966,900,EDFSMode.RANDOM
638,0.55,3,0.0,0.7948690477453925,0,5,1131,63,0.724,0.123,504,EDFSMode.RANDOM
639,0.56,2,0.3333333333333346,0.8374375664696125,0,3,2062,38,0.295,0.667,144,EDFSMode.RANDOM
640,0.55,235,0.0,0.1915129625006209,0,118,2804,95,0.777,0.258,653,EDFSMode.RANDOM
641,0.55,67,0.0,0.3756364752798894,0,55,3378,50,0.557,0.41,745,EDFSMode.RANDOM
642,0.56,2,0.3333333333333346,0.8374375664696125,0,3,1464,82,0.012,0.5,236,EDFSMode.RANDOM
643,0.55,2,0.0,0.8374375664696125,0,4,521,19,0.94,0.21,411,EDFSMode.RANDOM
644,0.55,50,0.0,0.4182049940041096,0,46,4932,51,0.487,0.864,807,EDFSMode.RANDOM
645,0.57,3,0.6666666666666654,0.7948690477453925,0,3,4755,15,0.714,0.374,173,EDFSMode.RANDOM
646,0.55,1,0.0,0.8974345238726962,0,3,419,55,0.23,0.715,569,EDFSMode.RANDOM
647,0.55,28,0.0,0.5017388662173474,0,28,1351,46,0.783,0.012,983,EDFSMode.RANDOM
648,0.55,2,0.0,0.8374375664696125,0,4,3184,87,0.269,0.913,475,EDFSMode.RANDOM
649,0.55,1,0.0,0.8974345238726962,0,3,2510,33,0.053,0.753,328,EDFSMode.RANDOM
650,0.55,152,0.0,0.25564256047372214,0,101,2000,100,0.504,0.157,837,EDFSMode.RANDOM
651,0.55,10,0.0,0.6451817489046163,0,12,1057,2,0.45,0.616,716,EDFSMode.RANDOM
652,0.57,6,0.6666666666666654,0.712062305760832,0,6,4258,99,0.361,0.568,168,EDFSMode.RANDOM
653,0.55,2,0.0,0.8374375664696125,0,4,4009,40,0.435,0.25,626,EDFSMode.RANDOM
654,0.57,11,0.6666666666666654,0.6323066142150049,0,11,843,80,0.886,0.84,114,EDFSMode.RANDOM
655,0.55,0,0.0,1.0,1,1,2409,21,0.068,0.385,531,EDFSMode.RANDOM
656,0.55,59,0.0,0.3941569536295193,0,51,3073,61,0.615,0.541,930,EDFSMode.RANDOM
657,0.55,35,0.0,0.46974418068461754,0,35,3716,9,0.831,0.627,781,EDFSMode.RANDOM
658,0.56,3,0.3333333333333346,0.7948690477453925,0,4,1722,74,0.347,0.284,382,EDFSMode.RANDOM
659,0.55,2,0.0,0.8374375664696125,0,4,164,27,0.666,0.991,263,EDFSMode.RANDOM
660,0.55,32,0.0,0.482619315374229,0,32,4654,93,0.153,0.084,775,EDFSMode.RANDOM
661,0.56,1,0.3333333333333346,0.8974345238726962,0,2,4605,13,0.311,0.452,381,EDFSMode.RANDOM
662,0.55,284,0.0,0.1635971979135118,0,125,267,70,0.764,0.606,882,EDFSMode.RANDOM
663,0.55,1,0.0,0.8974345238726962,0,3,1833,32,0.196,0.182,663,EDFSMode.RANDOM
664,0.56,6,0.3333333333333346,0.712062305760832,0,7,3668,88,0.741,0.774,274,EDFSMode.RANDOM
665,0.56,6,0.3333333333333346,0.712062305760832,0,7,2983,44,0.953,0.923,198,EDFSMode.RANDOM
666,0.55,3,0.0,0.7948690477453925,0,5,2474,76,0.471,0.019,587,EDFSMode.RANDOM
667,0.55,12,0.0,0.620462638428473,0,14,915,25,0.54,0.694,959,EDFSMode.RANDOM
668,0.55,2,0.0,0.8374375664696125,0,4,3859,71,0.283,0.104,967,EDFSMode.RANDOM
669,0.55,40,0.0,0.4505001277695554,0,37,4179,36,0.586,0.078,827,EDFSMode.RANDOM
670,0.56,2,0.3333333333333346,0.8374375664696125,0,3,1015,97,0.104,0.981,435,EDFSMode.RANDOM
671,0.56,2,0.3333333333333346,0.8374375664696125,0,3,1946,4,0.907,0.309,217,EDFSMode.RANDOM
672,0.55,6,0.0,0.712062305760832,0,8,2608,66,0.391,0.648,722,EDFSMode.RANDOM
673,0.55,1,0.0,0.8974345238726962,0,3,3262,16,0.178,0.551,644,EDFSMode.RANDOM
674,0.57,6,0.6666666666666654,0.712062305760832,0,6,1268,53,0.632,0.391,139,EDFSMode.RANDOM
675,0.55,1,0.0,0.8974345238726962,0,3,324,48,0.328,0.819,513,EDFSMode.RANDOM
676,0.55,329,0.0,0.14190417866143945,0,129,4816,85,0.873,0.225,905,EDFSMode.RANDOM
677,0.56,2,0.3333333333333346,0.8374375664696125,0,3,4873,46,0.087,0.733,301,EDFSMode.RANDOM
678,0.55,168,0.0,0.2409252768569461,0,104,614,86,0.6,0.326,693,EDFSMode.RANDOM
679,0.55,11,0.0,0.6323066142150049,0,13,1545,15,0.421,0.901,856,EDFSMode.RANDOM
680,0.56,4,0.3333333333333346,0.7618503394145143,0,5,3302,55,0.905,0.056,351,EDFSMode.RANDOM
681,0.55,1,0.0,0.8974345238726962,0,3,2704,2,0.681,0.145,484,EDFSMode.RANDOM
682,0.55,1,0.0,0.8974345238726962,0,3,2118,68,0.134,0.797,989,EDFSMode.RANDOM
683,0.55,2,0.0,0.8374375664696125,0,4,1175,34,0.813,0.476,561,EDFSMode.RANDOM
684,0.55,1,0.0,0.8974345238726962,0,3,4206,85,0.071,0.821,552,EDFSMode.RANDOM
685,0.55,44,0.0,0.4367254723537394,0,41,3891,21,0.797,0.858,749,EDFSMode.RANDOM
686,0.56,3,0.3333333333333346,0.7948690477453925,0,4,648,62,0.251,0.2,247,EDFSMode.RANDOM
687,0.55,2,0.0,0.8374375664696125,0,4,2214,40,0.696,0.525,408,EDFSMode.RANDOM
688,0.55,50,0.0,0.4182049940041096,0,46,2955,80,0.244,0.431,797,EDFSMode.RANDOM
689,0.55,24,0.0,0.5237006788290286,0,25,3521,27,0.468,0.268,932,EDFSMode.RANDOM
690,0.55,5,0.0,0.7348720903423087,0,7,1605,93,0.982,0.673,543,EDFSMode.RANDOM
691,0.55,0,0.0,1.0,1,1,46,8,0.038,0.102,112,EDFSMode.RANDOM
692,0.55,3,0.0,0.7948690477453925,0,5,4459,75,0.523,0.941,614,EDFSMode.RANDOM
693,0.55,1,0.0,0.8974345238726962,0,3,4511,25,0.009,0.191,874,EDFSMode.RANDOM
694,0.55,2,0.0,0.8374375664696125,0,4,19,58,0.553,0.844,373,EDFSMode.RANDOM
695,0.56,3,0.3333333333333346,0.7948690477453925,0,4,1573,43,0.498,0.43,282,EDFSMode.RANDOM
696,0.55,257,0.0,0.17832466218348075,0,119,3567,77,0.951,0.52,671,EDFSMode.RANDOM
697,0.55,2,0.0,0.8374375664696125,0,4,2928,30,0.727,0.687,579,EDFSMode.RANDOM
698,0.56,3,0.3333333333333346,0.7948690477453925,0,4,2266,89,0.212,0.278,190,EDFSMode.RANDOM
699,0.55,1,0.0,0.8974345238726962,0,3,695,12,0.766,0.947,465,EDFSMode.RANDOM
700,0.55,411,0.0,0.10906493754937785,0,134,4056,90,0.919,0.992,873,EDFSMode.RANDOM
701,0.56,4,0.3333333333333346,0.7618503394145143,0,5,4232,49,0.844,0.316,429,EDFSMode.RANDOM
702,0.55,33,0.0,0.47820195140719324,0,33,1226,84,0.329,0.719,821,EDFSMode.RANDOM
703,0.55,33,0.0,0.47820195140719324,0,33,2164,18,0.649,0.054,728,EDFSMode.RANDOM
704,0.56,2,0.3333333333333346,0.8374375664696125,0,3,2673,52,0.167,0.895,223,EDFSMode.RANDOM
705,0.56,2,0.3333333333333346,0.8374375664696125,0,3,3353,5,0.391,0.81,133,EDFSMode.RANDOM
706,0.55,196,0.0,0.21824062607047467,0,110,1518,65,0.935,0.155,638,EDFSMode.RANDOM
707,0.55,1,0.0,0.8974345238726962,0,3,582,36,0.116,0.573,911,EDFSMode.RANDOM
708,0.55,4,0.0,0.7618503394145143,0,6,4919,97,0.57,0.477,519,EDFSMode.RANDOM
709,0.55,2,0.0,0.8374375664696125,0,4,4769,35,0.358,0.971,701,EDFSMode.RANDOM
710,0.55,7,0.0,0.6923035716180886,0,9,356,98,0.842,0.064,309,EDFSMode.RANDOM
711,0.56,1,0.3333333333333346,0.8974345238726962,0,2,1295,4,0.149,0.646,343,EDFSMode.RANDOM
712,0.55,55,0.0,0.4043658773789206,0,48,3210,66,0.662,0.303,848,EDFSMode.RANDOM
713,0.55,3,0.0,0.7948690477453925,0,5,2640,16,0.875,0.405,997,EDFSMode.RANDOM
714,0.55,10,0.0,0.6451817489046163,0,12,1900,54,0.424,0.56,492,EDFSMode.RANDOM
715,0.57,5,0.6666666666666654,0.7348720903423087,0,5,963,47,0.618,0.23,160,EDFSMode.RANDOM
716,0.55,124,0.0,0.2855510182435428,0,85,4324,57,0.691,0.212,710,EDFSMode.RANDOM
717,0.56,1,0.3333333333333346,0.8974345238726962,0,2,3953,7,0.509,0.596,253,EDFSMode.RANDOM
718,0.55,1,0.0,0.8974345238726962,0,3,869,75,0.057,0.439,755,EDFSMode.RANDOM
719,0.55,58,0.0,0.39664391475522853,0,50,2423,26,0.985,0.773,791,EDFSMode.RANDOM
720,0.56,4,0.3333333333333346,0.7618503394145143,0,5,3010,94,0.438,0.177,402,EDFSMode.RANDOM
721,0.55,1,0.0,0.8974345238726962,0,3,3622,38,0.226,0.032,549,EDFSMode.RANDOM
722,0.55,145,0.0,0.2625722208466891,0,95,1865,82,0.71,0.933,938,EDFSMode.RANDOM
723,0.55,1,0.0,0.8974345238726962,0,3,293,20,0.281,0.355,608,EDFSMode.RANDOM
724,0.57,10,0.6666666666666654,0.6451817489046163,0,10,4554,63,0.795,0.696,106,EDFSMode.RANDOM
725,0.55,34,0.0,0.47391264517534637,0,34,4627,43,0.636,0.83,951,EDFSMode.RANDOM
726,0.55,1,0.0,0.8974345238726962,0,3,215,77,0.183,0.236,439,EDFSMode.RANDOM
727,0.56,3,0.3333333333333346,0.7948690477453925,0,4,1769,24,0.861,0.539,206,EDFSMode.RANDOM
728,0.55,3,0.0,0.7948690477453925,0,5,3684,59,0.316,0.379,605,EDFSMode.RANDOM
729,0.55,1,0.0,0.8974345238726962,0,3,3124,11,0.1,0.297,684,EDFSMode.RANDOM
730,0.55,4,0.0,0.7618503394145143,0,6,2382,72,0.582,0.637,284,EDFSMode.RANDOM
731,0.56,2,0.3333333333333346,0.8374375664696125,0,3,811,30,0.403,0.089,361,EDFSMode.RANDOM
732,0.55,100,0.0,0.31709736911528086,0,78,4335,13,0.967,0.62,810,EDFSMode.RANDOM
733,0.55,2,0.0,0.8374375664696125,0,4,4115,18,0.482,0.706,496,EDFSMode.RANDOM
734,0.55,355,0.0,0.13068236512482534,0,132,1030,52,0.964,0.36,892,EDFSMode.RANDOM
735,0.55,1,0.0,0.8974345238726962,0,3,1969,50,0.021,0.911,661,EDFSMode.RANDOM
736,0.57,6,0.6666666666666654,0.712062305760832,0,6,2556,83,0.537,0.007,152,EDFSMode.RANDOM
737,0.56,4,0.3333333333333346,0.7618503394145143,0,5,3158,37,0.753,0.171,228,EDFSMode.RANDOM
738,0.55,21,0.0,0.5426162727773125,0,22,1402,96,0.3,0.763,737,EDFSMode.RANDOM
739,0.55,7,0.0,0.6923035716180886,0,9,465,5,0.744,0.464,815,EDFSMode.RANDOM
740,0.56,2,0.3333333333333346,0.8374375664696125,0,3,4724,64,0.199,0.618,420,EDFSMode.RANDOM
741,0.55,1,0.0,0.8974345238726962,0,3,4964,1,0.97,0.113,575,EDFSMode.RANDOM
742,0.56,4,0.3333333333333346,0.7618503394145143,0,5,474,69,0.457,0.953,179,EDFSMode.RANDOM
743,0.55,2,0.0,0.8374375664696125,0,4,1412,32,0.527,0.257,469,EDFSMode.RANDOM
744,0.55,1,0.0,0.8974345238726962,0,3,3405,100,0.043,0.661,977,EDFSMode.RANDOM
745,0.55,9,0.0,0.6592848632872105,0,11,2757,45,0.263,0.514,843,EDFSMode.RANDOM
746,0.55,5,0.0,0.7348720903423087,0,7,2094,88,0.81,0.42,334,EDFSMode.RANDOM
747,0.56,1,0.3333333333333346,0.8974345238726962,0,2,1158,13,0.24,0.87,314,EDFSMode.RANDOM
748,0.55,60,0.0,0.39171110118688457,0,52,4047,30,0.678,0.339,772,EDFSMode.RANDOM
749,0.58,3,1.0,0.7948690477453925,0,2,3759,29,0.13,0.487,122,EDFSMode.RANDOM
750,0.55,8,0.0,0.6748751329392251,0,10,2305,10,0.373,0.133,922,EDFSMode.RANDOM
751,0.55,4,0.0,0.7618503394145143,0,6,2815,73,0.824,0.785,523,EDFSMode.RANDOM
752,0.56,9,0.3333333333333346,0.6592848632872105,0,10,3504,22,0.603,0.89,389,EDFSMode.RANDOM
753,0.55,5,0.0,0.7348720903423087,0,7,1670,60,0.09,0.044,789,EDFSMode.RANDOM
754,0.55,87,0.0,0.33748532052270497,0,68,99,41,0.893,0.744,767,EDFSMode.RANDOM
755,0.56,4,0.3333333333333346,0.7618503394145143,0,5,4436,79,0.409,0.338,255,EDFSMode.RANDOM
756,0.56,1,0.3333333333333346,0.8974345238726962,0,2,4447,40,0.182,0.994,355,EDFSMode.RANDOM
757,0.55,41,0.0,0.4469343961031408,0,38,113,79,0.633,0.088,864,EDFSMode.RANDOM
758,0.55,1,0.0,0.8974345238726962,0,3,1676,22,0.313,0.64,689,EDFSMode.RANDOM
759,0.56,6,0.3333333333333346,0.712062305760832,0,7,3513,60,0.86,0.294,293,EDFSMode.RANDOM
760,0.56,2,0.3333333333333346,0.8374375664696125,0,3,2826,10,0.585,0.383,200,EDFSMode.RANDOM
761,0.55,1,0.0,0.8974345238726962,0,3,2319,73,0.1,0.535,596,EDFSMode.RANDOM
762,0.55,52,0.0,0.4125131113584031,0,47,757,28,0.92,0.237,956,EDFSMode.RANDOM
763,0.55,4,0.0,0.7618503394145143,0,6,3768,91,0.406,0.828,447,EDFSMode.RANDOM
764,0.55,30,0.0,0.4918704965970384,0,30,4217,47,0.331,0.48,902,EDFSMode.RANDOM
765,0.56,3,0.3333333333333346,0.7948690477453925,0,4,1172,56,0.483,0.462,410,EDFSMode.RANDOM
766,0.55,4,0.0,0.7618503394145143,0,6,2101,44,0.538,0.764,233,EDFSMode.RANDOM
767,0.55,1,0.0,0.8974345238726962,0,3,2766,88,0.024,0.171,745,EDFSMode.RANDOM
768,0.55,2,0.0,0.8374375664696125,0,4,3416,32,0.299,0.007,655,EDFSMode.RANDOM
769,0.57,13,0.6666666666666654,0.6094968296335282,0,13,1426,100,0.75,0.911,143,EDFSMode.RANDOM
770,0.55,0,0.0,1.0,1,1,480,1,0.196,0.363,501,EDFSMode.RANDOM
771,0.55,208,0.0,0.2094910409340014,0,114,4973,68,0.743,0.703,901,EDFSMode.RANDOM
772,0.56,2,0.3333333333333346,0.8374375664696125,0,3,4715,5,0.453,0.215,319,EDFSMode.RANDOM
773,0.55,206,0.0,0.21091384712487993,0,113,459,64,0.969,0.867,718,EDFSMode.RANDOM
774,0.55,2,0.0,0.8374375664696125,0,4,1388,37,0.041,0.42,837,EDFSMode.RANDOM
775,0.56,6,0.3333333333333346,0.712062305760832,0,7,3147,96,0.524,0.514,325,EDFSMode.RANDOM
776,0.55,3,0.0,0.7948690477453925,0,5,2548,49,0.811,0.662,474,EDFSMode.RANDOM
777,0.55,3,0.0,0.7948690477453925,0,5,1963,83,0.266,0.256,986,EDFSMode.RANDOM
778,0.55,1,0.0,0.8974345238726962,0,3,1017,18,0.694,0.955,569,EDFSMode.RANDOM
779,0.57,4,0.6666666666666654,0.7618503394145143,0,4,4104,51,0.241,0.111,170,EDFSMode.RANDOM
780,0.55,1,0.0,0.8974345238726962,0,3,3851,12,0.058,0.698,616,EDFSMode.RANDOM
781,0.56,2,0.3333333333333346,0.8374375664696125,0,3,805,90,0.133,0.743,263,EDFSMode.RANDOM
782,0.55,8,0.0,0.6748751329392251,0,10,2369,11,0.827,0.048,384,EDFSMode.RANDOM
783,0.55,62,0.0,0.38693743870005715,0,54,3113,71,0.374,0.886,780,EDFSMode.RANDOM
784,0.55,1,0.0,0.8974345238726962,0,3,3675,24,0.087,0.788,927,EDFSMode.RANDOM
785,0.55,3,0.0,0.7948690477453925,0,5,1763,58,0.603,0.13,531,EDFSMode.RANDOM
786,0.56,3,0.3333333333333346,0.7948690477453925,0,4,202,42,0.408,0.58,117,EDFSMode.RANDOM
787,0.55,227,0.0,0.19661590624438996,0,117,4616,77,0.891,0.485,625,EDFSMode.RANDOM
788,0.55,2,0.0,0.8374375664696125,0,4,4565,19,0.552,0.105,456,EDFSMode.RANDOM
789,0.55,1,0.0,0.8974345238726962,0,3,307,63,0.006,0.946,961,EDFSMode.RANDOM
790,0.55,138,0.0,0.26984241935389475,0,90,1871,38,0.949,0.282,587,EDFSMode.RANDOM
791,0.56,7,0.3333333333333346,0.6923035716180886,0,8,3631,81,0.497,0.684,195,EDFSMode.RANDOM
792,0.56,1,0.3333333333333346,0.8974345238726962,0,2,3021,26,0.215,0.523,273,EDFSMode.RANDOM
793,0.55,4,0.0,0.7618503394145143,0,6,2437,93,0.728,0.426,665,EDFSMode.RANDOM
794,0.55,5,0.0,0.7348720903423087,0,7,876,7,0.285,0.846,883,EDFSMode.RANDOM
795,0.56,5,0.3333333333333346,0.7348720903423087,0,6,3962,75,0.769,0.189,378,EDFSMode.RANDOM
796,0.55,1,0.0,0.8974345238726962,0,3,4272,33,0.105,0.226,521,EDFSMode.RANDOM
797,0.55,4,0.0,0.7618503394145143,0,6,977,85,0.845,0.571,513,EDFSMode.RANDOM
798,0.57,2,0.6666666666666654,0.8374375664696125,0,2,1906,15,0.167,0.155,141,EDFSMode.RANDOM
799,0.55,14,0.0,0.5992879058841268,0,16,2649,54,0.652,0.81,642,EDFSMode.RANDOM
800,0.55,9,0.0,0.6592848632872105,0,11,3221,3,0.934,0.896,719,EDFSMode.RANDOM
801,0.56,4,0.3333333333333346,0.7618503394145143,0,5,1308,66,0.388,0.053,218,EDFSMode.RANDOM
802,0.55,2,0.0,0.8374375664696125,0,4,362,35,0.566,0.721,437,EDFSMode.RANDOM
803,0.55,12,0.0,0.620462638428473,0,14,4778,98,0.115,0.313,826,EDFSMode.RANDOM
804,0.57,5,0.6666666666666654,0.7348720903423087,0,5,4911,36,0.839,0.823,168,EDFSMode.RANDOM
805,0.55,3,0.0,0.7948690477453925,0,5,576,96,0.357,0.228,557,EDFSMode.RANDOM
806,0.55,3,0.0,0.7948690477453925,0,5,1505,5,0.662,0.561,988,EDFSMode.RANDOM
807,0.55,2,0.0,0.8374375664696125,0,4,3342,65,0.146,0.404,486,EDFSMode.RANDOM
808,0.56,1,0.3333333333333346,0.8974345238726962,0,2,2664,17,0.425,0.303,351,EDFSMode.RANDOM
809,0.55,498,0.0,0.0807163037330747,0,136,2158,52,0.878,0.646,853,EDFSMode.RANDOM
810,0.55,1,0.0,0.8974345238726962,0,3,1212,49,0.075,0.066,692,EDFSMode.RANDOM
811,0.56,6,0.3333333333333346,0.712062305760832,0,7,4221,83,0.619,0.968,303,EDFSMode.RANDOM
812,0.57,4,0.6666666666666654,0.7618503394145143,0,4,3916,25,0.254,0.944,103,EDFSMode.RANDOM
813,0.56,7,0.3333333333333346,0.6923035716180886,0,8,689,71,0.511,0.353,111,EDFSMode.RANDOM
814,0.55,1,0.0,0.8974345238726962,0,3,2253,30,0.441,0.937,539,EDFSMode.RANDOM
815,0.55,271,0.0,0.17050552302528177,0,124,2917,89,0.985,0.029,932,EDFSMode.RANDOM
816,0.55,89,0.0,0.33415999622643555,0,70,3559,43,0.707,0.18,799,EDFSMode.RANDOM
817,0.56,2,0.3333333333333346,0.8374375664696125,0,3,1567,76,0.224,0.769,407,EDFSMode.RANDOM
818,0.55,3,0.0,0.7948690477453925,0,5,5,24,0.794,0.44,244,EDFSMode.RANDOM
819,0.55,7,0.0,0.6923035716180886,0,9,4500,58,0.278,0.595,749,EDFSMode.RANDOM
820,0.55,7,0.0,0.6923035716180886,0,9,4473,8,0.761,0.351,968,EDFSMode.RANDOM
821,0.55,2,0.0,0.8374375664696125,0,4,57,74,0.31,0.692,462,EDFSMode.RANDOM
822,0.56,12,0.3333333333333346,0.620462638428473,0,13,1613,26,0.739,0.019,189,EDFSMode.RANDOM
823,0.55,2,0.0,0.8374375664696125,0,4,3527,93,0.193,0.923,581,EDFSMode.RANDOM
824,0.55,1,0.0,0.8974345238726962,0,3,2969,39,0.471,0.775,671,EDFSMode.RANDOM
825,0.55,8,0.0,0.6748751329392251,0,10,2225,80,0.956,0.182,279,EDFSMode.RANDOM
826,0.55,1,0.0,0.8974345238726962,0,3,657,20,0.027,0.608,372,EDFSMode.RANDOM
827,0.55,80,0.0,0.34975026587845015,0,61,3897,62,0.541,0.45,877,EDFSMode.RANDOM
828,0.56,2,0.3333333333333346,0.8374375664696125,0,3,4619,30,0.164,0.24,266,EDFSMode.RANDOM
829,0.55,146,0.0,0.2615621779912767,0,96,1186,99,0.59,0.817,910,EDFSMode.RANDOM
830,0.55,3,0.0,0.7948690477453925,0,5,2127,2,0.394,0.395,635,EDFSMode.RANDOM
831,0.57,9,0.6666666666666654,0.6592848632872105,0,9,2711,67,0.908,0.547,133,EDFSMode.RANDOM
832,0.56,2,0.3333333333333346,0.8374375664696125,0,3,3316,15,0.629,0.652,226,EDFSMode.RANDOM
833,0.55,1,0.0,0.8974345238726962,0,3,1556,54,0.178,0.305,727,EDFSMode.RANDOM
834,0.55,284,0.0,0.1635971979135118,0,125,622,46,0.872,0.982,818,EDFSMode.RANDOM
835,0.56,3,0.3333333333333346,0.7948690477453925,0,4,4879,86,0.325,0.076,429,EDFSMode.RANDOM
836,0.55,2,0.0,0.8374375664696125,0,4,4810,47,0.599,0.569,551,EDFSMode.RANDOM
837,0.56,2,0.3333333333333346,0.8374375664696125,0,3,316,85,0.083,0.474,162,EDFSMode.RANDOM
838,0.55,2,0.0,0.8374375664696125,0,4,1257,16,0.902,0.8,492,EDFSMode.RANDOM
839,0.55,2,0.0,0.8374375664696125,0,4,3248,53,0.419,0.142,994,EDFSMode.RANDOM
840,0.55,1,0.0,0.8974345238726962,0,3,2602,4,0.137,0.059,847,EDFSMode.RANDOM
841,0.56,4,0.3333333333333346,0.7618503394145143,0,5,1938,65,0.681,0.898,345,EDFSMode.RANDOM
842,0.56,2,0.3333333333333346,0.8374375664696125,0,3,1004,35,0.362,0.327,309,EDFSMode.RANDOM
843,0.55,258,0.0,0.17775224095211362,0,120,4166,97,0.815,0.731,698,EDFSMode.RANDOM
844,0.56,2,0.3333333333333346,0.8374375664696125,0,3,4975,13,0.452,0.957,416,EDFSMode.RANDOM
845,0.55,31,0.0,0.4871726193634811,0,31,907,57,0.799,0.099,608,EDFSMode.RANDOM
846,0.55,14,0.0,0.5992879058841268,0,16,2463,44,0.245,0.674,940,EDFSMode.RANDOM
847,0.55,3,0.0,0.7948690477453925,0,5,2970,76,0.699,0.268,548,EDFSMode.RANDOM
848,0.56,7,0.3333333333333346,0.6923035716180886,0,8,3662,32,0.981,0.432,399,EDFSMode.RANDOM
849,0.55,86,0.0,0.33917643268696007,0,67,1825,88,0.466,0.525,791,EDFSMode.RANDOM
850,0.55,1,0.0,0.8974345238726962,0,3,975,35,0.084,0.824,831,EDFSMode.RANDOM
851,0.56,5,0.3333333333333346,0.7348720903423087,0,6,4214,98,0.598,0.234,432,EDFSMode.RANDOM
852,0.55,1,0.0,0.8974345238726962,0,3,3965,19,0.036,0.443,963,EDFSMode.RANDOM
853,0.55,3,0.0,0.7948690477453925,0,5,878,63,0.521,0.6,455,EDFSMode.RANDOM
854,0.56,3,0.3333333333333346,0.7948690477453925,0,4,2434,38,0.467,0.173,193,EDFSMode.RANDOM
855,0.55,293,0.0,0.15899670186397286,0,128,3019,82,0.98,0.769,589,EDFSMode.RANDOM
856,0.55,7,0.0,0.6923035716180886,0,9,3633,26,0.698,0.929,668,EDFSMode.RANDOM
857,0.56,4,0.3333333333333346,0.7618503394145143,0,5,1873,94,0.247,0.028,272,EDFSMode.RANDOM
858,0.55,1,0.0,0.8974345238726962,0,3,305,7,0.8,0.7,377,EDFSMode.RANDOM
859,0.55,9,0.0,0.6592848632872105,0,11,4562,75,0.253,0.359,885,EDFSMode.RANDOM
860,0.55,11,0.0,0.6323066142150049,0,13,4438,28,0.645,0.092,628,EDFSMode.RANDOM
861,0.55,143,0.0,0.2646132284300099,0,94,204,90,0.646,0.834,771,EDFSMode.RANDOM
862,0.55,10,0.0,0.6451817489046163,0,12,1760,11,0.343,0.375,779,EDFSMode.RANDOM
863,0.56,63,0.3333333333333346,0.3846071432361773,0,22,3673,72,0.859,0.535,386,EDFSMode.RANDOM
864,0.55,1,0.0,0.8974345238726962,0,3,3115,24,0.572,0.633,533,EDFSMode.RANDOM
865,0.55,1,0.0,0.8974345238726962,0,3,2372,59,0.119,0.293,925,EDFSMode.RANDOM
866,0.55,147,0.0,0.2605589829366741,0,97,803,43,0.921,0.996,624,EDFSMode.RANDOM
867,0.58,7,1.0,0.6923035716180886,0,5,4044,77,0.377,0.094,119,EDFSMode.RANDOM
868,0.55,18,0.0,0.5643092920293851,0,20,4107,6,0.938,0.364,713,EDFSMode.RANDOM
869,0.56,4,0.3333333333333346,0.7618503394145143,0,5,1019,64,0.485,0.71,324,EDFSMode.RANDOM
870,0.56,13,0.3333333333333346,0.6094968296335282,0,14,1960,37,0.555,0.002,331,EDFSMode.RANDOM
871,0.55,3,0.0,0.7948690477453925,0,5,2546,96,0.01,0.907,832,EDFSMode.RANDOM
872,0.55,2,0.0,0.8374375664696125,0,4,3149,50,0.296,0.759,981,EDFSMode.RANDOM
873,0.55,5,0.0,0.7348720903423087,0,7,1391,83,0.779,0.167,480,EDFSMode.RANDOM
874,0.56,1,0.3333333333333346,0.8974345238726962,0,2,457,18,0.21,0.622,176,EDFSMode.RANDOM
875,0.55,3,0.0,0.7948690477453925,0,5,4712,52,0.726,0.468,565,EDFSMode.RANDOM
876,0.55,88,0.0,0.3358133173794329,0,69,4726,18,0.996,0.871,890,EDFSMode.RANDOM
877,0.55,621,0.0,0.04811332713319094,0,139,483,57,0.999,0.117,805,EDFSMode.RANDOM
878,0.55,1,0.0,0.8974345238726962,0,3,1424,44,0.055,0.657,741,EDFSMode.RANDOM
879,0.56,5,0.3333333333333346,0.7348720903423087,0,6,3414,88,0.506,0.252,239,EDFSMode.RANDOM
880,0.57,4,0.6666666666666654,0.7618503394145143,0,4,2769,32,0.781,0.416,148,EDFSMode.RANDOM
881,0.55,2,0.0,0.8374375664696125,0,4,2103,100,0.267,0.51,650,EDFSMode.RANDOM
882,0.55,3,0.0,0.7948690477453925,0,5,1169,1,0.712,0.216,895,EDFSMode.RANDOM
883,0.55,1,0.0,0.8974345238726962,0,3,4333,69,0.228,0.874,507,EDFSMode.RANDOM
884,0.55,30,0.0,0.4918704965970384,0,30,3770,41,0.664,0.583,862,EDFSMode.RANDOM
885,0.56,2,0.3333333333333346,0.8374375664696125,0,3,760,79,0.15,0.491,357,EDFSMode.RANDOM
886,0.55,2,0.0,0.8374375664696125,0,4,2317,22,0.829,0.781,295,EDFSMode.RANDOM
887,0.55,2,0.0,0.8374375664696125,0,4,2824,61,0.345,0.129,687,EDFSMode.RANDOM
888,0.55,1,0.0,0.8974345238726962,0,3,3515,10,0.07,0.04,595,EDFSMode.RANDOM
889,0.56,5,0.3333333333333346,0.7348720903423087,0,6,1678,73,0.617,0.886,202,EDFSMode.RANDOM
890,0.55,1,0.0,0.8974345238726962,0,3,110,29,0.437,0.342,450,EDFSMode.RANDOM
891,0.55,155,0.0,0.25276925264347805,0,102,4444,91,0.888,0.748,955,EDFSMode.RANDOM
892,0.55,1,0.0,0.8974345238726962,0,3,4556,7,0.026,0.95,760,EDFSMode.RANDOM
893,0.56,3,0.3333333333333346,0.7948690477453925,0,4,101,91,0.161,0.998,127,EDFSMode.RANDOM
894,0.55,1,0.0,0.8974345238726962,0,3,1668,10,0.855,0.29,527,EDFSMode.RANDOM
895,0.55,43,0.0,0.4400507966500088,0,40,3502,73,0.342,0.636,916,EDFSMode.RANDOM
896,0.55,7,0.0,0.6923035716180886,0,9,2818,22,0.121,0.531,783,EDFSMode.RANDOM
897,0.55,14,0.0,0.5992879058841268,0,16,2308,60,0.573,0.379,394,EDFSMode.RANDOM
898,0.56,2,0.3333333333333346,0.8374375664696125,0,3,749,40,0.377,0.833,260,EDFSMode.RANDOM
899,0.55,268,0.0,0.1721466197407675,0,123,3756,79,0.924,0.241,762,EDFSMode.RANDOM
900,0.56,2,0.3333333333333346,0.8374375664696125,0,3,4326,1,0.488,0.466,181,EDFSMode.RANDOM
901,0.55,4,0.0,0.7618503394145143,0,6,1160,69,0.939,0.624,573,EDFSMode.RANDOM
902,0.55,0,0.0,1.0,1,1,2092,32,0.011,0.167,975,EDFSMode.RANDOM
903,0.55,5,0.0,0.7348720903423087,0,7,2755,100,0.558,0.76,470,EDFSMode.RANDOM
904,0.56,5,0.3333333333333346,0.7348720903423087,0,6,3408,44,0.778,0.907,335,EDFSMode.RANDOM
905,0.55,35,0.0,0.46974418068461754,0,35,1415,88,0.294,0.003,841,EDFSMode.RANDOM
906,0.55,47,0.0,0.42717566196039736,0,43,472,13,0.723,0.707,708,EDFSMode.RANDOM
907,0.56,3,0.3333333333333346,0.7948690477453925,0,4,4961,56,0.209,0.367,315,EDFSMode.RANDOM
908,0.55,34,0.0,0.47391264517534637,0,34,4922,49,0.361,0.232,822,EDFSMode.RANDOM
909,0.55,2,0.0,0.8374375664696125,0,4,468,51,0.451,0.219,497,EDFSMode.RANDOM
910,0.57,6,0.6666666666666654,0.712062305760832,0,6,1399,49,0.505,0.51,153,EDFSMode.RANDOM
911,0.55,2,0.0,0.8374375664696125,0,4,3155,83,0.052,0.417,658,EDFSMode.RANDOM
912,0.55,5,0.0,0.7348720903423087,0,7,2559,36,0.268,0.252,735,EDFSMode.RANDOM
913,0.56,13,0.3333333333333346,0.6094968296335282,0,14,1971,96,0.784,0.658,230,EDFSMode.RANDOM
914,0.56,1,0.3333333333333346,0.8974345238726962,0,2,1027,5,0.231,0.115,421,EDFSMode.RANDOM
915,0.55,93,0.0,0.32772547360896576,0,72,4113,64,0.713,0.959,813,EDFSMode.RANDOM
916,0.55,2,0.0,0.8374375664696125,0,4,4058,42,0.151,0.747,444,EDFSMode.RANDOM
917,0.55,123,0.0,0.2867395443424309,0,84,814,77,0.667,0.343,945,EDFSMode.RANDOM
918,0.55,1,0.0,0.8974345238726962,0,3,2380,24,0.348,0.882,600,EDFSMode.RANDOM
919,0.56,14,0.3333333333333346,0.5992879058841268,0,15,3121,58,0.83,0.044,211,EDFSMode.RANDOM
920,0.56,2,0.3333333333333346,0.8374375664696125,0,3,3686,11,0.614,0.126,289,EDFSMode.RANDOM
921,0.55,1,0.0,0.8974345238726962,0,3,1771,71,0.069,0.784,678,EDFSMode.RANDOM
922,0.55,117,0.0,0.2940784386279247,0,81,212,30,0.887,0.489,867,EDFSMode.RANDOM
923,0.56,4,0.3333333333333346,0.7618503394145143,0,5,4625,90,0.434,0.585,365,EDFSMode.RANDOM
924,0.56,3,0.3333333333333346,0.7948690477453925,0,4,4462,21,0.282,0.688,241,EDFSMode.RANDOM
925,0.55,4,0.0,0.7618503394145143,0,6,296,75,0.539,0.109,248,EDFSMode.RANDOM
926,0.56,6,0.3333333333333346,0.712062305760832,0,7,1862,26,0.47,0.68,396,EDFSMode.RANDOM
927,0.55,860,0.0,0.0,0,140,3619,94,0.954,0.278,796,EDFSMode.RANDOM
928,0.55,68,0.0,0.3734762806552673,0,56,3012,38,0.742,0.422,943,EDFSMode.RANDOM
929,0.55,2,0.0,0.8374375664696125,0,4,2425,81,0.195,0.519,543,EDFSMode.RANDOM
930,0.57,4,0.6666666666666654,0.7618503394145143,0,4,867,19,0.763,0.193,101,EDFSMode.RANDOM
931,0.55,2,0.0,0.8374375664696125,0,4,3951,63,0.312,0.85,613,EDFSMode.RANDOM
932,0.56,5,0.3333333333333346,0.7348720903423087,0,6,4208,35,0.874,0.575,307,EDFSMode.RANDOM
933,0.55,12,0.0,0.620462638428473,0,14,966,98,0.327,0.484,702,EDFSMode.RANDOM
934,0.55,4,0.0,0.7618503394145143,0,6,1897,3,0.631,0.806,850,EDFSMode.RANDOM
935,0.56,2,0.3333333333333346,0.8374375664696125,0,3,2637,66,0.18,0.151,341,EDFSMode.RANDOM
936,0.55,2,0.0,0.8374375664696125,0,4,3213,15,0.392,0.049,489,EDFSMode.RANDOM
937,0.55,8,0.0,0.6748751329392251,0,10,1297,54,0.905,0.892,998,EDFSMode.RANDOM
938,0.55,1,0.0,0.8974345238726962,0,3,354,47,0.103,0.317,554,EDFSMode.RANDOM
939,0.57,8,0.6666666666666654,0.6748751329392251,0,8,4767,85,0.587,0.725,158,EDFSMode.RANDOM
940,0.56,1,0.3333333333333346,0.8974345238726962,0,2,4818,35,0.072,0.47,432,EDFSMode.RANDOM
941,0.55,5,0.0,0.7348720903423087,0,7,584,83,0.814,0.827,426,EDFSMode.RANDOM
942,0.56,2,0.3333333333333346,0.8374375664696125,0,3,1516,17,0.135,0.4,221,EDFSMode.RANDOM
943,0.55,147,0.0,0.2605589829366741,0,97,3351,52,0.68,0.557,730,EDFSMode.RANDOM
944,0.55,16,0.0,0.580767427534497,0,18,2675,5,0.904,0.642,639,EDFSMode.RANDOM
945,0.56,6,0.3333333333333346,0.712062305760832,0,7,2167,65,0.421,0.299,131,EDFSMode.RANDOM
946,0.55,2,0.0,0.8374375664696125,0,4,1224,36,0.601,0.972,517,EDFSMode.RANDOM
947,0.55,1,0.0,0.8974345238726962,0,3,4229,96,0.086,0.07,913,EDFSMode.RANDOM
948,0.56,2,0.3333333333333346,0.8374375664696125,0,3,3862,24,0.522,0.357,367,EDFSMode.RANDOM
949,0.55,1,0.0,0.8974345238726962,0,3,697,58,0.039,0.702,879,EDFSMode.RANDOM
950,0.55,142,0.0,0.2656443873330895,0,93,2263,43,0.983,0.025,676,EDFSMode.RANDOM
951,0.56,4,0.3333333333333346,0.7618503394145143,0,5,2926,76,0.468,0.933,277,EDFSMode.RANDOM
952,0.56,2,0.3333333333333346,0.8374375664696125,0,3,3570,30,0.243,0.765,184,EDFSMode.RANDOM
953,0.55,4,0.0,0.7618503394145143,0,6,1576,89,0.696,0.176,584,EDFSMode.RANDOM
954,0.55,1,0.0,0.8974345238726962,0,3,17,11,0.252,0.599,971,EDFSMode.RANDOM
955,0.55,6,0.0,0.712062305760832,0,8,4508,71,0.796,0.444,459,EDFSMode.RANDOM
956,0.58,7,1.0,0.6923035716180886,0,5,4657,40,0.918,0.329,119,EDFSMode.RANDOM
957,0.55,127,0.0,0.2820416671088736,0,87,48,62,0.767,0.347,753,EDFSMode.RANDOM
958,0.55,17,0.0,0.5723096568119213,0,19,1602,39,0.213,0.927,802,EDFSMode.RANDOM
959,0.56,5,0.3333333333333346,0.7348720903423087,0,6,3518,80,0.726,0.023,402,EDFSMode.RANDOM
960,0.55,2,0.0,0.8374375664696125,0,4,2957,26,0.95,0.186,537,EDFSMode.RANDOM
961,0.55,88,0.0,0.3358133173794329,0,69,2217,93,0.499,0.779,937,EDFSMode.RANDOM
962,0.55,1,0.0,0.8974345238726962,0,3,646,8,0.554,0.446,619,EDFSMode.RANDOM
963,0.57,4,0.6666666666666654,0.7618503394145143,0,4,3889,74,0.007,0.604,107,EDFSMode.RANDOM
964,0.55,79,0.0,0.35158843490529923,0,60,4261,46,0.568,0.813,695,EDFSMode.RANDOM
965,0.56,2,0.3333333333333346,0.8374375664696125,0,3,1177,86,0.117,0.222,299,EDFSMode.RANDOM
966,0.55,1,0.0,0.8974345238726962,0,3,2116,15,0.937,0.551,349,EDFSMode.RANDOM
967,0.55,23,0.0,0.5297411380877012,0,24,2702,54,0.39,0.399,857,EDFSMode.RANDOM
968,0.55,1,0.0,0.8974345238726962,0,3,3304,2,0.166,0.309,990,EDFSMode.RANDOM
969,0.55,4,0.0,0.7618503394145143,0,6,1548,67,0.65,0.655,481,EDFSMode.RANDOM
970,0.56,2,0.3333333333333346,0.8374375664696125,0,3,611,33,0.33,0.072,166,EDFSMode.RANDOM
971,0.55,5,0.0,0.7348720903423087,0,7,4871,99,0.843,0.978,562,EDFSMode.RANDOM
972,0.56,3,0.3333333333333346,0.7948690477453925,0,4,2593,20,0.689,0.455,114,EDFSMode.RANDOM
973,0.55,90,0.0,0.3325249441893051,0,71,327,97,0.617,0.565,828,EDFSMode.RANDOM
974,0.55,6,0.0,0.712062305760832,0,8,1266,4,0.423,0.146,723,EDFSMode.RANDOM
975,0.56,7,0.3333333333333346,0.6923035716180886,0,8,3259,66,0.876,0.804,215,EDFSMode.RANDOM
976,0.56,3,0.3333333333333346,0.7948690477453925,0,4,2611,16,0.663,0.902,137,EDFSMode.RANDOM
977,0.55,1,0.0,0.8974345238726962,0,3,1948,53,0.148,0.063,645,EDFSMode.RANDOM
978,0.55,149,0.0,0.2585727691713373,0,99,1012,47,0.841,0.727,907,EDFSMode.RANDOM
979,0.55,2,0.0,0.8374375664696125,0,4,4177,85,0.359,0.323,511,EDFSMode.RANDOM
980,0.55,46,0.0,0.4302909497362696,0,42,3924,13,0.796,0.095,887,EDFSMode.RANDOM
981,0.56,2,0.3333333333333346,0.8374375664696125,0,3,918,69,0.281,0.94,375,EDFSMode.RANDOM
982,0.56,2,0.3333333333333346,0.8374375664696125,0,3,2472,31,0.709,0.272,269,EDFSMode.RANDOM
983,0.55,2,0.0,0.8374375664696125,0,4,2980,88,0.226,0.678,668,EDFSMode.RANDOM
984,0.55,2,0.0,0.8374375664696125,0,4,3671,44,0.439,0.529,591,EDFSMode.RANDOM
985,0.56,9,0.3333333333333346,0.6592848632872105,0,10,1835,76,0.984,0.436,192,EDFSMode.RANDOM
986,0.55,1,0.0,0.8974345238726962,0,3,264,25,0.057,0.851,452,EDFSMode.RANDOM
987,0.55,29,0.0,0.496722429756823,0,29,4603,57,0.51,0.199,964,EDFSMode.RANDOM
988,0.55,2,0.0,0.8374375664696125,0,4,2864,44,0.899,0.508,524,EDFSMode.RANDOM
989,0.55,2,0.0,0.8374375664696125,0,4,166,79,0.404,0.737,620,EDFSMode.RANDOM
990,0.55,23,0.0,0.5297411380877012,0,24,1720,21,0.583,0.038,924,EDFSMode.RANDOM
991,0.55,1,0.0,0.8974345238726962,0,3,3713,61,0.099,0.881,535,EDFSMode.RANDOM
992,0.56,1,0.3333333333333346,0.8974345238726962,0,2,3075,8,0.315,0.794,387,EDFSMode.RANDOM
993,0.55,143,0.0,0.2646132284300099,0,94,2411,74,0.862,0.139,776,EDFSMode.RANDOM
994,0.55,1,0.0,0.8974345238726962,0,3,840,27,0.184,0.586,769,EDFSMode.RANDOM
995,0.56,6,0.3333333333333346,0.712062305760832,0,7,4007,92,0.635,0.495,268,EDFSMode.RANDOM
996,0.55,1,0.0,0.8974345238726962,0,3,4066,14,0.198,0.205,567,EDFSMode.RANDOM
997,0.56,6,0.3333333333333346,0.712062305760832,0,7,1059,55,0.745,0.862,175,EDFSMode.RANDOM
998,0.55,2,0.0,0.8374375664696125,0,4,1998,46,0.301,0.411,476,EDFSMode.RANDOM
999,0.55,43,0.0,0.4400507966500088,0,40,2507,87,0.752,0.508,981,EDFSMode.RANDOM
1000,0.56,2,0.3333333333333346,0.8374375664696125,0,3,4041,46,0.344,0.875,380,EDFSMode.RANDOM
1001,0.55,86,0.0,0.33917643268696007,0,67,22,81,0.576,0.151,811,EDFSMode.RANDOM
1002,0.55,6,0.0,0.712062305760832,0,8,2465,11,0.205,0.551,761,EDFSMode.RANDOM
1003,0.56,6,0.3333333333333346,0.712062305760832,0,7,3476,65,0.998,0.296,319,EDFSMode.RANDOM
1004,0.56,2,0.3333333333333346,0.8374375664696125,0,3,2716,35,0.289,0.719,304,EDFSMode.RANDOM
1005,0.55,2,0.0,0.8374375664696125,0,4,1474,55,0.484,0.696,556,EDFSMode.RANDOM
1006,0.55,75,0.0,0.3591783397747774,0,58,1023,37,0.859,0.101,946,EDFSMode.RANDOM
1007,0.55,1,0.0,0.8974345238726962,0,3,4915,90,0.093,0.871,514,EDFSMode.RANDOM
1008,0.55,21,0.0,0.5426162727773125,0,22,4490,5,0.792,0.642,871,EDFSMode.RANDOM
1009,0.56,1,0.3333333333333346,0.8974345238726962,0,2,823,71,0.006,0.386,434,EDFSMode.RANDOM
1010,0.56,3,0.3333333333333346,0.7948690477453925,0,4,1665,40,0.65,0.786,266,EDFSMode.RANDOM
1011,0.55,3,0.0,0.7948690477453925,0,5,3027,87,0.426,0.063,700,EDFSMode.RANDOM
1012,0.55,1,0.0,0.8974345238726962,0,3,3432,31,0.136,0.191,609,EDFSMode.RANDOM
1013,0.56,10,0.3333333333333346,0.6451817489046163,0,11,1884,96,0.91,0.962,175,EDFSMode.RANDOM
1014,0.55,1,0.0,0.8974345238726962,0,3,613,14,0.309,0.367,454,EDFSMode.RANDOM
1015,0.55,78,0.0,0.35344972616108417,0,59,4075,61,0.521,0.607,892,EDFSMode.RANDOM
1016,0.56,1,0.3333333333333346,0.8974345238726962,0,2,4238,16,0.056,0.09,279,EDFSMode.RANDOM
1017,0.55,126,0.0,0.28320222759761593,0,86,454,57,0.772,0.812,742,EDFSMode.RANDOM
1018,0.55,25,0.0,0.5178971623011692,0,26,2034,29,0.385,0.483,802,EDFSMode.RANDOM
1019,0.56,5,0.3333333333333346,0.7348720903423087,0,6,3279,100,0.664,0.738,335,EDFSMode.RANDOM
1020,0.56,1,0.3333333333333346,0.8974345238726962,0,2,3070,3,0.126,0.308,348,EDFSMode.RANDOM
1021,0.55,2,0.0,0.8374375664696125,0,4,1824,84,0.18,0.269,991,EDFSMode.RANDOM
1022,0.55,0,0.0,1.0,1,1,673,1,0.539,0.933,596,EDFSMode.RANDOM
1023,0.57,5,0.6666666666666654,0.7348720903423087,0,5,4643,73,0.256,0.164,132,EDFSMode.RANDOM
1024,0.55,2,0.0,0.8374375664696125,0,4,4765,35,0.613,0.324,690,EDFSMode.RANDOM
1025,0.56,5,0.3333333333333346,0.7348720903423087,0,6,1177,94,0.342,0.579,221,EDFSMode.RANDOM
1026,0.56,9,0.3333333333333346,0.6592848632872105,0,10,1311,23,0.939,0.25,394,EDFSMode.RANDOM
1027,0.55,6,0.0,0.712062305760832,0,8,2752,51,0.232,0.973,853,EDFSMode.RANDOM
1028,0.55,6,0.0,0.712062305760832,0,8,3626,7,0.455,0.774,931,EDFSMode.RANDOM
1029,0.55,3,0.0,0.7948690477453925,0,5,2312,67,0.746,0.004,472,EDFSMode.RANDOM
1030,0.56,1,0.3333333333333346,0.8974345238726962,0,2,185,50,0.098,0.669,185,EDFSMode.RANDOM
1031,0.55,211,0.0,0.20738215910379554,0,115,3881,78,0.825,0.43,654,EDFSMode.RANDOM
1032,0.55,2,0.0,0.8374375664696125,0,4,3778,13,0.632,0.175,499,EDFSMode.RANDOM
1033,0.55,13,0.0,0.6094968296335282,0,15,287,66,0.415,0.914,959,EDFSMode.RANDOM
1034,0.55,2,0.0,0.8374375664696125,0,4,2218,44,0.804,0.257,571,EDFSMode.RANDOM
1035,0.57,4,0.6666666666666654,0.7618503394145143,0,4,3717,79,0.026,0.528,101,EDFSMode.RANDOM
1036,0.55,1,0.0,0.8974345238726962,0,3,2506,45,0.014,0.811,765,EDFSMode.RANDOM
1037,0.55,94,0.0,0.32615963144389926,0,73,1343,89,0.509,0.495,774,EDFSMode.RANDOM
1038,0.55,5,0.0,0.7348720903423087,0,7,1171,22,0.148,0.832,826,EDFSMode.RANDOM
1039,0.56,4,0.3333333333333346,0.7618503394145143,0,5,4770,56,0.929,0.077,366,EDFSMode.RANDOM
1040,0.55,2,0.0,0.8374375664696125,0,4,4579,38,0.202,0.41,907,EDFSMode.RANDOM
1041,0.55,7,0.0,0.6923035716180886,0,9,736,85,0.971,0.681,441,EDFSMode.RANDOM
1042,0.57,2,0.6666666666666654,0.8374375664696125,0,2,1769,7,0.372,0.023,160,EDFSMode.RANDOM
1043,0.55,24,0.0,0.5237006788290286,0,25,2916,72,0.581,0.763,622,EDFSMode.RANDOM
1044,0.55,41,0.0,0.4469343961031408,0,38,3126,16,0.855,0.985,715,EDFSMode.RANDOM
1045,0.55,1,0.0,0.8974345238726962,0,3,2183,62,0.066,0.23,252,EDFSMode.RANDOM
1046,0.55,2,0.0,0.8374375664696125,0,4,331,29,0.716,0.568,419,EDFSMode.RANDOM
1047,0.55,121,0.0,0.28914562505958075,0,83,4359,95,0.487,0.343,885,EDFSMode.RANDOM
1048,0.57,5,0.6666666666666654,0.7348720903423087,0,5,4205,27,0.966,0.851,146,EDFSMode.RANDOM
1049,0.55,2,0.0,0.8374375664696125,0,4,479,99,0.235,0.113,581,EDFSMode.RANDOM
1050,0.55,7,0.0,0.6923035716180886,0,9,2025,18,0.609,0.715,977,EDFSMode.RANDOM
1051,0.55,2,0.0,0.8374375664696125,0,4,3290,58,0.314,0.444,539,EDFSMode.RANDOM
1052,0.55,15,0.0,0.5897380954907849,0,17,2938,19,0.334,0.225,781,EDFSMode.RANDOM
1053,0.55,136,0.0,0.2719869598442757,0,89,1620,74,0.829,0.532,786,EDFSMode.RANDOM
1054,0.55,49,0.0,0.4211352027017248,0,45,894,42,0.452,0.14,729,EDFSMode.RANDOM
1055,0.56,6,0.3333333333333346,0.712062305760832,0,7,4415,83,0.719,0.894,294,EDFSMode.RANDOM
1056,0.55,4,0.0,0.7618503394145143,0,6,4927,24,0.396,0.618,641,EDFSMode.RANDOM
1057,0.56,5,0.3333333333333346,0.7348720903423087,0,6,1007,52,0.683,0.348,200,EDFSMode.RANDOM
1058,0.55,1,0.0,0.8974345238726962,0,3,1498,33,0.036,0.949,486,EDFSMode.RANDOM
1059,0.55,141,0.0,0.26668278249818345,0,92,2568,93,0.759,0.211,916,EDFSMode.RANDOM
1060,0.55,37,0.0,0.46174381590208124,0,36,3558,48,0.552,0.044,840,EDFSMode.RANDOM
1061,0.55,2,0.0,0.8374375664696125,0,4,2382,77,0.276,0.797,409,EDFSMode.RANDOM
1062,0.55,1,0.0,0.8974345238726962,0,3,133,9,0.88,0.406,234,EDFSMode.RANDOM
1063,0.55,1,0.0,0.8974345238726962,0,3,3927,68,0.169,0.63,675,EDFSMode.RANDOM
1064,0.55,28,0.0,0.5017388662173474,0,28,3949,21,0.917,0.357,967,EDFSMode.RANDOM
1065,0.55,1,0.0,0.8974345238726962,0,3,116,55,0.128,0.616,505,EDFSMode.RANDOM
1066,0.56,4,0.3333333333333346,0.7618503394145143,0,5,2398,36,0.529,0.213,110,EDFSMode.RANDOM
1067,0.55,2,0.0,0.8374375664696125,0,4,3536,89,0.3,0.94,576,EDFSMode.RANDOM
1068,0.55,1,0.0,0.8974345238726962,0,3,2812,10,0.979,0.014,561,EDFSMode.RANDOM
1069,0.56,7,0.3333333333333346,0.6923035716180886,0,8,1554,80,0.784,0.037,299,EDFSMode.RANDOM
1070,0.56,1,0.3333333333333346,0.8974345238726962,0,2,951,12,0.434,0.636,358,EDFSMode.RANDOM
1071,0.55,72,0.0,0.3651376969739929,0,57,4989,65,0.643,0.392,820,EDFSMode.RANDOM
1072,0.55,2,0.0,0.8374375664696125,0,4,4398,30,0.476,0.122,445,EDFSMode.RANDOM
1073,0.55,151,0.0,0.2566128636474736,0,100,917,95,0.696,0.85,916,EDFSMode.RANDOM
1074,0.55,1,0.0,0.8974345238726962,0,3,1598,15,0.085,0.446,628,EDFSMode.RANDOM
1075,0.56,7,0.3333333333333346,0.6923035716180886,0,8,3087,62,0.867,0.706,169,EDFSMode.RANDOM
1076,0.56,2,0.3333333333333346,0.8374375664696125,0,3,3345,6,0.569,0.546,247,EDFSMode.RANDOM
1077,0.55,7,0.0,0.6923035716180886,0,9,1964,71,0.353,0.302,706,EDFSMode.RANDOM
1078,0.55,176,0.0,0.23408148122484107,0,107,541,39,0.991,0.9,880,EDFSMode.RANDOM
1079,0.56,2,0.3333333333333346,0.8374375664696125,0,3,4150,86,0.213,0.126,410,EDFSMode.RANDOM
1080,0.55,2,0.0,0.8374375664696125,0,4,4298,41,0.739,0.678,586,EDFSMode.RANDOM
1081,0.56,5,0.3333333333333346,0.7348720903423087,0,6,386,82,0.464,0.42,155,EDFSMode.RANDOM
1082,0.55,0,0.0,1.0,1,1,2128,4,0.817,0.753,544,EDFSMode.RANDOM
1083,0.55,1,0.0,0.8974345238726962,0,3,3188,75,0.106,0.026,986,EDFSMode.RANDOM
1084,0.55,3,0.0,0.7948690477453925,0,5,3006,28,0.675,0.959,999,EDFSMode.RANDOM
1085,0.56,3,0.3333333333333346,0.7948690477453925,0,4,1752,59,0.62,0.998,340,EDFSMode.RANDOM
1086,0.56,2,0.3333333333333346,0.8374375664696125,0,3,753,26,0.224,0.33,289,EDFSMode.RANDOM
1087,0.55,292,0.0,0.1595008614786958,0,127,4557,98,0.947,0.573,720,EDFSMode.RANDOM
1088,0.56,2,0.3333333333333346,0.8374375664696125,0,3,4825,10,0.188,0.912,208,EDFSMode.RANDOM
1089,0.55,200,0.0,0.2152662404196204,0,111,1109,69,0.891,0.185,647,EDFSMode.RANDOM
1090,0.55,16,0.0,0.580767427534497,0,18,1405,47,0.265,0.518,925,EDFSMode.RANDOM
1091,0.55,3,0.0,0.7948690477453925,0,5,2660,76,0.532,0.259,490,EDFSMode.RANDOM
1092,0.56,5,0.3333333333333346,0.7348720903423087,0,6,3700,32,0.779,0.489,400,EDFSMode.RANDOM
1093,0.55,4,0.0,0.7618503394145143,0,6,2240,92,0.048,0.732,835,EDFSMode.RANDOM
1094,0.55,8,0.0,0.6748751329392251,0,10,265,25,0.671,0.064,667,EDFSMode.RANDOM
1095,0.56,3,0.3333333333333346,0.7948690477453925,0,4,3795,53,0.376,0.838,228,EDFSMode.RANDOM
1096,0.55,4,0.0,0.7618503394145143,0,6,3860,38,0.074,0.593,806,EDFSMode.RANDOM
1097,0.55,5,0.0,0.7348720903423087,0,7,203,91,0.847,0.318,371,EDFSMode.RANDOM
1098,0.55,1,0.0,0.8974345238726962,0,3,2294,19,0.496,0.979,314,EDFSMode.RANDOM
1099,0.55,100,0.0,0.31709736911528086,0,78,3647,54,0.708,0.236,752,EDFSMode.RANDOM
1100,0.55,84,0.0,0.34261776694901125,0,65,2623,29,0.816,0.36,824,EDFSMode.RANDOM
1101,0.57,4,0.6666666666666654,0.7618503394145143,0,4,1255,64,0.193,0.773,123,EDFSMode.RANDOM
1102,0.55,2,0.0,0.8374375664696125,0,4,1233,47,0.588,0.431,520,EDFSMode.RANDOM
1103,0.55,16,0.0,0.580767427534497,0,18,4705,81,0.364,0.659,954,EDFSMode.RANDOM
1104,0.56,1,0.3333333333333346,0.8974345238726962,0,2,4661,13,0.502,0.826,425,EDFSMode.RANDOM
1105,0.55,14,0.0,0.5992879058841268,0,16,652,60,0.297,0.083,867,EDFSMode.RANDOM
1106,0.55,98,0.0,0.3200568818438415,0,76,1845,32,0.922,0.744,691,EDFSMode.RANDOM
1107,0.56,2,0.3333333333333346,0.8374375664696125,0,3,2846,97,0.156,0.469,260,EDFSMode.RANDOM
1108,0.56,3,0.3333333333333346,0.7948690477453925,0,4,3222,41,0.407,0.278,183,EDFSMode.RANDOM
1109,0.55,28,0.0,0.5017388662173474,0,28,2094,87,0.639,0.507,615,EDFSMode.RANDOM
1110,0.55,1,0.0,0.8974345238726962,0,3,393,4,0.018,0.165,901,EDFSMode.RANDOM
1111,0.55,5,0.0,0.7348720903423087,0,7,4295,70,0.811,0.924,459,EDFSMode.RANDOM
1112,0.55,2,0.0,0.8374375664696125,0,4,4136,2,0.268,0.381,733,EDFSMode.RANDOM
1113,0.56,4,0.3333333333333346,0.7618503394145143,0,5,556,74,0.559,0.655,274,EDFSMode.RANDOM
1114,0.56,2,0.3333333333333346,0.8374375664696125,0,3,1941,43,0.16,0.049,327,EDFSMode.RANDOM
1115,0.55,537,0.0,0.06958114361346379,0,138,3372,83,0.887,0.792,796,EDFSMode.RANDOM
1116,0.55,14,0.0,0.5992879058841268,0,16,2821,9,0.526,0.666,724,EDFSMode.RANDOM
1117,0.55,3,0.0,0.7948690477453925,0,5,1682,99,0.404,0.201,529,EDFSMode.RANDOM
1118,0.57,3,0.6666666666666654,0.7948690477453925,0,3,805,17,0.752,0.597,142,EDFSMode.RANDOM
1119,0.55,1,0.0,0.8974345238726962,0,3,4511,58,0.045,0.369,601,EDFSMode.RANDOM
1120,0.56,6,0.3333333333333346,0.712062305760832,0,7,4858,49,0.836,0.146,215,EDFSMode.RANDOM
1121,0.55,1,0.0,0.8974345238726962,0,3,1084,77,0.117,0.888,682,EDFSMode.RANDOM
1122,0.55,9,0.0,0.6592848632872105,0,11,1414,8,0.726,0.283,848,EDFSMode.RANDOM
1123,0.55,3,0.0,0.7948690477453925,0,5,2649,68,0.444,0.557,385,EDFSMode.RANDOM
1124,0.55,1,0.0,0.8974345238726962,0,3,3494,23,0.244,0.693,477,EDFSMode.RANDOM
1125,0.55,139,0.0,0.26878169292073884,0,91,2444,52,0.959,0.466,940,EDFSMode.RANDOM
1126,0.55,1,0.0,0.8974345238726962,0,3,43,34,0.322,0.861,660,EDFSMode.RANDOM
1127,0.56,8,0.3333333333333346,0.6748751329392251,0,9,4023,93,0.601,0.103,193,EDFSMode.RANDOM
1128,0.55,1,0.0,0.8974345238726962,0,3,3988,6,0.221,0.783,573,EDFSMode.RANDOM
1129,0.56,18,0.3333333333333346,0.5643092920293851,0,18,77,72,0.949,0.056,113,EDFSMode.RANDOM
1130,0.55,1,0.0,0.8974345238726962,0,3,2438,38,0.332,0.647,501,EDFSMode.RANDOM
1131,0.55,46,0.0,0.4302909497362696,0,42,3497,86,0.622,0.387,971,EDFSMode.RANDOM
1132,0.55,1,0.0,0.8974345238726962,0,3,2695,14,0.162,0.565,958,EDFSMode.RANDOM
1133,0.56,2,0.3333333333333346,0.8374375664696125,0,3,1436,95,0.108,0.604,354,EDFSMode.RANDOM
1134,0.56,2,0.3333333333333346,0.8374375664696125,0,3,1069,16,0.737,0.192,302,EDFSMode.RANDOM
1135,0.55,6,0.0,0.712062305760832,0,8,4872,63,0.466,0.967,762,EDFSMode.RANDOM
1136,0.57,5,0.6666666666666654,0.7348720903423087,0,5,4516,45,0.665,0.55,165,EDFSMode.RANDOM
1137,0.55,6,0.0,0.712062305760832,0,8,800,79,0.382,0.291,631,EDFSMode.RANDOM
1138,0.55,37,0.0,0.46174381590208124,0,36,1715,12,0.773,0.882,912,EDFSMode.RANDOM
1139,0.55,1,0.0,0.8974345238726962,0,3,2970,65,0.054,0.154,449,EDFSMode.RANDOM
1140,0.56,1,0.3333333333333346,0.8974345238726962,0,2,3384,22,0.259,0.096,414,EDFSMode.RANDOM
1141,0.55,23,0.0,0.5297411380877012,0,24,1924,57,0.538,0.87,876,EDFSMode.RANDOM
1142,0.55,2,0.0,0.8374375664696125,0,4,580,35,0.182,0.458,709,EDFSMode.RANDOM
1143,0.56,9,0.3333333333333346,0.6592848632872105,0,10,4110,88,0.897,0.703,243,EDFSMode.RANDOM
1144,0.55,6,0.0,0.712062305760832,0,8,4258,33,0.433,0.243,982,EDFSMode.RANDOM
1145,0.55,3,0.0,0.7948690477453925,0,5,426,92,0.645,0.97,547,EDFSMode.RANDOM
1146,0.55,1,0.0,0.8974345238726962,0,3,2089,25,0.012,0.325,151,EDFSMode.RANDOM
1147,0.55,3,0.0,0.7948690477453925,0,5,3227,53,0.786,0.584,590,EDFSMode.RANDOM
1148,0.55,5,0.0,0.7348720903423087,0,7,3123,50,0.498,0.399,605,EDFSMode.RANDOM
1149,0.56,3,0.3333333333333346,0.7948690477453925,0,4,1869,68,0.302,0.423,285,EDFSMode.RANDOM
1150,0.55,3,0.0,0.7948690477453925,0,5,636,49,0.916,0.779,343,EDFSMode.RANDOM
1151,0.55,18,0.0,0.5643092920293851,0,20,4674,77,0.13,0.005,778,EDFSMode.RANDOM
1152,0.55,14,0.0,0.5992879058841268,0,16,4708,18,0.985,0.479,487,EDFSMode.RANDOM
1153,0.55,9,0.0,0.6592848632872105,0,11,1226,59,0.219,0.737,928,EDFSMode.RANDOM
1154,0.55,6,0.0,0.712062305760832,0,8,1288,26,0.563,0.092,643,EDFSMode.RANDOM
1155,0.56,4,0.3333333333333346,0.7618503394145143,0,5,2777,98,0.359,0.819,212,EDFSMode.RANDOM
1156,0.56,2,0.3333333333333346,0.8374375664696125,0,3,3661,42,0.079,0.932,232,EDFSMode.RANDOM
1157,0.55,260,0.0,0.1766139991565726,0,121,2279,83,0.873,0.159,663,EDFSMode.RANDOM
1158,0.55,3,0.0,0.7948690477453925,0,5,226,2,0.47,0.515,838,EDFSMode.RANDOM
1159,0.56,15,0.3333333333333346,0.5897380954907849,0,16,3834,74,0.702,0.272,397,EDFSMode.RANDOM
1160,0.55,68,0.0,0.3734762806552673,0,56,3821,40,0.754,0.017,748,EDFSMode.RANDOM
1161,0.55,1,0.0,0.8974345238726962,0,3,242,87,0.043,0.76,317,EDFSMode.RANDOM
1162,0.55,1,0.0,0.8974345238726962,0,3,2255,5,0.677,0.411,367,EDFSMode.RANDOM
1163,0.55,46,0.0,0.4302909497362696,0,42,3686,70,0.402,0.686,810,EDFSMode.RANDOM
1164,0.55,1,0.0,0.8974345238726962,0,3,2553,4,0.391,0.903,511,EDFSMode.RANDOM
1165,0.55,3,0.0,0.7948690477453925,0,5,1372,61,0.885,0.336,516,EDFSMode.RANDOM
1166,0.57,3,0.6666666666666654,0.7948690477453925,0,3,1116,30,0.27,0.99,126,EDFSMode.RANDOM
1167,0.55,3,0.0,0.7948690477453925,0,5,4822,96,0.557,0.231,558,EDFSMode.RANDOM
1168,0.56,1,0.3333333333333346,0.8974345238726962,0,2,4544,11,0.328,0.252,257,EDFSMode.RANDOM
1169,0.55,120,0.0,0.29036349780923276,0,82,769,64,0.595,0.527,694,EDFSMode.RANDOM
1170,0.55,3,0.0,0.7948690477453925,0,5,1728,47,0.249,0.178,863,EDFSMode.RANDOM
1171,0.56,6,0.3333333333333346,0.712062305760832,0,7,2963,81,0.953,0.921,429,EDFSMode.RANDOM
1172,0.55,3,0.0,0.7948690477453925,0,5,3183,37,0.732,0.831,462,EDFSMode.RANDOM
1173,0.55,81,0.0,0.34793465164225157,0,62,2133,90,0.438,0.073,897,EDFSMode.RANDOM
1174,0.55,34,0.0,0.47391264517534637,0,34,354,21,0.842,0.726,618,EDFSMode.RANDOM
1175,0.56,2,0.3333333333333346,0.8374375664696125,0,3,4333,55,0.111,0.497,180,EDFSMode.RANDOM
1176,0.55,29,0.0,0.496722429756823,0,29,4174,23,0.59,0.947,793,EDFSMode.RANDOM
1177,0.55,2,0.0,0.8374375664696125,0,4,517,51,0.362,0.204,330,EDFSMode.RANDOM
1178,0.56,3,0.3333333333333346,0.7948690477453925,0,4,1980,34,0.981,0.623,270,EDFSMode.RANDOM
1179,0.55,6,0.0,0.712062305760832,0,8,3333,94,0.191,0.349,737,EDFSMode.RANDOM
1180,0.57,3,0.6666666666666654,0.7948690477453925,0,3,2903,34,0.211,0.071,129,EDFSMode.RANDOM
1181,0.56,8,0.3333333333333346,0.6748751329392251,0,9,1565,78,0.706,0.627,138,EDFSMode.RANDOM
1182,0.55,1,0.0,0.8974345238726962,0,3,922,7,0.076,0.045,532,EDFSMode.RANDOM
1183,0.55,13,0.0,0.6094968296335282,0,15,4394,66,0.846,0.802,996,EDFSMode.RANDOM
1184,0.56,1,0.3333333333333346,0.8974345238726962,0,2,4975,28,0.024,0.714,382,EDFSMode.RANDOM
1185,0.55,94,0.0,0.32615963144389926,0,73,967,100,0.806,0.439,851,EDFSMode.RANDOM
1186,0.55,1,0.0,0.8974345238726962,0,3,1531,17,0.413,0.858,678,EDFSMode.RANDOM
1187,0.56,4,0.3333333333333346,0.7618503394145143,0,5,2532,57,0.633,0.116,219,EDFSMode.RANDOM
1188,0.56,2,0.3333333333333346,0.8374375664696125,0,3,3533,1,0.928,0.135,197,EDFSMode.RANDOM
1189,0.55,1,0.0,0.8974345238726962,0,3,2405,73,0.15,0.893,656,EDFSMode.RANDOM
1190,0.55,31,0.0,0.4871726193634811,0,31,82,44,0.508,0.311,943,EDFSMode.RANDOM
1191,0.55,3,0.0,0.7948690477453925,0,5,3984,85,0.291,0.538,474,EDFSMode.RANDOM
1192,0.56,2,0.3333333333333346,0.8374375664696125,0,3,3924,31,0.545,0.453,323,EDFSMode.RANDOM
1193,0.55,6,0.0,0.712062305760832,0,8,140,97,0.251,0.709,757,EDFSMode.RANDOM
1194,0.55,85,0.0,0.3408870957138683,0,66,2348,14,0.905,0.121,814,EDFSMode.RANDOM
1195,0.56,2,0.3333333333333346,0.8374375664696125,0,3,3593,61,0.174,0.845,377,EDFSMode.RANDOM
1196,0.56,2,0.3333333333333346,0.8374375664696125,0,3,2755,39,0.602,0.172,363,EDFSMode.RANDOM
1197,0.55,1,0.0,0.8974345238726962,0,3,984,41,0.062,0.541,552,EDFSMode.RANDOM
1198,0.57,12,0.6666666666666654,0.620462638428473,0,12,4954,88,0.766,0.301,118,EDFSMode.RANDOM
1199,0.56,2,0.3333333333333346,0.8374375664696125,0,3,1625,38,0.458,0.354,437,EDFSMode.RANDOM
1200,0.55,203,0.0,0.21307404174950206,0,112,3315,47,0.941,0.637,888,EDFSMode.RANDOM
1201,0.55,1,0.0,0.8974345238726962,0,3,2002,81,0.23,0.397,457,EDFSMode.RANDOM
1202,0.56,1,0.3333333333333346,0.8974345238726962,0,2,4355,8,0.865,0.521,339,EDFSMode.RANDOM
1203,0.55,4,0.0,0.7618503394145143,0,6,337,67,0.087,0.266,798,EDFSMode.RANDOM
1204,0.56,4,0.3333333333333346,0.7618503394145143,0,5,3162,78,0.479,0.184,276,EDFSMode.RANDOM
1205,0.56,2,0.3333333333333346,0.8374375664696125,0,3,3031,25,0.798,0.864,291,EDFSMode.RANDOM
1206,0.55,2,0.0,0.8374375664696125,0,4,712,24,0.35,0.488,987,EDFSMode.RANDOM
1207,0.55,2,0.0,0.8374375664696125,0,4,4604,52,0.57,0.727,528,EDFSMode.RANDOM
1208,0.55,13,0.0,0.6094968296335282,0,15,4805,43,0.311,0.754,857,EDFSMode.RANDOM
1209,0.56,5,0.3333333333333346,0.7348720903423087,0,6,1137,84,0.519,0.031,390,EDFSMode.RANDOM
1210,0.55,2,0.0,0.8374375664696125,0,4,3743,17,0.652,0.335,651,EDFSMode.RANDOM
1211,0.55,2,0.0,0.8374375664696125,0,4,302,27,0.794,0.222,468,EDFSMode.RANDOM
1212,0.55,1,0.0,0.8974345238726962,0,3,3764,99,0.004,0.991,935,EDFSMode.RANDOM
1213,0.55,12,0.0,0.620462638428473,0,14,1210,5,0.96,0.277,770,EDFSMode.RANDOM
1214,0.55,101,0.0,0.3156395178768058,0,79,4618,36,0.878,0.98,626,EDFSMode.RANDOM
1215,0.57,3,0.6666666666666654,0.7948690477453925,0,3,697,89,0.17,0.241,156,EDFSMode.RANDOM
1216,0.55,1,0.0,0.8974345238726962,0,3,3243,12,0.034,0.436,882,EDFSMode.RANDOM
1217,0.56,3,0.3333333333333346,0.7948690477453925,0,4,448,46,0.394,0.011,248,EDFSMode.RANDOM
1218,0.55,1,0.0,0.8974345238726962,0,3,1908,9,0.283,0.145,584,EDFSMode.RANDOM
1219,0.56,6,0.3333333333333346,0.712062305760832,0,7,3407,69,0.515,0.883,142,EDFSMode.RANDOM
1220,0.55,1,0.0,0.8974345238726962,0,3,1659,53,0.032,0.11,732,EDFSMode.RANDOM
1221,0.56,3,0.3333333333333346,0.7948690477453925,0,4,4454,91,0.421,0.465,352,EDFSMode.RANDOM
1222,0.55,1,0.0,0.8974345238726962,0,3,4269,100,0.001,0.001,1000,EDFSMode.RANDOM
1223,0.56,2,0.3333333333333346,0.8374375664696125,0,3,1783,1,0.769,0.001,377,EDFSMode.RANDOM
1224,0.56,5,0.3333333333333346,0.7348720903423087,0,6,4217,1,0.869,0.001,203,EDFSMode.RANDOM
1225,0.56,4,0.3333333333333346,0.7618503394145143,0,5,649,1,0.999,0.001,174,EDFSMode.RANDOM
1226,0.57,3,0.6666666666666654,0.7948690477453925,0,3,5000,28,0.001,0.999,100,EDFSMode.RANDOM
1227,0.57,4,0.6666666666666654,0.7618503394145143,0,4,5000,100,0.001,0.001,104,EDFSMode.RANDOM
1228,0.56,2,0.3333333333333346,0.8374375664696125,0,3,3986,1,0.731,0.001,370,EDFSMode.RANDOM
1229,0.57,15,0.6666666666666654,0.5897380954907849,0,15,5000,100,0.673,0.999,100,EDFSMode.RANDOM
1230,0.55,0,0.0,1.0,1,1,1,1,0.999,0.999,100,EDFSMode.RANDOM
1231,0.56,2,0.3333333333333346,0.8374375664696125,0,3,5000,1,0.744,0.001,259,EDFSMode.RANDOM
1232,0.56,2,0.3333333333333346,0.8374375664696125,0,3,2152,100,0.001,0.999,100,EDFSMode.RANDOM
1233,0.55,1,0.0,0.8974345238726962,0,3,1,100,0.001,0.001,100,EDFSMode.RANDOM
1234,0.56,4,0.3333333333333346,0.7618503394145143,0,5,3275,1,0.999,0.001,176,EDFSMode.RANDOM
1235,0.55,420,0.0,0.10586736694442456,0,135,1,100,0.999,0.001,100,EDFSMode.RANDOM
1236,0.57,80,0.6666666666666654,0.34975026587845015,0,20,4981,100,0.593,0.001,169,EDFSMode.RANDOM
1237,0.57,3,0.6666666666666654,0.7948690477453925,0,3,5000,1,0.001,0.001,100,EDFSMode.RANDOM
1238,0.55,1,0.0,0.8974345238726962,0,3,10,100,0.001,0.999,1000,EDFSMode.RANDOM
1239,0.55,0,0.0,1.0,1,1,5000,1,0.001,0.999,1000,EDFSMode.RANDOM
1240,0.57,3,0.6666666666666654,0.7948690477453925,0,3,5000,1,0.001,0.999,100,EDFSMode.RANDOM
1241,0.57,4,0.6666666666666654,0.7618503394145143,0,4,5000,100,0.001,0.999,100,EDFSMode.RANDOM
1242,0.56,2,0.3333333333333346,0.8374375664696125,0,3,2170,1,0.298,0.001,100,EDFSMode.RANDOM
1243,0.57,6,0.6666666666666654,0.712062305760832,0,6,4971,100,0.148,0.001,100,EDFSMode.RANDOM
1244,0.56,3,0.3333333333333346,0.7948690477453925,0,4,4518,57,0.329,0.09,307,EDFSMode.RANDOM
1245,0.55,56,0.0,0.4017468584989975,0,49,1979,30,0.705,0.93,875,EDFSMode.RANDOM
1246,0.55,5,0.0,0.7348720903423087,0,7,2930,94,0.616,0.616,486,EDFSMode.RANDOM
1247,0.55,1,0.0,0.8974345238726962,0,3,391,21,0.488,0.396,589,EDFSMode.RANDOM
1248,0.56,2,0.3333333333333346,0.8374375664696125,0,3,612,1,0.907,0.999,137,EDFSMode.RANDOM
