index,ACCURACY,RUNTIME,transformed_accuracy,transformed_runtime,is_pareto,pareto_layer,recent_samples_size,n_samples,feature_proportion,n_clusters,confidence
0,0.69,270,0.40740740740740733,0.8367997769212878,0,65,1446,4029,0.121,24,0.005
1,0.69,386,0.40740740740740733,0.7568059976688515,0,141,4520,4529,0.983,38,0.25
2,0.74,641,0.5925925925925927,0.6431678476927221,0,69,1907,1880,0.051,13,0.025
3,0.71,297,0.48148148148148145,0.815477135251671,0,34,811,2768,0.454,17,0.25
4,0.7,398,0.4444444444444444,0.7499502365419984,0,132,4511,3743,0.175,20,0.01
5,0.78,990,0.7407407407407409,0.5457027184992213,0,8,563,469,0.983,36,0.05
6,0.69,371,0.40740740740740733,0.765681016118814,0,139,1644,4885,0.512,44,0.005
7,0.74,662,0.5925925925925927,0.6359416555480806,0,77,3399,1608,0.33,3,0.1
8,0.71,493,0.48148148148148145,0.7020009862807387,0,134,3627,2879,0.704,5,0.01
9,0.65,196,0.25925925925925947,0.9083989995978898,0,27,223,4198,0.109,32,0.005
10,0.73,662,0.5555555555555556,0.6359416555480806,0,103,4713,2475,0.798,23,0.05
11,0.69,1058,0.40740740740740733,0.5308030144199168,0,155,3847,4471,0.264,29,0.05
12,0.75,603,0.6296296296296298,0.6568660471571589,0,22,1228,1499,0.579,14,0.1
13,0.67,209,0.3333333333333336,0.8940520381007615,0,30,2310,3151,0.925,9,0.025
14,0.8,4395,0.8148148148148151,0.21124402853675373,0,32,2737,177,0.234,49,0.001
15,0.69,244,0.40740740740740733,0.8594438645691148,0,42,2501,3286,0.958,48,0.25
16,0.7,237,0.4444444444444444,0.8659518196912636,0,18,3042,3909,0.857,47,0.1
17,0.71,381,0.48148148148148145,0.7597255281622806,0,83,4873,3346,0.771,43,0.05
18,0.81,1796,0.8518518518518522,0.4120842474566213,0,7,1242,150,0.381,7,0.005
19,0.64,144,0.2222222222222224,0.9772041873570354,0,3,2196,4250,0.25,25,0.025
20,0.73,430,0.5555555555555556,0.7326301348274473,0,38,3566,2295,0.609,26,0.01
21,0.71,358,0.48148148148148145,0.7736671207667939,0,67,3223,3106,0.083,29,0.25
22,0.68,289,0.3703703703703707,0.821586593359579,0,81,862,4646,0.934,10,0.05
23,0.75,901,0.6296296296296298,0.5668289933021917,0,57,4590,1275,0.295,40,0.01
24,0.7,361,0.4444444444444444,0.771798798768562,0,108,3919,3806,0.506,5,0.001
25,0.69,185,0.40740740740740733,0.9212986101162702,1,1,283,2153,0.148,47,0.01
26,0.7,317,0.4444444444444444,0.8008935203818097,0,79,1281,3439,0.484,36,0.1
27,0.69,223,0.40740740740740733,0.879562576610823,0,23,2714,3634,0.435,13,0.01
28,0.78,1586,0.7407407407407409,0.43998465832716804,0,40,1486,448,0.794,37,0.25
29,0.62,166,0.14814814814814828,0.9454900682821228,0,15,77,3923,0.582,45,0.1
30,0.73,571,0.5555555555555556,0.6690872263099085,0,80,3849,1958,0.192,7,0.001
31,0.7,258,0.4444444444444444,0.8469679477969764,0,34,733,2971,0.893,16,0.05
32,0.8,3358,0.8148148148148151,0.2716484901308176,0,30,1872,130,0.06,1,0.01
33,0.74,519,0.5925925925925927,0.6904851938420454,0,42,2410,852,0.001,7,0.05
34,0.73,409,0.5555555555555556,0.743844554831785,0,33,1017,1883,0.999,50,0.25
35,0.7,281,0.4444444444444444,0.8278669673865834,0,53,2456,1930,0.999,50,0.1
36,0.81,5017,0.8518518518518522,0.1815333487297125,0,19,1938,80,0.001,25,0.01
37,0.74,811,0.5925925925925927,0.5904280444560704,0,105,4297,1621,0.999,14,0.05
38,0.69,296,0.40740740740740733,0.8162317871593094,0,87,3492,4705,0.999,50,0.1
39,0.71,350,0.48148148148148145,0.7787266865806295,0,63,1264,3352,0.999,29,0.005
40,0.76,1134,0.6666666666666669,0.5152428566075129,0,58,1394,735,0.425,31,0.01
41,0.71,498,0.48148148148148145,0.6997400534656284,0,136,5000,3214,0.001,1,0.1
42,0.79,1830,0.777777777777778,0.40787613260669153,0,36,2277,137,0.001,17,0.001
43,0.76,2187,0.6666666666666669,0.3678853759321076,0,74,1076,806,0.001,48,0.05
44,0.73,414,0.5555555555555556,0.741123203559036,0,34,1208,2200,0.001,39,0.1
45,0.69,850,0.40740740740740733,0.5798959383644774,0,154,1580,4512,0.001,42,0.01
46,0.78,1342,0.7407407407407409,0.47746403903743484,0,25,3091,405,0.624,1,0.05
47,0.73,543,0.5555555555555556,0.6803552621689593,0,72,3241,2116,0.999,50,0.025
48,0.69,326,0.40740740740740733,0.7946277537741236,0,112,1511,4813,0.999,18,0.1
49,0.58,262,0.0,0.843527133611494,0,60,2067,1,0.001,1,0.001
50,0.71,473,0.48148148148148145,0.7112795270109451,0,131,3234,3224,0.001,40,0.05
51,0.78,777,0.7407407407407409,0.6000311396082888,0,4,2361,423,0.067,15,0.01
52,0.73,354,0.5555555555555556,0.7761826510740504,0,14,2885,2088,0.894,26,0.001
53,0.75,1028,0.6296296296296298,0.5372548587246447,0,66,1832,1340,0.435,21,0.01
54,0.74,1928,0.5925925925925927,0.39617036675203643,0,121,2431,937,0.001,26,0.001
55,0.78,2441,0.7407407407407409,0.34322769623756055,0,67,1714,348,0.001,22,0.05
56,0.77,2095,0.7037037037037038,0.3775296240101744,0,64,1806,452,0.001,13,0.025
57,0.71,531,0.48148148148148145,0.6853630994855038,0,139,4867,3178,0.999,48,0.025
58,0.72,789,0.5185185185185185,0.5965947143878942,0,114,4912,2346,0.999,10,0.25
59,0.7,301,0.4444444444444444,0.8124836411546152,0,67,2073,376,0.999,7,0.1
60,0.7,285,0.4444444444444444,0.8247048203073648,0,55,2548,2484,0.808,49,0.001
61,0.77,1672,0.7037037037037038,0.4281366634457776,0,47,4267,448,0.999,1,0.01
62,0.66,424,0.29629629629629656,0.7357775050333031,0,150,2026,329,0.237,7,0.1
63,0.69,404,0.40740740740740733,0.7465992977504848,0,145,2073,447,0.306,7,0.01
64,0.71,3092,0.48148148148148145,0.2901708683654973,0,144,2890,2138,0.001,49,0.001
65,0.77,1717,0.7037037037037038,0.42217766255085,0,50,2593,577,0.001,27,0.05
66,0.71,1034,0.48148148148148145,0.5359495717273011,0,143,3930,3299,0.001,32,0.001
67,0.76,1080,0.6666666666666669,0.526186784422438,0,52,3262,1207,0.001,25,0.05
68,0.75,1308,0.6296296296296298,0.4832209885976577,0,80,4394,952,0.442,1,0.05
69,0.78,2061,0.7407407407407409,0.381201325306459,0,62,3727,469,0.324,13,0.1
70,0.79,1458,0.777777777777778,0.4588645341795672,0,23,2598,368,0.999,31,0.1
71,0.77,689,0.7037037037037038,0.6269800286682627,0,6,2335,432,0.279,1,0.1
72,0.79,1274,0.777777777777778,0.4891294540948852,0,17,573,446,0.343,1,0.1
73,0.68,225,0.3703703703703707,0.8775669303050494,0,37,597,3886,0.4,30,0.001
74,0.64,193,0.2222222222222224,0.9118442139740947,0,24,2150,3042,0.057,33,0.1
75,0.69,656,0.40740740740740733,0.6379826580695148,0,152,2509,2543,0.001,31,0.005
76,0.73,747,0.5555555555555556,0.608859619070266,0,112,4234,2001,0.999,21,0.01
77,0.71,379,0.48148148148148145,0.7609040543915558,0,81,3360,3182,0.999,26,0.005
78,0.75,1549,0.6296296296296298,0.4452809339317504,0,84,4495,874,0.001,22,0.025
79,0.73,542,0.5555555555555556,0.6807683418276005,0,71,3471,2019,0.999,13,0.001
80,0.71,436,0.48148148148148145,0.7295262780479177,0,114,2078,342,0.999,1,0.25
81,0.72,546,0.5185185185185185,0.6791205639270204,0,99,2112,337,0.615,1,0.01
82,0.67,170,0.3333333333333336,0.9401760040711014,0,6,2362,3937,0.228,25,0.01
83,0.73,400,0.5555555555555556,0.7488276905476811,0,29,3103,2202,0.999,16,0.001
84,0.7,396,0.4444444444444444,0.7510784234946422,0,130,3992,3887,0.366,23,0.25
85,0.71,402,0.48148148148148145,0.7477107293824025,0,95,3494,2969,0.503,23,0.025
86,0.79,1663,0.777777777777778,0.42934768141368884,0,31,2720,322,0.737,1,0.1
87,0.71,377,0.48148148148148145,0.7620887997853942,0,79,1734,3202,0.364,37,0.025
88,0.73,376,0.5555555555555556,0.7626835252487618,0,20,2692,1607,0.999,39,0.025
89,0.79,1511,0.777777777777778,0.45085361179048167,0,25,3227,323,0.999,32,0.01
90,0.77,1939,0.7037037037037038,0.39489375641516933,0,60,2488,379,0.001,22,0.01
91,0.7,433,0.4444444444444444,0.7310728425871673,0,138,4505,3636,0.009,10,0.001
92,0.8,1863,0.8148148148148151,0.4038658564940253,0,20,2711,278,0.999,35,0.025
93,0.78,1433,0.7407407407407409,0.4627448369774242,0,32,3052,407,0.999,29,0.005
94,0.72,504,0.5185185185185185,0.6970566502320861,0,85,4114,2706,0.999,30,0.001
95,0.81,1728,0.8518518518518522,0.420744761810674,0,6,2616,218,0.999,34,0.05
96,0.75,1264,0.6296296296296298,0.4908972485130748,0,79,1946,1170,0.999,39,0.05
97,0.78,827,0.7407407407407409,0.5860472472938572,0,5,2401,403,0.999,21,0.01
98,0.74,973,0.5925925925925927,0.549587444865401,0,118,4656,1644,0.999,33,0.025
99,0.73,702,0.5555555555555556,0.6227895071468089,0,108,4913,2116,0.999,8,0.05
100,0.72,604,0.5185185185185185,0.6564946513220323,0,108,1865,2443,0.999,42,0.025
101,0.75,1155,0.6296296296296298,0.5111269112519434,0,74,4257,1321,0.999,1,0.05
102,0.69,3230,0.40740740740740733,0.28037101888995786,0,156,4635,3767,0.001,50,0.001
103,0.71,645,0.48148148148148145,0.6417733790410964,0,141,2294,1486,0.001,38,0.025
104,0.69,240,0.40740740740740733,0.8631395649933896,0,38,2254,1465,0.999,36,0.05
105,0.69,423,0.40740740740740733,0.736306383325315,0,149,4434,4043,0.166,1,0.005
106,0.74,504,0.5925925925925927,0.6970566502320861,0,40,3115,1726,0.999,32,0.05
107,0.79,2046,0.777777777777778,0.38284048126972203,0,43,3468,254,0.001,19,0.025
108,0.74,570,0.5925925925925927,0.6694800675844795,0,56,1091,1487,0.999,44,0.005
109,0.71,284,0.48148148148148145,0.8254911914480505,0,24,351,1564,0.999,50,0.05
110,0.71,471,0.48148148148148145,0.7122288253857071,0,130,2068,270,0.999,33,0.01
111,0.69,297,0.40740740740740733,0.815477135251671,0,88,3274,4114,0.999,31,0.005
112,0.72,572,0.5185185185185185,0.6686950712213189,0,105,4058,2803,0.999,27,0.005
113,0.69,404,0.40740740740740733,0.7465992977504848,0,145,5000,4109,0.999,1,0.001
114,0.71,441,0.48148148148148145,0.7269721124890424,0,118,4340,3515,0.999,6,0.01
115,0.79,1210,0.777777777777778,0.5006915895477044,0,14,719,339,0.999,27,0.01
116,0.71,382,0.48148148148148145,0.7591385768968916,0,84,4653,3425,0.999,28,0.01
117,0.78,2099,0.7407407407407409,0.3771015805418362,0,64,1763,331,0.999,24,0.005
118,0.75,873,0.6296296296296298,0.5739086840504614,0,51,3697,1498,0.999,33,0.05
119,0.65,197,0.25925925925925947,0.9072622441002711,0,28,99,1413,0.42,50,0.005
120,0.7,334,0.4444444444444444,0.7892012967111406,0,92,1279,3525,0.999,50,0.01
121,0.68,3808,0.3703703703703707,0.24342249431652918,0,157,1508,5000,0.001,50,0.001
122,0.71,433,0.48148148148148145,0.7310728425871673,0,111,3363,2604,0.001,1,0.1
123,0.71,451,0.48148148148148145,0.7219493363075931,0,122,3981,2997,0.999,20,0.1
124,0.79,1657,0.777777777777778,0.4301586710895311,0,30,3042,369,0.999,25,0.05
125,0.78,1925,0.7407407407407409,0.3965197967543038,0,58,4140,355,0.999,22,0.01
126,0.74,620,0.5925925925925927,0.6506343843503519,0,65,2158,353,0.999,30,0.25
127,0.78,1818,0.7407407407407409,0.4093523597192117,0,54,3909,359,0.999,21,0.25
128,0.75,463,0.6296296296296298,0.7160666749286787,0,10,2575,1069,0.999,28,0.025
129,0.59,137,0.03703703703703707,0.9883128922297315,0,4,2014,3664,0.999,15,0.001
130,0.69,212,0.40740740740740733,0.8908674636971012,0,15,2521,3629,0.213,28,0.005
131,0.74,1271,0.5925925925925927,0.48965833238689693,0,120,4616,1527,0.001,21,0.005
132,0.62,156,0.14814814814814828,0.9593530349991876,0,11,126,3907,0.999,38,0.01
133,0.71,473,0.48148148148148145,0.7112795270109451,0,131,4791,3566,0.331,1,0.05
134,0.69,412,0.40740740740740733,0.7422077889105549,0,147,4770,4814,0.001,23,0.005
135,0.7,473,0.4444444444444444,0.7112795270109451,0,142,4414,3697,0.999,50,0.05
136,0.76,991,0.6666666666666669,0.5454762850648629,0,43,1373,1057,0.999,29,0.1
137,0.68,342,0.3703703703703707,0.7839029096630629,0,125,3727,5000,0.999,50,0.01
138,0.7,360,0.4444444444444444,0.7724198468302493,0,107,4352,3852,0.999,1,0.1
139,0.68,300,0.3703703703703707,0.8132282810781666,0,92,5000,4987,0.999,4,0.1
140,0.69,446,0.40740740740740733,0.7244466783107093,0,150,2340,2235,0.999,24,0.1
141,0.75,1507,0.6296296296296298,0.45144833725384903,0,83,1773,1108,0.001,28,0.025
142,0.69,343,0.40740740740740733,0.7832493175533185,0,125,4349,4828,0.999,25,0.25
143,0.7,467,0.4444444444444444,0.7141395495241345,0,141,1833,3851,0.571,50,0.05
144,0.69,355,0.40740740740740733,0.775551121174829,0,132,5000,4714,0.999,1,0.01
145,0.7,307,0.4444444444444444,0.8080669335121299,0,72,904,3041,0.591,50,0.025
146,0.7,289,0.4444444444444444,0.821586593359579,0,58,2854,2813,0.001,35,0.05
147,0.72,324,0.5185185185185185,0.7960051122729457,0,21,853,2668,0.999,50,0.025
148,0.66,244,0.29629629629629656,0.8594438645691148,0,46,2295,3903,0.001,24,0.005
149,0.73,446,0.5555555555555556,0.7244466783107093,0,42,732,1619,0.67,41,0.1
150,0.71,377,0.48148148148148145,0.7620887997853942,0,79,2842,2693,0.999,50,0.05
151,0.68,251,0.3703703703703707,0.8531192567263559,0,50,620,4087,0.999,50,0.1
152,0.67,220,0.3333333333333336,0.8825897064864987,0,34,678,4694,0.001,50,0.25
153,0.66,313,0.29629629629629656,0.8037354410017311,0,104,2354,4046,0.001,46,0.025
154,0.7,404,0.4444444444444444,0.7465992977504848,0,133,2903,3399,0.001,30,0.005
155,0.7,452,0.4444444444444444,0.7214531842136536,0,140,4824,3717,0.999,13,0.05
156,0.68,277,0.3703703703703707,0.8310742895212662,0,72,3479,5000,0.001,10,0.1
157,0.69,412,0.40740740740740733,0.7422077889105549,0,147,4220,4008,0.999,17,0.01
158,0.71,284,0.48148148148148145,0.8254911914480505,0,24,1103,3677,0.999,35,0.025
159,0.69,325,0.40740740740740733,0.7953153767653607,0,111,1767,4315,0.001,1,0.1
160,0.69,413,0.40740740740740733,0.7416648412913136,0,148,5000,4344,0.999,1,0.25
161,0.78,1860,0.7407407407407409,0.4042274813740394,0,56,1526,391,0.999,1,0.25
162,0.72,397,0.5185185185185185,0.7505136213574286,0,48,1143,2361,0.999,1,0.001
163,0.69,264,0.40740740740740733,0.8418263017562153,0,60,788,4070,0.001,40,0.1
164,0.78,1678,0.7407407407407409,0.42733293204633105,0,47,1657,413,0.999,35,0.025
165,0.69,408,0.40740740740740733,0.7443928059739204,0,146,4288,4376,0.999,1,0.001
166,0.65,226,0.25925925925925947,0.8765757201689818,0,38,231,3705,0.999,1,0.001
167,0.74,739,0.5925925925925927,0.6112737147081156,0,89,4996,1459,0.999,34,0.05
168,0.75,1166,0.6296296296296298,0.509000682667327,0,76,2000,1439,0.999,48,0.1
169,0.74,486,0.5925925925925927,0.7052050388628575,0,35,743,1382,0.999,46,0.025
170,0.69,452,0.40740740740740733,0.7214531842136536,0,151,4618,4139,0.001,1,0.025
171,0.71,363,0.48148148148148145,0.7705618329334497,0,71,5000,3401,0.143,30,0.25
172,0.74,682,0.5925925925925927,0.6292692853829666,0,80,1445,1725,0.999,50,0.05
173,0.79,2290,0.777777777777778,0.35755785779969806,0,45,1858,278,0.999,50,0.01
174,0.76,598,0.6666666666666669,0.6587322983950394,0,12,611,965,0.999,1,0.005
175,0.79,1205,0.777777777777778,0.5016204643983169,0,13,621,345,0.999,1,0.01
176,0.74,573,0.5925925925925927,0.668303599925733,0,57,3760,1759,0.999,1,0.001
177,0.7,394,0.4444444444444444,0.7522123083853507,0,129,4510,4295,0.999,50,0.005
178,0.73,610,0.5555555555555556,0.6542790866527154,0,89,1509,2019,0.999,1,0.1
179,0.79,1597,0.777777777777778,0.4384338854156167,0,27,623,380,0.999,1,0.25
180,0.58,167,0.0,0.9441497136673177,0,17,1,1787,0.999,5,0.1
181,0.67,253,0.3333333333333336,0.851344474905818,0,51,520,4850,0.999,50,0.1
182,0.75,437,0.6296296296296298,0.7290131150104764,0,8,605,993,0.999,1,0.25
183,0.76,555,0.6666666666666669,0.6754566955238097,0,8,646,935,0.999,1,0.01
184,0.76,976,0.6666666666666669,0.5488970022982629,0,40,1510,983,0.999,1,0.025
185,0.67,203,0.3333333333333336,0.9005599932229104,0,27,2642,4877,0.001,6,0.025
186,0.58,301,0.0,0.8124836411546152,0,93,1504,1,0.001,1,0.001
187,0.79,1478,0.777777777777778,0.4558078670707014,0,24,653,322,0.999,1,0.1
188,0.78,1934,0.7407407407407409,0.3954731341073825,0,59,4018,351,0.999,1,0.05
189,0.69,356,0.40740740740740733,0.774921362750302,0,133,1797,4000,0.999,1,0.025
190,0.78,1450,0.7407407407407409,0.46009894955679487,0,33,3640,319,0.999,1,0.05
191,0.69,258,0.40740740740740733,0.8469679477969764,0,55,1005,4032,0.999,1,0.001
192,0.7,345,0.4444444444444444,0.7819478140177689,0,100,1201,3455,0.999,20,0.25
193,0.7,328,0.4444444444444444,0.7932587938549368,0,86,3257,3520,0.999,1,0.001
194,0.68,249,0.3703703703703707,0.8549081803837628,0,48,1195,5000,0.001,29,0.025
195,0.58,210,0.0,0.8929854863033013,0,32,1,4102,0.001,2,0.001
196,0.72,520,0.5185185185185185,0.6900538608925878,0,91,3615,2644,0.999,50,0.001
197,0.78,1786,0.7407407407407409,0.413337089609218,0,53,1762,407,0.999,1,0.01
198,0.7,220,0.4444444444444444,0.8825897064864987,0,6,876,3648,0.001,1,0.1
199,0.7,337,0.4444444444444444,0.7871997197286846,0,95,1595,3647,0.525,1,0.001
200,0.7,445,0.4444444444444444,0.7249494976275734,0,139,1078,2903,0.001,35,0.1
201,0.76,1010,0.6666666666666669,0.5412168803321482,0,45,787,925,0.001,1,0.05
202,0.69,332,0.40740740740740733,0.7905456643876612,0,116,804,3656,0.999,3,0.001
203,0.76,759,0.6666666666666669,0.6052864603940995,0,29,678,891,0.999,1,0.1
204,0.73,510,0.5555555555555556,0.6944049414788298,0,58,1119,2051,0.999,1,0.001
205,0.71,914,0.48148148148148145,0.5636163754633223,0,142,3157,2841,0.001,50,0.025
206,0.69,389,0.40740740740740733,0.7550723308985401,0,142,4414,4850,0.001,50,0.05
207,0.69,243,0.40740740740740733,0.8603621019682964,0,41,3299,4895,0.999,1,0.05
208,0.81,2696,0.8518518518518522,0.32092888996660507,0,13,3293,131,0.999,1,0.005
209,0.74,852,0.5925925925925927,0.579368922321686,0,112,3983,1870,0.999,1,0.25
210,0.68,271,0.3703703703703707,0.8359728561664155,0,67,897,5000,0.999,1,0.05
211,0.74,558,0.5925925925925927,0.6742485738759452,0,54,1104,1779,0.999,26,0.025
212,0.79,1731,0.777777777777778,0.42035555270227243,0,33,650,247,0.001,1,0.1
213,0.7,301,0.4444444444444444,0.8124836411546152,0,67,1326,4167,0.999,40,0.001
214,0.72,389,0.5185185185185185,0.7550723308985401,0,47,1240,2567,0.999,23,0.05
215,0.8,1760,0.8148148148148151,0.41662758087217944,0,16,3241,252,0.999,1,0.005
216,0.71,332,0.48148148148148145,0.7905456643876612,0,54,1491,3415,0.469,24,0.1
217,0.71,394,0.48148148148148145,0.7522123083853507,0,92,1397,3047,0.75,30,0.25
218,0.68,330,0.3703703703703707,0.7918981307134794,0,115,3011,4797,0.001,1,0.01
219,0.81,2201,0.8518518518518522,0.3664534247287857,0,10,2732,162,0.999,50,0.005
220,0.79,1666,0.777777777777778,0.42894328250914804,0,32,3278,245,0.999,1,0.25
221,0.73,556,0.5555555555555556,0.6750532655300145,0,75,1859,2089,0.441,50,0.005
222,0.69,269,0.40740740740740733,0.8376297546914464,0,64,1239,3955,0.464,13,0.1
223,0.76,666,0.6666666666666669,0.6345912230184845,0,23,2828,880,0.999,1,0.25
224,0.79,3160,0.777777777777778,0.28528849056542005,0,48,1817,179,0.001,50,0.01
225,0.74,541,0.5925925925925927,0.6811821829238314,0,49,1022,1623,0.999,24,0.01
226,0.76,731,0.6666666666666669,0.6137140510298785,0,27,3217,951,0.999,1,0.05
227,0.71,407,0.48148148148148145,0.7449423992254539,0,97,1524,2987,0.114,14,0.05
228,0.73,395,0.5555555555555556,0.7516446501028148,0,27,1088,2007,0.999,23,0.05
229,0.72,429,0.5185185185185185,0.7331516419867623,0,58,1067,2490,0.999,20,0.01
230,0.76,558,0.6666666666666669,0.6742485738759452,0,9,801,1027,0.999,1,0.01
231,0.71,447,0.48148148148148145,0.7239449826133666,0,121,3803,3089,0.999,48,0.05
232,0.79,1165,0.777777777777778,0.5091931462291654,0,9,632,356,0.081,1,0.01
233,0.7,312,0.4444444444444444,0.8044515779124043,0,76,1158,3650,0.32,1,0.025
234,0.73,597,0.5555555555555556,0.6591074174984073,0,85,1883,2312,0.81,50,0.1
235,0.69,282,0.40740740740740733,0.8270722453845775,0,74,1214,4193,0.764,13,0.025
236,0.69,351,0.40740740740740733,0.7780879699872818,0,129,1486,4103,0.854,24,0.25
237,0.75,583,0.6296296296296298,0.6644259779539816,0,19,659,1024,0.999,1,0.05
238,0.73,645,0.5555555555555556,0.6417733790410964,0,99,1832,2233,0.001,1,0.01
239,0.74,825,0.5925925925925927,0.5865901949130987,0,107,3881,1555,0.999,50,0.1
240,0.69,243,0.40740740740740733,0.8603621019682964,0,41,892,3449,0.522,2,0.01
241,0.77,1970,0.7037037037037038,0.3913346071310967,0,62,1795,441,0.015,1,0.01
242,0.79,1986,0.777777777777778,0.3895194685433354,0,41,3290,320,0.999,1,0.005
243,0.78,2171,0.7407407407407409,0.3695331538326878,0,65,4790,372,0.999,1,0.01
244,0.71,496,0.48148148148148145,0.7006416961679983,0,135,3644,3362,0.999,9,0.001
245,0.72,369,0.5185185185185185,0.7668913087055721,0,37,1225,2694,0.896,25,0.25
246,0.76,1165,0.6666666666666669,0.5091931462291654,0,63,1858,902,0.999,1,0.01
247,0.74,471,0.5925925925925927,0.7122288253857071,0,31,1004,1648,0.852,22,0.25
248,0.75,1381,0.6296296296296298,0.47103729524955373,0,81,4756,987,0.999,1,0.25
249,0.73,1648,0.5555555555555556,0.43138067506216626,0,121,1890,1978,0.001,50,0.01
250,0.71,309,0.48148148148148145,0.8066137974932194,0,42,3148,2966,0.809,32,0.1
251,0.7,364,0.4444444444444444,0.769945896384882,0,110,1538,3553,0.509,1,0.005
252,0.73,655,0.5555555555555556,0.638324636400885,0,101,4029,1981,0.999,1,0.001
253,0.82,2010,0.8888888888888888,0.3868239836649633,0,7,613,119,0.999,1,0.025
254,0.67,183,0.3333333333333336,0.9237257551732369,0,15,2421,4095,0.91,1,0.001
255,0.76,644,0.6666666666666669,0.6421211850458006,0,19,892,1036,0.999,1,0.25
256,0.69,210,0.40740740740740733,0.8929854863033013,0,13,2698,4214,0.576,2,0.001
257,0.58,293,0.0,0.8185110831947094,0,85,4311,1,0.001,1,0.001
258,0.71,438,0.48148148148148145,0.7285011222432352,0,116,3937,3365,0.91,1,0.25
259,0.72,574,0.5185185185185185,0.6679128100426681,0,106,5000,2639,0.999,11,0.025
260,0.79,1213,0.777777777777778,0.5001361037439886,0,15,2513,355,0.999,46,0.05
261,0.78,1725,0.7407407407407409,0.4211346468252476,0,51,4458,435,0.999,44,0.05
262,0.67,228,0.3333333333333336,0.8746063327062334,0,39,438,4849,0.536,27,0.05
263,0.74,459,0.5925925925925927,0.7180104856092242,0,29,2831,1462,0.533,45,0.005
264,0.76,1060,0.6666666666666669,0.5303794129147485,0,49,3653,1008,0.999,1,0.025
265,0.68,249,0.3703703703703707,0.8549081803837628,0,48,321,2213,0.999,42,0.025
266,0.78,1651,0.7407407407407409,0.4309726009156424,0,46,1410,380,0.999,47,0.05
267,0.65,202,0.25925925925925947,0.9016632324509832,0,30,266,4125,0.684,49,0.25
268,0.68,285,0.3703703703703707,0.8247048203073648,0,78,2431,3128,0.785,29,0.01
269,0.8,1079,0.8148148148148151,0.5263945666965335,0,4,486,284,0.759,1,0.25
270,0.75,730,0.6296296296296298,0.6140209666363028,0,33,3610,1499,0.921,48,0.01
271,0.73,738,0.5555555555555556,0.6115773100635544,0,111,4835,2142,0.999,26,0.001
272,0.79,934,0.777777777777778,0.5587619435037098,0,3,407,346,0.999,37,0.01
273,0.69,257,0.40740740740740733,0.8478364546098132,0,54,834,3613,0.497,1,0.05
274,0.76,740,0.6666666666666669,0.6109705293397771,0,28,638,844,0.999,40,0.25
275,0.77,687,0.7037037037037038,0.6276317235558622,0,5,2922,863,0.999,50,0.25
276,0.68,202,0.3703703703703707,0.9016632324509832,0,23,857,4683,0.999,1,0.025
277,0.73,679,0.5555555555555556,0.6302575866024032,0,106,4420,2431,0.999,8,0.001
278,0.71,255,0.48148148148148145,0.8495836130859749,0,10,354,1550,0.612,50,0.025
279,0.71,388,0.48148148148148145,0.7556487336057451,0,88,4920,3059,0.746,16,0.005
280,0.8,1046,0.8148148148148151,0.5333615461681902,0,2,495,327,0.999,34,0.025
281,0.71,453,0.48148148148148145,0.7209581261715254,0,123,4107,3297,0.471,1,0.05
282,0.78,1696,0.7407407407407409,0.42493885890975047,0,48,3880,363,0.999,46,0.1
283,0.72,382,0.5185185185185185,0.7591385768968916,0,42,1612,2771,0.192,50,0.001
284,0.74,416,0.5925925925925927,0.7400438325803045,0,24,904,1564,0.67,35,0.05
285,0.81,1579,0.8518518518518522,0.4409771203904379,0,3,540,143,0.999,1,0.025
286,0.71,471,0.48148148148148145,0.7122288253857071,0,130,4714,2797,0.403,5,0.01
287,0.8,1646,0.8148148148148151,0.43165313714795506,0,15,545,229,0.999,1,0.01
288,0.71,585,0.48148148148148145,0.6636584259888154,0,140,4521,2812,0.186,1,0.001
289,0.77,583,0.7037037037037038,0.6644259779539816,0,3,885,932,0.832,1,0.05
290,0.78,2187,0.7407407407407409,0.3678853759321076,0,66,4476,308,0.999,50,0.05
291,0.71,467,0.48148148148148145,0.7141395495241345,0,129,4585,3316,0.069,32,0.1
292,0.74,355,0.5925925925925927,0.775551121174829,0,9,625,1322,0.684,25,0.025
293,0.79,1841,0.777777777777778,0.4065313989144578,0,37,3621,236,0.382,50,0.05
294,0.69,233,0.40740740740740733,0.869757143521591,0,32,2801,4263,0.598,10,0.05
295,0.74,320,0.5925925925925927,0.7987854416901784,0,2,2386,942,0.153,41,0.01
296,0.71,249,0.48148148148148145,0.8549081803837628,0,6,821,2928,0.343,35,0.025
297,0.72,500,0.5185185185185185,0.6988420173437049,0,83,4312,2492,0.912,15,0.1
298,0.69,279,0.40740740740740733,0.8294649010442668,0,71,3759,4711,0.446,18,0.001
299,0.78,1264,0.7407407407407409,0.4908972485130748,0,20,1039,533,0.797,37,0.01
300,0.59,141,0.03703703703703707,0.981897920638063,0,5,2011,3722,0.736,43,0.1
301,0.74,406,0.5925925925925927,0.7454933411734351,0,20,2886,1658,0.011,12,0.25
302,0.72,373,0.5185185185185185,0.7644772130677223,0,40,3237,2553,0.977,46,0.25
303,0.73,494,0.5555555555555556,0.7015469745362586,0,55,1582,2046,0.268,2,0.05
304,0.61,138,0.1111111111111112,0.9866918835187226,0,2,62,4005,0.207,21,0.25
305,0.7,368,0.4444444444444444,0.7674989105138743,0,113,4969,3777,0.188,27,0.05
306,0.71,513,0.48148148148148145,0.6930907402756468,0,138,1734,2793,0.88,2,0.25
307,0.74,483,0.5925925925925927,0.7065923268885885,0,34,3390,1965,0.372,45,0.005
308,0.7,261,0.4444444444444444,0.8443824060025436,0,37,3038,3494,0.655,11,0.01
309,0.67,177,0.3333333333333336,0.9311687151722854,0,10,2164,1733,0.101,42,0.005
310,0.68,257,0.3703703703703707,0.8478364546098132,0,55,1194,4951,0.411,36,0.1
311,0.78,1599,0.7407407407407409,0.4381530739579498,0,42,3914,452,0.839,17,0.05
312,0.71,459,0.48148148148148145,0.7180104856092242,0,126,4152,3003,0.299,14,0.01
313,0.71,297,0.48148148148148145,0.815477135251671,0,34,661,2263,0.947,32,0.005
314,0.65,158,0.25925925925925947,0.9565111143792661,0,4,2228,4182,0.508,39,0.01
315,0.75,415,0.6296296296296298,0.7405828694086016,0,5,2644,1182,0.236,7,0.1
316,0.69,290,0.40740740740740733,0.8208137570331329,0,81,3464,4575,0.768,48,0.025
317,0.69,205,0.40740740740740733,0.8983696467651934,0,10,465,3235,0.041,23,0.05
318,0.69,316,0.40740740740740733,0.8016006350801712,0,105,4512,4382,0.115,40,0.001
319,0.8,1232,0.8148148148148151,0.4966495883217189,0,7,386,200,0.638,9,0.25
320,0.7,303,0.4444444444444444,0.811001729958112,0,69,1258,3438,0.827,15,0.01
321,0.75,734,0.6296296296296298,0.6127958136306968,0,34,3538,1359,0.43,33,0.05
322,0.7,222,0.4444444444444444,0.8805670916250298,0,8,2562,2889,0.582,25,0.25
323,0.68,198,0.3703703703703707,0.906131215354885,0,19,2313,2377,0.169,30,0.005
324,0.68,197,0.3703703703703707,0.9072622441002711,0,18,737,4307,0.358,49,0.01
325,0.7,393,0.4444444444444444,0.7527814056004334,0,128,3988,3608,0.493,4,0.025
326,0.62,145,0.14814814814814828,0.9756611659488945,0,6,2085,4826,0.69,28,0.01
327,0.78,1067,0.7407407407407409,0.5289030702364109,0,16,3125,577,0.058,22,0.1
328,0.7,296,0.4444444444444444,0.8162317871593094,0,64,3320,3969,0.962,38,0.005
329,0.77,1176,0.7037037037037038,0.5070850675375342,0,23,1811,652,0.283,19,0.05
330,0.68,196,0.3703703703703707,0.9083989995978898,0,17,301,2590,0.223,13,0.01
331,0.73,586,0.5555555555555556,0.6632756318105973,0,82,4887,2168,0.527,44,0.25
332,0.72,509,0.5185185185185185,0.6948447236588977,0,87,4729,2672,0.141,42,0.05
333,0.66,177,0.29629629629629656,0.9311687151722854,0,14,144,1927,0.617,10,0.025
334,0.7,336,0.4444444444444444,0.7878649312705663,0,94,1651,3895,0.926,17,0.005
335,0.77,957,0.7037037037037038,0.5533061009970741,0,12,3160,880,0.326,35,0.25
336,0.68,222,0.3703703703703707,0.8805670916250298,0,35,2965,4908,0.67,20,0.005
337,0.78,1645,0.7407407407407409,0.43178949228797114,0,45,1924,336,0.086,26,0.001
338,0.7,244,0.4444444444444444,0.8594438645691148,0,23,964,3534,0.395,45,0.25
339,0.74,714,0.5925925925925927,0.6189895507433523,0,84,3831,1847,0.855,1,0.01
340,0.7,345,0.4444444444444444,0.7819478140177689,0,100,4235,4066,0.253,5,0.25
341,0.68,203,0.3703703703703707,0.9005599932229104,0,24,2468,3117,0.555,30,0.025
342,0.71,254,0.48148148148148145,0.8504623176563542,0,9,2717,2303,0.188,23,0.01
343,0.71,395,0.48148148148148145,0.7516446501028148,0,93,3693,3197,0.784,33,0.001
344,0.75,649,0.6296296296296298,0.6403875182754892,0,28,1413,1441,0.464,14,0.1
345,0.67,182,0.3333333333333336,0.9249492390247911,0,14,538,4610,0.026,8,0.005
346,0.69,348,0.40740740740740733,0.7800095971066083,0,127,4644,4344,0.051,12,0.001
347,0.71,357,0.48148148148148145,0.774293365890102,0,66,1468,2851,0.758,37,0.01
348,0.73,519,0.5555555555555556,0.6904851938420454,0,62,3719,2414,0.486,18,0.001
349,0.69,218,0.40740740740740733,0.8846307090079327,0,21,2664,3396,0.518,28,0.1
350,0.72,289,0.5185185185185185,0.821586593359579,0,9,2444,1401,0.23,21,0.001
351,0.69,215,0.40740740740740733,0.8877274302580025,0,18,918,4424,0.29,3,0.25
352,0.8,2154,0.8148148148148151,0.37129727126597833,0,22,4292,158,0.953,46,0.005
353,0.72,493,0.5185185185185185,0.7020009862807387,0,80,3895,2631,0.437,50,0.25
354,0.72,348,0.5185185185185185,0.7800095971066083,0,30,980,2127,0.818,6,0.1
355,0.7,331,0.4444444444444444,0.7912208791255922,0,89,1914,3928,0.63,25,0.25
356,0.77,761,0.7037037037037038,0.6046964239673999,0,7,2905,693,0.122,31,0.05
357,0.69,242,0.40740740740740733,0.8612841103735357,0,40,3179,4790,0.905,16,0.05
358,0.77,1147,0.7037037037037038,0.5126860059282767,0,22,1718,613,0.351,34,0.025
359,0.62,148,0.14814814814814828,0.9710947292491273,0,8,82,3644,0.162,41,0.01
360,0.74,868,0.5925925925925927,0.5751967468557573,0,114,4716,1582,0.591,9,0.001
361,0.71,360,0.48148148148148145,0.7724198468302493,0,68,4871,3570,0.197,7,0.025
362,0.68,213,0.3703703703703707,0.8898158986311401,0,30,237,1811,0.549,38,0.05
363,0.69,283,0.40740740740740733,0.8262803266406066,0,75,1871,4872,0.986,32,0.1
364,0.78,1519,0.7407407407407409,0.44966886639664305,0,36,3331,372,0.262,13,0.01
365,0.69,263,0.40740740740740733,0.8426751070437765,0,59,3058,3854,0.727,29,0.025
366,0.67,323,0.3333333333333336,0.796696973317041,0,111,2066,922,0.017,23,0.1
367,0.71,312,0.48148148148148145,0.8044515779124043,0,43,1135,2713,0.456,4,0.001
368,0.74,630,0.5925925925925927,0.6470479066259462,0,68,4051,1886,0.791,47,0.025
369,0.69,299,0.40740740740740733,0.8139753990093572,0,90,4132,4653,0.318,45,0.05
370,0.82,2218,0.8888888888888888,0.36472681661265016,0,8,758,84,0.933,2,0.01
371,0.67,184,0.3333333333333336,0.9225089027030284,0,16,2287,3156,0.624,21,0.001
372,0.73,302,0.5555555555555556,0.811741462855137,0,4,2507,1483,0.132,26,0.025
373,0.71,395,0.48148148148148145,0.7516446501028148,0,93,3562,3080,0.848,18,0.001
374,0.72,382,0.5185185185185185,0.7591385768968916,0,42,1310,2340,0.404,36,0.25
375,0.66,171,0.29629629629629656,0.9388669115507748,0,11,329,4103,0.094,42,0.01
376,0.72,450,0.5185185185185185,0.7224465872996481,0,62,4414,2964,0.005,22,0.025
377,0.69,215,0.40740740740740733,0.8877274302580025,0,18,405,2455,0.745,28,0.01
378,0.69,298,0.40740740740740733,0.8147250114958635,0,89,1395,4227,0.806,47,0.25
379,0.76,954,0.6666666666666669,0.554010258598268,0,39,3480,978,0.439,3,0.01
380,0.68,192,0.3703703703703707,0.9130044683969112,0,13,2581,4459,0.534,44,0.025
381,0.77,810,0.7037037037037038,0.590704703432713,0,9,2215,277,0.214,13,0.1
382,0.69,235,0.40740740740740733,0.8678464193831632,0,34,679,3358,0.274,19,0.005
383,0.7,353,0.4444444444444444,0.7768159624422017,0,105,3969,4047,0.389,34,0.1
384,0.65,156,0.25925925925925947,0.9593530349991876,0,2,2143,2511,0.676,9,0.005
385,0.73,351,0.5555555555555556,0.7780879699872818,0,13,2988,2088,0.076,40,0.025
386,0.7,287,0.4444444444444444,0.8231402932015078,0,56,3417,3685,0.92,6,0.25
387,0.74,597,0.5925925925925927,0.6591074174984073,0,61,1792,1695,0.336,49,0.01
388,0.63,145,0.18518518518518534,0.9756611659488945,0,5,165,4748,0.147,31,0.25
389,0.77,1495,0.7037037037037038,0.45324202507280975,0,35,4945,496,0.607,24,0.025
390,0.69,296,0.40740740740740733,0.8162317871593094,0,87,4788,4988,0.245,24,0.01
391,0.62,294,0.14814814814814828,0.8177487438166071,0,86,7,414,0.501,30,0.05
392,0.74,500,0.5925925925925927,0.6988420173437049,0,39,3258,1770,0.308,5,0.1
393,0.73,658,0.5555555555555556,0.6373002601850717,0,102,1983,2007,0.033,8,0.25
394,0.69,247,0.40740740740740733,0.8567114730597756,0,45,1062,3819,0.471,14,0.05
395,0.76,1161,0.6666666666666669,0.5099646546555276,0,62,3811,803,0.775,33,0.25
396,0.7,398,0.4444444444444444,0.7499502365419984,0,132,4372,3276,0.364,36,0.005
397,0.74,383,0.5925925925925927,0.7585531561450132,0,15,831,1521,0.887,16,0.1
398,0.66,170,0.29629629629629656,0.9401760040711014,0,10,2370,4534,0.576,10,0.01
399,0.83,3549,0.9259259259259258,0.2592321935151253,0,3,2736,49,0.179,41,0.25
400,0.69,296,0.40740740740740733,0.8162317871593094,0,87,3635,4145,0.833,1,0.01
401,0.75,780,0.6296296296296298,0.5991670895444571,0,40,1550,1218,0.42,44,0.025
402,0.7,223,0.4444444444444444,0.879562576610823,0,9,558,3039,0.11,26,0.1
403,0.73,559,0.5555555555555556,0.6738473070468105,0,78,4567,2227,0.648,19,0.05
404,0.69,319,0.40740740740740733,0.7994859375194188,0,107,4540,4815,0.802,17,0.1
405,0.7,1860,0.4444444444444444,0.4042274813740394,0,147,1543,3630,0.013,42,0.001
406,0.74,616,0.5925925925925927,0.6520851727987607,0,64,3667,1635,0.739,10,0.025
407,0.71,281,0.48148148148148145,0.8278669673865834,0,22,2768,2617,0.273,45,0.001
408,0.7,216,0.4444444444444444,0.8866904365846237,0,3,2364,2180,0.983,1,0.25
409,0.69,224,0.40740740740740733,0.8785625360658519,0,24,843,3953,0.544,20,0.01
410,0.76,1144,0.6666666666666669,0.5132734691447646,0,59,4344,629,0.209,26,0.25
411,0.71,417,0.48148148148148145,0.739506086859419,0,101,3803,3410,0.683,30,0.001
412,0.75,587,0.6296296296296298,0.6628934891972531,0,21,1093,1348,0.066,23,0.25
413,0.7,305,0.4444444444444444,0.8095295362819486,0,70,1957,4399,0.377,5,0.01
414,0.8,1520,0.8148148148148151,0.44952121184930505,0,12,2841,222,0.867,48,0.005
415,0.69,263,0.40740740740740733,0.8426751070437765,0,59,3270,4318,0.152,8,0.25
416,0.61,149,0.1111111111111112,0.9695929930068137,0,10,39,2866,0.906,33,0.001
417,0.73,520,0.5555555555555556,0.6900538608925878,0,63,4780,2361,0.337,14,0.025
418,0.71,418,0.48148148148148145,0.7389696260757693,0,102,4933,3104,0.948,15,0.25
419,0.66,167,0.29629629629629656,0.9441497136673177,0,8,191,2277,0.302,34,0.001
420,0.7,302,0.4444444444444444,0.811741462855137,0,68,1760,4088,0.241,40,0.05
421,0.76,784,0.6666666666666669,0.5980201714377186,0,31,3426,1156,0.515,8,0.005
422,0.69,227,0.40740740740740733,0.8755888670146067,0,27,2996,4637,0.482,50,0.1
423,0.78,721,0.7407407407407409,0.616802252832793,0,2,2112,138,0.771,5,0.25
424,0.71,321,0.48148148148148145,0.7980871247006286,0,48,1246,3179,0.71,24,0.1
425,0.75,959,0.6296296296296298,0.5528378865810006,0,63,3956,1420,0.047,31,0.01
426,0.7,391,0.4444444444444444,0.7539239461382148,0,126,4187,3869,0.564,28,0.05
427,0.77,549,0.7037037037037038,0.6778926188541694,1,1,686,867,0.181,22,0.025
428,0.65,172,0.25925925925925947,0.9375654080152253,0,14,2203,2689,0.371,3,0.025
429,0.72,276,0.5185185185185185,0.831883330869341,0,6,2609,1949,0.877,47,0.01
430,0.7,340,0.4444444444444444,0.7852158299610824,0,96,3507,3546,0.095,13,0.05
431,0.67,183,0.3333333333333336,0.9237257551732369,0,15,412,4887,0.838,38,0.25
432,0.78,1949,0.7407407407407409,0.3937394673370712,0,60,4382,318,0.409,19,0.005
433,0.7,382,0.4444444444444444,0.7591385768968916,0,121,4456,3748,0.756,2,0.001
434,0.7,237,0.4444444444444444,0.8659518196912636,0,18,340,1671,0.498,45,0.1
435,0.68,239,0.3703703703703707,0.8640730745759134,0,44,1304,4693,0.06,27,0.025
436,0.77,1464,0.7037037037037038,0.4579431564248029,0,34,3594,511,0.691,20,0.25
437,0.68,203,0.3703703703703707,0.9005599932229104,0,24,2539,3993,0.289,36,0.1
438,0.71,275,0.48148148148148145,0.8326952982322753,0,19,770,2574,0.529,11,0.05
439,0.73,601,0.5555555555555556,0.6576106870807101,0,86,4105,2065,0.225,42,0.01
440,0.69,354,0.40740740740740733,0.7761826510740504,0,131,4042,4513,0.636,39,0.05
441,0.8,1560,0.8148148148148151,0.4436932731575087,0,13,1167,262,0.114,7,0.01
442,0.61,164,0.1111111111111112,0.9481950254746767,0,14,2040,3295,0.423,13,0.005
443,0.75,564,0.6296296296296298,0.6718516607410369,0,17,3070,1305,0.822,32,0.1
444,0.71,328,0.48148148148148145,0.7932587938549368,0,52,3344,2902,0.167,23,0.001
445,0.72,469,0.5185185185185185,0.7131821547635325,0,73,1845,2479,0.58,29,0.25
446,0.65,164,0.25925925925925947,0.9481950254746767,0,7,268,4281,0.89,48,0.1
447,0.75,1129,0.6296296296296298,0.5162340667435807,0,72,4863,963,0.352,4,0.05
448,0.7,332,0.4444444444444444,0.7905456643876612,0,90,4703,4209,0.996,7,0.1
449,0.66,196,0.29629629629629656,0.9083989995978898,0,26,108,1193,0.255,50,0.25
450,0.71,465,0.48148148148148145,0.7151010444889381,0,127,1687,2986,0.195,31,0.01
451,0.72,385,0.5185185185185185,0.7573868743994547,0,43,3186,2241,0.56,25,0.001
452,0.7,253,0.4444444444444444,0.851344474905818,0,31,2913,3223,0.466,35,0.005
453,0.74,857,0.5925925925925927,0.5780567693689468,0,113,1883,1535,0.786,16,0.05
454,0.68,236,0.3703703703703707,0.8668971210084015,0,43,1006,4598,0.726,10,0.25
455,0.72,482,0.5185185185185185,0.707056667759667,0,77,4260,2805,0.61,43,0.005
456,0.72,356,0.5185185185185185,0.774921362750302,0,32,925,1993,0.135,12,0.001
457,0.67,191,0.3333333333333336,0.9141707501424696,0,22,2433,3755,0.324,18,0.25
458,0.69,263,0.40740740740740733,0.8426751070437765,0,59,3747,4924,0.079,22,0.05
459,0.78,1522,0.7407407407407409,0.4492261937633113,0,37,1456,439,0.664,27,0.1
460,0.68,194,0.3703703703703707,0.9106899248959965,0,15,495,3510,0.853,46,0.005
461,0.74,740,0.5925925925925927,0.6109705293397771,0,90,4612,1756,0.393,2,0.025
462,0.72,539,0.5185185185185185,0.68201216069399,0,97,4676,2537,0.813,49,0.05
463,0.71,298,0.48148148148148145,0.8147250114958635,0,35,511,2101,0.43,5,0.01
464,0.69,321,0.40740740740740733,0.7980871247006286,0,109,2705,3705,0.665,47,0.05
465,0.76,1079,0.6666666666666669,0.5263945666965335,0,51,3686,707,0.627,30,0.1
466,0.68,197,0.3703703703703707,0.9072622441002711,0,18,2710,4735,0.346,14,0.25
467,0.78,836,0.7407407407407409,0.5836201022368905,0,6,2500,470,0.899,33,0.001
468,0.69,227,0.40740740740740733,0.8755888670146067,0,27,863,3707,0.589,39,0.25
469,0.74,694,0.5925925925925927,0.6253590199572536,0,82,4247,1713,0.16,8,0.05
470,0.69,307,0.40740740740740733,0.8080669335121299,0,98,3862,4240,0.7,11,0.025
471,0.76,622,0.6666666666666669,0.6499124907022207,0,17,957,1004,0.053,41,0.05
472,0.71,442,0.48148148148148145,0.7264647479089652,0,119,1938,2944,0.491,35,0.25
473,0.72,324,0.5185185185185185,0.7960051122729457,0,21,2938,2437,0.765,16,0.005
474,0.71,285,0.48148148148148145,0.8247048203073648,0,25,3134,3332,0.231,26,0.025
475,0.75,872,0.6296296296296298,0.574165706094715,0,50,1664,1268,0.52,20,0.01
476,0.64,141,0.2222222222222224,0.981897920638063,1,1,136,4476,0.958,1,0.1
477,0.78,1970,0.7407407407407409,0.3913346071310967,0,61,4760,299,0.296,44,0.001
478,0.7,328,0.4444444444444444,0.7932587938549368,0,86,4913,4561,0.932,47,0.01
479,0.82,2002,0.8888888888888888,0.38771888761472484,0,6,289,61,0.315,3,0.025
480,0.71,405,0.48148148148148145,0.7460456384535268,0,96,1819,3260,0.127,22,0.1
481,0.75,586,0.6296296296296298,0.6632756318105973,0,20,3289,1498,0.617,28,0.25
482,0.71,283,0.48148148148148145,0.8262803266406066,0,23,3094,3028,0.402,19,0.05
483,0.64,165,0.2222222222222224,0.9468384731230485,0,13,2092,2199,0.846,37,0.005
484,0.69,269,0.40740740740740733,0.8376297546914464,0,64,1109,4168,0.658,44,0.001
485,0.75,1051,0.6296296296296298,0.5322919456165811,0,69,4015,1235,0.088,12,0.05
486,0.71,392,0.48148148148148145,0.7533519490615819,0,90,4089,3469,0.554,9,0.1
487,0.73,335,0.5555555555555556,0.7885321196698613,0,9,705,1797,0.204,40,0.005
488,0.65,168,0.25925925925925947,0.9428173137261411,0,10,2340,4965,0.263,34,0.001
489,0.79,1115,0.777777777777778,0.519032965180396,0,7,2550,398,0.989,15,0.001
490,0.7,322,0.4444444444444444,0.7973909730385528,0,81,3527,3791,0.023,31,0.01
491,0.77,1076,0.7037037037037038,0.5270190698283759,0,17,1285,791,0.733,24,0.25
492,0.68,199,0.3703703703703707,0.9050058559503189,0,20,353,2768,0.793,6,0.025
493,0.73,589,0.5555555555555556,0.6621311498191509,0,84,4519,2029,0.458,49,0.1
494,0.7,359,0.4444444444444444,0.7730426176349516,0,106,4437,3916,0.859,32,0.05
495,0.76,532,0.6666666666666669,0.684941486720968,0,7,438,666,0.384,13,0.001
496,0.72,363,0.5185185185185185,0.7705618329334497,0,35,1362,2654,0.073,7,0.1
497,0.73,503,0.5555555555555556,0.6975016627288996,0,57,3457,2143,0.674,38,0.05
498,0.69,198,0.40740740740740733,0.906131215354885,0,6,2637,3672,0.33,4,0.01
499,0.7,220,0.4444444444444444,0.8825897064864987,0,6,2261,1594,0.915,48,0.025
500,0.68,194,0.3703703703703707,0.9106899248959965,0,15,633,4773,0.605,29,0.005
501,0.77,1139,0.7037037037037038,0.5142560034531378,0,21,4163,591,0.145,22,0.001
502,0.72,457,0.5185185185185185,0.7189887387087771,0,67,3945,2824,0.747,21,0.1
503,0.72,400,0.5185185185185185,0.7488276905476811,0,49,1186,2403,0.006,27,0.05
504,0.64,157,0.2222222222222224,0.9579275779493632,0,8,2177,4360,0.445,46,0.005
505,0.69,268,0.40740740740740733,0.8384628121635391,0,63,3363,4435,0.216,43,0.005
506,0.8,2170,0.8148148148148151,0.36963654261238055,0,23,1747,186,0.535,11,0.001
507,0.64,165,0.2222222222222224,0.9468384731230485,0,13,210,3374,0.974,17,0.01
508,0.75,955,0.6296296296296298,0.553775293918386,0,62,4999,1384,0.28,36,0.1
509,0.71,422,0.48148148148148145,0.7368365104456218,0,105,4840,3143,0.884,37,0.025
510,0.63,160,0.18518518518518534,0.9537047186980849,0,12,49,1456,0.362,18,0.001
511,0.68,276,0.3703703703703707,0.831883330869341,0,71,1590,4673,0.173,12,0.005
512,0.81,2473,0.8518518518518522,0.3403048399035392,0,11,3206,102,0.571,43,0.025
513,0.69,224,0.40740740740740733,0.8785625360658519,0,24,2854,4129,0.417,3,0.1
514,0.71,306,0.48148148148148145,0.8087970438503322,0,40,1026,3063,0.642,28,0.1
515,0.72,507,0.5185185185185185,0.6957268809083617,0,86,3785,2318,0.104,21,0.25
516,0.69,303,0.40740740740740733,0.811001729958112,0,94,4319,4845,0.508,25,0.025
517,0.79,1283,0.777777777777778,0.4875502536952656,0,18,788,360,0.25,31,0.1
518,0.67,190,0.3333333333333336,0.915343122159737,0,21,2413,3588,0.311,50,0.05
519,0.73,344,0.5555555555555556,0.782597622665719,0,12,2790,1832,0.942,6,0.25
520,0.71,407,0.48148148148148145,0.7449423992254539,0,97,3610,2726,0.039,41,0.25
521,0.73,526,0.5555555555555556,0.68748312214276,0,66,1515,1912,0.717,9,0.05
522,0.68,201,0.3703703703703707,0.9027719197960986,0,22,593,3832,0.778,16,0.001
523,0.76,1215,0.6666666666666669,0.49976654196319925,0,65,4592,904,0.473,34,0.01
524,0.7,398,0.4444444444444444,0.7499502365419984,0,132,4604,3848,0.375,44,0.1
525,0.76,492,0.6666666666666669,0.7024559180091194,0,4,605,910,0.882,13,0.25
526,0.72,372,0.5185185185185185,0.7650783077537955,0,39,1508,2722,0.568,19,0.005
527,0.74,538,0.5925925925925927,0.6824283030395215,0,48,3602,1899,0.186,38,0.25
528,0.69,255,0.40740740740740733,0.8495836130859749,0,52,2782,3584,0.841,22,0.005
529,0.71,243,0.48148148148148145,0.8603621019682964,0,4,2406,1819,0.413,28,0.1
530,0.68,230,0.3703703703703707,0.8726540705686245,0,39,800,4861,0.099,47,0.05
531,0.78,1678,0.7407407407407409,0.42733293204633105,0,47,4331,366,0.653,3,0.01
532,0.71,431,0.48148148148148145,0.7321098362605462,0,109,3778,3049,0.237,6,0.1
533,0.72,362,0.5185185185185185,0.7711794639450833,0,34,1019,2315,0.51,49,0.025
534,0.6,154,0.07407407407407414,0.9622313914906758,0,11,2032,4135,0.945,30,0.025
535,0.75,491,0.6296296296296298,0.7029117734573797,0,13,2866,1131,0.298,25,0.001
536,0.69,242,0.40740740740740733,0.8612841103735357,0,40,3218,4680,0.707,33,0.05
537,0.81,2727,0.8518518518518522,0.3183630479687133,0,14,1601,117,0.043,15,0.001
538,0.61,147,0.1111111111111112,0.9726065782695846,0,8,42,3129,0.479,9,0.025
539,0.75,813,0.6296296296296298,0.5898757471759788,0,46,4833,1453,0.766,40,0.25
540,0.71,390,0.48148148148148145,0.7544974042562211,0,89,4987,3367,0.381,39,0.01
541,0.69,284,0.40740740740740733,0.8254911914480505,0,76,1754,4449,0.687,14,0.001
542,0.8,1799,0.8148148148148151,0.41170975407348276,0,19,3370,189,0.071,33,0.1
543,0.69,247,0.40740740740740733,0.8567114730597756,0,45,3019,4374,0.909,23,0.001
544,0.69,236,0.40740740740740733,0.8668971210084015,0,35,2184,1046,0.341,30,0.05
545,0.71,339,0.48148148148148145,0.7858751805998593,0,57,1174,2818,0.155,48,0.25
546,0.72,523,0.5185185185185185,0.6887648120050872,0,92,3933,2387,0.6,5,0.025
547,0.69,339,0.40740740740740733,0.7858751805998593,0,122,4171,4777,0.009,1,0.25
548,0.65,200,0.25925925925925947,0.9038861093341913,0,29,2249,3656,0.799,26,0.01
549,0.73,324,0.5555555555555556,0.7960051122729457,0,8,2625,1588,0.448,20,0.05
550,0.72,402,0.5185185185185185,0.7477107293824025,0,50,3445,2638,0.541,35,0.025
551,0.73,487,0.5555555555555556,0.7047445079708401,0,53,1350,2137,0.205,17,0.25
552,0.68,208,0.3703703703703707,0.8951236808568753,0,29,445,3920,0.27,10,0.1
553,0.72,462,0.5185185185185185,0.7165510520985214,0,69,4531,2762,0.328,27,0.25
554,0.7,257,0.4444444444444444,0.8478364546098132,0,33,366,2013,0.928,21,0.05
555,0.7,270,0.4444444444444444,0.8367997769212878,0,43,1278,3805,0.615,2,0.01
556,0.76,1073,0.6666666666666669,0.5276453149516839,0,50,3520,795,0.139,47,0.005
557,0.67,178,0.3333333333333336,0.9299109598875583,0,11,2543,4979,0.858,12,0.1
558,0.77,764,0.7037037037037038,0.603814266717936,0,8,2333,402,0.397,43,0.25
559,0.69,263,0.40740740740740733,0.8426751070437765,0,59,717,3463,0.084,37,0.05
560,0.74,642,0.5925925925925927,0.6428184176904546,0,70,4101,1781,0.668,18,0.025
561,0.7,349,0.4444444444444444,0.7793672254777106,0,104,4007,4172,0.19,15,0.01
562,0.76,570,0.6666666666666669,0.6694800675844795,0,10,1102,1248,0.557,35,0.1
563,0.63,155,0.18518518518518534,0.9607876004625526,0,9,2105,3012,0.992,41,0.01
564,0.72,375,0.5185185185185185,0.7632798303300887,0,41,3106,2193,0.251,10,0.25
565,0.71,324,0.48148148148148145,0.7960051122729457,0,50,3301,3243,0.721,50,0.025
566,0.74,758,0.5925925925925927,0.6055820611361256,0,98,1831,1493,0.028,6,0.05
567,0.65,165,0.25925925925925947,0.9468384731230485,0,8,282,4564,0.462,25,0.1
568,0.7,326,0.4444444444444444,0.7946277537741236,0,84,4748,4492,0.427,29,0.001
569,0.74,549,0.5925925925925927,0.6778926188541694,0,51,124,305,0.825,23,0.025
570,0.71,371,0.48148148148148145,0.765681016118814,0,76,1671,3328,0.64,4,0.05
571,0.76,599,0.6666666666666669,0.6583578050119008,0,13,3141,1254,0.117,48,0.01
572,0.7,261,0.4444444444444444,0.8443824060025436,0,37,2946,2940,0.895,7,0.005
573,0.72,534,0.5185185185185185,0.6841006290671275,0,96,1945,2424,0.356,38,0.01
574,0.69,226,0.40740740740740733,0.8765757201689818,0,26,945,4256,0.172,32,0.001
575,0.71,427,0.48148148148148145,0.7341983046336837,0,108,4254,3693,0.056,17,0.1
576,0.79,981,0.777777777777778,0.5477509623868455,0,5,2698,486,0.495,11,0.05
577,0.7,337,0.4444444444444444,0.7871997197286846,0,95,3674,4035,0.524,45,0.25
578,0.77,1206,0.7037037037037038,0.5014343817261346,0,26,1433,723,0.221,2,0.005
579,0.7,230,0.4444444444444444,0.8726540705686245,0,14,518,2524,0.285,20,0.025
580,0.73,644,0.5555555555555556,0.6421211850458006,0,98,4683,2097,0.964,27,0.1
581,0.71,402,0.48148148148148145,0.7477107293824025,0,95,4624,3504,0.26,24,0.05
582,0.72,269,0.5185185185185185,0.8376297546914464,0,3,507,1739,0.985,31,0.1
583,0.69,294,0.40740740740740733,0.8177487438166071,0,85,1449,4937,0.55,49,0.25
584,0.78,1720,0.7407407407407409,0.42178596358937603,0,50,3739,443,0.199,6,0.001
585,0.68,225,0.3703703703703707,0.8775669303050494,0,37,2684,3768,0.789,40,0.005
586,0.75,414,0.6296296296296298,0.741123203559036,0,4,2426,832,0.453,9,0.025
587,0.71,269,0.48148148148148145,0.8376297546914464,0,16,937,2799,0.019,15,0.025
588,0.73,604,0.5555555555555556,0.6564946513220323,0,87,4272,1976,0.728,34,0.25
589,0.69,334,0.40740740740740733,0.7892012967111406,0,117,3876,4601,0.13,37,0.005
590,0.84,4985,0.9629629629629629,0.1829696349950486,1,1,999,38,0.622,19,0.05
591,0.71,399,0.48148148148148145,0.7493882619528626,0,94,1894,3207,0.935,13,0.001
592,0.74,443,0.5925925925925927,0.7259585273311665,0,27,2925,1529,0.319,44,0.1
593,0.71,308,0.48148148148148145,0.8073391898242316,0,41,3198,2970,0.661,3,0.01
594,0.73,492,0.5555555555555556,0.7024559180091194,0,54,1699,2234,0.092,47,0.025
595,0.63,144,0.18518518518518534,0.9772041873570354,0,4,101,4213,0.406,28,0.005
596,0.7,348,0.4444444444444444,0.7800095971066083,0,103,4851,4297,0.488,19,0.1
597,0.71,423,0.48148148148148145,0.736306383325315,0,106,1852,2898,0.697,45,0.1
598,0.72,370,0.5185185185185185,0.7662853468501631,0,38,3351,2465,0.049,1,0.05
599,0.71,287,0.48148148148148145,0.8231402932015078,0,27,3077,3291,0.955,41,0.025
600,0.65,170,0.25925925925925947,0.9401760040711014,0,12,2047,1291,0.292,10,0.001
601,0.69,226,0.40740740740740733,0.8765757201689818,0,26,1155,4529,0.228,16,0.005
602,0.78,2079,0.7407407407407409,0.37925000584713264,0,63,4030,268,0.516,36,0.1
603,0.72,532,0.5185185185185185,0.684941486720968,0,95,4112,2561,0.124,33,0.025
604,0.72,319,0.5185185185185185,0.7994859375194188,0,19,777,2061,0.631,14,0.001
605,0.66,168,0.29629629629629656,0.9428173137261411,0,9,2268,3999,0.816,8,0.05
606,0.76,490,0.6666666666666669,0.703368556384302,0,3,2527,760,0.434,39,0.25
607,0.69,283,0.40740740740740733,0.8262803266406066,0,75,3582,4699,0.593,5,0.005
608,0.77,1237,0.7037037037037038,0.4957410126942463,0,28,1292,528,0.165,49,0.01
609,0.67,171,0.3333333333333336,0.9388669115507748,0,7,348,3735,0.349,30,0.25
610,0.69,287,0.40740740740740733,0.8231402932015078,0,78,4394,4902,0.306,9,0.025
611,0.79,1007,0.777777777777778,0.5418840687314432,0,6,424,324,0.938,41,0.01
612,0.7,335,0.4444444444444444,0.7885321196698613,0,93,1376,3543,0.503,34,0.001
613,0.74,522,0.5925925925925927,0.6891936731309771,0,44,3500,1860,0.246,16,0.01
614,0.67,193,0.3333333333333336,0.9118442139740947,0,23,2196,1936,0.47,25,0.005
615,0.68,202,0.3703703703703707,0.9016632324509832,0,23,698,3884,0.034,6,0.25
616,0.71,380,0.48148148148148145,0.7603140179648562,0,82,3948,3166,0.177,46,0.001
617,0.75,557,0.6296296296296298,0.6746505591778523,0,16,1239,1416,0.574,3,0.005
618,0.62,147,0.14814814814814828,0.9726065782695846,0,7,2124,4643,0.889,21,0.1
619,0.81,1806,0.8518518518518522,0.41083835784898004,0,8,3008,154,0.366,28,0.025
620,0.69,297,0.40740740740740733,0.815477135251671,0,88,3438,4094,0.646,18,0.005
621,0.75,925,0.6296296296296298,0.560933458101065,0,60,1773,1172,0.107,37,0.25
622,0.65,169,0.25925925925925947,0.9414927745973157,0,11,184,3090,0.422,43,0.05
623,0.73,625,0.5555555555555556,0.6488339839149478,0,95,4925,2273,0.834,12,0.01
624,0.71,451,0.48148148148148145,0.7219493363075931,0,122,4768,2860,0.441,11,0.01
625,0.61,143,0.1111111111111112,0.9787578871989643,0,5,27,2345,0.808,42,0.25
626,0.69,303,0.40740740740740733,0.811001729958112,0,94,1613,4332,0.743,36,0.01
627,0.76,902,0.6666666666666669,0.5665802301397485,0,35,3278,1088,0.003,18,0.05
628,0.68,205,0.3703703703703707,0.8983696467651934,0,26,2848,4412,0.97,26,0.05
629,0.79,1904,0.777777777777778,0.39898115440338733,0,40,1964,226,0.277,21,0.025
630,0.7,263,0.4444444444444444,0.8426751070437765,0,39,1081,3404,0.212,2,0.025
631,0.7,337,0.4444444444444444,0.7871997197286846,0,95,4351,3956,0.078,47,0.01
632,0.68,199,0.3703703703703707,0.9050058559503189,0,20,2351,2602,0.863,23,0.05
633,0.72,301,0.5185185185185185,0.8124836411546152,0,16,2757,2174,0.387,29,0.005
634,0.7,324,0.4444444444444444,0.7960051122729457,0,83,3655,3615,0.609,13,0.1
635,0.74,577,0.5925925925925927,0.6667445052493999,0,58,1531,1629,0.148,32,0.025
636,0.67,178,0.3333333333333336,0.9299109598875583,0,11,577,4818,0.334,38,0.01
637,0.71,440,0.48148148148148145,0.7274806262537477,0,117,4559,3033,0.512,4,0.025
638,0.71,247,0.48148148148148145,0.8567114730597756,0,5,551,2211,0.239,48,0.001
639,0.7,294,0.4444444444444444,0.8177487438166071,0,63,1562,4158,0.304,29,0.1
640,0.75,783,0.6296296296296298,0.5983063521407583,0,41,3647,1222,0.951,23,0.05
641,0.68,232,0.3703703703703707,0.8707186384863944,0,41,2749,4547,0.046,32,0.01
642,0.83,2339,0.9259259259259258,0.35280668596266584,1,1,2382,53,0.708,14,0.1
643,0.7,259,0.4444444444444444,0.8461027878395018,0,35,824,3270,0.773,7,0.25
644,0.74,792,0.5925925925925927,0.5957437642934669,0,102,4364,1505,0.484,39,0.001
645,0.7,374,0.4444444444444444,0.7638777234428011,0,117,3823,3822,0.876,42,0.01
646,0.77,826,0.7037037037037038,0.5863185569717514,0,10,1075,817,0.369,11,0.05
647,0.72,500,0.5185185185185185,0.6988420173437049,0,83,1976,2736,0.184,17,0.05
648,0.71,271,0.48148148148148145,0.8359728561664155,0,17,3250,3442,0.407,20,0.025
649,0.74,685,0.5925925925925927,0.6282853156656065,0,81,1624,1763,0.836,27,0.25
650,0.58,142,0.0,0.9803224143048213,0,7,20,4991,0.65,45,0.005
651,0.78,1597,0.7407407407407409,0.4384338854156167,0,41,4800,428,0.097,2,0.025
652,0.69,317,0.40740740740740733,0.8008935203818097,0,106,4953,4763,0.74,2,0.05
653,0.73,476,0.5555555555555556,0.709863063440848,0,51,172,503,0.015,46,0.25
654,0.7,353,0.4444444444444444,0.7768159624422017,0,105,1779,3682,0.45,27,0.025
655,0.74,573,0.5925925925925927,0.668303599925733,0,57,3405,1681,0.8,21,0.1
656,0.72,331,0.5185185185185185,0.7912208791255922,0,23,2976,2508,0.211,36,0.1
657,0.65,162,0.25925925925925947,0.950932970762817,0,6,2131,2075,0.546,18,0.01
658,0.69,273,0.40740740740740733,0.8343280962010986,0,68,1227,4063,0.981,12,0.025
659,0.76,1152,0.6666666666666669,0.5117103036923039,0,60,3976,735,0.271,43,0.05
660,0.75,423,0.6296296296296298,0.736306383325315,0,6,667,1277,0.379,10,0.05
661,0.65,157,0.25925925925925947,0.9579275779493632,0,3,2223,4465,0.065,16,0.25
662,0.79,1199,0.777777777777778,0.5027402110144444,0,12,2589,293,0.681,35,0.1
663,0.69,308,0.40740740740740733,0.8073391898242316,0,99,3487,4233,0.338,25,0.005
664,0.76,872,0.6666666666666669,0.574165706094715,0,34,1402,994,0.908,31,0.025
665,0.68,201,0.3703703703703707,0.9027719197960986,0,22,393,2951,0.594,50,0.001
666,0.72,496,0.5185185185185185,0.7006416961679983,0,82,4402,2451,0.15,7,0.01
667,0.69,346,0.40740740740740733,0.7812998807220592,0,126,4477,4119,0.559,14,0.005
668,0.72,269,0.5185185185185185,0.8376297546914464,0,3,321,1108,0.193,33,0.01
669,0.71,336,0.48148148148148145,0.7878649312705663,0,56,1323,3076,0.257,39,0.025
670,0.73,435,0.5555555555555556,0.730040616717629,0,39,3574,2326,0.998,8,0.1
671,0.69,209,0.40740740740740733,0.8940520381007615,0,12,2519,3152,0.029,48,0.05
672,0.7,239,0.4444444444444444,0.8640730745759134,0,20,2300,1469,0.724,5,0.005
673,0.68,201,0.3703703703703707,0.9027719197960986,0,22,751,4668,0.788,23,0.025
674,0.81,3825,0.8518518518518522,0.24242271573458385,0,17,4125,90,0.469,30,0.01
675,0.72,530,0.5185185185185185,0.6857855055012401,0,94,4063,2700,0.923,26,0.1
676,0.73,448,0.5555555555555556,0.7234444055249725,0,43,1148,1882,0.322,20,0.025
677,0.61,139,0.1111111111111112,0.9850824950417233,0,3,2059,3859,0.137,1,0.05
678,0.68,260,0.3703703703703707,0.8452409490416681,0,58,3323,4877,0.392,10,0.25
679,0.78,1419,0.7407407407407409,0.4649474630791377,0,30,1864,389,0.851,42,0.05
680,0.65,166,0.25925925925925947,0.9454900682821228,0,9,249,3557,0.667,35,0.1
681,0.74,746,0.5925925925925927,0.6091599652436688,0,93,4883,1807,0.081,17,0.001
682,0.7,397,0.4444444444444444,0.7505136213574286,0,131,4723,3639,0.693,19,0.25
683,0.65,173,0.25925925925925947,0.9362714059826298,0,15,89,1566,0.062,38,0.005
684,0.69,300,0.40740740740740733,0.8132282810781666,0,91,1706,4803,0.496,44,0.1
685,0.69,231,0.40740740740740733,0.8716842689261352,0,31,2892,3941,0.226,47,0.025
686,0.77,1185,0.7037037037037038,0.5053748784975886,0,24,1901,698,0.531,3,0.1
687,0.71,292,0.48148148148148145,0.8192760199862716,0,31,988,2626,0.965,22,0.01
688,0.73,615,0.5555555555555556,0.6524493395146735,0,92,3903,2111,0.287,29,0.05
689,0.69,348,0.40740740740740733,0.7800095971066083,0,127,4280,4428,0.823,30,0.1
690,0.81,1604,0.8518518518518522,0.4374525781287094,0,4,906,172,0.425,24,0.05
691,0.68,186,0.3703703703703707,0.9200948070651788,0,7,2452,3381,0.112,5,0.01
692,0.73,378,0.5555555555555556,0.7614956455932452,0,21,2672,1395,0.634,50,0.005
693,0.71,444,0.48148148148148145,0.7254534456082729,0,120,3726,2836,0.355,8,0.01
694,0.68,187,0.3703703703703707,0.9188974243275451,0,8,476,4347,0.579,34,0.25
695,0.76,1034,0.6666666666666669,0.5359495717273011,0,47,4631,1034,0.165,15,0.025
696,0.69,321,0.40740740740740733,0.7980871247006286,0,109,4657,4627,0.619,36,0.25
697,0.82,1715,0.8888888888888888,0.42243917537149034,0,2,531,131,0.128,17,0.1
698,0.71,357,0.48148148148148145,0.774293365890102,0,66,1425,3193,0.313,11,0.005
699,0.7,247,0.4444444444444444,0.8567114730597756,0,25,2729,3113,0.09,1,0.005
700,0.7,252,0.4444444444444444,0.8522301120745437,0,30,2480,2290,0.66,46,0.05
701,0.69,235,0.40740740740740733,0.8678464193831632,0,34,883,4082,0.844,27,0.001
702,0.75,1041,0.6296296296296298,0.5344362668951315,0,68,4227,1145,0.401,21,0.025
703,0.7,344,0.4444444444444444,0.782597622665719,0,99,3843,3520,0.991,22,0.025
704,0.73,393,0.5555555555555556,0.7527814056004334,0,26,977,1844,0.266,29,0.01
705,0.69,320,0.40740740740740733,0.7987854416901784,0,108,1917,4914,0.201,48,0.001
706,0.79,1344,0.777777777777778,0.47712994860207014,0,21,2957,352,0.552,4,0.05
707,0.69,259,0.40740740740740733,0.8461027878395018,0,56,3152,3901,0.46,38,0.001
708,0.65,170,0.25925925925925947,0.9401760040711014,0,12,157,2658,0.731,13,0.25
709,0.74,651,0.5925925925925927,0.6396977827679042,0,73,4741,1924,0.02,32,0.01
710,0.72,527,0.5185185185185185,0.6870575130463201,0,93,4894,2584,0.625,34,0.1
711,0.69,224,0.40740740740740733,0.8785625360658519,0,24,309,2152,0.119,16,0.05
712,0.7,347,0.4444444444444444,0.7806538119851734,0,102,1799,3983,0.432,9,0.01
713,0.68,240,0.3703703703703707,0.8631395649933896,0,45,3112,4840,0.158,6,0.01
714,0.7,284,0.4444444444444444,0.8254911914480505,0,54,1130,3602,0.901,31,0.05
715,0.74,759,0.5925925925925927,0.6052864603940995,0,99,3995,1603,0.348,25,0.1
716,0.69,346,0.40740740740740733,0.7812998807220592,0,126,4070,4311,0.763,21,0.01
717,0.75,483,0.6296296296296298,0.7065923268885885,0,11,725,1070,0.49,28,0.25
718,0.67,188,0.3333333333333336,0.9177063937828507,0,19,2320,2872,0.055,46,0.005
719,0.71,255,0.48148148148148145,0.8495836130859749,0,10,2569,2372,0.702,3,0.25
720,0.71,357,0.48148148148148145,0.774293365890102,0,66,3546,3422,0.294,43,0.005
721,0.75,605,0.6296296296296298,0.6561238688576807,0,23,1266,1353,0.956,12,0.1
722,0.67,173,0.3333333333333336,0.9362714059826298,0,9,374,4386,0.522,18,0.025
723,0.79,2024,0.777777777777778,0.38526643418901596,0,42,4499,213,0.233,37,0.05
724,0.71,387,0.48148148148148145,0.7562266199766383,0,87,4418,3228,0.573,44,0.01
725,0.72,275,0.5185185185185185,0.8326952982322753,0,5,458,1547,0.175,1,0.025
726,0.69,250,0.40740740740740733,0.8540119367538742,0,48,1343,4588,0.36,20,0.05
727,0.69,199,0.40740740740740733,0.9050058559503189,0,7,2656,4195,0.106,16,0.001
728,0.7,220,0.4444444444444444,0.8825897064864987,0,6,2241,1185,0.643,35,0.025
729,0.7,219,0.4444444444444444,0.8836078884181818,0,5,653,2996,0.829,41,0.01
730,0.73,536,0.5555555555555556,0.6832629089491402,0,70,4145,2248,0.415,11,0.1
731,0.69,301,0.40740740740740733,0.8124836411546152,0,92,3926,4955,0.944,8,0.001
732,0.78,1324,0.7407407407407409,0.4804934381947463,0,23,1206,465,0.312,39,0.005
733,0.64,163,0.2222222222222224,0.9495598243957976,0,11,2157,3478,0.248,33,0.25
734,0.74,487,0.5925925925925927,0.7047445079708401,0,36,3030,1727,0.505,14,0.05
735,0.71,351,0.48148148148148145,0.7780879699872818,0,64,3382,2777,0.475,29,0.01
736,0.74,585,0.5925925925925927,0.6636584259888154,0,60,1727,1959,0.78,24,0.1
737,0.65,156,0.25925925925925947,0.9593530349991876,0,2,230,3781,0.714,5,0.025
738,0.76,1089,0.6666666666666669,0.5243253471536165,0,54,4981,857,0.037,49,0.005
739,0.69,353,0.40740740740740733,0.7768159624422017,0,130,4821,4021,0.672,49,0.025
740,0.67,196,0.3333333333333336,0.9083989995978898,0,25,70,776,0.072,6,0.05
741,0.72,386,0.5185185185185185,0.7568059976688515,0,44,1569,2549,0.386,24,0.05
742,0.73,407,0.5555555555555556,0.7449423992254539,0,32,3224,2033,0.861,31,0.25
743,0.69,231,0.40740740740740733,0.8716842689261352,0,31,2873,3718,0.143,15,0.1
744,0.74,792,0.5925925925925927,0.5957437642934669,0,102,1999,1645,0.602,34,0.05
745,0.68,231,0.3703703703703707,0.8716842689261352,0,40,1046,4727,0.917,40,0.1
746,0.77,1339,0.7037037037037038,0.4779661087162277,0,32,3766,539,0.331,9,0.025
747,0.72,456,0.5185185185185185,0.7194794683711188,0,66,4299,2914,0.809,12,0.025
748,0.71,295,0.48148148148148145,0.8169889842721282,0,33,808,2488,0.443,44,0.1
749,0.67,172,0.3333333333333336,0.9375654080152253,0,8,2394,4270,0.008,38,0.25
750,0.69,265,0.40740740740740733,0.8409806934829601,0,61,3629,4507,0.278,28,0.1
751,0.79,1544,0.777777777777778,0.4460063262627628,0,26,1495,251,0.973,22,0.001
752,0.7,210,0.4444444444444444,0.8929854863033013,0,2,613,3303,0.537,3,0.001
753,0.75,884,0.6296296296296298,0.5711006928781892,0,54,4573,1319,0.218,47,0.05
754,0.7,308,0.4444444444444444,0.8073391898242316,0,73,4580,4494,0.888,11,0.025
755,0.8,1211,0.8148148148148151,0.5005062748602243,0,6,611,242,0.365,42,0.001
756,0.71,318,0.48148148148148145,0.800188625827442,0,46,1502,3314,0.18,36,0.01
757,0.75,696,0.6296296296296298,0.6247138794813255,0,31,3626,1324,0.577,18,0.25
758,0.7,272,0.4444444444444444,0.8351489699899444,0,44,2806,2921,0.419,26,0.01
759,0.69,214,0.40740740740740733,0.8887692359842188,0,17,2401,2499,0.832,21,0.005
760,0.69,211,0.40740740740740733,0.8919239773227714,0,14,806,4262,0.647,2,0.25
761,0.76,1106,0.6666666666666669,0.5208508595754562,0,57,4307,943,0.109,45,0.05
762,0.7,353,0.4444444444444444,0.7768159624422017,0,105,3763,3729,0.5,48,0.01
763,0.74,401,0.5925925925925927,0.748268515336735,0,19,1054,1652,0.243,4,0.05
764,0.69,305,0.40740740740740733,0.8095295362819486,0,96,1997,4713,0.307,23,0.005
765,0.78,1030,0.7407407407407409,0.5368189193039155,0,11,2880,531,0.939,29,0.025
766,0.69,256,0.40740740740740733,0.8487083342731031,0,53,3232,4012,0.034,13,0.1
767,0.62,152,0.14814814814814828,0.965147130279405,0,10,77,2554,0.776,38,0.1
768,0.73,627,0.5555555555555556,0.6481178470042748,0,96,4818,2045,0.472,8,0.005
769,0.72,491,0.5185185185185185,0.7029117734573797,0,79,4973,2785,0.866,9,0.05
770,0.68,185,0.3703703703703707,0.9212986101162702,0,6,232,1973,0.39,41,0.005
771,0.7,378,0.4444444444444444,0.7614956455932452,0,119,1720,3774,0.077,34,0.025
772,0.68,208,0.3703703703703707,0.8951236808568753,0,29,3033,4944,0.335,31,0.001
773,0.72,422,0.5185185185185185,0.7368365104456218,0,55,2149,459,0.919,25,0.1
774,0.7,297,0.4444444444444444,0.815477135251671,0,65,1208,3491,0.606,6,0.025
775,0.74,747,0.5925925925925927,0.608859619070266,0,94,3919,1736,0.146,50,0.005
776,0.7,371,0.4444444444444444,0.765681016118814,0,115,4147,4190,0.744,46,0.1
777,0.74,525,0.5925925925925927,0.6879095396140376,0,46,646,1174,0.004,2,0.01
778,0.67,163,0.3333333333333336,0.9495598243957976,1,1,2243,3005,0.438,21,0.05
779,0.71,285,0.48148148148148145,0.8247048203073648,0,25,2648,2261,0.805,28,0.005
780,0.71,341,0.48148148148148145,0.7845584100736451,0,58,3469,3242,0.215,18,0.25
781,0.71,413,0.48148148148148145,0.7416648412913136,0,99,4497,3430,0.934,19,0.05
782,0.72,295,0.5185185185185185,0.8169889842721282,0,13,381,1367,0.319,26,0.01
783,0.69,247,0.40740740740740733,0.8567114730597756,0,45,1263,4380,0.133,44,0.1
784,0.8,1518,0.8148148148148151,0.4498166181171026,0,11,3553,203,0.625,1,0.001
785,0.68,194,0.3703703703703707,0.9106899248959965,0,15,2576,4299,0.403,41,0.005
786,0.7,246,0.4444444444444444,0.857618580278195,0,24,733,2885,0.662,16,0.025
787,0.73,528,0.5555555555555556,0.6866327092655862,0,68,4068,2381,0.093,35,0.01
788,0.69,339,0.40740740740740733,0.7858751805998593,0,122,4003,4834,0.548,33,0.005
789,0.78,1024,0.7407407407407409,0.5381292852677724,0,9,1127,568,0.196,14,0.25
790,0.62,144,0.14814814814814828,0.9772041873570354,0,5,2080,3611,0.261,8,0.001
791,0.74,498,0.5925925925925927,0.6997400534656284,0,38,3110,1616,0.986,39,0.01
792,0.72,373,0.5185185185185185,0.7644772130677223,0,40,3305,2598,0.018,4,0.25
793,0.73,557,0.5555555555555556,0.6746505591778523,0,76,1806,2160,0.727,49,0.025
794,0.66,198,0.29629629629629656,0.906131215354885,0,27,307,3972,0.792,30,0.05
795,0.77,1229,0.7037037037037038,0.4971965038933671,0,27,4901,649,0.456,24,0.1
796,0.7,392,0.4444444444444444,0.7533519490615819,0,127,4744,3888,0.819,24,0.25
797,0.7,270,0.4444444444444444,0.8367997769212878,0,43,149,887,0.437,31,0.1
798,0.72,428,0.5185185185185185,0.7336743633664031,0,57,1646,2670,0.123,49,0.25
799,0.73,397,0.5555555555555556,0.7505136213574286,0,28,3146,1930,0.63,6,0.1
800,0.7,275,0.4444444444444444,0.8326952982322753,0,47,2950,3527,0.35,40,0.1
801,0.74,709,0.5925925925925927,0.620565057076594,0,83,1920,1854,0.904,9,0.25
802,0.68,222,0.3703703703703707,0.8805670916250298,0,35,969,4906,0.59,15,0.005
803,0.79,1758,0.777777777777778,0.41688270445774145,0,34,3845,338,0.162,34,0.05
804,0.71,473,0.48148148148148145,0.7112795270109451,0,131,4220,3123,0.698,37,0.01
805,0.72,344,0.5185185185185185,0.782597622665719,0,28,885,2297,0.05,19,0.1
806,0.68,189,0.3703703703703707,0.9165216483890123,0,10,2473,4068,0.485,13,0.01
807,0.7,315,0.4444444444444444,0.8023099839519069,0,78,3708,4618,0.231,3,0.001
808,0.81,2609,0.8518518518518522,0.3282904914827429,0,12,1418,118,0.519,47,0.05
809,0.69,216,0.40740740740740733,0.8866904365846237,0,19,534,3199,0.954,28,0.25
810,0.75,906,0.6296296296296298,0.565587924740298,0,59,4650,1440,0.291,22,0.025
811,0.72,425,0.5185185185185185,0.7352498696996449,0,56,4639,2844,0.994,29,0.1
812,0.7,232,0.4444444444444444,0.8707186384863944,0,16,474,2422,0.254,23,0.05
813,0.69,266,0.40740740740740733,0.8401382582313237,0,62,1483,4340,0.189,4,0.25
814,0.68,194,0.3703703703703707,0.9106899248959965,0,15,2669,4416,0.463,7,0.025
815,0.81,1277,0.8518518518518522,0.488601818761227,0,2,2459,166,0.783,39,0.005
816,0.7,266,0.4444444444444444,0.8401382582313237,0,41,904,3393,0.719,32,0.001
817,0.75,878,0.6296296296296298,0.5726279690478537,0,52,4287,1404,0.025,14,0.025
818,0.7,321,0.4444444444444444,0.7980871247006286,0,80,3900,3936,0.616,17,0.05
819,0.78,1047,0.7407407407407409,0.5331472180076309,0,13,995,686,0.139,36,0.005
820,0.72,479,0.5185185185185185,0.7084554805784571,0,75,1899,2635,0.325,42,0.001
821,0.72,338,0.5185185185185185,0.7865364733640879,0,26,2900,2123,0.925,11,0.25
822,0.7,262,0.4444444444444444,0.843527133611494,0,38,3173,3653,0.086,45,0.025
823,0.75,617,0.6296296296296298,0.6517215958267755,0,27,1704,1574,0.671,2,0.1
824,0.61,145,0.1111111111111112,0.9756611659488945,0,7,97,4792,0.856,20,0.25
825,0.69,314,0.40740740740740733,0.8030215811597998,0,104,4876,4864,0.751,27,0.01
826,0.76,613,0.6666666666666669,0.6531794498528758,0,16,251,379,0.494,21,0.025
827,0.71,367,0.48148148148148145,0.7681081611757804,0,74,1856,3568,0.059,2,0.01
828,0.71,285,0.48148148148148145,0.8247048203073648,0,25,3052,2707,0.282,11,0.01
829,0.63,159,0.18518518518518534,0.9551035315168751,0,11,2052,1893,0.961,43,0.05
830,0.7,273,0.4444444444444444,0.8343280962010986,0,45,1150,3851,0.526,37,0.1
831,0.75,1032,0.6296296296296298,0.5363838247275541,0,67,4055,924,0.222,18,0.25
832,0.71,437,0.48148148148148145,0.7290131150104764,0,115,4128,3163,0.637,15,0.01
833,0.74,376,0.5925925925925927,0.7626835252487618,0,13,744,1476,0.114,35,0.25
834,0.65,169,0.25925925925925947,0.9414927745973157,0,11,2302,4654,0.429,41,0.025
835,0.82,1945,0.8888888888888888,0.3942004710537451,0,5,2512,82,0.826,10,0.1
836,0.69,312,0.40740740740740733,0.8044515779124043,0,102,3566,4109,0.17,50,0.05
837,0.67,186,0.3333333333333336,0.9200948070651788,0,18,314,3082,0.897,25,0.01
838,0.73,548,0.5555555555555556,0.6783011880863732,0,73,4479,2338,0.359,32,0.001
839,0.69,359,0.40740740740740733,0.7730426176349516,0,135,4400,4220,0.948,39,0.01
840,0.74,325,0.5925925925925927,0.7953153767653607,0,3,401,985,0.3,8,0.025
841,0.71,362,0.48148148148148145,0.7711794639450833,0,70,1400,2963,0.237,14,0.005
842,0.72,418,0.5185185185185185,0.7389696260757693,0,52,3494,2457,0.509,33,0.1
843,0.69,203,0.40740740740740733,0.9005599932229104,0,9,2596,3351,0.479,23,0.25
844,0.68,198,0.3703703703703707,0.906131215354885,0,19,674,4457,0.703,48,0.05
845,0.79,2024,0.777777777777778,0.38526643418901596,0,42,4205,279,0.04,5,0.005
846,0.72,515,0.5185185185185185,0.6922188606123567,0,90,3983,2518,0.568,1,0.05
847,0.73,402,0.5555555555555556,0.7477107293824025,0,31,1225,2081,0.187,45,0.025
848,0.62,148,0.14814814814814828,0.9710947292491273,0,8,2138,4049,0.371,26,0.25
849,0.69,247,0.40740740740740733,0.8567114730597756,0,45,3403,4754,0.102,35,0.01
850,0.78,1406,0.7407407407407409,0.4670122908666703,0,28,1787,490,0.655,17,0.001
851,0.65,158,0.25925925925925947,0.9565111143792661,0,4,170,3687,0.841,10,0.001
852,0.74,808,0.5925925925925927,0.5912590462603614,0,104,4960,1693,0.412,42,0.05
853,0.59,146,0.03703703703703707,0.9741286771921658,0,9,12,1777,0.446,13,0.01
854,0.68,264,0.3703703703703707,0.8418263017562153,0,61,1627,4985,0.013,19,0.05
855,0.78,1501,0.7407407407407409,0.4523433898591456,0,35,3243,418,0.737,38,0.25
856,0.69,219,0.40740740740740733,0.8836078884181818,0,22,2814,3811,0.267,22,0.001
857,0.71,316,0.48148148148148145,0.8016006350801712,0,45,1067,2749,0.541,47,0.25
858,0.73,612,0.5555555555555556,0.6535453973359121,0,90,3826,2009,0.206,4,0.001
859,0.69,336,0.40740740740740733,0.7878649312705663,0,119,4357,4541,0.683,5,0.25
860,0.68,198,0.3703703703703707,0.906131215354885,0,19,2375,3279,0.381,30,0.1
861,0.74,392,0.5925925925925927,0.7533519490615819,0,16,2751,1518,0.873,25,0.05
862,0.71,381,0.48148148148148145,0.7597255281622806,0,83,3649,3047,0.154,33,0.005
863,0.73,481,0.5555555555555556,0.7075219709959333,0,52,1555,2219,0.599,15,0.25
864,0.68,193,0.3703703703703707,0.9118442139740947,0,14,553,4148,0.913,9,0.001
865,0.75,1062,0.6296296296296298,0.5299566091529997,0,70,4552,1216,0.344,40,0.01
866,0.7,379,0.4444444444444444,0.7609040543915558,0,120,4544,3628,0.249,49,0.005
867,0.73,298,0.5555555555555556,0.8147250114958635,0,2,585,1638,0.507,6,0.001
868,0.69,291,0.40740740740740733,0.8200435719514381,0,82,1529,4806,0.941,24,0.05
869,0.77,1195,0.7037037037037038,0.503489823500951,0,25,3662,557,0.31,31,0.005
870,0.69,234,0.40740740740740733,0.8687997487609889,0,33,2764,3950,0.718,15,0.1
871,0.75,393,0.6296296296296298,0.7527814056004334,0,2,2349,633,0.04,34,0.005
872,0.71,286,0.48148148148148145,0.8239211939231893,0,26,858,2610,0.474,40,0.05
873,0.69,313,0.40740740740740733,0.8037354410017311,0,103,3798,4402,0.363,12,0.05
874,0.8,1781,0.8148148148148151,0.4139661422234351,0,18,1079,219,0.885,44,0.1
875,0.71,374,0.48148148148148145,0.7638777234428011,0,77,1972,3418,0.572,37,0.025
876,0.75,397,0.6296296296296298,0.7505136213574286,0,3,2846,1340,0.174,19,0.01
877,0.71,330,0.48148148148148145,0.7918981307134794,0,53,3276,2869,0.83,28,0.05
878,0.73,514,0.5555555555555556,0.6926543772011808,0,59,1620,2358,0.417,22,0.001
879,0.59,131,0.03703703703703707,0.9982927010412328,1,1,24,4326,0.103,3,0.025
880,0.75,1135,0.6296296296296298,0.5150451386456938,0,73,4775,1076,0.641,47,0.25
881,0.69,713,0.40740740740740733,0.6193037687528457,0,153,4927,4086,0.005,44,0.01
882,0.69,214,0.40740740740740733,0.8887692359842188,0,17,177,1158,0.746,1,0.05
883,0.7,388,0.4444444444444444,0.7556487336057451,0,125,1775,3097,0.81,20,0.1
884,0.72,465,0.5185185185185185,0.7151010444889381,0,72,3430,2283,0.444,26,0.025
885,0.71,289,0.48148148148148145,0.821586593359579,0,29,3001,3178,0.537,16,0.001
886,0.67,183,0.3333333333333336,0.9237257551732369,0,15,2127,1422,0.217,35,0.1
887,0.69,239,0.40740740740740733,0.8640730745759134,0,37,1231,4630,0.281,41,0.01
888,0.8,2625,0.8148148148148151,0.32691839412635626,0,29,3951,145,0.975,11,0.005
889,0.72,513,0.5185185185185185,0.6930907402756468,0,89,4191,2691,0.385,8,0.25
890,0.73,299,0.5555555555555556,0.8139753990093572,0,3,701,1947,0.86,39,0.1
891,0.65,160,0.25925925925925947,0.9537047186980849,0,5,2189,3875,0.675,33,0.01
892,0.76,494,0.6666666666666669,0.7015469745362586,0,5,2604,861,0.074,15,0.005
893,0.69,306,0.40740740740740733,0.8087970438503322,0,97,3502,4888,0.914,30,0.01
894,0.79,1614,0.777777777777778,0.4360581094770838,0,29,1368,316,0.329,24,0.25
895,0.68,187,0.3703703703703707,0.9188974243275451,0,8,427,3553,0.144,5,0.001
896,0.74,643,0.5925925925925927,0.6424695307031723,0,71,4387,1866,0.604,49,0.05
897,0.69,346,0.40740740740740733,0.7812998807220592,0,126,4471,4691,0.203,34,0.25
898,0.76,685,0.6666666666666669,0.6282853156656065,0,25,345,514,0.553,16,0.05
899,0.7,293,0.4444444444444444,0.8185110831947094,0,62,1299,3742,0.988,9,0.005
900,0.74,564,0.5925925925925927,0.6718516607410369,0,55,3579,1678,0.262,41,0.025
901,0.69,218,0.40740740740740733,0.8846307090079327,0,21,2524,2572,0.733,6,0.01
902,0.68,234,0.3703703703703707,0.8687997487609889,0,42,2276,2066,0.024,50,0.25
903,0.68,223,0.3703703703703707,0.879562576610823,0,36,775,3986,0.459,31,0.01
904,0.71,386,0.48148148148148145,0.7568059976688515,0,86,4028,3297,0.316,21,0.1
905,0.62,144,0.14814814814814828,0.9772041873570354,0,5,2045,4520,0.618,46,0.1
906,0.8,1454,0.8148148148148151,0.459480893471664,0,10,3085,256,0.128,3,0.05
907,0.7,281,0.4444444444444444,0.8278669673865834,0,53,3358,4283,0.845,43,0.025
908,0.76,945,0.6666666666666669,0.556136080457169,0,37,1850,961,0.401,12,0.1
909,0.66,168,0.29629629629629656,0.9428173137261411,0,9,263,2909,0.087,18,0.005
910,0.72,534,0.5185185185185185,0.6841006290671275,0,96,4848,2472,0.657,37,0.1
911,0.71,417,0.48148148148148145,0.739506086859419,0,101,4688,2983,0.053,36,0.001
912,0.64,153,0.2222222222222224,0.9636845275095861,0,7,103,2244,0.699,17,0.05
913,0.69,285,0.40740740740740733,0.8247048203073648,0,77,1692,4201,0.764,11,0.25
914,0.76,696,0.6666666666666669,0.6247138794813255,0,26,3201,1201,0.49,42,0.1
915,0.68,219,0.3703703703703707,0.8836078884181818,0,33,2927,4594,0.521,1,0.1
916,0.7,274,0.4444444444444444,0.8335102128516256,0,46,1002,3215,0.297,27,0.001
917,0.74,820,0.5925925925925927,0.5879533365090082,0,106,3868,1543,0.959,21,0.25
918,0.7,393,0.4444444444444444,0.7527814056004334,0,128,4275,3758,0.431,22,0.05
919,0.68,216,0.3703703703703707,0.8866904365846237,0,31,2428,2813,0.628,48,0.005
920,0.72,285,0.5185185185185185,0.8247048203073648,0,8,2677,1984,0.122,4,0.05
921,0.7,344,0.4444444444444444,0.782597622665719,0,99,3732,3513,0.898,38,0.005
922,0.74,545,0.5925925925925927,0.6795313759924879,0,50,1452,1752,0.345,7,0.025
923,0.67,182,0.3333333333333336,0.9249492390247911,0,14,500,4932,0.159,13,0.1
924,0.78,1556,0.7407407407407409,0.4442693061383892,0,39,4626,432,0.588,32,0.01
925,0.69,363,0.40740740740740733,0.7705618329334497,0,138,4681,4027,0.134,18,0.01
926,0.73,389,0.5555555555555556,0.7550723308985401,0,25,1431,2531,0.924,44,0.025
927,0.73,516,0.5555555555555556,0.6917841872313956,0,61,3682,2108,0.323,13,0.005
928,0.74,400,0.5925925925925927,0.7488276905476811,0,18,656,1469,0.374,12,0.1
929,0.72,262,0.5185185185185185,0.843527133611494,1,1,2486,1715,0.08,3,0.005
930,0.68,258,0.3703703703703707,0.8469679477969764,0,56,877,4728,0.394,22,0.001
931,0.77,1699,0.7037037037037038,0.4245423170383905,0,49,4251,477,0.854,28,0.1
932,0.71,434,0.48148148148148145,0.7305561364186173,0,112,3857,2945,0.256,31,0.1
933,0.72,291,0.5185185185185185,0.8200435719514381,0,11,942,2436,0.997,24,0.025
934,0.7,327,0.4444444444444444,0.7939422303983412,0,85,1952,4247,0.562,5,0.05
935,0.76,673,0.6666666666666669,0.63224733727311,0,24,2944,997,0.196,50,0.25
936,0.69,313,0.40740740740740733,0.8037354410017311,0,103,3139,4478,0.785,8,0.25
937,0.79,2402,0.777777777777778,0.3468421563544877,0,46,1679,297,0.466,40,0.05
938,0.63,147,0.18518518518518534,0.9726065782695846,0,6,122,3338,0.031,34,0.25
939,0.71,427,0.48148148148148145,0.7341983046336837,0,108,4908,3256,0.113,14,0.05
940,0.7,292,0.4444444444444444,0.8192760199862716,0,61,1834,4553,0.82,39,0.005
941,0.82,4292,0.8888888888888888,0.216566961564012,0,11,3294,68,0.422,8,0.001
942,0.69,240,0.40740740740740733,0.8631395649933896,0,38,3098,4165,0.582,48,0.025
943,0.66,184,0.29629629629629656,0.9225089027030284,0,17,2107,1238,0.168,5,0.25
944,0.71,293,0.48148148148148145,0.8185110831947094,0,32,1095,3020,0.353,24,0.1
945,0.73,558,0.5555555555555556,0.6742485738759452,0,77,4009,2207,0.891,30,0.005
946,0.68,333,0.3703703703703707,0.7898724742846664,0,117,4094,4969,0.499,26,0.005
947,0.79,1156,0.777777777777778,0.5109327834999993,0,8,720,395,0.757,20,0.05
948,0.67,169,0.3333333333333336,0.9414927745973157,0,5,2325,3477,0.692,1,0.05
949,0.72,271,0.5185185185185185,0.8359728561664155,0,4,2545,1789,0.061,45,0.25
950,0.72,387,0.5185185185185185,0.7562266199766383,0,45,3522,2771,0.966,10,0.1
951,0.73,422,0.5555555555555556,0.7368365104456218,0,36,1271,2026,0.288,42,0.01
952,0.67,282,0.3333333333333336,0.8270722453845775,0,75,368,3799,0.223,35,0.25
953,0.76,1091,0.6666666666666669,0.5239137819950316,0,55,4523,783,0.528,17,0.025
954,0.72,504,0.5185185185185185,0.6970566502320861,0,85,4451,2651,0.181,2,0.025
955,0.7,238,0.4444444444444444,0.8650104819132985,0,19,443,2146,0.563,46,0.1
956,0.7,290,0.4444444444444444,0.8208137570331329,0,59,1358,3908,0.876,27,0.001
957,0.68,277,0.3703703703703707,0.8310742895212662,0,72,2622,4770,0.649,37,0.025
958,0.74,366,0.5925925925925927,0.7687190696646601,0,12,2256,593,0.096,18,0.01
959,0.68,213,0.3703703703703707,0.8898158986311401,0,30,638,3664,0.41,12,0.1
960,0.74,749,0.5925925925925927,0.6082601294453447,0,95,4178,1602,0.839,43,0.05
961,0.7,323,0.4444444444444444,0.796696973317041,0,82,3930,4363,0.303,40,0.005
962,0.65,173,0.25925925925925947,0.9362714059826298,0,15,2182,2832,0.515,16,0.05
963,0.72,322,0.5185185185185185,0.7973909730385528,0,20,3026,2395,0.242,35,0.1
964,0.71,303,0.48148148148148145,0.811001729958112,0,38,3378,3376,0.77,25,0.1
965,0.75,744,0.6296296296296298,0.6097618656876584,0,37,1752,1381,0.481,32,0.05
966,0.65,164,0.25925925925925947,0.9481950254746767,0,7,204,4444,0.046,50,0.001
967,0.8,2470,0.8148148148148151,0.3405772468908139,0,27,4985,178,0.709,7,0.025
968,0.69,327,0.40740740740740733,0.7939422303983412,0,113,4825,4672,0.066,4,0.1
969,0.75,605,0.6296296296296298,0.6561238688576807,0,23,45,103,0.682,48,0.25
970,0.71,369,0.48148148148148145,0.7668913087055721,0,75,1595,3136,0.867,29,0.01
971,0.75,676,0.6296296296296298,0.6312502576277312,0,30,3220,1463,0.376,23,0.25
972,0.7,251,0.4444444444444444,0.8531192567263559,0,29,2869,3060,0.597,32,0.01
973,0.61,179,0.1111111111111112,0.9286602116324081,0,17,2024,2320,0.153,13,0.1
974,0.69,255,0.40740740740740733,0.8495836130859749,0,52,1021,4123,0.338,7,0.005
975,0.76,1085,0.6666666666666669,0.5251507478301441,0,53,3770,1121,0.907,39,0.05
976,0.7,426,0.4444444444444444,0.7347234714956881,0,136,4333,3590,0.453,42,0.01
977,0.73,368,0.5555555555555556,0.7674989105138743,0,18,793,1830,0.803,11,0.025
978,0.66,199,0.29629629629629656,0.9050058559503189,0,28,2409,4852,0.74,17,0.005
979,0.75,4141,0.6296296296296298,0.22460595159739716,0,86,2775,353,0.014,36,0.001
980,0.7,341,0.4444444444444444,0.7845584100736451,0,97,3595,3834,0.982,20,0.005
981,0.77,1322,0.7037037037037038,0.48083257531532964,0,29,1510,902,0.272,27,0.1
982,0.7,260,0.4444444444444444,0.8452409490416681,0,36,598,2733,0.208,45,0.05
983,0.73,720,0.5555555555555556,0.6171134222951287,0,109,4607,1906,0.543,2,0.25
984,0.71,500,0.48148148148148145,0.6988420173437049,0,137,4599,2719,0.679,24,0.025
985,0.72,291,0.5185185185185185,0.8200435719514381,0,11,590,1902,0.079,30,0.1
986,0.69,296,0.40740740740740733,0.8162317871593094,0,87,1522,3840,0.388,49,0.001
987,0.68,201,0.3703703703703707,0.9027719197960986,0,22,2787,4858,0.147,40,0.025
988,0.79,926,0.777777777777778,0.5606911388858138,0,2,2421,369,0.608,8,0.05
989,0.69,245,0.40740740740740733,0.858529367454836,0,43,786,3576,0.917,14,0.01
990,0.74,741,0.5925925925925927,0.6106677528527067,0,91,4325,1826,0.333,33,0.25
991,0.76,578,0.6666666666666669,0.666356417458493,0,11,1033,1128,0.44,16,0.25
992,0.6,170,0.07407407407407414,0.9401760040711014,0,17,2017,3057,0.002,10,0.01
993,0.71,344,0.48148148148148145,0.782597622665719,0,60,2862,2307,0.742,41,0.05
994,0.71,323,0.48148148148148145,0.796696973317041,0,49,3213,3133,0.278,1,0.1
995,0.6,137,0.07407407407407414,0.9883128922297315,0,3,57,4688,0.533,26,0.001
996,0.81,3435,0.8518518518518522,0.2665600685533934,0,16,4837,109,0.213,19,0.025
997,0.69,329,0.40740740740740733,0.7925774314772203,0,114,4993,4447,0.575,22,0.25
998,0.79,817,0.777777777777778,0.5887752119764642,1,1,212,191,0.178,28,0.05
999,0.71,361,0.48148148148148145,0.771798798768562,0,69,1740,3361,0.367,47,0.005
1000,0.75,579,0.6296296296296298,0.6659689993621225,0,18,3366,1375,0.889,3,0.01
1001,0.71,283,0.48148148148148145,0.8262803266406066,0,23,3014,2817,0.106,44,0.005
1002,0.66,167,0.29629629629629656,0.9441497136673177,0,8,2169,2388,0.645,12,0.25
1003,0.69,263,0.40740740740740733,0.8426751070437765,0,59,1189,4367,0.833,19,0.025
1004,0.7,383,0.4444444444444444,0.7585531561450132,0,122,4166,3658,0.937,34,0.05
1005,0.73,320,0.5555555555555556,0.7987854416901784,0,7,626,1586,0.305,15,0.025
1006,0.63,156,0.18518518518518534,0.9593530349991876,0,10,2263,4783,0.245,9,0.1
1007,0.7,289,0.4444444444444444,0.821586593359579,0,58,3450,3921,0.471,6,0.25
1008,0.69,217,0.40740740740740733,0.8856582107150853,0,20,431,2645,0.714,31,0.005
1009,0.73,607,0.5555555555555556,0.6553841359606556,0,88,4439,2130,0.035,24,0.05
1010,0.7,385,0.4444444444444444,0.7573868743994547,0,124,4516,3802,0.632,7,0.1
1011,0.74,361,0.5925925925925927,0.771798798768562,0,10,361,797,0.125,38,0.005
1012,0.71,374,0.48148148148148145,0.7638777234428011,0,77,1283,2755,0.435,32,0.05
1013,0.73,528,0.5555555555555556,0.6866327092655862,0,68,3534,2020,0.817,13,0.25
1014,0.69,219,0.40740740740740733,0.8836078884181818,0,22,2558,3461,0.164,29,0.005
1015,0.7,258,0.4444444444444444,0.8469679477969764,0,34,2338,1783,0.592,23,0.01
1016,0.68,234,0.3703703703703707,0.8687997487609889,0,42,712,4972,0.902,4,0.001
1017,0.77,1555,0.7037037037037038,0.44441354561083235,0,39,4087,409,0.348,47,0.005
1018,0.71,466,0.48148148148148145,0.714619782287211,0,128,4022,3014,0.76,46,0.25
1019,0.73,359,0.5555555555555556,0.7730426176349516,0,15,1107,2191,0.487,2,0.01
1020,0.62,145,0.14814814814814828,0.9756611659488945,0,6,2100,4178,0.048,21,0.001
1021,0.69,255,0.40740740740740733,0.8495836130859749,0,52,3286,4566,0.293,18,0.05
1022,0.82,4436,0.8888888888888888,0.2091598161322833,0,12,1826,72,0.956,36,0.25
1023,0.66,180,0.29629629629629656,0.9274163927660185,0,15,286,3250,0.517,42,0.025
1024,0.74,841,0.5925925925925927,0.5822829408622254,0,110,4920,1486,0.229,11,0.01
1025,0.67,194,0.3333333333333336,0.9106899248959965,0,24,129,1257,0.131,43,0.1
1026,0.69,299,0.40740740740740733,0.8139753990093572,0,90,1667,4484,0.32,37,0.01
1027,0.79,1389,0.777777777777778,0.4697414259597972,0,22,3126,313,0.936,18,0.001
1028,0.69,227,0.40740740740740733,0.8755888670146067,0,27,2931,4252,0.092,28,0.25
1029,0.7,333,0.4444444444444444,0.7898724742846664,0,91,949,2932,0.85,3,0.1
1030,0.72,501,0.5185185185185185,0.6983943427564179,0,84,3865,2432,0.405,46,0.025
1031,0.69,335,0.40740740740740733,0.7885321196698613,0,118,4239,4744,0.984,50,0.01
1032,0.78,1295,0.7407407407407409,0.48546178532212825,0,21,865,483,0.259,6,0.005
1033,0.69,191,0.40740740740740733,0.9141707501424696,0,2,2493,3702,0.198,25,0.25
1034,0.73,341,0.5555555555555556,0.7845584100736451,0,10,2713,1701,0.549,31,0.025
1035,0.72,454,0.5185185185185185,0.7204641573668935,0,64,3689,2527,0.454,16,0.1
1036,0.73,460,0.5555555555555556,0.7175229528853144,0,45,1438,2094,0.79,34,0.25
1037,0.68,206,0.3703703703703707,0.89728243528877,0,27,513,4043,0.729,41,0.01
1038,0.76,1293,0.6666666666666669,0.4858085170221431,0,68,4669,715,0.02,9,0.05
1039,0.69,293,0.40740740740740733,0.8185110831947094,0,84,4618,4936,0.689,42,0.005
1040,0.78,827,0.7407407407407409,0.5860472472938572,0,5,493,445,0.057,10,0.01
1041,0.71,328,0.48148148148148145,0.7932587938549368,0,52,1464,3497,0.496,17,0.1
1042,0.74,647,0.5925925925925927,0.6410793793195846,0,72,3744,1746,0.753,35,0.05
1043,0.7,248,0.4444444444444444,0.8558080161820869,0,26,2690,2797,0.22,20,0.25
1044,0.76,1349,0.6666666666666669,0.4762968911299774,0,71,4267,838,0.284,1,0.025
1045,0.71,374,0.48148148148148145,0.7638777234428011,0,77,3880,3209,0.824,5,0.025
1046,0.74,495,0.5925925925925927,0.7010938790623191,0,37,1014,1527,0.427,49,0.001
1047,0.69,302,0.40740740740740733,0.811741462855137,0,93,1880,4608,0.116,30,0.005
1048,0.69,247,0.40740740740740733,0.8567114730597756,0,45,3194,4215,0.357,33,0.025
1049,0.75,821,0.6296296296296298,0.5876800452626807,0,48,1684,1205,0.895,14,0.05
1050,0.64,157,0.2222222222222224,0.9579275779493632,0,8,116,2977,0.585,8,0.05
1051,0.73,527,0.5555555555555556,0.6870575130463201,0,67,4701,2228,0.172,39,0.1
1052,0.71,456,0.48148148148148145,0.7194794683711188,0,124,4855,2895,0.558,40,0.01
1053,0.67,181,0.3333333333333336,0.926179426930906,0,13,271,2469,0.191,9,0.025
1054,0.65,221,0.25925925925925947,0.8815761213286228,0,36,2159,2912,0.007,21,0.01
1055,0.76,865,0.6666666666666669,0.5759731466997289,0,33,3294,1131,0.647,31,0.05
1056,0.69,304,0.40740740740740733,0.8102644264017402,0,95,3655,4133,0.17,28,0.1
1057,0.7,217,0.4444444444444444,0.8856582107150853,0,4,2461,2490,0.56,24,0.001
1058,0.71,264,0.48148148148148145,0.8418263017562153,0,14,978,3151,0.816,9,0.25
1059,0.79,1893,0.777777777777778,0.4002812875669296,0,39,4784,267,0.458,42,0.005
1060,0.72,512,0.5185185185185185,0.6935279531326835,0,88,4190,2779,0.749,3,0.01
1061,0.74,363,0.5925925925925927,0.7705618329334497,0,11,321,677,0.11,49,0.005
1062,0.69,297,0.40740740740740733,0.815477135251671,0,88,1868,4934,0.272,34,0.05
1063,0.74,431,0.5925925925925927,0.7321098362605462,0,25,2998,1573,0.88,16,0.025
1064,0.72,332,0.5185185185185185,0.7905456643876612,0,24,3076,2566,0.355,8,0.025
1065,0.67,171,0.3333333333333336,0.9388669115507748,0,7,400,4717,0.627,26,0.1
1066,0.74,661,0.5925925925925927,0.6362805367160229,0,76,4113,1825,0.019,24,0.05
1067,0.7,349,0.4444444444444444,0.7793672254777106,0,104,4705,4347,0.805,33,0.025
1068,0.72,368,0.5185185185185185,0.7674989105138743,0,36,1055,2235,0.415,19,0.1
1069,0.67,216,0.3333333333333336,0.8866904365846237,0,32,2383,3367,0.204,1,0.01
1070,0.69,272,0.40740740740740733,0.8351489699899444,0,67,3371,4586,0.121,46,0.001
1071,0.64,164,0.2222222222222224,0.9481950254746767,0,12,2080,1371,0.729,4,0.25
1072,0.75,1110,0.6296296296296298,0.5200410887024927,0,71,4442,1035,0.253,36,0.025
1073,0.72,325,0.5185185185185185,0.7953153767653607,0,22,2982,2079,0.616,32,0.025
1074,0.72,612,0.5185185185185185,0.6535453973359121,0,109,4129,2776,0.901,40,0.005
1075,0.75,804,0.6296296296296298,0.5923718551366159,0,43,1737,1389,0.776,35,0.25
1076,0.7,337,0.4444444444444444,0.7871997197286846,0,95,3583,3842,0.046,7,0.001
1077,0.71,333,0.48148148148148145,0.7898724742846664,0,55,1344,2969,0.21,36,0.005
1078,0.74,715,0.5925925925925927,0.6186757718926457,0,85,4052,1583,0.085,41,0.05
1079,0.7,697,0.4444444444444444,0.6243920031091519,0,145,1950,3739,0.49,2,0.1
1080,0.73,316,0.5555555555555556,0.8016006350801712,0,5,785,1780,0.025,17,0.025
1081,0.7,302,0.4444444444444444,0.811741462855137,0,68,3901,4233,0.795,44,0.25
1082,0.72,552,0.5185185185185185,0.6766713534792985,0,101,4539,2313,0.365,20,0.001
1083,0.63,165,0.18518518518518534,0.9468384731230485,0,14,155,4802,0.565,47,0.05
1084,0.71,319,0.48148148148148145,0.7994859375194188,0,47,3196,2853,0.149,11,0.005
1085,0.74,665,0.5925925925925927,0.6349280703902047,0,79,3745,1505,0.833,9,0.25
1086,0.69,280,0.40740740740740733,0.8286645125632628,0,72,1567,4037,0.098,32,0.025
1087,0.71,378,0.48148148148148145,0.7614956455932452,0,80,4772,3311,0.68,24,0.005
1088,0.72,336,0.5185185185185185,0.7878649312705663,0,25,1017,2580,0.957,15,0.005
1089,0.71,251,0.48148148148148145,0.8531192567263559,0,8,2500,1885,0.556,6,0.001
1090,0.68,239,0.3703703703703707,0.8640730745759134,0,44,2823,4450,0.264,29,0.05
1091,0.72,389,0.5185185185185185,0.7550723308985401,0,47,997,2170,0.141,8,0.025
1092,0.7,672,0.4444444444444444,0.6325806836315075,0,144,4307,4624,0.93,34,0.001
1093,0.75,1012,0.6296296296296298,0.5407731870432012,0,65,4752,1297,0.471,5,0.005
1094,0.69,201,0.40740740740740733,0.9027719197960986,0,8,563,3785,0.708,31,0.25
1095,0.71,465,0.48148148148148145,0.7151010444889381,0,127,3608,3244,0.016,14,0.005
1096,0.72,388,0.5185185185185185,0.7556487336057451,0,46,3215,2365,0.939,18,0.005
1097,0.69,289,0.40740740740740733,0.821586593359579,0,80,1467,4896,0.239,42,0.025
1098,0.63,191,0.18518518518518534,0.9141707501424696,0,23,18,602,0.276,26,0.025
1099,0.71,415,0.48148148148148145,0.7405828694086016,0,100,4676,3077,0.546,3,0.1
1100,0.7,234,0.4444444444444444,0.8687997487609889,0,17,922,3439,0.814,12,0.025
1101,0.74,717,0.5925925925925927,0.6180495267693376,0,86,1970,1650,0.671,21,0.005
1102,0.69,201,0.40740740740740733,0.9027719197960986,0,8,2722,4216,0.4,45,0.001
1103,0.72,293,0.5185185185185185,0.8185110831947094,0,12,2570,1844,0.72,46,0.1
1104,0.7,445,0.4444444444444444,0.7249494976275734,0,139,3916,3635,0.762,38,0.01
1105,0.69,242,0.40740740740740733,0.8612841103735357,0,40,3365,4702,0.182,18,0.1
1106,0.71,378,0.48148148148148145,0.7614956455932452,0,80,1874,3360,0.065,38,0.01
1107,0.72,339,0.5185185185185185,0.7858751805998593,0,27,392,1416,0.419,29,0.005
1108,0.69,355,0.40740740740740733,0.775551121174829,0,132,4914,3982,0.651,5,0.025
1109,0.73,630,0.5555555555555556,0.6470479066259462,0,97,4148,1973,0.19,33,0.25
1110,0.69,225,0.40740740740740733,0.8775669303050494,0,25,1170,4506,0.99,8,0.1
1111,0.82,1169,0.8888888888888888,0.508424279960122,1,1,2191,56,0.526,25,0.25
1112,0.72,322,0.5185185185185185,0.7973909730385528,0,20,3118,2529,0.294,48,0.025
1113,0.66,165,0.29629629629629656,0.9468384731230485,0,6,2235,3228,0.267,45,0.1
1114,0.7,374,0.4444444444444444,0.7638777234428011,0,117,4182,3807,0.948,12,0.025
1115,0.73,522,0.5555555555555556,0.6891936731309771,0,64,4880,2115,0.392,27,0.1
1116,0.72,355,0.5185185185185185,0.775551121174829,0,31,3480,2663,0.123,42,0.25
1117,0.74,495,0.5925925925925927,0.7010938790623191,0,37,3399,1706,0.921,40,0.025
1118,0.69,253,0.40740740740740733,0.851344474905818,0,50,1280,4160,0.132,14,0.005
1119,0.7,239,0.4444444444444444,0.8640730745759134,0,20,205,949,0.355,4,0.05
1120,0.71,434,0.48148148148148145,0.7305561364186173,0,112,4492,3499,0.592,31,0.25
1121,0.7,221,0.4444444444444444,0.8815761213286228,0,7,737,3093,0.797,34,0.05
1122,0.67,178,0.3333333333333336,0.9299109598875583,0,11,2535,4875,0.48,23,0.005
1123,0.71,260,0.48148148148148145,0.8452409490416681,0,12,2678,2192,0.644,24,0.05
1124,0.58,132,0.0,0.9965982874804166,0,2,2004,4759,0.412,49,0.01
1125,0.71,419,0.48148148148148145,0.7384344441033052,0,103,3807,2896,0.872,10,0.001
1126,0.61,140,0.1111111111111112,0.9834845613840397,0,4,52,3618,0.519,7,0.025
1127,0.74,482,0.5925925925925927,0.707056667759667,0,33,1433,1822,0.997,15,0.025
1128,0.69,246,0.40740740740740733,0.857618580278195,0,44,3259,4354,0.197,39,0.005
1129,0.72,486,0.5185185185185185,0.7052050388628575,0,78,1669,2547,0.051,16,0.05
1130,0.72,305,0.5185185185185185,0.8095295362819486,0,17,597,1996,0.468,2,0.025
1131,0.69,314,0.40740740740740733,0.8030215811597998,0,104,4708,4483,0.726,27,0.005
1132,0.74,890,0.5925925925925927,0.5695837362208915,0,115,4351,1472,0.176,11,0.25
1133,0.69,225,0.40740740740740733,0.8775669303050494,0,25,962,3926,0.88,37,0.01
1134,0.7,239,0.4444444444444444,0.8640730745759134,0,20,2915,3422,0.343,20,0.1
1135,0.75,426,0.6296296296296298,0.7347234714956881,0,7,2857,1333,0.504,3,0.1
1136,0.78,1091,0.7407407407407409,0.5239137819950316,0,17,1061,702,0.218,42,0.005
1137,0.71,500,0.48148148148148145,0.6988420173437049,0,137,4254,3131,0.977,18,0.01
1138,0.69,240,0.40740740740740733,0.8631395649933896,0,38,499,2758,0.629,21,0.1
1139,0.73,471,0.5555555555555556,0.7122288253857071,0,49,1611,2056,0.853,13,0.25
1140,0.69,317,0.40740740740740733,0.8008935203818097,0,106,3711,4589,0.094,35,0.01
1141,0.76,645,0.6666666666666669,0.6417733790410964,0,20,3162,1054,0.892,34,0.1
1142,0.7,366,0.4444444444444444,0.7687190696646601,0,112,1531,3562,0.162,8,0.01
1143,0.7,323,0.4444444444444444,0.796696973317041,0,82,4574,4093,0.624,50,0.001
1144,0.72,548,0.5185185185185185,0.6783011880863732,0,100,3866,2488,0.037,13,0.025
1145,0.71,247,0.48148148148148145,0.8567114730597756,0,5,2776,3031,0.447,5,0.01
1146,0.79,1198,0.777777777777778,0.5029273796214795,0,11,2633,363,0.673,6,0.005
1147,0.62,144,0.14814814814814828,0.9772041873570354,0,5,2057,2837,0.382,30,0.001
1148,0.71,247,0.48148148148148145,0.8567114730597756,0,5,678,2292,0.105,38,0.01
1149,0.69,287,0.40740740740740733,0.8231402932015078,0,78,4008,4822,0.839,16,0.025
1150,0.74,756,0.5925925925925927,0.6061744328020469,0,97,4434,1724,0.258,48,0.01
1151,0.7,280,0.4444444444444444,0.8286645125632628,0,52,3302,3678,0.23,33,0.05
1152,0.73,533,0.5555555555555556,0.6845206642338673,0,69,3539,1940,0.788,37,0.025
1153,0.7,278,0.4444444444444444,0.8302681531753087,0,50,1772,4395,0.018,10,0.05
1154,0.82,1723,0.8888888888888888,0.42139494683253453,0,4,339,90,0.497,20,0.005
1155,0.71,424,0.48148148148148145,0.7357775050333031,0,107,1223,3327,0.913,43,0.001
1156,0.7,281,0.4444444444444444,0.8278669673865834,0,53,2293,1527,0.572,28,0.05
1157,0.69,260,0.40740740740740733,0.8452409490416681,0,57,3026,4015,0.372,1,0.25
1158,0.67,189,0.3333333333333336,0.9165216483890123,0,20,2284,3058,0.973,38,0.025
1159,0.72,346,0.5185185185185185,0.7812998807220592,0,29,1233,2364,0.509,46,0.01
1160,0.69,362,0.40740740740740733,0.7711794639450833,0,137,4074,4909,0.312,21,0.25
1161,0.74,793,0.5925925925925927,0.5954608294971857,0,103,4988,1671,0.848,43,0.01
1162,0.73,371,0.5555555555555556,0.765681016118814,0,19,3293,2166,0.317,30,0.01
1163,0.69,252,0.40740740740740733,0.8522301120745437,0,49,1388,4635,0.612,5,0.005
1164,0.8,1203,0.8148148148148151,0.5019930930832538,0,5,254,181,0.905,16,0.025
1165,0.72,500,0.5185185185185185,0.6988420173437049,0,83,4443,2707,0.167,38,0.001
1166,0.7,229,0.4444444444444444,0.8736280796066807,0,13,689,3280,0.442,48,0.1
1167,0.69,201,0.40740740740740733,0.9027719197960986,0,8,2643,3755,0.78,9,0.005
1168,0.74,411,0.5925925925925927,0.7427520527677369,0,22,2805,1436,0.102,8,0.05
1169,0.7,314,0.4444444444444444,0.8030215811597998,0,77,1878,3949,0.829,34,0.25
1170,0.71,364,0.48148148148148145,0.769945896384882,0,72,3837,3398,0.385,23,0.05
1171,0.82,9533,0.8888888888888888,0.03743625676558626,0,14,4604,62,0.954,41,0.25
1172,0.73,562,0.5555555555555556,0.6726477918275572,0,79,1560,1972,0.26,5,0.1
1173,0.69,271,0.40740740740740733,0.8359728561664155,0,66,3132,4519,0.559,31,0.005
1174,0.7,1629,0.4444444444444444,0.4339825132038917,0,146,1641,3671,0.694,3,0.01
1175,0.71,258,0.48148148148148145,0.8469679477969764,0,11,470,1868,0.791,18,0.25
1176,0.7,308,0.4444444444444444,0.8073391898242316,0,73,4835,4302,0.029,42,0.1
1177,0.73,519,0.5555555555555556,0.6904851938420454,0,62,4225,2245,0.569,21,0.025
1178,0.69,260,0.40740740740740733,0.8452409490416681,0,57,1091,4713,0.361,45,0.05
1179,0.71,263,0.48148148148148145,0.8426751070437765,0,13,2885,2942,0.916,12,0.25
1180,0.71,324,0.48148148148148145,0.7960051122729457,0,50,2905,2452,0.235,17,0.05
1181,0.78,1046,0.7407407407407409,0.5333615461681902,0,12,953,516,0.542,28,0.005
1182,0.71,467,0.48148148148148145,0.7141395495241345,0,129,4362,3007,0.28,2,0.001
1183,0.69,192,0.40740740740740733,0.9130044683969112,0,3,606,3526,0.111,11,0.001
1184,0.74,623,0.5925925925925927,0.6495524124676398,0,66,1660,1582,0.404,20,0.1
1185,0.7,288,0.4444444444444444,0.8223620992468562,0,57,3662,4128,0.667,47,0.025
1186,0.79,1606,0.777777777777778,0.43717299063163584,0,28,3268,240,0.35,48,0.025
1187,0.72,332,0.5185185185185185,0.7905456643876612,0,24,1423,2811,0.579,24,0.25
1188,0.63,153,0.18518518518518534,0.9636845275095861,0,8,62,2102,0.934,9,0.05
1189,0.7,299,0.4444444444444444,0.8139753990093572,0,66,4623,4536,0.137,32,0.01
1190,0.69,237,0.40740740740740733,0.8659518196912636,0,36,877,3853,0.475,29,0.01
1191,0.62,817,0.14814814814814828,0.5887752119764642,0,154,2014,649,0.012,39,0.05
1192,0.7,231,0.4444444444444444,0.8716842689261352,0,15,2669,3176,0.809,15,0.001
1193,0.74,354,0.5925925925925927,0.7761826510740504,0,8,708,1504,0.655,31,0.025
1194,0.7,346,0.4444444444444444,0.7812998807220592,0,101,3980,4050,0.415,4,0.05
1195,0.73,666,0.5555555555555556,0.6345912230184845,0,104,4462,1906,0.986,35,0.05
1196,0.81,3151,0.8518518518518522,0.2859286236080645,0,15,1251,124,0.29,24,0.001
1197,0.72,421,0.5185185185185185,0.7373678923058449,0,54,3429,2617,0.53,49,0.1
1198,0.74,555,0.5925925925925927,0.6754566955238097,0,53,3509,1776,0.457,45,0.1
1199,0.69,332,0.40740740740740733,0.7905456643876612,0,116,1800,4244,0.723,22,0.25
1200,0.74,342,0.5925925925925927,0.7839029096630629,0,5,466,1196,0.758,12,0.025
1201,0.7,361,0.4444444444444444,0.771798798768562,0,108,4851,3723,0.062,36,0.25
1202,0.78,1555,0.7407407407407409,0.44441354561083235,0,38,4211,319,0.599,2,0.005
1203,0.71,321,0.48148148148148145,0.7980871247006286,0,48,1096,2889,0.332,26,0.05
1204,0.69,244,0.40740740740740733,0.8594438645691148,0,42,3055,4771,0.883,19,0.005
1205,0.74,554,0.5925925925925927,0.6758608517646103,0,52,3089,1638,0.128,39,0.001
1206,0.7,372,0.4444444444444444,0.7650783077537955,0,116,4177,3588,0.359,30,0.005
1207,0.69,399,0.40740740740740733,0.7493882619528626,0,144,422,3025,0.004,33,0.01
1208,0.72,495,0.5185185185185185,0.7010938790623191,0,81,1844,2475,0.483,48,0.025
1209,0.71,315,0.48148148148148145,0.8023099839519069,0,44,1295,3159,0.533,46,0.005
1210,0.7,333,0.4444444444444444,0.7898724742846664,0,91,4496,3876,0.244,10,0.25
1211,0.74,626,0.5925925925925927,0.6484756299184572,0,67,2139,302,0.119,17,0.1
1212,0.7,221,0.4444444444444444,0.8815761213286228,0,7,2540,2750,0.827,43,0.01
1213,0.82,2677,0.8888888888888888,0.322516121095451,0,9,2713,108,0.055,43,0.025
1214,0.72,701,0.5185185185185185,0.623109092583173,0,111,1980,2634,0.751,18,0.005
1215,0.73,368,0.5555555555555556,0.7674989105138743,0,18,911,1927,0.73,4,0.01
1216,0.7,329,0.4444444444444444,0.7925774314772203,0,87,3772,4396,0.464,26,0.001
1217,0.74,843,0.5925925925925927,0.5817502983083884,0,111,4667,1560,0.876,13,0.025
1218,0.6,136,0.07407407407407414,0.9899456901985549,0,2,28,3994,0.18,36,0.05
1219,0.7,288,0.4444444444444444,0.8223620992468562,0,57,3224,3353,0.606,21,0.25
1220,0.73,515,0.5555555555555556,0.6922188606123567,0,60,3618,2281,0.408,22,0.1
1221,0.72,419,0.5185185185185185,0.7384344441033052,0,53,4742,2829,0.076,8,0.025
1222,0.75,1001,0.6296296296296298,0.5432244233462485,0,64,4318,1213,0.523,31,0.05
1223,0.7,251,0.4444444444444444,0.8531192567263559,0,29,987,3706,0.283,4,0.005
1224,0.71,216,0.48148148148148145,0.8866904365846237,1,1,2373,1754,0.201,13,0.01
1225,0.69,244,0.40740740740740733,0.8594438645691148,0,42,2949,4266,0.993,40,0.025
1226,0.74,414,0.5925925925925927,0.741123203559036,0,23,1047,1693,0.62,25,0.1
1227,0.7,347,0.4444444444444444,0.7806538119851734,0,102,4259,4162,0.326,49,0.025
1228,0.73,727,0.5555555555555556,0.6149442389359934,0,110,4801,2419,0.771,15,0.25
1229,0.67,177,0.3333333333333336,0.9311687151722854,0,10,514,4854,0.033,39,0.1
1230,0.77,1409,0.7037037037037038,0.4665341038251144,0,33,1597,548,0.451,29,0.05
1231,0.71,360,0.48148148148148145,0.7724198468302493,0,68,3716,3118,0.745,7,0.005
1232,0.7,377,0.4444444444444444,0.7620887997853942,0,118,1516,3811,0.5,27,0.1
1233,0.69,246,0.40740740740740733,0.857618580278195,0,44,126,770,0.981,44,0.25
1234,0.71,390,0.48148148148148145,0.7544974042562211,0,89,4569,3219,0.215,16,0.025
1235,0.71,299,0.48148148148148145,0.8139753990093572,0,36,814,2691,0.428,19,0.1
1236,0.73,583,0.5555555555555556,0.6644259779539816,0,81,1922,2145,0.09,11,0.005
1237,0.68,200,0.3703703703703707,0.9038861093341913,0,21,2771,4656,0.857,37,0.1
1238,0.72,299,0.5185185185185185,0.8139753990093572,0,15,2599,2029,0.022,36,0.005
1239,0.72,557,0.5185185185185185,0.6746505591778523,0,103,4043,2572,0.493,45,0.25
1240,0.7,291,0.4444444444444444,0.8200435719514381,0,60,3337,3927,0.576,3,0.01
1241,0.78,1338,0.7407407407407409,0.4781337150929075,0,24,3573,432,0.378,4,0.25
1242,0.71,420,0.48148148148148145,0.7379005348596818,0,104,1747,2924,0.677,31,0.1
1243,0.69,289,0.40740740740740733,0.821586593359579,0,80,4944,4735,0.109,14,0.05
1244,0.74,655,0.5925925925925927,0.638324636400885,0,75,4118,1811,0.552,49,0.05
1245,0.69,237,0.40740740740740733,0.8659518196912636,0,36,1198,4358,0.253,23,0.25
1246,0.72,266,0.5185185185185185,0.8401382582313237,0,2,2319,1161,0.234,7,0.1
1247,0.74,408,0.5925925925925927,0.7443928059739204,0,21,1204,1807,0.491,12,0.1
1248,0.73,556,0.5555555555555556,0.6750532655300145,0,75,4960,2208,0.152,3,0.001
1249,0.78,1343,0.7407407407407409,0.47729693167494847,0,26,1750,447,0.564,42,0.005
1250,0.71,348,0.48148148148148145,0.7800095971066083,0,62,3557,2920,0.367,18,0.05
1251,0.7,323,0.4444444444444444,0.796696973317041,0,82,1362,3942,0.388,41,0.01
1252,0.73,297,0.5555555555555556,0.815477135251671,1,1,279,894,0.096,31,0.005
1253,0.71,423,0.48148148148148145,0.736306383325315,0,106,4410,3400,0.835,5,0.25
1254,0.71,232,0.48148148148148145,0.8707186384863944,0,3,656,2567,0.557,8,0.01
1255,0.69,307,0.40740740740740733,0.8080669335121299,0,98,1928,4662,0.172,25,0.001
1256,0.72,470,0.5185185185185185,0.7127049840607694,0,74,3884,2685,0.614,33,0.1
1257,0.69,245,0.40740740740740733,0.858529367454836,0,43,3182,3826,0.44,15,0.001
1258,0.71,350,0.48148148148148145,0.7787266865806295,0,63,1588,3114,0.306,43,0.025
1259,0.71,228,0.48148148148148145,0.8746063327062334,0,2,522,2405,0.208,28,0.05
1260,0.69,304,0.40740740740740733,0.8102644264017402,0,95,4790,4858,0.97,1,0.001
1261,0.74,765,0.5925925925925927,0.6035209828994352,0,100,4277,1689,0.431,38,0.25
1262,0.69,242,0.40740740740740733,0.8612841103735357,0,40,1045,4175,0.64,10,0.001
1263,0.7,219,0.4444444444444444,0.8836078884181818,0,5,2833,3479,0.084,47,0.05
1264,0.73,360,0.5555555555555556,0.7724198468302493,0,16,2931,1739,0.763,26,0.001
1265,0.75,484,0.6296296296296298,0.7061289444100821,0,12,987,1228,0.459,19,0.025
1266,0.7,365,0.4444444444444444,0.7693316450273349,0,111,4336,3700,0.722,41,0.1
1267,0.7,274,0.4444444444444444,0.8335102128516256,0,46,581,2814,0.888,44,0.025
1268,0.73,588,0.5555555555555556,0.6625119959344565,0,83,1686,2275,0.597,36,0.01
1269,0.69,280,0.40740740740740733,0.8286645125632628,0,72,3630,4841,0.334,11,0.005
1270,0.71,303,0.48148148148148145,0.811001729958112,0,38,1454,3349,0.421,35,0.05
1271,0.62,149,0.14814814814814828,0.9695929930068137,0,9,32,1546,0.066,50,0.01
1272,0.69,358,0.40740740740740733,0.7736671207667939,0,134,4651,3998,0.864,24,0.005
1273,0.74,521,0.5925925925925927,0.6896233550442117,0,43,3786,1923,0.296,40,0.001
1274,0.69,230,0.40740740740740733,0.8726540705686245,0,30,906,4410,0.524,14,0.025
1275,0.71,348,0.48148148148148145,0.7800095971066083,0,62,2699,2620,0.191,32,0.25
1276,0.73,343,0.5555555555555556,0.7832493175533185,0,11,753,2041,0.345,15,0.1
1277,0.69,348,0.40740740740740733,0.7800095971066083,0,127,3927,4607,0.584,39,0.05
1278,0.64,204,0.2222222222222224,0.8994621488292414,0,31,182,3880,0.808,48,0.005
1279,0.71,332,0.48148148148148145,0.7905456643876612,0,54,3384,3155,0.47,9,0.01
1280,0.72,480,0.5185185185185185,0.7079882405947548,0,76,3459,2469,0.545,11,0.25
1281,0.71,453,0.48148148148148145,0.7209581261715254,0,123,4902,3010,0.937,20,0.01
1282,0.76,1442,0.6666666666666669,0.46134018965633683,0,73,4164,1032,0.402,44,0.025
1283,0.7,336,0.4444444444444444,0.7878649312705663,0,94,1146,3582,0.67,17,0.05
1284,0.69,292,0.40740740740740733,0.8192760199862716,0,83,3103,4078,0.117,28,0.1
1285,0.72,457,0.5185185185185185,0.7189887387087771,0,67,3059,2332,0.871,5,0.005
1286,0.72,491,0.5185185185185185,0.7029117734573797,0,79,4207,2875,0.642,13,0.025
1287,0.74,751,0.5925925925925927,0.6076622363326323,0,96,1814,1762,0.517,8,0.1
1288,0.69,295,0.40740740740740733,0.8169889842721282,0,86,3503,4249,0.289,34,0.025
1289,0.81,5727,0.8518518518518522,0.15182298990027643,0,20,3428,129,0.729,35,0.05
1290,0.72,359,0.5185185185185185,0.7730426176349516,0,33,1270,2602,0.465,13,0.001
1291,0.7,416,0.4444444444444444,0.7400438325803045,0,135,4464,4432,0.756,46,0.1
1292,0.69,310,0.40740740740740733,0.8058907413734376,0,101,719,4056,0.604,42,0.25
1293,0.69,193,0.40740740740740733,0.9118442139740947,0,4,2515,3287,0.174,3,0.001
1294,0.6,166,0.07407407407407414,0.9454900682821228,0,16,2030,3171,0.25,28,0.25
1295,0.74,448,0.5925925925925927,0.7234444055249725,0,28,862,1370,0.268,43,0.05
1296,0.7,327,0.4444444444444444,0.7939422303983412,0,85,3821,3859,0.536,17,0.01
1297,0.73,651,0.5555555555555556,0.6396977827679042,0,100,4617,2097,0.125,46,0.005
1298,0.61,169,0.1111111111111112,0.9414927745973157,0,16,76,4551,0.821,20,0.025
1299,0.8,1763,0.8148148148148151,0.41624543825883487,0,17,1410,245,0.661,10,0.001
1300,0.71,380,0.48148148148148145,0.7603140179648562,0,82,3275,2796,0.393,38,0.1
1301,0.69,361,0.40740740740740733,0.771798798768562,0,136,1642,4133,0.354,9,0.01
1302,0.71,432,0.48148148148148145,0.7315907406971852,0,110,4697,3522,0.923,48,0.05
1303,0.71,288,0.48148148148148145,0.8223620992468562,0,28,943,2993,0.717,39,0.1
1304,0.69,205,0.40740740740740733,0.8983696467651934,0,10,2418,2448,0.799,30,0.025
1305,0.78,1064,0.7407407407407409,0.5295346001356325,0,15,2877,430,0.842,24,0.1
1306,0.69,213,0.40740740740740733,0.8898158986311401,0,16,2437,2937,0.103,49,0.005
1307,0.72,405,0.5185185185185185,0.7460456384535268,0,51,1079,2230,0.381,34,0.25
1308,0.69,285,0.40740740740740733,0.8247048203073648,0,77,4233,4718,0.675,7,0.01
1309,0.73,615,0.5555555555555556,0.6524493395146735,0,92,4834,1862,0.227,31,0.001
1310,0.68,184,0.3703703703703707,0.9225089027030284,0,5,488,4317,0.966,4,0.025
1311,0.75,818,0.6296296296296298,0.5885009190515262,0,47,1622,1105,0.55,14,0.05
1312,0.7,323,0.4444444444444444,0.796696973317041,0,82,3683,3656,0.256,40,0.001
1313,0.73,401,0.5555555555555556,0.748268515336735,0,30,3138,1958,0.696,42,0.05
1314,0.7,285,0.4444444444444444,0.8247048203073648,0,55,1546,4524,0.498,19,0.25
1315,0.73,463,0.5555555555555556,0.7160666749286787,0,46,4597,2506,0.786,27,0.001
1316,0.76,1198,0.6666666666666669,0.5029273796214795,0,64,3840,910,0.374,12,0.25
1317,0.7,249,0.4444444444444444,0.8549081803837628,0,27,842,3384,0.571,36,0.01
1318,0.69,208,0.40740740740740733,0.8951236808568753,0,11,2802,3963,0.145,22,0.05
1319,0.6,146,0.07407407407407414,0.9741286771921658,0,8,2036,3769,0.217,47,0.1
1320,0.77,578,0.7037037037037038,0.666356417458493,0,2,700,713,0.298,37,0.001
1321,0.71,435,0.48148148148148145,0.730040616717629,0,113,3991,3266,0.506,11,0.005
1322,0.67,168,0.3333333333333336,0.9428173137261411,0,4,235,2703,0.854,2,0.25
1323,0.73,420,0.5555555555555556,0.7379005348596818,0,35,1406,2152,0.631,16,0.01
1324,0.69,271,0.40740740740740733,0.8359728561664155,0,66,3291,4640,0.422,44,0.025
1325,0.71,344,0.48148148148148145,0.782597622665719,0,60,1794,3461,0.324,15,0.005
1326,0.7,206,0.4444444444444444,0.89728243528877,1,1,316,1666,0.163,6,0.01
1327,0.7,333,0.4444444444444444,0.7898724742846664,0,91,4994,4198,0.891,29,0.25
1328,0.72,560,0.5185185185185185,0.6734467561267607,0,104,4071,2348,0.449,10,0.01
1329,0.69,230,0.40740740740740733,0.8726540705686245,0,30,1248,4915,0.747,32,0.001
1330,0.71,273,0.48148148148148145,0.8343280962010986,0,18,3040,3053,0.038,24,0.005
1331,0.74,399,0.5925925925925927,0.7493882619528626,0,17,3010,1542,0.384,15,0.01
1332,0.71,375,0.48148148148148145,0.7632798303300887,0,78,4100,3333,0.1,6,0.005
1333,0.74,582,0.5925925925925927,0.6648107402266219,0,59,1765,1946,0.225,24,0.01
1334,0.7,265,0.4444444444444444,0.8409806934829601,0,40,3552,4380,0.956,48,0.25
1335,0.7,371,0.4444444444444444,0.765681016118814,0,115,1376,3682,0.789,20,0.25
1336,0.69,197,0.40740740740740733,0.9072622441002711,0,5,265,1738,0.693,11,0.025
1337,0.69,310,0.40740740740740733,0.8058907413734376,0,101,4415,4285,0.487,37,0.05
1338,0.73,524,0.5555555555555556,0.688336768536749,0,65,4019,2296,0.914,2,0.005
1339,0.69,349,0.40740740740740733,0.7793672254777106,0,128,2065,359,0.363,44,0.025
1340,0.7,220,0.4444444444444444,0.8825897064864987,0,6,2622,2851,0.568,17,0.1
1341,0.58,145,0.0,0.9756611659488945,0,8,10,2118,0.373,26,0.001
1342,0.7,397,0.4444444444444444,0.7505136213574286,0,131,4087,4138,0.944,2,0.025
1343,0.7,289,0.4444444444444444,0.821586593359579,0,58,2929,3236,0.457,41,0.025
1344,0.72,453,0.5185185185185185,0.7209581261715254,0,63,4846,2780,0.649,38,0.25
1345,0.71,264,0.48148148148148145,0.8418263017562153,0,14,2731,2379,0.921,41,0.025
1346,0.7,330,0.4444444444444444,0.7918981307134794,0,88,1769,3876,0.271,18,0.005
1347,0.69,319,0.40740740740740733,0.7994859375194188,0,107,3688,4849,0.137,24,0.05
1348,0.68,221,0.3703703703703707,0.8815761213286228,0,34,591,3438,0.751,31,0.1
1349,0.82,1719,0.8888888888888888,0.4219164539918495,0,3,365,119,0.497,29,0.05
1350,0.7,385,0.4444444444444444,0.7573868743994547,0,124,3827,3628,0.819,5,0.1
1351,0.69,338,0.40740740740740733,0.7865364733640879,0,121,1905,4718,0.198,50,0.025
1352,0.73,767,0.5555555555555556,0.6029355621475567,0,113,1688,2197,0.978,17,0.05
1353,0.69,209,0.40740740740740733,0.8940520381007615,0,12,2641,4058,0.332,44,0.01
1354,0.71,265,0.48148148148148145,0.8409806934829601,0,15,737,2656,0.717,12,0.025
1355,0.74,515,0.5925925925925927,0.6922188606123567,0,41,1163,1790,0.159,8,0.025
1356,0.7,494,0.4444444444444444,0.7015469745362586,0,143,4586,4456,0.524,35,0.001
1357,0.79,1293,0.777777777777778,0.4858085170221431,0,19,2991,384,0.795,38,0.005
1358,0.71,346,0.48148148148148145,0.7812998807220592,0,61,1414,3362,0.396,15,0.25
1359,0.71,434,0.48148148148148145,0.7305561364186173,0,112,3400,2859,0.013,21,0.01
1360,0.73,612,0.5555555555555556,0.6535453973359121,0,90,4333,1989,0.309,2,0.25
1361,0.71,327,0.48148148148148145,0.7939422303983412,0,51,192,691,0.319,40,0.05
1362,0.71,459,0.48148148148148145,0.7180104856092242,0,126,4229,3065,0.995,14,0.1
1363,0.73,449,0.5555555555555556,0.7229449420683955,0,44,3347,2098,0.698,9,0.001
1364,0.74,615,0.5925925925925927,0.6524493395146735,0,63,1505,1664,0.83,3,0.001
1365,0.71,277,0.48148148148148145,0.8310742895212662,0,20,1227,3178,0.599,19,0.01
1366,0.71,250,0.48148148148148145,0.8540119367538742,0,7,644,2477,0.026,25,0.001
1367,0.75,391,0.6296296296296298,0.7539239461382148,1,1,2549,1074,0.894,31,0.05
1368,0.72,436,0.5185185185185185,0.7295262780479177,0,59,1626,2682,0.296,4,0.01
1369,0.8,2331,0.8148148148148151,0.3535755522317091,0,25,1957,171,0.513,37,0.025
1370,0.7,326,0.4444444444444444,0.7946277537741236,0,84,3543,3575,0.18,11,0.25
1371,0.75,794,0.6296296296296298,0.5951782508177972,0,42,3882,1260,0.376,19,0.001
1372,0.73,379,0.5555555555555556,0.7609040543915558,0,22,530,1430,0.444,43,0.1
1373,0.69,309,0.40740740740740733,0.8066137974932194,0,100,3953,4816,0.871,17,0.025
1374,0.61,140,0.1111111111111112,0.9834845613840397,0,4,2047,3725,0.237,36,0.05
1375,0.72,275,0.5185185185185185,0.8326952982322753,0,5,2786,2520,0.352,29,0.025
1376,0.73,678,0.5555555555555556,0.63058798950403,0,105,4947,2334,0.094,49,0.01
1377,0.69,217,0.40740740740740733,0.8856582107150853,0,20,861,3922,0.723,23,0.005
1378,0.7,4104,0.4444444444444444,0.22662047294753895,0,148,4444,3343,0.535,45,0.05
1379,0.73,424,0.5555555555555556,0.7357775050333031,0,37,2826,1809,0.77,28,0.25
1380,0.69,249,0.40740740740740733,0.8549081803837628,0,47,1288,4437,0.421,1,0.005
1381,0.69,226,0.40740740740740733,0.8765757201689818,0,26,2324,1931,0.638,34,0.01
1382,0.69,312,0.40740740740740733,0.8044515779124043,0,102,3276,4325,0.055,7,0.1
1383,0.63,162,0.18518518518518534,0.950932970762817,0,13,101,2917,0.931,39,0.25
1384,0.71,301,0.48148148148148145,0.8124836411546152,0,37,154,605,0.288,18,0.01
1385,0.73,475,0.5555555555555556,0.7103342256938072,0,50,1311,2042,0.799,32,0.005
1386,0.69,260,0.40740740740740733,0.8452409490416681,0,57,2858,4204,0.384,5,0.05
1387,0.71,278,0.48148148148148145,0.8302681531753087,0,21,953,3106,0.506,48,0.001
1388,0.74,524,0.5925925925925927,0.688336768536749,0,45,918,1317,0.119,47,0.005
1389,0.69,329,0.40740740740740733,0.7925774314772203,0,114,4995,4939,0.69,20,0.1
1390,0.71,440,0.48148148148148145,0.7274806262537477,0,117,1820,3534,0.327,26,0.001
1391,0.65,192,0.25925925925925947,0.9130044683969112,0,23,2075,1037,0.607,8,0.05
1392,0.72,2773,0.5185185185185185,0.31460890683120624,0,122,3661,2709,0.211,32,0.025
1393,0.72,554,0.5185185185185185,0.6758608517646103,0,102,3920,2445,0.469,41,0.1
1394,0.68,232,0.3703703703703707,0.8707186384863944,0,41,506,3801,0.838,14,0.01
1395,0.69,227,0.40740740740740733,0.8755888670146067,0,27,411,2278,0.413,15,0.025
1396,0.7,309,0.4444444444444444,0.8066137974932194,0,74,3834,3968,0.778,38,0.05
1397,0.59,142,0.03703703703703707,0.9803224143048213,0,6,2010,2561,0.143,8,0.25
1398,0.82,4854,0.8888888888888888,0.18894715377439342,0,13,1597,58,0.923,29,0.025
1399,0.69,213,0.40740740740740733,0.8898158986311401,0,16,2511,3699,0.258,1,0.1
1400,0.74,1092,0.5925925925925927,0.5237082819979513,0,119,4753,1462,0.063,21,0.005
1401,0.68,182,0.3703703703703707,0.9249492390247911,0,3,667,4794,0.63,45,0.1
1402,0.71,480,0.48148148148148145,0.7079882405947548,0,132,4638,2944,0.566,23,0.005
1403,0.73,409,0.5555555555555556,0.743844554831785,0,33,3100,1899,0.863,6,0.005
1404,0.69,281,0.40740740740740733,0.8278669673865834,0,73,1563,4347,0.452,29,0.025
1405,0.7,276,0.4444444444444444,0.831883330869341,0,48,2361,1865,0.731,12,0.005
1406,0.69,258,0.40740740740740733,0.8469679477969764,0,55,3314,4390,0.086,35,0.25
1407,0.7,206,0.4444444444444444,0.89728243528877,1,1,282,1598,0.279,4,0.25
1408,0.69,341,0.40740740740740733,0.7845584100736451,0,124,4359,4658,0.913,30,0.05
1409,0.78,1426,0.7407407407407409,0.46384344882916606,0,31,3379,508,0.641,49,0.05
1410,0.71,308,0.48148148148148145,0.8073391898242316,0,41,3045,2969,0.425,19,0.1
1411,0.73,613,0.5555555555555556,0.6531794498528758,0,91,4536,2178,0.13,10,0.01
1412,0.69,229,0.40740740740740733,0.8736280796066807,0,29,1122,4067,0.561,37,0.25
1413,0.71,365,0.48148148148148145,0.7693316450273349,0,73,4806,3514,0.742,10,0.001
1414,0.74,351,0.5925925925925927,0.7780879699872818,0,6,2615,1336,0.952,13,0.01
1415,0.69,331,0.40740740740740733,0.7912208791255922,0,115,1653,4920,0.365,40,0.05
1416,0.72,593,0.5185185185185185,0.660614193161853,0,107,1945,2387,0.584,20,0.01
1417,0.7,297,0.4444444444444444,0.815477135251671,0,65,3492,3859,0.231,46,0.1
1418,0.74,475,0.5925925925925927,0.7103342256938072,0,32,561,1165,0.404,1,0.001
1419,0.72,541,0.5185185185185185,0.6811821829238314,0,98,4024,2581,0.788,27,0.01
1420,0.73,494,0.5555555555555556,0.7015469745362586,0,55,3714,2259,0.516,45,0.25
1421,0.74,717,0.5925925925925927,0.6180495267693376,0,86,1728,1521,0.884,39,0.1
1422,0.69,258,0.40740740740740733,0.8469679477969764,0,55,853,3640,0.686,34,0.25
1423,0.7,241,0.4444444444444444,0.8622099208860449,0,21,2920,3715,0.194,11,0.005
1424,0.74,730,0.5925925925925927,0.6140209666363028,0,87,4267,1877,0.437,21,0.001
1425,0.74,949,0.5925925925925927,0.5551887848275433,0,116,1230,1546,0.006,16,0.001
1426,0.73,552,0.5555555555555556,0.6766713534792985,0,74,1925,2410,0.819,1,0.025
1427,0.7,277,0.4444444444444444,0.8310742895212662,0,49,889,3231,0.562,19,0.005
1428,0.72,463,0.5185185185185185,0.7160666749286787,0,70,3945,2704,0.879,24,0.1
1429,0.74,304,0.5925925925925927,0.8102644264017402,1,1,295,753,0.27,26,0.025
1430,0.73,317,0.5555555555555556,0.8008935203818097,0,6,2618,1648,0.747,8,0.01
1431,0.62,188,0.14814814814814828,0.9177063937828507,0,20,50,2508,0.959,27,0.01
1432,0.71,362,0.48148148148148145,0.7711794639450833,0,70,4493,3427,0.607,35,0.005
1433,0.83,2719,0.9259259259259258,0.31902239860749027,0,2,643,69,0.248,17,0.05
1434,0.73,443,0.5555555555555556,0.7259585273311665,0,41,3320,2214,0.769,47,0.1
1435,0.71,457,0.48148148148148145,0.7189887387087771,0,125,3642,3031,0.297,44,0.005
1436,0.74,351,0.5925925925925927,0.7780879699872818,0,6,2433,1090,0.937,6,0.25
1437,0.69,272,0.40740740740740733,0.8351489699899444,0,67,1004,4570,0.693,14,0.001
1438,0.7,392,0.4444444444444444,0.7533519490615819,0,127,4218,3886,0.872,20,0.05
1439,0.7,332,0.4444444444444444,0.7905456643876612,0,90,1856,3519,0.146,40,0.01
1440,0.73,622,0.5555555555555556,0.6499124907022207,0,94,1777,2013,0.618,35,0.05
1441,0.71,466,0.48148148148148145,0.714619782287211,0,128,4718,2935,0.683,40,0.025
1442,0.71,393,0.48148148148148145,0.7527814056004334,0,91,3398,3174,0.494,26,0.05
1443,0.72,448,0.5185185185185185,0.7234444055249725,0,61,2092,285,0.853,25,0.1
1444,0.73,475,0.5555555555555556,0.7103342256938072,0,50,4416,2428,0.126,43,0.001
1445,0.72,388,0.5185185185185185,0.7556487336057451,0,46,1435,2764,0.066,32,0.01
1446,0.7,267,0.4444444444444444,0.8392989722776967,0,42,2540,2647,0.017,16,0.005
1447,0.74,652,0.5925925925925927,0.6393537080168263,0,74,4024,1744,0.354,3,0.005
1448,0.69,319,0.40740740740740733,0.7994859375194188,0,107,4680,4271,0.565,42,0.25
1449,0.71,290,0.48148148148148145,0.8208137570331329,0,30,810,2311,0.207,9,0.05
1450,0.58,130,0.0,1.0,1,1,2003,3291,0.418,24,0.1
1451,0.82,3010,0.8888888888888888,0.29620324828815014,0,10,3133,90,0.807,28,0.01
1452,0.69,291,0.40740740740740733,0.8200435719514381,0,82,3514,4666,0.251,31,0.001
1453,0.71,260,0.48148148148148145,0.8452409490416681,0,12,2286,1290,0.891,20,0.025
1454,0.71,281,0.48148148148148145,0.8278669673865834,0,22,1152,3052,0.727,12,0.25
1455,0.71,433,0.48148148148148145,0.7310728425871673,0,111,4346,3501,0.83,6,0.1
1456,0.7,321,0.4444444444444444,0.7980871247006286,0,80,1708,3788,0.184,37,0.001
1457,0.72,297,0.5185185185185185,0.815477135251671,0,14,2843,2130,0.543,13,0.005
1458,0.75,812,0.6296296296296298,0.5901517259828699,0,45,1642,1465,0.526,19,0.25
1459,0.75,900,0.6296296296296298,0.5670780324082993,0,56,4319,1097,0.487,49,0.05
1460,0.7,342,0.4444444444444444,0.7839029096630629,0,98,4990,3668,0.711,8,0.01
1461,0.78,1166,0.7407407407407409,0.509000682667327,0,18,1125,453,0.071,44,0.025
1462,0.74,526,0.5925925925925927,0.68748312214276,0,47,3448,1993,0.907,24,0.05
1463,0.71,304,0.48148148148148145,0.8102644264017402,0,39,3184,2804,0.401,21,0.01
1464,0.74,743,0.5925925925925927,0.6100634221213577,0,92,4629,1597,0.223,11,0.001
1465,0.66,157,0.29629629629629656,0.9579275779493632,0,2,166,2475,0.337,4,0.001
1466,0.71,388,0.48148148148148145,0.7556487336057451,0,88,1398,3136,0.034,16,0.025
1467,0.7,224,0.4444444444444444,0.8785625360658519,0,10,2753,3331,0.114,37,0.025
1468,0.81,2144,0.8518518518518522,0.37234149980493425,0,9,1447,126,0.722,14,0.001
1469,0.62,134,0.14814814814814828,0.9932473486889027,1,1,116,4226,0.9,5,0.005
1470,0.73,497,0.5555555555555556,0.7001904221846306,0,56,3810,2281,0.26,45,0.05
1471,0.69,337,0.40740740740740733,0.7871997197286846,0,120,4403,4832,0.532,13,0.1
1472,0.73,362,0.5555555555555556,0.7711794639450833,0,17,773,1792,0.174,39,0.01
1473,0.61,147,0.1111111111111112,0.9726065782695846,0,8,2041,2609,0.446,31,0.25
1474,0.7,308,0.4444444444444444,0.8073391898242316,0,73,3694,3811,0.347,22,0.025
1475,0.7,228,0.4444444444444444,0.8746063327062334,0,12,2422,2187,0.986,28,0.01
1476,0.7,250,0.4444444444444444,0.8540119367538742,0,28,1017,3473,0.635,42,0.05
1477,0.71,392,0.48148148148148145,0.7533519490615819,0,90,4073,3102,0.798,48,0.025
1478,0.74,353,0.5925925925925927,0.7768159624422017,0,7,438,980,0.408,2,0.25
1479,0.7,285,0.4444444444444444,0.8247048203073648,0,55,1750,4611,0.212,18,0.005
1480,0.7,284,0.4444444444444444,0.8254911914480505,0,54,3037,2888,0.162,43,0.25
1481,0.74,831,0.5925925925925927,0.5849652754111452,0,108,4152,1523,0.465,27,0.025
1482,0.7,363,0.4444444444444444,0.7705618329334497,0,109,4823,4025,0.741,18,0.1
1483,0.73,380,0.5555555555555556,0.7603140179648562,0,23,938,1932,0.102,32,0.25
1484,0.68,260,0.3703703703703707,0.8452409490416681,0,58,3332,4889,0.427,4,0.025
1485,0.71,480,0.48148148148148145,0.7079882405947548,0,132,3888,3274,0.975,30,0.001
1486,0.7,305,0.4444444444444444,0.8095295362819486,0,70,38,225,0.367,22,0.01
1487,0.71,323,0.48148148148148145,0.796696973317041,0,49,2676,2377,0.654,40,0.01
1488,0.73,437,0.5555555555555556,0.7290131150104764,0,40,1319,2259,0.7,12,0.025
1489,0.72,486,0.5185185185185185,0.7052050388628575,0,78,4551,2551,0.514,14,0.05
1490,0.74,482,0.5925925925925927,0.707056667759667,0,33,3263,1811,0.866,6,0.25
1491,0.7,323,0.4444444444444444,0.796696973317041,0,82,3527,3572,0.325,3,0.1
1492,0.74,442,0.5925925925925927,0.7264647479089652,0,26,2235,513,0.964,49,0.001
1493,0.73,685,0.5555555555555556,0.6282853156656065,0,107,4913,2050,0.053,17,0.25
1494,0.74,333,0.5925925925925927,0.7898724742846664,0,4,625,1405,0.39,24,0.05
1495,0.71,377,0.48148148148148145,0.7620887997853942,0,79,1564,3006,0.242,9,0.025
1496,0.69,248,0.40740740740740733,0.8558080161820869,0,46,2950,4095,0.813,48,0.005
1497,0.72,450,0.5185185185185185,0.7224465872996481,0,62,1600,2448,0.454,4,0.1
1498,0.78,1707,0.7407407407407409,0.4234882835007754,0,49,4238,305,0.556,34,0.05
1499,0.72,458,0.5185185185185185,0.7184990793409869,0,68,4895,2744,0.268,24,0.05
1500,0.74,664,0.5925925925925927,0.6352654239189476,0,78,3544,1608,0.106,8,0.025
1501,0.7,306,0.4444444444444444,0.8087970438503322,0,71,3261,3599,0.578,12,0.025
1502,0.74,769,0.5925925925925927,0.6023516639481173,0,101,4553,1993,0.79,21,0.1
1503,0.7,228,0.4444444444444444,0.8746063327062334,0,12,266,1427,0.643,13,0.05
1504,0.72,322,0.5185185185185185,0.7973909730385528,0,20,1297,2954,0.979,7,0.25
1505,0.7,285,0.4444444444444444,0.8247048203073648,0,55,2679,3072,0.931,47,0.05
1506,0.58,134,0.0,0.9932473486889027,0,3,1,4686,0.079,15,0.25
1507,0.72,277,0.5185185185185185,0.8310742895212662,0,7,672,2111,0.87,30,0.025
1508,0.69,300,0.40740740740740733,0.8132282810781666,0,91,3613,4778,0.665,7,0.005
1509,0.72,291,0.5185185185185185,0.8200435719514381,0,11,2463,1725,0.057,43,0.05
1510,0.71,8108,0.48148148148148145,0.0737819305314632,0,145,975,2627,0.314,26,0.001
1511,0.71,9567,0.48148148148148145,0.036637041508581714,0,146,4169,3311,0.247,32,0.25
1512,0.7,296,0.4444444444444444,0.8162317871593094,0,64,1807,4291,0.767,2,0.005
1513,0.72,318,0.5185185185185185,0.800188625827442,0,18,3020,2330,0.378,50,0.001
1514,0.71,286,0.48148148148148145,0.8239211939231893,0,26,3098,3212,0.859,27,0.1
1515,0.74,470,0.5925925925925927,0.7127049840607694,0,30,1054,1668,0.918,48,0.01
1516,0.72,455,0.5185185185185185,0.7199712730171504,0,65,3807,2817,0.046,39,0.01
1517,0.65,189,0.25925925925925947,0.9165216483890123,0,21,79,1187,0.685,12,0.05
1518,0.7,279,0.4444444444444444,0.8294649010442668,0,51,1484,4434,0.941,20,0.025
1519,0.73,393,0.5555555555555556,0.7527814056004334,0,26,2756,1526,0.333,30,0.25
1520,0.75,705,0.6296296296296298,0.6218334713608785,0,32,1376,1331,0.257,22,0.1
1521,0.75,1162,0.6296296296296298,0.5097715288533948,0,75,4053,1070,0.733,41,0.025
1522,0.71,354,0.48148148148148145,0.7761826510740504,0,65,4631,3539,0.442,4,0.01
1523,0.7,431,0.4444444444444444,0.7321098362605462,0,137,1954,3906,0.545,36,0.25
1524,0.73,469,0.5555555555555556,0.7131821547635325,0,47,3182,2092,0.186,15,0.05
1525,0.72,439,0.5185185185185185,0.7279902944207256,0,60,3465,2528,0.631,19,0.25
1526,0.74,377,0.5925925925925927,0.7620887997853942,0,14,2335,889,0.023,33,0.005
1527,0.69,235,0.40740740740740733,0.8678464193831632,0,34,1103,4761,0.359,49,0.25
1528,0.73,720,0.5555555555555556,0.6171134222951287,0,109,4973,1862,0.999,1,0.1
1529,0.71,251,0.48148148148148145,0.8531192567263559,0,8,511,2195,0.567,8,0.25
1530,0.71,382,0.48148148148148145,0.7591385768968916,0,84,1679,3407,0.809,25,0.001
1531,0.71,293,0.48148148148148145,0.8185110831947094,0,32,2821,2688,0.761,20,0.025
1532,0.74,735,0.5925925925925927,0.6124905671783241,0,88,4368,1713,0.615,12,0.25
1533,0.7,370,0.4444444444444444,0.7662853468501631,0,114,4961,4147,0.343,46,0.001
1534,0.72,355,0.5185185185185185,0.775551121174829,0,31,1155,2357,0.951,6,0.1
1535,0.67,164,0.3333333333333336,0.9481950254746767,0,2,2283,3255,0.678,14,0.25
1536,0.61,164,0.1111111111111112,0.9481950254746767,0,14,2020,1502,0.138,17,0.01
1537,0.7,243,0.4444444444444444,0.8603621019682964,0,22,793,2869,0.489,3,0.005
1538,0.7,384,0.4444444444444444,0.7579692579455736,0,123,3987,3708,0.077,9,0.05
1539,0.76,630,0.6666666666666669,0.6470479066259462,0,18,215,337,0.717,41,0.01
1540,0.7,267,0.4444444444444444,0.8392989722776967,0,42,1349,4044,0.913,28,0.001
1541,0.72,290,0.5185185185185185,0.8208137570331329,0,10,2577,1952,0.305,23,0.1
1542,0.73,470,0.5555555555555556,0.7127049840607694,0,48,1418,2069,0.349,27,0.25
1543,0.77,1130,0.7037037037037038,0.5160354743103437,0,20,3780,532,0.637,7,0.1
1544,0.71,412,0.48148148148148145,0.7422077889105549,0,98,4452,2986,0.414,50,0.005
1545,0.62,142,0.14814814814814828,0.9803224143048213,0,3,2090,4571,0.576,18,0.01
1546,0.71,343,0.48148148148148145,0.7832493175533185,0,59,3743,3371,0.724,35,0.005
1547,0.7,227,0.4444444444444444,0.8755888670146067,0,11,409,1830,0.538,40,0.001
1548,0.72,421,0.5185185185185185,0.7373678923058449,0,54,1779,2571,0.842,30,0.1
1549,0.69,255,0.40740740740740733,0.8495836130859749,0,52,3008,4929,0.784,6,0.001
1550,0.74,838,0.5925925925925927,0.5830842816218487,0,109,1858,1577,0.425,45,0.005
1551,0.71,488,0.48148148148148145,0.704284919824399,0,133,4774,3155,0.362,31,0.01
1552,0.8,1590,0.8148148148148151,0.43941950074455904,0,14,987,262,0.97,20,0.05
1553,0.68,187,0.3703703703703707,0.9188974243275451,0,8,2451,4128,0.648,13,0.025
1554,0.72,496,0.5185185185185185,0.7006416961679983,0,82,3664,2495,0.009,39,0.25
1555,0.71,358,0.48148148148148145,0.7736671207667939,0,67,3283,2926,0.55,42,0.01
1556,0.68,194,0.3703703703703707,0.9106899248959965,0,15,645,4513,0.463,23,0.001
1557,0.74,966,0.5925925925925927,0.5512067832798891,0,117,4529,1485,0.822,28,0.05
1558,0.7,405,0.4444444444444444,0.7460456384535268,0,134,3859,3909,0.096,17,0.001
1559,0.7,311,0.4444444444444444,0.8051700064650963,0,75,1496,3649,0.883,48,0.01
1560,0.69,199,0.40740740740740733,0.9050058559503189,0,7,2655,3453,0.962,1,0.025
1561,0.73,617,0.5555555555555556,0.6517215958267755,0,93,3908,2168,0.66,19,0.005
1562,0.71,383,0.48148148148148145,0.7585531561450132,0,85,1942,3122,0.595,8,0.05
1563,0.69,305,0.40740740740740733,0.8095295362819486,0,96,3556,4246,0.698,40,0.05
1564,0.7,363,0.4444444444444444,0.7705618329334497,0,109,1233,3351,0.285,21,0.005
1565,0.8,3821,0.8148148148148151,0.2426575575249671,0,31,4883,145,0.924,29,0.25
1566,0.72,615,0.5185185185185185,0.6524493395146735,0,110,4289,2589,0.149,16,0.001
1567,0.76,496,0.6666666666666669,0.7006416961679983,0,6,576,790,0.508,36,0.1
1568,0.73,382,0.5555555555555556,0.7591385768968916,0,24,2899,1773,0.47,4,0.005
1569,0.68,200,0.3703703703703707,0.9038861093341913,0,21,2909,4817,0.317,18,0.001
1570,0.7,256,0.4444444444444444,0.8487083342731031,0,32,586,2585,0.669,50,0.025
1571,0.85,6834,1.0,0.11215453309944956,1,1,2386,8,0.137,7,0.1
1572,0.68,245,0.3703703703703707,0.858529367454836,0,46,993,4640,0.352,15,0.005
1573,0.69,363,0.40740740740740733,0.7705618329334497,0,138,4949,4366,0.012,24,0.005
1574,0.65,173,0.25925925925925947,0.9362714059826298,0,15,147,2341,0.835,34,0.25
1575,0.72,375,0.5185185185185185,0.7632798303300887,0,41,1554,3013,0.676,39,0.001
1576,0.69,242,0.40740740740740733,0.8612841103735357,0,40,3167,4756,0.603,1,0.005
1577,0.74,613,0.5925925925925927,0.6531794498528758,0,62,1724,1781,0.302,42,0.01
1578,0.72,464,0.5185185185185185,0.7155833405522578,0,71,4361,2594,0.427,28,0.025
1579,0.58,156,0.0,0.9593530349991876,0,12,1,1009,0.042,1,0.05
1580,0.58,138,0.0,0.9866918835187226,0,5,1,3905,0.001,1,0.25
1581,0.58,175,0.0,0.9337055639847381,0,18,1,1067,0.999,1,0.05
1582,0.75,881,0.6296296296296298,0.5718630322562913,0,53,3925,1364,0.552,30,0.025
1583,0.76,948,0.6666666666666669,0.5554252342766084,0,38,3549,985,0.478,4,0.01
1584,0.66,177,0.29629629629629656,0.9311687151722854,0,14,329,3571,0.211,38,0.001
1585,0.8,2320,0.8148148148148151,0.3546370612122389,0,24,1507,143,0.117,12,0.05
1586,0.77,872,0.7037037037037038,0.574165706094715,0,11,2705,580,0.051,1,0.01
1587,0.76,1360,0.6666666666666669,0.47447497331700617,0,72,1958,794,0.053,1,0.01
1588,0.66,152,0.29629629629629656,0.965147130279405,1,1,2328,4566,0.313,4,0.25
1589,0.8,1440,0.8148148148148151,0.4616515749089377,0,9,1189,268,0.17,15,0.05
1590,0.77,1101,0.7037037037037038,0.5218671978033597,0,19,4934,641,0.438,24,0.025
1591,0.68,207,0.3703703703703707,0.896200463406058,0,28,373,3192,0.74,50,0.05
1592,0.68,183,0.3703703703703707,0.9237257551732369,0,4,298,2431,0.309,44,0.1
1593,0.68,298,0.3703703703703707,0.8147250114958635,0,90,4390,4998,0.513,22,0.01
1594,0.68,190,0.3703703703703707,0.915343122159737,0,11,644,4115,0.844,19,0.001
1595,0.68,204,0.3703703703703707,0.8994621488292414,0,25,2589,3545,0.433,26,0.25
1596,0.78,1235,0.7407407407407409,0.496104001829319,0,19,1487,347,0.92,37,0.01
1597,0.76,427,0.6666666666666669,0.7341983046336837,0,2,543,837,0.389,48,0.01
1598,0.8,11263,0.8148148148148151,0.0,0,33,4288,150,0.223,39,0.1
1599,0.81,1644,0.8518518518518522,0.4319259302934678,0,5,2959,172,0.583,50,0.25
1600,0.68,182,0.3703703703703707,0.9249492390247911,0,3,2363,2723,0.346,23,0.1
1601,0.76,954,0.6666666666666669,0.554010258598268,0,39,3763,1009,0.114,35,0.05
1602,0.63,145,0.18518518518518534,0.9756611659488945,0,5,2111,4332,0.461,21,0.05
1603,0.75,608,0.6296296296296298,0.6550151815125651,0,25,781,1128,0.058,11,0.25
1604,0.78,1602,0.7407407407407409,0.4377325142387126,0,43,4526,406,0.336,1,0.025
1605,0.65,156,0.25925925925925947,0.9593530349991876,0,2,161,2958,0.595,29,0.01
1606,0.75,503,0.6296296296296298,0.6975016627288996,0,14,1126,1276,0.248,36,0.25
1607,0.67,185,0.3333333333333336,0.9212986101162702,0,17,436,4680,0.662,3,0.005
1608,0.79,2198,0.777777777777778,0.36675950348258124,0,44,1830,232,0.823,19,0.01
1609,0.77,1626,0.7037037037037038,0.43439610017587926,0,45,3950,586,0.007,7,0.25
1610,0.65,169,0.25925925925925947,0.9414927745973157,0,11,2154,2386,0.716,49,0.1
1611,0.78,1057,0.7407407407407409,0.5310151152681297,0,14,887,468,0.072,32,0.1
1612,0.75,905,0.6296296296296298,0.5658355902161971,0,58,4632,1145,0.287,29,0.005
1613,0.68,174,0.3703703703703707,0.9349848194751669,1,1,2456,3899,0.3,26,0.025
1614,0.78,1499,0.7407407407407409,0.45264253544788835,0,34,4806,286,0.425,46,0.001
1615,0.66,175,0.29629629629629656,0.9337055639847381,0,12,111,1605,0.322,23,0.025
1616,0.68,200,0.3703703703703707,0.9038861093341913,0,21,829,4941,0.767,41,0.05
1617,0.77,1593,0.7037037037037038,0.4389965642342978,0,41,1906,479,0.749,30,0.025
1618,0.65,157,0.25925925925925947,0.9579275779493632,0,3,264,4289,0.549,25,0.005
1619,0.76,977,0.6666666666666669,0.5486673258269426,0,41,4085,820,0.143,17,0.005
1620,0.78,912,0.7407407407407409,0.5641076420294427,0,7,3036,609,0.206,10,0.1
1621,0.66,185,0.29629629629629656,0.9212986101162702,0,18,330,4183,0.081,17,0.005
1622,0.76,1253,0.6666666666666669,0.49285803592100075,0,66,1781,984,0.437,1,0.25
1623,0.64,163,0.2222222222222224,0.9495598243957976,0,11,2047,1320,0.042,33,0.01
1624,0.63,153,0.18518518518518534,0.9636845275095861,0,8,82,2511,0.227,13,0.01
1625,0.78,648,0.7407407407407409,0.6407331822870137,1,1,2426,414,0.153,35,0.001
1626,0.66,176,0.29629629629629656,0.9324335564396582,0,13,2407,4965,0.943,44,0.1
1627,0.75,807,0.6296296296296298,0.5915367318011859,0,44,3816,1386,0.703,6,0.1
1628,0.76,414,0.6666666666666669,0.741123203559036,1,1,2505,843,0.069,14,0.25
1629,0.64,159,0.2222222222222224,0.9551035315168751,0,9,2183,3292,0.862,40,0.025
1630,0.65,148,0.25925925925925947,0.9710947292491273,1,1,234,4417,0.194,7,0.25
1631,0.68,205,0.3703703703703707,0.8983696467651934,0,26,2264,2336,0.186,41,0.25
1632,0.64,1185,0.2222222222222224,0.5053748784975886,0,156,2220,4072,0.925,16,0.05
1633,0.76,655,0.6666666666666669,0.638324636400885,0,21,1140,1016,0.588,6,0.025
1634,0.77,2406,0.7037037037037038,0.3464687529733833,0,67,4885,497,0.801,9,0.1
1635,0.68,267,0.3703703703703707,0.8392989722776967,0,63,3475,4942,0.712,25,0.01
1636,0.77,1326,0.7037037037037038,0.48015481259339265,0,30,3395,666,0.271,20,0.05
1637,0.68,231,0.3703703703703707,0.8716842689261352,0,40,752,4593,0.395,1,0.025
1638,0.77,1010,0.7037037037037038,0.5412168803321482,0,16,1457,782,0.339,46,0.001
1639,0.79,940,0.777777777777778,0.5573258486424331,0,4,572,379,0.869,33,0.01
1640,0.76,645,0.6666666666666669,0.6417733790410964,0,20,2851,967,0.158,32,0.01
1641,0.68,180,0.3703703703703707,0.9274163927660185,0,2,2470,3493,0.896,10,0.05
1642,0.76,600,0.6666666666666669,0.6579839352649928,0,14,3166,1265,0.304,1,0.05
1643,0.8,2479,0.8148148148148151,0.33976101550085036,0,28,3871,197,0.625,47,0.01
1644,0.63,151,0.18518518518518534,0.9666193239555684,0,7,2081,4462,0.784,12,0.001
1645,0.67,166,0.3333333333333336,0.9454900682821228,0,3,288,3415,0.147,42,0.05
1646,0.75,550,0.6296296296296298,0.6774847918008158,0,15,1354,1459,0.368,27,0.025
1647,0.66,160,0.29629629629629656,0.9537047186980849,0,4,2312,3595,0.027,21,0.01
1648,0.67,169,0.3333333333333336,0.9414927745973157,0,5,360,4740,0.917,26,0.25
1649,0.75,606,0.6296296296296298,0.6557536977414451,0,24,3325,1453,0.681,14,0.1
1650,0.65,156,0.25925925925925947,0.9593530349991876,0,2,2079,2014,0.96,23,0.05
1651,0.68,197,0.3703703703703707,0.9072622441002711,0,18,2616,4468,0.221,50,0.025
1652,0.8,1932,0.8148148148148151,0.39570530448084995,0,21,807,213,0.315,8,0.005
1653,0.76,1320,0.6666666666666669,0.4811722255028569,0,70,4553,775,0.047,5,0.05
1654,0.66,182,0.29629629629629656,0.9249492390247911,0,16,2374,4272,0.056,2,0.25
1655,0.78,1387,0.7407407407407409,0.47006469272714646,0,27,4731,384,0.181,22,0.1
1656,0.81,4859,0.8518518518518522,0.18871605881715392,0,18,1986,112,0.989,4,0.05
1657,0.79,1307,0.777777777777778,0.48339256577921086,0,20,2558,306,0.932,29,0.025
1658,0.64,150,0.2222222222222224,0.9681012351520717,0,5,2138,2736,0.139,6,0.01
1659,0.75,1399,0.6296296296296298,0.46813203748279786,0,82,4508,1349,0.014,24,0.025
1660,0.77,1564,0.7037037037037038,0.4431187143509353,0,40,1304,681,0.709,32,0.25
1661,0.68,322,0.3703703703703707,0.7973909730385528,0,110,1848,4957,0.277,37,0.005
1662,0.78,728,0.7407407407407409,0.6146360594351176,0,3,419,503,0.241,47,0.05
1663,0.68,185,0.3703703703703707,0.9212986101162702,0,6,2215,1623,0.812,2,0.05
1664,0.64,161,0.2222222222222224,0.9523145673144974,0,10,2249,4785,0.073,30,0.05
1665,0.79,1868,0.777777777777778,0.40326443976380266,0,38,1112,323,0.414,41,0.01
1666,0.75,1706,0.6296296296296298,0.42361976738806806,0,85,4858,1210,0.198,50,0.01
1667,0.68,189,0.3703703703703707,0.9165216483890123,0,10,453,3719,0.996,23,0.001
1668,0.68,195,0.3703703703703707,0.9095415401356711,0,16,216,1900,0.049,21,0.005
1669,0.75,778,0.6296296296296298,0.5997427532730221,0,39,3971,1489,0.341,18,0.005
1670,0.75,426,0.6296296296296298,0.7347234714956881,0,7,625,1092,0.13,25,0.001
1671,0.77,1616,0.7037037037037038,0.4357802521011035,0,44,4371,520,0.479,16,0.05
1672,0.67,221,0.3333333333333336,0.8815761213286228,0,35,2896,4979,0.005,6,0.01
1673,0.8,1055,0.8148148148148151,0.5314399190488637,0,3,95,77,0.02,3,0.1
1674,0.79,1820,0.777777777777778,0.40910564680302697,0,35,4444,195,0.092,27,0.001
1675,0.66,162,0.29629629629629656,0.950932970762817,0,5,2297,4010,0.685,39,0.025
1676,0.68,186,0.3703703703703707,0.9200948070651788,0,7,345,2655,0.259,9,0.025
1677,0.75,609,0.6296296296296298,0.6546468324042838,0,26,3320,1235,0.031,47,0.001
1678,0.68,191,0.3703703703703707,0.9141707501424696,0,12,670,4808,0.156,28,0.1
1679,0.67,163,0.3333333333333336,0.9495598243957976,1,1,2259,3045,0.074,47,0.05
1680,0.78,1308,0.7407407407407409,0.4832209885976577,0,22,1343,510,0.852,14,0.01
1681,0.75,747,0.6296296296296298,0.608859619070266,0,38,4496,1605,0.223,32,0.001
1682,0.68,250,0.3703703703703707,0.8540119367538742,0,49,1082,4641,0.592,9,0.25
1683,0.76,604,0.6666666666666669,0.6564946513220323,0,15,808,976,0.035,11,0.01
1684,0.78,1861,0.7407407407407409,0.40410687501543907,0,57,4044,308,0.433,5,0.005
1685,0.75,736,0.6296296296296298,0.6121857351815472,0,35,3442,1528,0.61,24,0.25
1686,0.75,1188,0.6296296296296298,0.5048076982435887,0,78,4784,1099,0.099,35,0.005
1687,0.64,151,0.2222222222222224,0.9666193239555684,0,6,247,4267,0.876,28,0.01
1688,0.67,181,0.3333333333333336,0.926179426930906,0,13,2385,4158,0.111,33,0.25
1689,0.68,217,0.3703703703703707,0.8856582107150853,0,32,3052,4582,0.477,27,0.005
1690,0.77,1330,0.7037037037037038,0.4794790897924389,0,31,4680,569,0.219,46,0.1
1691,0.75,941,0.6296296296296298,0.5570873900633131,0,61,1872,1236,0.954,7,0.25
1692,0.79,1237,0.777777777777778,0.4957410126942463,0,16,981,404,0.151,22,0.001
1693,0.76,987,0.6666666666666669,0.5463833922832824,0,42,4149,839,0.251,15,0.05
1694,0.65,156,0.25925925925925947,0.9593530349991876,0,2,2267,4560,0.018,11,0.01
1695,0.77,1095,0.7037037037037038,0.5230929082061858,0,18,4406,640,0.188,25,0.025
1696,0.8,1416,0.8148148148148151,0.4654222790427993,0,8,2743,223,0.988,3,0.25
1697,0.75,741,0.6296296296296298,0.6106677528527067,0,36,3586,1185,0.543,34,0.01
1698,0.77,959,0.7037037037037038,0.5528378865810006,0,13,1175,802,0.244,50,0.001
1699,0.78,1556,0.7407407407407409,0.4442693061383892,0,39,4267,455,0.344,44,0.01
1700,0.65,200,0.25925925925925947,0.9038861093341913,0,29,220,3301,0.962,18,0.05
1701,0.68,188,0.3703703703703707,0.9177063937828507,0,9,2456,3249,0.043,25,0.001
1702,0.76,930,0.6666666666666669,0.5597244690128955,0,36,3772,979,0.464,27,0.25
1703,0.67,201,0.3333333333333336,0.9027719197960986,0,26,319,2768,0.844,3,0.005
1704,0.64,147,0.2222222222222224,0.9726065782695846,0,4,2177,3988,0.167,22,0.1
1705,0.68,191,0.3703703703703707,0.9141707501424696,0,12,2681,4735,0.301,16,0.05
1706,0.78,1641,0.7407407407407409,0.4323357425115517,0,44,1629,367,0.584,41,0.1
1707,0.68,182,0.3703703703703707,0.9249492390247911,0,3,559,4004,0.796,29,0.025
1708,0.69,397,0.40740740740740733,0.7505136213574286,0,143,4846,4453,0.645,36,0.1
1709,0.66,194,0.29629629629629656,0.9106899248959965,0,25,2209,2835,0.373,4,0.05
1710,0.76,1013,0.6666666666666669,0.5405516687902665,0,46,3593,1207,0.981,46,0.25
1711,0.69,262,0.40740740740740733,0.843527133611494,0,58,3212,4213,0.46,49,0.05
1712,0.79,2528,0.777777777777778,0.33536841068642653,0,47,4602,187,0.172,33,0.1
1713,0.69,223,0.40740740740740733,0.879562576610823,0,23,1268,4858,0.108,44,0.025
1714,0.69,241,0.40740740740740733,0.8622099208860449,0,39,2727,4741,0.063,9,0.25
1715,0.76,1156,0.6666666666666669,0.5109327834999993,0,61,3837,870,0.319,23,0.001
1716,0.64,169,0.2222222222222224,0.9414927745973157,0,14,2170,4331,0.379,3,0.001
1717,0.75,848,0.6296296296296298,0.5804241944461594,0,49,4796,1350,0.085,38,0.25
1718,0.68,261,0.3703703703703707,0.8443824060025436,0,59,333,2073,0.482,30,0.1
1719,0.78,1057,0.7407407407407409,0.5310151152681297,0,14,2971,485,0.505,12,0.025
1720,0.69,224,0.40740740740740733,0.8785625360658519,0,24,3049,3983,0.228,15,0.1
1721,0.67,177,0.3333333333333336,0.9311687151722854,0,10,411,3618,0.75,47,0.05
1722,0.78,1407,0.7407407407407409,0.466852781992369,0,29,4139,427,0.392,5,0.25
1723,0.76,665,0.6666666666666669,0.6349280703902047,0,22,1083,1149,0.044,10,0.1
1724,0.66,159,0.29629629629629656,0.9551035315168751,0,3,2356,4472,0.331,22,0.25
1725,0.68,198,0.3703703703703707,0.906131215354885,0,19,722,4076,0.516,7,0.01
1726,0.68,261,0.3703703703703707,0.8443824060025436,0,59,3758,4993,0.916,2,0.01
1727,0.66,214,0.29629629629629656,0.8887692359842188,0,31,127,1628,0.308,50,0.005
1728,0.64,185,0.2222222222222224,0.9212986101162702,0,19,218,4799,0.993,48,0.025
1729,0.75,1180,0.6296296296296298,0.506323374758958,0,77,4924,955,0.119,38,0.05
1730,0.69,216,0.40740740740740733,0.8866904365846237,0,19,2870,4495,0.136,33,0.005
1731,0.69,214,0.40740740740740733,0.8887692359842188,0,17,547,2907,0.846,1,0.1
1732,0.66,182,0.29629629629629656,0.9249492390247911,0,16,2313,3928,0.299,26,0.005
1733,0.68,207,0.3703703703703707,0.896200463406058,0,28,823,4948,0.613,41,0.25
1734,0.69,340,0.40740740740740733,0.7852158299610824,0,123,4036,4109,0.945,46,0.005
1735,0.8,1042,0.8148148148148151,0.5342209107816063,1,1,2528,242,0.673,36,0.1
1736,0.77,1499,0.7037037037037038,0.45264253544788835,0,36,4745,570,0.027,10,0.001
1737,0.75,885,0.6296296296296298,0.5708471539115088,0,55,1829,1235,0.553,7,0.005
1738,0.66,166,0.29629629629629656,0.9454900682821228,0,7,360,4395,0.824,25,0.005
1739,0.68,196,0.3703703703703707,0.9083989995978898,0,17,2500,3689,0.28,50,0.001
1740,0.78,1823,0.7407407407407409,0.4087360850222377,0,55,3616,317,0.889,1,0.005
1741,0.66,187,0.29629629629629656,0.9188974243275451,0,19,2119,1693,0.786,47,0.1
1742,0.76,1263,0.6666666666666669,0.4910747959569941,0,67,4481,712,0.201,15,0.01
1743,0.69,268,0.40740740740740733,0.8384628121635391,0,63,1526,4166,0.015,11,0.1
1744,0.68,183,0.3703703703703707,0.9237257551732369,0,4,2606,4362,0.091,38,0.01
1745,0.65,171,0.25925925925925947,0.9388669115507748,0,13,244,3391,0.926,20,0.25
1746,0.77,669,0.7037037037037038,0.6335837027136841,0,4,901,908,0.155,37,0.001
1747,0.69,323,0.40740740740740733,0.796696973317041,0,110,1913,4693,0.476,46,0.01
1748,0.69,262,0.40740740740740733,0.843527133611494,0,58,1204,3829,0.661,34,0.01
1749,0.69,291,0.40740740740740733,0.8200435719514381,0,82,4240,4591,0.779,28,0.01
1750,0.69,224,0.40740740740740733,0.8785625360658519,0,24,588,3193,0.166,16,0.01
1751,0.64,170,0.2222222222222224,0.9401760040711014,0,15,2257,4975,0.745,42,0.1
1752,0.78,1597,0.7407407407407409,0.4384338854156167,0,41,1877,407,0.189,39,0.001
1753,0.69,275,0.40740740740740733,0.8326952982322753,0,69,938,3964,0.432,31,0.05
1754,0.69,317,0.40740740740740733,0.8008935203818097,0,106,3974,4490,0.004,37,0.025
1755,0.76,1050,0.6666666666666669,0.5325054584535346,0,48,1563,973,0.291,5,0.025
1756,0.69,353,0.40740740740740733,0.7768159624422017,0,130,4464,3768,0.48,22,0.005
1757,0.77,1004,0.7037037037037038,0.5425532457727225,0,15,3349,603,0.144,10,0.01
1758,0.8,2465,0.8148148148148151,0.34103199432426257,0,26,1728,167,0.5,23,0.25
1759,0.67,179,0.3333333333333336,0.9286602116324081,0,12,460,4195,0.132,9,0.005
1760,0.69,323,0.40740740740740733,0.796696973317041,0,110,4748,4877,0.31,3,0.05
1761,0.68,228,0.3703703703703707,0.8746063327062334,0,38,2385,2723,0.708,35,0.25
1762,0.76,1004,0.6666666666666669,0.5425532457727225,0,44,3692,773,0.068,17,0.001
1763,0.69,288,0.40740740740740733,0.8223620992468562,0,79,3428,4023,0.624,14,0.25
1764,0.63,156,0.18518518518518534,0.9593530349991876,0,10,2063,1897,0.234,38,0.01
1765,0.69,229,0.40740740740740733,0.8736280796066807,0,29,751,3734,0.397,45,0.025
1766,0.78,1757,0.7407407407407409,0.4170103750503974,0,52,4386,387,0.756,6,0.005
1767,0.67,221,0.3333333333333336,0.8815761213286228,0,35,2511,4550,0.897,29,0.05
1768,0.66,184,0.29629629629629656,0.9225089027030284,0,17,188,3011,0.125,11,0.01
1769,0.78,1025,0.7407407407407409,0.537910359135227,0,10,859,503,0.832,46,0.005
1770,0.69,355,0.40740740740740733,0.775551121174829,0,132,4317,4311,0.208,44,0.1
1771,0.76,1308,0.6666666666666669,0.4832209885976577,0,69,1691,732,0.403,32,0.01
1772,0.67,184,0.3333333333333336,0.9225089027030284,0,16,498,4908,0.225,38,0.05
1773,0.8,1932,0.8148148148148151,0.39570530448084995,0,21,3477,204,0.039,37,0.01
1774,0.69,276,0.40740740740740733,0.831883330869341,0,70,3155,4376,0.528,33,0.25
1775,0.69,254,0.40740740740740733,0.8504623176563542,0,51,2783,3849,0.988,25,0.01
1776,0.64,142,0.2222222222222224,0.9803224143048213,0,2,145,3592,0.029,43,0.005
1777,0.75,442,0.6296296296296298,0.7264647479089652,0,9,724,1021,0.804,2,0.025
1778,0.75,658,0.6296296296296298,0.6373002601850717,0,29,3362,1386,0.218,32,0.001
1779,0.69,228,0.40740740740740733,0.8746063327062334,0,28,1066,4341,0.262,5,0.01
1780,0.69,339,0.40740740740740733,0.7858751805998593,0,122,4102,4713,0.179,10,0.01
1781,0.76,779,0.6666666666666669,0.5994547369010836,0,30,3085,927,0.452,22,0.05
1782,0.68,186,0.3703703703703707,0.9200948070651788,0,7,331,2785,0.199,38,0.25
1783,0.68,255,0.3703703703703707,0.8495836130859749,0,53,2168,1117,0.16,10,0.1
1784,0.79,1170,0.777777777777778,0.5082324741123727,0,10,2705,433,0.274,2,0.001
1785,0.77,989,0.7037037037037038,0.5459293805388021,0,14,1270,551,0.323,50,0.05
1786,0.66,159,0.29629629629629656,0.9551035315168751,0,3,292,3791,0.052,33,0.1
1787,0.69,377,0.40740740740740733,0.7620887997853942,0,140,4580,4631,0.384,26,0.025
1788,0.76,842,0.6666666666666669,0.5820164616248447,0,32,3234,999,0.236,44,0.1
1789,0.67,216,0.3333333333333336,0.8866904365846237,0,32,2206,2300,0.089,11,0.001
1790,0.69,289,0.40740740740740733,0.821586593359579,0,80,1612,4811,0.86,46,0.25
1791,0.76,1096,0.6666666666666669,0.5228881578672018,0,56,4280,794,0.061,2,0.25
