index,ACCURACY,RUNTIME,transformed_accuracy,transformed_runtime,is_pareto,pareto_layer,recent_samples_size,max_window_size,min_window_size,min_p_value
0,0.52,7,0.3947368421052632,0.9274759386130701,0,6,1729,4752,283,0.39
1,0.52,4,0.3947368421052632,1.0,0,2,1023,74,2852,0.544
2,0.56,10,0.5000000000000001,0.87833683306701,0,5,4599,3082,1793,0.102
3,0.52,5,0.3947368421052632,0.9718668134577912,0,4,4792,1654,2608,0.461
4,0.52,5,0.3947368421052632,0.9718668134577912,0,4,1647,2394,4316,0.873
5,0.52,5,0.3947368421052632,0.9718668134577912,0,4,4484,738,3461,0.573
6,0.52,5,0.3947368421052632,0.9718668134577912,0,4,4466,3953,173,0.258
7,0.52,5,0.3947368421052632,0.9718668134577912,0,4,3031,219,3581,0.763
8,0.52,5,0.3947368421052632,0.9718668134577912,0,4,574,493,1742,0.891
9,0.5,15,0.34210526315789475,0.8205196396717616,0,16,3374,1369,1035,0.66
10,0.56,8,0.5000000000000001,0.9093013893612039,0,3,1430,4451,1169,0.953
11,0.52,6,0.3947368421052632,0.9480805431590487,0,5,2112,1516,2474,0.804
12,0.52,5,0.3947368421052632,0.9718668134577912,0,4,4332,365,380,0.503
13,0.52,4,0.3947368421052632,1.0,0,2,3454,952,2076,0.321
14,0.52,7,0.3947368421052632,0.9274759386130701,0,6,2928,3106,925,0.422
15,0.52,5,0.3947368421052632,0.9718668134577912,0,4,4577,1866,2829,0.914
16,0.55,24,0.47368421052631593,0.7516551645630042,0,16,2478,4192,3978,0.563
17,0.52,6,0.3947368421052632,0.9480805431590487,0,5,830,3958,1557,0.903
18,0.52,5,0.3947368421052632,0.9718668134577912,0,4,1381,1137,4067,0.032
19,0.52,7,0.3947368421052632,0.9274759386130701,0,6,2999,3207,509,0.599
20,0.52,5,0.3947368421052632,0.9718668134577912,0,4,3510,332,2277,0.737
21,0.52,5,0.3947368421052632,0.9718668134577912,0,4,2120,2793,3724,0.178
22,0.52,6,0.3947368421052632,0.9480805431590487,0,5,8,2470,648,0.76
23,0.52,12,0.3947368421052632,0.8525594987292056,0,11,4008,3596,3088,0.93
24,0.52,8,0.3947368421052632,0.9093013893612039,0,7,4122,2216,1258,0.509
25,0.54,8,0.4473684210526317,0.9093013893612039,0,5,238,4677,2704,0.075
26,0.58,32,0.5526315789473684,0.7088151100291141,0,14,1894,625,429,0.985
27,0.52,4,0.3947368421052632,1.0,0,2,4512,250,4698,0.796
28,0.52,6,0.3947368421052632,0.9480805431590487,0,5,1098,2867,1147,0.354
29,0.52,5,0.3947368421052632,0.9718668134577912,0,4,1660,1920,3227,0.71
30,0.52,6,0.3947368421052632,0.9480805431590487,0,5,2732,4928,2169,0.143
31,0.52,5,0.3947368421052632,0.9718668134577912,0,4,2650,2135,3835,0.957
32,0.52,5,0.3947368421052632,0.9718668134577912,0,4,150,854,3455,0.0
33,0.52,5,0.3947368421052632,0.9718668134577912,0,4,1,4041,5000,0.0
34,0.52,6,0.3947368421052632,0.9480805431590487,0,5,3791,5000,2509,0.0
35,0.52,6,0.3947368421052632,0.9480805431590487,0,5,5000,5000,1,0.0
36,0.52,7,0.3947368421052632,0.9274759386130701,0,6,5000,4656,2764,0.999
37,0.52,7,0.3947368421052632,0.9274759386130701,0,6,1,4435,1,0.999
38,0.52,7,0.3947368421052632,0.9274759386130701,0,6,1469,3858,1,0.0
39,0.52,5,0.3947368421052632,0.9718668134577912,0,4,4903,993,5000,0.0
40,0.52,6,0.3947368421052632,0.9480805431590487,0,5,1,5000,5000,0.0
41,0.52,5,0.3947368421052632,0.9718668134577912,0,4,1135,466,4870,0.0
42,0.52,4,0.3947368421052632,1.0,0,2,1,2986,5000,0.0
43,0.52,9,0.3947368421052632,0.8930437010586914,0,8,1,3734,2873,0.0
44,0.52,7,0.3947368421052632,0.9274759386130701,0,6,3454,5000,1,0.0
45,0.52,6,0.3947368421052632,0.9480805431590487,0,5,2912,4499,1,0.0
46,0.52,5,0.3947368421052632,0.9718668134577912,0,4,3488,4463,1,0.896
47,0.52,7,0.3947368421052632,0.9274759386130701,0,6,630,5000,1,0.0
48,0.52,4,0.3947368421052632,1.0,0,2,1735,383,1231,0.467
49,0.52,5,0.3947368421052632,0.9718668134577912,0,4,1,5000,5000,0.999
50,0.52,5,0.3947368421052632,0.9718668134577912,0,4,1986,5000,1205,0.434
51,0.52,6,0.3947368421052632,0.9480805431590487,0,5,1,5000,2848,0.999
52,0.52,4,0.3947368421052632,1.0,0,2,360,159,5000,0.389
53,0.52,5,0.3947368421052632,0.9718668134577912,0,4,1,5000,1,0.304
54,0.52,7,0.3947368421052632,0.9274759386130701,0,6,2560,5000,3454,0.0
55,0.52,6,0.3947368421052632,0.9480805431590487,0,5,5000,5000,1,0.999
56,0.52,6,0.3947368421052632,0.9480805431590487,0,5,1,5000,1043,0.586
57,0.52,5,0.3947368421052632,0.9718668134577912,0,4,1,5000,5000,0.372
58,0.52,5,0.3947368421052632,0.9718668134577912,0,4,2906,5000,5000,0.999
59,0.52,4,0.3947368421052632,1.0,0,2,5000,1760,2067,0.999
60,0.52,4,0.3947368421052632,1.0,0,2,1,1703,4412,0.0
61,0.52,4,0.3947368421052632,1.0,0,2,1,979,4123,0.233
62,0.55,10,0.47368421052631593,0.87833683306701,0,6,4883,628,233,0.358
63,0.52,6,0.3947368421052632,0.9480805431590487,0,5,5000,695,1,0.578
64,0.52,5,0.3947368421052632,0.9718668134577912,0,4,1,103,3066,0.277
65,0.52,5,0.3947368421052632,0.9718668134577912,0,4,2451,5000,5000,0.279
66,0.52,12,0.3947368421052632,0.8525594987292056,0,11,1,5000,4396,0.857
67,0.52,7,0.3947368421052632,0.9274759386130701,0,6,15,4905,3203,0.255
68,0.52,5,0.3947368421052632,0.9718668134577912,0,4,3892,5000,1,0.401
69,0.52,8,0.3947368421052632,0.9093013893612039,0,7,5000,4948,3415,0.265
70,0.52,4,0.3947368421052632,1.0,0,2,5000,773,2134,0.694
71,0.52,5,0.3947368421052632,0.9718668134577912,0,4,5000,1183,4181,0.999
72,0.52,9,0.3947368421052632,0.8930437010586914,0,8,1669,5000,2699,0.0
73,0.52,5,0.3947368421052632,0.9718668134577912,0,4,1,634,3615,0.675
74,0.52,6,0.3947368421052632,0.9480805431590487,0,5,5000,5000,1804,0.741
75,0.52,12,0.3947368421052632,0.8525594987292056,0,11,3623,4723,4034,0.164
76,0.52,8,0.3947368421052632,0.9093013893612039,0,7,226,188,1,0.514
77,0.52,4,0.3947368421052632,1.0,0,2,4816,136,3162,0.249
78,0.52,4,0.3947368421052632,1.0,0,2,5000,307,1107,0.999
79,0.54,13,0.4473684210526317,0.8411242442177401,0,10,932,5000,4363,0.999
80,0.52,6,0.3947368421052632,0.9480805431590487,0,5,2373,5000,2363,0.433
81,0.53,8,0.42105263157894746,0.9093013893612039,0,6,366,4047,2509,0.321
82,0.52,4,0.3947368421052632,1.0,0,2,5000,169,636,0.73
83,0.52,5,0.3947368421052632,0.9718668134577912,0,4,3699,5000,5000,0.476
84,0.52,7,0.3947368421052632,0.9274759386130701,0,6,311,4792,3099,0.754
85,0.52,5,0.3947368421052632,0.9718668134577912,0,4,2236,1729,2950,0.25
86,0.52,5,0.3947368421052632,0.9718668134577912,0,4,3054,3698,5000,0.585
87,0.59,15,0.5789473684210525,0.8205196396717616,0,6,4190,4836,3452,0.0
88,0.59,8,0.5789473684210525,0.9093013893612039,1,1,1548,1612,1,0.185
89,0.52,10,0.3947368421052632,0.87833683306701,0,9,1,71,1,0.775
90,0.54,16,0.4473684210526317,0.811164937876734,0,13,5000,5000,4477,0.535
91,0.52,5,0.3947368421052632,0.9718668134577912,0,4,1598,2127,3264,0.999
92,0.52,11,0.3947368421052632,0.8649105145164827,0,10,5000,3126,2606,0.187
93,0.52,4,0.3947368421052632,1.0,0,2,203,224,628,0.469
94,0.52,7,0.3947368421052632,0.9274759386130701,0,6,3115,5000,2901,0.212
95,0.52,7,0.3947368421052632,0.9274759386130701,0,6,1,5000,2886,0.664
96,0.52,7,0.3947368421052632,0.9274759386130701,0,6,1,3420,1817,0.999
97,0.52,5,0.3947368421052632,0.9718668134577912,0,4,356,4262,4862,0.18
98,0.52,8,0.3947368421052632,0.9093013893612039,0,7,1669,4274,2980,0.227
99,0.52,4,0.3947368421052632,1.0,0,2,3645,2724,4377,0.999
100,0.52,4,0.3947368421052632,1.0,0,2,1,1309,2030,0.769
101,0.52,4,0.3947368421052632,1.0,0,2,5000,280,3932,0.657
102,0.54,6,0.4473684210526317,0.9480805431590487,0,3,1,411,1,0.137
103,0.56,29,0.5000000000000001,0.7235219780207954,0,15,3905,5000,4596,0.0
104,0.52,6,0.3947368421052632,0.9480805431590487,0,5,2698,1525,461,0.186
105,0.52,4,0.3947368421052632,1.0,0,2,3046,213,637,0.208
106,0.52,6,0.3947368421052632,0.9480805431590487,0,5,864,2840,1493,0.553
107,0.52,9,0.3947368421052632,0.8930437010586914,0,8,5000,5000,3598,0.807
108,0.52,8,0.3947368421052632,0.9093013893612039,0,7,2071,1234,475,0.0
109,0.49,13,0.3157894736842105,0.8411242442177401,0,13,2673,5000,4504,0.0
110,0.52,4,0.3947368421052632,1.0,0,2,5000,295,967,0.0
111,0.52,7,0.3947368421052632,0.9274759386130701,0,6,1034,5000,3489,0.0
112,0.52,4,0.3947368421052632,1.0,0,2,2900,397,901,0.26
113,0.52,8,0.3947368421052632,0.9093013893612039,0,7,5000,5000,3191,0.587
114,0.52,8,0.3947368421052632,0.9093013893612039,0,7,3703,3354,2177,0.287
115,0.52,8,0.3947368421052632,0.9093013893612039,0,7,5000,5000,4009,0.0
116,0.56,20,0.5000000000000001,0.7785588201211527,0,11,3065,5000,4626,0.362
117,0.52,5,0.3947368421052632,0.9718668134577912,0,4,4532,104,732,0.411
118,0.52,6,0.3947368421052632,0.9480805431590487,0,5,4119,5000,3005,0.4
119,0.54,21,0.4473684210526317,0.7713805341257015,0,17,1331,5000,4560,0.332
120,0.57,22,0.5263157894736841,0.7645213905854314,0,11,5000,5000,4639,0.999
121,0.56,9,0.5000000000000001,0.8930437010586914,0,4,1674,601,216,0.0
122,0.52,5,0.3947368421052632,0.9718668134577912,0,4,5000,5000,5000,0.796
123,0.52,6,0.3947368421052632,0.9480805431590487,0,5,5000,5000,2223,0.0
124,0.52,4,0.3947368421052632,1.0,0,2,5000,12,1199,0.0
125,0.52,14,0.3947368421052632,0.830478276962104,0,13,4761,2456,1156,0.0
126,0.52,10,0.3947368421052632,0.87833683306701,0,9,744,3612,2197,0.0
127,0.52,4,0.3947368421052632,1.0,0,2,702,117,522,0.258
128,0.52,4,0.3947368421052632,1.0,0,2,3548,54,725,0.426
129,0.52,9,0.3947368421052632,0.8930437010586914,0,8,1,5000,3815,0.132
130,0.52,5,0.3947368421052632,0.9718668134577912,0,4,244,42,1056,0.999
131,0.52,6,0.3947368421052632,0.9480805431590487,0,5,5000,5000,919,0.56
132,0.54,17,0.4473684210526317,0.8023450904198953,0,14,4119,5000,4553,0.636
133,0.52,5,0.3947368421052632,0.9718668134577912,0,4,4450,5000,5000,0.68
134,0.52,10,0.3947368421052632,0.87833683306701,0,9,4423,5000,4025,0.999
135,0.52,5,0.3947368421052632,0.9718668134577912,0,4,4043,5000,5000,0.898
136,0.52,7,0.3947368421052632,0.9274759386130701,0,6,1372,1983,691,0.227
137,0.52,5,0.3947368421052632,0.9718668134577912,0,4,1837,5000,5000,0.999
138,0.52,5,0.3947368421052632,0.9718668134577912,0,4,2937,5000,5000,0.0
139,0.52,11,0.3947368421052632,0.8649105145164827,0,10,4191,5000,4193,0.676
140,0.52,5,0.3947368421052632,0.9718668134577912,0,4,1950,5000,5000,0.0
141,0.59,34,0.5789473684210525,0.699735707722053,0,11,3741,5000,4833,0.999
142,0.52,5,0.3947368421052632,0.9718668134577912,0,4,4496,5000,5000,0.408
143,0.52,9,0.3947368421052632,0.8930437010586914,0,8,4339,5000,3958,0.0
144,0.53,8,0.42105263157894746,0.9093013893612039,0,6,703,777,286,0.0
145,0.52,5,0.3947368421052632,0.9718668134577912,0,4,3956,4418,4644,0.677
146,0.52,4,0.3947368421052632,1.0,0,2,1631,270,1581,0.0
147,0.52,5,0.3947368421052632,0.9718668134577912,0,4,2208,5000,5000,0.78
148,0.54,16,0.4473684210526317,0.811164937876734,0,13,4036,5000,4494,0.758
149,0.52,9,0.3947368421052632,0.8930437010586914,0,8,4322,5000,4189,0.452
150,0.52,5,0.3947368421052632,0.9718668134577912,0,4,5000,3872,4685,0.477
151,0.52,8,0.3947368421052632,0.9093013893612039,0,7,1687,1817,1105,0.508
152,0.56,27,0.5000000000000001,0.7341679452764316,0,14,5000,5000,4725,0.497
153,0.52,5,0.3947368421052632,0.9718668134577912,0,4,5000,2691,4662,0.458
154,0.53,13,0.42105263157894746,0.8411242442177401,0,11,1294,5000,4356,0.0
155,0.52,7,0.3947368421052632,0.9274759386130701,0,6,2330,3389,1054,0.315
156,0.53,15,0.42105263157894746,0.8205196396717616,0,13,5000,5000,4326,0.999
157,0.52,4,0.3947368421052632,1.0,0,2,315,227,1089,0.587
158,0.52,16,0.3947368421052632,0.811164937876734,0,15,1,5000,4647,0.999
159,0.52,8,0.3947368421052632,0.9093013893612039,0,7,23,5000,3705,0.999
160,0.52,8,0.3947368421052632,0.9093013893612039,0,7,5000,5000,3801,0.999
161,0.52,17,0.3947368421052632,0.8023450904198953,0,16,5000,5000,4250,0.999
162,0.52,6,0.3947368421052632,0.9480805431590487,0,5,1,2266,148,0.0
163,0.52,7,0.3947368421052632,0.9274759386130701,0,6,1515,5000,3574,0.999
164,0.52,5,0.3947368421052632,0.9718668134577912,0,4,5000,1470,4535,0.276
165,0.52,10,0.3947368421052632,0.87833683306701,0,9,96,503,277,0.427
166,0.52,8,0.3947368421052632,0.9093013893612039,0,7,5000,5000,3113,0.0
167,0.52,9,0.3947368421052632,0.8930437010586914,0,8,5000,5000,3789,0.65
168,0.52,8,0.3947368421052632,0.9093013893612039,0,7,5000,5000,3706,0.294
169,0.58,50,0.5526315789473684,0.641643214838838,0,17,5000,5000,4893,0.0
170,0.52,8,0.3947368421052632,0.9093013893612039,0,7,5000,5000,3796,0.445
171,0.58,13,0.5526315789473684,0.8411242442177401,0,6,3012,1371,880,0.0
172,0.52,6,0.3947368421052632,0.9480805431590487,0,5,1,4941,1823,0.0
173,0.52,9,0.3947368421052632,0.8930437010586914,0,8,4074,5000,3688,0.0
174,0.52,8,0.3947368421052632,0.9093013893612039,0,7,3374,5000,3694,0.999
175,0.52,7,0.3947368421052632,0.9274759386130701,0,6,5000,2142,817,0.0
176,0.49,14,0.3157894736842105,0.830478276962104,0,15,2966,5000,4471,0.999
177,0.52,8,0.3947368421052632,0.9093013893612039,0,7,5000,5000,3637,0.481
178,0.53,10,0.42105263157894746,0.87833683306701,0,8,5000,1508,141,0.999
179,0.53,17,0.42105263157894746,0.8023450904198953,0,15,5000,5000,4300,0.301
180,0.52,6,0.3947368421052632,0.9480805431590487,0,5,5000,5000,2509,0.999
181,0.52,5,0.3947368421052632,0.9718668134577912,0,4,1,635,974,0.0
182,0.52,4,0.3947368421052632,1.0,0,2,5000,700,951,0.0
183,0.52,5,0.3947368421052632,0.9718668134577912,0,4,5000,4134,4728,0.0
184,0.52,5,0.3947368421052632,0.9718668134577912,0,4,5000,4656,5000,0.0
185,0.52,5,0.3947368421052632,0.9718668134577912,0,4,5000,4498,5000,0.999
186,0.52,6,0.3947368421052632,0.9480805431590487,0,5,5000,2838,1292,0.0
187,0.52,6,0.3947368421052632,0.9480805431590487,0,5,1,647,1,0.0
188,0.52,6,0.3947368421052632,0.9480805431590487,0,5,1,1472,238,0.0
189,0.6,71,0.6052631578947368,0.5884324925372781,0,6,5000,4523,4438,0.0
190,0.52,4,0.3947368421052632,1.0,0,2,1,808,898,0.0
191,0.52,5,0.3947368421052632,0.9718668134577912,0,4,1,2398,1,0.999
192,0.52,6,0.3947368421052632,0.9480805431590487,0,5,5000,1774,157,0.0
193,0.52,5,0.3947368421052632,0.9718668134577912,0,4,5000,4240,5000,0.999
194,0.52,4,0.3947368421052632,1.0,0,2,1,658,992,0.499
195,0.52,5,0.3947368421052632,0.9718668134577912,0,4,5000,3900,4824,0.0
196,0.52,17,0.3947368421052632,0.8023450904198953,0,16,5000,613,1,0.0
197,0.52,5,0.3947368421052632,0.9718668134577912,0,4,5000,4138,4446,0.0
198,0.52,4,0.3947368421052632,1.0,0,2,5000,149,1381,0.0
199,0.52,5,0.3947368421052632,0.9718668134577912,0,4,3484,2729,1,0.999
200,0.46,16,0.23684210526315796,0.811164937876734,0,18,154,781,659,0.0
201,0.52,4,0.3947368421052632,1.0,0,2,5000,4005,4612,0.0
202,0.52,21,0.3947368421052632,0.7713805341257015,0,19,1,629,566,0.0
203,0.52,5,0.3947368421052632,0.9718668134577912,0,4,1,2127,1,0.0
204,0.52,5,0.3947368421052632,0.9718668134577912,0,4,1,2091,5000,0.999
205,0.52,5,0.3947368421052632,0.9718668134577912,0,4,5000,1615,3044,0.0
206,0.54,4,0.4473684210526317,1.0,1,1,1,1940,5000,0.0
207,0.52,6,0.3947368421052632,0.9480805431590487,0,5,5000,5000,1797,0.999
208,0.52,4,0.3947368421052632,1.0,0,2,5000,1959,5000,0.999
209,0.52,4,0.3947368421052632,1.0,0,2,5000,1347,2831,0.999
210,0.52,5,0.3947368421052632,0.9718668134577912,0,4,5000,3147,5000,0.0
211,0.52,6,0.3947368421052632,0.9480805431590487,0,5,5000,5000,927,0.0
212,0.52,5,0.3947368421052632,0.9718668134577912,0,4,5000,3393,1,0.999
213,0.52,5,0.3947368421052632,0.9718668134577912,0,4,5000,5000,1075,0.999
214,0.52,6,0.3947368421052632,0.9480805431590487,0,5,5000,5000,1639,0.0
215,0.52,6,0.3947368421052632,0.9480805431590487,0,5,5000,5000,2696,0.0
216,0.52,4,0.3947368421052632,1.0,0,2,5000,1765,5000,0.0
217,0.52,5,0.3947368421052632,0.9718668134577912,0,4,5000,1091,5000,0.999
218,0.52,4,0.3947368421052632,1.0,0,2,1,872,5000,0.0
219,0.52,4,0.3947368421052632,1.0,0,2,1,3443,5000,0.999
220,0.59,12,0.5789473684210525,0.8525594987292056,0,4,5000,3371,2559,0.999
221,0.52,8,0.3947368421052632,0.9093013893612039,0,7,5000,3441,2594,0.0
222,0.52,5,0.3947368421052632,0.9718668134577912,0,4,5000,5000,465,0.0
223,0.52,5,0.3947368421052632,0.9718668134577912,0,4,5000,5000,5000,0.0
224,0.52,4,0.3947368421052632,1.0,0,2,1,1407,5000,0.0
225,0.52,4,0.3947368421052632,1.0,0,2,5000,802,2937,0.999
226,0.52,4,0.3947368421052632,1.0,0,2,1,1125,5000,0.999
227,0.52,5,0.3947368421052632,0.9718668134577912,0,4,5000,5000,599,0.999
228,0.52,4,0.3947368421052632,1.0,0,2,5000,2591,3458,0.0
229,0.52,5,0.3947368421052632,0.9718668134577912,0,4,5000,2679,3343,0.999
230,0.52,7,0.3947368421052632,0.9274759386130701,0,6,5000,2864,1746,0.999
231,0.52,5,0.3947368421052632,0.9718668134577912,0,4,5000,3501,5000,0.999
232,0.52,5,0.3947368421052632,0.9718668134577912,0,4,1,5000,568,0.999
233,0.52,4,0.3947368421052632,1.0,0,2,5000,1199,3626,0.0
234,0.52,5,0.3947368421052632,0.9718668134577912,0,4,5000,2778,486,0.999
235,0.52,6,0.3947368421052632,0.9480805431590487,0,5,5000,4355,2080,0.999
236,0.52,5,0.3947368421052632,0.9718668134577912,0,4,5000,4235,4620,0.0
237,0.52,5,0.3947368421052632,0.9718668134577912,0,4,5000,3946,4438,0.0
238,0.52,5,0.3947368421052632,0.9718668134577912,0,4,5000,4216,4606,0.999
239,0.52,5,0.3947368421052632,0.9718668134577912,0,4,5000,3950,4300,0.0
240,0.52,5,0.3947368421052632,0.9718668134577912,0,4,5000,3963,4453,0.999
241,0.52,4,0.3947368421052632,1.0,0,2,5000,3763,4325,0.999
242,0.52,5,0.3947368421052632,0.9718668134577912,0,4,5000,3526,4769,0.0
243,0.52,4,0.3947368421052632,1.0,0,2,5000,143,238,0.0
244,0.52,9,0.3947368421052632,0.8930437010586914,0,8,5000,4617,3739,0.0
245,0.52,4,0.3947368421052632,1.0,0,2,5000,913,2373,0.0
246,0.52,5,0.3947368421052632,0.9718668134577912,0,4,1,4243,4614,0.0
247,0.55,19,0.47368421052631593,0.7860874021173829,0,14,5000,3950,3602,0.0
248,0.52,7,0.3947368421052632,0.9274759386130701,0,6,5000,1042,221,0.999
249,0.52,4,0.3947368421052632,1.0,0,2,1,4205,4588,0.999
250,0.52,5,0.3947368421052632,0.9718668134577912,0,4,1,3882,4432,0.0
251,0.54,63,0.4473684210526317,0.6066070417891445,0,23,1,210,199,0.999
252,0.52,4,0.3947368421052632,1.0,0,2,5000,3167,4793,0.999
253,0.52,4,0.3947368421052632,1.0,0,2,1,3203,4723,0.999
254,0.52,5,0.3947368421052632,0.9718668134577912,0,4,5000,5000,730,0.0
255,0.52,4,0.3947368421052632,1.0,0,2,5000,2883,4845,0.0
256,0.52,5,0.3947368421052632,0.9718668134577912,0,4,5000,3504,4148,0.0
257,0.52,5,0.3947368421052632,0.9718668134577912,0,4,5000,2737,210,0.0
258,0.52,5,0.3947368421052632,0.9718668134577912,0,4,5000,3346,4656,0.0
259,0.52,9,0.3947368421052632,0.8930437010586914,0,8,5000,4756,114,0.999
260,0.52,4,0.3947368421052632,1.0,0,2,5000,455,1751,0.0
261,0.52,5,0.3947368421052632,0.9718668134577912,0,4,5000,4418,5000,0.0
262,0.52,5,0.3947368421052632,0.9718668134577912,0,4,5000,3515,3576,0.0
263,0.52,4,0.3947368421052632,1.0,0,2,5000,1498,5000,0.999
264,0.52,4,0.3947368421052632,1.0,0,2,5000,546,5000,0.0
265,0.52,5,0.3947368421052632,0.9718668134577912,0,4,5000,2707,5000,0.999
266,0.52,5,0.3947368421052632,0.9718668134577912,0,4,5000,2347,5000,0.999
267,0.52,5,0.3947368421052632,0.9718668134577912,0,4,5000,2134,5000,0.0
268,0.52,5,0.3947368421052632,0.9718668134577912,0,4,5000,2406,1,0.999
269,0.52,4,0.3947368421052632,1.0,0,2,2629,512,5000,0.999
270,0.52,4,0.3947368421052632,1.0,0,2,5000,1365,5000,0.0
271,0.52,4,0.3947368421052632,1.0,0,2,2456,1375,5000,0.0
272,0.52,4,0.3947368421052632,1.0,0,2,1,3506,5000,0.0
273,0.52,4,0.3947368421052632,1.0,0,2,1,2724,5000,0.999
274,0.52,4,0.3947368421052632,1.0,0,2,2695,1522,5000,0.999
275,0.52,5,0.3947368421052632,0.9718668134577912,0,4,1407,810,2540,0.105
276,0.54,17,0.4473684210526317,0.8023450904198953,0,14,4482,3513,1044,0.548
277,0.52,8,0.3947368421052632,0.9093013893612039,0,7,3678,1759,4647,0.315
278,0.52,8,0.3947368421052632,0.9093013893612039,0,7,337,3764,1768,0.773
279,0.54,9,0.4473684210526317,0.8930437010586914,0,6,660,2084,24,0.945
280,0.52,9,0.3947368421052632,0.8930437010586914,0,8,2748,4690,3562,0.392
281,0.52,4,0.3947368421052632,1.0,0,2,4171,504,2166,0.719
282,0.52,6,0.3947368421052632,0.9480805431590487,0,5,2363,2568,4253,0.183
283,0.52,6,0.3947368421052632,0.9480805431590487,0,5,1929,1404,2345,0.484
284,0.52,26,0.3947368421052632,0.7397796663233078,0,22,4059,4324,4051,0.915
285,0.52,9,0.3947368421052632,0.8930437010586914,0,8,2949,1026,467,0.212
286,0.53,24,0.42105263157894746,0.7516551645630042,0,19,1164,3404,3136,0.628
287,0.52,5,0.3947368421052632,0.9718668134577912,0,4,225,82,4908,0.581
288,0.52,9,0.3947368421052632,0.8930437010586914,0,8,3243,3098,1492,0.009
289,0.52,6,0.3947368421052632,0.9480805431590487,0,5,4986,2331,2907,0.869
290,0.52,7,0.3947368421052632,0.9274759386130701,0,6,1608,4648,698,0.281
291,0.52,6,0.3947368421052632,0.9480805431590487,0,5,1842,2435,3781,0.698
292,0.48,10,0.28947368421052627,0.87833683306701,0,13,4751,4495,2323,0.142
293,0.52,8,0.3947368421052632,0.9093013893612039,0,7,3322,309,3407,0.97
294,0.52,6,0.3947368421052632,0.9480805431590487,0,5,147,2920,489,0.43
295,0.52,4,0.3947368421052632,1.0,0,2,4886,1757,2246,0.629
296,0.56,13,0.5000000000000001,0.8411242442177401,0,8,2327,4284,3760,0.169
297,0.53,28,0.42105263157894746,0.7287531678709356,0,21,839,890,821,0.784
298,0.52,12,0.3947368421052632,0.8525594987292056,0,11,3279,3423,2979,0.26
299,0.52,4,0.3947368421052632,1.0,0,2,2788,159,4485,0.493
300,0.52,7,0.3947368421052632,0.9274759386130701,0,6,70,2709,1702,0.953
301,0.52,4,0.3947368421052632,1.0,0,2,1846,2430,3700,0.093
302,0.52,5,0.3947368421052632,0.9718668134577912,0,4,4127,4978,311,0.615
303,0.5,7,0.34210526315789475,0.9274759386130701,0,7,3934,1175,3336,0.88
304,0.57,7,0.5263157894736841,0.9274759386130701,1,1,1336,3724,475,0.421
305,0.52,4,0.3947368421052632,1.0,0,2,502,1414,4732,0.531
306,0.52,6,0.3947368421052632,0.9480805431590487,0,5,2903,3963,1265,0.01
307,0.56,12,0.5000000000000001,0.8525594987292056,0,7,3710,2148,1204,0.244
308,0.59,10,0.5789473684210525,0.87833683306701,0,2,953,4674,2796,0.706
309,0.52,4,0.3947368421052632,1.0,0,2,2134,500,1980,0.34
310,0.52,4,0.3947368421052632,1.0,0,2,4376,3032,4216,0.864
311,0.57,44,0.5263157894736841,0.6609565539242082,0,18,4643,381,317,0.107
312,0.52,4,0.3947368421052632,1.0,0,2,1886,2848,3178,0.566
313,0.52,8,0.3947368421052632,0.9093013893612039,0,7,1201,2013,1421,0.448
314,0.52,5,0.3947368421052632,0.9718668134577912,0,4,3443,4487,4888,0.97
315,0.52,4,0.3947368421052632,1.0,0,2,2992,1301,2644,0.767
316,0.52,6,0.3947368421052632,0.9480805431590487,0,5,393,3754,1053,0.304
317,0.52,4,0.3947368421052632,1.0,0,2,1444,1073,4369,0.679
318,0.52,7,0.3947368421052632,0.9274759386130701,0,6,3845,3523,2133,0.155
319,0.52,4,0.3947368421052632,1.0,0,2,4355,2316,3908,0.358
320,0.52,6,0.3947368421052632,0.9480805431590487,0,5,1637,4770,2394,0.819
321,0.52,4,0.3947368421052632,1.0,0,2,278,58,2832,0.196
322,0.52,6,0.3947368421052632,0.9480805431590487,0,5,2559,2507,674,0.719
323,0.52,4,0.3947368421052632,1.0,0,2,3328,772,1863,0.518
324,0.52,4,0.3947368421052632,1.0,0,2,769,3238,4647,0.058
325,0.52,5,0.3947368421052632,0.9718668134577912,0,4,2397,1622,149,0.926
326,0.52,11,0.3947368421052632,0.8649105145164827,0,10,4836,4097,3537,0.403
327,0.52,4,0.3947368421052632,1.0,0,2,4697,812,4822,0.13
328,0.52,6,0.3947368421052632,0.9480805431590487,0,5,2447,3344,1336,0.669
329,0.52,4,0.3947368421052632,1.0,0,2,639,1835,3401,0.284
330,0.52,6,0.3947368421052632,0.9480805431590487,0,5,3390,4362,559,0.76
331,0.52,11,0.3947368421052632,0.8649105145164827,0,10,2597,2354,1906,0.992
332,0.52,10,0.3947368421052632,0.87833683306701,0,9,192,4898,4122,0.454
333,0.52,4,0.3947368421052632,1.0,0,2,1644,235,1123,0.592
334,0.58,105,0.5526315789473684,0.5287513640453898,0,19,4241,2788,2735,0.117
335,0.52,8,0.3947368421052632,0.9093013893612039,0,7,3814,1494,916,0.382
336,0.52,8,0.3947368421052632,0.9093013893612039,0,7,1524,4039,3055,0.919
337,0.52,5,0.3947368421052632,0.9718668134577912,0,4,390,1095,2308,0.033
338,0.52,5,0.3947368421052632,0.9718668134577912,0,4,3102,3647,3842,0.508
339,0.52,4,0.3947368421052632,1.0,0,2,3588,578,3628,0.745
340,0.52,6,0.3947368421052632,0.9480805431590487,0,5,1145,3109,219,0.205
341,0.52,5,0.3947368421052632,0.9718668134577912,0,4,2020,2069,4400,0.841
342,0.52,6,0.3947368421052632,0.9480805431590487,0,5,4578,4597,1636,0.363
343,0.52,4,0.3947368421052632,1.0,0,2,4530,1936,2894,0.605
344,0.52,6,0.3947368421052632,0.9480805431590487,0,5,2087,4407,755,0.068
345,0.52,4,0.3947368421052632,1.0,0,2,1078,457,4001,0.947
346,0.49,14,0.3157894736842105,0.830478276962104,0,15,3636,2928,2468,0.472
347,0.53,9,0.42105263157894746,0.8930437010586914,0,7,2881,996,65,0.266
348,0.52,5,0.3947368421052632,0.9718668134577912,0,4,592,3444,3473,0.806
349,0.43,7,0.15789473684210525,0.9274759386130701,0,10,1323,1379,1792,0.178
350,0.52,6,0.3947368421052632,0.9480805431590487,0,5,4034,3832,4556,0.655
351,0.52,4,0.3947368421052632,1.0,0,2,4154,136,1487,0.858
352,0.52,5,0.3947368421052632,0.9718668134577912,0,4,1750,2584,4973,0.319
353,0.52,6,0.3947368421052632,0.9480805431590487,0,5,86,2237,409,0.696
354,0.52,9,0.3947368421052632,0.8930437010586914,0,8,2684,4692,3251,0.219
355,0.52,4,0.3947368421052632,1.0,0,2,3130,1702,4287,0.019
356,0.52,6,0.3947368421052632,0.9480805431590487,0,5,880,4173,2070,0.557
357,0.52,4,0.3947368421052632,1.0,0,2,2206,692,2569,0.427
358,0.52,6,0.3947368421052632,0.9480805431590487,0,5,4957,3162,958,0.902
359,0.52,5,0.3947368421052632,0.9718668134577912,0,4,4996,307,2750,0.324
360,0.52,6,0.3947368421052632,0.9480805431590487,0,5,2247,2756,1216,0.849
361,0.52,4,0.3947368421052632,1.0,0,2,919,2419,4145,0.229
362,0.52,6,0.3947368421052632,0.9480805431590487,0,5,3169,4872,2007,0.69
363,0.52,7,0.3947368421052632,0.9274759386130701,0,6,2721,1841,541,0.546
364,0.53,9,0.42105263157894746,0.8930437010586914,0,7,126,4317,3304,0.025
365,0.52,4,0.3947368421052632,1.0,0,2,1790,826,1316,0.896
366,0.52,5,0.3947368421052632,0.9718668134577912,0,4,4193,3292,4724,0.437
367,0.49,18,0.3157894736842105,0.7940022304281141,0,18,3995,2076,1660,0.077
368,0.58,98,0.5526315789473684,0.5392933869912182,0,18,1285,4551,4502,0.6
369,0.52,7,0.3947368421052632,0.9274759386130701,0,6,553,591,236,0.478
370,0.52,5,0.3947368421052632,0.9718668134577912,0,4,2842,3058,3722,0.937
371,0.52,5,0.3947368421052632,0.9718668134577912,0,4,3596,1166,3821,0.799
372,0.52,7,0.3947368421052632,0.9274759386130701,0,6,1039,3616,2209,0.276
373,0.52,4,0.3947368421052632,1.0,0,2,2048,1560,3035,0.645
374,0.52,6,0.3947368421052632,0.9480805431590487,0,5,4490,4013,819,0.184
375,0.52,4,0.3947368421052632,1.0,0,2,4538,1351,4649,0.91
376,0.52,7,0.3947368421052632,0.9274759386130701,0,6,1981,3899,1807,0.387
377,0.52,5,0.3947368421052632,0.9718668134577912,0,4,1106,965,3574,0.502
378,0.52,5,0.3947368421052632,0.9718668134577912,0,4,3548,3514,88,0.042
379,0.52,5,0.3947368421052632,0.9718668134577912,0,4,3063,407,2372,0.212
380,0.52,5,0.3947368421052632,0.9718668134577912,0,4,352,2939,3983,0.735
381,0.52,6,0.3947368421052632,0.9480805431590487,0,5,1486,1889,657,0.373
382,0.52,7,0.3947368421052632,0.9274759386130701,0,6,3774,4416,2874,0.834
383,0.52,4,0.3947368421052632,1.0,0,2,4279,641,1060,0.663
384,0.52,11,0.3947368421052632,0.8649105145164827,0,10,1683,3173,2593,0.139
385,0.52,5,0.3947368421052632,0.9718668134577912,0,4,232,1655,2164,0.751
386,0.52,5,0.3947368421052632,0.9718668134577912,0,4,2635,4181,4303,0.289
387,0.52,4,0.3947368421052632,1.0,0,2,3429,2210,3152,0.464
388,0.52,5,0.3947368421052632,0.9718668134577912,0,4,679,4758,388,0.986
389,0.52,5,0.3947368421052632,0.9718668134577912,0,4,2487,105,4876,0.123
390,0.52,7,0.3947368421052632,0.9274759386130701,0,6,4736,2655,1468,0.582
391,0.52,6,0.3947368421052632,0.9480805431590487,0,5,4797,2496,173,0.825
392,0.52,8,0.3947368421052632,0.9093013893612039,0,7,2357,4951,3640,0.348
393,0.52,5,0.3947368421052632,0.9718668134577912,0,4,729,229,1566,0.729
394,0.52,5,0.3947368421052632,0.9718668134577912,0,4,3290,2677,4427,0.19
395,0.52,5,0.3947368421052632,0.9718668134577912,0,4,2521,902,3121,0.049
396,0.52,6,0.3947368421052632,0.9480805431590487,0,5,239,3371,884,0.523
397,0.52,4,0.3947368421052632,1.0,0,2,1598,1765,3893,0.398
398,0.52,6,0.3947368421052632,0.9480805431590487,0,5,4317,4237,2301,0.935
399,0.52,4,0.3947368421052632,1.0,0,2,3884,511,4081,0.576
400,0.52,7,0.3947368421052632,0.9274759386130701,0,6,1482,2981,1923,0.101
401,0.52,5,0.3947368421052632,0.9718668134577912,0,4,432,2156,2659,0.976
402,0.52,6,0.3947368421052632,0.9480805431590487,0,5,3031,4627,1145,0.438
403,0.57,41,0.5263157894736841,0.6716025211798441,0,17,3483,1481,1397,0.299
404,0.52,5,0.3947368421052632,0.9718668134577912,0,4,1240,3935,4786,0.776
405,0.52,7,0.3947368421052632,0.9274759386130701,0,6,1925,1245,615,0.145
406,0.59,21,0.5789473684210525,0.7713805341257015,0,7,4683,3693,3398,0.684
407,0.52,5,0.3947368421052632,0.9718668134577912,0,4,4416,1041,2073,0.411
408,0.52,5,0.3947368421052632,0.9718668134577912,0,4,2173,3594,4231,0.887
409,0.52,13,0.3947368421052632,0.8411242442177401,0,12,992,1274,994,0.003
410,0.52,8,0.3947368421052632,0.9093013893612039,0,7,3750,3819,2508,0.541
411,0.52,5,0.3947368421052632,0.9718668134577912,0,4,2942,1967,4951,0.711
412,0.52,6,0.3947368421052632,0.9480805431590487,0,5,540,4494,1563,0.235
413,0.52,5,0.3947368421052632,0.9718668134577912,0,4,1374,329,3234,0.874
414,0.52,5,0.3947368421052632,0.9718668134577912,0,4,3973,2860,450,0.334
415,0.52,4,0.3947368421052632,1.0,0,2,4089,1576,3480,0.162
416,0.52,5,0.3947368421052632,0.9718668134577912,0,4,1806,4103,13,0.64
417,0.52,5,0.3947368421052632,0.9718668134577912,0,4,30,720,4588,0.25
418,0.52,8,0.3947368421052632,0.9093013893612039,0,7,2749,3251,1726,0.79
419,0.52,5,0.3947368421052632,0.9718668134577912,0,4,3240,25,728,0.962
420,0.52,5,0.3947368421052632,0.9718668134577912,0,4,799,2578,2965,0.488
421,0.52,5,0.3947368421052632,0.9718668134577912,0,4,2287,2290,2456,0.621
422,0.52,10,0.3947368421052632,0.87833683306701,0,9,4848,4835,4048,0.084
423,0.52,8,0.3947368421052632,0.9093013893612039,0,7,4868,1132,629,0.538
424,0.52,11,0.3947368421052632,0.8649105145164827,0,10,2267,3659,2865,0.014
425,0.52,5,0.3947368421052632,0.9718668134577912,0,4,820,1515,2361,0.875
426,0.54,48,0.4473684210526317,0.6478162508811016,0,22,3219,4047,3953,0.415
427,0.52,5,0.3947368421052632,0.9718668134577912,0,4,2767,2032,3580,0.339
428,0.52,5,0.3947368421052632,0.9718668134577912,0,4,13,4585,113,0.861
429,0.52,4,0.3947368421052632,1.0,0,2,1825,557,4682,0.247
430,0.52,7,0.3947368421052632,0.9274759386130701,0,6,4069,3101,1821,0.707
431,0.52,4,0.3947368421052632,1.0,0,2,3954,1798,4846,0.785
432,0.52,6,0.3947368421052632,0.9480805431590487,0,5,1393,4351,1457,0.263
433,0.52,6,0.3947368421052632,0.9480805431590487,0,5,523,791,3143,0.626
434,0.52,5,0.3947368421052632,0.9718668134577912,0,4,2960,3336,360,0.168
435,0.52,4,0.3947368421052632,1.0,0,2,3729,272,2178,0.086
436,0.52,5,0.3947368421052632,0.9718668134577912,0,4,1014,2800,4336,0.61
437,0.52,6,0.3947368421052632,0.9480805431590487,0,5,2152,2375,1086,0.498
438,0.52,7,0.3947368421052632,0.9274759386130701,0,6,4436,4906,2599,0.96
439,0.52,8,0.3947368421052632,0.9093013893612039,0,7,4662,2254,1308,0.203
440,0.59,171,0.5789473684210525,0.45405904231577476,0,17,1946,4724,4696,0.724
441,0.52,4,0.3947368421052632,1.0,0,2,1220,140,510,0.353
442,0.52,5,0.3947368421052632,0.9718668134577912,0,4,3503,2610,3293,0.812
443,0.52,5,0.3947368421052632,0.9718668134577912,0,4,3012,675,4171,0.925
444,0.52,8,0.3947368421052632,0.9093013893612039,0,7,450,3129,2013,0.4
445,0.52,5,0.3947368421052632,0.9718668134577912,0,4,1465,1699,2763,0.521
446,0.52,6,0.3947368421052632,0.9480805431590487,0,5,3902,4147,1249,0.059
447,0.54,7,0.4473684210526317,0.9274759386130701,0,4,4334,441,3024,0.449
448,0.52,6,0.3947368421052632,0.9480805431590487,0,5,1580,2895,788,0.973
449,0.52,4,0.3947368421052632,1.0,0,2,258,1933,3793,0.104
450,0.52,6,0.3947368421052632,0.9480805431590487,0,5,2502,4381,2201,0.565
451,0.53,9,0.42105263157894746,0.8930437010586914,0,7,3310,1395,269,0.672
452,0.51,39,0.368421052631579,0.6791311031760743,0,24,709,3865,3735,0.15
453,0.52,5,0.3947368421052632,0.9718668134577912,0,4,2378,999,1667,0.772
454,0.52,5,0.3947368421052632,0.9718668134577912,0,4,4776,3470,4528,0.311
455,0.52,4,0.3947368421052632,1.0,0,2,4755,1437,3208,0.038
456,0.52,6,0.3947368421052632,0.9480805431590487,0,5,2468,3970,444,0.514
457,0.52,5,0.3947368421052632,0.9718668134577912,0,4,697,1211,4938,0.375
458,0.52,6,0.3947368421052632,0.9480805431590487,0,5,3411,3737,1530,0.914
459,0.52,4,0.3947368421052632,1.0,0,2,2656,477,1003,0.838
460,0.52,12,0.3947368421052632,0.8525594987292056,0,11,211,3025,2536,0.362
461,0.68,457,0.8157894736842106,0.302936312674152,1,1,1704,2112,2103,0.746
462,0.52,14,0.3947368421052632,0.830478276962104,0,13,4259,4662,4242,0.208
463,0.52,4,0.3947368421052632,1.0,0,2,3754,867,2423,0.287
464,0.52,4,0.3947368421052632,1.0,0,2,1506,3416,4034,0.761
465,0.52,7,0.3947368421052632,0.9274759386130701,0,6,330,1722,722,0.129
466,0.54,10,0.4473684210526317,0.87833683306701,0,7,3084,4271,2939,0.666
467,0.52,5,0.3947368421052632,0.9718668134577912,0,4,3530,2453,4599,0.587
468,0.52,6,0.3947368421052632,0.9480805431590487,0,5,1124,4985,1757,0.11
469,0.52,4,0.3947368421052632,1.0,0,2,1962,195,3508,0.999
470,0.52,6,0.3947368421052632,0.9480805431590487,0,5,4557,2721,22,0.459
471,0.52,4,0.3947368421052632,1.0,0,2,4473,60,3887,0.701
472,0.51,17,0.368421052631579,0.8023450904198953,0,17,2066,2534,2276,0.226
473,0.52,5,0.3947368421052632,0.9718668134577912,0,4,1020,2334,3088,0.851
474,0.53,9,0.42105263157894746,0.8930437010586914,0,7,3615,4801,871,0.314
475,0.61,104,0.631578947368421,0.5302139846841569,0,4,2821,1620,1594,0.424
476,0.52,5,0.3947368421052632,0.9718668134577912,0,4,574,4069,4435,0.901
477,0.52,7,0.3947368421052632,0.9274759386130701,0,6,1263,754,184,0.02
478,0.52,4,0.3947368421052632,1.0,0,2,4016,3207,3671,0.56
479,0.52,11,0.3947368421052632,0.8649105145164827,0,10,4214,2011,601,0.95
480,0.52,8,0.3947368421052632,0.9093013893612039,0,7,1768,4460,3365,0.473
481,0.52,5,0.3947368421052632,0.9718668134577912,0,4,146,363,1372,0.604
482,0.52,5,0.3947368421052632,0.9718668134577912,0,4,2702,2817,4780,0.065
483,0.52,5,0.3947368421052632,0.9718668134577912,0,4,3188,1075,2690,0.173
484,0.52,7,0.3947368421052632,0.9274759386130701,0,6,901,3550,1156,0.648
485,0.52,4,0.3947368421052632,1.0,0,2,2264,1319,4089,0.272
486,0.52,7,0.3947368421052632,0.9274759386130701,0,6,4978,3785,1951,0.811
487,0.52,5,0.3947368421052632,0.9718668134577912,0,4,4938,2182,4339,0.482
488,0.52,6,0.3947368421052632,0.9480805431590487,0,5,2225,4630,2122,0.944
489,0.52,4,0.3947368421052632,1.0,0,2,862,543,2636,0.071
490,0.52,6,0.3947368421052632,0.9480805431590487,0,5,3148,2998,1025,0.595
491,0.52,4,0.3947368421052632,1.0,0,2,2662,1218,1435,0.642
492,0.52,5,0.3947368421052632,0.9718668134577912,0,4,108,3690,4921,0.183
493,0.52,6,0.3947368421052632,0.9480805431590487,0,5,1730,1449,343,0.8
494,0.52,9,0.3947368421052632,0.8930437010586914,0,8,4175,3918,3185,0.279
495,0.53,32,0.42105263157894746,0.7088151100291141,0,22,4055,203,121,0.232
496,0.52,5,0.3947368421052632,0.9718668134577912,0,4,1303,2674,3529,0.691
497,0.42,11,0.13157894736842102,0.8649105145164827,0,15,613,2464,1852,0.323
498,0.59,22,0.5789473684210525,0.7645213905854314,0,8,2859,4935,4616,0.846
499,0.52,4,0.3947368421052632,1.0,0,2,3653,1791,2838,0.891
500,0.52,6,0.3947368421052632,0.9480805431590487,0,5,1060,4240,700,0.43
501,0.52,4,0.3947368421052632,1.0,0,2,2106,934,3941,0.553
502,0.56,12,0.5000000000000001,0.8525594987292056,0,7,4512,3388,2407,0.03
503,0.52,4,0.3947368421052632,1.0,0,2,4596,727,3689,0.756
504,0.52,7,0.3947368421052632,0.9274759386130701,0,6,2002,3272,281,0.296
505,0.52,4,0.3947368421052632,1.0,0,2,1164,1588,4457,0.657
506,0.52,6,0.3947368421052632,0.9480805431590487,0,5,3569,4141,1693,0.134
507,0.55,8,0.47368421052631593,0.9093013893612039,0,4,3122,2282,854,0.12
508,0.52,7,0.3947368421052632,0.9274759386130701,0,6,370,4813,2993,0.581
509,0.52,4,0.3947368421052632,1.0,0,2,1545,13,2252,0.465
510,0.52,5,0.3947368421052632,0.9718668134577912,0,4,3792,2541,3785,0.988
511,0.52,4,0.3947368421052632,1.0,0,2,4220,1267,1971,0.505
512,0.52,5,0.3947368421052632,0.9718668134577912,0,4,1665,3798,4188,0.043
513,0.52,4,0.3947368421052632,1.0,0,2,173,1029,1174,0.909
514,0.52,9,0.3947368421052632,0.8930437010586914,0,8,2617,3557,2785,0.384
515,0.52,4,0.3947368421052632,1.0,0,2,3371,337,4757,0.368
516,0.52,8,0.3947368421052632,0.9093013893612039,0,7,658,2881,1271,0.828
517,0.52,4,0.3947368421052632,1.0,0,2,2429,1978,3350,0.218
518,0.52,5,0.3947368421052632,0.9718668134577912,0,4,4715,4532,508,0.74
519,0.49,8,0.3157894736842105,0.9093013893612039,0,10,4816,622,1759,0.983
520,0.52,5,0.3947368421052632,0.9718668134577912,0,4,2417,3075,4542,0.443
521,0.57,7,0.5263157894736841,0.9274759386130701,1,1,748,2104,59,0.572
522,0.52,8,0.3947368421052632,0.9093013893612039,0,7,3350,4553,3447,0.094
523,0.53,6,0.42105263157894746,0.9480805431590487,0,4,2542,1529,4012,0.144
524,0.52,7,0.3947368421052632,0.9274759386130701,0,6,296,3995,2499,0.681
525,0.52,4,0.3947368421052632,1.0,0,2,1618,1138,2922,0.302
526,0.52,6,0.3947368421052632,0.9480805431590487,0,5,4374,3614,763,0.777
527,0.52,5,0.3947368421052632,0.9718668134577912,0,4,3864,2388,2543,0.73
528,0.52,6,0.3947368421052632,0.9480805431590487,0,5,1426,4855,952,0.193
529,0.52,5,0.3947368421052632,0.9718668134577912,0,4,411,279,4273,0.822
530,0.52,9,0.3947368421052632,0.8930437010586914,0,8,2974,2754,2037,0.347
531,0.48,11,0.28947368421052627,0.8649105145164827,0,14,3464,857,417,0.391
532,0.59,156,0.5789473684210525,0.46813919795507086,0,16,1180,3309,3279,0.93
533,0.57,15,0.5263157894736841,0.8205196396717616,0,8,1906,1869,1518,0.054
534,0.52,5,0.3947368421052632,0.9718668134577912,0,4,4623,4319,4984,0.53
535,0.52,8,0.3947368421052632,0.9093013893612039,0,7,4397,1668,1110,0.257
536,0.52,7,0.3947368421052632,0.9274759386130701,0,6,2113,4217,2702,0.795
537,0.52,5,0.3947368421052632,0.9718668134577912,0,4,973,647,1880,0.157
538,0.52,5,0.3947368421052632,0.9718668134577912,0,4,3690,3196,4116,0.633
539,0.52,4,0.3947368421052632,1.0,0,2,2921,92,3431,0.62
540,0.54,7,0.4473684210526317,0.9274759386130701,0,4,483,2619,570,0.081
541,0.52,5,0.3947368421052632,0.9718668134577912,0,4,1354,2204,4831,0.965
542,0.52,6,0.3947368421052632,0.9480805431590487,0,5,3916,4736,1364,0.489
543,0.52,5,0.3947368421052632,0.9718668134577912,0,4,4109,952,4394,0.004
544,0.53,11,0.42105263157894746,0.8649105145164827,0,9,1863,3478,1611,0.544
545,0.52,5,0.3947368421052632,0.9718668134577912,0,4,51,1344,3595,0.408
546,0.52,6,0.3947368421052632,0.9480805431590487,0,5,2806,3877,206,0.886
547,0.52,5,0.3947368421052632,0.9718668134577912,0,4,3258,1902,2337,0.867
548,0.53,13,0.42105263157894746,0.8411242442177401,0,11,859,4452,3850,0.33
549,0.52,5,0.3947368421052632,0.9718668134577912,0,4,2306,414,927,0.716
550,0.52,5,0.3947368421052632,0.9718668134577912,0,4,4908,2961,3085,0.242
551,0.52,4,0.3947368421052632,1.0,0,2,4919,430,4541,0.779
552,0.52,7,0.3947368421052632,0.9274759386130701,0,6,2324,2955,1778,0.304
553,0.52,5,0.3947368421052632,0.9718668134577912,0,4,841,1905,3449,0.68
554,0.52,5,0.3947368421052632,0.9718668134577912,0,4,3247,4439,40,0.142
555,0.52,4,0.3947368421052632,1.0,0,2,2800,1330,2483,0.097
556,0.52,5,0.3947368421052632,0.9718668134577912,0,4,47,3881,4016,0.573
557,0.59,22,0.5789473684210525,0.7645213905854314,0,8,1867,946,779,0.442
558,0.51,15,0.368421052631579,0.8205196396717616,0,15,4115,3493,2918,0.981
559,0.52,7,0.3947368421052632,0.9274759386130701,0,6,3917,2190,943,0.529
560,0.52,7,0.3947368421052632,0.9274759386130701,0,6,1362,4740,2554,0.051
561,0.52,4,0.3947368421052632,1.0,0,2,475,87,2046,0.932
562,0.52,5,0.3947368421052632,0.9718668134577912,0,4,2920,2634,4262,0.393
563,0.52,4,0.3947368421052632,1.0,0,2,3674,664,3266,0.345
564,0.52,6,0.3947368421052632,0.9480805431590487,0,5,960,3189,424,0.82
565,0.52,4,0.3947368421052632,1.0,0,2,2126,1671,4998,0.195
566,0.54,10,0.4473684210526317,0.87833683306701,0,7,4413,4204,1512,0.732
567,0.52,4,0.3947368421052632,1.0,0,2,4617,1865,2710,0.49
568,0.52,6,0.3947368421052632,0.9480805431590487,0,5,1903,4332,1099,0.968
569,0.52,4,0.3947368421052632,1.0,0,2,1183,841,4108,0.078
570,0.52,7,0.3947368421052632,0.9274759386130701,0,6,3470,3315,1891,0.618
571,0.52,5,0.3947368421052632,0.9718668134577912,0,4,2985,286,583,0.634
572,0.52,5,0.3947368421052632,0.9718668134577912,0,4,429,2737,3425,0.16
573,0.56,15,0.5000000000000001,0.8205196396717616,0,9,1407,2401,1351,0.793
574,0.64,353,0.7105263157894737,0.3426810849052353,0,3,3853,4851,4837,0.255
575,0.51,8,0.368421052631579,0.9093013893612039,0,8,4358,1145,1612,0.239
576,0.52,5,0.3947368421052632,0.9718668134577912,0,4,1605,3597,4376,0.715
577,0.52,6,0.3947368421052632,0.9480805431590487,0,5,309,1541,205,0.331
578,0.58,17,0.5526315789473684,0.8023450904198953,0,8,2557,3992,3613,0.869
579,0.52,5,0.3947368421052632,0.9718668134577912,0,4,3351,2099,3866,0.883
580,0.52,8,0.3947368421052632,0.9093013893612039,0,7,756,4567,2333,0.407
581,0.52,4,0.3947368421052632,1.0,0,2,2408,607,3069,0.546
582,0.52,6,0.3947368421052632,0.9480805431590487,0,5,4815,3081,931,0.007
583,0.52,5,0.3947368421052632,0.9718668134577912,0,4,4719,1985,2118,0.28
584,0.54,32,0.4473684210526317,0.7088151100291141,0,20,2435,4515,4354,0.803
585,0.52,4,0.3947368421052632,1.0,0,2,652,350,1028,0.181
586,0.58,22,0.5526315789473684,0.7645213905854314,0,10,3367,2879,2620,0.641
587,0.52,4,0.3947368421052632,1.0,0,2,2598,1025,4903,0.596
588,0.52,6,0.3947368421052632,0.9480805431590487,0,5,161,3571,1436,0.073
589,0.52,6,0.3947368421052632,0.9480805431590487,0,5,1676,1251,3203,0.942
590,0.52,5,0.3947368421052632,0.9718668134577912,0,4,4238,3804,342,0.481
591,0.52,4,0.3947368421052632,1.0,0,2,3806,9,3523,0.027
592,0.52,5,0.3947368421052632,0.9718668134577912,0,4,1561,2555,134,0.552
593,0.52,6,0.3947368421052632,0.9480805431590487,0,5,354,2267,4622,0.432
594,0.52,7,0.3947368421052632,0.9274759386130701,0,6,3109,4819,1839,0.893
595,0.55,18,0.47368421052631593,0.7940022304281141,0,13,3560,1595,689,0.843
596,0.52,8,0.3947368421052632,0.9093013893612039,0,7,1162,4124,2847,0.322
597,0.52,6,0.3947368421052632,0.9480805431590487,0,5,2004,740,2418,0.693
598,0.52,5,0.3947368421052632,0.9718668134577912,0,4,4604,3269,3932,0.234
599,0.52,7,0.3947368421052632,0.9274759386130701,0,6,4493,920,287,0.991
600,0.52,5,0.3947368421052632,0.9718668134577912,0,4,2095,3392,3676,0.467
601,0.55,32,0.47368421052631593,0.7088151100291141,0,18,1071,1786,1687,0.579
602,0.52,5,0.3947368421052632,0.9718668134577912,0,4,3672,4255,4471,0.118
603,0.52,5,0.3947368421052632,0.9718668134577912,0,4,2863,2481,3003,0.137
604,0.52,6,0.3947368421052632,0.9480805431590487,0,5,619,4928,845,0.658
605,0.52,4,0.3947368421052632,1.0,0,2,1296,206,3774,0.294
606,0.52,21,0.3947368421052632,0.7713805341257015,0,19,4051,2661,2260,0.754
607,0.52,4,0.3947368421052632,1.0,0,2,4166,1465,4192,0.738
608,0.52,9,0.3947368421052632,0.8930437010586914,0,8,1729,3912,1955,0.216
609,0.52,4,0.3947368421052632,1.0,0,2,109,1221,2781,0.83
610,0.52,6,0.3947368421052632,0.9480805431590487,0,5,2671,3677,1190,0.37
611,0.52,4,0.3947368421052632,1.0,0,2,3161,529,1289,0.383
612,0.52,5,0.3947368421052632,0.9718668134577912,0,4,878,3002,4756,0.906
613,0.52,6,0.3947368421052632,0.9480805431590487,0,5,2209,2177,490,0.046
614,0.52,8,0.3947368421052632,0.9093013893612039,0,7,4925,4646,3351,0.507
615,0.44,9,0.1842105263157895,0.8930437010586914,0,13,4965,1322,436,0.211
616,0.53,13,0.42105263157894746,0.8411242442177401,0,11,2248,3772,3219,0.747
617,0.52,5,0.3947368421052632,0.9718668134577912,0,4,916,1091,1538,0.361
618,0.52,5,0.3947368421052632,0.9718668134577912,0,4,3201,3543,4927,0.835
619,0.52,5,0.3947368421052632,0.9718668134577912,0,4,2710,358,2523,0.917
620,0.56,7,0.5000000000000001,0.9274759386130701,0,2,147,2832,1009,0.377
621,0.52,5,0.3947368421052632,0.9718668134577912,0,4,1767,1997,4255,0.513
622,0.52,7,0.3947368421052632,0.9274759386130701,0,6,4205,4464,2097,0.036
623,0.52,5,0.3947368421052632,0.9718668134577912,0,4,4013,749,4033,0.458
624,0.53,12,0.42105263157894746,0.8525594987292056,0,10,1257,3222,2441,0.996
625,0.52,5,0.3947368421052632,0.9718668134577912,0,4,580,1606,2940,0.112
626,0.52,6,0.3947368421052632,0.9480805431590487,0,5,2825,4074,704,0.589
627,0.56,13,0.5000000000000001,0.8411242442177401,0,8,3633,2337,1741,0.664
628,0.57,32,0.5263157894736841,0.7088151100291141,0,15,1031,4788,4602,0.126
629,0.58,21,0.5526315789473684,0.7713805341257015,0,9,2055,76,38,0.764
630,0.52,5,0.3947368421052632,0.9718668134577912,0,4,4454,2528,3505,0.288
631,0.52,5,0.3947368421052632,0.9718668134577912,0,4,4565,179,2277,0.561
632,0.52,4,0.3947368421052632,1.0,0,2,1963,2727,3868,0.022
633,0.52,6,0.3947368421052632,0.9480805431590487,0,5,1123,2448,869,0.899
634,0.52,7,0.3947368421052632,0.9274759386130701,0,6,3522,4999,3106,0.422
635,0.49,7,0.3157894736842105,0.9274759386130701,0,8,3071,1734,4451,0.315
636,0.52,6,0.3947368421052632,0.9480805431590487,0,5,315,4268,1590,0.854
637,0.52,4,0.3947368421052632,1.0,0,2,1522,874,3655,0.224
638,0.52,6,0.3947368421052632,0.9480805431590487,0,5,3767,3399,188,0.699
639,0.52,5,0.3947368421052632,0.9718668134577912,0,4,4277,2125,3374,0.808
640,0.52,5,0.3947368421052632,0.9718668134577912,0,4,1715,4659,591,0.271
641,0.52,4,0.3947368421052632,1.0,0,2,200,484,4771,0.65
642,0.52,7,0.3947368421052632,0.9274759386130701,0,6,2638,3008,1383,0.175
643,0.62,122,0.6578947368421053,0.5057991785995612,0,4,3407,1196,1170,0.063
644,0.52,9,0.3947368421052632,0.8930437010586914,0,8,691,3742,2683,0.603
645,0.52,4,0.3947368421052632,1.0,0,2,2474,1433,1937,0.475
646,0.52,5,0.3947368421052632,0.9718668134577912,0,4,4759,3983,4095,0.952
647,0.52,4,0.3947368421052632,1.0,0,2,4775,1011,2859,0.708
648,0.53,6,0.42105263157894746,0.9480805431590487,0,4,2369,3467,642,0.25
649,0.52,4,0.3947368421052632,1.0,0,2,718,1402,3959,0.859
650,0.58,9,0.5526315789473684,0.8930437010586914,0,2,3311,3848,2347,0.337
651,0.52,6,0.3947368421052632,0.9480805431590487,0,5,2518,1918,102,0.416
652,0.52,11,0.3947368421052632,0.8649105145164827,0,10,271,4387,3589,0.878
653,0.52,5,0.3947368421052632,0.9718668134577912,0,4,1566,437,1832,0.012
654,0.52,4,0.3947368421052632,1.0,0,2,4319,2909,4674,0.536
655,0.54,20,0.4473684210526317,0.7785588201211527,0,16,3891,1683,1453,0.957
656,0.52,5,0.3947368421052632,0.9718668134577912,0,4,1446,4153,4862,0.496
657,0.53,10,0.42105263157894746,0.87833683306701,0,8,469,671,364,0.612
658,0.64,268,0.7105263157894737,0.38505109409386884,0,2,3023,3143,3127,0.088
659,0.52,4,0.3947368421052632,1.0,0,2,3509,152,4318,0.165
660,0.54,14,0.4473684210526317,0.830478276962104,0,11,1224,2607,2179,0.625
661,0.52,4,0.3947368421052632,1.0,0,2,1942,2261,2617,0.265
662,0.52,5,0.3947368421052632,0.9718668134577912,0,4,4655,4708,1084,0.787
663,0.52,5,0.3947368421052632,0.9718668134577912,0,4,4452,2370,4700,0.062
664,0.52,5,0.3947368421052632,0.9718668134577912,0,4,2166,4921,1292,0.522
665,0.52,4,0.3947368421052632,1.0,0,2,1000,258,3290,0.399
666,0.52,6,0.3947368421052632,0.9480805431590487,0,5,3713,2804,526,0.922
667,0.52,4,0.3947368421052632,1.0,0,2,2958,794,2031,0.815
668,0.52,5,0.3947368421052632,0.9718668134577912,0,4,514,3323,4170,0.354
669,0.56,11,0.5000000000000001,0.8649105145164827,0,6,1401,1814,1231,0.723
670,0.56,11,0.5000000000000001,0.8649105145164827,0,6,3956,4344,2764,0.2
671,0.52,4,0.3947368421052632,1.0,0,2,4076,560,794,0.31
672,0.63,91,0.6842105263157895,0.5506087927028143,0,2,1829,3088,3011,0.769
673,0.52,5,0.3947368421052632,0.9718668134577912,0,4,9,2048,2195,0.152
674,0.52,10,0.3947368421052632,0.87833683306701,0,9,2761,4579,3806,0.673
675,0.52,5,0.3947368421052632,0.9718668134577912,0,4,3207,1510,3746,0.564
676,0.52,6,0.3947368421052632,0.9480805431590487,0,5,802,4062,260,0.102
677,0.52,4,0.3947368421052632,1.0,0,2,2285,1118,4517,0.975
678,0.52,8,0.3947368421052632,0.9093013893612039,0,7,4879,3663,1675,0.451
679,0.52,5,0.3947368421052632,0.9718668134577912,0,4,4861,2303,3646,0.933
680,0.49,6,0.3157894736842105,0.9480805431590487,0,7,2303,4832,160,0.396
681,0.52,4,0.3947368421052632,1.0,0,2,783,32,4421,0.526
682,0.52,9,0.3947368421052632,0.8930437010586914,0,8,3227,2562,1579,0.05
683,0.52,4,0.3947368421052632,1.0,0,2,2741,704,895,0.188
684,0.5,30,0.34210526315789475,0.7184623338493292,0,24,29,3257,3112,0.727
685,0.52,5,0.3947368421052632,0.9718668134577912,0,4,1807,1572,2290,0.35
686,0.54,32,0.4473684210526317,0.7088151100291141,0,20,4097,4117,3901,0.826
687,0.52,4,0.3947368421052632,1.0,0,2,3977,314,1926,0.686
688,0.52,4,0.3947368421052632,1.0,0,2,1380,2866,4065,0.147
689,0.54,11,0.4473684210526317,0.8649105145164827,0,8,534,1962,1142,0.774
690,0.56,11,0.5000000000000001,0.8649105145164827,0,6,2938,4508,2675,0.297
691,0.52,5,0.3947368421052632,0.9718668134577912,0,4,3732,1287,4804,0.441
692,0.52,6,0.3947368421052632,0.9480805431590487,0,5,981,3816,1396,0.978
693,0.52,4,0.3947368421052632,1.0,0,2,2184,1048,3380,0.099
694,0.52,6,0.3947368421052632,0.9480805431590487,0,5,4434,3577,616,0.574
695,0.52,4,0.3947368421052632,1.0,0,2,4675,1239,4227,0.332
696,0.52,11,0.3947368421052632,0.8649105145164827,0,10,1924,3708,2088,0.872
697,0.52,5,0.3947368421052632,0.9718668134577912,0,4,1241,1467,2512,0.236
698,0.52,6,0.3947368421052632,0.9480805431590487,0,5,3491,3939,978,0.714
699,0.59,11,0.5789473684210525,0.8649105145164827,0,3,3044,2159,1545,0.539
700,0.52,5,0.3947368421052632,0.9718668134577912,0,4,447,4614,4953,0.002
701,0.59,52,0.5789473684210525,0.6357076629866982,0,12,1467,528,469,0.888
702,0.52,5,0.3947368421052632,0.9718668134577912,0,4,3871,2975,3233,0.414
703,0.55,9,0.47368421052631593,0.8930437010586914,0,5,4299,1768,7,0.085
704,0.52,10,0.3947368421052632,0.87833683306701,0,9,1587,4224,3494,0.623
705,0.52,4,0.3947368421052632,1.0,0,2,250,918,1733,0.485
706,0.52,5,0.3947368421052632,0.9718668134577912,0,4,2539,3365,4574,0.961
707,0.52,5,0.3947368421052632,0.9718668134577912,0,4,3293,224,2954,0.792
708,0.52,6,0.3947368421052632,0.9480805431590487,0,5,735,2692,737,0.252
709,0.52,5,0.3947368421052632,0.9718668134577912,0,4,2351,2482,4058,0.637
710,0.52,6,0.3947368421052632,0.9480805431590487,0,5,4794,4955,2447,0.161
711,0.52,4,0.3947368421052632,1.0,0,2,4737,108,1225,0.435
712,0.52,4,0.3947368421052632,1.0,0,2,2496,2642,2739,0.894
713,0.52,20,0.3947368421052632,0.7785588201211527,0,18,670,2227,1998,0.026
714,0.52,11,0.3947368421052632,0.8649105145164827,0,10,3427,4752,4156,0.549
715,0.52,5,0.3947368421052632,0.9718668134577912,0,4,2619,1649,3318,0.688
716,0.52,6,0.3947368421052632,0.9480805431590487,0,5,219,4196,535,0.227
717,0.52,5,0.3947368421052632,0.9718668134577912,0,4,1697,627,4711,0.85
718,0.52,6,0.3947368421052632,0.9480805431590487,0,5,4295,3178,1322,0.327
719,0.52,5,0.3947368421052632,0.9718668134577912,0,4,3785,1884,4504,0.186
720,0.52,6,0.3947368421052632,0.9480805431590487,0,5,1504,4431,1642,0.648
721,0.52,4,0.3947368421052632,1.0,0,2,333,393,3721,0.273
722,0.55,9,0.47368421052631593,0.8930437010586914,0,5,3051,2943,254,0.798
723,0.52,4,0.3947368421052632,1.0,0,2,3542,968,2225,0.939
724,0.52,5,0.3947368421052632,0.9718668134577912,0,4,1102,3501,3817,0.48
725,0.54,23,0.4473684210526317,0.7579542155751742,0,18,1985,1367,803,0.597
726,0.54,13,0.4473684210526317,0.8411242442177401,0,10,4544,3893,3039,0.076
727,0.52,4,0.3947368421052632,1.0,0,2,4475,1545,1806,0.833
728,0.52,5,0.3947368421052632,0.9718668134577912,0,4,2035,4018,4667,0.371
729,0.53,9,0.42105263157894746,0.8930437010586914,0,7,1052,1162,89,0.737
730,0.6,88,0.6052631578947368,0.5557243547303281,0,7,3612,3629,3556,0.213
731,0.52,5,0.3947368421052632,0.9718668134577912,0,4,2843,604,3967,0.041
732,0.52,11,0.3947368421052632,0.8649105145164827,0,10,562,3054,2376,0.5
733,0.52,5,0.3947368421052632,0.9718668134577912,0,4,1276,2083,2890,0.39
734,0.56,10,0.5000000000000001,0.87833683306701,0,5,3994,4534,653,0.911
735,0.52,5,0.3947368421052632,0.9718668134577912,0,4,4186,838,2585,0.584
736,0.52,7,0.3947368421052632,0.9274759386130701,0,6,1786,3289,1071,0.124
737,0.52,5,0.3947368421052632,0.9718668134577912,0,4,130,1848,4312,0.984
738,0.52,6,0.3947368421052632,0.9480805431590487,0,5,2728,4300,2153,0.462
739,0.52,6,0.3947368421052632,0.9480805431590487,0,5,3180,2403,375,0.291
740,0.52,9,0.3947368421052632,0.8930437010586914,0,8,938,4878,3158,0.753
741,0.52,4,0.3947368421052632,1.0,0,2,2228,302,1481,0.138
742,0.52,5,0.3947368421052632,0.9718668134577912,0,4,4985,2770,4870,0.661
743,0.52,5,0.3947368421052632,0.9718668134577912,0,4,4946,699,1340,0.115
744,0.54,5,0.4473684210526317,0.9718668134577912,0,2,2188,3145,4806,0.59
745,0.52,6,0.3947368421052632,0.9480805431590487,0,5,898,1715,555,0.457
746,0.52,10,0.3947368421052632,0.87833683306701,0,9,3141,4170,3417,0.993
747,0.52,5,0.3947368421052632,0.9718668134577912,0,4,2690,2233,4141,0.759
748,0.52,6,0.3947368421052632,0.9480805431590487,0,5,90,4706,1904,0.281
749,0.52,4,0.3947368421052632,1.0,0,2,1747,121,2716,0.671
750,0.52,7,0.3947368421052632,0.9274759386130701,0,6,4148,2590,1124,0.131
751,0.52,5,0.3947368421052632,0.9718668134577912,0,4,4033,1374,3061,0.365
752,0.52,5,0.3947368421052632,0.9718668134577912,0,4,1314,3847,902,0.842
753,0.52,5,0.3947368421052632,0.9718668134577912,0,4,600,980,3835,0.204
754,0.52,7,0.3947368421052632,0.9274759386130701,0,6,2882,3450,2322,0.743
755,0.6,14,0.6052631578947368,0.830478276962104,1,1,3651,464,230,0.51
756,0.52,5,0.3947368421052632,0.9718668134577912,0,4,1091,2911,3619,0.035
757,0.53,12,0.42105263157894746,0.8525594987292056,0,10,2074,1949,1626,0.918
758,0.52,6,0.3947368421052632,0.9480805431590487,0,5,4515,4404,4409,0.38
759,0.54,14,0.4473684210526317,0.830478276962104,0,11,4584,2055,749,0.653
760,0.52,7,0.3947368421052632,0.9274759386130701,0,6,2024,4601,2907,0.176
761,0.52,4,0.3947368421052632,1.0,0,2,1141,573,2474,0.807
762,0.52,5,0.3947368421052632,0.9718668134577912,0,4,3582,3125,3988,0.268
763,0.52,5,0.3947368421052632,0.9718668134577912,0,4,3091,1111,3462,0.47
764,0.52,5,0.3947368421052632,0.9718668134577912,0,4,372,3641,73,0.945
765,0.52,5,0.3947368421052632,0.9718668134577912,0,4,1542,1497,4567,0.07
766,0.53,10,0.42105263157894746,0.87833683306701,0,8,3824,4026,1784,0.608
767,0.52,4,0.3947368421052632,1.0,0,2,4257,252,4970,0.904
768,0.56,10,0.5000000000000001,0.87833683306701,0,5,1657,2782,1503,0.429
769,0.52,5,0.3947368421052632,0.9718668134577912,0,4,179,2357,3255,0.554
770,0.52,6,0.3947368421052632,0.9480805431590487,0,5,2581,4885,393,0.017
771,0.52,4,0.3947368421052632,1.0,0,2,3389,1821,2052,0.221
772,0.52,56,0.3947368421052632,0.6244805073902182,0,27,631,4366,4288,0.698
773,0.52,4,0.3947368421052632,1.0,0,2,2455,807,976,0.316
774,0.54,12,0.4473684210526317,0.8525594987292056,0,9,4698,3359,2568,0.856
775,0.52,5,0.3947368421052632,0.9718668134577912,0,4,4832,1638,3761,0.613
776,0.53,7,0.42105263157894746,0.9274759386130701,0,5,2390,4090,2228,0.091
777,0.52,4,0.3947368421052632,1.0,0,2,776,775,2978,0.954
778,0.52,9,0.3947368421052632,0.8930437010586914,0,8,3332,3225,839,0.495
779,0.52,4,0.3947368421052632,1.0,0,2,2578,44,1718,0.258
780,0.52,5,0.3947368421052632,0.9718668134577912,0,4,289,2511,4482,0.782
781,0.52,6,0.3947368421052632,0.9480805431590487,0,5,1626,2311,296,0.17
782,0.53,13,0.42105263157894746,0.8411242442177401,0,11,4336,4785,3704,0.632
783,0.58,15,0.5526315789473684,0.8205196396717616,0,7,3832,1059,484,0.866
784,0.59,30,0.5789473684210525,0.7184623338493292,0,10,1429,3527,3325,0.342
785,0.55,64,0.47368421052631593,0.6042146632922099,0,23,409,1295,1256,0.704
786,0.52,5,0.3947368421052632,0.9718668134577912,0,4,3005,3769,4743,0.243
787,0.52,4,0.3947368421052632,1.0,0,2,3452,2029,2809,0.011
788,0.52,6,0.3947368421052632,0.9480805431590487,0,5,1202,4481,1198,0.533
789,0.52,4,0.3947368421052632,1.0,0,2,1885,384,4203,0.419
790,0.52,14,0.3947368421052632,0.830478276962104,0,13,4634,2835,1986,0.879
791,0.52,5,0.3947368421052632,0.9718668134577912,0,4,4394,495,3170,0.153
792,0.52,6,0.3947368421052632,0.9480805431590487,0,5,2145,3046,328,0.676
793,0.52,5,0.3947368421052632,0.9718668134577912,0,4,942,2133,4897,0.307
794,0.52,6,0.3947368421052632,0.9480805431590487,0,5,3692,4680,1411,0.768
795,0.53,12,0.42105263157894746,0.8525594987292056,0,10,2899,1421,1039,0.968
796,0.52,8,0.3947368421052632,0.9093013893612039,0,7,496,3946,2650,0.446
797,0.52,4,0.3947368421052632,1.0,0,2,1342,1187,2146,0.569
798,0.52,5,0.3947368421052632,0.9718668134577912,0,4,3938,3721,4363,0.108
799,0.63,96,0.6842105263157895,0.542442584501448,0,3,4135,2437,2393,0.406
800,0.52,8,0.3947368421052632,0.9093013893612039,0,7,1847,4962,3926,0.927
801,0.52,5,0.3947368421052632,0.9718668134577912,0,4,68,172,675,0.057
802,0.52,4,0.3947368421052632,1.0,0,2,2779,2705,2814,0.515
803,0.52,4,0.3947368421052632,1.0,0,2,3265,886,4631,0.722
804,0.52,7,0.3947368421052632,0.9274759386130701,0,6,823,3437,1867,0.198
805,0.52,5,0.3947368421052632,0.9718668134577912,0,4,2343,1742,3553,0.817
806,0.52,5,0.3947368421052632,0.9718668134577912,0,4,4900,4289,145,0.355
807,0.52,4,0.3947368421052632,1.0,0,2,4893,898,3404,0.378
808,0.52,5,0.3947368421052632,0.9718668134577912,0,4,2339,3424,563,0.916
809,0.52,5,0.3947368421052632,0.9718668134577912,0,4,826,1749,4820,0.037
810,0.52,6,0.3947368421052632,0.9480805431590487,0,5,3271,4282,1333,0.512
811,0.52,6,0.3947368421052632,0.9480805431590487,0,5,2776,2424,1116,0.748
812,0.52,7,0.3947368421052632,0.9274759386130701,0,6,63,4974,2728,0.21
813,0.52,4,0.3947368421052632,1.0,0,2,1853,165,1911,0.836
814,0.52,5,0.3947368421052632,0.9718668134577912,0,4,4139,2712,4128,0.36
815,0.52,5,0.3947368421052632,0.9718668134577912,0,4,3941,1409,2314,0.125
816,0.6,54,0.6052631578947368,0.6299919976300143,0,5,1348,3958,3848,0.665
817,0.6,14,0.6052631578947368,0.830478276962104,1,1,490,1180,909,0.287
818,0.55,12,0.47368421052631593,0.8525594987292056,0,8,2895,3728,3047,0.765
819,0.52,5,0.3947368421052632,0.9718668134577912,0,4,3699,507,4397,0.995
820,0.52,7,0.3947368421052632,0.9274759386130701,0,6,947,3034,1634,0.458
821,0.52,5,0.3947368421052632,0.9718668134577912,0,4,2141,2140,3632,0.588
822,0.52,5,0.3947368421052632,0.9718668134577912,0,4,4388,4672,224,0.113
823,0.52,5,0.3947368421052632,0.9718668134577912,0,4,4631,2021,3996,0.854
824,0.52,7,0.3947368421052632,0.9274759386130701,0,6,1879,4488,2462,0.314
825,0.52,4,0.3947368421052632,1.0,0,2,1209,372,2901,0.7
826,0.52,6,0.3947368421052632,0.9480805431590487,0,5,3455,2847,762,0.223
827,0.52,4,0.3947368421052632,1.0,0,2,2999,1066,1795,0.023
828,0.52,5,0.3947368421052632,0.9718668134577912,0,4,405,3519,4559,0.56
829,0.52,6,0.3947368421052632,0.9480805431590487,0,5,1432,1307,61,0.423
830,0.57,26,0.5263157894736841,0.7397796663233078,0,13,3837,3757,3469,0.898
831,0.52,4,0.3947368421052632,1.0,0,2,4343,51,405,0.602
832,0.52,5,0.3947368421052632,0.9718668134577912,0,4,1630,2504,3247,0.064
833,0.52,8,0.3947368421052632,0.9093013893612039,0,7,286,2323,1490,0.951
834,0.52,5,0.3947368421052632,0.9718668134577912,0,4,2572,4772,4976,0.476
835,0.52,4,0.3947368421052632,1.0,0,2,3336,1631,2576,0.27
836,0.52,6,0.3947368421052632,0.9480805431590487,0,5,781,4097,965,0.809
837,0.52,5,0.3947368421052632,0.9718668134577912,0,4,2384,763,4281,0.174
838,0.58,12,0.5526315789473684,0.8525594987292056,0,5,4829,3238,2064,0.651
839,0.52,7,0.3947368421052632,0.9274759386130701,0,6,4705,1828,828,0.877
840,0.54,9,0.4473684210526317,0.8930437010586914,0,6,2460,4359,2986,0.417
841,0.52,5,0.3947368421052632,0.9718668134577912,0,4,627,820,2240,0.535
842,0.52,7,0.3947368421052632,0.9274759386130701,0,6,3383,3347,3754,0.013
843,0.52,4,0.3947368421052632,1.0,0,2,2584,245,3696,0.249
844,0.52,6,0.3947368421052632,0.9480805431590487,0,5,185,2789,307,0.709
845,0.52,5,0.3947368421052632,0.9718668134577912,0,4,1651,2344,4488,0.336
846,0.52,6,0.3947368421052632,0.9480805431590487,0,5,4253,4898,1705,0.86
847,0.52,5,0.3947368421052632,0.9718668134577912,0,4,3821,1103,4734,0.626
848,0.52,6,0.3947368421052632,0.9480805431590487,0,5,1537,3648,1268,0.164
849,0.52,4,0.3947368421052632,1.0,0,2,378,1485,3332,0.788
850,0.52,6,0.3947368421052632,0.9480805431590487,0,5,3095,4038,471,0.264
851,0.54,44,0.4473684210526317,0.6609565539242082,0,21,3575,2063,1974,0.497
852,0.53,20,0.42105263157894746,0.7785588201211527,0,17,1137,4594,4210,0.956
853,0.52,4,0.3947368421052632,1.0,0,2,2027,585,1211,0.089
854,0.59,30,0.5789473684210525,0.7184623338493292,0,10,4590,3113,2803,0.611
855,0.52,5,0.3947368421052632,0.9718668134577912,0,4,4518,452,1419,0.353
856,0.52,5,0.3947368421052632,0.9718668134577912,0,4,2079,2923,4885,0.816
857,0.52,6,0.3947368421052632,0.9480805431590487,0,5,1085,1941,321,0.199
858,0.52,8,0.3947368421052632,0.9093013893612039,0,7,3648,4412,3183,0.724
859,0.52,5,0.3947368421052632,0.9718668134577912,0,4,2889,1386,4375,0.521
860,0.53,8,0.42105263157894746,0.9093013893612039,0,6,604,3835,2139,0.062
861,0.52,4,0.3947368421052632,1.0,0,2,1311,988,2637,0.921
862,0.52,6,0.3947368421052632,0.9480805431590487,0,5,4027,3442,1045,0.4
863,0.52,4,0.3947368421052632,1.0,0,2,4142,2246,2825,0.103
864,0.52,5,0.3947368421052632,0.9718668134577912,0,4,1743,4694,667,0.563
865,0.52,4,0.3947368421052632,1.0,0,2,93,128,3913,0.452
866,0.52,20,0.3947368421052632,0.7785588201211527,0,18,2695,2583,2400,0.974
867,0.52,6,0.3947368421052632,0.9480805431590487,0,5,3138,686,152,0.77
868,0.52,5,0.3947368421052632,0.9718668134577912,0,4,892,3158,3541,0.309
869,0.52,4,0.3947368421052632,1.0,0,2,2195,1708,1861,0.674
870,0.52,5,0.3947368421052632,0.9718668134577912,0,4,4950,4177,4644,0.151
871,0.52,8,0.3947368421052632,0.9093013893612039,0,7,4989,2416,1572,0.572
872,0.53,14,0.42105263157894746,0.830478276962104,0,12,2234,4865,4434,0.097
873,0.56,15,0.5000000000000001,0.8205196396717616,0,9,931,309,167,0.98
874,0.52,5,0.3947368421052632,0.9718668134577912,0,4,3176,2763,3634,0.443
875,0.52,5,0.3947368421052632,0.9718668134577912,0,4,2734,826,3889,0.303
876,0.52,8,0.3947368421052632,0.9093013893612039,0,7,133,3301,2297,0.78
877,0.52,5,0.3947368421052632,0.9718668134577912,0,4,1783,1841,3123,0.141
878,0.52,6,0.3947368421052632,0.9480805431590487,0,5,4181,4307,887,0.681
879,0.52,5,0.3947368421052632,0.9718668134577912,0,4,3988,592,2662,0.821
880,0.58,13,0.5526315789473684,0.8411242442177401,0,6,1272,3066,1148,0.344
881,0.52,5,0.3947368421052632,0.9718668134577912,0,4,565,2075,4077,0.733
882,0.52,6,0.3947368421052632,0.9480805431590487,0,5,2848,4542,1919,0.194
883,0.52,7,0.3947368421052632,0.9274759386130701,0,6,3608,1556,609,0.052
884,0.52,11,0.3947368421052632,0.8649105145164827,0,10,1046,4006,3392,0.528
885,0.52,4,0.3947368421052632,1.0,0,2,2041,1169,1404,0.394
886,0.52,5,0.3947368421052632,0.9718668134577912,0,4,4479,3622,4793,0.931
887,0.52,4,0.3947368421052632,1.0,0,2,4550,960,992,0.159
888,0.52,12,0.3947368421052632,0.8525594987292056,0,11,1989,3509,2505,0.635
889,0.52,5,0.3947368421052632,0.9718668134577912,0,4,1099,1355,2076,0.254
890,0.52,5,0.3947368421052632,0.9718668134577912,0,4,3536,3904,4235,0.793
891,0.52,5,0.3947368421052632,0.9718668134577912,0,4,3055,1891,3239,0.967
892,0.52,5,0.3947368421052632,0.9718668134577912,0,4,340,4423,456,0.491
893,0.52,4,0.3947368421052632,1.0,0,2,1498,405,4945,0.617
894,0.52,8,0.3947368421052632,0.9093013893612039,0,7,3781,2931,1556,0.079
895,0.52,4,0.3947368421052632,1.0,0,2,4292,1657,4581,0.408
896,0.52,7,0.3947368421052632,0.9274759386130701,0,6,1691,4189,1719,0.882
897,0.52,5,0.3947368421052632,0.9718668134577912,0,4,225,639,3486,0.008
898,0.52,6,0.3947368421052632,0.9480805431590487,0,5,2623,3165,19,0.545
899,0.52,4,0.3947368421052632,1.0,0,2,3421,101,2460,0.716
900,0.52,5,0.3947368421052632,0.9718668134577912,0,4,667,2649,4052,0.238
901,0.52,6,0.3947368421052632,0.9480805431590487,0,5,2499,2214,725,0.87
902,0.52,7,0.3947368421052632,0.9274759386130701,0,6,4743,4764,2962,0.33
903,0.52,4,0.3947368421052632,1.0,0,2,4790,231,4149,0.074
904,0.52,9,0.3947368421052632,0.8930437010586914,0,8,2345,2685,2011,0.595
905,0.52,5,0.3947368421052632,0.9718668134577912,0,4,742,2495,2747,0.482
906,0.52,6,0.3947368421052632,0.9480805431590487,0,5,3297,4943,1214,0.941
907,0.54,11,0.4473684210526317,0.8649105145164827,0,8,2533,1761,1309,0.804
908,0.52,5,0.3947368421052632,0.9718668134577912,0,4,246,4231,4717,0.279
909,0.53,16,0.42105263157894746,0.811164937876734,0,14,1590,906,547,0.642
910,0.62,72,0.6578947368421053,0.5863041095231714,0,2,4304,3378,3310,0.18
911,0.52,6,0.3947368421052632,0.9480805431590487,0,5,3877,2152,241,0.321
912,0.59,13,0.5789473684210525,0.8411242442177401,0,5,1471,4622,3728,0.844
913,0.52,4,0.3947368421052632,1.0,0,2,444,516,1654,0.233
914,0.52,4,0.3947368421052632,1.0,0,2,3039,2986,4495,0.694
915,0.43,7,0.15789473684210525,0.9274759386130701,0,10,3495,1247,3033,0.551
916,0.52,6,0.3947368421052632,0.9480805431590487,0,5,1247,3700,816,0.028
917,0.52,4,0.3947368421052632,1.0,0,2,1917,1479,3824,0.892
918,0.52,7,0.3947368421052632,0.9274759386130701,0,6,4670,3927,2213,0.433
919,0.52,4,0.3947368421052632,1.0,0,2,4428,1275,3568,0.659
920,0.52,6,0.3947368421052632,0.9480805431590487,0,5,2180,3828,82,0.136
921,0.52,4,0.3947368421052632,1.0,0,2,984,1040,4656,0.755
922,0.52,7,0.3947368421052632,0.9274759386130701,0,6,3738,3585,1814,0.293
923,0.52,4,0.3947368421052632,1.0,0,2,2935,326,660,0.467
924,0.52,5,0.3947368421052632,0.9718668134577912,0,4,528,2854,2877,0.99
925,0.52,4,0.3947368421052632,1.0,0,2,1386,1970,2368,0.119
926,0.52,13,0.3947368421052632,0.8411242442177401,0,12,3981,4501,3979,0.578
927,0.52,4,0.3947368421052632,1.0,0,2,4100,717,2161,0.905
928,0.52,5,0.3947368421052632,0.9718668134577912,0,4,1814,3244,4299,0.384
929,0.53,9,0.42105263157894746,0.8930437010586914,0,7,22,1579,1063,0.506
930,0.52,7,0.3947368421052632,0.9274759386130701,0,6,2737,4111,2596,0.046
931,0.52,5,0.3947368421052632,0.9718668134577912,0,4,3233,2291,4883,0.215
932,0.52,6,0.3947368421052632,0.9480805431590487,0,5,787,4844,1475,0.739
933,0.52,4,0.3947368421052632,1.0,0,2,2300,25,3146,0.369
934,0.52,6,0.3947368421052632,0.9480805431590487,0,5,4855,2569,382,0.831
935,0.52,5,0.3947368421052632,0.9718668134577912,0,4,4875,1523,4934,0.282
936,0.52,6,0.3947368421052632,0.9480805431590487,0,5,2279,4050,1525,0.758
937,0.52,5,0.3947368421052632,0.9718668134577912,0,4,809,1125,3211,0.132
938,0.52,6,0.3947368421052632,0.9480805431590487,0,5,3212,3656,448,0.67
939,0.52,5,0.3947368421052632,0.9718668134577912,0,4,2755,548,2109,0.591
940,0.52,5,0.3947368421052632,0.9718668134577912,0,4,5,3101,4248,0.114
941,0.52,7,0.3947368421052632,0.9274759386130701,0,6,1832,2041,998,0.994
942,0.52,6,0.3947368421052632,0.9480805431590487,0,5,4081,4585,2531,0.456
943,0.64,55,0.7105263157894737,0.6272116463351229,1,1,3962,782,717,0.034
944,0.55,21,0.47368421052631593,0.7713805341257015,0,15,1405,3335,2934,0.511
945,0.52,5,0.3947368421052632,0.9718668134577912,0,4,511,1807,2429,0.379
946,0.52,21,0.3947368421052632,0.7713805341257015,0,19,2953,4352,4041,0.919
947,0.52,4,0.3947368421052632,1.0,0,2,3716,2382,3512,0.841
948,0.52,6,0.3947368421052632,0.9480805431590487,0,5,1006,4910,25,0.366
949,0.52,4,0.3947368421052632,1.0,0,2,2159,266,4594,0.742
950,0.52,8,0.3947368421052632,0.9093013893612039,0,7,4448,2797,1752,0.205
951,0.52,5,0.3947368421052632,0.9718668134577912,0,4,4649,145,3093,0.946
952,0.52,7,0.3947368421052632,0.9274759386130701,0,6,1939,2615,876,0.469
953,0.52,5,0.3947368421052632,0.9718668134577912,0,4,1227,2249,3880,0.609
954,0.52,6,0.3947368421052632,0.9480805431590487,0,5,3515,4720,2269,0.069
955,0.54,11,0.4473684210526317,0.8649105145164827,0,8,3020,1691,181,0.177
956,0.52,14,0.3947368421052632,0.830478276962104,0,13,463,4145,3667,0.652
957,0.52,4,0.3947368421052632,1.0,0,2,1453,683,1598,0.269
958,0.52,5,0.3947368421052632,0.9718668134577912,0,4,3895,3132,4440,0.806
959,0.56,16,0.5000000000000001,0.811164937876734,0,10,4322,1925,1376,0.697
960,0.52,5,0.3947368421052632,0.9718668134577912,0,4,1572,4379,4784,0.222
961,0.52,4,0.3947368421052632,1.0,0,2,265,449,598,0.855
962,0.52,5,0.3947368421052632,0.9718668134577912,0,4,2514,2897,3362,0.317
963,0.52,5,0.3947368421052632,0.9718668134577912,0,4,3318,1004,4083,0.428
964,0.53,8,0.42105263157894746,0.9093013893612039,0,6,722,3474,1944,0.905
965,0.52,5,0.3947368421052632,0.9718668134577912,0,4,2366,1389,2695,0.016
966,0.52,6,0.3947368421052632,0.9480805431590487,0,5,4769,3861,1162,0.555
967,0.52,5,0.3947368421052632,0.9718668134577912,0,4,4762,1202,2354,0.781
968,0.48,5,0.28947368421052627,0.9718668134577912,0,6,2480,3735,3946,0.259
969,0.51,8,0.368421052631579,0.9093013893612039,0,8,684,1445,634,0.631
970,0.56,11,0.5000000000000001,0.8649105145164827,0,6,3403,3971,2871,0.171
971,0.52,5,0.3947368421052632,0.9718668134577912,0,4,2644,2118,4687,0.09
972,0.53,7,0.42105263157894746,0.9274759386130701,0,5,204,4665,1825,0.614
973,0.52,4,0.3947368421052632,1.0,0,2,1711,471,3577,0.495
974,0.52,6,0.3947368421052632,0.9480805431590487,0,5,4272,3021,110,0.955
975,0.52,4,0.3947368421052632,1.0,0,2,3761,1727,3140,0.534
976,0.52,6,0.3947368421052632,0.9480805431590487,0,5,1518,4275,356,0.01
977,0.52,5,0.3947368421052632,0.9718668134577912,0,4,318,862,4850,0.88
978,0.52,6,0.3947368421052632,0.9480805431590487,0,5,3076,3411,1462,0.418
979,0.52,5,0.3947368421052632,0.9718668134577912,0,4,3518,187,1091,0.343
980,0.61,42,0.631578947368421,0.6679716401983917,1,1,1117,2719,2604,0.865
981,0.52,15,0.3947368421052632,0.8205196396717616,0,14,1970,2460,2171,0.244
982,0.52,11,0.3947368421052632,0.8649105145164827,0,10,4570,4987,4330,0.703
983,0.37,11,0.0,0.8649105145164827,0,17,4461,2325,514,0.445
984,0.52,7,0.3947368421052632,0.9274759386130701,0,6,2059,4800,3297,0.969
985,0.52,5,0.3947368421052632,0.9718668134577912,0,4,1028,68,1303,0.107
986,0.52,4,0.3947368421052632,1.0,0,2,3627,2535,4692,0.57
987,0.52,4,0.3947368421052632,1.0,0,2,2828,760,2758,0.675
988,0.52,6,0.3947368421052632,0.9480805431590487,0,5,585,3210,1244,0.154
989,0.43,8,0.15789473684210525,0.9093013893612039,0,12,1251,1613,4177,0.767
990,0.52,6,0.3947368421052632,0.9480805431590487,0,5,4009,4066,2019,0.308
991,0.52,4,0.3947368421052632,1.0,0,2,4202,370,3799,0.199
992,0.52,10,0.3947368421052632,0.87833683306701,0,9,1761,2819,2207,0.721
993,0.52,5,0.3947368421052632,0.9718668134577912,0,4,154,2004,3019,0.356
994,0.52,6,0.3947368421052632,0.9480805431590487,0,5,2714,4457,783,0.817
995,0.52,5,0.3947368421052632,0.9718668134577912,0,4,3195,1309,1662,0.928
996,0.52,5,0.3947368421052632,0.9718668134577912,0,4,913,3784,4523,0.405
997,0.55,8,0.47368421052631593,0.9093013893612039,0,4,2252,1084,272,0.516
998,0.52,5,0.3947368421052632,0.9718668134577912,0,4,4971,3550,3739,0.056
999,0.37,12,0.0,0.8525594987292056,0,18,4931,542,52,0.726
1000,0.52,5,0.3947368421052632,0.9718668134577912,0,4,2214,2990,3441,0.189
1001,0.52,12,0.3947368421052632,0.8525594987292056,0,11,874,2184,1764,0.826
1002,0.55,56,0.47368421052631593,0.6244805073902182,0,22,3155,4638,4548,0.351
1003,0.52,5,0.3947368421052632,0.9718668134577912,0,4,2674,1453,2926,0.395
1004,0.52,6,0.3947368421052632,0.9480805431590487,0,5,115,3924,768,0.934
1005,0.52,5,0.3947368421052632,0.9718668134577912,0,4,1723,1214,4009,0.049
1006,0.52,7,0.3947368421052632,0.9274759386130701,0,6,4162,3684,2495,0.527
1007,0.52,5,0.3947368421052632,0.9718668134577912,0,4,4048,2469,4270,0.979
1008,0.52,6,0.3947368421052632,0.9480805431590487,0,5,1291,4940,2034,0.44
1009,0.52,4,0.3947368421052632,1.0,0,2,625,199,2548,0.575
1010,0.52,6,0.3947368421052632,0.9480805431590487,0,5,2867,2669,956,0.098
1011,0.52,5,0.3947368421052632,0.9718668134577912,0,4,3665,932,1523,0.148
1012,0.52,5,0.3947368421052632,0.9718668134577912,0,4,1067,3380,4990,0.686
1013,0.52,7,0.3947368421052632,0.9274759386130701,0,6,2099,1794,411,0.298
1014,0.52,8,0.3947368421052632,0.9093013893612039,0,7,4499,4247,3272,0.773
1015,0.52,4,0.3947368421052632,1.0,0,2,4608,1587,1883,0.001
1016,0.55,328,0.47368421052631593,0.3539822774429555,0,25,2009,4132,4120,0.54
1017,0.52,5,0.3947368421052632,0.9718668134577912,0,4,1156,729,1106,0.413
1018,0.54,13,0.4473684210526317,0.8411242442177401,0,10,3557,3281,2697,0.889
1019,0.52,5,0.3947368421052632,0.9718668134577912,0,4,3115,17,4826,0.871
1020,0.52,7,0.3947368421052632,0.9274759386130701,0,6,358,2548,1359,0.333
1021,0.47,9,0.26315789473684204,0.8930437010586914,0,12,1558,2279,3437,0.713
1022,0.52,6,0.3947368421052632,0.9480805431590487,0,5,3800,4807,576,0.237
1023,0.52,5,0.3947368421052632,0.9718668134577912,0,4,4231,1032,3601,0.253
1024,0.52,6,0.3947368421052632,0.9480805431590487,0,5,1672,3564,213,0.79
1025,0.52,4,0.3947368421052632,1.0,0,2,165,1264,4389,0.162
1026,0.52,6,0.3947368421052632,0.9480805431590487,0,5,2605,3791,1605,0.636
1027,0.52,7,0.3947368421052632,0.9274759386130701,0,6,3364,1978,922,0.624
1028,0.52,8,0.3947368421052632,0.9093013893612039,0,7,646,4522,3080,0.084
1029,0.52,4,0.3947368421052632,1.0,0,2,2442,337,2340,0.962
1030,0.52,5,0.3947368421052632,0.9718668134577912,0,4,4723,2891,3854,0.484
1031,0.52,5,0.3947368421052632,0.9718668134577912,0,4,4808,2106,2631,0.228
1032,0.52,6,0.3947368421052632,0.9480805431590487,0,5,2404,4560,1020,0.687
1033,0.52,5,0.3947368421052632,0.9718668134577912,0,4,760,619,4342,0.328
1034,0.52,8,0.3947368421052632,0.9093013893612039,0,7,3357,3068,2125,0.849
1035,0.52,6,0.3947368421052632,0.9480805431590487,0,5,2554,1138,349,0.895
1036,0.53,14,0.42105263157894746,0.830478276962104,0,12,304,3604,3191,0.434
1037,0.61,42,0.631578947368421,0.6679716401983917,1,1,1611,1529,1430,0.55
1038,0.52,5,0.3947368421052632,0.9718668134577912,0,4,4362,4004,4916,0.026
1039,0.52,4,0.3947368421052632,1.0,0,2,3856,278,1847,0.479
1040,0.52,5,0.3947368421052632,0.9718668134577912,0,4,1413,2745,4611,0.94
1041,0.52,6,0.3947368421052632,0.9480805431590487,0,5,423,2389,127,0.075
1042,0.52,10,0.3947368421052632,0.87833683306701,0,9,2981,4863,3535,0.598
1043,0.52,5,0.3947368421052632,0.9718668134577912,0,4,3477,1872,3944,0.647
1044,0.52,7,0.3947368421052632,0.9274759386130701,0,6,1188,4325,2411,0.187
1045,0.52,5,0.3947368421052632,0.9718668134577912,0,4,1899,853,2834,0.797
1046,0.52,6,0.3947368421052632,0.9480805431590487,0,5,4611,3303,695,0.274
1047,0.52,5,0.3947368421052632,0.9718668134577912,0,4,4410,652,4462,0.501
1048,0.52,6,0.3947368421052632,0.9480805431590487,0,5,2120,3201,1699,0.04
1049,0.52,4,0.3947368421052632,1.0,0,2,966,1663,3683,0.912
1050,0.52,5,0.3947368421052632,0.9718668134577912,0,4,3678,4212,274,0.389
1051,0.52,5,0.3947368421052632,0.9718668134577912,0,4,2914,2202,2249,0.372
1052,0.52,9,0.3947368421052632,0.8930437010586914,0,8,471,4728,3782,0.832
1053,0.52,5,0.3947368421052632,0.9718668134577912,0,4,1365,94,858,0.214
1054,0.52,5,0.3947368421052632,0.9718668134577912,0,4,3924,2626,2997,0.736
1055,0.52,28,0.3947368421052632,0.7287531678709356,0,23,4121,1342,1178,0.752
1056,0.55,11,0.47368421052631593,0.8649105145164827,0,7,1871,3869,2790,0.292
1057,0.52,4,0.3947368421052632,1.0,0,2,44,953,1968,0.66
1058,0.52,5,0.3947368421052632,0.9718668134577912,0,4,2795,3486,4185,0.139
1059,0.53,9,0.42105263157894746,0.8930437010586914,0,7,3251,417,3343,0.123
1060,0.52,6,0.3947368421052632,0.9480805431590487,0,5,847,2967,501,0.585
1061,0.52,5,0.3947368421052632,0.9718668134577912,0,4,2318,1898,4762,0.461
1062,0.52,6,0.3947368421052632,0.9480805431590487,0,5,4915,4446,1276,0.985
1063,0.52,8,0.3947368421052632,0.9093013893612039,0,7,4911,1914,1031,0.024
1064,0.52,7,0.3947368421052632,0.9274759386130701,0,6,2311,4439,2623,0.547
1065,0.52,5,0.3947368421052632,0.9718668134577912,0,4,853,421,2114,0.436
1066,0.52,4,0.3947368421052632,1.0,0,2,3254,2954,4350,0.897
1067,0.52,5,0.3947368421052632,0.9718668134577912,0,4,2813,939,3197,0.848
1068,0.52,6,0.3947368421052632,0.9480805431590487,0,5,55,3490,336,0.325
1069,0.52,5,0.3947368421052632,0.9718668134577912,0,4,1860,1337,4910,0.689
1070,0.52,6,0.3947368421052632,0.9480805431590487,0,5,4103,3884,1443,0.23
1071,0.52,4,0.3947368421052632,1.0,0,2,3910,80,4629,0.277
1072,0.52,8,0.3947368421052632,0.9093013893612039,0,7,1349,2631,1846,0.798
1073,0.52,5,0.3947368421052632,0.9718668134577912,0,4,487,2196,3517,0.185
1074,0.52,5,0.3947368421052632,0.9718668134577912,0,4,2927,4743,128,0.644
1075,0.52,5,0.3947368421052632,0.9718668134577912,0,4,3687,1680,2414,0.601
1076,0.58,21,0.5526315789473684,0.7713805341257015,0,9,968,4205,3928,0.076
1077,0.52,5,0.3947368421052632,0.9718668134577912,0,4,2119,655,691,0.938
1078,0.55,18,0.47368421052631593,0.7940022304281141,0,13,4401,3189,2850,0.477
1079,0.52,5,0.3947368421052632,0.9718668134577912,0,4,4629,849,1680,0.734
1080,0.52,5,0.3947368421052632,0.9718668134577912,0,4,1910,3317,4463,0.213
1081,0.52,7,0.3947368421052632,0.9274759386130701,0,6,1176,1857,293,0.833
1082,0.55,16,0.47368421052631593,0.811164937876734,0,11,3459,4331,3681,0.374
1083,0.52,5,0.3947368421052632,0.9718668134577912,0,4,2977,2395,3778,0.386
1084,0.52,6,0.3947368421052632,0.9480805431590487,0,5,417,4847,2265,0.911
1085,0.52,5,0.3947368421052632,0.9718668134577912,0,4,1419,291,3001,0.041
1086,0.52,7,0.3947368421052632,0.9274759386130701,0,6,3860,2742,843,0.503
1087,0.52,5,0.3947368421052632,0.9718668134577912,0,4,4371,1536,2779,0.987
1088,0.52,6,0.3947368421052632,0.9480805431590487,0,5,1612,3988,1187,0.463
1089,0.52,4,0.3947368421052632,1.0,0,2,302,1151,4195,0.583
1090,0.52,7,0.3947368421052632,0.9274759386130701,0,6,2545,3601,1959,0.122
1091,0.58,23,0.5526315789473684,0.7579542155751742,0,11,3343,615,495,0.14
1092,0.52,6,0.3947368421052632,0.9480805431590487,0,5,744,3082,3357,0.662
1093,0.53,10,0.42105263157894746,0.87833683306701,0,8,2420,2091,1283,0.29
1094,0.52,6,0.3947368421052632,0.9480805431590487,0,5,4822,4565,4749,0.75
1095,0.52,4,0.3947368421052632,1.0,0,2,4712,344,3454,0.524
1096,0.52,6,0.3947368421052632,0.9480805431590487,0,5,2424,2874,46,0.048
1097,0.52,4,0.3947368421052632,1.0,0,2,664,1991,4534,0.936
1098,0.52,6,0.3947368421052632,0.9480805431590487,0,5,3375,4519,1771,0.397
1099,0.55,10,0.47368421052631593,0.87833683306701,0,6,2610,1260,777,0.348
1100,0.52,9,0.3947368421052632,0.8930437010586914,0,8,168,3805,2915,0.824
1101,0.52,4,0.3947368421052632,1.0,0,2,1669,1017,2486,0.191
1102,0.52,5,0.3947368421052632,0.9718668134577912,0,4,4226,3569,4020,0.729
1103,0.55,19,0.47368421052631593,0.7860874021173829,0,14,3799,2275,2050,0.775
1104,0.52,11,0.3947368421052632,0.8649105145164827,0,10,1549,4821,4266,0.3
1105,0.52,5,0.3947368421052632,0.9718668134577912,0,4,367,2,940,0.683
1106,0.75,3261,1.0,0.0,1,1,3116,2553,2552,0.146
1107,0.52,4,0.3947368421052632,1.0,0,2,3572,735,4991,0.1
1108,0.52,6,0.3947368421052632,0.9480805431590487,0,5,1169,3265,1504,0.577
1109,0.52,5,0.3947368421052632,0.9718668134577912,0,4,1996,1600,3271,0.437
1110,0.52,6,0.3947368421052632,0.9480805431590487,0,5,4592,4129,430,0.977
1111,0.52,4,0.3947368421052632,1.0,0,2,4505,1779,4104,0.236
1112,0.52,7,0.3947368421052632,0.9274759386130701,0,6,2102,4252,1887,0.71
1113,0.52,4,0.3947368421052632,1.0,0,2,1063,927,2713,0.335
1114,0.52,7,0.3947368421052632,0.9274759386130701,0,6,3659,3396,1102,0.873
1115,0.52,4,0.3947368421052632,1.0,0,2,2856,215,1358,0.888
1116,0.52,4,0.3947368421052632,1.0,0,2,607,2662,4844,0.41
1117,0.49,7,0.3157894736842105,0.9274759386130701,0,8,1309,2472,578,0.542
1118,0.52,8,0.3947368421052632,0.9093013893612039,0,7,4058,4927,3419,0.002
1119,0.44,15,0.1842105263157895,0.8205196396717616,0,17,4178,1231,199,0.487
1120,0.59,80,0.5789473684210525,0.5702579432854119,0,15,1736,3677,3607,0.963
1121,0.52,5,0.3947368421052632,0.9718668134577912,0,4,101,1456,1619,0.083
1122,0.52,5,0.3947368421052632,0.9718668134577912,0,4,2658,3911,4383,0.622
1123,0.52,5,0.3947368421052632,0.9718668134577912,0,4,3154,2170,3072,0.639
1124,0.52,5,0.3947368421052632,0.9718668134577912,0,4,866,4643,933,0.163
1125,0.52,4,0.3947368421052632,1.0,0,2,2222,536,3862,0.789
1126,0.56,15,0.5000000000000001,0.8205196396717616,0,9,4933,3005,2329,0.251
1127,0.52,5,0.3947368421052632,0.9718668134577912,0,4,4972,1087,3965,0.954
1128,0.52,8,0.3947368421052632,0.9093013893612039,0,7,2260,3538,2353,0.492
1129,0.52,5,0.3947368421052632,0.9718668134577912,0,4,904,1326,2852,0.616
1130,0.52,6,0.3947368421052632,0.9480805431590487,0,5,3193,3778,635,0.092
1131,0.59,21,0.5789473684210525,0.7713805341257015,0,7,2698,1998,1829,0.17
1132,0.52,5,0.3947368421052632,0.9718668134577912,0,4,140,4472,4671,0.628
1133,0.52,17,0.3947368421052632,0.8023450904198953,0,16,1775,356,106,0.261
1134,0.52,5,0.3947368421052632,0.9718668134577912,0,4,4218,2824,3593,0.783
1135,0.52,7,0.3947368421052632,0.9274759386130701,0,6,4020,1608,367,0.705
1136,0.53,11,0.42105263157894746,0.8649105145164827,0,9,1269,4081,3131,0.245
1137,0.52,5,0.3947368421052632,0.9718668134577912,0,4,567,747,1451,0.863
1138,0.52,5,0.3947368421052632,0.9718668134577912,0,4,2817,3214,4859,0.341
1139,0.52,4,0.3947368421052632,1.0,0,2,3621,72,2611,0.421
1140,0.52,6,0.3947368421052632,0.9480805431590487,0,5,1024,2522,1077,0.881
1141,0.52,5,0.3947368421052632,0.9718668134577912,0,4,2063,2342,4323,0.009
1142,0.52,7,0.3947368421052632,0.9274759386130701,0,6,4467,4793,2185,0.532
1143,0.52,5,0.3947368421052632,0.9718668134577912,0,4,4553,2445,3286,0.305
1144,0.52,6,0.3947368421052632,0.9480805431590487,0,5,1956,4992,522,0.766
1145,0.52,5,0.3947368421052632,0.9718668134577912,0,4,1130,183,4703,0.156
1146,0.52,11,0.3947368421052632,0.8649105145164827,0,10,3534,2733,1295,0.678
1147,0.52,5,0.3947368421052632,0.9718668134577912,0,4,3078,875,1238,0.567
1148,0.58,12,0.5526315789473684,0.8525594987292056,0,5,327,3408,2771,0.106
1149,0.41,8,0.1052631578947368,0.9093013893612039,0,14,1509,1734,2025,0.971
1150,0.52,46,0.3947368421052632,0.6542465697209026,0,25,3760,4259,4164,0.447
1151,0.52,4,0.3947368421052632,1.0,0,2,4265,484,2189,0.057
1152,0.52,5,0.3947368421052632,0.9718668134577912,0,4,1707,3018,3800,0.519
1153,0.52,7,0.3947368421052632,0.9274759386130701,0,6,207,2124,801,0.402
1154,0.52,7,0.3947368421052632,0.9274759386130701,0,6,2651,4649,3018,0.927
1155,0.52,5,0.3947368421052632,0.9718668134577912,0,4,3414,1430,4520,0.818
1156,0.52,6,0.3947368421052632,0.9480805431590487,0,5,703,3977,1678,0.359
1157,0.52,4,0.3947368421052632,1.0,0,2,2462,1198,3743,0.719
1158,0.52,6,0.3947368421052632,0.9480805431590487,0,5,4751,3749,256,0.197
1159,0.52,5,0.3947368421052632,0.9718668134577912,0,4,4782,1402,1541,0.453
1160,0.52,5,0.3947368421052632,0.9718668134577912,0,4,2382,3858,4930,0.993
1161,0.53,9,0.42105263157894746,0.8930437010586914,0,7,706,1011,432,0.116
1162,0.56,25,0.5000000000000001,0.7456031997878969,0,13,3304,3458,3215,0.593
1163,0.52,4,0.3947368421052632,1.0,0,2,2506,434,4249,0.668
1164,0.58,10,0.5526315789473684,0.87833683306701,0,3,264,2902,2091,0.131
1165,0.52,4,0.3947368421052632,1.0,0,2,1573,1921,2530,0.759
1166,0.52,6,0.3947368421052632,0.9480805431590487,0,5,4330,4394,1016,0.285
1167,0.52,5,0.3947368421052632,0.9718668134577912,0,4,3899,668,2947,0.206
1168,0.52,6,0.3947368421052632,0.9480805431590487,0,5,1459,3137,711,0.744
1169,0.52,5,0.3947368421052632,0.9718668134577912,0,4,457,1687,4027,0.364
1170,0.52,9,0.3947368421052632,0.8930437010586914,0,8,3016,4159,2435,0.84
1171,0.52,6,0.3947368421052632,0.9480805431590487,0,5,3497,2262,34,0.92
1172,0.52,9,0.3947368421052632,0.8930437010586914,0,8,1216,4717,3501,0.381
1173,0.52,4,0.3947368421052632,1.0,0,2,1949,152,1744,0.509
1174,0.52,5,0.3947368421052632,0.9718668134577912,0,4,4667,2599,4605,0.032
1175,0.52,5,0.3947368421052632,0.9718668134577912,0,4,4439,260,863,0.805
1176,0.52,5,0.3947368421052632,0.9718668134577912,0,4,2158,2812,3099,0.267
1177,0.55,50,0.47368421052631593,0.641643214838838,0,21,1007,2368,2282,0.654
1178,0.52,9,0.3947368421052632,0.8930437010586914,0,8,3725,4914,3874,0.179
1179,0.52,5,0.3947368421052632,0.9718668134577912,0,4,2966,1810,3658,0.067
1180,0.52,6,0.3947368421052632,0.9480805431590487,0,5,526,4339,192,0.606
1181,0.52,5,0.3947368421052632,0.9718668134577912,0,4,1390,799,4449,0.471
1182,0.52,6,0.3947368421052632,0.9480805431590487,0,5,3949,3328,1587,0.948
1183,0.52,5,0.3947368421052632,0.9718668134577912,0,4,4063,2044,4768,0.558
1184,0.52,6,0.3947368421052632,0.9480805431590487,0,5,1821,4573,1380,0.018
1185,0.52,5,0.3947368421052632,0.9718668134577912,0,4,16,564,3378,0.903
1186,0.52,6,0.3947368421052632,0.9480805431590487,0,5,2773,3094,595,0.426
1187,0.52,5,0.3947368421052632,0.9718668134577912,0,4,3215,1119,1943,0.32
1188,0.52,5,0.3947368421052632,0.9718668134577912,0,4,814,3672,4101,0.857
1189,0.59,12,0.5789473684210525,0.8525594987292056,0,4,2273,1508,1163,0.22
1190,0.57,10,0.5263157894736841,0.87833683306701,0,4,4872,4054,2676,0.695
1191,0.52,4,0.3947368421052632,1.0,0,2,4854,38,1995,0.182
1192,0.52,5,0.3947368421052632,0.9718668134577912,0,4,2291,2566,4153,0.643
1193,0.52,7,0.3947368421052632,0.9274759386130701,0,6,796,2297,1230,0.278
1194,0.52,7,0.3947368421052632,0.9274759386130701,0,6,3234,4828,2743,0.801
1195,0.52,5,0.3947368421052632,0.9718668134577912,0,4,2753,1564,4716,0.943
1196,0.52,6,0.3947368421052632,0.9480805431590487,0,5,36,4116,1328,0.483
1197,0.52,4,0.3947368421052632,1.0,0,2,1800,713,3312,0.594
1198,0.52,6,0.3947368421052632,0.9480805431590487,0,5,4084,3258,528,0.072
1199,0.52,5,0.3947368421052632,0.9718668134577912,0,4,3970,1955,3714,0.431
1200,0.52,5,0.3947368421052632,0.9718668134577912,0,4,1368,4506,247,0.89
1201,0.52,4,0.3947368421052632,1.0,0,2,547,322,4509,0.031
1202,0.55,9,0.47368421052631593,0.8930437010586914,0,5,2946,2868,1647,0.552
1203,0.55,16,0.47368421052631593,0.811164937876734,0,11,3744,1053,807,0.692
1204,0.52,11,0.3947368421052632,0.8649105145164827,0,10,988,3582,3044,0.231
1205,0.53,5,0.42105263157894746,0.9718668134577912,0,3,2176,1282,2222,0.847
1206,0.52,6,0.3947368421052632,0.9480805431590487,0,5,4421,3812,3813,0.322
1207,0.56,11,0.5000000000000001,0.8649105145164827,0,6,4686,1473,95,0.58
1208,0.57,28,0.5263157894736841,0.7287531678709356,0,14,1931,3943,3562,0.121
1209,0.52,4,0.3947368421052632,1.0,0,2,1233,1233,1801,0.987
1210,0.52,5,0.3947368421052632,0.9718668134577912,0,4,3479,3705,4662,0.466
1211,0.52,4,0.3947368421052632,1.0,0,2,3037,518,2885,0.295
1212,0.52,6,0.3947368421052632,0.9480805431590487,0,5,435,2974,649,0.757
1213,0.52,5,0.3947368421052632,0.9718668134577912,0,4,1479,2168,3971,0.133
1214,0.52,6,0.3947368421052632,0.9480805431590487,0,5,3879,4615,2379,0.658
1215,0.52,5,0.3947368421052632,0.9718668134577912,0,4,4310,909,4315,0.829
1216,0.52,8,0.3947368421052632,0.9093013893612039,0,7,1594,3365,2157,0.367
1217,0.52,4,0.3947368421052632,1.0,0,2,242,1778,2580,0.741
1218,0.52,6,0.3947368421052632,0.9480805431590487,0,5,2527,4224,1066,0.217
1219,0.53,10,0.42105263157894746,0.87833683306701,0,8,3286,2489,1476,0.044
1220,0.57,52,0.5263157894736841,0.6357076629866982,0,20,724,4958,4865,0.504
1221,0.52,4,0.3947368421052632,1.0,0,2,2363,217,381,0.385
1222,0.52,5,0.3947368421052632,0.9718668134577912,0,4,4801,2690,3164,0.908
1223,0.52,5,0.3947368421052632,0.9718668134577912,0,4,4730,2218,4416,0.682
1224,0.52,7,0.3947368421052632,0.9274759386130701,0,6,2483,4751,1574,0.143
1225,0.52,5,0.3947368421052632,0.9718668134577912,0,4,682,118,3652,0.778
1226,0.52,6,0.3947368421052632,0.9480805431590487,0,5,3434,2642,166,0.301
1227,0.52,5,0.3947368421052632,0.9718668134577912,0,4,2632,634,2293,0.444
1228,0.52,5,0.3947368421052632,0.9718668134577912,0,4,226,3181,3905,0.982
1229,0.52,7,0.3947368421052632,0.9274759386130701,0,6,1690,1643,891,0.095
1230,0.52,8,0.3947368421052632,0.9093013893612039,0,7,4283,4193,3107,0.571
1231,0.52,5,0.3947368421052632,0.9718668134577912,0,4,3778,399,1137,0.929
1232,0.55,21,0.47368421052631593,0.7713805341257015,0,15,1492,2947,2670,0.392
1233,0.52,4,0.3947368421052632,1.0,0,2,345,1877,1930,0.529
1234,0.53,21,0.42105263157894746,0.7713805341257015,0,18,3058,4428,4068,0.055
1235,0.52,4,0.3947368421052632,1.0,0,2,3554,1358,3386,0.192
1236,0.49,7,0.3157894736842105,0.9274759386130701,0,8,1110,3892,623,0.731
1237,0.52,5,0.3947368421052632,0.9718668134577912,0,4,1978,976,4799,0.346
1238,0.52,6,0.3947368421052632,0.9480805431590487,0,5,4532,3502,1391,0.823
1239,0.52,4,0.3947368421052632,1.0,0,2,4487,1154,2516,0.082
1240,0.52,6,0.3947368421052632,0.9480805431590487,0,5,2043,3627,983,0.619
1241,0.52,5,0.3947368421052632,0.9718668134577912,0,4,1045,1552,4224,0.49
1242,0.52,7,0.3947368421052632,0.9274759386130701,0,6,3600,4020,2085,0.964
1243,0.52,7,0.3947368421052632,0.9274759386130701,0,6,2835,2088,463,0.796
1244,0.52,8,0.3947368421052632,0.9093013893612039,0,7,549,4539,3226,0.256
1245,0.52,4,0.3947368421052632,1.0,0,2,1288,598,1550,0.634
1246,0.52,5,0.3947368421052632,0.9718668134577912,0,4,4001,3050,4958,0.156
1247,0.6,46,0.6052631578947368,0.6542465697209026,0,4,4199,1854,1738,0.329
1248,0.52,5,0.3947368421052632,0.9718668134577912,0,4,1793,4304,4580,0.868
1249,0.52,11,0.3947368421052632,0.8649105145164827,0,10,123,833,1,0.241
1250,0.52,5,0.3947368421052632,0.9718668134577912,0,4,2716,3285,3487,0.717
1251,0.52,4,0.3947368421052632,1.0,0,2,3172,294,4055,0.543
1252,0.52,18,0.3947368421052632,0.7940022304281141,0,17,925,2768,2444,0.005
1253,0.52,6,0.3947368421052632,0.9480805431590487,0,5,2240,2412,2958,0.885
1254,0.52,6,0.3947368421052632,0.9480805431590487,0,5,4992,4879,741,0.409
1255,0.52,5,0.3947368421052632,0.9718668134577912,0,4,4954,1714,2973,0.862
1256,0.52,6,0.3947368421052632,0.9480805431590487,0,5,2201,4161,834,0.338
1257,0.52,4,0.3947368421052632,1.0,0,2,886,699,3767,0.708
1258,0.52,8,0.3947368421052632,0.9093013893612039,0,7,3134,3155,2234,0.246
1259,0.52,4,0.3947368421052632,1.0,0,2,2677,124,299,0.015
1260,0.52,5,0.3947368421052632,0.9718668134577912,0,4,82,2597,3707,0.537
1261,0.55,12,0.47368421052631593,0.8525594987292056,0,8,1754,2231,1713,0.416
1262,0.59,55,0.5789473684210525,0.6272116463351229,0,13,4160,4699,4477,0.874
1263,0.52,5,0.3947368421052632,0.9718668134577912,0,4,4041,984,1252,0.609
1264,0.52,5,0.3947368421052632,0.9718668134577912,0,4,1327,3456,4738,0.087
1265,0.48,7,0.28947368421052627,0.9274759386130701,0,9,588,1371,487,0.959
1266,0.53,14,0.42105263157894746,0.830478276962104,0,12,2875,3840,3329,0.499
1267,0.52,4,0.3947368421052632,1.0,0,2,3639,1948,4209,0.262
1268,0.52,6,0.3947368421052632,0.9480805431590487,0,5,1083,4395,1992,0.786
1269,0.52,5,0.3947368421052632,0.9718668134577912,0,4,2081,465,2804,0.167
1270,0.52,7,0.3947368421052632,0.9274759386130701,0,6,4527,2920,1193,0.627
1271,0.52,5,0.3947368421052632,0.9718668134577912,0,4,4572,571,4901,0.401
1272,0.52,8,0.3947368421052632,0.9093013893612039,0,7,2016,3117,1415,0.924
1273,0.48,10,0.28947368421052627,0.87833683306701,0,13,1148,2057,3167,0.06
1274,0.52,5,0.3947368421052632,0.9718668134577912,0,4,3594,4609,325,0.52
1275,0.52,5,0.3947368421052632,0.9718668134577912,0,4,3099,1502,2140,0.725
1276,0.52,5,0.3947368421052632,0.9718668134577912,0,4,384,4031,4356,0.202
1277,0.58,49,0.5526315789473684,0.6446988656216956,0,16,1530,1107,1044,0.813
1278,0.54,12,0.4473684210526317,0.8525594987292056,0,9,3817,3635,2656,0.352
1279,0.52,6,0.3947368421052632,0.9480805431590487,0,5,4244,2361,680,0.149
1280,0.52,7,0.3947368421052632,0.9274759386130701,0,6,1650,4891,2819,0.673
1281,0.52,5,0.3947368421052632,0.9718668134577912,0,4,186,247,2386,0.31
1282,0.52,4,0.3947368421052632,1.0,0,2,2593,2776,3919,0.773
1283,0.52,5,0.3947368421052632,0.9718668134577912,0,4,3396,805,3550,0.972
1284,0.52,6,0.3947368421052632,0.9480805431590487,0,5,643,3351,142,0.45
1285,0.52,4,0.3947368421052632,1.0,0,2,2444,1823,4635,0.564
1286,0.52,7,0.3947368421052632,0.9274759386130701,0,6,4691,4375,1872,0.105
1287,0.58,27,0.5526315789473684,0.7341679452764316,0,12,4839,779,552,0.361
1288,0.52,5,0.3947368421052632,0.9718668134577912,0,4,2402,3231,3413,0.839
1289,0.56,22,0.5000000000000001,0.7645213905854314,0,12,763,1634,1344,0.207
1290,0.52,7,0.3947368421052632,0.9274759386130701,0,6,3325,4085,4811,0.747
1291,0.52,7,0.3947368421052632,0.9274759386130701,0,6,2566,2309,2721,0.514
1292,0.52,6,0.3947368421052632,0.9480805431590487,0,5,282,4777,1130,0.039
1293,0.52,5,0.3947368421052632,0.9718668134577912,0,4,1634,45,4134,0.913
1294,0.52,9,0.3947368421052632,0.8930437010586914,0,8,4349,2519,1898,0.376
1295,0.52,5,0.3947368421052632,0.9718668134577912,0,4,3838,1293,3829,0.111
1296,0.53,11,0.42105263157894746,0.8649105145164827,0,9,1440,3761,2315,0.586
1297,0.52,5,0.3947368421052632,0.9718668134577912,0,4,397,1061,3066,0.46
1298,0.52,10,0.3947368421052632,0.87833683306701,0,9,2998,3535,908,0.998
1299,0.52,5,0.3947368421052632,0.9718668134577912,0,4,3440,389,1630,0.762
1300,0.52,6,0.3947368421052632,0.9480805431590487,0,5,1195,2840,4413,0.286
1301,0.56,9,0.5000000000000001,0.8930437010586914,0,4,1892,2025,227,0.667
1302,0.52,10,0.3947368421052632,0.87833683306701,0,9,4647,4475,3616,0.128
1303,0.52,5,0.3947368421052632,0.9718668134577912,0,4,4382,2136,2480,0.9
1304,0.52,13,0.3947368421052632,0.8411242442177401,0,12,2138,4686,3994,0.425
1305,0.52,4,0.3947368421052632,1.0,0,2,950,492,744,0.559
1306,0.58,48,0.5526315789473684,0.6478162508811016,0,15,3704,3039,2902,0.021
1307,0.52,5,0.3947368421052632,0.9718668134577912,0,4,2906,1187,4563,0.225
1308,0.52,7,0.3947368421052632,0.9274759386130701,0,6,508,3712,1779,0.702
1309,0.52,5,0.3947368421052632,0.9718668134577912,0,4,1330,1422,3465,0.313
1310,0.52,6,0.3947368421052632,0.9480805431590487,0,5,3930,3955,77,0.852
1311,0.52,5,0.3947368421052632,0.9718668134577912,0,4,4123,171,3258,0.649
1312,0.52,6,0.3947368421052632,0.9480805431590487,0,5,1840,2696,397,0.172
1313,0.52,5,0.3947368421052632,0.9718668134577912,0,4,76,2437,4965,0.812
1314,0.56,9,0.5000000000000001,0.8930437010586914,0,4,2791,4971,1498,0.272
1315,0.53,10,0.42105263157894746,0.87833683306701,0,8,3272,1745,971,0.474
1316,0.52,7,0.3947368421052632,0.9274759386130701,0,6,835,4296,2562,0.949
1317,0.52,4,0.3947368421052632,1.0,0,2,2330,883,2058,0.066
1318,0.52,5,0.3947368421052632,0.9718668134577912,0,4,4892,3430,4295,0.603
1319,0.52,5,0.3947368421052632,0.9718668134577912,0,4,4889,162,536,0.917
1320,0.52,4,0.3947368421052632,1.0,0,2,2334,2715,3319,0.38
1321,0.52,8,0.3947368421052632,0.9093013893612039,0,7,831,2427,1321,0.51
1322,0.58,30,0.5526315789473684,0.7184623338493292,0,13,3277,4972,4710,0.035
1323,0.52,4,0.3947368421052632,1.0,0,2,2791,1752,2735,0.203
1324,0.52,6,0.3947368421052632,0.9480805431590487,0,5,76,4279,1222,0.743
1325,0.52,4,0.3947368421052632,1.0,0,2,1838,896,4160,0.365
1326,0.56,16,0.5000000000000001,0.811164937876734,0,10,4125,3427,2001,0.843
1327,0.38,11,0.026315789473684233,0.8649105145164827,0,16,3927,2143,3815,0.67
1328,0.51,8,0.368421052631579,0.9093013893612039,0,8,1333,4670,2224,0.132
1329,0.52,4,0.3947368421052632,1.0,0,2,504,505,3040,0.759
1330,0.53,8,0.42105263157894746,0.9093013893612039,0,6,2911,3036,804,0.282
1331,0.52,6,0.3947368421052632,0.9480805431590487,0,5,3704,1177,1645,0.456
1332,0.52,5,0.3947368421052632,0.9718668134577912,0,4,950,3731,4507,0.994
1333,0.52,6,0.3947368421052632,0.9480805431590487,0,5,2136,1411,251,0.115
1334,0.61,43,0.631578947368421,0.664424235184393,0,2,4384,3956,3717,0.59
1335,0.52,5,0.3947368421052632,0.9718668134577912,0,4,4646,1305,2377,0.317
1336,0.52,5,0.3947368421052632,0.9718668134577912,0,4,1893,3760,3969,0.856
1337,0.53,11,0.42105263157894746,0.8649105145164827,0,9,1193,1069,652,0.221
1338,0.52,11,0.3947368421052632,0.8649105145164827,0,10,3441,3517,2888,0.698
1339,0.52,4,0.3947368421052632,1.0,0,2,2995,374,4664,0.555
1340,0.52,8,0.3947368421052632,0.9093013893612039,0,7,400,2844,1803,0.017
1341,0.52,5,0.3947368421052632,0.9718668134577912,0,4,1437,2019,3559,0.904
1342,0.52,7,0.3947368421052632,0.9274759386130701,0,6,3843,4491,92,0.429
1343,0.52,4,0.3947368421052632,1.0,0,2,4348,765,3156,0.07
1344,0.52,6,0.3947368421052632,0.9480805431590487,0,5,1634,3235,373,0.607
1345,0.52,4,0.3947368421052632,1.0,0,2,280,1629,4872,0.47
1346,0.49,8,0.3157894736842105,0.9093013893612039,0,10,2567,4100,1483,0.945
1347,0.54,10,0.4473684210526317,0.87833683306701,0,7,3322,2321,1074,0.808
1348,0.55,9,0.47368421052631593,0.8930437010586914,0,5,766,4775,2588,0.268
1349,0.52,4,0.3947368421052632,1.0,0,2,2398,53,2150,0.653
1350,0.52,5,0.3947368421052632,0.9718668134577912,0,4,4844,2502,4308,0.176
1351,0.52,5,0.3947368421052632,0.9718668134577912,0,4,4689,2347,3115,0.419
1352,0.52,6,0.3947368421052632,0.9480805431590487,0,5,2445,4895,898,0.878
1353,0.52,5,0.3947368421052632,0.9718668134577912,0,4,642,242,3898,0.012
1354,0.52,11,0.3947368421052632,0.8649105145164827,0,10,3397,2791,2287,0.533
1355,0.53,9,0.42105263157894746,0.8930437010586914,0,7,2589,817,158,0.704
1356,0.49,5,0.3157894736842105,0.9718668134577912,0,5,191,3349,3645,0.242
1357,0.56,25,0.5000000000000001,0.7456031997878969,0,13,1647,1831,1581,0.866
1358,0.52,6,0.3947368421052632,0.9480805431590487,0,5,4248,4357,4422,0.342
1359,0.52,5,0.3947368421052632,0.9718668134577912,0,4,3815,582,1393,0.171
1360,0.52,5,0.3947368421052632,0.9718668134577912,0,4,1532,3115,4801,0.631
1361,0.52,8,0.3947368421052632,0.9093013893612039,0,7,383,2065,620,0.258
1362,0.52,8,0.3947368421052632,0.9093013893612039,0,7,3099,4591,3383,0.782
1363,0.52,4,0.3947368421052632,1.0,0,2,3590,1488,4067,0.955
1364,0.52,7,0.3947368421052632,0.9274759386130701,0,6,1153,4036,1928,0.495
1365,0.52,5,0.3947368421052632,0.9718668134577912,0,4,2013,1101,2673,0.613
1366,0.52,6,0.3947368421052632,0.9480805431590487,0,5,4575,3651,1140,0.091
1367,0.52,5,0.3947368421052632,0.9718668134577912,0,4,4522,990,4956,0.817
1368,0.52,8,0.3947368421052632,0.9093013893612039,0,7,2085,3439,1548,0.356
1369,0.52,5,0.3947368421052632,0.9718668134577912,0,4,1081,1384,3229,0.721
1370,0.52,6,0.3947368421052632,0.9480805431590487,0,5,3642,3837,465,0.198
1371,0.52,5,0.3947368421052632,0.9718668134577912,0,4,2873,1939,2087,0.056
1372,0.58,27,0.5526315789473684,0.7341679452764316,0,12,590,4414,4225,0.516
1373,0.52,4,0.3947368421052632,1.0,0,2,1326,454,980,0.405
1374,0.6,29,0.6052631578947368,0.7235219780207954,0,2,4041,2921,2513,0.927
1375,0.49,16,0.3157894736842105,0.811164937876734,0,17,4156,1705,733,0.568
1376,0.52,10,0.3947368421052632,0.87833683306701,0,9,1758,4180,2950,0.109
1377,0.52,4,0.3947368421052632,1.0,0,2,80,689,2451,0.968
1378,0.52,5,0.3947368421052632,0.9718668134577912,0,4,2681,3155,4062,0.446
1379,0.52,5,0.3947368421052632,0.9718668134577912,0,4,3132,131,3495,0.306
1380,0.52,6,0.3947368421052632,0.9480805431590487,0,5,888,2580,9,0.769
1381,0.52,5,0.3947368421052632,0.9718668134577912,0,4,2200,2243,4573,0.153
1382,0.52,7,0.3947368421052632,0.9274759386130701,0,6,4954,4696,1731,0.677
1383,0.52,5,0.3947368421052632,0.9718668134577912,0,4,4994,1839,4480,0.099
1384,0.52,7,0.3947368421052632,0.9274759386130701,0,6,2239,4310,1716,0.575
1385,0.52,4,0.3947368421052632,1.0,0,2,926,828,3705,0.44
1386,0.52,5,0.3947368421052632,0.9718668134577912,0,4,3172,3299,297,0.978
1387,0.52,6,0.3947368421052632,0.9480805431590487,0,5,2720,312,2231,0.774
1388,0.52,5,0.3947368421052632,0.9718668134577912,0,4,118,2761,3764,0.297
1389,0.53,13,0.42105263157894746,0.8411242442177401,0,11,1796,2414,836,0.686
1390,0.52,7,0.3947368421052632,0.9274759386130701,0,6,4196,4868,2974,0.147
1391,0.52,4,0.3947368421052632,1.0,0,2,4003,1172,1200,0.35
1392,0.55,17,0.47368421052631593,0.8023450904198953,0,12,1286,3619,2811,0.827
1393,0.52,5,0.3947368421052632,0.9718668134577912,0,4,550,1554,1984,0.188
1394,0.52,5,0.3947368421052632,0.9718668134577912,0,4,2835,4008,4201,0.728
1395,0.52,5,0.3947368421052632,0.9718668134577912,0,4,3603,2073,3322,0.525
1396,0.52,6,0.3947368421052632,0.9480805431590487,0,5,1041,4544,480,0.051
1397,0.52,5,0.3947368421052632,0.9718668134577912,0,4,2045,594,4746,0.933
1398,0.52,7,0.3947368421052632,0.9274759386130701,0,6,4484,3064,1260,0.396
1399,0.52,5,0.3947368421052632,0.9718668134577912,0,4,4536,402,2649,0.638
1400,0.52,6,0.3947368421052632,0.9480805431590487,0,5,1973,2934,1038,0.16
1401,0.52,5,0.3947368421052632,0.9718668134577912,0,4,1113,1894,4364,0.792
1402,0.52,7,0.3947368421052632,0.9274759386130701,0,6,3551,4421,2147,0.252
1403,0.52,6,0.3947368421052632,0.9480805431590487,0,5,3061,1358,331,0.486
1404,0.48,10,0.28947368421052627,0.87833683306701,0,13,344,3902,3173,0.96
1405,0.52,4,0.3947368421052632,1.0,0,2,1493,958,1407,0.086
1406,0.52,5,0.3947368421052632,0.9718668134577912,0,4,3777,3511,4894,0.623
1407,0.57,25,0.5263157894736841,0.7456031997878969,0,12,4287,2217,1869,0.889
1408,0.56,50,0.5000000000000001,0.641643214838838,0,20,1685,4762,4632,0.413
1409,0.52,4,0.3947368421052632,1.0,0,2,229,99,144,0.539
1410,0.52,5,0.3947368421052632,0.9718668134577912,0,4,2628,2652,3552,0.002
1411,0.52,4,0.3947368421052632,1.0,0,2,3437,637,3923,0.237
1412,0.58,11,0.5526315789473684,0.8649105145164827,0,4,681,3168,2389,0.713
1413,0.52,5,0.3947368421052632,0.9718668134577912,0,4,2484,1659,2817,0.332
1414,0.52,6,0.3947368421052632,0.9480805431590487,0,5,4729,4187,679,0.872
1415,0.52,4,0.3947368421052632,1.0,0,2,4804,908,1901,0.598
1416,0.52,5,0.3947368421052632,0.9718668134577912,0,4,2360,3375,4137,0.075
1417,0.56,10,0.5000000000000001,0.87833683306701,0,5,728,1759,1128,0.939
1418,0.52,7,0.3947368421052632,0.9274759386130701,0,6,3282,4234,2720,0.479
1419,0.52,6,0.3947368421052632,0.9480805431590487,0,5,2528,2492,4808,0.274
1420,0.52,5,0.3947368421052632,0.9718668134577912,0,4,242,4945,1341,0.797
1421,0.52,4,0.3947368421052632,1.0,0,2,1596,233,3415,0.186
1422,0.52,6,0.3947368421052632,0.9480805431590487,0,5,4309,2683,554,0.647
1423,0.52,5,0.3947368421052632,0.9718668134577912,0,4,3881,1477,3623,0.851
1424,0.52,6,0.3947368421052632,0.9480805431590487,0,5,1476,3930,234,0.326
1425,0.48,10,0.28947368421052627,0.87833683306701,0,13,1321,609,213,0.777
1426,0.55,6,0.47368421052631593,0.9480805431590487,1,1,3866,259,4464,0.876
1427,0.52,7,0.3947368421052632,0.9274759386130701,0,6,3640,3991,1779,0.379
1428,0.52,5,0.3947368421052632,0.9718668134577912,0,4,2270,1602,2683,0.678
1429,0.61,158,0.631578947368421,0.4661859399488023,0,5,4392,3193,3162,0.847
1430,0.52,5,0.3947368421052632,0.9718668134577912,0,4,870,3021,3357,0.886
1431,0.52,4,0.3947368421052632,1.0,0,2,4433,97,2376,0.186
1432,0.52,5,0.3947368421052632,0.9718668134577912,0,4,3074,3860,3868,0.68
1433,0.52,4,0.3947368421052632,1.0,0,2,3603,2107,2567,0.592
1434,0.52,5,0.3947368421052632,0.9718668134577912,0,4,190,1034,4663,0.854
1435,0.52,6,0.3947368421052632,0.9480805431590487,0,5,530,4210,790,0.537
1436,0.52,10,0.3947368421052632,0.87833683306701,0,9,3337,2671,1363,0.768
1437,0.52,10,0.3947368421052632,0.87833683306701,0,9,4694,4522,3737,0.487
1438,0.52,4,0.3947368421052632,1.0,0,2,1550,888,1456,0.601
1439,0.52,6,0.3947368421052632,0.9480805431590487,0,5,2079,2562,311,0.626
1440,0.59,12,0.5789473684210525,0.8525594987292056,0,4,4292,4299,1919,0.927
1441,0.52,4,0.3947368421052632,1.0,0,2,4506,2144,4076,0.705
1442,0.52,5,0.3947368421052632,0.9718668134577912,0,4,2232,3061,4846,0.749
1443,0.52,11,0.3947368421052632,0.8649105145164827,0,10,3821,3820,2926,0.551
1444,0.53,10,0.42105263157894746,0.87833683306701,0,8,344,850,494,0.73
1445,0.52,6,0.3947368421052632,0.9480805431590487,0,5,4011,1687,271,0.146
1446,0.48,7,0.28947368421052627,0.9274759386130701,0,9,635,3300,4604,0.741
1447,0.52,4,0.3947368421052632,1.0,0,2,3527,1751,3810,0.785
1448,0.52,5,0.3947368421052632,0.9718668134577912,0,4,104,130,3416,0.517
1449,0.52,8,0.3947368421052632,0.9093013893612039,0,7,468,4489,2032,0.84
1450,0.52,6,0.3947368421052632,0.9480805431590487,0,5,3247,3652,115,0.603
1451,0.52,4,0.3947368421052632,1.0,0,2,2038,718,4211,0.339
1452,0.52,5,0.3947368421052632,0.9718668134577912,0,4,1512,2714,2871,0.434
1453,0.52,10,0.3947368421052632,0.87833683306701,0,9,1174,4343,3545,0.275
1454,0.52,6,0.3947368421052632,0.9480805431590487,0,5,1148,4990,1705,0.803
1455,0.6,31,0.6052631578947368,0.7135633407304529,0,3,4196,2918,2633,0.137
1456,0.52,4,0.3947368421052632,1.0,0,2,4044,273,1693,0.385
1457,0.52,7,0.3947368421052632,0.9274759386130701,0,6,327,4437,3015,0.566
1458,0.52,5,0.3947368421052632,0.9718668134577912,0,4,3140,3185,4179,0.775
1459,0.52,4,0.3947368421052632,1.0,0,2,2604,1922,3180,0.955
1460,0.52,4,0.3947368421052632,1.0,0,2,942,2611,3584,0.836
1461,0.52,5,0.3947368421052632,0.9718668134577912,0,4,2505,3858,4859,0.506
1462,0.52,6,0.3947368421052632,0.9480805431590487,0,5,2392,4572,1311,0.251
1463,0.52,4,0.3947368421052632,1.0,0,2,4134,991,4312,0.342
1464,0.52,7,0.3947368421052632,0.9274759386130701,0,6,3674,3053,1866,0.951
1465,0.52,10,0.3947368421052632,0.87833683306701,0,9,3006,1819,794,0.757
1466,0.52,4,0.3947368421052632,1.0,0,2,819,571,2014,0.587
1467,0.52,5,0.3947368421052632,0.9718668134577912,0,4,4937,335,574,0.929
1468,0.52,9,0.3947368421052632,0.8930437010586914,0,8,610,3247,2323,0.423
1469,0.48,7,0.28947368421052627,0.9274759386130701,0,9,3421,4495,1121,0.234
1470,0.52,5,0.3947368421052632,0.9718668134577912,0,4,4481,2690,4009,0.678
1471,0.52,7,0.3947368421052632,0.9274759386130701,0,6,1288,4273,2383,0.519
1472,0.52,7,0.3947368421052632,0.9274759386130701,0,6,4725,3019,1061,0.825
1473,0.52,7,0.3947368421052632,0.9274759386130701,0,6,717,2941,1485,0.66
1474,0.52,6,0.3947368421052632,0.9480805431590487,0,5,2906,4193,73,0.997
1475,0.52,6,0.3947368421052632,0.9480805431590487,0,5,3463,469,2277,0.801
1476,0.49,10,0.3157894736842105,0.87833683306701,0,12,2168,4866,3602,0.244
1477,0.52,9,0.3947368421052632,0.8930437010586914,0,8,25,1716,1156,0.604
1478,0.52,5,0.3947368421052632,0.9718668134577912,0,4,3890,656,776,0.162
1479,0.52,9,0.3947368421052632,0.8930437010586914,0,8,4431,4390,1574,0.106
1480,0.52,5,0.3947368421052632,0.9718668134577912,0,4,1565,2155,4229,0.559
1481,0.4,8,0.0789473684210527,0.9093013893612039,0,15,2806,2512,400,0.488
1482,0.59,13,0.5789473684210525,0.8411242442177401,0,5,3507,4246,3501,0.058
1483,0.52,9,0.3947368421052632,0.8930437010586914,0,8,4879,3574,1394,0.595
1484,0.52,6,0.3947368421052632,0.9480805431590487,0,5,872,3652,1194,0.886
1485,0.5,8,0.34210526315789475,0.9093013893612039,0,9,3621,1164,109,0.526
1486,0.52,7,0.3947368421052632,0.9274759386130701,0,6,184,2417,1451,0.817
1487,0.52,4,0.3947368421052632,1.0,0,2,1127,1153,1252,0.476
1488,0.52,7,0.3947368421052632,0.9274759386130701,0,6,4494,4144,2752,0.537
1489,0.52,4,0.3947368421052632,1.0,0,2,585,2043,3463,0.685
1490,0.58,30,0.5526315789473684,0.7184623338493292,0,13,3796,2624,2456,0.36
1491,0.55,28,0.47368421052631593,0.7287531678709356,0,17,1532,3119,2916,0.475
1492,0.52,47,0.3947368421052632,0.6509979166338655,0,26,4971,4366,4277,0.18
1493,0.52,4,0.3947368421052632,1.0,0,2,4778,1198,2115,0.648
1494,0.53,10,0.42105263157894746,0.87833683306701,0,8,1903,3676,1657,0.764
1495,0.52,5,0.3947368421052632,0.9718668134577912,0,4,450,2703,156,0.155
1496,0.52,5,0.3947368421052632,0.9718668134577912,0,4,2358,717,2592,0.514
1497,0.52,5,0.3947368421052632,0.9718668134577912,0,4,1822,4493,4758,0.694
1498,0.52,4,0.3947368421052632,1.0,0,2,996,1466,2204,0.086
1499,0.52,5,0.3947368421052632,0.9718668134577912,0,4,4635,3239,3675,0.899
1500,0.52,4,0.3947368421052632,1.0,0,2,1723,1292,3313,0.767
1501,0.52,6,0.3947368421052632,0.9480805431590487,0,5,2457,2568,4351,0.963
1502,0.53,11,0.42105263157894746,0.8649105145164827,0,9,1956,546,291,0.713
1503,0.52,5,0.3947368421052632,0.9718668134577912,0,4,3019,10,2061,0.897
1504,0.52,9,0.3947368421052632,0.8930437010586914,0,8,833,1264,758,0.696
1505,0.52,4,0.3947368421052632,1.0,0,2,4789,3408,4576,0.257
1506,0.52,4,0.3947368421052632,1.0,0,2,1558,246,376,0.618
1507,0.57,9,0.5263157894736841,0.8930437010586914,0,3,4263,2772,853,0.982
1508,0.52,4,0.3947368421052632,1.0,0,2,1649,2288,4039,0.935
1509,0.52,5,0.3947368421052632,0.9718668134577912,0,4,1518,4639,599,0.686
1510,0.52,7,0.3947368421052632,0.9274759386130701,0,6,2987,4406,1972,0.828
1511,0.47,20,0.26315789473684204,0.7785588201211527,0,20,3693,640,387,0.898
1512,0.6,93,0.6052631578947368,0.547290270779594,0,8,4609,2191,2145,0.271
1513,0.52,4,0.3947368421052632,1.0,0,2,1021,3105,3149,0.714
1514,0.59,25,0.5789473684210525,0.7456031997878969,0,9,1797,939,673,0.074
1515,0.52,4,0.3947368421052632,1.0,0,2,3160,616,3001,0.824
1516,0.56,10,0.5000000000000001,0.87833683306701,0,5,4025,3466,526,0.465
1517,0.53,7,0.42105263157894746,0.9274759386130701,0,5,165,3891,126,0.769
1518,0.57,9,0.5263157894736841,0.8930437010586914,0,3,3602,2639,1442,0.575
1519,0.52,7,0.3947368421052632,0.9274759386130701,0,6,1787,4337,1733,0.656
1520,0.48,8,0.28947368421052627,0.9093013893612039,0,11,972,4203,2539,0.474
1521,0.52,5,0.3947368421052632,0.9718668134577912,0,4,2534,2950,4029,0.183
1522,0.52,9,0.3947368421052632,0.8930437010586914,0,8,2422,3605,2298,0.933
1523,0.52,4,0.3947368421052632,1.0,0,2,4106,1880,4576,0.971
1524,0.52,4,0.3947368421052632,1.0,0,2,1917,627,3243,0.684
1525,0.52,4,0.3947368421052632,1.0,0,2,2977,305,590,0.432
1526,0.54,23,0.4473684210526317,0.7579542155751742,0,18,1403,4400,4119,0.613
1527,0.59,60,0.5789473684210525,0.6140151198182393,0,14,4842,3153,3075,0.79
1528,0.46,18,0.23684210526315796,0.7940022304281141,0,20,4946,1321,857,0.261
1529,0.52,5,0.3947368421052632,0.9718668134577912,0,4,147,2113,2813,0.513
1530,0.51,11,0.368421052631579,0.8649105145164827,0,11,4234,2558,1816,0.441
1531,0.52,5,0.3947368421052632,0.9718668134577912,0,4,3772,517,2746,0.19
1532,0.52,5,0.3947368421052632,0.9718668134577912,0,4,2209,1763,3812,0.403
1533,0.42,8,0.13157894736842102,0.9093013893612039,0,13,2722,2301,2363,0.651
1534,0.52,5,0.3947368421052632,0.9718668134577912,0,4,1658,3029,3516,0.334
1535,0.52,9,0.3947368421052632,0.8930437010586914,0,8,198,4524,3654,0.741
1536,0.52,5,0.3947368421052632,0.9718668134577912,0,4,1457,2090,4879,0.639
1537,0.6,46,0.6052631578947368,0.6542465697209026,0,4,3453,1358,1292,0.384
1538,0.52,4,0.3947368421052632,1.0,0,2,16,105,268,0.211
1539,0.52,6,0.3947368421052632,0.9480805431590487,0,5,3881,2248,337,0.523
1540,0.52,5,0.3947368421052632,0.9718668134577912,0,4,490,3083,4333,0.46
1541,0.52,4,0.3947368421052632,1.0,0,2,1190,1810,3339,0.281
1542,0.52,7,0.3947368421052632,0.9274759386130701,0,6,4441,3482,1995,0.704
1543,0.52,6,0.3947368421052632,0.9480805431590487,0,5,2777,4104,684,0.826
1544,0.52,4,0.3947368421052632,1.0,0,2,3357,377,1678,0.882
1545,0.52,9,0.3947368421052632,0.8930437010586914,0,8,2144,1973,1432,0.32
1546,0.57,39,0.5263157894736841,0.6791311031760743,0,16,3477,2732,2613,0.631
1547,0.52,4,0.3947368421052632,1.0,0,2,4740,131,3895,0.749
1548,0.52,13,0.3947368421052632,0.8411242442177401,0,12,4206,3904,3443,0.553
1549,0.52,5,0.3947368421052632,0.9718668134577912,0,4,4034,1865,1878,0.804
1550,0.52,4,0.3947368421052632,1.0,0,2,2472,612,930,0.603
1551,0.52,6,0.3947368421052632,0.9480805431590487,0,5,4292,4364,570,0.331
1552,0.52,7,0.3947368421052632,0.9274759386130701,0,6,583,3304,35,0.902
1553,0.52,4,0.3947368421052632,1.0,0,2,2234,154,2559,0.262
1554,0.52,6,0.3947368421052632,0.9480805431590487,0,5,1711,3879,4803,0.443
1555,0.52,5,0.3947368421052632,0.9718668134577912,0,4,4496,422,1174,0.754
1556,0.52,6,0.3947368421052632,0.9480805431590487,0,5,1683,1674,2259,0.588
1557,0.52,5,0.3947368421052632,0.9718668134577912,0,4,4259,1491,3034,0.699
1558,0.56,15,0.5000000000000001,0.8205196396717616,0,9,1563,4008,3199,0.839
1559,0.49,6,0.3157894736842105,0.9480805431590487,0,7,3021,3775,4250,0.677
1560,0.52,4,0.3947368421052632,1.0,0,2,3738,9,3412,0.621
1561,0.52,5,0.3947368421052632,0.9718668134577912,0,4,300,1256,4397,0.783
1562,0.52,6,0.3947368421052632,0.9480805431590487,0,5,441,4236,967,0.535
1563,0.52,6,0.3947368421052632,0.9480805431590487,0,5,1056,3718,554,0.811
1564,0.52,4,0.3947368421052632,1.0,0,2,1753,326,3107,0.421
1565,0.55,8,0.47368421052631593,0.9093013893612039,0,4,2618,4971,1639,0.594
1566,0.52,5,0.3947368421052632,0.9718668134577912,0,4,2428,4101,4536,0.35
1567,0.52,20,0.3947368421052632,0.7785588201211527,0,18,29,2938,2732,0.82
1568,0.54,7,0.4473684210526317,0.9274759386130701,0,4,2165,1106,168,0.461
1569,0.48,18,0.28947368421052627,0.7940022304281141,0,19,3467,4185,3836,0.522
1570,0.52,5,0.3947368421052632,0.9718668134577912,0,4,2901,451,3502,0.718
1571,0.52,5,0.3947368421052632,0.9718668134577912,0,4,4724,1781,2632,0.609
1572,0.49,9,0.3157894736842105,0.8930437010586914,0,11,1286,528,3927,0.798
1573,0.52,5,0.3947368421052632,0.9718668134577912,0,4,4144,3018,4720,0.662
1574,0.52,5,0.3947368421052632,0.9718668134577912,0,4,4023,57,665,0.913
1575,0.52,6,0.3947368421052632,0.9480805431590487,0,5,2355,4475,1021,0.792
1576,0.52,5,0.3947368421052632,0.9718668134577912,0,4,1901,2453,4456,0.544
1577,0.52,5,0.3947368421052632,0.9718668134577912,0,4,3030,1602,1875,0.292
1578,0.52,13,0.3947368421052632,0.8411242442177401,0,12,1341,3689,2872,0.722
1579,0.61,54,0.631578947368421,0.6299919976300143,0,3,842,355,318,0.114
1580,0.52,5,0.3947368421052632,0.9718668134577912,0,4,4967,591,2072,0.401
1581,0.52,5,0.3947368421052632,0.9718668134577912,0,4,2851,3453,4557,0.759
1582,0.56,9,0.5000000000000001,0.8930437010586914,0,4,1945,3500,694,0.283
1583,0.52,6,0.3947368421052632,0.9480805431590487,0,5,1045,4450,1828,0.92
1584,0.52,5,0.3947368421052632,0.9718668134577912,0,4,2486,2743,3319,0.491
1585,0.52,5,0.3947368421052632,0.9718668134577912,0,4,183,3634,4899,0.6
1586,0.52,9,0.3947368421052632,0.8930437010586914,0,8,3621,4887,3545,0.805
1587,0.52,5,0.3947368421052632,0.9718668134577912,0,4,872,2409,2772,0.67
1588,0.52,7,0.3947368421052632,0.9274759386130701,0,6,4748,2921,1272,0.344
1589,0.52,4,0.3947368421052632,1.0,0,2,4882,2330,4837,0.812
1590,0.59,12,0.5789473684210525,0.8525594987292056,0,4,3510,487,74,0.275
1591,0.53,10,0.42105263157894746,0.87833683306701,0,8,2111,4810,4047,0.709
1592,0.49,8,0.3157894736842105,0.9093013893612039,0,10,3865,910,1580,0.632
1593,0.52,9,0.3947368421052632,0.8930437010586914,0,8,1566,3437,2040,0.78
1594,0.52,5,0.3947368421052632,0.9718668134577912,0,4,1242,20,4594,0.39
1595,0.52,6,0.3947368421052632,0.9480805431590487,0,5,4379,4685,777,0.563
1596,0.52,9,0.3947368421052632,0.8930437010586914,0,8,2762,2804,1937,0.967
1597,0.52,7,0.3947368421052632,0.9274759386130701,0,6,4351,2358,1390,0.131
1598,0.56,12,0.5000000000000001,0.8525594987292056,0,7,1666,2918,1973,0.059
1599,0.52,5,0.3947368421052632,0.9718668134577912,0,4,839,1643,4270,0.557
1600,0.52,7,0.3947368421052632,0.9274759386130701,0,6,858,3671,1942,0.369
1601,0.52,6,0.3947368421052632,0.9480805431590487,0,5,3013,4469,288,0.076
1602,0.52,8,0.3947368421052632,0.9093013893612039,0,7,2215,4157,3000,0.899
1603,0.52,4,0.3947368421052632,1.0,0,2,3732,1456,1482,0.168
1604,0.52,5,0.3947368421052632,0.9718668134577912,0,4,689,1217,1902,0.339
1605,0.52,42,0.3947368421052632,0.6679716401983917,0,24,4933,4075,3393,0.646
1606,0.54,14,0.4473684210526317,0.830478276962104,0,11,4814,984,529,0.177
1607,0.56,56,0.5000000000000001,0.6244805073902182,0,21,818,4308,4217,0.87
1608,0.57,49,0.5263157894736841,0.6446988656216956,0,19,3005,3060,2975,0.536
1609,0.52,4,0.3947368421052632,1.0,0,2,3675,1835,4677,0.73
1610,0.52,5,0.3947368421052632,0.9718668134577912,0,4,2642,2453,4561,0.222
1611,0.52,6,0.3947368421052632,0.9480805431590487,0,5,4863,3690,1682,0.724
1612,0.52,5,0.3947368421052632,0.9718668134577912,0,4,1067,678,2585,0.46
1613,0.52,6,0.3947368421052632,0.9480805431590487,0,5,1100,3584,553,0.865
1614,0.52,5,0.3947368421052632,0.9718668134577912,0,4,4810,805,4024,0.067
1615,0.52,7,0.3947368421052632,0.9274759386130701,0,6,2687,4537,2219,0.565
1616,0.52,5,0.3947368421052632,0.9718668134577912,0,4,1405,2306,3200,0.36
1617,0.52,5,0.3947368421052632,0.9718668134577912,0,4,1931,4224,4507,0.396
1618,0.52,5,0.3947368421052632,0.9718668134577912,0,4,4123,2647,2723,0.159
1619,0.52,6,0.3947368421052632,0.9480805431590487,0,5,308,4890,3124,0.714
1620,0.52,10,0.3947368421052632,0.87833683306701,0,9,3783,1955,1519,0.482
1621,0.52,5,0.3947368421052632,0.9718668134577912,0,4,3713,3231,4730,0.976
1622,0.52,8,0.3947368421052632,0.9093013893612039,0,7,2197,1156,633,0.214
1623,0.56,11,0.5000000000000001,0.8649105145164827,0,6,1836,4024,2742,0.792
1624,0.52,6,0.3947368421052632,0.9480805431590487,0,5,2883,1568,1838,0.024
1625,0.52,5,0.3947368421052632,0.9718668134577912,0,4,4613,2837,4405,0.531
1626,0.52,4,0.3947368421052632,1.0,0,2,671,302,1012,0.294
1627,0.52,6,0.3947368421052632,0.9480805431590487,0,5,708,3785,1300,0.152
1628,0.52,4,0.3947368421052632,1.0,0,2,1789,14,4944,0.653
1629,0.52,5,0.3947368421052632,0.9718668134577912,0,4,2476,3418,3603,0.62
1630,0.52,15,0.3947368421052632,0.8205196396717616,0,14,4051,4723,4173,0.827
1631,0.52,6,0.3947368421052632,0.9480805431590487,0,5,21,2179,155,0.123
1632,0.52,5,0.3947368421052632,0.9718668134577912,0,4,385,2752,3775,0.298
1633,0.52,10,0.3947368421052632,0.87833683306701,0,9,3173,4138,3378,0.006
1634,0.52,5,0.3947368421052632,0.9718668134577912,0,4,1281,3609,4114,0.193
1635,0.5,7,0.34210526315789475,0.9274759386130701,0,7,2813,761,17,0.988
1636,0.52,23,0.3947368421052632,0.7579542155751742,0,20,1214,2379,2130,0.688
1637,0.52,5,0.3947368421052632,0.9718668134577912,0,4,956,4612,4788,0.095
1638,0.52,6,0.3947368421052632,0.9480805431590487,0,5,4971,2234,769,0.83
1639,0.53,13,0.42105263157894746,0.8411242442177401,0,11,2524,3499,2985,0.333
1640,0.52,4,0.3947368421052632,1.0,0,2,3204,575,4330,0.425
1641,0.52,5,0.3947368421052632,0.9718668134577912,0,4,428,1296,3447,0.132
1642,0.52,9,0.3947368421052632,0.8930437010586914,0,8,147,3150,2318,0.448
1643,0.52,4,0.3947368421052632,1.0,0,2,3928,1240,3221,0.743
1644,0.52,7,0.3947368421052632,0.9274759386130701,0,6,3568,4962,536,0.25
1645,0.52,5,0.3947368421052632,0.9718668134577912,0,4,2360,1881,3931,0.95
1646,0.52,9,0.3947368421052632,0.8930437010586914,0,8,1583,4928,3989,0.578
1647,0.54,8,0.4473684210526317,0.9093013893612039,0,5,3114,1915,596,0.346
1648,0.52,4,0.3947368421052632,1.0,0,2,913,1196,2260,0.085
1649,0.52,6,0.3947368421052632,0.9480805431590487,0,5,1626,1794,397,0.385
1650,0.52,6,0.3947368421052632,0.9480805431590487,0,5,2305,4798,1585,0.355
1651,0.52,6,0.3947368421052632,0.9480805431590487,0,5,3904,3333,1191,0.087
1652,0.52,5,0.3947368421052632,0.9718668134577912,0,4,4170,1442,4886,0.27
1653,0.52,5,0.3947368421052632,0.9718668134577912,0,4,1966,449,2968,0.032
1654,0.52,5,0.3947368421052632,0.9718668134577912,0,4,2559,405,1265,0.639
1655,0.52,5,0.3947368421052632,0.9718668134577912,0,4,4936,4176,4984,0.135
1656,0.53,10,0.42105263157894746,0.87833683306701,0,8,994,1475,887,0.932
1657,0.52,5,0.3947368421052632,0.9718668134577912,0,4,4736,1253,2016,0.539
1658,0.52,5,0.3947368421052632,0.9718668134577912,0,4,2770,2528,4233,0.046
1659,0.52,7,0.3947368421052632,0.9274759386130701,0,6,2004,3466,1554,0.993
1660,0.52,4,0.3947368421052632,1.0,0,2,3301,921,3082,0.195
1661,0.56,9,0.5000000000000001,0.8930437010586914,0,4,4205,4655,672,0.701
1662,0.52,5,0.3947368421052632,0.9718668134577912,0,4,492,2190,4689,0.496
1663,0.52,6,0.3947368421052632,0.9480805431590487,0,5,225,2881,1070,0.172
1664,0.52,6,0.3947368421052632,0.9480805431590487,0,5,1753,3266,731,0.319
1665,0.52,5,0.3947368421052632,0.9718668134577912,0,4,2966,1121,4828,0.614
1666,0.56,9,0.5000000000000001,0.8930437010586914,0,4,4540,4846,1421,0.113
1667,0.52,5,0.3947368421052632,0.9718668134577912,0,4,744,2000,3027,0.813
1668,0.52,4,0.3947368421052632,1.0,0,2,4650,1068,1133,0.442
1669,0.52,7,0.3947368421052632,0.9274759386130701,0,6,2845,4841,2625,0.94
1670,0.52,11,0.3947368421052632,0.8649105145164827,0,10,1871,2063,1645,0.236
1671,0.52,6,0.3947368421052632,0.9480805431590487,0,5,2402,3903,338,0.023
1672,0.53,16,0.42105263157894746,0.811164937876734,0,14,3968,2987,2433,0.285
1673,0.52,5,0.3947368421052632,0.9718668134577912,0,4,4249,2413,3639,0.109
1674,0.52,7,0.3947368421052632,0.9274759386130701,0,6,1365,4094,2416,0.666
1675,0.52,5,0.3947368421052632,0.9718668134577912,0,4,2730,1560,3319,0.398
1676,0.52,6,0.3947368421052632,0.9480805431590487,0,5,4767,2787,439,0.904
1677,0.52,5,0.3947368421052632,0.9718668134577912,0,4,1141,330,3833,0.169
1678,0.52,8,0.3947368421052632,0.9093013893612039,0,7,1029,2602,1801,0.513
1679,0.52,5,0.3947368421052632,0.9718668134577912,0,4,4898,537,2782,0.311
1680,0.52,7,0.3947368421052632,0.9274759386130701,0,6,2607,4259,977,0.806
1681,0.52,5,0.3947368421052632,0.9718668134577912,0,4,1468,1334,4448,0.011
1682,0.52,8,0.3947368421052632,0.9093013893612039,0,7,2153,4572,3260,0.232
1683,0.52,6,0.3947368421052632,0.9480805431590487,0,5,3131,2271,2277,0.967
1684,0.52,5,0.3947368421052632,0.9718668134577912,0,4,4375,3540,3966,0.462
1685,0.52,5,0.3947368421052632,0.9718668134577912,0,4,64,3908,4367,0.913
1686,0.52,6,0.3947368421052632,0.9480805431590487,0,5,3494,2953,3482,0.644
1687,0.52,4,0.3947368421052632,1.0,0,2,2433,184,1876,0.407
1688,0.52,5,0.3947368421052632,0.9718668134577912,0,4,1150,2020,35,0.367
1689,0.52,4,0.3947368421052632,1.0,0,2,4483,346,3042,0.244
1690,0.53,8,0.42105263157894746,0.9093013893612039,0,6,797,4757,57,0.468
1691,0.52,8,0.3947368421052632,0.9093013893612039,0,7,2991,3374,2173,0.207
1692,0.52,5,0.3947368421052632,0.9718668134577912,0,4,1709,996,3701,0.975
1693,0.52,4,0.3947368421052632,1.0,0,2,3676,59,828,0.049
1694,0.52,10,0.3947368421052632,0.87833683306701,0,9,273,1832,1398,0.257
1695,0.55,9,0.47368421052631593,0.8930437010586914,0,5,612,3724,2527,0.072
1696,0.52,6,0.3947368421052632,0.9480805431590487,0,5,4087,643,1623,0.867
1697,0.52,4,0.3947368421052632,1.0,0,2,3409,4406,4620,0.373
1698,0.53,10,0.42105263157894746,0.87833683306701,0,8,1893,2498,1226,0.574
1699,0.52,7,0.3947368421052632,0.9274759386130701,0,6,4812,4764,3358,0.397
1700,0.52,9,0.3947368421052632,0.8930437010586914,0,8,684,5000,4095,0.119
1701,0.52,5,0.3947368421052632,0.9718668134577912,0,4,1499,1583,1620,0.728
1702,0.52,10,0.3947368421052632,0.87833683306701,0,9,2872,3747,3089,0.288
1703,0.52,5,0.3947368421052632,0.9718668134577912,0,4,3574,2471,4556,0.482
1704,0.52,6,0.3947368421052632,0.9480805431590487,0,5,2056,2820,739,0.532
1705,0.52,4,0.3947368421052632,1.0,0,2,136,1225,3253,0.172
1706,0.56,9,0.5000000000000001,0.8930437010586914,0,4,4245,4072,2080,0.873
1707,0.52,5,0.3947368421052632,0.9718668134577912,0,4,3762,1424,3636,0.624
1708,0.52,4,0.3947368421052632,1.0,0,2,2200,172,4799,0.782
1709,0.52,4,0.3947368421052632,1.0,0,2,2712,768,1533,0.037
1710,0.52,7,0.3947368421052632,0.9274759386130701,0,6,1669,3938,2550,0.976
1711,0.52,5,0.3947368421052632,0.9718668134577912,0,4,1041,673,4639,0.637
1712,0.52,6,0.3947368421052632,0.9480805431590487,0,5,4590,3998,655,0.316
1713,0.52,4,0.3947368421052632,1.0,0,2,4679,2099,2413,0.147
1714,0.52,4,0.3947368421052632,1.0,0,2,1866,847,1020,0.445
1715,0.52,5,0.3947368421052632,0.9718668134577912,0,4,3238,95,2811,0.702
1716,0.52,4,0.3947368421052632,1.0,0,2,426,1348,3757,0.891
1717,0.52,5,0.3947368421052632,0.9718668134577912,0,4,3956,3324,247,0.093
1718,0.52,5,0.3947368421052632,0.9718668134577912,0,4,237,4305,317,0.641
1719,0.52,4,0.3947368421052632,1.0,0,2,1947,2238,2881,0.0
1720,0.52,5,0.3947368421052632,0.9718668134577912,0,4,1375,3512,4460,0.196
1721,0.52,4,0.3947368421052632,1.0,0,2,751,1722,2728,0.418
1722,0.52,4,0.3947368421052632,1.0,0,2,4749,1645,4725,0.065
1723,0.52,4,0.3947368421052632,1.0,0,2,1313,393,3718,0.278
1724,0.52,6,0.3947368421052632,0.9480805431590487,0,5,3059,4898,2240,0.705
1725,0.52,23,0.3947368421052632,0.7579542155751742,0,20,2010,4166,3936,0.458
1726,0.52,7,0.3947368421052632,0.9274759386130701,0,6,2481,1521,491,0.208
1727,0.54,13,0.4473684210526317,0.8411242442177401,0,10,1777,2745,2154,0.029
1728,0.52,6,0.3947368421052632,0.9480805431590487,0,5,1200,276,3055,0.908
1729,0.52,4,0.3947368421052632,1.0,0,2,4377,907,2954,0.846
1730,0.52,7,0.3947368421052632,0.9274759386130701,0,6,1244,3765,1793,0.17
1731,0.52,5,0.3947368421052632,0.9718668134577912,0,4,3327,1285,1941,0.307
1732,0.52,5,0.3947368421052632,0.9718668134577912,0,4,2304,3420,3431,0.738
1733,0.52,4,0.3947368421052632,1.0,0,2,515,38,877,0.098
1734,0.53,25,0.42105263157894746,0.7456031997878969,0,20,3865,4673,4377,0.915
1735,0.52,8,0.3947368421052632,0.9093013893612039,0,7,4302,2338,947,0.667
1736,0.52,5,0.3947368421052632,0.9718668134577912,0,4,69,2997,4932,0.349
1737,0.52,4,0.3947368421052632,1.0,0,2,2114,1085,2496,0.988
1738,0.52,6,0.3947368421052632,0.9480805431590487,0,5,2940,470,3830,0.237
1739,0.52,7,0.3947368421052632,0.9274759386130701,0,6,1441,4822,174,0.808
1740,0.52,5,0.3947368421052632,0.9718668134577912,0,4,906,2272,4897,0.128
1741,0.52,7,0.3947368421052632,0.9274759386130701,0,6,4904,2351,2519,0.357
1742,0.52,4,0.3947368421052632,1.0,0,2,1466,1103,4049,0.05
1743,0.5,8,0.34210526315789475,0.9093013893612039,0,9,4356,3615,4841,0.41
1744,0.52,5,0.3947368421052632,0.9718668134577912,0,4,481,4049,4596,0.855
1745,0.52,5,0.3947368421052632,0.9718668134577912,0,4,2328,1910,2032,0.495
1746,0.52,6,0.3947368421052632,0.9480805431590487,0,5,3293,2801,3222,0.552
1747,0.52,4,0.3947368421052632,1.0,0,2,2762,1528,4138,0.746
1748,0.52,6,0.3947368421052632,0.9480805431590487,0,5,1619,3144,609,0.299
1749,0.52,4,0.3947368421052632,1.0,0,2,4536,41,4496,0.574
1750,0.52,7,0.3947368421052632,0.9274759386130701,0,6,1085,4626,837,0.377
1751,0.52,9,0.3947368421052632,0.8930437010586914,0,8,2648,3379,1981,0.215
1752,0.52,9,0.3947368421052632,0.8930437010586914,0,8,3174,2142,358,0.021
1753,0.52,5,0.3947368421052632,0.9718668134577912,0,4,361,890,1836,0.323
1754,0.56,11,0.5000000000000001,0.8649105145164827,0,6,4020,3816,2834,0.63
1755,0.54,30,0.4473684210526317,0.7184623338493292,0,19,4142,1793,1278,0.879
1756,0.52,11,0.3947368421052632,0.8649105145164827,0,10,228,3538,2766,0.072
1757,0.52,10,0.3947368421052632,0.87833683306701,0,9,3666,4790,3793,0.269
1758,0.52,6,0.3947368421052632,0.9480805431590487,0,5,3093,1024,3537,0.465
1759,0.52,8,0.3947368421052632,0.9093013893612039,0,7,660,964,431,0.865
1760,0.52,8,0.3947368421052632,0.9093013893612039,0,7,844,4133,3139,0.335
1761,0.52,6,0.3947368421052632,0.9480805431590487,0,5,1340,2450,703,0.943
1762,0.52,5,0.3947368421052632,0.9718668134577912,0,4,3030,2886,4669,0.009
1763,0.52,4,0.3947368421052632,1.0,0,2,3727,1620,2972,0.189
1764,0.52,5,0.3947368421052632,0.9718668134577912,0,4,291,367,4211,0.406
1765,0.52,6,0.3947368421052632,0.9480805431590487,0,5,4090,4925,536,0.579
1766,0.52,4,0.3947368421052632,1.0,0,2,3921,1963,3966,0.828
1767,0.52,6,0.3947368421052632,0.9480805431590487,0,5,3263,3955,1412,0.438
1768,0.52,4,0.3947368421052632,1.0,0,2,2559,218,1239,0.259
1769,0.56,9,0.5000000000000001,0.8930437010586914,0,4,4525,1390,207,0.431
1770,0.52,5,0.3947368421052632,0.9718668134577912,0,4,1096,3316,3876,0.616
1771,0.52,4,0.3947368421052632,1.0,0,2,1713,141,1352,0.226
1772,0.52,6,0.3947368421052632,0.9480805431590487,0,5,2658,4569,2693,0.789
1773,0.52,5,0.3947368421052632,0.9718668134577912,0,4,3397,796,4981,0.968
1774,0.52,5,0.3947368421052632,0.9718668134577912,0,4,2234,3875,978,0.046
1775,0.52,4,0.3947368421052632,1.0,0,2,4289,602,3396,0.111
1776,0.52,6,0.3947368421052632,0.9480805431590487,0,5,83,4689,1899,0.936
1777,0.52,5,0.3947368421052632,0.9718668134577912,0,4,2100,1856,4423,0.296
1778,0.52,6,0.3947368421052632,0.9480805431590487,0,5,3521,3441,911,0.719
1779,0.52,12,0.3947368421052632,0.8525594987292056,0,11,2848,2217,1753,0.539
1780,0.52,4,0.3947368421052632,1.0,0,2,4997,1499,1807,0.788
1781,0.53,15,0.42105263157894746,0.8205196396717616,0,13,635,3172,2822,0.228
1782,0.54,95,0.4473684210526317,0.5440416176925571,0,24,2822,4421,4371,0.429
1783,0.52,4,0.3947368421052632,1.0,0,2,3546,686,3299,0.373
1784,0.52,7,0.3947368421052632,0.9274759386130701,0,6,2075,4019,1955,0.672
1785,0.52,5,0.3947368421052632,0.9718668134577912,0,4,108,1938,4519,0.031
1786,0.52,4,0.3947368421052632,1.0,0,2,3827,420,4918,0.733
1787,0.52,9,0.3947368421052632,0.8930437010586914,0,8,554,4916,1079,0.282
1788,0.52,5,0.3947368421052632,0.9718668134577912,0,4,2265,1667,3525,0.923
1789,0.52,11,0.3947368421052632,0.8649105145164827,0,10,3366,3663,2354,0.124
1790,0.52,6,0.3947368421052632,0.9480805431590487,0,5,2689,2399,306,0.178
1791,0.52,5,0.3947368421052632,0.9718668134577912,0,4,1682,2892,3816,0.867
1792,0.52,5,0.3947368421052632,0.9718668134577912,0,4,962,1117,4907,0.763
1793,0.52,6,0.3947368421052632,0.9480805431590487,0,5,4660,4219,1090,0.188
1794,0.52,5,0.3947368421052632,0.9718668134577912,0,4,2585,4353,4659,0.88
1795,0.52,7,0.3947368421052632,0.9274759386130701,0,6,2462,4715,1667,0.127
1796,0.52,5,0.3947368421052632,0.9718668134577912,0,4,346,1869,4182,0.518
1797,0.52,5,0.3947368421052632,0.9718668134577912,0,4,4216,819,3956,0.216
1798,0.52,4,0.3947368421052632,1.0,0,2,2029,2066,2602,0.378
1799,0.52,7,0.3947368421052632,0.9274759386130701,0,6,1351,4656,3234,0.087
1800,0.52,5,0.3947368421052632,0.9718668134577912,0,4,3748,2539,4372,0.426
1801,0.51,8,0.368421052631579,0.9093013893612039,0,8,5000,1013,1,0.012
1802,0.49,8,0.3157894736842105,0.9093013893612039,0,10,636,1010,1,0.999
1803,0.48,8,0.28947368421052627,0.9093013893612039,0,11,2628,1118,1,0.999
1804,0.52,5,0.3947368421052632,0.9718668134577912,0,4,665,1318,3085,0.047
1805,0.52,6,0.3947368421052632,0.9480805431590487,0,5,4956,3393,1584,0.969
1806,0.52,4,0.3947368421052632,1.0,0,2,4831,1551,4526,0.439
1807,0.52,6,0.3947368421052632,0.9480805431590487,0,5,800,3159,847,0.514
1808,0.52,4,0.3947368421052632,1.0,0,2,1394,300,3284,0.156
1809,0.52,5,0.3947368421052632,0.9718668134577912,0,4,1927,4026,4360,0.085
1810,0.53,37,0.42105263157894746,0.6870459314868056,0,23,257,1893,1807,0.693
1811,0.52,5,0.3947368421052632,0.9718668134577912,0,4,4115,2778,2824,0.258
1812,0.52,4,0.3947368421052632,1.0,0,2,3975,443,1269,0.009
1813,0.55,8,0.47368421052631593,0.9093013893612039,0,4,406,4853,2737,0.944
1814,0.52,6,0.3947368421052632,0.9480805431590487,0,5,2412,1690,300,0.335
1815,0.52,5,0.3947368421052632,0.9718668134577912,0,4,3219,3601,3822,0.649
1816,0.52,5,0.3947368421052632,0.9718668134577912,0,4,2524,2364,3527,0.578
1817,0.54,16,0.4473684210526317,0.811164937876734,0,13,1846,2966,2354,0.405
1818,0.52,5,0.3947368421052632,0.9718668134577912,0,4,1159,1053,1080,0.942
1819,0.52,5,0.3947368421052632,0.9718668134577912,0,4,4472,4282,4917,0.012
1820,0.52,4,0.3947368421052632,1.0,0,2,4461,1039,2529,0.718
1821,0.52,7,0.3947368421052632,0.9274759386130701,0,6,1170,4296,1515,0.295
1822,0.52,5,0.3947368421052632,0.9718668134577912,0,4,2731,3043,43,0.11
1823,0.52,5,0.3947368421052632,0.9718668134577912,0,4,3402,1770,2287,0.181
1824,0.52,6,0.3947368421052632,0.9480805431590487,0,5,2219,3522,3631,0.866
1825,0.52,5,0.3947368421052632,0.9718668134577912,0,4,590,522,1146,0.476
1826,0.52,5,0.3947368421052632,0.9718668134577912,0,4,3781,4774,4811,0.54
1827,0.52,8,0.3947368421052632,0.9093013893612039,0,7,4225,2129,747,0.789
1828,0.52,4,0.3947368421052632,1.0,0,2,156,2542,4586,0.225
1829,0.52,4,0.3947368421052632,1.0,0,2,2037,876,2061,0.615
1830,0.52,11,0.3947368421052632,0.8649105145164827,0,10,3594,3790,3232,0.43
1831,0.52,4,0.3947368421052632,1.0,0,2,2853,66,4108,0.361
1832,0.53,7,0.42105263157894746,0.9274759386130701,0,5,790,1557,1594,0.223
1833,0.52,5,0.3947368421052632,0.9718668134577912,0,4,676,3389,4515,0.691
1834,0.52,6,0.3947368421052632,0.9480805431590487,0,5,1509,70,1961,0.083
1835,0.52,8,0.3947368421052632,0.9093013893612039,0,7,2862,4636,3293,0.9
1836,0.52,5,0.3947368421052632,0.9718668134577912,0,4,3583,860,4370,0.831
1837,0.52,5,0.3947368421052632,0.9718668134577912,0,4,2047,3807,377,0.154
1838,0.52,6,0.3947368421052632,0.9480805431590487,0,5,599,4780,1258,0.761
1839,0.53,7,0.42105263157894746,0.9274759386130701,0,5,3412,3528,310,0.58
1840,0.52,5,0.3947368421052632,0.9718668134577912,0,4,1031,2207,4297,0.047
1841,0.52,6,0.3947368421052632,0.9480805431590487,0,5,4599,3090,450,0.998
1842,0.52,5,0.3947368421052632,0.9718668134577912,0,4,4649,1132,1505,0.542
1843,0.52,6,0.3947368421052632,0.9480805431590487,0,5,1837,2381,54,0.864
1844,0.52,5,0.3947368421052632,0.9718668134577912,0,4,3209,1687,3622,0.112
1845,0.52,4,0.3947368421052632,1.0,0,2,397,439,4822,0.293
1846,0.56,79,0.5000000000000001,0.5721748042347659,0,22,3984,4857,1137,0.72
1847,0.52,6,0.3947368421052632,0.9480805431590487,0,5,266,2791,757,0.045
1848,0.52,6,0.3947368421052632,0.9480805431590487,0,5,3704,4039,2052,0.363
1849,0.52,5,0.3947368421052632,0.9718668134577912,0,4,781,208,3695,0.766
1850,0.52,6,0.3947368421052632,0.9480805431590487,0,5,4849,4463,2224,0.218
1851,0.52,5,0.3947368421052632,0.9718668134577912,0,4,881,4540,227,0.298
1852,0.52,4,0.3947368421052632,1.0,0,2,1302,1380,2673,0.907
1853,0.52,8,0.3947368421052632,0.9093013893612039,0,7,3069,3287,1331,0.109
1854,0.52,7,0.3947368421052632,0.9274759386130701,0,6,3613,2053,997,0.162
1855,0.52,4,0.3947368421052632,1.0,0,2,2019,2653,5000,0.851
1856,0.52,4,0.3947368421052632,1.0,0,2,174,806,2436,0.492
1857,0.51,45,0.368421052631579,0.6575650916441229,0,25,337,3470,3376,0.243
1858,0.52,18,0.3947368421052632,0.7940022304281141,0,17,3149,4718,4441,0.413
1859,0.51,6,0.368421052631579,0.9480805431590487,0,6,2594,955,2896,0.357
1860,0.52,4,0.3947368421052632,1.0,0,2,4407,2440,3159,0.467
1861,0.44,15,0.1842105263157895,0.8205196396717616,0,17,1214,2856,2135,0.516
1862,0.52,4,0.3947368421052632,1.0,0,2,1594,1188,4650,0.125
1863,0.54,11,0.4473684210526317,0.8649105145164827,0,8,3203,1235,719,0.664
1864,0.52,6,0.3947368421052632,0.9480805431590487,0,5,2274,4954,2992,0.071
1865,0.54,7,0.4473684210526317,0.9274759386130701,0,4,544,1630,516,0.712
1866,0.52,5,0.3947368421052632,0.9718668134577912,0,4,3837,3706,4192,0.272
1867,0.52,7,0.3947368421052632,0.9274759386130701,0,6,4331,727,137,0.022
1868,0.55,113,0.47368421052631593,0.5175242084489096,0,24,40,3984,3947,0.961
1869,0.52,4,0.3947368421052632,1.0,0,2,2968,1456,4739,0.577
1870,0.52,6,0.3947368421052632,0.9480805431590487,0,5,1413,3210,1219,0.376
1871,0.52,4,0.3947368421052632,1.0,0,2,934,758,3989,0.56
1872,0.52,5,0.3947368421052632,0.9718668134577912,0,4,4696,3908,16,0.484
1873,0.52,5,0.3947368421052632,0.9718668134577912,0,4,4893,837,3565,0.953
1874,0.54,9,0.4473684210526317,0.8930437010586914,0,6,728,3829,2394,0.03
1875,0.55,11,0.47368421052631593,0.8649105145164827,0,7,2915,2582,1040,0.313
1876,0.52,10,0.3947368421052632,0.87833683306701,0,9,2178,3353,2792,0.569
1877,0.52,10,0.3947368421052632,0.87833683306701,0,9,4365,4601,3777,0.774
1878,0.52,4,0.3947368421052632,1.0,0,2,2318,1001,1847,0.818
1879,0.55,9,0.47368421052631593,0.8930437010586914,0,5,3304,4334,2861,0.134
1880,0.52,5,0.3947368421052632,0.9718668134577912,0,4,2753,561,4480,0.064
1881,0.52,5,0.3947368421052632,0.9718668134577912,0,4,1628,4735,815,0.889
1882,0.52,4,0.3947368421052632,1.0,0,2,1006,500,1375,0.729
1883,0.53,10,0.42105263157894746,0.87833683306701,0,8,4625,4831,2709,0.285
1884,0.52,5,0.3947368421052632,0.9718668134577912,0,4,4565,1574,4076,0.236
1885,0.52,4,0.3947368421052632,1.0,0,2,3368,2388,3915,0.341
1886,0.51,14,0.368421052631579,0.830478276962104,0,14,391,2481,2099,0.989
1887,0.52,4,0.3947368421052632,1.0,0,2,3990,2849,3272,0.055
1888,0.52,4,0.3947368421052632,1.0,0,2,4173,182,2342,0.306
1889,0.54,15,0.4473684210526317,0.8205196396717616,0,12,1985,1434,1100,0.101
1890,0.52,5,0.3947368421052632,0.9718668134577912,0,4,3637,3276,4779,0.914
1891,0.52,4,0.3947368421052632,1.0,0,2,3123,2010,2569,0.843
1892,0.56,11,0.5000000000000001,0.8649105145164827,0,6,1258,2661,1552,0.17
1893,0.54,8,0.4473684210526317,0.9093013893612039,0,5,631,1951,636,0.448
1894,0.52,4,0.3947368421052632,1.0,0,2,5000,2755,4619,0.505
1895,0.52,11,0.3947368421052632,0.8649105145164827,0,10,4788,2184,1774,0.037
1896,0.52,5,0.3947368421052632,0.9718668134577912,0,4,833,2522,2934,0.979
1897,0.53,10,0.42105263157894746,0.87833683306701,0,8,1350,936,420,0.37
1898,0.52,6,0.3947368421052632,0.9480805431590487,0,5,1893,4663,1922,0.424
1899,0.52,6,0.3947368421052632,0.9480805431590487,0,5,4081,3411,898,0.231
1900,0.52,4,0.3947368421052632,1.0,0,2,3931,1056,4953,0.481
1901,0.52,4,0.3947368421052632,1.0,0,2,2368,2309,3481,0.175
1902,0.56,15,0.5000000000000001,0.8205196396717616,0,9,3253,2988,2477,0.872
1903,0.52,6,0.3947368421052632,0.9480805431590487,0,5,2568,1751,194,0.926
1904,0.52,5,0.3947368421052632,0.9718668134577912,0,4,1813,3584,3850,0.119
1905,0.52,93,0.3947368421052632,0.547290270779594,0,28,1097,2041,2317,0.832
1906,0.52,6,0.3947368421052632,0.9480805431590487,0,5,4524,2630,3641,0.152
1907,0.52,24,0.3947368421052632,0.7516551645630042,0,21,1125,4908,4706,0.197
1908,0.52,6,0.3947368421052632,0.9480805431590487,0,5,2688,3661,3737,0.394
1909,0.55,11,0.47368421052631593,0.8649105145164827,0,7,2554,3957,2805,0.043
1910,0.52,7,0.3947368421052632,0.9274759386130701,0,6,2263,2909,89,0.643
1911,0.52,4,0.3947368421052632,1.0,0,2,555,1135,2652,0.003
1912,0.52,6,0.3947368421052632,0.9480805431590487,0,5,3826,4157,1469,0.95
1913,0.52,7,0.3947368421052632,0.9274759386130701,0,6,113,3175,1712,0.252
1914,0.52,4,0.3947368421052632,1.0,0,2,2072,244,4159,0.892
1915,0.52,6,0.3947368421052632,0.9480805431590487,0,5,3549,4427,471,0.09
1916,0.52,4,0.3947368421052632,1.0,0,2,2818,703,2172,0.146
1917,0.52,11,0.3947368421052632,0.8649105145164827,0,10,4779,4941,4311,0.931
1918,0.52,9,0.3947368421052632,0.8930437010586914,0,8,664,4705,3262,0.582
1919,0.53,11,0.42105263157894746,0.8649105145164827,0,9,1530,1838,738,0.192
1920,0.52,5,0.3947368421052632,0.9718668134577912,0,4,3095,4802,118,0.249
1921,0.52,4,0.3947368421052632,1.0,0,2,3516,2219,3095,0.94
1922,0.52,5,0.3947368421052632,0.9718668134577912,0,4,80,971,4100,0.653
1923,0.52,5,0.3947368421052632,0.9718668134577912,0,4,3798,1406,4010,0.081
1924,0.52,6,0.3947368421052632,0.9480805431590487,0,5,3396,4552,1525,0.689
1925,0.52,4,0.3947368421052632,1.0,0,2,2660,788,1117,0.51
1926,0.52,6,0.3947368421052632,0.9480805431590487,0,5,1720,2571,497,0.547
1927,0.52,4,0.3947368421052632,1.0,0,2,1089,887,3012,0.156
1928,0.56,10,0.5000000000000001,0.87833683306701,0,5,4532,3823,1697,0.857
1929,0.52,6,0.3947368421052632,0.9480805431590487,0,5,4639,1962,251,0.682
1930,0.52,5,0.3947368421052632,0.9718668134577912,0,4,993,2710,3753,0.365
1931,0.52,4,0.3947368421052632,1.0,0,2,1826,709,1316,0.973
1932,0.52,5,0.3947368421052632,0.9718668134577912,0,4,3266,231,4858,0.221
1933,0.52,5,0.3947368421052632,0.9718668134577912,0,4,454,1483,3575,0.434
1934,0.52,10,0.3947368421052632,0.87833683306701,0,9,3917,3228,2421,0.611
1935,0.52,5,0.3947368421052632,0.9718668134577912,0,4,4090,1204,3352,0.862
1936,0.53,7,0.42105263157894746,0.9274759386130701,0,5,292,4131,2020,0.185
1937,0.52,7,0.3947368421052632,0.9274759386130701,0,6,3729,2878,798,0.472
1938,0.54,10,0.4473684210526317,0.87833683306701,0,7,1470,4880,2495,0.267
1939,0.52,5,0.3947368421052632,0.9718668134577912,0,4,714,1704,4941,0.876
1940,0.52,6,0.3947368421052632,0.9480805431590487,0,5,4907,3631,938,0.078
1941,0.52,7,0.3947368421052632,0.9274759386130701,0,6,906,3554,1451,0.407
1942,0.52,6,0.3947368421052632,0.9480805431590487,0,5,2935,4252,2284,0.453
1943,0.52,4,0.3947368421052632,1.0,0,2,3665,1027,2244,0.053
1944,0.52,11,0.3947368421052632,0.8649105145164827,0,10,1957,4265,3715,0.992
1945,0.44,9,0.1842105263157895,0.8930437010586914,0,13,226,2279,1200,0.351
1946,0.52,5,0.3947368421052632,0.9718668134577912,0,4,358,4614,4630,0.103
1947,0.52,5,0.3947368421052632,0.9718668134577912,0,4,2461,1305,2155,0.743
1948,0.52,23,0.3947368421052632,0.7579542155751742,0,20,3170,3362,3179,0.304
1949,0.52,4,0.3947368421052632,1.0,0,2,2651,2135,4173,0.498
1950,0.52,4,0.3947368421052632,1.0,0,2,4432,654,4383,0.326
1951,0.53,8,0.42105263157894746,0.9093013893612039,0,6,1198,4056,871,0.625
1952,0.52,5,0.3947368421052632,0.9718668134577912,0,4,1620,1901,3435,0.016
1953,0.52,6,0.3947368421052632,0.9480805431590487,0,5,2607,3201,356,0.735
1954,0.52,8,0.3947368421052632,0.9093013893612039,0,7,3295,1540,391,0.773
1955,0.52,5,0.3947368421052632,0.9718668134577912,0,4,2327,3126,4238,0.212
1956,0.52,5,0.3947368421052632,0.9718668134577912,0,4,481,293,1792,0.572
1957,0.52,8,0.3947368421052632,0.9093013893612039,0,7,3889,4379,2955,0.382
1958,0.52,6,0.3947368421052632,0.9480805431590487,0,5,1311,4173,287,0.061
1959,0.52,7,0.3947368421052632,0.9274759386130701,0,6,748,3001,1159,0.139
1960,0.52,4,0.3947368421052632,1.0,0,2,1446,1083,3596,0.529
1961,0.53,15,0.42105263157894746,0.8205196396717616,0,13,73,1735,1493,0.07
1962,0.52,8,0.3947368421052632,0.9093013893612039,0,7,4298,3557,2511,0.883
1963,0.52,10,0.3947368421052632,0.87833683306701,0,9,516,3757,3049,0.319
1964,0.52,6,0.3947368421052632,0.9480805431590487,0,5,2302,2162,612,0.958
1965,0.52,5,0.3947368421052632,0.9718668134577912,0,4,3329,2510,4134,0.024
1966,0.52,4,0.3947368421052632,1.0,0,2,2806,1274,3214,0.204
1967,0.52,7,0.3947368421052632,0.9274759386130701,0,6,1870,4588,2594,0.228
1968,0.52,6,0.3947368421052632,0.9480805431590487,0,5,939,1330,147,0.619
1969,0.52,4,0.3947368421052632,1.0,0,2,4682,3336,3974,0.426
1970,0.52,4,0.3947368421052632,1.0,0,2,4586,256,2842,0.096
1971,0.52,5,0.3947368421052632,0.9718668134577912,0,4,1774,1509,4352,0.312
1972,0.52,4,0.3947368421052632,1.0,0,2,3420,774,2690,0.45
1973,0.52,4,0.3947368421052632,1.0,0,2,3136,1928,1975,0.554
1974,0.52,4,0.3947368421052632,1.0,0,2,324,677,834,0.849
1975,0.52,5,0.3947368421052632,0.9718668134577912,0,4,4047,3990,4500,0.165
1976,0.52,8,0.3947368421052632,0.9093013893612039,0,7,4198,1658,1060,0.416
1977,0.52,4,0.3947368421052632,1.0,0,2,2010,410,2375,0.242
1978,0.52,4,0.3947368421052632,1.0,0,2,3061,1162,3797,0.984
1979,0.52,6,0.3947368421052632,0.9480805431590487,0,5,1495,2827,4416,0.948
1980,0.54,11,0.4473684210526317,0.8649105145164827,0,8,1375,2236,1654,0.479
1981,0.52,4,0.3947368421052632,1.0,0,2,238,584,3140,0.923
1982,0.52,9,0.3947368421052632,0.8930437010586914,0,8,4134,4747,2114,0.121
1983,0.52,4,0.3947368421052632,1.0,0,2,3951,2102,3679,0.372
1984,0.56,15,0.5000000000000001,0.8205196396717616,0,9,430,2603,2201,0.675
1985,0.52,4,0.3947368421052632,1.0,0,2,2389,854,4764,0.034
1986,0.52,6,0.3947368421052632,0.9480805431590487,0,5,3242,3857,1232,0.981
1987,0.52,4,0.3947368421052632,1.0,0,2,2501,83,1411,0.785
1988,0.52,5,0.3947368421052632,0.9718668134577912,0,4,4480,1407,2458,0.895
1989,0.52,5,0.3947368421052632,0.9718668134577912,0,4,1151,3260,3462,0.088
1990,0.52,4,0.3947368421052632,1.0,0,2,1667,160,986,0.698
1991,0.52,5,0.3947368421052632,0.9718668134577912,0,4,2714,4511,4972,0.254
1992,0.52,7,0.3947368421052632,0.9274759386130701,0,6,2200,3936,1355,0.503
1993,0.52,4,0.3947368421052632,1.0,0,2,608,2023,3870,0.144
1994,0.52,6,0.3947368421052632,0.9480805431590487,0,5,3764,2683,214,0.841
1995,0.52,4,0.3947368421052632,1.0,0,2,4248,348,4269,0.59
1996,0.52,5,0.3947368421052632,0.9718668134577912,0,4,134,4982,440,0.393
1997,0.52,16,0.3947368421052632,0.811164937876734,0,15,2061,1600,2915,0.752
1998,0.52,6,0.3947368421052632,0.9480805431590487,0,5,3570,3736,1754,0.2
1999,0.52,7,0.3947368421052632,0.9274759386130701,0,6,2875,2470,917,0.005
2000,0.52,5,0.3947368421052632,0.9718668134577912,0,4,4990,2503,5000,0.115
2001,0.52,4,0.3947368421052632,1.0,0,2,353,744,1644,0.496
2002,0.52,10,0.3947368421052632,0.87833683306701,0,9,2642,2299,1616,0.0
2003,0.52,4,0.3947368421052632,1.0,0,2,4326,1280,1951,0.0
2004,0.52,6,0.3947368421052632,0.9480805431590487,0,5,3587,3739,1,0.0
2005,0.52,6,0.3947368421052632,0.9480805431590487,0,5,1664,1679,1,0.0
2006,0.52,5,0.3947368421052632,0.9718668134577912,0,4,5000,3236,3797,0.024
2007,0.52,5,0.3947368421052632,0.9718668134577912,0,4,5000,3425,1,0.0
2008,0.52,6,0.3947368421052632,0.9480805431590487,0,5,3614,2614,1176,0.0
2009,0.52,5,0.3947368421052632,0.9718668134577912,0,4,2051,3240,1,0.0
2010,0.52,4,0.3947368421052632,1.0,0,2,177,90,3536,0.931
2011,0.52,5,0.3947368421052632,0.9718668134577912,0,4,4759,388,2919,0.0
2012,0.52,5,0.3947368421052632,0.9718668134577912,0,4,3255,214,1899,0.0
2013,0.52,4,0.3947368421052632,1.0,0,2,4991,2618,5000,0.584
2014,0.52,5,0.3947368421052632,0.9718668134577912,0,4,3601,2542,1,0.089
2015,0.52,6,0.3947368421052632,0.9480805431590487,0,5,766,2919,1,0.0
2016,0.52,6,0.3947368421052632,0.9480805431590487,0,5,3398,728,1,0.999
2017,0.52,10,0.3947368421052632,0.87833683306701,0,9,5000,2209,1706,0.0
2018,0.52,4,0.3947368421052632,1.0,0,2,3509,2103,2576,0.0
2019,0.52,6,0.3947368421052632,0.9480805431590487,0,5,3524,5000,1319,0.0
2020,0.52,4,0.3947368421052632,1.0,0,2,812,240,4026,0.0
2021,0.52,5,0.3947368421052632,0.9718668134577912,0,4,1,4084,1,0.0
2022,0.52,5,0.3947368421052632,0.9718668134577912,0,4,4666,5000,5000,0.999
2023,0.52,6,0.3947368421052632,0.9480805431590487,0,5,3140,5000,1,0.999
2024,0.52,5,0.3947368421052632,0.9718668134577912,0,4,5000,3988,5000,0.0
2025,0.52,5,0.3947368421052632,0.9718668134577912,0,4,3616,5000,5000,0.0
2026,0.52,5,0.3947368421052632,0.9718668134577912,0,4,5000,4133,1,0.0
2027,0.56,117,0.5000000000000001,0.5122028079431311,0,23,1,1237,1221,0.0
2028,0.53,14,0.42105263157894746,0.830478276962104,0,12,5000,5000,4354,0.0
2029,0.52,4,0.3947368421052632,1.0,0,2,3829,1664,4075,0.0
2030,0.53,12,0.42105263157894746,0.8525594987292056,0,10,3389,4250,3337,0.815
2031,0.52,4,0.3947368421052632,1.0,0,2,2240,1399,1894,0.256
2032,0.52,5,0.3947368421052632,0.9718668134577912,0,4,595,3576,4989,0.682
2033,0.52,5,0.3947368421052632,0.9718668134577912,0,4,3777,803,1043,0.249
2034,0.52,5,0.3947368421052632,0.9718668134577912,0,4,4365,4384,4592,0.326
2035,0.54,19,0.4473684210526317,0.7860874021173829,0,15,840,28,1,0.999
2036,0.54,10,0.4473684210526317,0.87833683306701,0,7,4273,2256,521,0.005
2037,0.52,9,0.3947368421052632,0.8930437010586914,0,8,1463,3343,2412,0.85
2038,0.52,5,0.3947368421052632,0.9718668134577912,0,4,2929,1039,3464,0.283
2039,0.56,7,0.5000000000000001,0.9274759386130701,0,2,3164,1419,31,0.004
